Date,SYMBOL,SERIES,DATE1,PREV_CLOSE,OPEN_PRICE,HIGH_PRICE,LOW_PRICE,LAST_PRICE,CLOSE_PRICE,AVG_PRICE,TTL_TRD_QNTY,TURNOVER_LACS,NO_OF_TRADES,DELIV_QTY,DELIV_PER
2019-08-23,ASTRAL, EQ, 23-Aug-2019,1239.3,1231.1,1248.8,1229.3,1239.0,1236.25,1235.77,24568,303.6,2819,15442,62.85
2019-10-01,ASTRAL, EQ, 01-Oct-2019,1147.85,1159.35,1159.35,1111.1,1145.0,1146.3,1132.94,202752,2297.06,8496,157957,77.91
2019-10-03,ASTRAL, EQ, 03-Oct-2019,1146.3,1144.85,1182.0,1131.15,1156.9,1154.4,1166.27,54929,640.62,7815,28729,52.3
2019-10-04,ASTRAL, EQ, 04-Oct-2019,1154.4,1164.95,1179.75,1151.05,1175.0,1174.85,1174.32,49995,587.1,4275,31224,62.45
2019-10-07,ASTRAL, EQ, 07-Oct-2019,1174.85,1180.0,1199.0,1163.05,1196.9,1189.9,1190.18,60754,723.08,4375,28533,46.96
2019-10-09,ASTRAL, EQ, 09-Oct-2019,1189.9,1196.9,1199.85,1173.95,1192.0,1190.5,1190.16,120989,1439.96,4155,108266,89.48
2019-10-10,ASTRAL, EQ, 10-Oct-2019,1190.5,1198.0,1198.25,1153.0,1164.0,1163.4,1164.74,60454,704.13,3611,42471,70.25
2019-10-11,ASTRAL, EQ, 11-Oct-2019,1163.4,1160.4,1185.6,1151.3,1179.0,1175.55,1178.32,30505,359.45,2529,20551,67.37
2019-10-14,ASTRAL, EQ, 14-Oct-2019,1175.55,1188.6,1189.2,1160.0,1165.0,1164.5,1166.67,68737,801.93,4563,62460,90.87
2019-10-15,ASTRAL, EQ, 15-Oct-2019,1164.5,1164.1,1179.95,1150.5,1169.9,1169.55,1169.06,62938,735.78,5235,39154,62.21
2019-10-16,ASTRAL, EQ, 16-Oct-2019,1169.55,1178.95,1178.95,1155.1,1158.0,1159.0,1171.64,45369,531.56,3477,34895,76.91
2019-10-17,ASTRAL, EQ, 17-Oct-2019,1159.0,1158.0,1177.0,1158.0,1173.7,1172.7,1172.62,52716,618.16,2078,46090,87.43
2019-10-18,ASTRAL, EQ, 18-Oct-2019,1172.7,1180.0,1180.0,1156.45,1166.1,1165.1,1163.72,384853,4478.61,2549,371048,96.41
2019-10-22,ASTRAL, EQ, 22-Oct-2019,1165.1,1171.5,1208.0,1136.0,1139.0,1140.35,1161.45,109413,1270.78,9269,80520,73.59
2019-10-23,ASTRAL, EQ, 23-Oct-2019,1140.35,1141.0,1155.0,1130.0,1135.0,1135.55,1136.14,583296,6627.05,4332,542555,93.02
2019-10-24,ASTRAL, EQ, 24-Oct-2019,1135.55,1145.8,1145.8,1130.1,1131.0,1134.4,1137.13,164064,1865.63,4615,140145,85.42
2019-10-25,ASTRAL, EQ, 25-Oct-2019,1134.4,1175.0,1185.0,1120.0,1124.0,1123.8,1141.15,243013,2773.14,6559,175113,72.06
2019-10-27,ASTRAL, EQ, 27-Oct-2019,1123.8,1145.0,1145.0,1133.2,1138.45,1138.35,1138.36,9629,109.61,904,7918,82.23
2019-10-29,ASTRAL, EQ, 29-Oct-2019,1138.35,1150.0,1150.0,1120.4,1123.0,1123.05,1131.5,268199,3034.67,4641,239579,89.33
2019-10-30,ASTRAL, EQ, 30-Oct-2019,1123.05,1134.9,1140.0,1106.0,1109.0,1113.55,1124.33,98398,1106.32,5136,74481,75.69
2019-10-31,ASTRAL, EQ, 31-Oct-2019,1113.55,1124.0,1130.9,1110.0,1116.9,1116.95,1124.3,112859,1268.87,9695,87542,77.57
2019-11-01,ASTRAL, EQ, 01-Nov-2019,1116.95,1133.0,1133.0,1112.0,1114.8,1116.6,1123.8,80249,901.83,3979,49489,61.67
2019-11-04,ASTRAL, EQ, 04-Nov-2019,1116.6,1111.1,1128.0,1031.0,1088.2,1089.5,1094.76,160356,1755.51,9030,126145,78.67
2019-11-05,ASTRAL, EQ, 05-Nov-2019,1089.5,1088.9,1097.95,1055.1,1059.9,1059.95,1071.89,306566,3286.05,15837,233488,76.16
2019-11-06,ASTRAL, EQ, 06-Nov-2019,1059.95,1065.0,1071.0,1042.15,1050.0,1049.95,1062.32,131730,1399.39,12208,77740,59.01
2019-11-07,ASTRAL, EQ, 07-Nov-2019,1049.95,1056.7,1109.0,1052.5,1090.0,1090.45,1078.12,259535,2798.09,21643,167186,64.42
2019-11-08,ASTRAL, EQ, 08-Nov-2019,1090.45,1097.0,1115.25,1091.1,1093.0,1103.95,1102.46,559316,6166.22,12975,488081,87.26
2019-11-11,ASTRAL, EQ, 11-Nov-2019,1103.95,1090.05,1125.0,1090.05,1105.0,1104.85,1117.15,213826,2388.75,8155,187110,87.51
2019-11-13,ASTRAL, EQ, 13-Nov-2019,1104.85,1109.9,1111.25,1074.0,1085.0,1082.05,1082.49,136480,1477.38,9312,109301,80.09
2019-11-14,ASTRAL, EQ, 14-Nov-2019,1082.05,1085.0,1102.4,1067.0,1081.5,1085.55,1082.37,123757,1339.51,8981,91946,74.3
2019-11-15,ASTRAL, EQ, 15-Nov-2019,1085.55,1082.0,1097.55,1082.0,1090.0,1087.5,1088.36,74733,813.36,2528,63830,85.41
2019-11-18,ASTRAL, EQ, 18-Nov-2019,1087.5,1087.5,1094.0,1067.0,1068.9,1072.9,1077.4,164573,1773.11,4647,149677,90.95
2019-11-19,ASTRAL, EQ, 19-Nov-2019,1072.9,1072.9,1088.0,1051.6,1070.0,1071.05,1072.41,93862,1006.58,3887, 67690, 72.12
2019-11-20,ASTRAL, EQ, 20-Nov-2019,1071.05,1085.0,1086.95,1065.7,1080.1,1084.3,1081.27,84108,909.43,6019, 64824, 77.07
2019-11-21,ASTRAL, EQ, 21-Nov-2019,1084.3,1087.0,1087.0,1060.0,1063.9,1063.05,1071.25,45087,483.0,3571,30358,67.33
2019-11-22,ASTRAL, EQ, 22-Nov-2019,1063.05,1065.1,1088.8,1043.05,1085.3,1084.65,1071.91,65253,699.45,4363,48499,74.32
2019-11-25,ASTRAL, EQ, 25-Nov-2019,1084.65,1081.0,1100.05,1076.35,1099.0,1099.05,1098.82,128726,1414.47,3200,115684,89.87
2019-11-26,ASTRAL, EQ, 26-Nov-2019,1099.05,1099.05,1106.6,1066.1,1074.05,1084.9,1094.23,550681,6025.73,6050, 483358, 87.77
2019-11-27,ASTRAL, EQ, 27-Nov-2019,1084.9,1080.0,1097.0,1063.05,1083.8,1090.05,1087.57,80110,871.25,1745,68094,85.0
2019-11-28,ASTRAL, EQ, 28-Nov-2019,1090.05,1088.9,1164.0,1081.3,1134.0,1134.95,1126.43,89485,1007.98,6897,52455,58.62
2019-11-29,ASTRAL, EQ, 29-Nov-2019,1134.95,1139.0,1148.0,1111.0,1132.95,1133.95,1132.3,243025,2751.77,6982,199627,82.14
2019-12-02,ASTRAL, EQ, 02-Dec-2019,1133.95,1124.1,1136.1,1100.0,1109.0,1107.7,1129.53,648748,7327.83,6170, 628037, 96.81
2019-12-03,ASTRAL, EQ, 03-Dec-2019,1107.7,1110.0,1135.5,1105.6,1125.0,1129.6,1118.55,557276,6233.41,3316,539326,96.78
2019-12-04,ASTRAL, EQ, 04-Dec-2019,1129.6,1125.0,1177.0,1124.5,1169.0,1169.9,1164.85,212095,2470.6,11571,123687,58.32
2019-12-05,ASTRAL, EQ, 05-Dec-2019,1169.9,1176.65,1200.0,1146.3,1195.0,1197.45,1187.79,284907,3384.11,17188,178756,62.74
2019-12-06,ASTRAL, EQ, 06-Dec-2019,1197.45,1204.0,1204.0,1147.0,1149.7,1151.75,1175.45,172121,2023.2,14659,130688,75.93
2019-12-09,ASTRAL, EQ, 09-Dec-2019,1151.75,1152.35,1165.35,1135.85,1160.3,1157.5,1153.43,50655,584.27,6567,32056,63.28
2019-12-10,ASTRAL, EQ, 10-Dec-2019,1157.5,1164.55,1178.0,1140.0,1148.3,1157.75,1156.12,23394,270.46,1971,11815,50.5
2019-12-11,ASTRAL, EQ, 11-Dec-2019,1157.75,1160.0,1188.35,1154.6,1173.0,1179.8,1177.86,110376,1300.07,11851,61769,55.96
2019-12-12,ASTRAL, EQ, 12-Dec-2019,1179.8,1170.25,1185.0,1152.2,1166.85,1165.75,1165.29,40940,477.07,2992,25791,63.0
2019-12-13,ASTRAL, EQ, 13-Dec-2019,1165.75,1174.9,1177.55,1152.2,1168.5,1168.8,1168.3,66458,776.43,5241,55078,82.88
2019-12-16,ASTRAL, EQ, 16-Dec-2019,1168.8,1161.0,1177.7,1132.8,1141.0,1141.9,1150.01,45459,522.78,5221,32956,72.5
2019-12-17,ASTRAL, EQ, 17-Dec-2019,1141.9,1148.7,1155.0,1130.05,1140.1,1145.3,1144.06,121727,1392.63,4734,102971,84.59
2019-12-18,ASTRAL, EQ, 18-Dec-2019,1145.3,1148.0,1150.0,1123.0,1125.3,1130.85,1136.5,25217,286.59,3482,12983,51.49
2019-12-19,ASTRAL, EQ, 19-Dec-2019,1130.85,1133.35,1148.0,1124.1,1145.0,1141.85,1133.94,34094,386.61,2230,23251,68.2
2019-12-20,ASTRAL, EQ, 20-Dec-2019,1141.85,1145.0,1155.0,1127.1,1133.6,1135.85,1143.29,38591,441.21,2479,26703,69.19
2019-12-23,ASTRAL, EQ, 23-Dec-2019,1135.85,1135.0,1144.95,1129.95,1131.5,1135.6,1133.16,36717,416.06,2676,31846,86.73
2019-12-24,ASTRAL, EQ, 24-Dec-2019,1135.6,1134.75,1158.0,1122.0,1139.0,1141.4,1134.96,26003,295.12,2307,15347,59.02
2019-12-26,ASTRAL, EQ, 26-Dec-2019,1141.4,1145.3,1165.05,1135.0,1155.0,1149.8,1149.24,41393,475.7,4940,24238,58.56
2019-12-27,ASTRAL, EQ, 27-Dec-2019,1149.8,1157.95,1172.0,1137.8,1163.0,1164.35,1154.76,31479,363.51,2758,19006,60.38
2019-12-30,ASTRAL, EQ, 30-Dec-2019,1164.35,1170.0,1175.0,1152.1,1170.0,1169.9,1164.37,51749,602.55,4432,34604,66.87
2019-12-31,ASTRAL, EQ, 31-Dec-2019,1169.9,1168.5,1199.0,1138.95,1179.0,1176.9,1168.02,115641,1350.71,12650,75636,65.41
2020-01-01,ASTRAL, EQ, 01-Jan-2020,1176.9,1175.5,1178.5,1156.0,1165.0,1166.85,1168.28,12034,140.59,1092,4633,38.5
2020-01-02,ASTRAL, EQ, 02-Jan-2020,1166.85,1161.1,1178.95,1152.55,1157.0,1158.45,1160.45,34737,403.11,4165,17952,51.68
2020-01-03,ASTRAL, EQ, 03-Jan-2020,1158.45,1160.0,1170.3,1145.0,1147.0,1149.1,1151.05,38292,440.76,6314,24240,63.3
2020-01-06,ASTRAL, EQ, 06-Jan-2020,1149.1,1149.1,1150.0,1130.0,1148.0,1145.25,1141.23,50109,571.86,4524,29741,59.35
2020-01-07,ASTRAL, EQ, 07-Jan-2020,1145.25,1155.0,1160.0,1141.05,1143.0,1146.9,1150.07,67712,778.73,4544,49916,73.72
2020-01-08,ASTRAL, EQ, 08-Jan-2020,1146.9,1140.0,1154.7,1135.0,1136.5,1139.7,1143.28,28587,326.83,4711,13507,47.25
2020-01-09,ASTRAL, EQ, 09-Jan-2020,1139.7,1143.8,1151.1,1125.0,1127.0,1128.45,1135.72,165174,1875.92,7480,126958,76.86
2020-01-10,ASTRAL, EQ, 10-Jan-2020,1128.45,1135.1,1139.0,1116.15,1126.0,1127.15,1131.51,54173,612.97,2647,28693,52.97
2020-01-13,ASTRAL, EQ, 13-Jan-2020,1127.15,1134.8,1134.9,1107.1,1120.0,1121.05,1118.36,72305,808.63,11719,43259,59.83
2020-01-14,ASTRAL, EQ, 14-Jan-2020,1121.05,1127.2,1137.9,1115.0,1134.0,1126.55,1121.11,59501,667.07,4025,46227,77.69
2020-01-15,ASTRAL, EQ, 15-Jan-2020,1126.55,1135.0,1140.2,1125.0,1128.0,1134.1,1131.16,72457,819.6,4348,58087,80.17
2020-01-16,ASTRAL, EQ, 16-Jan-2020,1134.1,1135.3,1138.0,1111.0,1115.0,1129.1,1127.33,123179,1388.63,7597,80202,65.11
2020-01-17,ASTRAL, EQ, 17-Jan-2020,1129.1,1120.0,1126.35,1110.2,1112.0,1119.3,1117.35,218220,2438.28,5510, 183975, 84.31
2020-01-20,ASTRAL, EQ, 20-Jan-2020,1119.3,1127.9,1127.9,1100.0,1103.0,1102.3,1109.42,88331,979.96,5874,67963,76.94
2020-01-21,ASTRAL, EQ, 21-Jan-2020,1102.3,1108.95,1109.3,1082.6,1093.0,1094.3,1095.81,115530,1265.99,9910,91359,79.08
2020-01-22,ASTRAL, EQ, 22-Jan-2020,1094.3,1100.0,1105.95,1076.05,1099.6,1088.0,1083.33,71096,770.21,4886,39967,56.22
2020-01-23,ASTRAL, EQ, 23-Jan-2020,1088.0,1101.0,1108.5,1091.1,1098.1,1099.4,1097.45,79201,869.19,7502,55966,70.66
2020-01-24,ASTRAL, EQ, 24-Jan-2020,1099.4,1105.0,1114.1,1091.7,1109.35,1105.55,1100.67,143292,1577.17,12442,117945,82.31
2020-01-27,ASTRAL, EQ, 27-Jan-2020,1105.55,1114.9,1165.0,1107.4,1152.1,1148.4,1133.32,245012,2776.78,12821,144791,59.1
2020-01-28,ASTRAL, EQ, 28-Jan-2020,1148.4,1155.0,1250.0,1155.0,1224.0,1229.35,1220.66,424465,5181.27,39856,231803,54.61
2020-01-29,ASTRAL, EQ, 29-Jan-2020,1229.35,1222.0,1245.0,1176.05,1195.0,1187.85,1198.74,140264,1681.4,16549,63674,45.4
2020-01-30,ASTRAL, EQ, 30-Jan-2020,1187.85,1196.3,1206.0,1186.0,1197.2,1202.9,1198.47,79324,950.67,7595,56909,71.74
2020-01-31,ASTRAL, EQ, 31-Jan-2020,1202.9,1203.1,1245.0,1195.0,1198.2,1223.35,1213.12,140220,1701.04,22600,103565,73.86
2020-02-01,ASTRAL, EQ, 01-Feb-2020,1223.35,1214.95,1219.0,1141.0,1145.0,1152.3,1183.75,73729,872.77,4811,37740,51.19
2020-02-03,ASTRAL, EQ, 03-Feb-2020,1152.3,1145.65,1192.85,1122.0,1164.0,1166.6,1165.95,45293,528.09,4592,20611,45.51
2020-02-04,ASTRAL, EQ, 04-Feb-2020,1166.6,1179.15,1213.65,1168.85,1187.0,1185.75,1193.34,66124,789.09,6330,41128,62.2
2020-02-05,ASTRAL, EQ, 05-Feb-2020,1185.75,1198.0,1209.3,1175.0,1200.0,1194.55,1189.93,43998,523.54,4952,24144,54.88
2020-02-06,ASTRAL, EQ, 06-Feb-2020,1194.55,1209.65,1209.65,1185.0,1197.0,1197.5,1196.87,19626,234.9,1859,12070,61.5
2020-02-07,ASTRAL, EQ, 07-Feb-2020,1197.5,1200.0,1210.2,1190.0,1198.0,1199.8,1199.82,82946,995.2,9503,60598,73.06
2020-02-10,ASTRAL, EQ, 10-Feb-2020,1199.8,1204.0,1207.2,1183.0,1199.85,1198.25,1197.51,66042,790.86,4069,40834,61.83
2020-02-11,ASTRAL, EQ, 11-Feb-2020,1198.25,1201.0,1230.0,1200.0,1225.0,1217.9,1217.19,106329,1294.22,7756,58780,55.28
2020-02-12,ASTRAL, EQ, 12-Feb-2020,1217.9,1243.0,1265.0,1201.05,1215.0,1210.7,1232.63,153039,1886.41,11858,63473,41.48
2020-02-13,ASTRAL, EQ, 13-Feb-2020,1210.7,1219.9,1219.9,1181.0,1195.0,1198.4,1196.35,65057,778.31,4546,37269,57.29
2020-02-14,ASTRAL, EQ, 14-Feb-2020,1198.4,1193.25,1210.9,1185.0,1200.0,1197.65,1198.39,66556,797.6,5324, 36450, 54.77
2020-02-17,ASTRAL, EQ, 17-Feb-2020,1197.65,1200.0,1214.15,1185.0,1186.0,1198.2,1199.08,101906,1221.93,12842,77164,75.72
2020-02-18,ASTRAL, EQ, 18-Feb-2020,1198.2,1194.0,1196.8,1163.2,1177.5,1179.85,1174.69,78347,920.34,8643,50713,64.73
2020-02-19,ASTRAL, EQ, 19-Feb-2020,1179.85,1177.55,1199.0,1173.65,1198.75,1195.65,1183.42,67266,796.04,3533, 49689, 73.87
2020-02-20,ASTRAL, EQ, 20-Feb-2020,1195.65,1198.15,1208.0,1185.55,1194.15,1194.85,1194.33,76382,912.25,4509,64728,84.74
2020-02-24,ASTRAL, EQ, 24-Feb-2020,1194.85,1194.85,1201.95,1180.0,1197.05,1198.2,1192.54,71958,858.13,2350,62722,87.16
2020-02-25,ASTRAL, EQ, 25-Feb-2020,1198.2,1190.0,1197.75,1180.05,1182.1,1183.35,1186.86,69303,822.53,10465,56555,81.61
2020-02-26,ASTRAL, EQ, 26-Feb-2020,1183.35,1180.0,1192.95,1171.15,1176.95,1175.3,1176.56,71818,844.98,3826,53049,73.87
2020-02-27,ASTRAL, EQ, 27-Feb-2020,1175.3,1176.0,1180.9,1163.1,1168.15,1168.3,1168.77,71371,834.16,3577,61034,85.52
2020-02-28,ASTRAL, EQ, 28-Feb-2020,1168.3,1158.8,1158.8,1125.0,1151.0,1144.4,1146.32,168840,1935.45,7707,145464,86.15
2020-03-02,ASTRAL, EQ, 02-Mar-2020,1144.4,1145.0,1182.0,1135.05,1143.05,1150.1,1168.01,73438,857.77,7530,53648,73.05
2020-03-03,ASTRAL, EQ, 03-Mar-2020,1150.1,1150.5,1170.0,1123.6,1150.0,1147.4,1143.81,34750,397.47,3677,20296,58.41
2020-03-04,ASTRAL, EQ, 04-Mar-2020,1147.4,1169.0,1169.0,1111.0,1115.0,1124.35,1126.72,28472,320.8,3276,15084,52.98
2020-03-05,ASTRAL, EQ, 05-Mar-2020,1124.35,1134.4,1134.4,1112.0,1132.0,1119.4,1120.34,44058,493.6,3404,27253,61.86
2020-03-06,ASTRAL, EQ, 06-Mar-2020,1119.4,1060.1,1129.0,1060.1,1129.0,1120.6,1109.29,40683,451.29,4546,22171,54.5
2020-03-09,ASTRAL, EQ, 09-Mar-2020,1120.6,1105.0,1125.0,1090.0,1121.35,1120.45,1106.67,41500,459.27,7501,23193,55.89
2020-03-11,ASTRAL, EQ, 11-Mar-2020,1120.45,1120.5,1155.0,1115.0,1150.0,1149.45,1144.77,131125,1501.08,5874,99016,75.51
2020-03-12,ASTRAL, EQ, 12-Mar-2020,1149.45,1110.1,1120.0,990.0,1023.0,1027.95,1054.82,116149,1225.17,13857,69888,60.17
2020-03-13,ASTRAL, EQ, 13-Mar-2020,1027.95,925.1,1129.05,852.3,1087.5,1094.7,1074.66,149959,1611.56,11202,98462,65.66
2020-03-16,ASTRAL, EQ, 16-Mar-2020,1094.7,1085.0,1095.0,1009.1,1039.0,1046.1,1054.21,109081,1149.94,21426,69710,63.91
2020-03-17,ASTRAL, EQ, 17-Mar-2020,1046.1,1030.95,1059.95,980.1,1010.0,997.55,1019.77,117281,1196.0,9622,90864,77.48
2020-03-18,ASTRAL, EQ, 18-Mar-2020,997.55,1018.95,1020.0,931.0,1005.0,996.3,963.35,83866,807.92,11468,41621,49.63
2020-03-19,ASTRAL, EQ, 19-Mar-2020,996.3,950.0,1009.9,894.95,922.0,930.45,922.31,229129,2113.29,16716,147961,64.58
2020-03-20,ASTRAL, EQ, 20-Mar-2020,930.45,934.0,999.7,901.0,910.0,932.05,943.43,62237,587.16,11228,27359,43.96
2020-03-23,ASTRAL, EQ, 23-Mar-2020,932.05,893.1,893.25,745.65,750.0,753.75,774.61,176321,1365.79,16215,119744,67.91
2020-03-24,ASTRAL, EQ, 24-Mar-2020,753.75,799.0,813.75,757.85,805.1,801.85,795.54,92624,736.86,11039,66558,71.86
2020-03-25,ASTRAL, EQ, 25-Mar-2020,801.85,777.5,842.25,762.3,835.95,832.25,815.84,78323,638.99,12799,53712,68.58
2020-03-26,ASTRAL, EQ, 26-Mar-2020,832.25,860.0,975.0,834.5,975.0,953.4,926.39,99120,918.23,23424,57165,57.67
2020-03-27,ASTRAL, EQ, 27-Mar-2020,953.4,999.0,1010.75,897.0,916.9,908.5,940.57,68464,643.95,11845,36743,53.67
2020-03-30,ASTRAL, EQ, 30-Mar-2020,908.5,875.0,940.0,860.15,869.9,879.0,900.59,56635,510.05,12114,32326,57.08
2020-03-31,ASTRAL, EQ, 31-Mar-2020,879.0,907.9,964.0,882.05,955.0,936.85,918.17,60392,554.5,6339,36634,60.66
2020-04-01,ASTRAL, EQ, 01-Apr-2020,936.85,936.85,965.8,921.0,951.0,951.6,942.5,34885,328.79,6593,15918,45.63
2020-04-03,ASTRAL, EQ, 03-Apr-2020,951.6,955.6,1020.0,913.95,988.0,975.4,986.17,96423,950.89,9300,57829,59.97
2020-04-07,ASTRAL, EQ, 07-Apr-2020,975.4,1009.0,1009.0,960.5,971.5,973.85,973.52,59169,576.02,8349,29860,50.47
2020-04-08,ASTRAL, EQ, 08-Apr-2020,973.85,962.0,986.0,952.0,954.0,955.45,969.09,59212,573.82,7623,31533,53.25
2020-04-09,ASTRAL, EQ, 09-Apr-2020,955.45,956.0,982.9,956.0,965.0,970.35,972.82,28537,277.61,2766,14327,50.2
2020-04-13,ASTRAL, EQ, 13-Apr-2020,970.35,970.0,970.35,895.9,929.0,920.6,918.1,192354,1766.01,10193,102937,75.18
2020-04-15,ASTRAL, EQ, 15-Apr-2020,920.6,920.6,952.0,903.05,910.0,909.15,924.47,87051,804.76,12844,45902,52.73
2020-04-16,ASTRAL, EQ, 16-Apr-2020,909.15,930.0,930.0,880.05,889.0,897.1,895.83,262583,2352.28,16936,196895,74.98
2020-04-17,ASTRAL, EQ, 17-Apr-2020,897.1,915.0,924.0,896.5,901.0,900.35,905.58,109426,990.94,8399,74110,67.73
2020-04-20,ASTRAL, EQ, 20-Apr-2020,900.35,919.8,920.0,889.0,901.0,898.1,901.42,148143,1335.39,24749,100332,67.73
2020-04-21,ASTRAL, EQ, 21-Apr-2020,898.1,890.0,898.1,855.0,860.1,861.0,867.34,180241,1563.3,21797,108357,60.12
2020-04-22,ASTRAL, EQ, 22-Apr-2020,861.0,879.0,881.95,850.0,864.0,865.95,864.88,114337,988.88,17878,78783,68.9
2020-04-23,ASTRAL, EQ, 23-Apr-2020,865.95,875.0,909.9,853.05,908.0,901.8,896.77,124661,1117.93,15314,65612,52.63
2020-04-24,ASTRAL, EQ, 24-Apr-2020,901.8,901.8,908.0,878.05,900.0,897.05,895.14,51853,464.16,7286,24529,47.3
2020-04-27,ASTRAL, EQ, 27-Apr-2020,897.05,919.0,949.0,895.0,947.0,943.15,920.32,113442,1044.03,24385,60732,53.54
2020-04-28,ASTRAL, EQ, 28-Apr-2020,943.15,949.0,974.95,930.0,934.25,939.65,955.61,126189,1205.88,16465,61173,48.48
2020-04-29,ASTRAL, EQ, 29-Apr-2020,939.65,939.0,954.3,938.0,950.0,947.25,947.24,65929,624.51,7086,45996,69.77
2020-04-30,ASTRAL, EQ, 30-Apr-2020,947.25,964.9,976.0,890.4,948.0,940.1,964.93,265840,2565.18,29573,179844,67.65
2020-05-04,ASTRAL, EQ, 04-May-2020,940.1,920.0,962.0,912.1,930.2,930.15,937.71,115381,1081.94,25249,56538,49.0
2020-05-05,ASTRAL, EQ, 05-May-2020,930.15,932.0,950.4,881.1,902.0,906.4,928.21,49319,457.79,7823,19501,39.54
2020-05-06,ASTRAL, EQ, 06-May-2020,906.4,909.0,940.5,903.6,940.5,920.9,919.04,46778,429.91,10233,25058,53.57
2020-05-07,ASTRAL, EQ, 07-May-2020,920.9,938.0,948.9,907.05,932.0,919.75,925.48,35158,325.38,5501,15692,44.63
2020-05-08,ASTRAL, EQ, 08-May-2020,919.75,943.9,957.0,910.55,924.0,915.05,923.71,44404,410.16,7933,18911,42.59
2020-05-11,ASTRAL, EQ, 11-May-2020,915.05,915.0,919.95,875.0,883.45,880.5,887.22,107795,956.37,25953,68562,63.6
2020-05-12,ASTRAL, EQ, 12-May-2020,880.5,900.0,909.0,868.05,871.25,874.25,877.85,65062,571.14,13803,32183,49.47
2020-05-13,ASTRAL, EQ, 13-May-2020,874.25,915.0,920.65,867.0,900.0,894.25,883.47,114517,1011.73,18309,68046,59.42
2020-05-14,ASTRAL, EQ, 14-May-2020,894.25,880.0,900.0,871.55,876.0,885.9,890.15,254345,2264.05,32105,188379,74.06
2020-05-15,ASTRAL, EQ, 15-May-2020,885.9,877.9,884.95,857.0,862.9,864.35,867.7,130965,1136.38,21616,84158,64.26
2020-05-18,ASTRAL, EQ, 18-May-2020,864.35,869.0,871.0,798.35,815.0,818.5,823.19,126950,1045.04,22049,75590,59.54
2020-05-19,ASTRAL, EQ, 19-May-2020,818.5,828.0,828.0,810.0,811.5,813.1,817.4,64061,523.64,8616,36588,57.11
2020-05-20,ASTRAL, EQ, 20-May-2020,813.1,820.0,832.95,770.1,821.0,817.55,794.94,254477,2022.93,30235,100440,39.47
2020-05-21,ASTRAL, EQ, 21-May-2020,817.55,821.0,865.0,811.8,860.05,852.35,844.13,193638,1634.56,15852,96559,49.87
2020-05-22,ASTRAL, EQ, 22-May-2020,852.35,859.9,860.0,826.0,842.0,840.75,842.09,68214,574.43,6759,28691,42.06
2020-05-26,ASTRAL, EQ, 26-May-2020,840.75,825.0,840.0,792.05,811.95,812.2,818.85,174713,1430.64,13511,72352,41.41
2020-05-27,ASTRAL, EQ, 27-May-2020,812.2,812.2,825.0,806.7,814.0,813.1,815.48,185400,1511.9,12652,121685,65.63
2020-05-28,ASTRAL, EQ, 28-May-2020,813.1,820.0,869.0,820.0,845.0,843.2,848.95,174163,1478.56,13477,86044,49.4
2020-05-29,ASTRAL, EQ, 29-May-2020,843.2,838.5,904.0,838.5,898.8,877.6,869.68,203034,1765.75,13001,146491,72.15
2020-06-01,ASTRAL, EQ, 01-Jun-2020,877.6,894.0,957.0,882.0,930.1,929.7,930.64,243254,2263.81,20252,85138,35.0
2020-06-02,ASTRAL, EQ, 02-Jun-2020,929.7,938.0,952.0,915.6,940.0,946.0,941.07,85866,808.06,7511,37207,43.33
2020-06-03,ASTRAL, EQ, 03-Jun-2020,946.0,951.7,988.0,945.05,954.65,958.5,970.77,104608,1015.5,8849,52771,50.45
2020-06-04,ASTRAL, EQ, 04-Jun-2020,958.5,958.8,972.8,923.1,927.25,928.3,938.4,64686,607.02,6859,27899,43.13
2020-06-05,ASTRAL, EQ, 05-Jun-2020,928.3,935.95,940.0,905.0,910.15,914.25,918.35,114021,1047.12,14090,52300,45.87
2020-06-08,ASTRAL, EQ, 08-Jun-2020,914.25,923.7,930.0,895.95,904.8,902.8,904.09,364023,3291.09,11860,268638,73.8
2020-06-09,ASTRAL, EQ, 09-Jun-2020,902.8,913.0,913.85,880.0,884.65,885.15,897.44,82003,735.93,6360,38757,47.26
2020-06-10,ASTRAL, EQ, 10-Jun-2020,885.15,887.0,903.0,883.0,902.0,898.3,895.86,84575,757.68,3563,51245,60.59
2020-06-11,ASTRAL, EQ, 11-Jun-2020,898.3,900.0,900.0,875.0,882.0,878.1,887.91,51045,453.23,4184,27422,53.72
2020-06-12,ASTRAL, EQ, 12-Jun-2020,878.1,850.0,884.9,850.0,872.4,872.1,869.67,94073,818.12,7523,40136,42.66
2020-06-15,ASTRAL, EQ, 15-Jun-2020,872.1,875.0,888.3,848.9,855.0,851.65,861.94,89648,772.71,6650,39732,44.32
2020-06-16,ASTRAL, EQ, 16-Jun-2020,851.65,861.0,881.5,852.1,876.5,874.45,868.9,158463,1376.89,6348,25310,15.97
2020-06-17,ASTRAL, EQ, 17-Jun-2020,874.45,874.0,899.9,863.5,876.0,883.4,886.92,184030,1632.2,7244,89713,48.75
2020-06-18,ASTRAL, EQ, 18-Jun-2020,883.4,884.0,909.0,871.8,901.0,893.5,892.1,363816,3245.59,7813,305942,84.09
2020-06-19,ASTRAL, EQ, 19-Jun-2020,893.5,920.0,925.0,883.2,904.0,905.85,907.0,886630,8041.76,14746,571493,64.46
2020-06-22,ASTRAL, EQ, 22-Jun-2020,905.85,917.0,923.95,890.0,903.0,896.2,905.5,141847,1284.42,7594,74793,52.73
2020-06-23,ASTRAL, EQ, 23-Jun-2020,896.2,900.0,909.95,890.0,897.0,899.0,899.55,114040,1025.85,4582,67320,59.03
2020-06-24,ASTRAL, EQ, 24-Jun-2020,899.0,905.0,943.0,895.0,936.0,934.7,923.73,255987,2364.62,12181,115334,45.05
2020-06-25,ASTRAL, EQ, 25-Jun-2020,934.7,926.0,970.0,926.0,968.5,962.85,949.04,300528,2852.12,14882,150907,50.21
2020-06-26,ASTRAL, EQ, 26-Jun-2020,962.85,970.0,985.0,945.0,968.0,963.25,964.22,178146,1717.71,12236,77410,43.45
2020-06-29,ASTRAL, EQ, 29-Jun-2020,963.25,955.0,958.0,930.45,951.15,955.35,943.57,103247,974.2,11493,37946,36.75
2020-06-30,ASTRAL, EQ, 30-Jun-2020,955.35,960.0,961.3,941.45,959.9,954.55,952.49,90026,857.49,5224,45389,50.42
2020-07-01,ASTRAL, EQ, 01-Jul-2020,954.55,946.1,969.5,945.0,955.0,955.35,957.4,166757,1596.53,7193,137897,82.69
2020-07-02,ASTRAL, EQ, 02-Jul-2020,955.35,965.0,995.0,960.3,981.95,980.75,981.01,188054,1844.84,15312,112556,59.85
2020-07-03,ASTRAL, EQ, 03-Jul-2020,980.75,984.9,994.45,968.55,979.55,981.55,988.3,802707,7933.13,6895,722397,90.0
2020-07-06,ASTRAL, EQ, 06-Jul-2020,981.55,997.9,997.9,965.0,970.0,975.0,984.78,75085,739.42,5457,34547,46.01
2020-07-07,ASTRAL, EQ, 07-Jul-2020,975.0,977.85,996.5,967.0,975.65,975.1,988.75,776120,7673.91,5024,713790,91.97
2020-07-08,ASTRAL, EQ, 08-Jul-2020,975.1,980.0,997.2,954.8,961.9,964.25,980.13,246788,2418.85,5167,172392,69.85
2020-07-09,ASTRAL, EQ, 09-Jul-2020,964.25,973.0,977.35,955.0,958.85,958.65,965.58,40419,390.28,2914,17742,43.9
2020-07-10,ASTRAL, EQ, 10-Jul-2020,958.65,956.0,966.55,913.0,927.0,921.35,925.61,147661,1366.77,11401,67187,45.5
2020-07-13,ASTRAL, EQ, 13-Jul-2020,921.35,931.6,944.0,920.1,942.95,932.75,928.19,94524,877.36,7774,47788,50.56
2020-07-14,ASTRAL, EQ, 14-Jul-2020,932.75,922.0,936.85,909.05,910.0,914.45,923.73,61099,564.39,4434,18073,29.58
2020-07-15,ASTRAL, EQ, 15-Jul-2020,914.45,923.0,939.9,913.0,926.25,929.15,929.65,99640,926.31,12452,43483,43.64
2020-07-16,ASTRAL, EQ, 16-Jul-2020,929.15,929.15,963.9,915.25,946.0,944.75,932.72,72235,673.75,6640,41483,57.43
2020-07-17,ASTRAL, EQ, 17-Jul-2020,944.75,941.0,987.15,941.0,970.0,969.25,971.27,193706,1881.41,14698,107668,55.58
2020-07-20,ASTRAL, EQ, 20-Jul-2020,969.25,974.0,987.0,956.0,961.0,968.1,971.74,89168,866.48,5862,28818,32.32
2020-07-21,ASTRAL, EQ, 21-Jul-2020,968.1,981.0,981.0,950.05,975.35,965.3,961.56,69340,666.74,4511,32075,46.26
2020-07-22,ASTRAL, EQ, 22-Jul-2020,965.3,973.9,973.9,934.0,938.0,939.85,948.63,65281,619.27,4261,38348,58.74
2020-07-23,ASTRAL, EQ, 23-Jul-2020,939.85,930.25,944.7,918.55,925.5,925.45,928.68,136596,1268.54,8514,54331,39.77
2020-07-24,ASTRAL, EQ, 24-Jul-2020,925.45,925.0,933.05,918.15,927.0,926.4,925.62,60228,557.48,2972,25433,42.23
2020-07-27,ASTRAL, EQ, 27-Jul-2020,926.4,930.0,930.0,915.0,916.0,917.3,920.85,47862,440.74,4929,23389,48.87
2020-07-28,ASTRAL, EQ, 28-Jul-2020,917.3,921.0,925.0,917.3,919.05,920.3,922.09,47146,434.73,2230,22633,48.01
2020-07-29,ASTRAL, EQ, 29-Jul-2020,920.3,921.1,939.9,920.3,932.0,933.95,930.62,46514,432.87,2756,27593,59.32
2020-07-30,ASTRAL, EQ, 30-Jul-2020,933.95,940.0,949.0,930.0,937.25,941.6,940.31,60558,569.43,4055,39691,65.54
2020-07-31,ASTRAL, EQ, 31-Jul-2020,941.6,943.0,968.5,935.15,968.5,964.5,959.04,92888,890.84,3912,70803,76.22
2020-08-03,ASTRAL, EQ, 03-Aug-2020,964.5,950.0,964.3,930.0,937.7,942.9,944.47,165440,1562.53,6337,147176,88.96
2020-08-04,ASTRAL, EQ, 04-Aug-2020,942.9,935.0,950.45,935.0,949.0,943.8,941.1,83470,785.54,3008,61720,73.94
2020-08-05,ASTRAL, EQ, 05-Aug-2020,943.8,950.0,962.0,936.0,956.0,950.2,950.23,178904,1700.01,6695,110769,61.92
2020-08-06,ASTRAL, EQ, 06-Aug-2020,950.2,964.0,1094.0,941.0,1063.95,1081.1,1044.82,803189,8391.9,45709,241721,30.1
2020-08-07,ASTRAL, EQ, 07-Aug-2020,1081.1,1075.0,1075.0,1015.0,1049.0,1048.95,1042.81,274854,2866.21,14438,109962,40.01
2020-08-10,ASTRAL, EQ, 10-Aug-2020,1048.95,1050.0,1062.85,1035.6,1048.45,1045.75,1053.94,59484,626.93,6713,31546,53.03
2020-08-11,ASTRAL, EQ, 11-Aug-2020,1045.75,1058.75,1108.9,1047.0,1092.7,1089.9,1077.26,642478,6921.14,21776,385544,60.01
2020-08-12,ASTRAL, EQ, 12-Aug-2020,1089.9,1098.5,1098.5,1063.9,1070.3,1070.45,1075.34,126160,1356.65,8660,55433,43.94
2020-08-13,ASTRAL, EQ, 13-Aug-2020,1070.45,1079.0,1080.0,1065.55,1070.15,1070.35,1071.03,73569,787.94,9346,44165,60.03
2020-08-14,ASTRAL, EQ, 14-Aug-2020,1070.35,1079.9,1079.9,1022.1,1050.0,1046.9,1039.3,150005,1559.01,12573,97041,64.69
2020-08-17,ASTRAL, EQ, 17-Aug-2020,1046.9,1065.0,1078.0,1035.7,1060.0,1058.15,1053.41,64093,675.16,6533,32783,51.15
2020-08-18,ASTRAL, EQ, 18-Aug-2020,1058.15,1066.5,1119.0,1050.9,1105.0,1104.55,1096.05,221893,2432.06,10046,116851,52.66
2020-08-19,ASTRAL, EQ, 19-Aug-2020,1104.55,1124.75,1154.0,1070.0,1112.0,1126.45,1118.7,350908,3925.6,20429,117464,33.47
2020-08-20,ASTRAL, EQ, 20-Aug-2020,1126.45,1126.45,1179.0,1101.1,1141.1,1136.65,1149.9,196614,2260.86,12694,77643,39.49
2020-08-21,ASTRAL, EQ, 21-Aug-2020,1136.65,1141.0,1248.0,1141.0,1244.0,1238.8,1219.31,683754,8337.08,46785,289659,42.36
2020-08-24,ASTRAL, EQ, 24-Aug-2020,1238.8,1249.8,1262.65,1180.05,1182.0,1183.5,1196.27,236308,2826.87,13952,119582,50.6
2020-08-25,ASTRAL, EQ, 25-Aug-2020,1183.5,1190.0,1199.5,1161.95,1170.75,1167.85,1181.78,67852,801.86,5986,31297,46.13
2020-08-26,ASTRAL, EQ, 26-Aug-2020,1167.85,1160.0,1198.4,1160.0,1170.0,1182.75,1184.23,48089,569.48,6127,21583,44.88
2020-08-27,ASTRAL, EQ, 27-Aug-2020,1182.75,1197.5,1197.95,1150.55,1166.0,1157.0,1166.38,63533,741.04,6046,30619,48.19
2020-08-28,ASTRAL, EQ, 28-Aug-2020,1157.0,1168.0,1238.0,1138.75,1172.75,1176.5,1201.49,318225,3823.44,16224,100411,31.55
2020-08-31,ASTRAL, EQ, 31-Aug-2020,1176.5,1180.0,1183.15,1076.0,1125.4,1122.05,1120.74,158225,1773.29,14650,81248,51.35
2020-09-01,ASTRAL, EQ, 01-Sep-2020,1122.05,1111.0,1126.45,1100.0,1113.9,1112.5,1111.07,85837,953.71,11321,33380,38.89
2020-09-02,ASTRAL, EQ, 02-Sep-2020,1112.5,1108.15,1169.0,1106.0,1166.8,1165.8,1140.72,119753,1366.05,7181,68566,57.26
2020-09-03,ASTRAL, EQ, 03-Sep-2020,1165.8,1178.5,1284.9,1168.2,1265.0,1255.9,1243.58,297918,3704.85,18186,97136,32.6
2020-09-04,ASTRAL, EQ, 04-Sep-2020,1255.9,1230.4,1246.8,1206.9,1213.0,1218.35,1227.37,74921,919.56,7232,26748,35.7
2020-09-07,ASTRAL, EQ, 07-Sep-2020,1218.35,1200.0,1255.9,1184.35,1244.0,1239.05,1228.51,118491,1455.68,8772,65804,55.54
2020-09-08,ASTRAL, EQ, 08-Sep-2020,1239.05,1244.0,1314.7,1240.05,1261.0,1265.75,1292.15,316238,4086.28,22420,109473,34.62
2020-09-09,ASTRAL, EQ, 09-Sep-2020,1265.75,1246.05,1250.0,1182.55,1190.1,1194.3,1206.44,121291,1463.3,13258,48571,40.05
2020-09-10,ASTRAL, EQ, 10-Sep-2020,1194.3,1199.15,1235.0,1174.15,1199.0,1201.65,1210.34,105025,1271.16,9694,21403,20.38
2020-09-11,ASTRAL, EQ, 11-Sep-2020,1201.65,1201.65,1209.95,1176.0,1190.0,1186.45,1185.36,74897,887.8,13162,33765,45.08
2020-09-14,ASTRAL, EQ, 14-Sep-2020,1186.45,1205.85,1274.0,1190.05,1225.0,1215.6,1231.62,181968,2241.16,21298,73824,40.57
2020-09-15,ASTRAL, EQ, 15-Sep-2020,1215.6,1228.3,1265.0,1190.0,1199.8,1202.05,1224.56,452760,5544.32,19201,194731,43.01
2020-09-16,ASTRAL, EQ, 16-Sep-2020,1202.05,1209.9,1213.9,1182.0,1189.0,1185.35,1190.03,141259,1681.03,8780,94651,67.01
2020-09-17,ASTRAL, EQ, 17-Sep-2020,1185.35,1167.0,1191.0,1150.0,1161.8,1159.25,1164.24,116439,1355.63,12354,61239,52.59
2020-09-18,ASTRAL, EQ, 18-Sep-2020,1159.25,1167.75,1182.0,1117.05,1118.65,1126.35,1140.56,270912,3089.92,15182,210135,77.57
2020-09-21,ASTRAL, EQ, 21-Sep-2020,1126.35,1133.0,1149.75,1073.0,1103.0,1102.2,1110.97,111978,1244.04,10053,41120,36.72
2020-09-22,ASTRAL, EQ, 22-Sep-2020,1102.2,1100.0,1104.95,1065.55,1075.8,1071.55,1082.73,87854,951.22,8091,41483,47.22
2020-09-23,ASTRAL, EQ, 23-Sep-2020,1071.55,1087.6,1110.0,1071.6,1099.05,1099.45,1091.15,83282,908.73,7899,30363,36.46
2020-09-24,ASTRAL, EQ, 24-Sep-2020,1099.45,1071.0,1123.95,1070.2,1084.0,1088.0,1098.57,106740,1172.61,7778,41910,39.26
2020-09-25,ASTRAL, EQ, 25-Sep-2020,1088.0,1093.45,1114.95,1084.95,1085.15,1100.15,1106.04,252981,2798.07,5293,226155,89.4
2020-09-28,ASTRAL, EQ, 28-Sep-2020,1100.15,1102.75,1152.95,1101.35,1150.0,1134.6,1135.9,78998,897.34,6049,36409,46.09
2020-09-29,ASTRAL, EQ, 29-Sep-2020,1134.6,1142.0,1185.0,1142.0,1153.5,1155.55,1164.02,104022,1210.83,8083,25190,24.22
2020-09-30,ASTRAL, EQ, 30-Sep-2020,1155.55,1167.0,1240.0,1150.15,1226.0,1224.8,1199.53,194699,2335.47,14405,72816,37.4
2020-10-01,ASTRAL, EQ, 01-Oct-2020,1224.8,1228.0,1249.9,1200.55,1207.6,1208.0,1225.68,125203,1534.58,14337,40707,32.51
2020-10-05,ASTRAL, EQ, 05-Oct-2020,1208.0,1210.0,1213.9,1190.0,1196.95,1195.05,1196.36,42094,503.6,4423,25288,60.08
2020-10-06,ASTRAL, EQ, 06-Oct-2020,1195.05,1196.95,1201.05,1185.0,1190.0,1189.7,1198.51,305381,3660.03,4164,280959,92.0
2020-10-07,ASTRAL, EQ, 07-Oct-2020,1189.7,1187.25,1195.05,1152.3,1160.0,1162.5,1172.28,68431,802.2,6344,36538,53.39
2020-10-08,ASTRAL, EQ, 08-Oct-2020,1162.5,1173.0,1180.35,1111.95,1137.0,1139.8,1135.79,104926,1191.73,8564,50518,48.15
2020-10-09,ASTRAL, EQ, 09-Oct-2020,1139.8,1126.4,1139.0,1100.1,1126.0,1120.45,1112.55,150945,1679.34,11312,73134,48.45
2020-10-12,ASTRAL, EQ, 12-Oct-2020,1120.45,1129.95,1194.0,1129.95,1183.05,1178.25,1174.55,231407,2717.98,15080,58666,25.35
2020-10-13,ASTRAL, EQ, 13-Oct-2020,1178.25,1174.0,1181.95,1146.0,1167.45,1166.8,1165.22,71509,833.24,5621,23593,32.99
2020-10-14,ASTRAL, EQ, 14-Oct-2020,1166.8,1166.0,1166.0,1140.0,1148.0,1150.9,1151.98,76578,882.16,5310,15552,20.31
2020-10-15,ASTRAL, EQ, 15-Oct-2020,1150.9,1155.3,1163.65,1145.0,1145.0,1148.25,1155.05,50886,587.76,6209,22291,43.81
2020-10-16,ASTRAL, EQ, 16-Oct-2020,1148.25,1148.25,1161.05,1142.65,1145.05,1148.7,1151.3,27296,314.26,3470,10951,40.12
2020-10-19,ASTRAL, EQ, 19-Oct-2020,1148.7,1150.0,1150.25,1108.1,1131.0,1127.35,1120.79,97121,1088.53,11277,55315,56.95
2020-10-20,ASTRAL, EQ, 20-Oct-2020,1127.35,1139.8,1160.0,1120.0,1153.9,1155.65,1145.54,71958,824.31,5883,34098,47.39
2020-10-21,ASTRAL, EQ, 21-Oct-2020,1155.65,1160.0,1164.9,1139.9,1148.05,1150.2,1151.3,107091,1232.93,3971,89439,83.52
2020-10-22,ASTRAL, EQ, 22-Oct-2020,1150.2,1148.05,1160.0,1111.55,1155.0,1153.3,1144.34,78941,903.35,5940,50777,64.32
2020-10-23,ASTRAL, EQ, 23-Oct-2020,1153.3,1154.0,1159.05,1135.0,1147.0,1145.75,1145.66,28243,323.57,4464,13992,49.54
2020-10-26,ASTRAL, EQ, 26-Oct-2020,1145.75,1150.0,1153.85,1132.3,1149.45,1147.65,1143.85,34902,399.23,3577,17492,50.12
2020-10-27,ASTRAL, EQ, 27-Oct-2020,1147.65,1154.5,1163.95,1137.0,1146.0,1152.45,1151.89,74779,861.37,5565,21616,28.91
2020-10-28,ASTRAL, EQ, 28-Oct-2020,1152.45,1157.15,1158.75,1115.0,1123.0,1120.75,1127.97,62809,708.47,7321,35986,57.29
2020-10-29,ASTRAL, EQ, 29-Oct-2020,1120.75,1091.35,1144.0,1076.95,1132.0,1127.85,1109.67,47805,530.48,4892,19055,39.86
2020-10-30,ASTRAL, EQ, 30-Oct-2020,1127.85,1133.5,1141.0,1120.0,1128.0,1123.85,1130.51,57858,654.09,3022,48862,84.45
2020-11-02,ASTRAL, EQ, 02-Nov-2020,1123.85,1128.0,1129.45,1091.3,1121.0,1115.25,1103.5,95630,1055.28,13784,53553,56.0
2020-11-03,ASTRAL, EQ, 03-Nov-2020,1115.25,1120.75,1135.0,1108.3,1132.5,1120.7,1119.96,54098,605.87,3202,37885,70.03
2020-11-04,ASTRAL, EQ, 04-Nov-2020,1120.7,1125.0,1140.0,1117.6,1120.0,1128.45,1125.9,38717,435.92,4334,22201,57.34
2020-11-05,ASTRAL, EQ, 05-Nov-2020,1128.45,1128.45,1153.0,1126.35,1147.9,1148.4,1145.21,53781,615.9,5510,30962,57.57
2020-11-06,ASTRAL, EQ, 06-Nov-2020,1148.4,1152.4,1178.0,1149.05,1161.0,1166.0,1162.83,78407,911.74,6780,39254,50.06
2020-11-09,ASTRAL, EQ, 09-Nov-2020,1166.0,1194.85,1248.9,1152.0,1224.0,1200.45,1198.9,781576,9370.31,12794,672960,86.1
2020-11-10,ASTRAL, EQ, 10-Nov-2020,1200.45,1229.9,1278.0,1220.0,1275.0,1270.15,1264.16,284374,3594.93,23584,153074,53.83
2020-11-11,ASTRAL, EQ, 11-Nov-2020,1270.15,1265.0,1300.0,1202.0,1233.0,1223.75,1261.96,862517,10884.65,14874,759311,88.03
2020-11-12,ASTRAL, EQ, 12-Nov-2020,1223.75,1229.85,1295.0,1225.0,1290.0,1286.95,1259.39,214415,2700.32,13511,129842,60.56
2020-11-13,ASTRAL, EQ, 13-Nov-2020,1286.95,1299.9,1299.9,1270.0,1280.0,1279.25,1285.65,86917,1117.45,7892,40105,46.14
2020-11-14,ASTRAL, EQ, 14-Nov-2020,1279.25,1289.0,1304.55,1281.3,1288.0,1290.15,1293.69,11523,149.07,1178,6850,59.45
2020-11-17,ASTRAL, EQ, 17-Nov-2020,1290.15,1300.2,1548.15,1299.0,1464.85,1476.8,1453.8,1175764,17093.21,68375,356978,30.36
2020-11-18,ASTRAL, EQ, 18-Nov-2020,1476.8,1469.45,1593.3,1373.05,1386.5,1393.55,1505.6,929515,13994.82,58111,293514,31.58
2020-11-19,ASTRAL, EQ, 19-Nov-2020,1393.55,1393.55,1462.9,1393.0,1460.65,1450.1,1421.72,255264,3629.15,24428,90561,35.48
2020-11-20,ASTRAL, EQ, 20-Nov-2020,1450.1,1470.0,1478.0,1395.4,1404.0,1409.1,1423.22,147159,2094.39,17176,55270,37.56
2020-11-23,ASTRAL, EQ, 23-Nov-2020,1409.1,1405.0,1425.0,1371.0,1399.95,1400.4,1406.87,95709,1346.5,9448,49205,51.41
2020-11-24,ASTRAL, EQ, 24-Nov-2020,1400.4,1405.0,1420.0,1394.4,1407.4,1406.6,1406.36,79901,1123.69,10501,38004,47.56
2020-11-25,ASTRAL, EQ, 25-Nov-2020,1406.6,1414.6,1460.0,1410.85,1452.0,1452.35,1440.48,189889,2735.31,14944,98983,52.13
2020-11-26,ASTRAL, EQ, 26-Nov-2020,1452.35,1480.0,1505.3,1465.0,1499.05,1496.6,1488.68,260205,3873.62,21085,113418,43.59
2020-11-27,ASTRAL, EQ, 27-Nov-2020,1496.6,1501.05,1518.25,1450.25,1464.0,1469.45,1483.57,184773,2741.24,16273,102887,55.68
2020-12-01,ASTRAL, EQ, 01-Dec-2020,1469.45,1469.45,1476.75,1416.0,1423.4,1427.95,1444.46,167859,2424.66,16769,104962,62.53
2020-12-02,ASTRAL, EQ, 02-Dec-2020,1427.95,1436.7,1470.0,1431.0,1465.0,1462.6,1452.03,142916,2075.19,14074,64061,44.82
2020-12-03,ASTRAL, EQ, 03-Dec-2020,1462.6,1475.0,1475.75,1451.05,1474.95,1469.7,1464.95,102273,1498.24,7442,62927,61.53
2020-12-04,ASTRAL, EQ, 04-Dec-2020,1469.7,1475.65,1530.0,1455.2,1499.0,1515.35,1489.19,229198,3413.2,16278,130618,56.99
2020-12-07,ASTRAL, EQ, 07-Dec-2020,1515.35,1499.8,1519.7,1442.0,1448.0,1452.35,1459.64,190312,2777.88,20074,101279,53.22
2020-12-08,ASTRAL, EQ, 08-Dec-2020,1452.35,1459.65,1468.0,1416.75,1425.0,1423.4,1429.75,133525,1909.07,15182,75057,56.21
2020-12-09,ASTRAL, EQ, 09-Dec-2020,1423.4,1430.0,1430.0,1393.0,1413.0,1417.85,1412.87,139016,1964.11,13288,83856,60.32
2020-12-10,ASTRAL, EQ, 10-Dec-2020,1417.85,1423.35,1465.0,1407.0,1450.0,1450.75,1420.92,770807,10952.56,13176,673805,87.42
2020-12-11,ASTRAL, EQ, 11-Dec-2020,1450.75,1456.0,1474.0,1443.0,1467.0,1468.4,1465.05,645879,9462.47,12162,546982,84.69
2020-12-14,ASTRAL, EQ, 14-Dec-2020,1468.4,1479.4,1497.2,1468.65,1479.0,1476.0,1484.68,122998,1826.12,13063,43935,35.72
2020-12-15,ASTRAL, EQ, 15-Dec-2020,1476.0,1485.7,1500.0,1465.0,1473.0,1471.95,1488.09,117781,1752.68,10499,50164,42.59
2020-12-16,ASTRAL, EQ, 16-Dec-2020,1471.95,1479.25,1499.9,1467.1,1495.2,1495.4,1489.72,73763,1098.86,7402,38873,52.7
2020-12-17,ASTRAL, EQ, 17-Dec-2020,1495.4,1499.0,1509.95,1450.0,1460.0,1461.9,1493.68,139176,2078.85,7370,98354,70.67
2020-12-18,ASTRAL, EQ, 18-Dec-2020,1461.9,1472.25,1510.0,1460.0,1499.0,1505.0,1496.27,212146,3174.28,9795,160929,75.86
2020-12-21,ASTRAL, EQ, 21-Dec-2020,1505.0,1500.0,1555.0,1460.3,1483.0,1492.1,1520.05,883644,13431.79,21434,71061,8.04
2020-12-22,ASTRAL, EQ, 22-Dec-2020,1492.1,1475.0,1542.0,1475.0,1535.0,1529.45,1512.87,150947,2283.63,19567,60877,40.33
2020-12-23,ASTRAL, EQ, 23-Dec-2020,1529.45,1539.95,1604.9,1535.05,1595.0,1590.15,1576.49,182725,2880.63,17602,85871,46.99
2020-12-24,ASTRAL, EQ, 24-Dec-2020,1590.15,1589.0,1634.55,1573.0,1582.0,1586.4,1601.22,166565,2667.07,23510,58428,35.08
2020-12-28,ASTRAL, EQ, 28-Dec-2020,1586.4,1599.05,1622.0,1589.3,1605.05,1609.9,1608.36,66532,1070.07,9986,29050,43.66
2020-12-29,ASTRAL, EQ, 29-Dec-2020,1609.9,1614.15,1624.95,1591.85,1600.0,1602.75,1602.16,72991,1169.43,10740,33505,45.9
2020-12-30,ASTRAL, EQ, 30-Dec-2020,1602.75,1600.0,1745.0,1596.05,1730.1,1717.05,1683.76,429551,7232.59,35095,98994,23.05
2020-12-31,ASTRAL, EQ, 31-Dec-2020,1717.05,1730.0,1830.0,1699.0,1700.0,1782.85,1754.21,540643,9484.02,46719,205936,38.09
2021-01-01,ASTRAL, EQ, 01-Jan-2021,1782.85,1725.0,1773.95,1721.2,1747.9,1746.35,1750.91,198839,3481.49,13406,42289,21.27
2021-01-04,ASTRAL, EQ, 04-Jan-2021,1746.35,1760.0,1803.05,1740.0,1795.0,1795.3,1770.92,128948,2283.57,11165,40247,31.21
2021-01-05,ASTRAL, EQ, 05-Jan-2021,1795.3,1784.0,1793.65,1760.0,1774.8,1775.5,1777.6,88737,1577.39,10410,32058,36.13
2021-01-06,ASTRAL, EQ, 06-Jan-2021,1775.5,1783.5,1798.0,1702.05,1743.8,1726.5,1747.11,140067,2447.13,16378,56542,40.37
2021-01-07,ASTRAL, EQ, 07-Jan-2021,1726.5,1747.3,1776.8,1711.0,1720.0,1722.35,1740.99,107222,1866.72,13820,52153,48.64
2021-01-08,ASTRAL, EQ, 08-Jan-2021,1722.35,1739.5,1785.0,1725.0,1766.85,1762.7,1750.48,533530,9339.34,13031,472909,88.64
2021-01-11,ASTRAL, EQ, 11-Jan-2021,1762.7,1775.0,1828.0,1751.0,1780.0,1788.3,1782.59,326158,5814.05,20246,208874,64.04
2021-01-12,ASTRAL, EQ, 12-Jan-2021,1788.3,1797.0,1797.0,1718.0,1718.0,1729.05,1749.87,804525,14078.1,18473,167315,20.8
2021-01-13,ASTRAL, EQ, 13-Jan-2021,1729.05,1739.9,1754.85,1715.0,1724.95,1721.9,1735.48,204400,3547.32,11054,111102,54.36
2021-01-14,ASTRAL, EQ, 14-Jan-2021,1721.9,1735.0,1735.0,1686.0,1700.25,1699.7,1714.62,321723,5516.34,10667,82278,25.57
2021-01-15,ASTRAL, EQ, 15-Jan-2021,1699.7,1699.0,1713.85,1670.95,1699.3,1694.55,1691.7,78648,1330.49,11831,33424,42.5
2021-01-18,ASTRAL, EQ, 18-Jan-2021,1694.55,1670.0,1679.95,1608.0,1614.5,1612.95,1623.8,197863,3212.9,22805,104483,52.81
2021-01-19,ASTRAL, EQ, 19-Jan-2021,1612.95,1615.05,1666.0,1615.05,1652.5,1647.35,1645.07,79423,1306.56,9847,33191,41.79
2021-01-20,ASTRAL, EQ, 20-Jan-2021,1647.35,1650.0,1727.05,1650.0,1698.0,1696.05,1696.1,107592,1824.87,11955,43026,39.99
2021-01-21,ASTRAL, EQ, 21-Jan-2021,1696.05,1700.5,1718.35,1662.0,1699.0,1697.85,1689.53,111895,1890.5,9927,66749,59.65
2021-01-22,ASTRAL, EQ, 22-Jan-2021,1697.85,1709.0,1710.0,1651.0,1666.15,1661.0,1679.97,738705,12410.05,6606,703842,95.28
2021-01-25,ASTRAL, EQ, 25-Jan-2021,1661.0,1682.6,1700.0,1635.65,1659.2,1656.45,1668.94,87287,1456.76,10659,37483,42.94
2021-01-27,ASTRAL, EQ, 27-Jan-2021,1656.45,1676.85,1685.0,1625.0,1679.9,1657.95,1650.62,105159,1735.78,10317,35026,33.31
2021-01-28,ASTRAL, EQ, 28-Jan-2021,1657.95,1688.0,1731.95,1661.0,1700.0,1693.2,1694.03,168892,2861.08,15790,56578,33.5
2021-01-29,ASTRAL, EQ, 29-Jan-2021,1693.2,1720.0,1744.8,1696.4,1705.0,1716.8,1718.44,95996,1649.64,11755,37100,38.65
2021-02-01,ASTRAL, EQ, 01-Feb-2021,1716.8,1718.55,1741.0,1705.0,1719.5,1723.15,1720.97,99384,1710.37,12592,53174,53.5
2021-02-02,ASTRAL, EQ, 02-Feb-2021,1723.15,1749.95,1804.0,1730.4,1800.0,1799.7,1776.02,160873,2857.14,13188,66556,41.37
2021-02-03,ASTRAL, EQ, 03-Feb-2021,1799.7,1878.9,2100.0,1851.25,1949.95,1944.7,1974.99,1060938,20953.47,84229,239149,22.54
2021-02-04,ASTRAL, EQ, 04-Feb-2021,1944.7,1980.0,2085.0,1905.25,2080.0,2062.1,2007.36,853950,17141.86,85125,209760,24.56
2021-02-05,ASTRAL, EQ, 05-Feb-2021,2062.1,2088.55,2155.0,1981.05,2003.0,2001.8,2074.02,383991,7964.04,37225,81377,21.19
2021-02-08,ASTRAL, EQ, 08-Feb-2021,2001.8,2041.85,2086.0,2006.65,2070.0,2068.65,2051.38,214926,4408.95,19161,100623,46.82
2021-02-09,ASTRAL, EQ, 09-Feb-2021,2068.65,2070.05,2078.95,2020.0,2030.0,2029.9,2037.81,77186,1572.9,10947,37660,48.79
2021-02-10,ASTRAL, EQ, 10-Feb-2021,2029.9,2030.15,2089.0,1998.55,2020.0,2029.1,2054.38,230921,4744.0,27874,127073,55.03
2021-02-11,ASTRAL, EQ, 11-Feb-2021,2029.1,2044.0,2059.4,2010.05,2058.95,2034.9,2028.31,145938,2960.08,14645,74288,50.9
2021-02-12,ASTRAL, EQ, 12-Feb-2021,2034.9,2055.0,2070.05,1998.65,2030.0,2018.6,2033.67,106971,2175.43,12153,50204,46.93
2021-02-15,ASTRAL, EQ, 15-Feb-2021,2018.6,2025.0,2049.75,2011.0,2030.0,2024.15,2024.45,49179,995.61,9460,24686,50.2
2021-02-16,ASTRAL, EQ, 16-Feb-2021,2024.15,2024.25,2071.0,2009.0,2012.75,2013.9,2038.26,123029,2507.65,17779,67682,55.01
2021-02-17,ASTRAL, EQ, 17-Feb-2021,2013.9,2020.0,2071.75,2015.2,2058.0,2058.55,2055.59,129814,2668.45,12219,51987,40.05
2021-02-18,ASTRAL, EQ, 18-Feb-2021,2058.55,2068.85,2087.45,2044.1,2070.0,2069.65,2068.32,141210,2920.68,18854,73289,51.9
2021-02-19,ASTRAL, EQ, 19-Feb-2021,2069.65,2069.75,2080.0,2025.0,2034.0,2031.05,2051.95,130644,2680.75,12639,86461,66.18
2021-02-22,ASTRAL, EQ, 22-Feb-2021,2031.05,2047.5,2084.0,2036.4,2070.0,2073.55,2066.49,116342,2404.2,12598,57335,49.28
2021-02-23,ASTRAL, EQ, 23-Feb-2021,2073.55,2080.0,2125.0,2041.85,2070.05,2067.0,2087.88,419846,8765.86,23934,234192,55.78
2021-02-24,ASTRAL, EQ, 24-Feb-2021,2067.0,2089.0,2124.8,2068.05,2090.0,2099.65,2088.53,73591,1536.97,5022,45962,62.46
2021-02-25,ASTRAL, EQ, 25-Feb-2021,2099.65,2105.0,2130.0,2080.0,2102.1,2116.75,2106.9,199252,4198.04,14806,92629,46.49
2021-02-26,ASTRAL, EQ, 26-Feb-2021,2116.75,2109.0,2155.0,2080.0,2130.0,2127.7,2128.71,273389,5819.65,20949,176467,64.55
2021-03-01,ASTRAL, EQ, 01-Mar-2021,2127.7,2150.85,2220.0,2142.65,2199.05,2196.9,2188.85,116757,2555.63,12956,58741,50.31
2021-03-02,ASTRAL, EQ, 02-Mar-2021,2196.9,2220.45,2220.45,2175.1,2199.0,2195.4,2193.94,91370,2004.61,9400,39591,43.33
2021-03-03,ASTRAL, EQ, 03-Mar-2021,2195.4,2211.55,2219.2,2185.25,2210.0,2205.3,2202.47,122450,2696.92,14185,58035,47.39
2021-03-04,ASTRAL, EQ, 04-Mar-2021,2205.3,2207.25,2224.9,2186.5,2216.5,2215.35,2207.38,101769,2246.43,10712,57937,56.93
2021-03-05,ASTRAL, EQ, 05-Mar-2021,2215.35,2207.0,2244.0,2181.0,2218.0,2214.25,2211.1,121936,2696.13,14515,69738,57.19
2021-03-08,ASTRAL, EQ, 08-Mar-2021,2214.25,2230.0,2334.85,2227.0,2315.0,2313.95,2306.21,315429,7274.45,30016,190845,60.5
2021-03-09,ASTRAL, EQ, 09-Mar-2021,2313.95,2349.35,2370.0,2322.1,2350.0,2348.55,2345.56,184233,4321.29,17260,106569,57.84
2021-03-10,ASTRAL, EQ, 10-Mar-2021,2348.55,2363.3,2532.0,2332.0,2498.0,2501.6,2437.67,494725,12059.78,52262,220495,44.57
2021-03-12,ASTRAL, EQ, 12-Mar-2021,2501.6,2529.3,2630.0,2450.0,2500.0,2503.25,2527.31,561273,14185.11,63712,302887,53.96
2021-03-15,ASTRAL, EQ, 15-Mar-2021,2503.25,2547.0,2594.0,2491.85,2535.0,2541.3,2549.62,549529,14010.92,42768,367907,66.95
2021-03-16,ASTRAL, EQ, 16-Mar-2021,2541.3,2560.95,2561.0,2456.2,2474.9,2473.3,2526.76,335659,8481.28,35598,217873,64.91
2021-03-17,ASTRAL, EQ, 17-Mar-2021,2473.3,2478.95,2524.7,2441.9,2481.0,2455.5,2473.55,310638,7683.79,36326,245720,79.1
2021-03-18,ASTRAL, EQ, 18-Mar-2021,2455.5,1725.65,1801.0,1700.0,1715.0,1716.2,1751.67,418612,7332.69,44250,213466,50.99
2021-03-19,ASTRAL, EQ, 19-Mar-2021,1716.2,1716.2,1761.9,1644.5,1660.9,1671.25,1676.64,1673194,28053.48,47293,795144,47.52
2021-03-22,ASTRAL, EQ, 22-Mar-2021,1671.25,1672.0,1730.0,1661.05,1705.0,1705.45,1691.05,175632,2970.02,18725,74670,42.52
2021-03-23,ASTRAL, EQ, 23-Mar-2021,1705.45,1713.0,1718.0,1660.05,1669.0,1667.55,1676.28,185103,3102.85,23795,99745,53.89
2021-03-24,ASTRAL, EQ, 24-Mar-2021,1667.55,1670.0,1670.75,1550.0,1575.05,1575.35,1604.29,274654,4406.25,28181,148325,54.0
2021-03-25,ASTRAL, EQ, 25-Mar-2021,1575.35,1575.55,1590.0,1479.0,1523.0,1516.4,1513.98,319535,4837.69,38421,164390,51.45
2021-03-26,ASTRAL, EQ, 26-Mar-2021,1516.4,1543.0,1638.75,1505.0,1605.0,1611.9,1580.54,503656,7960.5,42801,261939,52.01
2021-03-30,ASTRAL, EQ, 30-Mar-2021,1611.9,1655.0,1655.0,1545.85,1599.0,1591.65,1580.83,690471,10915.2,49313,437007,63.29
2021-03-31,ASTRAL, EQ, 31-Mar-2021,1591.65,1598.0,1695.0,1592.1,1624.0,1616.85,1630.38,402531,6562.78,38712,187776,46.65
2021-04-01,ASTRAL, EQ, 01-Apr-2021,1616.85,1649.0,1694.95,1635.05,1680.0,1685.35,1661.31,254543,4228.74,21891,153960,60.48
2021-04-05,ASTRAL, EQ, 05-Apr-2021,1685.35,1670.0,1680.0,1626.15,1636.0,1636.6,1651.14,205016,3385.1,14979,123528,60.25
2021-04-06,ASTRAL, EQ, 06-Apr-2021,1636.6,1637.0,1666.65,1551.5,1556.6,1556.6,1577.4,589398,9297.17,45375,313917,53.26
2021-04-07,ASTRAL, EQ, 07-Apr-2021,1556.6,1562.0,1607.6,1551.95,1579.0,1581.4,1580.54,156339,2471.0,16109,56587,36.2
2021-04-08,ASTRAL, EQ, 08-Apr-2021,1581.4,1600.0,1623.95,1585.15,1594.0,1594.7,1605.21,225840,3625.21,20633,98995,43.83
2021-04-09,ASTRAL, EQ, 09-Apr-2021,1594.7,1585.0,1619.45,1575.2,1597.0,1596.7,1593.19,208164,3316.44,27475,92875,44.62
2021-04-12,ASTRAL, EQ, 12-Apr-2021,1596.7,1564.85,1564.85,1505.55,1515.0,1514.9,1523.25,222394,3387.62,31327,114980,51.7
2021-04-13,ASTRAL, EQ, 13-Apr-2021,1514.9,1520.0,1531.35,1411.2,1433.0,1440.85,1444.06,931837,13456.33,94102,522755,56.1
2021-04-15,ASTRAL, EQ, 15-Apr-2021,1440.85,1446.0,1545.0,1446.0,1527.0,1525.65,1521.22,1170357,17803.73,63913,656650,56.11
2021-04-16,ASTRAL, EQ, 16-Apr-2021,1525.65,1538.0,1695.0,1535.0,1681.0,1678.05,1625.1,1121304,18222.27,57052,429132,38.27
2021-04-19,ASTRAL, EQ, 19-Apr-2021,1678.05,1619.5,1706.55,1550.0,1670.0,1680.25,1666.73,895014,14917.51,49944,253641,28.34
2021-04-20,ASTRAL, EQ, 20-Apr-2021,1680.25,1695.0,1713.15,1634.1,1658.0,1668.45,1667.66,190572,3178.09,20274,78432,41.16
2021-04-22,ASTRAL, EQ, 22-Apr-2021,1668.45,1630.0,1675.9,1623.25,1664.0,1657.75,1640.23,130151,2134.77,15575,48067,36.93
2021-04-23,ASTRAL, EQ, 23-Apr-2021,1657.75,1667.7,1749.0,1641.0,1686.0,1693.1,1699.17,323700,5500.2,34297,106394,32.87
2021-04-26,ASTRAL, EQ, 26-Apr-2021,1693.1,1705.0,1718.75,1665.0,1675.0,1676.95,1689.03,128966,2178.27,17047,47214,36.61
2021-04-27,ASTRAL, EQ, 27-Apr-2021,1676.95,1685.0,1727.3,1645.0,1677.0,1680.75,1691.46,351931,5952.76,33610,132734,37.72
2021-04-28,ASTRAL, EQ, 28-Apr-2021,1680.75,1694.0,1700.0,1650.25,1654.0,1657.95,1679.63,327872,5507.03,24010,186304,56.82
2021-04-29,ASTRAL, EQ, 29-Apr-2021,1657.95,1667.65,1681.9,1626.0,1632.95,1631.95,1642.13,169348,2780.91,27817,72592,42.87
2021-04-30,ASTRAL, EQ, 30-Apr-2021,1631.95,1640.0,1640.0,1566.75,1586.0,1579.15,1599.2,249067,3983.07,41432,156710,62.92
2021-05-03,ASTRAL, EQ, 03-May-2021,1579.15,1579.15,1614.0,1557.7,1604.0,1592.8,1586.27,221258,3509.75,23270,98262,44.41
2021-05-04,ASTRAL, EQ, 04-May-2021,1592.8,1604.7,1645.9,1565.0,1572.55,1573.45,1602.34,247947,3972.95,20432,118555,47.81
2021-05-05,ASTRAL, EQ, 05-May-2021,1573.45,1577.0,1597.45,1558.0,1571.0,1571.4,1571.68,109762,1725.11,10463,51849,47.24
2021-05-06,ASTRAL, EQ, 06-May-2021,1571.4,1581.95,1599.95,1570.0,1589.05,1583.65,1581.63,125796,1989.63,13573,50675,40.28
2021-05-07,ASTRAL, EQ, 07-May-2021,1583.65,1600.0,1605.0,1570.0,1573.45,1578.6,1583.67,116228,1840.67,8582,69017,59.38
2021-05-10,ASTRAL, EQ, 10-May-2021,1578.6,1583.1,1611.0,1560.0,1564.1,1564.1,1583.51,174160,2757.84,16309,77070,44.25
2021-05-11,ASTRAL, EQ, 11-May-2021,1564.1,1564.0,1674.0,1557.0,1648.0,1649.1,1635.62,445214,7282.02,31380,158557,35.61
2021-05-12,ASTRAL, EQ, 12-May-2021,1649.1,1669.0,1685.0,1645.0,1661.0,1664.7,1665.49,209069,3482.03,15136,84573,40.45
2021-05-14,ASTRAL, EQ, 14-May-2021,1664.7,1672.05,1719.4,1647.0,1683.0,1680.55,1687.43,326673,5512.38,31599,147733,45.22
2021-05-17,ASTRAL, EQ, 17-May-2021,1680.55,1698.5,1778.0,1690.0,1772.9,1764.55,1738.32,484055,8414.44,30172,180650,37.32
2021-05-18,ASTRAL, EQ, 18-May-2021,1764.55,1782.0,1819.95,1775.0,1807.0,1798.45,1795.86,595629,10696.64,40613,292318,49.08
2021-05-19,ASTRAL, EQ, 19-May-2021,1798.45,1850.0,1980.0,1775.55,1803.0,1815.85,1866.18,1471269,27456.47,91929,399092,27.13
2021-05-20,ASTRAL, EQ, 20-May-2021,1815.85,1814.45,1824.95,1762.4,1778.1,1771.9,1787.23,303554,5425.22,21544,114940,37.86
2021-05-21,ASTRAL, EQ, 21-May-2021,1771.9,1779.9,1792.8,1742.0,1757.9,1753.0,1766.21,321320,5675.19,31120,157814,49.11
2021-05-24,ASTRAL, EQ, 24-May-2021,1753.0,1754.6,1813.35,1754.6,1798.0,1790.75,1786.1,259887,4641.83,25599,96898,37.28
2021-05-25,ASTRAL, EQ, 25-May-2021,1790.75,1809.0,1828.15,1770.0,1825.0,1815.65,1794.17,369710,6633.22,28483,177581,48.03
2021-05-26,ASTRAL, EQ, 26-May-2021,1815.65,1816.55,1865.0,1816.55,1854.9,1850.35,1846.85,214939,3969.61,21599,95295,44.34
2021-05-27,ASTRAL, EQ, 27-May-2021,1850.35,1865.9,1919.0,1842.1,1895.0,1897.55,1902.01,508755,9676.59,38223,257113,50.54
2021-05-28,ASTRAL, EQ, 28-May-2021,1897.55,1917.0,1919.6,1866.0,1880.0,1883.2,1897.18,176114,3341.2,23671,94532,53.68
2021-05-31,ASTRAL, EQ, 31-May-2021,1883.2,1893.9,1897.2,1861.0,1872.75,1875.2,1876.36,136555,2562.27,18256,62441,45.73
2021-06-01,ASTRAL, EQ, 01-Jun-2021,1875.2,1875.0,1875.0,1843.95,1859.25,1859.25,1861.58,141541,2634.9,17469,66733,47.15
2021-06-02,ASTRAL, EQ, 02-Jun-2021,1859.25,1862.0,1905.0,1862.0,1885.15,1888.25,1888.16,176274,3328.33,19039,78890,44.75
2021-06-03,ASTRAL, EQ, 03-Jun-2021,1888.25,1897.0,1909.6,1868.1,1894.0,1892.0,1892.8,188325,3564.61,15505,112408,59.69
2021-06-04,ASTRAL, EQ, 04-Jun-2021,1892.0,1905.0,1925.0,1895.0,1900.0,1897.8,1906.22,205324,3913.92,16350,105027,51.15
2021-06-07,ASTRAL, EQ, 07-Jun-2021,1897.8,1901.0,1908.3,1883.8,1900.0,1904.5,1899.15,173045,3286.38,11112,108977,62.98
2021-06-08,ASTRAL, EQ, 08-Jun-2021,1904.5,1906.9,1934.95,1896.8,1917.0,1928.8,1917.9,266123,5103.97,21052,157802,59.3
2021-06-09,ASTRAL, EQ, 09-Jun-2021,1928.8,1922.0,1990.0,1922.0,1949.9,1943.7,1967.97,621908,12238.99,39470,271328,43.63
2021-06-10,ASTRAL, EQ, 10-Jun-2021,1943.7,1960.0,1990.0,1952.3,1970.0,1975.05,1976.01,290271,5735.79,22943,155174,53.46
2021-06-11,ASTRAL, EQ, 11-Jun-2021,1975.05,1984.9,2030.0,1921.0,1936.0,1934.85,1956.36,527555,10320.89,47351,246590,46.74
2021-06-14,ASTRAL, EQ, 14-Jun-2021,1934.85,1946.5,1955.5,1890.0,1945.0,1948.55,1930.97,267011,5155.91,24102,135943,50.91
2021-06-15,ASTRAL, EQ, 15-Jun-2021,1948.55,1960.0,1965.0,1940.65,1949.0,1950.7,1952.38,273524,5340.24,39468,175144,64.03
2021-06-16,ASTRAL, EQ, 16-Jun-2021,1950.7,1955.7,1973.0,1922.0,1955.0,1959.75,1953.1,250959,4901.47,26756,147556,58.8
2021-06-17,ASTRAL, EQ, 17-Jun-2021,1959.75,1967.0,1989.8,1947.15,1977.0,1974.0,1971.17,298409,5882.15,26966,183397,61.46
2021-06-18,ASTRAL, EQ, 18-Jun-2021,1974.0,1978.0,1989.15,1923.0,1984.0,1980.45,1973.86,484038,9554.21,30606,320668,66.25
2021-06-21,ASTRAL, EQ, 21-Jun-2021,1980.45,1965.0,2023.1,1958.0,1988.6,1986.8,1989.15,181715,3614.59,24521,77263,42.52
2021-06-22,ASTRAL, EQ, 22-Jun-2021,1986.8,2013.7,2013.7,1972.0,1990.05,1995.55,1991.21,168728,3359.73,27441,94920,56.26
2021-06-23,ASTRAL, EQ, 23-Jun-2021,1995.55,2005.15,2005.15,1975.35,1980.0,1979.35,1990.01,215505,4288.56,27143,126803,58.84
2021-06-24,ASTRAL, EQ, 24-Jun-2021,1979.35,1990.0,1990.0,1912.7,1928.75,1929.2,1948.15,344794,6717.09,35408,201646,58.48
2021-06-25,ASTRAL, EQ, 25-Jun-2021,1929.2,1950.0,1950.05,1886.1,1920.45,1920.05,1911.13,211592,4043.8,20602,96667,45.69
2021-06-28,ASTRAL, EQ, 28-Jun-2021,1920.05,1925.0,1968.8,1921.0,1949.65,1946.05,1949.92,205508,4007.23,19125,126844,61.72
2021-06-29,ASTRAL, EQ, 29-Jun-2021,1946.05,1956.0,1974.6,1917.1,1931.0,1926.4,1944.34,234433,4558.16,24037,159599,68.08
2021-06-30,ASTRAL, EQ, 30-Jun-2021,1926.4,1943.95,2004.5,1922.0,1990.0,1989.55,1968.32,537912,10587.83,45180,287359,53.42
2021-07-01,ASTRAL, EQ, 01-Jul-2021,1989.55,2004.0,2039.0,1975.1,2025.0,2024.2,2009.5,213548,4291.26,21963,105501,49.4
2021-07-02,ASTRAL, EQ, 02-Jul-2021,2024.2,2024.0,2054.2,1987.65,2036.15,2040.8,2023.87,291942,5908.52,19965,179061,61.33
2021-07-05,ASTRAL, EQ, 05-Jul-2021,2040.8,2049.8,2065.0,2016.0,2038.95,2044.1,2040.91,159242,3249.98,17662,82678,51.92
2021-07-06,ASTRAL, EQ, 06-Jul-2021,2044.1,2049.6,2075.0,2028.05,2072.0,2069.0,2060.19,143729,2961.09,16031,73194,50.93
2021-07-07,ASTRAL, EQ, 07-Jul-2021,2069.0,2072.0,2085.2,2016.9,2045.25,2031.0,2057.53,181204,3728.32,23160,83256,45.95
2021-07-08,ASTRAL, EQ, 08-Jul-2021,2031.0,2044.75,2059.7,2016.0,2035.0,2031.6,2034.99,128518,2615.33,14000,67333,52.39
2021-07-09,ASTRAL, EQ, 09-Jul-2021,2031.6,2041.2,2047.4,2011.3,2037.0,2033.65,2034.61,76057,1547.47,9404,33713,44.33
2021-07-12,ASTRAL, EQ, 12-Jul-2021,2033.65,2038.0,2049.85,2012.0,2029.8,2031.6,2027.18,120372,2440.16,16001,70449,58.53
2021-07-13,ASTRAL, EQ, 13-Jul-2021,2031.6,2055.0,2134.0,2020.1,2044.0,2046.0,2077.3,591895,12295.45,47043,223254,37.72
2021-07-14,ASTRAL, EQ, 14-Jul-2021,2046.0,2059.5,2100.0,2046.0,2099.0,2097.95,2078.37,232813,4838.71,24054,114009,48.97
2021-07-15,ASTRAL, EQ, 15-Jul-2021,2097.95,2109.8,2114.9,2075.0,2100.0,2101.85,2097.44,143354,3006.77,16729,76668,53.48
2021-07-16,ASTRAL, EQ, 16-Jul-2021,2101.85,2114.95,2118.0,2055.2,2100.0,2084.7,2085.33,154757,3227.19,22302,79080,51.1
2021-07-19,ASTRAL, EQ, 19-Jul-2021,2084.7,2090.0,2109.35,2051.0,2052.85,2056.55,2079.06,161657,3360.95,15210,97552,60.35
2021-07-20,ASTRAL, EQ, 20-Jul-2021,2056.55,2057.0,2068.85,1975.0,2032.9,2031.8,2018.11,221422,4468.53,25919,111955,50.56
2021-07-22,ASTRAL, EQ, 22-Jul-2021,2031.8,2051.0,2079.95,2027.15,2051.75,2048.5,2059.42,181241,3732.51,30669,102763,56.7
2021-07-23,ASTRAL, EQ, 23-Jul-2021,2048.5,2067.0,2067.0,2002.3,2012.35,2012.45,2031.02,173628,3526.41,27149,93763,54.0
2021-07-26,ASTRAL, EQ, 26-Jul-2021,2012.45,2020.0,2119.4,2013.8,2054.65,2051.6,2071.43,448564,9291.7,37029,200850,44.78
2021-07-27,ASTRAL, EQ, 27-Jul-2021,2051.6,2052.15,2075.0,2015.0,2023.0,2029.8,2049.34,212227,4349.26,22883,117911,55.56
2021-07-28,ASTRAL, EQ, 28-Jul-2021,2029.8,2035.0,2042.95,1966.3,2030.0,2031.55,2013.46,249113,5015.78,29727,140850,56.54
2021-07-29,ASTRAL, EQ, 29-Jul-2021,2031.55,2048.0,2092.0,2038.1,2066.0,2072.5,2062.25,227987,4701.67,24511,134890,59.17
2021-07-30,ASTRAL, EQ, 30-Jul-2021,2072.5,2075.0,2094.0,2060.05,2071.1,2081.75,2077.71,315921,6563.94,26474,214040,67.75
2021-08-02,ASTRAL, EQ, 02-Aug-2021,2081.75,2085.5,2243.25,2072.5,2200.0,2179.7,2159.39,709339,15317.38,49517,295224,41.62
2021-08-03,ASTRAL, EQ, 03-Aug-2021,2179.7,2213.4,2276.7,2191.4,2238.0,2220.95,2237.15,583625,13056.58,56042,191738,32.85
2021-08-04,ASTRAL, EQ, 04-Aug-2021,2220.95,2250.0,2294.4,2230.3,2238.15,2239.6,2264.52,565685,12810.03,51767,255937,45.24
2021-08-05,ASTRAL, EQ, 05-Aug-2021,2239.6,2255.0,2255.0,2132.75,2208.4,2190.1,2192.84,323530,7094.5,44227,115568,35.72
2021-08-06,ASTRAL, EQ, 06-Aug-2021,2190.1,2219.0,2268.05,2160.0,2248.2,2245.25,2229.44,438370,9773.21,35916,170608,38.92
2021-08-09,ASTRAL, EQ, 09-Aug-2021,2245.25,2219.0,2222.9,2131.7,2158.0,2150.35,2171.3,411802,8941.45,50942,173063,42.03
2021-08-10,ASTRAL, EQ, 10-Aug-2021,2150.35,2145.0,2162.0,2053.45,2084.0,2065.65,2108.05,335431,7071.06,43131,162236,48.37
2021-08-11,ASTRAL, EQ, 11-Aug-2021,2065.65,2065.0,2089.7,1950.0,1970.4,1966.25,1981.79,539432,10690.42,60928,267032,49.5
2021-08-12,ASTRAL, EQ, 12-Aug-2021,1966.25,1995.0,2015.0,1951.1,1991.5,1990.95,1989.22,543011,10801.68,45978,291427,53.67
2021-08-13,ASTRAL, EQ, 13-Aug-2021,1990.95,2011.0,2053.35,1996.05,2035.1,2035.85,2033.24,307797,6258.25,32659,144721,47.02
2021-08-16,ASTRAL, EQ, 16-Aug-2021,2035.85,2051.05,2077.0,2034.0,2045.5,2040.55,2048.29,262536,5377.49,18273,154924,59.01
2021-08-17,ASTRAL, EQ, 17-Aug-2021,2040.55,2049.0,2080.0,2040.3,2045.0,2054.6,2057.83,308725,6353.04,38362,206824,66.99
2021-08-18,ASTRAL, EQ, 18-Aug-2021,2054.6,2056.4,2075.15,2041.1,2070.0,2071.15,2062.56,205374,4235.96,16580,134822,65.65
2021-08-20,ASTRAL, EQ, 20-Aug-2021,2071.15,2050.0,2074.85,2036.3,2058.7,2061.45,2059.76,170390,3509.63,23504,107624,63.16
2021-08-23,ASTRAL, EQ, 23-Aug-2021,2061.45,2074.25,2084.95,1965.0,1996.05,2018.9,2006.6,279989,5618.26,37458,142495,50.89
2021-08-24,ASTRAL, EQ, 24-Aug-2021,2018.9,2009.0,2009.0,1955.0,1969.95,1972.6,1969.67,501956,9886.88,38011,329908,65.72
2021-08-25,ASTRAL, EQ, 25-Aug-2021,1972.6,1975.0,2009.3,1972.0,1979.9,1980.5,1991.52,333438,6640.47,23157,222885,66.84
2021-08-26,ASTRAL, EQ, 26-Aug-2021,1980.5,1980.5,1994.75,1947.6,1960.0,1971.5,1977.01,210356,4158.76,21506,132009,62.76
2021-08-27,ASTRAL, EQ, 27-Aug-2021,1971.5,1969.0,2007.0,1954.15,1972.9,1982.05,1979.99,434803,8609.06,24552,305349,70.23
2021-08-30,ASTRAL, EQ, 30-Aug-2021,1982.05,1978.85,2038.65,1974.0,2019.0,2006.0,2010.49,348055,6997.6,29525,188993,54.3
2021-08-31,ASTRAL, EQ, 31-Aug-2021,2006.0,2030.0,2050.0,2010.0,2040.0,2041.1,2031.15,368007,7474.79,28272,219556,59.66
2021-09-01,ASTRAL, EQ, 01-Sep-2021,2041.1,2053.4,2160.0,2042.0,2107.0,2110.3,2093.75,723180,15141.55,37513,403499,55.8
2021-09-02,ASTRAL, EQ, 02-Sep-2021,2110.3,2115.0,2130.95,2085.05,2109.95,2108.1,2107.8,466028,9822.94,17159,342186,73.43
2021-09-03,ASTRAL, EQ, 03-Sep-2021,2108.1,2117.75,2140.0,2090.0,2100.0,2100.3,2117.88,276936,5865.16,30124,103300,37.3
2021-09-06,ASTRAL, EQ, 06-Sep-2021,2100.3,2120.4,2153.6,2106.0,2120.0,2117.1,2130.36,296288,6312.01,26131,134727,45.47
2021-09-07,ASTRAL, EQ, 07-Sep-2021,2117.1,2120.0,2136.0,2051.0,2078.75,2077.55,2078.43,251020,5217.28,28313,119500,47.61
2021-09-08,ASTRAL, EQ, 08-Sep-2021,2077.55,2077.55,2112.6,2060.7,2076.0,2073.65,2084.83,169943,3543.03,25081,92985,54.72
2021-09-09,ASTRAL, EQ, 09-Sep-2021,2073.65,2065.45,2100.7,2046.05,2048.0,2049.5,2060.34,276219,5691.06,31166,148404,53.73
2021-09-13,ASTRAL, EQ, 13-Sep-2021,2049.5,2061.0,2149.0,2025.0,2135.4,2135.6,2098.7,715396,15014.0,52687,367246,51.33
2021-09-14,ASTRAL, EQ, 14-Sep-2021,2135.6,2157.0,2157.0,2098.0,2107.5,2107.05,2116.57,262781,5561.93,34065,136801,52.06
2021-09-15,ASTRAL, EQ, 15-Sep-2021,2107.05,2117.0,2136.9,2090.0,2129.0,2124.1,2118.45,219457,4649.09,16795,124099,56.55
2021-09-16,ASTRAL, EQ, 16-Sep-2021,2124.1,2138.0,2155.4,2112.3,2125.5,2127.5,2131.77,150079,3199.34,19828,71666,47.75
2021-09-17,ASTRAL, EQ, 17-Sep-2021,2127.5,2138.0,2149.0,2076.75,2115.2,2120.75,2114.21,374693,7921.79,26710,237764,63.46
2021-09-20,ASTRAL, EQ, 20-Sep-2021,2120.75,2106.4,2145.5,2038.1,2051.0,2064.0,2076.2,378033,7848.71,33796,158849,42.02
2021-09-21,ASTRAL, EQ, 21-Sep-2021,2064.0,2050.0,2090.0,1913.0,2087.0,2073.8,2019.53,390343,7883.1,41248,161459,41.36
2021-09-22,ASTRAL, EQ, 22-Sep-2021,2073.8,2084.7,2173.95,2066.5,2135.65,2130.0,2131.06,606168,12917.79,35024,274035,45.21
2021-09-23,ASTRAL, EQ, 23-Sep-2021,2130.0,2146.35,2150.0,2080.05,2109.0,2109.75,2121.12,452222,9592.19,28926,242432,53.61
2021-09-24,ASTRAL, EQ, 24-Sep-2021,2109.75,2128.0,2178.0,2098.0,2128.9,2124.65,2139.26,528838,11313.21,31813,230501,43.59
2021-09-27,ASTRAL, EQ, 27-Sep-2021,2124.65,2137.0,2143.0,2034.45,2088.25,2104.75,2076.82,549961,11421.68,38748,262722,47.77
2021-09-28,ASTRAL, EQ, 28-Sep-2021,2104.75,2100.25,2111.05,2055.25,2106.0,2104.05,2089.57,346485,7240.06,22161,196317,56.66
2021-09-29,ASTRAL, EQ, 29-Sep-2021,2104.05,2089.8,2158.2,2041.5,2142.2,2143.35,2103.57,912677,19198.76,44710,527658,57.81
2021-09-30,ASTRAL, EQ, 30-Sep-2021,2143.35,2158.85,2228.0,2130.4,2162.35,2160.4,2176.24,660968,14384.22,56540,209301,31.67
2021-10-01,ASTRAL, EQ, 01-Oct-2021,2160.4,2154.0,2210.0,2140.0,2196.55,2199.8,2188.28,313414,6858.36,33675,152726,48.73
2021-10-04,ASTRAL, EQ, 04-Oct-2021,2199.8,2216.15,2415.0,2197.9,2362.0,2354.0,2353.59,1713217,40322.15,134250,537022,31.35
2021-10-05,ASTRAL, EQ, 05-Oct-2021,2354.0,2359.0,2433.8,2345.4,2368.5,2365.35,2380.88,573532,13655.12,53127,228107,39.77
2021-10-06,ASTRAL, EQ, 06-Oct-2021,2365.35,2370.0,2379.25,2240.0,2242.5,2246.05,2277.64,591438,13470.82,58634,245326,41.48
2021-10-07,ASTRAL, EQ, 07-Oct-2021,2246.05,2263.0,2265.3,2213.0,2240.0,2237.85,2237.36,516085,11546.71,42135,273910,53.07
2021-10-08,ASTRAL, EQ, 08-Oct-2021,2237.85,2253.95,2280.0,2210.0,2247.0,2249.35,2245.94,384293,8631.0,30351,165654,43.11
2021-10-11,ASTRAL, EQ, 11-Oct-2021,2249.35,2258.0,2299.0,2255.0,2268.6,2270.65,2277.56,197595,4500.34,20625,75909,38.42
2021-10-12,ASTRAL, EQ, 12-Oct-2021,2270.65,2271.0,2294.95,2241.8,2275.2,2277.6,2274.9,301572,6860.47,25480,160238,53.13
2021-10-13,ASTRAL, EQ, 13-Oct-2021,2277.6,2260.0,2340.85,2259.05,2326.0,2318.45,2306.21,324645,7486.98,33326,116727,35.96
2021-10-14,ASTRAL, EQ, 14-Oct-2021,2318.45,2344.0,2430.0,2325.65,2344.9,2338.3,2363.77,675490,15967.05,50597,279356,41.36
2021-10-18,ASTRAL, EQ, 18-Oct-2021,2338.3,2369.9,2409.4,2315.8,2377.95,2382.75,2369.61,517379,12259.85,50780,220398,42.6
2021-10-19,ASTRAL, EQ, 19-Oct-2021,2382.75,2384.0,2429.9,2230.85,2255.0,2249.1,2314.72,623199,14425.3,65111,276177,44.32
2021-10-20,ASTRAL, EQ, 20-Oct-2021,2249.1,2300.0,2329.0,2150.65,2182.0,2187.95,2215.14,1038438,23002.86,78637,556218,53.56
2021-10-21,ASTRAL, EQ, 21-Oct-2021,2187.95,2187.95,2200.0,2076.85,2180.0,2167.05,2133.29,503286,10736.54,55178,243641,48.41
2021-10-22,ASTRAL, EQ, 22-Oct-2021,2167.05,2160.2,2205.0,2132.4,2191.0,2192.55,2171.43,328726,7138.05,36403,178019,54.15
2021-10-25,ASTRAL, EQ, 25-Oct-2021,2192.55,2198.0,2228.1,2085.0,2129.75,2137.45,2131.22,358704,7644.76,39131,169175,47.16
2021-10-26,ASTRAL, EQ, 26-Oct-2021,2137.45,2153.85,2177.5,2097.55,2155.0,2128.5,2127.15,255152,5427.45,28301,118206,46.33
2021-10-27,ASTRAL, EQ, 27-Oct-2021,2128.5,2150.65,2176.15,2135.0,2164.0,2158.35,2157.83,233492,5038.35,22604,125108,53.58
2021-10-28,ASTRAL, EQ, 28-Oct-2021,2158.35,2171.0,2209.75,2154.05,2192.0,2189.65,2190.01,374902,8210.38,27059,200610,53.51
2021-10-29,ASTRAL, EQ, 29-Oct-2021,2189.65,2180.1,2207.0,2132.05,2184.0,2184.65,2185.13,159018,3474.75,22240,65071,40.92
2021-11-01,ASTRAL, EQ, 01-Nov-2021,2184.65,2185.0,2263.0,2185.0,2230.0,2235.2,2232.31,550612,12291.35,41484,280740,50.99
2021-11-02,ASTRAL, EQ, 02-Nov-2021,2235.2,2234.9,2239.95,2201.0,2212.0,2226.65,2221.95,360103,8001.32,35340,256437,71.21
2021-11-03,ASTRAL, EQ, 03-Nov-2021,2226.65,2226.0,2265.0,2207.0,2252.9,2251.3,2241.91,437864,9816.53,28441,271334,61.97
2021-11-08,ASTRAL, EQ, 08-Nov-2021,2257.95,2272.0,2272.0,2218.0,2267.1,2266.0,2251.41,352664,7939.91,38829,150847,42.77
2021-11-09,ASTRAL, EQ, 09-Nov-2021,2266.0,2266.0,2308.95,2253.0,2300.8,2299.15,2288.66,324400,7424.41,30069,157289,48.49
2021-11-10,ASTRAL, EQ, 10-Nov-2021,2299.15,2303.0,2316.95,2258.0,2300.65,2300.2,2293.38,238578,5471.51,25947,81767,34.27
2021-11-11,ASTRAL, EQ, 11-Nov-2021,2300.2,2298.0,2307.2,2154.15,2229.5,2225.6,2212.83,565655,12516.99,47730,218745,38.67
2021-11-12,ASTRAL, EQ, 12-Nov-2021,2225.6,2350.0,2350.0,2240.0,2294.0,2295.25,2277.95,1224778,27899.86,88973,294326,24.03
2021-11-15,ASTRAL, EQ, 15-Nov-2021,2295.25,2301.0,2363.9,2300.0,2310.35,2309.3,2327.34,357734,8325.68,32809,91070,25.46
2021-11-16,ASTRAL, EQ, 16-Nov-2021,2309.3,2310.0,2345.0,2310.0,2324.4,2335.3,2328.97,249338,5807.02,23694,134532,53.96
2021-11-17,ASTRAL, EQ, 17-Nov-2021,2335.3,2328.0,2359.65,2280.0,2285.95,2291.85,2340.14,595798,13942.5,20818,137323,23.05
2021-11-18,ASTRAL, EQ, 18-Nov-2021,2291.85,2291.85,2312.0,2252.0,2310.95,2304.85,2287.96,260251,5954.44,18940,113590,43.65
2021-11-22,ASTRAL, EQ, 22-Nov-2021,2304.85,2304.0,2310.0,2200.0,2226.95,2228.05,2270.27,716507,16266.65,45390,243027,33.92
2021-11-23,ASTRAL, EQ, 23-Nov-2021,2228.05,2175.0,2250.0,2145.4,2216.0,2227.2,2193.91,818756,17962.76,71621,166658,20.36
2021-11-24,ASTRAL, EQ, 24-Nov-2021,2227.2,2200.0,2217.0,2170.85,2179.0,2184.3,2193.84,260363,5711.95,33245,83355,32.01
2021-11-25,ASTRAL, EQ, 25-Nov-2021,2184.3,2194.0,2210.0,2150.0,2199.0,2198.55,2179.13,242838,5291.75,30136,97744,40.25
2021-11-26,ASTRAL, EQ, 26-Nov-2021,2198.55,2160.0,2215.55,2106.0,2148.45,2141.4,2176.29,269287,5860.46,33551,103890,38.58
2021-11-29,ASTRAL, EQ, 29-Nov-2021,2141.4,2099.15,2146.0,2060.05,2120.0,2115.85,2109.53,261425,5514.85,33452,91626,35.05
2021-11-30,ASTRAL, EQ, 30-Nov-2021,2115.85,2125.0,2207.1,2120.0,2195.0,2197.7,2185.62,389254,8507.6,50425,217114,55.78
2021-12-01,ASTRAL, EQ, 01-Dec-2021,2197.7,2195.0,2225.0,2174.65,2212.0,2214.1,2204.85,212194,4678.55,26938,80804,38.08
2021-12-02,ASTRAL, EQ, 02-Dec-2021,2214.1,2191.0,2247.9,2191.0,2245.0,2233.35,2230.25,165626,3693.88,17230,72596,43.83
2021-12-03,ASTRAL, EQ, 03-Dec-2021,2233.35,2245.0,2260.0,2207.7,2223.1,2229.5,2237.15,123273,2757.8,14192,59802,48.51
2021-12-06,ASTRAL, EQ, 06-Dec-2021,2229.5,2240.0,2242.65,2198.05,2206.4,2202.05,2208.24,88340,1950.76,10479,40182,45.49
2021-12-07,ASTRAL, EQ, 07-Dec-2021,2202.05,2219.05,2225.0,2191.0,2210.05,2206.35,2207.21,157484,3476.0,16419,76929,48.85
2021-12-08,ASTRAL, EQ, 08-Dec-2021,2206.35,2226.0,2255.9,2222.0,2227.0,2229.8,2239.58,150889,3379.28,15511,72138,47.81
2021-12-09,ASTRAL, EQ, 09-Dec-2021,2229.8,2240.0,2240.0,2191.0,2228.0,2224.0,2215.38,127262,2819.34,17522,53452,42.0
2021-12-10,ASTRAL, EQ, 10-Dec-2021,2224.0,2224.0,2294.45,2205.0,2291.0,2276.8,2251.33,401004,9027.94,36731,172749,43.08
2021-12-13,ASTRAL, EQ, 13-Dec-2021,2276.8,2299.0,2336.95,2223.65,2239.9,2233.75,2289.64,453890,10392.43,42029,165455,36.45
2021-12-14,ASTRAL, EQ, 14-Dec-2021,2233.75,2232.0,2263.15,2192.95,2246.1,2248.3,2238.06,241135,5396.74,25451,111894,46.4
2021-12-15,ASTRAL, EQ, 15-Dec-2021,2248.3,2252.0,2278.0,2215.25,2246.8,2265.55,2252.6,253897,5719.27,19486,148173,58.36
2021-12-16,ASTRAL, EQ, 16-Dec-2021,2265.55,2259.7,2308.6,2246.1,2276.7,2276.8,2272.61,199831,4541.38,27144,87116,43.59
2021-12-17,ASTRAL, EQ, 17-Dec-2021,2276.8,2265.0,2274.7,2221.15,2244.65,2241.1,2241.24,269834,6047.64,21875,165474,61.32
2021-12-20,ASTRAL, EQ, 20-Dec-2021,2241.1,2235.0,2235.0,2060.0,2095.0,2097.0,2095.36,616581,12919.6,68447,266697,43.25
2021-12-21,ASTRAL, EQ, 21-Dec-2021,2097.0,2143.15,2143.15,2075.5,2103.0,2105.0,2102.85,256489,5393.57,26197,104497,40.74
2021-12-22,ASTRAL, EQ, 22-Dec-2021,2105.0,2125.0,2155.9,2106.0,2144.0,2149.15,2132.51,163979,3496.87,18794,76617,46.72
2021-12-23,ASTRAL, EQ, 23-Dec-2021,2149.15,2154.7,2176.85,2138.0,2161.75,2161.4,2157.13,153203,3304.79,17888,66890,43.66
2021-12-24,ASTRAL, EQ, 24-Dec-2021,2161.4,2161.0,2165.3,2114.8,2118.2,2118.55,2124.42,138187,2935.68,17963,60326,43.66
2021-12-27,ASTRAL, EQ, 27-Dec-2021,2118.55,2109.0,2150.0,2092.95,2136.0,2135.55,2131.83,143712,3063.7,16034,59344,41.29
2021-12-28,ASTRAL, EQ, 28-Dec-2021,2135.55,2148.4,2295.5,2140.05,2225.0,2235.9,2242.15,947036,21233.97,50937,226822,23.95
2021-12-29,ASTRAL, EQ, 29-Dec-2021,2235.9,2220.0,2310.0,2220.0,2279.0,2276.05,2276.14,502238,11431.63,34230,171780,34.2
2021-12-30,ASTRAL, EQ, 30-Dec-2021,2276.05,2276.05,2304.0,2260.0,2275.0,2271.35,2280.43,203173,4633.21,16765,67021,32.99
2021-12-31,ASTRAL, EQ, 31-Dec-2021,2271.35,2275.0,2314.0,2260.0,2288.0,2281.8,2285.09,187474,4283.96,22491,88383,47.14
2022-01-03,ASTRAL, EQ, 03-Jan-2022,2281.8,2300.0,2357.45,2287.65,2332.05,2332.15,2320.49,263893,6123.61,19480,107429,40.71
2022-01-04,ASTRAL, EQ, 04-Jan-2022,2332.15,2348.95,2444.0,2301.1,2390.0,2396.65,2401.06,827150,19860.35,59946,278514,33.67
2022-01-05,ASTRAL, EQ, 05-Jan-2022,2396.65,2399.75,2468.0,2368.15,2415.0,2419.3,2429.21,641490,15583.15,46039,213047,33.21
2022-01-06,ASTRAL, EQ, 06-Jan-2022,2419.3,2413.95,2448.85,2371.0,2412.0,2416.1,2414.7,493696,11921.28,36710,264605,53.6
2022-01-07,ASTRAL, EQ, 07-Jan-2022,2416.1,2412.0,2450.55,2395.15,2437.8,2436.5,2428.12,377819,9173.89,29830,171884,45.49
2022-01-10,ASTRAL, EQ, 10-Jan-2022,2436.5,2436.5,2471.45,2433.0,2452.4,2453.9,2457.97,463006,11380.53,36829,233247,50.38
2022-01-11,ASTRAL, EQ, 11-Jan-2022,2453.9,2469.05,2512.4,2436.25,2456.85,2452.65,2486.26,619575,15404.25,42531,266493,43.01
2022-01-12,ASTRAL, EQ, 12-Jan-2022,2452.65,2478.35,2494.0,2445.2,2484.2,2485.6,2472.4,300468,7428.76,28003,149470,49.75
2022-01-13,ASTRAL, EQ, 13-Jan-2022,2485.6,2490.0,2524.95,2464.25,2486.0,2483.45,2495.71,410140,10235.89,33477,203759,49.68
2022-01-14,ASTRAL, EQ, 14-Jan-2022,2483.45,2490.0,2508.95,2450.0,2481.5,2467.9,2479.43,328244,8138.59,29788,183119,55.79
2022-01-17,ASTRAL, EQ, 17-Jan-2022,2467.9,2478.8,2524.95,2457.45,2474.5,2465.1,2484.35,428229,10638.72,32658,236531,55.23
2022-01-18,ASTRAL, EQ, 18-Jan-2022,2465.1,2475.0,2478.05,2410.0,2443.0,2431.15,2440.32,293379,7159.38,42569,137748,46.95
2022-01-19,ASTRAL, EQ, 19-Jan-2022,2431.15,2431.15,2450.0,2382.2,2395.0,2391.35,2416.71,268489,6488.59,41080,119406,44.47
2022-01-20,ASTRAL, EQ, 20-Jan-2022,2391.35,2398.75,2450.0,2384.0,2450.0,2443.85,2422.75,268372,6501.99,42249,119273,44.44
2022-01-21,ASTRAL, EQ, 21-Jan-2022,2443.85,2444.75,2444.75,2357.05,2376.0,2376.95,2396.15,281082,6735.16,32312,139195,49.52
2022-01-24,ASTRAL, EQ, 24-Jan-2022,2376.95,2378.0,2378.0,2150.2,2152.0,2172.3,2223.03,683925,15203.83,79585,286953,41.96
2022-01-25,ASTRAL, EQ, 25-Jan-2022,2172.3,2170.0,2178.0,2042.55,2110.0,2112.2,2109.9,772069,16289.88,91119,329701,42.7
2022-01-27,ASTRAL, EQ, 27-Jan-2022,2112.2,2110.0,2110.05,2050.0,2079.0,2073.75,2076.61,567543,11785.68,60114,302033,53.22
2022-01-28,ASTRAL, EQ, 28-Jan-2022,2073.75,2092.0,2145.95,2092.0,2107.0,2100.3,2117.53,524131,11098.65,43707,218568,41.7
2022-01-31,ASTRAL, EQ, 31-Jan-2022,2100.3,2146.4,2179.0,2124.4,2162.7,2159.45,2149.64,356637,7666.42,28821,170007,47.67
2022-02-01,ASTRAL, EQ, 01-Feb-2022,2159.45,2195.5,2198.95,2132.8,2189.0,2181.9,2167.11,335356,7267.54,33377,128488,38.31
2022-02-02,ASTRAL, EQ, 02-Feb-2022,2181.9,2200.6,2239.3,2175.0,2218.1,2220.1,2210.37,334240,7387.94,37422,127588,38.17
2022-02-03,ASTRAL, EQ, 03-Feb-2022,2220.1,2235.0,2235.0,2170.05,2182.0,2184.25,2197.31,355057,7801.71,24760,175666,49.48
2022-02-04,ASTRAL, EQ, 04-Feb-2022,2184.25,2171.0,2199.0,2139.5,2184.0,2180.6,2178.07,334860,7293.49,31898,116586,34.82
2022-02-07,ASTRAL, EQ, 07-Feb-2022,2180.6,2160.0,2178.3,2071.0,2113.0,2110.0,2115.05,392740,8306.66,41100,157650,40.14
2022-02-08,ASTRAL, EQ, 08-Feb-2022,2110.0,2081.15,2134.75,2075.0,2125.0,2120.15,2103.86,342518,7206.12,35716,146264,42.7
2022-02-09,ASTRAL, EQ, 09-Feb-2022,2120.15,2120.15,2155.0,2100.85,2145.8,2134.45,2125.12,395723,8409.61,41303,224741,56.79
2022-02-10,ASTRAL, EQ, 10-Feb-2022,2134.45,2150.5,2160.0,2103.15,2120.55,2122.95,2120.7,288130,6110.37,22557,165879,57.57
2022-02-11,ASTRAL, EQ, 11-Feb-2022,2122.95,2111.55,2111.55,2060.0,2069.8,2073.85,2085.99,361675,7544.51,31338,219521,60.7
2022-02-14,ASTRAL, EQ, 14-Feb-2022,2073.85,2031.0,2038.35,1966.0,1985.0,1976.25,1992.09,528852,10535.21,54390,290460,54.92
2022-02-15,ASTRAL, EQ, 15-Feb-2022,1976.25,1980.0,2000.0,1915.15,1940.0,1940.7,1939.22,687475,13331.62,59565,392268,57.06
2022-02-16,ASTRAL, EQ, 16-Feb-2022,1940.7,1968.0,1978.35,1900.0,1900.05,1905.5,1922.45,618568,11891.66,67635,271419,43.88
2022-02-17,ASTRAL, EQ, 17-Feb-2022,1905.5,1925.0,1932.95,1867.25,1873.0,1876.6,1896.8,556912,10563.49,45196,258778,46.47
2022-02-18,ASTRAL, EQ, 18-Feb-2022,1876.6,1855.3,1873.0,1805.05,1810.75,1814.25,1841.23,732937,13495.05,64399,394387,53.81
2022-02-21,ASTRAL, EQ, 21-Feb-2022,1814.25,1800.0,1844.4,1783.05,1825.25,1821.35,1818.48,603962,10982.91,53044,209215,34.64
2022-02-22,ASTRAL, EQ, 22-Feb-2022,1821.35,1768.55,1862.4,1753.55,1839.0,1845.0,1808.34,536773,9706.69,50092,281468,52.44
2022-02-23,ASTRAL, EQ, 23-Feb-2022,1845.0,1860.0,1930.0,1841.7,1908.1,1914.5,1889.61,611392,11552.9,52740,316053,51.69
2022-02-24,ASTRAL, EQ, 24-Feb-2022,1914.5,1821.0,1867.05,1765.1,1791.45,1783.2,1818.62,727156,13224.21,95332,377292,51.89
2022-02-25,ASTRAL, EQ, 25-Feb-2022,1783.2,1850.0,1921.85,1820.0,1901.0,1910.6,1876.76,507127,9517.58,53005,227199,44.8
2022-02-28,ASTRAL, EQ, 28-Feb-2022,1910.6,1900.0,1948.9,1856.0,1943.9,1941.75,1919.47,404752,7769.08,43229,170932,42.23
2022-03-02,ASTRAL, EQ, 02-Mar-2022,1941.75,1926.0,1949.1,1885.0,1917.0,1905.95,1918.71,405345,7777.41,54114,205349,50.66
2022-03-03,ASTRAL, EQ, 03-Mar-2022,1905.95,1940.0,1940.0,1860.05,1870.75,1868.95,1907.44,365730,6976.07,45819,183273,50.11
2022-03-04,ASTRAL, EQ, 04-Mar-2022,1868.95,1868.95,1880.0,1828.0,1849.95,1848.8,1848.32,348052,6433.11,36271,186192,53.5
2022-03-07,ASTRAL, EQ, 07-Mar-2022,1848.8,1814.8,1853.0,1785.05,1833.0,1828.05,1823.1,283897,5175.72,33058,134440,47.36
2022-03-08,ASTRAL, EQ, 08-Mar-2022,1828.05,1825.0,1877.0,1816.0,1833.0,1832.25,1839.5,224504,4129.76,33552,84588,37.68
2022-03-09,ASTRAL, EQ, 09-Mar-2022,1832.25,1844.0,1854.85,1826.25,1849.0,1845.8,1845.5,364179,6720.92,33105,237896,65.32
2022-03-10,ASTRAL, EQ, 10-Mar-2022,1845.8,1885.0,1945.55,1883.65,1944.0,1936.3,1920.28,829262,15924.18,55822,453208,54.65
2022-03-11,ASTRAL, EQ, 11-Mar-2022,1936.3,1949.5,1969.0,1897.35,1954.0,1955.7,1944.77,332671,6469.7,30881,76107,22.88
2022-03-14,ASTRAL, EQ, 14-Mar-2022,1955.7,1955.7,1985.0,1912.9,1969.0,1973.45,1961.45,330439,6481.4,31771,129885,39.31
2022-03-15,ASTRAL, EQ, 15-Mar-2022,1973.45,1990.0,1990.0,1923.05,1960.15,1969.8,1962.22,362577,7114.57,35573,184668,50.93
2022-03-16,ASTRAL, EQ, 16-Mar-2022,1969.8,1975.05,2049.35,1975.05,2040.55,2039.25,2027.78,344284,6981.31,34420,135361,39.32
2022-03-17,ASTRAL, EQ, 17-Mar-2022,2039.25,2047.95,2098.8,2017.75,2025.0,2029.95,2057.35,476699,9807.35,36550,257860,54.09
2022-03-21,ASTRAL, EQ, 21-Mar-2022,2029.95,2029.95,2052.95,1998.0,2004.9,2019.45,2023.76,318153,6438.66,29952,138436,43.51
2022-03-22,ASTRAL, EQ, 22-Mar-2022,2019.45,2004.9,2032.0,1979.0,2027.45,2019.65,2000.2,232524,4650.94,26539,108172,46.52
2022-03-23,ASTRAL, EQ, 23-Mar-2022,2019.65,2030.3,2045.35,1996.4,2009.0,2003.3,2018.15,221539,4471.0,24932,98011,44.24
2022-03-24,ASTRAL, EQ, 24-Mar-2022,2003.3,1990.0,2055.85,1987.15,2042.0,2036.25,2016.35,229606,4629.67,25696,133627,58.2
2022-03-25,ASTRAL, EQ, 25-Mar-2022,2036.25,2050.0,2060.1,1920.05,1964.0,1957.1,1979.02,635229,12571.31,44009,335593,52.83
2022-03-28,ASTRAL, EQ, 28-Mar-2022,1957.1,1955.0,2012.0,1941.1,2001.0,2000.4,1983.14,339588,6734.5,26529,154361,45.46
2022-03-29,ASTRAL, EQ, 29-Mar-2022,2000.4,2019.4,2019.4,1965.05,2000.9,2006.4,1994.89,234999,4687.96,26815,108788,46.29
2022-03-30,ASTRAL, EQ, 30-Mar-2022,2006.4,2019.0,2021.55,1995.35,2013.55,2011.7,2009.47,334656,6724.81,21692,225495,67.38
2022-03-31,ASTRAL, EQ, 31-Mar-2022,2011.7,2010.0,2100.0,1991.0,2023.05,2022.95,2011.13,359903,7238.11,24546,233299,64.82
2022-04-01,ASTRAL, EQ, 01-Apr-2022,2022.95,2034.0,2034.0,1976.0,1981.5,1980.7,1986.46,415551,8254.74,47140,242346,58.32
2022-04-04,ASTRAL, EQ, 04-Apr-2022,1980.7,2006.9,2014.75,1975.65,1980.0,1980.45,1994.49,383282,7644.52,41887,235538,61.45
2022-04-05,ASTRAL, EQ, 05-Apr-2022,1980.45,1995.5,2057.6,1983.0,2050.0,2045.6,2020.38,508599,10275.65,39283,253119,49.77
2022-04-06,ASTRAL, EQ, 06-Apr-2022,2045.6,2049.0,2070.0,2015.0,2052.0,2054.25,2047.37,337604,6912.01,26005,141161,41.81
2022-04-07,ASTRAL, EQ, 07-Apr-2022,2054.25,2054.05,2090.0,2045.0,2085.0,2081.1,2070.07,369602,7651.03,28079,172044,46.55
2022-04-08,ASTRAL, EQ, 08-Apr-2022,2081.1,2086.5,2114.95,2046.9,2069.8,2060.4,2088.77,388116,8106.86,25543,153879,39.65
2022-04-11,ASTRAL, EQ, 11-Apr-2022,2060.4,2075.95,2100.0,2056.0,2088.0,2086.55,2082.89,197397,4111.57,28046,102289,51.82
2022-04-12,ASTRAL, EQ, 12-Apr-2022,2086.55,2089.0,2136.0,2041.65,2130.0,2129.45,2091.31,578679,12102.0,45043,236994,40.95
2022-04-13,ASTRAL, EQ, 13-Apr-2022,2129.45,2150.0,2150.65,2126.05,2131.75,2133.7,2137.06,375320,8020.82,32470,155089,41.32
2022-04-18,ASTRAL, EQ, 18-Apr-2022,2133.7,2127.0,2127.0,2048.05,2100.0,2100.85,2086.3,282084,5885.13,24396,82496,29.25
2022-04-19,ASTRAL, EQ, 19-Apr-2022,2100.85,2103.0,2135.0,2061.0,2077.0,2088.95,2104.01,371223,7810.56,33687,96347,25.95
2022-04-20,ASTRAL, EQ, 20-Apr-2022,2088.95,2081.65,2185.0,2080.05,2163.95,2154.3,2158.1,646504,13952.2,51608,160436,24.82
2022-04-21,ASTRAL, EQ, 21-Apr-2022,2154.3,2163.95,2173.0,2112.05,2122.0,2119.95,2135.1,223020,4761.7,21235,108579,48.69
2022-04-22,ASTRAL, EQ, 22-Apr-2022,2119.95,2111.6,2201.0,2105.7,2166.0,2159.9,2163.8,436361,9441.97,40416,185414,42.49
2022-04-25,ASTRAL, EQ, 25-Apr-2022,2159.9,2145.0,2202.0,2120.0,2175.95,2182.9,2161.54,241410,5218.16,26285,110953,45.96
2022-04-26,ASTRAL, EQ, 26-Apr-2022,2182.9,2192.0,2215.0,2140.65,2148.0,2145.0,2175.52,257210,5595.65,28343,103122,40.09
2022-04-27,ASTRAL, EQ, 27-Apr-2022,2145.0,2145.0,2174.0,2123.65,2134.05,2144.25,2152.68,265161,5708.06,26502,101792,38.39
2022-04-28,ASTRAL, EQ, 28-Apr-2022,2144.25,2159.8,2188.7,2135.3,2154.0,2164.6,2162.72,224529,4855.94,19260,89177,39.72
2022-04-29,ASTRAL, EQ, 29-Apr-2022,2164.6,2168.0,2178.7,2117.0,2155.0,2153.4,2149.36,445736,9580.48,26449,308616,69.24
2022-05-02,ASTRAL, EQ, 02-May-2022,2153.4,2143.0,2154.0,2015.05,2069.9,2065.95,2058.25,577190,11880.01,44874,234610,40.65
2022-05-04,ASTRAL, EQ, 04-May-2022,2065.95,2089.55,2089.55,2008.05,2015.0,2019.25,2045.18,394822,8074.83,34088,213295,54.02
2022-05-05,ASTRAL, EQ, 05-May-2022,2019.25,2033.45,2057.0,2011.0,2024.25,2026.45,2036.42,177207,3608.68,19424,99901,56.38
2022-05-06,ASTRAL, EQ, 06-May-2022,2026.45,1985.2,1991.0,1860.0,1928.1,1925.7,1932.42,491174,9491.53,45330,280824,57.17
2022-05-09,ASTRAL, EQ, 09-May-2022,1925.7,1912.0,1922.1,1862.75,1875.0,1873.75,1880.77,532548,10015.98,40584,309138,58.05
2022-05-10,ASTRAL, EQ, 10-May-2022,1873.75,1875.0,1884.0,1838.55,1850.0,1849.8,1855.95,382098,7091.53,67215,238750,62.48
2022-05-11,ASTRAL, EQ, 11-May-2022,1849.8,1860.0,1864.65,1788.65,1840.0,1832.35,1825.32,366615,6691.91,54008,184633,50.36
2022-05-12,ASTRAL, EQ, 12-May-2022,1832.35,1829.9,1829.9,1745.0,1785.0,1783.95,1778.34,582315,10355.52,69771,328494,56.41
2022-05-13,ASTRAL, EQ, 13-May-2022,1783.95,1784.1,1804.55,1713.75,1734.0,1728.95,1760.57,659523,11611.35,64600,364081,55.2
2022-05-16,ASTRAL, EQ, 16-May-2022,1728.95,1749.0,1749.0,1688.7,1719.9,1712.75,1710.75,376571,6442.19,49827,170318,45.23
2022-05-17,ASTRAL, EQ, 17-May-2022,1712.75,1723.0,1779.0,1723.0,1753.75,1752.75,1758.53,352218,6193.87,34204,195724,55.57
2022-05-18,ASTRAL, EQ, 18-May-2022,1752.75,1771.0,1775.0,1740.0,1740.6,1748.65,1753.11,324699,5692.34,35729,177566,54.69
2022-05-19,ASTRAL, EQ, 19-May-2022,1748.65,1700.65,1725.0,1652.55,1669.45,1665.65,1681.73,375951,6322.47,51834,204379,54.36
2022-05-20,ASTRAL, EQ, 20-May-2022,1665.65,1686.05,1710.85,1670.0,1680.0,1683.7,1687.85,263556,4448.43,23310,133526,50.66
2022-05-23,ASTRAL, EQ, 23-May-2022,1683.7,1685.0,1735.0,1675.55,1700.0,1700.9,1713.89,208468,3572.91,19111,86865,41.67
2022-05-24,ASTRAL, EQ, 24-May-2022,1700.9,1720.0,1732.95,1660.0,1679.0,1675.3,1685.75,211330,3562.5,19609,81457,38.54
2022-05-25,ASTRAL, EQ, 25-May-2022,1675.3,1678.6,1685.0,1641.05,1650.5,1645.2,1652.48,291566,4818.08,29109,169199,58.03
2022-05-26,ASTRAL, EQ, 26-May-2022,1645.2,1660.0,1679.8,1609.75,1659.55,1662.35,1653.6,370782,6131.26,23862,204235,55.08
2022-05-27,ASTRAL, EQ, 27-May-2022,1662.35,1692.2,1720.0,1665.2,1707.0,1689.3,1679.16,218932,3676.21,18024,108607,49.61
2022-05-30,ASTRAL, EQ, 30-May-2022,1689.3,1720.0,1728.65,1683.55,1706.5,1698.75,1704.08,366176,6239.93,24296,159618,43.59
2022-05-31,ASTRAL, EQ, 31-May-2022,1698.75,1707.25,1758.0,1700.0,1730.0,1729.95,1729.38,444672,7690.05,29519,223365,50.23
2022-06-01,ASTRAL, EQ, 01-Jun-2022,1729.95,1714.2,1830.3,1714.2,1815.0,1810.3,1799.99,684981,12329.61,37180,146320,21.36
2022-06-02,ASTRAL, EQ, 02-Jun-2022,1810.3,1813.0,1813.0,1762.15,1771.0,1765.85,1777.44,210142,3735.14,19105,87060,41.43
2022-06-03,ASTRAL, EQ, 03-Jun-2022,1765.85,1789.8,1799.9,1740.0,1746.0,1746.05,1767.21,216703,3829.6,20528,80907,37.34
2022-06-06,ASTRAL, EQ, 06-Jun-2022,1746.05,1753.75,1753.75,1702.6,1704.45,1712.7,1722.73,119884,2065.28,12290,48678,40.6
2022-06-07,ASTRAL, EQ, 07-Jun-2022,1712.7,1710.0,1721.15,1660.1,1661.95,1667.1,1676.71,221401,3712.26,29327,102587,46.34
2022-06-08,ASTRAL, EQ, 08-Jun-2022,1667.1,1661.95,1690.0,1643.5,1680.1,1682.95,1668.58,265655,4432.66,23385,121968,45.91
2022-06-09,ASTRAL, EQ, 09-Jun-2022,1682.95,1675.0,1698.0,1637.2,1695.0,1680.7,1661.43,210544,3498.05,20699,80151,38.07
2022-06-10,ASTRAL, EQ, 10-Jun-2022,1680.7,1670.0,1675.5,1627.5,1644.65,1647.95,1646.85,352362,5802.88,29315,209091,59.34
2022-06-13,ASTRAL, EQ, 13-Jun-2022,1647.95,1622.0,1639.55,1601.55,1639.0,1635.9,1625.06,234653,3813.25,23699,114861,48.95
2022-06-14,ASTRAL, EQ, 14-Jun-2022,1635.9,1636.2,1674.5,1615.0,1632.6,1634.35,1646.67,299912,4938.57,28273,149381,49.81
2022-06-15,ASTRAL, EQ, 15-Jun-2022,1634.35,1650.0,1676.5,1631.1,1667.0,1662.9,1661.26,167150,2776.8,13906,68821,41.17
2022-06-16,ASTRAL, EQ, 16-Jun-2022,1662.9,1694.0,1694.0,1615.1,1632.8,1634.2,1649.88,205220,3385.89,24597,86597,42.2
2022-06-17,ASTRAL, EQ, 17-Jun-2022,1634.2,1625.0,1652.0,1610.55,1644.0,1632.5,1630.83,198496,3237.14,19353,75004,37.79
2022-06-20,ASTRAL, EQ, 20-Jun-2022,1632.5,1632.5,1647.0,1581.55,1617.9,1607.65,1607.99,233311,3751.63,26616,103363,44.3
2022-06-21,ASTRAL, EQ, 21-Jun-2022,1607.65,1616.1,1690.0,1616.1,1688.0,1685.2,1664.48,176640,2940.13,15774,60412,34.2
2022-06-22,ASTRAL, EQ, 22-Jun-2022,1685.2,1688.0,1690.7,1633.25,1685.0,1658.6,1656.87,258771,4287.51,21180,104190,40.26
2022-06-23,ASTRAL, EQ, 23-Jun-2022,1658.6,1658.6,1688.0,1635.0,1660.0,1660.7,1662.57,208095,3459.72,17741,91383,43.91
2022-06-24,ASTRAL, EQ, 24-Jun-2022,1660.7,1673.3,1694.45,1660.0,1661.1,1668.0,1674.86,110546,1851.49,9572,36702,33.2
2022-06-27,ASTRAL, EQ, 27-Jun-2022,1668.0,1687.0,1713.0,1675.05,1700.0,1696.35,1696.63,433950,7362.55,25212,91193,21.01
2022-06-28,ASTRAL, EQ, 28-Jun-2022,1696.35,1681.0,1694.0,1615.5,1631.05,1632.55,1655.51,758198,12552.07,37551,240456,31.71
2022-06-29,ASTRAL, EQ, 29-Jun-2022,1632.55,1623.0,1673.0,1605.2,1665.4,1668.35,1635.31,342419,5599.62,25004,147378,43.04
2022-06-30,ASTRAL, EQ, 30-Jun-2022,1668.35,1660.0,1697.55,1631.5,1651.5,1655.5,1666.27,204038,3399.81,16701,51864,25.42
2022-07-01,ASTRAL, EQ, 01-Jul-2022,1655.5,1651.0,1664.95,1639.9,1657.0,1657.65,1652.37,125312,2070.62,14214,46932,37.45
2022-07-04,ASTRAL, EQ, 04-Jul-2022,1657.65,1660.0,1736.8,1658.1,1727.0,1729.95,1706.77,248259,4237.21,23574,103101,41.53
2022-07-05,ASTRAL, EQ, 05-Jul-2022,1729.95,1729.95,1735.0,1691.0,1700.0,1696.5,1717.84,305806,5253.24,23903,183898,60.14
2022-07-06,ASTRAL, EQ, 06-Jul-2022,1696.5,1706.8,1710.45,1668.65,1704.0,1701.3,1697.18,181000,3071.9,14576,70337,38.86
2022-07-07,ASTRAL, EQ, 07-Jul-2022,1701.3,1715.75,1727.65,1690.0,1704.0,1700.75,1706.6,205178,3501.57,15822,113058,55.1
2022-07-08,ASTRAL, EQ, 08-Jul-2022,1700.75,1714.45,1721.95,1694.0,1699.0,1700.7,1701.5,265152,4511.55,15940,202711,76.45
2022-07-11,ASTRAL, EQ, 11-Jul-2022,1700.7,1706.2,1727.0,1690.5,1718.95,1714.95,1709.78,261975,4479.2,12894,163713,62.49
2022-07-12,ASTRAL, EQ, 12-Jul-2022,1714.95,1714.95,1740.0,1683.0,1716.95,1718.7,1711.68,201956,3456.84,17181,59882,29.65
2022-07-13,ASTRAL, EQ, 13-Jul-2022,1718.7,1727.05,1785.8,1690.2,1779.0,1773.2,1766.25,386176,6820.83,27908,129746,33.6
2022-07-14,ASTRAL, EQ, 14-Jul-2022,1773.2,1782.0,1782.0,1750.0,1765.0,1764.3,1762.64,175319,3090.25,14095,82358,46.98
2022-07-15,ASTRAL, EQ, 15-Jul-2022,1764.3,1775.0,1793.05,1759.2,1789.4,1787.55,1774.76,134074,2379.49,12348,54622,40.74
2022-07-18,ASTRAL, EQ, 18-Jul-2022,1787.55,1800.0,1805.0,1768.75,1779.9,1775.8,1782.55,291913,5203.5,23959,175233,60.03
2022-07-19,ASTRAL, EQ, 19-Jul-2022,1775.8,1762.1,1793.0,1752.0,1779.1,1779.35,1777.74,192380,3420.01,15854,87270,45.36
2022-07-20,ASTRAL, EQ, 20-Jul-2022,1779.35,1799.0,1801.0,1758.05,1760.0,1762.85,1782.03,446845,7962.91,31460,246956,55.27
2022-07-21,ASTRAL, EQ, 21-Jul-2022,1762.85,1765.0,1786.85,1747.5,1762.85,1754.6,1763.81,313959,5537.65,27190,149062,47.48
2022-07-22,ASTRAL, EQ, 22-Jul-2022,1754.6,1765.0,1772.0,1749.0,1750.0,1752.7,1760.01,116223,2045.54,10487,49046,42.2
2022-07-25,ASTRAL, EQ, 25-Jul-2022,1752.7,1763.0,1767.3,1713.15,1754.0,1759.75,1740.82,216077,3761.52,19875,77129,35.7
2022-07-26,ASTRAL, EQ, 26-Jul-2022,1759.75,1760.0,1764.95,1732.05,1743.65,1750.0,1747.33,154682,2702.8,12264,65964,42.64
2022-07-27,ASTRAL, EQ, 27-Jul-2022,1750.0,1750.0,1798.95,1728.0,1796.0,1793.8,1771.56,235473,4171.54,16949,96419,40.95
2022-07-28,ASTRAL, EQ, 28-Jul-2022,1793.8,1810.0,1835.95,1785.15,1795.0,1791.7,1813.93,443187,8039.12,25807,214201,48.33
2022-07-29,ASTRAL, EQ, 29-Jul-2022,1791.7,1807.75,1835.0,1800.05,1817.25,1815.5,1819.4,165587,3012.69,14767,76043,45.92
2022-08-01,ASTRAL, EQ, 01-Aug-2022,1815.5,1829.55,1895.0,1805.05,1889.5,1886.2,1869.67,385815,7213.47,27000,103094,26.72
2022-08-02,ASTRAL, EQ, 02-Aug-2022,1886.2,1885.0,1905.0,1860.0,1878.65,1890.6,1889.11,223573,4223.53,17365,94635,42.33
2022-08-03,ASTRAL, EQ, 03-Aug-2022,1890.6,1875.5,1893.45,1857.75,1883.0,1884.6,1877.44,332712,6246.48,16610,66301,19.93
2022-08-04,ASTRAL, EQ, 04-Aug-2022,1884.6,1909.0,1978.8,1901.55,1965.2,1963.2,1954.15,623440,12182.94,42483,143122,22.96
2022-08-05,ASTRAL, EQ, 05-Aug-2022,1963.2,1980.4,2001.95,1958.2,1989.0,1994.2,1982.48,315181,6248.4,20068,95968,30.45
2022-08-10,ASTRAL, EQ, 10-Aug-2022,1972.75,1984.0,1996.8,1932.0,1945.1,1943.2,1952.44,196312,3832.87,14196,104169,53.06
2022-08-11,ASTRAL, EQ, 11-Aug-2022,1943.2,1965.0,2029.0,1960.2,1985.95,1978.85,1995.69,427300,8527.58,29463,179731,42.06
2022-08-12,ASTRAL, EQ, 12-Aug-2022,1978.85,1990.6,2008.85,1972.95,2000.0,1985.55,1993.18,224673,4478.14,20170,76161,33.9
2022-08-16,ASTRAL, EQ, 16-Aug-2022,1985.55,1999.0,2011.0,1868.0,2009.0,2000.0,1942.65,906807,17616.12,59380,385692,42.53
2022-08-17,ASTRAL, EQ, 17-Aug-2022,2000.0,2012.0,2035.0,1999.5,2012.9,2014.25,2014.91,315242,6351.84,19895,128445,40.74
2022-08-18,ASTRAL, EQ, 18-Aug-2022,2014.25,2021.95,2051.0,2003.95,2038.0,2040.8,2023.73,223392,4520.85,21361,103117,46.16
2022-08-19,ASTRAL, EQ, 19-Aug-2022,2040.8,2050.0,2077.0,2030.0,2050.0,2053.8,2054.56,290875,5976.2,29463,124331,42.74
2022-08-22,ASTRAL, EQ, 22-Aug-2022,2053.8,2049.0,2070.0,2015.1,2038.15,2034.85,2037.95,229617,4679.47,20967,104721,45.61
2022-08-23,ASTRAL, EQ, 23-Aug-2022,2034.85,2005.0,2095.0,2005.0,2069.3,2063.15,2070.41,322069,6668.14,29582,87978,27.32
2022-08-24,ASTRAL, EQ, 24-Aug-2022,2063.15,2070.0,2117.35,2052.35,2110.0,2106.35,2098.03,314128,6590.51,25005,112431,35.79
2022-08-25,ASTRAL, EQ, 25-Aug-2022,2106.35,2118.6,2150.0,2081.0,2091.0,2095.65,2124.55,282331,5998.26,24310,101063,35.8
2022-08-26,ASTRAL, EQ, 26-Aug-2022,2095.65,2118.8,2138.0,2097.0,2115.0,2108.7,2115.18,138474,2928.98,12121,48972,35.37
2022-08-29,ASTRAL, EQ, 29-Aug-2022,2108.7,2000.05,2089.45,2000.05,2072.75,2064.4,2068.13,177096,3662.58,22352,69084,39.01
2022-08-30,ASTRAL, EQ, 30-Aug-2022,2064.4,2089.6,2109.0,2074.0,2088.0,2092.4,2089.97,214068,4473.96,21968,84435,39.44
2022-09-01,ASTRAL, EQ, 01-Sep-2022,2092.4,2083.6,2198.5,2080.0,2186.4,2180.9,2144.9,506960,10873.78,56319,175730,34.66
2022-09-02,ASTRAL, EQ, 02-Sep-2022,2180.9,2196.9,2325.0,2184.7,2316.0,2314.45,2296.09,1487705,34159.04,76982,192451,12.94
2022-09-05,ASTRAL, EQ, 05-Sep-2022,2314.45,2319.75,2387.0,2288.0,2296.0,2305.1,2324.66,947342,22022.46,60181,215191,22.72
2022-09-06,ASTRAL, EQ, 06-Sep-2022,2305.1,2317.95,2344.8,2301.65,2336.0,2339.5,2331.11,366583,8545.46,28264,136010,37.1
2022-09-07,ASTRAL, EQ, 07-Sep-2022,2339.5,2339.0,2463.6,2320.65,2439.0,2439.4,2394.19,740618,17731.8,52950,289287,39.06
2022-09-08,ASTRAL, EQ, 08-Sep-2022,2439.4,2456.1,2533.5,2439.4,2472.0,2471.4,2496.93,1325701,33101.78,91615,435487,32.85
2022-09-09,ASTRAL, EQ, 09-Sep-2022,2471.4,2495.0,2654.8,2479.9,2580.0,2594.15,2573.5,1722541,44329.55,98749,369593,21.46
2022-09-12,ASTRAL, EQ, 12-Sep-2022,2594.15,2584.1,2590.5,2525.0,2549.0,2552.2,2548.26,603602,15381.33,59775,214457,35.53
2022-09-13,ASTRAL, EQ, 13-Sep-2022,2552.2,2580.0,2580.0,2424.6,2450.5,2445.8,2473.2,1025704,25367.71,80886,480452,46.84
2022-09-14,ASTRAL, EQ, 14-Sep-2022,2445.8,2410.0,2445.8,2371.0,2408.0,2412.15,2404.3,1072316,25781.64,65931,427939,39.91
2022-09-15,ASTRAL, EQ, 15-Sep-2022,2412.15,2429.0,2537.95,2412.1,2503.0,2505.45,2495.72,1120523,27965.1,71502,322497,28.78
2022-09-16,ASTRAL, EQ, 16-Sep-2022,2505.45,2505.45,2509.0,2310.5,2347.7,2338.8,2374.11,1135491,26957.78,75418,433746,38.2
2022-09-19,ASTRAL, EQ, 19-Sep-2022,2338.8,2350.0,2397.8,2295.05,2376.0,2374.6,2361.15,673670,15906.37,46215,180478,26.79
2022-09-20,ASTRAL, EQ, 20-Sep-2022,2374.6,2400.0,2483.5,2400.0,2410.0,2417.95,2445.84,607406,14856.18,45734,168576,27.75
2022-09-21,ASTRAL, EQ, 21-Sep-2022,2417.95,2414.05,2427.95,2348.7,2361.0,2355.55,2379.11,447838,10654.55,31812,154715,34.55
2022-09-22,ASTRAL, EQ, 22-Sep-2022,2355.55,2355.0,2449.9,2330.0,2340.0,2342.75,2377.36,696079,16548.31,45951,228208,32.78
2022-09-23,ASTRAL, EQ, 23-Sep-2022,2342.75,2349.6,2354.0,2280.25,2312.0,2315.95,2324.2,370285,8606.15,31007,151731,40.98
2022-09-26,ASTRAL, EQ, 26-Sep-2022,2315.95,2280.0,2305.0,2190.2,2203.05,2208.65,2219.37,641576,14238.98,64011,300120,46.78
2022-09-27,ASTRAL, EQ, 27-Sep-2022,2208.65,2220.2,2238.8,2131.4,2160.0,2161.5,2173.47,1093396,23764.59,73909,512591,46.88
2022-09-28,ASTRAL, EQ, 28-Sep-2022,2161.5,2148.0,2204.0,2136.5,2185.4,2185.25,2181.18,426300,9298.38,33837,198034,46.45
2022-09-29,ASTRAL, EQ, 29-Sep-2022,2185.25,2230.0,2238.85,2145.4,2170.0,2155.65,2174.08,578343,12573.65,44750,294882,50.99
2022-09-30,ASTRAL, EQ, 30-Sep-2022,2155.65,2144.0,2241.85,2129.0,2222.0,2232.45,2189.3,489778,10722.69,41319,178693,36.48
2022-10-03,ASTRAL, EQ, 03-Oct-2022,2232.45,2222.0,2256.85,2184.05,2205.0,2200.55,2227.38,409149,9113.32,31078,157179,38.42
2022-10-04,ASTRAL, EQ, 04-Oct-2022,2200.55,2222.0,2303.7,2222.0,2254.8,2243.05,2262.69,693584,15693.68,40246,359318,51.81
2022-10-06,ASTRAL, EQ, 06-Oct-2022,2243.05,2265.65,2289.95,2243.6,2250.0,2249.9,2257.15,420464,9490.52,31799,189345,45.03
2022-10-07,ASTRAL, EQ, 07-Oct-2022,2249.9,2255.0,2270.0,2208.15,2267.0,2266.0,2242.59,328957,7377.17,29642,98929,30.07
2022-10-10,ASTRAL, EQ, 10-Oct-2022,2266.0,2250.0,2250.0,2188.0,2201.0,2199.9,2202.4,391080,8613.16,35273,168709,43.14
2022-10-11,ASTRAL, EQ, 11-Oct-2022,2199.9,2204.1,2260.0,2160.0,2167.0,2175.0,2217.92,481935,10688.93,33633,173643,36.03
2022-10-12,ASTRAL, EQ, 12-Oct-2022,2175.0,2188.0,2207.05,2160.0,2199.0,2197.6,2182.95,232908,5084.25,27444,72102,30.96
2022-10-13,ASTRAL, EQ, 13-Oct-2022,2197.6,2197.95,2197.95,2138.3,2153.0,2152.3,2162.32,289960,6269.86,24152,117041,40.36
2022-10-14,ASTRAL, EQ, 14-Oct-2022,2152.3,2189.8,2201.25,2145.0,2145.15,2150.0,2175.45,234235,5095.65,21936,79354,33.88
2022-10-17,ASTRAL, EQ, 17-Oct-2022,2150.0,2142.05,2160.0,2093.0,2152.0,2148.35,2127.26,273269,5813.15,27178,61663,22.56
2022-10-18,ASTRAL, EQ, 18-Oct-2022,2148.35,2165.0,2189.05,2153.05,2170.3,2170.75,2168.33,303416,6579.06,35923,123321,40.64
2022-10-19,ASTRAL, EQ, 19-Oct-2022,2170.75,2170.3,2174.7,2053.05,2057.0,2057.45,2085.39,766407,15982.57,74671,359828,46.95
2022-10-20,ASTRAL, EQ, 20-Oct-2022,2057.45,2031.0,2062.75,2009.0,2040.0,2040.15,2033.15,742637,15098.94,49229,352391,47.45
2022-10-21,ASTRAL, EQ, 21-Oct-2022,2040.15,2050.0,2078.85,1995.85,2005.0,2003.0,2023.72,578004,11697.17,50719,202394,35.02
2022-10-24,ASTRAL, EQ, 24-Oct-2022,2003.0,2025.0,2025.4,2006.05,2018.0,2016.6,2016.43,55216,1113.39,8434,29976,54.29
2022-10-25,ASTRAL, EQ, 25-Oct-2022,2016.6,2017.0,2028.0,1981.3,1985.0,1986.65,2000.62,267260,5346.85,29700,118544,44.36
2022-10-27,ASTRAL, EQ, 27-Oct-2022,1986.65,1989.0,1996.9,1941.25,1964.0,1959.2,1962.76,672697,13203.45,68572,381920,56.77
2022-10-28,ASTRAL, EQ, 28-Oct-2022,1959.2,1968.0,1991.0,1939.0,1960.0,1951.55,1963.58,313873,6163.14,29729,126269,40.23
2022-10-31,ASTRAL, EQ, 31-Oct-2022,1951.55,1966.35,2044.8,1962.7,2037.0,2031.15,2006.35,451563,9059.95,32445,164849,36.51
2022-11-01,ASTRAL, EQ, 01-Nov-2022,2031.15,2042.0,2076.9,2020.8,2064.95,2067.05,2051.04,493822,10128.48,33934,191396,38.76
2022-11-02,ASTRAL, EQ, 02-Nov-2022,2067.05,2074.9,2100.0,2052.25,2073.0,2070.05,2077.97,428427,8902.59,33435,216424,50.52
2022-11-03,ASTRAL, EQ, 03-Nov-2022,2070.05,2060.0,2085.75,2054.7,2076.0,2075.55,2075.69,226529,4702.04,20066,83303,36.77
2022-11-04,ASTRAL, EQ, 04-Nov-2022,2075.55,2076.0,2109.3,2063.55,2088.5,2087.3,2085.94,308390,6432.84,24003,111633,36.2
2022-11-07,ASTRAL, EQ, 07-Nov-2022,2087.3,2097.75,2121.5,2079.15,2098.0,2097.05,2102.48,256716,5397.4,24541,89379,34.82
2022-11-09,ASTRAL, EQ, 09-Nov-2022,2097.05,2110.0,2118.8,2082.2,2088.75,2092.5,2098.54,179747,3772.06,17125,66907,37.22
2022-11-10,ASTRAL, EQ, 10-Nov-2022,2092.5,2088.75,2103.5,2045.45,2064.0,2064.45,2071.56,204334,4232.91,21490,86517,42.34
2022-11-11,ASTRAL, EQ, 11-Nov-2022,2064.45,2080.55,2114.25,2047.0,2060.0,2061.95,2070.61,313168,6484.5,32251,133830,42.73
2022-11-14,ASTRAL, EQ, 14-Nov-2022,2061.95,1994.75,2030.0,1882.65,1985.5,1982.3,1972.47,1449097,28583.03,108510,374391,25.84
2022-11-15,ASTRAL, EQ, 15-Nov-2022,1982.3,1991.55,1992.4,1930.0,1938.95,1937.05,1941.69,687177,13342.87,56554,346935,50.49
2022-11-16,ASTRAL, EQ, 16-Nov-2022,1937.05,1937.05,1948.0,1900.05,1918.55,1922.65,1922.07,677784,13027.45,54723,277218,40.9
2022-11-17,ASTRAL, EQ, 17-Nov-2022,1922.65,1915.8,1921.75,1876.25,1883.85,1885.15,1893.58,295159,5589.07,29759,124701,42.25
2022-11-18,ASTRAL, EQ, 18-Nov-2022,1885.15,1890.0,1923.6,1866.5,1884.4,1882.0,1894.13,401923,7612.93,32943,151786,37.76
2022-11-21,ASTRAL, EQ, 21-Nov-2022,1882.0,1881.0,1907.0,1868.85,1890.0,1889.4,1889.24,157326,2972.27,19446,55095,35.02
2022-11-22,ASTRAL, EQ, 22-Nov-2022,1889.4,1885.1,1907.0,1870.0,1904.1,1897.85,1886.73,206849,3902.68,20183,85655,41.41
2022-11-23,ASTRAL, EQ, 23-Nov-2022,1897.85,1912.25,1914.55,1884.65,1892.6,1896.35,1894.6,189718,3594.39,14152,76654,40.4
2022-11-24,ASTRAL, EQ, 24-Nov-2022,1896.35,1908.95,1908.95,1871.0,1875.7,1873.85,1881.37,292819,5509.02,26521,141361,48.28
2022-11-25,ASTRAL, EQ, 25-Nov-2022,1873.85,1880.0,1902.4,1875.7,1894.3,1894.0,1889.52,260993,4931.51,20438,143472,54.97
2022-11-28,ASTRAL, EQ, 28-Nov-2022,1894.0,1904.0,1909.0,1880.1,1899.95,1895.9,1894.89,254701,4826.3,23481,123474,48.48
2022-11-29,ASTRAL, EQ, 29-Nov-2022,1895.9,1900.0,1907.7,1878.55,1883.0,1882.05,1890.18,185029,3497.37,22107,86093,46.53
2022-11-30,ASTRAL, EQ, 30-Nov-2022,1882.05,1891.5,1892.0,1873.5,1884.1,1884.65,1883.61,288203,5428.61,27111,164051,56.92
2022-12-01,ASTRAL, EQ, 01-Dec-2022,1884.65,1894.6,1928.95,1882.0,1928.0,1924.2,1908.81,827271,15791.07,62089,471434,56.99
2022-12-02,ASTRAL, EQ, 02-Dec-2022,1924.2,1937.0,2025.0,1930.0,2017.9,2018.35,1988.34,1642884,32666.1,94868,414791,25.25
2022-12-05,ASTRAL, EQ, 05-Dec-2022,2018.35,2031.85,2047.5,2001.0,2038.0,2040.7,2027.37,537738,10901.96,37612,147146,27.36
2022-12-06,ASTRAL, EQ, 06-Dec-2022,2040.7,2042.0,2053.75,2026.3,2035.0,2034.8,2037.04,285000,5805.55,17550,145368,51.01
2022-12-07,ASTRAL, EQ, 07-Dec-2022,2034.8,2044.0,2060.0,1996.55,2000.8,2001.55,2023.9,642697,13007.56,39208,255665,39.78
2022-12-08,ASTRAL, EQ, 08-Dec-2022,2001.55,2009.0,2071.25,1996.3,2068.9,2065.55,2036.61,476096,9696.22,26434,193423,40.63
2022-12-09,ASTRAL, EQ, 09-Dec-2022,2065.55,2079.95,2100.0,2041.25,2055.9,2062.65,2073.83,580613,12040.94,46454,191985,33.07
2022-12-12,ASTRAL, EQ, 12-Dec-2022,2062.65,2052.0,2069.9,2018.0,2040.05,2044.15,2041.45,300387,6132.24,24837,100468,33.45
2022-12-13,ASTRAL, EQ, 13-Dec-2022,2044.15,2055.25,2140.0,2049.45,2100.0,2099.5,2105.62,1169317,24621.39,66794,301209,25.76
2022-12-14,ASTRAL, EQ, 14-Dec-2022,2099.5,2114.45,2147.4,2109.35,2133.05,2135.2,2129.57,921795,19630.28,75947,474689,51.5
2022-12-15,ASTRAL, EQ, 15-Dec-2022,2135.2,2139.95,2142.2,2076.0,2080.0,2087.25,2109.8,399557,8429.84,27926,156279,39.11
2022-12-16,ASTRAL, EQ, 16-Dec-2022,2087.25,2069.4,2098.0,2045.0,2052.0,2051.4,2063.39,301578,6222.72,24074,99606,33.03
2022-12-19,ASTRAL, EQ, 19-Dec-2022,2051.4,2053.15,2059.5,2015.0,2035.0,2028.15,2030.78,225801,4585.51,23661,81228,35.97
2022-12-20,ASTRAL, EQ, 20-Dec-2022,2028.15,2029.0,2042.8,1986.15,2013.0,2007.55,2006.97,359347,7211.99,25046,168882,47.0
2022-12-21,ASTRAL, EQ, 21-Dec-2022,2007.55,2015.0,2034.9,1955.0,1960.0,1962.4,1996.37,242750,4846.19,28196,81235,33.46
2022-12-22,ASTRAL, EQ, 22-Dec-2022,1962.4,1974.5,1974.5,1918.35,1958.0,1966.15,1947.05,398633,7761.57,36162,158795,39.83
2022-12-23,ASTRAL, EQ, 23-Dec-2022,1966.15,1951.05,1951.05,1881.5,1885.15,1894.3,1907.18,375638,7164.11,34765,164936,43.91
2022-12-26,ASTRAL, EQ, 26-Dec-2022,1894.3,1894.3,1970.95,1876.0,1963.65,1960.15,1947.41,331173,6449.29,24172,132520,40.02
2022-12-27,ASTRAL, EQ, 27-Dec-2022,1960.15,1974.5,1997.1,1946.55,1976.5,1973.0,1964.72,294197,5780.15,20865,135936,46.21
2022-12-28,ASTRAL, EQ, 28-Dec-2022,1973.0,1974.9,1987.2,1949.5,1971.0,1973.9,1972.93,183656,3623.4,19608,69758,37.98
2022-12-29,ASTRAL, EQ, 29-Dec-2022,1973.9,1969.0,1972.0,1949.0,1962.0,1965.2,1959.56,214178,4196.95,19125,91785,42.85
2022-12-30,ASTRAL, EQ, 30-Dec-2022,1965.2,1980.15,1994.3,1958.0,1960.0,1963.9,1971.34,207268,4085.96,20092,80215,38.7
2023-01-02,ASTRAL, EQ, 02-Jan-2023,1963.9,1975.0,1994.0,1958.0,1965.0,1963.1,1968.11,224720,4422.74,14325,115106,51.22
2023-01-03,ASTRAL, EQ, 03-Jan-2023,1963.1,1965.0,2023.5,1955.0,2011.0,2007.55,1988.55,547438,10886.08,31186,208493,38.09
2023-01-04,ASTRAL, EQ, 04-Jan-2023,2007.55,2011.0,2038.95,1989.1,2007.55,2015.1,2016.73,613561,12373.88,55853,237589,38.72
2023-01-05,ASTRAL, EQ, 05-Jan-2023,2015.1,2026.75,2026.75,1971.95,2012.95,2010.05,1998.23,317628,6346.95,34629,109393,34.44
2023-01-06,ASTRAL, EQ, 06-Jan-2023,2010.05,2001.0,2090.0,2001.0,2058.0,2060.25,2062.26,954468,19683.62,64209,250423,26.24
2023-01-09,ASTRAL, EQ, 09-Jan-2023,2060.25,2074.4,2100.0,2060.25,2088.0,2092.75,2079.52,327314,6806.55,27301,125900,38.46
2023-01-10,ASTRAL, EQ, 10-Jan-2023,2092.75,2094.95,2094.95,2062.2,2081.5,2087.25,2082.88,234166,4877.41,23294,81910,34.98
2023-01-11,ASTRAL, EQ, 11-Jan-2023,2087.25,2087.0,2111.5,2056.0,2066.0,2064.55,2075.95,231604,4807.98,19453,84576,36.52
2023-01-12,ASTRAL, EQ, 12-Jan-2023,2064.55,2070.0,2083.95,2051.9,2061.95,2063.75,2068.19,149753,3097.18,17781,56696,37.86
2023-01-13,ASTRAL, EQ, 13-Jan-2023,2063.75,2074.0,2074.0,2015.05,2046.5,2047.5,2042.31,312474,6381.7,31522,146926,47.02
2023-01-16,ASTRAL, EQ, 16-Jan-2023,2047.5,2048.9,2057.9,1950.0,1972.0,1975.75,1994.43,472861,9430.87,34513,236301,49.97
2023-01-17,ASTRAL, EQ, 17-Jan-2023,1975.75,1975.0,2002.15,1941.55,1995.0,1988.9,1971.6,643718,12691.55,47290,279269,43.38
2023-01-18,ASTRAL, EQ, 18-Jan-2023,1988.9,1999.4,2042.5,1989.0,2029.0,2030.75,2026.07,434890,8811.17,42011,184869,42.51
2023-01-19,ASTRAL, EQ, 19-Jan-2023,2030.75,2017.5,2038.0,2001.05,2009.65,2008.15,2018.04,340412,6869.64,21826,203889,59.89
2023-01-20,ASTRAL, EQ, 20-Jan-2023,2008.15,2008.05,2029.8,1986.0,1995.45,1995.1,2010.25,364608,7329.51,25048,231718,63.55
2023-01-23,ASTRAL, EQ, 23-Jan-2023,1995.1,2000.4,2028.55,1960.0,2024.85,2022.65,1991.12,377449,7515.48,26663,200839,53.21
2023-01-24,ASTRAL, EQ, 24-Jan-2023,2022.65,2024.85,2053.7,2003.0,2004.0,2009.8,2025.89,162768,3297.5,19524,47420,29.13
2023-01-25,ASTRAL, EQ, 25-Jan-2023,2009.8,2005.0,2015.45,1960.0,1975.15,1978.35,1979.07,250509,4957.74,24622,123344,49.24
2023-01-27,ASTRAL, EQ, 27-Jan-2023,1978.35,1980.0,1980.0,1939.9,1960.0,1963.3,1961.36,487503,9561.69,33381,299544,61.44
2023-01-30,ASTRAL, EQ, 30-Jan-2023,1963.3,1963.35,1999.65,1948.25,1971.8,1970.65,1968.55,252742,4975.35,22125,126525,50.06
2023-01-31,ASTRAL, EQ, 31-Jan-2023,1970.65,1998.05,2061.0,1986.65,2058.8,2052.7,2031.37,496121,10078.04,44618,169020,34.07
2023-02-01,ASTRAL, EQ, 01-Feb-2023,2052.7,2071.1,2086.1,1973.0,2009.9,2003.75,2039.63,317028,6466.2,34039,106284,33.53
2023-02-02,ASTRAL, EQ, 02-Feb-2023,2003.75,2010.65,2068.75,1996.35,2028.75,2036.45,2034.85,242700,4938.57,27039,81004,33.38
2023-02-03,ASTRAL, EQ, 03-Feb-2023,2036.45,2037.95,2063.75,2008.3,2050.0,2053.8,2041.69,240673,4913.79,23382,80013,33.25
2023-02-06,ASTRAL, EQ, 06-Feb-2023,2053.8,2065.0,2113.0,2038.3,2093.5,2092.15,2077.51,490681,10193.96,33899,214599,43.73
2023-02-07,ASTRAL, EQ, 07-Feb-2023,2092.15,2110.0,2129.95,2060.05,2066.0,2074.55,2085.83,416047,8678.02,34346,115326,27.72
2023-02-08,ASTRAL, EQ, 08-Feb-2023,2074.55,2060.0,2072.8,1983.0,2038.6,2034.05,2028.3,949028,19249.12,66223,228300,24.06
2023-02-09,ASTRAL, EQ, 09-Feb-2023,2034.05,2034.05,2046.35,2010.4,2030.0,2030.25,2032.48,289802,5890.18,24461,104375,36.02
2023-02-10,ASTRAL, EQ, 10-Feb-2023,2030.25,2030.0,2039.95,1923.0,1936.0,1941.65,1958.05,999652,19573.65,85904,430987,43.11
2023-02-13,ASTRAL, EQ, 13-Feb-2023,1941.65,1925.0,1936.95,1895.15,1903.0,1902.6,1910.0,541336,10339.51,42432,256075,47.3
2023-02-14,ASTRAL, EQ, 14-Feb-2023,1902.6,1900.0,1923.45,1890.1,1911.0,1910.85,1907.96,262786,5013.84,23614,112481,42.8
2023-02-15,ASTRAL, EQ, 15-Feb-2023,1910.85,1911.95,1915.0,1892.25,1907.95,1901.7,1903.81,259634,4942.93,32762,123995,47.76
2023-02-16,ASTRAL, EQ, 16-Feb-2023,1901.7,1914.0,1941.95,1908.0,1931.0,1927.8,1926.88,277755,5352.0,27756,115526,41.59
2023-02-17,ASTRAL, EQ, 17-Feb-2023,1927.8,1918.0,1930.7,1901.0,1909.0,1913.5,1915.16,188833,3616.45,18133,84521,44.76
2023-02-20,ASTRAL, EQ, 20-Feb-2023,1913.5,1913.5,1943.0,1895.0,1900.0,1900.05,1917.71,412015,7901.26,19683,239205,58.06
2023-02-21,ASTRAL, EQ, 21-Feb-2023,1900.05,1915.0,1964.9,1901.25,1945.0,1944.45,1939.12,387223,7508.73,28366,110084,28.43
2023-02-22,ASTRAL, EQ, 22-Feb-2023,1944.45,1943.75,1943.75,1850.0,1852.0,1856.9,1878.54,686134,12889.28,59781,347045,50.58
2023-02-23,ASTRAL, EQ, 23-Feb-2023,1856.9,1853.0,1897.5,1803.75,1874.0,1877.0,1856.57,647452,12020.39,70927,169255,26.14
2023-02-24,ASTRAL, EQ, 24-Feb-2023,1877.0,1886.4,1917.6,1863.0,1866.15,1866.85,1888.21,448725,8472.88,37119,182685,40.71
2023-02-27,ASTRAL, EQ, 27-Feb-2023,1866.85,1870.0,1877.8,1828.0,1865.0,1873.25,1853.28,341107,6321.65,42439,151904,44.53
2023-02-28,ASTRAL, EQ, 28-Feb-2023,1873.25,1870.0,1897.8,1862.05,1890.35,1888.5,1885.63,441927,8333.13,27293,227668,51.52
2023-03-01,ASTRAL, EQ, 01-Mar-2023,1888.5,1902.0,1932.0,1893.8,1907.0,1903.05,1909.41,196521,3752.4,17125,59098,30.07
2023-03-02,ASTRAL, EQ, 02-Mar-2023,1903.05,1910.0,1923.95,1897.3,1910.0,1906.8,1911.93,209210,3999.94,15835,99642,47.63
2023-03-03,ASTRAL, EQ, 03-Mar-2023,1906.8,1917.0,1925.0,1901.05,1923.9,1921.2,1915.59,191661,3671.43,16234,91614,47.8
2023-03-06,ASTRAL, EQ, 06-Mar-2023,1921.2,1932.95,1940.1,1919.75,1921.1,1923.45,1928.87,208898,4029.37,20321,102957,49.29
2023-03-08,ASTRAL, EQ, 08-Mar-2023,1923.45,1923.45,1944.0,1905.75,1944.0,1937.25,1922.43,230706,4435.15,18875,132657,57.5
2023-03-09,ASTRAL, EQ, 09-Mar-2023,1937.25,1948.1,1948.75,1909.0,1924.45,1922.2,1923.63,219384,4220.13,21729,116726,53.21
2023-03-10,ASTRAL, EQ, 10-Mar-2023,1922.2,1912.1,1924.5,1887.55,1905.1,1904.95,1907.17,594922,11346.19,28813,409855,68.89
2023-03-13,ASTRAL, EQ, 13-Mar-2023,1904.95,1913.95,1919.0,1855.3,1878.5,1883.7,1887.11,762484,14388.93,39494,567133,74.38
2023-03-14,ASTRAL, EQ, 14-Mar-2023,1883.7,1424.0,1428.35,1373.2,1394.7,1390.2,1396.57,596155,8325.69,47839,203042,34.06
2023-03-15,ASTRAL, EQ, 15-Mar-2023,1390.2,1399.0,1414.0,1345.0,1350.0,1349.8,1367.46,533464,7294.91,38681,211573,39.66
2023-03-16,ASTRAL, EQ, 16-Mar-2023,1349.8,1350.05,1356.9,1329.0,1344.0,1334.0,1339.93,258800,3467.73,28265,71824,27.75
2023-03-17,ASTRAL, EQ, 17-Mar-2023,1334.0,1345.05,1358.0,1325.35,1334.9,1337.5,1341.31,223456,2997.24,20385,84064,37.62
2023-03-20,ASTRAL, EQ, 20-Mar-2023,1337.5,1337.5,1387.75,1299.0,1320.0,1318.3,1311.32,377501,4950.25,37272,176695,46.81
2023-03-21,ASTRAL, EQ, 21-Mar-2023,1318.3,1324.9,1340.0,1319.35,1336.0,1334.5,1329.93,185674,2469.34,16378,73528,39.6
2023-03-22,ASTRAL, EQ, 22-Mar-2023,1334.5,1339.3,1354.95,1334.7,1350.0,1347.5,1347.68,282029,3800.85,21147,154989,54.95
2023-03-23,ASTRAL, EQ, 23-Mar-2023,1347.5,1345.0,1351.6,1329.6,1336.0,1336.35,1339.84,142923,1914.93,15873,54827,38.36
2023-03-24,ASTRAL, EQ, 24-Mar-2023,1336.35,1330.0,1353.95,1325.1,1330.1,1333.55,1337.88,469411,6280.16,32404,240464,51.23
2023-03-27,ASTRAL, EQ, 27-Mar-2023,1333.55,1329.95,1345.95,1317.15,1321.0,1322.3,1334.82,288500,3850.95,25105,146799,50.88
2023-03-28,ASTRAL, EQ, 28-Mar-2023,1322.3,1328.65,1330.35,1297.8,1301.0,1301.3,1308.51,437021,5718.44,39142,280335,64.15
2023-03-29,ASTRAL, EQ, 29-Mar-2023,1301.3,1301.3,1347.9,1301.3,1335.65,1342.7,1331.58,390104,5194.53,35269,155613,39.89
2023-03-31,ASTRAL, EQ, 31-Mar-2023,1342.7,1354.95,1364.4,1332.25,1335.0,1337.0,1343.05,407833,5477.4,30433,230597,56.54
2023-04-03,ASTRAL, EQ, 03-Apr-2023,1337.0,1340.0,1350.3,1327.0,1339.7,1336.2,1336.68,211331,2824.82,16601,83677,39.6
2023-04-05,ASTRAL, EQ, 05-Apr-2023,1336.2,1346.0,1355.35,1327.05,1332.0,1330.5,1336.34,381875,5103.16,22527,223317,58.48
2023-04-06,ASTRAL, EQ, 06-Apr-2023,1330.5,1337.5,1404.0,1337.5,1396.9,1398.75,1377.81,807435,11124.88,51560,171768,21.27
2023-04-10,ASTRAL, EQ, 10-Apr-2023,1398.75,1407.95,1414.45,1387.0,1405.0,1404.2,1399.31,466538,6528.33,28251,173546,37.2
2023-04-11,ASTRAL, EQ, 11-Apr-2023,1404.2,1409.0,1447.0,1403.2,1439.0,1438.4,1431.7,457896,6555.7,28706,194931,42.57
2023-04-12,ASTRAL, EQ, 12-Apr-2023,1438.4,1436.5,1449.95,1421.05,1427.5,1429.85,1436.4,286684,4117.94,19189,127426,44.45
2023-04-13,ASTRAL, EQ, 13-Apr-2023,1429.85,1431.05,1458.45,1427.05,1443.0,1449.35,1447.62,214959,3111.78,16345,79052,36.78
2023-04-17,ASTRAL, EQ, 17-Apr-2023,1449.35,1450.0,1464.0,1433.05,1454.95,1454.35,1449.87,238001,3450.71,19276,77528,32.57
2023-04-18,ASTRAL, EQ, 18-Apr-2023,1454.35,1455.55,1469.85,1444.9,1448.05,1450.75,1458.89,244777,3571.02,25138,95537,39.03
2023-04-19,ASTRAL, EQ, 19-Apr-2023,1450.75,1455.0,1462.1,1429.3,1431.5,1432.85,1443.39,260649,3762.18,26020,73301,28.12
2023-04-20,ASTRAL, EQ, 20-Apr-2023,1432.85,1440.0,1440.35,1415.0,1417.5,1418.6,1424.03,151865,2162.6,13496,38081,25.08
2023-04-21,ASTRAL, EQ, 21-Apr-2023,1418.6,1420.0,1422.35,1397.0,1402.45,1402.25,1406.45,193525,2721.83,14484,73377,37.92
2023-04-24,ASTRAL, EQ, 24-Apr-2023,1402.25,1408.6,1421.9,1390.0,1395.35,1393.9,1404.31,230164,3232.21,14886,62188,27.02
2023-04-25,ASTRAL, EQ, 25-Apr-2023,1393.9,1399.0,1407.4,1385.15,1390.1,1390.35,1394.06,285483,3979.81,23845,131741,46.15
2023-04-26,ASTRAL, EQ, 26-Apr-2023,1390.35,1390.3,1400.3,1383.55,1392.5,1390.65,1392.0,197615,2750.81,14254,107930,54.62
2023-04-27,ASTRAL, EQ, 27-Apr-2023,1390.65,1392.0,1400.05,1383.9,1397.0,1396.65,1391.48,232524,3235.53,15331,96542,41.52
2023-04-28,ASTRAL, EQ, 28-Apr-2023,1396.65,1407.25,1450.95,1400.0,1449.0,1447.5,1435.28,367467,5274.2,20626,144511,39.33
2023-05-02,ASTRAL, EQ, 02-May-2023,1447.5,1459.95,1495.0,1450.0,1485.0,1483.5,1475.72,581047,8574.65,34382,162023,27.88
2023-05-03,ASTRAL, EQ, 03-May-2023,1483.5,1483.45,1502.3,1470.0,1489.0,1486.75,1489.44,550274,8195.98,31783,240063,43.63
2023-05-04,ASTRAL, EQ, 04-May-2023,1486.75,1490.0,1497.15,1471.0,1488.0,1490.05,1483.19,239799,3556.68,18791,85115,35.49
2023-05-05,ASTRAL, EQ, 05-May-2023,1490.05,1491.0,1524.15,1488.1,1504.0,1506.4,1512.89,571178,8641.32,43030,157459,27.57
2023-05-08,ASTRAL, EQ, 08-May-2023,1506.4,1515.5,1550.75,1510.1,1550.0,1543.6,1533.97,563133,8638.28,30096,239139,42.47
2023-05-09,ASTRAL, EQ, 09-May-2023,1543.6,1555.0,1565.0,1540.2,1546.0,1548.25,1554.51,521655,8109.16,28617,228704,43.84
2023-05-10,ASTRAL, EQ, 10-May-2023,1548.25,1558.65,1565.0,1529.85,1539.0,1539.15,1546.21,308902,4776.27,21678,162606,52.64
2023-05-11,ASTRAL, EQ, 11-May-2023,1539.15,1545.0,1569.9,1540.1,1550.0,1547.3,1551.8,291682,4526.31,18701,140307,48.1
2023-05-12,ASTRAL, EQ, 12-May-2023,1547.3,1547.3,1587.3,1542.0,1576.0,1573.5,1572.28,425278,6686.54,38796,173306,40.75
2023-05-15,ASTRAL, EQ, 15-May-2023,1573.5,1581.0,1600.0,1551.15,1599.95,1595.65,1579.51,933148,14739.2,49375,398606,42.72
2023-05-16,ASTRAL, EQ, 16-May-2023,1595.65,1649.0,1739.65,1610.05,1692.0,1686.5,1691.74,6040726,102193.18,235930,1030991,17.07
2023-05-17,ASTRAL, EQ, 17-May-2023,1686.5,1692.0,1725.4,1662.2,1720.0,1719.85,1695.67,1209502,20509.18,66123,411568,34.03
2023-05-18,ASTRAL, EQ, 18-May-2023,1719.85,1726.0,1728.8,1668.75,1687.0,1684.2,1697.87,729612,12387.88,46186,319923,43.85
2023-05-19,ASTRAL, EQ, 19-May-2023,1684.2,1690.0,1698.8,1645.15,1650.0,1652.15,1657.3,546011,9049.06,31232,258023,47.26
2023-05-22,ASTRAL, EQ, 22-May-2023,1652.15,1653.95,1688.95,1634.25,1675.0,1677.45,1668.19,456249,7611.11,27124,153208,33.58
2023-05-23,ASTRAL, EQ, 23-May-2023,1677.45,1688.8,1722.0,1678.05,1712.0,1713.2,1709.27,685664,11719.88,42533,319041,46.53
2023-05-24,ASTRAL, EQ, 24-May-2023,1713.2,1712.95,1720.0,1701.9,1710.2,1714.35,1711.31,408146,6984.64,32405,222970,54.63
2023-05-25,ASTRAL, EQ, 25-May-2023,1714.35,1713.8,1757.55,1706.0,1752.0,1751.95,1737.13,653551,11353.05,35612,262947,40.23
2023-05-26,ASTRAL, EQ, 26-May-2023,1751.95,1764.95,1779.9,1748.05,1773.5,1776.35,1766.51,544317,9615.44,29870,244422,44.9
2023-05-29,ASTRAL, EQ, 29-May-2023,1776.35,1790.0,1817.0,1770.95,1788.45,1792.4,1795.13,499586,8968.19,32523,217365,43.51
2023-05-30,ASTRAL, EQ, 30-May-2023,1792.4,1792.35,1805.0,1773.35,1799.0,1789.9,1789.41,330644,5916.56,34081,188563,57.03
2023-05-31,ASTRAL, EQ, 31-May-2023,1789.9,1790.0,1825.5,1787.2,1813.0,1821.35,1812.63,443608,8040.97,34719,229337,51.7
2023-06-01,ASTRAL, EQ, 01-Jun-2023,1821.35,1821.0,1837.0,1801.9,1813.0,1809.1,1822.08,376713,6864.03,32637,172274,45.73
2023-06-02,ASTRAL, EQ, 02-Jun-2023,1809.1,1820.0,1880.0,1818.0,1862.35,1866.25,1858.22,853520,15860.28,58210,382219,44.78
2023-06-05,ASTRAL, EQ, 05-Jun-2023,1866.25,1880.0,1894.9,1855.0,1885.5,1884.85,1877.68,612285,11496.76,33488,340649,55.64
2023-06-06,ASTRAL, EQ, 06-Jun-2023,1884.85,1889.95,1914.9,1876.0,1914.9,1910.45,1897.31,685189,13000.16,41726,394267,57.54
2023-06-07,ASTRAL, EQ, 07-Jun-2023,1910.45,1919.35,1930.0,1899.05,1921.05,1923.3,1916.95,297211,5697.37,20925,121686,40.94
2023-06-08,ASTRAL, EQ, 08-Jun-2023,1923.3,1923.0,1957.75,1918.0,1954.0,1951.9,1941.82,920008,17864.86,46587,562263,61.12
2023-06-09,ASTRAL, EQ, 09-Jun-2023,1951.9,1956.95,1996.25,1948.15,1986.0,1987.85,1979.22,653794,12940.02,51213,290130,44.38
2023-06-12,ASTRAL, EQ, 12-Jun-2023,1987.85,1996.45,2019.0,1961.0,1964.1,1967.35,1993.73,733895,14631.92,47552,336847,45.9
2023-06-13,ASTRAL, EQ, 13-Jun-2023,1967.35,1969.95,2011.0,1955.7,2007.0,2006.95,1996.86,743387,14844.41,47110,363648,48.92
2023-06-14,ASTRAL, EQ, 14-Jun-2023,2006.95,2017.0,2024.05,1964.3,1969.5,1968.65,1984.83,701708,13927.73,48365,347990,49.59
2023-06-15,ASTRAL, EQ, 15-Jun-2023,1968.65,1968.65,1982.8,1947.35,1968.5,1970.05,1966.73,577166,11351.3,44660,285112,49.4
2023-06-16,ASTRAL, EQ, 16-Jun-2023,1970.05,1975.0,1996.0,1955.1,1962.5,1960.15,1970.18,339650,6691.71,36904,145321,42.79
2023-06-19,ASTRAL, EQ, 19-Jun-2023,1960.15,1960.15,2004.65,1960.15,1975.4,1970.1,1985.53,477269,9476.32,32406,216915,45.45
2023-06-20,ASTRAL, EQ, 20-Jun-2023,1970.1,1973.0,2012.85,1973.0,1990.55,1990.05,1995.71,430834,8598.2,29444,171337,39.77
2023-06-21,ASTRAL, EQ, 21-Jun-2023,1990.05,1999.45,2013.2,1977.15,1989.65,1985.35,1992.94,431397,8597.47,26660,188718,43.75
2023-06-22,ASTRAL, EQ, 22-Jun-2023,1985.35,1994.95,1994.95,1946.85,1954.0,1951.7,1966.25,264561,5201.94,26022,103280,39.04
2023-06-23,ASTRAL, EQ, 23-Jun-2023,1951.7,1962.15,1972.0,1927.4,1960.0,1960.5,1949.24,489311,9537.84,27014,203885,41.67
2023-06-26,ASTRAL, EQ, 26-Jun-2023,1960.5,1960.3,1979.8,1934.0,1940.0,1942.7,1950.31,422277,8235.69,27297,218143,51.66
2023-06-27,ASTRAL, EQ, 27-Jun-2023,1942.7,1942.7,1980.0,1942.7,1959.55,1954.6,1960.33,542165,10628.21,38184,296038,54.6
2023-06-28,ASTRAL, EQ, 28-Jun-2023,1954.6,1973.8,1986.2,1960.0,1979.95,1981.5,1974.97,972263,19201.86,54307,687629,70.72
2023-06-30,ASTRAL, EQ, 30-Jun-2023,1981.5,1985.0,2006.95,1968.05,1983.3,1982.55,1982.99,719579,14269.15,43401,438652,60.96
2023-07-03,ASTRAL, EQ, 03-Jul-2023,1982.55,1992.5,1992.5,1950.1,1962.0,1964.7,1963.16,371387,7290.92,25037,180155,48.51
2023-07-04,ASTRAL, EQ, 04-Jul-2023,1964.7,1972.0,1973.9,1907.9,1922.2,1924.4,1937.29,455401,8822.43,34446,223103,48.99
2023-07-05,ASTRAL, EQ, 05-Jul-2023,1924.4,1923.0,1923.0,1864.05,1870.0,1869.15,1880.25,1206128,22678.2,64019,529439,43.9
2023-07-06,ASTRAL, EQ, 06-Jul-2023,1869.15,1869.15,1878.5,1833.0,1840.0,1842.05,1849.01,541865,10019.16,39416,282146,52.07
2023-07-07,ASTRAL, EQ, 07-Jul-2023,1842.05,1840.0,1841.95,1783.05,1786.5,1787.4,1798.04,709460,12756.35,51976,327410,46.15
2023-07-10,ASTRAL, EQ, 10-Jul-2023,1787.4,1798.95,1815.0,1776.05,1785.95,1785.65,1792.41,372301,6673.14,27198,114215,30.68
2023-07-11,ASTRAL, EQ, 11-Jul-2023,1785.65,1795.0,1810.0,1772.75,1784.0,1779.25,1794.11,344369,6178.34,29336,96869,28.13
2023-07-12,ASTRAL, EQ, 12-Jul-2023,1779.25,1792.55,1846.2,1775.25,1842.0,1839.55,1823.57,982273,17912.41,57405,281768,28.69
2023-07-13,ASTRAL, EQ, 13-Jul-2023,1839.55,1866.95,1866.95,1820.0,1850.0,1846.15,1847.14,751133,13874.45,41587,310913,41.39
2023-07-14,ASTRAL, EQ, 14-Jul-2023,1846.15,1855.0,1860.85,1838.1,1849.1,1849.85,1850.92,288190,5334.15,24607,109392,37.96
2023-07-17,ASTRAL, EQ, 17-Jul-2023,1849.85,1863.95,1863.95,1830.25,1836.55,1835.9,1839.43,366563,6742.66,26854,191798,52.32
2023-07-18,ASTRAL, EQ, 18-Jul-2023,1835.9,1844.0,1857.4,1835.05,1840.0,1840.05,1846.23,302525,5585.3,22155,115513,38.18
2023-07-19,ASTRAL, EQ, 19-Jul-2023,1840.05,1845.0,1914.65,1840.05,1910.0,1908.7,1888.99,1143323,21597.28,76313,429072,37.53
2023-07-20,ASTRAL, EQ, 20-Jul-2023,1908.7,1908.95,1916.25,1878.5,1887.0,1888.7,1894.03,418305,7922.81,30739,162156,38.77
2023-07-21,ASTRAL, EQ, 21-Jul-2023,1888.7,1887.05,1939.0,1855.85,1925.0,1922.4,1914.6,753246,14421.64,57006,306916,40.75
2023-07-24,ASTRAL, EQ, 24-Jul-2023,1922.4,1923.95,1948.5,1884.0,1885.0,1890.75,1906.55,605108,11536.66,43405,281810,46.57
2023-07-25,ASTRAL, EQ, 25-Jul-2023,1890.75,1895.0,1908.9,1849.6,1887.0,1887.0,1881.74,353977,6660.91,22485,147735,41.74
2023-07-26,ASTRAL, EQ, 26-Jul-2023,1887.0,1887.0,1921.0,1878.25,1898.0,1893.55,1902.05,419532,7979.69,27582,137548,32.79
2023-07-27,ASTRAL, EQ, 27-Jul-2023,1893.55,1903.45,1933.5,1890.3,1912.0,1900.75,1911.63,765508,14633.66,46291,362054,47.3
2023-07-28,ASTRAL, EQ, 28-Jul-2023,1900.75,1906.0,1928.15,1892.0,1905.1,1909.25,1909.83,419161,8005.25,25625,159573,38.07
2023-07-31,ASTRAL, EQ, 31-Jul-2023,1909.25,1873.05,1990.0,1873.05,1975.05,1969.35,1961.12,910329,17852.63,55798,369704,40.61
2023-08-01,ASTRAL, EQ, 01-Aug-2023,1969.35,1990.0,2041.05,1981.1,1999.0,2000.6,2007.48,1252369,25141.1,75376,449769,35.91
2023-08-02,ASTRAL, EQ, 02-Aug-2023,2000.6,1999.95,2009.4,1952.0,1988.0,1980.35,1979.57,828024,16391.28,60844,251686,30.4
2023-08-03,ASTRAL, EQ, 03-Aug-2023,1980.35,1970.0,2005.5,1970.0,1998.0,1996.75,1988.97,491092,9767.66,35604,233649,47.58
2023-08-04,ASTRAL, EQ, 04-Aug-2023,1996.75,2003.0,2058.0,2003.0,2025.0,2025.65,2032.43,1141954,23209.39,63252,545471,47.77
2023-08-07,ASTRAL, EQ, 07-Aug-2023,2025.65,2037.95,2037.95,1985.5,1991.9,1990.7,2004.04,562434,11271.43,35939,201928,35.9
2023-08-08,ASTRAL, EQ, 08-Aug-2023,1990.7,2000.0,2004.7,1958.75,1969.45,1965.5,1975.21,441489,8720.32,26548,216363,49.01
2023-08-09,ASTRAL, EQ, 09-Aug-2023,1965.5,1980.4,1999.9,1955.4,1976.1,1977.3,1974.35,626620,12371.68,41910,214732,34.27
2023-08-10,ASTRAL, EQ, 10-Aug-2023,1977.3,1965.0,1989.95,1963.3,1989.95,1974.15,1974.95,386802,7639.15,22160,197944,51.17
2023-08-11,ASTRAL, EQ, 11-Aug-2023,1974.15,1999.0,1999.0,1936.3,1968.85,1974.3,1974.41,1151206,22729.51,51335,627410,54.5
2023-08-14,ASTRAL, EQ, 14-Aug-2023,1974.3,1931.05,2001.8,1900.0,1984.0,1989.45,1965.76,900596,17703.57,45333,369516,41.03
2023-08-16,ASTRAL, EQ, 16-Aug-2023,1989.45,1987.95,2034.9,1966.75,2024.9,2022.35,2019.04,1096560,22139.96,76437,439847,40.11
2023-08-17,ASTRAL, EQ, 17-Aug-2023,2022.35,2031.9,2055.0,1971.55,1985.35,1991.7,2005.08,1034879,20750.2,83043,452283,43.7
2023-08-18,ASTRAL, EQ, 18-Aug-2023,1991.7,1987.4,1987.4,1920.0,1936.0,1940.1,1943.71,1046930,20349.29,53425,439748,42.0
2023-08-21,ASTRAL, EQ, 21-Aug-2023,1940.1,1940.9,2000.0,1935.0,1985.0,1981.2,1981.46,816060,16169.9,41527,194873,23.88
2023-08-22,ASTRAL, EQ, 22-Aug-2023,1981.2,1985.95,2025.0,1980.4,2006.0,2009.1,2009.56,715291,14374.21,40576,315520,44.11
2023-08-23,ASTRAL, EQ, 23-Aug-2023,2009.1,2017.0,2052.0,2010.4,2017.0,2018.1,2028.37,1078815,21882.4,51356,541708,50.21
2023-08-24,ASTRAL, EQ, 24-Aug-2023,2018.1,2040.0,2050.6,1983.55,1993.0,1993.35,2015.16,909899,18335.93,52778,453424,49.83
2023-08-25,ASTRAL, EQ, 25-Aug-2023,1993.35,1990.0,2017.6,1963.65,1970.0,1984.15,1991.29,1196631,23828.38,47828,635755,53.13
2023-08-28,ASTRAL, EQ, 28-Aug-2023,1984.15,1984.25,2040.0,1981.0,1990.0,1988.7,2014.11,1558725,31394.45,88312,653153,41.9
2023-08-29,ASTRAL, EQ, 29-Aug-2023,1988.7,1999.25,2010.0,1956.0,1963.25,1962.4,1983.98,1260238,25002.93,62283,594219,47.15
2023-08-30,ASTRAL, EQ, 30-Aug-2023,1962.4,1978.0,2005.05,1966.1,1978.5,1972.9,1979.04,1260010,24936.08,44590,796512,63.21
2023-08-31,ASTRAL, EQ, 31-Aug-2023,1972.9,1995.9,2019.0,1912.4,1951.0,1954.05,1954.97,17916345,350259.23,133004,10312777,57.56
2023-09-01,ASTRAL, EQ, 01-Sep-2023,1954.05,1942.0,1956.55,1905.1,1912.0,1911.1,1925.48,780141,15021.49,44112,391769,50.22
2023-09-04,ASTRAL, EQ, 04-Sep-2023,1911.1,1927.15,1929.55,1884.65,1896.0,1892.8,1904.57,541381,10310.99,39302,191388,35.35
2023-09-05,ASTRAL, EQ, 05-Sep-2023,1892.8,1896.0,1923.0,1892.6,1914.95,1914.45,1908.85,634880,12118.88,34792,350293,55.17
2023-09-06,ASTRAL, EQ, 06-Sep-2023,1914.45,1920.0,1927.7,1888.25,1897.25,1898.3,1900.76,402247,7645.77,29791,182049,45.26
2023-09-07,ASTRAL, EQ, 07-Sep-2023,1898.3,1899.0,1912.45,1885.0,1895.0,1900.8,1896.94,353912,6713.49,21937,185231,52.34
2023-09-08,ASTRAL, EQ, 08-Sep-2023,1900.8,1900.8,1916.45,1893.15,1908.0,1909.3,1904.29,838017,15958.3,19040,602348,71.88
2023-09-11,ASTRAL, EQ, 11-Sep-2023,1909.3,1910.65,1928.0,1900.35,1923.0,1915.55,1910.67,711167,13588.06,31230,477470,67.14
2023-09-12,ASTRAL, EQ, 12-Sep-2023,1915.55,1929.0,1935.0,1867.35,1895.0,1905.35,1900.58,488266,9279.91,35862,212652,43.55
2023-09-13,ASTRAL, EQ, 13-Sep-2023,1905.35,1905.3,1910.0,1873.4,1906.5,1901.15,1893.17,396559,7507.55,34754,187827,47.36
2023-09-14,ASTRAL, EQ, 14-Sep-2023,1901.15,1902.0,1930.0,1894.45,1907.0,1908.0,1909.28,444154,8480.14,29399,212150,47.76
2023-09-15,ASTRAL, EQ, 15-Sep-2023,1908.0,1908.0,1930.0,1905.1,1922.95,1926.65,1921.27,364216,6997.56,19083,183896,50.49
2023-09-18,ASTRAL, EQ, 18-Sep-2023,1926.65,1925.0,1925.0,1888.6,1902.0,1902.7,1901.57,342835,6519.24,22661,117837,34.37
2023-09-20,ASTRAL, EQ, 20-Sep-2023,1902.7,1909.8,1914.0,1876.25,1890.0,1892.7,1892.25,307241,5813.76,21079,120419,39.19
2023-09-21,ASTRAL, EQ, 21-Sep-2023,1892.7,1893.0,1899.7,1880.8,1890.65,1893.15,1888.72,221982,4192.62,16785,96496,43.47
2023-09-22,ASTRAL, EQ, 22-Sep-2023,1893.15,1890.0,1896.65,1833.65,1844.5,1841.05,1856.73,391026,7260.3,28706,169512,43.35
2023-09-25,ASTRAL, EQ, 25-Sep-2023,1841.05,1844.45,1876.9,1810.25,1867.0,1868.0,1840.18,622618,11457.27,48633,169671,27.25
2023-09-26,ASTRAL, EQ, 26-Sep-2023,1868.0,1874.0,1925.0,1857.0,1923.0,1919.8,1908.46,707542,13503.16,51341,258867,36.59
2023-09-27,ASTRAL, EQ, 27-Sep-2023,1919.8,1922.95,1939.65,1911.1,1929.85,1928.15,1925.21,438394,8440.02,28327,173547,39.59
2023-09-28,ASTRAL, EQ, 28-Sep-2023,1928.15,1928.0,1932.35,1890.0,1904.8,1898.5,1909.29,403244,7699.09,19507,180516,44.77
2023-09-29,ASTRAL, EQ, 29-Sep-2023,1898.5,1910.0,1919.9,1893.0,1916.0,1912.45,1909.76,349688,6678.2,25651,67978,19.44
2023-10-03,ASTRAL, EQ, 03-Oct-2023,1912.45,1919.0,1919.0,1885.55,1890.0,1889.4,1896.03,321425,6094.31,21545,143033,44.5
2023-10-04,ASTRAL, EQ, 04-Oct-2023,1889.4,1890.0,1903.55,1851.7,1866.95,1868.45,1876.15,291689,5472.53,19574,92995,31.88
2023-10-05,ASTRAL, EQ, 05-Oct-2023,1868.45,1865.05,1886.75,1855.0,1858.2,1857.65,1867.07,153879,2873.03,15355,62282,40.47
2023-10-06,ASTRAL, EQ, 06-Oct-2023,1857.65,1869.95,1895.0,1856.65,1894.0,1889.4,1881.68,318424,5991.71,17999,100635,31.6
2023-10-09,ASTRAL, EQ, 09-Oct-2023,1889.4,1879.95,1882.35,1852.3,1858.0,1861.5,1863.48,345097,6430.8,27254,110746,32.09
2023-10-10,ASTRAL, EQ, 10-Oct-2023,1861.5,1862.05,1914.5,1862.05,1908.0,1911.55,1899.49,285755,5427.89,20714,130352,45.62
2023-10-11,ASTRAL, EQ, 11-Oct-2023,1911.55,1919.95,1948.2,1912.05,1937.95,1934.7,1932.24,493856,9542.46,35569,197434,39.98
2023-10-12,ASTRAL, EQ, 12-Oct-2023,1934.7,1939.0,1953.4,1923.4,1928.0,1927.5,1936.32,375205,7265.16,22908,173388,46.21
2023-10-13,ASTRAL, EQ, 13-Oct-2023,1927.5,1927.0,1943.95,1915.05,1937.0,1937.15,1930.27,363379,7014.18,29877,204952,56.4
2023-10-16,ASTRAL, EQ, 16-Oct-2023,1937.15,1949.8,1967.0,1928.4,1948.05,1949.45,1952.75,774044,15115.12,43443,448695,57.97
2023-10-17,ASTRAL, EQ, 17-Oct-2023,1949.45,1963.85,1970.5,1945.4,1961.35,1967.2,1960.73,517358,10144.02,31927,283819,54.86
2023-10-18,ASTRAL, EQ, 18-Oct-2023,1967.2,1972.0,1979.65,1948.05,1950.9,1963.4,1964.63,474993,9331.86,28915,247065,52.01
2023-10-19,ASTRAL, EQ, 19-Oct-2023,1963.4,1955.0,1955.0,1840.0,1847.0,1843.85,1856.89,2077841,38583.12,141432,936464,45.07
2023-10-20,ASTRAL, EQ, 20-Oct-2023,1843.85,1855.05,1884.0,1825.5,1827.0,1842.55,1849.12,2374492,43907.21,67525,1354595,57.05
2023-10-23,ASTRAL, EQ, 23-Oct-2023,1842.55,1839.0,1846.05,1805.7,1818.0,1823.45,1822.08,724200,13195.52,62121,240121,33.16
2023-10-25,ASTRAL, EQ, 25-Oct-2023,1823.45,1829.95,1858.5,1806.75,1821.0,1819.25,1830.17,442617,8100.64,36685,148199,33.48
2023-10-26,ASTRAL, EQ, 26-Oct-2023,1819.25,1824.0,1824.0,1773.0,1791.0,1781.85,1784.52,675909,12061.76,52893,400431,59.24
2023-10-27,ASTRAL, EQ, 27-Oct-2023,1781.85,1797.15,1835.0,1795.6,1825.0,1826.95,1822.98,252287,4599.13,21526,98328,38.97
2023-10-30,ASTRAL, EQ, 30-Oct-2023,1826.95,1830.0,1845.3,1799.7,1814.95,1823.95,1829.77,822819,15055.67,55637,419217,50.95
2023-10-31,ASTRAL, EQ, 31-Oct-2023,1823.95,1833.0,1855.0,1821.15,1853.0,1850.75,1841.19,792115,14584.33,37613,536103,67.68
2023-11-01,ASTRAL, EQ, 01-Nov-2023,1850.75,1854.55,1855.05,1820.0,1821.55,1824.0,1843.64,704496,12988.34,26540,527438,74.87
2023-11-02,ASTRAL, EQ, 02-Nov-2023,1824.0,1829.0,1857.7,1827.0,1844.95,1842.25,1844.78,308915,5698.81,29838,185399,60.02
2023-11-03,ASTRAL, EQ, 03-Nov-2023,1842.25,1851.9,1866.95,1840.2,1851.0,1851.35,1852.9,209124,3874.85,21290,87489,41.84
2023-11-06,ASTRAL, EQ, 06-Nov-2023,1851.35,1857.0,1870.0,1848.0,1850.85,1855.4,1859.54,512282,9526.09,72444,200421,39.12
2023-11-07,ASTRAL, EQ, 07-Nov-2023,1855.4,1855.4,1876.85,1844.4,1872.85,1872.2,1863.12,191970,3576.63,30880,102149,53.21
2023-11-08,ASTRAL, EQ, 08-Nov-2023,1872.2,1884.0,1895.0,1870.7,1893.4,1890.0,1886.32,212578,4009.9,25598,96294,45.3
2023-11-09,ASTRAL, EQ, 09-Nov-2023,1890.0,1894.9,1905.0,1875.45,1898.0,1899.25,1894.09,184803,3500.34,18198,82716,44.76
2023-11-10,ASTRAL, EQ, 10-Nov-2023,1899.25,1890.0,1902.0,1876.05,1890.25,1891.35,1889.1,137779,2602.78,17168,56231,40.81
2023-11-12,ASTRAL, EQ, 12-Nov-2023,1891.35,1900.8,1905.6,1891.0,1897.0,1896.85,1899.3,34136,648.35,4128,21585,63.23
2023-11-13,ASTRAL, EQ, 13-Nov-2023,1896.85,1897.0,1897.0,1862.55,1868.0,1873.25,1873.26,364407,6826.28,38473,96855,26.58
2023-11-15,ASTRAL, EQ, 15-Nov-2023,1873.25,1889.0,1898.0,1875.4,1882.25,1883.5,1884.46,222223,4187.7,23151,126267,56.82
2023-11-16,ASTRAL, EQ, 16-Nov-2023,1883.5,1884.2,1898.9,1875.7,1894.0,1892.85,1888.31,167444,3161.86,16513,73296,43.77
2023-11-17,ASTRAL, EQ, 17-Nov-2023,1892.85,1892.8,1927.5,1886.6,1913.95,1911.4,1912.52,279642,5348.22,24581,124348,44.47
2023-11-20,ASTRAL, EQ, 20-Nov-2023,1911.4,1918.0,1918.0,1888.0,1893.0,1892.15,1900.83,351051,6672.87,34277,156482,44.58
2023-11-21,ASTRAL, EQ, 21-Nov-2023,1892.15,1886.15,1945.0,1886.15,1943.95,1941.4,1926.74,379527,7312.5,25852,220545,58.11
2023-11-22,ASTRAL, EQ, 22-Nov-2023,1941.4,1949.95,1973.9,1931.05,1946.1,1947.95,1958.79,517972,10146.0,40860,190620,36.8
2023-11-23,ASTRAL, EQ, 23-Nov-2023,1947.95,1963.8,1966.75,1950.0,1950.55,1953.95,1958.03,171925,3366.34,25978,71975,41.86
2023-11-24,ASTRAL, EQ, 24-Nov-2023,1953.95,1963.95,1963.95,1925.0,1933.0,1933.7,1937.0,184033,3564.71,25323,57906,31.47
2023-11-28,ASTRAL, EQ, 28-Nov-2023,1933.7,1934.95,1946.05,1914.1,1932.0,1932.55,1928.89,247010,4764.56,30718,103065,41.73
2023-11-29,ASTRAL, EQ, 29-Nov-2023,1932.55,1945.0,1960.0,1941.0,1944.85,1945.75,1949.35,354178,6904.18,38630,188423,53.2
2023-11-30,ASTRAL, EQ, 30-Nov-2023,1945.75,1944.85,1983.2,1930.0,1930.0,1949.7,1955.16,1441205,28177.85,62481,1162543,80.66
2023-12-01,ASTRAL, EQ, 01-Dec-2023,1949.7,1958.85,1985.0,1944.55,1976.95,1978.45,1964.65,790565,15531.8,32676,579338,73.28
2023-12-04,ASTRAL, EQ, 04-Dec-2023,1978.45,1999.0,2015.45,1963.15,1990.0,1991.0,1989.42,584918,11636.46,51520,253648,43.36
2023-12-05,ASTRAL, EQ, 05-Dec-2023,1991.0,1999.0,2003.3,1952.75,1975.0,1971.0,1975.82,397445,7852.8,74211,206830,52.04
2023-12-06,ASTRAL, EQ, 06-Dec-2023,1971.0,1972.0,1994.5,1960.0,1974.55,1966.35,1977.53,319651,6321.18,33358,188306,58.91
2023-12-07,ASTRAL, EQ, 07-Dec-2023,1966.35,1968.55,2003.95,1956.3,1966.0,1969.6,1976.81,987794,19526.81,44963,649273,65.73
2023-12-08,ASTRAL, EQ, 08-Dec-2023,1969.6,1974.0,1979.35,1918.25,1930.65,1928.75,1940.82,253175,4913.66,24600,121986,48.18
2023-12-11,ASTRAL, EQ, 11-Dec-2023,1928.75,1941.05,1955.0,1910.0,1951.4,1950.6,1932.87,313475,6059.06,36204,114689,36.59
2023-12-12,ASTRAL, EQ, 12-Dec-2023,1950.6,1953.75,1968.85,1915.0,1927.75,1928.45,1938.02,234803,4550.53,25978,111900,47.66
2023-12-13,ASTRAL, EQ, 13-Dec-2023,1928.45,1933.95,1934.95,1898.6,1920.15,1921.0,1915.98,269358,5160.85,28771,132058,49.03
2023-12-14,ASTRAL, EQ, 14-Dec-2023,1921.0,1933.0,1957.8,1911.55,1957.0,1949.95,1933.37,421435,8147.91,41049,224942,53.38
2023-12-15,ASTRAL, EQ, 15-Dec-2023,1949.95,1961.75,1976.65,1950.25,1959.9,1960.5,1963.85,395548,7767.99,30040,214431,54.21
2023-12-18,ASTRAL, EQ, 18-Dec-2023,1960.5,1968.0,1974.0,1932.45,1943.25,1941.3,1952.7,370832,7241.25,32248,183487,49.48
2023-12-19,ASTRAL, EQ, 19-Dec-2023,1941.3,1940.0,1950.0,1903.0,1911.0,1908.85,1922.68,483766,9301.28,29012,317813,65.7
2023-12-20,ASTRAL, EQ, 20-Dec-2023,1908.85,1920.0,1957.85,1852.75,1867.0,1865.0,1917.9,786084,15076.31,72249,252525,32.12
2023-12-21,ASTRAL, EQ, 21-Dec-2023,1865.0,1850.0,1889.0,1823.55,1889.0,1884.15,1867.83,400698,7484.36,39782,133771,33.38
2023-12-22,ASTRAL, EQ, 22-Dec-2023,1884.15,1884.15,1942.0,1877.75,1928.1,1933.9,1920.51,763251,14658.28,48710,388266,50.87
2023-12-26,ASTRAL, EQ, 26-Dec-2023,1933.9,1945.0,1946.0,1916.5,1924.0,1922.0,1929.07,299801,5783.36,24824,153964,51.36
2023-12-27,ASTRAL, EQ, 27-Dec-2023,1922.0,1922.0,1932.65,1891.6,1914.8,1906.65,1914.89,445050,8522.22,29419,255660,57.45
2023-12-28,ASTRAL, EQ, 28-Dec-2023,1906.65,1918.95,1921.2,1878.15,1894.0,1889.55,1891.77,844215,15970.57,45680,632334,74.9
2023-12-29,ASTRAL, EQ, 29-Dec-2023,1889.55,1894.0,1912.0,1882.25,1911.0,1907.55,1897.52,340623,6463.37,23959,193993,56.95
2024-01-01,ASTRAL, EQ, 01-Jan-2024,1907.55,1909.0,1913.95,1893.05,1900.0,1904.95,1901.28,238462,4533.84,22301,137403,57.62
2024-01-02,ASTRAL, EQ, 02-Jan-2024,1904.95,1903.0,1907.05,1868.0,1905.0,1899.7,1890.22,279468,5282.56,24286,148956,53.3
2024-01-03,ASTRAL, EQ, 03-Jan-2024,1899.7,1898.0,1898.0,1853.45,1861.0,1861.1,1868.88,450711,8423.26,43073,266526,59.13
2024-01-04,ASTRAL, EQ, 04-Jan-2024,1861.1,1865.95,1872.4,1840.0,1857.0,1853.3,1851.55,448704,8307.97,56186,277895,61.93
2024-01-05,ASTRAL, EQ, 05-Jan-2024,1853.3,1860.1,1870.45,1835.5,1839.0,1841.15,1848.47,391876,7243.71,34620,262318,66.94
2024-01-08,ASTRAL, EQ, 08-Jan-2024,1841.15,1841.1,1844.65,1803.0,1810.0,1808.05,1819.18,972370,17689.15,59551,626227,64.4
2024-01-09,ASTRAL, EQ, 09-Jan-2024,1808.05,1822.2,1835.25,1810.0,1822.8,1822.2,1819.8,562377,10234.15,38777,393220,69.92
2024-01-10,ASTRAL, EQ, 10-Jan-2024,1822.2,1827.9,1829.9,1804.85,1815.25,1810.95,1812.23,307426,5571.27,26799,181923,59.18
2024-01-11,ASTRAL, EQ, 11-Jan-2024,1810.95,1818.95,1829.0,1804.4,1812.0,1812.35,1815.36,533209,9679.67,23398,396725,74.4
2024-01-12,ASTRAL, EQ, 12-Jan-2024,1812.35,1821.95,1823.0,1805.5,1812.25,1811.85,1812.89,265406,4811.51,22909,169148,63.73
2024-01-15,ASTRAL, EQ, 15-Jan-2024,1811.85,1820.0,1823.85,1788.25,1802.35,1802.75,1801.91,719547,12965.61,38282,462257,64.24
2024-01-16,ASTRAL, EQ, 16-Jan-2024,1802.75,1814.9,1820.1,1783.25,1791.7,1794.15,1800.09,298260,5368.96,27493,139749,46.85
2024-01-17,ASTRAL, EQ, 17-Jan-2024,1794.15,1789.05,1803.25,1771.0,1773.0,1774.7,1788.52,319628,5716.61,35800,178426,55.82
2024-01-18,ASTRAL, EQ, 18-Jan-2024,1774.7,1775.0,1798.0,1740.0,1797.0,1791.4,1777.81,876994,15591.33,47956,531641,60.62
2024-01-19,ASTRAL, EQ, 19-Jan-2024,1791.4,1806.95,1859.0,1801.6,1855.0,1850.75,1836.29,623395,11447.34,35783,369413,59.26
2024-01-20,ASTRAL, EQ, 20-Jan-2024,1850.75,1855.2,1866.0,1815.2,1826.95,1822.65,1839.35,195543,3596.71,16563,82008,41.94
2024-01-23,ASTRAL, EQ, 23-Jan-2024,1822.65,1834.95,1838.8,1765.0,1771.8,1774.4,1811.44,1306351,23663.72,46982,263108,20.14
2024-01-24,ASTRAL, EQ, 24-Jan-2024,1774.4,1779.8,1834.25,1772.2,1830.0,1827.85,1813.49,489460,8876.3,34882,234888,47.99
2024-01-25,ASTRAL, EQ, 25-Jan-2024,1827.85,1829.5,1833.0,1786.5,1799.0,1800.05,1799.49,512718,9226.32,48845,312640,60.98
2024-01-29,ASTRAL, EQ, 29-Jan-2024,1800.05,1810.0,1875.0,1810.0,1872.35,1868.75,1849.88,1046879,19366.03,80119,534051,51.01
2024-01-30,ASTRAL, EQ, 30-Jan-2024,1868.75,1889.95,1889.95,1863.25,1878.5,1876.45,1878.37,773114,14521.97,42467,518600,67.08
2024-01-31,ASTRAL, EQ, 31-Jan-2024,1876.45,1842.0,1884.0,1807.1,1835.15,1830.4,1831.46,1742853,31919.71,122714,1095935,62.88
2024-02-01,ASTRAL, EQ, 01-Feb-2024,1830.4,1834.0,1905.0,1820.0,1885.0,1889.2,1885.37,1028119,19383.84,61945,486605,47.33
2024-02-02,ASTRAL, EQ, 02-Feb-2024,1889.2,1889.9,1943.0,1889.9,1901.95,1902.45,1921.96,829998,15952.21,52514,410932,49.51
2024-02-05,ASTRAL, EQ, 05-Feb-2024,1902.45,1910.0,1919.85,1860.0,1871.65,1874.8,1884.5,814203,15343.68,67536,367783,45.17
2024-02-06,ASTRAL, EQ, 06-Feb-2024,1874.8,1893.95,1904.95,1874.8,1885.0,1888.75,1890.36,387406,7323.37,27900,198657,51.28
2024-02-07,ASTRAL, EQ, 07-Feb-2024,1888.75,1895.0,1913.0,1886.3,1898.0,1894.35,1896.39,265200,5029.24,22472,140656,53.04
2024-02-08,ASTRAL, EQ, 08-Feb-2024,1894.35,1903.0,1911.0,1869.6,1884.0,1873.45,1883.45,479678,9034.48,32663,317948,66.28
2024-02-09,ASTRAL, EQ, 09-Feb-2024,1873.45,1879.0,1880.95,1835.55,1853.9,1852.45,1854.35,358812,6653.61,23857,196447,54.75
2024-02-12,ASTRAL, EQ, 12-Feb-2024,1852.45,1852.45,1955.0,1833.55,1934.05,1938.4,1911.05,1545736,29539.86,114302,548661,35.5
2024-02-13,ASTRAL, EQ, 13-Feb-2024,1938.4,1943.95,1947.9,1874.65,1899.0,1899.7,1907.13,484655,9243.01,45784,150288,31.01
2024-02-14,ASTRAL, EQ, 14-Feb-2024,1899.7,1880.0,1954.95,1880.0,1951.6,1950.35,1936.89,609990,11814.86,39665,302672,49.62
2024-02-15,ASTRAL, EQ, 15-Feb-2024,1950.35,1954.95,1966.0,1944.6,1951.0,1955.25,1956.22,397001,7766.22,30522,203658,51.3
2024-02-16,ASTRAL, EQ, 16-Feb-2024,1955.25,1955.25,1983.8,1948.2,1967.0,1968.8,1969.13,360551,7099.73,24778,174611,48.43
2024-02-19,ASTRAL, EQ, 19-Feb-2024,1968.8,1970.15,1973.8,1948.45,1970.0,1966.7,1963.07,421390,8272.19,48111,102686,24.37
2024-02-20,ASTRAL, EQ, 20-Feb-2024,1966.7,1966.7,1984.95,1944.9,1951.0,1952.0,1961.86,329238,6459.18,34793,180676,54.88
2024-02-21,ASTRAL, EQ, 21-Feb-2024,1952.0,1966.0,1970.0,1922.75,1931.0,1930.5,1941.09,649882,12614.78,40414,456757,70.28
2024-02-22,ASTRAL, EQ, 22-Feb-2024,1930.5,1943.0,1969.95,1925.1,1962.5,1965.15,1954.55,305171,5964.71,32718,121058,39.67
2024-02-23,ASTRAL, EQ, 23-Feb-2024,1965.15,1981.0,2095.0,1968.0,2077.0,2075.9,2048.95,2917191,59771.9,145216,992244,34.01
2024-02-26,ASTRAL, EQ, 26-Feb-2024,2075.9,2094.0,2124.45,2042.05,2089.8,2084.45,2083.62,2331714,48584.12,147909,450981,19.34
2024-02-27,ASTRAL, EQ, 27-Feb-2024,2084.45,2094.9,2134.55,2075.0,2095.0,2095.25,2102.04,1057268,22224.18,73189,387824,36.68
2024-02-28,ASTRAL, EQ, 28-Feb-2024,2095.25,2104.0,2116.75,2039.2,2051.0,2052.45,2080.49,639894,13312.92,59898,242554,37.91
2024-02-29,ASTRAL, EQ, 29-Feb-2024,2052.45,2052.5,2090.0,2031.5,2089.0,2069.1,2065.1,2050782,42350.73,66296,1382981,67.44
2024-03-01,ASTRAL, EQ, 01-Mar-2024,2069.1,2086.5,2106.2,2066.05,2070.45,2073.6,2083.85,388318,8091.97,40755,146194,37.65
2024-03-02,ASTRAL, EQ, 02-Mar-2024,2073.6,2077.5,2127.0,2074.0,2107.0,2108.95,2110.24,143819,3034.92,11537,46689,32.46
2024-03-04,ASTRAL, EQ, 04-Mar-2024,2108.95,2115.0,2119.4,2071.55,2095.0,2097.1,2089.91,763233,15950.86,66066,351866,46.1
2024-03-05,ASTRAL, EQ, 05-Mar-2024,2097.1,2106.0,2143.8,2088.0,2105.0,2106.75,2111.43,803395,16963.11,62373,333381,41.5
2024-03-06,ASTRAL, EQ, 06-Mar-2024,2106.75,2111.0,2111.0,2047.65,2095.0,2093.0,2078.62,477261,9920.46,44985,214675,44.98
2024-03-07,ASTRAL, EQ, 07-Mar-2024,2093.0,2080.05,2134.0,2080.05,2097.0,2100.25,2108.24,415811,8766.27,53324,194216,46.71
2024-03-11,ASTRAL, EQ, 11-Mar-2024,2100.25,2100.25,2124.95,2077.3,2095.0,2101.0,2104.59,801434,16866.92,96064,330217,41.2
2024-03-12,ASTRAL, EQ, 12-Mar-2024,2101.0,2102.0,2109.7,2035.55,2044.0,2044.35,2062.62,479940,9899.35,52441,222505,46.36
2024-03-13,ASTRAL, EQ, 13-Mar-2024,2044.35,2049.05,2083.25,1975.6,1981.0,2001.15,2019.3,1066781,21541.47,76562,575315,53.93
2024-03-14,ASTRAL, EQ, 14-Mar-2024,2001.15,1982.25,2045.75,1975.55,2028.0,2015.65,2012.29,563858,11346.45,47587,283292,50.24
2024-03-15,ASTRAL, EQ, 15-Mar-2024,2015.65,2015.0,2057.4,1956.8,2023.75,2030.2,2004.76,514531,10315.11,55759,197275,38.34
2024-03-18,ASTRAL, EQ, 18-Mar-2024,2030.2,2035.25,2050.0,1944.45,1972.0,1970.6,1983.39,1769550,35097.09,110084,390376,22.06
2024-03-19,ASTRAL, EQ, 19-Mar-2024,1970.6,1979.9,2022.0,1878.6,1948.0,1951.75,1918.79,2131586,40900.76,108903,339038,15.91
2024-03-20,ASTRAL, EQ, 20-Mar-2024,1951.75,1951.75,1965.0,1895.85,1905.95,1904.85,1919.1,1106750,21239.6,68621,272216,24.6
2024-03-21,ASTRAL, EQ, 21-Mar-2024,1904.85,1914.6,1950.0,1902.0,1938.05,1942.5,1923.34,390508,7510.8,37199,152196,38.97
2024-03-22,ASTRAL, EQ, 22-Mar-2024,1942.5,1940.0,1956.75,1912.05,1944.95,1938.9,1935.21,519482,10053.06,47911,117743,22.67
2024-03-26,ASTRAL, EQ, 26-Mar-2024,1938.9,1925.8,1999.0,1925.8,1991.0,1992.9,1974.04,456184,9005.24,43544,133243,29.21
2024-03-27,ASTRAL, EQ, 27-Mar-2024,1992.9,2009.8,2018.8,1987.7,1998.0,1998.1,2003.73,327476,6561.73,44935,137512,41.99
2024-03-28,ASTRAL, EQ, 28-Mar-2024,1998.1,2010.0,2012.05,1982.0,1992.95,1991.25,1996.56,379847,7583.85,26302,177858,46.82
2024-04-01,ASTRAL, EQ, 01-Apr-2024,1991.25,1998.2,2037.8,1995.0,2030.05,2029.7,2017.22,445828,8993.32,32908,148666,33.35
2024-04-02,ASTRAL, EQ, 02-Apr-2024,2029.7,2050.0,2061.0,2037.0,2061.0,2051.7,2047.23,490877,10049.39,34531,276152,56.26
2024-04-03,ASTRAL, EQ, 03-Apr-2024,2051.7,2051.7,2065.15,2028.4,2054.3,2057.75,2046.62,290457,5944.56,25601,151382,52.12
2024-04-04,ASTRAL, EQ, 04-Apr-2024,2057.75,2094.0,2100.0,2051.05,2061.0,2062.5,2071.47,379027,7851.42,24796,147507,38.92
2024-04-05,ASTRAL, EQ, 05-Apr-2024,2062.5,2062.5,2067.95,2035.95,2042.95,2042.3,2047.35,301755,6177.99,23301,192458,63.78
2024-04-08,ASTRAL, EQ, 08-Apr-2024,2042.3,2058.65,2058.65,2001.1,2032.15,2024.8,2029.5,670678,13611.43,49772,205306,30.61
2024-04-09,ASTRAL, EQ, 09-Apr-2024,2024.8,2042.9,2043.1,1990.0,1994.0,1997.05,2012.77,173393,3490.01,24418,70431,40.62
2024-04-10,ASTRAL, EQ, 10-Apr-2024,1997.05,2007.95,2014.7,1990.0,1994.9,1995.25,2001.05,180200,3605.89,18606,79935,44.36
2024-04-12,ASTRAL, EQ, 12-Apr-2024,1995.25,1990.15,2022.55,1960.05,1969.9,1964.25,1986.88,413279,8211.37,51534,242445,58.66
2024-04-15,ASTRAL, EQ, 15-Apr-2024,1964.25,1940.05,1976.85,1936.05,1965.0,1969.55,1962.23,570103,11186.73,57159,282656,49.58
2024-04-16,ASTRAL, EQ, 16-Apr-2024,1969.55,1945.0,2003.75,1945.0,1980.15,1987.35,1988.1,423415,8417.89,44844,209653,49.51
2024-04-18,ASTRAL, EQ, 18-Apr-2024,1987.35,1990.0,2008.0,1975.05,1999.0,1987.45,1993.15,500791,9981.52,41769,305007,60.91
2024-04-19,ASTRAL, EQ, 19-Apr-2024,1987.45,1975.0,1977.45,1938.25,1943.9,1943.65,1949.11,494224,9632.99,48331,264961,53.61
2024-04-22,ASTRAL, EQ, 22-Apr-2024,1943.65,1949.9,1981.0,1949.9,1961.45,1961.7,1963.35,332780,6533.63,36326,130092,39.09
2024-04-23,ASTRAL, EQ, 23-Apr-2024,1961.7,1968.05,1978.3,1954.0,1959.85,1958.6,1967.69,507115,9978.43,42237,319109,62.93
2024-04-24,ASTRAL, EQ, 24-Apr-2024,1958.6,1966.0,1995.1,1958.0,1995.1,1988.85,1976.41,165710,3275.1,18182,68124,41.11
2024-04-25,ASTRAL, EQ, 25-Apr-2024,1988.85,2006.0,2032.7,1986.0,2009.85,2010.65,2013.98,689666,13889.75,51609,303923,44.07
2024-04-26,ASTRAL, EQ, 26-Apr-2024,2010.65,2016.95,2043.2,1985.5,2043.0,2039.75,2028.56,351693,7134.31,32276,196321,55.82
2024-04-29,ASTRAL, EQ, 29-Apr-2024,2039.75,2057.0,2089.0,2040.95,2046.1,2055.5,2064.05,639029,13189.9,46281,257143,40.24
2024-04-30,ASTRAL, EQ, 30-Apr-2024,2055.5,2023.0,2149.4,2023.0,2120.0,2118.1,2118.64,1100749,23320.92,65159,368512,33.48
2024-05-02,ASTRAL, EQ, 02-May-2024,2118.1,2120.0,2142.0,2055.35,2070.0,2062.9,2089.07,463442,9681.64,31659,241232,52.05
2024-05-03,ASTRAL, EQ, 03-May-2024,2062.9,2078.95,2083.9,2044.1,2070.0,2069.5,2063.77,298394,6158.15,34134,157179,52.67
2024-05-06,ASTRAL, EQ, 06-May-2024,2069.5,2063.7,2116.7,2060.0,2105.0,2109.5,2093.51,445527,9327.14,43620,144877,32.52
2024-05-07,ASTRAL, EQ, 07-May-2024,2109.5,2114.5,2131.0,2031.05,2073.0,2068.6,2080.67,386392,8039.55,32473,149379,38.66
2024-05-08,ASTRAL, EQ, 08-May-2024,2068.6,2060.6,2128.0,2050.35,2096.5,2089.25,2094.05,614527,12868.52,51125,255751,41.62
2024-05-09,ASTRAL, EQ, 09-May-2024,2089.25,2097.9,2108.0,2060.3,2070.35,2072.05,2080.35,295120,6139.53,29625,139064,47.12
2024-05-10,ASTRAL, EQ, 10-May-2024,2072.05,2065.25,2164.9,2060.0,2162.0,2158.65,2133.75,1055032,22511.8,65718,425311,40.31
2024-05-13,ASTRAL, EQ, 13-May-2024,2158.65,2174.9,2228.0,2119.2,2215.1,2215.55,2179.15,1447510,31543.37,83477,370735,25.61
2024-05-14,ASTRAL, EQ, 14-May-2024,2215.55,2225.95,2243.3,2200.55,2218.95,2211.55,2221.06,733542,16292.4,58453,255376,34.81
2024-05-15,ASTRAL, EQ, 15-May-2024,2211.55,2214.05,2237.5,2181.6,2213.15,2212.5,2209.92,532249,11762.3,44499,292822,55.02
2024-05-16,ASTRAL, EQ, 16-May-2024,2212.5,2210.05,2279.0,2209.9,2276.0,2273.05,2256.73,763037,17219.66,58468,355553,46.6
2024-05-17,ASTRAL, EQ, 17-May-2024,2273.05,2290.0,2352.0,2266.4,2303.9,2303.0,2309.75,1246909,28800.53,86133,351389,28.18
2024-05-18,ASTRAL, EQ, 18-May-2024,2303.0,2269.05,2269.05,2187.85,2189.8,2193.75,2206.2,302615,6676.28,19933,145712,48.15
2024-05-21,ASTRAL, EQ, 21-May-2024,2193.75,2200.0,2204.9,2061.05,2079.0,2078.2,2098.43,2005808,42090.52,139016,857137,42.73
2024-05-22,ASTRAL, EQ, 22-May-2024,2078.2,2086.25,2125.0,2078.3,2103.0,2105.45,2103.02,996545,20957.54,74830,377589,37.89
2024-05-23,ASTRAL, EQ, 23-May-2024,2105.45,2115.0,2133.45,2091.5,2106.0,2105.2,2111.27,561757,11860.21,46656,184492,32.84
2024-05-24,ASTRAL, EQ, 24-May-2024,2105.2,2118.8,2165.3,2112.35,2150.0,2149.0,2147.13,891219,19135.63,64290,371852,41.72
2024-05-27,ASTRAL, EQ, 27-May-2024,2149.0,2166.95,2202.35,2140.2,2168.5,2174.25,2176.13,1501537,32675.46,103418,482367,32.12
2024-05-28,ASTRAL, EQ, 28-May-2024,2174.25,2175.7,2199.0,2141.0,2144.0,2148.65,2171.82,428424,9304.6,39779,192080,44.83
2024-05-29,ASTRAL, EQ, 29-May-2024,2148.65,2142.9,2145.0,2106.5,2110.1,2114.05,2125.93,287874,6119.99,29061,135648,47.12
2024-05-30,ASTRAL, EQ, 30-May-2024,2114.05,2115.0,2123.0,2088.55,2104.8,2101.55,2105.43,325338,6849.78,29147,129088,39.68
2024-05-31,ASTRAL, EQ, 31-May-2024,2101.55,2120.0,2133.9,2070.0,2102.0,2096.85,2095.89,1720844,36066.97,58136,1233571,71.68
2024-06-03,ASTRAL, EQ, 03-Jun-2024,2096.85,2148.0,2179.05,2118.75,2150.0,2146.0,2147.14,756841,16250.45,65461,258297,34.13
2024-06-04,ASTRAL, EQ, 04-Jun-2024,2146.0,2142.05,2142.05,1931.4,2010.0,2012.1,2039.14,871166,17764.31,87657,398165,45.7
2024-06-05,ASTRAL, EQ, 05-Jun-2024,2012.1,2020.0,2127.7,1986.05,2111.95,2116.3,2066.41,636073,13143.9,39442,317078,49.85
2024-06-06,ASTRAL, EQ, 06-Jun-2024,2116.3,2127.95,2184.0,2110.5,2142.15,2149.3,2152.23,465552,10019.76,41933,237709,51.06
2024-06-07,ASTRAL, EQ, 07-Jun-2024,2149.3,2155.0,2170.0,2144.8,2156.0,2158.8,2158.42,408587,8819.01,23427,234182,57.32
2024-06-10,ASTRAL, EQ, 10-Jun-2024,2158.8,2180.0,2185.0,2114.65,2150.0,2160.75,2150.37,1119452,24072.31,72869,437164,39.05
2024-06-11,ASTRAL, EQ, 11-Jun-2024,2160.75,2151.05,2229.55,2150.0,2196.8,2194.85,2204.79,664660,14654.33,47485,308369,46.39
2024-06-12,ASTRAL, EQ, 12-Jun-2024,2194.85,2207.0,2257.8,2200.05,2226.5,2226.45,2238.26,706912,15822.56,49797,332314,47.01
2024-06-13,ASTRAL, EQ, 13-Jun-2024,2226.45,2240.5,2248.95,2222.2,2233.5,2236.2,2238.47,292695,6551.9,31349,156636,53.52
2024-06-14,ASTRAL, EQ, 14-Jun-2024,2236.2,2250.0,2291.95,2242.45,2271.0,2269.45,2272.1,658492,14961.63,55949,276555,42.0
2024-06-18,ASTRAL, EQ, 18-Jun-2024,2269.45,2270.1,2297.8,2251.0,2255.0,2257.2,2272.96,360927,8203.71,34138,146607,40.62
2024-06-19,ASTRAL, EQ, 19-Jun-2024,2257.2,2246.2,2250.95,2199.3,2209.0,2204.6,2216.87,193812,4296.56,17700,66316,34.22
2024-06-20,ASTRAL, EQ, 20-Jun-2024,2204.6,2221.15,2244.9,2199.05,2214.9,2211.55,2220.35,314667,6986.72,22066,171605,54.54
2024-06-21,ASTRAL, EQ, 21-Jun-2024,2211.55,2247.5,2300.9,2228.45,2272.0,2273.65,2276.95,842534,19184.05,60432,289584,34.37
2024-06-24,ASTRAL, EQ, 24-Jun-2024,2273.65,2272.95,2393.4,2243.35,2390.0,2384.4,2350.97,2101515,49405.96,114170,510612,24.3
2024-06-25,ASTRAL, EQ, 25-Jun-2024,2384.4,2392.0,2415.0,2371.1,2382.0,2385.45,2392.34,895010,21411.67,56961,395617,44.2
2024-06-26,ASTRAL, EQ, 26-Jun-2024,2385.45,2394.4,2453.0,2390.0,2405.0,2406.0,2423.1,1008811,24444.45,69618,384618,38.13
2024-06-27,ASTRAL, EQ, 27-Jun-2024,2406.0,2385.3,2440.0,2367.5,2429.0,2417.75,2404.71,451988,10869.0,37752,184362,40.79
2024-06-28,ASTRAL, EQ, 28-Jun-2024,2417.75,2412.7,2412.7,2369.1,2389.8,2380.8,2385.69,333399,7953.86,30061,147906,44.36
2024-07-01,ASTRAL, EQ, 01-Jul-2024,2380.8,2380.0,2389.7,2363.05,2385.0,2378.15,2375.16,221539,5261.9,22387,104712,47.27
2024-07-02,ASTRAL, EQ, 02-Jul-2024,2378.15,2371.1,2454.0,2371.1,2417.9,2416.75,2423.74,713240,17287.06,47323,217772,30.53
2024-07-03,ASTRAL, EQ, 03-Jul-2024,2416.75,2420.65,2425.0,2372.6,2407.85,2400.1,2394.28,310243,7428.09,43354,112027,36.11
2024-07-04,ASTRAL, EQ, 04-Jul-2024,2400.1,2399.1,2399.1,2353.35,2370.5,2369.55,2375.84,322610,7664.71,25434,165686,51.36
2024-07-05,ASTRAL, EQ, 05-Jul-2024,2369.55,2369.0,2433.45,2369.0,2405.0,2406.25,2409.11,722122,17396.68,51245,239881,33.22
2024-07-08,ASTRAL, EQ, 08-Jul-2024,2406.25,2414.0,2414.2,2307.85,2342.4,2330.45,2342.75,871732,20422.53,80090,274201,31.45
2024-07-09,ASTRAL, EQ, 09-Jul-2024,2330.45,2340.0,2347.95,2303.05,2331.25,2335.5,2327.05,336505,7830.65,44269,183134,54.42
2024-07-10,ASTRAL, EQ, 10-Jul-2024,2335.5,2339.0,2369.2,2292.4,2345.05,2349.5,2337.67,305366,7138.44,34034,120317,39.4
2024-07-11,ASTRAL, EQ, 11-Jul-2024,2349.5,2348.15,2354.15,2312.55,2331.55,2338.45,2335.71,248612,5806.87,21636,110017,44.25
2024-07-12,ASTRAL, EQ, 12-Jul-2024,2338.45,2338.45,2346.45,2285.0,2291.85,2302.35,2310.23,214191,4948.3,21851,105831,49.41
2024-07-15,ASTRAL, EQ, 15-Jul-2024,2302.35,2300.0,2300.0,2242.5,2263.0,2262.6,2262.6,526725,11917.7,44506,187135,35.53
2024-07-16,ASTRAL, EQ, 16-Jul-2024,2262.6,2263.9,2285.0,2249.05,2267.05,2266.85,2269.48,210636,4780.33,27672,75574,35.88
2024-07-18,ASTRAL, EQ, 18-Jul-2024,2266.85,2276.95,2276.95,2232.05,2244.05,2249.7,2248.54,194539,4374.29,19724,83171,42.75
2024-07-19,ASTRAL, EQ, 19-Jul-2024,2249.7,2255.65,2315.9,2219.5,2261.7,2272.1,2256.08,821041,18523.33,35914,500574,60.97
2024-07-22,ASTRAL, EQ, 22-Jul-2024,2272.1,2271.0,2314.9,2226.55,2259.65,2260.2,2270.74,875601,19882.6,68075,371454,42.42
2024-07-23,ASTRAL, EQ, 23-Jul-2024,2260.2,2274.0,2274.0,2178.05,2235.5,2236.55,2231.6,413108,9218.92,27095,167514,40.55
2024-07-24,ASTRAL, EQ, 24-Jul-2024,2236.55,2236.0,2236.0,2194.55,2208.7,2199.55,2210.02,234746,5187.92,22413,102838,43.81
2024-07-25,ASTRAL, EQ, 25-Jul-2024,2199.55,2176.0,2197.0,2164.0,2184.3,2174.25,2179.36,281751,6140.36,27351,119699,42.48
2024-07-26,ASTRAL, EQ, 26-Jul-2024,2174.25,2184.0,2237.55,2184.0,2226.5,2215.55,2212.63,260079,5754.58,19283,125452,48.24
2024-07-29,ASTRAL, EQ, 29-Jul-2024,2215.55,2232.9,2240.05,2188.0,2204.95,2202.75,2211.03,534045,11807.92,68814,314757,58.94
2024-07-30,ASTRAL, EQ, 30-Jul-2024,2202.75,2209.0,2214.0,2189.0,2189.8,2194.0,2198.55,382126,8401.23,28386,267659,70.04
2024-07-31,ASTRAL, EQ, 31-Jul-2024,2194.0,2210.0,2210.0,2179.95,2194.0,2188.75,2189.95,502783,11010.69,21841,383572,76.29
2024-08-01,ASTRAL, EQ, 01-Aug-2024,2188.75,2205.0,2209.0,2157.9,2178.3,2168.8,2179.95,330769,7210.59,22127,181656,54.92
2024-08-02,ASTRAL, EQ, 02-Aug-2024,2168.8,2150.0,2170.45,2126.05,2130.5,2130.45,2146.77,210897,4527.47,25301,107190,50.83
2024-08-05,ASTRAL, EQ, 05-Aug-2024,2130.45,2100.25,2121.8,2063.15,2107.1,2105.5,2094.63,471373,9873.54,47024,181920,38.59
2024-08-06,ASTRAL, EQ, 06-Aug-2024,2105.5,2110.0,2148.5,2080.75,2085.0,2090.75,2112.52,380127,8030.25,35621,187321,49.28
2024-08-07,ASTRAL, EQ, 07-Aug-2024,2090.75,2111.4,2136.5,2098.0,2128.0,2125.0,2120.64,227045,4814.81,16898,121054,53.32
2024-08-08,ASTRAL, EQ, 08-Aug-2024,2125.0,2125.0,2131.55,2075.0,2087.35,2082.2,2094.35,183709,3847.52,21173,84186,45.83
2024-08-09,ASTRAL, EQ, 09-Aug-2024,2082.2,2075.1,2097.75,2015.0,2038.0,2031.35,2045.07,632306,12931.09,41516,303735,48.04
2024-08-12,ASTRAL, EQ, 12-Aug-2024,2031.35,2030.0,2030.0,1915.55,1940.0,1937.9,1939.06,1768080,34284.11,174241,740916,41.91
2024-08-13,ASTRAL, EQ, 13-Aug-2024,1937.9,1941.0,1959.0,1903.5,1909.15,1910.35,1923.75,601770,11576.57,58511,330021,54.84
2024-08-14,ASTRAL, EQ, 14-Aug-2024,1910.35,1927.0,1927.0,1859.0,1868.0,1862.95,1876.17,810952,15214.85,63264,540339,66.63
2024-08-16,ASTRAL, EQ, 16-Aug-2024,1862.95,1878.0,1911.15,1861.65,1887.4,1889.5,1890.74,816779,15443.17,42572,553516,67.77
2024-08-19,ASTRAL, EQ, 19-Aug-2024,1889.5,1904.2,1909.65,1871.0,1897.95,1882.75,1883.61,1593840,30021.66,93668,974708,61.15
2024-08-20,ASTRAL, EQ, 20-Aug-2024,1882.75,1882.8,1910.55,1882.8,1891.8,1896.75,1898.77,816174,15497.31,34242,502728,61.6
2024-08-21,ASTRAL, EQ, 21-Aug-2024,1896.75,1898.95,1908.85,1879.9,1892.0,1890.25,1890.37,673857,12738.39,22195,501402,74.41
2024-08-22,ASTRAL, EQ, 22-Aug-2024,1890.25,1908.05,1961.0,1895.05,1959.05,1955.95,1939.09,1036936,20107.11,64131,475443,45.85
2024-08-23,ASTRAL, EQ, 23-Aug-2024,1955.95,1970.0,1972.0,1931.65,1947.0,1946.35,1953.05,903580,17647.37,42845,381121,42.18
2024-08-26,ASTRAL, EQ, 26-Aug-2024,1946.35,1968.0,1993.0,1956.05,1974.0,1973.95,1978.1,783184,15492.18,45312,358874,45.82
2024-08-27,ASTRAL, EQ, 27-Aug-2024,1973.95,1979.95,1979.95,1950.0,1951.0,1953.15,1962.06,280917,5511.77,27913,136100,48.45
2024-08-28,ASTRAL, EQ, 28-Aug-2024,1953.15,1955.0,1981.75,1946.05,1954.75,1958.1,1968.97,708790,13955.84,41109,423461,59.74
2024-08-29,ASTRAL, EQ, 29-Aug-2024,1958.1,1958.45,1961.95,1912.35,1929.55,1930.8,1932.07,281376,5436.39,28416,132734,47.17
2024-08-30,ASTRAL, EQ, 30-Aug-2024,1930.8,1945.0,1945.0,1914.0,1924.0,1919.35,1923.46,441021,8482.86,29471,318432,72.2
2024-09-02,ASTRAL, EQ, 02-Sep-2024,1919.35,1934.65,1937.7,1910.0,1920.4,1916.5,1918.34,420363,8064.0,36888,185805,44.2
2024-09-03,ASTRAL, EQ, 03-Sep-2024,1916.5,1920.4,1943.7,1916.55,1925.2,1926.05,1927.73,330865,6378.19,30542,191961,58.02
2024-09-04,ASTRAL, EQ, 04-Sep-2024,1926.05,1910.75,1943.5,1910.75,1937.8,1935.8,1933.8,256231,4954.99,24759,121768,47.52
2024-09-05,ASTRAL, EQ, 05-Sep-2024,1935.8,1947.0,1947.0,1916.85,1935.0,1933.1,1930.23,368394,7110.87,22816,258177,70.08
2024-09-06,ASTRAL, EQ, 06-Sep-2024,1933.1,1934.95,1939.9,1896.0,1900.45,1899.5,1910.37,312986,5979.18,36007,152752,48.8
2024-09-09,ASTRAL, EQ, 09-Sep-2024,1899.5,1910.0,1923.3,1877.5,1915.55,1916.55,1908.87,484580,9250.01,38226,204358,42.17
2024-09-10,ASTRAL, EQ, 10-Sep-2024,1916.55,1925.95,1952.0,1917.0,1946.0,1942.05,1939.28,352805,6841.88,26084,194721,55.19
2024-09-11,ASTRAL, EQ, 11-Sep-2024,1942.05,1952.0,1960.0,1914.3,1930.1,1923.1,1939.6,335566,6508.65,23901,153776,45.83
2024-09-12,ASTRAL, EQ, 12-Sep-2024,1923.1,1930.0,1948.4,1926.65,1937.7,1939.7,1940.6,510533,9907.42,22915,359848,70.48
2024-09-13,ASTRAL, EQ, 13-Sep-2024,1939.7,1939.95,1956.05,1930.0,1931.0,1934.45,1940.29,286166,5552.44,22770,172367,60.23
2024-09-16,ASTRAL, EQ, 16-Sep-2024,1934.45,1934.45,1943.5,1897.55,1906.7,1904.15,1910.4,505775,9662.34,54395,194852,38.53
2024-09-17,ASTRAL, EQ, 17-Sep-2024,1904.15,1910.0,1916.45,1900.5,1907.1,1909.1,1908.41,196810,3755.93,18125,95239,48.39
2024-09-18,ASTRAL, EQ, 18-Sep-2024,1909.1,1909.1,1919.95,1875.0,1897.0,1896.4,1895.38,273488,5183.63,27908,126016,46.08
2024-09-19,ASTRAL, EQ, 19-Sep-2024,1896.4,1899.9,1919.95,1880.0,1906.15,1908.4,1900.38,308606,5864.68,26501,148739,48.2
2024-09-20,ASTRAL, EQ, 20-Sep-2024,1908.4,1923.0,1942.0,1903.0,1930.0,1927.9,1928.05,518567,9998.25,38005,263452,50.8
2024-09-23,ASTRAL, EQ, 23-Sep-2024,1927.9,1947.0,1981.75,1939.35,1976.95,1972.4,1968.41,1140689,22453.45,71718,509459,44.66
2024-09-24,ASTRAL, EQ, 24-Sep-2024,1972.4,1986.5,2015.95,1973.95,2008.5,2008.95,2004.43,1238922,24833.29,62086,758044,61.19
2024-09-25,ASTRAL, EQ, 25-Sep-2024,2008.95,2032.0,2037.95,2000.05,2022.05,2024.95,2019.88,661747,13366.47,48984,317405,47.96
2024-09-26,ASTRAL, EQ, 26-Sep-2024,2024.95,2029.8,2029.9,2000.0,2007.95,2008.55,2010.93,317884,6392.42,32134,154336,48.55
2024-09-27,ASTRAL, EQ, 27-Sep-2024,2008.55,1986.15,2026.5,1986.15,2010.95,2004.85,2009.44,368524,7405.27,30469,208133,56.48
2024-09-30,ASTRAL, EQ, 30-Sep-2024,2004.85,2010.0,2013.5,1972.75,1989.0,1989.55,1990.87,827247,16469.4,53918,553936,66.96
2024-10-01,ASTRAL, EQ, 01-Oct-2024,1989.55,1990.0,2001.7,1958.5,1973.0,1974.5,1975.58,558479,11033.21,64357,348539,62.41
2024-10-03,ASTRAL, EQ, 03-Oct-2024,1974.5,1945.0,1972.0,1907.55,1921.9,1918.95,1940.9,492776,9564.28,74109,294399,59.74
2024-10-04,ASTRAL, EQ, 04-Oct-2024,1918.95,1921.0,1925.0,1878.05,1897.9,1893.15,1897.56,544086,10324.37,66399,287981,52.93
2024-10-07,ASTRAL, EQ, 07-Oct-2024,1893.15,1897.85,1907.55,1849.1,1893.0,1887.5,1875.81,603553,11321.54,51361,234829,38.91
2024-10-08,ASTRAL, EQ, 08-Oct-2024,1887.5,1885.0,1905.95,1880.5,1900.0,1899.1,1895.63,313473,5942.28,26112,186629,59.54
2024-10-09,ASTRAL, EQ, 09-Oct-2024,1899.1,1899.1,1922.45,1895.0,1906.0,1901.75,1906.02,340800,6495.72,36529,179371,52.63
2024-10-10,ASTRAL, EQ, 10-Oct-2024,1901.75,1905.0,1915.0,1890.95,1897.1,1899.45,1898.71,269728,5121.34,18793,161891,60.02
2024-10-11,ASTRAL, EQ, 11-Oct-2024,1899.45,1898.95,1904.0,1882.0,1900.0,1897.45,1890.76,316306,5980.58,27069,202095,63.89
2024-10-14,ASTRAL, EQ, 14-Oct-2024,1897.45,1895.0,1914.0,1884.3,1907.0,1905.4,1897.23,551594,10464.99,37557,277828,50.37
2024-10-15,ASTRAL, EQ, 15-Oct-2024,1905.4,1906.9,1917.55,1893.15,1902.55,1904.5,1904.85,289324,5511.2,32789,175083,60.51
2024-10-16,ASTRAL, EQ, 16-Oct-2024,1904.5,1904.5,1907.1,1882.05,1890.0,1894.6,1891.92,183555,3472.71,20658,93718,51.06
2024-10-17,ASTRAL, EQ, 17-Oct-2024,1894.6,1884.0,1890.6,1848.2,1863.95,1862.75,1862.7,528719,9848.46,40191,294274,55.66
2024-10-18,ASTRAL, EQ, 18-Oct-2024,1862.75,1866.55,1879.0,1843.35,1877.0,1871.7,1868.5,313813,5863.59,43221,189091,60.26
2024-10-21,ASTRAL, EQ, 21-Oct-2024,1871.7,1874.85,1898.0,1834.85,1855.0,1850.05,1859.95,639520,11894.78,64063,317689,49.68
2024-10-22,ASTRAL, EQ, 22-Oct-2024,1850.05,1861.4,1867.75,1780.65,1794.0,1790.15,1819.26,540604,9834.99,60048,325175,60.15
2024-10-23,ASTRAL, EQ, 23-Oct-2024,1790.15,1790.15,1809.0,1766.55,1792.85,1793.15,1792.72,819053,14683.34,58170,517040,63.13
2024-10-24,ASTRAL, EQ, 24-Oct-2024,1793.15,1809.05,1810.0,1773.45,1792.0,1791.95,1787.15,591028,10562.58,35692,401889,68.0
2024-10-25,ASTRAL, EQ, 25-Oct-2024,1791.95,1800.95,1820.95,1753.2,1801.45,1799.3,1782.22,993364,17703.93,50080,591470,59.54
2024-10-28,ASTRAL, EQ, 28-Oct-2024,1799.3,1801.95,1814.2,1790.7,1795.0,1795.25,1801.74,362060,6523.39,38480,194068,53.6
2024-10-29,ASTRAL, EQ, 29-Oct-2024,1795.25,1804.0,1806.45,1740.0,1760.6,1759.9,1763.1,640667,11295.6,53967,390533,60.96
2024-10-30,ASTRAL, EQ, 30-Oct-2024,1759.9,1766.3,1769.95,1733.35,1750.7,1746.9,1750.95,684713,11988.97,42976,355339,51.9
2024-10-31,ASTRAL, EQ, 31-Oct-2024,1746.9,1749.95,1775.0,1740.0,1768.5,1770.35,1759.78,514160,9048.08,58611,302012,58.74
2024-11-01,ASTRAL, EQ, 01-Nov-2024,1770.35,1783.8,1784.1,1774.05,1778.05,1778.25,1778.76,47682,848.15,5479,29023,60.87
2024-11-04,ASTRAL, EQ, 04-Nov-2024,1778.25,1779.95,1804.0,1729.0,1746.8,1750.8,1744.49,351188,6126.43,43082,161254,45.92
2024-11-05,ASTRAL, EQ, 05-Nov-2024,1750.8,1755.95,1789.35,1755.95,1770.0,1769.75,1773.4,1166407,20685.06,48070,729353,62.53
2024-11-06,ASTRAL, EQ, 06-Nov-2024,1769.75,1770.1,1813.85,1768.55,1810.0,1805.65,1792.1,730575,13092.62,33941,479734,65.67
2024-11-07,ASTRAL, EQ, 07-Nov-2024,1805.65,1815.0,1817.95,1779.05,1790.0,1790.35,1793.55,499968,8967.19,30919,313453,62.69
2024-11-08,ASTRAL, EQ, 08-Nov-2024,1790.35,1745.0,1797.9,1745.0,1787.55,1788.8,1777.66,969790,17239.53,55957,458054,47.23
2024-11-11,ASTRAL, EQ, 11-Nov-2024,1788.8,1788.0,1788.8,1710.0,1714.8,1713.55,1735.03,806463,13992.37,41273,534905,66.33
2024-11-12,ASTRAL, EQ, 12-Nov-2024,1713.55,1725.0,1751.75,1711.85,1746.0,1742.65,1737.39,686585,11928.65,41502,338064,49.24
2024-11-13,ASTRAL, EQ, 13-Nov-2024,1742.65,1742.65,1754.6,1721.3,1728.4,1730.1,1730.4,573401,9922.11,30980,372432,64.95
2024-11-14,ASTRAL, EQ, 14-Nov-2024,1730.1,1726.0,1742.25,1713.9,1731.95,1731.15,1731.23,342533,5930.04,28155,219040,63.95
2024-11-18,ASTRAL, EQ, 18-Nov-2024,1731.15,1727.3,1735.75,1695.5,1713.15,1716.1,1714.96,504872,8658.38,28134,291285,57.69
2024-11-19,ASTRAL, EQ, 19-Nov-2024,1716.1,1716.0,1759.65,1715.95,1717.85,1729.15,1741.16,390428,6797.99,24633,212066,54.32
2024-11-21,ASTRAL, EQ, 21-Nov-2024,1729.15,1725.0,1730.15,1704.4,1716.2,1713.9,1715.43,238429,4090.08,17017,130239,54.62
2024-11-22,ASTRAL, EQ, 22-Nov-2024,1713.9,1718.95,1767.2,1713.55,1764.8,1761.6,1748.42,268430,4693.3,23616,140159,52.21
2024-11-25,ASTRAL, EQ, 25-Nov-2024,1761.6,1778.2,1810.0,1772.55,1789.55,1782.7,1786.25,1046427,18691.83,42341,745881,71.28
2024-11-26,ASTRAL, EQ, 26-Nov-2024,1782.7,1792.0,1819.9,1784.35,1797.0,1803.2,1805.81,561727,10143.72,24708,349498,62.22
2024-11-27,ASTRAL, EQ, 27-Nov-2024,1803.2,1809.75,1809.75,1783.05,1792.0,1790.65,1791.99,544003,9748.47,26631,383465,70.49
2024-11-28,ASTRAL, EQ, 28-Nov-2024,1790.65,1800.0,1850.0,1792.95,1806.0,1808.45,1817.26,1094202,19884.49,66235,521950,47.7
2024-11-29,ASTRAL, EQ, 29-Nov-2024,1808.45,1808.45,1814.95,1782.2,1789.65,1790.5,1791.67,461910,8275.91,27731,344178,74.51
2024-12-02,ASTRAL, EQ, 02-Dec-2024,1790.5,1790.0,1819.25,1771.25,1816.0,1816.3,1800.56,538271,9691.91,26684,349305,64.89
2024-12-03,ASTRAL, EQ, 03-Dec-2024,1816.3,1828.75,1854.7,1822.6,1845.45,1845.7,1841.31,624695,11502.6,40672,362053,57.96
2024-12-04,ASTRAL, EQ, 04-Dec-2024,1845.7,1857.75,1858.85,1831.35,1834.0,1836.5,1843.59,449981,8295.82,32174,306787,68.18
2024-12-05,ASTRAL, EQ, 05-Dec-2024,1836.5,1837.95,1844.85,1808.5,1830.0,1825.2,1823.36,351982,6417.88,29966,197737,56.18
2024-12-06,ASTRAL, EQ, 06-Dec-2024,1825.2,1834.45,1850.0,1825.25,1843.8,1844.4,1841.86,233858,4307.33,22218,126190,53.96
2024-12-09,ASTRAL, EQ, 09-Dec-2024,1844.4,1849.0,1858.8,1832.0,1849.0,1850.55,1849.3,305785,5654.88,24658,184735,60.41
2024-12-10,ASTRAL, EQ, 10-Dec-2024,1850.55,1859.9,1867.0,1840.5,1850.2,1847.15,1852.08,256183,4744.72,25669,117533,45.88
2024-12-11,ASTRAL, EQ, 11-Dec-2024,1847.15,1847.1,1863.75,1842.9,1855.0,1852.65,1852.16,252022,4667.86,16470,155263,61.61
2024-12-12,ASTRAL, EQ, 12-Dec-2024,1852.65,1854.7,1857.0,1824.8,1828.0,1833.4,1843.06,510479,9408.43,18842,391528,76.7
2024-12-13,ASTRAL, EQ, 13-Dec-2024,1833.4,1823.0,1838.95,1788.5,1835.0,1834.2,1811.41,497357,9009.18,25484,330586,66.47
2024-12-16,ASTRAL, EQ, 16-Dec-2024,1834.2,1845.0,1856.0,1823.3,1855.0,1852.3,1840.04,361951,6660.04,20355,207917,57.44
2024-12-17,ASTRAL, EQ, 17-Dec-2024,1852.3,1850.0,1864.5,1820.0,1824.8,1828.8,1840.56,404973,7453.78,27298,218006,53.83
2024-12-18,ASTRAL, EQ, 18-Dec-2024,1828.8,1830.0,1842.65,1797.05,1807.0,1802.3,1823.27,353983,6454.08,25198,195571,55.25
2024-12-19,ASTRAL, EQ, 19-Dec-2024,1802.3,1799.05,1799.05,1763.95,1787.15,1782.3,1783.42,226679,4042.64,15736,129074,56.94
2024-12-20,ASTRAL, EQ, 20-Dec-2024,1782.3,1780.0,1795.65,1727.75,1730.0,1734.6,1760.65,292728,5153.92,20192,181335,61.95
2024-12-23,ASTRAL, EQ, 23-Dec-2024,1734.6,1735.0,1746.65,1717.15,1722.95,1721.4,1729.28,216433,3742.73,21608,116859,53.99
2024-12-24,ASTRAL, EQ, 24-Dec-2024,1721.4,1728.0,1747.95,1690.0,1694.8,1693.5,1712.32,234613,4017.33,24524,84132,35.86
2024-12-26,ASTRAL, EQ, 26-Dec-2024,1693.5,1707.8,1707.8,1653.1,1674.0,1671.5,1670.64,429557,7176.35,28461,172175,40.08
2024-12-27,ASTRAL, EQ, 27-Dec-2024,1671.5,1679.0,1680.15,1650.0,1656.8,1654.1,1665.97,484231,8067.15,32420,336796,69.55
2024-12-30,ASTRAL, EQ, 30-Dec-2024,1654.1,1665.0,1673.7,1635.0,1660.05,1660.7,1649.39,367378,6059.49,25447,188602,51.34
2024-12-31,ASTRAL, EQ, 31-Dec-2024,1660.7,1660.7,1662.05,1632.2,1652.8,1652.25,1646.27,424069,6981.32,26777,223765,52.77
2025-01-01,ASTRAL, EQ, 01-Jan-2025,1652.25,1652.05,1657.75,1641.75,1653.0,1651.45,1649.66,101769,1678.84,12624,40803,40.09
2025-01-02,ASTRAL, EQ, 02-Jan-2025,1651.45,1657.75,1657.95,1636.05,1647.75,1647.3,1645.56,335653,5523.37,25505,188131,56.05
2025-01-03,ASTRAL, EQ, 03-Jan-2025,1647.3,1650.0,1654.95,1616.0,1618.5,1621.6,1632.29,580681,9478.37,45976,312857,53.88
2025-01-06,ASTRAL, EQ, 06-Jan-2025,1621.6,1621.0,1628.0,1546.7,1559.0,1556.45,1581.08,668130,10563.7,60540,337559,50.52
2025-01-07,ASTRAL, EQ, 07-Jan-2025,1556.45,1560.0,1594.9,1559.0,1583.95,1578.8,1578.9,817396,12905.84,41118,553425,67.71
2025-01-08,ASTRAL, EQ, 08-Jan-2025,1578.8,1588.95,1588.95,1533.0,1551.65,1553.25,1548.27,621862,9628.08,38923,360138,57.91
2025-01-09,ASTRAL, EQ, 09-Jan-2025,1553.25,1552.0,1558.0,1536.75,1555.0,1550.85,1547.0,526365,8142.87,29498,354132,67.28
2025-01-10,ASTRAL, EQ, 10-Jan-2025,1550.85,1551.0,1578.4,1546.15,1563.65,1564.4,1563.21,517164,8084.38,28080,238647,46.15
2025-01-13,ASTRAL, EQ, 13-Jan-2025,1564.4,1550.0,1550.0,1467.15,1473.4,1471.5,1498.07,687728,10302.68,57476,338924,49.28
2025-01-14,ASTRAL, EQ, 14-Jan-2025,1471.5,1476.0,1512.35,1476.0,1495.5,1493.5,1496.08,465502,6964.26,41263,252409,54.22
2025-01-15,ASTRAL, EQ, 15-Jan-2025,1493.5,1495.5,1500.7,1472.6,1481.45,1476.35,1480.94,731479,10832.74,39040,501580,68.57
2025-01-16,ASTRAL, EQ, 16-Jan-2025,1476.35,1488.0,1508.95,1485.35,1504.25,1502.35,1499.52,240961,3613.26,20531,125453,52.06
2025-01-17,ASTRAL, EQ, 17-Jan-2025,1502.35,1504.25,1515.85,1492.05,1500.05,1501.45,1502.67,443671,6666.91,25927,296824,66.9
2025-01-20,ASTRAL, EQ, 20-Jan-2025,1501.45,1512.8,1512.8,1481.25,1484.0,1483.45,1488.07,413278,6149.85,29167,258207,62.48
2025-01-21,ASTRAL, EQ, 21-Jan-2025,1483.45,1494.0,1498.75,1451.1,1460.0,1464.6,1479.75,533853,7899.71,37732,292748,54.84
2025-01-22,ASTRAL, EQ, 22-Jan-2025,1464.6,1464.75,1468.75,1431.1,1460.85,1455.4,1446.65,462015,6683.74,48012,246255,53.3
2025-01-23,ASTRAL, EQ, 23-Jan-2025,1455.4,1460.05,1499.85,1447.1,1498.0,1495.5,1478.55,686991,10157.52,83597,414024,60.27
2025-01-24,ASTRAL, EQ, 24-Jan-2025,1495.5,1499.9,1504.45,1458.35,1467.95,1468.35,1473.82,380626,5609.74,56632,182432,47.93
2025-01-27,ASTRAL, EQ, 27-Jan-2025,1468.35,1465.0,1466.45,1426.35,1464.4,1462.1,1450.33,592839,8598.11,35057,398232,67.17
2025-01-28,ASTRAL, EQ, 28-Jan-2025,1462.1,1464.95,1494.2,1445.55,1469.4,1471.2,1472.11,934814,13761.48,49092,485642,51.95
2025-01-29,ASTRAL, EQ, 29-Jan-2025,1471.2,1471.0,1493.8,1462.65,1475.85,1474.85,1478.34,160914,2378.86,13569,60564,37.64
2025-01-30,ASTRAL, EQ, 30-Jan-2025,1474.85,1480.0,1497.95,1459.0,1469.85,1467.75,1479.81,253587,3752.6,18220,96842,38.19
2025-01-31,ASTRAL, EQ, 31-Jan-2025,1467.75,1479.9,1531.0,1478.05,1506.15,1507.3,1516.94,1085898,16472.41,67179,303344,27.93
2025-02-01,ASTRAL, EQ, 01-Feb-2025,1507.3,1550.0,1550.0,1451.85,1514.05,1508.75,1505.91,561289,8452.49,29649,242997,43.29
2025-02-03,ASTRAL, EQ, 03-Feb-2025,1508.75,1508.7,1519.45,1473.55,1495.0,1494.9,1497.74,335501,5024.94,23701,164038,48.89
2025-02-04,ASTRAL, EQ, 04-Feb-2025,1494.9,1495.9,1517.0,1492.05,1506.8,1504.7,1500.68,665541,9987.66,30619,464177,69.74
2025-02-05,ASTRAL, EQ, 05-Feb-2025,1504.7,1516.2,1532.95,1496.4,1520.35,1519.8,1511.54,1412685,21353.28,34066,1093760,77.42
2025-02-06,ASTRAL, EQ, 06-Feb-2025,1519.8,1521.0,1522.95,1467.8,1480.7,1478.7,1488.39,621641,9252.45,39608,293941,47.28
2025-02-07,ASTRAL, EQ, 07-Feb-2025,1478.7,1482.15,1488.7,1460.3,1471.3,1472.15,1473.34,182807,2693.38,17117,69758,38.16
2025-02-10,ASTRAL, EQ, 10-Feb-2025,1472.15,1472.15,1479.4,1444.0,1447.95,1446.55,1458.82,235593,3436.88,21010,118842,50.44
2025-02-11,ASTRAL, EQ, 11-Feb-2025,1446.55,1442.0,1449.9,1405.05,1416.95,1415.15,1422.43,260603,3706.88,27808,104028,39.92
2025-02-12,ASTRAL, EQ, 12-Feb-2025,1415.15,1406.05,1429.45,1376.75,1394.0,1394.2,1397.21,364276,5089.7,31610,172211,47.27
2025-02-13,ASTRAL, EQ, 13-Feb-2025,1394.2,1383.0,1398.2,1367.0,1372.0,1370.7,1381.06,274368,3789.2,31294,122622,44.69
2025-02-14,ASTRAL, EQ, 14-Feb-2025,1370.7,1370.0,1375.4,1312.25,1333.0,1332.6,1341.04,639364,8574.15,43812,357036,55.84
2025-02-17,ASTRAL, EQ, 17-Feb-2025,1332.6,1321.25,1395.0,1305.55,1392.0,1384.5,1344.2,1279401,17197.67,46387,861778,67.36
2025-02-18,ASTRAL, EQ, 18-Feb-2025,1384.5,1381.0,1391.95,1350.15,1358.2,1362.9,1361.79,392266,5341.85,30436,162752,41.49
2025-02-19,ASTRAL, EQ, 19-Feb-2025,1362.9,1350.0,1377.25,1345.4,1371.0,1371.7,1366.35,289289,3952.71,24584,145487,50.29
2025-02-20,ASTRAL, EQ, 20-Feb-2025,1371.7,1370.0,1401.55,1363.8,1401.15,1399.6,1389.62,275571,3829.38,26574,138428,50.23
2025-02-21,ASTRAL, EQ, 21-Feb-2025,1399.6,1399.6,1416.0,1372.15,1386.0,1387.2,1389.18,473757,6581.32,32853,271292,57.26
2025-02-24,ASTRAL, EQ, 24-Feb-2025,1387.2,1381.6,1421.45,1363.95,1395.0,1398.4,1401.5,775950,10874.95,46755,369865,47.67
2025-02-25,ASTRAL, EQ, 25-Feb-2025,1398.4,1403.15,1407.95,1378.1,1389.9,1389.45,1394.65,279242,3894.44,24615,169223,60.6
2025-02-27,ASTRAL, EQ, 27-Feb-2025,1389.45,1389.45,1399.0,1374.3,1386.0,1388.1,1384.7,534513,7401.41,52646,338421,63.31
2025-02-28,ASTRAL, EQ, 28-Feb-2025,1388.1,1385.0,1386.95,1323.65,1344.0,1337.25,1342.89,720390,9674.06,54287,430269,59.73
2025-03-03,ASTRAL, EQ, 03-Mar-2025,1337.25,1347.95,1361.25,1328.5,1350.0,1348.35,1344.27,482836,6490.64,36732,253782,52.56
2025-03-04,ASTRAL, EQ, 04-Mar-2025,1348.35,1338.0,1346.0,1282.2,1307.6,1306.85,1305.38,876471,11441.27,72293,305025,34.8
2025-03-05,ASTRAL, EQ, 05-Mar-2025,1306.85,1304.25,1332.95,1303.95,1320.0,1317.85,1319.32,732223,9660.36,45019,441351,60.28
2025-03-06,ASTRAL, EQ, 06-Mar-2025,1317.85,1322.35,1337.55,1316.15,1332.0,1330.7,1326.61,435999,5784.02,28984,199900,45.85
2025-03-07,ASTRAL, EQ, 07-Mar-2025,1330.7,1327.35,1351.45,1327.25,1332.6,1332.65,1338.86,333456,4464.49,27511,158604,47.56
2025-03-10,ASTRAL, EQ, 10-Mar-2025,1332.65,1323.0,1337.8,1280.1,1283.0,1289.15,1307.27,409891,5358.4,36334,208597,50.89
2025-03-11,ASTRAL, EQ, 11-Mar-2025,1289.15,1267.7,1297.8,1265.35,1286.5,1287.05,1283.32,352119,4518.82,24305,140082,39.78
2025-03-12,ASTRAL, EQ, 12-Mar-2025,1287.05,1289.0,1296.9,1245.05,1265.05,1265.1,1261.15,412080,5196.94,31379,163251,39.62
2025-03-13,ASTRAL, EQ, 13-Mar-2025,1265.1,1265.55,1271.4,1232.3,1240.3,1238.3,1246.31,518503,6462.17,35898,274774,52.99
2025-03-17,ASTRAL, EQ, 17-Mar-2025,1238.3,1234.1,1256.6,1234.1,1239.65,1238.05,1243.19,345802,4298.99,23980,162601,47.02
2025-03-18,ASTRAL, EQ, 18-Mar-2025,1238.05,1247.7,1259.75,1239.5,1256.0,1254.25,1253.55,381662,4784.33,23677,233047,61.06
2025-03-19,ASTRAL, EQ, 19-Mar-2025,1254.25,1260.0,1278.2,1258.3,1262.0,1261.0,1264.66,548789,6940.3,40056,318315,58.0
2025-03-20,ASTRAL, EQ, 20-Mar-2025,1261.0,1270.0,1284.0,1252.05,1273.0,1274.3,1269.54,698032,8861.78,37929,382020,54.73
2025-03-21,ASTRAL, EQ, 21-Mar-2025,1274.3,1275.0,1300.0,1267.35,1299.85,1291.55,1291.21,856583,11060.29,46199,483645,56.46
2025-03-24,ASTRAL, EQ, 24-Mar-2025,1291.55,1301.55,1345.9,1301.0,1311.0,1315.4,1326.62,987825,13104.7,58609,496678,50.28
2025-03-25,ASTRAL, EQ, 25-Mar-2025,1315.4,1325.0,1325.5,1282.0,1291.0,1288.85,1295.25,736220,9535.92,52376,420897,57.17
2025-03-26,ASTRAL, EQ, 26-Mar-2025,1288.85,1291.0,1296.75,1275.0,1276.95,1278.85,1285.4,458146,5888.99,39176,278027,60.69
2025-03-27,ASTRAL, EQ, 27-Mar-2025,1278.85,1276.95,1301.55,1267.9,1290.6,1294.55,1285.42,551070,7083.58,45963,284375,51.6
2025-03-28,ASTRAL, EQ, 28-Mar-2025,1294.55,1295.1,1305.55,1280.8,1291.0,1294.25,1293.78,571535,7394.4,43360,354023,61.94
2025-04-01,ASTRAL, EQ, 01-Apr-2025,1294.25,1290.0,1315.0,1281.0,1310.0,1309.45,1303.55,545451,7110.21,30210,262913,48.2
2025-04-02,ASTRAL, EQ, 02-Apr-2025,1309.45,1309.0,1345.7,1297.3,1341.5,1340.65,1331.09,541708,7210.62,39598,287753,53.12
2025-04-03,ASTRAL, EQ, 03-Apr-2025,1340.65,1321.0,1361.2,1321.0,1359.0,1358.35,1347.61,559179,7535.57,31232,314731,56.28
2025-04-04,ASTRAL, EQ, 04-Apr-2025,1358.35,1350.0,1358.0,1324.05,1338.6,1336.85,1338.11,882272,11805.73,37292,555167,62.92
2025-04-07,ASTRAL, EQ, 07-Apr-2025,1336.85,1249.95,1301.55,1244.05,1293.0,1287.7,1284.52,777109,9982.12,37778,401099,51.61
2025-04-08,ASTRAL, EQ, 08-Apr-2025,1287.7,1294.05,1319.6,1257.9,1271.0,1269.4,1273.13,449764,5726.07,33849,156320,34.76
2025-04-09,ASTRAL, EQ, 09-Apr-2025,1269.4,1269.4,1276.8,1252.4,1264.55,1265.9,1265.49,362116,4582.55,27748,178524,49.3
2025-04-11,ASTRAL, EQ, 11-Apr-2025,1265.9,1284.85,1293.0,1246.05,1246.5,1248.9,1257.2,416203,5232.52,27004,192909,46.35
2025-04-15,ASTRAL, EQ, 15-Apr-2025,1248.9,1260.5,1298.0,1245.6,1296.2,1294.3,1275.83,548875,7002.72,35785,281620,51.31
2025-04-16,ASTRAL, EQ, 16-Apr-2025,1294.3,1299.0,1325.0,1275.7,1322.0,1313.8,1306.86,601613,7862.26,36537,238002,39.56
2025-04-17,ASTRAL, EQ, 17-Apr-2025,1313.8,1324.9,1326.6,1284.4,1306.0,1306.8,1306.96,645710,8439.17,35883,251803,39.0
2025-04-21,ASTRAL, EQ, 21-Apr-2025,1306.8,1310.0,1346.0,1306.0,1338.0,1336.7,1329.43,610013,8109.7,33575,280296,45.95
2025-04-22,ASTRAL, EQ, 22-Apr-2025,1336.7,1338.0,1397.7,1338.0,1368.5,1368.6,1376.48,1052588,14488.69,56315,387686,36.83
2025-04-23,ASTRAL, EQ, 23-Apr-2025,1368.6,1375.4,1413.6,1366.1,1403.4,1407.6,1395.85,1179224,16460.15,63124,658860,55.87
2025-04-24,ASTRAL, EQ, 24-Apr-2025,1407.6,1408.0,1409.6,1378.6,1388.0,1391.3,1391.45,581544,8091.92,28993,313007,53.82
2025-04-25,ASTRAL, EQ, 25-Apr-2025,1391.3,1390.0,1399.5,1326.7,1344.8,1343.6,1354.55,632125,8562.44,42408,246883,39.06
2025-04-28,ASTRAL, EQ, 28-Apr-2025,1343.6,1335.1,1377.8,1335.1,1370.0,1370.8,1364.6,291087,3972.17,20968,96563,33.17
2025-04-29,ASTRAL, EQ, 29-Apr-2025,1370.8,1376.9,1390.0,1356.0,1364.8,1364.5,1369.13,249868,3421.02,18479,89805,35.94
2025-04-30,ASTRAL, EQ, 30-Apr-2025,1364.5,1354.6,1373.8,1335.0,1340.0,1345.1,1356.93,550825,7474.32,37489,267691,48.6
2025-05-02,ASTRAL, EQ, 02-May-2025,1345.1,1335.1,1349.9,1309.6,1313.1,1316.1,1330.77,406862,5414.42,32356,170448,41.89
2025-05-05,ASTRAL, EQ, 05-May-2025,1316.1,1316.1,1344.0,1313.2,1342.0,1340.8,1335.12,236094,3152.13,19742,95740,40.55
2025-05-06,ASTRAL, EQ, 06-May-2025,1340.8,1336.0,1343.7,1290.1,1296.0,1299.7,1311.94,326306,4280.95,25123,133210,40.82
2025-05-07,ASTRAL, EQ, 07-May-2025,1299.7,1275.0,1311.0,1275.0,1293.0,1287.4,1291.2,581821,7512.44,32243,350823,60.3
2025-05-08,ASTRAL, EQ, 08-May-2025,1287.4,1299.5,1319.0,1270.2,1274.0,1282.5,1299.39,354191,4602.33,27002,133150,37.59
2025-05-09,ASTRAL, EQ, 09-May-2025,1282.5,1250.0,1314.5,1250.0,1275.9,1273.4,1268.17,473234,6001.41,23622,265322,56.07
2025-05-12,ASTRAL, EQ, 12-May-2025,1273.4,1302.7,1342.7,1296.7,1334.0,1330.3,1326.54,699720,9282.07,27844,397040,56.74
2025-05-13,ASTRAL, EQ, 13-May-2025,1330.3,1339.0,1357.4,1329.3,1346.6,1344.1,1345.87,406245,5467.53,24222,182276,44.87
2025-05-14,ASTRAL, EQ, 14-May-2025,1344.1,1345.0,1351.5,1308.0,1328.5,1326.7,1321.47,785707,10382.9,40964,228839,29.13
2025-05-15,ASTRAL, EQ, 15-May-2025,1326.7,1330.0,1351.4,1330.0,1346.0,1344.0,1342.97,581965,7815.63,27009,263328,45.25
2025-05-16,ASTRAL, EQ, 16-May-2025,1344.0,1350.5,1373.9,1337.5,1358.8,1359.7,1362.35,532359,7252.57,29620,238033,44.71
2025-05-19,ASTRAL, EQ, 19-May-2025,1359.7,1371.5,1428.9,1356.1,1420.3,1419.1,1411.14,2201575,31067.35,94072,961143,43.66
2025-05-20,ASTRAL, EQ, 20-May-2025,1419.1,1439.0,1439.9,1361.0,1363.0,1365.2,1385.64,1798357,24918.83,63941,770211,42.83
2025-05-21,ASTRAL, EQ, 21-May-2025,1365.2,1376.0,1384.6,1347.1,1382.0,1377.7,1363.71,982148,13393.64,52731,403709,41.1
2025-05-22,ASTRAL, EQ, 22-May-2025,1377.7,1386.0,1448.6,1373.6,1446.0,1442.4,1426.04,3966338,56561.41,143535,1034186,26.07
2025-05-23,ASTRAL, EQ, 23-May-2025,1442.4,1470.0,1470.0,1432.6,1455.5,1456.7,1452.78,1930236,28042.04,78719,788804,40.87
2025-05-26,ASTRAL, EQ, 26-May-2025,1456.7,1469.0,1514.4,1453.7,1508.7,1508.7,1496.31,2382277,35646.25,90349,1200493,50.39
2025-05-27,ASTRAL, EQ, 27-May-2025,1508.7,1511.9,1529.7,1495.0,1527.9,1527.4,1514.5,1265085,19159.73,63228,537408,42.48
2025-05-28,ASTRAL, EQ, 28-May-2025,1527.4,1530.0,1537.9,1504.9,1525.0,1524.9,1520.71,846899,12878.87,55547,347102,40.99
2025-05-29,ASTRAL, EQ, 29-May-2025,1524.9,1531.0,1535.0,1498.0,1503.2,1501.8,1507.71,583619,8799.3,38777,282398,48.39
2025-05-30,ASTRAL, EQ, 30-May-2025,1501.8,1509.5,1518.8,1490.2,1500.1,1498.1,1499.95,2396862,35951.66,60368,1510227,63.01
2025-06-02,ASTRAL, EQ, 02-Jun-2025,1498.1,1498.1,1512.7,1490.2,1508.6,1509.6,1501.67,517806,7775.75,29135,276180,53.34
2025-06-03,ASTRAL, EQ, 03-Jun-2025,1509.6,1515.1,1519.0,1482.4,1495.0,1495.7,1499.74,932836,13990.08,49121,614849,65.91
2025-06-04,ASTRAL, EQ, 04-Jun-2025,1495.7,1496.5,1525.7,1485.5,1525.0,1522.4,1506.5,586727,8839.07,35690,295600,50.38
2025-06-05,ASTRAL, EQ, 05-Jun-2025,1522.4,1530.0,1537.0,1507.5,1509.9,1510.2,1524.43,512191,7807.97,29206,202561,39.55
2025-06-06,ASTRAL, EQ, 06-Jun-2025,1510.2,1511.0,1535.8,1504.0,1528.0,1526.3,1520.14,687601,10452.5,32598,302303,43.96
2025-06-09,ASTRAL, EQ, 09-Jun-2025,1526.3,1538.5,1551.9,1517.1,1534.0,1534.9,1533.93,596851,9155.3,33169,204395,34.25
2025-06-10,ASTRAL, EQ, 10-Jun-2025,1534.9,1548.0,1550.0,1518.1,1521.5,1520.7,1526.25,441487,6738.2,20185,232380,52.64
2025-06-11,ASTRAL, EQ, 11-Jun-2025,1520.7,1520.0,1537.4,1516.2,1528.0,1525.6,1530.03,472757,7233.34,28664,195128,41.27
2025-06-12,ASTRAL, EQ, 12-Jun-2025,1525.6,1525.0,1528.0,1495.2,1497.0,1499.2,1509.93,286344,4323.6,21951,119246,41.64
2025-06-13,ASTRAL, EQ, 13-Jun-2025,1499.2,1471.0,1530.3,1465.8,1528.8,1528.1,1512.17,598913,9056.58,42025,304010,50.76
2025-06-16,ASTRAL, EQ, 16-Jun-2025,1528.1,1530.0,1567.8,1496.8,1564.0,1552.5,1532.16,967606,14825.32,53174,484026,50.02
2025-06-17,ASTRAL, EQ, 17-Jun-2025,1552.5,1563.9,1576.9,1551.9,1562.2,1564.0,1565.38,1143509,17900.27,54688,558083,48.8
2025-06-18,ASTRAL, EQ, 18-Jun-2025,1564.0,1564.0,1590.9,1555.5,1560.0,1571.8,1578.23,1266973,19995.72,53399,721056,56.91
2025-06-19,ASTRAL, EQ, 19-Jun-2025,1571.8,1571.9,1574.0,1511.5,1514.1,1519.5,1535.36,924980,14201.76,36091,512957,55.46
2025-06-20,ASTRAL, EQ, 20-Jun-2025,1519.5,1520.0,1565.0,1505.2,1550.0,1558.5,1548.07,1136065,17587.03,49295,629967,55.45
2025-06-23,ASTRAL, EQ, 23-Jun-2025,1558.5,1534.0,1534.0,1484.0,1499.5,1498.7,1502.35,2029097,30484.1,79547,527981,26.02
2025-06-24,ASTRAL, EQ, 24-Jun-2025,1498.7,1520.0,1522.3,1496.3,1501.0,1501.0,1506.26,808658,12180.47,30277,415817,51.42
2025-06-25,ASTRAL, EQ, 25-Jun-2025,1501.0,1501.0,1520.0,1499.2,1500.2,1505.4,1510.12,372908,5631.35,24577,128254,34.39
2025-06-26,ASTRAL, EQ, 26-Jun-2025,1505.4,1520.5,1529.8,1501.0,1520.0,1522.3,1514.25,867630,13138.07,38131,274232,31.61
2025-06-27,ASTRAL, EQ, 27-Jun-2025,1522.3,1525.0,1543.0,1496.1,1500.0,1500.4,1518.36,482191,7321.4,29184,203988,42.3
2025-06-30,ASTRAL, EQ, 30-Jun-2025,1500.4,1510.0,1512.4,1491.6,1506.9,1506.8,1503.46,407056,6119.94,26070,171103,42.03
2025-07-01,ASTRAL, EQ, 01-Jul-2025,1506.8,1509.9,1521.7,1491.6,1494.8,1494.4,1498.31,462599,6931.15,24628,243999,52.75
2025-07-02,ASTRAL, EQ, 02-Jul-2025,1494.4,1498.1,1503.7,1483.5,1493.4,1494.2,1492.14,473080,7059.02,30718,199644,42.2
2025-07-03,ASTRAL, EQ, 03-Jul-2025,1494.2,1494.2,1501.9,1488.0,1498.2,1493.1,1492.79,567519,8471.86,24810,351087,61.86
2025-07-04,ASTRAL, EQ, 04-Jul-2025,1493.1,1494.0,1510.7,1470.6,1484.1,1482.2,1485.92,1180520,17541.59,74727,631930,53.53
2025-07-07,ASTRAL, EQ, 07-Jul-2025,1482.2,1482.2,1492.5,1474.0,1487.5,1488.7,1483.08,539073,7994.86,20942,338008,62.7
2025-07-08,ASTRAL, EQ, 08-Jul-2025,1488.7,1485.0,1496.9,1465.1,1488.0,1486.0,1481.59,924449,13696.54,31392,568001,61.44
2025-07-09,ASTRAL, EQ, 09-Jul-2025,1486.0,1485.0,1506.0,1477.1,1495.0,1492.6,1488.97,701160,10440.09,26184,429446,61.25
2025-07-10,ASTRAL, EQ, 10-Jul-2025,1492.6,1501.4,1507.4,1485.0,1492.9,1491.6,1496.77,413242,6185.27,18190,201888,48.85
2025-07-11,ASTRAL, EQ, 11-Jul-2025,1491.6,1491.6,1495.2,1467.7,1475.0,1475.1,1476.4,617853,9121.95,27906,440112,71.23
2025-07-14,ASTRAL, EQ, 14-Jul-2025,1475.1,1479.9,1498.0,1461.2,1494.7,1495.0,1482.17,533307,7904.5,27766,298145,55.9
2025-07-15,ASTRAL, EQ, 15-Jul-2025,1495.0,1498.0,1507.8,1483.9,1500.0,1505.0,1498.49,374777,5615.98,24639,192533,51.37
2025-07-16,ASTRAL, EQ, 16-Jul-2025,1505.0,1507.0,1509.9,1489.9,1490.0,1492.6,1497.0,213461,3195.52,14407,116293,54.48
2025-07-17,ASTRAL, EQ, 17-Jul-2025,1492.6,1500.0,1521.0,1490.7,1501.9,1505.1,1512.97,698187,10563.39,35946,294981,42.25
2025-07-18,ASTRAL, EQ, 18-Jul-2025,1505.1,1509.0,1513.8,1497.4,1509.1,1506.9,1506.78,428441,6455.66,23411,219234,51.17
2025-07-21,ASTRAL, EQ, 21-Jul-2025,1506.9,1509.9,1510.0,1497.0,1502.7,1501.0,1504.35,435616,6553.18,22358,277017,63.59
2025-07-22,ASTRAL, EQ, 22-Jul-2025,1501.0,1513.0,1521.9,1471.0,1473.5,1475.0,1490.13,335179,4994.59,23373,123919,36.97
2025-07-23,ASTRAL, EQ, 23-Jul-2025,1475.0,1478.0,1489.0,1450.0,1475.4,1483.1,1466.49,998658,14645.27,46772,507914,50.86
2025-07-24,ASTRAL, EQ, 24-Jul-2025,1483.1,1484.5,1489.4,1456.0,1471.5,1472.6,1468.09,577256,8474.63,35583,213358,36.96
2025-07-25,ASTRAL, EQ, 25-Jul-2025,1472.6,1470.0,1474.8,1434.0,1440.0,1440.2,1453.37,485182,7051.47,19266,304868,62.84
2025-07-28,ASTRAL, EQ, 28-Jul-2025,1440.2,1440.2,1448.9,1408.1,1409.3,1411.9,1429.65,619739,8860.09,31452,344477,55.58
2025-07-29,ASTRAL, EQ, 29-Jul-2025,1411.9,1412.0,1427.5,1407.2,1423.5,1419.3,1417.71,475975,6747.94,27527,309371,65.0
2025-07-30,ASTRAL, EQ, 30-Jul-2025,1419.3,1420.0,1433.0,1405.1,1431.0,1430.7,1424.97,639913,9118.57,36896,390072,60.96
2025-07-31,ASTRAL, EQ, 31-Jul-2025,1430.7,1423.8,1423.8,1396.0,1398.0,1401.2,1408.89,850995,11989.59,27022,555007,65.22
2025-08-01,ASTRAL, EQ, 01-Aug-2025,1401.2,1399.2,1435.0,1396.2,1401.0,1403.1,1410.74,799571,11279.84,36209,357954,44.77
2025-08-04,ASTRAL, EQ, 04-Aug-2025,1403.1,1403.1,1432.0,1393.9,1429.0,1428.5,1414.29,245571,3473.08,14080,115568,47.06
2025-08-05,ASTRAL, EQ, 05-Aug-2025,1428.5,1428.9,1434.4,1412.0,1427.0,1427.0,1421.56,451543,6418.94,26896,270392,59.88
2025-08-06,ASTRAL, EQ, 06-Aug-2025,1427.0,1430.0,1430.6,1403.0,1418.0,1418.3,1416.76,211740,2999.85,15113,96012,45.34
2025-08-07,ASTRAL, EQ, 07-Aug-2025,1418.3,1416.9,1425.9,1393.0,1414.0,1415.9,1408.69,535103,7537.96,34471,227870,42.58
2025-08-08,ASTRAL, EQ, 08-Aug-2025,1415.9,1405.5,1413.7,1360.9,1371.5,1375.8,1388.44,701093,9734.27,31776,292595,41.73
2025-08-11,ASTRAL, EQ, 11-Aug-2025,1375.8,1375.1,1391.0,1365.3,1380.5,1381.6,1380.54,508003,7013.2,21296,270422,53.23
2025-08-12,ASTRAL, EQ, 12-Aug-2025,1381.6,1310.1,1356.7,1263.7,1266.0,1269.3,1287.7,6627957,85347.97,194149,2243425,33.85
2025-08-13,ASTRAL, EQ, 13-Aug-2025,1269.3,1273.0,1300.0,1272.3,1293.4,1292.1,1287.91,2236725,28807.06,114116,1110281,49.64
2025-08-14,ASTRAL, EQ, 14-Aug-2025,1292.1,1282.0,1294.5,1270.3,1279.0,1279.2,1282.99,1459328,18723.01,55724,931715,63.85
2025-08-18,ASTRAL, EQ, 18-Aug-2025,1279.2,1284.4,1342.7,1284.4,1315.1,1313.7,1316.95,2809039,36993.62,85703,1807675,64.35
2025-08-19,ASTRAL, EQ, 19-Aug-2025,1313.7,1320.2,1370.9,1304.0,1366.5,1366.1,1349.3,1853945,25015.27,62058,977530,52.73
2025-08-20,ASTRAL, EQ, 20-Aug-2025,1366.1,1377.0,1398.0,1369.1,1390.5,1393.8,1385.17,1512987,20957.5,55333,712212,47.07
2025-08-21,ASTRAL, EQ, 21-Aug-2025,1393.8,1419.0,1448.0,1388.8,1420.5,1421.4,1421.2,2230880,31705.26,60420,938112,42.05
2025-08-22,ASTRAL, EQ, 22-Aug-2025,1421.4,1420.0,1435.0,1415.5,1421.7,1425.1,1427.37,811033,11576.45,36062,449794,55.46
2025-08-25,ASTRAL, EQ, 25-Aug-2025,1425.1,1424.9,1426.4,1410.7,1412.5,1414.3,1419.05,493011,6996.05,33149,231510,46.96
2025-08-26,ASTRAL, EQ, 26-Aug-2025,1414.3,1414.0,1415.3,1385.2,1390.1,1390.1,1396.18,904261,12625.07,28472,607955,67.23
2025-08-28,ASTRAL, EQ, 28-Aug-2025,1390.1,1390.1,1392.1,1354.6,1360.0,1361.8,1366.45,880210,12027.6,49909,510872,58.04
2025-08-29,ASTRAL, EQ, 29-Aug-2025,1361.8,1355.6,1368.6,1348.9,1362.0,1359.8,1360.11,517230,7034.87,26162,335702,64.9
2025-09-01,ASTRAL, EQ, 01-Sep-2025,1359.8,1369.0,1412.0,1365.8,1409.0,1407.3,1392.72,444781,6194.54,23036,199468,44.85
2025-09-02,ASTRAL, EQ, 02-Sep-2025,1407.3,1407.3,1428.7,1394.9,1417.0,1417.9,1418.83,598869,8496.9,36258,360102,60.13
2025-09-03,ASTRAL, EQ, 03-Sep-2025,1417.9,1417.9,1433.0,1415.2,1421.8,1425.7,1425.63,445062,6344.94,15266,250742,56.34
2025-09-04,ASTRAL, EQ, 04-Sep-2025,1425.7,1430.0,1430.0,1408.1,1422.0,1421.3,1416.03,464800,6581.69,20558,228995,49.27
2025-09-05,ASTRAL, EQ, 05-Sep-2025,1421.3,1432.0,1458.2,1415.1,1457.7,1454.9,1444.94,989366,14295.73,37260,548500,55.44
2025-09-08,ASTRAL, EQ, 08-Sep-2025,1454.9,1470.1,1474.7,1453.6,1459.5,1462.0,1461.25,455948,6662.52,23504,159480,34.98
2025-09-09,ASTRAL, EQ, 09-Sep-2025,1462.0,1460.0,1474.0,1437.3,1472.9,1462.0,1454.2,828879,12053.56,25808,522473,63.03
2025-09-10,ASTRAL, EQ, 10-Sep-2025,1462.0,1489.0,1493.3,1433.1,1437.0,1438.4,1453.56,1188661,17277.95,40242,591682,49.78
2025-09-11,ASTRAL, EQ, 11-Sep-2025,1438.4,1442.1,1460.2,1430.3,1441.0,1440.4,1448.05,561578,8131.96,24535,244257,43.49
2025-09-12,ASTRAL, EQ, 12-Sep-2025,1440.4,1455.8,1478.4,1451.0,1459.5,1461.1,1463.44,1039980,15219.53,41785,391605,37.66
2025-09-15,ASTRAL, EQ, 15-Sep-2025,1461.1,1460.9,1466.4,1451.8,1455.3,1458.5,1458.59,225412,3287.83,9516,112535,49.92
2025-09-16,ASTRAL, EQ, 16-Sep-2025,1458.5,1465.0,1480.1,1452.0,1474.7,1476.8,1471.59,395894,5825.95,14427,210972,53.29
2025-09-17,ASTRAL, EQ, 17-Sep-2025,1476.8,1476.8,1478.6,1455.3,1457.6,1459.7,1463.91,334619,4898.5,15600,186058,55.6
2025-09-18,ASTRAL, EQ, 18-Sep-2025,1459.7,1459.7,1465.0,1446.3,1462.7,1459.2,1453.47,451590,6563.74,15707,230877,51.13
2025-09-19,ASTRAL, EQ, 19-Sep-2025,1459.2,1460.0,1469.8,1447.0,1454.3,1452.4,1453.41,716952,10420.23,17287,515126,71.85
2025-09-22,ASTRAL, EQ, 22-Sep-2025,1452.4,1440.1,1461.6,1435.1,1435.3,1438.4,1447.09,486882,7045.63,18969,282496,58.02
2025-09-23,ASTRAL, EQ, 23-Sep-2025,1438.4,1438.9,1453.0,1427.0,1434.0,1436.4,1437.92,489921,7044.66,18434,273083,55.74
2025-09-24,ASTRAL, EQ, 24-Sep-2025,1436.4,1430.1,1450.6,1421.7,1435.8,1439.9,1435.24,567946,8151.39,18553,335007,58.99
2025-09-25,ASTRAL, EQ, 25-Sep-2025,1439.9,1428.0,1428.0,1396.1,1403.3,1405.9,1407.83,866669,12201.27,41935,396219,45.72
2025-09-26,ASTRAL, EQ, 26-Sep-2025,1405.9,1411.9,1415.2,1370.0,1373.0,1373.8,1392.24,376171,5237.19,18693,203186,54.01
2025-09-29,ASTRAL, EQ, 29-Sep-2025,1373.8,1373.9,1388.0,1364.3,1364.9,1366.7,1375.24,580505,7983.33,27915,306474,52.79
2025-09-30,ASTRAL, EQ, 30-Sep-2025,1366.7,1379.2,1381.5,1350.0,1370.0,1366.4,1362.77,519075,7073.8,24725,286391,55.17
2025-10-01,ASTRAL, EQ, 01-Oct-2025,1366.4,1369.6,1381.5,1358.7,1377.4,1376.4,1370.45,345411,4733.7,14581,195062,56.47
2025-10-03,ASTRAL, EQ, 03-Oct-2025,1376.4,1376.4,1387.1,1360.8,1385.1,1383.6,1372.37,509629,6994.01,22855,289694,56.84
2025-10-06,ASTRAL, EQ, 06-Oct-2025,1383.6,1383.0,1398.0,1368.4,1389.0,1383.6,1379.19,464100,6400.82,23471,246210,53.05
2025-10-07,ASTRAL, EQ, 07-Oct-2025,1383.6,1393.2,1425.0,1390.3,1421.3,1419.4,1409.72,950549,13400.08,36362,348305,36.64
2025-10-08,ASTRAL, EQ, 08-Oct-2025,1419.4,1419.9,1427.0,1396.2,1398.8,1406.0,1408.58,543303,7652.85,26441,276350,50.86
2025-10-09,ASTRAL, EQ, 09-Oct-2025,1406.0,1406.0,1415.0,1395.1,1399.7,1406.1,1405.55,580693,8161.94,23638,331617,57.11
2025-10-10,ASTRAL, EQ, 10-Oct-2025,1406.1,1406.1,1434.0,1391.1,1424.6,1427.1,1422.19,734185,10441.51,43600,418588,57.01
2025-10-13,ASTRAL, EQ, 13-Oct-2025,1427.1,1424.6,1426.0,1402.6,1420.6,1421.2,1417.67,446670,6332.32,15895,227307,50.89
2025-10-14,ASTRAL, EQ, 14-Oct-2025,1421.2,1427.1,1428.0,1403.0,1415.0,1418.6,1416.42,388990,5509.72,18538,222533,57.21
2025-10-15,ASTRAL, EQ, 15-Oct-2025,1418.6,1418.6,1449.0,1415.0,1437.9,1438.8,1436.84,558872,8030.09,30393,284645,50.93
2025-10-16,ASTRAL, EQ, 16-Oct-2025,1438.8,1437.9,1448.7,1431.8,1447.0,1444.8,1440.6,453099,6527.35,13639,328480,72.5
2025-10-17,ASTRAL, EQ, 17-Oct-2025,1444.8,1448.6,1456.5,1435.2,1438.7,1442.4,1447.77,458773,6641.97,23990,278820,60.78
2025-10-20,ASTRAL, EQ, 20-Oct-2025,1442.4,1442.0,1452.0,1432.7,1451.9,1448.2,1444.15,449269,6488.1,24614,277966,61.87
2025-10-21,ASTRAL, EQ, 21-Oct-2025,1448.2,1460.0,1460.0,1445.0,1446.0,1446.7,1449.48,32936,477.4,2899,20501,62.24
2025-10-23,ASTRAL, EQ, 23-Oct-2025,1446.7,1446.7,1462.0,1435.2,1460.0,1455.8,1453.67,833768,12120.2,34044,542164,65.03
2025-10-24,ASTRAL, EQ, 24-Oct-2025,1455.8,1451.0,1457.5,1425.1,1427.9,1430.8,1448.32,621026,8994.46,24577,345269,55.6
2025-10-27,ASTRAL, EQ, 27-Oct-2025,1430.8,1430.7,1440.6,1411.0,1440.0,1435.2,1426.93,487878,6961.66,29189,245475,50.31
2025-10-28,ASTRAL, EQ, 28-Oct-2025,1435.2,1435.0,1455.8,1426.5,1451.0,1450.2,1446.37,571560,8266.86,32147,285102,49.88
2025-10-29,ASTRAL, EQ, 29-Oct-2025,1450.2,1456.0,1467.8,1448.9,1465.7,1464.8,1460.32,420127,6135.19,23192,230003,54.75
2025-10-30,ASTRAL, EQ, 30-Oct-2025,1464.8,1464.7,1468.2,1453.0,1463.0,1464.9,1463.32,343690,5029.29,16583,174433,50.75
2025-10-31,ASTRAL, EQ, 31-Oct-2025,1464.9,1468.0,1468.4,1445.0,1447.6,1450.1,1458.55,397294,5794.73,20472,220107,55.4
2025-11-03,ASTRAL, EQ, 03-Nov-2025,1450.1,1460.0,1486.0,1440.0,1483.0,1480.7,1471.18,693278,10199.37,33134,340046,49.05
2025-11-04,ASTRAL, EQ, 04-Nov-2025,1480.7,1487.0,1492.0,1462.3,1469.0,1467.2,1468.68,429263,6304.5,18846,272560,63.49
2025-11-06,ASTRAL, EQ, 06-Nov-2025,1467.2,1482.5,1572.5,1482.5,1572.0,1566.1,1547.0,5837826,90311.31,171975,2109585,36.14
2025-11-07,ASTRAL, EQ, 07-Nov-2025,1566.1,1560.1,1579.0,1548.0,1557.3,1557.3,1559.31,613713,9569.67,31043,238657,38.89
2025-11-10,ASTRAL, EQ, 10-Nov-2025,1557.3,1568.4,1579.9,1554.9,1569.0,1568.4,1570.97,505341,7938.74,30385,268662,53.16
2025-11-11,ASTRAL, EQ, 11-Nov-2025,1568.4,1568.0,1575.8,1550.0,1557.1,1555.8,1558.51,274619,4279.96,28430,152294,55.46
2025-11-12,ASTRAL, EQ, 12-Nov-2025,1555.8,1560.0,1589.8,1557.2,1588.9,1585.2,1579.66,677752,10706.2,40705,307265,45.34
2025-11-13,ASTRAL, EQ, 13-Nov-2025,1585.2,1592.8,1593.5,1545.7,1554.0,1550.6,1556.35,970265,15100.74,38000,580141,59.79
2025-11-14,ASTRAL, EQ, 14-Nov-2025,1550.6,1548.0,1554.0,1507.5,1509.9,1514.0,1520.61,657446,9997.21,54011,265404,40.37
2025-11-17,ASTRAL, EQ, 17-Nov-2025,1514.0,1508.1,1508.1,1456.4,1465.9,1465.7,1467.61,1764724,25899.22,63393,1015055,57.52
2025-11-18,ASTRAL, EQ, 18-Nov-2025,1465.7,1473.5,1473.5,1436.1,1449.8,1449.8,1449.33,1005948,14579.51,38437,475986,47.32
2025-11-19,ASTRAL, EQ, 19-Nov-2025,1449.8,1451.0,1457.5,1436.4,1453.0,1448.2,1444.1,931531,13452.27,29359,552091,59.27
2025-11-20,ASTRAL, EQ, 20-Nov-2025,1448.2,1458.0,1464.8,1449.0,1463.3,1462.4,1459.24,337761,4928.74,15106,164027,48.56
2025-11-21,ASTRAL, EQ, 21-Nov-2025,1462.4,1462.1,1467.0,1444.9,1448.0,1452.6,1453.96,454922,6614.4,15650,238795,52.49
2025-11-24,ASTRAL, EQ, 24-Nov-2025,1452.6,1448.0,1514.9,1438.3,1486.0,1473.2,1468.49,2705698,39733.01,36451,1799904,66.52
2025-11-25,ASTRAL, EQ, 25-Nov-2025,1473.2,1475.1,1476.6,1444.8,1463.2,1465.5,1461.57,1562164,22832.17,40867,789194,50.52
2025-11-26,ASTRAL, EQ, 26-Nov-2025,1465.5,1465.0,1481.4,1457.7,1469.0,1466.0,1468.13,650660,9552.54,17780,377344,57.99
2025-11-27,ASTRAL, EQ, 27-Nov-2025,1466.0,1469.9,1479.1,1460.5,1467.0,1471.0,1470.82,369425,5433.57,23519,153477,41.54
2025-11-28,ASTRAL, EQ, 28-Nov-2025,1471.0,1470.1,1470.1,1436.6,1440.0,1440.8,1448.64,527824,7646.29,21952,231836,43.92
2025-12-01,ASTRAL, EQ, 01-Dec-2025,1440.8,1450.5,1450.5,1423.5,1430.0,1440.5,1434.65,437147,6271.55,23658,178404,40.81
2025-12-02,ASTRAL, EQ, 02-Dec-2025,1440.5,1433.0,1439.5,1413.4,1422.9,1419.7,1424.92,636694,9072.4,24302,384534,60.4
2025-12-03,ASTRAL, EQ, 03-Dec-2025,1419.7,1421.1,1426.3,1401.1,1410.0,1409.6,1411.02,552547,7796.54,26755,319038,57.74
2025-12-04,ASTRAL, EQ, 04-Dec-2025,1409.6,1404.6,1446.9,1404.6,1443.8,1440.7,1433.42,783804,11235.19,35372,441227,56.29
2025-12-05,ASTRAL, EQ, 05-Dec-2025,1440.7,1440.0,1465.9,1433.0,1458.0,1459.5,1450.2,713691,10349.92,30342,399424,55.97
2025-12-08,ASTRAL, EQ, 08-Dec-2025,1459.5,1454.0,1466.0,1422.7,1433.5,1433.3,1432.61,643243,9215.16,26197,303024,47.11
2025-12-09,ASTRAL, EQ, 09-Dec-2025,1433.3,1422.0,1440.0,1421.0,1430.8,1428.4,1430.04,495324,7083.34,19996,273146,55.14
2025-12-10,ASTRAL, EQ, 10-Dec-2025,1428.4,1428.9,1434.0,1386.4,1391.0,1392.4,1406.16,402324,5657.33,24953,211724,52.63
2025-12-11,ASTRAL, EQ, 11-Dec-2025,1392.4,1399.0,1412.2,1388.2,1411.6,1406.7,1400.47,510796,7153.56,17752,236430,46.29
2025-12-12,ASTRAL, EQ, 12-Dec-2025,1406.7,1410.0,1420.6,1404.7,1415.8,1416.4,1413.39,229029,3237.08,17132,96392,42.09
2025-12-15,ASTRAL, EQ, 15-Dec-2025,1416.4,1420.0,1431.9,1403.4,1430.2,1430.6,1419.49,171895,2440.03,12020,61219,35.61
2025-12-16,ASTRAL, EQ, 16-Dec-2025,1430.6,1420.0,1471.6,1417.9,1460.0,1462.9,1454.67,831639,12097.61,31322,171073,20.57
2025-12-17,ASTRAL, EQ, 17-Dec-2025,1462.9,1464.9,1464.9,1425.0,1425.0,1428.9,1436.9,357425,5135.83,23727,121954,34.12
2025-12-18,ASTRAL, EQ, 18-Dec-2025,1428.9,1421.1,1428.1,1402.5,1409.5,1407.9,1416.15,451710,6396.91,13934,239643,53.05
2025-12-19,ASTRAL, EQ, 19-Dec-2025,1407.9,1405.0,1427.0,1403.8,1420.3,1423.6,1418.48,1026091,14554.94,25435,717221,69.9
2025-12-22,ASTRAL, EQ, 22-Dec-2025,1423.6,1425.8,1432.9,1404.0,1407.0,1408.1,1416.15,366498,5190.16,23190,239935,65.47
2025-12-23,ASTRAL, EQ, 23-Dec-2025,1408.1,1408.1,1419.8,1396.0,1414.7,1417.0,1409.96,356529,5026.91,20315,143956,40.38
2025-12-24,ASTRAL, EQ, 24-Dec-2025,1417.0,1419.9,1423.0,1392.2,1395.6,1396.6,1403.06,342797,4809.64,24339,180379,52.62
2025-12-26,ASTRAL, EQ, 26-Dec-2025,1396.6,1393.2,1399.9,1386.0,1388.4,1390.0,1392.54,246603,3434.05,17894,97633,39.59
2025-12-29,ASTRAL, EQ, 29-Dec-2025,1390.0,1391.0,1391.1,1366.1,1371.9,1372.0,1374.86,348663,4793.61,22543,126639,36.32
2025-12-30,ASTRAL, EQ, 30-Dec-2025,1372.0,1377.0,1377.0,1350.0,1359.0,1360.3,1358.68,608767,8271.19,30889,325780,53.51
2025-12-31,ASTRAL, EQ, 31-Dec-2025,1360.3,1358.0,1391.5,1357.1,1391.5,1388.5,1383.84,315322,4363.56,16241,182299,57.81
2026-01-01,ASTRAL, EQ, 01-Jan-2026,1388.5,1397.9,1437.1,1392.1,1436.0,1434.9,1418.53,592945,8411.13,21718,221322,37.33
2026-01-02,ASTRAL, EQ, 02-Jan-2026,1434.9,1443.0,1460.0,1434.1,1454.9,1453.4,1450.83,441304,6402.57,22252,204315,46.3
2026-01-05,ASTRAL, EQ, 05-Jan-2026,1453.4,1450.0,1501.2,1450.0,1488.0,1492.8,1484.79,735122,10915.03,34984,314263,42.75
2026-01-06,ASTRAL, EQ, 06-Jan-2026,1492.8,1490.2,1507.3,1480.1,1482.0,1487.2,1491.05,257834,3844.44,23421,114915,44.57
2026-01-07,ASTRAL, EQ, 07-Jan-2026,1487.2,1478.0,1509.9,1478.0,1504.0,1502.6,1496.06,1018655,15239.66,33924,253040,24.84
2026-01-08,ASTRAL, EQ, 08-Jan-2026,1502.6,1502.6,1512.0,1464.0,1476.5,1476.3,1479.47,361506,5348.37,19539,181410,50.18
2026-01-09,ASTRAL, EQ, 09-Jan-2026,1476.3,1465.1,1479.3,1438.2,1440.3,1449.0,1454.17,246235,3580.69,17700,99355,40.35
2026-01-12,ASTRAL, EQ, 12-Jan-2026,1449.0,1455.9,1457.9,1417.0,1439.8,1438.7,1438.88,202921,2919.79,16164,59681,29.41
2026-01-13,ASTRAL, EQ, 13-Jan-2026,1438.7,1440.0,1451.0,1422.6,1435.1,1438.5,1436.42,174600,2507.99,11639,67391,38.6
2026-01-14,ASTRAL, EQ, 14-Jan-2026,1438.5,1426.5,1474.8,1426.5,1465.0,1462.6,1459.92,487267,7113.72,14118,328850,67.49
2026-01-16,ASTRAL, EQ, 16-Jan-2026,1462.6,1480.0,1498.3,1458.0,1462.0,1464.3,1474.25,469969,6928.5,30984,205318,43.69
2026-01-19,ASTRAL, EQ, 19-Jan-2026,1464.3,1457.8,1462.7,1418.1,1438.0,1439.0,1437.14,239414,3440.72,17632,104785,43.77
2026-01-20,ASTRAL, EQ, 20-Jan-2026,1439.0,1430.0,1440.0,1387.0,1388.1,1392.1,1409.14,301961,4255.04,23703,106846,35.38
2026-01-21,ASTRAL, EQ, 21-Jan-2026,1392.1,1388.0,1395.4,1332.9,1346.6,1347.8,1360.0,635658,8644.97,35313,240724,37.87
2026-01-22,ASTRAL, EQ, 22-Jan-2026,1347.8,1350.0,1424.0,1350.0,1415.9,1413.2,1398.38,637788,8918.69,27650,306962,48.13
2026-01-23,ASTRAL, EQ, 23-Jan-2026,1413.2,1413.0,1425.3,1378.0,1399.5,1383.9,1396.25,418236,5839.62,41117,182574,43.65
2026-01-27,ASTRAL, EQ, 27-Jan-2026,1383.9,1394.5,1406.1,1375.2,1400.0,1400.5,1391.47,436449,6073.04,44183,219851,50.37
2026-01-28,ASTRAL, EQ, 28-Jan-2026,1400.5,1397.0,1455.6,1397.0,1455.6,1452.9,1440.25,407841,5873.91,29020,153771,37.7
2026-01-29,ASTRAL, EQ, 29-Jan-2026,1452.9,1441.1,1464.8,1438.0,1459.0,1460.8,1451.82,231897,3366.72,19074,101248,43.66
2026-01-30,ASTRAL, EQ, 30-Jan-2026,1460.8,1457.0,1483.4,1444.8,1468.0,1476.6,1473.18,371018,5465.78,25338,190170,51.26
2026-02-01,ASTRAL, EQ, 01-Feb-2026,1476.6,1474.0,1495.7,1433.1,1460.0,1463.8,1468.43,233276,3425.49,14015,54491,23.36
2026-02-02,ASTRAL, EQ, 02-Feb-2026,1463.8,1465.0,1472.7,1424.1,1467.0,1467.6,1451.63,243894,3540.45,20112,89334,36.63
2026-02-03,ASTRAL, EQ, 03-Feb-2026,1467.6,1492.0,1510.0,1483.8,1503.9,1503.5,1499.06,460248,6899.41,50203,201004,43.67
2026-02-04,ASTRAL, EQ, 04-Feb-2026,1503.5,1503.5,1510.0,1486.1,1505.0,1501.4,1497.8,738217,11057.03,41603,472161,63.96
2026-02-05,ASTRAL, EQ, 05-Feb-2026,1501.4,1509.2,1514.8,1495.1,1504.0,1503.6,1504.25,298047,4483.36,29202,110816,37.18
2026-02-06,ASTRAL, EQ, 06-Feb-2026,1503.6,1495.0,1522.9,1460.2,1476.1,1472.2,1486.22,998285,14836.67,54621,361506,36.21
2026-02-09,ASTRAL, EQ, 09-Feb-2026,1472.2,1476.8,1498.3,1460.1,1491.0,1490.7,1483.65,452579,6714.69,30574,166432,36.77
2026-02-10,ASTRAL, EQ, 10-Feb-2026,1490.7,1499.5,1537.0,1493.4,1531.0,1532.2,1523.17,883095,13451.03,41392,331419,37.53
2026-02-11,ASTRAL, EQ, 11-Feb-2026,1532.2,1540.0,1598.8,1536.8,1590.0,1592.1,1571.29,1584163,24891.76,80424,609748,38.49
2026-02-12,ASTRAL, EQ, 12-Feb-2026,1592.1,1594.9,1615.5,1578.0,1589.0,1591.6,1597.98,1241019,19831.23,53361,640409,51.6
2026-02-13,ASTRAL, EQ, 13-Feb-2026,1591.6,1589.0,1604.6,1559.5,1601.0,1596.5,1587.66,585825,9300.91,30649,302402,51.62
2026-02-16,ASTRAL, EQ, 16-Feb-2026,1596.5,1596.5,1644.5,1589.9,1643.0,1639.8,1627.64,1221002,19873.5,44479,563811,46.18
2026-02-17,ASTRAL, EQ, 17-Feb-2026,1639.8,1639.8,1653.0,1612.7,1640.0,1645.7,1636.52,490265,8023.27,24644,208393,42.51
2026-02-18,ASTRAL, EQ, 18-Feb-2026,1645.7,1640.0,1642.0,1623.1,1637.0,1636.6,1634.32,357889,5849.05,29275,163297,45.63
2026-02-19,ASTRAL, EQ, 19-Feb-2026,1636.6,1630.0,1645.0,1613.1,1617.0,1621.0,1633.58,525038,8576.89,34960,287227,54.71
2026-02-20,ASTRAL, EQ, 20-Feb-2026,1621.0,1611.1,1643.5,1611.1,1631.7,1636.6,1633.83,679027,11094.15,36223,416013,61.27
2026-02-23,ASTRAL, EQ, 23-Feb-2026,1636.6,1649.0,1654.0,1628.4,1636.0,1635.1,1636.8,489915,8018.93,35917,263121,53.71
2026-02-24,ASTRAL, EQ, 24-Feb-2026,1635.1,1623.0,1672.2,1623.0,1658.0,1664.0,1650.59,659604,10887.34,33412,320052,48.52
2026-02-25,ASTRAL, EQ, 25-Feb-2026,1664.0,1667.0,1687.5,1654.2,1673.6,1683.2,1672.11,662060,11070.36,32886,322918,48.77
2026-02-26,ASTRAL, EQ, 26-Feb-2026,1683.2,1683.2,1693.9,1669.0,1680.0,1684.2,1680.06,615178,10335.34,36913,264754,43.04
2026-02-27,ASTRAL, EQ, 27-Feb-2026,1684.2,1684.2,1684.2,1650.7,1670.0,1667.9,1668.76,730263,12186.37,38708,321586,44.04
2026-03-02,ASTRAL, EQ, 02-Mar-2026,1667.9,1590.5,1676.2,1590.5,1670.1,1669.8,1654.13,813157,13450.65,39649,356677,43.86
2026-03-04,ASTRAL, EQ, 04-Mar-2026,1669.8,1635.1,1661.3,1622.5,1623.0,1646.9,1645.08,461331,7589.24,26563,194631,42.19
2026-03-05,ASTRAL, EQ, 05-Mar-2026,1646.9,1648.0,1667.8,1622.2,1667.0,1663.1,1648.33,368457,6073.37,27270,146010,39.63
2026-03-06,ASTRAL, EQ, 06-Mar-2026,1663.1,1669.0,1705.2,1664.1,1677.6,1689.2,1691.25,1096077,18537.4,51233,538610,49.14
2026-03-09,ASTRAL, EQ, 09-Mar-2026,1689.2,1677.0,1677.0,1595.2,1602.5,1605.9,1618.51,527194,8532.7,25907,151250,28.69
2026-03-10,ASTRAL, EQ, 10-Mar-2026,1605.9,1625.4,1668.0,1625.4,1665.0,1660.7,1654.37,818683,13544.02,47385,407778,49.81
2026-03-11,ASTRAL, EQ, 11-Mar-2026,1660.7,1681.8,1768.7,1677.4,1739.0,1746.3,1716.78,2881726,49472.98,117402,1018139,35.33
2026-03-12,ASTRAL, EQ, 12-Mar-2026,1746.3,1719.0,1725.0,1633.1,1680.0,1696.0,1676.3,1565206,26237.5,76971,469813,30.02
2026-03-13,ASTRAL, EQ, 13-Mar-2026,1696.0,1679.7,1688.1,1606.9,1610.0,1611.8,1636.47,535982,8771.21,26105,198610,37.06
2026-03-16,ASTRAL, EQ, 16-Mar-2026,1611.8,1605.3,1637.7,1594.9,1618.0,1619.7,1616.87,515058,8327.84,31877,211018,40.97
2026-03-17,ASTRAL, EQ, 17-Mar-2026,1619.7,1624.9,1660.0,1619.7,1651.0,1652.0,1649.72,490078,8084.9,30128,243993,49.79
2026-03-18,ASTRAL, EQ, 18-Mar-2026,1652.0,1638.0,1679.6,1638.0,1669.7,1668.4,1664.22,504539,8396.64,44666,254193,50.38
2026-03-19,ASTRAL, EQ, 19-Mar-2026,1668.4,1653.4,1653.4,1625.5,1635.0,1640.4,1638.32,478035,7831.76,27163,247564,51.79
2026-03-20,ASTRAL, EQ, 20-Mar-2026,1640.4,1645.0,1652.9,1624.2,1624.2,1631.8,1635.66,388331,6351.78,18060,207851,53.52
2026-03-23,ASTRAL, EQ, 23-Mar-2026,1631.8,1586.6,1614.4,1546.9,1559.9,1556.3,1563.83,524399,8200.73,25769,244767,46.68
2026-03-24,ASTRAL, EQ, 24-Mar-2026,1556.3,1577.9,1605.7,1558.4,1592.8,1594.4,1585.34,373533,5921.77,28716,170277,45.59
2026-03-25,ASTRAL, EQ, 25-Mar-2026,1594.4,1614.0,1678.0,1606.4,1648.4,1646.6,1656.52,702340,11634.38,51449,358805,51.09
2026-03-27,ASTRAL, EQ, 27-Mar-2026,1646.6,1635.0,1653.9,1610.1,1620.0,1619.1,1630.94,790705,12895.89,45108,340944,43.12
2026-03-30,ASTRAL, EQ, 30-Mar-2026,1619.1,1590.0,1626.4,1581.5,1599.0,1599.0,1604.61,742218,11909.73,32167,320126,43.13
2026-04-01,ASTRAL, EQ, 01-Apr-2026,1599.0,1622.1,1660.0,1558.9,1574.2,1570.3,1602.19,460319,7375.17,39714,176971,38.45
2026-04-02,ASTRAL, EQ, 02-Apr-2026,1570.3,1539.8,1575.5,1456.6,1570.0,1553.5,1499.41,1346193,20184.94,62130,270729,20.11
2026-04-06,ASTRAL, EQ, 06-Apr-2026,1553.5,1553.5,1555.0,1472.2,1534.0,1522.8,1505.75,1078191,16234.82,44307,282290,26.18
2026-04-07,ASTRAL, EQ, 07-Apr-2026,1522.8,1519.5,1550.7,1497.3,1546.0,1544.5,1530.19,792891,12132.77,30173,370469,46.72
2026-04-08,ASTRAL, EQ, 08-Apr-2026,1544.5,1599.6,1614.9,1515.4,1538.0,1525.5,1542.57,738612,11393.58,40124,282112,38.19
2026-04-09,ASTRAL, EQ, 09-Apr-2026,1525.5,1527.0,1570.1,1518.6,1565.9,1563.7,1556.34,908839,14144.65,38185,425071,46.77
2026-04-10,ASTRAL, EQ, 10-Apr-2026,1563.7,1577.0,1639.6,1567.6,1625.0,1630.0,1616.03,1127663,18223.4,44331,512919,45.49
2026-04-13,ASTRAL, EQ, 13-Apr-2026,1630.0,1600.0,1637.5,1587.0,1625.0,1625.1,1623.53,652584,10594.88,34174,231926,35.54
2026-04-15,ASTRAL, EQ, 15-Apr-2026,1625.1,1649.0,1661.5,1615.0,1620.0,1631.0,1631.26,896875,14630.32,38384,337944,37.68
2026-04-16,ASTRAL, EQ, 16-Apr-2026,1631.0,1637.9,1637.9,1550.2,1577.0,1578.7,1573.09,2338081,36780.21,84060,636554,27.23
2026-04-17,ASTRAL, EQ, 17-Apr-2026,1578.7,1580.0,1633.3,1562.9,1629.0,1605.0,1593.91,1631264,26000.93,46167,865809,53.08
2026-04-20,ASTRAL, EQ, 20-Apr-2026,1605.0,1605.0,1618.4,1580.0,1591.0,1591.4,1594.65,793939,12660.55,37925,318568,40.12
2026-04-21,ASTRAL, EQ, 21-Apr-2026,1591.4,1585.0,1606.1,1570.0,1587.0,1582.5,1587.84,697463,11074.57,28626,269448,38.63
2026-04-22,ASTRAL, EQ, 22-Apr-2026,1582.5,1585.9,1602.6,1578.0,1600.0,1589.6,1588.39,555897,8829.83,21417,239812,43.14
2026-04-23,ASTRAL, EQ, 23-Apr-2026,1589.6,1585.0,1594.5,1562.8,1580.0,1574.9,1576.27,414330,6530.95,17091,149388,36.06
2026-04-24,ASTRAL, EQ, 24-Apr-2026,1574.9,1578.3,1591.0,1551.9,1565.1,1563.2,1565.6,2390129,37419.86,41579,1578270,66.03
2026-04-27,ASTRAL, EQ, 27-Apr-2026,1563.2,1565.0,1598.0,1530.0,1543.0,1535.0,1556.04,535721,8336.02,25140,131988,24.64
2026-04-28,ASTRAL, EQ, 28-Apr-2026,1535.0,1545.5,1558.9,1532.0,1547.0,1548.9,1545.31,468230,7235.59,22411,205033,43.79
2026-04-29,ASTRAL, EQ, 29-Apr-2026,1548.9,1557.0,1601.0,1544.2,1555.9,1552.8,1565.83,803166,12576.18,27388,323354,40.26
2026-04-30,ASTRAL, EQ, 30-Apr-2026,1552.8,1546.0,1548.9,1520.6,1534.4,1529.7,1530.12,333474,5102.54,19403,149094,44.71
2026-05-04,ASTRAL, EQ, 04-May-2026,1529.7,1534.3,1574.3,1534.3,1560.0,1559.6,1558.14,378546,5898.29,19425,140333,37.07
2026-05-05,ASTRAL, EQ, 05-May-2026,1559.6,1570.0,1570.0,1528.5,1530.0,1531.6,1539.76,259756,3999.61,19790,119288,45.92
2026-05-06,ASTRAL, EQ, 06-May-2026,1531.6,1545.0,1588.7,1533.1,1582.8,1576.1,1566.65,542926,8505.76,30649,230623,42.48
2026-05-07,ASTRAL, EQ, 07-May-2026,1576.1,1577.9,1597.8,1561.9,1578.2,1569.1,1577.12,984891,15532.95,34503,606065,61.54
2026-05-08,ASTRAL, EQ, 08-May-2026,1569.1,1565.2,1594.6,1565.2,1573.0,1569.8,1579.53,488596,7717.54,27892,255971,52.39
2026-05-11,ASTRAL, EQ, 11-May-2026,1569.8,1571.1,1590.0,1560.0,1577.0,1572.1,1576.0,471229,7426.56,34990,238996,50.72
2026-05-12,ASTRAL, EQ, 12-May-2026,1572.1,1565.0,1579.6,1524.1,1536.3,1527.6,1545.25,312623,4830.81,26076,128873,41.22
2026-05-13,ASTRAL, EQ, 13-May-2026,1527.6,1521.4,1571.5,1503.0,1540.0,1544.0,1547.08,425281,6579.42,25339,141571,33.29
2026-05-14,ASTRAL, EQ, 14-May-2026,1544.0,1544.1,1568.3,1526.4,1565.0,1561.3,1552.49,304800,4731.98,19506,121665,39.92
2026-05-15,ASTRAL, EQ, 15-May-2026,1561.3,1568.7,1588.0,1547.1,1554.7,1550.8,1568.1,328906,5157.58,21949,131278,39.91
2026-05-18,ASTRAL, EQ, 18-May-2026,1550.8,1539.0,1568.5,1512.5,1544.6,1545.7,1544.41,414511,6401.75,32295,136586,32.95
2026-05-19,ASTRAL, EQ, 19-May-2026,1545.7,1545.0,1545.7,1440.5,1444.0,1448.9,1462.35,2377878,34773.01,105670,698770,29.39
2026-05-20,ASTRAL, EQ, 20-May-2026,1448.9,1432.2,1472.7,1431.6,1445.0,1443.7,1453.69,769323,11183.58,35449,273444,35.54
2026-05-21,ASTRAL, EQ, 21-May-2026,1443.7,1468.0,1488.9,1459.0,1481.8,1480.0,1475.13,862861,12728.34,41447,366170,42.44
2026-05-22,ASTRAL, EQ, 22-May-2026,1480.0,1481.8,1548.9,1481.0,1545.0,1541.7,1530.21,1094826,16753.12,54000,301800,27.57
2026-05-25,ASTRAL, EQ, 25-May-2026,1541.7,1566.0,1566.6,1540.5,1552.0,1552.3,1553.78,434838,6756.42,17985,159711,36.73
2026-05-26,ASTRAL, EQ, 26-May-2026,1552.3,1559.9,1590.0,1545.6,1572.3,1578.8,1572.04,602697,9474.62,29638,243871,40.46
2026-05-27,ASTRAL, EQ, 27-May-2026,1578.8,1577.9,1604.9,1569.2,1602.0,1598.6,1588.12,477086,7576.7,24506,219693,46.05
2026-05-29,ASTRAL, EQ, 29-May-2026,1598.6,1596.0,1614.8,1568.2,1585.0,1578.2,1579.65,3173296,50126.95,67980,2304946,72.64
2026-06-01,ASTRAL, EQ, 01-Jun-2026,1578.2,1595.0,1595.0,1526.0,1530.0,1533.1,1552.31,324692,5040.23,18345,157644,48.55
2026-06-02,ASTRAL, EQ, 02-Jun-2026,1533.1,1494.4,1535.5,1490.5,1526.0,1526.7,1515.78,1003364,15208.78,37759,611805,60.98
2026-06-03,ASTRAL, EQ, 03-Jun-2026,1526.7,1534.3,1548.7,1517.2,1533.0,1536.9,1534.64,727937,11171.24,30645,357145,49.06
2026-06-04,ASTRAL, EQ, 04-Jun-2026,1536.9,1532.0,1557.8,1525.2,1550.1,1549.3,1541.76,641252,9886.54,30007,304147,47.43
2026-06-05,ASTRAL, EQ, 05-Jun-2026,1549.3,1555.0,1564.4,1513.6,1523.0,1518.8,1537.46,391870,6024.86,17918,206550,52.71
2026-06-08,ASTRAL, EQ, 08-Jun-2026,1518.8,1500.0,1548.6,1493.0,1505.0,1511.2,1523.92,339220,5169.43,24303,127251,37.51
2026-06-09,ASTRAL, EQ, 09-Jun-2026,1511.2,1520.0,1531.0,1511.6,1531.0,1526.0,1522.03,360987,5494.31,21999,178342,49.4
2026-06-10,ASTRAL, EQ, 10-Jun-2026,1526.0,1527.9,1554.0,1495.4,1503.0,1501.5,1521.43,260088,3957.07,15493,94048,36.16
2026-06-11,ASTRAL, EQ, 11-Jun-2026,1501.5,1500.0,1516.3,1485.5,1493.7,1490.2,1498.63,297403,4456.97,21432,151851,51.06
2026-06-12,ASTRAL, EQ, 12-Jun-2026,1490.2,1514.0,1531.6,1498.0,1503.1,1508.6,1514.35,833425,12621.0,39960,404688,48.56
2026-06-15,ASTRAL, EQ, 15-Jun-2026,1508.6,1531.0,1554.9,1518.0,1543.3,1544.8,1541.73,593856,9155.63,31561,360833,60.76
2026-06-16,ASTRAL, EQ, 16-Jun-2026,1544.8,1557.8,1574.3,1542.6,1560.0,1564.0,1566.19,468642,7339.82,31289,263267,56.18
2026-06-17,ASTRAL, EQ, 17-Jun-2026,1564.0,1564.0,1575.0,1538.1,1570.0,1565.2,1558.17,453217,7061.9,25444,197160,43.5
2026-06-18,ASTRAL, EQ, 18-Jun-2026,1565.2,1575.0,1583.3,1561.2,1564.9,1565.7,1568.88,618123,9697.58,17994,451934,73.11
2026-06-19,ASTRAL, EQ, 19-Jun-2026,1565.7,1560.0,1563.8,1525.3,1544.8,1542.1,1541.61,464128,7155.04,20291,272972,58.81
2026-06-22,ASTRAL, EQ, 22-Jun-2026,1542.1,1546.0,1564.8,1546.0,1555.5,1557.8,1556.87,158344,2465.21,14717,57991,36.62
2026-06-23,ASTRAL, EQ, 23-Jun-2026,1557.8,1560.0,1573.9,1517.3,1521.0,1523.4,1544.32,270324,4174.67,16565,116781,43.2
2026-06-24,ASTRAL, EQ, 24-Jun-2026,1523.4,1530.9,1540.0,1515.7,1538.0,1536.7,1531.7,338961,5191.88,19058,180380,53.22
2026-06-25,ASTRAL, EQ, 25-Jun-2026,1536.7,1532.1,1536.0,1483.4,1490.0,1486.9,1498.47,987298,14794.35,57601,561140,56.84
2026-06-29,ASTRAL, EQ, 29-Jun-2026,1486.9,1417.0,1423.0,1339.0,1370.0,1368.0,1372.21,3768791,51715.74,145870,1301356,34.53
2026-06-30,ASTRAL, EQ, 30-Jun-2026,1368.0,1381.6,1387.0,1329.0,1331.3,1335.6,1347.9,1726032,23265.15,129881,749345,43.41
2026-07-01,ASTRAL, EQ, 01-Jul-2026,1335.6,1339.0,1369.0,1336.6,1360.0,1362.1,1354.8,941375,12753.76,49202,273742,29.08
2026-07-02,ASTRAL, EQ, 02-Jul-2026,1362.1,1370.0,1374.5,1351.7,1366.9,1363.2,1363.46,806625,10997.98,37211,455354,56.45
2026-07-03,ASTRAL, EQ, 03-Jul-2026,1363.2,1370.0,1387.2,1351.0,1384.0,1385.0,1369.39,506210,6931.97,27403,217107,42.89
2026-07-06,ASTRAL, EQ, 06-Jul-2026,1385.0,1402.0,1411.8,1376.0,1388.6,1389.0,1390.8,809070,11252.57,30502,323441,39.98
2026-07-07,ASTRAL, EQ, 07-Jul-2026,1389.0,1388.0,1388.0,1354.4,1356.9,1359.5,1364.31,457636,6243.59,32908,220553,48.19
2026-07-08,ASTRAL, EQ, 08-Jul-2026,1359.5,1359.0,1359.0,1327.3,1332.0,1336.0,1339.03,612098,8196.2,37301,272298,44.49
2026-07-09,ASTRAL, EQ, 09-Jul-2026,1336.0,1336.0,1348.8,1311.6,1314.3,1317.1,1327.42,527329,6999.89,55878,255995,48.55
2026-07-10,ASTRAL, EQ, 10-Jul-2026,1317.1,1323.9,1337.9,1312.9,1336.0,1333.8,1328.35,536850,7131.24,36393,268999,50.11
2026-07-13,ASTRAL, EQ, 13-Jul-2026,1333.8,1333.0,1335.0,1315.1,1334.0,1330.9,1324.2,269697,3571.33,19854,116313,43.13
2026-07-14,ASTRAL, EQ, 14-Jul-2026,1330.9,1344.4,1378.0,1332.1,1356.9,1358.5,1362.57,956486,13032.76,43502,281236,29.4
2026-07-15,ASTRAL, EQ, 15-Jul-2026,1358.5,1364.6,1365.1,1346.7,1359.0,1359.8,1355.69,361185,4896.55,18854,188977,52.32
2026-07-16,ASTRAL, EQ, 16-Jul-2026,1359.8,1370.0,1389.7,1348.7,1378.0,1377.0,1373.9,727432,9994.17,36201,314826,43.28
2026-07-17,ASTRAL, EQ, 17-Jul-2026,1377.0,1370.0,1381.8,1362.1,1376.6,1377.8,1374.82,624569,8586.68,24995,353396,56.58
2026-07-20,ASTRAL, EQ, 20-Jul-2026,1377.8,1368.0,1403.8,1367.8,1395.0,1396.1,1394.41,704689,9826.23,37964,401910,57.03
2026-07-21,ASTRAL, EQ, 21-Jul-2026,1396.1,1389.7,1421.7,1386.1,1411.0,1415.1,1408.06,874822,12317.98,28688,513998,58.75
2026-07-22,ASTRAL, EQ, 22-Jul-2026,1415.1,1411.1,1442.0,1407.5,1430.0,1430.8,1427.86,716968,10237.26,34745,334489,46.65
2026-07-23,ASTRAL, EQ, 23-Jul-2026,1430.8,1419.6,1433.3,1402.1,1415.8,1413.4,1416.52,414539,5872.02,24894,175073,42.23
2026-07-24,ASTRAL, EQ, 24-Jul-2026,1413.4,1405.1,1476.8,1402.4,1460.1,1468.1,1452.62,1157687,16816.82,50002,395928,34.2
2026-07-27,ASTRAL, EQ, 27-Jul-2026,1468.1,1480.0,1481.5,1448.1,1455.9,1465.8,1469.31,385986,5671.35,24335,131852,34.16
2026-07-28,ASTRAL, EQ, 28-Jul-2026,1465.8,1452.0,1483.9,1450.6,1466.0,1471.4,1467.04,356512,5230.18,21753,115650,32.44
2026-07-29,ASTRAL, EQ, 29-Jul-2026,1471.4,1471.8,1480.0,1460.0,1474.2,1476.3,1470.41,187215,2752.83,17258,63579,33.96
2026-07-30,ASTRAL, EQ, 30-Jul-2026,1476.3,1488.3,1504.4,1467.3,1471.0,1471.9,1481.31,574874,8515.66,36317,208882,36.34
2026-07-31,ASTRAL, EQ, 31-Jul-2026,1471.9,1470.9,1471.9,1444.0,1450.0,1448.6,1452.01,349000,5067.52,23480,153780,44.06
2026-08-03,ASTRAL, EQ, 03-Aug-2026,1448.6,1465.0,1465.7,1425.2,1435.6,1435.6,1443.02,652477,9415.4,33076,334041,51.2
2026-08-04,ASTRAL, EQ, 04-Aug-2026,1435.6,1446.0,1466.1,1435.0,1448.0,1448.0,1450.05,245864,3565.16,17057,101647,41.34
2026-08-05,ASTRAL, EQ, 05-Aug-2026,1448.0,1448.0,1451.0,1418.0,1434.7,1434.7,1428.47,518128,7401.29,33193,278330,53.72
2026-08-06,ASTRAL, EQ, 06-Aug-2026,1434.7,1439.6,1456.8,1434.2,1442.0,1442.0,1446.22,196726,2845.1,16361,83012,42.2
2026-08-07,ASTRAL, EQ, 07-Aug-2026,1442.0,1440.0,1451.3,1435.0,1444.0,1444.0,1441.6,118762,1712.07,16841,55003,46.31
2026-08-10,ASTRAL, EQ, 10-Aug-2026,1444.0,1445.0,1449.7,1431.1,1437.0,1437.0,1437.67,199026,2861.34,18586,112671,56.61
2026-08-11,ASTRAL, EQ, 11-Aug-2026,1437.0,1437.0,1443.8,1418.7,1424.9,1424.9,1426.01,228442,3257.6,17563,131603,57.61
2026-08-12,ASTRAL, EQ, 12-Aug-2026,1424.9,1431.9,1464.0,1425.7,1464.0,1464.0,1445.85,398896,5767.44,25701,153140,38.39
2026-08-13,ASTRAL, EQ, 13-Aug-2026,1464.0,1499.0,1600.0,1491.0,1592.0,1592.0,1573.89,12371579,194715.57,338959,1842880,14.9
2026-08-14,ASTRAL, EQ, 14-Aug-2026,1592.0,1592.0,1597.0,1552.2,1556.3,1556.3,1572.5,889819,13992.39,31620,243272,27.34
2026-08-17,ASTRAL, EQ, 17-Aug-2026,1556.3,1550.0,1559.0,1536.2,1538.3,1538.3,1543.76,353029,5449.93,19879,180067,51.01
2026-08-18,ASTRAL, EQ, 18-Aug-2026,1538.3,1538.4,1545.0,1517.1,1520.0,1520.0,1524.87,176344,2689.02,13612,79084,44.85
2026-08-19,ASTRAL, EQ, 19-Aug-2026,1520.0,1535.7,1577.0,1516.2,1544.9,1544.9,1535.31,385557,5919.51,26423,156799,40.67
2026-08-20,ASTRAL, EQ, 20-Aug-2026,1544.9,1550.0,1552.9,1532.0,1532.0,1532.0,1541.74,257504,3970.03,21025,122839,47.7
