Date,SYMBOL,SERIES,DATE1,PREV_CLOSE,OPEN_PRICE,HIGH_PRICE,LOW_PRICE,LAST_PRICE,CLOSE_PRICE,AVG_PRICE,TTL_TRD_QNTY,TURNOVER_LACS,NO_OF_TRADES,DELIV_QTY,DELIV_PER,SECTOR
2019-08-23,CONCOR, EQ, 23-Aug-2019,482.3,482.0,510.05,475.7,486.95,487.75,496.42,1305391,6480.21,35166,420276,32.2,Logistics
2019-10-01,CONCOR, EQ, 01-Oct-2019,604.75,635.0,666.0,615.0,643.0,640.2,640.3,8702870,55724.9,154553,2415964,27.76,Logistics
2019-10-03,CONCOR, EQ, 03-Oct-2019,640.2,635.0,642.75,622.3,630.9,631.85,632.23,1868252,11811.6,42745,695493,37.23,Logistics
2019-10-04,CONCOR, EQ, 04-Oct-2019,631.85,633.0,638.8,611.25,614.0,614.8,620.25,2227939,13818.83,84466,646457,29.02,Logistics
2019-10-07,CONCOR, EQ, 07-Oct-2019,614.8,601.0,601.0,561.05,575.05,573.8,574.61,3305170,18991.92,75328,894619,27.07,Logistics
2019-10-09,CONCOR, EQ, 09-Oct-2019,573.8,576.1,579.5,562.25,568.7,571.0,568.72,2770455,15756.25,72375,1601802,57.82,Logistics
2019-10-10,CONCOR, EQ, 10-Oct-2019,571.0,561.55,571.35,561.15,566.0,566.5,566.12,811503,4594.06,21324,311884,38.43,Logistics
2019-10-11,CONCOR, EQ, 11-Oct-2019,566.5,569.3,569.55,559.0,562.35,564.2,563.87,798696,4503.62,26680,348522,43.64,Logistics
2019-10-14,CONCOR, EQ, 14-Oct-2019,564.2,570.95,597.8,564.65,578.3,578.25,583.53,3189291,18610.63,98983,1156614,36.27,Logistics
2019-10-15,CONCOR, EQ, 15-Oct-2019,578.25,586.95,598.0,582.45,595.2,595.0,590.35,3221765,19019.57,76952,1510648,46.89,Logistics
2019-10-16,CONCOR, EQ, 16-Oct-2019,595.0,598.0,608.0,590.35,607.9,604.7,599.86,1710063,10257.92,43372,659477,38.56,Logistics
2019-10-17,CONCOR, EQ, 17-Oct-2019,604.7,607.5,609.5,597.45,597.9,599.4,602.08,2718516,16367.53,37369,1655223,60.89,Logistics
2019-10-18,CONCOR, EQ, 18-Oct-2019,599.4,599.0,620.4,595.2,609.25,611.5,609.1,2556249,15570.21,57522,1293868,50.62,Logistics
2019-10-22,CONCOR, EQ, 22-Oct-2019,611.5,629.9,632.75,603.75,607.0,607.95,615.25,2847565,17519.78,52606,947915,33.29,Logistics
2019-10-23,CONCOR, EQ, 23-Oct-2019,607.95,608.0,617.4,602.65,610.9,613.05,610.97,1076177,6575.1,26891,365168,33.93,Logistics
2019-10-24,CONCOR, EQ, 24-Oct-2019,613.05,609.0,613.8,582.85,586.0,586.95,596.13,2699775,16094.16,39968,1287854,47.7,Logistics
2019-10-25,CONCOR, EQ, 25-Oct-2019,586.95,591.15,598.0,583.7,587.1,588.25,591.69,1076084,6367.03,27474,260689,24.23,Logistics
2019-10-27,CONCOR, EQ, 27-Oct-2019,588.25,590.0,603.45,588.1,603.0,600.8,597.73,215363,1287.3,5176,61802,28.7,Logistics
2019-10-29,CONCOR, EQ, 29-Oct-2019,600.8,603.9,605.25,591.35,597.35,597.3,598.58,1160422,6946.03,33603,567970,48.95,Logistics
2019-10-30,CONCOR, EQ, 30-Oct-2019,597.3,602.3,607.8,588.45,591.9,592.85,596.91,1751576,10455.39,37902,485149,27.7,Logistics
2019-10-31,CONCOR, EQ, 31-Oct-2019,592.85,586.0,608.6,582.0,588.05,588.35,593.88,3399357,20188.25,71043,1149407,33.81,Logistics
2019-11-01,CONCOR, EQ, 01-Nov-2019,588.35,585.5,595.0,571.4,579.55,580.7,583.6,2025302,11819.7,29082,884657,43.68,Logistics
2019-11-04,CONCOR, EQ, 04-Nov-2019,580.7,579.9,591.2,577.05,579.55,578.7,581.72,1582095,9203.33,24512,648666,41.0,Logistics
2019-11-05,CONCOR, EQ, 05-Nov-2019,578.7,581.5,586.5,572.35,577.0,576.85,577.27,811208,4682.85,25209,349612,43.1,Logistics
2019-11-06,CONCOR, EQ, 06-Nov-2019,576.85,577.5,585.0,573.0,580.0,580.4,579.39,1184456,6862.65,16839,716449,60.49,Logistics
2019-11-07,CONCOR, EQ, 07-Nov-2019,580.4,580.0,586.4,577.8,578.0,579.6,581.65,542342,3154.53,11744,257857,47.55,Logistics
2019-11-08,CONCOR, EQ, 08-Nov-2019,579.6,579.9,584.15,568.05,569.0,570.9,576.14,1215210,7001.27,38306,738657,60.78,Logistics
2019-11-11,CONCOR, EQ, 11-Nov-2019,570.9,573.6,586.6,562.85,582.95,582.35,578.19,1452164,8396.33,38043,674516,46.45,Logistics
2019-11-13,CONCOR, EQ, 13-Nov-2019,582.35,582.0,591.7,575.1,576.8,577.0,583.52,1480592,8639.53,34934,388314,26.23,Logistics
2019-11-14,CONCOR, EQ, 14-Nov-2019,577.0,577.0,582.95,572.15,574.0,575.4,576.61,771324,4447.5,33918,455609,59.07,Logistics
2019-11-15,CONCOR, EQ, 15-Nov-2019,575.4,576.1,581.7,568.25,570.35,570.7,574.65,1025774,5894.6,18295,586393,57.17,Logistics
2019-11-18,CONCOR, EQ, 18-Nov-2019,570.7,577.0,577.85,565.75,567.65,569.15,570.12,1941042,11066.28,46146,1003904,51.72,Logistics
2019-11-19,CONCOR, EQ, 19-Nov-2019,569.15,570.9,572.55,564.55,567.8,568.15,568.19,1313981,7465.91,18859,835860,63.61,Logistics
2019-11-20,CONCOR, EQ, 20-Nov-2019,568.15,580.0,584.6,571.6,579.9,578.15,577.91,5306743,30668.04,116423,2532206,47.72,Logistics
2019-11-21,CONCOR, EQ, 21-Nov-2019,578.15,603.0,603.0,573.25,575.15,577.15,581.37,4868875,28306.35,74533,1870628,38.42,Logistics
2019-11-22,CONCOR, EQ, 22-Nov-2019,577.15,575.15,575.8,554.25,559.8,558.15,562.88,1569013,8831.65,38310,484946,30.91,Logistics
2019-11-25,CONCOR, EQ, 25-Nov-2019,558.15,557.0,565.5,553.5,557.2,559.15,560.88,919300,5156.18,26683,310052,33.73,Logistics
2019-11-26,CONCOR, EQ, 26-Nov-2019,559.15,559.9,564.6,555.0,556.0,557.15,560.1,2039345,11422.43,37401,1042684,51.13,Logistics
2019-11-27,CONCOR, EQ, 27-Nov-2019,557.15,557.0,560.5,550.3,550.35,551.45,554.75,1350016,7489.25,24502,650011,48.15,Logistics
2019-11-28,CONCOR, EQ, 28-Nov-2019,551.45,552.5,557.4,547.7,552.5,552.85,552.22,1222592,6751.43,40273,578988,47.36,Logistics
2019-11-29,CONCOR, EQ, 29-Nov-2019,552.85,556.0,580.75,553.8,578.7,579.0,572.07,2342285,13399.55,45797,794059,33.9,Logistics
2019-12-02,CONCOR, EQ, 02-Dec-2019,579.0,579.9,580.45,565.0,571.0,572.0,570.5,1275873,7278.88,29511,636755,49.91,Logistics
2019-12-03,CONCOR, EQ, 03-Dec-2019,572.0,575.0,575.0,555.2,558.1,560.25,564.92,810428,4578.26,18465,339265,41.86,Logistics
2019-12-04,CONCOR, EQ, 04-Dec-2019,560.25,559.0,564.35,554.1,556.0,555.85,557.87,670540,3740.73,17568,316021,47.13,Logistics
2019-12-05,CONCOR, EQ, 05-Dec-2019,555.85,556.95,572.95,551.0,567.6,567.6,563.4,1395697,7863.38,21689,356545,25.55,Logistics
2019-12-06,CONCOR, EQ, 06-Dec-2019,567.6,567.6,576.0,555.6,560.85,562.35,567.27,2561979,14533.28,44470,1044752,40.78,Logistics
2019-12-09,CONCOR, EQ, 09-Dec-2019,562.35,562.0,567.25,550.25,559.0,559.25,561.46,1183697,6645.97,23078,567792,47.97,Logistics
2019-12-10,CONCOR, EQ, 10-Dec-2019,559.25,560.0,563.45,551.4,552.6,553.55,556.61,1227875,6834.52,21057,310135,25.26,Logistics
2019-12-11,CONCOR, EQ, 11-Dec-2019,553.55,552.5,560.75,552.0,557.05,558.75,557.04,1129844,6293.65,21915,732064,64.79,Logistics
2019-12-12,CONCOR, EQ, 12-Dec-2019,558.75,558.0,564.75,558.0,560.4,561.7,561.71,730744,4104.65,17749,375088,51.33,Logistics
2019-12-13,CONCOR, EQ, 13-Dec-2019,561.7,562.0,580.2,562.0,576.55,577.65,574.25,2211875,12701.63,62240,880037,39.79,Logistics
2019-12-16,CONCOR, EQ, 16-Dec-2019,577.65,578.7,580.6,572.1,574.6,573.0,575.55,777368,4474.13,24618,328221,42.22,Logistics
2019-12-17,CONCOR, EQ, 17-Dec-2019,573.0,575.0,580.7,572.25,575.35,575.7,575.82,1106737,6372.82,55920,573432,51.81,Logistics
2019-12-18,CONCOR, EQ, 18-Dec-2019,575.7,575.3,577.95,571.0,572.15,573.35,574.4,937922,5387.46,30826,406187,43.31,Logistics
2019-12-19,CONCOR, EQ, 19-Dec-2019,573.35,575.0,575.0,568.05,568.75,569.5,570.21,413853,2359.85,18080,189171,45.71,Logistics
2019-12-20,CONCOR, EQ, 20-Dec-2019,569.5,569.5,584.35,568.75,580.3,581.45,580.99,1630926,9475.52,51495,613069,37.59,Logistics
2019-12-23,CONCOR, EQ, 23-Dec-2019,581.45,584.9,588.6,577.25,580.5,581.85,583.85,1833114,10702.63,31582,752382,41.04,Logistics
2019-12-24,CONCOR, EQ, 24-Dec-2019,581.85,581.85,586.95,570.3,573.0,575.2,581.08,736534,4279.85,18811,287882,39.09,Logistics
2019-12-26,CONCOR, EQ, 26-Dec-2019,575.2,575.0,575.7,566.0,567.8,567.25,570.1,556086,3170.26,13079,233399,41.97,Logistics
2019-12-27,CONCOR, EQ, 27-Dec-2019,567.25,570.0,575.3,569.1,572.95,573.05,572.61,1061815,6080.1,16727,601912,56.69,Logistics
2019-12-30,CONCOR, EQ, 30-Dec-2019,573.05,572.0,580.0,572.0,576.25,576.7,576.35,789099,4548.0,18628,460375,58.34,Logistics
2019-12-31,CONCOR, EQ, 31-Dec-2019,576.7,578.7,580.0,570.95,572.85,571.9,575.94,566412,3262.17,14346,292164,51.58,Logistics
2020-01-01,CONCOR, EQ, 01-Jan-2020,571.9,573.8,576.4,571.0,573.0,573.0,573.11,615465,3527.32,12462,309167,50.23,Logistics
2020-01-02,CONCOR, EQ, 02-Jan-2020,573.0,575.95,575.95,568.45,571.85,572.0,571.9,835523,4778.33,13267,244705,29.29,Logistics
2020-01-03,CONCOR, EQ, 03-Jan-2020,572.0,574.05,575.65,566.65,569.4,569.7,571.06,1086282,6203.37,17929,481813,44.35,Logistics
2020-01-06,CONCOR, EQ, 06-Jan-2020,569.7,566.05,568.0,559.0,560.2,562.2,564.14,944473,5328.13,21686,350584,37.12,Logistics
2020-01-07,CONCOR, EQ, 07-Jan-2020,562.2,565.05,567.7,554.75,556.3,556.35,559.21,532397,2977.23,21720,195953,36.81,Logistics
2020-01-08,CONCOR, EQ, 08-Jan-2020,556.35,552.0,556.6,543.85,552.85,552.85,552.64,937862,5182.97,15037,468855,49.99,Logistics
2020-01-09,CONCOR, EQ, 09-Jan-2020,552.85,558.0,563.9,555.75,563.2,561.45,560.43,529238,2966.03,17467,242852,45.89,Logistics
2020-01-10,CONCOR, EQ, 10-Jan-2020,561.45,563.8,565.25,560.7,562.8,563.55,562.46,627150,3527.47,11756,369715,58.95,Logistics
2020-01-13,CONCOR, EQ, 13-Jan-2020,563.55,563.55,567.4,559.5,562.0,561.8,561.89,562622,3161.34,8446,349555,62.13,Logistics
2020-01-14,CONCOR, EQ, 14-Jan-2020,561.8,561.8,570.8,561.75,566.65,566.95,567.24,581279,3297.25,11789,291316,50.12,Logistics
2020-01-15,CONCOR, EQ, 15-Jan-2020,566.95,566.5,566.5,556.0,557.0,557.1,560.55,789912,4427.83,11605,454823,57.58,Logistics
2020-01-16,CONCOR, EQ, 16-Jan-2020,557.1,563.9,565.0,554.1,557.7,558.05,559.61,1061246,5938.89,34502,328292,30.93,Logistics
2020-01-17,CONCOR, EQ, 17-Jan-2020,558.05,557.9,560.55,552.35,554.0,554.4,555.5,472663,2625.65,9478,274985,58.18,Logistics
2020-01-20,CONCOR, EQ, 20-Jan-2020,554.4,554.0,556.35,549.15,550.0,550.95,553.09,393683,2177.41,13537,233018,59.19,Logistics
2020-01-21,CONCOR, EQ, 21-Jan-2020,550.95,550.5,554.25,550.0,552.15,551.55,551.97,327726,1808.95,13679,138257,42.19,Logistics
2020-01-22,CONCOR, EQ, 22-Jan-2020,551.55,551.0,552.95,546.3,550.0,550.3,549.97,628321,3455.55,21028,285513,45.44,Logistics
2020-01-23,CONCOR, EQ, 23-Jan-2020,550.3,549.05,555.35,547.3,552.5,552.9,551.78,1063748,5869.51,31004,675550,63.51,Logistics
2020-01-24,CONCOR, EQ, 24-Jan-2020,552.9,552.9,563.0,552.5,562.5,561.35,559.14,1002863,5607.43,28053,422269,42.11,Logistics
2020-01-27,CONCOR, EQ, 27-Jan-2020,561.35,559.0,574.5,557.0,570.0,570.2,569.35,1280402,7289.99,25159,340034,26.56,Logistics
2020-01-28,CONCOR, EQ, 28-Jan-2020,570.2,574.85,579.9,569.0,572.0,571.75,575.69,1132177,6517.87,29822,284625,25.14,Logistics
2020-01-29,CONCOR, EQ, 29-Jan-2020,571.75,575.0,581.9,570.45,579.0,579.65,577.79,902503,5214.61,23292,373097,41.34,Logistics
2020-01-30,CONCOR, EQ, 30-Jan-2020,579.65,580.0,584.65,568.5,572.1,572.8,577.73,1345292,7772.15,25239,327753,24.36,Logistics
2020-01-31,CONCOR, EQ, 31-Jan-2020,572.8,572.8,578.85,563.1,568.0,567.0,570.35,692547,3949.94,29682,352812,50.94,Logistics
2020-02-01,CONCOR, EQ, 01-Feb-2020,567.0,570.5,579.0,534.95,550.0,542.75,558.8,1066397,5959.02,19584,276048,25.89,Logistics
2020-02-03,CONCOR, EQ, 03-Feb-2020,542.75,540.1,552.95,540.1,547.9,545.15,547.17,856408,4685.97,35715,442059,51.62,Logistics
2020-02-04,CONCOR, EQ, 04-Feb-2020,545.15,548.0,568.0,547.9,565.95,566.35,560.03,779973,4368.11,24087,408573,52.38,Logistics
2020-02-05,CONCOR, EQ, 05-Feb-2020,566.35,566.5,600.0,552.0,595.1,594.5,580.16,2991672,17356.41,46395,1173678,39.23,Logistics
2020-02-06,CONCOR, EQ, 06-Feb-2020,594.5,599.45,602.2,582.3,582.55,584.8,590.29,1073812,6338.66,30688,353344,32.91,Logistics
2020-02-07,CONCOR, EQ, 07-Feb-2020,584.8,583.0,588.35,573.0,577.0,575.2,579.65,782279,4534.5,20833,352459,45.06,Logistics
2020-02-10,CONCOR, EQ, 10-Feb-2020,575.2,569.55,575.9,562.9,575.7,572.45,571.18,739211,4222.23,18412,239146,32.35,Logistics
2020-02-11,CONCOR, EQ, 11-Feb-2020,572.45,575.95,581.9,570.9,575.0,574.7,577.79,836442,4832.9,17375,436494,52.18,Logistics
2020-02-12,CONCOR, EQ, 12-Feb-2020,574.7,574.4,576.8,569.2,570.5,571.2,571.63,526605,3010.22,42230,339617,64.49,Logistics
2020-02-13,CONCOR, EQ, 13-Feb-2020,571.2,570.9,572.95,564.5,565.45,566.0,568.22,446752,2538.53,10106,250561,56.09,Logistics
2020-02-14,CONCOR, EQ, 14-Feb-2020,566.0,565.0,566.95,558.05,562.5,560.2,560.84,684950,3841.5,16633,409323,59.76,Logistics
2020-02-17,CONCOR, EQ, 17-Feb-2020,560.2,561.7,562.2,548.85,548.85,551.35,555.51,551122,3061.56,26053,317126,57.54,Logistics
2020-02-18,CONCOR, EQ, 18-Feb-2020,551.35,551.35,552.55,531.7,533.0,535.5,536.67,799197,4289.05,17659,486305,60.85,Logistics
2020-02-19,CONCOR, EQ, 19-Feb-2020,535.5,537.1,561.5,535.45,555.0,554.4,551.17,1032847,5692.74,24104,277402,26.86,Logistics
2020-02-20,CONCOR, EQ, 20-Feb-2020,554.4,551.4,560.0,548.0,549.75,550.05,553.68,539812,2988.84,12956,181932,33.7,Logistics
2020-02-24,CONCOR, EQ, 24-Feb-2020,550.05,549.0,563.95,541.25,545.9,548.0,553.82,777678,4306.9,18538,253887,32.65,Logistics
2020-02-25,CONCOR, EQ, 25-Feb-2020,548.0,548.2,550.95,540.4,541.0,542.0,546.24,601461,3285.45,14170,317116,52.72,Logistics
2020-02-26,CONCOR, EQ, 26-Feb-2020,542.0,535.4,542.2,510.15,513.0,515.8,523.01,1684463,8809.95,32531,785165,46.61,Logistics
2020-02-27,CONCOR, EQ, 27-Feb-2020,515.8,511.1,521.35,502.55,510.0,513.0,512.53,1504002,7708.51,34406,429819,28.58,Logistics
2020-02-28,CONCOR, EQ, 28-Feb-2020,513.0,506.1,530.25,492.2,510.05,509.65,513.37,2747757,14106.27,60188,1000446,36.41,Logistics
2020-03-02,CONCOR, EQ, 02-Mar-2020,509.65,514.0,523.55,491.0,495.85,496.15,506.63,729206,3694.35,18481,212933,29.2,Logistics
2020-03-03,CONCOR, EQ, 03-Mar-2020,496.15,499.15,510.35,485.0,491.3,489.55,495.62,1337625,6629.55,32172,724283,54.15,Logistics
2020-03-04,CONCOR, EQ, 04-Mar-2020,489.55,492.6,501.4,468.85,477.75,478.95,484.29,2246982,10881.98,78797,951370,42.34,Logistics
2020-03-05,CONCOR, EQ, 05-Mar-2020,478.95,481.4,482.5,462.0,463.35,466.15,470.99,2296805,10817.7,65671,1205300,52.48,Logistics
2020-03-06,CONCOR, EQ, 06-Mar-2020,466.15,450.2,453.9,440.0,442.0,444.35,446.7,1328003,5932.15,34930,659936,49.69,Logistics
2020-03-09,CONCOR, EQ, 09-Mar-2020,444.35,426.2,433.95,412.35,414.05,417.25,420.99,1748116,7359.38,50967,880396,50.36,Logistics
2020-03-11,CONCOR, EQ, 11-Mar-2020,417.25,414.9,417.0,391.05,391.05,394.65,402.42,2468238,9932.67,102443,1264296,51.22,Logistics
2020-03-12,CONCOR, EQ, 12-Mar-2020,394.65,377.95,385.4,351.0,381.25,376.15,370.73,2759840,10231.55,76221,1499659,54.34,Logistics
2020-03-13,CONCOR, EQ, 13-Mar-2020,376.15,342.0,402.15,300.95,391.0,388.6,375.69,1918753,7208.5,50795,909915,47.42,Logistics
2020-03-16,CONCOR, EQ, 16-Mar-2020,388.6,378.0,387.25,352.0,357.0,354.85,364.84,1911154,6972.6,44950,1018628,53.3,Logistics
2020-03-17,CONCOR, EQ, 17-Mar-2020,354.85,357.0,367.9,338.0,338.0,341.45,352.69,1060085,3738.82,39056,389853,36.78,Logistics
2020-03-18,CONCOR, EQ, 18-Mar-2020,341.45,341.0,345.0,291.45,314.85,298.4,310.93,2805978,8724.55,65005,1372623,48.92,Logistics
2020-03-19,CONCOR, EQ, 19-Mar-2020,298.4,290.0,304.5,270.2,294.0,285.9,286.73,1787595,5125.63,45336,844052,47.22,Logistics
2020-03-20,CONCOR, EQ, 20-Mar-2020,285.9,288.45,352.35,288.45,334.55,331.9,327.74,3787027,12411.62,86001,1551290,40.96,Logistics
2020-03-23,CONCOR, EQ, 23-Mar-2020,331.9,302.0,310.45,284.5,300.0,299.15,296.98,1900207,5643.22,54216,1056370,55.59,Logistics
2020-03-24,CONCOR, EQ, 24-Mar-2020,299.15,306.1,328.0,271.0,278.4,279.35,294.77,2463499,7261.64,51353,1497712,60.8,Logistics
2020-03-25,CONCOR, EQ, 25-Mar-2020,279.35,270.0,287.9,263.4,280.0,285.8,276.98,2323539,6435.73,61879,1158258,49.85,Logistics
2020-03-26,CONCOR, EQ, 26-Mar-2020,285.8,284.0,314.35,275.0,314.35,305.7,297.16,2537652,7540.82,51173,1197782,47.2,Logistics
2020-03-27,CONCOR, EQ, 27-Mar-2020,305.7,325.35,351.55,306.0,306.85,309.2,323.6,2980150,9643.67,92255,1347159,45.2,Logistics
2020-03-30,CONCOR, EQ, 30-Mar-2020,309.2,305.2,314.4,292.3,305.0,304.25,304.4,1414245,4305.02,52423,762158,53.89,Logistics
2020-03-31,CONCOR, EQ, 31-Mar-2020,304.25,309.1,334.65,309.1,329.95,331.65,324.54,2473004,8025.95,78404,1002195,40.53,Logistics
2020-04-01,CONCOR, EQ, 01-Apr-2020,331.65,334.0,337.7,311.3,319.0,317.5,324.66,1305776,4239.35,48802,502813,38.51,Logistics
2020-04-03,CONCOR, EQ, 03-Apr-2020,317.5,321.0,330.0,302.0,305.0,304.5,310.86,1536089,4775.11,52525,683794,44.52,Logistics
2020-04-07,CONCOR, EQ, 07-Apr-2020,304.5,315.0,334.95,312.4,328.1,329.2,324.36,1479999,4800.45,51448,803499,54.29,Logistics
2020-04-08,CONCOR, EQ, 08-Apr-2020,329.2,329.75,353.95,328.1,332.5,333.75,341.49,1536264,5246.12,34074,518341,33.74,Logistics
2020-04-09,CONCOR, EQ, 09-Apr-2020,333.75,336.0,384.7,336.0,371.0,374.25,372.21,4174365,15537.25,109649,1908889,45.73,Logistics
2020-04-13,CONCOR, EQ, 13-Apr-2020,374.25,380.0,398.8,376.0,382.5,382.2,387.22,2845404,11018.01,54982,1164652,43.95,Logistics
2020-04-15,CONCOR, EQ, 15-Apr-2020,382.2,382.5,398.8,380.65,384.2,383.55,389.59,1724976,6720.34,50211,1022704,59.29,Logistics
2020-04-16,CONCOR, EQ, 16-Apr-2020,383.55,385.0,386.0,366.7,370.2,371.05,371.76,1819182,6763.06,49894,789913,43.42,Logistics
2020-04-17,CONCOR, EQ, 17-Apr-2020,371.05,388.15,394.9,370.15,376.6,376.9,377.03,2008707,7573.38,49797,999171,49.74,Logistics
2020-04-20,CONCOR, EQ, 20-Apr-2020,376.9,380.0,383.55,368.6,371.0,370.3,376.96,1953902,7365.4,51227,1134653,58.07,Logistics
2020-04-21,CONCOR, EQ, 21-Apr-2020,370.3,367.3,373.95,361.15,361.5,365.75,369.35,1414222,5223.41,46433,793676,56.12,Logistics
2020-04-22,CONCOR, EQ, 22-Apr-2020,365.75,363.0,370.85,358.5,366.9,367.0,366.09,808825,2961.05,25793,475016,58.73,Logistics
2020-04-23,CONCOR, EQ, 23-Apr-2020,367.0,367.0,373.6,362.9,368.0,367.8,368.26,547744,2017.12,13834,277945,50.74,Logistics
2020-04-24,CONCOR, EQ, 24-Apr-2020,367.8,368.0,376.6,359.5,359.5,361.1,367.02,934149,3428.53,19235,353284,37.82,Logistics
2020-04-27,CONCOR, EQ, 27-Apr-2020,361.1,362.0,378.0,354.05,355.95,358.7,362.46,752258,2726.61,27728,377254,50.15,Logistics
2020-04-28,CONCOR, EQ, 28-Apr-2020,358.7,358.1,367.95,352.45,358.7,357.2,358.31,1231981,4414.36,28332,676719,54.93,Logistics
2020-04-29,CONCOR, EQ, 29-Apr-2020,357.2,360.0,370.1,357.25,366.85,366.1,365.92,1320934,4833.54,26520,694113,52.55,Logistics
2020-04-30,CONCOR, EQ, 30-Apr-2020,366.1,371.0,381.9,369.1,374.0,373.05,374.18,1463582,5476.36,23358,540946,36.96,Logistics
2020-05-04,CONCOR, EQ, 04-May-2020,373.05,369.0,371.0,342.3,348.95,348.35,351.77,989252,3479.87,30326,403799,40.82,Logistics
2020-05-05,CONCOR, EQ, 05-May-2020,348.35,352.5,367.85,333.3,335.8,336.0,350.98,1824134,6402.27,45306,345600,18.95,Logistics
2020-05-06,CONCOR, EQ, 06-May-2020,336.0,339.0,354.0,325.85,351.8,351.45,344.43,1552815,5348.38,76137,531248,34.21,Logistics
2020-05-07,CONCOR, EQ, 07-May-2020,351.45,351.45,366.85,345.25,354.95,359.4,359.82,1208483,4348.31,28448,418605,34.64,Logistics
2020-05-08,CONCOR, EQ, 08-May-2020,359.4,357.95,366.55,356.35,358.85,358.75,361.8,786847,2846.79,26514,365464,46.45,Logistics
2020-05-11,CONCOR, EQ, 11-May-2020,358.75,359.0,369.35,356.7,365.95,364.95,364.71,1107641,4039.67,43215,541900,48.92,Logistics
2020-05-12,CONCOR, EQ, 12-May-2020,364.95,366.9,375.0,359.4,361.1,362.3,364.1,1266342,4610.76,58768,682547,53.9,Logistics
2020-05-13,CONCOR, EQ, 13-May-2020,362.3,374.0,384.0,365.0,379.0,380.45,377.55,1959768,7399.04,47575,760268,38.79,Logistics
2020-05-14,CONCOR, EQ, 14-May-2020,380.45,382.7,394.9,374.35,377.4,378.45,386.04,2553969,9859.43,67155,723308,28.32,Logistics
2020-05-15,CONCOR, EQ, 15-May-2020,378.45,378.95,385.85,371.2,376.4,378.35,378.92,1983442,7515.67,40561,605430,30.52,Logistics
2020-05-18,CONCOR, EQ, 18-May-2020,378.35,380.9,381.6,343.45,348.1,349.5,351.23,1826005,6413.53,46727,593267,32.49,Logistics
2020-05-19,CONCOR, EQ, 19-May-2020,349.5,355.0,364.8,347.9,350.2,350.55,357.42,2538310,9072.31,38661,263755,10.39,Logistics
2020-05-20,CONCOR, EQ, 20-May-2020,350.55,345.6,354.4,341.1,351.9,350.75,348.1,1422459,4951.54,30241,313055,22.01,Logistics
2020-05-21,CONCOR, EQ, 21-May-2020,350.75,355.0,362.0,350.3,359.35,359.05,358.14,1830218,6554.76,50808,462147,25.25,Logistics
2020-05-22,CONCOR, EQ, 22-May-2020,359.05,357.7,365.0,345.3,346.75,348.35,356.11,1839883,6551.96,53723,446596,24.27,Logistics
2020-05-26,CONCOR, EQ, 26-May-2020,348.35,350.5,355.8,342.55,351.95,351.2,350.72,755153,2648.51,18832,232063,30.73,Logistics
2020-05-27,CONCOR, EQ, 27-May-2020,351.2,355.0,355.5,339.3,348.95,350.15,345.32,1213102,4189.07,40904,397143,32.74,Logistics
2020-05-28,CONCOR, EQ, 28-May-2020,350.15,351.5,359.95,347.2,350.55,351.65,352.36,1313151,4627.01,42342,502887,38.3,Logistics
2020-05-29,CONCOR, EQ, 29-May-2020,351.65,352.0,386.8,346.15,376.0,376.1,369.47,5144640,19007.69,100112,1577256,30.66,Logistics
2020-06-01,CONCOR, EQ, 01-Jun-2020,376.1,380.0,413.0,380.0,396.5,394.4,399.04,5182488,20679.95,123692,1517350,29.28,Logistics
2020-06-02,CONCOR, EQ, 02-Jun-2020,394.4,396.1,401.0,386.2,391.0,391.55,392.9,3091310,12145.82,93744,911148,29.47,Logistics
2020-06-03,CONCOR, EQ, 03-Jun-2020,391.55,394.0,405.2,386.35,390.25,389.5,395.93,2598152,10286.91,49632,975175,37.53,Logistics
2020-06-04,CONCOR, EQ, 04-Jun-2020,389.5,391.0,396.8,385.65,390.0,390.4,390.6,2284389,8922.73,37841,1228887,53.79,Logistics
2020-06-05,CONCOR, EQ, 05-Jun-2020,390.4,393.5,409.9,392.65,403.4,402.6,404.71,3315528,13418.43,63067,896554,27.04,Logistics
2020-06-08,CONCOR, EQ, 08-Jun-2020,402.6,409.0,419.95,401.3,412.15,411.55,410.97,2611702,10733.32,50248,647535,24.79,Logistics
2020-06-09,CONCOR, EQ, 09-Jun-2020,411.55,427.0,434.95,411.55,416.05,419.6,420.11,8761201,36807.09,147974,1781988,20.34,Logistics
2020-06-10,CONCOR, EQ, 10-Jun-2020,419.6,421.0,422.6,407.85,410.0,410.05,413.1,1775442,7334.27,41196,392626,22.11,Logistics
2020-06-11,CONCOR, EQ, 11-Jun-2020,410.05,410.0,410.0,388.25,390.4,389.9,398.74,2555378,10189.23,54885,934327,36.56,Logistics
2020-06-12,CONCOR, EQ, 12-Jun-2020,389.9,370.0,397.5,365.1,393.6,394.55,388.04,2083700,8085.52,50927,467519,22.44,Logistics
2020-06-15,CONCOR, EQ, 15-Jun-2020,394.55,391.4,398.7,382.0,383.0,383.85,386.83,2062852,7979.65,56609,944492,45.79,Logistics
2020-06-16,CONCOR, EQ, 16-Jun-2020,383.85,386.95,393.2,372.75,376.95,378.55,382.59,3319865,12701.6,61547,757136,22.81,Logistics
2020-06-17,CONCOR, EQ, 17-Jun-2020,378.55,377.5,391.65,374.05,385.1,384.5,385.09,1534928,5910.88,44739,504070,32.84,Logistics
2020-06-18,CONCOR, EQ, 18-Jun-2020,384.5,385.0,403.1,383.05,400.3,400.5,398.45,2314054,9220.41,45326,747399,32.3,Logistics
2020-06-19,CONCOR, EQ, 19-Jun-2020,400.5,402.0,411.95,399.35,409.45,409.05,407.94,2254649,9197.52,37483,1093893,48.52,Logistics
2020-06-22,CONCOR, EQ, 22-Jun-2020,409.05,410.0,418.0,406.15,417.0,416.0,414.77,1198926,4972.75,22963,539338,44.99,Logistics
2020-06-23,CONCOR, EQ, 23-Jun-2020,416.0,422.0,426.8,415.25,418.75,421.5,422.1,1561656,6591.77,34352,777640,49.8,Logistics
2020-06-24,CONCOR, EQ, 24-Jun-2020,421.5,423.35,428.65,415.15,418.95,417.75,421.71,2099508,8853.78,55078,1195205,56.93,Logistics
2020-06-25,CONCOR, EQ, 25-Jun-2020,417.75,416.95,429.75,410.55,426.2,426.2,425.09,2307294,9808.13,62246,1002526,43.45,Logistics
2020-06-26,CONCOR, EQ, 26-Jun-2020,426.2,429.0,439.0,423.0,435.0,433.8,430.67,2228682,9598.26,58455,769555,34.53,Logistics
2020-06-29,CONCOR, EQ, 29-Jun-2020,433.8,435.1,435.1,410.35,417.0,417.95,418.77,3284690,13755.2,91364,1147775,34.94,Logistics
2020-06-30,CONCOR, EQ, 30-Jun-2020,417.95,421.9,425.0,416.0,418.0,417.9,420.3,2304139,9684.35,48608,1106101,48.0,Logistics
2020-07-01,CONCOR, EQ, 01-Jul-2020,417.9,419.9,419.9,402.3,412.3,413.0,408.65,1327344,5424.16,35925,310847,23.42,Logistics
2020-07-02,CONCOR, EQ, 02-Jul-2020,413.0,419.9,424.75,411.05,421.0,422.45,417.76,1156613,4831.87,38828,419978,36.31,Logistics
2020-07-03,CONCOR, EQ, 03-Jul-2020,422.45,424.35,431.9,423.1,430.4,429.95,429.26,923889,3965.9,21252,379217,41.05,Logistics
2020-07-06,CONCOR, EQ, 06-Jul-2020,429.95,431.4,448.2,428.1,431.05,431.5,438.55,2893436,12689.11,67220,754875,26.09,Logistics
2020-07-07,CONCOR, EQ, 07-Jul-2020,431.5,431.5,432.75,424.0,430.2,430.0,428.47,1001696,4292.01,29423,495889,49.5,Logistics
2020-07-08,CONCOR, EQ, 08-Jul-2020,430.0,432.0,446.7,418.2,436.0,435.6,433.27,3436605,14889.81,69830,990152,28.81,Logistics
2020-07-09,CONCOR, EQ, 09-Jul-2020,435.6,438.8,443.0,425.1,428.0,428.1,433.84,1590316,6899.43,30683,466218,29.32,Logistics
2020-07-10,CONCOR, EQ, 10-Jul-2020,428.1,427.5,433.9,423.8,430.5,430.15,429.86,1881859,8089.32,29299,1213837,64.5,Logistics
2020-07-13,CONCOR, EQ, 13-Jul-2020,430.15,435.0,437.85,422.4,423.1,425.45,429.64,1275777,5481.28,26409,321526,25.2,Logistics
2020-07-14,CONCOR, EQ, 14-Jul-2020,425.45,423.25,427.0,418.5,422.0,423.3,423.46,1282535,5431.01,24949,640842,49.97,Logistics
2020-07-15,CONCOR, EQ, 15-Jul-2020,423.3,424.45,447.3,417.3,429.9,430.95,435.81,2609852,11373.93,53831,937406,35.92,Logistics
2020-07-16,CONCOR, EQ, 16-Jul-2020,430.95,430.95,432.0,420.25,430.0,429.9,426.17,1666949,7104.0,30331,1061649,63.69,Logistics
2020-07-17,CONCOR, EQ, 17-Jul-2020,429.9,433.85,460.9,430.6,450.0,448.65,448.54,5519237,24756.22,93281,2513609,45.54,Logistics
2020-07-20,CONCOR, EQ, 20-Jul-2020,448.65,472.0,473.9,443.3,445.2,446.25,453.89,7216169,32753.69,122618,2078720,28.81,Logistics
2020-07-21,CONCOR, EQ, 21-Jul-2020,446.25,447.0,465.9,447.0,456.5,456.95,458.45,4377659,20069.58,75619,959163,21.91,Logistics
2020-07-22,CONCOR, EQ, 22-Jul-2020,456.95,457.6,460.0,446.1,451.95,451.65,453.56,1414955,6417.73,29554,447957,31.66,Logistics
2020-07-23,CONCOR, EQ, 23-Jul-2020,451.65,452.4,458.05,448.25,450.0,451.0,453.37,956987,4338.66,25494,254310,26.57,Logistics
2020-07-24,CONCOR, EQ, 24-Jul-2020,451.0,450.0,452.2,442.5,446.35,448.4,446.98,799340,3572.9,18145,280258,35.06,Logistics
2020-07-27,CONCOR, EQ, 27-Jul-2020,448.4,445.6,447.3,436.55,443.15,443.1,441.1,1581593,6976.4,14274,1054961,66.7,Logistics
2020-07-28,CONCOR, EQ, 28-Jul-2020,443.1,445.0,459.0,444.1,452.0,453.0,453.16,1341290,6078.15,38126,291913,21.76,Logistics
2020-07-29,CONCOR, EQ, 29-Jul-2020,453.0,455.85,464.5,446.75,453.4,450.9,456.88,1578809,7213.29,43231,513981,32.55,Logistics
2020-07-30,CONCOR, EQ, 30-Jul-2020,450.9,452.0,457.5,445.2,447.8,449.95,449.23,1828510,8214.22,51149,970618,53.08,Logistics
2020-07-31,CONCOR, EQ, 31-Jul-2020,449.95,447.0,453.5,439.65,450.2,451.1,446.53,1333011,5952.28,30609,269743,20.24,Logistics
2020-08-03,CONCOR, EQ, 03-Aug-2020,451.1,448.2,455.6,443.7,449.7,451.9,449.5,935586,4205.45,22564,298148,31.87,Logistics
2020-08-04,CONCOR, EQ, 04-Aug-2020,451.9,453.7,464.25,450.5,453.6,455.65,456.72,1863688,8511.75,51809,651078,34.93,Logistics
2020-08-05,CONCOR, EQ, 05-Aug-2020,455.65,457.0,467.0,456.15,457.7,457.85,461.24,1266857,5843.3,27770,428224,33.8,Logistics
2020-08-06,CONCOR, EQ, 06-Aug-2020,457.85,460.4,463.8,453.55,457.3,458.8,458.36,734457,3366.44,19641,214679,29.23,Logistics
2020-08-07,CONCOR, EQ, 07-Aug-2020,458.8,460.0,462.5,449.1,452.75,455.9,455.45,1068578,4866.87,19851,290780,27.21,Logistics
2020-08-10,CONCOR, EQ, 10-Aug-2020,455.9,433.0,438.9,365.95,386.8,386.4,391.87,18123494,71020.09,305345,7107840,39.22,Logistics
2020-08-11,CONCOR, EQ, 11-Aug-2020,386.4,389.5,392.0,376.0,378.4,377.3,381.8,6722941,25667.87,128784,2663530,39.62,Logistics
2020-08-12,CONCOR, EQ, 12-Aug-2020,377.3,378.0,378.4,361.2,364.0,362.7,365.6,6927100,25325.3,121964,3356600,48.46,Logistics
2020-08-13,CONCOR, EQ, 13-Aug-2020,362.7,365.0,379.5,365.0,377.0,377.1,373.04,7011850,26156.94,109115,2369057,33.79,Logistics
2020-08-14,CONCOR, EQ, 14-Aug-2020,377.1,380.0,385.0,372.4,379.7,379.6,380.34,4329549,16467.16,71472,1708496,39.46,Logistics
2020-08-17,CONCOR, EQ, 17-Aug-2020,379.6,383.0,388.6,376.5,386.2,385.75,382.8,5391429,20638.23,72256,1296970,24.06,Logistics
2020-08-18,CONCOR, EQ, 18-Aug-2020,385.75,387.7,394.0,385.1,392.6,392.6,391.01,3333659,13034.86,46220,1139414,34.18,Logistics
2020-08-19,CONCOR, EQ, 19-Aug-2020,392.6,393.0,397.95,392.2,393.45,393.3,395.23,2585596,10219.03,36187,1021088,39.49,Logistics
2020-08-20,CONCOR, EQ, 20-Aug-2020,393.3,391.0,396.35,385.3,394.0,392.95,392.53,1926701,7562.94,30883,865779,44.94,Logistics
2020-08-21,CONCOR, EQ, 21-Aug-2020,392.95,394.9,398.5,392.2,394.25,394.15,395.25,1376379,5440.09,22771,499590,36.3,Logistics
2020-08-24,CONCOR, EQ, 24-Aug-2020,394.15,397.0,397.7,387.95,392.0,392.65,392.08,1334318,5231.58,33925,517611,38.79,Logistics
2020-08-25,CONCOR, EQ, 25-Aug-2020,392.65,393.5,394.75,386.6,393.0,393.3,390.78,1877445,7336.74,24886,991309,52.8,Logistics
2020-08-26,CONCOR, EQ, 26-Aug-2020,393.3,393.05,395.5,390.05,394.0,393.8,392.5,2160646,8480.47,35156,1394606,64.55,Logistics
2020-08-27,CONCOR, EQ, 27-Aug-2020,393.8,394.75,397.4,391.7,395.0,395.5,395.27,1315768,5200.81,23375,783817,59.57,Logistics
2020-08-28,CONCOR, EQ, 28-Aug-2020,395.5,395.4,412.9,394.05,409.1,409.1,408.0,5527749,22553.33,74660,2308731,41.77,Logistics
2020-08-31,CONCOR, EQ, 31-Aug-2020,409.1,412.95,421.95,390.1,393.0,393.0,408.42,5608228,22905.05,106625,1796280,32.03,Logistics
2020-09-01,CONCOR, EQ, 01-Sep-2020,393.0,397.1,405.75,390.2,402.9,401.55,399.24,2272943,9074.51,37940,672263,29.58,Logistics
2020-09-02,CONCOR, EQ, 02-Sep-2020,401.55,402.95,405.75,394.0,398.0,397.1,398.32,1403646,5590.99,32366,666323,47.47,Logistics
2020-09-03,CONCOR, EQ, 03-Sep-2020,397.1,398.0,407.7,398.0,401.8,400.6,402.14,2164331,8703.62,55536,787031,36.36,Logistics
2020-09-04,CONCOR, EQ, 04-Sep-2020,400.6,396.0,400.7,388.25,393.7,391.7,394.72,993434,3921.31,29112,344169,34.64,Logistics
2020-09-07,CONCOR, EQ, 07-Sep-2020,391.7,391.7,396.45,382.65,386.95,385.65,387.1,1461799,5658.6,32493,685838,46.92,Logistics
2020-09-08,CONCOR, EQ, 08-Sep-2020,385.65,388.0,394.9,384.5,385.9,388.3,388.62,1494140,5806.52,24424,601607,40.26,Logistics
2020-09-09,CONCOR, EQ, 09-Sep-2020,388.3,382.95,382.95,369.5,374.0,375.1,374.51,3269242,12243.61,50523,1535906,46.98,Logistics
2020-09-10,CONCOR, EQ, 10-Sep-2020,375.1,377.45,377.45,364.0,367.0,367.55,367.93,4485419,16503.26,99926,2462792,54.91,Logistics
2020-09-11,CONCOR, EQ, 11-Sep-2020,367.55,372.4,385.0,370.35,383.6,383.8,378.02,3692299,13957.64,65047,837402,22.68,Logistics
2020-09-14,CONCOR, EQ, 14-Sep-2020,383.8,386.35,391.0,377.05,384.4,384.2,383.54,2324824,8916.62,39757,932418,40.11,Logistics
2020-09-15,CONCOR, EQ, 15-Sep-2020,384.2,385.0,390.65,381.3,388.0,388.75,386.59,1415229,5471.09,19945,837474,59.18,Logistics
2020-09-16,CONCOR, EQ, 16-Sep-2020,388.75,388.1,390.4,384.0,388.0,387.2,386.95,1545351,5979.77,17007,1037463,67.13,Logistics
2020-09-17,CONCOR, EQ, 17-Sep-2020,387.2,387.3,392.8,384.05,388.4,388.85,388.81,2620890,10190.29,28324,1602456,61.14,Logistics
2020-09-18,CONCOR, EQ, 18-Sep-2020,388.85,388.95,396.3,387.6,389.85,389.3,392.23,2125693,8337.68,31227,1092229,51.38,Logistics
2020-09-21,CONCOR, EQ, 21-Sep-2020,389.3,388.0,388.0,372.05,375.95,378.55,381.22,1833235,6988.67,26415,978271,53.36,Logistics
2020-09-22,CONCOR, EQ, 22-Sep-2020,378.55,379.0,380.0,363.65,373.3,370.7,371.65,1147393,4264.34,24604,392820,34.24,Logistics
2020-09-23,CONCOR, EQ, 23-Sep-2020,370.7,375.0,379.4,371.95,377.2,377.1,376.04,2567644,9655.43,34352,1535949,59.82,Logistics
2020-09-24,CONCOR, EQ, 24-Sep-2020,377.1,373.45,378.5,366.0,370.5,371.1,373.69,2226169,8318.87,35308,1221473,54.87,Logistics
2020-09-25,CONCOR, EQ, 25-Sep-2020,371.1,372.2,380.0,368.05,376.0,375.25,374.33,1176532,4404.13,28816,577081,49.05,Logistics
2020-09-28,CONCOR, EQ, 28-Sep-2020,375.25,376.3,389.5,376.3,381.0,380.3,383.97,1541157,5917.53,17671,871742,56.56,Logistics
2020-09-29,CONCOR, EQ, 29-Sep-2020,380.3,382.4,386.0,372.65,374.6,374.9,378.15,1380059,5218.65,15298,662881,48.03,Logistics
2020-09-30,CONCOR, EQ, 30-Sep-2020,374.9,375.0,375.15,362.0,364.75,364.95,368.22,2170459,7992.02,36905,1107000,51.0,Logistics
2020-10-01,CONCOR, EQ, 01-Oct-2020,364.95,367.0,369.55,355.3,356.2,356.25,360.72,2242161,8087.94,34685,948254,42.29,Logistics
2020-10-05,CONCOR, EQ, 05-Oct-2020,356.25,355.8,358.9,351.0,352.8,352.55,354.75,2883385,10228.77,33418,1205309,41.8,Logistics
2020-10-06,CONCOR, EQ, 06-Oct-2020,352.55,354.0,361.9,351.3,360.35,360.45,357.39,1593023,5693.24,30039,473610,29.73,Logistics
2020-10-07,CONCOR, EQ, 07-Oct-2020,360.45,360.0,364.8,355.0,363.1,363.85,361.3,1544189,5579.09,25280,516887,33.47,Logistics
2020-10-08,CONCOR, EQ, 08-Oct-2020,363.85,367.0,367.4,362.0,366.0,366.0,365.34,1083964,3960.17,16009,436557,40.27,Logistics
2020-10-09,CONCOR, EQ, 09-Oct-2020,366.0,363.0,383.0,360.85,369.0,369.9,371.32,2863419,10632.48,45089,419848,14.66,Logistics
2020-10-12,CONCOR, EQ, 12-Oct-2020,369.9,372.95,378.0,369.0,371.5,370.55,373.09,1735101,6473.46,46015,789220,45.49,Logistics
2020-10-13,CONCOR, EQ, 13-Oct-2020,370.55,368.8,369.0,360.25,363.0,363.6,363.19,1897235,6890.65,37540,889810,46.9,Logistics
2020-10-14,CONCOR, EQ, 14-Oct-2020,363.6,362.3,367.0,358.25,365.5,364.85,363.41,938310,3409.89,17529,338412,36.07,Logistics
2020-10-15,CONCOR, EQ, 15-Oct-2020,364.85,366.0,368.5,356.0,357.0,357.9,363.05,1037470,3766.53,14133,499250,48.12,Logistics
2020-10-16,CONCOR, EQ, 16-Oct-2020,357.9,364.0,371.9,360.5,370.9,370.85,367.24,1711124,6283.95,30000,293031,17.13,Logistics
2020-10-19,CONCOR, EQ, 19-Oct-2020,370.85,372.95,385.9,370.95,382.3,382.95,379.88,2033332,7724.21,34965,769393,37.84,Logistics
2020-10-20,CONCOR, EQ, 20-Oct-2020,382.95,382.05,387.25,378.25,383.0,383.45,384.28,1323005,5083.99,27472,601804,45.49,Logistics
2020-10-21,CONCOR, EQ, 21-Oct-2020,383.45,385.3,393.4,383.05,391.9,391.75,388.51,1534183,5960.49,24333,495793,32.32,Logistics
2020-10-22,CONCOR, EQ, 22-Oct-2020,391.75,392.0,397.3,385.3,395.8,395.95,392.35,1102171,4324.42,22517,320978,29.12,Logistics
2020-10-23,CONCOR, EQ, 23-Oct-2020,395.95,395.05,396.5,383.7,385.7,385.55,389.8,1543910,6018.16,20644,686155,44.44,Logistics
2020-10-26,CONCOR, EQ, 26-Oct-2020,385.55,385.55,389.0,379.8,383.05,384.75,384.09,1243434,4775.89,21530,426173,34.27,Logistics
2020-10-27,CONCOR, EQ, 27-Oct-2020,384.75,384.7,400.8,379.35,397.0,397.2,392.38,2381247,9343.45,69105,958793,40.26,Logistics
2020-10-28,CONCOR, EQ, 28-Oct-2020,397.2,399.55,401.0,385.05,389.0,389.85,394.12,1880246,7410.45,26434,566497,30.13,Logistics
2020-10-29,CONCOR, EQ, 29-Oct-2020,389.85,387.0,390.4,378.65,383.0,383.9,384.03,915022,3514.0,26672,360240,39.37,Logistics
2020-10-30,CONCOR, EQ, 30-Oct-2020,383.9,385.8,395.8,382.85,391.55,390.9,389.21,1341668,5221.97,35534,542217,40.41,Logistics
2020-11-02,CONCOR, EQ, 02-Nov-2020,390.9,392.0,394.4,385.4,392.05,392.15,390.65,965278,3770.85,15294,342032,35.43,Logistics
2020-11-03,CONCOR, EQ, 03-Nov-2020,392.15,392.05,401.5,390.55,399.4,398.85,399.21,1535958,6131.71,52025,765409,49.83,Logistics
2020-11-04,CONCOR, EQ, 04-Nov-2020,398.85,400.0,401.7,395.3,399.0,397.95,398.64,1393413,5554.73,42487,743578,53.36,Logistics
2020-11-05,CONCOR, EQ, 05-Nov-2020,397.95,399.25,409.4,398.2,406.9,407.3,404.76,1778251,7197.58,35044,828081,46.57,Logistics
2020-11-06,CONCOR, EQ, 06-Nov-2020,407.3,396.0,399.0,371.9,378.05,378.05,379.89,13573170,51563.72,227864,4215103,31.05,Logistics
2020-11-09,CONCOR, EQ, 09-Nov-2020,378.05,381.0,383.45,375.25,380.5,380.4,378.75,3100541,11743.39,45137,1226965,39.57,Logistics
2020-11-10,CONCOR, EQ, 10-Nov-2020,380.4,382.0,389.4,378.6,387.0,388.1,385.74,2457889,9481.16,39885,1069324,43.51,Logistics
2020-11-11,CONCOR, EQ, 11-Nov-2020,388.1,388.8,408.0,386.6,400.2,400.25,398.82,3859064,15390.82,59717,1111849,28.81,Logistics
2020-11-12,CONCOR, EQ, 12-Nov-2020,400.25,400.7,402.7,398.0,399.95,399.65,400.16,1905529,7625.08,37258,1053362,55.28,Logistics
2020-11-13,CONCOR, EQ, 13-Nov-2020,399.65,398.5,403.0,393.0,399.3,399.85,399.92,1652461,6608.6,43700,901171,54.54,Logistics
2020-11-14,CONCOR, EQ, 14-Nov-2020,399.85,403.8,415.8,400.0,412.5,412.7,411.17,923318,3796.41,15243,340603,36.89,Logistics
2020-11-17,CONCOR, EQ, 17-Nov-2020,412.7,416.85,416.85,401.95,409.0,409.05,408.2,2992236,12214.26,46250,1122898,37.53,Logistics
2020-11-18,CONCOR, EQ, 18-Nov-2020,409.05,408.75,409.4,396.0,408.0,408.25,403.44,1896679,7651.95,28773,703812,37.11,Logistics
2020-11-19,CONCOR, EQ, 19-Nov-2020,408.25,405.8,415.0,403.65,406.05,408.25,409.77,2169845,8891.47,28079,1063111,48.99,Logistics
2020-11-20,CONCOR, EQ, 20-Nov-2020,408.25,410.0,418.3,408.2,409.0,410.0,413.29,2623059,10840.94,34650,781141,29.78,Logistics
2020-11-23,CONCOR, EQ, 23-Nov-2020,410.0,414.0,418.85,409.9,412.5,412.35,413.28,1601718,6619.62,34133,710352,44.35,Logistics
2020-11-24,CONCOR, EQ, 24-Nov-2020,412.35,414.45,416.5,406.6,411.0,410.95,411.16,1608608,6614.0,40241,719245,44.71,Logistics
2020-11-25,CONCOR, EQ, 25-Nov-2020,410.95,410.95,413.35,398.65,401.0,399.65,403.83,1877065,7580.06,22852,912974,48.64,Logistics
2020-11-26,CONCOR, EQ, 26-Nov-2020,399.65,402.0,409.0,393.3,408.0,407.4,403.28,2197699,8862.89,38727,1047167,47.65,Logistics
2020-11-27,CONCOR, EQ, 27-Nov-2020,407.4,408.25,413.95,397.6,400.5,406.05,407.35,5685513,23160.12,71644,4543856,79.92,Logistics
2020-12-01,CONCOR, EQ, 01-Dec-2020,406.05,409.5,413.0,397.4,410.2,409.65,405.72,3164488,12839.04,54181,818610,25.87,Logistics
2020-12-02,CONCOR, EQ, 02-Dec-2020,409.65,413.0,413.5,405.0,408.7,409.8,409.21,2200909,9006.34,32720,614515,27.92,Logistics
2020-12-03,CONCOR, EQ, 03-Dec-2020,409.8,415.0,422.9,407.0,417.95,417.6,415.26,5670711,23548.15,89942,2922572,51.54,Logistics
2020-12-04,CONCOR, EQ, 04-Dec-2020,417.6,420.0,420.65,409.05,412.0,412.65,413.35,2617938,10821.17,41822,1214626,46.4,Logistics
2020-12-07,CONCOR, EQ, 07-Dec-2020,412.65,412.0,415.5,409.0,410.0,410.35,410.97,2571744,10569.11,29288,1497452,58.23,Logistics
2020-12-08,CONCOR, EQ, 08-Dec-2020,410.35,410.1,413.95,402.7,404.5,404.55,406.37,3399029,13812.77,65315,1941212,57.11,Logistics
2020-12-09,CONCOR, EQ, 09-Dec-2020,404.55,407.05,408.65,401.4,404.2,403.45,404.8,2934474,11878.63,33017,1428799,48.69,Logistics
2020-12-10,CONCOR, EQ, 10-Dec-2020,403.45,405.6,406.0,391.05,403.0,402.25,400.62,2098666,8407.74,33234,675002,32.16,Logistics
2020-12-11,CONCOR, EQ, 11-Dec-2020,402.25,406.0,409.4,396.0,400.35,400.85,403.74,2878119,11620.14,46096,1095872,38.08,Logistics
2020-12-14,CONCOR, EQ, 14-Dec-2020,400.85,402.7,408.1,401.2,404.7,404.0,404.53,2631263,10644.29,23865,1504181,57.17,Logistics
2020-12-15,CONCOR, EQ, 15-Dec-2020,404.0,407.0,415.85,402.8,413.25,412.9,410.47,3714347,15246.34,51918,1294566,34.85,Logistics
2020-12-16,CONCOR, EQ, 16-Dec-2020,412.9,416.0,417.65,406.25,408.0,407.85,410.58,3238410,13296.42,50008,1498070,46.26,Logistics
2020-12-17,CONCOR, EQ, 17-Dec-2020,407.85,410.85,417.5,405.1,407.4,408.75,412.59,2958532,12206.55,37027,1373040,46.41,Logistics
2020-12-18,CONCOR, EQ, 18-Dec-2020,408.75,408.75,409.8,398.35,404.65,405.25,404.58,2096819,8483.36,31797,862042,41.11,Logistics
2020-12-21,CONCOR, EQ, 21-Dec-2020,405.25,406.0,407.6,369.0,380.95,379.4,394.12,3899926,15370.47,43398,1525496,39.12,Logistics
2020-12-22,CONCOR, EQ, 22-Dec-2020,379.4,382.0,387.9,365.05,385.75,386.3,377.17,2682621,10117.98,45492,693886,25.87,Logistics
2020-12-23,CONCOR, EQ, 23-Dec-2020,386.3,388.0,392.8,382.55,392.25,391.85,386.62,2191218,8471.7,27215,1104615,50.41,Logistics
2020-12-24,CONCOR, EQ, 24-Dec-2020,391.85,394.5,396.35,390.0,392.85,392.2,393.44,1378601,5423.91,32809,509167,36.93,Logistics
2020-12-28,CONCOR, EQ, 28-Dec-2020,392.2,394.75,397.5,391.2,393.05,392.5,394.21,1652125,6512.78,22335,479136,29.0,Logistics
2020-12-29,CONCOR, EQ, 29-Dec-2020,392.5,394.9,402.95,390.25,397.5,397.45,397.21,1845094,7328.82,26913,372416,20.18,Logistics
2020-12-30,CONCOR, EQ, 30-Dec-2020,397.45,399.1,401.5,392.15,398.2,398.85,397.76,1596712,6351.01,19953,437446,27.4,Logistics
2020-12-31,CONCOR, EQ, 31-Dec-2020,398.85,398.2,403.25,396.45,398.3,399.3,399.55,1601573,6399.09,27818,545091,34.03,Logistics
2021-01-01,CONCOR, EQ, 01-Jan-2021,399.3,400.45,405.5,399.3,403.75,403.4,403.23,1345602,5425.87,19426,399503,29.69,Logistics
2021-01-04,CONCOR, EQ, 04-Jan-2021,403.4,405.9,418.75,403.7,413.7,413.8,409.85,4721177,19349.81,61077,2085180,44.17,Logistics
2021-01-05,CONCOR, EQ, 05-Jan-2021,413.8,413.8,416.95,408.2,414.95,415.2,413.4,2757851,11401.03,43613,1216453,44.11,Logistics
2021-01-06,CONCOR, EQ, 06-Jan-2021,415.2,420.0,444.9,417.0,432.0,433.95,433.34,11715662,50768.87,153251,2354175,20.09,Logistics
2021-01-07,CONCOR, EQ, 07-Jan-2021,433.95,438.15,442.0,429.3,432.05,431.3,435.7,3263640,14219.69,62753,1267348,38.83,Logistics
2021-01-08,CONCOR, EQ, 08-Jan-2021,431.3,436.95,446.95,433.8,440.0,442.55,442.56,5146410,22775.89,199882,3080095,59.85,Logistics
2021-01-11,CONCOR, EQ, 11-Jan-2021,442.55,445.0,445.55,433.0,439.05,439.55,438.18,2661411,11661.83,40690,1247597,46.88,Logistics
2021-01-12,CONCOR, EQ, 12-Jan-2021,439.55,441.95,449.8,435.55,446.0,445.6,444.89,4222486,18785.31,76659,2681984,63.52,Logistics
2021-01-13,CONCOR, EQ, 13-Jan-2021,445.6,448.0,450.55,433.0,439.0,439.5,443.27,2745987,12172.05,35015,1239204,45.13,Logistics
2021-01-14,CONCOR, EQ, 14-Jan-2021,439.5,441.0,450.95,440.85,445.75,448.3,447.42,3761138,16828.25,73567,1566011,41.64,Logistics
2021-01-15,CONCOR, EQ, 15-Jan-2021,448.3,448.25,448.25,430.15,433.5,432.8,436.61,2566735,11206.5,44014,1076985,41.96,Logistics
2021-01-18,CONCOR, EQ, 18-Jan-2021,432.8,432.8,434.55,421.2,423.05,425.15,427.07,2097777,8958.98,46558,948240,45.2,Logistics
2021-01-19,CONCOR, EQ, 19-Jan-2021,425.15,426.85,440.6,426.85,439.0,437.0,435.67,1664611,7252.25,36569,704043,42.29,Logistics
2021-01-20,CONCOR, EQ, 20-Jan-2021,437.0,437.4,444.0,435.3,435.75,436.75,439.61,2707904,11904.2,52886,1645680,60.77,Logistics
2021-01-21,CONCOR, EQ, 21-Jan-2021,436.75,437.0,443.7,424.2,428.75,428.25,435.81,1176261,5126.21,21470,380952,32.39,Logistics
2021-01-22,CONCOR, EQ, 22-Jan-2021,428.25,428.0,435.6,424.3,427.0,428.65,430.32,2695024,11597.1,22546,1738785,64.52,Logistics
2021-01-25,CONCOR, EQ, 25-Jan-2021,428.65,428.8,430.0,403.0,420.2,421.25,418.01,2142180,8954.51,47282,834629,38.96,Logistics
2021-01-27,CONCOR, EQ, 27-Jan-2021,421.25,423.7,443.3,421.0,432.7,432.95,435.01,5402116,23499.66,81447,1995242,36.93,Logistics
2021-01-28,CONCOR, EQ, 28-Jan-2021,432.95,428.65,441.9,424.1,436.55,437.2,436.32,2040445,8902.88,30287,788771,38.66,Logistics
2021-01-29,CONCOR, EQ, 29-Jan-2021,437.2,440.0,457.45,431.0,436.4,433.5,445.67,4558422,20315.44,81488,1325760,29.08,Logistics
2021-02-01,CONCOR, EQ, 01-Feb-2021,433.5,437.0,457.0,426.2,451.8,454.05,445.27,2609450,11619.04,45330,769650,29.49,Logistics
2021-02-02,CONCOR, EQ, 02-Feb-2021,454.05,456.0,462.8,450.15,456.95,455.6,455.91,1988474,9065.61,46233,733884,36.91,Logistics
2021-02-03,CONCOR, EQ, 03-Feb-2021,455.6,459.0,473.6,459.0,465.0,464.45,466.75,3880608,18112.77,64880,1313331,33.84,Logistics
2021-02-04,CONCOR, EQ, 04-Feb-2021,464.45,464.4,481.8,460.4,481.55,479.0,475.81,3748605,17836.37,56670,1528954,40.79,Logistics
2021-02-05,CONCOR, EQ, 05-Feb-2021,479.0,488.95,491.5,461.75,469.05,466.85,479.26,4967630,23808.08,66646,1618711,32.59,Logistics
2021-02-08,CONCOR, EQ, 08-Feb-2021,466.85,470.2,515.5,470.2,500.1,502.45,503.98,8821777,44460.23,179615,1561454,17.7,Logistics
2021-02-09,CONCOR, EQ, 09-Feb-2021,502.45,503.0,508.9,498.65,501.85,502.25,502.73,2645701,13300.77,61027,1129373,42.69,Logistics
2021-02-10,CONCOR, EQ, 10-Feb-2021,502.25,506.0,511.25,493.65,499.05,500.25,500.02,1834353,9172.12,50642,704441,38.4,Logistics
2021-02-11,CONCOR, EQ, 11-Feb-2021,500.25,498.0,507.0,492.3,500.0,500.95,500.57,919182,4601.13,18249,176449,19.2,Logistics
2021-02-12,CONCOR, EQ, 12-Feb-2021,500.95,499.9,573.05,495.6,543.35,549.5,532.12,14059902,74815.0,225482,2239463,15.93,Logistics
2021-02-15,CONCOR, EQ, 15-Feb-2021,549.5,543.0,548.95,534.05,545.0,544.3,542.27,2657865,14412.84,53823,583954,21.97,Logistics
2021-02-16,CONCOR, EQ, 16-Feb-2021,544.3,545.05,546.5,528.6,536.65,537.15,534.61,3175417,16976.05,61037,1161716,36.58,Logistics
2021-02-17,CONCOR, EQ, 17-Feb-2021,537.15,532.5,566.85,532.5,540.95,541.55,551.17,5953486,32813.95,140618,1188215,19.96,Logistics
2021-02-18,CONCOR, EQ, 18-Feb-2021,541.55,542.15,563.55,542.15,556.3,556.1,554.79,3794478,21051.47,74647,1326867,34.97,Logistics
2021-02-19,CONCOR, EQ, 19-Feb-2021,556.1,556.9,587.5,556.5,567.65,568.95,577.31,9880580,57041.1,182811,1639885,16.6,Logistics
2021-02-22,CONCOR, EQ, 22-Feb-2021,568.95,568.9,568.95,544.25,547.0,549.2,556.21,2299939,12792.47,58255,732700,31.86,Logistics
2021-02-23,CONCOR, EQ, 23-Feb-2021,549.2,556.65,571.0,548.15,559.0,557.3,558.72,3149822,17598.6,62035,763050,24.23,Logistics
2021-02-24,CONCOR, EQ, 24-Feb-2021,557.3,568.0,595.0,565.7,585.0,581.35,581.62,3900108,22683.81,68927,834014,21.38,Logistics
2021-02-25,CONCOR, EQ, 25-Feb-2021,581.35,593.85,597.0,571.45,575.75,575.2,580.29,4200415,24374.59,68234,1213447,28.89,Logistics
2021-02-26,CONCOR, EQ, 26-Feb-2021,575.2,566.0,585.95,550.2,551.0,557.85,568.32,4612425,26213.44,74125,1206235,26.15,Logistics
2021-03-01,CONCOR, EQ, 01-Mar-2021,557.85,562.9,573.0,556.25,565.8,562.5,565.3,2068440,11692.79,32142,797846,38.57,Logistics
2021-03-02,CONCOR, EQ, 02-Mar-2021,562.5,571.95,582.0,568.6,573.0,572.3,574.91,2410011,13855.51,46344,920505,38.2,Logistics
2021-03-03,CONCOR, EQ, 03-Mar-2021,572.3,575.0,588.0,573.5,581.25,578.35,579.94,2596642,15058.85,50428,1405840,54.14,Logistics
2021-03-04,CONCOR, EQ, 04-Mar-2021,578.35,577.0,643.95,575.05,615.95,615.55,621.94,15871139,98708.82,257641,3391313,21.37,Logistics
2021-03-05,CONCOR, EQ, 05-Mar-2021,615.55,621.7,624.45,588.05,596.0,591.4,603.54,4647321,28048.22,157655,1802255,38.78,Logistics
2021-03-08,CONCOR, EQ, 08-Mar-2021,591.4,604.8,621.95,592.95,599.45,597.25,605.98,5825950,35303.88,109778,1366588,23.46,Logistics
2021-03-09,CONCOR, EQ, 09-Mar-2021,597.25,604.45,604.45,579.1,583.45,583.85,586.22,3375768,19789.59,64877,1521393,45.07,Logistics
2021-03-10,CONCOR, EQ, 10-Mar-2021,583.85,593.8,593.8,567.6,572.6,573.65,575.49,2596632,14943.43,42137,884756,34.07,Logistics
2021-03-12,CONCOR, EQ, 12-Mar-2021,573.65,590.0,598.4,570.0,576.0,577.15,584.88,7816657,45717.99,150423,1887868,24.15,Logistics
2021-03-15,CONCOR, EQ, 15-Mar-2021,577.15,562.55,572.5,553.0,561.0,560.55,558.98,3483568,19472.45,76302,964598,27.69,Logistics
2021-03-16,CONCOR, EQ, 16-Mar-2021,560.55,565.0,566.0,554.0,556.9,557.15,557.6,1898170,10584.16,43186,594558,31.32,Logistics
2021-03-17,CONCOR, EQ, 17-Mar-2021,557.15,552.15,557.5,536.85,541.9,539.1,543.89,2364082,12857.99,42803,910890,38.53,Logistics
2021-03-18,CONCOR, EQ, 18-Mar-2021,539.1,552.0,557.8,527.9,547.05,545.7,547.29,4099158,22434.21,110272,1575730,38.44,Logistics
2021-03-19,CONCOR, EQ, 19-Mar-2021,545.7,540.15,563.15,528.25,557.55,560.55,550.42,2726319,15006.26,42597,824683,30.25,Logistics
2021-03-22,CONCOR, EQ, 22-Mar-2021,560.55,560.0,567.15,550.85,559.0,560.75,557.23,1962206,10934.06,31975,294085,14.99,Logistics
2021-03-23,CONCOR, EQ, 23-Mar-2021,560.75,558.0,576.0,558.0,567.0,568.9,570.44,3483961,19873.92,58736,1365978,39.21,Logistics
2021-03-24,CONCOR, EQ, 24-Mar-2021,568.9,564.0,577.25,555.25,560.25,558.75,565.53,1929662,10912.85,34058,767986,39.8,Logistics
2021-03-25,CONCOR, EQ, 25-Mar-2021,558.75,561.4,565.0,545.4,546.45,549.95,554.02,2464529,13653.96,42059,1102415,44.73,Logistics
2021-03-26,CONCOR, EQ, 26-Mar-2021,549.95,550.45,592.35,550.45,590.0,589.4,579.27,8163393,47288.1,120766,2900076,35.53,Logistics
2021-03-30,CONCOR, EQ, 30-Mar-2021,589.4,589.4,610.15,587.5,594.0,597.8,599.35,6813463,40836.26,85543,3714227,54.51,Logistics
2021-03-31,CONCOR, EQ, 31-Mar-2021,597.8,590.1,615.35,588.9,597.75,598.0,601.51,3786964,22779.08,80486,1645572,43.45,Logistics
2021-04-01,CONCOR, EQ, 01-Apr-2021,598.0,605.0,606.0,593.35,597.0,598.6,598.96,2350611,14079.17,38341,1067080,45.4,Logistics
2021-04-05,CONCOR, EQ, 05-Apr-2021,598.6,596.5,607.8,574.1,577.7,578.6,584.0,1681325,9818.92,35347,524109,31.17,Logistics
2021-04-06,CONCOR, EQ, 06-Apr-2021,578.6,584.0,593.85,571.2,578.2,576.5,580.9,1625567,9442.92,33394,354357,21.8,Logistics
2021-04-07,CONCOR, EQ, 07-Apr-2021,576.5,580.05,608.25,579.0,582.7,584.65,592.71,4420444,26200.48,76865,1408810,31.87,Logistics
2021-04-08,CONCOR, EQ, 08-Apr-2021,584.65,590.05,601.0,586.5,590.5,590.1,594.26,3631511,21580.5,62647,1937776,53.36,Logistics
2021-04-09,CONCOR, EQ, 09-Apr-2021,590.1,590.1,597.05,580.0,585.0,587.35,588.26,1810213,10648.8,26986,865408,47.81,Logistics
2021-04-12,CONCOR, EQ, 12-Apr-2021,587.35,575.0,575.65,552.0,566.7,565.25,565.51,1875008,10603.31,81573,905624,48.3,Logistics
2021-04-13,CONCOR, EQ, 13-Apr-2021,565.25,571.0,575.75,561.4,572.0,573.7,570.6,1136424,6484.4,40537,391473,34.45,Logistics
2021-04-15,CONCOR, EQ, 15-Apr-2021,573.7,581.85,585.65,559.35,562.8,564.45,566.58,2184542,12377.14,44774,1076935,49.3,Logistics
2021-04-16,CONCOR, EQ, 16-Apr-2021,564.45,564.5,580.0,560.0,567.2,568.0,571.74,1482339,8475.14,22836,631927,42.63,Logistics
2021-04-19,CONCOR, EQ, 19-Apr-2021,568.0,561.8,561.8,542.0,551.8,551.85,550.01,1062008,5841.11,51683,484647,45.63,Logistics
2021-04-20,CONCOR, EQ, 20-Apr-2021,551.85,554.5,573.0,546.1,549.35,549.1,558.66,1669540,9326.99,38249,636315,38.11,Logistics
2021-04-22,CONCOR, EQ, 22-Apr-2021,549.1,551.0,553.2,544.25,550.0,550.8,549.68,1077666,5923.75,35043,465346,43.18,Logistics
2021-04-23,CONCOR, EQ, 23-Apr-2021,550.8,550.0,562.8,544.75,551.5,549.45,552.85,874849,4836.63,21474,206053,23.55,Logistics
2021-04-26,CONCOR, EQ, 26-Apr-2021,549.45,554.9,559.8,551.3,554.6,555.3,556.24,992700,5521.82,19981,277600,27.96,Logistics
2021-04-27,CONCOR, EQ, 27-Apr-2021,555.3,555.9,575.0,550.0,562.0,563.35,566.55,1675512,9492.58,33328,395325,23.59,Logistics
2021-04-28,CONCOR, EQ, 28-Apr-2021,563.35,566.0,572.0,560.1,562.5,563.3,566.07,945136,5350.18,26376,462100,48.89,Logistics
2021-04-29,CONCOR, EQ, 29-Apr-2021,563.3,568.0,571.5,555.1,557.05,557.3,561.87,1159710,6516.03,22018,516093,44.5,Logistics
2021-04-30,CONCOR, EQ, 30-Apr-2021,557.3,557.85,605.0,551.3,589.4,589.9,590.67,6493359,38354.33,115401,1871551,28.82,Logistics
2021-05-03,CONCOR, EQ, 03-May-2021,589.9,590.0,596.85,570.45,572.55,572.5,580.21,1500804,8707.75,30820,454256,30.27,Logistics
2021-05-04,CONCOR, EQ, 04-May-2021,572.5,578.0,589.0,567.0,570.0,569.7,579.87,1334378,7737.7,34353,285590,21.4,Logistics
2021-05-05,CONCOR, EQ, 05-May-2021,569.7,574.0,577.6,565.0,566.7,568.25,569.38,979546,5577.32,15976,435924,44.5,Logistics
2021-05-06,CONCOR, EQ, 06-May-2021,568.25,571.0,592.8,570.0,579.0,578.0,581.14,2641309,15349.68,48996,664801,25.17,Logistics
2021-05-07,CONCOR, EQ, 07-May-2021,578.0,581.85,584.85,570.2,574.0,574.0,577.81,1588585,9178.95,26972,421395,26.53,Logistics
2021-05-10,CONCOR, EQ, 10-May-2021,574.0,583.0,590.0,578.4,580.0,579.9,582.5,1196044,6966.9,22257,476651,39.85,Logistics
2021-05-11,CONCOR, EQ, 11-May-2021,579.9,577.55,631.95,575.6,612.75,612.5,617.26,10155865,62687.93,177000,2070784,20.39,Logistics
2021-05-12,CONCOR, EQ, 12-May-2021,612.5,618.5,624.0,593.7,596.5,597.65,609.91,2993662,18258.73,56302,680032,22.72,Logistics
2021-05-14,CONCOR, EQ, 14-May-2021,597.65,597.8,599.0,565.65,572.0,572.75,577.1,2120375,12236.73,44644,833272,39.3,Logistics
2021-05-17,CONCOR, EQ, 17-May-2021,572.75,576.0,579.0,563.85,569.0,567.1,567.66,1792475,10175.25,55348,959279,53.52,Logistics
2021-05-18,CONCOR, EQ, 18-May-2021,567.1,573.15,612.0,572.25,611.3,608.3,600.35,9015134,54121.91,118219,2548779,28.27,Logistics
2021-05-19,CONCOR, EQ, 19-May-2021,608.3,612.0,613.95,595.0,600.8,599.75,602.17,2018225,12153.25,39147,550517,27.28,Logistics
2021-05-20,CONCOR, EQ, 20-May-2021,599.75,599.0,612.4,589.05,590.0,591.6,598.39,2605955,15593.85,44954,880779,33.8,Logistics
2021-05-21,CONCOR, EQ, 21-May-2021,591.6,595.0,608.95,582.65,588.4,586.6,594.7,3020824,17964.97,51621,616544,20.41,Logistics
2021-05-24,CONCOR, EQ, 24-May-2021,586.6,569.0,644.7,555.05,635.0,634.25,621.03,24246327,150576.33,342198,2911154,12.01,Logistics
2021-05-25,CONCOR, EQ, 25-May-2021,634.25,649.0,677.7,639.0,677.6,668.1,656.23,19646926,128929.09,294841,3603822,18.34,Logistics
2021-05-26,CONCOR, EQ, 26-May-2021,668.1,674.8,680.95,663.05,665.25,666.6,669.46,6101756,40848.77,101792,700392,11.48,Logistics
2021-05-27,CONCOR, EQ, 27-May-2021,666.6,661.3,675.0,646.0,673.0,667.7,658.99,8515098,56113.74,132709,3543957,41.62,Logistics
2021-05-28,CONCOR, EQ, 28-May-2021,667.7,674.0,676.55,661.8,667.5,667.65,668.55,3714443,24832.73,66569,1435717,38.65,Logistics
2021-05-31,CONCOR, EQ, 31-May-2021,667.65,668.9,694.0,666.25,682.4,683.9,683.84,7592579,51921.26,126909,1660563,21.87,Logistics
2021-06-01,CONCOR, EQ, 01-Jun-2021,683.9,683.3,697.0,677.0,693.1,693.15,687.18,3851257,26465.16,69976,914463,23.74,Logistics
2021-06-02,CONCOR, EQ, 02-Jun-2021,693.15,693.1,702.45,683.6,691.0,691.5,693.14,4446672,30821.45,59207,1597149,35.92,Logistics
2021-06-03,CONCOR, EQ, 03-Jun-2021,691.5,694.0,712.0,693.0,708.0,707.8,703.05,2927652,20582.93,51464,832984,28.45,Logistics
2021-06-04,CONCOR, EQ, 04-Jun-2021,707.8,707.0,716.5,701.7,711.95,713.55,711.89,2180533,15523.03,47848,602421,27.63,Logistics
2021-06-07,CONCOR, EQ, 07-Jun-2021,713.55,727.8,748.0,707.75,720.15,719.7,727.57,7207731,52441.64,148117,975101,13.53,Logistics
2021-06-08,CONCOR, EQ, 08-Jun-2021,719.7,721.25,730.65,705.0,711.75,714.1,716.63,2623943,18804.02,61165,559364,21.32,Logistics
2021-06-09,CONCOR, EQ, 09-Jun-2021,714.1,715.0,722.8,697.35,708.5,706.8,712.03,1523374,10846.81,49047,386785,25.39,Logistics
2021-06-10,CONCOR, EQ, 10-Jun-2021,706.8,709.8,711.9,694.0,695.6,696.6,700.28,2866714,20075.14,65145,1489650,51.96,Logistics
2021-06-11,CONCOR, EQ, 11-Jun-2021,696.6,697.9,699.05,681.45,685.55,686.05,689.11,2154202,14844.93,41184,950322,44.11,Logistics
2021-06-14,CONCOR, EQ, 14-Jun-2021,686.05,684.9,688.0,669.2,682.3,681.1,678.75,3786048,25697.9,81765,2102849,55.54,Logistics
2021-06-15,CONCOR, EQ, 15-Jun-2021,681.1,682.3,697.2,676.55,684.2,684.7,688.19,2573970,17713.77,59764,976196,37.93,Logistics
2021-06-16,CONCOR, EQ, 16-Jun-2021,684.7,687.0,695.0,680.05,683.0,683.4,688.49,2306078,15877.04,46068,618158,26.81,Logistics
2021-06-17,CONCOR, EQ, 17-Jun-2021,683.4,675.0,697.6,671.55,677.65,677.65,683.47,2132830,14577.3,47136,702854,32.95,Logistics
2021-06-18,CONCOR, EQ, 18-Jun-2021,677.65,679.0,691.75,669.0,690.0,688.35,680.87,3641682,24795.18,65314,1287804,35.36,Logistics
2021-06-21,CONCOR, EQ, 21-Jun-2021,688.35,680.0,688.7,676.55,686.0,683.65,682.43,1128467,7700.94,21735,246382,21.83,Logistics
2021-06-22,CONCOR, EQ, 22-Jun-2021,683.65,689.6,711.0,687.4,703.7,703.4,701.74,4076890,28609.07,82651,1067478,26.18,Logistics
2021-06-23,CONCOR, EQ, 23-Jun-2021,703.4,708.95,716.5,696.5,697.15,698.15,707.46,3045052,21542.48,59024,860326,28.25,Logistics
2021-06-24,CONCOR, EQ, 24-Jun-2021,698.15,698.3,704.8,694.0,698.1,698.75,698.92,1060936,7415.06,20885,202886,19.12,Logistics
2021-06-25,CONCOR, EQ, 25-Jun-2021,698.75,702.4,707.65,693.65,699.0,698.85,700.89,1260757,8836.57,26500,385156,30.55,Logistics
2021-06-28,CONCOR, EQ, 28-Jun-2021,698.85,704.0,710.0,698.0,701.8,701.45,704.93,953955,6724.76,17864,296418,31.07,Logistics
2021-06-29,CONCOR, EQ, 29-Jun-2021,701.45,698.0,707.25,692.5,696.5,694.3,698.67,517367,3614.68,14782,154205,29.81,Logistics
2021-06-30,CONCOR, EQ, 30-Jun-2021,694.3,696.5,709.2,688.85,699.9,698.35,700.97,1362819,9552.99,24133,376398,27.62,Logistics
2021-07-01,CONCOR, EQ, 01-Jul-2021,698.35,700.5,704.2,685.8,688.0,687.0,691.88,912047,6310.29,17420,367992,40.35,Logistics
2021-07-02,CONCOR, EQ, 02-Jul-2021,687.0,690.2,691.95,677.5,682.9,679.6,682.75,846824,5781.68,13485,384957,45.46,Logistics
2021-07-05,CONCOR, EQ, 05-Jul-2021,679.6,685.0,696.65,676.5,693.85,694.2,689.85,1197123,8258.31,25779,419054,35.01,Logistics
2021-07-06,CONCOR, EQ, 06-Jul-2021,694.2,695.9,700.5,685.1,687.9,689.15,693.62,922761,6400.46,23529,361745,39.2,Logistics
2021-07-07,CONCOR, EQ, 07-Jul-2021,689.15,691.4,704.55,686.3,692.35,692.6,697.07,2119973,14777.66,58499,620960,29.29,Logistics
2021-07-08,CONCOR, EQ, 08-Jul-2021,692.6,694.75,698.0,678.0,682.6,681.75,687.28,1063174,7306.99,21292,443130,41.68,Logistics
2021-07-09,CONCOR, EQ, 09-Jul-2021,681.75,682.6,683.0,666.1,675.75,673.95,672.79,2317086,15589.19,38858,1151415,49.69,Logistics
2021-07-12,CONCOR, EQ, 12-Jul-2021,673.95,682.35,702.0,680.0,684.2,684.65,688.74,3462516,23847.6,78984,972196,28.08,Logistics
2021-07-13,CONCOR, EQ, 13-Jul-2021,684.65,688.05,690.0,675.1,680.0,679.4,680.35,1568797,10673.31,32423,752175,47.95,Logistics
2021-07-14,CONCOR, EQ, 14-Jul-2021,679.4,680.5,684.9,670.9,676.3,676.3,678.46,2763407,18748.6,36194,1324752,47.94,Logistics
2021-07-15,CONCOR, EQ, 15-Jul-2021,676.3,681.75,681.75,667.75,669.5,669.1,671.08,1617688,10856.0,34882,1016933,62.86,Logistics
2021-07-16,CONCOR, EQ, 16-Jul-2021,669.1,670.1,672.0,658.25,662.0,661.4,662.95,871634,5778.51,20120,366357,42.03,Logistics
2021-07-19,CONCOR, EQ, 19-Jul-2021,661.4,658.7,664.55,652.0,659.8,658.0,658.99,1409373,9287.59,20794,841035,59.67,Logistics
2021-07-20,CONCOR, EQ, 20-Jul-2021,658.0,661.5,670.0,657.45,664.0,664.4,664.25,1822387,12105.15,33872,684654,37.57,Logistics
2021-07-22,CONCOR, EQ, 22-Jul-2021,664.4,667.85,676.0,663.2,668.1,668.3,669.42,1315679,8807.39,28153,642968,48.87,Logistics
2021-07-23,CONCOR, EQ, 23-Jul-2021,668.3,671.95,690.8,662.3,662.35,663.5,665.7,826880,5504.56,19598,430404,52.05,Logistics
2021-07-26,CONCOR, EQ, 26-Jul-2021,663.5,663.9,668.7,656.5,657.9,658.25,660.87,876223,5790.69,35308,343434,39.19,Logistics
2021-07-27,CONCOR, EQ, 27-Jul-2021,658.25,661.55,662.8,628.65,640.4,639.15,645.15,1109916,7160.65,26595,345093,31.09,Logistics
2021-07-28,CONCOR, EQ, 28-Jul-2021,639.15,644.6,649.65,633.4,640.0,639.4,641.62,1506971,9669.09,33629,661899,43.92,Logistics
2021-07-29,CONCOR, EQ, 29-Jul-2021,639.4,646.15,646.15,628.05,628.8,630.1,636.02,1170610,7445.27,35422,446751,38.16,Logistics
2021-07-30,CONCOR, EQ, 30-Jul-2021,630.1,658.8,665.75,641.35,643.95,643.9,651.79,6602645,43035.22,120815,1054273,15.97,Logistics
2021-08-02,CONCOR, EQ, 02-Aug-2021,643.9,660.0,694.15,654.5,692.0,691.3,676.53,5654405,38254.01,99424,1327244,23.47,Logistics
2021-08-03,CONCOR, EQ, 03-Aug-2021,691.3,693.0,703.8,691.05,699.2,699.45,697.46,2841977,19821.6,72779,1240038,43.63,Logistics
2021-08-04,CONCOR, EQ, 04-Aug-2021,699.45,699.15,716.0,690.55,692.5,692.8,705.45,2213237,15613.33,57538,819292,37.02,Logistics
2021-08-05,CONCOR, EQ, 05-Aug-2021,692.8,695.0,711.7,693.0,699.4,698.95,703.87,1864082,13120.72,47945,577770,30.99,Logistics
2021-08-06,CONCOR, EQ, 06-Aug-2021,698.95,698.95,706.75,687.85,691.35,690.35,698.03,1580014,11028.9,36657,687643,43.52,Logistics
2021-08-09,CONCOR, EQ, 09-Aug-2021,690.35,694.8,694.8,668.8,669.75,670.4,677.22,1864257,12625.14,43287,911305,48.88,Logistics
2021-08-10,CONCOR, EQ, 10-Aug-2021,670.4,670.4,679.2,651.7,662.0,662.1,665.27,1584560,10541.67,54409,708425,44.71,Logistics
2021-08-11,CONCOR, EQ, 11-Aug-2021,662.1,662.0,668.45,652.15,658.1,655.65,658.7,1863492,12274.85,59494,945796,50.75,Logistics
2021-08-12,CONCOR, EQ, 12-Aug-2021,655.65,660.95,683.55,657.0,670.9,673.0,676.0,3531889,23875.47,81890,920859,26.07,Logistics
2021-08-13,CONCOR, EQ, 13-Aug-2021,673.0,670.0,676.9,663.25,667.0,666.1,669.16,629414,4211.81,17910,221044,35.12,Logistics
2021-08-16,CONCOR, EQ, 16-Aug-2021,666.1,671.8,681.95,667.0,675.1,675.9,676.15,1440901,9742.62,36548,372480,25.85,Logistics
2021-08-17,CONCOR, EQ, 17-Aug-2021,675.9,678.0,682.3,661.8,666.0,665.65,670.26,1295072,8680.37,28758,463213,35.77,Logistics
2021-08-18,CONCOR, EQ, 18-Aug-2021,665.65,671.0,681.75,661.0,672.0,673.45,677.02,1962740,13288.08,42716,648678,33.05,Logistics
2021-08-20,CONCOR, EQ, 20-Aug-2021,673.45,673.45,673.45,648.0,650.1,649.9,656.23,1384705,9086.81,49538,712179,51.43,Logistics
2021-08-23,CONCOR, EQ, 23-Aug-2021,649.9,655.0,662.9,648.95,650.1,653.2,655.22,1099874,7206.59,36673,340012,30.91,Logistics
2021-08-24,CONCOR, EQ, 24-Aug-2021,653.2,653.2,660.6,644.1,648.2,648.4,648.44,1395465,9048.78,57537,653202,46.81,Logistics
2021-08-25,CONCOR, EQ, 25-Aug-2021,648.4,649.0,653.75,638.0,646.35,643.55,644.46,1509816,9730.14,34405,490732,32.5,Logistics
2021-08-26,CONCOR, EQ, 26-Aug-2021,643.55,648.7,664.6,644.35,653.5,653.05,656.84,2850012,18720.08,51326,627012,22.0,Logistics
2021-08-27,CONCOR, EQ, 27-Aug-2021,653.05,656.45,659.95,649.4,655.0,653.35,654.37,996004,6517.59,24595,394488,39.61,Logistics
2021-08-30,CONCOR, EQ, 30-Aug-2021,653.35,655.0,682.75,655.0,679.7,679.9,673.57,2140598,14418.5,55017,608612,28.43,Logistics
2021-08-31,CONCOR, EQ, 31-Aug-2021,679.9,682.0,694.0,673.1,680.05,679.55,679.53,2201566,14960.34,52420,934084,42.43,Logistics
2021-09-01,CONCOR, EQ, 01-Sep-2021,679.55,680.05,697.4,676.25,686.05,688.5,689.57,2396818,16527.65,58871,1354952,56.53,Logistics
2021-09-02,CONCOR, EQ, 02-Sep-2021,688.5,690.0,739.75,686.0,738.75,735.7,719.26,5136638,36945.63,97783,1091821,21.26,Logistics
2021-09-03,CONCOR, EQ, 03-Sep-2021,735.7,744.0,745.0,723.6,728.5,727.25,732.49,3161373,23156.6,74027,659298,20.85,Logistics
2021-09-06,CONCOR, EQ, 06-Sep-2021,727.25,732.7,741.35,718.05,728.5,728.7,730.29,1197604,8746.0,28545,256730,21.44,Logistics
2021-09-07,CONCOR, EQ, 07-Sep-2021,728.7,735.0,746.3,718.05,723.25,723.65,731.05,1839589,13448.36,45319,395624,21.51,Logistics
2021-09-08,CONCOR, EQ, 08-Sep-2021,723.65,724.0,742.0,718.0,736.5,735.85,732.99,2506155,18369.92,57694,1082228,43.18,Logistics
2021-09-09,CONCOR, EQ, 09-Sep-2021,735.85,729.2,753.0,726.45,741.8,742.95,742.82,3821406,28386.11,88055,1187532,31.08,Logistics
2021-09-13,CONCOR, EQ, 13-Sep-2021,742.95,743.0,754.4,736.5,740.0,740.55,744.08,1543777,11486.94,37029,492637,31.91,Logistics
2021-09-14,CONCOR, EQ, 14-Sep-2021,740.55,740.0,745.6,725.5,728.9,729.1,732.07,1237271,9057.69,40927,575500,46.51,Logistics
2021-09-15,CONCOR, EQ, 15-Sep-2021,729.1,732.45,736.85,717.95,719.9,720.1,723.28,1211983,8766.08,26290,639147,52.74,Logistics
2021-09-16,CONCOR, EQ, 16-Sep-2021,720.1,724.95,744.0,719.0,733.85,733.05,735.01,2774056,20389.67,60018,1008221,36.34,Logistics
2021-09-17,CONCOR, EQ, 17-Sep-2021,733.05,738.0,743.8,693.15,721.0,723.65,722.93,2284382,16514.59,60242,751395,32.89,Logistics
2021-09-20,CONCOR, EQ, 20-Sep-2021,723.65,712.0,731.35,696.5,701.85,708.0,717.42,1058006,7590.4,27125,237553,22.45,Logistics
2021-09-21,CONCOR, EQ, 21-Sep-2021,708.0,705.9,708.7,686.0,703.55,703.3,700.05,1409360,9866.23,42810,435999,30.94,Logistics
2021-09-22,CONCOR, EQ, 22-Sep-2021,703.3,708.0,713.9,695.05,697.7,696.8,702.65,1019415,7162.92,22589,503751,49.42,Logistics
2021-09-23,CONCOR, EQ, 23-Sep-2021,696.8,702.7,726.5,701.0,711.9,711.95,714.4,2233951,15959.28,46133,786895,35.22,Logistics
2021-09-24,CONCOR, EQ, 24-Sep-2021,711.95,715.0,721.25,697.8,698.6,699.6,705.14,1070387,7547.69,40114,449168,41.96,Logistics
2021-09-27,CONCOR, EQ, 27-Sep-2021,699.6,700.5,708.05,695.0,700.9,702.45,701.4,1141958,8009.65,34119,458864,40.18,Logistics
2021-09-28,CONCOR, EQ, 28-Sep-2021,702.45,706.0,730.0,697.45,709.1,705.75,713.89,3115104,22238.33,62692,708619,22.75,Logistics
2021-09-29,CONCOR, EQ, 29-Sep-2021,705.75,705.7,712.8,697.0,705.0,703.7,704.46,1044662,7359.2,26509,321306,30.76,Logistics
2021-09-30,CONCOR, EQ, 30-Sep-2021,703.7,706.9,713.85,700.75,704.6,704.3,705.41,2088535,14732.8,32611,623830,29.87,Logistics
2021-10-01,CONCOR, EQ, 01-Oct-2021,704.3,706.3,710.6,692.15,702.0,703.5,703.21,1255262,8827.15,32311,532525,42.42,Logistics
2021-10-04,CONCOR, EQ, 04-Oct-2021,703.5,707.0,722.0,703.2,707.5,707.1,711.6,2187223,15564.34,45544,948639,43.37,Logistics
2021-10-05,CONCOR, EQ, 05-Oct-2021,707.1,710.85,716.4,701.0,708.4,709.1,708.31,1460282,10343.37,28030,645487,44.2,Logistics
2021-10-06,CONCOR, EQ, 06-Oct-2021,709.1,712.0,713.75,693.5,695.05,696.35,704.29,1340297,9439.56,34634,696948,52.0,Logistics
2021-10-07,CONCOR, EQ, 07-Oct-2021,696.35,701.0,705.3,691.15,694.95,694.95,697.28,1638029,11421.72,26999,1007255,61.49,Logistics
2021-10-08,CONCOR, EQ, 08-Oct-2021,694.95,700.0,701.45,680.05,686.75,685.05,688.77,1845098,12708.46,40996,925740,50.17,Logistics
2021-10-11,CONCOR, EQ, 11-Oct-2021,685.05,693.0,705.65,686.0,686.05,687.6,693.15,1879221,13025.74,29320,940477,50.05,Logistics
2021-10-12,CONCOR, EQ, 12-Oct-2021,687.6,687.6,701.45,682.05,696.5,698.05,690.72,1230182,8497.11,27946,335389,27.26,Logistics
2021-10-13,CONCOR, EQ, 13-Oct-2021,698.05,704.65,704.65,680.0,689.0,688.65,689.0,1717145,11831.21,43293,532402,31.01,Logistics
2021-10-14,CONCOR, EQ, 14-Oct-2021,688.65,695.0,698.0,675.0,677.0,677.35,682.05,3084539,21038.04,83071,1890484,61.29,Logistics
2021-10-18,CONCOR, EQ, 18-Oct-2021,677.35,684.6,694.95,677.35,685.0,684.65,687.64,1245681,8565.8,28266,445243,35.74,Logistics
2021-10-19,CONCOR, EQ, 19-Oct-2021,684.65,685.3,691.8,661.8,667.85,667.35,675.54,2130322,14391.09,54473,1158858,54.4,Logistics
2021-10-20,CONCOR, EQ, 20-Oct-2021,667.35,672.2,685.95,665.25,676.5,674.3,674.28,2784461,18775.16,78584,1132641,40.68,Logistics
2021-10-21,CONCOR, EQ, 21-Oct-2021,674.3,680.0,682.6,658.0,666.05,664.4,667.65,1416668,9458.42,44561,501243,35.38,Logistics
2021-10-22,CONCOR, EQ, 22-Oct-2021,664.4,680.55,685.0,657.6,677.5,680.15,673.68,3869614,26068.79,72698,831644,21.49,Logistics
2021-10-25,CONCOR, EQ, 25-Oct-2021,680.15,685.45,687.65,663.55,667.2,667.5,671.68,2117356,14221.9,46182,1036457,48.95,Logistics
2021-10-26,CONCOR, EQ, 26-Oct-2021,667.5,667.5,681.15,667.0,676.05,676.5,675.57,1691659,11428.3,35887,959335,56.71,Logistics
2021-10-27,CONCOR, EQ, 27-Oct-2021,676.5,678.0,688.0,676.65,679.45,678.85,682.22,1356035,9251.1,39345,671101,49.49,Logistics
2021-10-28,CONCOR, EQ, 28-Oct-2021,678.85,678.0,682.5,655.2,659.0,659.8,666.81,1059481,7064.77,27886,429347,40.52,Logistics
2021-10-29,CONCOR, EQ, 29-Oct-2021,659.8,649.0,669.4,634.0,657.4,655.1,655.58,1321021,8660.35,37416,398267,30.15,Logistics
2021-11-01,CONCOR, EQ, 01-Nov-2021,655.1,664.85,668.85,654.8,666.15,667.05,662.55,596587,3952.66,17420,194436,32.59,Logistics
2021-11-02,CONCOR, EQ, 02-Nov-2021,667.05,668.9,681.0,665.85,669.1,668.6,670.39,749534,5024.77,15657,331640,44.25,Logistics
2021-11-03,CONCOR, EQ, 03-Nov-2021,668.6,672.0,690.95,670.4,682.7,681.6,682.62,2000086,13653.02,46245,761743,38.09,Logistics
2021-11-08,CONCOR, EQ, 08-Nov-2021,686.55,690.95,690.95,682.35,687.8,686.7,686.67,804641,5525.23,20185,334613,41.59,Logistics
2021-11-09,CONCOR, EQ, 09-Nov-2021,686.7,685.0,710.55,685.0,702.0,701.45,702.28,2999385,21064.23,66168,1212609,40.43,Logistics
2021-11-10,CONCOR, EQ, 10-Nov-2021,701.45,700.1,710.8,694.1,705.25,704.5,705.04,1974732,13922.75,39848,1180641,59.79,Logistics
2021-11-11,CONCOR, EQ, 11-Nov-2021,704.5,704.0,710.5,680.8,685.0,685.15,688.0,967435,6655.93,35346,380059,39.29,Logistics
2021-11-12,CONCOR, EQ, 12-Nov-2021,685.15,688.0,693.0,685.15,687.4,687.2,688.06,688301,4735.95,14714,287062,41.71,Logistics
2021-11-15,CONCOR, EQ, 15-Nov-2021,687.2,690.85,690.85,676.15,680.05,680.7,680.89,961049,6543.73,37233,511691,53.24,Logistics
2021-11-16,CONCOR, EQ, 16-Nov-2021,680.7,679.8,686.6,670.05,671.0,672.85,678.44,645057,4376.31,22115,337533,52.33,Logistics
2021-11-17,CONCOR, EQ, 17-Nov-2021,672.85,672.5,672.5,663.0,665.05,665.25,666.5,483272,3220.99,13627,258296,53.45,Logistics
2021-11-18,CONCOR, EQ, 18-Nov-2021,665.25,665.0,667.15,646.0,652.45,653.35,654.18,1210622,7919.69,46696,734834,60.7,Logistics
2021-11-22,CONCOR, EQ, 22-Nov-2021,653.35,654.0,655.95,619.1,630.55,628.15,633.61,1916154,12140.88,52687,970089,50.63,Logistics
2021-11-23,CONCOR, EQ, 23-Nov-2021,628.15,627.0,645.4,626.6,636.7,637.7,639.15,1934790,12366.16,36094,1335976,69.05,Logistics
2021-11-24,CONCOR, EQ, 24-Nov-2021,637.7,638.8,641.3,623.25,625.95,629.1,635.14,860804,5467.32,28735,352674,40.97,Logistics
2021-11-25,CONCOR, EQ, 25-Nov-2021,629.1,631.0,631.0,618.5,623.65,622.15,622.76,1445024,8999.01,36103,868429,60.1,Logistics
2021-11-26,CONCOR, EQ, 26-Nov-2021,622.15,618.8,618.8,600.0,603.55,604.0,607.17,1596347,9692.47,41876,846013,53.0,Logistics
2021-11-29,CONCOR, EQ, 29-Nov-2021,604.0,604.0,610.75,581.85,599.2,598.25,601.25,1815662,10916.66,77533,944439,52.02,Logistics
2021-11-30,CONCOR, EQ, 30-Nov-2021,598.25,604.25,627.35,599.35,621.8,620.0,618.65,4036435,24971.41,76244,2239678,55.49,Logistics
2021-12-01,CONCOR, EQ, 01-Dec-2021,620.0,626.0,635.6,617.15,632.0,631.35,629.78,2052399,12925.56,73524,1046895,51.01,Logistics
2021-12-02,CONCOR, EQ, 02-Dec-2021,631.35,632.0,645.35,614.5,642.0,639.25,638.31,1653609,10555.16,31143,787257,47.61,Logistics
2021-12-03,CONCOR, EQ, 03-Dec-2021,639.25,642.0,649.8,634.8,643.7,640.8,643.27,1601872,10304.39,27188,392700,24.52,Logistics
2021-12-06,CONCOR, EQ, 06-Dec-2021,640.8,634.4,650.9,627.15,629.75,629.4,637.17,759744,4840.87,35357,374671,49.32,Logistics
2021-12-07,CONCOR, EQ, 07-Dec-2021,629.4,632.85,645.0,631.0,635.2,635.7,638.74,885700,5657.36,17199,433993,49.0,Logistics
2021-12-08,CONCOR, EQ, 08-Dec-2021,635.7,639.0,644.0,628.0,629.0,629.25,634.83,1945693,12351.78,29738,1232980,63.37,Logistics
2021-12-09,CONCOR, EQ, 09-Dec-2021,629.25,634.3,641.75,626.5,639.2,639.45,633.49,920524,5831.46,25442,363709,39.51,Logistics
2021-12-10,CONCOR, EQ, 10-Dec-2021,639.45,639.2,656.35,639.2,649.0,652.15,650.73,1115715,7260.25,25922,365155,32.73,Logistics
2021-12-13,CONCOR, EQ, 13-Dec-2021,652.15,653.6,654.05,642.15,647.8,645.55,647.97,1127079,7303.1,18000,736203,65.32,Logistics
2021-12-14,CONCOR, EQ, 14-Dec-2021,645.55,644.0,650.0,637.65,643.0,641.65,642.39,574501,3690.52,9240,282934,49.25,Logistics
2021-12-15,CONCOR, EQ, 15-Dec-2021,641.65,645.25,647.45,635.85,639.6,639.55,640.91,545713,3497.51,19311,214131,39.24,Logistics
2021-12-16,CONCOR, EQ, 16-Dec-2021,639.55,643.0,649.7,639.55,647.0,645.65,645.08,501955,3237.99,19303,191093,38.07,Logistics
2021-12-17,CONCOR, EQ, 17-Dec-2021,645.65,646.0,647.0,621.5,623.0,625.0,628.14,957081,6011.85,29527,417619,43.63,Logistics
2021-12-20,CONCOR, EQ, 20-Dec-2021,625.0,617.45,618.0,593.3,607.25,608.45,602.56,2068382,12463.19,56650,979730,47.37,Logistics
2021-12-21,CONCOR, EQ, 21-Dec-2021,608.45,610.8,618.0,605.95,609.2,609.1,611.73,1051138,6430.13,18240,627194,59.67,Logistics
2021-12-22,CONCOR, EQ, 22-Dec-2021,609.1,610.2,621.7,607.0,613.25,614.4,615.56,858345,5283.6,30227,315477,36.75,Logistics
2021-12-23,CONCOR, EQ, 23-Dec-2021,614.4,614.95,626.35,614.95,622.5,622.4,621.4,954050,5928.42,21302,290933,30.49,Logistics
2021-12-24,CONCOR, EQ, 24-Dec-2021,622.4,626.7,626.8,600.5,602.15,602.25,607.25,1114790,6769.57,22452,554844,49.77,Logistics
2021-12-27,CONCOR, EQ, 27-Dec-2021,602.25,600.0,609.7,595.15,607.9,608.25,604.04,540989,3267.81,13937,128920,23.83,Logistics
2021-12-28,CONCOR, EQ, 28-Dec-2021,608.25,610.0,616.05,607.05,613.0,611.8,612.22,455357,2787.78,12208,90695,19.92,Logistics
2021-12-29,CONCOR, EQ, 29-Dec-2021,611.8,611.75,617.45,608.5,613.45,613.7,613.77,395287,2426.16,10230,120432,30.47,Logistics
2021-12-30,CONCOR, EQ, 30-Dec-2021,613.7,610.2,613.6,602.0,605.5,604.55,605.94,620247,3758.3,13545,162670,26.23,Logistics
2021-12-31,CONCOR, EQ, 31-Dec-2021,604.55,606.0,616.85,605.85,614.0,614.55,612.67,255735,1566.82,8696,82736,32.35,Logistics
2022-01-03,CONCOR, EQ, 03-Jan-2022,614.55,618.8,637.6,614.05,620.3,619.8,618.61,453839,2807.5,10590,103416,22.79,Logistics
2022-01-04,CONCOR, EQ, 04-Jan-2022,619.8,623.0,634.55,616.2,627.8,627.75,626.75,889836,5577.06,24220,300822,33.81,Logistics
2022-01-05,CONCOR, EQ, 05-Jan-2022,627.75,630.0,636.85,626.0,630.0,629.95,630.14,917088,5778.96,50770,489707,53.4,Logistics
2022-01-06,CONCOR, EQ, 06-Jan-2022,629.95,625.0,639.9,624.0,634.95,634.25,634.35,1052909,6679.1,24255,441452,41.93,Logistics
2022-01-07,CONCOR, EQ, 07-Jan-2022,634.25,637.8,641.0,630.0,636.6,636.6,634.87,792623,5032.16,28625,363211,45.82,Logistics
2022-01-10,CONCOR, EQ, 10-Jan-2022,636.6,635.05,646.0,635.05,644.25,645.35,642.48,618751,3975.38,17259,318456,51.47,Logistics
2022-01-11,CONCOR, EQ, 11-Jan-2022,645.35,636.0,651.2,636.0,647.95,646.75,645.42,1177009,7596.66,24472,665628,56.55,Logistics
2022-01-12,CONCOR, EQ, 12-Jan-2022,646.75,655.0,661.95,645.35,655.4,656.6,656.81,2059079,13524.23,66862,1275534,61.95,Logistics
2022-01-13,CONCOR, EQ, 13-Jan-2022,656.6,652.0,671.0,651.0,670.5,669.85,665.12,1294997,8613.34,41050,552683,42.68,Logistics
2022-01-14,CONCOR, EQ, 14-Jan-2022,669.85,671.85,695.0,666.05,690.0,692.55,683.38,2775937,18970.16,52483,1243920,44.81,Logistics
2022-01-17,CONCOR, EQ, 17-Jan-2022,692.55,692.0,696.45,685.6,689.0,687.9,690.55,1018457,7032.92,37591,431905,42.41,Logistics
2022-01-18,CONCOR, EQ, 18-Jan-2022,687.9,688.0,694.35,677.6,679.5,680.9,688.8,1340956,9236.45,39043,890846,66.43,Logistics
2022-01-19,CONCOR, EQ, 19-Jan-2022,680.9,678.0,688.2,669.7,672.6,671.2,676.72,748775,5067.08,21978,380556,50.82,Logistics
2022-01-20,CONCOR, EQ, 20-Jan-2022,671.2,668.0,670.55,652.1,666.0,660.45,660.33,628188,4148.12,22262,235108,37.43,Logistics
2022-01-21,CONCOR, EQ, 21-Jan-2022,660.45,661.95,665.85,619.0,624.55,623.6,630.86,4373737,27592.15,86549,2052995,46.94,Logistics
2022-01-24,CONCOR, EQ, 24-Jan-2022,623.6,626.9,634.4,614.0,623.0,622.55,625.39,1587007,9925.01,48162,644878,40.63,Logistics
2022-01-25,CONCOR, EQ, 25-Jan-2022,622.55,615.0,629.7,606.2,620.0,621.05,620.35,885983,5496.16,36576,335108,37.82,Logistics
2022-01-27,CONCOR, EQ, 27-Jan-2022,621.05,615.05,624.25,600.55,616.1,616.15,613.49,1405220,8620.87,63110,677498,48.21,Logistics
2022-01-28,CONCOR, EQ, 28-Jan-2022,616.15,620.0,647.85,620.0,637.0,634.4,639.76,1564122,10006.62,50077,676185,43.23,Logistics
2022-01-31,CONCOR, EQ, 31-Jan-2022,634.4,644.0,651.0,638.15,645.0,646.25,646.01,1193089,7707.45,49567,514313,43.11,Logistics
2022-02-01,CONCOR, EQ, 01-Feb-2022,646.25,655.0,662.9,647.35,655.75,656.25,654.77,1158958,7588.48,32760,349873,30.19,Logistics
2022-02-02,CONCOR, EQ, 02-Feb-2022,656.25,655.8,666.0,652.85,664.5,664.2,662.26,1028191,6809.3,19252,582255,56.63,Logistics
2022-02-03,CONCOR, EQ, 03-Feb-2022,664.2,664.2,664.2,655.5,659.1,660.95,659.21,818006,5392.37,19073,397831,48.63,Logistics
2022-02-04,CONCOR, EQ, 04-Feb-2022,660.95,660.0,662.8,641.5,644.5,643.2,649.32,739708,4803.1,20477,452553,61.18,Logistics
2022-02-07,CONCOR, EQ, 07-Feb-2022,643.2,637.0,647.25,627.1,630.75,629.55,633.31,437862,2773.04,13226,153055,34.96,Logistics
2022-02-08,CONCOR, EQ, 08-Feb-2022,629.55,630.0,632.9,613.05,615.65,615.6,619.63,1182518,7327.29,45893,634345,53.64,Logistics
2022-02-09,CONCOR, EQ, 09-Feb-2022,615.6,617.4,619.95,612.4,617.0,616.7,615.96,582303,3586.78,19146,337672,57.99,Logistics
2022-02-10,CONCOR, EQ, 10-Feb-2022,616.7,618.0,629.35,615.1,619.65,621.2,624.3,1241177,7748.61,43561,640622,51.61,Logistics
2022-02-11,CONCOR, EQ, 11-Feb-2022,621.2,610.0,618.55,608.2,611.8,611.4,612.82,653640,4005.62,18967,328519,50.26,Logistics
2022-02-14,CONCOR, EQ, 14-Feb-2022,611.4,602.95,604.95,575.7,590.0,588.35,596.55,1541957,9198.48,67751,833946,54.08,Logistics
2022-02-15,CONCOR, EQ, 15-Feb-2022,588.35,593.85,600.15,584.4,596.5,598.25,591.97,1112068,6583.07,57064,620640,55.81,Logistics
2022-02-16,CONCOR, EQ, 16-Feb-2022,598.25,598.0,608.45,593.0,599.85,600.95,601.36,1029921,6193.52,24612,480890,46.69,Logistics
2022-02-17,CONCOR, EQ, 17-Feb-2022,600.95,600.95,606.5,593.05,597.95,599.55,600.89,1067084,6411.99,33381,625269,58.6,Logistics
2022-02-18,CONCOR, EQ, 18-Feb-2022,599.55,599.0,603.85,585.85,594.7,593.6,599.35,1520502,9113.11,20554,176620,11.62,Logistics
2022-02-21,CONCOR, EQ, 21-Feb-2022,593.6,590.1,597.75,584.0,586.85,588.55,590.25,760162,4486.82,20649,323363,42.54,Logistics
2022-02-22,CONCOR, EQ, 22-Feb-2022,588.55,575.5,578.95,564.05,576.35,574.65,569.24,2185096,12438.38,58983,1345752,61.59,Logistics
2022-02-23,CONCOR, EQ, 23-Feb-2022,574.65,578.25,593.85,576.5,584.9,585.2,588.25,891349,5243.39,27390,219444,24.62,Logistics
2022-02-24,CONCOR, EQ, 24-Feb-2022,585.2,570.0,575.7,556.0,562.0,558.35,567.15,1933204,10964.07,45944,718455,37.16,Logistics
2022-02-25,CONCOR, EQ, 25-Feb-2022,558.35,570.0,591.05,565.3,576.3,578.6,581.81,772903,4496.8,25450,269463,34.86,Logistics
2022-02-28,CONCOR, EQ, 28-Feb-2022,578.6,577.8,601.15,570.1,599.45,599.2,591.16,1242329,7344.21,32015,609137,49.03,Logistics
2022-03-02,CONCOR, EQ, 02-Mar-2022,599.2,595.05,608.0,589.4,601.45,601.3,600.59,575424,3455.96,16527,218524,37.98,Logistics
2022-03-03,CONCOR, EQ, 03-Mar-2022,601.3,604.5,611.4,592.85,596.9,595.65,602.45,808715,4872.13,18572,335904,41.54,Logistics
2022-03-04,CONCOR, EQ, 04-Mar-2022,595.65,590.0,594.0,578.0,578.85,579.95,587.0,740709,4347.99,20061,370575,50.03,Logistics
2022-03-07,CONCOR, EQ, 07-Mar-2022,579.95,567.9,579.75,562.1,573.1,573.55,570.37,1676862,9564.32,48772,673407,40.16,Logistics
2022-03-08,CONCOR, EQ, 08-Mar-2022,573.55,570.0,579.15,556.0,568.2,569.45,566.75,1106111,6268.85,25892,706346,63.86,Logistics
2022-03-09,CONCOR, EQ, 09-Mar-2022,569.45,571.0,596.7,570.1,594.3,594.6,582.03,700987,4079.98,19235,291474,41.58,Logistics
2022-03-10,CONCOR, EQ, 10-Mar-2022,594.6,598.25,603.0,590.25,592.4,592.9,596.58,864553,5157.77,19017,409605,47.38,Logistics
2022-03-11,CONCOR, EQ, 11-Mar-2022,592.9,588.65,601.85,580.95,599.55,596.4,589.63,1135613,6695.89,23136,650468,57.28,Logistics
2022-03-14,CONCOR, EQ, 14-Mar-2022,596.4,596.95,604.85,588.9,598.0,599.05,598.96,922125,5523.19,15989,419484,45.49,Logistics
2022-03-15,CONCOR, EQ, 15-Mar-2022,599.05,599.6,604.0,586.85,590.85,589.95,595.8,624447,3720.44,21180,297402,47.63,Logistics
2022-03-16,CONCOR, EQ, 16-Mar-2022,589.95,595.2,618.75,593.0,616.2,616.05,611.77,1442863,8827.02,33828,660891,45.8,Logistics
2022-03-17,CONCOR, EQ, 17-Mar-2022,616.05,618.0,622.0,612.7,616.2,616.1,617.08,865280,5339.48,30021,430388,49.74,Logistics
2022-03-21,CONCOR, EQ, 21-Mar-2022,616.1,619.9,628.3,610.0,613.0,614.9,616.4,1047910,6459.28,29344,477937,45.61,Logistics
2022-03-22,CONCOR, EQ, 22-Mar-2022,614.9,610.0,617.1,607.6,613.3,615.2,613.3,1045609,6412.7,25699,696769,66.64,Logistics
2022-03-23,CONCOR, EQ, 23-Mar-2022,615.2,615.6,627.0,611.35,614.05,614.95,618.74,716804,4435.17,27024,388685,54.22,Logistics
2022-03-24,CONCOR, EQ, 24-Mar-2022,614.95,614.25,630.1,609.25,621.0,621.5,620.4,1419932,8809.21,31007,597613,42.09,Logistics
2022-03-25,CONCOR, EQ, 25-Mar-2022,621.5,623.0,705.0,623.0,686.7,689.8,683.29,13659202,93332.4,248664,1736317,12.71,Logistics
2022-03-28,CONCOR, EQ, 28-Mar-2022,689.8,680.1,686.2,654.1,659.95,659.95,665.46,3716271,24730.23,77237,868744,23.38,Logistics
2022-03-29,CONCOR, EQ, 29-Mar-2022,659.95,664.0,691.0,643.75,648.0,647.65,665.63,4415638,29391.74,103374,745870,16.89,Logistics
2022-03-30,CONCOR, EQ, 30-Mar-2022,647.65,656.0,661.7,646.1,649.9,651.45,654.39,1624076,10627.84,39991,349118,21.5,Logistics
2022-03-31,CONCOR, EQ, 31-Mar-2022,651.45,657.8,674.75,648.25,671.0,672.15,667.47,2780538,18559.26,52643,603406,21.7,Logistics
2022-04-01,CONCOR, EQ, 01-Apr-2022,672.15,675.0,684.0,660.65,681.0,682.6,675.09,1841775,12433.6,39010,483409,26.25,Logistics
2022-04-04,CONCOR, EQ, 04-Apr-2022,682.6,681.95,688.0,673.0,680.15,680.8,679.58,1318848,8962.6,28052,376220,28.53,Logistics
2022-04-05,CONCOR, EQ, 05-Apr-2022,680.8,684.8,699.0,678.0,683.5,683.55,688.64,1546530,10650.07,41116,637385,41.21,Logistics
2022-04-06,CONCOR, EQ, 06-Apr-2022,683.55,678.0,715.6,677.0,712.85,711.35,705.76,3589384,25332.54,75822,1036654,28.88,Logistics
2022-04-07,CONCOR, EQ, 07-Apr-2022,711.35,718.0,718.0,680.05,687.0,685.2,697.65,2018076,14079.05,43273,489443,24.25,Logistics
2022-04-08,CONCOR, EQ, 08-Apr-2022,685.2,691.2,708.05,689.35,705.95,703.3,701.14,2068259,14501.45,37722,835161,40.38,Logistics
2022-04-11,CONCOR, EQ, 11-Apr-2022,703.3,703.25,711.1,694.0,699.75,700.15,704.48,1063614,7492.89,23770,448802,42.2,Logistics
2022-04-12,CONCOR, EQ, 12-Apr-2022,700.15,698.8,701.6,678.05,685.8,685.2,688.7,705951,4861.88,20972,179561,25.44,Logistics
2022-04-13,CONCOR, EQ, 13-Apr-2022,685.2,688.4,688.65,673.0,674.1,674.55,679.46,541182,3677.14,17551,216436,39.99,Logistics
2022-04-18,CONCOR, EQ, 18-Apr-2022,674.55,671.0,676.6,661.45,671.85,673.35,670.59,642798,4310.53,23757,248099,38.6,Logistics
2022-04-19,CONCOR, EQ, 19-Apr-2022,673.35,676.2,684.8,645.4,647.95,654.45,668.19,1000156,6682.9,28489,433997,43.39,Logistics
2022-04-20,CONCOR, EQ, 20-Apr-2022,654.45,658.5,663.55,645.9,648.85,649.0,652.91,777172,5074.2,29990,320429,41.23,Logistics
2022-04-21,CONCOR, EQ, 21-Apr-2022,649.0,653.0,666.6,649.45,660.0,656.8,657.92,969631,6379.36,25373,427775,44.12,Logistics
2022-04-22,CONCOR, EQ, 22-Apr-2022,656.8,657.2,676.65,645.0,658.0,658.85,666.74,1620983,10807.68,38161,347662,21.45,Logistics
2022-04-25,CONCOR, EQ, 25-Apr-2022,658.85,648.0,654.35,642.0,647.0,644.7,647.05,1013669,6558.91,27344,548561,54.12,Logistics
2022-04-26,CONCOR, EQ, 26-Apr-2022,644.7,650.0,655.0,636.7,644.0,643.6,644.19,947594,6104.34,33778,500067,52.77,Logistics
2022-04-27,CONCOR, EQ, 27-Apr-2022,643.6,638.0,651.35,635.0,649.9,647.85,646.39,713915,4614.69,16672,212764,29.8,Logistics
2022-04-28,CONCOR, EQ, 28-Apr-2022,647.85,654.5,660.75,648.3,656.95,657.9,655.19,609757,3995.05,18395,229993,37.72,Logistics
2022-04-29,CONCOR, EQ, 29-Apr-2022,657.9,661.9,662.85,642.0,650.35,646.4,651.79,639658,4169.21,26698,246256,38.5,Logistics
2022-05-02,CONCOR, EQ, 02-May-2022,646.4,640.0,661.0,635.65,643.05,644.5,646.97,1242193,8036.56,36074,214800,17.29,Logistics
2022-05-04,CONCOR, EQ, 04-May-2022,644.5,645.35,652.35,637.45,641.55,640.95,645.47,865898,5589.14,30456,393459,45.44,Logistics
2022-05-05,CONCOR, EQ, 05-May-2022,640.95,646.35,669.9,644.0,647.0,646.2,656.14,1811387,11885.23,34317,428872,23.68,Logistics
2022-05-06,CONCOR, EQ, 06-May-2022,646.2,637.0,645.9,626.85,636.4,637.8,637.67,1053543,6718.1,26346,360978,34.26,Logistics
2022-05-09,CONCOR, EQ, 09-May-2022,637.8,625.05,637.05,620.1,622.7,624.6,629.31,1768559,11129.78,37780,1045032,59.09,Logistics
2022-05-10,CONCOR, EQ, 10-May-2022,624.6,620.0,646.0,608.8,612.95,611.7,618.92,1947575,12053.84,43837,1184283,60.81,Logistics
2022-05-11,CONCOR, EQ, 11-May-2022,611.7,619.15,624.75,600.2,606.3,605.65,609.55,823252,5018.14,38553,368102,44.71,Logistics
2022-05-12,CONCOR, EQ, 12-May-2022,605.65,604.0,606.0,584.8,594.0,594.2,594.3,1178604,7004.43,47294,521705,44.26,Logistics
2022-05-13,CONCOR, EQ, 13-May-2022,594.2,598.9,624.2,598.0,603.1,605.8,612.76,1514147,9278.06,64842,767456,50.69,Logistics
2022-05-16,CONCOR, EQ, 16-May-2022,605.8,605.8,621.95,603.15,619.6,618.85,615.16,776915,4779.29,38224,290757,37.42,Logistics
2022-05-17,CONCOR, EQ, 17-May-2022,618.85,623.6,631.9,611.85,628.0,628.25,622.11,988636,6150.4,44767,438967,44.4,Logistics
2022-05-18,CONCOR, EQ, 18-May-2022,628.25,633.0,636.05,618.05,620.25,621.25,624.67,1525676,9530.43,38322,889110,58.28,Logistics
2022-05-19,CONCOR, EQ, 19-May-2022,621.25,611.6,616.75,602.0,607.0,606.7,607.41,1051042,6384.09,30015,517905,49.28,Logistics
2022-05-20,CONCOR, EQ, 20-May-2022,606.7,610.0,618.2,554.0,577.0,573.4,583.26,6813913,39742.61,132741,1818853,26.69,Logistics
2022-05-23,CONCOR, EQ, 23-May-2022,573.4,580.0,613.8,580.0,598.15,600.15,604.45,4725539,28563.66,93205,1164301,24.64,Logistics
2022-05-24,CONCOR, EQ, 24-May-2022,600.15,600.1,609.7,583.3,587.0,586.85,595.34,2236468,13314.57,56051,931731,41.66,Logistics
2022-05-25,CONCOR, EQ, 25-May-2022,586.85,590.0,645.5,580.45,622.05,623.7,620.69,9239957,57351.73,153889,1613743,17.46,Logistics
2022-05-26,CONCOR, EQ, 26-May-2022,623.7,623.95,647.0,623.35,642.25,643.55,635.58,4992191,31729.49,92198,1388995,27.82,Logistics
2022-05-27,CONCOR, EQ, 27-May-2022,643.55,639.9,660.0,635.0,659.0,658.0,649.45,2830260,18381.15,59525,1107946,39.15,Logistics
2022-05-30,CONCOR, EQ, 30-May-2022,658.0,660.0,677.7,658.15,663.05,662.5,667.17,2304877,15377.54,53537,1266650,54.96,Logistics
2022-05-31,CONCOR, EQ, 31-May-2022,662.5,660.0,673.5,641.35,649.0,650.45,656.56,4062937,26675.62,78337,2931461,72.15,Logistics
2022-06-01,CONCOR, EQ, 01-Jun-2022,650.45,656.8,664.95,649.45,655.65,653.95,657.44,1445913,9506.0,36068,833263,57.63,Logistics
2022-06-02,CONCOR, EQ, 02-Jun-2022,653.95,657.4,664.95,646.15,653.0,652.2,657.01,891024,5854.12,23285,350560,39.34,Logistics
2022-06-03,CONCOR, EQ, 03-Jun-2022,652.2,660.0,667.5,641.05,646.0,642.6,655.3,961984,6303.93,23780,371582,38.63,Logistics
2022-06-06,CONCOR, EQ, 06-Jun-2022,642.6,645.45,652.95,632.5,635.2,636.4,638.44,749010,4781.96,27060,367254,49.03,Logistics
2022-06-07,CONCOR, EQ, 07-Jun-2022,636.4,635.0,635.0,624.0,625.1,626.2,627.2,838701,5260.3,22490,490938,58.54,Logistics
2022-06-08,CONCOR, EQ, 08-Jun-2022,626.2,623.0,629.25,618.7,622.0,622.15,624.73,855354,5343.62,31164,523523,61.21,Logistics
2022-06-09,CONCOR, EQ, 09-Jun-2022,622.15,620.0,662.2,615.0,657.0,656.55,648.8,3650335,23683.25,65838,752667,20.62,Logistics
2022-06-10,CONCOR, EQ, 10-Jun-2022,656.55,655.9,664.85,645.55,648.5,650.05,654.42,2079322,13607.53,45864,250670,12.06,Logistics
2022-06-13,CONCOR, EQ, 13-Jun-2022,650.05,641.95,646.95,634.05,642.95,640.45,639.63,790402,5055.66,23278,282669,35.76,Logistics
2022-06-14,CONCOR, EQ, 14-Jun-2022,640.45,640.0,651.25,634.65,644.0,643.45,642.23,1232896,7917.99,26359,658869,53.44,Logistics
2022-06-15,CONCOR, EQ, 15-Jun-2022,643.45,645.0,648.3,630.3,633.9,633.85,635.22,689437,4379.46,18780,261788,37.97,Logistics
2022-06-16,CONCOR, EQ, 16-Jun-2022,633.85,637.5,639.75,613.85,615.0,618.45,623.34,1028787,6412.89,25908,365107,35.49,Logistics
2022-06-17,CONCOR, EQ, 17-Jun-2022,618.45,610.0,623.4,599.8,616.0,609.55,609.99,1840071,11224.26,43353,720191,39.14,Logistics
2022-06-20,CONCOR, EQ, 20-Jun-2022,609.55,602.0,621.2,602.0,611.7,614.05,613.43,876085,5374.15,28967,194960,22.25,Logistics
2022-06-21,CONCOR, EQ, 21-Jun-2022,614.05,614.05,629.0,612.5,625.0,624.5,623.9,758887,4734.68,17950,346631,45.68,Logistics
2022-06-22,CONCOR, EQ, 22-Jun-2022,624.5,624.5,627.0,609.0,611.0,613.8,614.58,648794,3987.36,22376,205280,31.64,Logistics
2022-06-23,CONCOR, EQ, 23-Jun-2022,613.8,617.5,626.8,613.3,623.45,620.35,621.22,470651,2923.8,17360,108368,23.03,Logistics
2022-06-24,CONCOR, EQ, 24-Jun-2022,620.35,615.2,628.55,615.2,622.9,622.1,621.86,1045636,6502.4,21666,478601,45.77,Logistics
2022-06-27,CONCOR, EQ, 27-Jun-2022,622.1,627.0,635.4,621.05,622.0,624.6,628.42,1048554,6589.34,24345,374410,35.71,Logistics
2022-06-28,CONCOR, EQ, 28-Jun-2022,624.6,624.65,628.05,616.2,620.0,620.25,619.64,715973,4436.47,17927,277305,38.73,Logistics
2022-06-29,CONCOR, EQ, 29-Jun-2022,620.25,617.9,620.75,605.1,617.2,617.95,612.42,932326,5709.79,34041,332287,35.64,Logistics
2022-06-30,CONCOR, EQ, 30-Jun-2022,617.95,617.9,622.35,590.0,592.95,594.3,603.07,2340512,14114.86,55045,1396656,59.67,Logistics
2022-07-01,CONCOR, EQ, 01-Jul-2022,594.3,596.4,605.0,585.05,603.15,603.3,595.05,1065738,6341.71,28628,488484,45.84,Logistics
2022-07-04,CONCOR, EQ, 04-Jul-2022,603.3,600.0,618.4,600.0,616.9,617.45,609.03,1014667,6179.64,23530,481721,47.48,Logistics
2022-07-05,CONCOR, EQ, 05-Jul-2022,617.45,617.45,630.0,617.45,630.0,624.3,624.64,874045,5459.6,22966,443732,50.77,Logistics
2022-07-06,CONCOR, EQ, 06-Jul-2022,624.3,651.0,661.8,628.15,649.5,650.45,646.92,8539454,55243.41,147371,1127718,13.21,Logistics
2022-07-07,CONCOR, EQ, 07-Jul-2022,650.45,653.95,663.75,646.0,652.1,653.05,655.89,1339561,8785.99,34299,326560,24.38,Logistics
2022-07-08,CONCOR, EQ, 08-Jul-2022,653.05,655.0,665.75,651.25,656.65,656.6,657.84,1073320,7060.68,25910,406135,37.84,Logistics
2022-07-11,CONCOR, EQ, 11-Jul-2022,656.6,656.65,668.35,653.05,661.8,660.45,661.42,813020,5377.45,19499,265093,32.61,Logistics
2022-07-12,CONCOR, EQ, 12-Jul-2022,660.45,659.0,682.0,652.4,673.05,673.8,673.24,2714915,18277.79,44261,917073,33.78,Logistics
2022-07-13,CONCOR, EQ, 13-Jul-2022,673.8,679.7,684.55,667.05,674.0,673.35,675.22,2381834,16082.73,39824,1084326,45.52,Logistics
2022-07-14,CONCOR, EQ, 14-Jul-2022,673.35,672.4,680.55,666.8,674.0,674.25,674.9,672625,4539.52,16376,234140,34.81,Logistics
2022-07-15,CONCOR, EQ, 15-Jul-2022,674.25,670.35,686.4,668.25,684.05,684.1,677.22,1645634,11144.58,44988,426555,25.92,Logistics
2022-07-18,CONCOR, EQ, 18-Jul-2022,684.1,684.0,684.0,666.4,670.7,671.0,672.28,2560666,17214.73,61397,1528690,59.7,Logistics
2022-07-19,CONCOR, EQ, 19-Jul-2022,671.0,670.7,681.2,669.7,672.0,673.65,675.87,1653580,11176.05,23718,1055311,63.82,Logistics
2022-07-20,CONCOR, EQ, 20-Jul-2022,673.65,676.0,680.0,672.0,673.6,673.55,674.84,652175,4401.12,16826,322145,49.4,Logistics
2022-07-21,CONCOR, EQ, 21-Jul-2022,673.55,674.65,685.5,672.55,682.05,681.25,678.26,1073493,7281.07,29538,504119,46.96,Logistics
2022-07-22,CONCOR, EQ, 22-Jul-2022,681.25,682.5,687.0,670.0,675.0,675.2,676.85,772520,5228.79,18608,311989,40.39,Logistics
2022-07-25,CONCOR, EQ, 25-Jul-2022,675.2,677.0,677.0,662.65,670.15,671.5,667.78,1033364,6900.6,26259,492714,47.68,Logistics
2022-07-26,CONCOR, EQ, 26-Jul-2022,671.5,669.8,669.8,663.2,666.05,666.4,666.02,588700,3920.87,24086,299389,50.86,Logistics
2022-07-27,CONCOR, EQ, 27-Jul-2022,666.4,669.3,683.45,663.05,677.05,681.15,674.25,643997,4342.17,12659,321992,50.0,Logistics
2022-07-28,CONCOR, EQ, 28-Jul-2022,681.15,681.15,694.8,680.0,683.05,686.05,686.2,1218683,8362.66,24704,572880,47.01,Logistics
2022-07-29,CONCOR, EQ, 29-Jul-2022,686.05,690.6,714.65,688.05,710.25,712.75,704.41,2506702,17657.58,49714,1236956,49.35,Logistics
2022-08-01,CONCOR, EQ, 01-Aug-2022,712.75,712.75,720.0,706.25,710.95,710.15,711.99,1249603,8897.08,39507,692497,55.42,Logistics
2022-08-02,CONCOR, EQ, 02-Aug-2022,710.15,711.05,734.0,701.55,719.55,726.3,715.35,1807323,12928.7,37852,900727,49.84,Logistics
2022-08-03,CONCOR, EQ, 03-Aug-2022,726.3,720.0,727.9,691.05,698.4,699.4,701.91,1252143,8788.86,31597,373659,29.84,Logistics
2022-08-04,CONCOR, EQ, 04-Aug-2022,699.4,700.5,702.0,673.65,679.25,679.45,683.19,1458462,9964.03,34529,783864,53.75,Logistics
2022-08-05,CONCOR, EQ, 05-Aug-2022,679.45,692.0,701.2,684.0,686.0,685.9,692.9,2385753,16530.87,49914,454479,19.05,Logistics
2022-08-10,CONCOR, EQ, 10-Aug-2022,696.4,694.0,699.9,681.5,689.0,690.45,689.41,827596,5705.55,20575,330526,39.94,Logistics
2022-08-11,CONCOR, EQ, 11-Aug-2022,690.45,699.65,705.95,693.85,700.5,699.65,700.7,1773747,12428.59,58667,801849,45.21,Logistics
2022-08-12,CONCOR, EQ, 12-Aug-2022,699.65,703.8,708.8,698.8,698.9,700.15,703.22,842801,5926.77,16887,416365,49.4,Logistics
2022-08-16,CONCOR, EQ, 16-Aug-2022,700.15,705.0,724.35,697.05,720.0,718.9,715.76,1601279,11461.36,47141,634243,39.61,Logistics
2022-08-17,CONCOR, EQ, 17-Aug-2022,718.9,720.0,726.35,703.55,707.9,705.9,709.38,1654998,11740.29,32270,961833,58.12,Logistics
2022-08-18,CONCOR, EQ, 18-Aug-2022,705.9,707.6,712.3,699.1,705.0,703.9,705.5,592626,4180.98,13785,239317,40.38,Logistics
2022-08-19,CONCOR, EQ, 19-Aug-2022,703.9,706.0,706.65,680.5,682.6,683.45,690.56,962685,6647.89,29595,404541,42.02,Logistics
2022-08-22,CONCOR, EQ, 22-Aug-2022,683.45,683.35,685.8,669.05,670.05,670.15,673.11,782284,5265.6,22504,243430,31.12,Logistics
2022-08-23,CONCOR, EQ, 23-Aug-2022,670.15,662.1,679.05,657.55,676.0,676.5,671.39,939372,6306.83,22681,354460,37.73,Logistics
2022-08-24,CONCOR, EQ, 24-Aug-2022,676.5,678.0,692.0,673.95,689.8,688.75,683.13,794168,5425.19,19501,445443,56.09,Logistics
2022-08-25,CONCOR, EQ, 25-Aug-2022,688.75,694.4,711.9,690.5,703.0,700.8,703.53,1402440,9866.62,29591,603492,43.03,Logistics
2022-08-26,CONCOR, EQ, 26-Aug-2022,700.8,703.0,719.8,701.05,711.05,712.65,710.85,1329374,9449.87,32943,501803,37.75,Logistics
2022-08-29,CONCOR, EQ, 29-Aug-2022,712.65,690.05,705.85,686.9,689.5,688.4,694.65,1150065,7988.97,38814,518729,45.1,Logistics
2022-08-30,CONCOR, EQ, 30-Aug-2022,688.4,694.0,699.0,686.25,694.95,696.55,693.25,1036906,7188.33,29356,553705,53.4,Logistics
2022-09-01,CONCOR, EQ, 01-Sep-2022,696.55,693.9,704.0,690.05,693.5,692.75,696.95,1068813,7449.07,34203,571198,53.44,Logistics
2022-09-02,CONCOR, EQ, 02-Sep-2022,692.75,690.0,696.2,672.1,674.0,674.35,680.88,1818609,12382.62,39177,946552,52.05,Logistics
2022-09-05,CONCOR, EQ, 05-Sep-2022,674.35,671.0,677.9,663.0,669.8,669.15,667.67,2179411,14551.31,32303,1568747,71.98,Logistics
2022-09-06,CONCOR, EQ, 06-Sep-2022,669.15,671.0,675.0,667.2,669.6,669.35,671.05,692273,4645.52,28330,395838,57.18,Logistics
2022-09-07,CONCOR, EQ, 07-Sep-2022,669.35,668.0,766.7,660.55,723.3,726.55,723.94,21576035,156197.24,301701,4636250,21.49,Logistics
2022-09-08,CONCOR, EQ, 08-Sep-2022,726.55,734.95,747.0,716.6,736.05,732.25,733.32,10396205,76237.82,154643,3274536,31.5,Logistics
2022-09-09,CONCOR, EQ, 09-Sep-2022,732.25,732.0,772.0,726.05,752.45,752.7,751.36,6416237,48208.76,100316,1211458,18.88,Logistics
2022-09-12,CONCOR, EQ, 12-Sep-2022,752.7,753.0,771.0,753.0,764.0,764.85,762.64,3719126,28363.63,88221,1304506,35.08,Logistics
2022-09-13,CONCOR, EQ, 13-Sep-2022,764.85,764.85,782.0,762.85,770.0,770.4,772.58,2865075,22134.96,46359,1179950,41.18,Logistics
2022-09-14,CONCOR, EQ, 14-Sep-2022,770.4,753.0,781.0,753.0,766.5,768.25,770.5,3396185,26167.55,35349,1846539,54.37,Logistics
2022-09-15,CONCOR, EQ, 15-Sep-2022,768.25,770.0,773.25,756.35,762.0,763.55,762.79,1514123,11549.61,21514,798189,52.72,Logistics
2022-09-16,CONCOR, EQ, 16-Sep-2022,763.55,758.1,763.5,730.3,741.2,738.7,742.72,1726871,12825.89,36420,882436,51.1,Logistics
2022-09-19,CONCOR, EQ, 19-Sep-2022,738.7,742.4,759.85,736.4,746.45,747.65,750.04,1680817,12606.73,42665,629095,37.43,Logistics
2022-09-20,CONCOR, EQ, 20-Sep-2022,747.65,749.9,760.0,742.75,743.85,744.75,751.07,1094151,8217.83,33072,467219,42.7,Logistics
2022-09-21,CONCOR, EQ, 21-Sep-2022,744.75,744.9,751.0,733.95,741.35,742.1,742.79,880855,6542.88,23054,352974,40.07,Logistics
2022-09-22,CONCOR, EQ, 22-Sep-2022,742.1,738.0,757.0,732.0,751.3,751.9,747.68,1201721,8985.0,23383,415797,34.6,Logistics
2022-09-23,CONCOR, EQ, 23-Sep-2022,751.9,754.4,755.05,722.55,725.65,726.55,734.07,1039225,7628.59,25066,376391,36.22,Logistics
2022-09-26,CONCOR, EQ, 26-Sep-2022,726.55,722.0,724.9,693.5,696.5,698.4,704.38,1956203,13779.12,49059,894454,45.72,Logistics
2022-09-27,CONCOR, EQ, 27-Sep-2022,698.4,701.9,704.85,674.0,685.0,685.6,685.97,2966715,20350.65,131061,1621097,54.64,Logistics
2022-09-28,CONCOR, EQ, 28-Sep-2022,685.6,682.95,694.45,681.6,685.1,686.6,688.13,1054161,7253.99,37966,488615,46.35,Logistics
2022-09-29,CONCOR, EQ, 29-Sep-2022,686.6,690.05,698.25,685.0,696.0,695.8,692.99,1057787,7330.34,33314,530086,50.11,Logistics
2022-09-30,CONCOR, EQ, 30-Sep-2022,695.8,699.0,717.75,690.65,713.8,711.65,704.87,1607400,11330.12,41046,775503,48.25,Logistics
2022-10-03,CONCOR, EQ, 03-Oct-2022,711.65,707.0,711.2,690.0,692.35,693.05,699.05,668430,4672.63,31610,282949,42.33,Logistics
2022-10-04,CONCOR, EQ, 04-Oct-2022,693.05,699.95,716.0,699.95,707.85,710.15,710.36,966281,6864.08,23951,546527,56.56,Logistics
2022-10-06,CONCOR, EQ, 06-Oct-2022,710.15,712.9,719.9,705.55,707.65,710.0,714.66,1029933,7360.51,43977,686936,66.7,Logistics
2022-10-07,CONCOR, EQ, 07-Oct-2022,710.0,712.7,712.7,692.8,699.3,698.7,697.9,827197,5772.98,19114,445142,53.81,Logistics
2022-10-10,CONCOR, EQ, 10-Oct-2022,698.7,685.0,692.85,684.0,689.1,689.95,688.9,700631,4826.66,33938,338368,48.29,Logistics
2022-10-11,CONCOR, EQ, 11-Oct-2022,689.95,695.5,711.8,688.4,690.65,691.05,701.12,2074615,14545.49,51481,780022,37.6,Logistics
2022-10-12,CONCOR, EQ, 12-Oct-2022,691.05,694.55,712.0,692.35,707.3,707.7,703.93,1828097,12868.61,46802,365186,19.98,Logistics
2022-10-13,CONCOR, EQ, 13-Oct-2022,707.7,712.0,720.8,692.4,695.05,695.1,702.51,1326752,9320.52,23644,517365,38.99,Logistics
2022-10-14,CONCOR, EQ, 14-Oct-2022,695.1,714.6,714.6,693.1,696.05,696.0,704.48,602819,4246.71,19785,184166,30.55,Logistics
2022-10-17,CONCOR, EQ, 17-Oct-2022,696.0,697.9,714.65,686.7,712.5,712.75,706.47,1114583,7874.22,47310,407660,36.58,Logistics
2022-10-18,CONCOR, EQ, 18-Oct-2022,712.75,719.95,728.4,707.55,722.0,721.4,717.66,1463879,10505.63,35384,510948,34.9,Logistics
2022-10-19,CONCOR, EQ, 19-Oct-2022,721.4,722.0,778.0,721.4,771.0,771.25,752.54,6323614,47587.78,133680,1960881,31.01,Logistics
2022-10-20,CONCOR, EQ, 20-Oct-2022,771.25,769.5,769.5,732.95,747.9,744.1,749.2,4514522,33822.73,85403,1401159,31.04,Logistics
2022-10-21,CONCOR, EQ, 21-Oct-2022,744.1,747.85,754.4,737.55,745.6,748.2,746.34,1411663,10535.8,42533,444085,31.46,Logistics
2022-10-24,CONCOR, EQ, 24-Oct-2022,748.2,754.0,754.7,740.15,750.0,746.9,747.53,171678,1283.35,5575,61322,35.72,Logistics
2022-10-25,CONCOR, EQ, 25-Oct-2022,746.9,754.8,764.9,747.0,758.5,759.35,756.23,2563790,19388.04,64834,1173657,45.78,Logistics
2022-10-27,CONCOR, EQ, 27-Oct-2022,759.35,763.15,796.0,761.0,792.9,790.05,786.28,4384523,34474.66,86162,1588772,36.24,Logistics
2022-10-28,CONCOR, EQ, 28-Oct-2022,790.05,793.45,799.5,782.5,783.9,785.6,791.27,1580334,12504.78,56749,729603,46.17,Logistics
2022-10-31,CONCOR, EQ, 31-Oct-2022,785.6,789.55,810.95,788.0,796.3,798.0,802.43,2854067,22902.0,77218,1208591,42.35,Logistics
2022-11-01,CONCOR, EQ, 01-Nov-2022,798.0,799.0,807.0,789.3,794.7,795.35,798.3,1445134,11536.53,39276,815857,56.46,Logistics
2022-11-02,CONCOR, EQ, 02-Nov-2022,795.35,791.8,808.0,788.85,793.65,794.65,796.84,1051451,8378.41,26414,360770,34.31,Logistics
2022-11-03,CONCOR, EQ, 03-Nov-2022,794.65,790.0,809.95,786.55,795.65,796.05,799.9,1049764,8397.02,42366,395818,37.71,Logistics
2022-11-04,CONCOR, EQ, 04-Nov-2022,796.05,798.0,802.9,787.5,795.5,796.05,794.55,770719,6123.71,30275,298086,38.68,Logistics
2022-11-07,CONCOR, EQ, 07-Nov-2022,796.05,796.4,802.5,782.6,784.5,784.2,787.65,1123901,8852.41,23932,747546,66.51,Logistics
2022-11-09,CONCOR, EQ, 09-Nov-2022,784.2,786.6,828.75,786.6,808.0,809.65,813.17,3969288,32277.16,74434,1280029,32.25,Logistics
2022-11-10,CONCOR, EQ, 10-Nov-2022,809.65,812.8,819.0,798.0,803.9,803.3,807.6,1476492,11924.12,32796,517907,35.08,Logistics
2022-11-11,CONCOR, EQ, 11-Nov-2022,803.3,809.95,813.95,765.0,770.0,767.8,779.02,3161024,24624.95,57128,1121325,35.47,Logistics
2022-11-14,CONCOR, EQ, 14-Nov-2022,767.8,763.0,771.0,748.1,761.2,762.95,763.26,2984531,22779.71,102415,1585559,53.13,Logistics
2022-11-15,CONCOR, EQ, 15-Nov-2022,762.95,763.9,769.05,759.25,761.5,763.6,764.23,1113605,8510.52,34445,632376,56.79,Logistics
2022-11-16,CONCOR, EQ, 16-Nov-2022,763.6,761.5,765.8,746.5,762.0,761.8,757.03,2070803,15676.69,77451,958764,46.3,Logistics
2022-11-17,CONCOR, EQ, 17-Nov-2022,761.8,756.45,762.95,750.0,752.3,751.75,754.24,1244622,9387.49,79591,756841,60.81,Logistics
2022-11-18,CONCOR, EQ, 18-Nov-2022,751.75,753.15,757.0,727.0,738.6,739.1,738.99,2067846,15281.21,60917,1090503,52.74,Logistics
2022-11-21,CONCOR, EQ, 21-Nov-2022,739.1,740.0,743.35,729.1,734.3,733.3,735.18,1220397,8972.06,45569,606403,49.69,Logistics
2022-11-22,CONCOR, EQ, 22-Nov-2022,733.3,733.3,737.95,725.55,737.8,735.0,733.48,742102,5443.15,27056,356618,48.06,Logistics
2022-11-23,CONCOR, EQ, 23-Nov-2022,735.0,738.7,758.2,736.55,748.5,747.55,748.71,1766907,13229.01,53441,560381,31.72,Logistics
2022-11-24,CONCOR, EQ, 24-Nov-2022,747.55,751.5,759.8,744.8,751.0,751.4,753.23,1043484,7859.87,39563,329037,31.53,Logistics
2022-11-25,CONCOR, EQ, 25-Nov-2022,751.4,751.1,766.9,750.0,762.75,762.95,761.67,1415497,10781.44,45026,468259,33.08,Logistics
2022-11-28,CONCOR, EQ, 28-Nov-2022,762.95,760.0,773.45,756.1,766.0,765.0,767.55,1091485,8377.64,34359,441479,40.45,Logistics
2022-11-29,CONCOR, EQ, 29-Nov-2022,765.0,770.0,770.75,755.15,759.0,759.65,762.47,935830,7135.38,26081,437392,46.74,Logistics
2022-11-30,CONCOR, EQ, 30-Nov-2022,759.65,759.0,775.0,754.0,772.75,771.95,767.79,1345532,10330.92,38840,743094,55.23,Logistics
2022-12-01,CONCOR, EQ, 01-Dec-2022,771.95,774.35,777.7,764.05,770.0,769.85,770.64,1377416,10614.93,44945,769106,55.84,Logistics
2022-12-02,CONCOR, EQ, 02-Dec-2022,769.85,773.45,784.0,768.2,781.55,781.25,779.01,1217194,9482.12,31923,547936,45.02,Logistics
2022-12-05,CONCOR, EQ, 05-Dec-2022,781.25,784.0,786.5,771.7,775.1,776.05,777.67,696749,5418.4,22126,337336,48.42,Logistics
2022-12-06,CONCOR, EQ, 06-Dec-2022,776.05,776.05,777.25,760.05,764.7,764.6,765.96,690001,5285.13,38788,304241,44.09,Logistics
2022-12-07,CONCOR, EQ, 07-Dec-2022,764.6,766.0,781.0,763.15,771.1,769.8,772.79,1329379,10273.36,37228,563685,42.4,Logistics
2022-12-08,CONCOR, EQ, 08-Dec-2022,769.8,771.95,788.85,770.25,785.0,786.05,783.68,1656753,12983.59,33431,521272,31.46,Logistics
2022-12-09,CONCOR, EQ, 09-Dec-2022,786.05,789.05,791.95,768.4,774.95,774.05,782.18,1097105,8581.33,40657,465411,42.42,Logistics
2022-12-12,CONCOR, EQ, 12-Dec-2022,774.05,774.0,777.0,765.05,770.25,772.25,771.59,893776,6896.27,36426,483498,54.1,Logistics
2022-12-13,CONCOR, EQ, 13-Dec-2022,772.25,772.8,779.85,767.25,776.55,777.6,774.73,723322,5603.78,32744,362006,50.05,Logistics
2022-12-14,CONCOR, EQ, 14-Dec-2022,777.6,776.5,779.75,770.1,771.6,773.2,774.6,1185921,9186.18,48717,732267,61.75,Logistics
2022-12-15,CONCOR, EQ, 15-Dec-2022,773.2,772.5,779.35,762.0,762.0,765.55,771.58,663406,5118.71,31729,261294,39.39,Logistics
2022-12-16,CONCOR, EQ, 16-Dec-2022,765.55,762.0,762.7,735.0,740.55,741.3,744.41,2097103,15611.08,49155,1133175,54.04,Logistics
2022-12-19,CONCOR, EQ, 19-Dec-2022,741.3,741.3,745.1,730.35,740.1,741.8,738.55,881231,6508.34,26302,485361,55.08,Logistics
2022-12-20,CONCOR, EQ, 20-Dec-2022,741.8,740.0,750.0,734.4,748.5,747.2,741.45,699589,5187.12,23134,341555,48.82,Logistics
2022-12-21,CONCOR, EQ, 21-Dec-2022,747.2,751.0,766.4,741.35,745.15,747.2,754.82,1553921,11729.38,37931,649581,41.8,Logistics
2022-12-22,CONCOR, EQ, 22-Dec-2022,747.2,744.0,755.2,737.3,748.5,749.75,747.73,884868,6616.41,22316,368085,41.6,Logistics
2022-12-23,CONCOR, EQ, 23-Dec-2022,749.75,743.95,749.0,710.0,711.0,712.3,724.9,1015159,7358.89,29102,318593,31.38,Logistics
2022-12-26,CONCOR, EQ, 26-Dec-2022,712.3,711.0,732.85,703.0,726.95,728.1,724.52,456662,3308.62,18945,122501,26.83,Logistics
2022-12-27,CONCOR, EQ, 27-Dec-2022,728.1,729.95,739.25,719.05,729.0,729.65,723.64,919748,6655.65,28856,422154,45.9,Logistics
2022-12-28,CONCOR, EQ, 28-Dec-2022,729.65,729.65,732.45,717.95,726.6,725.3,725.31,593700,4306.15,19112,234844,39.56,Logistics
2022-12-29,CONCOR, EQ, 29-Dec-2022,725.3,725.2,730.9,719.5,728.2,728.2,724.28,448214,3246.33,14424,135258,30.18,Logistics
2022-12-30,CONCOR, EQ, 30-Dec-2022,728.2,728.9,746.4,728.25,741.0,738.8,740.09,595684,4408.61,15448,191762,32.19,Logistics
2023-01-02,CONCOR, EQ, 02-Jan-2023,738.8,744.4,746.95,737.45,741.2,740.25,740.78,393433,2914.49,19220,160389,40.77,Logistics
2023-01-03,CONCOR, EQ, 03-Jan-2023,740.25,743.0,752.75,740.0,744.9,744.0,745.4,938743,6997.41,36693,348882,37.16,Logistics
2023-01-04,CONCOR, EQ, 04-Jan-2023,744.0,744.0,747.2,727.15,730.35,730.3,733.12,665508,4878.96,50743,385306,57.9,Logistics
2023-01-05,CONCOR, EQ, 05-Jan-2023,730.3,734.0,743.75,730.0,741.55,740.95,735.65,730194,5371.67,52750,394826,54.07,Logistics
2023-01-06,CONCOR, EQ, 06-Jan-2023,740.95,744.65,747.0,729.3,734.55,736.45,737.74,961838,7095.87,22873,664455,69.08,Logistics
2023-01-09,CONCOR, EQ, 09-Jan-2023,736.45,740.1,752.45,736.7,744.45,747.2,747.35,1198453,8956.64,45024,693175,57.84,Logistics
2023-01-10,CONCOR, EQ, 10-Jan-2023,747.2,745.0,746.0,712.35,722.75,722.1,727.32,1781454,12956.87,52759,969753,54.44,Logistics
2023-01-11,CONCOR, EQ, 11-Jan-2023,722.1,720.0,726.6,714.15,721.8,721.25,721.16,1437759,10368.59,47979,1031378,71.74,Logistics
2023-01-12,CONCOR, EQ, 12-Jan-2023,721.25,727.0,735.0,716.65,724.75,722.1,724.25,1948172,14109.71,87646,1045169,53.65,Logistics
2023-01-13,CONCOR, EQ, 13-Jan-2023,722.1,723.0,724.5,704.0,714.05,713.05,710.73,1502850,10681.18,64251,968156,64.42,Logistics
2023-01-16,CONCOR, EQ, 16-Jan-2023,713.05,713.05,720.9,704.05,708.95,708.75,709.64,1776052,12603.49,66552,1212417,68.26,Logistics
2023-01-17,CONCOR, EQ, 17-Jan-2023,708.75,705.0,706.0,691.15,696.65,695.45,696.48,1997860,13914.72,111435,1359704,68.06,Logistics
2023-01-18,CONCOR, EQ, 18-Jan-2023,695.45,695.0,709.7,692.55,704.35,705.15,703.78,1939323,13648.58,75379,1249007,64.4,Logistics
2023-01-19,CONCOR, EQ, 19-Jan-2023,705.15,705.15,713.5,703.0,710.1,711.55,710.27,980055,6961.03,64076,586466,59.84,Logistics
2023-01-20,CONCOR, EQ, 20-Jan-2023,711.55,711.55,716.5,702.6,704.0,705.65,711.07,903700,6425.96,40310,518898,57.42,Logistics
2023-01-23,CONCOR, EQ, 23-Jan-2023,705.65,705.95,706.75,693.25,702.0,700.9,699.06,1352095,9452.01,63301,689542,51.0,Logistics
2023-01-24,CONCOR, EQ, 24-Jan-2023,700.9,690.6,690.6,677.0,678.5,680.35,682.43,3358161,22917.17,91735,1744440,51.95,Logistics
2023-01-25,CONCOR, EQ, 25-Jan-2023,680.35,678.5,679.95,645.0,648.3,649.6,657.26,3914593,25729.13,145889,2590669,66.18,Logistics
2023-01-27,CONCOR, EQ, 27-Jan-2023,649.6,652.0,652.0,627.2,641.8,640.1,636.29,3113086,19808.12,82067,1823749,58.58,Logistics
2023-01-30,CONCOR, EQ, 30-Jan-2023,640.1,639.0,640.0,620.5,625.9,625.2,629.92,3125830,19690.19,98090,2149041,68.75,Logistics
2023-01-31,CONCOR, EQ, 31-Jan-2023,625.2,630.0,631.0,621.3,631.0,628.45,625.42,4169337,26076.02,135792,3100452,74.36,Logistics
2023-02-01,CONCOR, EQ, 01-Feb-2023,628.45,638.0,638.6,599.85,608.95,611.35,625.45,3147909,19688.54,79218,1564168,49.69,Logistics
2023-02-02,CONCOR, EQ, 02-Feb-2023,611.35,609.0,614.15,595.1,609.95,608.1,604.03,2971650,17949.53,76669,1612140,54.25,Logistics
2023-02-03,CONCOR, EQ, 03-Feb-2023,608.1,614.0,614.5,591.25,611.7,613.1,605.07,1174302,7105.38,43350,396828,33.79,Logistics
2023-02-06,CONCOR, EQ, 06-Feb-2023,613.1,606.0,618.3,604.3,616.0,616.2,613.11,1197165,7339.96,27881,652321,54.49,Logistics
2023-02-07,CONCOR, EQ, 07-Feb-2023,616.2,620.0,628.5,614.9,626.0,624.7,621.9,1794623,11160.73,35178,921900,51.37,Logistics
2023-02-08,CONCOR, EQ, 08-Feb-2023,624.7,623.9,623.9,602.3,615.95,616.35,612.27,1945286,11910.42,34173,817710,42.04,Logistics
2023-02-09,CONCOR, EQ, 09-Feb-2023,616.35,619.0,619.6,610.0,617.25,617.45,616.28,548142,3378.1,13135,213081,38.87,Logistics
2023-02-10,CONCOR, EQ, 10-Feb-2023,617.45,617.0,618.0,605.1,609.8,609.45,608.74,1796947,10938.82,49792,1170988,65.17,Logistics
2023-02-13,CONCOR, EQ, 13-Feb-2023,609.45,609.1,625.0,609.1,615.4,615.8,616.19,1295628,7983.55,30847,569660,43.97,Logistics
2023-02-14,CONCOR, EQ, 14-Feb-2023,615.8,616.0,620.7,609.0,615.0,615.35,614.55,552163,3393.31,20187,251405,45.53,Logistics
2023-02-15,CONCOR, EQ, 15-Feb-2023,615.35,617.5,623.9,615.35,621.05,621.25,620.79,904807,5616.93,18505,591484,65.37,Logistics
2023-02-16,CONCOR, EQ, 16-Feb-2023,621.25,625.0,625.0,611.0,613.45,613.3,615.24,1066829,6563.53,21095,677042,63.46,Logistics
2023-02-17,CONCOR, EQ, 17-Feb-2023,613.3,610.9,613.7,600.65,609.0,607.25,607.17,1520087,9229.47,36973,930188,61.19,Logistics
2023-02-20,CONCOR, EQ, 20-Feb-2023,607.25,609.0,611.75,604.55,610.3,609.3,609.08,1186755,7228.32,21089,764012,64.38,Logistics
2023-02-21,CONCOR, EQ, 21-Feb-2023,609.3,615.0,615.0,594.2,595.0,595.85,600.5,1870148,11230.15,39044,1065630,56.98,Logistics
2023-02-22,CONCOR, EQ, 22-Feb-2023,595.85,596.25,596.25,584.45,588.45,586.9,588.09,4515924,26557.62,48348,3403158,75.36,Logistics
2023-02-23,CONCOR, EQ, 23-Feb-2023,586.9,588.0,589.9,580.05,589.9,587.7,586.01,1375261,8059.12,25398,832406,60.53,Logistics
2023-02-24,CONCOR, EQ, 24-Feb-2023,587.7,590.8,600.0,589.1,593.95,594.05,593.81,2479933,14726.02,42080,1766833,71.25,Logistics
2023-02-27,CONCOR, EQ, 27-Feb-2023,594.05,594.05,594.5,582.5,594.4,590.25,588.23,1261689,7421.61,23602,521031,41.3,Logistics
2023-02-28,CONCOR, EQ, 28-Feb-2023,590.25,593.25,599.45,587.7,591.0,590.5,593.86,1500634,8911.72,19086,937225,62.46,Logistics
2023-03-01,CONCOR, EQ, 01-Mar-2023,590.5,591.0,601.7,591.0,600.5,599.2,597.51,1549355,9257.62,20867,1108433,71.54,Logistics
2023-03-02,CONCOR, EQ, 02-Mar-2023,599.2,600.0,602.7,593.0,594.0,594.3,597.62,1448939,8659.09,25746,1037286,71.59,Logistics
2023-03-03,CONCOR, EQ, 03-Mar-2023,594.3,596.75,610.25,596.0,605.0,605.1,604.18,2457928,14850.43,52949,1628391,66.25,Logistics
2023-03-06,CONCOR, EQ, 06-Mar-2023,605.1,608.45,612.05,601.25,602.0,602.25,605.09,1461696,8844.59,31714,948607,64.9,Logistics
2023-03-08,CONCOR, EQ, 08-Mar-2023,602.25,604.45,608.6,595.9,608.0,606.25,601.77,1653598,9950.82,25739,1145475,69.27,Logistics
2023-03-09,CONCOR, EQ, 09-Mar-2023,606.25,607.25,609.3,593.0,594.0,594.85,600.4,1152608,6920.23,31336,690503,59.91,Logistics
2023-03-10,CONCOR, EQ, 10-Mar-2023,594.85,592.5,592.5,584.25,585.45,585.1,586.93,1033672,6066.93,22729,677342,65.53,Logistics
2023-03-13,CONCOR, EQ, 13-Mar-2023,585.1,585.0,587.0,576.4,580.0,580.1,580.21,885826,5139.63,27722,480406,54.23,Logistics
2023-03-14,CONCOR, EQ, 14-Mar-2023,580.1,575.0,588.0,574.8,588.0,585.65,581.29,1065171,6191.77,40167,617921,58.01,Logistics
2023-03-15,CONCOR, EQ, 15-Mar-2023,585.65,592.8,592.8,581.25,589.0,589.9,588.84,1083513,6380.2,39709,660185,60.93,Logistics
2023-03-16,CONCOR, EQ, 16-Mar-2023,589.9,589.95,593.75,582.65,593.5,592.35,590.42,696941,4114.85,37933,406887,58.38,Logistics
2023-03-17,CONCOR, EQ, 17-Mar-2023,592.35,594.95,596.4,587.35,595.5,594.6,593.1,1238581,7345.99,32067,872088,70.41,Logistics
2023-03-20,CONCOR, EQ, 20-Mar-2023,594.6,598.4,598.4,581.65,594.25,593.05,588.74,1188606,6997.8,25235,758569,63.82,Logistics
2023-03-21,CONCOR, EQ, 21-Mar-2023,593.05,594.8,598.15,588.75,596.0,595.6,594.59,937449,5573.96,23195,598052,63.8,Logistics
2023-03-22,CONCOR, EQ, 22-Mar-2023,595.6,597.0,600.0,591.2,594.05,593.65,594.8,641602,3816.28,23013,336987,52.52,Logistics
2023-03-23,CONCOR, EQ, 23-Mar-2023,593.65,591.1,593.85,586.45,589.0,590.25,590.5,599565,3540.42,12603,307819,51.34,Logistics
2023-03-24,CONCOR, EQ, 24-Mar-2023,590.25,587.9,590.45,580.25,584.0,583.25,585.26,835509,4889.86,18768,471898,56.48,Logistics
2023-03-27,CONCOR, EQ, 27-Mar-2023,583.25,580.6,586.25,571.75,578.7,579.05,579.7,688050,3988.65,16673,280553,40.78,Logistics
2023-03-28,CONCOR, EQ, 28-Mar-2023,579.05,580.0,581.95,560.0,562.0,563.25,565.62,997911,5644.38,29945,521880,52.3,Logistics
2023-03-29,CONCOR, EQ, 29-Mar-2023,563.25,560.0,572.5,555.0,570.1,569.7,566.8,1309935,7424.65,28963,761415,58.13,Logistics
2023-03-31,CONCOR, EQ, 31-Mar-2023,569.7,579.95,584.0,570.35,579.8,580.25,579.77,582696,3378.29,24126,275732,47.32,Logistics
2023-04-03,CONCOR, EQ, 03-Apr-2023,580.25,585.95,585.95,575.5,581.0,580.85,579.66,538447,3121.15,15117,257403,47.8,Logistics
2023-04-05,CONCOR, EQ, 05-Apr-2023,580.85,582.9,582.9,570.0,572.95,573.0,572.99,1070172,6131.98,21930,679687,63.51,Logistics
2023-04-06,CONCOR, EQ, 06-Apr-2023,573.0,573.0,575.1,568.85,571.55,570.65,570.88,848250,4842.47,15236,532872,62.82,Logistics
2023-04-10,CONCOR, EQ, 10-Apr-2023,570.65,574.0,581.95,571.7,577.0,577.35,577.25,1113760,6429.22,23441,662396,59.47,Logistics
2023-04-11,CONCOR, EQ, 11-Apr-2023,577.35,581.0,598.0,580.0,592.1,591.85,591.28,4732134,27980.21,78710,2429747,51.35,Logistics
2023-04-12,CONCOR, EQ, 12-Apr-2023,591.85,594.9,602.5,590.1,600.8,600.95,598.66,1141713,6834.93,32058,552972,48.43,Logistics
2023-04-13,CONCOR, EQ, 13-Apr-2023,600.95,601.3,606.2,594.1,604.4,604.65,603.02,1072943,6470.09,30730,478179,44.57,Logistics
2023-04-17,CONCOR, EQ, 17-Apr-2023,604.65,603.0,609.0,598.0,603.8,605.05,603.54,525069,3169.0,16311,240668,45.84,Logistics
2023-04-18,CONCOR, EQ, 18-Apr-2023,605.05,605.3,611.65,601.7,609.0,608.65,608.0,844348,5133.65,26845,434102,51.41,Logistics
2023-04-19,CONCOR, EQ, 19-Apr-2023,608.65,611.0,611.0,598.0,599.1,599.4,602.49,566828,3415.09,17286,313022,55.22,Logistics
2023-04-20,CONCOR, EQ, 20-Apr-2023,599.4,616.95,623.8,608.2,612.0,611.6,616.22,3481181,21451.56,63459,383733,11.02,Logistics
2023-04-21,CONCOR, EQ, 21-Apr-2023,611.6,613.2,615.4,603.6,608.95,608.2,608.27,767883,4670.78,18900,332462,43.3,Logistics
2023-04-24,CONCOR, EQ, 24-Apr-2023,608.2,608.2,609.75,600.75,604.0,603.1,603.79,402750,2431.77,11536,154240,38.3,Logistics
2023-04-25,CONCOR, EQ, 25-Apr-2023,603.1,603.1,606.0,600.05,604.75,604.35,603.21,558965,3371.71,17027,273788,48.98,Logistics
2023-04-26,CONCOR, EQ, 26-Apr-2023,604.35,601.95,612.0,599.0,609.0,610.6,606.88,938468,5695.33,25597,478726,51.01,Logistics
2023-04-27,CONCOR, EQ, 27-Apr-2023,610.6,611.5,612.3,602.5,607.0,606.8,607.66,705190,4285.19,17671,395831,56.13,Logistics
2023-04-28,CONCOR, EQ, 28-Apr-2023,606.8,608.5,614.5,607.2,610.8,611.7,611.13,1013705,6195.09,21410,624132,61.57,Logistics
2023-05-02,CONCOR, EQ, 02-May-2023,611.7,614.9,623.3,611.4,619.5,620.85,618.67,1046906,6476.86,30230,580630,55.46,Logistics
2023-05-03,CONCOR, EQ, 03-May-2023,620.85,620.6,625.9,617.7,623.75,623.6,622.34,1502363,9349.8,24712,1007849,67.08,Logistics
2023-05-04,CONCOR, EQ, 04-May-2023,623.6,622.95,633.95,622.95,633.35,633.0,630.6,1325697,8359.82,26568,741760,55.95,Logistics
2023-05-05,CONCOR, EQ, 05-May-2023,633.0,636.0,636.05,620.1,622.6,623.7,625.24,797805,4988.17,17044,428272,53.68,Logistics
2023-05-08,CONCOR, EQ, 08-May-2023,623.7,623.7,636.85,623.2,634.7,635.85,633.19,949897,6014.69,17000,635449,66.9,Logistics
2023-05-09,CONCOR, EQ, 09-May-2023,635.85,638.8,641.0,629.85,635.5,634.9,635.66,721060,4583.46,14617,419856,58.23,Logistics
2023-05-10,CONCOR, EQ, 10-May-2023,634.9,636.0,643.0,630.0,642.0,639.65,636.53,442717,2818.04,16059,237848,53.72,Logistics
2023-05-11,CONCOR, EQ, 11-May-2023,639.65,641.9,645.75,636.9,642.3,642.05,641.13,708501,4542.42,18881,416354,58.77,Logistics
2023-05-12,CONCOR, EQ, 12-May-2023,642.05,642.05,646.35,635.25,637.6,638.25,642.34,534620,3434.07,22413,278341,52.06,Logistics
2023-05-15,CONCOR, EQ, 15-May-2023,638.25,638.0,647.45,636.05,646.05,646.85,645.76,748724,4834.99,15433,536752,71.69,Logistics
2023-05-16,CONCOR, EQ, 16-May-2023,646.85,646.0,649.6,640.15,642.55,643.2,643.27,903952,5814.86,16522,667595,73.85,Logistics
2023-05-17,CONCOR, EQ, 17-May-2023,643.2,643.0,647.5,635.5,639.6,639.3,642.56,1030002,6618.39,26181,756281,73.43,Logistics
2023-05-18,CONCOR, EQ, 18-May-2023,639.3,643.35,643.35,628.2,630.0,631.4,634.35,1677962,10644.13,22200,1285964,76.64,Logistics
2023-05-19,CONCOR, EQ, 19-May-2023,631.4,625.0,630.35,610.0,627.0,626.35,622.01,2513385,15633.51,40072,1489174,59.25,Logistics
2023-05-22,CONCOR, EQ, 22-May-2023,626.35,630.0,646.1,622.25,644.0,644.9,638.88,908178,5802.21,23818,414414,45.63,Logistics
2023-05-23,CONCOR, EQ, 23-May-2023,644.9,648.3,663.55,641.4,662.0,661.2,654.92,1255607,8223.24,30954,449067,35.76,Logistics
2023-05-24,CONCOR, EQ, 24-May-2023,661.2,660.95,667.65,656.25,666.0,661.7,664.29,1290952,8575.71,25436,733833,56.84,Logistics
2023-05-25,CONCOR, EQ, 25-May-2023,661.7,660.95,670.0,659.8,667.95,668.45,665.86,769540,5124.02,17313,306380,39.81,Logistics
2023-05-26,CONCOR, EQ, 26-May-2023,668.45,668.0,674.9,664.15,671.05,672.75,670.26,421631,2826.03,13942,184404,43.74,Logistics
2023-05-29,CONCOR, EQ, 29-May-2023,672.75,672.75,678.5,667.0,673.95,673.7,674.91,845659,5707.42,17009,506399,59.88,Logistics
2023-05-30,CONCOR, EQ, 30-May-2023,673.7,675.9,675.9,663.1,670.7,670.45,668.69,753031,5035.42,23511,492925,65.46,Logistics
2023-05-31,CONCOR, EQ, 31-May-2023,670.45,667.1,677.65,667.1,671.5,670.95,671.53,882663,5927.33,26113,638460,72.33,Logistics
2023-06-01,CONCOR, EQ, 01-Jun-2023,670.95,671.5,674.85,658.0,659.4,659.45,666.95,377426,2517.25,9176,229707,60.86,Logistics
2023-06-02,CONCOR, EQ, 02-Jun-2023,659.45,659.5,668.0,659.5,667.0,667.05,666.48,894538,5961.93,16956,711790,79.57,Logistics
2023-06-05,CONCOR, EQ, 05-Jun-2023,667.05,672.5,680.0,664.1,670.55,671.5,668.41,1604415,10724.05,28222,1135227,70.76,Logistics
2023-06-06,CONCOR, EQ, 06-Jun-2023,671.5,672.2,674.8,664.6,669.9,670.3,669.03,273405,1829.17,14149,122342,44.75,Logistics
2023-06-07,CONCOR, EQ, 07-Jun-2023,670.3,672.7,676.1,665.6,673.6,672.6,672.93,331455,2230.48,19353,185319,55.91,Logistics
2023-06-08,CONCOR, EQ, 08-Jun-2023,672.6,674.0,688.0,669.4,675.25,674.15,679.25,948257,6441.04,31675,311358,32.83,Logistics
2023-06-09,CONCOR, EQ, 09-Jun-2023,674.15,674.0,683.3,665.95,678.2,673.45,675.77,682120,4609.59,23002,180681,26.49,Logistics
2023-06-12,CONCOR, EQ, 12-Jun-2023,673.45,665.0,671.15,651.7,663.0,663.4,661.63,1405896,9301.81,32754,732814,52.12,Logistics
2023-06-13,CONCOR, EQ, 13-Jun-2023,663.4,662.0,666.15,646.05,653.5,651.05,652.44,3992107,26046.13,32466,3262812,81.73,Logistics
2023-06-14,CONCOR, EQ, 14-Jun-2023,651.05,655.0,665.55,651.3,662.5,662.3,658.95,1913846,12611.25,58662,1261107,65.89,Logistics
2023-06-15,CONCOR, EQ, 15-Jun-2023,662.3,659.75,669.4,655.0,660.0,659.45,663.51,1467295,9735.63,30940,984922,67.13,Logistics
2023-06-16,CONCOR, EQ, 16-Jun-2023,659.45,665.0,670.0,658.05,669.0,668.3,665.14,1114808,7415.06,29317,792549,71.09,Logistics
2023-06-19,CONCOR, EQ, 19-Jun-2023,668.3,671.8,671.8,659.0,659.9,660.95,662.93,1260021,8353.07,22826,852029,67.62,Logistics
2023-06-20,CONCOR, EQ, 20-Jun-2023,660.95,651.95,653.95,629.2,637.5,636.35,635.84,2796342,17780.29,57373,1168890,41.8,Logistics
2023-06-21,CONCOR, EQ, 21-Jun-2023,636.35,638.0,654.2,637.45,653.0,653.15,649.4,1522352,9886.18,48033,873193,57.36,Logistics
2023-06-22,CONCOR, EQ, 22-Jun-2023,653.15,654.0,654.0,640.0,642.0,642.45,646.7,1073821,6944.42,23909,808386,75.28,Logistics
2023-06-23,CONCOR, EQ, 23-Jun-2023,642.45,642.45,649.8,633.05,639.2,642.4,642.7,653943,4202.87,33635,338196,51.72,Logistics
2023-06-26,CONCOR, EQ, 26-Jun-2023,642.4,642.7,650.9,632.45,649.05,649.8,645.47,685285,4423.33,36650,425105,62.03,Logistics
2023-06-27,CONCOR, EQ, 27-Jun-2023,649.8,649.8,653.55,641.45,647.0,648.75,648.11,1023867,6635.8,35524,718642,70.19,Logistics
2023-06-28,CONCOR, EQ, 28-Jun-2023,648.75,648.95,658.3,646.25,657.0,657.1,652.97,618303,4037.31,19872,390292,63.12,Logistics
2023-06-30,CONCOR, EQ, 30-Jun-2023,657.1,658.0,663.6,652.25,660.9,661.8,658.67,580747,3825.2,16216,301781,51.96,Logistics
2023-07-03,CONCOR, EQ, 03-Jul-2023,661.8,667.0,677.35,655.35,658.4,657.05,664.58,1034099,6872.44,37666,410452,39.69,Logistics
2023-07-04,CONCOR, EQ, 04-Jul-2023,657.05,666.0,666.5,655.8,664.1,664.7,662.87,1051281,6968.68,15317,692233,65.85,Logistics
2023-07-05,CONCOR, EQ, 05-Jul-2023,664.7,665.0,674.9,658.4,673.0,673.05,669.53,1193025,7987.6,38146,541181,45.36,Logistics
2023-07-06,CONCOR, EQ, 06-Jul-2023,673.05,674.0,691.55,671.0,689.15,690.0,683.93,1338976,9157.72,48162,714652,53.37,Logistics
2023-07-07,CONCOR, EQ, 07-Jul-2023,690.0,692.45,692.6,666.0,671.0,670.65,678.65,781925,5306.57,28324,352095,45.03,Logistics
2023-07-10,CONCOR, EQ, 10-Jul-2023,670.65,674.95,674.95,659.0,671.7,671.65,666.79,584713,3898.8,19944,223604,38.24,Logistics
2023-07-11,CONCOR, EQ, 11-Jul-2023,671.65,671.7,682.5,667.45,677.4,677.25,678.38,1007871,6837.23,18482,621859,61.7,Logistics
2023-07-12,CONCOR, EQ, 12-Jul-2023,677.25,678.0,684.0,672.0,683.5,683.15,680.88,828232,5639.23,28159,560544,67.68,Logistics
2023-07-13,CONCOR, EQ, 13-Jul-2023,683.15,683.25,686.95,675.1,680.0,678.35,682.31,707954,4830.44,31609,411809,58.17,Logistics
2023-07-14,CONCOR, EQ, 14-Jul-2023,678.35,678.5,690.0,677.25,689.0,688.8,684.64,554148,3793.9,19155,281092,50.73,Logistics
2023-07-17,CONCOR, EQ, 17-Jul-2023,688.8,684.4,694.15,663.1,682.8,684.7,683.07,1636750,11180.08,29039,1121152,68.5,Logistics
2023-07-18,CONCOR, EQ, 18-Jul-2023,684.7,684.0,691.65,673.35,682.0,681.05,680.93,665435,4531.16,20903,485046,72.89,Logistics
2023-07-19,CONCOR, EQ, 19-Jul-2023,681.05,680.0,690.0,670.25,686.4,685.9,685.42,832127,5703.55,33463,564280,67.81,Logistics
2023-07-20,CONCOR, EQ, 20-Jul-2023,685.9,690.0,705.0,682.6,684.85,685.7,693.74,1698375,11782.26,46184,517034,30.44,Logistics
2023-07-21,CONCOR, EQ, 21-Jul-2023,685.7,684.35,685.45,671.6,675.1,674.9,676.52,1377045,9316.02,29500,851932,61.87,Logistics
2023-07-24,CONCOR, EQ, 24-Jul-2023,674.9,678.0,687.45,666.0,680.75,680.55,680.1,905295,6156.91,16287,532185,58.79,Logistics
2023-07-25,CONCOR, EQ, 25-Jul-2023,680.55,685.0,687.0,674.1,680.95,679.55,678.33,1182873,8023.78,20367,870085,73.56,Logistics
2023-07-26,CONCOR, EQ, 26-Jul-2023,679.55,680.0,687.0,677.1,679.3,678.95,682.08,504923,3443.99,17816,240900,47.71,Logistics
2023-07-27,CONCOR, EQ, 27-Jul-2023,678.95,682.0,683.5,670.5,674.65,675.05,675.39,561343,3791.25,22854,318660,56.77,Logistics
2023-07-28,CONCOR, EQ, 28-Jul-2023,675.05,675.0,690.95,671.45,688.5,689.75,682.99,1040732,7108.14,32088,614219,59.02,Logistics
2023-07-31,CONCOR, EQ, 31-Jul-2023,689.75,689.0,698.8,684.55,694.25,694.7,693.64,1015449,7043.58,28013,679526,66.92,Logistics
2023-08-01,CONCOR, EQ, 01-Aug-2023,694.7,698.75,704.9,690.65,693.25,693.55,696.88,1289474,8986.07,38770,460051,35.68,Logistics
2023-08-02,CONCOR, EQ, 02-Aug-2023,693.55,693.6,696.9,674.0,679.0,679.4,679.76,1130856,7687.08,44877,521143,46.08,Logistics
2023-08-03,CONCOR, EQ, 03-Aug-2023,679.4,673.5,691.0,673.5,691.0,688.95,685.26,626316,4291.87,11826,329068,52.54,Logistics
2023-08-04,CONCOR, EQ, 04-Aug-2023,688.95,694.0,697.0,687.25,695.0,695.15,693.84,468756,3252.43,9695,224722,47.94,Logistics
2023-08-07,CONCOR, EQ, 07-Aug-2023,695.15,691.55,700.0,685.55,699.0,699.0,694.19,565425,3925.14,24017,325933,57.64,Logistics
2023-08-08,CONCOR, EQ, 08-Aug-2023,699.0,702.0,713.0,695.7,713.0,710.65,703.84,1433476,10089.38,42064,938398,65.46,Logistics
2023-08-09,CONCOR, EQ, 09-Aug-2023,710.65,714.45,714.45,697.75,707.2,709.35,707.2,1200579,8490.5,25150,627302,52.25,Logistics
2023-08-10,CONCOR, EQ, 10-Aug-2023,709.35,707.0,709.6,691.65,694.7,696.55,702.31,742235,5212.77,21877,459676,61.93,Logistics
2023-08-11,CONCOR, EQ, 11-Aug-2023,696.55,685.0,687.35,669.0,677.0,677.95,676.85,1982467,13418.39,37962,895857,45.19,Logistics
2023-08-14,CONCOR, EQ, 14-Aug-2023,677.95,665.0,669.95,645.9,665.0,665.05,660.18,2043555,13491.08,33522,1242106,60.78,Logistics
2023-08-16,CONCOR, EQ, 16-Aug-2023,665.05,665.1,665.65,654.15,657.5,658.0,658.46,1110423,7311.7,27567,466913,42.05,Logistics
2023-08-17,CONCOR, EQ, 17-Aug-2023,658.0,658.0,665.95,652.0,663.0,661.05,660.73,1117217,7381.82,27957,816154,73.05,Logistics
2023-08-18,CONCOR, EQ, 18-Aug-2023,661.05,658.95,663.4,652.0,653.5,654.75,657.23,1328417,8730.7,20289,961536,72.38,Logistics
2023-08-21,CONCOR, EQ, 21-Aug-2023,654.75,654.7,661.0,653.0,659.0,657.9,656.08,1406612,9228.51,50735,841965,59.86,Logistics
2023-08-22,CONCOR, EQ, 22-Aug-2023,657.9,659.55,664.1,655.15,662.8,662.5,659.28,608286,4010.28,17240,400741,65.88,Logistics
2023-08-23,CONCOR, EQ, 23-Aug-2023,662.5,663.0,672.9,656.9,660.15,660.7,664.9,836022,5558.75,43814,448717,53.67,Logistics
2023-08-24,CONCOR, EQ, 24-Aug-2023,660.7,664.0,667.7,660.15,663.5,665.1,664.83,304652,2025.42,8723,135702,44.54,Logistics
2023-08-25,CONCOR, EQ, 25-Aug-2023,665.1,664.0,664.5,654.0,663.7,663.3,661.19,685050,4529.47,18906,455077,66.43,Logistics
2023-08-28,CONCOR, EQ, 28-Aug-2023,663.3,664.0,666.9,653.8,663.0,664.1,661.53,1203345,7960.5,31456,526446,43.75,Logistics
2023-08-29,CONCOR, EQ, 29-Aug-2023,664.1,665.85,671.45,658.55,670.05,669.95,668.37,433534,2897.62,11069,244830,56.47,Logistics
2023-08-30,CONCOR, EQ, 30-Aug-2023,669.95,675.0,686.15,668.5,686.1,684.3,680.82,706966,4813.18,17415,353226,49.96,Logistics
2023-08-31,CONCOR, EQ, 31-Aug-2023,684.3,691.0,691.0,670.4,671.65,672.4,678.08,1312643,8900.74,35923,794128,60.5,Logistics
2023-09-01,CONCOR, EQ, 01-Sep-2023,672.4,672.4,691.05,672.4,687.65,687.0,684.29,971508,6647.98,28059,417403,42.96,Logistics
2023-09-04,CONCOR, EQ, 04-Sep-2023,687.0,687.95,695.95,679.3,682.0,681.95,688.17,1051153,7233.67,34557,317887,30.24,Logistics
2023-09-05,CONCOR, EQ, 05-Sep-2023,681.95,680.0,689.35,675.05,687.55,686.25,680.73,769275,5236.66,23944,356970,46.4,Logistics
2023-09-06,CONCOR, EQ, 06-Sep-2023,686.25,686.25,705.0,681.0,698.25,698.5,695.61,1019097,7088.96,27869,360787,35.4,Logistics
2023-09-07,CONCOR, EQ, 07-Sep-2023,698.5,692.0,703.0,688.0,690.0,690.95,694.71,581325,4038.51,14984,289686,49.83,Logistics
2023-09-08,CONCOR, EQ, 08-Sep-2023,690.95,692.0,719.35,688.55,709.6,708.9,707.85,2697140,19091.68,51729,1187038,44.01,Logistics
2023-09-11,CONCOR, EQ, 11-Sep-2023,708.9,716.0,747.7,716.0,734.0,733.6,732.48,4258948,31196.03,101642,1581183,37.13,Logistics
2023-09-12,CONCOR, EQ, 12-Sep-2023,733.6,739.0,739.0,697.5,701.75,699.5,710.53,1524072,10828.96,40961,634627,41.64,Logistics
2023-09-13,CONCOR, EQ, 13-Sep-2023,699.5,697.5,704.0,686.25,698.0,699.1,694.14,1709391,11865.54,26339,1054136,61.67,Logistics
2023-09-14,CONCOR, EQ, 14-Sep-2023,699.1,715.75,725.0,708.05,721.9,722.85,717.49,2836228,20349.53,57708,1281128,45.17,Logistics
2023-09-15,CONCOR, EQ, 15-Sep-2023,722.85,723.0,725.0,714.65,717.5,717.35,718.39,976388,7014.26,24748,585322,59.95,Logistics
2023-09-18,CONCOR, EQ, 18-Sep-2023,717.35,717.35,738.0,706.45,735.65,735.65,730.25,3050555,22276.63,47980,1822193,59.73,Logistics
2023-09-20,CONCOR, EQ, 20-Sep-2023,735.65,732.9,745.8,724.35,741.0,742.2,736.2,2037458,14999.81,36952,1045547,51.32,Logistics
2023-09-21,CONCOR, EQ, 21-Sep-2023,742.2,740.95,746.0,728.9,739.05,740.35,739.08,1413616,10447.7,25419,706318,49.97,Logistics
2023-09-22,CONCOR, EQ, 22-Sep-2023,740.35,738.0,742.2,726.0,728.1,735.0,736.13,1312782,9663.8,29057,910306,69.34,Logistics
2023-09-25,CONCOR, EQ, 25-Sep-2023,735.0,728.15,735.85,719.3,729.0,730.1,727.46,1517999,11042.82,33464,271595,17.89,Logistics
2023-09-26,CONCOR, EQ, 26-Sep-2023,730.1,726.0,735.85,722.9,731.0,731.55,731.98,923602,6760.56,21485,539084,58.37,Logistics
2023-09-27,CONCOR, EQ, 27-Sep-2023,731.55,730.0,733.75,721.55,727.0,723.5,728.65,1156256,8425.12,18968,753651,65.18,Logistics
2023-09-28,CONCOR, EQ, 28-Sep-2023,723.5,722.0,726.55,707.85,708.5,710.2,716.61,1088548,7800.67,19489,564273,51.84,Logistics
2023-09-29,CONCOR, EQ, 29-Sep-2023,710.2,709.9,718.0,707.0,716.35,716.2,713.05,1702263,12138.05,43025,860155,50.53,Logistics
2023-10-03,CONCOR, EQ, 03-Oct-2023,716.2,718.15,719.65,707.55,714.2,713.2,714.24,781987,5585.27,21310,414404,52.99,Logistics
2023-10-04,CONCOR, EQ, 04-Oct-2023,713.2,713.2,718.15,698.55,712.75,712.9,710.15,543728,3861.3,14824,295851,54.41,Logistics
2023-10-05,CONCOR, EQ, 05-Oct-2023,712.9,712.9,725.7,707.75,708.6,709.4,716.75,805424,5772.9,22961,421901,52.38,Logistics
2023-10-06,CONCOR, EQ, 06-Oct-2023,709.4,713.2,717.1,708.55,713.4,715.3,714.42,445913,3185.67,14080,281630,63.16,Logistics
2023-10-09,CONCOR, EQ, 09-Oct-2023,715.3,704.3,713.0,699.35,709.0,709.8,708.11,694946,4921.0,24067,274035,39.43,Logistics
2023-10-10,CONCOR, EQ, 10-Oct-2023,709.8,715.2,717.6,703.85,704.65,704.8,706.84,656117,4637.69,20428,388465,59.21,Logistics
2023-10-11,CONCOR, EQ, 11-Oct-2023,704.8,706.0,708.7,696.05,699.0,698.45,701.7,474477,3329.42,15645,193016,40.68,Logistics
2023-10-12,CONCOR, EQ, 12-Oct-2023,698.45,701.0,704.05,695.35,702.2,701.05,698.76,1786426,12482.82,25996,1406415,78.73,Logistics
2023-10-13,CONCOR, EQ, 13-Oct-2023,701.05,702.1,715.4,695.95,713.0,713.15,710.24,1154348,8198.67,22820,709245,61.44,Logistics
2023-10-16,CONCOR, EQ, 16-Oct-2023,713.15,715.6,718.3,705.45,718.3,716.6,714.39,1370256,9788.98,29965,799588,58.35,Logistics
2023-10-17,CONCOR, EQ, 17-Oct-2023,716.6,720.0,723.3,717.05,723.3,722.5,721.34,802524,5788.97,26035,499403,62.23,Logistics
2023-10-18,CONCOR, EQ, 18-Oct-2023,722.5,722.5,724.7,712.35,716.85,719.35,718.33,1200250,8621.76,20223,962348,80.18,Logistics
2023-10-19,CONCOR, EQ, 19-Oct-2023,719.35,713.8,714.95,706.35,711.55,713.45,712.1,1651315,11759.06,31176,1206111,73.04,Logistics
2023-10-20,CONCOR, EQ, 20-Oct-2023,713.45,710.0,714.85,703.75,705.8,707.95,709.71,1364869,9686.59,30982,996065,72.98,Logistics
2023-10-23,CONCOR, EQ, 23-Oct-2023,707.95,708.25,712.8,694.95,695.95,700.7,704.52,1288944,9080.88,69689,455914,35.37,Logistics
2023-10-25,CONCOR, EQ, 25-Oct-2023,700.7,699.0,712.0,690.85,692.0,694.05,699.36,674117,4714.48,22997,302412,44.86,Logistics
2023-10-26,CONCOR, EQ, 26-Oct-2023,694.05,689.05,704.95,675.0,698.9,691.25,685.29,810939,5557.28,21436,401672,49.53,Logistics
2023-10-27,CONCOR, EQ, 27-Oct-2023,691.25,691.9,703.5,686.3,689.8,689.2,696.59,891975,6213.37,22638,420448,47.14,Logistics
2023-10-30,CONCOR, EQ, 30-Oct-2023,689.2,690.1,698.5,684.0,692.0,688.8,692.39,986581,6830.94,31607,346620,35.13,Logistics
2023-10-31,CONCOR, EQ, 31-Oct-2023,688.8,693.65,694.6,683.4,688.25,688.2,688.52,568594,3914.89,19213,392275,68.99,Logistics
2023-11-01,CONCOR, EQ, 01-Nov-2023,688.2,688.2,689.9,672.2,673.4,675.5,680.48,284653,1937.0,12726,140556,49.38,Logistics
2023-11-02,CONCOR, EQ, 02-Nov-2023,675.5,679.05,686.0,678.55,684.95,682.5,681.94,936398,6385.68,19641,757920,80.94,Logistics
2023-11-03,CONCOR, EQ, 03-Nov-2023,682.5,701.9,719.8,701.1,717.95,713.75,711.49,4841128,34444.06,90175,1969465,40.68,Logistics
2023-11-06,CONCOR, EQ, 06-Nov-2023,713.75,720.0,742.0,718.0,736.05,734.75,734.94,2593068,19057.59,68867,1012482,39.05,Logistics
2023-11-07,CONCOR, EQ, 07-Nov-2023,734.75,737.95,746.0,727.05,742.0,743.0,739.1,702505,5192.18,24309,281571,40.08,Logistics
2023-11-08,CONCOR, EQ, 08-Nov-2023,743.0,743.05,745.65,737.4,740.5,741.75,741.44,409412,3035.54,13157,225630,55.11,Logistics
2023-11-09,CONCOR, EQ, 09-Nov-2023,741.75,739.1,741.95,730.25,737.2,735.35,734.77,399667,2936.63,18916,162590,40.68,Logistics
2023-11-10,CONCOR, EQ, 10-Nov-2023,735.35,735.35,739.0,726.0,739.0,736.85,732.39,488913,3580.75,31853,275772,56.41,Logistics
2023-11-12,CONCOR, EQ, 12-Nov-2023,736.85,737.0,744.0,735.15,739.0,740.25,739.88,85142,629.95,3059,33038,38.8,Logistics
2023-11-13,CONCOR, EQ, 13-Nov-2023,740.25,739.95,742.7,730.6,738.5,737.55,735.86,679954,5003.48,28016,299849,44.1,Logistics
2023-11-15,CONCOR, EQ, 15-Nov-2023,737.55,740.0,761.25,737.85,756.45,755.55,754.01,1248206,9411.59,42867,596274,47.77,Logistics
2023-11-16,CONCOR, EQ, 16-Nov-2023,755.55,755.8,758.55,750.2,750.65,751.7,753.01,1304037,9819.53,54738,892770,68.46,Logistics
2023-11-17,CONCOR, EQ, 17-Nov-2023,751.7,751.7,755.0,745.2,752.0,750.7,751.37,563879,4236.8,36230,342341,60.71,Logistics
2023-11-20,CONCOR, EQ, 20-Nov-2023,750.7,750.7,758.15,745.5,748.25,750.95,752.65,887881,6682.67,49114,451981,50.91,Logistics
2023-11-21,CONCOR, EQ, 21-Nov-2023,750.95,756.0,766.9,747.9,749.65,749.35,756.16,1006393,7609.9,32288,452109,44.92,Logistics
2023-11-22,CONCOR, EQ, 22-Nov-2023,749.35,752.0,757.45,741.45,748.8,749.2,749.71,430759,3229.46,19957,183575,42.62,Logistics
2023-11-23,CONCOR, EQ, 23-Nov-2023,749.2,749.65,753.6,738.3,750.0,751.55,746.59,295661,2207.38,12000,117967,39.9,Logistics
2023-11-24,CONCOR, EQ, 24-Nov-2023,751.55,754.7,754.7,742.0,746.4,748.6,749.26,749709,5617.26,27730,292512,39.02,Logistics
2023-11-28,CONCOR, EQ, 28-Nov-2023,748.6,751.0,769.0,748.0,767.0,766.85,762.11,845708,6445.24,33467,417212,49.33,Logistics
2023-11-29,CONCOR, EQ, 29-Nov-2023,766.85,771.0,771.0,761.1,769.35,768.15,765.76,964233,7383.74,40244,548009,56.83,Logistics
2023-11-30,CONCOR, EQ, 30-Nov-2023,768.15,766.15,777.9,759.05,774.0,776.0,771.73,1424004,10989.49,41789,858836,60.31,Logistics
2023-12-01,CONCOR, EQ, 01-Dec-2023,776.0,775.0,787.95,770.5,785.0,785.15,780.22,1154908,9010.78,39465,648825,56.18,Logistics
2023-12-04,CONCOR, EQ, 04-Dec-2023,785.15,804.0,804.0,787.8,800.0,800.9,798.72,1794043,14329.33,62127,1011398,56.38,Logistics
2023-12-05,CONCOR, EQ, 05-Dec-2023,800.9,800.9,806.4,787.35,796.2,798.1,797.92,1782971,14226.68,53529,1212393,68.0,Logistics
2023-12-06,CONCOR, EQ, 06-Dec-2023,798.1,799.95,806.85,787.4,797.15,798.9,797.82,1233932,9844.55,41800,667846,54.12,Logistics
2023-12-07,CONCOR, EQ, 07-Dec-2023,798.9,799.9,847.05,793.3,847.05,842.35,832.48,3432629,28576.05,112169,910739,26.53,Logistics
2023-12-08,CONCOR, EQ, 08-Dec-2023,842.35,860.0,860.75,830.1,844.95,843.2,844.64,1696687,14330.96,50560,574860,33.88,Logistics
2023-12-11,CONCOR, EQ, 11-Dec-2023,843.2,846.4,846.4,835.55,845.0,844.6,840.98,765109,6434.41,27709,385328,50.36,Logistics
2023-12-12,CONCOR, EQ, 12-Dec-2023,844.6,850.0,867.8,847.0,855.1,855.65,855.13,1287959,11013.77,50320,523608,40.65,Logistics
2023-12-13,CONCOR, EQ, 13-Dec-2023,855.65,855.95,871.2,843.55,861.55,862.75,856.33,3260734,27922.76,55834,2017817,61.88,Logistics
2023-12-14,CONCOR, EQ, 14-Dec-2023,862.75,865.95,879.0,855.25,875.1,875.75,870.5,1759665,15317.89,45572,997748,56.7,Logistics
2023-12-15,CONCOR, EQ, 15-Dec-2023,875.75,879.0,879.9,857.5,861.8,859.9,865.38,1476551,12777.75,30297,1137139,77.01,Logistics
2023-12-18,CONCOR, EQ, 18-Dec-2023,859.9,860.45,873.7,852.2,871.0,869.35,867.64,1740503,15101.23,48862,1054586,60.59,Logistics
2023-12-19,CONCOR, EQ, 19-Dec-2023,869.35,876.0,876.5,855.0,863.45,860.4,862.7,1608667,13878.02,39510,1024667,63.7,Logistics
2023-12-20,CONCOR, EQ, 20-Dec-2023,860.4,869.85,875.95,822.1,824.0,830.6,849.25,1413534,12004.38,47278,622433,44.03,Logistics
2023-12-21,CONCOR, EQ, 21-Dec-2023,830.6,822.35,843.9,816.4,842.4,839.75,834.93,1066836,8907.34,42174,450567,42.23,Logistics
2023-12-22,CONCOR, EQ, 22-Dec-2023,839.75,835.95,841.7,824.25,834.6,832.4,830.74,1541803,12808.33,55394,685913,44.49,Logistics
2023-12-26,CONCOR, EQ, 26-Dec-2023,832.4,835.0,852.4,831.0,840.0,841.75,842.01,876297,7378.55,20731,498820,56.92,Logistics
2023-12-27,CONCOR, EQ, 27-Dec-2023,841.75,841.75,846.9,833.05,837.5,837.65,838.88,1122363,9415.32,32864,716844,63.87,Logistics
2023-12-28,CONCOR, EQ, 28-Dec-2023,837.65,841.5,861.45,838.0,855.0,856.9,853.84,1787246,15260.14,74908,878873,49.17,Logistics
2023-12-29,CONCOR, EQ, 29-Dec-2023,856.9,862.55,867.7,851.0,858.45,859.65,857.87,1071326,9190.55,31825,608928,56.84,Logistics
2024-01-01,CONCOR, EQ, 01-Jan-2024,859.65,860.0,873.8,854.1,860.0,861.2,864.74,759906,6571.18,26881,306396,40.32,Logistics
2024-01-02,CONCOR, EQ, 02-Jan-2024,861.2,864.5,882.7,845.0,882.65,879.65,872.02,1362479,11881.02,45174,653822,47.99,Logistics
2024-01-03,CONCOR, EQ, 03-Jan-2024,879.65,882.95,890.3,869.3,883.9,882.15,882.67,1965216,17346.4,48943,973092,49.52,Logistics
2024-01-04,CONCOR, EQ, 04-Jan-2024,882.15,885.0,932.7,885.0,916.7,913.3,916.63,4075191,37354.34,115884,1425202,34.97,Logistics
2024-01-05,CONCOR, EQ, 05-Jan-2024,913.3,919.25,920.15,886.35,899.75,895.9,902.6,983472,8876.78,39234,430345,43.76,Logistics
2024-01-08,CONCOR, EQ, 08-Jan-2024,895.9,898.85,898.85,868.05,872.95,870.8,879.0,1078181,9477.2,58431,399353,37.04,Logistics
2024-01-09,CONCOR, EQ, 09-Jan-2024,870.8,880.0,896.0,879.2,885.0,885.95,887.61,1385563,12298.36,56035,802977,57.95,Logistics
2024-01-10,CONCOR, EQ, 10-Jan-2024,885.95,886.65,891.5,868.2,886.2,886.3,879.52,997946,8777.18,42187,576445,57.76,Logistics
2024-01-11,CONCOR, EQ, 11-Jan-2024,886.3,895.0,916.5,890.0,901.55,902.85,905.34,1960470,17748.96,81647,962276,49.08,Logistics
2024-01-12,CONCOR, EQ, 12-Jan-2024,902.85,912.95,912.95,881.5,895.0,889.7,889.64,1435565,12771.3,51949,663841,46.24,Logistics
2024-01-15,CONCOR, EQ, 15-Jan-2024,889.7,895.0,906.85,884.65,898.0,901.25,899.43,1027152,9238.47,52059,462441,45.02,Logistics
2024-01-16,CONCOR, EQ, 16-Jan-2024,901.25,903.95,903.95,873.25,883.9,882.7,886.86,1299501,11524.72,43719,855716,65.85,Logistics
2024-01-17,CONCOR, EQ, 17-Jan-2024,882.7,880.0,881.65,843.5,849.8,850.15,862.17,1856770,16008.51,63181,1065619,57.39,Logistics
2024-01-18,CONCOR, EQ, 18-Jan-2024,850.15,850.0,850.0,813.9,844.85,843.65,833.46,2296029,19136.51,78621,1209619,52.68,Logistics
2024-01-19,CONCOR, EQ, 19-Jan-2024,843.65,850.0,867.65,840.6,864.9,858.7,847.83,1564164,13261.38,84142,844556,53.99,Logistics
2024-01-20,CONCOR, EQ, 20-Jan-2024,858.7,868.0,894.6,864.55,873.25,873.35,880.97,1485117,13083.48,53090,382757,25.77,Logistics
2024-01-23,CONCOR, EQ, 23-Jan-2024,873.35,877.95,883.75,817.15,823.05,825.3,839.12,1482258,12437.95,64368,616407,41.59,Logistics
2024-01-24,CONCOR, EQ, 24-Jan-2024,825.3,828.0,843.35,816.65,840.4,841.1,832.44,1124950,9364.5,48882,502491,44.67,Logistics
2024-01-25,CONCOR, EQ, 25-Jan-2024,841.1,844.0,846.35,818.1,825.0,828.65,829.85,1772063,14705.51,85733,887746,50.1,Logistics
2024-01-29,CONCOR, EQ, 29-Jan-2024,828.65,831.0,867.85,815.2,857.8,860.35,851.15,6047472,51472.88,196060,3049391,50.42,Logistics
2024-01-30,CONCOR, EQ, 30-Jan-2024,860.35,868.0,894.5,855.0,867.75,865.45,873.21,6244159,54524.45,141939,3789677,60.69,Logistics
2024-01-31,CONCOR, EQ, 31-Jan-2024,865.45,871.5,892.0,865.0,885.0,887.5,882.41,2756554,24324.22,82663,1469255,53.3,Logistics
2024-02-01,CONCOR, EQ, 01-Feb-2024,887.5,892.7,924.3,872.6,918.8,921.2,903.38,4773808,43125.52,111877,1822308,38.17,Logistics
2024-02-02,CONCOR, EQ, 02-Feb-2024,921.2,937.05,937.9,915.15,921.0,920.05,926.8,3415920,31658.66,80896,1456116,42.63,Logistics
2024-02-05,CONCOR, EQ, 05-Feb-2024,920.05,930.05,951.9,913.05,927.7,930.4,936.42,3238887,30329.63,96626,1171103,36.16,Logistics
2024-02-06,CONCOR, EQ, 06-Feb-2024,930.4,935.9,940.45,920.0,934.3,935.75,933.17,1185651,11064.17,40395,470953,39.72,Logistics
2024-02-07,CONCOR, EQ, 07-Feb-2024,935.75,938.0,939.0,918.05,924.6,922.55,926.34,1022135,9468.44,47157,436150,42.67,Logistics
2024-02-08,CONCOR, EQ, 08-Feb-2024,922.55,928.0,964.0,920.2,950.1,950.85,949.02,3711989,35227.53,107650,1367143,36.83,Logistics
2024-02-09,CONCOR, EQ, 09-Feb-2024,950.85,961.0,971.55,910.1,942.0,943.35,944.23,2799376,26432.55,90644,672182,24.01,Logistics
2024-02-12,CONCOR, EQ, 12-Feb-2024,943.35,951.95,951.95,906.5,912.0,913.65,923.09,2251407,20782.45,85985,665247,29.55,Logistics
2024-02-13,CONCOR, EQ, 13-Feb-2024,913.65,914.9,933.65,894.0,927.5,925.3,919.69,1624595,14941.18,59880,601219,37.01,Logistics
2024-02-14,CONCOR, EQ, 14-Feb-2024,925.3,920.9,942.5,913.0,942.25,939.65,930.94,1538122,14318.94,43030,745188,48.45,Logistics
2024-02-15,CONCOR, EQ, 15-Feb-2024,939.65,949.0,961.65,934.0,951.8,955.15,951.5,1713175,16300.82,49287,693833,40.5,Logistics
2024-02-16,CONCOR, EQ, 16-Feb-2024,955.15,957.0,987.0,951.2,975.2,980.8,976.09,3576995,34914.58,82439,1782362,49.83,Logistics
2024-02-19,CONCOR, EQ, 19-Feb-2024,980.8,984.75,1015.2,966.45,1010.0,1010.25,998.75,3354158,33499.73,86840,1366560,40.74,Logistics
2024-02-20,CONCOR, EQ, 20-Feb-2024,1010.25,1001.5,1013.75,990.0,998.15,999.8,1000.67,3193542,31956.91,73137,1829964,57.3,Logistics
2024-02-21,CONCOR, EQ, 21-Feb-2024,999.8,1004.0,1027.65,986.1,990.85,991.9,1010.61,3854456,38953.65,86424,1694406,43.96,Logistics
2024-02-22,CONCOR, EQ, 22-Feb-2024,991.9,1002.75,1024.0,985.7,1014.85,1013.7,1008.27,2872499,28962.44,61860,1354777,47.16,Logistics
2024-02-23,CONCOR, EQ, 23-Feb-2024,1013.7,1021.5,1021.5,1001.25,1001.9,1004.95,1011.24,1290598,13051.02,57676,739215,57.28,Logistics
2024-02-26,CONCOR, EQ, 26-Feb-2024,1004.95,1004.95,1005.3,978.75,988.0,987.05,988.8,3999562,39547.75,110290,1808292,45.21,Logistics
2024-02-27,CONCOR, EQ, 27-Feb-2024,987.05,987.05,998.4,965.2,974.0,972.05,980.55,1540090,15101.38,53054,930849,60.44,Logistics
2024-02-28,CONCOR, EQ, 28-Feb-2024,972.05,980.2,985.95,951.2,953.7,957.25,963.74,1761906,16980.12,83389,1048884,59.53,Logistics
2024-02-29,CONCOR, EQ, 29-Feb-2024,957.25,952.2,985.65,945.0,985.65,977.4,974.55,3664111,35708.44,59107,2388516,65.19,Logistics
2024-03-01,CONCOR, EQ, 01-Mar-2024,977.4,983.8,988.9,972.35,978.95,978.05,979.83,627986,6153.18,27423,282723,45.02,Logistics
2024-03-02,CONCOR, EQ, 02-Mar-2024,978.05,975.2,986.7,972.65,978.2,981.35,981.78,73811,724.67,4579,31009,42.01,Logistics
2024-03-04,CONCOR, EQ, 04-Mar-2024,981.35,977.05,990.75,972.0,985.1,986.15,983.89,1935494,19043.17,47565,1060165,54.77,Logistics
2024-03-05,CONCOR, EQ, 05-Mar-2024,986.15,984.1,985.2,966.15,968.65,967.95,973.34,1258586,12250.33,29828,680803,54.09,Logistics
2024-03-06,CONCOR, EQ, 06-Mar-2024,967.95,965.0,975.0,949.3,973.05,971.7,962.94,1005912,9686.31,44907,443354,44.07,Logistics
2024-03-07,CONCOR, EQ, 07-Mar-2024,971.7,972.05,975.7,959.05,962.15,964.7,966.85,763240,7379.39,23770,432242,56.63,Logistics
2024-03-11,CONCOR, EQ, 11-Mar-2024,964.7,964.7,971.6,950.75,951.5,955.75,957.34,1674256,16028.34,93558,755932,45.15,Logistics
2024-03-12,CONCOR, EQ, 12-Mar-2024,955.75,955.0,964.0,921.7,923.1,925.0,934.54,817033,7635.49,41165,351632,43.04,Logistics
2024-03-13,CONCOR, EQ, 13-Mar-2024,925.0,918.1,928.7,853.1,859.4,862.45,883.15,3796016,33524.53,162672,2242105,59.06,Logistics
2024-03-14,CONCOR, EQ, 14-Mar-2024,862.45,862.45,921.0,854.95,870.4,867.95,868.82,1997066,17350.82,60343,1154884,57.83,Logistics
2024-03-15,CONCOR, EQ, 15-Mar-2024,867.95,868.05,872.4,845.0,866.55,865.75,858.51,2284557,19613.13,85838,1236049,54.1,Logistics
2024-03-18,CONCOR, EQ, 18-Mar-2024,865.75,868.85,879.4,849.45,855.0,854.9,858.42,1604337,13771.93,70329,695286,43.34,Logistics
2024-03-19,CONCOR, EQ, 19-Mar-2024,854.9,854.0,857.9,827.6,833.8,831.7,838.2,1306629,10952.14,57288,615769,47.13,Logistics
2024-03-20,CONCOR, EQ, 20-Mar-2024,831.7,835.55,843.3,819.45,840.5,839.6,833.47,1182471,9855.56,70428,444859,37.62,Logistics
2024-03-21,CONCOR, EQ, 21-Mar-2024,839.6,851.0,877.55,846.3,871.35,873.2,866.55,2443904,21177.72,76024,1142488,46.75,Logistics
2024-03-22,CONCOR, EQ, 22-Mar-2024,873.2,873.2,880.95,864.6,868.35,868.1,870.34,999736,8701.11,44932,326633,32.67,Logistics
2024-03-26,CONCOR, EQ, 26-Mar-2024,868.1,868.1,880.45,862.75,868.9,868.05,872.06,950457,8288.57,37105,453204,47.68,Logistics
2024-03-27,CONCOR, EQ, 27-Mar-2024,868.05,870.0,887.0,862.2,864.0,866.2,874.13,1643044,14362.33,67735,1003333,61.07,Logistics
2024-03-28,CONCOR, EQ, 28-Mar-2024,866.2,869.0,891.7,864.6,883.0,882.1,881.87,1661176,14649.4,53085,932128,56.11,Logistics
2024-04-01,CONCOR, EQ, 01-Apr-2024,882.1,894.0,908.9,887.75,904.05,902.25,900.73,2133855,19220.3,62517,896274,42.0,Logistics
2024-04-02,CONCOR, EQ, 02-Apr-2024,902.25,904.0,922.2,897.1,916.55,917.1,913.12,1302199,11890.66,47678,500486,38.43,Logistics
2024-04-03,CONCOR, EQ, 03-Apr-2024,917.1,917.1,925.2,909.65,913.05,913.95,916.95,689633,6323.6,31286,235333,34.12,Logistics
2024-04-04,CONCOR, EQ, 04-Apr-2024,913.95,920.0,926.1,910.0,913.35,913.65,917.62,716188,6571.89,29781,270457,37.76,Logistics
2024-04-05,CONCOR, EQ, 05-Apr-2024,913.65,913.65,942.2,905.45,932.0,933.5,931.62,1816263,16920.68,50320,855516,47.1,Logistics
2024-04-08,CONCOR, EQ, 08-Apr-2024,933.5,934.0,936.7,892.0,909.0,911.35,916.34,2331541,21364.89,91880,881634,37.81,Logistics
2024-04-09,CONCOR, EQ, 09-Apr-2024,911.35,921.25,933.85,914.55,924.3,924.4,924.52,1117137,10328.1,40016,442865,39.64,Logistics
2024-04-10,CONCOR, EQ, 10-Apr-2024,924.4,927.7,974.75,925.65,971.0,970.7,961.08,4586719,44081.94,109566,1492270,32.53,Logistics
2024-04-12,CONCOR, EQ, 12-Apr-2024,970.7,969.0,974.95,944.2,948.4,946.8,957.73,997938,9557.55,46334,462693,46.36,Logistics
2024-04-15,CONCOR, EQ, 15-Apr-2024,946.8,934.1,953.85,922.25,929.0,928.9,933.66,2887446,26959.02,88010,1529941,52.99,Logistics
2024-04-16,CONCOR, EQ, 16-Apr-2024,928.9,920.0,959.9,917.1,947.0,946.85,945.16,2600963,24583.35,75997,1210275,46.53,Logistics
2024-04-18,CONCOR, EQ, 18-Apr-2024,946.85,954.7,954.95,920.0,928.0,924.15,936.79,1614368,15123.16,57449,778020,48.19,Logistics
2024-04-19,CONCOR, EQ, 19-Apr-2024,924.15,916.0,933.95,898.35,933.0,926.85,919.31,1884184,17321.42,49901,796757,42.29,Logistics
2024-04-22,CONCOR, EQ, 22-Apr-2024,926.85,939.9,948.4,929.45,945.0,945.75,941.48,1124453,10586.46,35742,498559,44.34,Logistics
2024-04-23,CONCOR, EQ, 23-Apr-2024,945.75,946.0,958.45,939.95,947.85,948.35,952.14,1271123,12102.87,47506,460550,36.23,Logistics
2024-04-24,CONCOR, EQ, 24-Apr-2024,948.35,947.85,976.4,947.8,972.0,973.05,969.28,2166181,20996.36,55661,998344,46.09,Logistics
2024-04-25,CONCOR, EQ, 25-Apr-2024,973.05,981.6,1012.0,968.2,1000.9,1004.8,993.11,3929729,39026.7,87422,1308774,33.3,Logistics
2024-04-26,CONCOR, EQ, 26-Apr-2024,1004.8,1009.95,1079.0,1006.2,1067.0,1068.0,1052.47,7642272,80432.42,187686,2558911,33.48,Logistics
2024-04-29,CONCOR, EQ, 29-Apr-2024,1068.0,1083.0,1083.85,1036.4,1048.5,1049.55,1054.42,3847372,40567.55,95906,2253624,58.58,Logistics
2024-04-30,CONCOR, EQ, 30-Apr-2024,1049.55,1058.0,1059.9,1024.35,1026.25,1028.0,1038.9,2814829,29243.31,71213,1774668,63.05,Logistics
2024-05-02,CONCOR, EQ, 02-May-2024,1028.0,1033.75,1055.55,1028.6,1055.0,1050.5,1047.0,1530017,16019.24,44957,571776,37.37,Logistics
2024-05-03,CONCOR, EQ, 03-May-2024,1050.5,1061.2,1073.75,1048.05,1060.9,1059.45,1063.11,2723333,28952.06,66040,1103998,40.54,Logistics
2024-05-06,CONCOR, EQ, 06-May-2024,1059.45,1069.0,1069.0,1027.75,1028.75,1032.35,1039.26,1290298,13409.6,48411,457483,35.46,Logistics
2024-05-07,CONCOR, EQ, 07-May-2024,1032.35,1033.0,1033.75,985.0,1009.95,1002.35,1002.72,2022960,20284.7,80777,813075,40.19,Logistics
2024-05-08,CONCOR, EQ, 08-May-2024,1002.35,1004.95,1032.0,1000.5,1017.0,1019.05,1018.82,1361317,13869.41,45712,402446,29.56,Logistics
2024-05-09,CONCOR, EQ, 09-May-2024,1019.05,1017.75,1027.0,987.95,990.0,990.6,1004.24,839141,8427.02,32596,296190,35.3,Logistics
2024-05-10,CONCOR, EQ, 10-May-2024,990.6,998.0,1013.0,978.05,999.0,1001.75,1000.33,1407788,14082.55,43805,531634,37.76,Logistics
2024-05-13,CONCOR, EQ, 13-May-2024,1001.75,1009.5,1018.7,993.1,1011.6,1013.2,1005.91,2352890,23667.98,74078,962595,40.91,Logistics
2024-05-14,CONCOR, EQ, 14-May-2024,1013.2,1020.9,1035.0,1005.0,1026.2,1027.1,1022.34,1129308,11545.32,52898,430279,38.1,Logistics
2024-05-15,CONCOR, EQ, 15-May-2024,1027.1,1029.9,1038.6,1021.3,1026.85,1027.2,1031.35,1057905,10910.68,39407,506400,47.87,Logistics
2024-05-16,CONCOR, EQ, 16-May-2024,1027.2,1032.0,1042.0,1019.05,1037.9,1036.4,1033.16,1069653,11051.26,34215,446993,41.79,Logistics
2024-05-17,CONCOR, EQ, 17-May-2024,1036.4,1035.0,1116.05,998.65,1086.0,1087.05,1069.06,12366085,132200.96,309675,2522778,20.4,Logistics
2024-05-18,CONCOR, EQ, 18-May-2024,1087.05,1102.0,1110.0,1098.05,1101.7,1100.9,1103.97,733169,8093.94,20528,368757,50.3,Logistics
2024-05-21,CONCOR, EQ, 21-May-2024,1100.9,1118.0,1119.2,1077.5,1091.95,1093.85,1097.39,3637937,39922.26,104770,1726904,47.47,Logistics
2024-05-22,CONCOR, EQ, 22-May-2024,1093.85,1096.0,1100.0,1070.05,1081.95,1081.8,1083.87,1796314,19469.71,66847,780976,43.48,Logistics
2024-05-23,CONCOR, EQ, 23-May-2024,1081.8,1083.95,1113.25,1076.55,1103.0,1105.85,1101.4,3765254,41470.4,94229,1495588,39.72,Logistics
2024-05-24,CONCOR, EQ, 24-May-2024,1105.85,1109.85,1119.9,1095.95,1100.8,1102.85,1109.47,2248991,24951.79,88205,998459,44.4,Logistics
2024-05-27,CONCOR, EQ, 27-May-2024,1102.85,1113.4,1115.5,1097.65,1102.0,1103.05,1106.98,2770553,30669.48,94377,989918,35.73,Logistics
2024-05-28,CONCOR, EQ, 28-May-2024,1103.05,1106.0,1111.3,1070.3,1079.0,1080.7,1085.63,2215982,24057.42,51670,1155691,52.15,Logistics
2024-05-29,CONCOR, EQ, 29-May-2024,1080.7,1076.95,1097.2,1062.0,1081.0,1084.8,1085.25,1886810,20476.55,41768,1071542,56.79,Logistics
2024-05-30,CONCOR, EQ, 30-May-2024,1084.8,1078.0,1086.7,1063.45,1069.0,1066.05,1073.47,841185,9029.91,44989,413152,49.12,Logistics
2024-05-31,CONCOR, EQ, 31-May-2024,1066.05,1073.0,1080.65,1046.55,1076.0,1074.85,1067.3,2862392,30550.35,75057,1882190,65.76,Logistics
2024-06-03,CONCOR, EQ, 03-Jun-2024,1074.85,1122.0,1180.0,1105.0,1177.0,1174.25,1146.4,7777140,89157.38,158040,3094472,39.79,Logistics
2024-06-04,CONCOR, EQ, 04-Jun-2024,1174.25,1180.0,1180.0,880.7,946.15,948.75,1015.04,11525081,116983.85,281683,4958105,43.02,Logistics
2024-06-05,CONCOR, EQ, 05-Jun-2024,948.75,979.0,1004.9,890.85,991.5,993.25,956.52,9725718,93028.29,258081,4992051,51.33,Logistics
2024-06-06,CONCOR, EQ, 06-Jun-2024,993.25,1014.0,1074.3,1005.1,1056.0,1052.75,1044.61,4231087,44198.3,134909,1355578,32.04,Logistics
2024-06-07,CONCOR, EQ, 07-Jun-2024,1052.75,1057.0,1060.0,1040.5,1053.0,1054.8,1050.37,1823209,19150.5,58184,719692,39.47,Logistics
2024-06-10,CONCOR, EQ, 10-Jun-2024,1054.8,1061.4,1073.85,1042.4,1051.65,1054.95,1055.98,3010024,31785.15,106041,1213250,40.31,Logistics
2024-06-11,CONCOR, EQ, 11-Jun-2024,1054.95,1065.55,1096.5,1052.65,1089.0,1087.8,1087.68,4660360,50689.58,131885,2399218,51.48,Logistics
2024-06-12,CONCOR, EQ, 12-Jun-2024,1087.8,1096.0,1152.0,1089.65,1140.0,1141.35,1136.09,7365867,83682.66,223928,3455828,46.92,Logistics
2024-06-13,CONCOR, EQ, 13-Jun-2024,1141.35,1152.35,1153.4,1126.55,1138.55,1140.3,1138.94,1696148,19318.1,48281,686791,40.49,Logistics
2024-06-14,CONCOR, EQ, 14-Jun-2024,1140.3,1140.0,1146.65,1124.5,1134.8,1139.85,1137.7,2423581,27573.13,112487,1337982,55.21,Logistics
2024-06-18,CONCOR, EQ, 18-Jun-2024,1139.85,1139.85,1144.95,1131.3,1143.0,1140.3,1137.52,823281,9365.02,38609,421365,51.18,Logistics
2024-06-19,CONCOR, EQ, 19-Jun-2024,1140.3,1140.0,1140.0,1101.0,1101.15,1103.05,1113.11,2279630,25374.76,81335,1082843,47.5,Logistics
2024-06-20,CONCOR, EQ, 20-Jun-2024,1103.05,1100.05,1113.55,1087.1,1097.3,1095.95,1101.17,1775105,19546.86,44699,954832,53.79,Logistics
2024-06-21,CONCOR, EQ, 21-Jun-2024,1095.95,1098.0,1115.95,1088.0,1090.0,1090.9,1099.59,1650747,18151.51,43995,929243,56.29,Logistics
2024-06-24,CONCOR, EQ, 24-Jun-2024,1090.9,1080.05,1081.5,1039.4,1052.85,1049.35,1055.69,5176051,54643.12,129834,2607706,50.38,Logistics
2024-06-25,CONCOR, EQ, 25-Jun-2024,1049.35,1059.95,1061.95,1048.3,1051.0,1051.4,1053.47,1670151,17594.47,85263,1067264,63.9,Logistics
2024-06-26,CONCOR, EQ, 26-Jun-2024,1051.4,1051.4,1061.95,1044.0,1047.4,1047.3,1051.98,1596944,16799.5,73720,967705,60.6,Logistics
2024-06-27,CONCOR, EQ, 27-Jun-2024,1047.3,1051.0,1058.3,1029.35,1047.65,1048.0,1044.64,1175750,12282.37,61173,603640,51.34,Logistics
2024-06-28,CONCOR, EQ, 28-Jun-2024,1048.0,1045.1,1054.5,1034.7,1042.5,1042.4,1043.87,1250197,13050.41,49881,760611,60.84,Logistics
2024-07-01,CONCOR, EQ, 01-Jul-2024,1042.4,1039.05,1045.7,1030.7,1036.75,1036.4,1037.57,1207666,12530.4,35387,756121,62.61,Logistics
2024-07-02,CONCOR, EQ, 02-Jul-2024,1036.4,1035.05,1041.55,1017.0,1023.55,1027.3,1029.51,1921959,19786.81,66192,1105464,57.52,Logistics
2024-07-03,CONCOR, EQ, 03-Jul-2024,1027.3,1030.0,1035.0,1015.8,1021.65,1022.55,1021.13,1809188,18474.14,53958,1045940,57.81,Logistics
2024-07-04,CONCOR, EQ, 04-Jul-2024,1022.55,1025.7,1046.3,1024.05,1034.35,1032.55,1037.35,2949896,30600.89,112202,1481142,50.21,Logistics
2024-07-05,CONCOR, EQ, 05-Jul-2024,1032.55,1032.0,1070.3,1027.15,1059.5,1057.9,1055.78,3546969,37448.07,112644,1853531,52.26,Logistics
2024-07-08,CONCOR, EQ, 08-Jul-2024,1057.9,1063.95,1064.7,1033.8,1043.75,1043.15,1047.03,2604978,27274.85,103362,944032,36.24,Logistics
2024-07-09,CONCOR, EQ, 09-Jul-2024,1043.15,1039.05,1055.8,1018.55,1041.5,1040.3,1037.05,2654169,27524.94,78959,1237819,46.64,Logistics
2024-07-10,CONCOR, EQ, 10-Jul-2024,1040.3,1047.9,1048.45,1015.0,1042.45,1044.0,1032.61,2061836,21290.74,61297,1042669,50.57,Logistics
2024-07-11,CONCOR, EQ, 11-Jul-2024,1044.0,1053.9,1068.0,1040.05,1058.0,1059.0,1056.47,2250522,23776.02,57942,1007103,44.75,Logistics
2024-07-12,CONCOR, EQ, 12-Jul-2024,1059.0,1066.8,1066.95,1041.55,1051.4,1057.45,1054.24,2174424,22923.6,67177,922233,42.41,Logistics
2024-07-15,CONCOR, EQ, 15-Jul-2024,1057.45,1062.65,1062.65,1043.3,1055.0,1056.35,1052.31,3021990,31800.85,79355,1939207,64.17,Logistics
2024-07-16,CONCOR, EQ, 16-Jul-2024,1056.35,1071.0,1075.0,1045.25,1047.45,1047.85,1055.29,5977405,63078.69,141759,3818260,63.88,Logistics
2024-07-18,CONCOR, EQ, 18-Jul-2024,1047.85,1061.0,1063.0,1030.0,1038.75,1039.7,1042.54,5805768,60527.67,134925,3267327,56.28,Logistics
2024-07-19,CONCOR, EQ, 19-Jul-2024,1039.7,1037.0,1040.5,1007.2,1009.3,1010.95,1023.27,1911619,19560.98,70370,896979,46.92,Logistics
2024-07-22,CONCOR, EQ, 22-Jul-2024,1010.95,1004.0,1045.95,991.05,1038.0,1039.05,1028.48,2528388,26004.0,81623,792587,31.35,Logistics
2024-07-23,CONCOR, EQ, 23-Jul-2024,1039.05,1054.95,1055.0,988.7,1028.0,1030.25,1030.63,3998368,41208.24,84576,1775350,44.4,Logistics
2024-07-24,CONCOR, EQ, 24-Jul-2024,1030.25,1026.05,1038.4,1020.0,1026.65,1024.3,1026.22,1943815,19947.76,54491,1066666,54.87,Logistics
2024-07-25,CONCOR, EQ, 25-Jul-2024,1024.3,1015.0,1029.0,1008.35,1014.5,1014.9,1019.49,2277785,23221.84,69258,1034750,45.43,Logistics
2024-07-26,CONCOR, EQ, 26-Jul-2024,1014.9,1016.0,1046.05,1016.0,1041.0,1039.95,1033.7,2483148,25668.27,50042,1405744,56.61,Logistics
2024-07-29,CONCOR, EQ, 29-Jul-2024,1039.95,1049.95,1058.15,1037.1,1043.4,1039.95,1046.99,2233424,23383.75,65379,1112790,49.82,Logistics
2024-07-30,CONCOR, EQ, 30-Jul-2024,1039.95,1039.95,1054.7,1038.05,1048.0,1048.65,1048.89,1740727,18258.27,42778,1028756,59.1,Logistics
2024-07-31,CONCOR, EQ, 31-Jul-2024,1048.65,1059.2,1059.2,1038.0,1038.95,1040.45,1044.89,1158486,12104.91,35734,645894,55.75,Logistics
2024-08-01,CONCOR, EQ, 01-Aug-2024,1040.45,1040.75,1044.95,1029.85,1038.55,1038.05,1036.65,1198855,12427.88,37637,606379,50.58,Logistics
2024-08-02,CONCOR, EQ, 02-Aug-2024,1038.05,1029.15,1039.8,1020.55,1028.75,1030.1,1031.26,1186188,12232.69,40151,569418,48.0,Logistics
2024-08-05,CONCOR, EQ, 05-Aug-2024,1030.1,1010.15,1015.1,975.0,975.6,978.25,987.85,3400489,33591.72,116276,1693684,49.81,Logistics
2024-08-06,CONCOR, EQ, 06-Aug-2024,978.25,994.0,1010.05,978.4,986.0,982.5,998.13,1774810,17714.86,59925,638464,35.97,Logistics
2024-08-07,CONCOR, EQ, 07-Aug-2024,982.5,1000.95,1008.2,992.15,1007.0,1004.65,997.43,1618060,16139.09,36960,1003013,61.99,Logistics
2024-08-08,CONCOR, EQ, 08-Aug-2024,1004.65,1009.0,1013.7,993.0,1005.0,997.85,1001.79,1329610,13319.94,46229,543201,40.85,Logistics
2024-08-09,CONCOR, EQ, 09-Aug-2024,997.85,1001.0,1005.05,968.8,980.3,980.8,982.55,3717978,36531.02,93483,1548373,41.65,Logistics
2024-08-12,CONCOR, EQ, 12-Aug-2024,980.8,975.0,983.55,955.75,978.6,980.1,972.79,3086835,30028.37,98649,1446298,46.85,Logistics
2024-08-13,CONCOR, EQ, 13-Aug-2024,980.1,984.9,985.95,954.0,955.5,956.75,969.14,1767025,17124.89,56680,897326,50.78,Logistics
2024-08-14,CONCOR, EQ, 14-Aug-2024,956.75,961.0,963.0,942.2,953.55,951.4,949.63,1483608,14088.74,52466,792512,53.42,Logistics
2024-08-16,CONCOR, EQ, 16-Aug-2024,951.4,955.0,981.0,954.2,977.5,978.95,968.86,1098849,10646.35,39074,454438,41.36,Logistics
2024-08-19,CONCOR, EQ, 19-Aug-2024,978.95,989.8,989.8,959.45,971.0,968.3,968.62,2316816,22441.15,65925,1178325,50.86,Logistics
2024-08-20,CONCOR, EQ, 20-Aug-2024,968.3,971.95,982.9,964.0,979.0,979.6,973.71,937965,9133.02,38745,473908,50.53,Logistics
2024-08-21,CONCOR, EQ, 21-Aug-2024,979.6,979.05,992.4,973.25,990.0,989.2,987.39,1436705,14185.89,28526,846058,58.89,Logistics
2024-08-22,CONCOR, EQ, 22-Aug-2024,989.2,991.0,996.9,985.0,990.0,988.85,990.7,1419281,14060.77,27915,866400,61.04,Logistics
2024-08-23,CONCOR, EQ, 23-Aug-2024,988.85,988.85,999.45,985.9,990.0,990.35,993.54,1843828,18319.09,34956,1154162,62.6,Logistics
2024-08-26,CONCOR, EQ, 26-Aug-2024,990.35,992.0,1001.25,989.65,991.6,992.8,994.05,1634061,16243.39,47892,979009,59.91,Logistics
2024-08-27,CONCOR, EQ, 27-Aug-2024,992.8,992.8,995.6,983.1,984.0,984.95,987.85,1151524,11375.35,38074,710591,61.71,Logistics
2024-08-28,CONCOR, EQ, 28-Aug-2024,984.95,985.0,986.9,970.5,972.0,971.95,978.36,1354925,13256.05,54237,807641,59.61,Logistics
2024-08-29,CONCOR, EQ, 29-Aug-2024,971.95,974.0,974.0,951.1,963.9,963.0,960.68,1775884,17060.55,67773,1066911,60.08,Logistics
2024-08-30,CONCOR, EQ, 30-Aug-2024,963.0,968.95,975.25,962.65,966.95,965.1,967.31,1763647,17059.86,50363,1253801,71.09,Logistics
2024-09-02,CONCOR, EQ, 02-Sep-2024,965.1,969.0,973.15,958.3,962.2,962.1,962.82,1766518,17008.43,70851,1067915,60.45,Logistics
2024-09-03,CONCOR, EQ, 03-Sep-2024,962.1,963.5,979.5,961.25,974.0,974.9,970.27,1371843,13310.56,43895,908819,66.25,Logistics
2024-09-04,CONCOR, EQ, 04-Sep-2024,974.9,968.85,974.0,955.2,967.5,965.15,965.01,2112938,20389.96,62387,1003293,47.48,Logistics
2024-09-05,CONCOR, EQ, 05-Sep-2024,965.15,968.0,971.15,958.0,961.3,960.3,961.4,2366186,22748.39,52548,1681895,71.08,Logistics
2024-09-06,CONCOR, EQ, 06-Sep-2024,960.3,962.25,962.25,939.3,941.0,942.65,948.07,2648249,25107.23,88946,1683054,63.55,Logistics
2024-09-09,CONCOR, EQ, 09-Sep-2024,942.65,942.0,951.0,931.55,947.65,946.95,943.39,2189268,20653.25,69558,1197912,54.72,Logistics
2024-09-10,CONCOR, EQ, 10-Sep-2024,946.95,953.55,953.55,936.0,940.0,939.3,942.29,1606961,15142.31,66039,1026772,63.9,Logistics
2024-09-11,CONCOR, EQ, 11-Sep-2024,939.3,941.2,947.0,931.0,936.0,937.05,940.71,1634827,15379.0,51946,1007216,61.61,Logistics
2024-09-12,CONCOR, EQ, 12-Sep-2024,937.05,941.45,954.0,938.1,950.7,951.3,944.97,1274303,12041.75,41027,790491,62.03,Logistics
2024-09-13,CONCOR, EQ, 13-Sep-2024,951.3,955.3,966.6,953.15,959.05,961.35,961.86,1726021,16601.92,56218,873138,50.59,Logistics
2024-09-16,CONCOR, EQ, 16-Sep-2024,961.35,965.0,965.9,950.35,952.85,951.5,955.6,1006437,9617.53,36837,456435,45.35,Logistics
2024-09-17,CONCOR, EQ, 17-Sep-2024,951.5,951.5,954.8,940.05,944.5,945.15,945.82,779425,7371.93,27701,440989,56.58,Logistics
2024-09-18,CONCOR, EQ, 18-Sep-2024,945.15,945.0,947.85,921.85,926.0,927.55,933.17,950529,8870.04,41668,469503,49.39,Logistics
2024-09-19,CONCOR, EQ, 19-Sep-2024,927.55,928.05,935.55,901.55,916.6,913.1,913.14,2683503,24504.24,77899,1452430,54.12,Logistics
2024-09-20,CONCOR, EQ, 20-Sep-2024,913.1,906.0,906.0,882.0,894.0,893.0,893.76,4834345,43207.58,126404,2124327,43.94,Logistics
2024-09-23,CONCOR, EQ, 23-Sep-2024,893.0,898.0,898.85,876.4,887.3,887.45,883.71,3669159,32424.55,103937,1625109,44.29,Logistics
2024-09-24,CONCOR, EQ, 24-Sep-2024,887.45,887.45,900.7,885.65,894.5,893.25,894.7,1574531,14087.41,67080,771160,48.98,Logistics
2024-09-25,CONCOR, EQ, 25-Sep-2024,893.25,893.0,893.95,885.1,889.4,889.3,889.08,1043855,9280.71,37483,568289,54.44,Logistics
2024-09-26,CONCOR, EQ, 26-Sep-2024,889.3,887.45,894.65,885.55,893.5,891.95,890.15,923418,8219.84,32177,467525,50.63,Logistics
2024-09-27,CONCOR, EQ, 27-Sep-2024,891.95,892.0,916.5,892.0,911.3,911.25,908.63,2453157,22290.09,68771,1250061,50.96,Logistics
2024-09-30,CONCOR, EQ, 30-Sep-2024,911.25,911.25,923.95,906.0,917.15,918.3,916.46,2175799,19940.31,65541,1250819,57.49,Logistics
2024-10-01,CONCOR, EQ, 01-Oct-2024,918.3,923.0,926.95,915.1,919.0,921.7,922.64,1205512,11122.48,34493,737016,61.14,Logistics
2024-10-03,CONCOR, EQ, 03-Oct-2024,921.7,904.75,917.2,885.5,890.0,890.5,900.55,1296415,11674.84,50456,646507,49.87,Logistics
2024-10-04,CONCOR, EQ, 04-Oct-2024,890.5,885.0,891.8,870.0,883.05,881.05,881.88,2388156,21060.57,64321,1303603,54.59,Logistics
2024-10-07,CONCOR, EQ, 07-Oct-2024,881.05,885.9,889.75,858.0,869.2,868.3,868.88,2135446,18554.45,68816,989701,46.35,Logistics
2024-10-08,CONCOR, EQ, 08-Oct-2024,868.3,870.0,894.2,867.4,892.0,891.7,885.69,626929,5552.63,31583,251429,40.1,Logistics
2024-10-09,CONCOR, EQ, 09-Oct-2024,891.7,896.95,906.3,888.7,896.0,896.35,897.99,702284,6306.46,32252,364970,51.97,Logistics
2024-10-10,CONCOR, EQ, 10-Oct-2024,896.35,899.9,907.95,885.9,889.0,888.1,895.64,1131722,10136.2,35759,703690,62.18,Logistics
2024-10-11,CONCOR, EQ, 11-Oct-2024,888.1,891.45,899.1,882.65,894.45,893.9,893.37,839159,7496.79,30214,314989,37.54,Logistics
2024-10-14,CONCOR, EQ, 14-Oct-2024,893.9,885.0,889.5,870.5,880.8,880.8,878.34,1415657,12434.23,53395,461999,32.63,Logistics
2024-10-15,CONCOR, EQ, 15-Oct-2024,880.8,884.35,889.9,875.5,887.0,888.95,881.28,761379,6709.86,35195,442146,58.07,Logistics
2024-10-16,CONCOR, EQ, 16-Oct-2024,888.95,885.0,889.95,881.55,883.55,885.8,885.37,416589,3688.35,19846,188734,45.3,Logistics
2024-10-17,CONCOR, EQ, 17-Oct-2024,885.8,889.0,889.0,866.0,867.9,868.9,873.56,1052737,9196.34,39394,598160,56.82,Logistics
2024-10-18,CONCOR, EQ, 18-Oct-2024,868.9,864.05,876.0,854.55,874.0,872.6,866.26,1432195,12406.56,48032,874735,61.08,Logistics
2024-10-21,CONCOR, EQ, 21-Oct-2024,872.6,873.0,875.95,845.1,845.3,850.25,857.51,1116638,9575.26,69523,426254,38.17,Logistics
2024-10-22,CONCOR, EQ, 22-Oct-2024,850.25,851.0,852.95,837.0,846.0,844.4,845.65,1475743,12479.65,42787,905247,61.34,Logistics
2024-10-23,CONCOR, EQ, 23-Oct-2024,844.4,845.95,851.7,817.0,821.0,819.9,830.31,1729635,14361.34,62816,865870,50.06,Logistics
2024-10-24,CONCOR, EQ, 24-Oct-2024,819.9,825.0,832.0,811.75,814.0,813.8,819.37,921067,7546.95,37538,455538,49.46,Logistics
2024-10-25,CONCOR, EQ, 25-Oct-2024,813.8,817.95,819.8,780.55,797.0,795.3,795.31,1043417,8298.38,56150,406296,38.94,Logistics
2024-10-28,CONCOR, EQ, 28-Oct-2024,795.3,798.95,801.15,778.75,781.95,780.75,787.22,1753958,13807.56,70567,1025865,58.49,Logistics
2024-10-29,CONCOR, EQ, 29-Oct-2024,780.75,786.9,812.0,782.4,807.35,809.0,795.86,1141795,9087.1,59276,404453,35.42,Logistics
2024-10-30,CONCOR, EQ, 30-Oct-2024,809.0,803.95,844.25,801.3,835.9,835.45,830.87,2829127,23506.24,132591,709751,25.09,Logistics
2024-10-31,CONCOR, EQ, 31-Oct-2024,835.45,835.95,853.0,835.95,844.0,847.1,847.29,1876152,15896.42,76985,784808,41.83,Logistics
2024-11-01,CONCOR, EQ, 01-Nov-2024,847.1,847.1,851.0,840.0,846.75,845.2,846.22,181775,1538.21,11028,74860,41.18,Logistics
2024-11-04,CONCOR, EQ, 04-Nov-2024,845.2,845.2,845.25,830.0,834.55,838.25,838.06,1332843,11170.0,47635,664082,49.82,Logistics
2024-11-05,CONCOR, EQ, 05-Nov-2024,838.25,830.6,840.0,810.05,835.4,836.85,824.93,2040055,16829.1,74582,724185,35.5,Logistics
2024-11-06,CONCOR, EQ, 06-Nov-2024,836.85,839.0,860.85,832.1,860.5,858.45,846.38,1067959,9038.94,39270,476766,44.64,Logistics
2024-11-07,CONCOR, EQ, 07-Nov-2024,858.45,863.65,868.0,846.8,853.0,848.75,856.8,765172,6555.98,37675,320657,41.91,Logistics
2024-11-08,CONCOR, EQ, 08-Nov-2024,848.75,852.5,852.5,822.0,822.8,827.4,834.33,1154194,9629.78,36901,618325,53.57,Logistics
2024-11-11,CONCOR, EQ, 11-Nov-2024,827.4,827.4,831.55,813.05,830.3,829.9,823.09,743364,6118.57,32270,257517,34.64,Logistics
2024-11-12,CONCOR, EQ, 12-Nov-2024,829.9,829.95,836.85,806.0,807.6,809.75,817.91,622501,5091.52,34931,261624,42.03,Logistics
2024-11-13,CONCOR, EQ, 13-Nov-2024,809.75,805.0,814.0,785.55,795.0,792.35,794.75,724162,5755.25,42320,260660,35.99,Logistics
2024-11-14,CONCOR, EQ, 14-Nov-2024,792.35,792.0,795.55,776.5,787.0,785.65,785.57,656637,5158.34,36205,245091,37.33,Logistics
2024-11-18,CONCOR, EQ, 18-Nov-2024,785.65,789.65,792.3,782.35,786.65,785.85,786.81,703483,5535.05,45374,340708,48.43,Logistics
2024-11-19,CONCOR, EQ, 19-Nov-2024,785.85,795.5,810.2,780.3,780.4,785.75,799.32,2035040,16266.45,57583,935113,45.95,Logistics
2024-11-21,CONCOR, EQ, 21-Nov-2024,785.75,785.75,785.75,757.25,770.4,769.95,767.45,913632,7011.68,47949,279181,30.56,Logistics
2024-11-22,CONCOR, EQ, 22-Nov-2024,769.95,770.5,791.8,766.3,791.0,788.35,782.41,476991,3732.04,27177,126458,26.51,Logistics
2024-11-25,CONCOR, EQ, 25-Nov-2024,788.35,806.1,814.85,795.35,808.45,807.15,807.92,1141288,9220.66,36873,591840,51.86,Logistics
2024-11-26,CONCOR, EQ, 26-Nov-2024,807.15,807.15,812.8,797.6,799.55,799.3,804.5,447682,3601.59,26830,175680,39.24,Logistics
2024-11-27,CONCOR, EQ, 27-Nov-2024,799.3,804.45,815.95,799.3,809.85,808.9,809.8,1418241,11484.97,41741,697931,49.21,Logistics
2024-11-28,CONCOR, EQ, 28-Nov-2024,808.9,814.7,825.5,810.05,824.65,821.2,818.95,2046145,16757.0,60000,992296,48.5,Logistics
2024-11-29,CONCOR, EQ, 29-Nov-2024,821.2,821.2,830.95,821.2,825.25,828.35,826.9,1309486,10828.13,42287,693017,52.92,Logistics
2024-12-02,CONCOR, EQ, 02-Dec-2024,828.35,828.35,836.9,822.05,836.3,835.9,830.39,886819,7364.06,32858,368111,41.51,Logistics
2024-12-03,CONCOR, EQ, 03-Dec-2024,835.9,839.9,845.5,836.1,839.6,839.85,840.61,858817,7219.26,32089,459026,53.45,Logistics
2024-12-04,CONCOR, EQ, 04-Dec-2024,839.85,844.9,849.9,835.85,846.0,844.25,844.71,1294358,10933.63,50526,749213,57.88,Logistics
2024-12-05,CONCOR, EQ, 05-Dec-2024,844.25,849.9,851.85,839.5,847.95,847.15,846.6,914474,7741.96,33622,518047,56.65,Logistics
2024-12-06,CONCOR, EQ, 06-Dec-2024,847.15,851.0,851.75,841.85,844.15,843.05,845.95,599505,5071.49,29382,351883,58.7,Logistics
2024-12-09,CONCOR, EQ, 09-Dec-2024,843.05,844.5,866.0,840.35,860.55,858.1,858.58,1577304,13542.43,52292,714979,45.33,Logistics
2024-12-10,CONCOR, EQ, 10-Dec-2024,858.1,863.95,863.95,849.0,850.0,851.65,855.47,1655543,14162.6,60418,1177339,71.11,Logistics
2024-12-11,CONCOR, EQ, 11-Dec-2024,851.65,851.8,859.3,850.35,856.0,856.35,855.91,723220,6190.08,28183,456536,63.13,Logistics
2024-12-12,CONCOR, EQ, 12-Dec-2024,856.35,844.0,846.0,817.6,827.1,824.6,830.02,1928143,16004.06,74426,711032,36.88,Logistics
2024-12-13,CONCOR, EQ, 13-Dec-2024,824.6,823.0,829.35,812.75,824.55,825.55,823.09,1334630,10985.15,48153,767597,57.51,Logistics
2024-12-16,CONCOR, EQ, 16-Dec-2024,825.55,828.9,828.9,815.0,822.0,818.7,818.63,954537,7814.1,31124,541466,56.73,Logistics
2024-12-17,CONCOR, EQ, 17-Dec-2024,818.7,819.9,823.95,805.0,808.0,806.25,813.92,748810,6094.74,34721,338730,45.24,Logistics
2024-12-18,CONCOR, EQ, 18-Dec-2024,806.25,806.1,810.35,794.5,798.7,798.6,801.02,492984,3948.91,28553,204713,41.53,Logistics
2024-12-19,CONCOR, EQ, 19-Dec-2024,798.6,790.0,796.85,780.0,790.0,788.8,789.28,595885,4703.2,35374,279874,46.97,Logistics
2024-12-20,CONCOR, EQ, 20-Dec-2024,788.8,790.05,795.0,765.05,772.35,767.95,775.82,885877,6872.78,38977,470181,53.08,Logistics
2024-12-23,CONCOR, EQ, 23-Dec-2024,767.95,776.05,780.25,769.05,775.0,776.35,775.09,506816,3928.3,34352,209701,41.38,Logistics
2024-12-24,CONCOR, EQ, 24-Dec-2024,776.35,778.0,784.95,772.35,775.5,775.85,778.17,287631,2238.26,20807,126160,43.86,Logistics
2024-12-26,CONCOR, EQ, 26-Dec-2024,775.85,776.0,781.0,770.25,781.0,776.35,774.6,740735,5737.71,28441,409263,55.25,Logistics
2024-12-27,CONCOR, EQ, 27-Dec-2024,776.35,781.0,787.8,778.0,783.0,784.15,784.24,729821,5723.54,29459,441517,60.5,Logistics
2024-12-30,CONCOR, EQ, 30-Dec-2024,784.15,785.1,789.5,771.6,778.0,779.3,780.09,1350115,10532.12,65470,526695,39.01,Logistics
2024-12-31,CONCOR, EQ, 31-Dec-2024,779.3,779.3,792.35,773.0,787.0,788.0,786.3,559314,4397.91,29012,299323,53.52,Logistics
2025-01-01,CONCOR, EQ, 01-Jan-2025,788.0,787.0,790.4,775.5,780.4,779.3,780.84,443075,3459.73,26459,192858,43.53,Logistics
2025-01-02,CONCOR, EQ, 02-Jan-2025,779.3,784.0,790.0,775.65,789.35,789.7,783.73,360462,2825.05,18370,124880,34.64,Logistics
2025-01-03,CONCOR, EQ, 03-Jan-2025,789.7,789.7,795.4,783.0,785.05,785.8,787.61,720001,5670.78,44711,361669,50.23,Logistics
2025-01-06,CONCOR, EQ, 06-Jan-2025,785.8,786.15,786.95,753.6,759.0,763.6,763.47,1308390,9989.16,68106,730446,55.83,Logistics
2025-01-07,CONCOR, EQ, 07-Jan-2025,763.6,763.6,766.8,745.65,755.5,754.25,753.23,1711530,12891.72,57648,859741,50.23,Logistics
2025-01-08,CONCOR, EQ, 08-Jan-2025,754.25,755.5,760.5,745.2,755.0,756.75,750.97,973370,7309.71,33919,471220,48.41,Logistics
2025-01-09,CONCOR, EQ, 09-Jan-2025,756.75,759.75,763.1,750.3,757.45,758.2,757.42,1266516,9592.89,43873,801186,63.26,Logistics
2025-01-10,CONCOR, EQ, 10-Jan-2025,758.2,760.0,760.0,738.25,750.8,750.25,747.28,1650853,12336.51,65934,998358,60.48,Logistics
2025-01-13,CONCOR, EQ, 13-Jan-2025,750.25,750.25,750.25,725.0,727.9,728.4,741.17,1715117,12711.97,49429,992205,57.85,Logistics
2025-01-14,CONCOR, EQ, 14-Jan-2025,728.4,728.5,764.75,728.5,762.95,761.75,750.7,994938,7469.03,39027,369813,37.17,Logistics
2025-01-15,CONCOR, EQ, 15-Jan-2025,761.75,762.95,762.95,751.5,758.25,759.15,757.93,574946,4357.7,29279,253794,44.14,Logistics
2025-01-16,CONCOR, EQ, 16-Jan-2025,759.15,765.0,780.65,765.0,779.8,776.05,774.47,1041927,8069.38,42109,354506,34.02,Logistics
2025-01-17,CONCOR, EQ, 17-Jan-2025,776.05,777.0,782.9,771.2,771.8,772.45,776.35,2259976,17545.21,49590,1472739,65.17,Logistics
2025-01-20,CONCOR, EQ, 20-Jan-2025,772.45,773.0,779.45,768.4,771.75,774.25,772.67,1238782,9571.75,27511,713738,57.62,Logistics
2025-01-21,CONCOR, EQ, 21-Jan-2025,774.25,775.0,777.9,752.0,757.5,755.9,765.04,969720,7418.71,35307,448502,46.25,Logistics
2025-01-22,CONCOR, EQ, 22-Jan-2025,755.9,757.5,759.65,740.4,754.6,756.05,747.73,1056274,7898.07,32675,529215,50.1,Logistics
2025-01-23,CONCOR, EQ, 23-Jan-2025,756.05,755.75,775.7,750.0,771.0,772.25,766.96,481199,3690.59,25067,189385,39.36,Logistics
2025-01-24,CONCOR, EQ, 24-Jan-2025,772.25,776.0,776.35,751.0,758.25,754.35,761.32,653677,4976.54,27692,311431,47.64,Logistics
2025-01-27,CONCOR, EQ, 27-Jan-2025,754.35,752.05,752.1,730.75,734.7,736.95,739.86,890208,6586.33,34782,385071,43.26,Logistics
2025-01-28,CONCOR, EQ, 28-Jan-2025,736.95,742.0,753.05,729.3,737.85,738.15,740.7,542893,4021.19,39049,179226,33.01,Logistics
2025-01-29,CONCOR, EQ, 29-Jan-2025,738.15,741.0,750.0,738.0,743.2,742.9,745.09,338611,2522.95,18061,133269,39.36,Logistics
2025-01-30,CONCOR, EQ, 30-Jan-2025,742.9,743.05,761.55,741.0,753.6,756.25,754.52,1381615,10424.57,73918,403490,29.2,Logistics
2025-01-31,CONCOR, EQ, 31-Jan-2025,756.25,732.0,786.0,704.55,778.3,780.1,756.68,4797652,36302.7,136655,1713768,35.72,Logistics
2025-02-01,CONCOR, EQ, 01-Feb-2025,780.1,781.95,785.95,737.65,758.1,755.95,760.95,1642086,12495.51,53052,539959,32.88,Logistics
2025-02-03,CONCOR, EQ, 03-Feb-2025,755.95,754.0,754.0,714.25,718.4,720.05,723.57,1159961,8393.16,50712,440662,37.99,Logistics
2025-02-04,CONCOR, EQ, 04-Feb-2025,720.05,721.0,739.25,721.0,732.8,732.7,731.44,1076539,7874.25,36559,589241,54.73,Logistics
2025-02-05,CONCOR, EQ, 05-Feb-2025,732.7,733.9,746.0,733.9,739.85,740.3,741.83,932172,6915.17,28573,478682,51.35,Logistics
2025-02-06,CONCOR, EQ, 06-Feb-2025,740.3,739.2,739.5,726.35,730.8,730.3,731.67,637524,4664.6,22056,306634,48.1,Logistics
2025-02-07,CONCOR, EQ, 07-Feb-2025,730.3,731.0,734.6,718.8,725.0,723.85,726.0,643176,4669.49,23093,199588,31.03,Logistics
2025-02-10,CONCOR, EQ, 10-Feb-2025,723.85,723.85,726.3,708.55,710.6,711.95,714.44,522653,3734.02,22992,229039,43.82,Logistics
2025-02-11,CONCOR, EQ, 11-Feb-2025,711.95,715.5,715.5,687.05,690.0,692.45,696.17,860907,5993.41,36056,313770,36.45,Logistics
2025-02-12,CONCOR, EQ, 12-Feb-2025,692.45,692.6,699.9,669.8,692.9,691.15,686.63,824928,5664.18,39604,361949,43.88,Logistics
2025-02-13,CONCOR, EQ, 13-Feb-2025,691.15,690.0,709.0,690.0,693.0,694.55,700.99,624722,4379.26,22172,264785,42.38,Logistics
2025-02-14,CONCOR, EQ, 14-Feb-2025,694.55,694.5,699.75,666.85,673.4,675.2,678.5,688418,4670.91,38675,274534,39.88,Logistics
2025-02-17,CONCOR, EQ, 17-Feb-2025,675.2,675.0,705.6,655.8,703.5,703.35,688.78,1467695,10109.14,50146,554384,37.77,Logistics
2025-02-18,CONCOR, EQ, 18-Feb-2025,703.35,703.35,703.9,673.4,677.5,678.8,680.4,1491928,10151.1,41212,767537,51.45,Logistics
2025-02-19,CONCOR, EQ, 19-Feb-2025,678.8,680.0,698.35,673.35,694.0,696.25,689.85,1063820,7338.72,43799,278785,26.21,Logistics
2025-02-20,CONCOR, EQ, 20-Feb-2025,696.25,696.0,700.8,688.15,692.0,690.9,693.33,1124402,7795.83,27214,681278,60.59,Logistics
2025-02-21,CONCOR, EQ, 21-Feb-2025,690.9,689.0,697.7,681.0,681.7,687.6,687.98,807734,5557.04,31958,452789,56.06,Logistics
2025-02-24,CONCOR, EQ, 24-Feb-2025,687.6,680.0,682.0,668.3,675.25,676.3,676.32,698662,4725.18,27599,290680,41.61,Logistics
2025-02-25,CONCOR, EQ, 25-Feb-2025,676.3,675.0,681.0,671.5,674.05,675.95,677.47,737203,4994.31,22668,430264,58.36,Logistics
2025-02-27,CONCOR, EQ, 27-Feb-2025,675.95,674.0,678.3,652.7,660.0,662.55,661.87,2172148,14376.77,51340,1312943,60.44,Logistics
2025-02-28,CONCOR, EQ, 28-Feb-2025,662.55,653.25,657.65,621.5,625.3,623.7,629.35,2745693,17279.94,69914,1675513,61.02,Logistics
2025-03-03,CONCOR, EQ, 03-Mar-2025,623.7,626.3,632.7,601.25,632.65,628.65,616.19,2088367,12868.32,54157,1044552,50.02,Logistics
2025-03-04,CONCOR, EQ, 04-Mar-2025,628.65,620.6,634.2,613.0,626.25,628.4,626.83,1112462,6973.26,32427,454437,40.85,Logistics
2025-03-05,CONCOR, EQ, 05-Mar-2025,628.4,628.4,665.0,627.6,664.0,662.75,655.91,1559218,10227.07,55424,648466,41.59,Logistics
2025-03-06,CONCOR, EQ, 06-Mar-2025,662.75,670.1,672.0,658.2,661.05,663.95,664.59,841278,5591.02,26912,402601,47.86,Logistics
2025-03-07,CONCOR, EQ, 07-Mar-2025,663.95,662.0,676.7,651.65,655.5,656.65,665.05,955503,6354.62,38521,323242,33.83,Logistics
2025-03-10,CONCOR, EQ, 10-Mar-2025,656.65,660.0,663.8,639.45,639.9,641.9,649.53,760033,4936.62,34332,330605,43.5,Logistics
2025-03-11,CONCOR, EQ, 11-Mar-2025,641.9,640.9,648.75,630.0,643.95,644.7,641.75,781016,5012.19,29015,365641,46.82,Logistics
2025-03-12,CONCOR, EQ, 12-Mar-2025,644.7,644.0,652.15,636.6,644.0,646.55,645.15,636025,4103.31,26261,310351,48.8,Logistics
2025-03-13,CONCOR, EQ, 13-Mar-2025,646.55,650.95,652.2,639.0,639.0,640.25,644.2,593076,3820.57,33639,305659,51.54,Logistics
2025-03-17,CONCOR, EQ, 17-Mar-2025,640.25,632.05,651.4,625.0,645.0,643.55,642.68,957699,6154.93,35776,570537,59.57,Logistics
2025-03-18,CONCOR, EQ, 18-Mar-2025,643.55,645.1,666.9,645.1,665.0,663.05,661.15,1159115,7663.51,28591,569754,49.15,Logistics
2025-03-19,CONCOR, EQ, 19-Mar-2025,663.05,670.9,686.95,662.3,682.0,684.2,677.14,1275076,8634.08,31816,608655,47.73,Logistics
2025-03-20,CONCOR, EQ, 20-Mar-2025,684.2,688.05,689.4,672.8,676.55,675.9,679.03,1005734,6829.23,27598,459771,45.71,Logistics
2025-03-21,CONCOR, EQ, 21-Mar-2025,675.9,680.0,694.85,675.85,694.8,689.65,686.66,2116860,14535.73,51190,1176311,55.57,Logistics
2025-03-24,CONCOR, EQ, 24-Mar-2025,689.65,698.0,719.0,694.95,717.0,715.95,708.68,2085768,14781.47,46371,834881,40.03,Logistics
2025-03-25,CONCOR, EQ, 25-Mar-2025,715.95,720.0,731.15,708.0,708.0,711.65,718.21,1907246,13698.05,61829,898964,47.13,Logistics
2025-03-26,CONCOR, EQ, 26-Mar-2025,711.65,712.0,713.95,684.0,685.0,686.85,698.02,1704944,11900.79,43987,868526,50.94,Logistics
2025-03-27,CONCOR, EQ, 27-Mar-2025,686.85,685.55,706.0,682.8,698.35,700.45,695.46,1469473,10219.61,46992,747262,50.85,Logistics
2025-03-28,CONCOR, EQ, 28-Mar-2025,700.45,702.0,707.0,686.2,689.9,691.6,695.05,1791691,12453.09,49929,983933,54.92,Logistics
2025-04-01,CONCOR, EQ, 01-Apr-2025,691.6,691.1,706.5,687.1,700.0,699.7,700.48,661808,4635.82,24362,241699,36.52,Logistics
2025-04-02,CONCOR, EQ, 02-Apr-2025,699.7,699.85,713.15,690.0,709.0,709.45,705.19,990220,6982.9,23996,437645,44.2,Logistics
2025-04-03,CONCOR, EQ, 03-Apr-2025,709.45,696.2,717.95,696.2,713.5,714.5,711.45,729425,5189.5,20415,320551,43.95,Logistics
2025-04-04,CONCOR, EQ, 04-Apr-2025,714.5,707.0,712.3,682.6,690.0,687.5,691.7,924427,6394.22,29206,399692,43.24,Logistics
2025-04-07,CONCOR, EQ, 07-Apr-2025,687.5,642.0,666.6,641.15,653.0,649.25,650.66,1426664,9282.69,43726,594674,41.68,Logistics
2025-04-08,CONCOR, EQ, 08-Apr-2025,649.25,664.8,675.3,657.05,674.9,672.8,665.92,814678,5425.07,32041,353195,43.35,Logistics
2025-04-09,CONCOR, EQ, 09-Apr-2025,672.8,667.0,687.2,658.5,684.2,685.2,675.57,724758,4896.28,23920,266651,36.79,Logistics
2025-04-11,CONCOR, EQ, 11-Apr-2025,685.2,704.5,705.2,681.2,682.0,684.8,688.96,1128749,7776.66,26995,616797,54.64,Logistics
2025-04-15,CONCOR, EQ, 15-Apr-2025,684.8,689.0,698.4,680.3,695.95,696.05,688.44,1444282,9943.03,35796,795236,55.06,Logistics
2025-04-16,CONCOR, EQ, 16-Apr-2025,696.05,699.0,706.9,694.5,698.0,699.3,700.84,1262977,8851.4,29318,480343,38.03,Logistics
2025-04-17,CONCOR, EQ, 17-Apr-2025,699.3,698.65,702.85,690.0,699.7,699.15,698.1,877708,6127.25,20976,472218,53.8,Logistics
2025-04-21,CONCOR, EQ, 21-Apr-2025,699.15,701.0,716.5,699.2,711.25,711.55,710.94,1093697,7775.53,39746,469912,42.97,Logistics
2025-04-22,CONCOR, EQ, 22-Apr-2025,711.55,716.8,716.8,708.0,709.3,710.1,713.33,708994,5057.48,19785,377304,53.22,Logistics
2025-04-23,CONCOR, EQ, 23-Apr-2025,710.1,712.0,716.5,699.2,711.45,713.45,710.07,914714,6495.1,33229,375752,41.08,Logistics
2025-04-24,CONCOR, EQ, 24-Apr-2025,713.45,714.7,715.5,705.0,705.55,707.65,708.43,824182,5838.75,21988,466129,56.56,Logistics
2025-04-25,CONCOR, EQ, 25-Apr-2025,707.65,712.5,714.95,675.0,675.0,678.75,689.52,1115564,7692.0,39766,427148,38.29,Logistics
2025-04-28,CONCOR, EQ, 28-Apr-2025,678.75,680.0,692.55,677.5,687.5,685.4,686.48,825320,5665.69,24125,434737,52.67,Logistics
2025-04-29,CONCOR, EQ, 29-Apr-2025,685.4,690.6,696.9,685.45,688.0,687.05,690.02,536001,3698.52,23875,235876,44.01,Logistics
2025-04-30,CONCOR, EQ, 30-Apr-2025,687.05,688.0,693.75,668.1,670.6,673.7,679.9,1678591,11412.81,48468,1032212,61.49,Logistics
2025-05-02,CONCOR, EQ, 02-May-2025,673.7,674.45,685.0,673.8,682.8,680.75,679.24,1122033,7621.33,31186,676229,60.27,Logistics
2025-05-05,CONCOR, EQ, 05-May-2025,680.75,685.0,695.0,682.05,690.5,690.4,689.99,526752,3634.51,19414,263508,50.03,Logistics
2025-05-06,CONCOR, EQ, 06-May-2025,690.4,694.4,694.8,672.0,673.0,673.85,681.59,719336,4902.95,32688,404509,56.23,Logistics
2025-05-07,CONCOR, EQ, 07-May-2025,673.85,671.0,683.9,668.2,680.15,679.5,677.01,496218,3359.43,21622,197837,39.87,Logistics
2025-05-08,CONCOR, EQ, 08-May-2025,679.5,683.4,684.0,650.6,652.0,657.4,668.93,708376,4738.52,28719,322265,45.49,Logistics
2025-05-09,CONCOR, EQ, 09-May-2025,657.4,645.3,659.15,645.3,652.35,648.65,650.73,925429,6022.02,25779,481934,52.08,Logistics
2025-05-12,CONCOR, EQ, 12-May-2025,648.65,670.1,690.95,668.0,690.0,688.25,679.04,1169913,7944.22,32096,607138,51.9,Logistics
2025-05-13,CONCOR, EQ, 13-May-2025,688.25,688.7,701.9,688.0,690.0,689.4,694.86,1385367,9626.39,40206,673679,48.63,Logistics
2025-05-14,CONCOR, EQ, 14-May-2025,689.4,691.05,703.45,686.3,687.75,687.35,690.16,2690976,18572.17,35889,1974784,73.39,Logistics
2025-05-15,CONCOR, EQ, 15-May-2025,687.35,692.6,698.7,687.75,689.05,690.25,691.17,2487695,17194.28,37032,1832214,73.65,Logistics
2025-05-16,CONCOR, EQ, 16-May-2025,690.25,696.7,734.0,689.55,730.5,730.5,714.31,10905549,77899.08,124154,6042961,55.41,Logistics
2025-05-19,CONCOR, EQ, 19-May-2025,730.5,737.95,756.35,726.5,746.7,746.95,743.77,5174486,38486.48,76391,2494587,48.21,Logistics
2025-05-20,CONCOR, EQ, 20-May-2025,746.95,756.5,757.9,724.05,727.85,726.95,736.34,2600094,19145.44,47964,1394025,53.61,Logistics
2025-05-21,CONCOR, EQ, 21-May-2025,726.95,729.0,736.45,721.0,731.6,731.55,729.31,1194655,8712.7,29271,428961,35.91,Logistics
2025-05-22,CONCOR, EQ, 22-May-2025,731.55,732.0,739.65,724.8,739.0,737.95,734.48,2691881,19771.38,57161,1352202,50.23,Logistics
2025-05-23,CONCOR, EQ, 23-May-2025,737.95,720.0,724.35,708.2,722.0,720.9,717.72,4244333,30462.59,65254,1852524,43.65,Logistics
2025-05-26,CONCOR, EQ, 26-May-2025,720.9,724.45,745.6,722.05,742.0,742.4,735.53,4051660,29801.24,66952,2299578,56.76,Logistics
2025-05-27,CONCOR, EQ, 27-May-2025,742.4,743.5,771.45,736.85,765.5,768.7,759.14,5040462,38264.37,75479,2640961,52.4,Logistics
2025-05-28,CONCOR, EQ, 28-May-2025,768.7,771.9,783.7,762.0,772.0,778.1,773.87,4998392,38681.15,72617,2931803,58.65,Logistics
2025-05-29,CONCOR, EQ, 29-May-2025,778.1,777.85,791.0,770.1,788.0,785.95,781.43,3469052,27108.12,48088,2161259,62.3,Logistics
2025-05-30,CONCOR, EQ, 30-May-2025,785.95,786.0,790.4,774.1,778.55,784.4,783.28,2798789,21922.43,37507,1848886,66.06,Logistics
2025-06-02,CONCOR, EQ, 02-Jun-2025,784.4,784.35,784.4,775.0,776.4,778.1,778.64,992423,7727.37,24247,521892,52.59,Logistics
2025-06-03,CONCOR, EQ, 03-Jun-2025,778.1,780.0,797.05,775.05,787.0,785.9,788.62,2238570,17653.76,50492,1349472,60.28,Logistics
2025-06-04,CONCOR, EQ, 04-Jun-2025,785.9,789.0,807.5,778.35,806.2,805.0,797.49,3078147,24547.95,54539,1545533,50.21,Logistics
2025-06-05,CONCOR, EQ, 05-Jun-2025,805.0,811.85,815.05,801.6,803.6,804.25,808.16,1890589,15279.02,37004,901221,47.67,Logistics
2025-06-06,CONCOR, EQ, 06-Jun-2025,804.25,805.0,813.3,801.9,808.0,809.5,810.17,1495602,12116.89,38834,979269,65.48,Logistics
2025-06-09,CONCOR, EQ, 09-Jun-2025,809.5,810.5,813.4,798.15,800.95,801.0,802.23,991760,7956.23,28073,507999,51.22,Logistics
2025-06-10,CONCOR, EQ, 10-Jun-2025,801.0,805.0,808.5,798.05,798.55,799.95,803.76,683470,5493.49,22231,315704,46.19,Logistics
2025-06-11,CONCOR, EQ, 11-Jun-2025,799.95,800.05,806.9,784.5,790.0,789.45,795.0,758940,6033.59,24035,337861,44.52,Logistics
2025-06-12,CONCOR, EQ, 12-Jun-2025,789.45,790.95,793.2,770.15,770.95,772.6,784.32,1400950,10987.97,32055,873601,62.36,Logistics
2025-06-13,CONCOR, EQ, 13-Jun-2025,772.6,753.95,769.8,752.05,763.45,761.45,762.82,635981,4851.37,21660,277342,43.61,Logistics
2025-06-16,CONCOR, EQ, 16-Jun-2025,761.45,759.0,767.45,750.35,765.0,764.6,761.62,627121,4776.27,20414,266115,42.43,Logistics
2025-06-17,CONCOR, EQ, 17-Jun-2025,764.6,764.6,766.85,748.3,750.9,750.75,755.05,512843,3872.2,17506,243646,47.51,Logistics
2025-06-18,CONCOR, EQ, 18-Jun-2025,750.75,749.0,758.0,743.95,745.9,745.75,749.64,463355,3473.5,16269,184629,39.85,Logistics
2025-06-19,CONCOR, EQ, 19-Jun-2025,745.75,747.5,747.5,725.5,726.1,727.95,732.66,785289,5753.5,23408,423796,53.97,Logistics
2025-06-20,CONCOR, EQ, 20-Jun-2025,727.95,731.6,740.4,728.0,735.0,738.25,735.49,1188510,8741.34,41888,573614,48.26,Logistics
2025-06-23,CONCOR, EQ, 23-Jun-2025,738.25,737.9,739.95,729.25,735.1,735.35,735.92,967059,7116.77,30566,516629,53.42,Logistics
2025-06-24,CONCOR, EQ, 24-Jun-2025,735.35,746.0,755.0,742.0,745.3,745.25,748.14,1016110,7601.88,39849,455356,44.81,Logistics
2025-06-25,CONCOR, EQ, 25-Jun-2025,745.25,752.0,759.1,747.4,755.3,756.15,752.96,1019833,7678.88,34361,524082,51.39,Logistics
2025-06-26,CONCOR, EQ, 26-Jun-2025,756.15,760.4,761.95,744.95,754.0,754.2,751.7,1839503,13827.6,52727,1031763,56.09,Logistics
2025-06-27,CONCOR, EQ, 27-Jun-2025,754.2,757.45,763.9,754.2,757.0,756.35,758.78,1347206,10222.35,39721,843335,62.6,Logistics
2025-06-30,CONCOR, EQ, 30-Jun-2025,756.35,760.15,765.45,757.25,760.95,759.8,760.96,1498279,11401.27,42643,789386,52.69,Logistics
2025-07-01,CONCOR, EQ, 01-Jul-2025,759.8,764.0,764.9,744.0,747.3,745.75,748.77,1545260,11570.45,54946,913658,59.13,Logistics
2025-07-02,CONCOR, EQ, 02-Jul-2025,745.75,748.0,752.0,737.5,745.6,744.25,743.37,1178924,8763.81,49490,582888,49.44,Logistics
2025-07-03,CONCOR, EQ, 03-Jul-2025,744.25,748.0,753.65,743.05,746.4,745.25,746.53,1421722,10613.63,35946,931752,65.54,Logistics
2025-07-04,CONCOR, EQ, 04-Jul-2025,745.25,597.0,606.5,595.0,598.5,599.65,599.97,2351859,14110.46,56786,988628,42.04,Logistics
2025-07-07,CONCOR, EQ, 07-Jul-2025,599.65,602.0,602.45,590.05,596.95,597.15,593.73,1577967,9368.84,36742,874152,55.4,Logistics
2025-07-08,CONCOR, EQ, 08-Jul-2025,597.15,593.05,601.5,588.1,598.7,598.35,595.03,1238893,7371.76,41505,501775,40.5,Logistics
2025-07-09,CONCOR, EQ, 09-Jul-2025,598.35,598.35,616.5,594.85,615.0,615.35,610.29,2743583,16743.71,55742,1336969,48.73,Logistics
2025-07-10,CONCOR, EQ, 10-Jul-2025,615.35,618.0,629.2,615.45,627.1,627.85,624.51,2800958,17492.17,54133,920791,32.87,Logistics
2025-07-11,CONCOR, EQ, 11-Jul-2025,627.85,627.85,627.9,613.5,615.95,614.95,618.89,765764,4739.25,25592,317504,41.46,Logistics
2025-07-14,CONCOR, EQ, 14-Jul-2025,614.95,614.25,621.45,610.65,614.8,615.55,616.04,880400,5423.61,25274,443445,50.37,Logistics
2025-07-15,CONCOR, EQ, 15-Jul-2025,615.55,616.45,623.95,614.0,620.0,619.8,618.56,1157630,7160.61,24484,618935,53.47,Logistics
2025-07-16,CONCOR, EQ, 16-Jul-2025,619.8,621.0,625.0,618.25,619.2,619.9,622.02,1180059,7340.16,25293,666436,56.47,Logistics
2025-07-17,CONCOR, EQ, 17-Jul-2025,619.9,623.0,623.0,617.9,621.95,621.05,620.9,523413,3249.85,19762,238714,45.61,Logistics
2025-07-18,CONCOR, EQ, 18-Jul-2025,621.05,622.6,625.0,610.05,612.75,613.25,615.28,1099595,6765.6,44107,526988,47.93,Logistics
2025-07-21,CONCOR, EQ, 21-Jul-2025,613.25,613.25,615.6,606.1,615.6,613.45,612.39,486223,2977.57,18754,223748,46.02,Logistics
2025-07-22,CONCOR, EQ, 22-Jul-2025,613.45,616.0,617.0,605.25,609.0,607.5,608.81,590163,3592.98,20650,288526,48.89,Logistics
2025-07-23,CONCOR, EQ, 23-Jul-2025,607.5,609.0,611.4,603.75,609.65,609.35,607.84,516705,3140.76,17582,231315,44.77,Logistics
2025-07-24,CONCOR, EQ, 24-Jul-2025,609.35,610.95,612.0,604.5,606.0,606.05,607.4,500417,3039.55,19765,237934,47.55,Logistics
2025-07-25,CONCOR, EQ, 25-Jul-2025,606.05,604.0,607.75,596.05,598.05,598.7,599.92,759608,4557.02,25442,426221,56.11,Logistics
2025-07-28,CONCOR, EQ, 28-Jul-2025,598.7,595.0,601.8,588.85,590.35,590.9,593.87,473659,2812.94,16412,213036,44.98,Logistics
2025-07-29,CONCOR, EQ, 29-Jul-2025,590.9,587.9,593.65,586.5,592.25,592.05,591.05,517700,3059.85,15329,251241,48.53,Logistics
2025-07-30,CONCOR, EQ, 30-Jul-2025,592.05,593.0,598.85,583.45,584.1,585.15,590.51,1292143,7630.19,23261,810222,62.7,Logistics
2025-07-31,CONCOR, EQ, 31-Jul-2025,585.15,578.9,584.1,576.2,577.2,578.2,580.77,1017629,5910.13,30259,527018,51.79,Logistics
2025-08-01,CONCOR, EQ, 01-Aug-2025,578.2,578.15,581.95,570.6,573.0,573.6,575.72,1111636,6399.87,30094,587615,52.86,Logistics
2025-08-04,CONCOR, EQ, 04-Aug-2025,573.6,573.6,583.25,571.0,582.95,581.75,577.9,890380,5145.53,21628,470299,52.82,Logistics
2025-08-05,CONCOR, EQ, 05-Aug-2025,581.75,579.0,583.25,575.25,580.45,578.9,579.45,685480,3972.02,20397,308165,44.96,Logistics
2025-08-06,CONCOR, EQ, 06-Aug-2025,578.9,583.0,583.0,553.0,553.1,554.8,559.75,2817013,15768.3,58471,1017373,36.12,Logistics
2025-08-07,CONCOR, EQ, 07-Aug-2025,554.8,550.25,556.95,529.2,554.75,553.6,542.62,5497402,29830.05,93945,2640242,48.03,Logistics
2025-08-08,CONCOR, EQ, 08-Aug-2025,553.6,554.15,564.8,551.55,553.35,556.65,559.09,1821561,10184.16,40999,740201,40.64,Logistics
2025-08-11,CONCOR, EQ, 11-Aug-2025,556.65,556.55,556.55,543.15,545.0,545.3,547.42,1798513,9845.48,34455,964707,53.64,Logistics
2025-08-12,CONCOR, EQ, 12-Aug-2025,545.3,545.0,548.7,540.1,541.6,541.55,543.92,1247870,6787.44,24280,722548,57.9,Logistics
2025-08-13,CONCOR, EQ, 13-Aug-2025,541.55,542.0,545.0,536.9,541.85,541.55,540.46,894246,4833.06,21911,446032,49.88,Logistics
2025-08-14,CONCOR, EQ, 14-Aug-2025,541.55,541.55,542.0,531.1,532.5,531.8,533.94,1253153,6691.13,20869,822305,65.62,Logistics
2025-08-18,CONCOR, EQ, 18-Aug-2025,531.8,535.15,541.0,534.1,539.0,537.8,538.08,612703,3296.86,16899,264736,43.21,Logistics
2025-08-19,CONCOR, EQ, 19-Aug-2025,537.8,540.0,556.0,538.6,556.0,555.0,549.21,1151826,6325.96,24579,363328,31.54,Logistics
2025-08-20,CONCOR, EQ, 20-Aug-2025,555.0,556.35,560.85,552.55,558.8,557.5,557.74,679269,3788.56,17830,298772,43.98,Logistics
2025-08-21,CONCOR, EQ, 21-Aug-2025,557.5,560.0,560.25,552.55,553.85,553.2,555.28,399982,2221.0,13566,194584,48.65,Logistics
2025-08-22,CONCOR, EQ, 22-Aug-2025,553.2,553.2,556.95,546.9,548.15,547.9,550.87,540301,2976.37,16868,307445,56.9,Logistics
2025-08-25,CONCOR, EQ, 25-Aug-2025,547.9,547.95,550.55,543.0,544.0,544.4,547.18,588259,3218.85,15900,337469,57.37,Logistics
2025-08-26,CONCOR, EQ, 26-Aug-2025,544.4,544.95,544.95,527.5,528.15,528.45,531.44,1774116,9428.38,44239,1207130,68.04,Logistics
2025-08-28,CONCOR, EQ, 28-Aug-2025,528.45,528.0,531.4,521.7,530.7,528.85,527.59,2055711,10845.75,49299,1264370,61.51,Logistics
2025-08-29,CONCOR, EQ, 29-Aug-2025,528.85,531.25,533.9,526.25,526.9,527.35,529.02,826127,4370.42,24950,423336,51.24,Logistics
2025-09-01,CONCOR, EQ, 01-Sep-2025,527.35,530.0,541.05,528.6,539.5,539.55,537.37,515078,2767.88,14048,187881,36.48,Logistics
2025-09-02,CONCOR, EQ, 02-Sep-2025,539.55,540.95,549.95,540.95,544.5,544.8,546.49,538311,2941.84,18017,210358,39.08,Logistics
2025-09-03,CONCOR, EQ, 03-Sep-2025,544.8,546.0,549.75,544.2,548.8,548.8,548.07,320970,1759.12,11491,139480,43.46,Logistics
2025-09-04,CONCOR, EQ, 04-Sep-2025,548.8,554.0,554.0,539.0,541.7,541.6,544.19,581973,3167.03,20553,301228,51.76,Logistics
2025-09-05,CONCOR, EQ, 05-Sep-2025,541.6,544.3,548.45,537.1,543.95,542.25,542.88,600344,3259.15,17787,236242,39.35,Logistics
2025-09-08,CONCOR, EQ, 08-Sep-2025,542.25,546.8,553.8,543.9,547.0,546.45,549.66,648461,3564.36,17293,268788,41.45,Logistics
2025-09-09,CONCOR, EQ, 09-Sep-2025,546.45,548.95,549.0,539.7,542.0,541.55,541.91,673622,3650.41,20363,376317,55.86,Logistics
2025-09-10,CONCOR, EQ, 10-Sep-2025,541.55,544.05,547.4,540.9,546.7,544.95,543.83,1146430,6234.65,39183,666855,58.17,Logistics
2025-09-11,CONCOR, EQ, 11-Sep-2025,544.95,545.0,554.4,544.25,549.9,550.0,550.55,1512609,8327.71,37048,776109,51.31,Logistics
2025-09-12,CONCOR, EQ, 12-Sep-2025,550.0,552.55,555.85,548.85,549.95,550.05,551.87,1994357,11006.36,26396,1414283,70.91,Logistics
2025-09-15,CONCOR, EQ, 15-Sep-2025,550.05,551.9,562.9,549.9,557.2,556.0,557.93,5468449,30509.85,63663,3462376,63.32,Logistics
2025-09-16,CONCOR, EQ, 16-Sep-2025,556.0,558.0,569.8,556.5,564.0,564.15,564.74,1769006,9990.32,37882,648590,36.66,Logistics
2025-09-17,CONCOR, EQ, 17-Sep-2025,564.15,568.0,568.0,559.0,562.0,562.25,562.7,600086,3376.71,19896,297922,49.65,Logistics
2025-09-18,CONCOR, EQ, 18-Sep-2025,562.25,564.85,564.95,556.0,559.3,561.1,561.01,527563,2959.67,17443,245577,46.55,Logistics
2025-09-19,CONCOR, EQ, 19-Sep-2025,561.1,561.05,562.65,552.85,554.5,553.75,555.41,2306017,12807.79,40697,1765439,76.56,Logistics
2025-09-22,CONCOR, EQ, 22-Sep-2025,553.75,553.75,560.7,549.25,550.0,550.15,554.0,1119228,6200.47,32074,663219,59.26,Logistics
2025-09-23,CONCOR, EQ, 23-Sep-2025,550.15,552.7,552.7,542.5,543.5,543.75,545.25,1229127,6701.82,33047,719453,58.53,Logistics
2025-09-24,CONCOR, EQ, 24-Sep-2025,543.75,543.0,545.65,529.2,530.0,530.8,534.45,1471214,7862.9,44535,924276,62.82,Logistics
2025-09-25,CONCOR, EQ, 25-Sep-2025,530.8,531.0,537.85,528.3,529.0,529.75,531.0,3293461,17488.12,39856,2321094,70.48,Logistics
2025-09-26,CONCOR, EQ, 26-Sep-2025,529.75,530.4,533.85,523.4,525.1,524.8,527.33,2785713,14689.91,23170,2027797,72.79,Logistics
2025-09-29,CONCOR, EQ, 29-Sep-2025,524.8,527.2,528.6,520.65,524.45,523.3,524.87,3106751,16306.31,26959,2367747,76.21,Logistics
2025-09-30,CONCOR, EQ, 30-Sep-2025,523.3,527.0,527.8,521.0,524.3,525.8,523.77,1831698,9593.94,26943,1081676,59.05,Logistics
2025-10-01,CONCOR, EQ, 01-Oct-2025,525.8,527.0,528.95,523.8,526.2,526.55,526.08,681430,3584.84,14259,287704,42.22,Logistics
2025-10-03,CONCOR, EQ, 03-Oct-2025,526.55,526.55,534.25,525.5,534.15,533.5,530.78,809047,4294.25,17422,374829,46.33,Logistics
2025-10-06,CONCOR, EQ, 06-Oct-2025,533.5,538.3,540.05,529.25,532.5,532.15,531.53,624403,3318.89,15710,266397,42.66,Logistics
2025-10-07,CONCOR, EQ, 07-Oct-2025,532.15,532.5,534.45,529.25,533.0,532.45,531.92,476724,2535.78,13806,216824,45.48,Logistics
2025-10-08,CONCOR, EQ, 08-Oct-2025,532.45,536.0,539.95,527.0,528.0,528.25,533.15,1021269,5444.89,21285,338397,33.13,Logistics
2025-10-09,CONCOR, EQ, 09-Oct-2025,528.25,536.0,540.8,531.25,537.75,537.75,537.1,1857808,9978.26,54785,571471,30.76,Logistics
2025-10-10,CONCOR, EQ, 10-Oct-2025,537.75,539.0,544.6,536.3,540.0,541.4,541.52,1159952,6281.33,24062,748279,64.51,Logistics
2025-10-13,CONCOR, EQ, 13-Oct-2025,541.4,541.0,541.4,528.25,531.5,530.95,531.62,910653,4841.25,23373,399290,43.85,Logistics
2025-10-14,CONCOR, EQ, 14-Oct-2025,530.95,532.0,533.05,524.5,527.2,527.25,528.24,902886,4769.41,28954,486140,53.84,Logistics
2025-10-15,CONCOR, EQ, 15-Oct-2025,527.25,528.2,531.25,526.4,529.5,529.95,529.48,728004,3854.65,23423,431491,59.27,Logistics
2025-10-16,CONCOR, EQ, 16-Oct-2025,529.95,530.5,535.75,530.05,534.45,534.1,533.26,533630,2845.64,13849,299031,56.04,Logistics
2025-10-17,CONCOR, EQ, 17-Oct-2025,534.1,535.0,535.0,525.7,530.0,529.5,529.56,699709,3705.38,21692,382520,54.67,Logistics
2025-10-20,CONCOR, EQ, 20-Oct-2025,529.5,532.0,537.2,530.35,533.6,533.8,534.49,615756,3291.15,20168,326969,53.1,Logistics
2025-10-21,CONCOR, EQ, 21-Oct-2025,533.8,536.05,536.65,533.1,534.4,534.1,534.74,111400,595.7,5178,79094,71.0,Logistics
2025-10-23,CONCOR, EQ, 23-Oct-2025,534.1,537.0,539.25,533.55,535.5,534.75,536.35,548423,2941.48,19854,298426,54.42,Logistics
2025-10-24,CONCOR, EQ, 24-Oct-2025,534.75,535.45,542.5,535.45,536.95,536.9,539.55,1135433,6126.22,29412,534777,47.1,Logistics
2025-10-27,CONCOR, EQ, 27-Oct-2025,536.9,538.5,544.0,537.0,541.15,540.75,541.16,643617,3483.0,18144,300575,46.7,Logistics
2025-10-28,CONCOR, EQ, 28-Oct-2025,540.75,542.0,543.2,536.65,542.0,541.2,540.05,2511759,13564.82,35002,1801307,71.71,Logistics
2025-10-29,CONCOR, EQ, 29-Oct-2025,541.2,542.0,555.9,537.1,555.3,553.85,548.19,1653604,9064.96,27229,697197,42.16,Logistics
2025-10-30,CONCOR, EQ, 30-Oct-2025,553.85,557.0,557.0,548.1,550.0,549.6,551.48,1211602,6681.75,25572,612945,50.59,Logistics
2025-10-31,CONCOR, EQ, 31-Oct-2025,549.6,550.0,550.8,544.1,546.95,545.25,546.99,777245,4251.48,26610,355969,45.8,Logistics
2025-11-03,CONCOR, EQ, 03-Nov-2025,545.25,545.55,553.0,544.25,550.6,549.85,549.42,639776,3515.08,19328,311005,48.61,Logistics
2025-11-04,CONCOR, EQ, 04-Nov-2025,549.85,549.85,551.0,539.35,541.55,542.5,543.94,711007,3867.45,26480,392443,55.2,Logistics
2025-11-06,CONCOR, EQ, 06-Nov-2025,542.5,541.8,541.8,518.0,519.5,519.35,521.77,4558191,23783.23,64196,3362985,73.78,Logistics
2025-11-07,CONCOR, EQ, 07-Nov-2025,519.35,519.55,523.5,515.8,521.9,521.7,520.43,1513467,7876.56,21161,951209,62.85,Logistics
2025-11-10,CONCOR, EQ, 10-Nov-2025,521.7,525.9,526.55,520.35,521.5,521.35,523.64,1023573,5359.8,34589,591656,57.8,Logistics
2025-11-11,CONCOR, EQ, 11-Nov-2025,521.35,522.1,524.1,515.85,522.0,522.9,521.39,3241835,16902.56,44934,2538178,78.29,Logistics
2025-11-12,CONCOR, EQ, 12-Nov-2025,522.9,530.0,538.5,524.7,531.0,530.45,531.44,4975992,26444.25,41866,2942708,59.14,Logistics
2025-11-13,CONCOR, EQ, 13-Nov-2025,530.45,534.05,534.85,522.8,524.0,523.9,527.38,861847,4545.22,19334,433678,50.32,Logistics
2025-11-14,CONCOR, EQ, 14-Nov-2025,523.9,525.0,525.0,516.55,519.0,518.85,519.4,1470642,7638.58,47392,939185,63.86,Logistics
2025-11-17,CONCOR, EQ, 17-Nov-2025,518.85,518.85,521.95,517.1,518.4,518.15,519.69,1443272,7500.55,24760,913080,63.26,Logistics
2025-11-18,CONCOR, EQ, 18-Nov-2025,518.15,518.15,526.0,512.0,524.0,522.6,518.89,3630058,18836.1,60700,2345719,64.62,Logistics
2025-11-19,CONCOR, EQ, 19-Nov-2025,522.6,525.4,528.4,516.0,517.0,517.55,521.17,1589480,8283.87,34234,822114,51.72,Logistics
2025-11-20,CONCOR, EQ, 20-Nov-2025,517.55,519.9,519.9,513.4,516.55,515.4,516.7,3145380,16252.25,50003,2392445,76.06,Logistics
2025-11-21,CONCOR, EQ, 21-Nov-2025,515.4,515.35,519.35,510.0,511.5,511.2,515.02,3148760,16216.66,37515,2062643,65.51,Logistics
2025-11-24,CONCOR, EQ, 24-Nov-2025,511.2,511.45,519.45,507.45,517.75,514.95,514.73,36866483,189763.89,104371,24648833,66.86,Logistics
2025-11-25,CONCOR, EQ, 25-Nov-2025,514.95,513.5,518.45,510.5,512.5,512.5,512.96,1781603,9138.86,27435,1021022,57.31,Logistics
2025-11-26,CONCOR, EQ, 26-Nov-2025,512.5,513.5,523.9,512.7,518.4,518.6,519.6,1680398,8731.28,31336,748013,44.51,Logistics
2025-11-27,CONCOR, EQ, 27-Nov-2025,518.6,518.65,520.45,513.0,514.4,514.05,515.24,846809,4363.07,16891,433961,51.25,Logistics
2025-11-28,CONCOR, EQ, 28-Nov-2025,514.05,515.0,515.9,510.3,510.95,511.25,512.58,599724,3074.04,14003,352103,58.71,Logistics
2025-12-01,CONCOR, EQ, 01-Dec-2025,511.25,513.1,513.8,504.3,505.4,505.8,507.81,1280746,6503.76,30417,743554,58.06,Logistics
2025-12-02,CONCOR, EQ, 02-Dec-2025,505.8,504.3,506.8,502.45,504.25,503.4,504.13,2726576,13745.45,27100,1953167,71.63,Logistics
2025-12-03,CONCOR, EQ, 03-Dec-2025,503.4,504.0,508.95,500.4,508.0,506.5,503.93,1477035,7443.25,29257,890014,60.26,Logistics
2025-12-04,CONCOR, EQ, 04-Dec-2025,506.5,506.5,515.1,506.45,511.65,512.7,511.96,1718268,8796.83,22718,1050881,61.16,Logistics
2025-12-05,CONCOR, EQ, 05-Dec-2025,512.7,510.5,514.35,507.1,510.55,511.05,511.0,2120474,10835.58,25771,1501823,70.82,Logistics
2025-12-08,CONCOR, EQ, 08-Dec-2025,511.05,508.25,511.2,497.0,499.75,500.15,504.49,2824676,14250.3,26838,1909622,67.6,Logistics
2025-12-09,CONCOR, EQ, 09-Dec-2025,500.15,498.0,509.5,493.35,505.0,505.65,502.1,2303371,11565.2,27290,1423685,61.81,Logistics
2025-12-10,CONCOR, EQ, 10-Dec-2025,505.65,505.6,513.0,501.45,501.75,503.25,506.83,954403,4837.16,12902,560202,58.7,Logistics
2025-12-11,CONCOR, EQ, 11-Dec-2025,503.25,505.0,508.0,501.85,507.1,505.95,505.29,594838,3005.67,11500,318103,53.48,Logistics
2025-12-12,CONCOR, EQ, 12-Dec-2025,505.95,507.9,507.9,498.55,505.7,505.5,502.56,1402759,7049.72,27513,519235,37.02,Logistics
2025-12-15,CONCOR, EQ, 15-Dec-2025,505.5,506.0,506.0,501.55,503.0,502.75,503.3,381813,1921.68,8248,168428,44.11,Logistics
2025-12-16,CONCOR, EQ, 16-Dec-2025,502.75,502.75,503.4,497.6,498.3,499.6,500.15,1094602,5474.62,16482,701174,64.06,Logistics
2025-12-17,CONCOR, EQ, 17-Dec-2025,499.6,499.0,502.2,495.0,495.05,496.35,497.91,642928,3201.22,11692,364491,56.69,Logistics
2025-12-18,CONCOR, EQ, 18-Dec-2025,496.35,496.35,499.4,490.55,498.4,498.25,496.45,1027471,5100.84,20501,536304,52.2,Logistics
2025-12-19,CONCOR, EQ, 19-Dec-2025,498.25,500.4,502.4,496.1,501.55,501.35,500.0,656526,3282.63,12791,373515,56.89,Logistics
2025-12-22,CONCOR, EQ, 22-Dec-2025,501.35,503.0,509.7,501.85,507.3,508.4,506.76,544519,2759.39,12530,262336,48.18,Logistics
2025-12-23,CONCOR, EQ, 23-Dec-2025,508.4,510.7,517.0,506.9,512.3,512.6,513.26,943869,4844.53,22973,399070,42.28,Logistics
2025-12-24,CONCOR, EQ, 24-Dec-2025,512.6,515.05,515.3,506.75,509.05,508.6,510.02,476260,2429.01,11887,237657,49.9,Logistics
2025-12-26,CONCOR, EQ, 26-Dec-2025,508.6,509.05,523.0,507.85,519.55,520.3,519.11,2498657,12970.76,36725,1089474,43.6,Logistics
2025-12-29,CONCOR, EQ, 29-Dec-2025,520.3,524.9,524.9,514.95,520.25,519.95,518.92,3004989,15593.46,44280,1887370,62.81,Logistics
2025-12-30,CONCOR, EQ, 30-Dec-2025,519.95,520.25,522.75,514.25,518.05,519.0,519.87,2922482,15192.99,43579,1749403,59.86,Logistics
2025-12-31,CONCOR, EQ, 31-Dec-2025,519.0,518.0,527.5,517.35,525.15,524.95,525.3,1086995,5709.95,17839,590106,54.29,Logistics
2026-01-01,CONCOR, EQ, 01-Jan-2026,524.95,527.55,529.0,521.9,523.5,524.25,524.83,515680,2706.47,12763,221490,42.95,Logistics
2026-01-02,CONCOR, EQ, 02-Jan-2026,524.25,526.65,532.7,523.65,532.1,531.8,529.62,959087,5079.49,16433,503601,52.51,Logistics
2026-01-05,CONCOR, EQ, 05-Jan-2026,531.8,532.5,534.0,523.05,529.0,528.35,528.15,1215043,6417.2,21343,849471,69.91,Logistics
2026-01-06,CONCOR, EQ, 06-Jan-2026,528.35,529.0,531.05,525.25,530.1,529.95,528.86,1296041,6854.29,23800,750757,57.93,Logistics
2026-01-07,CONCOR, EQ, 07-Jan-2026,529.95,528.0,534.0,527.5,533.65,532.8,531.33,900391,4784.04,19718,489038,54.31,Logistics
2026-01-08,CONCOR, EQ, 08-Jan-2026,532.8,532.7,533.85,515.1,515.5,518.5,523.63,1249186,6541.11,27369,612947,49.07,Logistics
2026-01-09,CONCOR, EQ, 09-Jan-2026,518.5,516.0,521.75,510.35,512.95,513.05,515.86,1180695,6090.76,27640,598218,50.67,Logistics
2026-01-12,CONCOR, EQ, 12-Jan-2026,513.05,510.0,514.6,504.45,513.25,513.05,510.25,1101529,5620.59,25512,437587,39.73,Logistics
2026-01-13,CONCOR, EQ, 13-Jan-2026,513.05,514.4,520.0,511.05,517.65,517.5,516.48,945349,4882.5,26602,455602,48.19,Logistics
2026-01-14,CONCOR, EQ, 14-Jan-2026,517.5,517.65,521.1,512.6,520.8,519.5,517.58,1234098,6387.47,29312,719858,58.33,Logistics
2026-01-16,CONCOR, EQ, 16-Jan-2026,519.5,519.5,524.0,516.65,520.0,519.7,520.93,899884,4687.79,19810,590837,65.66,Logistics
2026-01-19,CONCOR, EQ, 19-Jan-2026,519.7,518.0,521.05,512.8,512.8,514.9,516.49,341171,1762.12,12195,123292,36.14,Logistics
2026-01-20,CONCOR, EQ, 20-Jan-2026,514.9,514.9,515.35,495.05,497.0,497.85,505.0,1509115,7621.07,40816,690700,45.77,Logistics
2026-01-21,CONCOR, EQ, 21-Jan-2026,497.85,498.0,500.3,485.65,496.0,496.15,495.28,1551150,7682.53,29759,699206,45.08,Logistics
2026-01-22,CONCOR, EQ, 22-Jan-2026,496.15,498.05,506.45,493.35,497.0,494.35,498.18,2130796,10615.18,20207,1690622,79.34,Logistics
2026-01-23,CONCOR, EQ, 23-Jan-2026,494.35,495.95,497.85,478.0,479.0,479.75,488.25,2067105,10092.59,42013,1164779,56.35,Logistics
2026-01-27,CONCOR, EQ, 27-Jan-2026,479.75,481.0,487.95,472.75,484.85,485.35,479.37,1625304,7791.28,38878,756976,46.57,Logistics
2026-01-28,CONCOR, EQ, 28-Jan-2026,485.35,484.9,497.75,484.0,497.0,496.35,491.58,2045216,10053.89,31453,1313986,64.25,Logistics
2026-01-29,CONCOR, EQ, 29-Jan-2026,496.35,499.5,503.5,492.95,500.0,500.6,498.33,829501,4133.62,18665,276349,33.32,Logistics
2026-01-30,CONCOR, EQ, 30-Jan-2026,500.6,490.6,506.95,486.4,502.85,502.25,500.08,2721298,13608.76,55320,1145445,42.09,Logistics
2026-02-01,CONCOR, EQ, 01-Feb-2026,502.25,505.0,524.6,485.85,503.55,505.35,510.21,3819145,19485.62,63159,648883,16.99,Logistics
2026-02-02,CONCOR, EQ, 02-Feb-2026,505.35,505.0,513.05,496.5,508.0,507.85,506.35,1356715,6869.72,29280,512130,37.75,Logistics
2026-02-03,CONCOR, EQ, 03-Feb-2026,507.85,530.0,538.95,519.15,528.0,527.9,526.71,2317632,12207.19,52768,1216111,52.47,Logistics
2026-02-04,CONCOR, EQ, 04-Feb-2026,527.9,529.95,529.95,521.4,527.0,527.15,525.54,938863,4934.14,25393,371602,39.58,Logistics
2026-02-05,CONCOR, EQ, 05-Feb-2026,527.15,528.4,528.4,517.2,519.0,522.05,522.57,1789564,9351.68,23451,1144060,63.93,Logistics
2026-02-06,CONCOR, EQ, 06-Feb-2026,522.05,519.65,519.65,506.05,510.75,509.5,510.29,2087933,10654.6,27873,1354137,64.86,Logistics
2026-02-09,CONCOR, EQ, 09-Feb-2026,509.5,515.0,516.15,508.25,513.5,513.6,513.07,788634,4046.23,30833,334990,42.48,Logistics
2026-02-10,CONCOR, EQ, 10-Feb-2026,513.6,512.1,522.3,512.1,513.85,513.6,516.8,1721935,8899.01,24838,947110,55.0,Logistics
2026-02-11,CONCOR, EQ, 11-Feb-2026,513.6,515.1,516.85,510.15,515.0,515.15,513.67,678384,3484.65,16522,313517,46.22,Logistics
2026-02-12,CONCOR, EQ, 12-Feb-2026,515.15,513.45,514.5,504.3,504.3,506.85,508.44,656800,3339.42,15778,313263,47.7,Logistics
2026-02-13,CONCOR, EQ, 13-Feb-2026,506.85,503.0,503.9,497.0,497.5,498.3,500.15,588653,2944.15,15018,267445,45.43,Logistics
2026-02-16,CONCOR, EQ, 16-Feb-2026,498.3,497.0,504.65,494.0,503.2,503.75,501.12,321857,1612.9,9767,127641,39.66,Logistics
2026-02-17,CONCOR, EQ, 17-Feb-2026,503.75,501.8,511.9,501.6,503.75,505.5,507.21,849521,4308.82,18697,378617,44.57,Logistics
2026-02-18,CONCOR, EQ, 18-Feb-2026,505.5,505.55,508.45,501.5,506.0,506.55,505.82,862450,4362.44,22337,488659,56.66,Logistics
2026-02-19,CONCOR, EQ, 19-Feb-2026,506.55,507.5,509.55,501.1,502.0,505.75,505.48,1396400,7058.45,20483,927589,66.43,Logistics
2026-02-20,CONCOR, EQ, 20-Feb-2026,505.75,503.5,506.65,501.4,503.8,503.0,503.82,500149,2519.86,13220,238742,47.73,Logistics
2026-02-23,CONCOR, EQ, 23-Feb-2026,503.0,505.0,512.45,504.0,507.2,507.05,507.23,676014,3428.92,23794,307301,45.46,Logistics
2026-02-24,CONCOR, EQ, 24-Feb-2026,507.05,507.05,507.2,498.8,506.0,505.5,502.86,907856,4565.29,20702,380206,41.88,Logistics
2026-02-25,CONCOR, EQ, 25-Feb-2026,505.5,506.0,507.6,498.7,500.6,500.7,502.74,837478,4210.32,21228,408873,48.82,Logistics
2026-02-26,CONCOR, EQ, 26-Feb-2026,500.7,501.05,502.6,496.0,500.0,499.85,499.48,455187,2273.55,16401,213065,46.81,Logistics
2026-02-27,CONCOR, EQ, 27-Feb-2026,499.85,499.0,501.3,490.5,495.0,495.65,495.99,1765303,8755.74,22586,1097682,62.18,Logistics
2026-03-02,CONCOR, EQ, 02-Mar-2026,495.65,488.95,489.1,474.75,480.25,479.0,479.56,1656198,7942.46,31274,858656,51.85,Logistics
2026-03-04,CONCOR, EQ, 04-Mar-2026,479.0,472.0,473.95,460.45,462.0,462.2,464.58,2452543,11394.07,43032,1359065,55.41,Logistics
2026-03-05,CONCOR, EQ, 05-Mar-2026,462.2,463.45,482.0,459.2,481.05,479.95,471.99,1631195,7699.12,29567,793304,48.63,Logistics
2026-03-06,CONCOR, EQ, 06-Mar-2026,479.95,479.0,489.0,476.2,481.2,479.75,485.14,972797,4719.4,21655,480173,49.36,Logistics
2026-03-09,CONCOR, EQ, 09-Mar-2026,479.75,470.0,475.7,461.0,475.35,473.75,470.13,1490001,7004.89,40608,838286,56.26,Logistics
2026-03-10,CONCOR, EQ, 10-Mar-2026,473.75,479.0,479.75,468.45,474.2,472.8,473.1,1298211,6141.79,30218,686489,52.88,Logistics
2026-03-11,CONCOR, EQ, 11-Mar-2026,472.8,476.0,482.75,468.0,468.5,470.45,477.95,1698903,8119.89,34917,869331,51.17,Logistics
2026-03-12,CONCOR, EQ, 12-Mar-2026,470.45,468.5,471.2,458.45,468.0,467.15,466.36,3982340,18571.89,48297,2406485,60.43,Logistics
2026-03-13,CONCOR, EQ, 13-Mar-2026,467.15,465.0,466.1,452.0,452.05,453.4,456.62,1590961,7264.68,26448,857821,53.92,Logistics
2026-03-16,CONCOR, EQ, 16-Mar-2026,453.4,453.6,457.5,443.5,452.9,454.3,451.83,2268253,10248.72,38222,1146360,50.54,Logistics
2026-03-17,CONCOR, EQ, 17-Mar-2026,454.3,458.0,458.0,450.1,452.0,452.4,452.21,1178095,5327.46,28813,656749,55.75,Logistics
2026-03-18,CONCOR, EQ, 18-Mar-2026,452.4,455.0,463.9,452.55,458.55,458.85,460.08,3362845,15471.78,35825,1221875,36.33,Logistics
2026-03-19,CONCOR, EQ, 19-Mar-2026,458.85,454.0,454.95,438.4,442.5,440.65,444.64,1517788,6748.73,32524,766077,50.47,Logistics
2026-03-20,CONCOR, EQ, 20-Mar-2026,440.65,443.9,453.95,443.55,446.85,447.3,449.14,1689715,7589.22,27727,903576,53.48,Logistics
2026-03-23,CONCOR, EQ, 23-Mar-2026,447.3,442.95,442.95,421.45,425.1,423.75,425.91,2538797,10812.96,53473,1298235,51.14,Logistics
2026-03-24,CONCOR, EQ, 24-Mar-2026,423.75,435.0,439.0,423.4,439.0,433.1,431.04,2423789,10447.61,37482,1173568,48.42,Logistics
2026-03-25,CONCOR, EQ, 25-Mar-2026,433.1,443.0,450.55,435.7,445.0,445.15,445.22,1469610,6543.05,28207,731836,49.8,Logistics
2026-03-27,CONCOR, EQ, 27-Mar-2026,445.15,441.0,442.75,432.85,440.0,438.2,437.17,2067540,9038.68,47591,1196553,57.87,Logistics
2026-03-30,CONCOR, EQ, 30-Mar-2026,438.2,431.95,434.2,423.5,424.0,425.3,429.34,3050426,13096.8,55312,1732941,56.81,Logistics
2026-04-01,CONCOR, EQ, 01-Apr-2026,425.3,437.95,452.55,434.0,444.25,444.55,446.91,1113085,4974.45,27068,396356,35.61,Logistics
2026-04-02,CONCOR, EQ, 02-Apr-2026,444.55,438.0,441.0,429.0,438.9,439.25,434.27,1378288,5985.45,33671,612950,44.47,Logistics
2026-04-06,CONCOR, EQ, 06-Apr-2026,439.25,441.65,453.0,435.8,450.5,450.45,447.8,1590046,7120.21,29201,741003,46.6,Logistics
2026-04-07,CONCOR, EQ, 07-Apr-2026,450.45,449.8,454.95,443.3,452.9,453.6,451.34,1360169,6138.94,26371,637600,46.88,Logistics
2026-04-08,CONCOR, EQ, 08-Apr-2026,453.6,465.0,475.0,464.5,474.8,473.7,470.38,1435680,6753.17,34677,703850,49.03,Logistics
2026-04-09,CONCOR, EQ, 09-Apr-2026,473.7,473.7,483.4,463.85,482.2,482.25,478.15,1905747,9112.34,35877,702000,36.84,Logistics
2026-04-10,CONCOR, EQ, 10-Apr-2026,482.25,485.7,490.85,479.2,484.0,483.7,484.19,1714106,8299.57,33169,843306,49.2,Logistics
2026-04-13,CONCOR, EQ, 13-Apr-2026,483.7,476.1,482.65,467.5,482.0,481.55,478.41,743371,3556.4,18863,356332,47.93,Logistics
2026-04-15,CONCOR, EQ, 15-Apr-2026,481.55,486.2,492.4,484.85,488.0,489.2,489.17,1349136,6599.58,21408,769677,57.05,Logistics
2026-04-16,CONCOR, EQ, 16-Apr-2026,489.2,496.85,505.0,490.1,505.0,502.25,497.6,2409864,11991.59,42528,996732,41.36,Logistics
2026-04-17,CONCOR, EQ, 17-Apr-2026,502.25,505.0,511.85,499.85,504.0,503.1,505.21,1669379,8433.81,27358,742601,44.48,Logistics
2026-04-20,CONCOR, EQ, 20-Apr-2026,503.1,506.05,509.0,498.55,499.8,501.05,504.38,1272469,6418.07,23353,566252,44.5,Logistics
2026-04-21,CONCOR, EQ, 21-Apr-2026,501.05,501.75,510.95,501.75,505.0,504.2,506.75,909766,4610.21,24477,483365,53.13,Logistics
2026-04-22,CONCOR, EQ, 22-Apr-2026,504.2,502.5,517.5,502.0,517.45,515.7,510.58,1252575,6395.42,22607,572240,45.69,Logistics
2026-04-23,CONCOR, EQ, 23-Apr-2026,515.7,516.0,516.9,502.3,502.75,505.05,508.45,1041939,5297.7,18751,465065,44.63,Logistics
2026-04-24,CONCOR, EQ, 24-Apr-2026,505.05,505.05,506.9,499.05,503.7,502.8,502.09,1012434,5083.33,20914,423623,41.84,Logistics
2026-04-27,CONCOR, EQ, 27-Apr-2026,502.8,505.15,521.8,505.15,515.3,514.2,515.0,2167552,11162.9,33938,1199955,55.36,Logistics
2026-04-28,CONCOR, EQ, 28-Apr-2026,514.2,517.0,519.15,508.8,510.0,510.5,512.65,1034888,5305.34,18280,539525,52.13,Logistics
2026-04-29,CONCOR, EQ, 29-Apr-2026,510.5,514.0,521.95,508.5,513.0,514.6,513.95,1348894,6932.71,23010,808405,59.93,Logistics
2026-04-30,CONCOR, EQ, 30-Apr-2026,514.6,510.6,512.05,506.0,508.15,508.85,509.41,1678788,8551.97,52297,918406,54.71,Logistics
2026-05-04,CONCOR, EQ, 04-May-2026,508.85,509.5,519.9,509.5,516.45,516.35,516.6,580558,2999.15,19487,207482,35.74,Logistics
2026-05-05,CONCOR, EQ, 05-May-2026,516.35,516.45,521.0,512.9,518.5,518.05,517.93,591189,3061.92,14941,215931,36.52,Logistics
2026-05-06,CONCOR, EQ, 06-May-2026,518.05,522.0,527.0,518.1,525.0,524.2,522.26,952579,4974.89,22104,453856,47.64,Logistics
2026-05-07,CONCOR, EQ, 07-May-2026,524.2,527.0,528.9,523.0,527.25,526.7,526.26,1033035,5436.47,28572,349495,33.83,Logistics
2026-05-08,CONCOR, EQ, 08-May-2026,526.7,526.65,537.0,524.25,533.35,534.75,533.2,1130482,6027.74,39020,496743,43.94,Logistics
2026-05-11,CONCOR, EQ, 11-May-2026,534.75,535.75,535.75,528.05,531.3,530.0,531.61,1278998,6799.32,33243,590109,46.14,Logistics
2026-05-12,CONCOR, EQ, 12-May-2026,530.0,527.35,529.65,511.6,516.3,516.0,518.01,3366124,17436.73,47381,2108341,62.63,Logistics
2026-05-13,CONCOR, EQ, 13-May-2026,516.0,512.6,525.35,512.6,521.0,519.85,520.06,1928354,10028.56,50001,1037626,53.81,Logistics
2026-05-14,CONCOR, EQ, 14-May-2026,519.85,522.35,527.75,517.95,523.95,522.95,522.81,716091,3743.8,25873,228803,31.95,Logistics
2026-05-15,CONCOR, EQ, 15-May-2026,522.95,527.0,527.85,516.5,517.2,518.8,522.58,498510,2605.12,18270,167306,33.56,Logistics
2026-05-18,CONCOR, EQ, 18-May-2026,518.8,513.0,513.35,499.3,502.0,501.95,503.35,1078736,5429.85,29428,544780,50.5,Logistics
2026-05-19,CONCOR, EQ, 19-May-2026,501.95,501.95,510.7,501.0,505.2,505.6,506.41,519504,2630.82,13608,213017,41.0,Logistics
2026-05-20,CONCOR, EQ, 20-May-2026,505.6,500.5,507.6,493.0,503.0,504.15,501.34,1240036,6216.77,28934,392167,31.63,Logistics
2026-05-21,CONCOR, EQ, 21-May-2026,504.15,506.65,510.5,497.5,510.0,505.9,503.66,2978741,15002.67,51630,1653721,55.52,Logistics
2026-05-22,CONCOR, EQ, 22-May-2026,505.9,507.45,511.15,505.0,505.0,505.9,507.09,643269,3261.92,15993,228274,35.49,Logistics
2026-05-25,CONCOR, EQ, 25-May-2026,505.9,509.0,513.5,506.9,513.2,512.05,510.65,720289,3678.14,17165,290388,40.32,Logistics
2026-05-26,CONCOR, EQ, 26-May-2026,512.05,490.8,494.9,472.6,475.25,475.9,480.39,9180116,44100.61,110657,3295805,35.9,Logistics
2026-05-27,CONCOR, EQ, 27-May-2026,475.9,480.5,480.85,470.3,472.35,472.3,473.14,3621683,17135.52,70860,1570461,43.36,Logistics
2026-05-29,CONCOR, EQ, 29-May-2026,472.3,472.95,477.65,460.15,463.85,463.65,469.3,2702698,12683.67,45588,1462491,54.11,Logistics
2026-06-01,CONCOR, EQ, 01-Jun-2026,463.65,465.1,469.9,457.0,463.7,464.1,464.08,1343567,6235.16,21439,380014,28.28,Logistics
2026-06-02,CONCOR, EQ, 02-Jun-2026,464.1,461.95,464.15,455.5,459.5,459.45,459.65,1147202,5273.17,19400,525853,45.84,Logistics
2026-06-03,CONCOR, EQ, 03-Jun-2026,459.45,461.0,461.9,446.0,452.0,451.9,450.92,1889989,8522.26,40952,844465,44.68,Logistics
2026-06-04,CONCOR, EQ, 04-Jun-2026,451.9,451.9,455.25,448.2,454.5,454.35,451.46,1542940,6965.69,27541,772859,50.09,Logistics
2026-06-05,CONCOR, EQ, 05-Jun-2026,454.35,452.55,457.8,446.8,450.6,450.95,451.25,1855533,8373.02,35677,955374,51.49,Logistics
2026-06-08,CONCOR, EQ, 08-Jun-2026,450.95,447.0,447.95,441.8,444.5,445.35,444.48,1358236,6037.06,29110,632187,46.54,Logistics
2026-06-09,CONCOR, EQ, 09-Jun-2026,445.35,446.9,453.95,444.75,452.9,452.95,449.17,1217998,5470.84,17396,579341,47.57,Logistics
2026-06-10,CONCOR, EQ, 10-Jun-2026,452.95,454.0,454.2,442.8,443.8,445.5,448.34,1089181,4883.19,27573,617021,56.65,Logistics
2026-06-11,CONCOR, EQ, 11-Jun-2026,445.5,442.8,443.9,437.45,441.4,440.25,440.02,1235614,5436.95,25539,714400,57.82,Logistics
2026-06-12,CONCOR, EQ, 12-Jun-2026,440.25,444.0,451.35,438.6,450.0,450.2,444.98,1777288,7908.62,33582,815027,45.86,Logistics
2026-06-15,CONCOR, EQ, 15-Jun-2026,450.2,456.05,463.7,456.05,460.95,459.35,459.85,1704181,7836.63,28559,836021,49.06,Logistics
2026-06-16,CONCOR, EQ, 16-Jun-2026,459.35,461.9,466.05,454.1,466.05,463.35,458.84,1774689,8143.06,28110,964027,54.32,Logistics
2026-06-17,CONCOR, EQ, 17-Jun-2026,463.35,467.85,468.5,462.55,466.8,467.0,466.07,785113,3659.15,15058,333219,42.44,Logistics
2026-06-18,CONCOR, EQ, 18-Jun-2026,467.0,468.4,469.05,463.5,467.5,467.15,465.57,610678,2843.13,15935,296282,48.52,Logistics
2026-06-19,CONCOR, EQ, 19-Jun-2026,467.15,465.45,472.75,462.75,471.15,471.75,469.11,1684768,7903.4,24149,948173,56.28,Logistics
2026-06-22,CONCOR, EQ, 22-Jun-2026,471.75,476.0,476.8,471.75,472.95,473.65,474.37,1587379,7530.11,31072,710989,44.79,Logistics
2026-06-23,CONCOR, EQ, 23-Jun-2026,473.65,474.0,484.65,472.0,477.45,479.25,480.01,2396783,11504.91,44273,1029213,42.94,Logistics
2026-06-24,CONCOR, EQ, 24-Jun-2026,479.25,477.0,477.9,468.45,474.3,473.95,473.76,695603,3295.51,18566,254705,36.62,Logistics
2026-06-25,CONCOR, EQ, 25-Jun-2026,473.95,475.95,481.0,468.8,469.3,469.8,475.14,1403942,6670.75,24558,678425,48.32,Logistics
2026-06-29,CONCOR, EQ, 29-Jun-2026,469.8,468.65,474.2,465.45,471.5,471.0,471.06,1503227,7081.08,24969,951799,63.32,Logistics
2026-06-30,CONCOR, EQ, 30-Jun-2026,471.0,473.0,478.95,468.35,477.25,475.25,473.97,1229797,5828.91,20977,743035,60.42,Logistics
2026-07-01,CONCOR, EQ, 01-Jul-2026,475.25,475.25,482.35,473.8,480.25,480.25,479.65,786234,3771.19,18851,375678,47.78,Logistics
2026-07-02,CONCOR, EQ, 02-Jul-2026,480.25,484.9,484.9,476.05,476.65,477.45,478.12,2060994,9854.12,16321,1412436,68.53,Logistics
2026-07-03,CONCOR, EQ, 03-Jul-2026,477.45,480.0,491.05,477.2,486.7,488.2,483.84,6696249,32399.42,69657,4148961,61.96,Logistics
2026-07-06,CONCOR, EQ, 06-Jul-2026,488.2,490.0,491.0,479.55,480.35,481.3,484.86,2424967,11757.79,30341,1158272,47.76,Logistics
2026-07-07,CONCOR, EQ, 07-Jul-2026,481.3,484.0,484.0,470.55,470.55,472.75,475.35,723775,3440.46,15756,380138,52.52,Logistics
2026-07-08,CONCOR, EQ, 08-Jul-2026,472.75,469.0,470.0,448.45,452.8,451.4,460.86,1718940,7921.87,31579,806307,46.91,Logistics
2026-07-09,CONCOR, EQ, 09-Jul-2026,451.4,452.05,460.2,452.05,458.0,457.1,457.4,511426,2339.28,12589,211487,41.35,Logistics
2026-07-10,CONCOR, EQ, 10-Jul-2026,457.1,462.0,470.55,461.65,464.55,463.75,466.2,2960717,13802.82,37558,1736154,58.64,Logistics
2026-07-13,CONCOR, EQ, 13-Jul-2026,463.75,460.9,470.4,456.2,469.35,463.95,459.75,3105163,14275.88,32678,1762353,56.76,Logistics
2026-07-14,CONCOR, EQ, 14-Jul-2026,463.95,468.1,496.0,468.1,492.65,493.15,488.97,14171169,69293.1,167345,4370519,30.84,Logistics
2026-07-15,CONCOR, EQ, 15-Jul-2026,493.15,493.0,496.9,488.75,492.25,492.9,493.07,2000945,9866.13,34679,854451,42.7,Logistics
2026-07-16,CONCOR, EQ, 16-Jul-2026,492.9,492.0,494.7,485.35,490.4,490.3,490.11,912852,4473.95,19751,454598,49.8,Logistics
2026-07-17,CONCOR, EQ, 17-Jul-2026,490.3,492.0,492.0,484.35,487.4,486.9,487.79,449962,2194.86,16922,165194,36.71,Logistics
2026-07-20,CONCOR, EQ, 20-Jul-2026,486.9,490.0,500.0,485.05,498.2,499.0,495.53,1904746,9438.62,31604,850207,44.64,Logistics
2026-07-21,CONCOR, EQ, 21-Jul-2026,499.0,499.0,499.0,490.0,490.8,491.65,493.83,918729,4537.0,34191,417734,45.47,Logistics
2026-07-22,CONCOR, EQ, 22-Jul-2026,491.65,489.0,492.0,478.2,480.6,481.4,481.98,905534,4364.47,22863,451844,49.9,Logistics
2026-07-23,CONCOR, EQ, 23-Jul-2026,481.4,484.0,487.85,477.7,480.9,480.5,482.05,840000,4049.25,17432,389074,46.32,Logistics
2026-07-24,CONCOR, EQ, 24-Jul-2026,480.5,478.9,484.2,474.4,481.45,477.55,478.13,579577,2771.12,12574,193526,33.39,Logistics
2026-07-27,CONCOR, EQ, 27-Jul-2026,477.55,470.0,515.3,469.95,510.0,510.5,504.97,13227175,66792.71,187557,4259417,32.2,Logistics
2026-07-28,CONCOR, EQ, 28-Jul-2026,510.5,514.5,527.95,511.7,524.0,522.4,521.96,7636437,39859.44,136426,3524368,46.15,Logistics
2026-07-29,CONCOR, EQ, 29-Jul-2026,522.4,525.0,530.5,523.05,526.0,525.85,526.58,1843068,9705.2,38653,800194,43.42,Logistics
2026-07-30,CONCOR, EQ, 30-Jul-2026,525.85,525.85,529.95,522.25,526.0,525.15,525.53,1129654,5936.69,32333,531470,47.05,Logistics
2026-07-31,CONCOR, EQ, 31-Jul-2026,525.15,527.7,528.95,520.85,524.5,525.5,525.83,1280939,6735.57,27915,736696,57.51,Logistics
2026-08-03,CONCOR, EQ, 03-Aug-2026,525.5,527.0,531.7,522.5,525.0,525.0,525.7,1928428,10137.76,39186,971114,50.36,Logistics
2026-08-04,CONCOR, EQ, 04-Aug-2026,525.0,526.05,526.1,514.0,515.0,515.0,518.36,1523968,7899.66,35323,853235,55.99,Logistics
2026-08-05,CONCOR, EQ, 05-Aug-2026,515.0,519.95,528.6,516.35,516.35,516.35,520.53,1688051,8786.84,58889,804029,47.63,Logistics
2026-08-06,CONCOR, EQ, 06-Aug-2026,516.35,519.0,522.0,510.0,512.0,512.0,515.5,788586,4065.18,28710,379742,48.15,Logistics
2026-08-07,CONCOR, EQ, 07-Aug-2026,512.0,510.15,513.9,505.2,505.2,505.2,508.91,892002,4539.52,24853,481079,53.93,Logistics
2026-08-10,CONCOR, EQ, 10-Aug-2026,505.2,507.0,507.4,498.25,501.9,501.9,502.06,2519164,12647.78,33618,1568949,62.28,Logistics
2026-08-11,CONCOR, EQ, 11-Aug-2026,501.9,501.9,512.0,498.75,512.0,512.0,508.02,1100404,5590.32,20218,523975,47.62,Logistics
2026-08-12,CONCOR, EQ, 12-Aug-2026,512.0,515.0,523.8,510.4,512.05,512.05,518.85,2354296,12215.24,48714,1017594,43.22,Logistics
2026-08-13,CONCOR, EQ, 13-Aug-2026,512.05,514.65,535.5,513.7,533.65,533.65,529.9,4783981,25350.18,71701,2086659,43.62,Logistics
2026-08-14,CONCOR, EQ, 14-Aug-2026,533.65,535.0,543.7,527.0,527.0,527.0,535.98,2639193,14145.44,49981,894025,33.87,Logistics
2026-08-17,CONCOR, EQ, 17-Aug-2026,527.0,530.0,530.0,518.3,524.5,524.5,523.38,583809,3055.56,11413,235176,40.28,Logistics
2026-08-18,CONCOR, EQ, 18-Aug-2026,524.5,524.5,524.85,517.55,518.25,518.25,520.55,419489,2183.66,16474,216066,51.51,Logistics
2026-08-19,CONCOR, EQ, 19-Aug-2026,518.25,518.55,519.65,511.55,514.35,514.35,514.84,724297,3728.95,19648,294798,40.7,Logistics
2026-08-20,CONCOR, EQ, 20-Aug-2026,514.35,517.2,524.4,513.8,519.0,519.0,520.04,696568,3622.44,14438,330376,47.43,Logistics
2026-08-21,CONCOR, EQ, 21-Aug-2026,519.0,523.0,523.0,512.15,515.05,515.05,515.11,506883,2611.0,10359,222081,43.81,Logistics
