Date,SYMBOL,SERIES,DATE1,PREV_CLOSE,OPEN_PRICE,HIGH_PRICE,LOW_PRICE,LAST_PRICE,CLOSE_PRICE,AVG_PRICE,TTL_TRD_QNTY,TURNOVER_LACS,NO_OF_TRADES,DELIV_QTY,DELIV_PER
2019-08-23,COROMANDEL, EQ, 23-Aug-2019,357.75,354.95,362.0,351.0,360.0,360.05,356.1,90208,321.23,2277,37234,41.28
2019-10-01,COROMANDEL, EQ, 01-Oct-2019,415.4,419.0,421.6,411.1,413.0,413.7,415.22,81134,336.88,5508,57203,70.5
2019-10-03,COROMANDEL, EQ, 03-Oct-2019,413.7,415.9,417.5,410.7,417.0,412.6,414.25,54915,227.48,2235,36006,65.57
2019-10-04,COROMANDEL, EQ, 04-Oct-2019,412.6,413.55,420.0,401.1,405.0,408.25,407.31,98133,399.7,4554,44289,45.13
2019-10-07,COROMANDEL, EQ, 07-Oct-2019,408.25,407.0,414.7,402.6,408.1,408.3,408.21,53611,218.85,2415,31999,59.69
2019-10-09,COROMANDEL, EQ, 09-Oct-2019,408.3,407.45,410.9,400.55,403.75,403.85,404.51,117727,476.22,4575,72347,61.45
2019-10-10,COROMANDEL, EQ, 10-Oct-2019,403.85,403.8,407.7,399.95,402.15,403.45,403.49,32295,130.31,1968,14499,44.9
2019-10-11,COROMANDEL, EQ, 11-Oct-2019,403.45,404.15,406.0,400.3,404.3,404.9,403.11,45251,182.41,2342,26850,59.34
2019-10-14,COROMANDEL, EQ, 14-Oct-2019,404.9,401.0,413.5,400.75,406.5,406.95,406.36,93129,378.44,3432,73875,79.33
2019-10-15,COROMANDEL, EQ, 15-Oct-2019,406.95,409.5,410.35,400.35,403.55,406.95,403.34,328308,1324.18,2936,299613,91.26
2019-10-16,COROMANDEL, EQ, 16-Oct-2019,406.95,406.8,412.0,403.1,408.0,408.05,407.95,81093,330.82,6847,46848,57.77
2019-10-17,COROMANDEL, EQ, 17-Oct-2019,408.05,406.25,414.0,404.0,411.0,411.45,409.47,105692,432.77,9617,66930,63.33
2019-10-18,COROMANDEL, EQ, 18-Oct-2019,411.45,411.1,421.7,409.05,419.0,418.35,417.06,295109,1230.78,14920,230079,77.96
2019-10-22,COROMANDEL, EQ, 22-Oct-2019,418.35,419.9,422.0,414.1,418.0,418.3,418.07,347440,1452.54,6869,311730,89.72
2019-10-23,COROMANDEL, EQ, 23-Oct-2019,418.3,425.0,458.8,423.0,451.0,449.25,446.71,789642,3527.39,20559,426447,54.01
2019-10-24,COROMANDEL, EQ, 24-Oct-2019,449.25,451.95,472.5,451.95,466.0,469.2,464.04,508229,2358.41,7780,336382,66.19
2019-10-25,COROMANDEL, EQ, 25-Oct-2019,469.2,469.0,482.2,462.05,480.2,478.8,472.18,351323,1658.87,7506,275015,78.28
2019-10-27,COROMANDEL, EQ, 27-Oct-2019,478.8,480.0,483.0,468.2,471.2,472.5,474.3,17422,82.63,731,10030,57.57
2019-10-29,COROMANDEL, EQ, 29-Oct-2019,472.5,472.0,483.0,468.65,470.4,472.5,479.18,313370,1501.59,10949,258384,82.45
2019-10-30,COROMANDEL, EQ, 30-Oct-2019,472.5,473.0,473.0,465.0,470.0,470.55,470.23,149693,703.9,5216,115674,77.27
2019-10-31,COROMANDEL, EQ, 31-Oct-2019,470.55,472.95,478.85,470.0,476.0,475.4,472.36,276696,1307.0,5950,199298,72.03
2019-11-01,COROMANDEL, EQ, 01-Nov-2019,475.4,478.8,499.0,472.85,473.7,477.0,487.24,260899,1271.2,13447,159943,61.3
2019-11-04,COROMANDEL, EQ, 04-Nov-2019,477.0,477.9,485.5,456.1,466.0,466.15,478.2,331155,1583.59,8886,275765,83.27
2019-11-05,COROMANDEL, EQ, 05-Nov-2019,466.15,468.9,474.0,457.05,458.2,460.5,465.65,76355,355.55,6627,40288,52.76
2019-11-06,COROMANDEL, EQ, 06-Nov-2019,460.5,461.75,472.5,458.3,470.55,469.1,465.06,103672,482.14,5846,59341,57.24
2019-11-07,COROMANDEL, EQ, 07-Nov-2019,469.1,476.9,476.9,464.9,470.65,469.25,467.91,82685,386.89,4600,44939,54.35
2019-11-08,COROMANDEL, EQ, 08-Nov-2019,469.25,471.4,474.0,466.75,468.3,469.7,470.59,72309,340.28,6805,52079,72.02
2019-11-11,COROMANDEL, EQ, 11-Nov-2019,469.7,471.5,480.95,470.05,476.75,475.95,478.56,293578,1404.94,8500,201895,68.77
2019-11-13,COROMANDEL, EQ, 13-Nov-2019,475.95,480.0,480.0,466.4,476.0,475.45,473.06,101730,481.24,3413,67130,65.99
2019-11-14,COROMANDEL, EQ, 14-Nov-2019,475.45,479.7,479.7,470.1,475.35,476.05,474.73,140098,665.09,3531,112218,80.1
2019-11-15,COROMANDEL, EQ, 15-Nov-2019,476.05,473.15,480.0,472.95,479.9,476.55,476.12,55004,261.89,3707,31841,57.89
2019-11-18,COROMANDEL, EQ, 18-Nov-2019,476.55,479.9,480.0,469.4,475.0,473.45,473.3,66726,315.82,3719,39270,58.85
2019-11-19,COROMANDEL, EQ, 19-Nov-2019,473.45,472.0,477.45,471.3,473.25,475.3,474.86,43968,208.78,2422, 31824, 72.38
2019-11-20,COROMANDEL, EQ, 20-Nov-2019,475.3,475.3,475.3,467.25,468.7,469.55,470.39,68751,323.39,2656, 41694, 60.64
2019-11-21,COROMANDEL, EQ, 21-Nov-2019,469.55,469.0,471.95,461.0,466.45,464.8,465.11,141900,659.99,3851,83852,59.09
2019-11-22,COROMANDEL, EQ, 22-Nov-2019,464.8,463.4,468.95,458.0,466.0,466.95,464.65,50670,235.44,3060,21821,43.06
2019-11-25,COROMANDEL, EQ, 25-Nov-2019,466.95,467.0,476.0,465.3,475.0,473.85,469.67,35969,168.93,1624,24494,68.1
2019-11-26,COROMANDEL, EQ, 26-Nov-2019,473.85,478.0,478.0,470.1,473.9,475.05,474.89,86065,408.71,3617, 59443, 69.07
2019-11-27,COROMANDEL, EQ, 27-Nov-2019,475.05,475.05,478.0,469.05,472.25,474.1,472.78,58344,275.84,2539,33019,56.59
2019-11-28,COROMANDEL, EQ, 28-Nov-2019,474.1,474.05,477.0,471.0,471.55,474.4,472.73,47317,223.68,3161,28858,60.99
2019-11-29,COROMANDEL, EQ, 29-Nov-2019,474.4,474.6,476.85,470.35,474.9,474.9,473.27,104634,495.2,6323,73745,70.48
2019-12-02,COROMANDEL, EQ, 02-Dec-2019,474.9,471.05,490.0,471.05,477.0,480.4,484.41,471095,2282.04,13740, 301491, 64.00
2019-12-03,COROMANDEL, EQ, 03-Dec-2019,480.4,485.0,493.0,481.05,487.7,487.75,488.57,203106,992.3,7686,70728,34.82
2019-12-04,COROMANDEL, EQ, 04-Dec-2019,487.75,487.75,487.75,477.65,480.0,479.85,481.13,157261,756.63,3621,122570,77.94
2019-12-05,COROMANDEL, EQ, 05-Dec-2019,479.85,483.5,493.9,475.0,492.0,490.0,483.0,137611,664.66,6909,95013,69.04
2019-12-06,COROMANDEL, EQ, 06-Dec-2019,490.0,492.95,499.0,482.35,497.0,496.1,491.16,164706,808.96,6388,74526,45.25
2019-12-09,COROMANDEL, EQ, 09-Dec-2019,496.1,499.5,528.0,487.95,507.7,509.35,512.06,511159,2617.43,15659,217382,42.53
2019-12-10,COROMANDEL, EQ, 10-Dec-2019,509.35,511.45,521.7,501.25,510.0,507.85,512.93,361214,1852.77,10114,178998,49.55
2019-12-11,COROMANDEL, EQ, 11-Dec-2019,507.85,508.95,511.75,501.1,511.0,509.25,507.34,98484,499.65,5441,55961,56.82
2019-12-12,COROMANDEL, EQ, 12-Dec-2019,509.25,512.85,515.0,504.2,510.2,510.3,510.69,207891,1061.68,11827,156947,75.49
2019-12-13,COROMANDEL, EQ, 13-Dec-2019,510.3,512.65,520.0,507.7,514.0,513.35,512.8,242105,1241.52,12755,169734,70.11
2019-12-16,COROMANDEL, EQ, 16-Dec-2019,513.35,516.9,516.9,508.25,510.0,509.75,511.77,126911,649.49,8019,89995,70.91
2019-12-17,COROMANDEL, EQ, 17-Dec-2019,509.75,511.0,512.8,503.3,509.5,509.25,509.17,165132,840.8,4934,116282,70.42
2019-12-18,COROMANDEL, EQ, 18-Dec-2019,509.25,510.0,524.8,506.05,513.75,515.15,517.06,210269,1087.23,11224,96667,45.97
2019-12-19,COROMANDEL, EQ, 19-Dec-2019,515.15,515.15,515.65,509.0,509.9,510.95,511.49,103583,529.82,3282,72046,69.55
2019-12-20,COROMANDEL, EQ, 20-Dec-2019,510.95,507.8,517.95,506.25,517.85,513.15,510.83,115155,588.24,4855,84640,73.5
2019-12-23,COROMANDEL, EQ, 23-Dec-2019,513.15,514.6,518.45,505.7,514.0,515.05,511.34,113886,582.35,5947,56847,49.92
2019-12-24,COROMANDEL, EQ, 24-Dec-2019,515.05,515.05,522.8,507.25,520.85,517.2,514.93,108305,557.7,4270,50140,46.3
2019-12-26,COROMANDEL, EQ, 26-Dec-2019,517.2,518.0,527.0,515.1,524.05,524.7,521.86,221760,1157.27,10482,116554,52.56
2019-12-27,COROMANDEL, EQ, 27-Dec-2019,524.7,527.0,529.0,517.7,524.0,524.1,522.8,118585,619.96,3546,61829,52.14
2019-12-30,COROMANDEL, EQ, 30-Dec-2019,524.1,521.5,531.0,517.05,525.2,525.3,526.17,92298,485.64,3619,50325,54.52
2019-12-31,COROMANDEL, EQ, 31-Dec-2019,525.3,525.2,534.9,517.6,530.75,532.1,529.65,112432,595.49,9434,54618,48.58
2020-01-01,COROMANDEL, EQ, 01-Jan-2020,532.1,533.0,535.0,526.55,528.0,528.7,531.3,47203,250.79,2222,26546,56.24
2020-01-02,COROMANDEL, EQ, 02-Jan-2020,528.7,529.95,543.15,529.55,535.0,533.8,537.74,200561,1078.5,10481,69905,34.85
2020-01-03,COROMANDEL, EQ, 03-Jan-2020,533.8,532.1,542.5,530.0,538.25,539.0,537.3,69188,371.75,3056,38601,55.79
2020-01-06,COROMANDEL, EQ, 06-Jan-2020,539.0,539.5,541.0,526.0,527.25,529.5,530.11,140603,745.35,6772,76031,54.07
2020-01-07,COROMANDEL, EQ, 07-Jan-2020,529.5,532.45,537.55,530.15,532.05,533.65,533.8,61744,329.59,4413,36549,59.19
2020-01-08,COROMANDEL, EQ, 08-Jan-2020,533.65,528.0,533.25,524.1,529.0,528.25,527.75,101126,533.69,3521,67823,67.07
2020-01-09,COROMANDEL, EQ, 09-Jan-2020,528.25,531.9,541.0,526.75,527.3,531.55,532.93,188197,1002.95,4903,138053,73.36
2020-01-10,COROMANDEL, EQ, 10-Jan-2020,531.55,530.0,538.9,528.85,536.0,536.3,535.16,130352,697.59,6464,88290,67.73
2020-01-13,COROMANDEL, EQ, 13-Jan-2020,536.3,539.8,549.9,536.3,542.0,544.55,542.67,272841,1480.63,3658,243839,89.37
2020-01-14,COROMANDEL, EQ, 14-Jan-2020,544.55,542.6,560.95,539.95,555.2,558.0,553.49,177853,984.39,7962,117446,66.04
2020-01-15,COROMANDEL, EQ, 15-Jan-2020,558.0,557.4,580.0,556.25,575.0,572.4,568.79,455544,2591.08,11466,239249,52.52
2020-01-16,COROMANDEL, EQ, 16-Jan-2020,572.4,579.3,597.1,572.0,583.3,583.8,584.58,325962,1905.5,9941,226796,69.58
2020-01-17,COROMANDEL, EQ, 17-Jan-2020,583.8,586.0,596.0,583.65,587.1,586.35,589.89,216816,1278.98,3047, 163320, 75.33
2020-01-20,COROMANDEL, EQ, 20-Jan-2020,586.35,590.0,604.0,576.7,600.55,601.75,596.85,264829,1580.63,7402,138775,52.4
2020-01-21,COROMANDEL, EQ, 21-Jan-2020,601.75,592.85,599.9,581.1,597.0,592.8,587.38,441459,2593.06,7528,347762,78.78
2020-01-22,COROMANDEL, EQ, 22-Jan-2020,592.8,592.8,600.2,589.5,594.25,594.65,594.22,321505,1910.45,3162,288474,89.73
2020-01-23,COROMANDEL, EQ, 23-Jan-2020,594.65,597.6,619.0,592.8,611.45,612.6,612.47,1151686,7053.76,12076,936867,81.35
2020-01-24,COROMANDEL, EQ, 24-Jan-2020,612.6,615.65,618.0,594.45,596.0,608.55,610.47,308523,1883.43,16906,219023,70.99
2020-01-27,COROMANDEL, EQ, 27-Jan-2020,608.55,604.0,610.0,596.25,609.0,603.45,604.68,155986,943.22,14541,100161,64.21
2020-01-28,COROMANDEL, EQ, 28-Jan-2020,603.45,607.0,624.0,604.8,611.0,615.05,617.52,423283,2613.86,14499,321944,76.06
2020-01-29,COROMANDEL, EQ, 29-Jan-2020,615.05,617.35,624.0,612.3,614.0,618.1,620.46,405868,2518.23,15162,338997,83.52
2020-01-30,COROMANDEL, EQ, 30-Jan-2020,618.1,617.0,629.75,601.3,622.0,620.8,617.74,281357,1738.05,15903,177186,62.98
2020-01-31,COROMANDEL, EQ, 31-Jan-2020,620.8,624.8,641.45,612.0,631.0,631.85,628.77,717405,4510.81,24185,264752,36.9
2020-02-01,COROMANDEL, EQ, 01-Feb-2020,631.85,630.0,638.95,608.5,624.0,617.65,625.43,163853,1024.78,5793,98901,60.36
2020-02-03,COROMANDEL, EQ, 03-Feb-2020,617.65,611.55,638.0,605.05,631.0,629.65,621.48,320154,1989.71,6498,250596,78.27
2020-02-04,COROMANDEL, EQ, 04-Feb-2020,629.65,633.4,642.0,614.65,620.0,619.75,623.77,307825,1920.13,9730,242581,78.8
2020-02-05,COROMANDEL, EQ, 05-Feb-2020,619.75,622.7,630.0,612.0,620.0,619.75,619.7,135142,837.47,7635,76886,56.89
2020-02-06,COROMANDEL, EQ, 06-Feb-2020,619.75,625.0,630.0,619.0,626.35,628.6,625.63,44729,279.84,2490,25575,57.18
2020-02-07,COROMANDEL, EQ, 07-Feb-2020,628.6,626.15,627.85,612.65,620.0,619.6,617.67,184254,1138.08,15754,106593,57.85
2020-02-10,COROMANDEL, EQ, 10-Feb-2020,619.6,622.7,622.7,612.0,615.0,614.5,615.92,107882,664.46,9102,75021,69.54
2020-02-11,COROMANDEL, EQ, 11-Feb-2020,614.5,615.1,618.95,604.0,606.8,608.15,610.3,91983,561.37,7762,57267,62.26
2020-02-12,COROMANDEL, EQ, 12-Feb-2020,608.15,609.85,619.4,603.8,617.5,616.8,612.28,243669,1491.95,10310,179862,73.81
2020-02-13,COROMANDEL, EQ, 13-Feb-2020,616.8,621.0,630.0,619.0,625.45,624.2,623.19,193945,1208.64,4073,140762,72.58
2020-02-14,COROMANDEL, EQ, 14-Feb-2020,624.2,626.0,636.95,625.05,633.0,633.2,630.82,228021,1438.41,11200, 174452, 76.51
2020-02-17,COROMANDEL, EQ, 17-Feb-2020,633.2,638.0,638.9,616.7,623.05,626.8,629.71,285111,1795.37,2650,251179,88.1
2020-02-18,COROMANDEL, EQ, 18-Feb-2020,626.8,623.9,628.7,604.35,624.0,623.75,617.48,179790,1110.17,14977,116086,64.57
2020-02-19,COROMANDEL, EQ, 19-Feb-2020,623.75,623.75,626.8,615.25,622.0,619.75,620.26,49910,309.57,5494, 27674, 55.45
2020-02-20,COROMANDEL, EQ, 20-Feb-2020,619.75,624.7,627.0,601.65,620.0,619.6,613.08,201592,1235.92,9208,118697,58.88
2020-02-24,COROMANDEL, EQ, 24-Feb-2020,619.6,619.0,629.0,611.05,623.15,624.7,624.91,139972,874.69,2912,116577,83.29
2020-02-25,COROMANDEL, EQ, 25-Feb-2020,624.7,620.55,626.9,618.1,620.0,620.05,620.77,114040,707.93,3156,97536,85.53
2020-02-26,COROMANDEL, EQ, 26-Feb-2020,620.05,620.0,621.9,605.8,612.5,612.2,612.78,210506,1289.93,14789,160565,76.28
2020-02-27,COROMANDEL, EQ, 27-Feb-2020,612.2,612.2,620.0,601.45,610.0,614.55,610.6,69179,422.41,7723,36607,52.92
2020-02-28,COROMANDEL, EQ, 28-Feb-2020,614.55,604.0,619.0,578.6,612.95,615.5,611.85,711231,4351.66,16590,607385,85.4
2020-03-02,COROMANDEL, EQ, 02-Mar-2020,615.5,611.0,622.0,604.0,614.0,615.35,614.19,322847,1982.89,12346,256803,79.54
2020-03-03,COROMANDEL, EQ, 03-Mar-2020,615.35,610.15,632.85,603.25,623.15,619.25,614.87,162529,999.35,9533,70395,43.31
2020-03-04,COROMANDEL, EQ, 04-Mar-2020,619.25,619.4,628.9,610.0,612.05,618.5,618.56,126717,783.82,6326,91687,72.36
2020-03-05,COROMANDEL, EQ, 05-Mar-2020,618.5,613.65,621.9,606.05,618.05,618.65,615.87,150578,927.36,12274,104417,69.34
2020-03-06,COROMANDEL, EQ, 06-Mar-2020,618.65,602.3,625.0,602.3,618.0,618.55,619.16,146256,905.56,4687,104970,71.77
2020-03-09,COROMANDEL, EQ, 09-Mar-2020,618.55,615.5,619.0,582.6,605.0,602.75,606.86,499248,3029.74,11423,409735,82.07
2020-03-11,COROMANDEL, EQ, 11-Mar-2020,602.75,608.0,630.0,604.25,620.7,622.1,620.75,239980,1489.67,10407,127072,52.95
2020-03-12,COROMANDEL, EQ, 12-Mar-2020,622.1,603.55,610.25,555.05,563.75,576.55,580.74,353897,2055.21,20236,214978,60.75
2020-03-13,COROMANDEL, EQ, 13-Mar-2020,576.55,539.0,628.75,470.0,597.0,599.1,596.32,679271,4050.6,29754,518940,76.4
2020-03-16,COROMANDEL, EQ, 16-Mar-2020,599.1,573.0,596.0,540.0,543.35,569.3,568.46,245202,1393.87,15824,136031,55.48
2020-03-17,COROMANDEL, EQ, 17-Mar-2020,569.3,558.0,578.35,548.2,562.0,569.55,570.14,378631,2158.73,11272,312128,82.44
2020-03-18,COROMANDEL, EQ, 18-Mar-2020,569.55,566.3,576.85,544.0,545.0,550.8,550.83,493888,2720.49,24232,400326,81.06
2020-03-19,COROMANDEL, EQ, 19-Mar-2020,550.8,515.0,539.7,507.3,525.75,524.15,520.15,261794,1361.72,15578,158353,60.49
2020-03-20,COROMANDEL, EQ, 20-Mar-2020,524.15,525.75,565.0,475.0,560.0,554.0,515.1,492688,2537.85,19657,294495,59.77
2020-03-23,COROMANDEL, EQ, 23-Mar-2020,554.0,490.0,538.9,443.2,488.0,499.0,479.09,162588,778.94,8616,105679,65.0
2020-03-24,COROMANDEL, EQ, 24-Mar-2020,499.0,502.0,523.95,465.35,489.5,482.0,486.47,161453,785.42,15560,100584,62.3
2020-03-25,COROMANDEL, EQ, 25-Mar-2020,482.0,482.0,564.0,470.3,510.0,498.4,492.28,106549,524.52,2922,67961,63.78
2020-03-26,COROMANDEL, EQ, 26-Mar-2020,498.4,509.0,550.0,482.05,545.0,546.05,501.36,272721,1367.31,13190,192507,70.59
2020-03-27,COROMANDEL, EQ, 27-Mar-2020,546.05,550.0,553.45,490.25,519.1,521.6,514.56,233858,1203.34,22851,132903,56.83
2020-03-30,COROMANDEL, EQ, 30-Mar-2020,521.6,516.2,539.0,499.2,538.95,533.1,527.03,178188,939.1,12804,116694,65.49
2020-03-31,COROMANDEL, EQ, 31-Mar-2020,533.1,539.4,558.0,507.8,550.0,546.2,525.09,307605,1615.19,17970,193062,62.76
2020-04-01,COROMANDEL, EQ, 01-Apr-2020,546.2,549.95,550.0,523.7,536.0,534.8,534.54,53432,285.62,5209,21932,41.05
2020-04-03,COROMANDEL, EQ, 03-Apr-2020,534.8,534.8,543.95,501.9,505.0,512.25,517.08,100346,518.87,15417,43167,43.02
2020-04-07,COROMANDEL, EQ, 07-Apr-2020,512.25,519.9,521.35,499.9,505.95,504.95,511.59,193228,988.54,7158,121462,62.86
2020-04-08,COROMANDEL, EQ, 08-Apr-2020,504.95,501.0,520.55,495.1,514.0,511.1,508.92,269731,1372.71,24411,153304,56.84
2020-04-09,COROMANDEL, EQ, 09-Apr-2020,511.1,523.0,545.0,520.0,525.0,528.15,532.57,106822,568.9,7409,42467,39.75
2020-04-13,COROMANDEL, EQ, 13-Apr-2020,528.15,537.0,537.0,506.15,508.1,508.95,512.09,86713,444.05,4898,44309,59.77
2020-04-15,COROMANDEL, EQ, 15-Apr-2020,508.95,513.0,541.95,512.0,531.0,528.55,526.7,214723,1130.94,18925,107872,50.24
2020-04-16,COROMANDEL, EQ, 16-Apr-2020,528.55,537.0,569.0,521.1,569.0,562.95,539.79,830826,4484.72,17705,439658,52.92
2020-04-17,COROMANDEL, EQ, 17-Apr-2020,562.95,576.0,582.0,538.25,545.0,543.95,554.89,232151,1288.19,7058,162286,69.91
2020-04-20,COROMANDEL, EQ, 20-Apr-2020,543.95,555.0,565.0,541.0,541.9,543.95,553.47,74495,412.31,4300,26198,35.17
2020-04-21,COROMANDEL, EQ, 21-Apr-2020,543.95,535.0,535.0,518.5,520.0,520.15,522.27,147203,768.79,6981,83795,56.92
2020-04-22,COROMANDEL, EQ, 22-Apr-2020,520.15,523.05,549.0,508.0,549.0,540.0,529.31,130993,693.36,6660,62885,48.01
2020-04-23,COROMANDEL, EQ, 23-Apr-2020,540.0,550.9,573.2,543.85,557.0,559.6,564.53,258565,1459.69,12465,67538,26.12
2020-04-24,COROMANDEL, EQ, 24-Apr-2020,559.6,558.9,558.9,527.6,556.0,554.9,547.42,120153,657.74,6611,50988,42.44
2020-04-27,COROMANDEL, EQ, 27-Apr-2020,554.9,565.0,581.65,559.25,566.55,566.85,572.0,168480,963.7,15500,53239,31.6
2020-04-28,COROMANDEL, EQ, 28-Apr-2020,566.85,563.6,580.0,561.55,561.75,564.0,568.42,136080,773.51,13301,48234,35.45
2020-04-29,COROMANDEL, EQ, 29-Apr-2020,564.0,576.65,587.3,566.05,567.0,571.05,575.51,131005,753.94,6229,49877,38.07
2020-04-30,COROMANDEL, EQ, 30-Apr-2020,571.05,574.1,615.0,570.1,589.1,594.25,596.27,699429,4170.47,40989,249948,35.74
2020-05-04,COROMANDEL, EQ, 04-May-2020,594.25,580.0,581.7,563.15,567.35,569.2,572.48,162118,928.09,16278,79366,48.96
2020-05-05,COROMANDEL, EQ, 05-May-2020,569.2,574.0,617.9,572.05,613.7,609.55,605.01,1229436,7438.2,30143,724789,58.95
2020-05-06,COROMANDEL, EQ, 06-May-2020,609.55,624.8,631.75,600.0,606.05,605.85,617.48,810367,5003.85,37132,346730,42.79
2020-05-07,COROMANDEL, EQ, 07-May-2020,605.85,611.95,613.9,592.0,612.0,608.05,602.7,174102,1049.31,6205,73069,41.97
2020-05-08,COROMANDEL, EQ, 08-May-2020,608.05,616.05,627.85,605.5,609.7,608.5,615.95,179458,1105.37,9249,54040,30.11
2020-05-11,COROMANDEL, EQ, 11-May-2020,608.5,614.65,629.7,610.0,618.0,618.6,621.05,133210,827.3,12539,65096,48.87
2020-05-12,COROMANDEL, EQ, 12-May-2020,618.6,615.0,617.4,600.5,603.5,603.5,604.45,120865,730.57,11971,61444,50.84
2020-05-13,COROMANDEL, EQ, 13-May-2020,603.5,622.0,625.0,604.0,613.5,614.15,612.99,159742,979.21,14476,72359,45.3
2020-05-14,COROMANDEL, EQ, 14-May-2020,614.15,613.0,619.0,601.0,619.0,615.7,608.13,205034,1246.88,17090,120037,58.54
2020-05-15,COROMANDEL, EQ, 15-May-2020,615.7,620.45,633.0,602.25,625.0,625.85,621.52,368353,2289.38,11714,159649,43.34
2020-05-18,COROMANDEL, EQ, 18-May-2020,625.85,629.0,632.7,610.0,622.85,620.5,619.22,178470,1105.12,13113,79269,44.42
2020-05-19,COROMANDEL, EQ, 19-May-2020,620.5,623.0,623.0,590.0,605.1,606.4,602.85,302025,1820.75,17434,130592,43.24
2020-05-20,COROMANDEL, EQ, 20-May-2020,606.4,604.8,614.85,597.0,609.0,608.85,606.87,107135,650.17,3712,50566,47.2
2020-05-21,COROMANDEL, EQ, 21-May-2020,608.85,613.8,622.75,610.05,616.55,615.0,616.3,151771,935.37,5693,87037,57.35
2020-05-22,COROMANDEL, EQ, 22-May-2020,615.0,615.0,658.1,611.0,644.1,650.55,639.02,1032531,6598.07,20363,627519,60.77
2020-05-26,COROMANDEL, EQ, 26-May-2020,650.55,660.0,664.8,622.35,650.7,650.25,652.12,537903,3507.77,21611,172104,32.0
2020-05-27,COROMANDEL, EQ, 27-May-2020,650.25,686.0,698.9,652.5,661.3,660.6,674.03,1536578,10357.04,50462,369582,24.05
2020-05-28,COROMANDEL, EQ, 28-May-2020,660.6,675.0,684.8,653.25,658.5,657.05,668.16,743199,4965.78,33287,227258,30.58
2020-05-29,COROMANDEL, EQ, 29-May-2020,657.05,655.0,657.8,641.25,645.0,644.3,647.13,410397,2655.82,20678,233079,56.79
2020-06-01,COROMANDEL, EQ, 01-Jun-2020,644.3,659.95,668.8,643.45,651.0,650.8,654.36,587092,3841.67,25600,272514,46.42
2020-06-02,COROMANDEL, EQ, 02-Jun-2020,650.8,654.0,657.35,616.1,638.0,640.25,634.61,6441137,40876.0,76877,2487247,38.62
2020-06-03,COROMANDEL, EQ, 03-Jun-2020,640.25,647.0,654.85,626.0,632.0,634.05,645.98,776892,5018.53,26493,410694,52.86
2020-06-04,COROMANDEL, EQ, 04-Jun-2020,634.05,634.0,647.4,628.5,640.6,638.1,639.01,330503,2111.95,13531,150926,45.67
2020-06-05,COROMANDEL, EQ, 05-Jun-2020,638.1,643.95,672.0,640.05,667.0,664.7,660.92,1275142,8427.68,35344,688315,53.98
2020-06-08,COROMANDEL, EQ, 08-Jun-2020,664.7,669.9,673.0,650.0,652.45,652.85,662.61,407353,2699.15,16839,195654,48.03
2020-06-09,COROMANDEL, EQ, 09-Jun-2020,652.85,654.0,660.4,643.95,658.0,657.75,652.43,264719,1727.1,12913,167830,63.4
2020-06-10,COROMANDEL, EQ, 10-Jun-2020,657.75,658.0,678.9,658.0,669.15,671.65,671.99,558479,3752.93,15586,209359,37.49
2020-06-11,COROMANDEL, EQ, 11-Jun-2020,671.65,679.9,679.9,665.0,675.0,672.3,671.77,283277,1902.98,9831,148378,52.38
2020-06-12,COROMANDEL, EQ, 12-Jun-2020,672.3,651.15,677.95,645.75,674.55,673.2,665.66,323658,2154.46,12159,95606,29.54
2020-06-15,COROMANDEL, EQ, 15-Jun-2020,673.2,677.5,692.0,656.65,660.0,662.95,675.38,565128,3816.74,20865,233470,41.31
2020-06-16,COROMANDEL, EQ, 16-Jun-2020,662.95,670.0,687.3,667.35,680.0,677.35,680.83,882670,6009.48,25410,402827,45.64
2020-06-17,COROMANDEL, EQ, 17-Jun-2020,677.35,679.9,726.45,678.35,720.05,721.6,710.03,1657453,11768.4,59626,559818,33.78
2020-06-18,COROMANDEL, EQ, 18-Jun-2020,721.6,725.0,747.0,723.5,738.0,740.35,739.33,984922,7281.86,39193,548327,55.67
2020-06-19,COROMANDEL, EQ, 19-Jun-2020,740.35,748.0,748.65,704.25,724.0,720.0,723.25,725117,5244.38,27195,397608,54.83
2020-06-22,COROMANDEL, EQ, 22-Jun-2020,720.0,730.0,741.9,711.95,730.0,732.5,727.22,384585,2796.78,19677,177442,46.14
2020-06-23,COROMANDEL, EQ, 23-Jun-2020,732.5,729.85,741.0,713.85,740.0,731.7,725.77,537065,3897.87,27849,310150,57.75
2020-06-24,COROMANDEL, EQ, 24-Jun-2020,731.7,737.0,751.0,715.55,737.0,734.0,731.3,646018,4724.32,30958,334319,51.75
2020-06-25,COROMANDEL, EQ, 25-Jun-2020,734.0,734.0,760.0,723.15,757.25,751.1,741.77,436629,3238.79,14563,253987,58.17
2020-06-26,COROMANDEL, EQ, 26-Jun-2020,751.1,754.9,768.8,744.25,752.9,757.35,758.36,508010,3852.53,19456,298725,58.8
2020-06-29,COROMANDEL, EQ, 29-Jun-2020,757.35,760.0,760.0,743.0,752.9,753.7,749.94,317233,2379.07,10676,192573,60.7
2020-06-30,COROMANDEL, EQ, 30-Jun-2020,753.7,749.0,762.0,723.0,755.95,755.75,747.05,530102,3960.13,20463,324848,61.28
2020-07-01,COROMANDEL, EQ, 01-Jul-2020,755.75,755.95,765.0,745.15,748.0,752.2,756.04,287294,2172.04,15187,179210,62.38
2020-07-02,COROMANDEL, EQ, 02-Jul-2020,752.2,752.2,766.5,746.0,751.5,752.4,757.9,487233,3692.75,17299,377936,77.57
2020-07-03,COROMANDEL, EQ, 03-Jul-2020,752.4,755.65,762.75,745.0,745.3,749.25,751.63,392553,2950.54,11742,262921,66.98
2020-07-06,COROMANDEL, EQ, 06-Jul-2020,749.25,754.95,758.8,747.0,748.9,749.65,752.29,359210,2702.32,14123,217567,60.57
2020-07-07,COROMANDEL, EQ, 07-Jul-2020,749.65,753.95,757.0,736.85,753.5,754.25,750.77,182627,1371.1,9575,94931,51.98
2020-07-08,COROMANDEL, EQ, 08-Jul-2020,754.25,754.25,778.9,740.4,745.0,745.8,761.97,577939,4403.7,28999,247214,42.78
2020-07-09,COROMANDEL, EQ, 09-Jul-2020,745.8,746.0,761.85,746.0,759.0,756.8,751.79,233654,1756.6,14148,126926,54.32
2020-07-10,COROMANDEL, EQ, 10-Jul-2020,756.8,756.8,761.0,741.45,750.0,749.0,749.96,217419,1630.57,12578,93646,43.07
2020-07-13,COROMANDEL, EQ, 13-Jul-2020,749.0,752.0,774.5,746.0,750.0,750.75,759.93,628123,4773.28,31541,273783,43.59
2020-07-14,COROMANDEL, EQ, 14-Jul-2020,750.75,753.0,772.0,747.45,767.0,768.3,762.8,355668,2713.03,16325,178325,50.14
2020-07-15,COROMANDEL, EQ, 15-Jul-2020,768.3,778.0,779.5,752.35,755.8,756.7,767.46,386361,2965.15,15857,179135,46.36
2020-07-16,COROMANDEL, EQ, 16-Jul-2020,756.7,755.0,778.0,747.45,773.9,772.7,765.86,381219,2919.61,26000,196298,51.49
2020-07-17,COROMANDEL, EQ, 17-Jul-2020,772.7,776.9,787.0,770.05,781.0,776.55,779.83,556156,4337.06,36844,360301,64.78
2020-07-20,COROMANDEL, EQ, 20-Jul-2020,776.55,783.65,804.0,777.1,800.0,796.15,789.15,596238,4705.19,22797,359134,60.23
2020-07-21,COROMANDEL, EQ, 21-Jul-2020,796.15,805.7,822.75,801.55,805.0,806.9,813.08,688836,5600.8,28889,380370,55.22
2020-07-22,COROMANDEL, EQ, 22-Jul-2020,806.9,812.0,819.4,800.45,808.0,813.1,811.43,352360,2859.14,13461,222227,63.07
2020-07-23,COROMANDEL, EQ, 23-Jul-2020,813.1,820.0,828.0,787.0,799.25,799.35,810.42,470743,3814.99,20712,268897,57.12
2020-07-24,COROMANDEL, EQ, 24-Jul-2020,799.35,797.25,818.9,792.0,800.0,799.55,801.03,682161,5464.29,25335,451014,66.12
2020-07-27,COROMANDEL, EQ, 27-Jul-2020,799.55,824.0,830.0,768.7,788.0,791.1,795.59,1262347,10043.07,47662,520168,41.21
2020-07-28,COROMANDEL, EQ, 28-Jul-2020,791.1,792.8,807.0,772.0,774.5,775.0,786.68,425826,3349.89,18983,246959,58.0
2020-07-29,COROMANDEL, EQ, 29-Jul-2020,775.0,779.0,787.95,775.0,780.0,780.35,780.28,436969,3409.59,16769,284882,65.2
2020-07-30,COROMANDEL, EQ, 30-Jul-2020,780.35,788.0,795.0,768.0,770.9,771.25,780.94,384336,3001.45,17705,248505,64.66
2020-07-31,COROMANDEL, EQ, 31-Jul-2020,771.25,777.05,783.9,770.0,780.0,780.1,779.36,372085,2899.89,24120,270284,72.64
2020-08-03,COROMANDEL, EQ, 03-Aug-2020,780.1,780.1,792.3,778.0,779.55,779.95,785.81,421776,3314.36,33666,266376,63.16
2020-08-04,COROMANDEL, EQ, 04-Aug-2020,779.95,787.0,788.9,777.4,779.05,780.95,784.18,401732,3150.3,15290,294651,73.35
2020-08-05,COROMANDEL, EQ, 05-Aug-2020,780.95,787.8,787.9,775.8,779.0,779.35,782.44,162694,1272.98,11156,92170,56.65
2020-08-06,COROMANDEL, EQ, 06-Aug-2020,779.35,781.1,804.35,777.0,799.0,798.75,796.95,514931,4103.75,22762,296452,57.57
2020-08-07,COROMANDEL, EQ, 07-Aug-2020,798.75,806.75,806.75,784.0,790.05,788.9,793.72,201697,1600.91,11666,86206,42.74
2020-08-10,COROMANDEL, EQ, 10-Aug-2020,788.9,797.45,808.75,783.4,790.0,792.35,797.79,389037,3103.69,20971,213866,54.97
2020-08-11,COROMANDEL, EQ, 11-Aug-2020,792.35,798.7,798.7,777.0,778.5,778.9,783.25,354188,2774.18,14645,203784,57.54
2020-08-12,COROMANDEL, EQ, 12-Aug-2020,778.9,780.0,782.0,750.4,772.9,765.95,766.35,522306,4002.71,19367,327023,62.61
2020-08-13,COROMANDEL, EQ, 13-Aug-2020,765.95,772.3,774.3,744.55,746.75,747.9,757.12,468070,3543.83,17002,319961,68.36
2020-08-14,COROMANDEL, EQ, 14-Aug-2020,747.9,754.0,779.6,743.05,750.2,752.1,761.07,663683,5051.11,23451,414957,62.52
2020-08-17,COROMANDEL, EQ, 17-Aug-2020,752.1,755.9,760.0,725.55,728.0,728.25,735.68,464744,3419.04,31637,305579,65.75
2020-08-18,COROMANDEL, EQ, 18-Aug-2020,728.25,731.9,744.0,724.0,729.85,729.65,736.03,573103,4218.19,31213,432555,75.48
2020-08-19,COROMANDEL, EQ, 19-Aug-2020,729.65,736.7,778.0,731.3,776.2,771.5,762.01,764463,5825.27,32031,399017,52.2
2020-08-20,COROMANDEL, EQ, 20-Aug-2020,771.5,770.0,783.9,752.4,767.95,760.3,769.47,634421,4881.68,25354,395278,62.31
2020-08-21,COROMANDEL, EQ, 21-Aug-2020,760.3,770.6,802.0,762.25,792.0,795.95,790.66,897969,7099.88,32439,462383,51.49
2020-08-24,COROMANDEL, EQ, 24-Aug-2020,795.95,800.0,806.0,784.0,798.9,795.4,795.14,295729,2351.47,22102,120742,40.83
2020-08-25,COROMANDEL, EQ, 25-Aug-2020,795.4,803.0,825.35,790.1,804.0,805.5,809.52,819804,6636.45,47250,297581,36.3
2020-08-26,COROMANDEL, EQ, 26-Aug-2020,805.5,812.0,823.0,796.5,800.0,804.9,806.88,1725972,13926.59,23694,1486360,86.12
2020-08-27,COROMANDEL, EQ, 27-Aug-2020,804.9,808.0,809.85,790.0,800.0,801.95,799.82,252807,2021.99,11962,111724,44.19
2020-08-28,COROMANDEL, EQ, 28-Aug-2020,801.95,808.0,830.0,802.0,808.35,812.3,816.78,779095,6363.46,30193,344600,44.23
2020-08-31,COROMANDEL, EQ, 31-Aug-2020,812.3,815.0,818.0,736.0,760.05,760.05,769.91,599417,4614.97,27281,321007,53.55
2020-09-01,COROMANDEL, EQ, 01-Sep-2020,760.05,762.0,777.95,733.6,747.0,740.2,743.07,683232,5076.91,31158,428063,62.65
2020-09-02,COROMANDEL, EQ, 02-Sep-2020,740.2,747.3,760.0,741.1,755.0,757.55,750.67,303461,2278.0,11864,197785,65.18
2020-09-03,COROMANDEL, EQ, 03-Sep-2020,757.55,761.9,775.65,752.8,771.6,766.45,766.13,331273,2537.99,17685,181793,54.88
2020-09-04,COROMANDEL, EQ, 04-Sep-2020,766.45,759.5,759.5,740.05,742.0,743.95,748.14,552385,4132.61,32562,354552,64.19
2020-09-07,COROMANDEL, EQ, 07-Sep-2020,743.95,749.95,749.95,728.15,734.0,735.9,735.75,192227,1414.31,12474,66341,34.51
2020-09-08,COROMANDEL, EQ, 08-Sep-2020,735.9,739.9,739.9,724.0,731.0,729.3,731.79,177723,1300.56,8612,72652,40.88
2020-09-09,COROMANDEL, EQ, 09-Sep-2020,729.3,722.0,729.5,696.0,704.0,705.05,703.9,654914,4609.94,62737,401012,61.23
2020-09-10,COROMANDEL, EQ, 10-Sep-2020,705.05,714.4,733.15,706.05,730.0,729.05,722.04,381256,2752.83,20340,178188,46.74
2020-09-11,COROMANDEL, EQ, 11-Sep-2020,729.05,731.35,759.4,713.5,752.5,748.2,736.22,646199,4757.45,36030,265348,41.06
2020-09-14,COROMANDEL, EQ, 14-Sep-2020,748.2,760.2,798.0,752.05,798.0,790.4,784.08,748822,5871.35,35340,489515,65.37
2020-09-15,COROMANDEL, EQ, 15-Sep-2020,790.4,797.0,817.0,775.0,809.3,807.55,797.59,717115,5719.64,30261,397667,55.45
2020-09-16,COROMANDEL, EQ, 16-Sep-2020,807.55,810.0,838.95,797.0,825.5,823.3,816.98,991792,8102.78,46045,509760,51.4
2020-09-17,COROMANDEL, EQ, 17-Sep-2020,823.3,823.0,834.9,801.0,816.15,817.8,817.31,443071,3621.28,29629,202136,45.62
2020-09-18,COROMANDEL, EQ, 18-Sep-2020,817.8,820.0,821.05,798.0,812.0,810.1,806.66,2139338,17257.24,48091,1466780,68.56
2020-09-21,COROMANDEL, EQ, 21-Sep-2020,810.1,808.8,819.0,790.05,792.15,800.0,802.01,805895,6463.34,19685,603753,74.92
2020-09-22,COROMANDEL, EQ, 22-Sep-2020,800.0,794.0,810.0,732.15,801.5,800.55,782.01,483101,3777.89,30171,201481,41.71
2020-09-23,COROMANDEL, EQ, 23-Sep-2020,800.55,806.9,809.05,781.4,784.0,787.5,795.89,409220,3256.94,24766,193101,47.19
2020-09-24,COROMANDEL, EQ, 24-Sep-2020,787.5,770.55,810.0,755.75,801.05,795.3,776.64,309646,2404.84,16068,141834,45.81
2020-09-25,COROMANDEL, EQ, 25-Sep-2020,795.3,802.0,808.95,771.9,779.7,789.55,784.06,540689,4239.34,20654,356547,65.94
2020-09-28,COROMANDEL, EQ, 28-Sep-2020,789.55,793.0,807.0,790.75,803.05,801.7,799.85,392311,3137.91,13015,298090,75.98
2020-09-29,COROMANDEL, EQ, 29-Sep-2020,801.7,807.7,809.95,776.0,785.1,793.25,799.29,572853,4578.74,13453,373297,65.16
2020-09-30,COROMANDEL, EQ, 30-Sep-2020,793.25,799.0,800.0,766.25,768.0,772.85,785.87,263981,2074.54,11736,176188,66.74
2020-10-01,COROMANDEL, EQ, 01-Oct-2020,772.85,784.0,801.9,780.5,793.35,792.8,792.62,218081,1728.56,10086,81057,37.17
2020-10-05,COROMANDEL, EQ, 05-Oct-2020,792.8,792.8,801.5,761.95,767.0,765.8,775.46,388921,3015.92,21644,235992,60.68
2020-10-06,COROMANDEL, EQ, 06-Oct-2020,765.8,774.35,774.75,745.05,747.1,749.95,753.31,508699,3832.1,34791,257552,50.63
2020-10-07,COROMANDEL, EQ, 07-Oct-2020,749.95,752.0,754.95,715.55,720.05,720.35,729.36,559928,4083.89,31738,355292,63.45
2020-10-08,COROMANDEL, EQ, 08-Oct-2020,720.35,724.6,736.15,722.1,731.05,732.95,732.18,543867,3982.07,26526,357576,65.75
2020-10-09,COROMANDEL, EQ, 09-Oct-2020,732.95,736.4,741.0,718.05,723.0,723.4,724.04,269827,1953.65,16683,166456,61.69
2020-10-12,COROMANDEL, EQ, 12-Oct-2020,723.4,723.9,731.45,710.5,711.9,711.8,716.72,228446,1637.32,13318,138172,60.48
2020-10-13,COROMANDEL, EQ, 13-Oct-2020,711.8,713.95,728.5,705.0,724.0,717.85,709.94,551169,3912.98,34873,455369,82.62
2020-10-14,COROMANDEL, EQ, 14-Oct-2020,717.85,723.9,737.9,712.05,718.2,718.55,723.21,565797,4091.89,36287,302393,53.45
2020-10-15,COROMANDEL, EQ, 15-Oct-2020,718.55,725.0,732.0,707.0,710.05,710.6,715.94,270669,1937.82,26097,130128,48.08
2020-10-16,COROMANDEL, EQ, 16-Oct-2020,710.6,716.85,717.1,701.05,705.0,704.4,706.95,264856,1872.4,20535,150908,56.98
2020-10-19,COROMANDEL, EQ, 19-Oct-2020,704.4,705.0,707.95,682.0,700.0,697.15,695.12,473418,3290.81,25795,278635,58.86
2020-10-20,COROMANDEL, EQ, 20-Oct-2020,697.15,699.8,706.5,691.0,694.95,694.9,699.79,788087,5514.97,31507,617810,78.39
2020-10-21,COROMANDEL, EQ, 21-Oct-2020,694.9,693.0,720.0,693.0,718.0,713.35,707.25,663608,4693.35,25715,468741,70.64
2020-10-22,COROMANDEL, EQ, 22-Oct-2020,713.35,716.05,729.0,706.65,724.85,720.45,715.44,365473,2614.74,21112,215189,58.88
2020-10-23,COROMANDEL, EQ, 23-Oct-2020,720.45,726.8,742.6,718.25,740.0,737.75,735.69,898093,6607.17,12858,616001,68.59
2020-10-26,COROMANDEL, EQ, 26-Oct-2020,737.75,741.95,744.7,725.6,726.2,729.6,730.58,161474,1179.7,15911,90444,56.01
2020-10-27,COROMANDEL, EQ, 27-Oct-2020,729.6,725.6,727.55,703.05,709.7,708.6,709.81,361661,2567.09,21777,193525,53.51
2020-10-28,COROMANDEL, EQ, 28-Oct-2020,708.6,710.15,729.8,708.8,728.0,725.1,720.95,389815,2810.36,13659,260393,66.8
2020-10-29,COROMANDEL, EQ, 29-Oct-2020,725.1,722.0,732.8,707.05,710.25,712.35,715.68,283519,2029.09,16293,152006,53.61
2020-10-30,COROMANDEL, EQ, 30-Oct-2020,712.35,716.8,730.0,714.3,726.5,726.55,725.11,450894,3269.5,24873,336653,74.66
2020-11-02,COROMANDEL, EQ, 02-Nov-2020,726.55,725.0,734.7,700.0,720.0,717.15,713.97,362121,2585.42,16910,155077,42.82
2020-11-03,COROMANDEL, EQ, 03-Nov-2020,717.15,728.0,745.05,725.0,728.0,733.35,734.92,590379,4338.8,24061,363719,61.61
2020-11-04,COROMANDEL, EQ, 04-Nov-2020,733.35,735.0,750.0,727.0,744.15,744.45,738.5,465877,3440.5,25412,263162,56.49
2020-11-05,COROMANDEL, EQ, 05-Nov-2020,744.45,747.05,755.6,742.35,744.8,744.65,748.74,206158,1543.59,10516,123103,59.71
2020-11-06,COROMANDEL, EQ, 06-Nov-2020,744.65,748.55,764.9,747.0,761.75,760.8,759.62,658429,5001.57,10570,527960,80.18
2020-11-09,COROMANDEL, EQ, 09-Nov-2020,760.8,763.25,768.85,758.2,760.85,762.65,761.36,343168,2612.74,15056,281086,81.91
2020-11-10,COROMANDEL, EQ, 10-Nov-2020,762.65,765.1,766.45,713.95,720.5,719.05,732.11,410696,3006.76,19589,207714,50.58
2020-11-11,COROMANDEL, EQ, 11-Nov-2020,719.05,720.0,729.75,702.55,712.1,717.35,710.93,501687,3566.63,19465,268388,53.5
2020-11-12,COROMANDEL, EQ, 12-Nov-2020,717.35,717.35,747.45,707.2,722.0,727.05,731.31,680316,4975.24,19472,336071,49.4
2020-11-13,COROMANDEL, EQ, 13-Nov-2020,727.05,729.0,751.95,720.0,751.25,749.75,741.39,252996,1875.69,11549,118907,47.0
2020-11-14,COROMANDEL, EQ, 14-Nov-2020,749.75,757.0,757.7,745.3,748.5,748.25,751.11,32131,241.34,1989,18132,56.43
2020-11-17,COROMANDEL, EQ, 17-Nov-2020,748.25,754.4,793.0,747.0,787.9,789.55,776.47,606981,4713.02,32032,341976,56.34
2020-11-18,COROMANDEL, EQ, 18-Nov-2020,789.55,790.0,796.9,763.2,773.0,771.9,778.1,376204,2927.24,21646,202254,53.76
2020-11-19,COROMANDEL, EQ, 19-Nov-2020,771.9,773.0,785.0,749.45,759.5,758.9,765.26,246879,1889.25,13726,104649,42.39
2020-11-20,COROMANDEL, EQ, 20-Nov-2020,758.9,765.0,790.0,755.0,777.0,773.55,777.89,331277,2576.97,18362,156818,47.34
2020-11-23,COROMANDEL, EQ, 23-Nov-2020,773.55,779.9,790.65,776.0,789.0,786.3,782.03,254355,1989.14,13034,158586,62.35
2020-11-24,COROMANDEL, EQ, 24-Nov-2020,786.3,792.65,831.15,765.15,824.0,819.85,806.22,517391,4171.29,25092,292209,56.48
2020-11-25,COROMANDEL, EQ, 25-Nov-2020,819.85,827.0,827.0,791.0,791.95,795.95,812.57,386533,3140.85,24467,198223,51.28
2020-11-26,COROMANDEL, EQ, 26-Nov-2020,795.95,799.7,805.0,777.05,798.55,801.6,790.11,222687,1759.47,15607,97278,43.68
2020-11-27,COROMANDEL, EQ, 27-Nov-2020,801.6,805.0,837.55,793.7,830.0,828.35,821.76,794817,6531.49,23394,599566,75.43
2020-12-01,COROMANDEL, EQ, 01-Dec-2020,828.35,830.0,835.95,810.2,820.75,823.05,821.76,430006,3533.6,26594,221708,51.56
2020-12-02,COROMANDEL, EQ, 02-Dec-2020,823.05,826.4,831.0,801.1,803.75,806.2,809.33,362233,2931.66,15475,198847,54.89
2020-12-03,COROMANDEL, EQ, 03-Dec-2020,806.2,806.2,806.95,786.0,791.2,792.15,794.33,365421,2902.64,35145,225803,61.79
2020-12-04,COROMANDEL, EQ, 04-Dec-2020,792.15,796.2,797.7,775.2,790.95,791.5,785.54,267765,2103.4,24425,133176,49.74
2020-12-07,COROMANDEL, EQ, 07-Dec-2020,791.5,792.5,807.9,784.0,787.3,786.85,794.67,246071,1955.46,18580,130253,52.93
2020-12-08,COROMANDEL, EQ, 08-Dec-2020,786.85,795.45,798.5,780.05,781.65,784.55,787.35,320862,2526.3,18661,203863,63.54
2020-12-09,COROMANDEL, EQ, 09-Dec-2020,784.55,789.85,798.0,771.6,795.0,789.85,782.86,332839,2605.65,16815,183090,55.01
2020-12-10,COROMANDEL, EQ, 10-Dec-2020,789.85,792.8,805.0,786.9,798.0,800.15,798.02,350916,2800.39,22551,183583,52.32
2020-12-11,COROMANDEL, EQ, 11-Dec-2020,800.15,804.2,805.5,780.0,787.0,791.85,799.7,660268,5280.15,28704,508036,76.94
2020-12-14,COROMANDEL, EQ, 14-Dec-2020,791.85,795.0,812.75,787.05,800.0,801.0,803.81,534451,4295.95,21795,237842,44.5
2020-12-15,COROMANDEL, EQ, 15-Dec-2020,801.0,793.35,799.0,783.05,786.05,787.1,787.85,504704,3976.33,12747,342857,67.93
2020-12-16,COROMANDEL, EQ, 16-Dec-2020,787.1,790.0,803.5,778.0,800.0,799.5,790.1,592456,4681.02,19172,309556,52.25
2020-12-17,COROMANDEL, EQ, 17-Dec-2020,799.5,805.35,808.2,790.1,804.85,803.2,801.54,400839,3212.88,38642,249558,62.26
2020-12-18,COROMANDEL, EQ, 18-Dec-2020,803.2,804.95,805.0,773.8,780.7,782.7,791.61,668141,5289.04,30426,496204,74.27
2020-12-21,COROMANDEL, EQ, 21-Dec-2020,782.7,782.7,787.95,759.75,767.0,769.95,774.37,400942,3104.77,21455,224727,56.05
2020-12-22,COROMANDEL, EQ, 22-Dec-2020,769.95,765.0,777.7,746.45,767.9,769.2,758.99,470874,3573.87,21618,319332,67.82
2020-12-23,COROMANDEL, EQ, 23-Dec-2020,769.2,769.9,793.0,768.75,792.8,791.35,785.21,171452,1346.25,9889,88399,51.56
2020-12-24,COROMANDEL, EQ, 24-Dec-2020,791.35,797.5,807.2,786.0,803.15,802.1,795.78,313900,2497.96,11054,191011,60.85
2020-12-28,COROMANDEL, EQ, 28-Dec-2020,802.1,809.0,864.85,799.45,853.0,849.8,844.09,1586535,13391.8,69231,516017,32.52
2020-12-29,COROMANDEL, EQ, 29-Dec-2020,849.8,860.7,880.9,843.0,850.0,851.95,863.14,2232681,19271.11,80096,724131,32.43
2020-12-30,COROMANDEL, EQ, 30-Dec-2020,851.95,815.1,815.25,793.25,802.5,803.25,806.79,7149481,57680.96,105882,1917336,26.82
2020-12-31,COROMANDEL, EQ, 31-Dec-2020,803.25,805.9,817.5,804.0,810.5,814.6,813.53,1028864,8370.12,23819,440594,42.82
2021-01-01,COROMANDEL, EQ, 01-Jan-2021,814.6,813.9,832.0,811.0,814.7,813.65,821.26,829636,6813.51,23571,322632,38.89
2021-01-04,COROMANDEL, EQ, 04-Jan-2021,813.65,823.0,824.7,806.2,821.0,822.0,817.76,656435,5368.07,26634,309754,47.19
2021-01-05,COROMANDEL, EQ, 05-Jan-2021,822.0,818.0,828.2,813.0,823.0,821.55,821.42,612164,5028.46,25822,260613,42.57
2021-01-06,COROMANDEL, EQ, 06-Jan-2021,821.55,826.75,826.75,808.0,815.0,815.7,815.24,564177,4599.37,28222,331758,58.8
2021-01-07,COROMANDEL, EQ, 07-Jan-2021,815.7,822.0,825.9,809.0,809.5,812.8,819.09,676453,5540.75,13565,464953,68.73
2021-01-08,COROMANDEL, EQ, 08-Jan-2021,812.8,815.95,822.0,810.0,816.3,817.3,816.51,448087,3658.69,16755,268721,59.97
2021-01-11,COROMANDEL, EQ, 11-Jan-2021,817.3,823.0,823.0,807.3,810.4,814.35,812.89,319772,2599.38,14190,162887,50.94
2021-01-12,COROMANDEL, EQ, 12-Jan-2021,814.35,810.15,816.6,810.0,811.3,813.95,813.47,554270,4508.83,14673,403692,72.83
2021-01-13,COROMANDEL, EQ, 13-Jan-2021,813.95,815.95,817.5,810.1,812.3,814.45,815.12,654994,5339.0,17269,462052,70.54
2021-01-14,COROMANDEL, EQ, 14-Jan-2021,814.45,819.0,835.6,810.1,821.5,822.4,823.9,603181,4969.61,19862,271950,45.09
2021-01-15,COROMANDEL, EQ, 15-Jan-2021,822.4,816.55,836.9,814.35,830.0,831.65,828.14,536230,4440.74,18149,266936,49.78
2021-01-18,COROMANDEL, EQ, 18-Jan-2021,831.65,836.65,836.65,809.2,822.0,823.85,821.52,495068,4067.07,20490,213688,43.16
2021-01-19,COROMANDEL, EQ, 19-Jan-2021,823.85,823.85,841.85,819.05,835.75,836.25,830.38,654792,5437.29,21765,390314,59.61
2021-01-20,COROMANDEL, EQ, 20-Jan-2021,836.25,841.0,848.9,832.25,844.1,846.6,842.85,442625,3730.65,26687,227232,51.34
2021-01-21,COROMANDEL, EQ, 21-Jan-2021,846.6,849.0,854.75,842.0,851.0,852.35,850.55,335247,2851.43,17987,183783,54.82
2021-01-22,COROMANDEL, EQ, 22-Jan-2021,852.35,849.95,861.0,826.05,834.95,833.3,839.78,579693,4868.15,34907,300196,51.79
2021-01-25,COROMANDEL, EQ, 25-Jan-2021,833.3,841.7,845.5,831.35,840.0,840.0,836.61,205489,1719.15,13335,119794,58.3
2021-01-27,COROMANDEL, EQ, 27-Jan-2021,840.0,840.0,843.1,812.1,816.5,824.2,831.31,413788,3439.87,21811,204891,49.52
2021-01-28,COROMANDEL, EQ, 28-Jan-2021,824.2,810.5,834.4,803.25,833.8,827.8,814.72,242855,1978.6,13847,111825,46.05
2021-01-29,COROMANDEL, EQ, 29-Jan-2021,827.8,837.0,851.5,824.05,846.0,844.9,838.47,289228,2425.08,11453,146854,50.77
2021-02-01,COROMANDEL, EQ, 01-Feb-2021,844.9,851.0,851.0,818.55,823.5,831.5,841.09,451439,3796.99,26738,199032,44.09
2021-02-02,COROMANDEL, EQ, 02-Feb-2021,831.5,851.0,852.0,775.5,788.0,789.4,810.88,1031538,8364.55,41625,591296,57.32
2021-02-03,COROMANDEL, EQ, 03-Feb-2021,789.4,794.0,797.65,781.05,783.0,784.65,787.57,727193,5727.13,29396,375759,51.67
2021-02-04,COROMANDEL, EQ, 04-Feb-2021,784.65,787.7,794.95,763.6,772.05,767.6,775.04,1413621,10956.07,49927,990518,70.07
2021-02-05,COROMANDEL, EQ, 05-Feb-2021,767.6,779.9,779.9,752.8,754.0,754.95,759.9,1002631,7619.03,51329,726686,72.48
2021-02-08,COROMANDEL, EQ, 08-Feb-2021,754.95,761.0,788.0,742.05,773.9,771.75,761.62,806110,6139.5,33355,295814,36.7
2021-02-09,COROMANDEL, EQ, 09-Feb-2021,771.75,778.65,784.0,766.15,771.0,770.1,775.24,290852,2254.81,16040,138666,47.68
2021-02-10,COROMANDEL, EQ, 10-Feb-2021,770.1,769.95,771.85,761.2,769.95,768.3,766.45,134306,1029.39,5597,54863,40.85
2021-02-11,COROMANDEL, EQ, 11-Feb-2021,768.3,768.3,774.25,757.0,761.9,759.6,763.1,473014,3609.57,15808,360312,76.17
2021-02-12,COROMANDEL, EQ, 12-Feb-2021,759.6,765.4,767.85,752.0,756.0,756.25,758.71,197769,1500.5,9242,124054,62.73
2021-02-15,COROMANDEL, EQ, 15-Feb-2021,756.25,763.8,777.0,756.25,774.0,774.05,770.91,384968,2967.77,18908,205048,53.26
2021-02-16,COROMANDEL, EQ, 16-Feb-2021,774.05,777.95,786.75,774.1,779.0,782.8,781.06,571802,4466.11,10997,338622,59.22
2021-02-17,COROMANDEL, EQ, 17-Feb-2021,782.8,783.8,783.8,766.05,779.9,779.1,776.4,257648,2000.37,13395,150169,58.28
2021-02-18,COROMANDEL, EQ, 18-Feb-2021,779.1,782.6,783.85,763.15,780.0,774.8,769.52,300299,2310.87,16777,191144,63.65
2021-02-19,COROMANDEL, EQ, 19-Feb-2021,774.8,778.5,789.0,763.5,765.25,768.4,776.12,327435,2541.28,15081,198606,60.66
2021-02-22,COROMANDEL, EQ, 22-Feb-2021,768.4,763.0,766.5,748.1,750.25,756.05,757.37,277268,2099.95,11701,139551,50.33
2021-02-23,COROMANDEL, EQ, 23-Feb-2021,756.05,753.05,762.3,743.5,758.0,759.0,754.0,280077,2111.78,9970,151931,54.25
2021-02-24,COROMANDEL, EQ, 24-Feb-2021,759.0,762.8,770.0,749.0,770.0,762.35,759.45,124483,945.39,4726,61725,49.59
2021-02-25,COROMANDEL, EQ, 25-Feb-2021,762.35,769.95,787.0,764.4,781.35,779.1,776.42,356962,2771.51,11528,98208,27.51
2021-02-26,COROMANDEL, EQ, 26-Feb-2021,779.1,775.0,777.95,766.0,767.0,771.35,770.25,457579,3524.49,8432,374652,81.88
2021-03-01,COROMANDEL, EQ, 01-Mar-2021,771.35,775.0,787.0,772.1,784.0,784.2,780.6,364847,2848.0,15831,212140,58.14
2021-03-02,COROMANDEL, EQ, 02-Mar-2021,784.2,789.2,791.8,775.25,784.0,782.15,783.19,248205,1943.91,8355,154661,62.31
2021-03-03,COROMANDEL, EQ, 03-Mar-2021,782.15,784.25,786.0,772.0,779.0,776.7,775.84,467743,3628.96,23374,308587,65.97
2021-03-04,COROMANDEL, EQ, 04-Mar-2021,776.7,775.1,788.8,772.8,786.1,786.0,783.91,560820,4396.31,13814,415253,74.04
2021-03-05,COROMANDEL, EQ, 05-Mar-2021,786.0,786.0,797.05,776.8,779.8,785.35,789.88,725316,5729.1,21915,546602,75.36
2021-03-08,COROMANDEL, EQ, 08-Mar-2021,785.35,787.6,787.8,768.0,771.45,773.35,774.91,284039,2201.05,13392,178842,62.96
2021-03-09,COROMANDEL, EQ, 09-Mar-2021,773.35,772.2,779.8,765.35,776.0,776.8,772.63,288259,2227.18,10932,179406,62.24
2021-03-10,COROMANDEL, EQ, 10-Mar-2021,776.8,779.75,780.9,768.0,770.0,773.55,773.84,387888,3001.63,6228,314020,80.96
2021-03-12,COROMANDEL, EQ, 12-Mar-2021,773.55,774.9,776.8,762.25,769.0,772.65,769.41,253348,1949.27,12738,135233,53.38
2021-03-15,COROMANDEL, EQ, 15-Mar-2021,772.65,769.0,774.85,761.3,770.0,769.95,767.1,214469,1645.18,9953,76059,35.46
2021-03-16,COROMANDEL, EQ, 16-Mar-2021,769.95,774.8,781.0,768.4,775.0,779.2,774.9,288256,2233.68,22866,135644,47.06
2021-03-17,COROMANDEL, EQ, 17-Mar-2021,779.2,766.3,776.4,753.0,763.0,761.7,767.76,134314,1031.21,6969,76360,56.85
2021-03-18,COROMANDEL, EQ, 18-Mar-2021,761.7,765.05,774.15,740.0,741.7,747.55,754.9,195267,1474.07,13501,107019,54.81
2021-03-19,COROMANDEL, EQ, 19-Mar-2021,747.55,740.0,760.65,725.1,752.85,753.75,751.82,635037,4774.36,23116,399891,62.97
2021-03-22,COROMANDEL, EQ, 22-Mar-2021,753.75,758.5,759.4,743.25,753.9,757.05,752.11,198640,1493.99,15319,107636,54.19
2021-03-23,COROMANDEL, EQ, 23-Mar-2021,757.05,758.0,764.85,750.2,754.0,756.35,757.2,281181,2129.11,15963,118494,42.14
2021-03-24,COROMANDEL, EQ, 24-Mar-2021,756.35,750.0,755.0,743.0,751.8,752.5,750.04,336452,2523.52,19964,184744,54.91
2021-03-25,COROMANDEL, EQ, 25-Mar-2021,752.5,756.9,757.25,742.05,755.25,752.85,751.61,234697,1764.0,13203,102610,43.72
2021-03-26,COROMANDEL, EQ, 26-Mar-2021,752.85,760.0,760.9,744.05,749.0,752.85,751.41,273296,2053.57,19431,151433,55.41
2021-03-30,COROMANDEL, EQ, 30-Mar-2021,752.85,756.8,773.05,755.0,768.05,769.7,766.58,281205,2155.66,14723,120623,42.9
2021-03-31,COROMANDEL, EQ, 31-Mar-2021,769.7,769.7,778.0,753.0,775.2,774.55,769.99,255983,1971.04,13391,142827,55.8
2021-04-01,COROMANDEL, EQ, 01-Apr-2021,774.55,774.55,774.9,746.25,748.7,748.9,753.98,600863,4530.38,25435,403169,67.1
2021-04-05,COROMANDEL, EQ, 05-Apr-2021,748.9,748.95,753.6,718.0,739.0,738.9,731.48,489510,3580.69,25228,311475,63.63
2021-04-06,COROMANDEL, EQ, 06-Apr-2021,738.9,739.0,743.85,729.8,730.5,732.55,734.36,505920,3715.28,14309,356884,70.54
2021-04-07,COROMANDEL, EQ, 07-Apr-2021,732.55,730.0,747.0,730.0,743.3,744.2,739.61,290173,2146.14,12786,166378,57.34
2021-04-08,COROMANDEL, EQ, 08-Apr-2021,744.2,748.75,769.8,743.95,757.5,759.2,758.66,576043,4370.19,18113,251448,43.65
2021-04-09,COROMANDEL, EQ, 09-Apr-2021,759.2,771.0,777.45,762.55,770.0,770.05,769.6,324371,2496.36,10914,146847,45.27
2021-04-12,COROMANDEL, EQ, 12-Apr-2021,770.05,770.0,770.0,740.7,759.8,756.9,748.09,337626,2525.76,10415,221498,65.6
2021-04-13,COROMANDEL, EQ, 13-Apr-2021,756.9,745.05,754.9,732.6,740.05,741.45,741.0,261979,1941.28,15300,118800,45.35
2021-04-15,COROMANDEL, EQ, 15-Apr-2021,741.45,738.95,740.0,725.6,731.7,734.05,731.24,228824,1673.26,16283,121464,53.08
2021-04-16,COROMANDEL, EQ, 16-Apr-2021,734.05,734.0,749.0,732.75,747.0,746.4,743.55,382354,2842.98,16037,252971,66.16
2021-04-19,COROMANDEL, EQ, 19-Apr-2021,746.4,731.5,746.0,723.05,734.0,732.85,730.85,363241,2654.75,22495,183675,50.57
2021-04-20,COROMANDEL, EQ, 20-Apr-2021,732.85,743.95,746.25,727.6,736.4,737.3,733.32,195272,1431.96,7055,112433,57.58
2021-04-22,COROMANDEL, EQ, 22-Apr-2021,737.3,735.0,737.9,722.0,736.25,734.05,730.56,271051,1980.2,9332,168005,61.98
2021-04-23,COROMANDEL, EQ, 23-Apr-2021,734.05,733.0,748.9,726.55,731.2,735.8,733.94,344707,2529.96,13282,199852,57.98
2021-04-26,COROMANDEL, EQ, 26-Apr-2021,735.8,739.0,744.65,724.0,725.45,725.5,730.31,267099,1950.64,8977,178793,66.94
2021-04-27,COROMANDEL, EQ, 27-Apr-2021,725.5,726.0,735.15,724.0,727.95,725.25,728.81,186625,1360.13,10129,108247,58.0
2021-04-28,COROMANDEL, EQ, 28-Apr-2021,725.25,731.85,731.85,719.15,721.85,721.1,722.13,423072,3055.14,9637,303797,71.81
2021-04-29,COROMANDEL, EQ, 29-Apr-2021,721.1,726.0,737.0,718.0,736.95,733.65,730.49,436698,3190.04,14173,204042,46.72
2021-04-30,COROMANDEL, EQ, 30-Apr-2021,733.65,719.15,745.0,711.0,741.0,741.9,729.68,753450,5497.75,27832,459580,61.0
2021-05-03,COROMANDEL, EQ, 03-May-2021,741.9,736.0,739.4,727.0,730.5,729.9,730.86,462866,3382.89,14997,323803,69.96
2021-05-04,COROMANDEL, EQ, 04-May-2021,729.9,732.0,734.9,720.1,726.1,724.85,725.71,462485,3356.28,15517,306291,66.23
2021-05-05,COROMANDEL, EQ, 05-May-2021,724.85,730.0,738.5,724.95,730.0,730.95,730.43,490471,3582.53,12165,398470,81.24
2021-05-06,COROMANDEL, EQ, 06-May-2021,730.95,727.05,734.85,720.55,728.45,729.85,728.45,452576,3296.77,20108,314262,69.44
2021-05-07,COROMANDEL, EQ, 07-May-2021,729.85,730.0,734.4,725.9,728.05,729.35,729.56,95974,700.19,4361,40999,42.72
2021-05-10,COROMANDEL, EQ, 10-May-2021,729.35,732.15,744.5,725.2,733.4,734.4,733.78,219630,1611.59,12166,110857,50.47
2021-05-11,COROMANDEL, EQ, 11-May-2021,734.4,734.0,770.0,734.0,760.0,759.05,758.86,985040,7475.05,31964,470922,47.81
2021-05-12,COROMANDEL, EQ, 12-May-2021,759.05,760.2,780.0,757.0,771.0,771.25,771.2,836073,6447.83,24261,328944,39.34
2021-05-14,COROMANDEL, EQ, 14-May-2021,771.25,780.95,791.95,760.15,765.0,769.75,780.17,445572,3476.2,16413,168921,37.91
2021-05-17,COROMANDEL, EQ, 17-May-2021,769.75,774.8,775.7,762.1,773.0,772.4,768.97,420912,3236.67,13923,334560,79.48
2021-05-18,COROMANDEL, EQ, 18-May-2021,772.4,777.0,778.75,765.5,770.6,773.5,772.63,449400,3472.18,28574,320928,71.41
2021-05-19,COROMANDEL, EQ, 19-May-2021,773.5,774.9,777.9,765.5,777.0,775.3,772.86,169336,1308.73,11639,88348,52.17
2021-05-20,COROMANDEL, EQ, 20-May-2021,775.3,806.0,820.0,792.55,801.1,806.0,806.51,2621052,21139.0,93037,1317758,50.28
2021-05-21,COROMANDEL, EQ, 21-May-2021,806.0,808.8,838.0,793.55,837.0,834.6,822.85,961832,7914.42,34481,548121,56.99
2021-05-24,COROMANDEL, EQ, 24-May-2021,834.6,839.0,842.95,810.15,823.9,820.1,826.74,328843,2718.68,15686,134727,40.97
2021-05-25,COROMANDEL, EQ, 25-May-2021,820.1,820.1,850.0,820.05,844.0,845.15,838.16,781121,6547.03,24356,488814,62.58
2021-05-26,COROMANDEL, EQ, 26-May-2021,845.15,850.0,852.45,828.15,835.0,834.0,840.6,257646,2165.78,10378,83358,32.35
2021-05-27,COROMANDEL, EQ, 27-May-2021,834.0,839.9,842.9,806.0,824.0,820.45,826.5,407189,3365.41,22552,212842,52.27
2021-05-28,COROMANDEL, EQ, 28-May-2021,820.45,824.0,834.2,809.0,810.3,811.05,816.31,299768,2447.04,10607,164742,54.96
2021-05-31,COROMANDEL, EQ, 31-May-2021,811.05,817.75,824.0,795.7,800.0,801.25,802.39,421558,3382.56,22030,210387,49.91
2021-06-01,COROMANDEL, EQ, 01-Jun-2021,801.25,805.0,808.4,790.0,791.0,799.3,797.16,275247,2194.15,10729,143103,51.99
2021-06-02,COROMANDEL, EQ, 02-Jun-2021,799.3,790.5,801.45,786.1,792.5,791.85,794.29,351488,2791.82,21830,213176,60.65
2021-06-03,COROMANDEL, EQ, 03-Jun-2021,791.85,792.6,815.4,790.15,815.0,810.5,802.61,359567,2885.92,14984,180018,50.07
2021-06-04,COROMANDEL, EQ, 04-Jun-2021,810.5,822.5,853.9,820.1,831.0,832.2,837.94,991173,8305.47,47490,401472,40.5
2021-06-07,COROMANDEL, EQ, 07-Jun-2021,832.2,838.8,864.45,836.2,859.85,859.85,856.07,811360,6945.77,27996,483354,59.57
2021-06-08,COROMANDEL, EQ, 08-Jun-2021,859.85,867.8,867.8,835.7,851.7,853.25,848.83,358711,3044.86,17738,164393,45.83
2021-06-09,COROMANDEL, EQ, 09-Jun-2021,853.25,856.5,861.1,836.6,850.0,845.4,849.48,314724,2673.52,25307,157364,50.0
2021-06-10,COROMANDEL, EQ, 10-Jun-2021,845.4,850.0,864.95,848.1,857.0,857.15,856.52,282075,2416.03,20586,145047,51.42
2021-06-11,COROMANDEL, EQ, 11-Jun-2021,857.15,861.0,861.8,845.0,849.5,849.55,853.87,149017,1272.41,8224,63232,42.43
2021-06-14,COROMANDEL, EQ, 14-Jun-2021,849.55,852.75,853.9,833.1,842.0,841.8,844.2,170412,1438.62,10650,76323,44.79
2021-06-15,COROMANDEL, EQ, 15-Jun-2021,841.8,845.8,858.4,842.1,854.25,851.15,849.89,253759,2156.66,21640,178152,70.21
2021-06-16,COROMANDEL, EQ, 16-Jun-2021,851.15,845.25,882.0,843.45,859.9,865.85,865.51,700588,6063.68,33725,248339,35.45
2021-06-17,COROMANDEL, EQ, 17-Jun-2021,865.85,862.05,898.5,858.05,882.0,884.55,883.67,1298917,11478.09,55914,432282,33.28
2021-06-18,COROMANDEL, EQ, 18-Jun-2021,884.55,887.8,897.0,852.25,876.0,877.3,878.89,636484,5594.01,24449,320317,50.33
2021-06-21,COROMANDEL, EQ, 21-Jun-2021,877.3,860.0,922.0,853.2,920.0,916.7,902.93,875253,7902.95,34576,259144,29.61
2021-06-22,COROMANDEL, EQ, 22-Jun-2021,916.7,923.0,925.0,897.0,913.0,917.55,910.83,475636,4332.23,17651,210775,44.31
2021-06-23,COROMANDEL, EQ, 23-Jun-2021,917.55,922.8,924.95,881.0,891.0,890.65,900.8,364072,3279.57,15801,167047,45.88
2021-06-24,COROMANDEL, EQ, 24-Jun-2021,890.65,892.0,917.3,882.6,913.0,908.1,898.65,374863,3368.72,17143,156489,41.75
2021-06-25,COROMANDEL, EQ, 25-Jun-2021,908.1,915.0,956.0,911.0,928.3,929.35,940.05,1725411,16219.67,86765,606815,35.17
2021-06-28,COROMANDEL, EQ, 28-Jun-2021,929.35,930.8,937.15,910.0,915.4,915.8,916.42,322824,2958.43,24029,172576,53.46
2021-06-29,COROMANDEL, EQ, 29-Jun-2021,915.8,918.5,923.55,894.1,895.8,898.6,905.36,341182,3088.92,32243,175738,51.51
2021-06-30,COROMANDEL, EQ, 30-Jun-2021,898.6,900.0,909.8,886.35,897.3,900.9,894.97,392766,3515.13,23411,164578,41.9
2021-07-01,COROMANDEL, EQ, 01-Jul-2021,900.9,897.85,916.25,890.0,915.2,914.05,907.69,395102,3586.3,21364,139768,35.38
2021-07-02,COROMANDEL, EQ, 02-Jul-2021,914.05,918.05,923.35,905.1,907.0,908.95,914.25,241305,2206.13,13439,86222,35.73
2021-07-05,COROMANDEL, EQ, 05-Jul-2021,908.95,912.2,913.65,901.0,907.0,906.5,906.38,249141,2258.16,14555,162193,65.1
2021-07-06,COROMANDEL, EQ, 06-Jul-2021,906.5,915.0,919.5,903.05,908.8,910.5,911.16,228576,2082.7,11586,88305,38.63
2021-07-07,COROMANDEL, EQ, 07-Jul-2021,910.5,905.0,912.5,896.15,899.15,898.95,902.61,170946,1542.97,14669,88036,51.5
2021-07-08,COROMANDEL, EQ, 08-Jul-2021,898.95,899.8,906.35,888.95,897.0,895.8,895.57,278073,2490.33,24618,157488,56.64
2021-07-09,COROMANDEL, EQ, 09-Jul-2021,895.8,900.0,909.7,890.8,892.5,895.25,898.84,279806,2515.01,11465,95773,34.23
2021-07-12,COROMANDEL, EQ, 12-Jul-2021,895.25,899.15,904.9,882.0,884.9,883.8,887.17,366570,3252.08,16679,199116,54.32
2021-07-13,COROMANDEL, EQ, 13-Jul-2021,883.8,884.0,886.75,875.0,878.0,877.65,879.38,400045,3517.9,14413,243865,60.96
2021-07-14,COROMANDEL, EQ, 14-Jul-2021,877.65,881.0,900.9,878.1,893.2,891.15,892.68,636337,5680.48,31914,204245,32.1
2021-07-15,COROMANDEL, EQ, 15-Jul-2021,891.15,890.0,900.0,875.0,877.05,877.15,884.34,343897,3041.23,20853,164766,47.91
2021-07-16,COROMANDEL, EQ, 16-Jul-2021,877.15,877.8,877.8,861.0,863.5,863.25,867.55,577351,5008.81,17578,363536,62.97
2021-07-19,COROMANDEL, EQ, 19-Jul-2021,863.25,860.0,881.7,854.9,870.0,870.0,872.17,255113,2225.01,11714,99723,39.09
2021-07-20,COROMANDEL, EQ, 20-Jul-2021,870.0,874.6,875.6,852.7,864.5,865.95,865.44,231041,1999.52,17552,95354,41.27
2021-07-22,COROMANDEL, EQ, 22-Jul-2021,865.95,866.7,883.0,862.05,866.95,866.85,869.76,347050,3018.49,21850,213320,61.47
2021-07-23,COROMANDEL, EQ, 23-Jul-2021,866.85,867.0,882.2,867.0,868.0,868.95,874.62,354258,3098.42,18274,126948,35.83
2021-07-26,COROMANDEL, EQ, 26-Jul-2021,868.95,873.0,920.0,868.1,917.0,914.2,902.03,2195229,19801.67,66190,299809,13.66
2021-07-27,COROMANDEL, EQ, 27-Jul-2021,914.2,922.5,923.3,882.5,884.9,887.1,897.33,1235342,11085.1,63109,462486,37.44
2021-07-28,COROMANDEL, EQ, 28-Jul-2021,887.1,891.65,893.8,855.55,875.0,871.55,871.14,600291,5229.38,36810,293525,48.9
2021-07-29,COROMANDEL, EQ, 29-Jul-2021,871.55,875.0,881.45,859.4,865.0,864.5,866.58,582410,5047.05,32619,399772,68.64
2021-07-30,COROMANDEL, EQ, 30-Jul-2021,864.5,861.95,924.95,861.9,916.0,918.0,910.94,1776678,16184.47,62243,381515,21.47
2021-08-02,COROMANDEL, EQ, 02-Aug-2021,918.0,920.0,929.8,906.85,910.0,913.8,918.35,770359,7074.57,34974,274296,35.61
2021-08-03,COROMANDEL, EQ, 03-Aug-2021,913.8,916.0,917.05,881.55,892.0,890.15,895.45,610455,5466.32,36892,296290,48.54
2021-08-04,COROMANDEL, EQ, 04-Aug-2021,890.15,897.9,897.9,863.05,870.0,869.0,877.55,617915,5422.51,32689,352389,57.03
2021-08-05,COROMANDEL, EQ, 05-Aug-2021,869.0,871.05,876.65,820.35,842.0,841.85,844.07,709861,5991.75,35134,314257,44.27
2021-08-06,COROMANDEL, EQ, 06-Aug-2021,841.85,845.05,868.0,841.1,855.15,858.3,858.53,678138,5822.0,28536,177383,26.16
2021-08-09,COROMANDEL, EQ, 09-Aug-2021,858.3,858.0,866.45,849.35,849.5,851.3,857.31,260041,2229.37,13742,133595,51.37
2021-08-10,COROMANDEL, EQ, 10-Aug-2021,851.3,851.0,863.95,809.2,826.05,827.15,837.3,573623,4802.92,38016,187017,32.6
2021-08-11,COROMANDEL, EQ, 11-Aug-2021,827.15,831.5,835.0,785.55,816.6,816.85,812.92,595364,4839.86,39765,225789,37.92
2021-08-12,COROMANDEL, EQ, 12-Aug-2021,816.85,819.8,837.8,815.1,824.95,823.95,823.72,418391,3446.36,24046,226806,54.21
2021-08-13,COROMANDEL, EQ, 13-Aug-2021,823.95,828.0,842.45,825.75,836.0,835.85,834.98,303945,2537.87,18254,132261,43.51
2021-08-16,COROMANDEL, EQ, 16-Aug-2021,835.85,835.7,840.0,816.7,822.05,824.85,828.46,547360,4534.65,27837,336991,61.57
2021-08-17,COROMANDEL, EQ, 17-Aug-2021,824.85,822.05,829.7,817.4,825.35,826.2,825.18,224327,1851.1,14392,100904,44.98
2021-08-18,COROMANDEL, EQ, 18-Aug-2021,826.2,827.8,854.0,822.95,846.7,848.7,844.26,617351,5212.02,25068,275227,44.58
2021-08-20,COROMANDEL, EQ, 20-Aug-2021,848.7,839.95,845.95,810.1,821.25,821.1,825.38,575895,4753.33,43832,254543,44.2
2021-08-23,COROMANDEL, EQ, 23-Aug-2021,821.1,822.45,827.85,780.2,790.85,794.75,800.38,437060,3498.13,23825,212993,48.73
2021-08-24,COROMANDEL, EQ, 24-Aug-2021,794.75,798.0,805.7,781.1,784.0,783.85,787.1,494276,3890.44,25200,251658,50.91
2021-08-25,COROMANDEL, EQ, 25-Aug-2021,783.85,784.35,790.95,772.05,773.0,773.0,780.33,526696,4109.94,18955,310922,59.03
2021-08-26,COROMANDEL, EQ, 26-Aug-2021,773.0,773.7,783.6,764.95,765.15,767.8,775.08,468386,3630.37,21583,257566,54.99
2021-08-27,COROMANDEL, EQ, 27-Aug-2021,767.8,767.8,782.95,765.15,766.8,766.8,772.58,437541,3380.36,21584,213165,48.72
2021-08-30,COROMANDEL, EQ, 30-Aug-2021,766.8,770.3,790.85,770.3,789.0,786.85,783.41,599309,4695.06,32237,265309,44.27
2021-08-31,COROMANDEL, EQ, 31-Aug-2021,786.85,793.75,796.95,779.1,791.5,792.9,791.49,631601,4999.06,29342,379202,60.04
2021-09-01,COROMANDEL, EQ, 01-Sep-2021,792.9,792.5,802.9,789.05,793.2,794.95,797.35,378137,3015.09,22487,121545,32.14
2021-09-02,COROMANDEL, EQ, 02-Sep-2021,794.95,794.95,819.1,794.95,801.4,801.45,805.52,962376,7752.14,45798,434363,45.13
2021-09-03,COROMANDEL, EQ, 03-Sep-2021,801.45,803.5,808.25,791.55,799.3,799.25,799.99,390599,3124.74,19450,160472,41.08
2021-09-06,COROMANDEL, EQ, 06-Sep-2021,799.25,806.9,806.9,792.1,798.0,797.65,797.61,202824,1617.74,11158,75052,37.0
2021-09-07,COROMANDEL, EQ, 07-Sep-2021,797.65,798.65,801.8,786.9,789.55,788.65,791.02,226039,1788.01,10500,109843,48.59
2021-09-08,COROMANDEL, EQ, 08-Sep-2021,788.65,790.1,793.7,779.15,789.1,789.1,785.67,317531,2494.76,15129,93173,29.34
2021-09-09,COROMANDEL, EQ, 09-Sep-2021,789.1,789.1,829.7,789.1,816.0,814.4,818.93,2171045,17779.4,61255,290036,13.36
2021-09-13,COROMANDEL, EQ, 13-Sep-2021,814.4,821.5,839.6,807.05,833.4,835.05,827.02,954243,7891.75,32019,246637,25.85
2021-09-14,COROMANDEL, EQ, 14-Sep-2021,835.05,834.5,835.95,821.65,827.15,827.2,829.92,258280,2143.52,10533,76097,29.46
2021-09-15,COROMANDEL, EQ, 15-Sep-2021,827.2,827.15,835.95,825.1,830.55,831.35,831.46,721095,5995.62,13553,586463,81.33
2021-09-16,COROMANDEL, EQ, 16-Sep-2021,831.35,831.35,845.35,830.75,833.1,833.5,836.28,813103,6799.8,25143,528177,64.96
2021-09-17,COROMANDEL, EQ, 17-Sep-2021,833.5,833.35,836.95,802.4,808.95,807.6,818.6,609235,4987.17,29204,368735,60.52
2021-09-20,COROMANDEL, EQ, 20-Sep-2021,807.6,805.0,814.65,785.0,787.95,793.5,799.82,1206318,9648.34,37818,865353,71.74
2021-09-21,COROMANDEL, EQ, 21-Sep-2021,793.5,787.0,808.55,782.0,807.3,806.3,796.8,480093,3825.4,29833,115740,24.11
2021-09-22,COROMANDEL, EQ, 22-Sep-2021,806.3,806.1,825.6,806.1,822.2,818.75,817.43,376351,3076.4,21601,127502,33.88
2021-09-23,COROMANDEL, EQ, 23-Sep-2021,818.75,824.85,833.45,802.75,807.5,806.15,814.97,730935,5956.94,39043,368695,50.44
2021-09-24,COROMANDEL, EQ, 24-Sep-2021,806.15,807.6,827.75,782.7,803.0,807.4,812.63,2068309,16807.76,76897,663479,32.08
2021-09-27,COROMANDEL, EQ, 27-Sep-2021,807.4,807.75,815.3,793.5,796.8,797.15,801.07,813403,6515.97,28900,532359,65.45
2021-09-28,COROMANDEL, EQ, 28-Sep-2021,797.15,798.0,806.65,785.2,799.25,799.0,796.44,804322,6405.91,36264,454371,56.49
2021-09-29,COROMANDEL, EQ, 29-Sep-2021,799.0,791.6,814.95,788.0,800.0,797.15,801.45,856874,6867.43,26757,457265,53.36
2021-09-30,COROMANDEL, EQ, 30-Sep-2021,797.15,801.3,808.0,791.5,795.0,794.45,798.03,294773,2352.37,14857,119202,40.44
2021-10-01,COROMANDEL, EQ, 01-Oct-2021,794.45,790.8,802.0,788.1,801.8,799.9,796.06,236040,1879.02,13769,70544,29.89
2021-10-04,COROMANDEL, EQ, 04-Oct-2021,799.9,802.0,811.0,798.15,800.0,800.9,803.19,364074,2924.2,13854,174318,47.88
2021-10-05,COROMANDEL, EQ, 05-Oct-2021,800.9,800.0,830.0,799.3,829.2,827.05,824.18,883386,7280.71,38469,383002,43.36
2021-10-06,COROMANDEL, EQ, 06-Oct-2021,827.05,831.0,865.0,829.2,864.0,857.0,845.79,1275895,10791.33,47441,422068,33.08
2021-10-07,COROMANDEL, EQ, 07-Oct-2021,857.0,870.0,874.9,841.5,854.5,857.8,859.61,1452929,12489.56,54025,416420,28.66
2021-10-08,COROMANDEL, EQ, 08-Oct-2021,857.8,858.0,879.8,844.8,861.0,859.15,862.56,1623091,14000.06,46882,873019,53.79
2021-10-11,COROMANDEL, EQ, 11-Oct-2021,859.15,859.8,876.75,850.8,857.5,856.9,865.13,404050,3495.54,26698,168374,41.67
2021-10-12,COROMANDEL, EQ, 12-Oct-2021,856.9,841.0,886.4,841.0,854.8,852.8,866.21,1221391,10579.85,48084,513422,42.04
2021-10-13,COROMANDEL, EQ, 13-Oct-2021,852.8,859.95,882.65,856.8,869.8,869.6,870.48,756920,6588.84,32462,340215,44.95
2021-10-14,COROMANDEL, EQ, 14-Oct-2021,869.6,871.8,887.95,860.5,862.9,863.2,874.75,515540,4509.69,32115,106236,20.61
2021-10-18,COROMANDEL, EQ, 18-Oct-2021,863.2,863.5,876.75,850.85,856.0,857.35,863.45,300400,2593.82,20033,125045,41.63
2021-10-19,COROMANDEL, EQ, 19-Oct-2021,857.35,857.0,869.75,835.5,836.0,841.15,849.48,308991,2624.81,25471,90405,29.26
2021-10-20,COROMANDEL, EQ, 20-Oct-2021,841.15,840.0,845.7,820.55,835.25,835.5,837.15,659487,5520.88,34902,399857,60.63
2021-10-21,COROMANDEL, EQ, 21-Oct-2021,835.5,834.0,848.4,824.8,831.0,830.65,834.38,748364,6244.21,23771,431326,57.64
2021-10-22,COROMANDEL, EQ, 22-Oct-2021,830.65,835.0,846.95,820.0,824.8,824.25,831.85,220480,1834.07,15630,52413,23.77
2021-10-25,COROMANDEL, EQ, 25-Oct-2021,824.25,825.0,826.5,792.0,813.05,814.15,808.2,400605,3237.67,25987,167286,41.76
2021-10-26,COROMANDEL, EQ, 26-Oct-2021,814.15,814.8,816.25,799.05,808.0,807.9,808.13,292120,2360.7,13878,154776,52.98
2021-10-27,COROMANDEL, EQ, 27-Oct-2021,807.9,808.9,817.0,801.25,802.1,803.3,807.47,279588,2257.58,13449,111669,39.94
2021-10-28,COROMANDEL, EQ, 28-Oct-2021,803.3,803.3,808.45,774.05,793.0,796.9,791.24,756578,5986.35,40000,267134,35.31
2021-10-29,COROMANDEL, EQ, 29-Oct-2021,796.9,785.0,792.0,778.0,785.0,785.6,784.98,611035,4796.52,43859,336032,54.99
2021-11-01,COROMANDEL, EQ, 01-Nov-2021,785.6,781.1,794.95,776.25,785.2,784.7,783.07,284657,2229.08,14727,109862,38.59
2021-11-02,COROMANDEL, EQ, 02-Nov-2021,784.7,785.5,802.75,778.5,786.0,783.5,786.98,560428,4410.46,28951,214627,38.3
2021-11-03,COROMANDEL, EQ, 03-Nov-2021,783.5,787.6,787.6,767.05,774.0,773.55,776.72,915885,7113.84,31350,525842,57.41
2021-11-08,COROMANDEL, EQ, 08-Nov-2021,780.6,779.0,784.65,771.75,778.1,777.45,776.01,251305,1950.15,22580,150896,60.04
2021-11-09,COROMANDEL, EQ, 09-Nov-2021,777.45,779.0,796.4,776.15,790.0,791.05,788.92,585222,4616.96,43614,320055,54.69
2021-11-10,COROMANDEL, EQ, 10-Nov-2021,791.05,791.9,795.2,785.55,790.8,788.4,789.63,681698,5382.91,17505,556457,81.63
2021-11-11,COROMANDEL, EQ, 11-Nov-2021,788.4,790.9,798.65,788.0,795.65,795.2,793.86,370305,2939.71,14521,187690,50.69
2021-11-12,COROMANDEL, EQ, 12-Nov-2021,795.2,798.0,799.4,781.45,794.6,790.9,787.4,699888,5510.95,52736,522005,74.58
2021-11-15,COROMANDEL, EQ, 15-Nov-2021,790.9,792.1,799.0,781.6,795.5,795.3,792.45,190631,1510.66,14288,78614,41.24
2021-11-16,COROMANDEL, EQ, 16-Nov-2021,795.3,795.2,810.8,795.1,800.25,801.45,802.88,619466,4973.6,24738,251262,40.56
2021-11-17,COROMANDEL, EQ, 17-Nov-2021,801.45,803.8,804.9,788.45,790.0,794.2,795.22,261838,2082.2,9857,119363,45.59
2021-11-18,COROMANDEL, EQ, 18-Nov-2021,794.2,793.85,793.85,783.3,791.65,790.75,789.12,356935,2816.65,20703,231989,64.99
2021-11-22,COROMANDEL, EQ, 22-Nov-2021,790.75,790.75,793.05,743.4,758.45,755.45,761.95,710120,5410.79,63832,407281,57.35
2021-11-23,COROMANDEL, EQ, 23-Nov-2021,755.45,755.0,768.7,742.9,763.0,761.55,760.44,277297,2108.69,17186,83236,30.02
2021-11-24,COROMANDEL, EQ, 24-Nov-2021,761.55,761.55,768.4,754.2,757.3,757.05,763.67,336384,2568.86,12529,210488,62.57
2021-11-25,COROMANDEL, EQ, 25-Nov-2021,757.05,759.95,764.0,748.2,756.8,756.85,753.53,312754,2356.71,21608,158106,50.55
2021-11-26,COROMANDEL, EQ, 26-Nov-2021,756.85,754.7,760.5,748.0,752.5,751.95,751.46,449958,3381.24,19039,297054,66.02
2021-11-29,COROMANDEL, EQ, 29-Nov-2021,751.95,750.0,763.15,730.3,735.9,737.0,745.4,857568,6392.3,30734,235563,27.47
2021-11-30,COROMANDEL, EQ, 30-Nov-2021,737.0,736.2,743.85,730.05,738.0,740.2,738.9,331663,2450.67,15206,166250,50.13
2021-12-01,COROMANDEL, EQ, 01-Dec-2021,740.2,743.8,766.9,737.0,744.1,744.05,750.38,557862,4186.09,32205,118399,21.22
2021-12-02,COROMANDEL, EQ, 02-Dec-2021,744.05,748.0,752.15,737.6,745.45,746.2,744.65,502877,3744.7,19360,142229,28.28
2021-12-03,COROMANDEL, EQ, 03-Dec-2021,746.2,748.0,758.0,744.0,749.95,749.8,751.14,166753,1252.55,9847,49896,29.92
2021-12-06,COROMANDEL, EQ, 06-Dec-2021,749.8,749.8,753.7,737.1,741.9,746.15,745.64,747900,5576.65,41736,314743,42.08
2021-12-07,COROMANDEL, EQ, 07-Dec-2021,746.15,747.0,760.8,744.5,759.95,757.35,755.5,360216,2721.45,22283,111402,30.93
2021-12-08,COROMANDEL, EQ, 08-Dec-2021,757.35,761.3,765.45,755.05,758.4,757.85,759.09,169662,1287.89,11881,42118,24.82
2021-12-09,COROMANDEL, EQ, 09-Dec-2021,757.85,763.9,772.35,755.75,768.1,769.9,764.84,269211,2059.04,17276,61764,22.94
2021-12-10,COROMANDEL, EQ, 10-Dec-2021,769.9,773.9,773.9,757.3,762.9,760.45,765.3,130658,999.92,7518,32515,24.89
2021-12-13,COROMANDEL, EQ, 13-Dec-2021,760.45,764.0,768.25,755.0,757.45,757.85,763.12,311082,2373.94,11885,64436,20.71
2021-12-14,COROMANDEL, EQ, 14-Dec-2021,757.85,757.6,763.65,744.0,748.5,748.05,751.67,270254,2031.41,9412,93632,34.65
2021-12-15,COROMANDEL, EQ, 15-Dec-2021,748.05,752.2,754.8,740.95,743.5,745.6,747.61,493062,3686.16,13688,71338,14.47
2021-12-16,COROMANDEL, EQ, 16-Dec-2021,745.6,747.55,749.05,731.2,740.0,739.75,737.92,198988,1468.38,14792,106727,53.63
2021-12-17,COROMANDEL, EQ, 17-Dec-2021,739.75,735.0,740.45,722.0,730.8,727.75,731.32,810467,5927.1,26850,330820,40.82
2021-12-20,COROMANDEL, EQ, 20-Dec-2021,727.75,727.75,732.0,709.35,717.8,717.55,718.8,518135,3724.35,44601,285318,55.07
2021-12-21,COROMANDEL, EQ, 21-Dec-2021,717.55,724.0,738.9,719.35,738.0,736.85,731.19,185182,1354.04,11090,102787,55.51
2021-12-22,COROMANDEL, EQ, 22-Dec-2021,736.85,743.0,747.7,731.1,735.0,734.0,738.84,331213,2447.13,14900,99464,30.03
2021-12-23,COROMANDEL, EQ, 23-Dec-2021,734.0,740.55,749.25,732.25,742.8,738.55,737.98,145273,1072.08,13102,41087,28.28
2021-12-24,COROMANDEL, EQ, 24-Dec-2021,738.55,743.5,748.75,735.0,745.95,745.15,742.59,117216,870.44,5803,56853,48.5
2021-12-27,COROMANDEL, EQ, 27-Dec-2021,745.15,746.95,755.4,735.35,746.8,749.35,749.57,216448,1622.42,14001,69229,31.98
2021-12-28,COROMANDEL, EQ, 28-Dec-2021,749.35,752.45,754.0,747.55,750.0,750.9,751.07,93506,702.3,6275,28306,30.27
2021-12-29,COROMANDEL, EQ, 29-Dec-2021,750.9,753.5,753.5,745.0,750.0,749.15,748.53,86606,648.27,7601,35899,41.45
2021-12-30,COROMANDEL, EQ, 30-Dec-2021,749.15,745.05,755.85,745.05,753.0,752.45,749.91,176223,1321.51,10156,98853,56.1
2021-12-31,COROMANDEL, EQ, 31-Dec-2021,752.45,753.75,763.7,750.2,755.0,756.05,756.54,152912,1156.84,12889,85070,55.63
2022-01-03,COROMANDEL, EQ, 03-Jan-2022,756.05,758.95,762.45,752.6,755.7,756.1,756.98,244607,1851.62,9770,147496,60.3
2022-01-04,COROMANDEL, EQ, 04-Jan-2022,756.1,756.1,783.9,756.05,769.45,769.9,772.81,861764,6659.8,32612,470194,54.56
2022-01-05,COROMANDEL, EQ, 05-Jan-2022,769.9,774.0,781.45,766.2,775.8,773.9,777.14,363756,2826.9,15136,135995,37.39
2022-01-06,COROMANDEL, EQ, 06-Jan-2022,773.9,772.8,785.25,766.9,775.85,777.15,776.86,465855,3619.03,13208,301121,64.64
2022-01-07,COROMANDEL, EQ, 07-Jan-2022,777.15,781.9,786.8,775.55,777.95,778.5,781.44,329214,2572.61,16563,152037,46.18
2022-01-10,COROMANDEL, EQ, 10-Jan-2022,778.5,779.0,783.8,769.0,771.55,772.95,777.53,343075,2667.5,13135,189739,55.31
2022-01-11,COROMANDEL, EQ, 11-Jan-2022,772.95,758.0,782.0,756.05,772.95,773.5,773.62,1169211,9045.25,27202,773182,66.13
2022-01-12,COROMANDEL, EQ, 12-Jan-2022,773.5,773.6,784.0,762.3,773.5,773.95,773.67,487434,3771.11,16701,335764,68.88
2022-01-13,COROMANDEL, EQ, 13-Jan-2022,773.95,779.75,792.7,775.0,788.5,788.25,785.12,493780,3876.78,15830,205027,41.52
2022-01-14,COROMANDEL, EQ, 14-Jan-2022,788.25,785.95,796.0,781.6,784.05,785.95,787.14,335183,2638.36,18782,177489,52.95
2022-01-17,COROMANDEL, EQ, 17-Jan-2022,785.95,785.95,819.8,783.75,806.3,805.1,804.06,965554,7763.61,37059,208197,21.56
2022-01-18,COROMANDEL, EQ, 18-Jan-2022,805.1,811.95,816.75,773.5,786.0,782.5,791.81,378963,3000.66,22530,128281,33.85
2022-01-19,COROMANDEL, EQ, 19-Jan-2022,782.5,780.0,792.9,771.85,785.35,781.6,782.33,501982,3927.15,18024,307526,61.26
2022-01-20,COROMANDEL, EQ, 20-Jan-2022,781.6,787.2,790.0,778.75,787.3,788.25,785.71,163312,1283.16,12851,68774,42.11
2022-01-21,COROMANDEL, EQ, 21-Jan-2022,788.25,787.0,792.2,760.0,775.05,770.85,777.61,583737,4539.21,27870,356770,61.12
2022-01-24,COROMANDEL, EQ, 24-Jan-2022,770.85,771.5,771.5,740.0,749.9,752.6,756.85,414108,3134.19,17406,164114,39.63
2022-01-25,COROMANDEL, EQ, 25-Jan-2022,752.6,752.6,768.2,731.15,761.2,748.45,755.18,434946,3284.6,17741,127421,29.3
2022-01-27,COROMANDEL, EQ, 27-Jan-2022,748.45,744.95,764.9,735.15,760.0,759.2,754.15,411586,3103.96,22193,180791,43.93
2022-01-28,COROMANDEL, EQ, 28-Jan-2022,759.2,765.0,792.9,763.5,789.95,786.8,783.92,465768,3651.25,14902,306093,65.72
2022-01-31,COROMANDEL, EQ, 31-Jan-2022,786.8,794.85,795.2,782.05,790.7,789.45,788.35,223234,1759.86,11613,87465,39.18
2022-02-01,COROMANDEL, EQ, 01-Feb-2022,789.45,795.0,801.75,783.85,791.65,788.25,791.87,494044,3912.2,19957,292626,59.23
2022-02-02,COROMANDEL, EQ, 02-Feb-2022,788.25,790.0,798.0,787.6,795.0,794.05,793.16,227248,1802.43,9936,151459,66.65
2022-02-03,COROMANDEL, EQ, 03-Feb-2022,794.05,799.9,832.0,785.0,824.95,820.55,815.04,803416,6548.13,40989,181783,22.63
2022-02-04,COROMANDEL, EQ, 04-Feb-2022,820.55,816.0,833.0,786.15,788.4,793.55,809.27,806749,6528.75,29806,242766,30.09
2022-02-07,COROMANDEL, EQ, 07-Feb-2022,793.55,791.7,817.7,786.0,805.0,801.75,804.19,450258,3620.95,18201,183294,40.71
2022-02-08,COROMANDEL, EQ, 08-Feb-2022,801.75,807.0,814.95,793.95,801.0,804.35,802.08,453395,3636.59,12669,299018,65.95
2022-02-09,COROMANDEL, EQ, 09-Feb-2022,804.35,808.6,810.35,798.1,802.95,800.7,800.77,219508,1757.76,6481,127009,57.86
2022-02-10,COROMANDEL, EQ, 10-Feb-2022,800.7,797.0,811.35,796.3,809.0,807.75,806.32,140942,1136.45,6486,59728,42.38
2022-02-11,COROMANDEL, EQ, 11-Feb-2022,807.75,807.75,808.9,787.05,789.0,789.9,797.59,289484,2308.89,13128,181550,62.72
2022-02-14,COROMANDEL, EQ, 14-Feb-2022,789.9,770.0,782.15,750.2,756.3,761.5,770.83,584919,4508.72,24639,341607,58.4
2022-02-15,COROMANDEL, EQ, 15-Feb-2022,761.5,759.0,790.75,754.6,790.75,788.65,773.03,414359,3203.13,9410,267533,64.57
2022-02-16,COROMANDEL, EQ, 16-Feb-2022,788.65,794.0,809.4,788.25,800.0,801.2,801.71,245992,1972.15,8915,89060,36.2
2022-02-17,COROMANDEL, EQ, 17-Feb-2022,801.2,802.0,806.1,792.05,798.5,801.15,798.11,430157,3433.12,17468,133665,31.07
2022-02-18,COROMANDEL, EQ, 18-Feb-2022,801.15,791.0,814.1,791.0,802.8,803.65,805.09,446439,3594.25,12220,209758,46.98
2022-02-21,COROMANDEL, EQ, 21-Feb-2022,803.65,803.0,803.0,783.0,786.0,786.4,792.65,259292,2055.27,12985,106605,41.11
2022-02-22,COROMANDEL, EQ, 22-Feb-2022,786.4,780.0,797.45,756.85,787.15,790.8,788.98,266131,2099.71,11260,110661,41.58
2022-02-23,COROMANDEL, EQ, 23-Feb-2022,790.8,791.5,797.6,784.05,787.65,790.85,790.79,146408,1157.77,8829,67982,46.43
2022-02-24,COROMANDEL, EQ, 24-Feb-2022,790.85,751.3,776.55,729.55,730.2,733.85,748.23,416197,3114.12,25772,158343,38.05
2022-02-25,COROMANDEL, EQ, 25-Feb-2022,733.85,743.0,765.0,742.15,759.0,758.55,757.33,335928,2544.09,14049,178427,53.11
2022-02-28,COROMANDEL, EQ, 28-Feb-2022,758.55,758.0,775.65,747.4,771.65,773.9,768.61,271221,2084.62,13510,144686,53.35
2022-03-02,COROMANDEL, EQ, 02-Mar-2022,773.9,763.15,795.95,763.15,784.5,786.1,782.35,317907,2487.15,23203,166763,52.46
2022-03-03,COROMANDEL, EQ, 03-Mar-2022,786.1,784.0,793.5,772.55,779.55,781.6,783.58,287460,2252.48,17349,129484,45.04
2022-03-04,COROMANDEL, EQ, 04-Mar-2022,781.6,776.85,783.8,755.0,759.95,760.35,770.5,279164,2150.96,14924,134243,48.09
2022-03-07,COROMANDEL, EQ, 07-Mar-2022,760.35,753.4,775.0,741.45,767.05,759.1,755.71,260450,1968.26,23533,133315,51.19
2022-03-08,COROMANDEL, EQ, 08-Mar-2022,759.1,763.95,763.95,752.15,759.0,758.4,758.87,283870,2154.21,14005,160124,56.41
2022-03-09,COROMANDEL, EQ, 09-Mar-2022,758.4,764.05,768.4,752.95,754.25,755.2,757.15,422520,3199.11,23028,229194,54.24
2022-03-10,COROMANDEL, EQ, 10-Mar-2022,755.2,762.0,774.85,757.35,764.0,765.25,769.35,393270,3025.61,23871,183998,46.79
2022-03-11,COROMANDEL, EQ, 11-Mar-2022,765.25,770.5,786.0,759.3,778.9,778.15,774.48,650333,5036.69,33196,318826,49.03
2022-03-14,COROMANDEL, EQ, 14-Mar-2022,778.15,784.0,786.9,762.0,764.85,766.9,770.78,394873,3043.61,21195,193845,49.09
2022-03-15,COROMANDEL, EQ, 15-Mar-2022,766.9,766.05,781.7,760.0,773.9,777.55,770.71,341088,2628.8,19961,142383,41.74
2022-03-16,COROMANDEL, EQ, 16-Mar-2022,777.55,781.6,801.7,778.75,800.45,799.8,791.29,495585,3921.51,21235,150881,30.45
2022-03-17,COROMANDEL, EQ, 17-Mar-2022,799.8,810.0,855.75,801.3,848.0,849.45,836.04,1124743,9403.26,38396,372648,33.13
2022-03-21,COROMANDEL, EQ, 21-Mar-2022,849.45,853.0,867.85,841.35,852.0,854.75,854.74,991267,8472.79,48523,279513,28.2
2022-03-22,COROMANDEL, EQ, 22-Mar-2022,854.75,860.0,860.5,825.25,830.0,830.8,836.69,625966,5237.41,24677,343122,54.81
2022-03-23,COROMANDEL, EQ, 23-Mar-2022,830.8,832.0,838.7,818.6,821.4,822.55,830.42,441619,3667.28,16432,309424,70.07
2022-03-24,COROMANDEL, EQ, 24-Mar-2022,822.55,823.2,827.85,802.1,805.0,808.85,812.87,440707,3582.38,20151,301546,68.42
2022-03-25,COROMANDEL, EQ, 25-Mar-2022,808.85,814.0,814.0,790.55,792.5,793.75,800.2,160900,1287.53,11342,63797,39.65
2022-03-28,COROMANDEL, EQ, 28-Mar-2022,793.75,796.0,800.0,780.1,799.0,798.5,791.9,256855,2034.03,13554,96874,37.72
2022-03-29,COROMANDEL, EQ, 29-Mar-2022,798.5,802.7,819.0,799.8,809.0,808.45,808.4,694681,5615.8,28191,354160,50.98
2022-03-30,COROMANDEL, EQ, 30-Mar-2022,808.45,815.15,815.75,793.05,795.0,796.65,799.78,262687,2100.93,17937,106260,40.45
2022-03-31,COROMANDEL, EQ, 31-Mar-2022,796.65,795.0,807.4,786.85,800.0,799.6,797.71,276685,2207.14,16324,134159,48.49
2022-04-01,COROMANDEL, EQ, 01-Apr-2022,799.6,805.95,805.95,793.0,797.0,797.05,797.85,377033,3008.17,10441,255809,67.85
2022-04-04,COROMANDEL, EQ, 04-Apr-2022,797.05,808.0,810.7,800.25,810.0,807.4,806.67,481349,3882.9,20049,307300,63.84
2022-04-05,COROMANDEL, EQ, 05-Apr-2022,807.4,812.0,834.9,805.0,823.5,824.05,826.26,984765,8136.75,35523,447052,45.4
2022-04-06,COROMANDEL, EQ, 06-Apr-2022,824.05,816.6,847.0,816.6,830.15,831.25,834.42,498253,4157.52,20127,189523,38.04
2022-04-07,COROMANDEL, EQ, 07-Apr-2022,831.25,831.0,839.35,814.05,817.0,818.4,829.51,594427,4930.85,10346,383180,64.46
2022-04-08,COROMANDEL, EQ, 08-Apr-2022,818.4,823.0,848.0,810.1,835.0,833.2,838.27,549611,4607.22,15649,277370,50.47
2022-04-11,COROMANDEL, EQ, 11-Apr-2022,833.2,837.6,849.8,835.15,839.0,839.8,842.07,246185,2073.06,13260,137933,56.03
2022-04-12,COROMANDEL, EQ, 12-Apr-2022,839.8,839.9,852.95,822.0,825.6,827.85,837.7,541765,4538.35,20842,235857,43.53
2022-04-13,COROMANDEL, EQ, 13-Apr-2022,827.85,833.0,844.25,828.0,839.7,840.65,836.67,234571,1962.59,11087,83766,35.71
2022-04-18,COROMANDEL, EQ, 18-Apr-2022,840.65,840.65,862.25,832.15,853.85,856.0,851.16,737870,6280.45,27629,358292,48.56
2022-04-19,COROMANDEL, EQ, 19-Apr-2022,856.0,865.0,866.4,819.0,821.7,832.4,853.57,511141,4362.97,30030,189449,37.06
2022-04-20,COROMANDEL, EQ, 20-Apr-2022,832.4,832.4,843.0,826.7,834.45,837.5,835.7,268339,2242.5,12867,128358,47.83
2022-04-21,COROMANDEL, EQ, 21-Apr-2022,837.5,839.8,855.0,820.35,838.95,838.95,837.63,622832,5217.0,24659,272037,43.68
2022-04-22,COROMANDEL, EQ, 22-Apr-2022,838.95,837.0,850.45,827.0,832.6,830.5,838.08,274186,2297.9,11212,115010,41.95
2022-04-25,COROMANDEL, EQ, 25-Apr-2022,830.5,827.0,833.25,810.0,832.0,827.55,823.62,402407,3314.31,17849,215762,53.62
2022-04-26,COROMANDEL, EQ, 26-Apr-2022,827.55,834.75,848.95,827.0,845.0,846.5,840.34,222419,1869.08,17445,99984,44.95
2022-04-27,COROMANDEL, EQ, 27-Apr-2022,846.5,840.05,857.85,826.85,848.0,847.65,846.35,255284,2160.59,15171,76604,30.01
2022-04-28,COROMANDEL, EQ, 28-Apr-2022,847.65,860.0,921.0,855.9,906.05,899.15,889.84,3652818,32504.33,123794,808138,22.12
2022-04-29,COROMANDEL, EQ, 29-Apr-2022,899.15,910.15,918.0,888.85,894.1,894.55,905.06,1189484,10765.51,45488,208760,17.55
2022-05-02,COROMANDEL, EQ, 02-May-2022,894.55,893.0,917.95,888.65,912.95,910.1,910.01,1040924,9472.51,38102,247959,23.82
2022-05-04,COROMANDEL, EQ, 04-May-2022,910.1,920.0,925.0,894.75,907.1,906.85,910.35,526256,4790.76,24662,230227,43.75
2022-05-05,COROMANDEL, EQ, 05-May-2022,906.85,914.25,925.0,907.0,913.35,912.45,914.94,478009,4373.47,29101,274621,57.45
2022-05-06,COROMANDEL, EQ, 06-May-2022,912.45,900.0,928.7,896.0,913.0,911.45,915.16,900475,8240.83,33744,204420,22.7
2022-05-09,COROMANDEL, EQ, 09-May-2022,911.45,911.45,922.1,880.75,902.35,903.4,904.17,550509,4977.54,29870,228733,41.55
2022-05-10,COROMANDEL, EQ, 10-May-2022,903.4,908.9,913.0,874.85,874.85,882.0,896.25,447871,4014.03,23469,222972,49.78
2022-05-11,COROMANDEL, EQ, 11-May-2022,882.0,882.0,908.7,879.1,904.9,901.25,900.56,923598,8317.54,43542,347439,37.62
2022-05-12,COROMANDEL, EQ, 12-May-2022,901.25,901.25,906.0,863.8,882.9,875.95,884.33,335412,2966.15,24981,140559,41.91
2022-05-13,COROMANDEL, EQ, 13-May-2022,875.95,882.0,909.5,880.05,886.3,883.05,899.27,568345,5110.96,25060,272712,47.98
2022-05-16,COROMANDEL, EQ, 16-May-2022,883.05,887.7,899.35,877.0,890.0,889.55,886.58,239089,2119.73,18697,95559,39.97
2022-05-17,COROMANDEL, EQ, 17-May-2022,889.55,894.2,949.25,889.55,948.5,942.75,933.58,1475489,13774.81,56591,571951,38.76
2022-05-18,COROMANDEL, EQ, 18-May-2022,942.75,950.25,956.25,920.35,928.2,929.5,935.89,1235218,11560.27,57795,315940,25.58
2022-05-19,COROMANDEL, EQ, 19-May-2022,929.5,922.0,922.0,895.2,910.7,908.65,908.27,468053,4251.19,24327,151919,32.46
2022-05-20,COROMANDEL, EQ, 20-May-2022,908.65,917.0,934.5,911.1,927.25,929.95,928.57,526525,4889.18,20103,174420,33.13
2022-05-23,COROMANDEL, EQ, 23-May-2022,929.95,938.8,944.1,924.45,931.05,931.5,936.53,327228,3064.6,16170,126739,38.73
2022-05-24,COROMANDEL, EQ, 24-May-2022,931.5,938.5,977.5,933.1,974.0,973.05,968.28,2138218,20704.0,70815,374503,17.51
2022-05-25,COROMANDEL, EQ, 25-May-2022,973.05,979.0,981.0,877.1,898.75,896.7,925.4,1875393,17354.79,66033,467118,24.91
2022-05-26,COROMANDEL, EQ, 26-May-2022,896.7,907.45,924.6,882.6,912.1,919.75,907.31,970840,8808.53,49669,220157,22.68
2022-05-27,COROMANDEL, EQ, 27-May-2022,919.75,927.0,942.45,919.9,939.4,938.8,932.62,429300,4003.75,26205,143691,33.47
2022-05-30,COROMANDEL, EQ, 30-May-2022,938.8,947.0,959.9,943.75,953.0,951.75,952.49,463901,4418.59,19658,187941,40.51
2022-05-31,COROMANDEL, EQ, 31-May-2022,951.75,951.0,957.0,939.1,947.0,944.9,950.67,202406,1924.21,13417,83892,41.45
2022-06-01,COROMANDEL, EQ, 01-Jun-2022,944.9,948.0,966.95,944.9,964.05,962.15,959.88,605171,5808.92,27021,247363,40.87
2022-06-02,COROMANDEL, EQ, 02-Jun-2022,962.15,966.75,983.95,914.0,954.0,954.15,949.45,1843877,17506.77,72933,438166,23.76
2022-06-03,COROMANDEL, EQ, 03-Jun-2022,954.15,960.0,969.85,934.05,950.0,945.85,955.59,486455,4648.52,21707,128641,26.44
2022-06-06,COROMANDEL, EQ, 06-Jun-2022,945.85,950.2,977.0,938.1,963.05,965.6,965.12,960521,9270.22,46180,255416,26.59
2022-06-07,COROMANDEL, EQ, 07-Jun-2022,965.6,957.85,967.0,937.3,939.05,942.1,950.97,284129,2701.99,13469,92708,32.63
2022-06-08,COROMANDEL, EQ, 08-Jun-2022,942.1,942.3,946.0,916.0,922.0,925.1,927.8,338169,3137.52,20312,109752,32.45
2022-06-09,COROMANDEL, EQ, 09-Jun-2022,925.1,915.2,942.75,915.2,939.3,940.15,929.4,206975,1923.62,13768,54988,26.57
2022-06-10,COROMANDEL, EQ, 10-Jun-2022,940.15,920.0,949.65,920.0,923.0,926.2,927.82,211814,1965.24,13591,74157,35.01
2022-06-13,COROMANDEL, EQ, 13-Jun-2022,926.2,900.1,925.0,892.2,923.9,919.0,913.72,262268,2396.38,15930,110854,42.27
2022-06-14,COROMANDEL, EQ, 14-Jun-2022,919.0,919.0,948.0,902.55,947.1,943.2,937.41,527328,4943.21,23483,243713,46.22
2022-06-15,COROMANDEL, EQ, 15-Jun-2022,943.2,948.25,964.1,948.0,956.0,961.05,956.71,517593,4951.86,23374,199797,38.6
2022-06-16,COROMANDEL, EQ, 16-Jun-2022,961.05,969.1,969.1,920.6,925.0,927.7,948.33,672812,6380.47,42933,313581,46.61
2022-06-17,COROMANDEL, EQ, 17-Jun-2022,927.7,919.3,937.95,917.9,930.0,923.45,927.62,382105,3544.49,21000,157257,41.16
2022-06-20,COROMANDEL, EQ, 20-Jun-2022,923.45,928.0,930.8,887.75,907.05,904.35,905.7,341299,3091.15,29313,156753,45.93
2022-06-21,COROMANDEL, EQ, 21-Jun-2022,904.35,905.0,939.0,905.0,925.05,926.15,922.5,509547,4700.57,34130,190968,37.48
2022-06-22,COROMANDEL, EQ, 22-Jun-2022,926.15,926.65,933.55,910.0,929.75,925.75,926.79,285339,2644.5,16816,123682,43.35
2022-06-23,COROMANDEL, EQ, 23-Jun-2022,925.75,925.75,945.0,912.0,925.5,922.45,928.27,417477,3875.31,24820,140341,33.62
2022-06-24,COROMANDEL, EQ, 24-Jun-2022,922.45,923.6,941.35,923.6,928.95,932.1,933.54,210922,1969.04,15617,75124,35.62
2022-06-27,COROMANDEL, EQ, 27-Jun-2022,932.1,944.0,953.7,937.8,939.0,946.05,947.97,393321,3728.57,27350,131785,33.51
2022-06-28,COROMANDEL, EQ, 28-Jun-2022,946.05,940.1,951.0,931.05,934.3,937.55,939.27,186507,1751.8,8945,80702,43.27
2022-06-29,COROMANDEL, EQ, 29-Jun-2022,937.55,928.0,968.0,928.0,959.85,964.3,957.07,982939,9407.41,50884,425928,43.33
2022-06-30,COROMANDEL, EQ, 30-Jun-2022,964.3,964.55,976.45,944.5,955.9,953.15,957.67,862391,8258.9,28771,168466,19.53
2022-07-01,COROMANDEL, EQ, 01-Jul-2022,953.15,953.0,969.5,932.75,968.05,965.3,953.72,366177,3492.31,22795,103051,28.14
2022-07-04,COROMANDEL, EQ, 04-Jul-2022,965.3,967.5,999.9,966.0,982.1,982.05,986.26,1562173,15407.15,68004,475468,30.44
2022-07-05,COROMANDEL, EQ, 05-Jul-2022,982.05,985.2,996.9,946.0,948.2,949.65,966.08,769866,7437.56,34821,394236,51.21
2022-07-06,COROMANDEL, EQ, 06-Jul-2022,949.65,953.8,982.6,950.7,980.0,979.3,970.7,533968,5183.23,22996,299754,56.14
2022-07-07,COROMANDEL, EQ, 07-Jul-2022,979.3,978.25,988.85,967.05,978.7,974.05,974.24,436681,4254.32,18936,249123,57.05
2022-07-08,COROMANDEL, EQ, 08-Jul-2022,974.05,985.0,985.0,964.15,975.0,974.5,973.59,202317,1969.73,22065,85916,42.47
2022-07-11,COROMANDEL, EQ, 11-Jul-2022,974.5,974.5,1013.85,973.05,992.55,992.95,997.34,772195,7701.42,25191,249710,32.34
2022-07-12,COROMANDEL, EQ, 12-Jul-2022,992.95,993.05,998.0,975.0,979.35,981.65,987.73,295555,2919.28,13938,124043,41.97
2022-07-13,COROMANDEL, EQ, 13-Jul-2022,981.65,981.65,991.15,965.5,982.1,983.5,978.4,313037,3062.75,16211,138259,44.17
2022-07-14,COROMANDEL, EQ, 14-Jul-2022,983.5,978.7,988.7,965.8,970.0,969.45,976.48,242755,2370.46,17043,124063,51.11
2022-07-15,COROMANDEL, EQ, 15-Jul-2022,969.45,971.65,981.95,960.95,980.05,979.9,970.04,210277,2039.77,18268,85736,40.77
2022-07-18,COROMANDEL, EQ, 18-Jul-2022,979.9,987.75,1019.45,978.65,998.75,1000.35,1005.08,736720,7404.62,34274,297068,40.32
2022-07-19,COROMANDEL, EQ, 19-Jul-2022,1000.35,1000.0,1007.95,987.05,1003.5,1000.85,1000.14,292328,2923.7,15956,113499,38.83
2022-07-20,COROMANDEL, EQ, 20-Jul-2022,1000.85,1004.95,1018.0,993.05,996.7,995.45,1005.31,237762,2390.25,15082,76440,32.15
2022-07-21,COROMANDEL, EQ, 21-Jul-2022,995.45,998.0,1045.0,996.0,1045.0,1034.8,1021.36,630355,6438.17,28642,217723,34.54
2022-07-22,COROMANDEL, EQ, 22-Jul-2022,1034.8,1043.7,1043.7,1012.5,1018.85,1020.2,1025.99,320528,3288.59,23500,71010,22.15
2022-07-25,COROMANDEL, EQ, 25-Jul-2022,1020.2,1020.2,1033.35,1013.85,1021.35,1022.2,1022.49,255170,2609.09,17501,91358,35.8
2022-07-26,COROMANDEL, EQ, 26-Jul-2022,1022.2,1025.85,1039.4,1000.0,1002.25,1002.3,1020.69,571571,5833.95,33959,241191,42.2
2022-07-27,COROMANDEL, EQ, 27-Jul-2022,1002.3,1002.3,1071.0,997.8,1065.15,1064.5,1045.62,2137156,22346.56,82185,401094,18.77
2022-07-28,COROMANDEL, EQ, 28-Jul-2022,1064.5,1075.1,1075.1,1041.1,1058.5,1058.9,1054.84,856916,9039.13,39807,259534,30.29
2022-07-29,COROMANDEL, EQ, 29-Jul-2022,1058.9,1073.05,1073.05,1019.1,1024.0,1028.75,1040.86,912617,9499.04,29709,351680,38.54
2022-08-01,COROMANDEL, EQ, 01-Aug-2022,1028.75,1038.65,1049.0,1032.8,1046.0,1045.8,1041.77,650278,6774.37,30807,314914,48.43
2022-08-02,COROMANDEL, EQ, 02-Aug-2022,1045.8,1048.0,1054.3,1031.0,1040.0,1044.2,1046.52,939177,9828.72,27286,625104,66.56
2022-08-03,COROMANDEL, EQ, 03-Aug-2022,1044.2,1044.1,1044.1,1024.5,1029.55,1032.8,1032.18,472640,4878.5,18427,201103,42.55
2022-08-04,COROMANDEL, EQ, 04-Aug-2022,1032.8,1038.2,1043.6,1011.8,1041.9,1038.4,1029.09,578553,5953.81,32218,299177,51.71
2022-08-05,COROMANDEL, EQ, 05-Aug-2022,1038.4,1039.0,1062.0,1038.4,1046.8,1049.25,1053.62,608959,6416.11,32805,162615,26.7
2022-08-10,COROMANDEL, EQ, 10-Aug-2022,1049.5,1057.85,1091.0,1042.9,1073.4,1076.2,1070.92,784266,8398.89,33763,239666,30.56
2022-08-11,COROMANDEL, EQ, 11-Aug-2022,1076.2,1080.0,1085.0,1064.0,1071.6,1070.5,1072.55,494230,5300.87,21890,222684,45.06
2022-08-12,COROMANDEL, EQ, 12-Aug-2022,1070.5,1070.0,1082.2,1066.35,1077.8,1076.05,1074.1,375980,4038.41,23528,223469,59.44
2022-08-16,COROMANDEL, EQ, 16-Aug-2022,1076.05,1077.8,1087.85,1066.8,1082.0,1080.85,1075.94,393092,4229.42,18839,229482,58.38
2022-08-17,COROMANDEL, EQ, 17-Aug-2022,1080.85,1086.0,1092.95,1053.05,1059.2,1059.45,1070.5,324443,3473.16,17896,136215,41.98
2022-08-18,COROMANDEL, EQ, 18-Aug-2022,1059.45,1062.0,1072.35,1048.2,1054.7,1050.95,1059.11,267992,2838.34,10443,119070,44.43
2022-08-19,COROMANDEL, EQ, 19-Aug-2022,1050.95,1052.0,1059.25,1021.45,1034.0,1031.55,1035.98,291937,3024.4,14557,134613,46.11
2022-08-22,COROMANDEL, EQ, 22-Aug-2022,1031.55,1034.55,1034.55,1005.0,1009.5,1008.75,1017.69,328616,3344.31,12562,154683,47.07
2022-08-23,COROMANDEL, EQ, 23-Aug-2022,1008.75,994.1,1052.0,994.1,1045.0,1046.35,1031.89,521915,5385.6,19645,195892,37.53
2022-08-24,COROMANDEL, EQ, 24-Aug-2022,1046.35,1049.5,1062.55,1044.8,1059.0,1058.6,1055.62,430260,4541.93,12963,203599,47.32
2022-08-25,COROMANDEL, EQ, 25-Aug-2022,1058.6,1050.0,1050.0,980.0,1012.35,1009.95,1016.94,1339753,13624.45,45847,439192,32.78
2022-08-26,COROMANDEL, EQ, 26-Aug-2022,1009.95,1018.85,1060.0,1016.15,1042.0,1039.15,1040.44,1106673,11514.26,35688,459830,41.55
2022-08-29,COROMANDEL, EQ, 29-Aug-2022,1039.15,1030.0,1065.0,1012.25,1060.6,1062.15,1050.49,871452,9154.48,28176,460626,52.86
2022-08-30,COROMANDEL, EQ, 30-Aug-2022,1062.15,1066.0,1072.5,1046.2,1054.0,1053.1,1057.97,533580,5645.11,14412,240507,45.07
2022-09-01,COROMANDEL, EQ, 01-Sep-2022,1053.1,1056.05,1094.0,1055.05,1080.3,1081.65,1082.04,1168060,12638.9,52238,456774,39.11
2022-09-02,COROMANDEL, EQ, 02-Sep-2022,1081.65,1082.5,1088.55,1041.25,1047.95,1045.4,1068.42,625345,6681.28,28594,266771,42.66
2022-09-05,COROMANDEL, EQ, 05-Sep-2022,1045.4,1047.0,1055.0,1028.0,1037.8,1032.05,1041.03,349910,3642.65,19665,141042,40.31
2022-09-06,COROMANDEL, EQ, 06-Sep-2022,1032.05,1040.3,1049.4,1025.8,1046.1,1044.65,1041.21,655050,6820.42,22222,397338,60.66
2022-09-07,COROMANDEL, EQ, 07-Sep-2022,1044.65,1045.7,1058.8,1035.55,1044.15,1044.8,1049.21,548606,5756.05,20218,321324,58.57
2022-09-08,COROMANDEL, EQ, 08-Sep-2022,1044.8,1052.8,1065.85,1043.75,1048.0,1050.1,1053.36,566553,5967.83,34275,297609,52.53
2022-09-09,COROMANDEL, EQ, 09-Sep-2022,1050.1,1055.6,1055.6,1037.85,1042.85,1043.8,1045.69,320630,3352.81,17783,178614,55.71
2022-09-12,COROMANDEL, EQ, 12-Sep-2022,1043.8,1050.0,1057.0,1038.5,1047.75,1046.5,1046.11,224877,2352.47,17800,107794,47.93
2022-09-13,COROMANDEL, EQ, 13-Sep-2022,1046.5,1046.5,1055.7,1029.2,1034.85,1035.05,1040.15,285290,2967.44,20900,162293,56.89
2022-09-14,COROMANDEL, EQ, 14-Sep-2022,1035.05,1028.0,1048.5,1002.0,1019.0,1020.6,1025.95,978524,10039.16,52278,417917,42.71
2022-09-15,COROMANDEL, EQ, 15-Sep-2022,1020.6,1025.9,1039.6,1021.65,1029.0,1027.0,1030.63,471724,4861.74,29787,253537,53.75
2022-09-16,COROMANDEL, EQ, 16-Sep-2022,1027.0,1019.95,1021.6,992.5,1017.05,1013.75,1008.16,873213,8803.36,29618,557962,63.9
2022-09-19,COROMANDEL, EQ, 19-Sep-2022,1013.75,1021.1,1029.3,1011.0,1014.7,1014.55,1019.89,273462,2789.02,22669,134694,49.26
2022-09-20,COROMANDEL, EQ, 20-Sep-2022,1014.55,1019.9,1044.75,1017.55,1028.7,1026.95,1033.9,526690,5445.42,43637,316257,60.05
2022-09-21,COROMANDEL, EQ, 21-Sep-2022,1026.95,1027.0,1034.85,1008.15,1028.15,1029.7,1023.15,298049,3049.5,25372,131999,44.29
2022-09-22,COROMANDEL, EQ, 22-Sep-2022,1029.7,1021.1,1049.1,1021.1,1047.8,1044.7,1036.09,216641,2244.6,20288,92785,42.83
2022-09-23,COROMANDEL, EQ, 23-Sep-2022,1044.7,1045.0,1056.0,1002.15,1010.95,1008.4,1026.92,354498,3640.4,21728,95848,27.04
2022-09-26,COROMANDEL, EQ, 26-Sep-2022,1008.4,1000.0,1005.95,963.35,966.5,969.55,977.42,592820,5794.32,54621,98104,16.55
2022-09-27,COROMANDEL, EQ, 27-Sep-2022,969.55,974.1,994.7,969.9,981.4,985.6,983.55,532011,5232.6,40080,148977,28.0
2022-09-28,COROMANDEL, EQ, 28-Sep-2022,985.6,976.05,1004.85,971.05,986.15,982.25,988.01,505410,4993.5,35727,155045,30.68
2022-09-29,COROMANDEL, EQ, 29-Sep-2022,982.25,987.0,1000.5,970.55,979.35,987.75,986.28,214512,2115.7,20770,99088,46.19
2022-09-30,COROMANDEL, EQ, 30-Sep-2022,987.75,985.0,996.0,977.75,992.9,994.2,990.4,361237,3577.7,18554,195979,54.25
2022-10-03,COROMANDEL, EQ, 03-Oct-2022,994.2,982.0,1013.95,981.0,987.75,987.95,998.72,349283,3488.36,23099,160861,46.05
2022-10-04,COROMANDEL, EQ, 04-Oct-2022,987.95,993.75,1008.0,990.0,995.8,998.55,999.86,349882,3498.32,21194,199629,57.06
2022-10-06,COROMANDEL, EQ, 06-Oct-2022,998.55,999.0,1025.75,998.55,1010.5,1012.35,1013.25,503967,5106.45,24990,327922,65.07
2022-10-07,COROMANDEL, EQ, 07-Oct-2022,1012.35,1014.75,1016.95,988.7,995.9,997.45,998.84,566761,5661.05,16477,409401,72.24
2022-10-10,COROMANDEL, EQ, 10-Oct-2022,997.45,981.7,998.65,970.5,974.7,976.3,979.59,218628,2141.66,17651,94472,43.21
2022-10-11,COROMANDEL, EQ, 11-Oct-2022,976.3,981.2,985.0,955.05,966.95,960.75,969.73,387485,3757.56,16583,216839,55.96
2022-10-12,COROMANDEL, EQ, 12-Oct-2022,960.75,965.0,977.35,958.0,973.4,973.85,968.8,151489,1467.62,15496,46491,30.69
2022-10-13,COROMANDEL, EQ, 13-Oct-2022,973.85,977.0,982.8,967.05,968.0,969.9,973.12,372965,3629.41,23211,224118,60.09
2022-10-14,COROMANDEL, EQ, 14-Oct-2022,969.9,975.25,977.7,962.4,965.65,966.95,970.13,284351,2758.57,16443,187820,66.05
2022-10-17,COROMANDEL, EQ, 17-Oct-2022,966.95,960.0,970.5,958.2,965.0,967.0,966.79,439603,4250.05,18762,283625,64.52
2022-10-18,COROMANDEL, EQ, 18-Oct-2022,967.0,963.8,966.95,951.0,963.55,962.95,960.39,321219,3084.95,18169,151319,47.11
2022-10-19,COROMANDEL, EQ, 19-Oct-2022,962.95,962.95,970.35,962.1,967.35,966.85,966.46,203775,1969.41,23055,117555,57.69
2022-10-20,COROMANDEL, EQ, 20-Oct-2022,966.85,965.3,982.0,962.75,979.75,980.0,976.01,377336,3682.83,32986,204107,54.09
2022-10-21,COROMANDEL, EQ, 21-Oct-2022,980.0,984.9,998.0,976.0,994.0,994.5,989.52,268934,2661.15,17446,143706,53.44
2022-10-24,COROMANDEL, EQ, 24-Oct-2022,994.5,999.0,1006.0,994.55,1005.95,1001.85,1002.54,48218,483.4,2885,18115,37.57
2022-10-25,COROMANDEL, EQ, 25-Oct-2022,1001.85,1002.0,1010.95,974.6,982.0,979.75,987.94,423662,4185.51,23324,240434,56.75
2022-10-27,COROMANDEL, EQ, 27-Oct-2022,979.75,982.0,999.0,977.15,985.75,987.0,984.04,354672,3490.12,26808,210928,59.47
2022-10-28,COROMANDEL, EQ, 28-Oct-2022,987.0,987.0,992.9,970.0,973.4,975.8,981.89,295589,2902.36,19356,148563,50.26
2022-10-31,COROMANDEL, EQ, 31-Oct-2022,975.8,973.35,979.45,960.6,962.0,962.35,968.01,226908,2196.49,14566,132890,58.57
2022-11-01,COROMANDEL, EQ, 01-Nov-2022,962.35,962.5,969.05,955.0,966.05,964.0,962.01,349668,3363.83,17804,195952,56.04
2022-11-02,COROMANDEL, EQ, 02-Nov-2022,964.0,964.0,997.1,960.0,966.65,966.75,974.08,1095371,10669.79,56341,545835,49.83
2022-11-03,COROMANDEL, EQ, 03-Nov-2022,966.75,966.75,1007.0,943.15,1003.0,983.95,970.38,2245885,21793.69,60842,969639,43.17
2022-11-04,COROMANDEL, EQ, 04-Nov-2022,983.95,1003.0,1009.0,950.0,954.0,953.4,967.41,1370009,13253.56,68779,406447,29.67
2022-11-07,COROMANDEL, EQ, 07-Nov-2022,953.4,954.0,960.1,933.05,944.0,946.1,948.34,746667,7080.94,42618,339381,45.45
2022-11-09,COROMANDEL, EQ, 09-Nov-2022,946.1,950.0,957.55,938.1,942.0,942.6,945.83,678234,6414.97,41136,440460,64.94
2022-11-10,COROMANDEL, EQ, 10-Nov-2022,942.6,943.6,951.0,925.0,934.0,927.9,936.26,538782,5044.42,24354,316357,58.72
2022-11-11,COROMANDEL, EQ, 11-Nov-2022,927.9,938.0,959.0,922.85,923.2,924.75,937.12,575391,5392.09,35968,260610,45.29
2022-11-14,COROMANDEL, EQ, 14-Nov-2022,924.75,920.05,940.9,910.0,923.4,919.9,923.48,637948,5891.32,33728,330658,51.83
2022-11-15,COROMANDEL, EQ, 15-Nov-2022,919.9,924.4,926.0,918.5,923.0,920.65,920.8,365723,3367.57,20654,238613,65.24
2022-11-16,COROMANDEL, EQ, 16-Nov-2022,920.65,925.0,928.0,917.5,923.4,925.65,922.48,298014,2749.11,21286,189546,63.6
2022-11-17,COROMANDEL, EQ, 17-Nov-2022,925.65,927.9,927.9,909.35,916.95,916.7,915.55,322795,2955.36,26515,169703,52.57
2022-11-18,COROMANDEL, EQ, 18-Nov-2022,916.7,920.5,921.15,890.0,900.45,903.55,902.56,563156,5082.83,27670,307930,54.68
2022-11-21,COROMANDEL, EQ, 21-Nov-2022,903.55,902.1,903.0,886.3,895.55,895.8,895.39,482881,4323.65,25880,314348,65.1
2022-11-22,COROMANDEL, EQ, 22-Nov-2022,895.8,895.75,902.35,888.0,896.0,896.9,896.41,279488,2505.36,16906,153149,54.8
2022-11-23,COROMANDEL, EQ, 23-Nov-2022,896.9,897.9,916.55,892.4,902.7,902.75,906.47,672710,6097.9,31802,303282,45.08
2022-11-24,COROMANDEL, EQ, 24-Nov-2022,902.75,908.95,915.8,899.5,901.7,901.25,907.47,651040,5908.01,12678,453990,69.73
2022-11-25,COROMANDEL, EQ, 25-Nov-2022,901.25,902.0,926.0,901.3,918.55,920.35,912.36,1029178,9389.79,13935,806686,78.38
2022-11-28,COROMANDEL, EQ, 28-Nov-2022,920.35,921.35,928.6,911.0,916.3,918.65,921.32,385944,3555.76,14878,206876,53.6
2022-11-29,COROMANDEL, EQ, 29-Nov-2022,918.65,918.75,921.45,911.55,916.0,918.5,916.69,291117,2668.64,17759,165305,56.78
2022-11-30,COROMANDEL, EQ, 30-Nov-2022,918.5,922.0,933.55,915.5,929.0,929.75,925.32,323867,2996.81,22309,203444,62.82
2022-12-01,COROMANDEL, EQ, 01-Dec-2022,929.75,932.8,934.85,915.0,918.3,918.5,921.44,247057,2276.49,21182,135980,55.04
2022-12-02,COROMANDEL, EQ, 02-Dec-2022,918.5,918.45,921.6,911.0,913.1,914.0,916.33,365533,3349.47,15221,244793,66.97
2022-12-05,COROMANDEL, EQ, 05-Dec-2022,914.0,918.8,924.0,910.3,923.65,921.0,916.54,423257,3879.32,30240,246861,58.32
2022-12-06,COROMANDEL, EQ, 06-Dec-2022,921.0,920.0,927.45,905.15,913.45,915.3,914.38,502955,4598.92,20094,319909,63.61
2022-12-07,COROMANDEL, EQ, 07-Dec-2022,915.3,914.95,925.0,907.05,923.3,918.15,914.5,316997,2898.93,30111,177964,56.14
2022-12-08,COROMANDEL, EQ, 08-Dec-2022,918.15,921.0,969.7,919.7,963.5,966.25,948.32,2015997,19118.1,59972,513705,25.48
2022-12-09,COROMANDEL, EQ, 09-Dec-2022,966.25,968.0,974.8,950.45,962.6,961.4,961.75,744536,7160.6,47089,321245,43.15
2022-12-12,COROMANDEL, EQ, 12-Dec-2022,961.4,959.85,966.5,949.0,953.0,953.5,954.12,666942,6363.42,39338,396833,59.5
2022-12-13,COROMANDEL, EQ, 13-Dec-2022,953.5,958.0,964.0,942.75,944.1,944.85,951.9,560069,5331.28,26756,359757,64.23
2022-12-14,COROMANDEL, EQ, 14-Dec-2022,944.85,945.7,962.0,936.35,953.05,956.8,951.62,395696,3765.51,23382,159335,40.27
2022-12-15,COROMANDEL, EQ, 15-Dec-2022,956.8,960.0,972.8,946.3,964.1,965.85,962.28,466445,4488.52,27681,162064,34.74
2022-12-16,COROMANDEL, EQ, 16-Dec-2022,965.85,966.85,970.4,935.15,939.5,942.95,948.92,684603,6496.31,35819,289858,42.34
2022-12-19,COROMANDEL, EQ, 19-Dec-2022,942.95,945.0,945.0,923.25,930.0,929.25,931.33,438819,4086.84,26954,245598,55.97
2022-12-20,COROMANDEL, EQ, 20-Dec-2022,929.25,930.05,942.45,916.75,924.2,926.55,927.55,365054,3386.06,20815,106423,29.15
2022-12-21,COROMANDEL, EQ, 21-Dec-2022,926.55,926.8,931.35,905.75,909.35,913.15,918.79,338730,3112.22,20214,144689,42.72
2022-12-22,COROMANDEL, EQ, 22-Dec-2022,913.15,915.0,919.7,882.5,891.0,892.05,896.26,417780,3744.38,29901,198092,47.42
2022-12-23,COROMANDEL, EQ, 23-Dec-2022,892.05,881.85,889.3,848.05,862.0,865.35,863.63,1047277,9044.61,55833,526666,50.29
2022-12-26,COROMANDEL, EQ, 26-Dec-2022,865.35,865.35,886.3,853.2,875.6,872.5,873.76,412689,3605.89,20841,193028,46.77
2022-12-27,COROMANDEL, EQ, 27-Dec-2022,872.5,873.9,891.0,872.3,887.95,886.75,882.96,255358,2254.71,13624,83652,32.76
2022-12-28,COROMANDEL, EQ, 28-Dec-2022,886.75,876.35,905.95,865.0,895.25,897.95,884.8,948721,8394.32,38342,293081,30.89
2022-12-29,COROMANDEL, EQ, 29-Dec-2022,897.95,899.2,908.0,880.05,887.0,884.6,891.07,748766,6672.01,32998,345171,46.1
2022-12-30,COROMANDEL, EQ, 30-Dec-2022,884.6,890.0,899.7,885.0,886.95,887.15,891.78,442378,3945.05,24980,193425,43.72
2023-01-02,COROMANDEL, EQ, 02-Jan-2023,887.15,891.6,899.75,881.2,895.0,897.45,889.26,396209,3523.32,19117,197394,49.82
2023-01-03,COROMANDEL, EQ, 03-Jan-2023,897.45,901.95,903.7,891.3,901.0,900.55,897.78,335419,3011.32,27840,206248,61.49
2023-01-04,COROMANDEL, EQ, 04-Jan-2023,900.55,902.0,907.45,886.75,892.05,895.4,895.74,459211,4113.34,24331,166468,36.25
2023-01-05,COROMANDEL, EQ, 05-Jan-2023,895.4,897.0,910.6,888.05,901.6,902.65,903.04,729644,6588.94,32991,465169,63.75
2023-01-06,COROMANDEL, EQ, 06-Jan-2023,902.65,903.0,909.0,894.8,902.0,901.75,902.56,395416,3568.85,30518,241163,60.99
2023-01-09,COROMANDEL, EQ, 09-Jan-2023,901.75,908.25,908.25,892.0,896.5,899.05,899.68,302765,2723.91,19638,191904,63.38
2023-01-10,COROMANDEL, EQ, 10-Jan-2023,899.05,893.2,905.35,889.95,899.05,901.55,898.18,337509,3031.45,17977,212653,63.01
2023-01-11,COROMANDEL, EQ, 11-Jan-2023,901.55,903.0,905.0,885.0,885.0,890.35,894.58,249798,2234.63,15113,139142,55.7
2023-01-12,COROMANDEL, EQ, 12-Jan-2023,890.35,890.0,894.0,874.0,881.0,881.85,883.38,239803,2118.36,12749,115484,48.16
2023-01-13,COROMANDEL, EQ, 13-Jan-2023,881.85,881.85,886.0,870.2,872.0,872.9,875.01,341782,2990.64,18177,251568,73.6
2023-01-16,COROMANDEL, EQ, 16-Jan-2023,872.9,872.9,882.45,867.0,878.15,878.55,876.15,236373,2070.99,17668,101485,42.93
2023-01-17,COROMANDEL, EQ, 17-Jan-2023,878.55,875.0,886.95,873.2,885.4,885.6,882.32,122319,1079.24,8395,59212,48.41
2023-01-18,COROMANDEL, EQ, 18-Jan-2023,885.6,890.25,890.25,880.15,885.15,886.8,885.66,186188,1648.99,11888,101462,54.49
2023-01-19,COROMANDEL, EQ, 19-Jan-2023,886.8,885.0,887.5,878.0,880.0,881.9,882.49,183919,1623.07,15076,105517,57.37
2023-01-20,COROMANDEL, EQ, 20-Jan-2023,881.9,880.0,882.0,861.5,865.45,866.45,872.33,221348,1930.89,13669,136141,61.51
2023-01-23,COROMANDEL, EQ, 23-Jan-2023,866.45,867.6,870.7,861.0,861.15,863.5,866.01,182394,1579.56,14124,90558,49.65
2023-01-24,COROMANDEL, EQ, 24-Jan-2023,863.5,863.0,870.8,860.0,860.95,863.65,866.86,145716,1263.16,14546,64687,44.39
2023-01-25,COROMANDEL, EQ, 25-Jan-2023,863.65,865.05,866.3,843.35,850.0,855.5,850.3,448402,3812.77,20596,264780,59.05
2023-01-27,COROMANDEL, EQ, 27-Jan-2023,855.5,859.9,859.9,838.0,854.45,854.1,848.97,263739,2239.07,16991,135298,51.3
2023-01-30,COROMANDEL, EQ, 30-Jan-2023,854.1,854.95,869.0,849.0,862.65,859.5,861.7,240414,2071.65,16793,132484,55.11
2023-01-31,COROMANDEL, EQ, 31-Jan-2023,859.5,863.1,899.0,861.55,895.8,895.05,889.58,578144,5143.05,24910,372010,64.35
2023-02-01,COROMANDEL, EQ, 01-Feb-2023,895.05,898.5,916.0,894.5,902.0,900.45,901.94,829130,7478.24,39044,495366,59.75
2023-02-02,COROMANDEL, EQ, 02-Feb-2023,900.45,906.0,915.0,862.5,878.0,881.35,895.85,1151231,10313.27,78802,335268,29.12
2023-02-03,COROMANDEL, EQ, 03-Feb-2023,881.35,890.65,890.65,866.25,872.9,873.55,876.04,408248,3576.42,31474,220639,54.05
2023-02-06,COROMANDEL, EQ, 06-Feb-2023,873.55,866.0,897.9,866.0,890.85,892.8,888.21,341513,3033.35,23318,172267,50.44
2023-02-07,COROMANDEL, EQ, 07-Feb-2023,892.8,884.7,904.5,884.6,904.5,901.15,895.24,422809,3785.16,26303,286106,67.67
2023-02-08,COROMANDEL, EQ, 08-Feb-2023,901.15,906.0,922.95,901.6,918.0,918.25,914.57,416846,3812.33,16368,184942,44.37
2023-02-09,COROMANDEL, EQ, 09-Feb-2023,918.25,920.0,927.0,912.0,917.2,918.4,919.33,219226,2015.41,17963,92295,42.1
2023-02-10,COROMANDEL, EQ, 10-Feb-2023,918.4,920.0,932.0,914.45,924.5,924.9,926.64,239019,2214.85,15106,120245,50.31
2023-02-13,COROMANDEL, EQ, 13-Feb-2023,924.9,928.0,930.0,900.75,903.05,902.8,910.57,316355,2880.63,18961,213317,67.43
2023-02-14,COROMANDEL, EQ, 14-Feb-2023,902.8,904.9,920.85,901.85,909.0,908.25,911.84,201109,1833.78,17261,71873,35.74
2023-02-15,COROMANDEL, EQ, 15-Feb-2023,908.25,908.25,917.75,903.05,912.75,912.95,906.58,197364,1789.26,11260,136173,69.0
2023-02-16,COROMANDEL, EQ, 16-Feb-2023,912.95,914.0,919.35,906.45,914.9,914.1,914.62,373857,3419.36,14175,274112,73.32
2023-02-17,COROMANDEL, EQ, 17-Feb-2023,914.1,911.9,912.55,902.85,904.25,906.0,906.7,149997,1360.03,8565,70050,46.7
2023-02-20,COROMANDEL, EQ, 20-Feb-2023,906.0,905.9,915.0,893.3,910.0,910.2,907.43,281936,2558.37,20438,156861,55.64
2023-02-21,COROMANDEL, EQ, 21-Feb-2023,910.2,910.0,912.9,898.25,900.4,902.4,905.22,164297,1487.26,12138,89667,54.58
2023-02-22,COROMANDEL, EQ, 22-Feb-2023,902.4,901.45,903.9,885.0,889.0,889.9,897.66,421421,3782.91,14622,292461,69.4
2023-02-23,COROMANDEL, EQ, 23-Feb-2023,889.9,888.55,899.15,880.8,884.25,886.5,886.24,187125,1658.38,10841,100695,53.81
2023-02-24,COROMANDEL, EQ, 24-Feb-2023,886.5,886.6,892.75,884.6,889.05,888.3,888.43,132870,1180.45,10453,52086,39.2
2023-02-27,COROMANDEL, EQ, 27-Feb-2023,888.3,883.9,896.95,878.05,892.0,891.9,890.23,336552,2996.07,20190,193917,57.62
2023-02-28,COROMANDEL, EQ, 28-Feb-2023,891.9,896.35,911.95,892.55,904.2,898.55,902.14,391761,3534.22,24590,270030,68.93
2023-03-01,COROMANDEL, EQ, 01-Mar-2023,898.55,893.2,916.0,892.8,914.7,913.1,909.83,142392,1295.52,12747,81938,57.54
2023-03-02,COROMANDEL, EQ, 02-Mar-2023,913.1,914.65,917.65,902.0,902.95,903.45,908.67,111049,1009.07,10073,51444,46.33
2023-03-03,COROMANDEL, EQ, 03-Mar-2023,903.45,906.55,910.0,898.65,907.7,907.15,904.62,122344,1106.75,10251,61619,50.37
2023-03-06,COROMANDEL, EQ, 06-Mar-2023,907.15,909.95,939.4,908.05,934.0,934.05,929.89,768559,7146.75,38653,368150,47.9
2023-03-08,COROMANDEL, EQ, 08-Mar-2023,934.05,932.9,937.1,922.5,931.9,929.2,928.19,307023,2849.77,19146,154383,50.28
2023-03-09,COROMANDEL, EQ, 09-Mar-2023,929.2,932.0,935.8,916.55,918.15,920.2,925.57,136665,1264.94,11759,66835,48.9
2023-03-10,COROMANDEL, EQ, 10-Mar-2023,920.2,920.2,921.9,902.1,913.7,914.7,912.58,156616,1429.24,13948,72836,46.51
2023-03-13,COROMANDEL, EQ, 13-Mar-2023,914.7,910.2,915.3,872.1,879.1,877.9,888.04,220740,1960.26,17253,95039,43.05
2023-03-14,COROMANDEL, EQ, 14-Mar-2023,877.9,872.5,887.75,870.9,885.6,881.3,878.67,187442,1646.99,19513,90155,48.1
2023-03-15,COROMANDEL, EQ, 15-Mar-2023,881.3,887.75,889.65,865.05,867.05,872.7,876.0,311374,2727.65,11688,133121,42.75
2023-03-16,COROMANDEL, EQ, 16-Mar-2023,872.7,868.0,877.45,858.0,863.4,861.1,868.24,179044,1554.53,16859,89874,50.2
2023-03-17,COROMANDEL, EQ, 17-Mar-2023,861.1,862.0,869.95,855.8,859.85,858.7,861.51,251589,2167.46,24189,152612,60.66
2023-03-20,COROMANDEL, EQ, 20-Mar-2023,858.7,858.55,877.7,848.2,853.35,852.5,853.48,183415,1565.41,15610,88171,48.07
2023-03-21,COROMANDEL, EQ, 21-Mar-2023,852.5,856.75,864.4,841.5,864.4,862.4,856.15,292070,2500.56,20408,155396,53.21
2023-03-22,COROMANDEL, EQ, 22-Mar-2023,862.4,866.95,872.0,860.35,865.0,866.95,867.77,176788,1534.11,11162,72235,40.86
2023-03-23,COROMANDEL, EQ, 23-Mar-2023,866.95,871.3,898.5,870.45,891.0,894.45,885.55,941282,8335.54,55925,255188,27.11
2023-03-24,COROMANDEL, EQ, 24-Mar-2023,894.45,892.55,895.6,878.25,882.5,881.25,885.79,272703,2415.58,22150,104023,38.15
2023-03-27,COROMANDEL, EQ, 27-Mar-2023,881.25,880.9,887.85,871.0,877.0,878.65,881.72,208832,1841.31,11833,104819,50.19
2023-03-28,COROMANDEL, EQ, 28-Mar-2023,878.65,880.95,880.95,865.0,865.0,868.25,869.34,213717,1857.93,15062,96706,45.25
2023-03-29,COROMANDEL, EQ, 29-Mar-2023,868.25,861.25,867.95,848.55,860.2,857.65,856.54,351954,3014.64,15755,140792,40.0
2023-03-31,COROMANDEL, EQ, 31-Mar-2023,857.65,861.05,881.85,861.05,875.35,879.25,874.22,177384,1550.73,12069,79798,44.99
2023-04-03,COROMANDEL, EQ, 03-Apr-2023,879.25,882.0,882.5,864.0,882.5,880.45,874.82,279637,2446.32,18124,125158,44.76
2023-04-05,COROMANDEL, EQ, 05-Apr-2023,880.45,880.0,899.9,874.1,899.9,897.95,893.14,379044,3385.4,21213,183279,48.35
2023-04-06,COROMANDEL, EQ, 06-Apr-2023,897.95,897.0,924.95,891.25,922.5,923.05,913.49,811978,7417.33,31393,342785,42.22
2023-04-10,COROMANDEL, EQ, 10-Apr-2023,923.05,925.0,936.0,918.05,935.05,933.85,930.32,534891,4976.18,33263,335621,62.75
2023-04-11,COROMANDEL, EQ, 11-Apr-2023,933.85,934.0,936.0,922.85,928.1,929.45,930.83,279636,2602.94,25272,176511,63.12
2023-04-12,COROMANDEL, EQ, 12-Apr-2023,929.45,926.5,940.0,922.65,927.55,927.7,929.71,342883,3187.83,16164,174306,50.84
2023-04-13,COROMANDEL, EQ, 13-Apr-2023,927.7,927.55,936.6,925.0,929.55,927.25,929.84,204898,1905.23,13589,107014,52.23
2023-04-17,COROMANDEL, EQ, 17-Apr-2023,927.25,923.0,933.85,919.25,924.1,925.95,926.63,179611,1664.33,16472,91791,51.11
2023-04-18,COROMANDEL, EQ, 18-Apr-2023,925.95,925.95,932.7,922.45,930.0,930.9,927.8,170110,1578.28,8112,96032,56.45
2023-04-19,COROMANDEL, EQ, 19-Apr-2023,930.9,940.0,956.9,930.45,946.95,946.75,947.73,785878,7448.0,37224,298299,37.96
2023-04-20,COROMANDEL, EQ, 20-Apr-2023,946.75,947.1,953.95,927.5,930.25,930.6,941.32,317673,2990.33,20609,140599,44.26
2023-04-21,COROMANDEL, EQ, 21-Apr-2023,930.6,929.95,946.95,927.1,940.5,940.5,940.26,277074,2605.22,13018,113089,40.82
2023-04-24,COROMANDEL, EQ, 24-Apr-2023,940.5,955.9,956.8,938.0,941.0,940.9,942.67,322038,3035.74,14227,184366,57.25
2023-04-25,COROMANDEL, EQ, 25-Apr-2023,940.9,940.0,944.6,932.35,934.65,938.0,938.09,164275,1541.04,15706,77619,47.25
2023-04-26,COROMANDEL, EQ, 26-Apr-2023,938.0,932.0,943.5,931.2,942.35,939.2,937.49,206972,1940.35,12539,113970,55.07
2023-04-27,COROMANDEL, EQ, 27-Apr-2023,939.2,940.0,956.45,939.35,947.8,949.45,950.96,335681,3192.18,14337,158259,47.15
2023-04-28,COROMANDEL, EQ, 28-Apr-2023,949.45,953.95,953.95,939.5,944.4,942.45,944.31,276226,2608.42,17113,196636,71.19
2023-05-02,COROMANDEL, EQ, 02-May-2023,942.45,947.1,953.0,939.0,946.8,948.1,944.43,203660,1923.43,16601,110050,54.04
2023-05-03,COROMANDEL, EQ, 03-May-2023,948.1,945.1,950.9,936.4,944.6,942.25,944.54,314317,2968.84,33443,188444,59.95
2023-05-04,COROMANDEL, EQ, 04-May-2023,942.25,944.55,982.0,940.2,974.3,974.55,969.4,893607,8662.59,41630,393669,44.05
2023-05-05,COROMANDEL, EQ, 05-May-2023,974.55,976.9,979.7,957.7,963.5,961.05,964.65,163744,1579.56,10875,72389,44.21
2023-05-08,COROMANDEL, EQ, 08-May-2023,961.05,961.0,984.0,960.3,980.0,978.85,976.3,292507,2855.74,15568,157761,53.93
2023-05-09,COROMANDEL, EQ, 09-May-2023,978.85,978.0,978.8,956.9,958.0,959.5,965.87,345094,3333.17,22031,187295,54.27
2023-05-10,COROMANDEL, EQ, 10-May-2023,959.5,958.0,967.5,953.85,959.85,960.2,960.78,136724,1313.62,11917,56057,41.0
2023-05-11,COROMANDEL, EQ, 11-May-2023,960.2,961.0,973.45,959.45,970.0,969.35,966.8,184978,1788.38,10389,126129,68.19
2023-05-12,COROMANDEL, EQ, 12-May-2023,969.35,970.6,973.25,963.55,971.0,970.7,970.07,306907,2977.22,13408,202714,66.05
2023-05-15,COROMANDEL, EQ, 15-May-2023,970.7,969.0,977.0,954.3,956.85,960.8,963.82,354564,3417.36,17831,174284,49.15
2023-05-16,COROMANDEL, EQ, 16-May-2023,960.8,940.0,987.0,939.9,960.9,962.15,969.68,965270,9360.08,46909,241567,25.03
2023-05-17,COROMANDEL, EQ, 17-May-2023,962.15,953.0,1004.3,953.0,982.0,979.75,983.43,1311805,12900.73,52171,303680,23.15
2023-05-18,COROMANDEL, EQ, 18-May-2023,979.75,988.8,989.0,920.75,950.5,943.0,958.16,1385832,13278.55,37565,840956,60.68
2023-05-19,COROMANDEL, EQ, 19-May-2023,943.0,945.0,946.45,917.2,924.45,926.95,928.09,344422,3196.53,20803,119959,34.83
2023-05-22,COROMANDEL, EQ, 22-May-2023,926.95,920.0,942.0,908.1,942.0,931.75,926.59,389600,3609.99,24252,157563,40.44
2023-05-23,COROMANDEL, EQ, 23-May-2023,931.75,936.7,939.5,912.3,918.0,920.95,921.58,367173,3383.79,26077,179499,48.89
2023-05-24,COROMANDEL, EQ, 24-May-2023,920.95,919.95,924.75,910.0,922.8,922.15,918.35,302517,2778.17,18677,158162,52.28
2023-05-25,COROMANDEL, EQ, 25-May-2023,922.15,922.15,932.8,915.35,932.8,927.5,923.09,245117,2262.65,21402,119094,48.59
2023-05-26,COROMANDEL, EQ, 26-May-2023,927.5,928.0,939.9,921.3,938.05,937.45,932.86,365098,3405.85,17506,225607,61.79
2023-05-29,COROMANDEL, EQ, 29-May-2023,937.45,940.3,962.45,932.7,951.0,949.15,946.51,329241,3116.29,17761,96686,29.37
2023-05-30,COROMANDEL, EQ, 30-May-2023,949.15,950.0,965.95,949.2,959.0,958.85,957.55,263278,2521.02,13382,147516,56.03
2023-05-31,COROMANDEL, EQ, 31-May-2023,958.85,960.0,965.0,953.8,962.0,959.85,960.29,356528,3423.71,26664,225516,63.25
2023-06-01,COROMANDEL, EQ, 01-Jun-2023,959.85,960.0,962.95,943.2,946.55,946.65,951.92,278264,2648.86,11582,155654,55.94
2023-06-02,COROMANDEL, EQ, 02-Jun-2023,946.65,948.6,961.0,943.8,954.2,953.05,951.32,419656,3992.29,28644,161191,38.41
2023-06-05,COROMANDEL, EQ, 05-Jun-2023,953.05,960.0,968.0,946.85,958.0,960.3,957.64,276457,2647.45,17978,111868,40.46
2023-06-06,COROMANDEL, EQ, 06-Jun-2023,960.3,960.35,966.75,946.55,955.0,955.65,953.97,448092,4274.67,43133,241848,53.97
2023-06-07,COROMANDEL, EQ, 07-Jun-2023,955.65,957.0,973.7,955.7,967.0,965.75,967.27,375230,3629.49,26979,171465,45.7
2023-06-08,COROMANDEL, EQ, 08-Jun-2023,965.75,972.0,972.0,949.0,951.5,959.35,959.1,1423245,13650.27,23380,1219237,85.67
2023-06-09,COROMANDEL, EQ, 09-Jun-2023,959.35,959.0,959.0,929.0,932.9,931.75,938.86,645957,6064.64,32464,367730,56.93
2023-06-12,COROMANDEL, EQ, 12-Jun-2023,931.75,935.0,936.7,921.0,932.15,933.8,926.42,856019,7930.32,29109,670998,78.39
2023-06-13,COROMANDEL, EQ, 13-Jun-2023,933.8,936.0,951.5,931.35,935.95,936.3,938.57,426509,4003.07,24894,292880,68.67
2023-06-14,COROMANDEL, EQ, 14-Jun-2023,936.3,937.0,955.9,934.65,946.6,946.25,948.33,450746,4274.57,31562,229195,50.85
2023-06-15,COROMANDEL, EQ, 15-Jun-2023,946.25,946.6,950.0,935.0,938.95,939.65,941.22,269672,2538.21,23798,133595,49.54
2023-06-16,COROMANDEL, EQ, 16-Jun-2023,939.65,940.95,944.3,931.1,936.7,936.55,938.33,465272,4365.8,23601,334485,71.89
2023-06-19,COROMANDEL, EQ, 19-Jun-2023,936.55,938.0,948.75,931.6,941.5,940.3,938.86,409707,3846.58,19297,224002,54.67
2023-06-20,COROMANDEL, EQ, 20-Jun-2023,940.3,942.0,946.95,932.0,943.0,944.5,941.63,300459,2829.23,24378,169520,56.42
2023-06-21,COROMANDEL, EQ, 21-Jun-2023,944.5,948.0,948.0,936.0,944.45,942.25,940.42,330585,3108.88,25658,218632,66.13
2023-06-22,COROMANDEL, EQ, 22-Jun-2023,942.25,948.0,968.85,946.0,951.95,950.35,959.08,2225708,21346.41,56442,1222147,54.91
2023-06-23,COROMANDEL, EQ, 23-Jun-2023,950.35,953.0,957.25,916.0,929.4,928.25,929.35,759784,7061.02,36694,339194,44.64
2023-06-26,COROMANDEL, EQ, 26-Jun-2023,928.25,928.05,939.5,913.55,935.05,936.4,930.22,583323,5426.18,20892,390889,67.01
2023-06-27,COROMANDEL, EQ, 27-Jun-2023,936.4,939.9,951.0,932.5,940.0,939.4,941.81,390876,3681.32,27414,184294,47.15
2023-06-28,COROMANDEL, EQ, 28-Jun-2023,939.4,944.05,945.0,933.5,942.05,941.75,939.38,396003,3719.98,21665,206155,52.06
2023-06-30,COROMANDEL, EQ, 30-Jun-2023,941.75,950.1,955.0,939.3,948.3,948.4,946.84,497354,4709.14,27151,260975,52.47
2023-07-03,COROMANDEL, EQ, 03-Jul-2023,948.4,954.0,968.0,944.45,966.25,964.15,955.88,440000,4205.88,26948,182842,41.56
2023-07-04,COROMANDEL, EQ, 04-Jul-2023,964.15,969.0,970.0,953.0,957.0,956.9,959.55,406496,3900.53,26862,159024,39.12
2023-07-05,COROMANDEL, EQ, 05-Jul-2023,956.9,956.1,965.85,948.8,961.0,961.05,960.12,232384,2231.17,15589,105123,45.24
2023-07-06,COROMANDEL, EQ, 06-Jul-2023,961.05,959.95,979.3,956.0,978.0,975.6,968.68,560948,5433.79,29813,283798,50.59
2023-07-07,COROMANDEL, EQ, 07-Jul-2023,975.6,979.0,980.0,957.1,961.0,961.65,968.66,359447,3481.83,21512,143955,40.05
2023-07-10,COROMANDEL, EQ, 10-Jul-2023,961.65,961.95,963.45,951.1,962.85,960.7,958.32,292382,2801.95,19584,141612,48.43
2023-07-11,COROMANDEL, EQ, 11-Jul-2023,960.7,964.9,968.1,954.95,961.5,964.35,960.34,290711,2791.81,22851,149741,51.51
2023-07-12,COROMANDEL, EQ, 12-Jul-2023,964.35,966.0,967.85,955.05,959.3,959.3,959.14,134151,1286.69,8325,65740,49.0
2023-07-13,COROMANDEL, EQ, 13-Jul-2023,959.3,963.0,963.0,933.3,935.0,935.15,946.68,326072,3086.87,20099,163224,50.06
2023-07-14,COROMANDEL, EQ, 14-Jul-2023,935.15,930.0,947.85,921.25,942.65,944.1,930.1,1073070,9980.61,34296,792901,73.89
2023-07-17,COROMANDEL, EQ, 17-Jul-2023,944.1,944.0,974.0,944.0,961.0,960.45,963.86,420915,4057.03,23079,130691,31.05
2023-07-18,COROMANDEL, EQ, 18-Jul-2023,960.45,965.0,973.65,942.0,961.0,958.3,955.18,319680,3053.52,14252,158060,49.44
2023-07-19,COROMANDEL, EQ, 19-Jul-2023,958.3,958.0,960.0,948.8,949.95,951.0,952.6,216858,2065.79,13474,112520,51.89
2023-07-20,COROMANDEL, EQ, 20-Jul-2023,951.0,955.75,966.2,947.3,964.1,964.65,959.88,313158,3005.94,13615,151357,48.33
2023-07-21,COROMANDEL, EQ, 21-Jul-2023,964.65,958.1,985.0,954.05,978.0,980.4,975.86,634531,6192.11,25537,252560,39.8
2023-07-24,COROMANDEL, EQ, 24-Jul-2023,980.4,985.25,989.0,960.65,969.95,970.15,977.62,577849,5649.14,29926,224924,38.92
2023-07-25,COROMANDEL, EQ, 25-Jul-2023,970.15,970.05,972.9,953.0,968.0,967.3,961.73,401687,3863.16,19946,227454,56.62
2023-07-26,COROMANDEL, EQ, 26-Jul-2023,967.3,972.35,999.9,967.0,990.1,992.8,991.98,751121,7451.0,32276,261700,34.84
2023-07-27,COROMANDEL, EQ, 27-Jul-2023,992.8,997.05,1024.25,984.0,999.55,1004.55,1008.47,1699982,17143.74,68322,343460,20.2
2023-07-28,COROMANDEL, EQ, 28-Jul-2023,1004.55,1004.55,1006.5,977.0,981.0,979.5,991.52,518758,5143.61,33571,124371,23.97
2023-07-31,COROMANDEL, EQ, 31-Jul-2023,979.5,988.9,1033.2,981.25,1032.0,1029.45,1019.15,1366440,13926.1,65609,361285,26.44
2023-08-01,COROMANDEL, EQ, 01-Aug-2023,1029.45,1031.05,1049.9,1022.05,1042.0,1043.4,1039.9,534657,5559.92,34735,212227,39.69
2023-08-02,COROMANDEL, EQ, 02-Aug-2023,1043.4,1040.0,1040.0,1021.1,1027.0,1027.0,1027.08,578333,5939.96,21006,328365,56.78
2023-08-03,COROMANDEL, EQ, 03-Aug-2023,1027.0,1022.0,1039.1,1017.05,1033.95,1034.05,1030.49,402447,4147.16,17711,198376,49.29
2023-08-04,COROMANDEL, EQ, 04-Aug-2023,1034.05,1039.0,1050.0,1030.8,1041.25,1042.7,1040.68,349206,3634.13,26404,115294,33.02
2023-08-07,COROMANDEL, EQ, 07-Aug-2023,1042.7,1048.0,1052.0,1035.0,1052.0,1046.65,1043.67,355982,3715.26,25543,169123,47.51
2023-08-08,COROMANDEL, EQ, 08-Aug-2023,1046.65,1053.0,1065.0,1048.0,1060.0,1056.5,1058.55,460082,4870.2,30246,229683,49.92
2023-08-09,COROMANDEL, EQ, 09-Aug-2023,1056.5,1062.3,1070.0,1058.55,1060.0,1062.8,1063.58,293518,3121.79,13957,136414,46.48
2023-08-10,COROMANDEL, EQ, 10-Aug-2023,1062.8,1060.0,1079.4,1054.05,1079.0,1074.9,1067.14,343123,3661.59,15590,169834,49.5
2023-08-11,COROMANDEL, EQ, 11-Aug-2023,1074.9,1079.65,1081.65,1061.65,1065.0,1065.1,1067.08,264965,2827.39,18835,119281,45.02
2023-08-14,COROMANDEL, EQ, 14-Aug-2023,1065.1,1064.8,1068.85,1043.05,1061.4,1063.35,1061.49,187168,1986.77,14179,103354,55.22
2023-08-16,COROMANDEL, EQ, 16-Aug-2023,1063.35,1063.25,1072.0,1047.05,1067.35,1070.2,1063.12,200384,2130.33,12592,108876,54.33
2023-08-17,COROMANDEL, EQ, 17-Aug-2023,1070.2,1066.0,1074.1,1061.3,1069.5,1069.9,1068.12,128462,1372.13,11988,68145,53.05
2023-08-18,COROMANDEL, EQ, 18-Aug-2023,1069.9,1069.45,1080.0,1060.8,1070.0,1069.95,1069.75,299417,3203.0,11211,189550,63.31
2023-08-21,COROMANDEL, EQ, 21-Aug-2023,1069.95,1080.0,1093.75,1065.0,1070.45,1071.25,1074.67,399610,4294.51,23554,112072,28.05
2023-08-22,COROMANDEL, EQ, 22-Aug-2023,1071.25,1070.0,1073.2,1065.0,1065.5,1068.5,1067.42,194268,2073.66,10801,94276,48.53
2023-08-23,COROMANDEL, EQ, 23-Aug-2023,1068.5,1065.0,1074.65,1063.0,1065.0,1067.55,1067.52,231392,2470.15,11860,136601,59.03
2023-08-24,COROMANDEL, EQ, 24-Aug-2023,1067.55,1076.25,1115.0,1065.75,1095.85,1095.4,1096.52,798875,8759.81,39591,248439,31.1
2023-08-25,COROMANDEL, EQ, 25-Aug-2023,1095.4,1100.0,1100.0,1060.1,1067.0,1064.85,1073.56,420440,4513.68,23530,137620,32.73
2023-08-28,COROMANDEL, EQ, 28-Aug-2023,1064.85,1065.05,1096.1,1060.3,1090.85,1090.2,1083.39,287196,3111.45,17207,113016,39.35
2023-08-29,COROMANDEL, EQ, 29-Aug-2023,1090.2,1085.35,1097.05,1078.8,1083.3,1083.7,1085.34,246925,2679.98,11593,127206,51.52
2023-08-30,COROMANDEL, EQ, 30-Aug-2023,1083.7,1085.0,1105.0,1083.0,1095.5,1096.1,1094.47,304541,3333.1,19077,144794,47.54
2023-08-31,COROMANDEL, EQ, 31-Aug-2023,1096.1,1104.0,1104.0,1074.15,1091.9,1090.95,1086.37,383769,4169.13,21022,198201,51.65
2023-09-01,COROMANDEL, EQ, 01-Sep-2023,1090.95,1096.0,1117.95,1087.0,1111.4,1111.0,1107.77,388422,4302.84,25079,114882,29.58
2023-09-04,COROMANDEL, EQ, 04-Sep-2023,1111.0,1118.95,1127.5,1102.5,1118.0,1116.4,1118.65,278885,3119.75,13648,124319,44.58
2023-09-05,COROMANDEL, EQ, 05-Sep-2023,1116.4,1122.0,1138.0,1112.0,1133.65,1133.3,1126.4,461765,5201.33,22876,314245,68.05
2023-09-06,COROMANDEL, EQ, 06-Sep-2023,1133.3,1135.0,1141.0,1120.0,1139.1,1138.35,1131.48,333226,3770.4,25206,187738,56.34
2023-09-07,COROMANDEL, EQ, 07-Sep-2023,1138.35,1145.95,1152.95,1131.6,1140.0,1141.95,1143.54,258597,2957.15,23755,83718,32.37
2023-09-08,COROMANDEL, EQ, 08-Sep-2023,1141.95,1144.95,1149.0,1121.85,1123.15,1124.2,1133.96,198395,2249.73,15137,93691,47.22
2023-09-11,COROMANDEL, EQ, 11-Sep-2023,1124.2,1129.3,1131.8,1101.0,1124.0,1123.65,1124.11,141731,1593.22,11313,62913,44.39
2023-09-12,COROMANDEL, EQ, 12-Sep-2023,1123.65,1124.0,1138.95,1099.15,1109.3,1125.1,1119.7,545323,6106.0,39352,205290,37.65
2023-09-13,COROMANDEL, EQ, 13-Sep-2023,1125.1,1116.55,1124.15,1095.25,1121.55,1122.8,1112.24,323399,3596.97,25141,142920,44.19
2023-09-14,COROMANDEL, EQ, 14-Sep-2023,1122.8,1122.8,1136.85,1120.0,1127.8,1127.8,1127.41,197143,2222.61,17104,88746,45.02
2023-09-15,COROMANDEL, EQ, 15-Sep-2023,1127.8,1126.0,1138.0,1120.0,1132.15,1136.7,1131.98,309546,3504.0,17609,182772,59.05
2023-09-18,COROMANDEL, EQ, 18-Sep-2023,1136.7,1139.9,1142.2,1105.55,1107.9,1109.25,1120.27,295696,3312.59,15761,151468,51.22
2023-09-20,COROMANDEL, EQ, 20-Sep-2023,1109.25,1108.5,1111.9,1087.7,1094.05,1091.1,1098.34,261860,2876.11,17639,138891,53.04
2023-09-21,COROMANDEL, EQ, 21-Sep-2023,1091.1,1082.1,1105.0,1082.1,1088.0,1086.9,1094.32,208442,2281.02,12164,112787,54.11
2023-09-22,COROMANDEL, EQ, 22-Sep-2023,1086.9,1082.1,1107.0,1071.5,1104.0,1101.95,1095.48,218737,2396.23,21797,99255,45.38
2023-09-25,COROMANDEL, EQ, 25-Sep-2023,1101.95,1107.0,1119.65,1098.45,1112.95,1114.75,1111.96,299533,3330.68,20158,142177,47.47
2023-09-26,COROMANDEL, EQ, 26-Sep-2023,1114.75,1116.0,1119.45,1104.25,1107.0,1108.65,1115.0,180666,2014.43,13606,100128,55.42
2023-09-27,COROMANDEL, EQ, 27-Sep-2023,1108.65,1112.35,1133.95,1107.05,1129.1,1126.8,1123.54,223986,2516.58,15359,110626,49.39
2023-09-28,COROMANDEL, EQ, 28-Sep-2023,1126.8,1128.0,1138.15,1118.7,1126.8,1123.75,1125.88,319509,3597.28,18217,172154,53.88
2023-09-29,COROMANDEL, EQ, 29-Sep-2023,1123.75,1072.35,1150.0,1072.35,1143.95,1146.3,1139.87,508222,5793.08,28695,218553,43.0
2023-10-03,COROMANDEL, EQ, 03-Oct-2023,1146.3,1149.9,1164.0,1139.65,1148.5,1146.4,1153.09,549366,6334.67,32958,210920,38.39
2023-10-04,COROMANDEL, EQ, 04-Oct-2023,1146.4,1141.55,1154.95,1133.35,1146.55,1144.15,1145.08,970583,11113.95,18003,795660,81.98
2023-10-05,COROMANDEL, EQ, 05-Oct-2023,1144.15,1147.65,1180.0,1147.1,1164.0,1166.1,1168.74,1115758,13040.27,46499,351018,31.46
2023-10-06,COROMANDEL, EQ, 06-Oct-2023,1166.1,1168.75,1174.0,1157.4,1174.0,1171.45,1166.37,120488,1405.34,12567,38519,31.97
2023-10-09,COROMANDEL, EQ, 09-Oct-2023,1171.45,1160.15,1184.7,1151.5,1157.55,1162.0,1170.77,427576,5005.94,29051,131310,30.71
2023-10-10,COROMANDEL, EQ, 10-Oct-2023,1162.0,1162.95,1174.0,1159.15,1169.35,1171.8,1168.01,123438,1441.77,14432,60326,48.87
2023-10-11,COROMANDEL, EQ, 11-Oct-2023,1171.8,1175.0,1177.8,1143.05,1145.05,1148.7,1158.68,146142,1693.32,19354,59859,40.96
2023-10-12,COROMANDEL, EQ, 12-Oct-2023,1148.7,1149.95,1155.8,1146.25,1150.45,1150.55,1151.42,166746,1919.95,20067,109953,65.94
2023-10-13,COROMANDEL, EQ, 13-Oct-2023,1150.55,1150.0,1162.7,1145.35,1146.75,1150.05,1153.25,334505,3857.69,23989,244376,73.06
2023-10-16,COROMANDEL, EQ, 16-Oct-2023,1150.05,1150.05,1166.45,1148.6,1155.0,1154.6,1155.0,425032,4909.14,17983,310887,73.14
2023-10-17,COROMANDEL, EQ, 17-Oct-2023,1154.6,1159.0,1164.55,1152.3,1161.0,1161.7,1156.55,165237,1911.05,10555,91743,55.52
2023-10-18,COROMANDEL, EQ, 18-Oct-2023,1161.7,1161.7,1175.6,1151.75,1159.2,1160.1,1161.19,149353,1734.27,9630,68467,45.84
2023-10-19,COROMANDEL, EQ, 19-Oct-2023,1160.1,1161.95,1162.05,1138.05,1161.85,1160.05,1151.51,306719,3531.91,17667,148796,48.51
2023-10-20,COROMANDEL, EQ, 20-Oct-2023,1160.05,1157.1,1162.3,1135.0,1135.5,1137.75,1147.3,137952,1582.72,14760,59571,43.18
2023-10-23,COROMANDEL, EQ, 23-Oct-2023,1137.75,1135.0,1146.9,1105.0,1105.0,1110.45,1128.06,186429,2103.03,25186,75324,40.4
2023-10-25,COROMANDEL, EQ, 25-Oct-2023,1110.45,1117.7,1125.95,1106.95,1119.65,1118.15,1116.88,216057,2413.09,21786,120152,55.61
2023-10-26,COROMANDEL, EQ, 26-Oct-2023,1118.15,1118.15,1118.15,1054.0,1073.0,1073.4,1071.89,867029,9293.55,46264,303272,34.98
2023-10-27,COROMANDEL, EQ, 27-Oct-2023,1073.4,1075.0,1092.7,1065.0,1073.5,1074.65,1078.53,355916,3838.67,22810,164600,46.25
2023-10-30,COROMANDEL, EQ, 30-Oct-2023,1074.65,1080.0,1080.0,1019.05,1043.7,1040.8,1041.73,852518,8880.96,40751,434468,50.96
2023-10-31,COROMANDEL, EQ, 31-Oct-2023,1040.8,1041.0,1060.0,1034.9,1042.75,1043.0,1049.44,363055,3810.05,18061,183226,50.47
2023-11-01,COROMANDEL, EQ, 01-Nov-2023,1043.0,1039.05,1057.4,1031.2,1043.7,1048.95,1047.54,192224,2013.62,13285,81605,42.45
2023-11-02,COROMANDEL, EQ, 02-Nov-2023,1048.95,1048.95,1067.1,1043.15,1048.15,1057.95,1059.67,188285,1995.19,10441,79406,42.17
2023-11-03,COROMANDEL, EQ, 03-Nov-2023,1057.95,1061.0,1075.0,1055.95,1074.75,1071.95,1067.29,205310,2191.24,18025,113829,55.44
2023-11-06,COROMANDEL, EQ, 06-Nov-2023,1071.95,1077.6,1102.85,1075.0,1096.0,1099.1,1089.4,617168,6723.45,23175,469643,76.1
2023-11-07,COROMANDEL, EQ, 07-Nov-2023,1099.1,1100.1,1111.0,1087.05,1108.0,1108.2,1099.16,447776,4921.76,26735,313086,69.92
2023-11-08,COROMANDEL, EQ, 08-Nov-2023,1108.2,1110.0,1121.0,1093.1,1109.2,1109.3,1103.87,192193,2121.55,14970,65419,34.04
2023-11-09,COROMANDEL, EQ, 09-Nov-2023,1109.3,1109.3,1124.4,1105.45,1105.45,1109.1,1113.51,213050,2372.33,19244,88032,41.32
2023-11-10,COROMANDEL, EQ, 10-Nov-2023,1109.1,1109.1,1114.85,1092.95,1099.15,1097.5,1099.9,220538,2425.69,14547,119661,54.26
2023-11-12,COROMANDEL, EQ, 12-Nov-2023,1097.5,1117.65,1121.1,1101.9,1117.8,1116.05,1114.02,45765,509.83,4290,25930,56.66
2023-11-13,COROMANDEL, EQ, 13-Nov-2023,1116.05,1110.05,1119.9,1095.0,1115.0,1111.55,1104.87,148581,1641.63,10457,79081,53.22
2023-11-15,COROMANDEL, EQ, 15-Nov-2023,1111.55,1121.6,1121.6,1103.4,1117.9,1115.25,1112.98,154847,1723.41,13515,80684,52.11
2023-11-16,COROMANDEL, EQ, 16-Nov-2023,1115.25,1120.0,1125.6,1109.35,1116.25,1119.5,1118.93,300319,3360.36,18828,169758,56.53
2023-11-17,COROMANDEL, EQ, 17-Nov-2023,1119.5,1120.0,1129.65,1115.0,1119.0,1119.7,1121.34,266551,2988.93,17917,151840,56.96
2023-11-20,COROMANDEL, EQ, 20-Nov-2023,1119.7,1122.55,1122.55,1109.6,1112.4,1112.6,1117.17,86630,967.81,8355,42080,48.57
2023-11-21,COROMANDEL, EQ, 21-Nov-2023,1112.6,1118.1,1133.15,1111.3,1123.7,1119.55,1123.71,238747,2682.83,23583,122180,51.18
2023-11-22,COROMANDEL, EQ, 22-Nov-2023,1119.55,1118.15,1127.05,1110.0,1122.25,1123.6,1120.76,164645,1845.28,17457,77272,46.93
2023-11-23,COROMANDEL, EQ, 23-Nov-2023,1123.6,1124.0,1134.0,1114.6,1129.1,1129.85,1125.31,187066,2105.08,15960,97181,51.95
2023-11-24,COROMANDEL, EQ, 24-Nov-2023,1129.85,1130.85,1143.0,1127.6,1130.4,1135.05,1136.46,275457,3130.45,10547,136004,49.37
2023-11-28,COROMANDEL, EQ, 28-Nov-2023,1135.05,1138.45,1140.7,1114.2,1125.0,1124.25,1122.26,300439,3371.71,18755,205345,68.35
2023-11-29,COROMANDEL, EQ, 29-Nov-2023,1124.25,1127.25,1142.45,1116.55,1136.1,1140.55,1132.42,518123,5867.33,16309,376186,72.61
2023-11-30,COROMANDEL, EQ, 30-Nov-2023,1140.55,1141.05,1175.0,1137.6,1166.8,1163.15,1156.85,592289,6851.92,37478,326272,55.09
2023-12-01,COROMANDEL, EQ, 01-Dec-2023,1163.15,1170.0,1177.5,1158.5,1170.0,1169.6,1168.32,184002,2149.73,17310,85100,46.25
2023-12-04,COROMANDEL, EQ, 04-Dec-2023,1169.6,1179.0,1181.9,1161.25,1178.0,1178.1,1171.49,210202,2462.5,18936,86336,41.07
2023-12-05,COROMANDEL, EQ, 05-Dec-2023,1178.1,1177.0,1209.0,1175.05,1207.25,1205.55,1201.09,711331,8543.74,44083,216463,30.43
2023-12-06,COROMANDEL, EQ, 06-Dec-2023,1205.55,1220.0,1244.9,1213.0,1230.0,1232.65,1231.28,1070956,13186.48,49838,301115,28.12
2023-12-07,COROMANDEL, EQ, 07-Dec-2023,1232.65,1238.65,1251.3,1222.65,1239.1,1240.55,1239.74,259389,3215.74,22387,99713,38.44
2023-12-08,COROMANDEL, EQ, 08-Dec-2023,1240.55,1240.55,1252.95,1219.55,1225.1,1224.75,1234.33,203115,2507.11,15382,48929,24.09
2023-12-11,COROMANDEL, EQ, 11-Dec-2023,1224.75,1224.75,1248.0,1222.0,1238.2,1244.25,1236.39,207410,2564.4,17810,89804,43.3
2023-12-12,COROMANDEL, EQ, 12-Dec-2023,1244.25,1243.95,1254.0,1237.75,1240.0,1242.2,1243.59,110215,1370.62,9295,47364,42.97
2023-12-13,COROMANDEL, EQ, 13-Dec-2023,1242.2,1246.0,1260.9,1240.0,1258.0,1253.4,1250.39,183378,2292.95,14632,72743,39.67
2023-12-14,COROMANDEL, EQ, 14-Dec-2023,1253.4,1259.0,1259.0,1234.2,1245.0,1241.8,1241.9,132061,1640.06,12191,46250,35.02
2023-12-15,COROMANDEL, EQ, 15-Dec-2023,1241.8,1252.75,1267.0,1235.2,1238.3,1243.35,1248.45,426016,5318.58,23610,257973,60.55
2023-12-18,COROMANDEL, EQ, 18-Dec-2023,1243.35,1243.4,1254.9,1235.0,1236.0,1239.25,1244.41,101934,1268.48,8834,41306,40.52
2023-12-19,COROMANDEL, EQ, 19-Dec-2023,1239.25,1238.0,1244.0,1227.2,1239.75,1235.6,1235.88,88545,1094.31,8002,35402,39.98
2023-12-20,COROMANDEL, EQ, 20-Dec-2023,1235.6,1234.0,1247.0,1178.0,1178.0,1187.75,1214.57,159722,1939.94,13230,43415,27.18
2023-12-21,COROMANDEL, EQ, 21-Dec-2023,1187.75,1178.0,1234.0,1175.0,1208.0,1202.95,1209.85,487071,5892.84,25764,225970,46.39
2023-12-22,COROMANDEL, EQ, 22-Dec-2023,1202.95,1213.5,1232.7,1211.0,1226.85,1231.05,1223.16,154368,1888.17,12333,41745,27.04
2023-12-26,COROMANDEL, EQ, 26-Dec-2023,1231.05,1231.05,1266.35,1227.35,1265.75,1263.2,1251.3,175434,2195.21,12603,57357,32.69
2023-12-27,COROMANDEL, EQ, 27-Dec-2023,1263.2,1269.0,1271.55,1216.75,1244.9,1242.65,1234.61,1243304,15350.0,64643,124597,10.02
2023-12-28,COROMANDEL, EQ, 28-Dec-2023,1242.65,1242.0,1256.45,1230.0,1246.0,1239.75,1243.94,483996,6020.62,30433,101622,21.0
2023-12-29,COROMANDEL, EQ, 29-Dec-2023,1239.75,1250.0,1255.3,1234.65,1251.0,1251.65,1246.11,211474,2635.2,16415,80105,37.88
2024-01-01,COROMANDEL, EQ, 01-Jan-2024,1251.65,1251.65,1259.95,1236.0,1242.9,1247.65,1250.98,181841,2274.79,15204,50930,28.01
2024-01-02,COROMANDEL, EQ, 02-Jan-2024,1247.65,1242.1,1255.7,1227.5,1233.0,1230.85,1237.4,276631,3423.03,17598,132601,47.93
2024-01-03,COROMANDEL, EQ, 03-Jan-2024,1230.85,1225.0,1252.0,1224.2,1249.8,1248.75,1240.82,150644,1869.22,11948,61040,40.52
2024-01-04,COROMANDEL, EQ, 04-Jan-2024,1248.75,1255.0,1265.65,1246.5,1254.4,1254.85,1255.74,225513,2831.86,12809,124147,55.05
2024-01-05,COROMANDEL, EQ, 05-Jan-2024,1254.85,1258.7,1268.5,1235.85,1241.85,1246.4,1250.13,174551,2182.11,16265,70103,40.16
2024-01-08,COROMANDEL, EQ, 08-Jan-2024,1246.4,1245.0,1246.0,1198.0,1204.0,1200.4,1211.57,275485,3337.69,18694,99581,36.15
2024-01-09,COROMANDEL, EQ, 09-Jan-2024,1200.4,1208.7,1214.9,1169.05,1171.0,1170.6,1186.06,534152,6335.37,24868,334968,62.71
2024-01-10,COROMANDEL, EQ, 10-Jan-2024,1170.6,1170.6,1175.6,1152.55,1165.0,1166.65,1162.08,323653,3761.12,19587,172450,53.28
2024-01-11,COROMANDEL, EQ, 11-Jan-2024,1166.65,1170.1,1193.05,1166.7,1185.2,1187.95,1184.8,216607,2566.37,11769,106212,49.03
2024-01-12,COROMANDEL, EQ, 12-Jan-2024,1187.95,1196.0,1197.65,1176.15,1179.85,1180.95,1186.85,154008,1827.84,12055,64694,42.01
2024-01-15,COROMANDEL, EQ, 15-Jan-2024,1180.95,1182.05,1219.2,1182.05,1208.1,1205.5,1204.72,466891,5624.72,24734,230033,49.27
2024-01-16,COROMANDEL, EQ, 16-Jan-2024,1205.5,1205.1,1213.45,1180.25,1187.9,1187.7,1194.88,168541,2013.86,13852,60784,36.06
2024-01-17,COROMANDEL, EQ, 17-Jan-2024,1187.7,1182.0,1183.15,1159.1,1164.75,1162.1,1166.51,216312,2523.31,20728,100718,46.56
2024-01-18,COROMANDEL, EQ, 18-Jan-2024,1162.1,1157.1,1168.95,1126.5,1154.05,1152.7,1151.41,254243,2927.37,22121,118486,46.6
2024-01-19,COROMANDEL, EQ, 19-Jan-2024,1152.7,1156.05,1185.65,1152.7,1180.6,1182.7,1171.72,177261,2077.01,13202,80189,45.24
2024-01-20,COROMANDEL, EQ, 20-Jan-2024,1182.7,1186.0,1186.0,1170.05,1175.1,1177.35,1177.14,59844,704.45,7011,25594,42.77
2024-01-23,COROMANDEL, EQ, 23-Jan-2024,1177.35,1177.35,1177.35,1119.85,1129.3,1127.85,1142.16,292065,3335.86,22112,144842,49.59
2024-01-24,COROMANDEL, EQ, 24-Jan-2024,1127.85,1130.0,1154.9,1128.25,1149.0,1150.15,1141.9,253621,2896.09,23298,129042,50.88
2024-01-25,COROMANDEL, EQ, 25-Jan-2024,1150.15,1155.0,1155.0,1125.0,1126.0,1129.0,1134.88,229113,2600.15,12814,92855,40.53
2024-01-29,COROMANDEL, EQ, 29-Jan-2024,1129.0,1134.85,1146.4,1128.55,1136.05,1137.55,1137.31,209061,2377.67,16179,104124,49.81
2024-01-30,COROMANDEL, EQ, 30-Jan-2024,1137.55,1149.8,1149.9,1044.05,1050.0,1050.25,1074.41,1670646,17949.57,86540,472321,28.27
2024-01-31,COROMANDEL, EQ, 31-Jan-2024,1050.25,1055.25,1077.0,1034.6,1052.0,1049.9,1051.22,1442725,15166.16,70662,646354,44.8
2024-02-01,COROMANDEL, EQ, 01-Feb-2024,1049.9,1055.95,1076.95,1038.0,1069.25,1070.5,1061.87,1619314,17195.03,59435,800595,49.44
2024-02-02,COROMANDEL, EQ, 02-Feb-2024,1070.5,1070.55,1087.75,1064.1,1076.85,1076.45,1075.17,548754,5900.06,30507,284521,51.85
2024-02-05,COROMANDEL, EQ, 05-Feb-2024,1076.45,1077.0,1098.0,1076.45,1094.0,1090.85,1091.32,385786,4210.17,30136,219381,56.87
2024-02-06,COROMANDEL, EQ, 06-Feb-2024,1090.85,1102.45,1112.0,1091.0,1103.0,1108.85,1106.25,308539,3413.21,24173,146299,47.42
2024-02-07,COROMANDEL, EQ, 07-Feb-2024,1108.85,1110.0,1111.95,1081.7,1084.75,1083.5,1090.59,318467,3473.16,17849,169114,53.1
2024-02-08,COROMANDEL, EQ, 08-Feb-2024,1083.5,1087.85,1088.9,1065.0,1077.9,1074.95,1070.58,280684,3004.94,13983,168522,60.04
2024-02-09,COROMANDEL, EQ, 09-Feb-2024,1074.95,1072.5,1092.0,1065.45,1089.95,1087.5,1077.97,266059,2868.05,19341,63548,23.88
2024-02-12,COROMANDEL, EQ, 12-Feb-2024,1087.5,1093.65,1095.95,1073.4,1085.15,1079.9,1082.69,135469,1466.71,12501,40267,29.72
2024-02-13,COROMANDEL, EQ, 13-Feb-2024,1079.9,1080.0,1103.95,1071.55,1098.55,1100.65,1091.35,172792,1885.76,14802,62795,36.34
2024-02-14,COROMANDEL, EQ, 14-Feb-2024,1100.65,1100.0,1100.0,1082.6,1091.55,1092.9,1089.12,295228,3215.4,25614,156578,53.04
2024-02-15,COROMANDEL, EQ, 15-Feb-2024,1092.9,1095.0,1111.0,1093.0,1096.6,1104.65,1104.78,139567,1541.91,14724,51628,36.99
2024-02-16,COROMANDEL, EQ, 16-Feb-2024,1104.65,1108.0,1110.95,1081.7,1090.0,1089.7,1091.72,207389,2264.1,20127,93670,45.17
2024-02-19,COROMANDEL, EQ, 19-Feb-2024,1089.7,1089.7,1109.7,1082.0,1108.0,1102.95,1101.56,270806,2983.1,15695,167999,62.04
2024-02-20,COROMANDEL, EQ, 20-Feb-2024,1102.95,1112.6,1124.0,1081.5,1096.1,1095.4,1098.34,429406,4716.35,26958,159633,37.18
2024-02-21,COROMANDEL, EQ, 21-Feb-2024,1095.4,1100.0,1104.7,1082.0,1086.0,1085.45,1092.01,238135,2600.46,20813,99692,41.86
2024-02-22,COROMANDEL, EQ, 22-Feb-2024,1085.45,1090.0,1102.85,1081.25,1100.45,1098.3,1091.16,158278,1727.06,16407,48922,30.91
2024-02-23,COROMANDEL, EQ, 23-Feb-2024,1098.3,1092.0,1102.2,1076.1,1078.0,1081.25,1087.98,119791,1303.3,11881,48931,40.85
2024-02-26,COROMANDEL, EQ, 26-Feb-2024,1081.25,1093.95,1100.0,1055.1,1061.0,1062.55,1070.27,465917,4986.56,30486,246618,52.93
2024-02-27,COROMANDEL, EQ, 27-Feb-2024,1062.55,1062.55,1063.8,1024.6,1040.0,1039.5,1041.4,778424,8106.52,32041,439537,56.46
2024-02-28,COROMANDEL, EQ, 28-Feb-2024,1039.5,1040.0,1057.3,1040.0,1042.0,1048.3,1048.63,238993,2506.15,18189,85727,35.87
2024-02-29,COROMANDEL, EQ, 29-Feb-2024,1048.3,1050.0,1083.0,1038.85,1072.25,1076.25,1065.06,474424,5052.88,22550,228325,48.13
2024-03-01,COROMANDEL, EQ, 01-Mar-2024,1076.25,1081.9,1095.0,1066.15,1084.05,1087.45,1081.71,407919,4412.5,25497,220996,54.18
2024-03-02,COROMANDEL, EQ, 02-Mar-2024,1087.45,1092.6,1092.65,1069.1,1082.5,1081.25,1080.7,11668,126.1,953,5340,45.77
2024-03-04,COROMANDEL, EQ, 04-Mar-2024,1081.25,1080.0,1097.7,1076.05,1093.0,1092.25,1088.99,225860,2459.58,16749,108289,47.95
2024-03-05,COROMANDEL, EQ, 05-Mar-2024,1092.25,1095.0,1103.0,1075.3,1096.75,1091.1,1085.13,634824,6888.65,18027,466979,73.56
2024-03-06,COROMANDEL, EQ, 06-Mar-2024,1091.1,1091.95,1101.45,1076.0,1099.4,1098.7,1091.36,154816,1689.6,14330,56257,36.34
2024-03-07,COROMANDEL, EQ, 07-Mar-2024,1098.7,1104.9,1123.0,1101.8,1122.0,1114.55,1112.54,558623,6214.91,26972,231176,41.38
2024-03-11,COROMANDEL, EQ, 11-Mar-2024,1114.55,1122.0,1130.1,1104.05,1124.45,1119.25,1117.81,532858,5956.33,18588,356428,66.89
2024-03-12,COROMANDEL, EQ, 12-Mar-2024,1119.25,1119.95,1123.45,1107.2,1113.5,1117.85,1116.41,467672,5221.12,19471,303184,64.83
2024-03-13,COROMANDEL, EQ, 13-Mar-2024,1117.85,1115.4,1123.65,1067.8,1072.95,1076.75,1084.64,358551,3889.0,25660,187730,52.36
2024-03-14,COROMANDEL, EQ, 14-Mar-2024,1076.75,1074.0,1095.65,1054.8,1086.0,1085.9,1084.92,538865,5846.25,17933,345938,64.2
2024-03-15,COROMANDEL, EQ, 15-Mar-2024,1085.9,1090.25,1110.0,1059.75,1084.0,1074.85,1073.2,1215774,13047.71,26580,803859,66.12
2024-03-18,COROMANDEL, EQ, 18-Mar-2024,1074.85,1079.0,1079.0,1055.5,1074.0,1068.75,1066.34,185084,1973.62,17925,95859,51.79
2024-03-19,COROMANDEL, EQ, 19-Mar-2024,1068.75,1062.35,1069.6,1049.3,1050.0,1054.8,1056.41,594754,6283.02,24541,481190,80.91
2024-03-20,COROMANDEL, EQ, 20-Mar-2024,1054.8,1050.0,1058.55,1036.75,1054.0,1054.15,1051.38,295678,3108.69,16961,180750,61.13
2024-03-21,COROMANDEL, EQ, 21-Mar-2024,1054.15,1064.75,1070.45,1059.0,1063.25,1066.0,1066.48,703368,7501.27,12171,569462,80.96
2024-03-22,COROMANDEL, EQ, 22-Mar-2024,1066.0,1063.95,1076.0,1055.2,1061.85,1065.45,1066.81,896943,9568.69,49442,562566,62.72
2024-03-26,COROMANDEL, EQ, 26-Mar-2024,1065.45,1064.5,1068.0,1040.0,1060.0,1062.7,1059.08,457979,4850.38,48233,234047,51.1
2024-03-27,COROMANDEL, EQ, 27-Mar-2024,1062.7,1062.7,1077.45,1060.05,1073.95,1072.75,1070.29,900124,9633.94,30119,713513,79.27
2024-03-28,COROMANDEL, EQ, 28-Mar-2024,1072.75,1072.75,1085.0,1061.0,1078.0,1075.05,1073.03,373298,4005.58,15583,232141,62.19
2024-04-01,COROMANDEL, EQ, 01-Apr-2024,1075.05,1084.25,1121.8,1075.05,1114.0,1114.45,1110.96,359468,3993.56,29632,166487,46.31
2024-04-02,COROMANDEL, EQ, 02-Apr-2024,1114.45,1118.0,1135.0,1110.65,1135.0,1133.3,1127.53,324900,3663.33,21111,153696,47.31
2024-04-03,COROMANDEL, EQ, 03-Apr-2024,1133.3,1137.05,1148.3,1118.55,1145.0,1144.8,1135.43,420752,4777.36,22219,179299,42.61
2024-04-04,COROMANDEL, EQ, 04-Apr-2024,1144.8,1145.0,1154.0,1131.55,1146.0,1145.05,1143.01,325105,3716.0,19625,183124,56.33
2024-04-05,COROMANDEL, EQ, 05-Apr-2024,1145.05,1144.95,1163.0,1141.8,1159.45,1161.4,1158.12,520510,6028.15,18854,360413,69.24
2024-04-08,COROMANDEL, EQ, 08-Apr-2024,1161.4,1165.0,1166.9,1141.6,1151.0,1154.55,1150.86,181426,2087.96,16302,86701,47.79
2024-04-09,COROMANDEL, EQ, 09-Apr-2024,1154.55,1156.9,1168.75,1144.2,1150.65,1147.9,1156.55,164829,1906.34,14391,69706,42.29
2024-04-10,COROMANDEL, EQ, 10-Apr-2024,1147.9,1147.95,1173.75,1146.05,1164.0,1163.7,1163.76,204000,2374.06,15566,98899,48.48
2024-04-12,COROMANDEL, EQ, 12-Apr-2024,1163.7,1164.95,1179.45,1149.3,1153.25,1155.2,1165.23,223901,2608.97,16607,86128,38.47
2024-04-15,COROMANDEL, EQ, 15-Apr-2024,1155.2,1142.0,1152.55,1122.6,1133.0,1133.9,1138.43,193241,2199.91,13627,72920,37.74
2024-04-16,COROMANDEL, EQ, 16-Apr-2024,1133.9,1131.4,1141.3,1120.0,1138.0,1137.05,1137.81,613602,6981.62,9014,522063,85.08
2024-04-18,COROMANDEL, EQ, 18-Apr-2024,1137.05,1137.05,1152.95,1116.55,1118.5,1119.9,1145.13,531405,6085.27,18877,318452,59.93
2024-04-19,COROMANDEL, EQ, 19-Apr-2024,1119.9,1101.1,1125.75,1092.55,1120.3,1121.45,1116.22,312229,3485.18,16430,125463,40.18
2024-04-22,COROMANDEL, EQ, 22-Apr-2024,1121.45,1124.2,1134.0,1090.3,1094.0,1093.8,1103.13,532890,5878.48,29144,262144,49.19
2024-04-23,COROMANDEL, EQ, 23-Apr-2024,1093.8,1097.95,1109.5,1079.1,1101.0,1100.05,1094.03,257294,2814.88,23906,85878,33.38
2024-04-24,COROMANDEL, EQ, 24-Apr-2024,1100.05,1105.8,1110.2,1085.0,1088.8,1087.75,1098.18,513398,5638.06,22261,251128,48.91
2024-04-25,COROMANDEL, EQ, 25-Apr-2024,1087.75,1095.4,1141.95,1071.9,1112.0,1111.95,1104.37,996110,11000.76,67951,100086,10.05
2024-04-26,COROMANDEL, EQ, 26-Apr-2024,1111.95,1111.9,1199.0,1108.3,1183.05,1184.5,1178.75,2181682,25716.62,91587,442997,20.31
2024-04-29,COROMANDEL, EQ, 29-Apr-2024,1184.5,1192.85,1211.4,1174.05,1204.0,1203.95,1196.59,467052,5588.7,27497,172547,36.94
2024-04-30,COROMANDEL, EQ, 30-Apr-2024,1203.95,1208.95,1211.25,1186.2,1210.0,1207.85,1200.35,409939,4920.69,27615,172204,42.01
2024-05-02,COROMANDEL, EQ, 02-May-2024,1207.85,1207.85,1217.35,1196.55,1212.0,1208.8,1208.46,254334,3073.52,24677,108995,42.86
2024-05-03,COROMANDEL, EQ, 03-May-2024,1208.8,1212.0,1215.0,1196.0,1211.5,1208.1,1206.32,250533,3022.23,19831,99857,39.86
2024-05-06,COROMANDEL, EQ, 06-May-2024,1208.1,1209.8,1229.45,1193.05,1223.7,1222.4,1215.99,339469,4127.9,28991,119176,35.11
2024-05-07,COROMANDEL, EQ, 07-May-2024,1222.4,1226.0,1228.6,1181.05,1195.5,1201.0,1198.75,255290,3060.3,20164,68293,26.75
2024-05-08,COROMANDEL, EQ, 08-May-2024,1201.0,1197.05,1217.2,1188.95,1215.0,1211.85,1208.23,130011,1570.83,11304,46738,35.95
2024-05-09,COROMANDEL, EQ, 09-May-2024,1211.85,1213.25,1216.05,1177.4,1184.0,1183.55,1193.89,321293,3835.89,12711,218227,67.92
2024-05-10,COROMANDEL, EQ, 10-May-2024,1183.55,1183.25,1197.4,1170.0,1179.1,1181.05,1180.44,213447,2519.62,15624,92582,43.37
2024-05-13,COROMANDEL, EQ, 13-May-2024,1181.05,1182.0,1209.5,1174.0,1209.0,1203.9,1192.65,366142,4366.79,20849,181034,49.44
2024-05-14,COROMANDEL, EQ, 14-May-2024,1203.9,1213.0,1239.8,1195.85,1232.9,1232.1,1226.73,317367,3893.25,19976,97046,30.58
2024-05-15,COROMANDEL, EQ, 15-May-2024,1232.1,1239.0,1242.85,1223.2,1232.65,1235.45,1233.98,277176,3420.29,18358,117759,42.49
2024-05-16,COROMANDEL, EQ, 16-May-2024,1235.45,1235.45,1250.0,1231.3,1246.7,1248.7,1242.72,161486,2006.81,16196,76229,47.2
2024-05-17,COROMANDEL, EQ, 17-May-2024,1248.7,1251.0,1262.95,1244.0,1260.0,1260.2,1254.35,335309,4205.94,20516,149506,44.59
2024-05-18,COROMANDEL, EQ, 18-May-2024,1260.2,1260.2,1268.0,1241.55,1255.0,1250.4,1255.9,23079,289.85,2596,9627,41.71
2024-05-21,COROMANDEL, EQ, 21-May-2024,1250.4,1255.9,1257.0,1226.05,1240.0,1240.75,1235.99,255905,3162.96,21667,119413,46.66
2024-05-22,COROMANDEL, EQ, 22-May-2024,1240.75,1240.0,1242.4,1224.05,1242.0,1239.7,1233.47,159853,1971.74,16633,59272,37.08
2024-05-23,COROMANDEL, EQ, 23-May-2024,1239.7,1239.7,1249.0,1224.1,1230.45,1232.1,1232.71,121620,1499.23,8074,45956,37.79
2024-05-24,COROMANDEL, EQ, 24-May-2024,1232.1,1232.25,1273.95,1225.4,1251.1,1253.35,1256.8,722444,9079.68,39155,200862,27.8
2024-05-27,COROMANDEL, EQ, 27-May-2024,1253.35,1253.35,1264.0,1241.1,1246.25,1246.45,1248.31,185319,2313.35,17885,63568,34.3
2024-05-28,COROMANDEL, EQ, 28-May-2024,1246.45,1256.0,1299.35,1250.1,1295.95,1291.1,1274.42,1073528,13681.25,44510,295745,27.55
2024-05-29,COROMANDEL, EQ, 29-May-2024,1291.1,1298.0,1298.0,1274.05,1283.0,1287.85,1286.5,594838,7652.59,28093,146711,24.66
2024-05-30,COROMANDEL, EQ, 30-May-2024,1287.85,1284.9,1310.0,1266.55,1308.1,1300.2,1289.68,646063,8332.17,37018,252556,39.09
2024-05-31,COROMANDEL, EQ, 31-May-2024,1300.2,1307.3,1313.9,1292.4,1304.0,1307.3,1306.07,474230,6193.8,24542,229759,48.45
2024-06-03,COROMANDEL, EQ, 03-Jun-2024,1307.3,1330.0,1346.4,1302.9,1340.25,1341.25,1334.0,610996,8150.69,40807,303000,49.59
2024-06-04,COROMANDEL, EQ, 04-Jun-2024,1341.25,1340.9,1340.9,1245.55,1293.0,1305.0,1309.74,981300,12852.46,63297,382059,38.93
2024-06-05,COROMANDEL, EQ, 05-Jun-2024,1305.0,1311.9,1384.75,1292.05,1375.0,1369.8,1357.44,581495,7893.45,47507,215970,37.14
2024-06-06,COROMANDEL, EQ, 06-Jun-2024,1369.8,1370.8,1395.0,1359.55,1393.0,1387.4,1379.47,565986,7807.6,36845,280580,49.57
2024-06-07,COROMANDEL, EQ, 07-Jun-2024,1387.4,1405.0,1410.0,1382.85,1398.9,1392.1,1394.87,692105,9653.95,49865,337997,48.84
2024-06-10,COROMANDEL, EQ, 10-Jun-2024,1392.1,1405.0,1450.1,1387.0,1436.05,1439.5,1423.99,786180,11195.14,53876,262883,33.44
2024-06-11,COROMANDEL, EQ, 11-Jun-2024,1439.5,1442.95,1483.1,1435.55,1464.6,1466.35,1469.46,638822,9387.26,45696,235118,36.8
2024-06-12,COROMANDEL, EQ, 12-Jun-2024,1466.35,1465.05,1490.0,1450.05,1475.0,1474.95,1473.16,452009,6658.8,32688,154625,34.21
2024-06-13,COROMANDEL, EQ, 13-Jun-2024,1474.95,1475.95,1505.9,1471.05,1495.0,1498.35,1493.99,406115,6067.33,27445,109071,26.86
2024-06-14,COROMANDEL, EQ, 14-Jun-2024,1498.35,1493.0,1534.75,1482.1,1505.5,1508.8,1505.87,581505,8756.7,38180,231839,39.87
2024-06-18,COROMANDEL, EQ, 18-Jun-2024,1508.8,1508.8,1542.3,1490.55,1533.95,1530.15,1520.38,742181,11283.96,53078,359487,48.44
2024-06-19,COROMANDEL, EQ, 19-Jun-2024,1530.15,1545.0,1594.9,1545.0,1571.2,1573.1,1574.98,1250531,19695.67,84965,303070,24.24
2024-06-20,COROMANDEL, EQ, 20-Jun-2024,1573.1,1576.0,1688.45,1554.3,1637.3,1643.8,1642.63,2668159,43827.96,120486,474008,17.77
2024-06-21,COROMANDEL, EQ, 21-Jun-2024,1643.8,1640.0,1640.0,1544.0,1545.0,1549.9,1568.13,1218564,19108.68,59436,542504,44.52
2024-06-24,COROMANDEL, EQ, 24-Jun-2024,1549.9,1515.1,1551.95,1493.35,1532.8,1531.85,1530.55,804153,12307.99,53751,301417,37.48
2024-06-25,COROMANDEL, EQ, 25-Jun-2024,1531.85,1540.0,1555.0,1517.0,1523.8,1525.35,1532.65,395928,6068.19,19045,177423,44.81
2024-06-26,COROMANDEL, EQ, 26-Jun-2024,1525.35,1527.45,1576.45,1521.0,1555.8,1559.95,1549.83,746570,11570.54,34860,329861,44.18
2024-06-27,COROMANDEL, EQ, 27-Jun-2024,1559.95,1560.0,1590.0,1529.05,1560.5,1561.75,1555.58,495746,7711.74,30575,218076,43.99
2024-06-28,COROMANDEL, EQ, 28-Jun-2024,1561.75,1561.25,1614.0,1555.75,1591.0,1600.85,1590.64,523177,8321.86,26150,214451,40.99
2024-07-01,COROMANDEL, EQ, 01-Jul-2024,1600.85,1596.9,1608.95,1580.0,1600.0,1597.2,1597.8,271474,4337.62,25257,81391,29.98
2024-07-02,COROMANDEL, EQ, 02-Jul-2024,1597.2,1597.95,1605.05,1562.05,1567.75,1570.4,1576.69,226592,3572.65,15956,95107,41.97
2024-07-03,COROMANDEL, EQ, 03-Jul-2024,1570.4,1579.95,1590.45,1568.5,1582.0,1583.6,1580.28,173456,2741.1,16045,62962,36.3
2024-07-04,COROMANDEL, EQ, 04-Jul-2024,1583.6,1592.0,1598.45,1567.2,1578.0,1579.55,1581.24,154335,2440.4,12670,51928,33.65
2024-07-05,COROMANDEL, EQ, 05-Jul-2024,1579.55,1579.55,1596.4,1565.6,1592.95,1592.75,1588.4,152813,2427.28,13661,67391,44.1
2024-07-08,COROMANDEL, EQ, 08-Jul-2024,1592.75,1599.0,1637.5,1582.3,1610.5,1615.75,1615.8,581775,9400.33,34500,176558,30.35
2024-07-09,COROMANDEL, EQ, 09-Jul-2024,1615.75,1625.0,1638.8,1602.0,1605.0,1610.65,1621.96,427044,6926.5,24807,165079,38.66
2024-07-10,COROMANDEL, EQ, 10-Jul-2024,1610.65,1610.65,1625.0,1571.5,1610.0,1611.85,1601.73,380664,6097.2,25342,107003,28.11
2024-07-11,COROMANDEL, EQ, 11-Jul-2024,1611.85,1611.0,1621.9,1595.0,1597.15,1603.15,1610.36,217731,3506.24,15936,81864,37.6
2024-07-12,COROMANDEL, EQ, 12-Jul-2024,1603.15,1600.9,1631.75,1597.45,1606.0,1602.0,1614.21,208668,3368.34,16426,75144,36.01
2024-07-15,COROMANDEL, EQ, 15-Jul-2024,1602.0,1602.1,1622.65,1590.35,1593.0,1597.6,1600.72,376336,6024.1,25092,206930,54.99
2024-07-16,COROMANDEL, EQ, 16-Jul-2024,1597.6,1600.7,1610.0,1575.5,1578.75,1584.0,1590.81,256219,4075.95,15907,105834,41.31
2024-07-18,COROMANDEL, EQ, 18-Jul-2024,1584.0,1591.5,1603.0,1576.55,1594.9,1593.25,1590.35,447469,7116.33,29695,214246,47.88
2024-07-19,COROMANDEL, EQ, 19-Jul-2024,1593.25,1601.05,1608.95,1558.2,1593.5,1595.4,1590.3,479563,7626.5,35878,216475,45.14
2024-07-22,COROMANDEL, EQ, 22-Jul-2024,1595.4,1595.4,1644.95,1499.7,1617.0,1612.2,1622.79,970889,15755.47,63961,364402,37.53
2024-07-23,COROMANDEL, EQ, 23-Jul-2024,1612.2,1630.0,1630.0,1534.4,1583.7,1584.35,1590.14,848432,13491.29,54200,299052,35.25
2024-07-24,COROMANDEL, EQ, 24-Jul-2024,1584.35,1582.55,1637.85,1580.25,1628.0,1630.9,1613.86,707817,11423.18,47982,322607,45.58
2024-07-25,COROMANDEL, EQ, 25-Jul-2024,1630.9,1619.05,1646.4,1596.05,1641.0,1626.65,1618.33,768044,12429.48,38333,308669,40.19
2024-07-26,COROMANDEL, EQ, 26-Jul-2024,1626.65,1620.0,1644.35,1602.0,1618.0,1624.7,1630.04,373711,6091.65,19666,218014,58.34
2024-07-29,COROMANDEL, EQ, 29-Jul-2024,1624.7,1632.2,1688.7,1632.2,1679.0,1680.05,1667.69,859587,14335.24,56551,349818,40.7
2024-07-30,COROMANDEL, EQ, 30-Jul-2024,1680.05,1680.05,1694.4,1653.0,1669.0,1660.3,1669.54,313903,5240.74,22249,118291,37.68
2024-07-31,COROMANDEL, EQ, 31-Jul-2024,1660.3,1666.05,1682.05,1649.1,1669.8,1662.0,1667.06,267713,4462.95,30862,135020,50.43
2024-08-01,COROMANDEL, EQ, 01-Aug-2024,1662.0,1666.0,1668.15,1622.25,1633.1,1633.7,1644.12,175760,2889.71,20195,80091,45.57
2024-08-02,COROMANDEL, EQ, 02-Aug-2024,1633.7,1620.0,1649.1,1605.0,1641.95,1638.95,1635.87,200833,3285.37,21161,75338,37.51
2024-08-05,COROMANDEL, EQ, 05-Aug-2024,1638.95,1610.0,1634.0,1585.55,1626.0,1613.6,1612.35,417897,6737.98,38715,196219,46.95
2024-08-06,COROMANDEL, EQ, 06-Aug-2024,1613.6,1614.75,1659.9,1601.15,1604.0,1608.15,1634.05,457049,7468.41,38378,207239,45.34
2024-08-07,COROMANDEL, EQ, 07-Aug-2024,1608.15,1613.45,1651.95,1586.05,1642.65,1625.85,1617.22,1184519,19156.25,71450,202273,17.08
2024-08-08,COROMANDEL, EQ, 08-Aug-2024,1625.85,1608.0,1694.25,1608.0,1638.05,1640.8,1652.88,1346743,22259.99,80212,454693,33.76
2024-08-09,COROMANDEL, EQ, 09-Aug-2024,1640.8,1639.0,1704.0,1639.0,1702.0,1693.7,1678.98,1325045,22247.29,51879,697583,52.65
2024-08-12,COROMANDEL, EQ, 12-Aug-2024,1693.7,1709.0,1764.4,1706.0,1735.9,1734.05,1742.09,1141141,19879.76,50816,222786,19.52
2024-08-13,COROMANDEL, EQ, 13-Aug-2024,1734.05,1737.0,1739.45,1705.35,1717.05,1716.9,1719.85,284601,4894.71,23337,96444,33.89
2024-08-14,COROMANDEL, EQ, 14-Aug-2024,1716.9,1725.0,1730.65,1673.55,1688.65,1687.5,1688.22,365288,6166.88,20931,150193,41.12
2024-08-16,COROMANDEL, EQ, 16-Aug-2024,1687.5,1692.85,1780.0,1690.0,1754.65,1759.75,1740.02,693778,12071.86,43764,239260,34.49
2024-08-19,COROMANDEL, EQ, 19-Aug-2024,1759.75,1773.95,1773.95,1713.35,1740.2,1740.85,1741.41,439781,7658.37,32494,126568,28.78
2024-08-20,COROMANDEL, EQ, 20-Aug-2024,1740.85,1743.65,1757.5,1715.0,1745.0,1749.5,1735.53,341506,5926.94,27403,148180,43.39
2024-08-21,COROMANDEL, EQ, 21-Aug-2024,1749.5,1745.0,1784.6,1735.1,1764.95,1761.95,1756.88,515976,9065.06,30170,192569,37.32
2024-08-22,COROMANDEL, EQ, 22-Aug-2024,1761.95,1767.0,1789.0,1762.2,1780.5,1781.55,1775.23,495949,8804.23,21756,221820,44.73
2024-08-23,COROMANDEL, EQ, 23-Aug-2024,1781.55,1779.0,1780.5,1745.25,1750.15,1748.5,1762.9,226283,3989.15,23480,95917,42.39
2024-08-26,COROMANDEL, EQ, 26-Aug-2024,1748.5,1748.5,1766.45,1746.15,1757.0,1753.7,1754.34,228484,4008.39,14523,101862,44.58
2024-08-27,COROMANDEL, EQ, 27-Aug-2024,1753.7,1757.0,1768.5,1740.0,1745.4,1742.6,1755.46,379612,6663.92,18689,177327,46.71
2024-08-28,COROMANDEL, EQ, 28-Aug-2024,1742.6,1740.0,1754.75,1726.0,1737.75,1735.95,1738.6,289715,5036.98,18827,173018,59.72
2024-08-29,COROMANDEL, EQ, 29-Aug-2024,1735.95,1737.0,1741.4,1706.05,1734.3,1724.85,1721.36,380265,6545.74,23921,208574,54.85
2024-08-30,COROMANDEL, EQ, 30-Aug-2024,1724.85,1733.8,1773.75,1728.0,1759.0,1758.25,1760.66,315808,5560.31,22505,126522,40.06
2024-09-02,COROMANDEL, EQ, 02-Sep-2024,1758.25,1758.25,1773.55,1738.65,1743.5,1743.35,1751.59,278397,4876.38,15350,146427,52.6
2024-09-03,COROMANDEL, EQ, 03-Sep-2024,1743.35,1746.8,1765.4,1728.6,1729.35,1732.2,1738.87,393536,6843.08,17210,199133,50.6
2024-09-04,COROMANDEL, EQ, 04-Sep-2024,1732.2,1725.0,1739.5,1705.5,1720.0,1723.6,1725.88,339834,5865.14,17345,222944,65.6
2024-09-05,COROMANDEL, EQ, 05-Sep-2024,1723.6,1732.7,1737.35,1718.0,1720.0,1720.1,1725.16,182090,3141.35,15085,112811,61.95
2024-09-06,COROMANDEL, EQ, 06-Sep-2024,1720.1,1711.05,1725.0,1681.0,1695.85,1691.15,1695.67,259034,4392.36,21272,86216,33.28
2024-09-09,COROMANDEL, EQ, 09-Sep-2024,1691.15,1688.0,1711.95,1667.05,1711.95,1706.95,1690.68,168857,2854.84,12660,72225,42.77
2024-09-10,COROMANDEL, EQ, 10-Sep-2024,1706.95,1712.15,1726.6,1700.85,1710.0,1706.35,1711.25,231811,3966.87,16274,126899,54.74
2024-09-11,COROMANDEL, EQ, 11-Sep-2024,1706.35,1715.15,1728.25,1691.85,1705.0,1697.55,1713.0,340943,5840.36,20075,209455,61.43
2024-09-12,COROMANDEL, EQ, 12-Sep-2024,1697.55,1710.85,1713.4,1686.75,1690.75,1692.35,1693.21,285152,4828.24,13511,213440,74.85
2024-09-13,COROMANDEL, EQ, 13-Sep-2024,1692.35,1690.2,1709.55,1686.8,1689.7,1694.4,1695.3,292163,4953.03,16061,176932,60.56
2024-09-16,COROMANDEL, EQ, 16-Sep-2024,1694.4,1694.4,1711.95,1651.4,1711.95,1705.1,1685.81,225407,3799.93,13246,97000,43.03
2024-09-17,COROMANDEL, EQ, 17-Sep-2024,1705.1,1711.0,1743.25,1705.3,1718.0,1715.15,1724.58,453158,7815.07,32228,148403,32.75
2024-09-18,COROMANDEL, EQ, 18-Sep-2024,1715.15,1715.15,1741.95,1695.95,1730.0,1730.0,1717.85,510090,8762.58,30842,241723,47.39
2024-09-19,COROMANDEL, EQ, 19-Sep-2024,1730.0,1741.0,1741.95,1664.1,1677.25,1674.4,1697.12,511170,8675.15,36385,241171,47.18
2024-09-20,COROMANDEL, EQ, 20-Sep-2024,1674.4,1691.2,1691.2,1606.9,1654.2,1659.15,1658.67,835610,13860.0,43484,492053,58.89
2024-09-23,COROMANDEL, EQ, 23-Sep-2024,1659.15,1667.9,1679.4,1645.55,1672.0,1672.45,1666.03,471706,7858.76,25330,299186,63.43
2024-09-24,COROMANDEL, EQ, 24-Sep-2024,1672.45,1685.95,1686.0,1658.65,1663.95,1662.9,1668.99,239688,4000.37,19477,133864,55.85
2024-09-25,COROMANDEL, EQ, 25-Sep-2024,1662.9,1662.9,1669.0,1626.6,1644.75,1644.2,1645.9,497911,8195.1,17050,319061,64.08
2024-09-26,COROMANDEL, EQ, 26-Sep-2024,1644.2,1657.0,1657.35,1612.0,1628.8,1634.15,1624.98,404820,6578.24,23258,225121,55.61
2024-09-27,COROMANDEL, EQ, 27-Sep-2024,1634.15,1634.15,1682.0,1627.9,1664.0,1657.0,1658.59,635096,10533.61,30051,372434,58.64
2024-09-30,COROMANDEL, EQ, 30-Sep-2024,1657.0,1660.85,1680.9,1636.1,1680.85,1674.65,1656.79,515352,8538.31,26275,338574,65.7
2024-10-01,COROMANDEL, EQ, 01-Oct-2024,1674.65,1675.0,1735.0,1675.0,1730.0,1728.0,1708.82,536936,9175.25,31447,232491,43.3
2024-10-03,COROMANDEL, EQ, 03-Oct-2024,1728.0,1728.0,1739.4,1652.05,1666.5,1669.3,1686.54,594869,10032.71,41608,321864,54.11
2024-10-04,COROMANDEL, EQ, 04-Oct-2024,1669.3,1654.1,1677.75,1614.5,1627.65,1619.9,1643.92,165799,2725.6,18316,54453,32.84
2024-10-07,COROMANDEL, EQ, 07-Oct-2024,1619.9,1625.0,1638.45,1557.05,1570.75,1566.25,1587.97,451674,7172.45,34330,243563,53.92
2024-10-08,COROMANDEL, EQ, 08-Oct-2024,1566.25,1561.15,1586.15,1545.65,1574.45,1574.15,1570.42,305749,4801.53,19721,164932,53.94
2024-10-09,COROMANDEL, EQ, 09-Oct-2024,1574.15,1581.75,1642.35,1566.65,1609.45,1610.55,1618.9,618039,10005.46,24844,323948,52.42
2024-10-10,COROMANDEL, EQ, 10-Oct-2024,1610.55,1614.5,1647.0,1610.55,1629.5,1628.05,1627.03,142809,2323.54,13857,37846,26.5
2024-10-11,COROMANDEL, EQ, 11-Oct-2024,1628.05,1623.1,1643.0,1613.65,1633.85,1638.95,1629.51,99503,1621.42,9186,39699,39.9
2024-10-14,COROMANDEL, EQ, 14-Oct-2024,1638.95,1633.0,1649.25,1617.65,1633.95,1626.1,1631.7,76656,1250.8,10845,25367,33.09
2024-10-15,COROMANDEL, EQ, 15-Oct-2024,1626.1,1632.25,1639.1,1614.2,1628.05,1631.4,1629.58,97546,1589.59,9050,57496,58.94
2024-10-16,COROMANDEL, EQ, 16-Oct-2024,1631.4,1625.15,1634.5,1600.0,1622.0,1628.1,1621.26,459314,7446.67,20162,284951,62.04
2024-10-17,COROMANDEL, EQ, 17-Oct-2024,1628.1,1628.95,1628.95,1587.75,1590.8,1591.8,1603.18,109127,1749.5,8153,45905,42.07
2024-10-18,COROMANDEL, EQ, 18-Oct-2024,1591.8,1577.3,1626.25,1570.7,1615.0,1621.1,1609.44,119351,1920.88,8343,42411,35.53
2024-10-21,COROMANDEL, EQ, 21-Oct-2024,1621.1,1615.0,1628.95,1586.3,1600.5,1605.25,1600.99,557751,8929.54,27016,369036,66.17
2024-10-22,COROMANDEL, EQ, 22-Oct-2024,1605.25,1601.45,1616.55,1560.0,1569.9,1566.5,1588.58,190552,3027.07,16263,63412,33.28
2024-10-23,COROMANDEL, EQ, 23-Oct-2024,1566.5,1566.5,1621.2,1561.8,1610.0,1602.65,1592.69,234632,3736.95,18681,86967,37.07
2024-10-24,COROMANDEL, EQ, 24-Oct-2024,1602.65,1611.1,1660.0,1587.05,1641.3,1639.8,1630.38,440808,7186.83,26415,196311,44.53
2024-10-25,COROMANDEL, EQ, 25-Oct-2024,1639.8,1660.0,1670.0,1560.3,1598.0,1597.85,1599.42,807723,12918.87,50213,203372,25.18
2024-10-28,COROMANDEL, EQ, 28-Oct-2024,1597.85,1598.05,1639.1,1585.15,1606.1,1601.4,1605.28,262830,4219.17,26589,92121,35.05
2024-10-29,COROMANDEL, EQ, 29-Oct-2024,1601.4,1609.0,1619.95,1573.05,1617.05,1608.05,1593.65,267356,4260.71,22672,103959,38.88
2024-10-30,COROMANDEL, EQ, 30-Oct-2024,1608.05,1609.0,1647.8,1601.65,1641.0,1646.0,1632.89,247414,4039.99,14853,101197,40.9
2024-10-31,COROMANDEL, EQ, 31-Oct-2024,1646.0,1645.95,1677.2,1636.05,1667.1,1668.65,1659.47,384209,6375.85,25375,206938,53.86
2024-11-01,COROMANDEL, EQ, 01-Nov-2024,1668.65,1665.8,1694.8,1665.8,1691.0,1691.8,1687.58,60942,1028.44,2770,35977,59.03
2024-11-04,COROMANDEL, EQ, 04-Nov-2024,1691.8,1700.0,1700.0,1623.0,1642.0,1634.55,1653.03,444910,7354.5,24977,131641,29.59
2024-11-05,COROMANDEL, EQ, 05-Nov-2024,1634.55,1635.15,1673.95,1635.05,1673.95,1669.15,1656.18,345669,5724.91,28410,177433,51.33
2024-11-06,COROMANDEL, EQ, 06-Nov-2024,1669.15,1672.9,1732.75,1668.1,1730.5,1726.1,1713.4,330133,5656.51,19893,154134,46.69
2024-11-07,COROMANDEL, EQ, 07-Nov-2024,1726.1,1731.0,1799.0,1729.1,1780.25,1777.95,1773.97,933392,16558.13,49382,328351,35.18
2024-11-08,COROMANDEL, EQ, 08-Nov-2024,1777.95,1777.95,1784.95,1741.1,1747.65,1752.0,1762.33,298828,5266.34,27949,124980,41.82
2024-11-11,COROMANDEL, EQ, 11-Nov-2024,1752.0,1752.25,1760.35,1706.75,1739.0,1737.25,1738.86,359217,6246.29,38682,186916,52.03
2024-11-12,COROMANDEL, EQ, 12-Nov-2024,1737.25,1737.25,1756.6,1720.0,1732.9,1730.5,1735.12,344347,5974.82,30712,192180,55.81
2024-11-13,COROMANDEL, EQ, 13-Nov-2024,1730.5,1714.8,1730.95,1675.55,1689.9,1684.95,1694.72,225860,3827.7,23152,94150,41.69
2024-11-14,COROMANDEL, EQ, 14-Nov-2024,1684.95,1686.55,1725.0,1665.2,1708.1,1715.95,1700.63,572592,9737.7,44579,322115,56.26
2024-11-18,COROMANDEL, EQ, 18-Nov-2024,1715.95,1715.0,1743.95,1695.05,1721.35,1721.1,1729.8,362721,6274.35,31071,193784,53.43
2024-11-19,COROMANDEL, EQ, 19-Nov-2024,1721.1,1730.2,1775.7,1724.55,1760.05,1764.6,1762.6,231149,4074.23,21849,110049,47.61
2024-11-21,COROMANDEL, EQ, 21-Nov-2024,1764.6,1765.35,1790.1,1735.0,1771.0,1768.0,1771.22,424127,7512.23,30360,155154,36.58
2024-11-22,COROMANDEL, EQ, 22-Nov-2024,1768.0,1768.0,1815.0,1768.0,1810.0,1806.45,1793.79,554100,9939.4,35374,220376,39.77
2024-11-25,COROMANDEL, EQ, 25-Nov-2024,1806.45,1825.0,1839.0,1789.0,1798.0,1795.45,1809.94,561874,10169.57,40802,288030,51.26
2024-11-26,COROMANDEL, EQ, 26-Nov-2024,1795.45,1809.95,1809.95,1760.05,1765.65,1767.6,1774.89,286755,5089.59,32655,128749,44.9
2024-11-27,COROMANDEL, EQ, 27-Nov-2024,1767.6,1767.6,1772.4,1746.1,1758.2,1758.8,1756.95,175372,3081.2,23835,81169,46.28
2024-11-28,COROMANDEL, EQ, 28-Nov-2024,1758.8,1758.8,1774.95,1745.4,1765.0,1755.75,1759.64,175365,3085.8,21997,80038,45.64
2024-11-29,COROMANDEL, EQ, 29-Nov-2024,1755.75,1765.0,1800.2,1755.85,1783.75,1789.0,1780.83,382200,6806.32,39071,168336,44.04
2024-12-02,COROMANDEL, EQ, 02-Dec-2024,1789.0,1798.9,1805.0,1769.55,1772.4,1775.85,1786.62,173353,3097.15,29414,84706,48.86
2024-12-03,COROMANDEL, EQ, 03-Dec-2024,1775.85,1785.0,1788.0,1758.15,1775.6,1777.5,1773.23,336860,5973.29,34872,203224,60.33
2024-12-04,COROMANDEL, EQ, 04-Dec-2024,1777.5,1780.0,1808.95,1750.0,1752.0,1757.95,1780.47,398972,7103.57,42732,155742,39.04
2024-12-05,COROMANDEL, EQ, 05-Dec-2024,1757.95,1767.2,1772.0,1746.25,1768.0,1769.0,1759.87,537230,9454.54,35934,359476,66.91
2024-12-06,COROMANDEL, EQ, 06-Dec-2024,1769.0,1776.8,1794.85,1756.85,1759.4,1762.4,1769.51,306411,5421.97,31419,175053,57.13
2024-12-09,COROMANDEL, EQ, 09-Dec-2024,1762.4,1762.4,1772.95,1730.6,1762.05,1769.8,1754.28,343856,6032.21,35415,182584,53.1
2024-12-10,COROMANDEL, EQ, 10-Dec-2024,1769.8,1770.0,1801.15,1766.1,1782.6,1780.35,1784.34,501681,8951.7,40297,262781,52.38
2024-12-11,COROMANDEL, EQ, 11-Dec-2024,1780.35,1787.6,1794.85,1766.95,1768.0,1768.85,1778.42,166651,2963.75,24344,92674,55.61
2024-12-12,COROMANDEL, EQ, 12-Dec-2024,1768.85,1770.85,1794.7,1762.2,1781.95,1778.6,1782.11,467431,8330.12,56794,273778,58.57
2024-12-13,COROMANDEL, EQ, 13-Dec-2024,1778.6,1778.9,1789.6,1742.85,1782.0,1777.65,1763.02,221661,3907.92,30394,113087,51.02
2024-12-16,COROMANDEL, EQ, 16-Dec-2024,1777.65,1770.0,1824.85,1756.65,1817.75,1819.25,1796.86,851025,15291.76,55738,416513,48.94
2024-12-17,COROMANDEL, EQ, 17-Dec-2024,1819.25,1825.0,1855.0,1786.5,1805.0,1817.15,1826.98,1396764,25518.63,96447,629841,45.09
2024-12-18,COROMANDEL, EQ, 18-Dec-2024,1817.15,1845.0,1881.9,1806.0,1833.75,1830.85,1845.85,1370818,25303.24,83557,223276,16.29
2024-12-19,COROMANDEL, EQ, 19-Dec-2024,1830.85,1805.0,1862.55,1788.0,1841.0,1845.5,1840.56,881503,16224.56,53232,322238,36.56
2024-12-20,COROMANDEL, EQ, 20-Dec-2024,1845.5,1854.3,1858.8,1819.6,1838.2,1839.3,1839.78,807363,14853.74,39493,486986,60.32
2024-12-23,COROMANDEL, EQ, 23-Dec-2024,1839.3,1842.05,1888.95,1816.15,1868.0,1862.7,1861.73,881011,16402.04,40662,438451,49.77
2024-12-24,COROMANDEL, EQ, 24-Dec-2024,1862.7,1862.7,1876.5,1847.05,1850.0,1855.35,1862.25,348224,6484.82,23487,186767,53.63
2024-12-26,COROMANDEL, EQ, 26-Dec-2024,1855.35,1855.35,1861.4,1818.2,1848.0,1845.05,1830.95,404252,7401.65,25475,248760,61.54
2024-12-27,COROMANDEL, EQ, 27-Dec-2024,1845.05,1845.05,1864.9,1835.4,1850.0,1846.15,1848.57,316960,5859.22,20430,168916,53.29
2024-12-30,COROMANDEL, EQ, 30-Dec-2024,1846.15,1835.15,1890.75,1822.65,1845.1,1868.95,1859.54,669129,12442.75,36456,465883,69.63
2024-12-31,COROMANDEL, EQ, 31-Dec-2024,1868.95,1859.55,1885.0,1841.25,1885.0,1879.95,1871.89,522470,9780.04,45797,298736,57.18
2025-01-01,COROMANDEL, EQ, 01-Jan-2025,1879.95,1893.3,1934.9,1875.6,1920.6,1928.75,1904.37,822664,15666.6,48852,362626,44.08
2025-01-02,COROMANDEL, EQ, 02-Jan-2025,1928.75,1926.45,1959.55,1900.0,1952.65,1956.05,1928.82,379072,7311.62,39650,184419,48.65
2025-01-03,COROMANDEL, EQ, 03-Jan-2025,1956.05,1940.2,1968.8,1940.2,1961.0,1958.3,1956.34,253633,4961.92,30614,96035,37.86
2025-01-06,COROMANDEL, EQ, 06-Jan-2025,1958.3,1950.9,1977.9,1931.5,1941.95,1938.25,1949.54,306775,5980.71,26039,140090,45.67
2025-01-07,COROMANDEL, EQ, 07-Jan-2025,1938.25,1948.5,1973.25,1940.55,1948.0,1948.45,1952.78,359624,7022.66,26446,187726,52.2
2025-01-08,COROMANDEL, EQ, 08-Jan-2025,1948.45,1938.0,1952.35,1912.7,1939.7,1937.65,1927.49,143269,2761.49,22666,65379,45.63
2025-01-09,COROMANDEL, EQ, 09-Jan-2025,1937.65,1935.0,1977.7,1927.5,1959.0,1951.95,1957.99,329372,6449.06,28102,136663,41.49
2025-01-10,COROMANDEL, EQ, 10-Jan-2025,1951.95,1951.5,1955.0,1905.7,1921.7,1922.45,1924.67,342073,6583.78,28451,188534,55.12
2025-01-13,COROMANDEL, EQ, 13-Jan-2025,1922.45,1900.0,1903.7,1790.3,1810.0,1808.0,1827.54,590809,10797.29,44074,258397,43.74
2025-01-14,COROMANDEL, EQ, 14-Jan-2025,1808.0,1802.0,1843.75,1802.0,1831.2,1835.3,1830.09,247856,4535.99,21640,138796,56.0
2025-01-15,COROMANDEL, EQ, 15-Jan-2025,1835.3,1835.0,1849.85,1802.85,1824.4,1825.15,1827.55,195897,3580.11,22718,90957,46.43
2025-01-16,COROMANDEL, EQ, 16-Jan-2025,1825.15,1831.75,1902.0,1830.05,1877.85,1875.4,1881.01,617106,11607.84,34029,325116,52.68
2025-01-17,COROMANDEL, EQ, 17-Jan-2025,1875.4,1875.4,1890.0,1861.95,1876.55,1874.85,1874.07,322965,6052.58,21028,197613,61.19
2025-01-20,COROMANDEL, EQ, 20-Jan-2025,1874.85,1874.9,1878.65,1827.25,1849.8,1857.8,1851.64,283445,5248.39,40121,172964,61.02
2025-01-21,COROMANDEL, EQ, 21-Jan-2025,1857.8,1865.0,1879.45,1838.1,1843.0,1844.25,1858.93,251105,4667.87,38367,139744,55.65
2025-01-22,COROMANDEL, EQ, 22-Jan-2025,1844.25,1846.8,1854.25,1740.0,1781.65,1776.7,1787.23,529245,9458.82,40756,271884,51.37
2025-01-23,COROMANDEL, EQ, 23-Jan-2025,1776.7,1776.7,1873.45,1769.35,1848.75,1848.7,1847.11,477047,8811.59,43924,226956,47.58
2025-01-24,COROMANDEL, EQ, 24-Jan-2025,1848.7,1849.0,1870.25,1809.0,1820.0,1815.05,1834.48,241092,4422.77,28345,114885,47.65
2025-01-27,COROMANDEL, EQ, 27-Jan-2025,1815.05,1800.05,1810.0,1706.6,1730.05,1729.9,1739.08,271233,4716.95,30999,91993,33.92
2025-01-28,COROMANDEL, EQ, 28-Jan-2025,1729.9,1731.9,1744.4,1687.2,1705.05,1713.45,1712.62,152250,2607.46,16192,52544,34.51
2025-01-29,COROMANDEL, EQ, 29-Jan-2025,1713.45,1705.0,1799.95,1705.0,1783.9,1792.8,1765.32,261426,4614.99,25027,107538,41.14
2025-01-30,COROMANDEL, EQ, 30-Jan-2025,1792.8,1798.0,1845.0,1790.0,1829.0,1823.45,1821.75,899678,16389.9,52089,262803,29.21
2025-01-31,COROMANDEL, EQ, 31-Jan-2025,1823.45,1834.0,1837.9,1802.85,1810.0,1809.55,1814.35,467526,8482.57,32581,262199,56.08
2025-02-01,COROMANDEL, EQ, 01-Feb-2025,1809.55,1824.4,1828.05,1776.5,1794.7,1789.5,1809.0,190134,3439.53,18690,55119,28.99
2025-02-03,COROMANDEL, EQ, 03-Feb-2025,1789.5,1793.75,1828.95,1752.25,1812.05,1811.7,1812.4,501819,9094.98,36141,239476,47.72
2025-02-04,COROMANDEL, EQ, 04-Feb-2025,1811.7,1818.0,1883.6,1812.75,1880.0,1878.15,1856.35,709278,13166.69,44621,373337,52.64
2025-02-05,COROMANDEL, EQ, 05-Feb-2025,1878.15,1885.65,1915.8,1863.0,1877.65,1884.1,1892.65,1009392,19104.28,50259,644166,63.82
2025-02-06,COROMANDEL, EQ, 06-Feb-2025,1884.1,1884.1,1899.9,1851.2,1862.0,1865.1,1876.58,733389,13762.63,54085,507668,69.22
2025-02-07,COROMANDEL, EQ, 07-Feb-2025,1865.1,1865.1,1879.5,1818.6,1857.55,1858.2,1857.07,585615,10875.27,49846,338744,57.84
2025-02-10,COROMANDEL, EQ, 10-Feb-2025,1858.2,1864.8,1872.45,1828.35,1850.0,1851.8,1847.7,354109,6542.86,36303,224995,63.54
2025-02-11,COROMANDEL, EQ, 11-Feb-2025,1851.8,1851.8,1855.45,1794.55,1822.85,1819.6,1817.84,482736,8775.36,39419,305649,63.32
2025-02-12,COROMANDEL, EQ, 12-Feb-2025,1819.6,1795.9,1912.7,1751.0,1838.2,1840.85,1845.22,1001364,18477.4,58544,514458,51.38
2025-02-13,COROMANDEL, EQ, 13-Feb-2025,1840.85,1840.85,1869.55,1835.45,1840.05,1851.25,1853.38,724951,13436.08,49372,486568,67.12
2025-02-14,COROMANDEL, EQ, 14-Feb-2025,1851.25,1860.25,1860.45,1739.45,1743.1,1752.2,1770.88,289209,5121.54,37562,109007,37.69
2025-02-17,COROMANDEL, EQ, 17-Feb-2025,1752.2,1740.0,1744.0,1681.15,1711.4,1707.55,1707.08,344836,5886.63,42567,121702,35.29
2025-02-18,COROMANDEL, EQ, 18-Feb-2025,1707.55,1718.9,1725.4,1658.5,1707.85,1710.05,1691.47,468103,7917.81,54862,274510,58.64
2025-02-19,COROMANDEL, EQ, 19-Feb-2025,1710.05,1712.1,1745.0,1693.1,1708.95,1714.6,1721.82,549094,9454.42,37666,310029,56.46
2025-02-20,COROMANDEL, EQ, 20-Feb-2025,1714.6,1706.0,1750.15,1704.0,1743.8,1741.0,1732.73,426646,7392.63,37099,247245,57.95
2025-02-21,COROMANDEL, EQ, 21-Feb-2025,1741.0,1746.0,1754.85,1678.55,1711.35,1708.5,1703.07,522853,8904.54,44378,317451,60.72
2025-02-24,COROMANDEL, EQ, 24-Feb-2025,1708.5,1680.0,1714.25,1661.4,1666.0,1670.3,1684.58,341304,5749.52,36090,189838,55.62
2025-02-25,COROMANDEL, EQ, 25-Feb-2025,1670.3,1670.3,1758.9,1610.8,1720.0,1689.6,1645.91,1471523,24220.0,82293,951624,64.67
2025-02-27,COROMANDEL, EQ, 27-Feb-2025,1689.6,1710.2,1731.55,1617.8,1645.0,1669.5,1654.59,783256,12959.65,47202,386665,49.37
2025-02-28,COROMANDEL, EQ, 28-Feb-2025,1669.5,1642.5,1675.75,1623.75,1639.35,1666.95,1645.51,690645,11364.64,53818,488543,70.74
2025-03-03,COROMANDEL, EQ, 03-Mar-2025,1666.95,1664.75,1679.0,1596.0,1660.0,1665.6,1642.92,371172,6098.07,56584,153733,41.42
2025-03-04,COROMANDEL, EQ, 04-Mar-2025,1665.6,1656.6,1659.45,1602.2,1608.05,1611.7,1640.59,424886,6970.65,51115,298603,70.28
2025-03-05,COROMANDEL, EQ, 05-Mar-2025,1611.7,1597.0,1767.95,1596.5,1697.0,1703.1,1722.08,2325195,40041.63,167286,1164591,50.09
2025-03-06,COROMANDEL, EQ, 06-Mar-2025,1703.1,1720.0,1754.0,1700.15,1735.0,1732.7,1729.15,474985,8213.21,87046,255774,53.85
2025-03-07,COROMANDEL, EQ, 07-Mar-2025,1732.7,1736.0,1772.85,1735.0,1750.0,1756.3,1754.44,366163,6424.11,64757,229388,62.65
2025-03-10,COROMANDEL, EQ, 10-Mar-2025,1756.3,1750.0,1784.0,1728.3,1737.0,1749.05,1759.53,429888,7564.02,51119,234503,54.55
2025-03-11,COROMANDEL, EQ, 11-Mar-2025,1749.05,1719.65,1740.65,1699.8,1727.7,1726.5,1722.78,419937,7234.59,38174,287349,68.43
2025-03-12,COROMANDEL, EQ, 12-Mar-2025,1726.5,1740.3,1782.1,1733.7,1759.9,1761.75,1759.86,524397,9228.64,61358,254725,48.57
2025-03-13,COROMANDEL, EQ, 13-Mar-2025,1761.75,1750.0,1805.0,1738.75,1794.05,1797.7,1787.61,646120,11550.1,64559,348299,53.91
2025-03-17,COROMANDEL, EQ, 17-Mar-2025,1797.7,1799.45,1909.8,1779.75,1900.05,1888.85,1872.88,946278,17722.66,81610,285686,30.19
2025-03-18,COROMANDEL, EQ, 18-Mar-2025,1888.85,1894.95,1975.0,1868.15,1940.25,1962.7,1951.1,691929,13500.21,70031,325485,47.04
2025-03-19,COROMANDEL, EQ, 19-Mar-2025,1962.7,1960.0,2014.65,1936.6,1982.15,1978.6,1976.83,980879,19390.33,99496,435986,44.45
2025-03-20,COROMANDEL, EQ, 20-Mar-2025,1978.6,1983.5,2013.0,1969.05,1975.55,1983.2,1990.98,653364,13008.36,71170,437198,66.91
2025-03-21,COROMANDEL, EQ, 21-Mar-2025,1983.2,1983.2,1989.95,1947.05,1980.0,1977.0,1973.26,669051,13202.09,49859,378560,56.58
2025-03-24,COROMANDEL, EQ, 24-Mar-2025,1977.0,1993.0,2034.45,1972.65,1980.0,1986.0,1998.49,535527,10702.47,47742,265030,49.49
2025-03-25,COROMANDEL, EQ, 25-Mar-2025,1986.0,2002.9,2014.7,1954.0,1980.0,1978.6,1979.14,296393,5866.03,44103,142033,47.92
2025-03-26,COROMANDEL, EQ, 26-Mar-2025,1978.6,1981.1,2026.2,1967.0,1967.0,1979.55,1999.38,621503,12426.23,38857,371989,59.85
2025-03-27,COROMANDEL, EQ, 27-Mar-2025,1979.55,1966.0,2022.4,1946.4,1976.0,1970.45,1976.16,404196,7987.56,46517,136963,33.89
2025-03-28,COROMANDEL, EQ, 28-Mar-2025,1970.45,1986.2,2020.9,1967.9,1980.0,1982.1,1990.5,620411,12349.28,51476,379127,61.11
2025-04-01,COROMANDEL, EQ, 01-Apr-2025,1982.1,1987.9,2069.0,1982.1,2054.95,2049.05,2015.61,795326,16030.64,55014,487568,61.3
2025-04-02,COROMANDEL, EQ, 02-Apr-2025,2049.05,2049.05,2058.9,2005.0,2055.0,2049.85,2038.3,314914,6418.88,32509,184825,58.69
2025-04-03,COROMANDEL, EQ, 03-Apr-2025,2049.85,2049.85,2125.0,2020.0,2124.7,2060.5,2042.61,626496,12796.87,44963,416562,66.49
2025-04-04,COROMANDEL, EQ, 04-Apr-2025,2060.5,2060.5,2069.85,1997.0,2020.0,2015.35,2032.47,394046,8008.85,41384,140321,35.61
2025-04-07,COROMANDEL, EQ, 07-Apr-2025,2015.35,1870.0,2009.0,1855.05,2006.0,1968.7,1947.51,369881,7203.47,58751,153329,41.45
2025-04-08,COROMANDEL, EQ, 08-Apr-2025,1968.7,2015.0,2118.0,1976.3,2070.0,2063.45,2069.67,1154951,23903.68,96067,574537,49.75
2025-04-09,COROMANDEL, EQ, 09-Apr-2025,2063.45,2063.45,2099.2,1981.05,2020.95,2004.7,2017.71,453498,9150.29,47399,194423,42.87
2025-04-11,COROMANDEL, EQ, 11-Apr-2025,2004.7,2029.2,2175.0,2028.65,2069.0,2060.0,2099.05,1279884,26865.35,92194,432494,33.79
2025-04-15,COROMANDEL, EQ, 15-Apr-2025,2060.0,2079.8,2270.5,2051.0,2210.0,2194.1,2137.83,964532,20620.1,103536,534616,55.43
2025-04-16,COROMANDEL, EQ, 16-Apr-2025,2194.1,2175.0,2227.6,2106.6,2131.0,2133.6,2136.26,1203807,25716.39,83763,763636,63.44
2025-04-17,COROMANDEL, EQ, 17-Apr-2025,2133.6,2130.0,2172.5,2101.4,2119.0,2118.3,2134.5,538004,11483.68,55819,280111,52.06
2025-04-21,COROMANDEL, EQ, 21-Apr-2025,2118.3,2147.6,2228.9,2136.1,2189.0,2197.9,2197.33,734189,16132.55,58396,373953,50.93
2025-04-22,COROMANDEL, EQ, 22-Apr-2025,2197.9,2204.6,2204.6,2159.8,2169.0,2172.2,2173.77,377530,8206.65,54388,192159,50.9
2025-04-23,COROMANDEL, EQ, 23-Apr-2025,2172.2,2173.8,2234.5,2157.5,2210.0,2205.6,2203.16,957209,21088.82,59584,501219,52.36
2025-04-24,COROMANDEL, EQ, 24-Apr-2025,2205.6,2220.0,2254.0,2213.9,2238.0,2232.6,2238.58,686591,15369.88,43561,423211,61.64
2025-04-25,COROMANDEL, EQ, 25-Apr-2025,2232.6,2241.2,2250.9,2181.3,2200.0,2201.5,2201.01,646308,14225.33,47284,381454,59.02
2025-04-28,COROMANDEL, EQ, 28-Apr-2025,2201.5,2206.0,2253.0,2190.7,2235.8,2237.5,2215.48,687449,15230.31,41181,371949,54.11
2025-04-29,COROMANDEL, EQ, 29-Apr-2025,2237.5,2246.8,2296.0,2228.0,2240.3,2251.9,2263.66,568534,12869.69,45385,259914,45.72
2025-04-30,COROMANDEL, EQ, 30-Apr-2025,2251.9,2245.0,2289.1,2193.6,2210.2,2214.2,2231.73,799585,17844.54,74135,217289,27.18
2025-05-02,COROMANDEL, EQ, 02-May-2025,2214.2,2244.0,2338.0,2227.2,2250.0,2249.7,2278.08,1065899,24282.01,74588,401309,37.65
2025-05-05,COROMANDEL, EQ, 05-May-2025,2249.7,2265.0,2283.9,2209.7,2227.1,2228.2,2232.89,487380,10882.65,47510,281041,57.66
2025-05-06,COROMANDEL, EQ, 06-May-2025,2228.2,2239.1,2302.0,2239.0,2282.4,2284.1,2278.52,1007180,22948.82,69985,584333,58.02
2025-05-07,COROMANDEL, EQ, 07-May-2025,2284.1,2267.2,2335.0,2245.0,2312.2,2314.0,2306.4,835179,19262.54,69349,432350,51.77
2025-05-08,COROMANDEL, EQ, 08-May-2025,2314.0,2314.0,2367.9,2246.0,2246.0,2278.6,2319.26,604623,14022.77,58297,305076,50.46
2025-05-09,COROMANDEL, EQ, 09-May-2025,2278.6,2201.0,2350.0,2201.0,2345.0,2343.0,2321.74,630851,14646.72,62541,353782,56.08
2025-05-12,COROMANDEL, EQ, 12-May-2025,2343.0,2380.0,2429.9,2366.2,2407.5,2424.5,2405.14,522329,12562.72,57399,247440,47.37
2025-05-13,COROMANDEL, EQ, 13-May-2025,2424.5,2417.0,2498.0,2395.1,2400.0,2433.3,2455.82,975033,23945.02,69752,594004,60.92
2025-05-14,COROMANDEL, EQ, 14-May-2025,2433.3,2450.1,2452.3,2320.6,2401.0,2403.3,2366.71,1234876,29225.87,84949,631303,51.12
2025-05-15,COROMANDEL, EQ, 15-May-2025,2403.3,2415.8,2511.0,2415.0,2470.0,2470.0,2469.26,1251757,30909.11,73606,647738,51.75
2025-05-16,COROMANDEL, EQ, 16-May-2025,2470.0,2470.0,2514.0,2416.0,2451.0,2450.9,2449.93,1182297,28965.43,56161,774527,65.51
2025-05-19,COROMANDEL, EQ, 19-May-2025,2450.9,2470.0,2509.0,2420.0,2481.4,2492.1,2454.44,616376,15128.61,47147,379415,61.56
2025-05-20,COROMANDEL, EQ, 20-May-2025,2492.1,2500.0,2500.0,2365.0,2397.5,2395.7,2412.65,870694,21006.81,63789,467894,53.74
2025-05-21,COROMANDEL, EQ, 21-May-2025,2395.7,2395.7,2453.3,2376.1,2400.0,2414.0,2414.36,748895,18081.05,83536,408553,54.55
2025-05-22,COROMANDEL, EQ, 22-May-2025,2414.0,2413.3,2425.0,2377.8,2408.0,2414.2,2405.29,668338,16075.48,54562,397878,59.53
2025-05-23,COROMANDEL, EQ, 23-May-2025,2414.2,2428.4,2458.0,2375.0,2383.5,2389.5,2410.66,723118,17431.94,50704,441596,61.07
2025-05-26,COROMANDEL, EQ, 26-May-2025,2389.5,2400.0,2438.0,2389.4,2399.9,2399.7,2408.37,537586,12947.06,57011,344766,64.13
2025-05-27,COROMANDEL, EQ, 27-May-2025,2399.7,2399.7,2442.0,2386.4,2405.7,2415.4,2414.82,860460,20778.55,60981,597088,69.39
2025-05-28,COROMANDEL, EQ, 28-May-2025,2415.4,2415.4,2500.0,2395.0,2400.0,2409.0,2448.6,1566649,38360.94,85363,1011971,64.59
2025-05-29,COROMANDEL, EQ, 29-May-2025,2409.0,2420.0,2424.9,2292.5,2309.8,2308.9,2346.37,633139,14855.76,47171,392044,61.92
2025-05-30,COROMANDEL, EQ, 30-May-2025,2308.9,2321.2,2385.1,2252.0,2285.0,2289.4,2290.46,17116295,392042.65,301714,10803272,63.12
2025-06-02,COROMANDEL, EQ, 02-Jun-2025,2289.4,2304.0,2308.6,2252.8,2279.0,2283.4,2279.52,732273,16692.29,66662,493853,67.44
2025-06-03,COROMANDEL, EQ, 03-Jun-2025,2283.4,2294.8,2361.0,2290.7,2327.9,2314.9,2331.89,785343,18313.33,55068,497505,63.35
2025-06-04,COROMANDEL, EQ, 04-Jun-2025,2314.9,2327.6,2361.9,2284.3,2323.0,2330.1,2317.51,854221,19796.67,67995,497118,58.2
2025-06-05,COROMANDEL, EQ, 05-Jun-2025,2330.1,2342.0,2352.3,2274.4,2309.9,2315.9,2307.04,678605,15655.69,56953,382739,56.4
2025-06-06,COROMANDEL, EQ, 06-Jun-2025,2315.9,2315.1,2321.6,2282.0,2285.5,2298.3,2300.08,413723,9515.96,21843,238140,57.56
2025-06-09,COROMANDEL, EQ, 09-Jun-2025,2298.3,2301.9,2420.0,2301.9,2407.0,2411.2,2369.59,882890,20920.9,63602,540049,61.17
2025-06-10,COROMANDEL, EQ, 10-Jun-2025,2411.2,2411.2,2411.2,2312.1,2330.8,2330.5,2338.24,604378,14131.82,50767,312916,51.77
2025-06-11,COROMANDEL, EQ, 11-Jun-2025,2330.5,2330.5,2400.0,2328.0,2375.1,2381.2,2376.13,681544,16194.4,54449,371522,54.51
2025-06-12,COROMANDEL, EQ, 12-Jun-2025,2381.2,2381.2,2381.2,2293.0,2311.0,2307.1,2324.32,415831,9665.23,33717,226401,54.45
2025-06-13,COROMANDEL, EQ, 13-Jun-2025,2307.1,2302.5,2306.3,2255.6,2298.3,2291.4,2285.61,430468,9838.8,33190,242245,56.27
2025-06-16,COROMANDEL, EQ, 16-Jun-2025,2291.4,2301.0,2308.5,2260.0,2270.0,2265.8,2274.77,318117,7236.44,27261,176616,55.52
2025-06-17,COROMANDEL, EQ, 17-Jun-2025,2265.8,2284.9,2362.0,2277.1,2303.4,2307.7,2316.01,943919,21861.21,50596,508687,53.89
2025-06-18,COROMANDEL, EQ, 18-Jun-2025,2307.7,2312.1,2325.5,2276.6,2289.9,2291.4,2294.23,307879,7063.46,32753,187049,60.75
2025-06-19,COROMANDEL, EQ, 19-Jun-2025,2291.4,2300.0,2355.0,2285.0,2291.7,2304.0,2320.37,591489,13724.7,46678,308634,52.18
2025-06-20,COROMANDEL, EQ, 20-Jun-2025,2304.0,2304.8,2342.9,2278.0,2312.0,2315.9,2311.0,601797,13907.53,39643,334600,55.6
2025-06-23,COROMANDEL, EQ, 23-Jun-2025,2315.9,2290.5,2336.2,2285.5,2313.9,2320.1,2314.51,210454,4870.97,27376,110445,52.48
2025-06-24,COROMANDEL, EQ, 24-Jun-2025,2320.1,2337.5,2420.0,2300.0,2420.0,2389.1,2362.66,499928,11811.6,47750,287572,57.52
2025-06-25,COROMANDEL, EQ, 25-Jun-2025,2389.1,2400.9,2413.5,2339.4,2347.1,2354.8,2365.05,415402,9824.45,61673,269008,64.76
2025-06-26,COROMANDEL, EQ, 26-Jun-2025,2354.8,2359.9,2368.4,2268.0,2275.1,2279.1,2299.78,442876,10185.17,48290,303656,68.56
2025-06-27,COROMANDEL, EQ, 27-Jun-2025,2279.1,2285.0,2548.0,2208.0,2400.0,2432.2,2344.36,1406562,32974.83,109086,689784,49.04
2025-06-30,COROMANDEL, EQ, 30-Jun-2025,2432.2,2435.1,2519.0,2358.8,2495.9,2505.2,2451.68,771737,18920.5,82210,381928,49.49
2025-07-01,COROMANDEL, EQ, 01-Jul-2025,2505.2,2505.0,2505.0,2311.5,2326.7,2325.6,2352.11,1187269,27925.85,75647,593945,50.03
2025-07-02,COROMANDEL, EQ, 02-Jul-2025,2325.6,2327.8,2353.9,2249.6,2270.0,2273.0,2287.63,880541,20143.51,63135,432707,49.14
2025-07-03,COROMANDEL, EQ, 03-Jul-2025,2273.0,2296.6,2375.9,2226.1,2237.8,2233.6,2302.16,1173803,27022.85,77902,337564,28.76
2025-07-04,COROMANDEL, EQ, 04-Jul-2025,2233.6,2250.7,2267.5,2223.0,2231.0,2233.7,2242.0,530031,11883.29,34816,282036,53.21
2025-07-07,COROMANDEL, EQ, 07-Jul-2025,2233.7,2237.0,2272.0,2215.3,2258.6,2267.5,2248.4,273770,6155.44,36210,122317,44.68
2025-07-08,COROMANDEL, EQ, 08-Jul-2025,2267.5,2262.6,2262.6,2184.6,2218.0,2207.6,2216.24,591821,13116.19,39975,346461,58.54
2025-07-09,COROMANDEL, EQ, 09-Jul-2025,2207.6,2218.0,2311.5,2204.0,2285.0,2302.4,2277.18,638227,14533.55,41802,322617,50.55
2025-07-10,COROMANDEL, EQ, 10-Jul-2025,2302.4,2299.9,2307.9,2270.0,2292.1,2297.2,2293.7,431315,9893.06,33643,280023,64.92
2025-07-11,COROMANDEL, EQ, 11-Jul-2025,2297.2,2303.9,2340.3,2277.6,2323.0,2324.8,2322.55,443034,10289.67,32996,254967,57.55
2025-07-14,COROMANDEL, EQ, 14-Jul-2025,2324.8,2325.0,2395.0,2304.7,2379.0,2385.2,2359.84,739309,17446.53,35345,511553,69.19
2025-07-15,COROMANDEL, EQ, 15-Jul-2025,2385.2,2387.0,2431.0,2331.0,2350.0,2345.9,2372.5,585277,13885.69,46786,332955,56.89
2025-07-16,COROMANDEL, EQ, 16-Jul-2025,2345.9,2358.8,2404.6,2358.7,2377.0,2378.5,2383.96,449897,10725.38,32324,231075,51.36
2025-07-17,COROMANDEL, EQ, 17-Jul-2025,2378.5,2377.0,2388.7,2335.0,2350.0,2346.7,2353.19,400687,9428.92,28240,276839,69.09
2025-07-18,COROMANDEL, EQ, 18-Jul-2025,2346.7,2349.9,2357.8,2289.4,2308.9,2311.0,2315.94,303976,7039.9,30410,191832,63.11
2025-07-21,COROMANDEL, EQ, 21-Jul-2025,2311.0,2310.0,2374.0,2293.6,2336.0,2339.3,2342.17,269359,6308.84,31234,133257,49.47
2025-07-22,COROMANDEL, EQ, 22-Jul-2025,2339.3,2339.4,2366.0,2321.5,2353.8,2354.1,2345.47,282112,6616.84,23967,166184,58.91
2025-07-23,COROMANDEL, EQ, 23-Jul-2025,2354.1,2367.0,2370.0,2311.7,2326.0,2331.2,2330.21,205589,4790.65,25902,141779,68.96
2025-07-24,COROMANDEL, EQ, 24-Jul-2025,2331.2,2331.2,2459.7,2316.2,2443.1,2428.1,2401.43,1175706,28233.71,91899,472478,40.19
2025-07-25,COROMANDEL, EQ, 25-Jul-2025,2428.1,2469.3,2486.4,2405.6,2436.8,2442.8,2437.57,795879,19400.12,57261,339531,42.66
2025-07-28,COROMANDEL, EQ, 28-Jul-2025,2442.8,2440.0,2445.0,2388.1,2410.0,2412.9,2414.14,381317,9205.54,40769,221203,58.01
2025-07-29,COROMANDEL, EQ, 29-Jul-2025,2412.9,2401.8,2537.8,2401.3,2500.0,2495.4,2488.28,1229394,30590.82,79611,625497,50.88
2025-07-30,COROMANDEL, EQ, 30-Jul-2025,2495.4,2520.0,2662.0,2509.1,2637.0,2652.7,2611.34,1517159,39618.22,91667,509518,33.58
2025-07-31,COROMANDEL, EQ, 31-Jul-2025,2652.7,2630.0,2718.9,2616.4,2670.0,2691.4,2663.45,787078,20963.41,61658,223282,28.37
2025-08-01,COROMANDEL, EQ, 01-Aug-2025,2691.4,2673.0,2688.3,2577.3,2590.0,2590.4,2626.33,366913,9636.36,33182,145506,39.66
2025-08-04,COROMANDEL, EQ, 04-Aug-2025,2590.4,2610.0,2668.3,2529.1,2540.0,2542.2,2581.41,427636,11039.04,43545,229465,53.66
2025-08-05,COROMANDEL, EQ, 05-Aug-2025,2542.2,2555.0,2629.5,2541.5,2624.1,2619.0,2599.41,666848,17334.08,49096,382609,57.38
2025-08-06,COROMANDEL, EQ, 06-Aug-2025,2619.0,2620.0,2647.0,2490.0,2499.8,2504.4,2530.16,389613,9857.82,41032,186909,47.97
2025-08-07,COROMANDEL, EQ, 07-Aug-2025,2504.4,2504.8,2506.0,2439.6,2444.1,2446.6,2464.96,273468,6740.86,40106,152074,55.61
2025-08-08,COROMANDEL, EQ, 08-Aug-2025,2446.6,2457.4,2457.5,2401.6,2412.0,2420.1,2424.38,204518,4958.3,21712,92918,45.43
2025-08-11,COROMANDEL, EQ, 11-Aug-2025,2420.1,2420.1,2464.9,2407.4,2436.8,2441.6,2438.33,177015,4316.22,26531,74518,42.1
2025-08-12,COROMANDEL, EQ, 12-Aug-2025,2441.6,2453.0,2453.0,2383.7,2384.0,2397.2,2407.94,198802,4787.03,24349,131246,66.02
2025-08-13,COROMANDEL, EQ, 13-Aug-2025,2397.2,2365.0,2376.0,2228.5,2260.0,2257.7,2274.37,890602,20255.57,92212,482818,54.21
2025-08-14,COROMANDEL, EQ, 14-Aug-2025,2257.7,2262.8,2369.4,2260.0,2357.0,2353.2,2328.02,556699,12960.08,56362,228975,41.13
2025-08-18,COROMANDEL, EQ, 18-Aug-2025,2353.2,2372.9,2430.7,2370.2,2406.1,2408.9,2404.1,518543,12466.29,45058,363533,70.11
2025-08-19,COROMANDEL, EQ, 19-Aug-2025,2408.9,2408.9,2421.9,2374.0,2381.9,2382.4,2392.34,227842,5450.77,34097,126807,55.66
2025-08-20,COROMANDEL, EQ, 20-Aug-2025,2382.4,2399.0,2460.0,2362.0,2420.0,2419.2,2419.63,267232,6466.03,30059,117495,43.97
2025-08-21,COROMANDEL, EQ, 21-Aug-2025,2419.2,2431.2,2500.0,2414.9,2425.0,2428.9,2454.37,349913,8588.15,46889,166297,47.53
2025-08-22,COROMANDEL, EQ, 22-Aug-2025,2428.9,2428.9,2457.1,2414.9,2425.0,2422.9,2427.83,283461,6881.96,30440,194703,68.69
2025-08-25,COROMANDEL, EQ, 25-Aug-2025,2422.9,2425.0,2442.9,2382.1,2386.0,2389.9,2407.31,131834,3173.65,21384,64847,49.19
2025-08-26,COROMANDEL, EQ, 26-Aug-2025,2389.9,2389.8,2389.8,2327.9,2355.1,2372.0,2362.55,575727,13601.86,42693,389730,67.69
2025-08-28,COROMANDEL, EQ, 28-Aug-2025,2372.0,2359.2,2371.8,2255.1,2275.0,2265.2,2294.9,462493,10613.77,49944,302448,65.4
2025-08-29,COROMANDEL, EQ, 29-Aug-2025,2265.2,2280.0,2323.0,2240.0,2315.2,2309.1,2286.71,395955,9054.34,43295,203020,51.27
2025-09-01,COROMANDEL, EQ, 01-Sep-2025,2309.1,2309.0,2349.0,2280.0,2339.3,2339.4,2317.19,285725,6620.8,36966,124488,43.57
2025-09-02,COROMANDEL, EQ, 02-Sep-2025,2339.4,2345.0,2357.0,2280.0,2325.0,2305.6,2312.7,298759,6909.39,31568,132312,44.29
2025-09-03,COROMANDEL, EQ, 03-Sep-2025,2305.6,2323.1,2403.9,2305.0,2340.0,2354.7,2367.56,588659,13936.84,53512,259866,44.15
2025-09-04,COROMANDEL, EQ, 04-Sep-2025,2354.7,2405.0,2405.0,2267.8,2302.0,2296.0,2301.97,404064,9301.45,52425,207871,51.45
2025-09-05,COROMANDEL, EQ, 05-Sep-2025,2296.0,2314.0,2328.7,2250.0,2265.0,2257.9,2278.46,233510,5320.43,38216,137047,58.69
2025-09-08,COROMANDEL, EQ, 08-Sep-2025,2257.9,2258.5,2274.8,2176.2,2191.9,2185.2,2210.68,459424,10156.4,46840,267103,58.14
2025-09-09,COROMANDEL, EQ, 09-Sep-2025,2185.2,2197.5,2224.0,2188.1,2211.7,2216.4,2215.8,286752,6353.84,35156,178362,62.2
2025-09-10,COROMANDEL, EQ, 10-Sep-2025,2216.4,2222.9,2251.4,2207.2,2219.0,2218.7,2223.62,429947,9560.39,49693,317845,73.93
2025-09-11,COROMANDEL, EQ, 11-Sep-2025,2218.7,2222.0,2240.9,2208.3,2228.0,2233.3,2229.9,317065,7070.24,29883,216802,68.38
2025-09-12,COROMANDEL, EQ, 12-Sep-2025,2233.3,2242.0,2282.6,2222.4,2230.0,2228.8,2253.35,267401,6025.47,27327,134649,50.35
2025-09-15,COROMANDEL, EQ, 15-Sep-2025,2228.8,2228.8,2251.1,2190.1,2215.0,2215.0,2214.74,404062,8948.92,27270,259213,64.15
2025-09-16,COROMANDEL, EQ, 16-Sep-2025,2215.0,2223.0,2268.1,2206.6,2265.0,2265.6,2249.17,231534,5207.6,22943,147384,63.66
2025-09-17,COROMANDEL, EQ, 17-Sep-2025,2265.6,2276.0,2335.0,2230.2,2317.9,2327.4,2296.32,351341,8067.93,33089,196012,55.79
2025-09-18,COROMANDEL, EQ, 18-Sep-2025,2327.4,2315.0,2326.6,2276.6,2313.0,2304.7,2302.03,256269,5899.39,27648,138488,54.04
2025-09-19,COROMANDEL, EQ, 19-Sep-2025,2304.7,2319.0,2342.0,2215.2,2281.9,2261.5,2255.58,1002446,22611.0,73628,470465,46.93
2025-09-22,COROMANDEL, EQ, 22-Sep-2025,2261.5,2272.7,2306.1,2230.0,2270.0,2273.0,2270.54,264871,6014.0,28610,120955,45.67
2025-09-23,COROMANDEL, EQ, 23-Sep-2025,2273.0,2273.0,2289.0,2248.2,2250.0,2255.7,2269.68,214845,4876.3,32857,129655,60.35
2025-09-24,COROMANDEL, EQ, 24-Sep-2025,2255.7,2255.7,2260.5,2222.0,2228.0,2230.8,2236.88,227236,5083.0,33909,148479,65.34
2025-09-25,COROMANDEL, EQ, 25-Sep-2025,2230.8,2241.0,2283.0,2231.0,2238.2,2238.6,2256.11,286040,6453.37,39752,142561,49.84
2025-09-26,COROMANDEL, EQ, 26-Sep-2025,2238.6,2244.9,2251.5,2167.0,2203.0,2186.7,2217.45,322266,7146.1,49730,183462,56.93
2025-09-29,COROMANDEL, EQ, 29-Sep-2025,2186.7,2186.5,2285.0,2139.0,2279.0,2238.5,2200.04,962691,21179.55,85226,544554,56.57
2025-09-30,COROMANDEL, EQ, 30-Sep-2025,2238.5,2235.1,2299.0,2189.1,2250.0,2248.4,2249.74,531827,11964.7,64309,314560,59.15
2025-10-01,COROMANDEL, EQ, 01-Oct-2025,2248.4,2242.6,2255.0,2208.1,2250.0,2251.0,2233.42,320504,7158.21,52228,162212,50.61
2025-10-03,COROMANDEL, EQ, 03-Oct-2025,2251.0,2254.0,2315.0,2242.0,2302.0,2301.5,2294.56,409115,9387.4,45542,255685,62.5
2025-10-06,COROMANDEL, EQ, 06-Oct-2025,2301.5,2312.5,2365.0,2281.2,2350.0,2350.5,2321.66,210838,4894.95,26846,115458,54.76
2025-10-07,COROMANDEL, EQ, 07-Oct-2025,2350.5,2342.0,2344.7,2280.0,2288.0,2288.4,2306.06,230332,5311.6,34312,119393,51.84
2025-10-08,COROMANDEL, EQ, 08-Oct-2025,2288.4,2282.1,2289.6,2230.8,2233.0,2242.4,2258.35,153742,3472.03,29436,88244,57.4
2025-10-09,COROMANDEL, EQ, 09-Oct-2025,2242.4,2230.1,2256.0,2222.2,2236.5,2243.8,2239.79,141924,3178.8,23401,71193,50.16
2025-10-10,COROMANDEL, EQ, 10-Oct-2025,2243.8,2243.8,2243.8,2215.6,2225.0,2220.5,2225.77,169793,3779.2,27935,102497,60.37
2025-10-13,COROMANDEL, EQ, 13-Oct-2025,2220.5,2220.3,2245.0,2206.6,2220.0,2219.2,2225.2,170534,3794.72,29070,103039,60.42
2025-10-14,COROMANDEL, EQ, 14-Oct-2025,2219.2,2222.1,2228.7,2170.0,2175.9,2177.1,2190.97,179082,3923.63,21261,121743,67.98
2025-10-15,COROMANDEL, EQ, 15-Oct-2025,2177.1,2193.0,2208.7,2159.1,2193.6,2198.2,2192.28,209949,4602.67,24973,125703,59.87
2025-10-16,COROMANDEL, EQ, 16-Oct-2025,2198.2,2201.0,2209.0,2155.6,2169.6,2162.2,2170.47,217662,4724.29,28053,138719,63.73
2025-10-17,COROMANDEL, EQ, 17-Oct-2025,2162.2,2172.9,2201.1,2142.0,2158.8,2146.6,2163.77,235602,5097.88,24707,125360,53.21
2025-10-20,COROMANDEL, EQ, 20-Oct-2025,2146.6,2151.9,2184.4,2147.0,2177.0,2175.0,2170.81,184901,4013.86,25221,120124,64.97
2025-10-21,COROMANDEL, EQ, 21-Oct-2025,2175.0,2186.0,2193.9,2173.0,2175.1,2179.0,2182.72,14054,306.76,2339,7816,55.61
2025-10-23,COROMANDEL, EQ, 23-Oct-2025,2179.0,2179.8,2215.0,2160.4,2163.2,2164.0,2180.96,226531,4940.54,26556,149638,66.06
2025-10-24,COROMANDEL, EQ, 24-Oct-2025,2164.0,2179.0,2205.0,2135.2,2175.1,2163.1,2154.81,222333,4790.85,28170,127770,57.47
2025-10-27,COROMANDEL, EQ, 27-Oct-2025,2163.1,2181.5,2249.5,2158.5,2244.2,2244.8,2230.26,534017,11909.95,48866,324283,60.73
2025-10-28,COROMANDEL, EQ, 28-Oct-2025,2244.8,2262.9,2291.9,2222.6,2248.9,2241.0,2251.73,377521,8500.74,40705,205577,54.45
2025-10-29,COROMANDEL, EQ, 29-Oct-2025,2241.0,2299.0,2322.0,2236.0,2257.9,2254.6,2268.9,602183,13662.95,50275,303208,50.35
2025-10-30,COROMANDEL, EQ, 30-Oct-2025,2254.6,2265.3,2272.6,2132.0,2168.9,2174.2,2191.93,1562637,34251.84,111254,595937,38.14
2025-10-31,COROMANDEL, EQ, 31-Oct-2025,2174.2,2180.8,2221.4,2099.8,2137.0,2124.6,2137.01,873420,18665.04,82099,416717,47.71
2025-11-03,COROMANDEL, EQ, 03-Nov-2025,2124.6,2115.5,2165.2,2100.2,2160.0,2144.2,2122.25,594104,12608.37,62990,377870,63.6
2025-11-04,COROMANDEL, EQ, 04-Nov-2025,2144.2,2155.0,2189.2,2123.0,2175.0,2168.8,2161.53,626160,13534.61,58996,409489,65.4
2025-11-06,COROMANDEL, EQ, 06-Nov-2025,2168.8,2168.8,2175.0,2126.9,2145.0,2150.1,2153.83,347409,7482.6,48277,240511,69.23
2025-11-07,COROMANDEL, EQ, 07-Nov-2025,2150.1,2095.5,2155.0,2095.5,2149.0,2146.4,2137.01,214851,4591.4,29579,120969,56.3
2025-11-10,COROMANDEL, EQ, 10-Nov-2025,2146.4,2160.0,2172.2,2125.3,2160.0,2166.1,2158.18,291081,6282.06,29663,198145,68.07
2025-11-11,COROMANDEL, EQ, 11-Nov-2025,2166.1,2166.0,2185.5,2161.0,2175.0,2177.9,2175.06,237493,5165.61,31906,154569,65.08
2025-11-12,COROMANDEL, EQ, 12-Nov-2025,2177.9,2177.9,2199.9,2152.8,2185.0,2184.8,2176.17,280721,6108.98,32662,182165,64.89
2025-11-13,COROMANDEL, EQ, 13-Nov-2025,2184.8,2190.0,2234.0,2186.6,2205.0,2210.2,2215.41,256558,5683.82,28555,152211,59.33
2025-11-14,COROMANDEL, EQ, 14-Nov-2025,2210.2,2208.9,2208.9,2172.1,2203.0,2202.7,2196.83,259802,5707.42,19754,167619,64.52
2025-11-17,COROMANDEL, EQ, 17-Nov-2025,2202.7,2203.0,2229.4,2182.7,2204.0,2212.4,2211.17,346342,7658.21,29133,241175,69.63
2025-11-18,COROMANDEL, EQ, 18-Nov-2025,2212.4,2214.9,2241.0,2200.0,2240.0,2232.6,2225.31,241891,5382.84,30688,174049,71.95
2025-11-19,COROMANDEL, EQ, 19-Nov-2025,2232.6,2246.0,2264.5,2222.5,2233.0,2240.7,2244.46,268695,6030.74,46529,177767,66.16
2025-11-20,COROMANDEL, EQ, 20-Nov-2025,2240.7,2229.5,2271.7,2202.0,2264.0,2264.4,2245.53,325847,7317.01,36346,190057,58.33
2025-11-21,COROMANDEL, EQ, 21-Nov-2025,2264.4,2270.0,2290.0,2234.5,2265.0,2262.8,2259.72,324244,7326.99,31897,188153,58.03
2025-11-24,COROMANDEL, EQ, 24-Nov-2025,2262.8,2273.0,2320.0,2223.0,2305.1,2301.0,2284.64,604866,13819.02,44586,384062,63.5
2025-11-25,COROMANDEL, EQ, 25-Nov-2025,2301.0,2301.0,2310.4,2252.0,2300.0,2304.1,2287.92,242881,5556.92,24720,138213,56.91
2025-11-26,COROMANDEL, EQ, 26-Nov-2025,2304.1,2304.1,2304.1,2272.5,2300.0,2298.0,2289.26,277618,6355.4,19934,201267,72.5
2025-11-27,COROMANDEL, EQ, 27-Nov-2025,2298.0,2309.0,2373.0,2301.4,2372.0,2366.7,2345.69,459645,10781.83,41713,231820,50.43
2025-11-28,COROMANDEL, EQ, 28-Nov-2025,2366.7,2370.0,2407.5,2340.0,2375.0,2382.1,2385.05,475182,11333.35,36427,319390,67.21
2025-12-01,COROMANDEL, EQ, 01-Dec-2025,2382.1,2394.0,2400.3,2326.6,2400.3,2392.3,2373.0,322219,7646.25,29871,189823,58.91
2025-12-02,COROMANDEL, EQ, 02-Dec-2025,2392.3,2404.1,2425.0,2328.0,2337.1,2343.2,2357.29,502090,11835.7,39652,312040,62.15
2025-12-03,COROMANDEL, EQ, 03-Dec-2025,2343.2,2330.0,2337.1,2277.1,2316.0,2318.1,2310.49,519365,11999.9,35676,350468,67.48
2025-12-04,COROMANDEL, EQ, 04-Dec-2025,2318.1,2310.0,2318.0,2290.0,2295.0,2303.5,2303.91,299916,6909.79,27960,210089,70.05
2025-12-05,COROMANDEL, EQ, 05-Dec-2025,2303.5,2295.0,2315.0,2255.0,2285.8,2300.3,2283.48,321718,7346.36,35379,183889,57.16
2025-12-08,COROMANDEL, EQ, 08-Dec-2025,2300.3,2300.3,2325.0,2280.9,2310.0,2314.7,2305.35,310230,7151.89,40519,190119,61.28
2025-12-09,COROMANDEL, EQ, 09-Dec-2025,2314.7,2315.0,2394.2,2270.0,2375.0,2368.1,2327.45,427685,9954.17,46730,271030,63.37
2025-12-10,COROMANDEL, EQ, 10-Dec-2025,2368.1,2375.0,2375.0,2275.0,2289.8,2283.5,2311.75,234281,5416.0,28734,122982,52.49
2025-12-11,COROMANDEL, EQ, 11-Dec-2025,2283.5,2284.3,2285.1,2236.0,2258.0,2248.9,2255.15,248542,5604.98,21838,154461,62.15
2025-12-12,COROMANDEL, EQ, 12-Dec-2025,2248.9,2260.9,2339.9,2253.2,2315.0,2326.6,2317.42,271513,6292.09,27463,141421,52.09
2025-12-15,COROMANDEL, EQ, 15-Dec-2025,2326.6,2305.0,2342.0,2286.1,2324.0,2322.7,2307.41,235339,5430.24,27865,136355,57.94
2025-12-16,COROMANDEL, EQ, 16-Dec-2025,2322.7,2322.9,2342.0,2300.2,2302.3,2314.3,2320.92,134934,3131.71,15720,65832,48.79
2025-12-17,COROMANDEL, EQ, 17-Dec-2025,2314.3,2305.0,2322.2,2242.2,2265.0,2261.3,2265.05,289065,6547.47,28056,178223,61.65
2025-12-18,COROMANDEL, EQ, 18-Dec-2025,2261.3,2255.8,2257.8,2210.4,2250.0,2247.9,2239.58,249316,5583.63,25406,143876,57.71
2025-12-19,COROMANDEL, EQ, 19-Dec-2025,2247.9,2249.2,2499.0,2231.5,2425.0,2358.5,2329.44,901115,20990.91,56309,532498,59.09
2025-12-22,COROMANDEL, EQ, 22-Dec-2025,2358.5,2390.0,2418.1,2335.8,2375.0,2395.7,2377.09,329693,7837.1,35415,181288,54.99
2025-12-23,COROMANDEL, EQ, 23-Dec-2025,2395.7,2390.0,2418.8,2344.1,2412.0,2408.2,2381.19,208907,4974.48,26870,88467,42.35
2025-12-24,COROMANDEL, EQ, 24-Dec-2025,2408.2,2406.7,2429.9,2391.2,2405.0,2400.0,2411.34,96565,2328.51,17932,37670,39.01
2025-12-26,COROMANDEL, EQ, 26-Dec-2025,2400.0,2400.0,2409.8,2348.9,2368.0,2354.8,2367.43,120712,2857.78,16029,60244,49.91
2025-12-29,COROMANDEL, EQ, 29-Dec-2025,2354.8,2357.0,2409.0,2349.9,2370.0,2363.8,2379.94,206785,4921.36,20301,116675,56.42
2025-12-30,COROMANDEL, EQ, 30-Dec-2025,2363.8,2380.5,2392.0,2201.5,2265.5,2236.5,2248.48,1849292,41580.94,155210,1171265,63.34
2025-12-31,COROMANDEL, EQ, 31-Dec-2025,2236.5,2253.0,2340.0,2252.7,2268.0,2266.4,2296.52,541111,12426.71,54789,190959,35.29
2026-01-01,COROMANDEL, EQ, 01-Jan-2026,2266.4,2281.7,2281.7,2243.3,2265.0,2263.0,2260.86,134704,3045.47,14043,60107,44.62
2026-01-02,COROMANDEL, EQ, 02-Jan-2026,2263.0,2269.9,2293.9,2261.1,2278.0,2280.1,2277.87,111142,2531.67,17103,50442,45.39
2026-01-05,COROMANDEL, EQ, 05-Jan-2026,2280.1,2280.0,2304.8,2242.1,2281.6,2299.2,2282.33,183980,4199.03,26167,92602,50.33
2026-01-06,COROMANDEL, EQ, 06-Jan-2026,2299.2,2290.1,2317.5,2270.1,2315.0,2312.9,2301.12,208773,4804.12,27155,139638,66.89
2026-01-07,COROMANDEL, EQ, 07-Jan-2026,2312.9,2304.7,2331.0,2298.1,2320.0,2317.5,2313.4,128534,2973.5,16598,72225,56.19
2026-01-08,COROMANDEL, EQ, 08-Jan-2026,2317.5,2317.5,2322.2,2260.0,2270.0,2271.2,2287.01,178172,4074.81,22615,105407,59.16
2026-01-09,COROMANDEL, EQ, 09-Jan-2026,2271.2,2271.2,2318.3,2250.0,2315.8,2308.4,2303.17,326503,7519.92,27336,199444,61.08
2026-01-12,COROMANDEL, EQ, 12-Jan-2026,2308.4,2304.8,2306.4,2238.5,2284.0,2289.2,2271.63,273781,6219.3,28321,163245,59.63
2026-01-13,COROMANDEL, EQ, 13-Jan-2026,2289.2,2309.0,2363.0,2284.7,2334.9,2351.4,2337.28,199578,4664.7,21092,109208,54.72
2026-01-14,COROMANDEL, EQ, 14-Jan-2026,2351.4,2350.0,2350.0,2311.0,2320.0,2320.5,2322.86,155802,3619.06,19198,90767,58.26
2026-01-16,COROMANDEL, EQ, 16-Jan-2026,2320.5,2320.5,2343.6,2301.9,2310.0,2321.6,2319.97,213566,4954.67,23970,122218,57.23
2026-01-19,COROMANDEL, EQ, 19-Jan-2026,2321.6,2310.0,2321.7,2263.5,2265.0,2271.2,2287.92,275725,6308.37,22035,202595,73.48
2026-01-20,COROMANDEL, EQ, 20-Jan-2026,2271.2,2284.9,2318.0,2250.6,2270.0,2270.9,2281.29,298266,6804.31,36795,157364,52.76
2026-01-21,COROMANDEL, EQ, 21-Jan-2026,2270.9,2270.0,2274.8,2174.5,2257.8,2261.5,2243.16,516002,11574.74,37006,310704,60.21
2026-01-22,COROMANDEL, EQ, 22-Jan-2026,2261.5,2270.0,2295.2,2254.5,2284.0,2280.2,2276.58,387406,8819.61,47652,275139,71.02
2026-01-23,COROMANDEL, EQ, 23-Jan-2026,2280.2,2284.0,2290.0,2232.5,2243.8,2247.9,2259.74,352674,7969.51,31409,221745,62.88
2026-01-27,COROMANDEL, EQ, 27-Jan-2026,2247.9,2259.9,2282.5,2227.0,2260.0,2257.7,2254.76,174336,3930.86,23978,99199,56.9
2026-01-28,COROMANDEL, EQ, 28-Jan-2026,2257.7,2260.0,2269.3,2220.0,2261.0,2256.7,2247.57,160555,3608.58,19328,94225,58.69
2026-01-29,COROMANDEL, EQ, 29-Jan-2026,2256.7,2256.7,2298.5,2221.0,2265.0,2249.5,2260.03,353765,7995.19,32906,138190,39.06
2026-01-30,COROMANDEL, EQ, 30-Jan-2026,2249.5,2228.1,2328.0,2186.0,2245.0,2282.6,2259.81,435048,9831.25,39303,258375,59.39
2026-02-01,COROMANDEL, EQ, 01-Feb-2026,2282.6,2282.6,2285.8,2202.2,2232.0,2218.0,2250.25,41473,933.25,6075,19655,47.39
2026-02-02,COROMANDEL, EQ, 02-Feb-2026,2218.0,2218.0,2239.5,2178.0,2235.0,2215.6,2200.23,160095,3522.45,27136,91889,57.4
2026-02-03,COROMANDEL, EQ, 03-Feb-2026,2215.6,2245.1,2300.0,2207.0,2280.0,2292.2,2268.12,197533,4480.29,27178,115396,58.42
2026-02-04,COROMANDEL, EQ, 04-Feb-2026,2292.2,2280.0,2295.4,2222.0,2268.0,2274.2,2260.1,218046,4928.06,29678,115917,53.16
2026-02-05,COROMANDEL, EQ, 05-Feb-2026,2274.2,2287.8,2295.0,2241.0,2252.8,2249.3,2259.72,120390,2720.47,15444,69367,57.62
2026-02-06,COROMANDEL, EQ, 06-Feb-2026,2249.3,2254.6,2279.8,2238.5,2252.0,2270.3,2262.42,205884,4657.97,29070,129568,62.93
2026-02-09,COROMANDEL, EQ, 09-Feb-2026,2270.3,2281.6,2307.0,2250.5,2287.0,2281.4,2280.39,289415,6599.8,29004,188944,65.28
2026-02-10,COROMANDEL, EQ, 10-Feb-2026,2281.4,2281.4,2288.9,2251.4,2275.0,2268.7,2263.88,230539,5219.12,30789,127488,55.3
2026-02-11,COROMANDEL, EQ, 11-Feb-2026,2268.7,2279.7,2289.0,2249.0,2271.9,2277.8,2271.45,209496,4758.6,28674,129245,61.69
2026-02-12,COROMANDEL, EQ, 12-Feb-2026,2277.8,2271.0,2276.6,2231.0,2268.0,2270.2,2255.06,356015,8028.34,33466,199621,56.07
2026-02-13,COROMANDEL, EQ, 13-Feb-2026,2270.2,2255.0,2300.0,2241.0,2288.0,2279.5,2272.76,323878,7360.95,29408,210413,64.97
2026-02-16,COROMANDEL, EQ, 16-Feb-2026,2279.5,2298.2,2299.0,2251.0,2296.8,2287.4,2272.49,223014,5067.98,19504,132457,59.39
2026-02-17,COROMANDEL, EQ, 17-Feb-2026,2287.4,2287.4,2382.0,2280.0,2358.0,2369.9,2359.11,285813,6742.64,26059,130010,45.49
2026-02-18,COROMANDEL, EQ, 18-Feb-2026,2369.9,2369.9,2399.0,2313.0,2341.4,2358.6,2360.33,222089,5242.03,32381,102530,46.17
2026-02-19,COROMANDEL, EQ, 19-Feb-2026,2358.6,2352.0,2352.5,2302.0,2319.0,2311.1,2317.57,142401,3300.24,16906,76682,53.85
2026-02-20,COROMANDEL, EQ, 20-Feb-2026,2311.1,2311.1,2342.0,2264.1,2274.9,2274.8,2296.52,140585,3228.57,17324,75105,53.42
2026-02-23,COROMANDEL, EQ, 23-Feb-2026,2274.8,2293.0,2298.0,2246.4,2290.7,2292.0,2281.36,146270,3336.95,17721,86874,59.39
2026-02-24,COROMANDEL, EQ, 24-Feb-2026,2292.0,2280.1,2295.8,2260.2,2275.5,2280.3,2280.88,103919,2370.27,15928,60068,57.8
2026-02-25,COROMANDEL, EQ, 25-Feb-2026,2280.3,2288.0,2324.9,2266.0,2310.0,2311.0,2295.13,206686,4743.71,16833,126467,61.19
2026-02-26,COROMANDEL, EQ, 26-Feb-2026,2311.0,2316.0,2335.0,2286.1,2333.0,2330.6,2311.35,232516,5374.26,34553,140495,60.42
2026-02-27,COROMANDEL, EQ, 27-Feb-2026,2330.6,2329.0,2329.0,2210.0,2219.0,2220.0,2237.82,876844,19622.21,58380,497875,56.78
2026-03-02,COROMANDEL, EQ, 02-Mar-2026,2220.0,2180.0,2204.0,2166.0,2175.9,2179.8,2182.95,264968,5784.13,28440,148084,55.89
2026-03-04,COROMANDEL, EQ, 04-Mar-2026,2179.8,2160.2,2168.4,2074.4,2090.5,2108.6,2102.05,468954,9857.64,45462,261770,55.82
2026-03-05,COROMANDEL, EQ, 05-Mar-2026,2108.6,2101.1,2115.6,2021.3,2055.0,2063.5,2046.8,583875,11950.72,61733,295940,50.69
2026-03-06,COROMANDEL, EQ, 06-Mar-2026,2063.5,2099.0,2099.0,1995.0,2043.0,2022.3,2025.84,467479,9470.39,45608,218451,46.73
2026-03-09,COROMANDEL, EQ, 09-Mar-2026,2022.3,1989.5,2006.8,1948.5,1999.0,1999.4,1982.77,222176,4405.24,42027,129434,58.26
2026-03-10,COROMANDEL, EQ, 10-Mar-2026,1999.4,2005.0,2115.9,1981.4,2083.0,2073.1,2029.44,1278400,25944.32,64611,817972,63.98
2026-03-11,COROMANDEL, EQ, 11-Mar-2026,2073.1,2083.0,2084.2,2010.0,2014.7,2020.7,2038.25,352473,7184.29,28077,221047,62.71
2026-03-12,COROMANDEL, EQ, 12-Mar-2026,2020.7,2009.9,2026.7,1959.1,2015.0,2008.5,2006.19,273943,5495.83,38098,160683,58.66
2026-03-13,COROMANDEL, EQ, 13-Mar-2026,2008.5,1990.2,2037.0,1970.5,2000.0,2002.4,2009.41,317323,6376.33,43717,152843,48.17
2026-03-16,COROMANDEL, EQ, 16-Mar-2026,2002.4,1999.9,2019.9,1947.7,1966.0,1958.8,1967.17,243802,4795.99,40536,135112,55.42
2026-03-17,COROMANDEL, EQ, 17-Mar-2026,1958.8,1958.8,2090.0,1955.0,2035.5,2037.9,2024.75,333875,6760.14,46998,117390,35.16
2026-03-18,COROMANDEL, EQ, 18-Mar-2026,2037.9,2037.0,2054.9,2004.7,2030.0,2024.8,2026.74,165303,3350.26,25972,74329,44.97
2026-03-19,COROMANDEL, EQ, 19-Mar-2026,2024.8,2019.1,2019.1,1965.0,1967.0,1973.7,1988.57,201142,3999.85,32440,114926,57.14
2026-03-20,COROMANDEL, EQ, 20-Mar-2026,1973.7,2015.0,2015.0,1902.6,1908.1,1911.0,1936.81,728762,14114.75,68047,423351,58.09
2026-03-23,COROMANDEL, EQ, 23-Mar-2026,1911.0,1901.0,1904.5,1818.1,1843.0,1846.5,1845.46,347151,6406.52,34074,205772,59.27
2026-03-24,COROMANDEL, EQ, 24-Mar-2026,1846.5,1888.0,1948.0,1846.1,1940.0,1940.1,1916.54,249783,4787.19,30094,139627,55.9
2026-03-25,COROMANDEL, EQ, 25-Mar-2026,1940.1,1940.1,2027.0,1937.2,2010.9,2015.4,2006.12,232207,4658.34,35761,120762,52.01
2026-03-27,COROMANDEL, EQ, 27-Mar-2026,2015.4,2010.9,2014.0,1915.2,1929.6,1930.9,1948.74,695498,13553.47,76450,416052,59.82
2026-03-30,COROMANDEL, EQ, 30-Mar-2026,1930.9,1902.0,1929.9,1869.0,1917.0,1909.8,1905.63,511101,9739.71,35740,245343,48.0
2026-04-01,COROMANDEL, EQ, 01-Apr-2026,1909.8,1935.0,1968.8,1898.3,1912.0,1918.7,1937.31,568550,11014.57,41803,323676,56.93
2026-04-02,COROMANDEL, EQ, 02-Apr-2026,1918.7,1890.0,1895.0,1829.9,1874.6,1878.3,1866.18,292906,5466.15,41923,160351,54.74
2026-04-06,COROMANDEL, EQ, 06-Apr-2026,1878.3,1897.0,1912.4,1850.0,1884.0,1892.2,1880.68,334620,6293.13,45490,162206,48.47
2026-04-07,COROMANDEL, EQ, 07-Apr-2026,1892.2,1863.0,2040.0,1860.0,2000.9,2010.9,1979.72,861108,17047.51,67761,196887,22.86
2026-04-08,COROMANDEL, EQ, 08-Apr-2026,2010.9,2050.1,2155.0,2040.1,2113.0,2116.0,2102.01,385595,8105.23,41157,163850,42.49
2026-04-09,COROMANDEL, EQ, 09-Apr-2026,2116.0,2115.0,2162.4,2092.3,2145.0,2146.3,2145.21,389733,8360.58,62297,229989,59.01
2026-04-10,COROMANDEL, EQ, 10-Apr-2026,2146.3,2197.0,2197.9,2134.8,2152.0,2154.8,2158.51,586766,12665.4,25997,442623,75.43
2026-04-13,COROMANDEL, EQ, 13-Apr-2026,2154.8,2097.8,2159.3,2071.3,2100.0,2093.6,2108.3,209379,4414.33,37135,106843,51.03
2026-04-15,COROMANDEL, EQ, 15-Apr-2026,2093.6,2111.9,2131.4,2085.0,2088.0,2089.6,2103.98,572264,12040.32,47163,412438,72.07
2026-04-16,COROMANDEL, EQ, 16-Apr-2026,2089.6,2107.0,2115.0,2063.6,2072.0,2077.8,2084.42,318861,6646.39,40445,193714,60.75
2026-04-17,COROMANDEL, EQ, 17-Apr-2026,2077.8,2077.1,2082.8,2029.9,2052.0,2050.2,2048.34,500450,10250.92,44833,284544,56.86
2026-04-20,COROMANDEL, EQ, 20-Apr-2026,2050.2,2060.0,2086.0,2040.0,2073.0,2074.9,2066.4,451210,9323.83,36071,311415,69.02
2026-04-21,COROMANDEL, EQ, 21-Apr-2026,2074.9,2088.0,2089.9,2044.9,2050.7,2055.6,2072.01,530051,10982.7,35305,371951,70.17
2026-04-22,COROMANDEL, EQ, 22-Apr-2026,2055.6,2055.6,2064.5,2015.1,2042.0,2034.5,2035.58,394042,8021.03,41176,215943,54.8
2026-04-23,COROMANDEL, EQ, 23-Apr-2026,2034.5,2034.5,2058.0,2023.0,2042.2,2039.8,2037.21,226788,4620.15,25668,145272,64.06
2026-04-24,COROMANDEL, EQ, 24-Apr-2026,2039.8,2039.8,2054.0,1983.0,1995.0,1995.3,2006.3,335532,6731.79,25972,182803,54.48
2026-04-27,COROMANDEL, EQ, 27-Apr-2026,1995.3,1986.0,2043.9,1982.4,2030.1,2031.1,2027.16,276004,5595.04,25465,168301,60.98
2026-04-28,COROMANDEL, EQ, 28-Apr-2026,2031.1,2031.1,2038.3,1996.1,2015.0,2010.7,2017.41,314841,6351.64,25523,178050,56.55
2026-04-29,COROMANDEL, EQ, 29-Apr-2026,2010.7,2027.5,2027.5,1990.1,2003.9,2007.9,2008.11,275336,5529.06,26857,160187,58.18
2026-04-30,COROMANDEL, EQ, 30-Apr-2026,2007.9,2004.0,2007.9,1955.7,1994.8,1981.7,1981.38,385687,7641.93,42098,242613,62.9
2026-05-04,COROMANDEL, EQ, 04-May-2026,1981.7,1990.2,2036.2,1990.2,1996.1,2000.5,2006.44,315641,6333.16,39180,182161,57.71
2026-05-05,COROMANDEL, EQ, 05-May-2026,2000.5,2002.3,2018.4,1961.0,2012.9,2011.4,1989.99,367748,7318.15,47153,199526,54.26
2026-05-06,COROMANDEL, EQ, 06-May-2026,2011.4,2021.5,2029.0,1991.1,2021.0,2018.1,2006.37,413269,8291.71,31274,240776,58.26
2026-05-07,COROMANDEL, EQ, 07-May-2026,2018.1,2035.0,2035.0,1931.5,1968.0,1965.0,1973.1,890524,17570.91,77611,356084,39.99
2026-05-08,COROMANDEL, EQ, 08-May-2026,1965.0,1961.7,1984.3,1901.8,1928.9,1927.6,1927.99,557581,10750.09,45746,257971,46.27
2026-05-11,COROMANDEL, EQ, 11-May-2026,1927.6,1924.9,1925.0,1858.4,1868.0,1866.2,1883.09,460964,8680.35,55009,277606,60.22
2026-05-12,COROMANDEL, EQ, 12-May-2026,1866.2,1880.0,1909.5,1839.3,1871.0,1872.7,1877.75,495147,9297.65,57291,255017,51.5
2026-05-13,COROMANDEL, EQ, 13-May-2026,1872.7,1872.7,1880.0,1814.9,1865.6,1860.5,1853.72,471948,8748.61,45682,251708,53.33
2026-05-14,COROMANDEL, EQ, 14-May-2026,1860.5,1860.5,1885.0,1828.0,1855.0,1860.3,1855.72,298182,5533.43,32571,182638,61.25
2026-05-15,COROMANDEL, EQ, 15-May-2026,1860.3,1865.0,1880.0,1835.0,1867.0,1865.8,1854.47,364051,6751.22,27839,225480,61.94
2026-05-18,COROMANDEL, EQ, 18-May-2026,1865.8,1849.9,1860.0,1786.0,1840.0,1837.2,1820.85,456255,8307.73,53736,233597,51.2
2026-05-19,COROMANDEL, EQ, 19-May-2026,1837.2,1837.2,1915.5,1829.4,1878.7,1877.1,1882.85,475004,8943.62,41140,314568,66.22
2026-05-20,COROMANDEL, EQ, 20-May-2026,1877.1,1877.0,1880.0,1828.0,1864.2,1871.6,1849.01,372943,6895.77,33637,210558,56.46
2026-05-21,COROMANDEL, EQ, 21-May-2026,1871.6,1880.4,1896.4,1854.1,1879.0,1882.7,1880.27,515835,9699.09,25345,331733,64.31
2026-05-22,COROMANDEL, EQ, 22-May-2026,1882.7,1877.0,1889.0,1803.8,1823.0,1819.4,1830.09,556925,10192.23,64378,339983,61.05
2026-05-25,COROMANDEL, EQ, 25-May-2026,1819.4,1825.2,1854.1,1817.6,1840.1,1841.5,1837.41,468484,8607.96,29563,302736,64.62
2026-05-26,COROMANDEL, EQ, 26-May-2026,1841.5,1842.2,1860.0,1838.0,1848.7,1846.8,1850.62,135492,2507.44,18638,67574,49.87
2026-05-27,COROMANDEL, EQ, 27-May-2026,1846.8,1849.9,1885.9,1824.0,1825.0,1831.7,1847.94,374108,6913.28,52243,226167,60.46
2026-05-29,COROMANDEL, EQ, 29-May-2026,1831.7,1831.7,1848.9,1720.2,1763.2,1753.6,1769.68,1123484,19882.12,93648,751477,66.89
2026-06-01,COROMANDEL, EQ, 01-Jun-2026,1753.6,1766.5,1830.6,1766.5,1790.0,1787.7,1805.26,487413,8799.09,42999,265611,54.49
2026-06-02,COROMANDEL, EQ, 02-Jun-2026,1787.7,1774.1,1778.8,1735.1,1760.8,1758.3,1753.66,381257,6685.94,49266,234515,61.51
2026-06-03,COROMANDEL, EQ, 03-Jun-2026,1758.3,1749.5,1780.0,1731.0,1746.0,1745.6,1747.53,187179,3271.02,32697,102751,54.89
2026-06-04,COROMANDEL, EQ, 04-Jun-2026,1745.6,1745.6,1779.4,1729.1,1776.5,1763.0,1753.8,315159,5527.25,34475,178553,56.65
2026-06-05,COROMANDEL, EQ, 05-Jun-2026,1763.0,1783.0,1817.3,1770.3,1798.0,1796.8,1798.77,402350,7237.34,40213,213113,52.97
2026-06-08,COROMANDEL, EQ, 08-Jun-2026,1796.8,1794.9,1794.9,1706.5,1753.0,1751.1,1766.26,200173,3535.57,22754,112713,56.31
2026-06-09,COROMANDEL, EQ, 09-Jun-2026,1751.1,1751.1,1820.0,1745.5,1815.5,1807.1,1801.87,298605,5380.46,38535,162324,54.36
2026-06-10,COROMANDEL, EQ, 10-Jun-2026,1807.1,1815.5,1889.9,1809.8,1882.0,1880.7,1871.68,623772,11675.01,44079,287576,46.1
2026-06-11,COROMANDEL, EQ, 11-Jun-2026,1880.7,1876.8,1888.9,1840.0,1875.0,1865.6,1864.89,347574,6481.89,28079,188885,54.34
2026-06-12,COROMANDEL, EQ, 12-Jun-2026,1865.6,1876.0,1932.5,1858.0,1924.0,1916.7,1894.71,284986,5399.67,33754,164380,57.68
2026-06-15,COROMANDEL, EQ, 15-Jun-2026,1916.7,1935.9,1999.0,1917.0,1982.0,1986.3,1965.57,469504,9228.41,67055,255791,54.48
2026-06-16,COROMANDEL, EQ, 16-Jun-2026,1986.3,1995.0,2081.0,1980.8,2048.0,2059.7,2044.35,568500,11622.1,68079,293372,51.6
2026-06-17,COROMANDEL, EQ, 17-Jun-2026,2059.7,2059.7,2064.7,1996.8,2030.5,2035.9,2031.22,408840,8304.44,46645,237872,58.18
2026-06-18,COROMANDEL, EQ, 18-Jun-2026,2035.9,2035.9,2076.0,1996.4,2070.0,2068.2,2038.22,497010,10130.16,42538,274587,55.25
2026-06-19,COROMANDEL, EQ, 19-Jun-2026,2068.2,2068.2,2072.9,2002.0,2025.0,2015.2,2018.55,705768,14246.27,69573,462681,65.56
2026-06-22,COROMANDEL, EQ, 22-Jun-2026,2015.2,2025.0,2039.9,1977.0,1979.0,1987.7,1996.87,440750,8801.22,33631,299935,68.05
2026-06-23,COROMANDEL, EQ, 23-Jun-2026,1987.7,1992.0,2000.0,1977.8,1990.0,1992.8,1989.95,115101,2290.45,14994,68700,59.69
2026-06-24,COROMANDEL, EQ, 24-Jun-2026,1992.8,1995.0,1995.0,1968.1,1990.0,1983.4,1978.57,175801,3478.35,22369,68212,38.8
2026-06-25,COROMANDEL, EQ, 25-Jun-2026,1983.4,1998.8,2008.7,1966.0,2000.0,2000.4,1991.57,192526,3834.29,25599,100342,52.12
2026-06-29,COROMANDEL, EQ, 29-Jun-2026,2000.4,2004.0,2032.0,1900.3,1916.0,1913.9,1925.12,955126,18387.33,90379,626859,65.63
2026-06-30,COROMANDEL, EQ, 30-Jun-2026,1913.9,1919.9,2023.9,1918.0,2015.2,2005.0,1987.95,627136,12467.14,69916,321554,51.27
2026-07-01,COROMANDEL, EQ, 01-Jul-2026,2005.0,2004.5,2008.9,1940.0,2002.5,1993.2,1977.62,380528,7525.38,49274,182013,47.83
2026-07-02,COROMANDEL, EQ, 02-Jul-2026,1993.2,2002.5,2020.0,1971.6,2002.0,2006.3,1999.76,349361,6986.39,46243,201879,57.79
2026-07-03,COROMANDEL, EQ, 03-Jul-2026,2006.3,2016.2,2056.0,1996.1,2033.1,2034.3,2020.73,270143,5458.86,31340,148268,54.89
2026-07-06,COROMANDEL, EQ, 06-Jul-2026,2034.3,2039.9,2059.8,2012.9,2057.0,2055.4,2047.84,180422,3694.75,26165,103312,57.26
2026-07-07,COROMANDEL, EQ, 07-Jul-2026,2055.4,2065.0,2079.4,2040.8,2072.0,2074.4,2063.93,239758,4948.44,28710,146321,61.03
2026-07-08,COROMANDEL, EQ, 08-Jul-2026,2074.4,2065.0,2085.8,1990.7,2010.0,2009.0,2033.4,172052,3498.51,26825,85599,49.75
2026-07-09,COROMANDEL, EQ, 09-Jul-2026,2009.0,2010.2,2051.0,2003.1,2010.0,2014.3,2027.53,219341,4447.2,29326,115121,52.48
2026-07-10,COROMANDEL, EQ, 10-Jul-2026,2014.3,2024.8,2079.7,2021.0,2075.0,2067.8,2053.96,153573,3154.33,21672,89854,58.51
2026-07-13,COROMANDEL, EQ, 13-Jul-2026,2067.8,2059.0,2067.6,2025.1,2060.0,2060.1,2051.18,173632,3561.51,19387,97565,56.19
2026-07-14,COROMANDEL, EQ, 14-Jul-2026,2060.1,2056.9,2075.4,2035.1,2074.2,2071.6,2055.27,142797,2934.87,21401,67696,47.41
2026-07-15,COROMANDEL, EQ, 15-Jul-2026,2071.6,2074.9,2102.9,2046.3,2058.0,2056.1,2076.0,139167,2889.11,18720,59366,42.66
2026-07-16,COROMANDEL, EQ, 16-Jul-2026,2056.1,2062.0,2073.6,2014.8,2020.0,2022.2,2035.75,151447,3083.08,19538,91002,60.09
2026-07-17,COROMANDEL, EQ, 17-Jul-2026,2022.2,2010.0,2041.0,2000.1,2033.8,2034.3,2030.96,152450,3096.2,24228,87206,57.2
2026-07-20,COROMANDEL, EQ, 20-Jul-2026,2034.3,2022.2,2047.0,2015.0,2017.9,2020.4,2029.89,57934,1176.0,8971,28302,48.85
2026-07-21,COROMANDEL, EQ, 21-Jul-2026,2020.4,2018.0,2058.4,2010.0,2055.0,2054.3,2043.69,154214,3151.66,19516,86392,56.02
2026-07-22,COROMANDEL, EQ, 22-Jul-2026,2054.3,2054.0,2054.0,2018.1,2035.0,2039.3,2030.8,59854,1215.51,8130,26797,44.77
2026-07-23,COROMANDEL, EQ, 23-Jul-2026,2039.3,2039.3,2064.9,1995.8,2019.0,2022.9,2021.38,303658,6138.09,30435,55338,18.22
2026-07-24,COROMANDEL, EQ, 24-Jul-2026,2022.9,1980.1,1998.7,1955.0,1983.0,1980.8,1975.44,182304,3601.3,19252,105058,57.63
2026-07-27,COROMANDEL, EQ, 27-Jul-2026,1980.8,1990.5,2011.0,1983.0,2003.0,2003.8,2002.96,85074,1704.0,8250,47128,55.4
2026-07-28,COROMANDEL, EQ, 28-Jul-2026,2003.8,2000.0,2035.0,1984.5,2030.0,2026.8,2015.21,118186,2381.7,10467,64926,54.94
2026-07-29,COROMANDEL, EQ, 29-Jul-2026,2026.8,2036.9,2074.0,2029.6,2040.9,2037.6,2045.71,116341,2379.99,27805,46345,39.84
2026-07-30,COROMANDEL, EQ, 30-Jul-2026,2037.6,2048.9,2065.0,2023.4,2061.0,2054.2,2049.65,88290,1809.64,13071,52367,59.31
2026-07-31,COROMANDEL, EQ, 31-Jul-2026,2054.2,2061.0,2082.0,2026.0,2079.9,2073.6,2066.6,158179,3268.92,21418,106611,67.4
2026-08-03,COROMANDEL, EQ, 03-Aug-2026,2073.6,2083.0,2128.9,2064.5,2114.0,2115.3,2104.75,184125,3875.37,20441,115395,62.67
2026-08-04,COROMANDEL, EQ, 04-Aug-2026,2115.3,2128.0,2129.9,2096.8,2110.0,2115.5,2114.42,84790,1792.82,11154,43040,50.76
2026-08-05,COROMANDEL, EQ, 05-Aug-2026,2115.5,2129.4,2129.4,2048.2,2076.0,2086.4,2097.79,81339,1706.32,15759,37892,46.59
2026-08-06,COROMANDEL, EQ, 06-Aug-2026,2086.4,2086.4,2096.2,2043.0,2082.0,2083.1,2075.01,93460,1939.3,12278,45515,48.7
2026-08-07,COROMANDEL, EQ, 07-Aug-2026,2083.1,2073.4,2088.7,2056.1,2068.0,2069.3,2070.05,115784,2396.79,10561,73540,63.51
2026-08-10,COROMANDEL, EQ, 10-Aug-2026,2069.3,2069.3,2121.4,2049.6,2080.0,2098.3,2072.57,212188,4397.74,32378,129821,61.18
2026-08-11,COROMANDEL, EQ, 11-Aug-2026,2098.3,2090.0,2099.0,2074.5,2085.0,2085.2,2084.79,32780,683.39,6138,15067,45.96
2026-08-12,COROMANDEL, EQ, 12-Aug-2026,2085.2,2074.7,2085.9,2052.0,2079.5,2073.3,2065.98,105488,2179.36,10098,49062,46.51
2026-08-13,COROMANDEL, EQ, 13-Aug-2026,2073.3,2076.9,2092.9,2065.2,2090.0,2088.8,2085.74,58664,1223.58,13337,32968,56.2
2026-08-14,COROMANDEL, EQ, 14-Aug-2026,2088.8,2088.0,2106.0,2075.1,2095.0,2095.3,2095.31,85771,1797.17,9828,50947,59.4
2026-08-17,COROMANDEL, EQ, 17-Aug-2026,2095.3,2090.0,2112.5,2082.8,2097.9,2097.9,2098.01,105597,2215.43,12673,62688,59.37
2026-08-18,COROMANDEL, EQ, 18-Aug-2026,2097.9,2100.0,2104.8,2051.2,2060.0,2062.7,2071.93,58848,1219.29,8906,30106,51.16
2026-08-19,COROMANDEL, EQ, 19-Aug-2026,2062.7,2060.2,2062.7,2025.7,2028.0,2038.1,2045.28,49013,1002.45,8619,24170,49.31
2026-08-20,COROMANDEL, EQ, 20-Aug-2026,2038.1,2048.0,2055.0,1995.0,1997.0,2004.8,2018.35,86412,1744.1,16439,45284,52.4
2026-08-21,COROMANDEL, EQ, 21-Aug-2026,2004.8,2004.7,2028.8,1992.0,1995.0,1996.1,2002.02,35363,707.97,6399,15390,43.52
