Date,SYMBOL,SERIES,DATE1,PREV_CLOSE,OPEN_PRICE,HIGH_PRICE,LOW_PRICE,LAST_PRICE,CLOSE_PRICE,AVG_PRICE,TTL_TRD_QNTY,TURNOVER_LACS,NO_OF_TRADES,DELIV_QTY,DELIV_PER
2019-08-23,CROMPTON, EQ, 23-Aug-2019,223.55,222.4,226.95,222.4,223.5,225.25,224.85,180711,406.33,7539,77931,43.12
2019-10-01,CROMPTON, EQ, 01-Oct-2019,250.3,251.85,255.6,241.1,246.0,246.5,247.73,341404,845.76,10220,218552,64.02
2019-10-03,CROMPTON, EQ, 03-Oct-2019,246.5,244.0,247.9,239.2,243.25,244.0,242.69,607080,1473.34,10494,482408,79.46
2019-10-04,CROMPTON, EQ, 04-Oct-2019,244.0,245.0,247.6,243.5,244.35,245.1,245.88,407326,1001.55,16315,317922,78.05
2019-10-07,CROMPTON, EQ, 07-Oct-2019,245.1,245.0,258.5,240.2,252.0,254.05,249.48,293741,732.83,6435,206693,70.37
2019-10-09,CROMPTON, EQ, 09-Oct-2019,254.05,254.05,262.5,252.1,259.0,259.6,259.69,874901,2272.01,48773,608697,69.57
2019-10-10,CROMPTON, EQ, 10-Oct-2019,259.6,259.55,260.05,256.15,256.95,257.6,258.01,493507,1273.31,14903,434925,88.13
2019-10-11,CROMPTON, EQ, 11-Oct-2019,257.6,257.9,260.8,255.2,256.05,256.45,256.56,574858,1474.86,21866,442662,77.0
2019-10-14,CROMPTON, EQ, 14-Oct-2019,256.45,256.0,259.95,250.1,253.95,253.6,254.24,737906,1876.07,23707,613679,83.16
2019-10-15,CROMPTON, EQ, 15-Oct-2019,253.6,253.1,255.75,248.65,254.0,253.15,252.6,767892,1939.72,5959,682554,88.89
2019-10-16,CROMPTON, EQ, 16-Oct-2019,253.15,255.0,262.0,253.1,257.9,259.2,258.02,993599,2563.73,14980,834345,83.97
2019-10-17,CROMPTON, EQ, 17-Oct-2019,259.2,261.4,268.05,258.5,264.9,263.5,261.83,889279,2328.4,20466,675766,75.99
2019-10-18,CROMPTON, EQ, 18-Oct-2019,263.5,265.0,268.8,263.5,266.5,266.1,266.55,288820,769.84,6985,165765,57.39
2019-10-22,CROMPTON, EQ, 22-Oct-2019,266.1,266.45,269.0,263.15,265.8,265.5,266.33,765312,2038.22,6599,682689,89.2
2019-10-23,CROMPTON, EQ, 23-Oct-2019,265.5,268.5,268.8,261.25,262.5,262.65,265.09,214799,569.4,8810,119836,55.79
2019-10-24,CROMPTON, EQ, 24-Oct-2019,262.65,262.65,265.6,251.0,254.85,255.1,257.1,584198,1501.97,18645,375398,64.26
2019-10-25,CROMPTON, EQ, 25-Oct-2019,255.1,253.65,256.95,250.75,253.55,254.75,254.53,1781939,4535.65,11982,1627402,91.33
2019-10-27,CROMPTON, EQ, 27-Oct-2019,254.75,255.15,259.9,253.2,257.0,256.3,256.34,37169,95.28,1403,22577,60.74
2019-10-29,CROMPTON, EQ, 29-Oct-2019,256.3,255.0,258.4,251.05,254.0,254.4,255.32,884749,2258.96,17367,757528,85.62
2019-10-30,CROMPTON, EQ, 30-Oct-2019,254.4,254.0,254.75,248.3,249.05,249.45,250.3,414063,1036.38,8999,292436,70.63
2019-10-31,CROMPTON, EQ, 31-Oct-2019,249.45,250.0,255.15,242.05,255.0,248.9,250.4,1245092,3117.75,28943,783220,62.9
2019-11-01,CROMPTON, EQ, 01-Nov-2019,248.9,251.7,256.7,251.1,252.0,253.1,253.71,1123889,2851.41,19123,954396,84.92
2019-11-04,CROMPTON, EQ, 04-Nov-2019,253.1,254.1,258.0,253.85,255.0,254.95,256.08,737983,1889.79,13888,556110,75.36
2019-11-05,CROMPTON, EQ, 05-Nov-2019,254.95,255.45,255.45,248.05,248.7,249.15,249.73,1119164,2794.86,13874,1033845,92.38
2019-11-06,CROMPTON, EQ, 06-Nov-2019,249.15,249.15,253.3,246.95,249.0,248.95,249.24,660503,1646.27,13478,514716,77.93
2019-11-07,CROMPTON, EQ, 07-Nov-2019,248.95,250.5,256.8,249.1,255.0,255.1,254.66,913035,2325.09,18621,688510,75.41
2019-11-08,CROMPTON, EQ, 08-Nov-2019,255.1,255.1,261.35,254.1,257.0,257.55,258.46,393290,1016.51,9774,216488,55.05
2019-11-11,CROMPTON, EQ, 11-Nov-2019,257.55,257.1,266.9,257.1,259.25,259.75,263.06,507438,1334.85,17322,260043,51.25
2019-11-13,CROMPTON, EQ, 13-Nov-2019,259.75,259.6,263.8,256.6,261.0,259.1,258.7,1190521,3079.82,18100,1046487,87.9
2019-11-14,CROMPTON, EQ, 14-Nov-2019,259.1,259.7,263.5,256.55,261.0,260.25,260.46,473633,1233.61,7858,379909,80.21
2019-11-15,CROMPTON, EQ, 15-Nov-2019,260.25,259.0,262.75,258.85,260.0,260.05,260.06,926521,2409.47,5699,843251,91.01
2019-11-18,CROMPTON, EQ, 18-Nov-2019,260.05,260.05,268.2,259.55,265.0,264.8,262.91,3194286,8397.96,13097,2847652,89.15
2019-11-19,CROMPTON, EQ, 19-Nov-2019,264.8,265.15,268.0,264.2,265.3,265.0,265.29,972977,2581.25,12466, 830557, 85.36
2019-11-20,CROMPTON, EQ, 20-Nov-2019,265.0,265.1,265.25,254.5,257.0,257.15,258.81,2127892,5507.15,7399, 1975527, 92.84
2019-11-21,CROMPTON, EQ, 21-Nov-2019,257.15,256.3,257.15,250.0,252.25,251.55,252.11,409406,1032.17,17286,259964,63.5
2019-11-22,CROMPTON, EQ, 22-Nov-2019,251.55,253.0,258.95,250.0,251.15,254.65,252.37,393639,993.41,11444,243248,61.79
2019-11-25,CROMPTON, EQ, 25-Nov-2019,254.65,252.6,254.35,250.3,252.0,252.0,252.48,362212,914.53,6117,282406,77.97
2019-11-26,CROMPTON, EQ, 26-Nov-2019,252.0,252.05,256.45,250.0,250.0,250.1,252.11,801343,2020.28,10096, 690672, 86.19
2019-11-27,CROMPTON, EQ, 27-Nov-2019,250.1,250.0,251.1,240.45,244.0,244.15,244.88,639915,1567.05,19986,428111,66.9
2019-11-28,CROMPTON, EQ, 28-Nov-2019,244.15,245.5,250.25,244.35,247.4,247.55,248.07,724449,1797.14,6429,638466,88.13
2019-11-29,CROMPTON, EQ, 29-Nov-2019,247.55,247.3,256.0,246.1,255.95,254.65,250.65,393032,985.14,4819,272647,69.37
2019-12-02,CROMPTON, EQ, 02-Dec-2019,254.65,257.5,257.5,248.0,251.7,252.0,251.85,256290,645.46,10339, 150947, 58.90
2019-12-03,CROMPTON, EQ, 03-Dec-2019,252.0,263.15,267.0,245.0,245.7,246.65,250.7,1654795,4148.58,25006,943218,57.0
2019-12-04,CROMPTON, EQ, 04-Dec-2019,246.65,246.4,257.4,244.05,256.0,255.5,250.6,609543,1527.5,16847,352705,57.86
2019-12-05,CROMPTON, EQ, 05-Dec-2019,255.5,255.55,255.8,251.0,253.3,254.0,254.08,466418,1185.08,23483,314711,67.47
2019-12-06,CROMPTON, EQ, 06-Dec-2019,254.0,254.4,254.45,245.3,247.0,247.65,247.94,939899,2330.38,11054,663031,70.54
2019-12-09,CROMPTON, EQ, 09-Dec-2019,247.65,247.45,249.9,245.15,247.0,247.1,247.22,295504,730.54,9989,211652,71.62
2019-12-10,CROMPTON, EQ, 10-Dec-2019,247.1,247.45,247.45,241.35,243.1,243.05,243.01,1233521,2997.56,23232,1025375,83.13
2019-12-11,CROMPTON, EQ, 11-Dec-2019,243.05,242.9,247.3,241.0,243.05,243.0,244.34,285084,696.58,7991,168667,59.16
2019-12-12,CROMPTON, EQ, 12-Dec-2019,243.0,244.65,246.4,242.9,243.4,243.1,244.26,145239,354.76,6119,87849,60.49
2019-12-13,CROMPTON, EQ, 13-Dec-2019,243.1,244.3,249.85,243.25,244.0,245.15,246.39,272075,670.36,12591,169358,62.25
2019-12-16,CROMPTON, EQ, 16-Dec-2019,245.15,244.1,245.25,240.6,242.5,242.4,243.8,1434223,3496.57,26518,1276499,89.0
2019-12-17,CROMPTON, EQ, 17-Dec-2019,242.4,243.9,244.35,241.25,243.1,242.95,243.32,2280256,5548.22,16932,2105352,92.33
2019-12-18,CROMPTON, EQ, 18-Dec-2019,242.95,243.55,246.9,242.5,244.25,245.35,243.73,3290419,8019.61,16244,3007543,91.4
2019-12-19,CROMPTON, EQ, 19-Dec-2019,245.35,245.7,247.65,243.15,247.0,246.15,245.75,937399,2303.61,15581,787843,84.05
2019-12-20,CROMPTON, EQ, 20-Dec-2019,246.15,247.2,249.45,241.5,243.0,242.8,244.98,1237367,3031.29,10322,1054734,85.24
2019-12-23,CROMPTON, EQ, 23-Dec-2019,242.8,242.05,245.7,242.0,243.55,243.65,243.73,375728,915.76,16216,271943,72.38
2019-12-24,CROMPTON, EQ, 24-Dec-2019,243.65,243.8,246.4,243.0,245.6,245.55,245.01,945631,2316.92,11364,834879,88.29
2019-12-26,CROMPTON, EQ, 26-Dec-2019,245.55,246.55,246.9,242.3,243.0,243.0,243.55,312830,761.91,15364,201942,64.55
2019-12-27,CROMPTON, EQ, 27-Dec-2019,243.0,243.05,244.85,240.6,242.55,242.8,242.57,624201,1514.11,23707,485002,77.7
2019-12-30,CROMPTON, EQ, 30-Dec-2019,242.8,243.05,245.0,240.5,241.0,241.55,242.45,276548,670.48,5758,208775,75.49
2019-12-31,CROMPTON, EQ, 31-Dec-2019,241.55,241.85,243.0,237.1,239.0,239.85,241.36,567740,1370.3,20611,447781,78.87
2020-01-01,CROMPTON, EQ, 01-Jan-2020,239.85,239.95,243.0,239.75,242.3,242.5,241.52,196029,473.44,4989,142636,72.76
2020-01-02,CROMPTON, EQ, 02-Jan-2020,242.5,243.0,243.2,240.0,240.5,240.55,241.3,2590099,6249.84,9502,2466833,95.24
2020-01-03,CROMPTON, EQ, 03-Jan-2020,240.55,241.5,242.8,238.0,239.55,240.65,240.53,2072976,4986.15,25343,1766241,85.2
2020-01-06,CROMPTON, EQ, 06-Jan-2020,240.65,240.5,240.5,236.1,237.5,237.95,238.01,439592,1046.28,11987,333629,75.9
2020-01-07,CROMPTON, EQ, 07-Jan-2020,237.95,239.0,240.35,235.9,239.35,239.5,238.88,1202103,2871.6,12602,1059432,88.13
2020-01-08,CROMPTON, EQ, 08-Jan-2020,239.5,238.0,241.4,236.2,239.6,239.65,239.43,760973,1822.0,30106,563686,74.07
2020-01-09,CROMPTON, EQ, 09-Jan-2020,239.65,241.0,242.35,237.05,237.35,238.75,239.19,1162161,2779.72,41562,1002927,86.3
2020-01-10,CROMPTON, EQ, 10-Jan-2020,238.75,238.95,240.5,237.65,238.2,238.55,238.66,746064,1780.56,27785,600320,80.46
2020-01-13,CROMPTON, EQ, 13-Jan-2020,238.55,238.5,240.95,238.5,240.25,240.15,239.92,563247,1351.32,9334,458714,81.44
2020-01-14,CROMPTON, EQ, 14-Jan-2020,240.15,241.65,245.45,240.5,242.2,242.6,242.81,3935343,9555.44,20908,2848732,72.39
2020-01-15,CROMPTON, EQ, 15-Jan-2020,242.6,242.8,247.75,241.5,247.1,246.15,245.85,418612,1029.14,5591,319440,76.31
2020-01-16,CROMPTON, EQ, 16-Jan-2020,246.15,247.65,250.0,245.95,246.85,246.35,247.69,714170,1768.91,12862,585468,81.98
2020-01-17,CROMPTON, EQ, 17-Jan-2020,246.35,247.5,258.4,247.0,254.0,254.2,253.42,816700,2069.7,28353, 451031, 55.23
2020-01-20,CROMPTON, EQ, 20-Jan-2020,254.2,255.5,258.3,253.1,254.65,255.15,255.65,585793,1497.57,11292,442394,75.52
2020-01-21,CROMPTON, EQ, 21-Jan-2020,255.15,255.0,258.0,253.1,255.0,255.1,256.1,274560,703.14,11413,189938,69.18
2020-01-22,CROMPTON, EQ, 22-Jan-2020,255.1,255.15,262.6,252.15,260.2,260.95,259.08,916653,2374.89,42482,619456,67.58
2020-01-23,CROMPTON, EQ, 23-Jan-2020,260.95,261.0,264.5,258.15,258.9,260.1,261.55,367592,961.43,19303,238279,64.82
2020-01-24,CROMPTON, EQ, 24-Jan-2020,260.1,259.5,263.05,258.5,263.0,262.4,261.74,769979,2015.33,23505,691279,89.78
2020-01-27,CROMPTON, EQ, 27-Jan-2020,262.4,262.4,267.0,260.3,260.55,261.9,263.92,264073,696.94,13938,182318,69.04
2020-01-28,CROMPTON, EQ, 28-Jan-2020,261.9,260.1,264.3,256.45,260.0,258.65,262.0,461251,1208.48,15651,383457,83.13
2020-01-29,CROMPTON, EQ, 29-Jan-2020,258.65,260.25,263.3,255.0,255.2,258.25,258.81,343453,888.88,12558,236737,68.93
2020-01-30,CROMPTON, EQ, 30-Jan-2020,258.25,262.0,273.0,260.0,266.85,267.05,265.29,1141906,3029.35,30962,505545,44.27
2020-01-31,CROMPTON, EQ, 31-Jan-2020,267.05,269.0,293.8,269.0,280.0,284.45,282.55,3088450,8726.47,72378,1500967,48.6
2020-02-01,CROMPTON, EQ, 01-Feb-2020,284.45,279.7,284.85,264.85,279.0,278.75,277.24,883198,2448.54,19652,434649,49.21
2020-02-03,CROMPTON, EQ, 03-Feb-2020,278.75,278.0,301.4,278.0,286.2,287.45,290.65,1600397,4651.57,37971,869071,54.3
2020-02-04,CROMPTON, EQ, 04-Feb-2020,287.45,286.2,290.35,280.3,284.5,283.9,283.27,655666,1857.29,28555,428285,65.32
2020-02-05,CROMPTON, EQ, 05-Feb-2020,283.9,285.6,292.0,283.1,287.6,288.7,289.06,903786,2612.51,25352,760577,84.15
2020-02-06,CROMPTON, EQ, 06-Feb-2020,288.7,288.0,288.95,279.1,284.2,283.65,283.34,564939,1600.7,20321,376510,66.65
2020-02-07,CROMPTON, EQ, 07-Feb-2020,283.65,283.7,289.0,277.0,283.6,284.65,283.87,643728,1827.36,17082,411212,63.88
2020-02-10,CROMPTON, EQ, 10-Feb-2020,284.65,285.5,290.0,279.75,280.6,281.45,285.82,567353,1621.62,26635,389571,68.66
2020-02-11,CROMPTON, EQ, 11-Feb-2020,281.45,282.0,286.45,272.0,273.3,273.85,276.86,791784,2192.14,24644,455740,57.56
2020-02-12,CROMPTON, EQ, 12-Feb-2020,273.85,275.35,287.35,272.5,281.85,282.3,282.58,1359708,3842.29,22957,944989,69.5
2020-02-13,CROMPTON, EQ, 13-Feb-2020,282.3,286.75,288.65,275.65,280.0,278.05,280.82,908329,2550.8,19574,663230,73.02
2020-02-14,CROMPTON, EQ, 14-Feb-2020,278.05,280.0,284.8,273.55,282.5,281.9,280.21,754034,2112.9,14986, 439848, 58.33
2020-02-17,CROMPTON, EQ, 17-Feb-2020,281.9,282.9,301.0,282.9,290.4,290.5,294.38,2112998,6220.32,38838,1107525,52.41
2020-02-18,CROMPTON, EQ, 18-Feb-2020,290.5,290.9,296.75,281.55,282.35,286.2,289.66,1157302,3352.27,27536,771870,66.7
2020-02-19,CROMPTON, EQ, 19-Feb-2020,286.2,285.9,293.65,284.1,289.55,290.2,288.94,563624,1628.52,31628, 249376, 44.25
2020-02-20,CROMPTON, EQ, 20-Feb-2020,290.2,293.2,301.45,289.55,289.55,290.95,296.17,1635968,4845.31,42949,930959,56.91
2020-02-24,CROMPTON, EQ, 24-Feb-2020,290.95,288.0,299.0,282.65,283.4,287.7,294.71,4029951,11876.56,20885,3645963,90.47
2020-02-25,CROMPTON, EQ, 25-Feb-2020,287.7,287.45,291.8,282.4,288.25,286.9,287.15,563594,1618.33,27401,331154,58.76
2020-02-26,CROMPTON, EQ, 26-Feb-2020,286.9,287.2,289.15,280.65,289.0,287.6,286.22,673356,1927.29,35814,404380,60.05
2020-02-27,CROMPTON, EQ, 27-Feb-2020,287.6,288.7,288.7,280.5,283.15,283.35,282.8,722680,2043.72,46250,457714,63.34
2020-02-28,CROMPTON, EQ, 28-Feb-2020,283.35,277.5,285.0,260.1,275.55,279.0,271.24,1528606,4146.13,55622,903074,59.08
2020-03-02,CROMPTON, EQ, 02-Mar-2020,279.0,281.5,285.85,273.0,273.55,276.0,279.02,1481974,4134.99,32323,1159909,78.27
2020-03-03,CROMPTON, EQ, 03-Mar-2020,276.0,276.05,283.0,273.2,277.5,277.85,278.02,871807,2423.83,23635,650723,74.64
2020-03-04,CROMPTON, EQ, 04-Mar-2020,277.85,279.7,283.9,264.0,269.5,269.65,269.48,1103861,2974.65,29848,728877,66.03
2020-03-05,CROMPTON, EQ, 05-Mar-2020,269.65,274.0,280.4,267.5,276.8,276.35,276.85,588208,1628.48,27132,366123,62.24
2020-03-06,CROMPTON, EQ, 06-Mar-2020,276.35,262.8,279.5,262.7,271.5,271.65,272.21,620362,1688.71,16515,441245,71.13
2020-03-09,CROMPTON, EQ, 09-Mar-2020,271.65,266.2,269.95,260.0,261.0,264.4,264.1,622715,1644.62,15007,443127,71.16
2020-03-11,CROMPTON, EQ, 11-Mar-2020,264.4,261.3,263.85,250.0,252.5,253.95,253.6,1359509,3447.67,36646,1045070,76.87
2020-03-12,CROMPTON, EQ, 12-Mar-2020,253.95,242.35,255.0,233.0,245.0,246.3,244.23,1240998,3030.89,49737,840195,67.7
2020-03-13,CROMPTON, EQ, 13-Mar-2020,246.3,224.0,251.95,224.0,246.0,246.6,241.53,3565016,8610.75,40311,3043071,85.36
2020-03-16,CROMPTON, EQ, 16-Mar-2020,246.6,235.5,244.25,228.05,231.0,230.0,231.12,3530135,8158.83,33174,3203771,90.75
2020-03-17,CROMPTON, EQ, 17-Mar-2020,230.0,234.8,237.85,220.0,221.7,221.75,226.02,2163094,4888.94,45836,1823553,84.3
2020-03-18,CROMPTON, EQ, 18-Mar-2020,221.75,223.05,228.8,216.8,218.5,220.2,220.84,933535,2061.57,13791,732776,78.49
2020-03-19,CROMPTON, EQ, 19-Mar-2020,220.2,212.0,222.45,185.5,207.9,211.1,209.4,2368945,4960.65,74085,1740509,73.47
2020-03-20,CROMPTON, EQ, 20-Mar-2020,211.1,211.1,227.0,203.05,215.0,213.85,213.84,1297630,2774.8,32869,962824,74.2
2020-03-23,CROMPTON, EQ, 23-Mar-2020,213.85,200.0,207.7,177.3,186.0,190.6,194.05,1086477,2108.31,16913,852754,78.49
2020-03-24,CROMPTON, EQ, 24-Mar-2020,190.6,195.65,203.0,187.0,192.0,189.8,192.4,1213412,2334.63,66445,804239,66.28
2020-03-25,CROMPTON, EQ, 25-Mar-2020,189.8,192.0,197.0,187.15,190.95,190.75,190.84,435363,830.86,16009,242508,55.7
2020-03-26,CROMPTON, EQ, 26-Mar-2020,190.75,196.9,205.9,188.75,195.4,195.4,195.59,1078539,2109.49,34399,726405,67.35
2020-03-27,CROMPTON, EQ, 27-Mar-2020,195.4,198.85,208.8,189.2,194.0,192.6,194.75,1667697,3247.88,77432,1199077,71.9
2020-03-30,CROMPTON, EQ, 30-Mar-2020,192.6,193.4,197.65,186.0,188.0,189.05,193.91,814487,1579.37,20810,622652,76.45
2020-03-31,CROMPTON, EQ, 31-Mar-2020,189.05,192.25,215.0,191.15,207.0,208.8,205.44,1167467,2398.49,47484,752610,64.47
2020-04-01,CROMPTON, EQ, 01-Apr-2020,208.8,210.1,213.15,199.7,204.0,203.85,205.53,1191284,2448.49,25901,1046871,87.88
2020-04-03,CROMPTON, EQ, 03-Apr-2020,203.85,203.85,218.3,201.3,204.8,207.0,210.4,1179375,2481.4,44300,567820,48.15
2020-04-07,CROMPTON, EQ, 07-Apr-2020,207.0,213.4,213.4,202.0,211.0,210.2,207.28,1735161,3596.69,15471,1439699,82.97
2020-04-08,CROMPTON, EQ, 08-Apr-2020,210.2,211.0,219.85,208.1,213.0,210.9,216.36,635316,1374.59,21798,403179,63.46
2020-04-09,CROMPTON, EQ, 09-Apr-2020,210.9,217.8,230.8,215.25,227.8,224.0,223.39,889101,1986.14,40763,522296,58.74
2020-04-13,CROMPTON, EQ, 13-Apr-2020,224.0,225.8,227.75,210.05,213.0,212.9,216.77,502697,1089.69,15196,274464,67.04
2020-04-15,CROMPTON, EQ, 15-Apr-2020,212.9,215.15,221.35,210.0,218.15,219.15,216.59,822043,1780.46,46055,439502,53.46
2020-04-16,CROMPTON, EQ, 16-Apr-2020,219.15,219.0,219.0,210.2,213.9,212.3,212.97,744202,1584.9,27553,407729,54.79
2020-04-17,CROMPTON, EQ, 17-Apr-2020,212.3,216.0,220.05,215.05,220.0,218.0,216.6,661359,1432.5,21599,466038,70.47
2020-04-20,CROMPTON, EQ, 20-Apr-2020,218.0,221.5,221.5,212.0,212.2,213.4,218.28,479787,1047.27,12715,275806,57.49
2020-04-21,CROMPTON, EQ, 21-Apr-2020,213.4,212.2,223.3,200.3,216.0,216.0,211.89,836368,1772.16,22812,394152,47.13
2020-04-22,CROMPTON, EQ, 22-Apr-2020,216.0,220.05,225.35,213.25,221.75,219.25,220.4,926772,2042.61,23445,431857,46.6
2020-04-23,CROMPTON, EQ, 23-Apr-2020,219.25,221.75,237.0,221.75,225.95,228.15,229.34,919239,2108.17,22378,306071,33.3
2020-04-24,CROMPTON, EQ, 24-Apr-2020,228.15,222.5,224.7,216.5,220.5,219.6,221.36,346301,766.58,14333,155006,44.76
2020-04-27,CROMPTON, EQ, 27-Apr-2020,219.6,223.7,225.6,214.0,217.0,216.3,220.98,624998,1381.11,17892,426115,68.18
2020-04-28,CROMPTON, EQ, 28-Apr-2020,216.3,219.7,219.7,210.1,214.0,214.75,212.99,726506,1547.37,18314,469713,64.65
2020-04-29,CROMPTON, EQ, 29-Apr-2020,214.75,216.0,220.95,212.75,217.9,217.55,214.96,1775039,3815.59,30298,1416756,79.82
2020-04-30,CROMPTON, EQ, 30-Apr-2020,217.55,221.9,239.65,219.9,222.5,222.2,229.18,1834769,4204.9,31994,1040668,56.72
2020-05-04,CROMPTON, EQ, 04-May-2020,222.2,219.9,226.4,212.25,213.0,213.25,216.52,552983,1197.3,18724,328648,59.43
2020-05-05,CROMPTON, EQ, 05-May-2020,213.25,216.6,217.7,210.75,214.85,214.75,214.26,472135,1011.59,11451,266891,56.53
2020-05-06,CROMPTON, EQ, 06-May-2020,214.75,216.0,217.9,205.05,208.0,209.45,211.22,1108387,2341.17,19617,846946,76.41
2020-05-07,CROMPTON, EQ, 07-May-2020,209.45,208.0,209.55,204.15,207.25,207.75,206.28,555299,1145.46,12269,348056,62.68
2020-05-08,CROMPTON, EQ, 08-May-2020,207.75,211.95,211.95,202.5,203.4,203.1,205.53,227910,468.42,10094,125798,55.2
2020-05-11,CROMPTON, EQ, 11-May-2020,203.1,207.0,216.0,205.2,216.0,213.7,210.64,553267,1165.42,19051,309816,56.0
2020-05-12,CROMPTON, EQ, 12-May-2020,213.7,211.0,217.75,210.2,215.0,216.35,213.82,575358,1230.21,15749,325671,56.6
2020-05-13,CROMPTON, EQ, 13-May-2020,216.35,222.0,224.0,214.1,215.0,214.95,217.41,634324,1379.05,13211,345152,54.41
2020-05-14,CROMPTON, EQ, 14-May-2020,214.95,213.0,213.75,207.5,207.7,208.15,210.1,363835,764.43,24433,219235,60.26
2020-05-15,CROMPTON, EQ, 15-May-2020,208.15,210.25,212.8,207.45,207.85,207.85,209.52,247080,517.68,8981,118938,48.14
2020-05-18,CROMPTON, EQ, 18-May-2020,207.85,209.0,211.1,196.55,199.0,199.7,202.63,1471291,2981.22,30099,1129465,76.77
2020-05-19,CROMPTON, EQ, 19-May-2020,199.7,202.1,207.0,199.75,202.0,202.15,204.25,1490496,3044.34,24558,1248756,83.78
2020-05-20,CROMPTON, EQ, 20-May-2020,202.15,204.9,215.0,203.25,212.0,211.5,208.15,765122,1592.6,32883,491219,64.2
2020-05-21,CROMPTON, EQ, 21-May-2020,211.5,211.7,222.75,208.25,214.0,211.8,217.69,1380812,3005.9,33526,891547,64.57
2020-05-22,CROMPTON, EQ, 22-May-2020,211.8,213.0,216.95,209.15,213.2,213.0,213.06,394648,840.84,18775,226658,57.43
2020-05-26,CROMPTON, EQ, 26-May-2020,213.0,213.8,217.6,210.1,215.0,215.2,211.55,1570657,3322.72,20766,1325996,84.42
2020-05-27,CROMPTON, EQ, 27-May-2020,215.2,217.4,221.15,210.55,217.0,215.05,216.04,939236,2029.16,17582,476597,50.74
2020-05-28,CROMPTON, EQ, 28-May-2020,215.05,216.9,223.4,211.2,220.1,218.7,216.81,2053120,4451.32,21952,1290189,62.84
2020-05-29,CROMPTON, EQ, 29-May-2020,218.7,219.0,227.9,213.55,222.4,224.35,222.44,2664731,5927.46,34674,1907117,71.57
2020-06-01,CROMPTON, EQ, 01-Jun-2020,224.35,228.0,238.7,226.0,231.0,230.45,231.31,1538110,3557.77,24660,916905,59.61
2020-06-02,CROMPTON, EQ, 02-Jun-2020,230.45,231.2,244.9,231.15,240.95,240.95,238.89,1162285,2776.6,48468,657158,56.54
2020-06-03,CROMPTON, EQ, 03-Jun-2020,240.95,245.55,247.75,237.6,238.7,238.9,242.76,1255356,3047.47,29232,864782,68.89
2020-06-04,CROMPTON, EQ, 04-Jun-2020,238.9,239.9,240.05,227.15,229.95,229.5,231.95,484416,1123.6,19621,269884,55.71
2020-06-05,CROMPTON, EQ, 05-Jun-2020,229.5,232.9,232.9,227.5,228.5,228.2,230.22,1696604,3905.86,19744,1457789,85.92
2020-06-08,CROMPTON, EQ, 08-Jun-2020,228.2,231.9,231.9,224.0,228.0,227.8,227.87,861161,1962.32,27368,562751,65.35
2020-06-09,CROMPTON, EQ, 09-Jun-2020,227.8,229.5,229.5,220.65,221.0,223.4,224.83,528801,1188.91,17837,330220,62.45
2020-06-10,CROMPTON, EQ, 10-Jun-2020,223.4,220.6,241.8,217.2,237.0,236.85,225.09,1500644,3377.82,21961,950847,63.36
2020-06-11,CROMPTON, EQ, 11-Jun-2020,236.85,236.45,236.45,226.25,227.85,228.05,230.42,333165,767.66,8586,118762,35.65
2020-06-12,CROMPTON, EQ, 12-Jun-2020,228.05,218.5,228.85,218.5,225.05,225.05,224.39,309074,693.54,5232,167452,54.18
2020-06-15,CROMPTON, EQ, 15-Jun-2020,225.05,225.0,227.2,220.65,222.2,221.65,222.34,425745,946.62,14300,267208,62.76
2020-06-16,CROMPTON, EQ, 16-Jun-2020,221.65,227.0,230.95,222.35,225.25,225.25,225.98,1067779,2412.94,12907,660871,61.89
2020-06-17,CROMPTON, EQ, 17-Jun-2020,225.25,225.0,231.9,222.8,227.5,229.95,226.67,892416,2022.86,11440,638802,71.58
2020-06-18,CROMPTON, EQ, 18-Jun-2020,229.95,227.1,232.65,227.1,230.0,229.55,229.68,364772,837.8,11707,148673,40.76
2020-06-19,CROMPTON, EQ, 19-Jun-2020,229.55,230.0,231.55,226.0,227.35,229.7,229.17,838680,1921.96,26455,512787,61.14
2020-06-22,CROMPTON, EQ, 22-Jun-2020,229.7,229.0,231.05,224.8,225.25,225.2,226.5,707170,1601.76,21195,460297,65.09
2020-06-23,CROMPTON, EQ, 23-Jun-2020,225.2,227.4,231.5,225.25,229.85,230.45,227.28,1042372,2369.13,8915,791767,75.96
2020-06-24,CROMPTON, EQ, 24-Jun-2020,230.45,232.0,232.9,226.05,227.0,227.1,227.4,920761,2093.79,8604,681398,74.0
2020-06-25,CROMPTON, EQ, 25-Jun-2020,227.1,227.9,235.75,224.3,231.95,230.8,232.28,1156332,2685.92,15152,808794,69.94
2020-06-26,CROMPTON, EQ, 26-Jun-2020,230.8,232.0,238.9,229.4,236.0,236.25,235.67,599980,1413.98,13824,255230,42.54
2020-06-29,CROMPTON, EQ, 29-Jun-2020,236.25,234.6,238.4,228.5,234.8,235.05,233.78,342116,799.79,7124,133226,38.94
2020-06-30,CROMPTON, EQ, 30-Jun-2020,235.05,236.25,243.75,234.0,238.0,238.65,238.45,1629034,3884.46,17982,971555,59.64
2020-07-01,CROMPTON, EQ, 01-Jul-2020,238.65,237.6,240.95,235.05,238.4,238.8,237.61,362160,860.52,15029,197787,54.61
2020-07-02,CROMPTON, EQ, 02-Jul-2020,238.8,240.5,240.9,237.25,240.1,240.05,239.9,394558,946.54,6169,289436,73.36
2020-07-03,CROMPTON, EQ, 03-Jul-2020,240.05,240.55,244.0,235.35,236.45,236.4,239.93,215062,515.99,5169,91371,42.49
2020-07-06,CROMPTON, EQ, 06-Jul-2020,236.4,239.8,248.0,235.5,246.15,246.5,242.03,1602685,3878.98,13762,1312939,81.92
2020-07-07,CROMPTON, EQ, 07-Jul-2020,246.5,242.65,245.8,234.3,241.0,241.1,238.96,3300762,7887.4,24484,2843334,86.14
2020-07-08,CROMPTON, EQ, 08-Jul-2020,241.1,242.45,243.4,236.3,240.6,239.65,238.75,1086596,2594.2,13293,827775,76.18
2020-07-09,CROMPTON, EQ, 09-Jul-2020,239.65,241.0,250.2,237.05,246.15,247.0,243.54,1028151,2503.97,27775,691541,67.26
2020-07-10,CROMPTON, EQ, 10-Jul-2020,247.0,245.9,245.9,239.05,241.25,240.85,242.13,398444,964.73,15858,202220,50.75
2020-07-13,CROMPTON, EQ, 13-Jul-2020,240.85,240.05,254.0,238.9,247.8,245.8,248.06,979806,2430.55,14912,573059,58.49
2020-07-14,CROMPTON, EQ, 14-Jul-2020,245.8,246.65,246.65,238.05,245.0,243.15,241.26,510481,1231.59,5932,251590,49.28
2020-07-15,CROMPTON, EQ, 15-Jul-2020,243.15,245.1,245.4,238.2,242.0,242.25,240.99,776758,1871.89,14895,458811,59.07
2020-07-16,CROMPTON, EQ, 16-Jul-2020,242.25,242.1,243.9,238.25,239.5,241.25,240.48,299828,721.02,14206,186828,62.31
2020-07-17,CROMPTON, EQ, 17-Jul-2020,241.25,242.25,243.75,239.1,241.9,242.95,242.66,548455,1330.86,20366,355849,64.88
2020-07-20,CROMPTON, EQ, 20-Jul-2020,242.95,241.9,253.7,240.15,252.2,250.45,245.83,726606,1786.22,25248,473957,65.23
2020-07-21,CROMPTON, EQ, 21-Jul-2020,250.45,254.0,254.85,242.1,243.0,243.1,245.13,564322,1383.3,20347,374898,66.43
2020-07-22,CROMPTON, EQ, 22-Jul-2020,243.1,243.0,246.95,241.4,245.9,246.0,245.17,597904,1465.89,16213,430459,71.99
2020-07-23,CROMPTON, EQ, 23-Jul-2020,246.0,243.5,253.35,243.5,252.25,252.15,250.78,591854,1484.24,14017,388565,65.65
2020-07-24,CROMPTON, EQ, 24-Jul-2020,252.15,249.0,254.95,240.4,253.0,250.45,246.47,1205651,2971.51,32847,615191,51.03
2020-07-27,CROMPTON, EQ, 27-Jul-2020,250.45,250.0,252.85,239.05,244.9,246.8,244.19,960607,2345.72,27996,647008,67.35
2020-07-28,CROMPTON, EQ, 28-Jul-2020,246.8,247.1,253.25,243.2,251.6,251.95,247.24,1078492,2666.46,36028,754086,69.92
2020-07-29,CROMPTON, EQ, 29-Jul-2020,251.95,253.45,253.45,245.1,249.0,249.05,248.66,1243667,3092.49,89621,809457,65.09
2020-07-30,CROMPTON, EQ, 30-Jul-2020,249.05,251.95,252.0,244.4,245.45,245.05,245.76,421537,1035.98,19056,257229,61.02
2020-07-31,CROMPTON, EQ, 31-Jul-2020,245.05,245.0,246.8,242.45,246.2,244.1,244.83,497252,1217.42,24938,322822,64.92
2020-08-03,CROMPTON, EQ, 03-Aug-2020,244.1,244.1,245.9,238.0,242.05,240.2,241.04,508683,1226.11,12046,372847,73.3
2020-08-04,CROMPTON, EQ, 04-Aug-2020,240.2,242.6,246.0,241.3,245.6,245.6,243.74,330146,804.71,9200,228742,69.29
2020-08-05,CROMPTON, EQ, 05-Aug-2020,245.6,246.0,256.65,245.35,250.0,250.0,251.54,747642,1880.65,38757,447688,59.88
2020-08-06,CROMPTON, EQ, 06-Aug-2020,250.0,248.5,266.8,248.5,260.0,260.05,260.01,2405382,6254.17,70689,1614988,67.14
2020-08-07,CROMPTON, EQ, 07-Aug-2020,260.05,262.45,265.6,252.05,260.7,260.65,260.13,668445,1738.85,20498,438891,65.66
2020-08-10,CROMPTON, EQ, 10-Aug-2020,260.65,258.05,262.7,257.8,260.1,259.8,260.06,488928,1271.48,19785,331001,67.7
2020-08-11,CROMPTON, EQ, 11-Aug-2020,259.8,261.0,269.0,260.05,260.7,261.6,265.18,621579,1648.28,20391,373458,60.08
2020-08-12,CROMPTON, EQ, 12-Aug-2020,261.6,260.0,261.0,247.0,249.0,249.35,250.93,833078,2090.44,42367,482375,57.9
2020-08-13,CROMPTON, EQ, 13-Aug-2020,249.35,250.95,253.3,248.1,250.75,251.0,250.93,1107730,2779.63,25098,853242,77.03
2020-08-14,CROMPTON, EQ, 14-Aug-2020,251.0,251.8,251.8,246.6,250.6,250.45,249.94,736511,1840.84,24107,510996,69.38
2020-08-17,CROMPTON, EQ, 17-Aug-2020,250.45,251.95,255.95,249.35,253.0,252.45,253.33,668908,1694.56,67022,447094,66.84
2020-08-18,CROMPTON, EQ, 18-Aug-2020,252.45,254.4,265.0,254.4,256.8,259.0,261.19,2000627,5225.35,31939,1062100,53.09
2020-08-19,CROMPTON, EQ, 19-Aug-2020,259.0,258.2,262.8,255.15,260.45,260.55,260.33,352102,916.61,6744,222202,63.11
2020-08-20,CROMPTON, EQ, 20-Aug-2020,260.55,260.45,265.9,258.0,263.5,263.9,263.66,563252,1485.05,10081,306962,54.5
2020-08-21,CROMPTON, EQ, 21-Aug-2020,263.9,264.2,266.8,261.35,264.0,264.0,264.22,327090,864.23,12805,215510,65.89
2020-08-24,CROMPTON, EQ, 24-Aug-2020,264.0,266.0,268.9,259.1,260.0,260.75,263.38,340922,897.93,7229,168988,49.57
2020-08-25,CROMPTON, EQ, 25-Aug-2020,260.75,259.2,267.55,258.65,266.0,264.45,261.68,366302,958.56,19908,270412,73.82
2020-08-26,CROMPTON, EQ, 26-Aug-2020,264.45,266.0,267.75,260.0,260.55,260.75,262.36,334901,878.66,13205,238374,71.18
2020-08-27,CROMPTON, EQ, 27-Aug-2020,260.75,265.0,270.0,262.25,266.8,266.1,266.89,543148,1449.59,14765,236874,43.61
2020-08-28,CROMPTON, EQ, 28-Aug-2020,266.1,267.0,272.55,267.0,270.05,270.25,270.11,616853,1666.21,27243,310442,50.33
2020-08-31,CROMPTON, EQ, 31-Aug-2020,270.25,272.3,278.0,258.35,272.2,271.8,270.95,990375,2683.46,35601,528886,53.4
2020-09-01,CROMPTON, EQ, 01-Sep-2020,271.8,271.0,278.0,265.1,268.95,266.6,268.22,681484,1827.88,21661,337328,49.5
2020-09-02,CROMPTON, EQ, 02-Sep-2020,266.6,268.75,269.95,259.8,262.0,262.8,261.5,574304,1501.83,14007,329965,57.45
2020-09-03,CROMPTON, EQ, 03-Sep-2020,262.8,262.8,270.4,258.8,268.65,266.8,263.92,517378,1365.45,14980,348552,67.37
2020-09-04,CROMPTON, EQ, 04-Sep-2020,266.8,260.8,267.75,260.8,262.5,263.45,263.57,527373,1390.01,13421,294008,55.75
2020-09-07,CROMPTON, EQ, 07-Sep-2020,263.45,262.15,264.25,258.0,260.05,261.1,259.94,624803,1624.08,8237,449610,71.96
2020-09-08,CROMPTON, EQ, 08-Sep-2020,261.1,262.8,264.25,254.8,256.5,256.0,259.88,1422348,3696.42,13502,1258738,88.5
2020-09-09,CROMPTON, EQ, 09-Sep-2020,256.0,255.95,257.8,249.95,252.7,250.3,251.4,1590015,3997.23,49698,1364464,85.81
2020-09-10,CROMPTON, EQ, 10-Sep-2020,250.3,252.6,255.65,249.0,250.3,250.3,251.67,207128,521.27,19942,105189,50.78
2020-09-11,CROMPTON, EQ, 11-Sep-2020,250.3,250.45,258.8,250.45,254.9,254.3,253.53,240832,610.59,13594,133201,55.31
2020-09-14,CROMPTON, EQ, 14-Sep-2020,254.3,258.0,278.8,257.0,267.85,267.9,271.91,2212457,6015.85,55451,1486586,67.19
2020-09-15,CROMPTON, EQ, 15-Sep-2020,267.9,270.95,283.5,270.95,276.05,276.05,279.95,4515488,12640.89,37214,948107,21.0
2020-09-16,CROMPTON, EQ, 16-Sep-2020,276.05,278.0,284.0,273.55,280.25,280.15,279.72,1019261,2851.1,29519,684349,67.14
2020-09-17,CROMPTON, EQ, 17-Sep-2020,280.15,275.1,283.0,273.65,280.0,279.1,277.49,294108,816.13,19769,137995,46.92
2020-09-18,CROMPTON, EQ, 18-Sep-2020,279.1,282.8,285.45,275.7,279.95,279.7,281.04,862059,2422.71,23598,559170,64.86
2020-09-21,CROMPTON, EQ, 21-Sep-2020,279.7,280.0,282.85,266.8,267.8,269.25,273.51,402860,1101.88,12293,265408,65.88
2020-09-22,CROMPTON, EQ, 22-Sep-2020,269.25,267.2,276.0,252.65,269.5,265.9,264.49,730911,1933.18,14719,411474,56.3
2020-09-23,CROMPTON, EQ, 23-Sep-2020,265.9,265.9,274.0,264.05,273.0,272.05,268.48,664531,1784.13,12041,392425,59.05
2020-09-24,CROMPTON, EQ, 24-Sep-2020,272.05,269.7,274.15,259.8,270.3,264.15,265.06,543429,1440.39,13801,372846,68.61
2020-09-25,CROMPTON, EQ, 25-Sep-2020,264.15,268.65,269.1,255.1,260.7,260.9,260.67,732862,1910.38,26939,466173,63.61
2020-09-28,CROMPTON, EQ, 28-Sep-2020,260.9,264.95,264.95,256.8,258.5,260.3,260.39,919309,2393.82,25991,748065,81.37
2020-09-29,CROMPTON, EQ, 29-Sep-2020,260.3,261.0,284.0,258.0,276.45,279.05,272.31,1121249,3053.3,20142,391005,34.87
2020-09-30,CROMPTON, EQ, 30-Sep-2020,279.05,276.7,295.0,272.4,292.0,292.35,285.8,876628,2505.37,22222,311873,35.58
2020-10-01,CROMPTON, EQ, 01-Oct-2020,292.35,295.0,300.5,285.5,290.05,289.65,291.15,1354698,3944.22,33137,901154,66.52
2020-10-05,CROMPTON, EQ, 05-Oct-2020,289.65,291.95,292.1,279.1,280.75,281.05,282.77,703526,1989.37,16881,472518,67.16
2020-10-06,CROMPTON, EQ, 06-Oct-2020,281.05,282.0,287.45,280.05,280.15,280.85,283.64,490931,1392.5,14078,350589,71.41
2020-10-07,CROMPTON, EQ, 07-Oct-2020,280.85,282.0,282.25,272.25,275.0,274.95,276.22,974352,2691.36,25001,584201,59.96
2020-10-08,CROMPTON, EQ, 08-Oct-2020,274.95,275.0,276.35,268.8,273.15,273.4,271.3,913456,2478.17,19159,756152,82.78
2020-10-09,CROMPTON, EQ, 09-Oct-2020,273.4,274.5,275.9,272.0,273.5,274.1,274.23,368239,1009.84,15146,252460,68.56
2020-10-12,CROMPTON, EQ, 12-Oct-2020,274.1,274.1,279.05,269.0,269.0,270.0,273.77,303207,830.1,10489,153145,50.51
2020-10-13,CROMPTON, EQ, 13-Oct-2020,270.0,270.9,278.0,267.4,277.5,275.6,272.1,997441,2714.01,16059,785624,78.76
2020-10-14,CROMPTON, EQ, 14-Oct-2020,275.6,276.0,284.7,274.15,278.0,278.7,278.71,1465267,4083.86,36252,800828,54.65
2020-10-15,CROMPTON, EQ, 15-Oct-2020,278.7,276.1,283.55,276.1,281.9,281.0,281.06,606273,1703.97,11281,487310,80.38
2020-10-16,CROMPTON, EQ, 16-Oct-2020,281.0,283.0,283.0,278.05,280.95,281.05,280.92,365515,1026.79,16697,252061,68.96
2020-10-19,CROMPTON, EQ, 19-Oct-2020,281.05,282.0,282.0,279.35,281.5,281.1,281.07,275262,773.69,13826,222281,80.75
2020-10-20,CROMPTON, EQ, 20-Oct-2020,281.1,280.0,289.9,279.0,289.65,288.9,283.54,1081906,3067.62,15147,881153,81.44
2020-10-21,CROMPTON, EQ, 21-Oct-2020,288.9,290.0,295.1,282.2,283.85,284.05,291.62,879588,2565.06,31453,590851,67.17
2020-10-22,CROMPTON, EQ, 22-Oct-2020,284.05,284.05,289.0,281.1,285.35,286.6,285.24,1099698,3136.74,18485,403138,36.66
2020-10-23,CROMPTON, EQ, 23-Oct-2020,286.6,305.15,329.0,300.0,302.3,305.2,311.28,7411446,23070.33,203378,2706164,36.51
2020-10-26,CROMPTON, EQ, 26-Oct-2020,305.2,305.15,319.7,298.2,304.0,304.15,309.75,2668554,8265.81,75747,917832,34.39
2020-10-27,CROMPTON, EQ, 27-Oct-2020,304.15,306.6,309.95,299.0,301.3,300.85,304.99,2904829,8859.35,51794,1989776,68.5
2020-10-28,CROMPTON, EQ, 28-Oct-2020,300.85,302.4,306.95,296.05,299.0,298.4,300.9,962221,2895.31,36367,446062,46.36
2020-10-29,CROMPTON, EQ, 29-Oct-2020,298.4,297.5,301.85,290.2,292.45,294.2,295.84,1968202,5822.8,36056,1542109,78.35
2020-10-30,CROMPTON, EQ, 30-Oct-2020,294.2,292.05,304.8,292.05,298.3,299.3,299.14,1049071,3138.21,48490,610743,58.22
2020-11-02,CROMPTON, EQ, 02-Nov-2020,299.3,300.9,302.9,285.7,292.1,291.2,298.37,1333967,3980.18,51475,938347,70.34
2020-11-03,CROMPTON, EQ, 03-Nov-2020,291.2,294.05,306.35,291.6,293.4,297.15,300.57,1622990,4878.15,64118,939986,57.92
2020-11-04,CROMPTON, EQ, 04-Nov-2020,297.15,295.55,310.0,295.0,308.0,307.8,306.21,1126010,3448.01,43164,532859,47.32
2020-11-05,CROMPTON, EQ, 05-Nov-2020,307.8,310.0,316.6,307.05,308.5,309.25,310.29,928446,2880.87,54911,560407,60.36
2020-11-06,CROMPTON, EQ, 06-Nov-2020,309.25,310.4,314.25,308.05,309.0,308.95,309.82,561179,1738.67,19392,336330,59.93
2020-11-09,CROMPTON, EQ, 09-Nov-2020,308.95,311.8,314.0,304.6,306.5,305.65,308.7,463193,1429.86,15134,234763,50.68
2020-11-10,CROMPTON, EQ, 10-Nov-2020,305.65,298.35,302.6,291.1,299.0,297.25,296.46,62566031,185484.01,73059,55675448,88.99
2020-11-11,CROMPTON, EQ, 11-Nov-2020,297.25,297.35,300.9,293.0,296.0,296.1,296.23,1006440,2981.34,23419,544549,54.11
2020-11-12,CROMPTON, EQ, 12-Nov-2020,296.1,296.0,301.55,294.95,295.9,298.55,298.21,1128468,3365.22,37977,492403,43.63
2020-11-13,CROMPTON, EQ, 13-Nov-2020,298.55,296.0,298.85,294.05,296.55,297.4,297.09,1157158,3437.83,63944,850032,73.46
2020-11-14,CROMPTON, EQ, 14-Nov-2020,297.4,299.45,300.4,298.0,299.4,299.6,299.51,119614,358.26,2756,92990,77.74
2020-11-17,CROMPTON, EQ, 17-Nov-2020,299.6,300.4,300.4,288.2,294.1,294.3,293.49,2022516,5935.87,88064,1543441,76.31
2020-11-18,CROMPTON, EQ, 18-Nov-2020,294.3,294.8,297.7,288.7,296.05,296.2,293.41,1731233,5079.66,54701,1257666,72.65
2020-11-19,CROMPTON, EQ, 19-Nov-2020,296.2,294.0,301.8,292.55,300.0,298.6,297.14,1600984,4757.16,33280,1307977,81.7
2020-11-20,CROMPTON, EQ, 20-Nov-2020,298.6,298.9,307.8,298.6,304.5,303.8,304.67,1660361,5058.55,39030,1166320,70.24
2020-11-23,CROMPTON, EQ, 23-Nov-2020,303.8,305.75,308.9,296.25,307.05,307.85,304.81,1457477,4442.52,20461,1153111,79.12
2020-11-24,CROMPTON, EQ, 24-Nov-2020,307.85,306.35,310.0,300.7,308.0,308.75,307.58,1034164,3180.93,48654,737305,71.29
2020-11-25,CROMPTON, EQ, 25-Nov-2020,308.75,307.0,314.0,306.0,308.0,308.75,309.93,1898834,5885.02,39031,1516107,79.84
2020-11-26,CROMPTON, EQ, 26-Nov-2020,308.75,309.9,314.5,303.5,306.0,305.8,305.63,1516354,4634.43,49779,1238848,81.7
2020-11-27,CROMPTON, EQ, 27-Nov-2020,305.8,307.35,309.35,304.0,306.35,305.3,305.35,1406544,4294.91,30285,779814,55.44
2020-12-01,CROMPTON, EQ, 01-Dec-2020,305.3,306.25,326.35,302.25,320.9,321.25,317.48,2778543,8821.45,72823,1720821,61.93
2020-12-02,CROMPTON, EQ, 02-Dec-2020,321.25,324.25,333.0,322.2,329.05,329.05,328.21,1966036,6452.82,71946,1145597,58.27
2020-12-03,CROMPTON, EQ, 03-Dec-2020,329.05,330.95,336.8,318.5,323.8,324.55,325.7,1647986,5367.51,67377,1058715,64.24
2020-12-04,CROMPTON, EQ, 04-Dec-2020,324.55,324.55,334.85,321.5,330.4,332.8,329.25,1534414,5052.03,66562,1144645,74.6
2020-12-07,CROMPTON, EQ, 07-Dec-2020,332.8,331.9,335.85,326.0,329.5,331.2,331.75,812193,2694.47,40681,470964,57.99
2020-12-08,CROMPTON, EQ, 08-Dec-2020,331.2,331.0,334.9,326.0,332.0,330.5,330.36,1447090,4780.65,44534,1144173,79.07
2020-12-09,CROMPTON, EQ, 09-Dec-2020,330.5,332.15,341.8,332.0,336.6,337.85,337.32,1220399,4116.6,39368,761472,62.4
2020-12-10,CROMPTON, EQ, 10-Dec-2020,337.85,336.0,339.55,325.25,332.5,333.1,330.16,898516,2966.51,40105,519907,57.86
2020-12-11,CROMPTON, EQ, 11-Dec-2020,333.1,334.85,337.3,329.45,331.0,331.05,332.5,937878,3118.44,25055,718085,76.56
2020-12-14,CROMPTON, EQ, 14-Dec-2020,331.05,331.05,334.1,320.5,323.25,324.6,328.61,1001254,3290.25,23658,819614,81.86
2020-12-15,CROMPTON, EQ, 15-Dec-2020,324.6,324.15,342.0,321.6,339.1,339.4,336.17,1999048,6720.2,59349,917314,45.89
2020-12-16,CROMPTON, EQ, 16-Dec-2020,339.4,336.65,368.1,336.65,364.0,362.55,356.29,3260375,11616.44,77724,1762293,54.05
2020-12-17,CROMPTON, EQ, 17-Dec-2020,362.55,364.0,393.65,363.2,377.0,374.05,381.62,5236806,19984.86,105090,2541675,48.53
2020-12-18,CROMPTON, EQ, 18-Dec-2020,374.05,377.05,387.8,361.55,373.0,375.55,374.68,2282969,8553.83,63047,1024494,44.88
2020-12-21,CROMPTON, EQ, 21-Dec-2020,375.55,368.4,373.4,356.0,357.0,358.85,363.08,1805857,6556.74,57650,1150506,63.71
2020-12-22,CROMPTON, EQ, 22-Dec-2020,358.85,350.2,376.5,346.05,360.95,360.9,363.74,1458181,5303.98,62344,774886,53.14
2020-12-23,CROMPTON, EQ, 23-Dec-2020,360.9,362.1,363.8,348.9,354.0,352.7,356.11,532109,1894.87,15408,236365,44.42
2020-12-24,CROMPTON, EQ, 24-Dec-2020,352.7,357.95,359.55,351.45,356.5,356.35,354.75,1235974,4384.66,58120,878680,71.09
2020-12-28,CROMPTON, EQ, 28-Dec-2020,356.35,359.6,362.0,352.1,357.15,356.95,357.27,500901,1789.57,30425,351223,70.12
2020-12-29,CROMPTON, EQ, 29-Dec-2020,356.95,356.95,374.3,356.1,368.7,369.15,365.3,862764,3151.65,34977,352821,40.89
2020-12-30,CROMPTON, EQ, 30-Dec-2020,369.15,368.7,372.0,357.0,370.15,368.35,363.16,2838088,10306.9,70599,1966671,69.3
2020-12-31,CROMPTON, EQ, 31-Dec-2020,368.35,370.3,382.0,366.3,380.0,380.55,376.39,1359435,5116.79,40222,525765,38.68
2021-01-01,CROMPTON, EQ, 01-Jan-2021,380.55,382.0,385.9,373.25,376.45,378.05,380.69,530682,2020.23,17882,137205,25.85
2021-01-04,CROMPTON, EQ, 04-Jan-2021,378.05,380.0,380.45,369.0,373.55,373.7,372.76,1018281,3795.7,23255,549055,53.92
2021-01-05,CROMPTON, EQ, 05-Jan-2021,373.7,375.15,379.9,367.05,378.0,377.35,374.11,824289,3083.74,31968,543681,65.96
2021-01-06,CROMPTON, EQ, 06-Jan-2021,377.35,374.4,385.35,373.1,383.0,383.9,381.07,984770,3752.68,34021,654169,66.43
2021-01-07,CROMPTON, EQ, 07-Jan-2021,383.9,388.0,402.0,385.5,393.2,395.05,393.44,1742941,6857.4,41530,1108808,63.62
2021-01-08,CROMPTON, EQ, 08-Jan-2021,395.05,399.9,405.4,390.85,399.05,400.15,400.69,1882075,7541.25,63099,1550203,82.37
2021-01-11,CROMPTON, EQ, 11-Jan-2021,400.15,404.4,408.8,387.0,400.0,399.85,396.02,1245256,4931.49,67376,745199,59.84
2021-01-12,CROMPTON, EQ, 12-Jan-2021,399.85,399.65,405.4,391.5,402.7,403.3,397.32,1056087,4196.03,41403,551505,52.22
2021-01-13,CROMPTON, EQ, 13-Jan-2021,403.3,405.15,405.4,394.3,397.25,400.7,398.49,1189130,4738.52,40975,555206,46.69
2021-01-14,CROMPTON, EQ, 14-Jan-2021,400.7,399.1,402.95,393.5,396.25,399.7,396.21,857430,3397.24,37815,605660,70.64
2021-01-15,CROMPTON, EQ, 15-Jan-2021,399.7,399.0,417.8,378.45,387.55,387.0,398.28,1282985,5109.82,44489,537310,41.88
2021-01-18,CROMPTON, EQ, 18-Jan-2021,387.0,387.05,397.0,375.3,379.0,379.7,384.56,943082,3626.73,25854,408953,43.36
2021-01-19,CROMPTON, EQ, 19-Jan-2021,379.7,382.0,401.9,381.35,389.0,395.25,389.65,988288,3850.86,38586,377782,38.23
2021-01-20,CROMPTON, EQ, 20-Jan-2021,395.25,391.0,410.0,388.8,406.9,405.95,400.97,1562021,6263.21,50361,1079957,69.14
2021-01-21,CROMPTON, EQ, 21-Jan-2021,405.95,412.0,451.4,409.1,438.0,435.25,431.22,5308060,22889.59,144311,2929304,55.19
2021-01-22,CROMPTON, EQ, 22-Jan-2021,435.25,440.0,456.0,420.4,432.3,429.7,436.44,2469895,10779.57,113959,1174584,47.56
2021-01-25,CROMPTON, EQ, 25-Jan-2021,429.7,433.1,440.0,401.0,410.2,412.25,416.81,2322649,9681.01,58745,1348277,58.05
2021-01-27,CROMPTON, EQ, 27-Jan-2021,412.25,409.9,438.85,400.6,416.0,428.05,417.12,2709615,11302.41,134951,1771713,65.39
2021-01-28,CROMPTON, EQ, 28-Jan-2021,428.05,410.95,442.0,408.65,430.0,424.8,427.12,2487001,10622.49,80546,1729659,69.55
2021-01-29,CROMPTON, EQ, 29-Jan-2021,424.8,428.95,434.15,408.2,425.0,427.75,420.96,1662912,7000.2,83168,1177293,70.8
2021-02-01,CROMPTON, EQ, 01-Feb-2021,427.75,426.0,426.0,408.5,411.9,416.45,415.17,1147767,4765.21,55474,611235,53.25
2021-02-02,CROMPTON, EQ, 02-Feb-2021,416.45,411.35,420.45,403.2,413.2,414.7,410.9,1708220,7019.16,71973,975954,57.13
2021-02-03,CROMPTON, EQ, 03-Feb-2021,414.7,412.1,417.65,405.0,407.95,411.05,413.61,2580016,10671.26,54797,1889437,73.23
2021-02-04,CROMPTON, EQ, 04-Feb-2021,411.05,409.7,422.95,402.1,412.4,413.2,409.64,2270501,9300.96,51593,1369280,60.31
2021-02-05,CROMPTON, EQ, 05-Feb-2021,413.2,414.5,421.0,406.65,408.45,410.05,413.98,1175415,4866.03,40497,674654,57.4
2021-02-08,CROMPTON, EQ, 08-Feb-2021,410.05,414.45,416.65,406.4,407.6,408.2,411.61,902673,3715.48,31922,487642,54.02
2021-02-09,CROMPTON, EQ, 09-Feb-2021,408.2,401.0,410.5,397.3,405.6,406.5,401.43,6843035,27470.06,95404,3808407,55.65
2021-02-10,CROMPTON, EQ, 10-Feb-2021,406.5,408.55,410.1,403.35,408.0,408.35,407.48,1335357,5441.28,45530,800359,59.94
2021-02-11,CROMPTON, EQ, 11-Feb-2021,408.35,408.5,409.55,397.0,397.2,399.35,401.12,2979673,11952.17,75210,2203737,73.96
2021-02-12,CROMPTON, EQ, 12-Feb-2021,399.35,399.75,399.75,391.5,394.95,398.9,395.26,2494865,9861.2,37460,1867689,74.86
2021-02-15,CROMPTON, EQ, 15-Feb-2021,398.9,399.85,400.8,392.25,393.0,394.95,398.49,1091933,4351.28,25240,752247,68.89
2021-02-16,CROMPTON, EQ, 16-Feb-2021,394.95,394.8,400.6,392.0,397.15,397.7,397.82,3872811,15406.85,51402,2719852,70.23
2021-02-17,CROMPTON, EQ, 17-Feb-2021,397.7,396.75,407.95,393.0,393.3,395.55,398.93,2446128,9758.29,43179,1565736,64.01
2021-02-18,CROMPTON, EQ, 18-Feb-2021,395.55,397.45,404.8,397.1,397.65,398.7,400.24,2767448,11076.37,36188,2180175,78.78
2021-02-19,CROMPTON, EQ, 19-Feb-2021,398.7,399.5,402.5,393.7,396.15,396.65,398.76,1608670,6414.78,48320,976537,60.7
2021-02-22,CROMPTON, EQ, 22-Feb-2021,396.65,396.65,399.75,377.0,390.0,387.1,385.2,2132247,8213.33,42215,1365425,64.04
2021-02-23,CROMPTON, EQ, 23-Feb-2021,387.1,390.95,390.95,378.35,380.45,382.2,386.4,1201021,4640.72,42584,722915,60.19
2021-02-24,CROMPTON, EQ, 24-Feb-2021,382.2,384.0,385.0,371.25,382.0,381.15,377.02,2486422,9374.19,33686,1929010,77.58
2021-02-25,CROMPTON, EQ, 25-Feb-2021,381.15,384.5,388.65,380.0,385.8,383.6,384.24,2436161,9360.78,58518,1471872,60.42
2021-02-26,CROMPTON, EQ, 26-Feb-2021,383.6,380.9,389.6,376.7,382.0,385.15,383.26,2153518,8253.6,66331,1478845,68.67
2021-03-01,CROMPTON, EQ, 01-Mar-2021,385.15,388.0,399.7,382.1,384.95,386.5,389.85,2327986,9075.55,60411,1562191,67.1
2021-03-02,CROMPTON, EQ, 02-Mar-2021,386.5,387.2,390.3,382.3,387.65,387.4,386.19,2417485,9336.1,53623,1684788,69.69
2021-03-03,CROMPTON, EQ, 03-Mar-2021,387.4,392.1,398.75,386.5,395.65,390.95,392.41,1738641,6822.54,55377,1069603,61.52
2021-03-04,CROMPTON, EQ, 04-Mar-2021,390.95,392.0,397.85,390.55,397.0,396.85,394.48,1537531,6065.18,40956,993769,64.63
2021-03-05,CROMPTON, EQ, 05-Mar-2021,396.85,397.0,409.0,393.0,408.0,404.3,400.45,1420565,5688.6,32182,906030,63.78
2021-03-08,CROMPTON, EQ, 08-Mar-2021,404.3,411.5,417.65,404.3,408.8,407.95,413.34,1518706,6277.41,62704,897205,59.08
2021-03-09,CROMPTON, EQ, 09-Mar-2021,407.95,415.0,416.5,409.0,412.25,414.05,412.32,2339396,9645.76,31821,1663404,71.1
2021-03-10,CROMPTON, EQ, 10-Mar-2021,414.05,417.0,421.0,406.6,418.9,419.5,419.05,839464,3517.77,38436,509589,60.7
2021-03-12,CROMPTON, EQ, 12-Mar-2021,419.5,418.55,421.25,401.25,408.5,410.25,410.39,1131935,4645.32,30971,556057,49.12
2021-03-15,CROMPTON, EQ, 15-Mar-2021,410.25,412.95,412.95,397.15,400.5,401.25,400.83,718993,2881.93,13552,405959,56.46
2021-03-16,CROMPTON, EQ, 16-Mar-2021,401.25,403.95,406.5,388.2,403.9,398.85,394.2,1328340,5236.34,43073,719624,54.17
2021-03-17,CROMPTON, EQ, 17-Mar-2021,398.85,402.95,408.55,380.15,386.95,386.1,393.45,1687009,6637.48,38806,1017102,60.29
2021-03-18,CROMPTON, EQ, 18-Mar-2021,386.1,390.9,400.65,377.2,379.15,379.95,390.75,2486638,9716.58,40990,1660723,66.79
2021-03-19,CROMPTON, EQ, 19-Mar-2021,379.95,379.0,405.0,370.0,403.9,397.55,389.23,1503323,5851.35,30522,747509,49.72
2021-03-22,CROMPTON, EQ, 22-Mar-2021,397.55,401.25,401.25,384.2,390.35,391.15,389.37,1355742,5278.88,43010,649160,47.88
2021-03-23,CROMPTON, EQ, 23-Mar-2021,391.15,391.15,391.15,381.2,382.3,383.1,384.29,1295788,4979.62,63063,853734,65.89
2021-03-24,CROMPTON, EQ, 24-Mar-2021,383.1,382.0,382.0,365.85,369.0,370.95,371.98,3001331,11164.2,108484,2186826,72.86
2021-03-25,CROMPTON, EQ, 25-Mar-2021,370.95,368.65,374.6,358.05,368.0,367.0,364.61,1880209,6855.44,55149,1242461,66.08
2021-03-26,CROMPTON, EQ, 26-Mar-2021,367.0,368.9,387.75,361.2,384.2,383.35,376.12,2396165,9012.55,43832,1537067,64.15
2021-03-30,CROMPTON, EQ, 30-Mar-2021,383.35,389.0,389.0,375.6,383.0,385.85,382.24,1497268,5723.22,45456,930107,62.12
2021-03-31,CROMPTON, EQ, 31-Mar-2021,385.85,382.0,398.9,379.45,386.9,392.5,386.27,1822929,7041.47,44731,1252898,68.73
2021-04-01,CROMPTON, EQ, 01-Apr-2021,392.5,391.0,399.0,383.45,394.0,393.25,389.88,1317098,5135.17,33736,817222,62.05
2021-04-05,CROMPTON, EQ, 05-Apr-2021,393.25,391.25,393.25,364.25,373.75,373.3,374.49,2220358,8315.03,33825,1313402,59.15
2021-04-06,CROMPTON, EQ, 06-Apr-2021,373.3,374.0,381.5,367.0,380.7,379.9,375.42,2468390,9266.74,50606,1720167,69.69
2021-04-07,CROMPTON, EQ, 07-Apr-2021,379.9,379.25,395.5,377.0,391.0,390.35,389.3,893155,3477.04,27571,432630,48.44
2021-04-08,CROMPTON, EQ, 08-Apr-2021,390.35,393.1,398.1,387.75,392.55,395.85,393.97,948966,3738.65,44987,539749,56.88
2021-04-09,CROMPTON, EQ, 09-Apr-2021,395.85,394.2,405.0,387.25,389.0,392.0,397.22,1328089,5275.43,28591,729502,54.93
2021-04-12,CROMPTON, EQ, 12-Apr-2021,392.0,385.9,390.5,378.6,383.8,381.75,384.12,1828956,7025.35,44668,1366460,74.71
2021-04-13,CROMPTON, EQ, 13-Apr-2021,381.75,381.2,384.45,363.4,370.75,367.85,370.61,1914342,7094.8,58471,1181877,61.74
2021-04-15,CROMPTON, EQ, 15-Apr-2021,367.85,372.0,390.0,370.35,387.1,385.25,380.56,1265461,4815.9,56024,567714,44.86
2021-04-16,CROMPTON, EQ, 16-Apr-2021,385.25,386.0,394.65,382.55,383.4,386.55,389.17,851745,3314.76,29329,427193,50.16
2021-04-19,CROMPTON, EQ, 19-Apr-2021,386.55,379.0,380.95,370.1,373.95,372.85,374.29,793504,2969.99,36948,497322,62.67
2021-04-20,CROMPTON, EQ, 20-Apr-2021,372.85,376.0,377.1,364.0,365.0,367.3,370.97,1416259,5253.94,66415,872152,61.58
2021-04-22,CROMPTON, EQ, 22-Apr-2021,367.3,366.7,366.7,352.8,357.0,357.85,359.14,2619766,9408.52,93285,1762149,67.26
2021-04-23,CROMPTON, EQ, 23-Apr-2021,357.85,355.0,364.0,350.35,354.2,354.65,358.72,2506842,8992.6,53935,1686499,67.28
2021-04-26,CROMPTON, EQ, 26-Apr-2021,354.65,355.7,374.8,353.0,372.35,372.9,366.2,2022097,7405.01,44700,1335911,66.07
2021-04-27,CROMPTON, EQ, 27-Apr-2021,372.9,372.0,384.7,370.0,382.95,383.4,379.77,2625570,9971.23,30600,2036970,77.58
2021-04-28,CROMPTON, EQ, 28-Apr-2021,383.4,382.95,403.85,381.05,400.0,400.85,394.08,1791830,7061.19,42374,1085908,60.6
2021-04-29,CROMPTON, EQ, 29-Apr-2021,400.85,401.0,408.4,376.8,379.3,380.1,389.69,1333306,5195.75,37613,592858,44.47
2021-04-30,CROMPTON, EQ, 30-Apr-2021,380.1,378.5,386.0,373.3,385.0,384.9,381.79,1548079,5910.37,37249,914748,59.09
2021-05-03,CROMPTON, EQ, 03-May-2021,384.9,384.0,390.0,374.6,376.8,375.95,381.35,504768,1924.91,16045,229874,45.54
2021-05-04,CROMPTON, EQ, 04-May-2021,375.95,379.9,382.0,369.05,372.8,370.9,374.6,719309,2694.56,26925,395081,54.93
2021-05-05,CROMPTON, EQ, 05-May-2021,370.9,372.2,383.95,371.0,376.3,375.4,377.33,746994,2818.6,21158,384040,51.41
2021-05-06,CROMPTON, EQ, 06-May-2021,375.4,378.6,382.75,371.35,376.9,377.45,377.56,1523678,5752.79,28249,1141032,74.89
2021-05-07,CROMPTON, EQ, 07-May-2021,377.45,377.8,385.2,374.85,380.5,380.05,380.55,1523371,5797.16,18751,1182276,77.61
2021-05-10,CROMPTON, EQ, 10-May-2021,380.05,383.95,386.6,376.05,377.05,377.65,378.84,719772,2726.75,20259,414886,57.64
2021-05-11,CROMPTON, EQ, 11-May-2021,377.65,374.0,379.65,370.05,371.45,371.15,374.42,733233,2745.34,17836,499079,68.07
2021-05-12,CROMPTON, EQ, 12-May-2021,371.15,373.0,376.65,362.6,366.3,364.75,368.84,884107,3260.97,24658,515249,58.28
2021-05-14,CROMPTON, EQ, 14-May-2021,364.75,369.5,371.45,361.35,366.0,364.0,367.58,1719301,6319.76,20819,1381050,80.33
2021-05-17,CROMPTON, EQ, 17-May-2021,364.0,367.1,377.95,362.2,376.0,373.65,369.41,1626324,6007.75,38296,1014228,62.36
2021-05-18,CROMPTON, EQ, 18-May-2021,373.65,376.0,379.1,371.25,377.7,376.4,374.47,1321380,4948.11,31122,838586,63.46
2021-05-19,CROMPTON, EQ, 19-May-2021,376.4,378.3,385.2,378.25,383.15,383.1,382.18,1325722,5066.69,23143,900947,67.96
2021-05-20,CROMPTON, EQ, 20-May-2021,383.1,385.95,391.95,382.3,383.1,383.65,387.59,1451698,5626.64,35877,651700,44.89
2021-05-21,CROMPTON, EQ, 21-May-2021,383.65,386.0,397.75,384.2,389.35,388.45,393.51,2092569,8234.49,44431,1352422,64.63
2021-05-24,CROMPTON, EQ, 24-May-2021,388.45,396.0,406.55,395.1,399.0,398.25,399.21,3464074,13828.99,70163,1991966,57.5
2021-05-25,CROMPTON, EQ, 25-May-2021,398.25,402.85,405.95,400.0,403.0,402.95,403.41,2429817,9802.1,64908,1673010,68.85
2021-05-26,CROMPTON, EQ, 26-May-2021,402.95,407.0,407.0,392.5,397.1,396.0,396.84,1314545,5216.64,31151,806568,61.36
2021-05-27,CROMPTON, EQ, 27-May-2021,396.0,399.35,403.3,395.25,399.2,400.6,399.88,2315860,9260.7,58971,1658847,71.63
2021-05-28,CROMPTON, EQ, 28-May-2021,400.6,404.0,404.0,392.05,394.9,394.05,396.65,580586,2302.91,20958,317983,54.77
2021-05-31,CROMPTON, EQ, 31-May-2021,394.05,398.0,400.5,393.1,398.0,398.25,397.75,567354,2256.67,24679,286329,50.47
2021-06-01,CROMPTON, EQ, 01-Jun-2021,398.25,400.5,407.9,397.0,398.6,398.3,401.66,707472,2841.62,23408,318804,45.06
2021-06-02,CROMPTON, EQ, 02-Jun-2021,398.3,400.0,402.0,397.05,401.5,400.9,400.29,719957,2881.93,22353,532965,74.03
2021-06-03,CROMPTON, EQ, 03-Jun-2021,400.9,404.0,415.45,399.65,409.0,410.0,407.77,2765741,11277.93,55875,1526251,55.18
2021-06-04,CROMPTON, EQ, 04-Jun-2021,410.0,418.0,418.0,398.15,400.2,400.05,404.43,1958545,7921.0,40004,1024347,52.3
2021-06-07,CROMPTON, EQ, 07-Jun-2021,400.05,401.0,408.7,401.0,406.0,407.05,405.39,739324,2997.15,51807,379175,51.29
2021-06-08,CROMPTON, EQ, 08-Jun-2021,407.05,406.6,408.15,400.5,405.25,406.55,404.48,725696,2935.27,35745,428052,58.99
2021-06-09,CROMPTON, EQ, 09-Jun-2021,406.55,412.0,436.0,412.0,428.0,423.25,425.56,4590332,19534.8,177220,2082156,45.36
2021-06-10,CROMPTON, EQ, 10-Jun-2021,423.25,432.5,443.5,426.45,428.0,430.65,436.17,2863287,12488.71,87256,1372967,47.95
2021-06-11,CROMPTON, EQ, 11-Jun-2021,430.65,432.0,434.4,420.0,426.0,430.0,425.56,1220268,5192.97,46000,533262,43.7
2021-06-14,CROMPTON, EQ, 14-Jun-2021,430.0,429.0,429.0,418.0,422.25,421.35,421.04,1609266,6775.59,66863,1095526,68.08
2021-06-15,CROMPTON, EQ, 15-Jun-2021,421.35,422.25,432.5,422.25,430.6,429.65,426.87,1904985,8131.83,43068,1318562,69.22
2021-06-16,CROMPTON, EQ, 16-Jun-2021,429.65,430.0,432.45,421.25,422.0,423.4,427.46,943272,4032.14,34899,517693,54.88
2021-06-17,CROMPTON, EQ, 17-Jun-2021,423.4,420.15,429.15,419.2,422.4,422.25,423.95,760982,3226.21,32425,474329,62.33
2021-06-18,CROMPTON, EQ, 18-Jun-2021,422.25,423.4,429.5,415.2,422.35,421.2,421.4,1481724,6244.02,41552,838918,56.62
2021-06-21,CROMPTON, EQ, 21-Jun-2021,421.2,419.4,421.3,409.35,413.9,415.15,414.29,934990,3873.55,42103,443136,47.39
2021-06-22,CROMPTON, EQ, 22-Jun-2021,415.15,417.0,417.0,408.65,413.8,413.95,412.93,927939,3831.73,54084,479541,51.68
2021-06-23,CROMPTON, EQ, 23-Jun-2021,413.95,417.7,418.5,413.0,416.0,416.2,415.26,952247,3954.31,27409,649956,68.25
2021-06-24,CROMPTON, EQ, 24-Jun-2021,416.2,419.0,419.0,410.5,413.7,413.8,415.73,564840,2348.22,20580,283473,50.19
2021-06-25,CROMPTON, EQ, 25-Jun-2021,413.8,414.0,415.0,409.15,411.1,410.5,411.35,472311,1942.85,27005,234162,49.58
2021-06-28,CROMPTON, EQ, 28-Jun-2021,410.5,414.9,433.0,411.25,428.7,430.0,422.27,1384630,5846.89,66906,654114,47.24
2021-06-29,CROMPTON, EQ, 29-Jun-2021,430.0,430.0,433.5,415.75,424.6,421.95,422.95,1417476,5995.25,36431,775460,54.71
2021-06-30,CROMPTON, EQ, 30-Jun-2021,421.95,426.1,436.75,422.6,433.75,434.6,430.48,1405319,6049.57,48570,858060,61.06
2021-07-01,CROMPTON, EQ, 01-Jul-2021,434.6,435.0,436.9,426.6,429.0,429.5,430.71,616360,2654.73,40453,295223,47.9
2021-07-02,CROMPTON, EQ, 02-Jul-2021,429.5,431.0,448.95,429.65,442.95,446.9,443.76,2606985,11568.76,59704,1304081,50.02
2021-07-05,CROMPTON, EQ, 05-Jul-2021,446.9,447.3,467.35,446.9,451.15,450.2,457.74,3061079,14011.81,79798,1889733,61.73
2021-07-06,CROMPTON, EQ, 06-Jul-2021,450.2,453.4,459.6,431.35,437.0,437.0,453.93,3517958,15968.9,90252,2094913,59.55
2021-07-07,CROMPTON, EQ, 07-Jul-2021,437.0,437.0,456.8,429.0,450.0,449.95,445.08,2963853,13191.65,59257,2030970,68.52
2021-07-08,CROMPTON, EQ, 08-Jul-2021,449.95,448.9,454.95,438.1,441.0,441.4,447.01,2089591,9340.6,49091,1406194,67.3
2021-07-09,CROMPTON, EQ, 09-Jul-2021,441.4,441.8,449.45,435.1,439.0,439.4,441.88,966100,4269.01,27837,605684,62.69
2021-07-12,CROMPTON, EQ, 12-Jul-2021,439.4,443.9,464.0,441.55,451.6,451.35,451.8,1799131,8128.43,54181,1139991,63.36
2021-07-13,CROMPTON, EQ, 13-Jul-2021,451.35,455.4,466.1,449.15,454.75,454.95,456.62,1593764,7277.39,71094,947689,59.46
2021-07-14,CROMPTON, EQ, 14-Jul-2021,454.95,453.15,468.0,453.15,461.45,460.3,459.5,1577948,7250.67,69523,756713,47.96
2021-07-15,CROMPTON, EQ, 15-Jul-2021,460.3,461.45,464.9,456.05,459.7,460.0,459.42,855741,3931.49,50151,565679,66.1
2021-07-16,CROMPTON, EQ, 16-Jul-2021,460.0,464.25,496.7,451.2,465.45,466.95,473.05,3061898,14484.21,66604,1235563,40.35
2021-07-19,CROMPTON, EQ, 19-Jul-2021,466.95,462.4,477.0,460.05,466.0,465.35,468.01,1252119,5860.04,34625,656902,52.46
2021-07-20,CROMPTON, EQ, 20-Jul-2021,465.35,467.05,470.45,438.1,455.2,459.6,455.37,2321324,10570.55,36458,1396263,60.15
2021-07-22,CROMPTON, EQ, 22-Jul-2021,459.6,459.55,479.7,459.0,472.5,472.75,471.97,2641057,12465.03,65989,1655533,62.68
2021-07-23,CROMPTON, EQ, 23-Jul-2021,472.75,476.3,484.9,453.95,461.25,458.9,464.45,4513804,20964.3,72066,2605603,57.73
2021-07-26,CROMPTON, EQ, 26-Jul-2021,458.9,458.0,472.45,453.35,470.0,468.45,467.05,1176440,5494.51,43816,504769,42.91
2021-07-27,CROMPTON, EQ, 27-Jul-2021,468.45,472.0,475.25,468.55,473.9,471.15,471.02,1095392,5159.53,61480,749281,68.4
2021-07-28,CROMPTON, EQ, 28-Jul-2021,471.15,472.5,478.5,461.05,471.6,469.15,471.0,1861202,8766.35,25814,1305403,70.14
2021-07-29,CROMPTON, EQ, 29-Jul-2021,469.15,472.4,475.55,466.75,471.3,471.15,470.07,828116,3892.76,29816,579939,70.03
2021-07-30,CROMPTON, EQ, 30-Jul-2021,471.15,470.1,488.0,470.1,484.15,487.1,481.66,1448171,6975.22,68120,771012,53.24
2021-08-02,CROMPTON, EQ, 02-Aug-2021,487.1,487.0,495.7,483.5,489.6,489.75,490.81,1749240,8585.39,64701,1332604,76.18
2021-08-03,CROMPTON, EQ, 03-Aug-2021,489.75,489.0,498.85,470.85,475.85,478.25,488.97,1237332,6050.16,60329,745547,60.25
2021-08-04,CROMPTON, EQ, 04-Aug-2021,478.25,473.9,483.0,463.85,468.3,468.6,469.58,1080875,5075.58,46212,644466,59.62
2021-08-05,CROMPTON, EQ, 05-Aug-2021,468.6,476.9,476.9,454.7,460.5,460.15,459.62,1145733,5265.99,38571,606941,52.97
2021-08-06,CROMPTON, EQ, 06-Aug-2021,460.15,462.0,472.0,458.0,460.5,461.15,463.84,769211,3567.9,37353,330471,42.96
2021-08-09,CROMPTON, EQ, 09-Aug-2021,461.15,461.15,467.0,451.2,453.5,455.75,459.53,419519,1927.81,22509,153979,36.7
2021-08-10,CROMPTON, EQ, 10-Aug-2021,455.75,458.25,471.45,456.15,466.0,463.9,466.36,1586832,7400.36,37650,1059430,66.76
2021-08-11,CROMPTON, EQ, 11-Aug-2021,463.9,467.3,471.45,443.0,470.9,470.05,457.89,1278711,5855.06,27342,673616,52.68
2021-08-12,CROMPTON, EQ, 12-Aug-2021,470.05,471.7,477.75,454.5,459.0,463.1,462.05,1176667,5436.84,35379,473191,40.21
2021-08-13,CROMPTON, EQ, 13-Aug-2021,463.1,461.6,474.95,458.8,471.2,473.8,468.9,982882,4608.69,35012,500288,50.9
2021-08-16,CROMPTON, EQ, 16-Aug-2021,473.8,473.8,478.0,452.6,456.4,455.1,465.29,1698176,7901.44,34724,956212,56.31
2021-08-17,CROMPTON, EQ, 17-Aug-2021,455.1,455.9,461.0,446.05,451.5,449.95,451.96,1020147,4610.61,31975,518744,50.85
2021-08-18,CROMPTON, EQ, 18-Aug-2021,449.95,450.4,457.0,448.5,450.5,451.05,451.81,771803,3487.11,26356,472283,61.19
2021-08-20,CROMPTON, EQ, 20-Aug-2021,451.05,449.4,451.85,443.5,446.0,446.95,446.59,505964,2259.6,27208,281156,55.57
2021-08-23,CROMPTON, EQ, 23-Aug-2021,446.95,446.0,452.2,432.7,443.9,441.25,440.62,730883,3220.4,46914,449182,61.46
2021-08-24,CROMPTON, EQ, 24-Aug-2021,441.25,441.25,460.4,436.5,453.0,454.45,449.45,656358,2950.0,39976,330272,50.32
2021-08-25,CROMPTON, EQ, 25-Aug-2021,454.45,458.0,466.3,454.0,460.0,459.25,460.5,2354378,10841.99,36557,1847779,78.48
2021-08-26,CROMPTON, EQ, 26-Aug-2021,459.25,462.5,467.0,450.1,457.95,460.0,458.79,984236,4515.59,36030,650170,66.06
2021-08-27,CROMPTON, EQ, 27-Aug-2021,460.0,460.0,461.2,452.5,461.15,459.9,458.83,511587,2347.33,15873,309351,60.47
2021-08-30,CROMPTON, EQ, 30-Aug-2021,459.9,464.85,473.95,462.25,470.0,470.75,469.19,876539,4112.67,21646,460912,52.58
2021-08-31,CROMPTON, EQ, 31-Aug-2021,470.75,474.9,477.6,470.05,474.2,473.45,473.19,587128,2778.23,23121,324595,55.29
2021-09-01,CROMPTON, EQ, 01-Sep-2021,473.45,481.0,494.9,480.0,486.85,487.95,486.68,2038498,9920.96,94847,1168541,57.32
2021-09-02,CROMPTON, EQ, 02-Sep-2021,487.95,488.1,492.85,479.65,481.0,482.0,485.16,1181102,5730.22,43972,783420,66.33
2021-09-03,CROMPTON, EQ, 03-Sep-2021,482.0,482.2,487.55,471.0,471.7,472.85,478.47,932043,4459.59,45111,553085,59.34
2021-09-06,CROMPTON, EQ, 06-Sep-2021,472.85,473.0,489.9,467.8,489.0,485.05,477.16,945691,4512.44,34785,569988,60.27
2021-09-07,CROMPTON, EQ, 07-Sep-2021,485.05,485.2,490.0,475.1,478.0,478.25,483.35,1358063,6564.27,60491,542935,39.98
2021-09-08,CROMPTON, EQ, 08-Sep-2021,478.25,478.2,489.4,475.0,484.7,485.85,480.84,1007349,4843.7,45246,575165,57.1
2021-09-09,CROMPTON, EQ, 09-Sep-2021,485.85,485.1,496.4,476.3,489.25,492.2,488.01,1454671,7098.98,48674,537383,36.94
2021-09-13,CROMPTON, EQ, 13-Sep-2021,492.2,492.2,494.05,483.85,485.55,486.3,489.5,1559154,7632.11,45012,1267521,81.3
2021-09-14,CROMPTON, EQ, 14-Sep-2021,486.3,489.65,495.3,483.05,489.0,489.9,489.07,902511,4413.94,46697,534364,59.21
2021-09-15,CROMPTON, EQ, 15-Sep-2021,489.9,489.95,494.0,484.3,491.05,490.05,487.84,559284,2728.43,31495,293988,52.57
2021-09-16,CROMPTON, EQ, 16-Sep-2021,490.05,491.0,512.8,486.05,486.7,490.35,500.79,2156351,10798.86,47841,1164399,54.0
2021-09-17,CROMPTON, EQ, 17-Sep-2021,490.35,490.2,496.4,480.0,487.6,486.1,487.72,1720516,8391.23,28599,870716,50.61
2021-09-20,CROMPTON, EQ, 20-Sep-2021,486.1,483.5,489.4,475.3,480.0,483.7,482.1,2078684,10021.23,39280,1106992,53.25
2021-09-21,CROMPTON, EQ, 21-Sep-2021,483.7,481.8,482.55,469.1,476.5,477.75,475.92,847249,4032.24,41478,464908,54.87
2021-09-22,CROMPTON, EQ, 22-Sep-2021,477.75,479.4,481.5,464.0,464.95,466.65,472.2,1875886,8857.93,42084,1276110,68.03
2021-09-23,CROMPTON, EQ, 23-Sep-2021,466.65,468.0,493.0,467.55,485.35,488.8,485.52,1843034,8948.32,55734,958022,51.98
2021-09-24,CROMPTON, EQ, 24-Sep-2021,488.8,488.5,488.5,476.55,478.5,478.7,481.41,873638,4205.74,30501,498264,57.03
2021-09-27,CROMPTON, EQ, 27-Sep-2021,478.7,481.5,481.7,467.5,470.1,473.1,473.72,1005900,4765.12,45920,580597,57.72
2021-09-28,CROMPTON, EQ, 28-Sep-2021,473.1,472.0,474.9,461.0,470.25,470.85,467.29,953711,4456.64,41824,539325,56.55
2021-09-29,CROMPTON, EQ, 29-Sep-2021,470.85,470.9,473.4,463.3,471.1,470.0,468.91,953160,4469.5,67716,572144,60.03
2021-09-30,CROMPTON, EQ, 30-Sep-2021,470.0,474.0,485.55,468.1,479.8,478.9,480.34,2334376,11212.98,73746,1028876,44.07
2021-10-01,CROMPTON, EQ, 01-Oct-2021,478.9,477.4,503.0,476.15,489.0,488.8,489.04,2518392,12316.0,73932,1153989,45.82
2021-10-04,CROMPTON, EQ, 04-Oct-2021,488.8,492.4,496.0,477.35,487.5,487.45,486.17,1113415,5413.14,39937,612097,54.97
2021-10-05,CROMPTON, EQ, 05-Oct-2021,487.45,485.1,488.35,481.75,487.0,486.4,484.93,663412,3217.11,27448,406282,61.24
2021-10-06,CROMPTON, EQ, 06-Oct-2021,486.4,487.85,495.4,473.0,480.0,477.05,484.56,1389867,6734.75,41521,734304,52.83
2021-10-07,CROMPTON, EQ, 07-Oct-2021,477.05,480.5,482.95,472.45,479.2,478.9,476.79,629388,3000.88,23796,276118,43.87
2021-10-08,CROMPTON, EQ, 08-Oct-2021,478.9,480.0,483.0,474.65,478.25,479.7,478.52,892137,4269.04,39526,635842,71.27
2021-10-11,CROMPTON, EQ, 11-Oct-2021,479.7,482.95,483.8,475.0,480.15,480.25,478.77,1392123,6665.13,37249,944499,67.85
2021-10-12,CROMPTON, EQ, 12-Oct-2021,480.25,480.1,490.0,478.9,480.1,481.5,483.19,1146022,5537.5,34502,667197,58.22
2021-10-13,CROMPTON, EQ, 13-Oct-2021,481.5,478.75,483.95,478.25,481.75,482.45,481.68,883507,4255.68,28415,499019,56.48
2021-10-14,CROMPTON, EQ, 14-Oct-2021,482.45,483.95,484.6,473.0,473.9,474.6,478.14,1073667,5133.66,30875,656332,61.13
2021-10-18,CROMPTON, EQ, 18-Oct-2021,474.6,476.15,477.6,470.0,471.2,473.05,473.5,1034771,4899.59,34251,698298,67.48
2021-10-19,CROMPTON, EQ, 19-Oct-2021,473.05,473.8,474.65,455.1,465.0,465.65,464.4,2486768,11548.56,105758,1560199,62.74
2021-10-20,CROMPTON, EQ, 20-Oct-2021,465.65,467.8,467.8,451.05,454.9,454.2,457.46,2265457,10363.64,38962,1726180,76.2
2021-10-21,CROMPTON, EQ, 21-Oct-2021,454.2,456.0,468.0,439.0,467.0,463.9,451.66,2499907,11290.97,60453,1340062,53.6
2021-10-22,CROMPTON, EQ, 22-Oct-2021,463.9,465.0,473.45,450.1,467.0,468.1,461.34,1862740,8593.63,86249,951208,51.06
2021-10-25,CROMPTON, EQ, 25-Oct-2021,468.1,473.6,483.1,435.1,451.9,450.7,453.63,3961863,17972.12,127785,1920393,48.47
2021-10-26,CROMPTON, EQ, 26-Oct-2021,450.7,450.1,472.0,450.0,463.95,463.9,464.82,2130926,9904.94,85219,1357606,63.71
2021-10-27,CROMPTON, EQ, 27-Oct-2021,463.9,466.1,477.5,465.95,473.0,472.9,472.44,1938102,9156.45,70749,1346218,69.46
2021-10-28,CROMPTON, EQ, 28-Oct-2021,472.9,476.0,485.0,460.05,464.4,465.75,470.98,3554246,16739.63,62251,2229861,62.74
2021-10-29,CROMPTON, EQ, 29-Oct-2021,465.75,463.0,468.95,455.0,466.0,465.6,464.45,1622790,7537.12,42999,1144705,70.54
2021-11-01,CROMPTON, EQ, 01-Nov-2021,465.6,470.6,490.0,465.0,489.0,488.05,477.68,1390000,6639.72,42219,755161,54.33
2021-11-02,CROMPTON, EQ, 02-Nov-2021,488.05,491.9,493.2,473.7,476.35,477.1,480.23,1989405,9553.7,46033,1156880,58.15
2021-11-03,CROMPTON, EQ, 03-Nov-2021,477.1,477.8,480.7,465.05,467.9,467.6,472.19,876758,4140.0,27725,475750,54.26
2021-11-08,CROMPTON, EQ, 08-Nov-2021,473.6,474.0,479.55,464.4,468.0,467.65,468.65,621332,2911.89,17112,301370,48.5
2021-11-09,CROMPTON, EQ, 09-Nov-2021,467.65,467.7,470.1,456.1,460.0,461.85,462.39,2473552,11437.57,46817,1599187,64.65
2021-11-10,CROMPTON, EQ, 10-Nov-2021,461.85,459.95,462.3,453.1,459.65,459.7,458.83,1367169,6273.04,42431,824348,60.3
2021-11-11,CROMPTON, EQ, 11-Nov-2021,459.7,459.65,463.1,452.5,458.0,459.4,457.05,2229940,10191.98,38193,1731170,77.63
2021-11-12,CROMPTON, EQ, 12-Nov-2021,459.4,463.0,468.0,457.55,465.85,466.25,460.67,1254461,5778.9,20064,937545,74.74
2021-11-15,CROMPTON, EQ, 15-Nov-2021,466.25,466.95,477.95,464.35,473.8,475.35,473.17,978856,4631.67,55124,473974,48.42
2021-11-16,CROMPTON, EQ, 16-Nov-2021,475.35,474.0,477.9,459.4,460.6,461.25,467.99,1098151,5139.25,37681,564543,51.41
2021-11-17,CROMPTON, EQ, 17-Nov-2021,461.25,460.7,465.0,455.45,459.5,458.45,458.82,2255153,10347.11,28283,1789097,79.33
2021-11-18,CROMPTON, EQ, 18-Nov-2021,458.45,459.1,460.0,447.0,453.0,451.3,452.83,644215,2917.21,33990,280879,43.6
2021-11-22,CROMPTON, EQ, 22-Nov-2021,451.3,451.7,457.6,432.5,445.0,445.85,442.19,1473804,6516.96,60865,784638,53.24
2021-11-23,CROMPTON, EQ, 23-Nov-2021,445.85,440.3,449.8,436.05,445.0,444.95,440.7,3037101,13384.4,57695,1940160,63.88
2021-11-24,CROMPTON, EQ, 24-Nov-2021,444.95,447.3,451.65,435.9,437.0,438.85,445.69,1297744,5783.91,32312,728546,56.14
2021-11-25,CROMPTON, EQ, 25-Nov-2021,438.85,438.1,448.95,437.15,446.4,446.5,443.07,998926,4425.98,39730,575377,57.6
2021-11-26,CROMPTON, EQ, 26-Nov-2021,446.5,444.0,446.55,435.1,436.9,437.4,439.52,939590,4129.67,54511,462122,49.18
2021-11-29,CROMPTON, EQ, 29-Nov-2021,437.4,439.1,449.0,417.2,444.55,443.3,431.96,2888897,12478.85,53528,2074038,71.79
2021-11-30,CROMPTON, EQ, 30-Nov-2021,443.3,444.4,462.15,440.0,451.3,448.25,446.89,1829211,8174.65,79922,949382,51.9
2021-12-01,CROMPTON, EQ, 01-Dec-2021,448.25,453.6,455.25,436.6,437.0,438.55,446.31,1730686,7724.26,59286,536296,30.99
2021-12-02,CROMPTON, EQ, 02-Dec-2021,438.55,439.15,440.6,432.5,432.9,433.7,435.68,1641879,7153.31,36256,1110338,67.63
2021-12-03,CROMPTON, EQ, 03-Dec-2021,433.7,432.95,441.4,425.25,427.0,427.75,432.88,1983280,8585.22,42134,1319546,66.53
2021-12-06,CROMPTON, EQ, 06-Dec-2021,427.75,427.75,433.65,426.35,430.95,430.35,430.43,667758,2874.21,28711,374623,56.1
2021-12-07,CROMPTON, EQ, 07-Dec-2021,430.35,430.0,437.0,425.15,432.2,431.8,428.85,1819081,7801.14,37960,1203566,66.16
2021-12-08,CROMPTON, EQ, 08-Dec-2021,431.8,432.9,437.0,423.7,428.4,429.25,429.27,2328407,9995.07,53088,1712434,73.55
2021-12-09,CROMPTON, EQ, 09-Dec-2021,429.25,432.15,440.5,430.0,439.0,438.65,437.24,928259,4058.75,27765,478207,51.52
2021-12-10,CROMPTON, EQ, 10-Dec-2021,438.65,440.0,440.0,433.7,436.9,435.85,436.97,1434067,6266.45,36408,1121623,78.21
2021-12-13,CROMPTON, EQ, 13-Dec-2021,435.85,439.0,444.5,425.65,427.4,427.0,436.05,2063743,8998.91,51520,1452020,70.36
2021-12-14,CROMPTON, EQ, 14-Dec-2021,427.0,427.0,427.0,413.1,415.4,415.85,416.67,2788053,11617.03,65438,1881186,67.47
2021-12-15,CROMPTON, EQ, 15-Dec-2021,415.85,417.7,432.9,412.1,429.45,430.85,424.59,1799117,7638.92,43857,993726,55.23
2021-12-16,CROMPTON, EQ, 16-Dec-2021,430.85,429.45,435.45,417.65,418.5,421.7,425.49,1629341,6932.7,37494,866921,53.21
2021-12-17,CROMPTON, EQ, 17-Dec-2021,421.7,417.9,424.5,413.0,417.75,417.85,418.36,1499936,6275.09,28863,642677,42.85
2021-12-20,CROMPTON, EQ, 20-Dec-2021,417.85,414.1,418.4,402.5,411.7,412.35,410.1,1825796,7487.67,36129,591213,32.38
2021-12-21,CROMPTON, EQ, 21-Dec-2021,412.35,412.0,418.0,407.55,412.9,413.05,413.59,1095439,4530.61,24564,421823,38.51
2021-12-22,CROMPTON, EQ, 22-Dec-2021,413.05,414.55,417.55,408.7,415.9,414.65,412.93,1524804,6296.35,38450,770500,50.53
2021-12-23,CROMPTON, EQ, 23-Dec-2021,414.65,419.5,434.0,414.9,432.1,431.45,426.02,1954762,8327.71,62954,1001371,51.23
2021-12-24,CROMPTON, EQ, 24-Dec-2021,431.45,431.45,432.5,423.05,428.65,431.2,427.46,1015915,4342.6,33881,535391,52.7
2021-12-27,CROMPTON, EQ, 27-Dec-2021,431.2,428.65,434.85,419.15,434.25,432.8,430.86,589846,2541.42,23182,252982,42.89
2021-12-28,CROMPTON, EQ, 28-Dec-2021,432.8,433.0,439.95,432.3,433.05,435.3,435.22,532862,2319.14,15344,277781,52.13
2021-12-29,CROMPTON, EQ, 29-Dec-2021,435.3,436.0,436.0,425.6,430.9,430.3,429.97,598761,2574.49,24267,309313,51.66
2021-12-30,CROMPTON, EQ, 30-Dec-2021,430.3,432.3,434.95,428.75,432.5,432.2,431.93,667589,2883.51,24560,325270,48.72
2021-12-31,CROMPTON, EQ, 31-Dec-2021,432.2,433.0,440.05,430.95,436.9,437.45,437.24,634761,2775.42,28347,337566,53.18
2022-01-03,CROMPTON, EQ, 03-Jan-2022,437.45,436.05,443.9,436.05,442.05,441.45,441.57,349612,1543.77,23749,170871,48.87
2022-01-04,CROMPTON, EQ, 04-Jan-2022,441.45,441.45,443.05,435.05,435.8,436.05,439.26,535329,2351.48,26982,331209,61.87
2022-01-05,CROMPTON, EQ, 05-Jan-2022,436.05,435.8,450.0,434.4,442.05,443.05,444.45,1154263,5130.18,41249,377308,32.69
2022-01-06,CROMPTON, EQ, 06-Jan-2022,443.05,440.15,444.25,433.75,442.35,441.15,439.91,914616,4023.45,29275,504770,55.19
2022-01-07,CROMPTON, EQ, 07-Jan-2022,441.15,438.1,448.5,438.0,444.05,444.8,444.27,1091678,4850.01,33445,509892,46.71
2022-01-10,CROMPTON, EQ, 10-Jan-2022,444.8,442.05,446.95,439.0,445.75,445.05,443.85,759025,3368.95,22956,500633,65.96
2022-01-11,CROMPTON, EQ, 11-Jan-2022,445.05,441.0,451.95,438.45,443.05,444.05,442.88,1864439,8257.27,28449,1409142,75.58
2022-01-12,CROMPTON, EQ, 12-Jan-2022,444.05,443.05,449.35,442.4,444.0,444.5,445.63,781432,3482.27,22141,521836,66.78
2022-01-13,CROMPTON, EQ, 13-Jan-2022,444.5,443.95,450.75,442.8,448.4,448.65,446.2,1639648,7316.09,26215,1289368,78.64
2022-01-14,CROMPTON, EQ, 14-Jan-2022,448.65,445.6,451.95,445.0,445.5,446.65,447.26,1133406,5069.31,23026,866254,76.43
2022-01-17,CROMPTON, EQ, 17-Jan-2022,446.65,443.7,450.7,443.5,444.5,444.6,445.75,889473,3964.79,21170,662627,74.5
2022-01-18,CROMPTON, EQ, 18-Jan-2022,444.6,446.95,451.75,416.3,451.0,435.3,439.6,2445048,10748.44,36766,1770922,72.43
2022-01-19,CROMPTON, EQ, 19-Jan-2022,435.3,437.0,439.6,429.05,436.0,435.55,434.25,1461755,6347.62,24414,994203,68.01
2022-01-20,CROMPTON, EQ, 20-Jan-2022,435.55,436.0,436.0,427.1,434.5,433.85,432.59,1577796,6825.44,21799,1043636,66.15
2022-01-21,CROMPTON, EQ, 21-Jan-2022,433.85,432.65,433.8,418.05,420.95,420.05,421.39,1487786,6269.39,34741,984819,66.19
2022-01-24,CROMPTON, EQ, 24-Jan-2022,420.05,420.0,421.2,405.0,407.0,412.6,413.19,826559,3415.22,29460,416375,50.37
2022-01-25,CROMPTON, EQ, 25-Jan-2022,412.6,408.8,425.6,397.15,419.8,420.25,413.97,863783,3575.8,30893,421844,48.84
2022-01-27,CROMPTON, EQ, 27-Jan-2022,420.25,417.9,417.9,408.5,410.3,411.95,411.07,2238682,9202.66,50502,1835778,82.0
2022-01-28,CROMPTON, EQ, 28-Jan-2022,411.95,412.4,422.35,411.95,418.4,414.85,416.87,1670053,6962.03,34470,1064895,63.76
2022-01-31,CROMPTON, EQ, 31-Jan-2022,414.85,417.9,427.55,413.35,425.05,424.45,419.9,3276800,13759.42,50553,2616343,79.84
2022-02-01,CROMPTON, EQ, 01-Feb-2022,424.45,427.2,427.9,410.65,412.45,414.8,417.14,2570821,10723.82,32191,1977159,76.91
2022-02-02,CROMPTON, EQ, 02-Feb-2022,414.8,415.5,417.95,409.55,412.5,412.55,413.7,3177292,13144.58,41751,2304304,72.52
2022-02-03,CROMPTON, EQ, 03-Feb-2022,412.55,414.0,414.0,405.7,412.75,411.65,409.19,1657387,6781.78,41058,1019146,61.49
2022-02-04,CROMPTON, EQ, 04-Feb-2022,411.65,412.0,417.8,410.5,412.15,413.0,414.82,665129,2759.09,19382,285086,42.86
2022-02-07,CROMPTON, EQ, 07-Feb-2022,413.0,414.0,414.65,408.6,409.45,409.7,410.73,919414,3776.32,25957,469831,51.1
2022-02-08,CROMPTON, EQ, 08-Feb-2022,409.7,410.0,411.3,404.35,406.0,406.2,406.9,849599,3457.02,23346,422118,49.68
2022-02-09,CROMPTON, EQ, 09-Feb-2022,406.2,407.4,412.0,405.85,407.5,406.85,407.92,1492958,6090.08,39473,995676,66.69
2022-02-10,CROMPTON, EQ, 10-Feb-2022,406.85,407.0,407.4,396.05,398.5,398.05,399.81,1351120,5401.98,37160,875773,64.82
2022-02-11,CROMPTON, EQ, 11-Feb-2022,398.05,398.0,398.05,382.65,383.5,385.2,388.76,1298647,5048.6,58522,623858,48.04
2022-02-14,CROMPTON, EQ, 14-Feb-2022,385.2,383.0,383.0,368.0,370.75,369.8,370.96,2397379,8893.34,82954,1643931,68.57
2022-02-15,CROMPTON, EQ, 15-Feb-2022,369.8,373.0,381.65,354.4,380.85,380.0,363.21,6432331,23362.99,118518,3697288,57.48
2022-02-16,CROMPTON, EQ, 16-Feb-2022,380.0,386.5,401.2,379.25,397.85,398.45,394.42,2931909,11563.92,57581,1835773,62.61
2022-02-17,CROMPTON, EQ, 17-Feb-2022,398.45,398.45,401.85,390.5,392.2,394.95,394.08,1959651,7722.55,41298,1213869,61.94
2022-02-18,CROMPTON, EQ, 18-Feb-2022,394.95,390.3,393.65,381.2,391.0,391.3,387.13,2231774,8639.78,35784,1569311,70.32
2022-02-21,CROMPTON, EQ, 21-Feb-2022,391.3,389.15,394.6,381.5,393.2,392.3,388.58,1569988,6100.62,49217,1025822,65.34
2022-02-22,CROMPTON, EQ, 22-Feb-2022,392.3,386.0,394.45,370.55,378.65,380.0,381.66,2316833,8842.48,45098,1062785,45.87
2022-02-23,CROMPTON, EQ, 23-Feb-2022,380.0,378.0,410.75,375.85,408.5,407.8,400.67,8360203,33496.87,158203,3711091,44.39
2022-02-24,CROMPTON, EQ, 24-Feb-2022,407.8,400.25,419.55,394.4,402.0,405.5,406.03,7089213,28784.51,134798,3690629,52.06
2022-02-25,CROMPTON, EQ, 25-Feb-2022,405.5,416.0,423.6,407.3,417.1,417.35,417.97,3597759,15037.73,78113,1931467,53.69
2022-02-28,CROMPTON, EQ, 28-Feb-2022,417.35,415.0,430.75,411.05,429.9,428.5,422.17,2665823,11254.24,81134,1718119,64.45
2022-03-02,CROMPTON, EQ, 02-Mar-2022,428.5,426.7,431.45,404.45,405.9,407.45,414.72,2314459,9598.46,74540,1311672,56.67
2022-03-03,CROMPTON, EQ, 03-Mar-2022,407.45,407.45,414.2,398.6,401.35,401.15,403.35,2269283,9153.05,46060,1222280,53.86
2022-03-04,CROMPTON, EQ, 04-Mar-2022,401.15,399.3,399.5,383.5,388.0,388.95,388.13,2986658,11592.19,71236,1954998,65.46
2022-03-07,CROMPTON, EQ, 07-Mar-2022,388.95,384.0,385.5,372.5,375.8,376.0,380.08,1806681,6866.89,50863,1117134,61.83
2022-03-08,CROMPTON, EQ, 08-Mar-2022,376.0,379.5,388.2,372.35,386.5,386.5,379.62,1206284,4579.28,61359,588018,48.75
2022-03-09,CROMPTON, EQ, 09-Mar-2022,386.5,393.5,393.5,380.65,384.35,384.85,386.03,1351764,5218.19,40490,751218,55.57
2022-03-10,CROMPTON, EQ, 10-Mar-2022,384.85,390.0,404.15,389.15,398.1,399.2,397.76,1724745,6860.39,60146,974969,56.53
2022-03-11,CROMPTON, EQ, 11-Mar-2022,399.2,399.2,404.65,393.75,404.0,403.7,399.54,1664103,6648.73,34446,816667,49.08
2022-03-14,CROMPTON, EQ, 14-Mar-2022,403.7,405.0,412.15,402.0,404.05,404.6,407.3,863665,3517.75,34126,335722,38.87
2022-03-15,CROMPTON, EQ, 15-Mar-2022,404.6,405.0,406.25,384.75,393.25,393.05,393.82,2742566,10800.74,72860,1899853,69.27
2022-03-16,CROMPTON, EQ, 16-Mar-2022,393.05,398.25,402.2,386.2,393.0,393.5,394.22,1475668,5817.36,35721,628528,42.59
2022-03-17,CROMPTON, EQ, 17-Mar-2022,393.5,396.0,400.3,386.6,391.4,390.5,393.02,3219413,12652.81,37698,2008058,62.37
2022-03-21,CROMPTON, EQ, 21-Mar-2022,390.5,394.1,397.5,386.4,393.5,394.2,392.76,1586950,6232.85,45616,791395,49.87
2022-03-22,CROMPTON, EQ, 22-Mar-2022,394.2,393.0,394.15,380.55,386.35,387.3,385.29,2203247,8488.83,43524,1238851,56.23
2022-03-23,CROMPTON, EQ, 23-Mar-2022,387.3,389.3,392.8,384.5,385.95,386.75,387.9,1913969,7424.27,33653,1237808,64.67
2022-03-24,CROMPTON, EQ, 24-Mar-2022,386.75,384.95,387.8,375.6,376.0,378.25,381.56,2043527,7797.28,39307,1512141,74.0
2022-03-25,CROMPTON, EQ, 25-Mar-2022,378.25,378.85,379.0,366.55,376.9,374.55,373.07,1918113,7155.88,33127,1065564,55.55
2022-03-28,CROMPTON, EQ, 28-Mar-2022,374.55,377.8,378.45,366.6,367.4,367.4,370.14,989205,3661.44,36184,557293,56.34
2022-03-29,CROMPTON, EQ, 29-Mar-2022,367.4,365.0,380.3,363.1,379.0,376.55,371.04,2642696,9805.51,53692,1279783,48.43
2022-03-30,CROMPTON, EQ, 30-Mar-2022,376.55,379.8,382.95,365.6,370.1,372.5,373.84,1431246,5350.55,39634,652611,45.6
2022-03-31,CROMPTON, EQ, 31-Mar-2022,372.5,374.0,377.5,370.55,372.45,374.0,374.15,1350553,5053.08,37343,902650,66.84
2022-04-01,CROMPTON, EQ, 01-Apr-2022,374.0,375.9,378.95,370.45,373.3,372.9,374.09,1901520,7113.45,25494,1283116,67.48
2022-04-04,CROMPTON, EQ, 04-Apr-2022,372.9,376.9,382.25,372.05,374.95,374.45,377.03,1271655,4794.5,26077,686647,54.0
2022-04-05,CROMPTON, EQ, 05-Apr-2022,374.45,377.0,383.9,374.4,380.65,380.7,378.33,2891060,10937.69,48955,1831327,63.34
2022-04-06,CROMPTON, EQ, 06-Apr-2022,380.7,380.6,388.45,377.25,381.95,382.2,384.33,1929072,7414.02,37932,863590,44.77
2022-04-07,CROMPTON, EQ, 07-Apr-2022,382.2,380.1,383.3,374.5,375.6,375.65,377.48,2241314,8460.6,35493,1743734,77.8
2022-04-08,CROMPTON, EQ, 08-Apr-2022,375.65,378.4,379.95,374.75,375.65,375.75,377.35,1207518,4556.51,23511,723276,59.9
2022-04-11,CROMPTON, EQ, 11-Apr-2022,375.75,375.75,384.45,372.0,382.5,382.8,378.22,1429603,5407.08,24593,678057,47.43
2022-04-12,CROMPTON, EQ, 12-Apr-2022,382.8,383.6,384.1,377.0,377.5,378.2,380.61,1982748,7546.56,27507,1088132,54.88
2022-04-13,CROMPTON, EQ, 13-Apr-2022,378.2,380.5,381.6,375.3,378.75,377.9,379.89,1593137,6052.21,21880,1052431,66.06
2022-04-18,CROMPTON, EQ, 18-Apr-2022,377.9,378.85,384.6,369.05,380.65,377.15,375.76,1655533,6220.9,42832,707505,42.74
2022-04-19,CROMPTON, EQ, 19-Apr-2022,377.15,382.0,383.2,370.15,371.4,374.2,380.13,1654617,6289.65,32050,870490,52.61
2022-04-20,CROMPTON, EQ, 20-Apr-2022,374.2,375.0,383.0,372.5,377.8,377.3,378.77,1667469,6315.91,36097,986350,59.15
2022-04-21,CROMPTON, EQ, 21-Apr-2022,377.3,380.0,386.9,379.5,380.55,380.8,382.91,3073721,11769.66,45555,1925036,62.63
2022-04-22,CROMPTON, EQ, 22-Apr-2022,380.8,381.0,384.25,375.45,379.0,379.25,379.57,1320813,5013.46,33958,844554,63.94
2022-04-25,CROMPTON, EQ, 25-Apr-2022,379.25,378.0,378.0,365.6,371.0,371.55,370.74,1252431,4643.22,30988,637551,50.91
2022-04-26,CROMPTON, EQ, 26-Apr-2022,371.55,375.0,376.45,371.6,374.0,374.15,374.71,1642636,6155.08,25984,1224100,74.52
2022-04-27,CROMPTON, EQ, 27-Apr-2022,374.15,374.0,375.45,368.2,375.2,374.15,371.71,632259,2350.15,21836,325468,51.48
2022-04-28,CROMPTON, EQ, 28-Apr-2022,374.15,375.0,383.7,374.0,382.0,382.0,380.83,1985564,7561.56,36085,1104887,55.65
2022-04-29,CROMPTON, EQ, 29-Apr-2022,382.0,382.05,386.0,379.05,384.15,384.8,383.99,1628858,6254.73,46156,1153527,70.82
2022-05-02,CROMPTON, EQ, 02-May-2022,384.8,382.4,385.2,377.45,378.0,378.55,379.64,866725,3290.45,21696,613573,70.79
2022-05-04,CROMPTON, EQ, 04-May-2022,378.55,380.95,381.8,367.55,368.0,369.55,375.09,1739035,6522.97,23519,1345563,77.37
2022-05-05,CROMPTON, EQ, 05-May-2022,369.55,371.5,373.8,364.85,367.5,367.15,369.29,571846,2111.77,24336,271669,47.51
2022-05-06,CROMPTON, EQ, 06-May-2022,367.15,363.9,367.0,355.5,366.05,365.0,361.74,778207,2815.11,27062,387599,49.81
2022-05-09,CROMPTON, EQ, 09-May-2022,365.0,360.4,364.0,354.6,358.0,357.95,358.38,681180,2441.18,22606,276365,40.57
2022-05-10,CROMPTON, EQ, 10-May-2022,357.95,357.9,357.9,339.1,346.1,345.55,345.95,2033839,7035.97,51967,958919,47.15
2022-05-11,CROMPTON, EQ, 11-May-2022,345.55,349.0,364.75,344.55,363.0,362.9,353.65,3836705,13568.33,48120,2676606,69.76
2022-05-12,CROMPTON, EQ, 12-May-2022,362.9,359.9,360.85,337.0,347.65,345.85,347.24,2308056,8014.54,82544,1275844,55.28
2022-05-13,CROMPTON, EQ, 13-May-2022,345.85,348.05,357.5,348.05,351.0,353.0,353.81,1566459,5542.24,43719,1093960,69.84
2022-05-16,CROMPTON, EQ, 16-May-2022,353.0,348.0,361.1,347.3,353.5,351.85,353.98,575122,2035.79,32964,206176,35.85
2022-05-17,CROMPTON, EQ, 17-May-2022,351.85,353.7,354.75,346.15,349.8,349.65,350.07,2190864,7669.53,31313,1710553,78.08
2022-05-18,CROMPTON, EQ, 18-May-2022,349.65,352.0,355.3,348.05,348.35,348.9,351.9,493088,1735.16,14773,244306,49.55
2022-05-19,CROMPTON, EQ, 19-May-2022,348.9,344.5,348.4,332.7,340.05,336.2,338.21,1173810,3969.98,38739,606809,51.7
2022-05-20,CROMPTON, EQ, 20-May-2022,336.2,339.7,343.6,338.5,342.4,342.3,341.05,620217,2115.22,18541,353626,57.02
2022-05-23,CROMPTON, EQ, 23-May-2022,342.3,343.7,346.6,338.65,339.7,340.55,343.77,855836,2942.08,19174,566824,66.23
2022-05-24,CROMPTON, EQ, 24-May-2022,340.55,340.5,341.85,335.0,337.0,336.4,338.61,516074,1747.45,13328,234432,45.43
2022-05-25,CROMPTON, EQ, 25-May-2022,336.4,336.6,339.2,326.0,328.0,328.4,331.16,1031618,3416.3,29334,612356,59.36
2022-05-26,CROMPTON, EQ, 26-May-2022,328.4,330.1,331.8,323.5,328.5,330.35,327.99,692899,2272.65,20770,340833,49.19
2022-05-27,CROMPTON, EQ, 27-May-2022,330.35,333.0,334.15,324.55,327.1,327.75,328.41,739127,2427.4,19407,368043,49.79
2022-05-30,CROMPTON, EQ, 30-May-2022,327.75,330.5,357.35,330.5,352.5,351.6,343.65,4435368,15242.01,76227,3085853,69.57
2022-05-31,CROMPTON, EQ, 31-May-2022,351.6,353.4,368.0,351.1,361.6,361.45,361.36,2771435,10014.75,40305,1840158,66.4
2022-06-01,CROMPTON, EQ, 01-Jun-2022,361.45,358.25,365.95,356.2,362.0,362.35,360.93,1145202,4133.33,16978,556133,48.56
2022-06-02,CROMPTON, EQ, 02-Jun-2022,362.35,362.35,373.0,358.0,368.95,369.05,366.06,2388671,8744.05,41051,989289,41.42
2022-06-03,CROMPTON, EQ, 03-Jun-2022,369.05,372.6,378.6,361.3,362.9,364.4,370.95,2531015,9388.79,20588,1709518,67.54
2022-06-06,CROMPTON, EQ, 06-Jun-2022,364.4,364.3,368.4,358.05,363.0,364.1,364.53,762438,2779.35,11730,414655,54.39
2022-06-07,CROMPTON, EQ, 07-Jun-2022,364.1,363.8,363.8,355.5,358.0,359.5,358.7,430569,1544.47,11092,142909,33.19
2022-06-08,CROMPTON, EQ, 08-Jun-2022,359.5,360.0,361.3,350.2,350.5,351.25,355.6,752855,2677.15,19134,385590,51.22
2022-06-09,CROMPTON, EQ, 09-Jun-2022,351.25,349.55,353.45,344.5,346.6,345.45,347.48,1292446,4490.97,15046,897698,69.46
2022-06-10,CROMPTON, EQ, 10-Jun-2022,345.45,345.0,347.0,339.6,341.4,340.7,342.83,689162,2362.63,16422,352228,51.11
2022-06-13,CROMPTON, EQ, 13-Jun-2022,340.7,337.0,337.0,324.4,326.9,327.5,328.58,1251977,4113.69,52926,636768,50.86
2022-06-14,CROMPTON, EQ, 14-Jun-2022,327.5,323.0,324.55,315.6,316.75,317.45,319.37,2921122,9329.25,32268,2040119,69.84
2022-06-15,CROMPTON, EQ, 15-Jun-2022,317.45,317.7,320.7,313.35,317.2,316.4,317.05,2006916,6362.87,15879,1573435,78.4
2022-06-16,CROMPTON, EQ, 16-Jun-2022,316.4,320.15,330.0,315.9,318.8,318.05,323.11,1852663,5986.23,24960,703276,37.96
2022-06-17,CROMPTON, EQ, 17-Jun-2022,318.05,316.0,326.05,312.0,324.1,323.55,321.28,1668515,5360.64,36803,885628,53.08
2022-06-20,CROMPTON, EQ, 20-Jun-2022,323.55,324.1,333.8,324.1,329.0,329.1,329.32,2617069,8618.65,46142,1782524,68.11
2022-06-21,CROMPTON, EQ, 21-Jun-2022,329.1,329.95,333.5,322.0,325.0,325.45,328.62,1857769,6104.95,32135,1205180,64.87
2022-06-22,CROMPTON, EQ, 22-Jun-2022,325.45,325.0,329.5,321.5,325.0,325.6,326.22,1102416,3596.32,30510,595269,54.0
2022-06-23,CROMPTON, EQ, 23-Jun-2022,325.6,327.3,334.0,324.55,332.5,329.7,328.32,1092191,3585.89,23916,743802,68.1
2022-06-24,CROMPTON, EQ, 24-Jun-2022,329.7,334.4,346.5,331.2,343.0,344.3,341.34,2715130,9267.9,31959,1564052,57.61
2022-06-27,CROMPTON, EQ, 27-Jun-2022,344.3,348.0,349.05,338.45,345.0,346.1,343.87,1394278,4794.55,37742,656297,47.07
2022-06-28,CROMPTON, EQ, 28-Jun-2022,346.1,344.65,345.0,338.8,341.7,341.65,342.2,934276,3197.07,24773,385973,41.31
2022-06-29,CROMPTON, EQ, 29-Jun-2022,341.65,339.8,348.25,337.6,346.4,345.8,344.06,1121094,3857.29,22737,547519,48.84
2022-06-30,CROMPTON, EQ, 30-Jun-2022,345.8,347.6,347.95,338.05,341.0,340.15,341.01,874293,2981.39,28622,436342,49.91
2022-07-01,CROMPTON, EQ, 01-Jul-2022,340.15,339.95,351.1,337.1,349.8,349.85,346.54,517467,1793.22,19614,273411,52.84
2022-07-04,CROMPTON, EQ, 04-Jul-2022,349.85,348.0,356.0,347.8,349.85,349.75,352.44,1492064,5258.63,23812,1084420,72.68
2022-07-05,CROMPTON, EQ, 05-Jul-2022,349.75,350.75,358.7,344.0,356.25,356.45,354.6,3637260,12897.78,50882,2130357,58.57
2022-07-06,CROMPTON, EQ, 06-Jul-2022,356.45,356.9,365.0,353.1,362.55,363.25,360.43,1671956,6026.2,35808,943768,56.45
2022-07-07,CROMPTON, EQ, 07-Jul-2022,363.25,362.7,371.2,361.1,368.0,367.35,367.61,1601279,5886.47,48626,1028749,64.25
2022-07-08,CROMPTON, EQ, 08-Jul-2022,367.35,370.9,373.1,363.75,366.45,366.8,367.46,925331,3400.21,19268,589203,63.67
2022-07-11,CROMPTON, EQ, 11-Jul-2022,366.8,364.9,371.6,362.35,367.9,368.7,368.95,661027,2438.85,11308,452515,68.46
2022-07-12,CROMPTON, EQ, 12-Jul-2022,368.7,368.0,371.45,365.3,367.9,368.1,368.65,270938,998.82,8789,107347,39.62
2022-07-13,CROMPTON, EQ, 13-Jul-2022,368.1,369.9,387.45,367.45,378.0,383.85,379.02,2653279,10056.36,23680,1679734,63.31
2022-07-14,CROMPTON, EQ, 14-Jul-2022,383.85,380.65,392.8,374.5,389.45,389.05,384.79,4300785,16548.88,39333,3202278,74.46
2022-07-15,CROMPTON, EQ, 15-Jul-2022,389.05,392.4,396.0,389.1,392.4,393.15,393.11,4340213,17061.83,33526,3383385,77.95
2022-07-18,CROMPTON, EQ, 18-Jul-2022,393.15,395.1,396.9,386.4,393.05,391.2,390.4,756853,2954.76,16313,323254,42.71
2022-07-19,CROMPTON, EQ, 19-Jul-2022,391.2,390.95,401.6,390.0,392.75,395.2,398.01,1971239,7845.79,30874,1193419,60.54
2022-07-20,CROMPTON, EQ, 20-Jul-2022,395.2,396.3,405.8,395.0,395.15,396.25,399.46,1303799,5208.14,36112,730759,56.05
2022-07-21,CROMPTON, EQ, 21-Jul-2022,396.25,394.0,401.7,381.7,385.0,383.55,390.2,2780272,10848.76,46956,1555270,55.94
2022-07-22,CROMPTON, EQ, 22-Jul-2022,383.55,385.85,391.0,353.35,374.0,377.05,376.75,8524544,32116.61,87912,4705759,55.2
2022-07-25,CROMPTON, EQ, 25-Jul-2022,377.05,377.05,381.7,363.25,375.0,375.15,373.68,2404847,8986.47,34970,1378594,57.33
2022-07-26,CROMPTON, EQ, 26-Jul-2022,375.15,377.1,384.7,371.85,378.5,376.85,379.0,2219333,8411.33,24356,1562225,70.39
2022-07-27,CROMPTON, EQ, 27-Jul-2022,376.85,378.5,383.0,372.2,380.0,380.85,378.31,2002943,7577.34,25486,1421655,70.98
2022-07-28,CROMPTON, EQ, 28-Jul-2022,380.85,383.1,384.5,379.15,383.5,383.35,382.63,2277938,8715.98,14736,1780287,78.15
2022-07-29,CROMPTON, EQ, 29-Jul-2022,383.35,377.0,396.2,377.0,394.4,394.4,390.9,1438648,5623.62,20811,680048,47.27
2022-08-01,CROMPTON, EQ, 01-Aug-2022,394.4,396.05,400.0,391.1,398.6,398.95,397.17,2029086,8058.95,19564,1619008,79.79
2022-08-02,CROMPTON, EQ, 02-Aug-2022,398.95,400.0,405.0,396.0,397.95,399.05,401.09,1791623,7186.09,38142,805821,44.98
2022-08-03,CROMPTON, EQ, 03-Aug-2022,399.05,399.15,401.75,387.05,388.05,391.45,394.01,1155151,4551.44,36331,633368,54.83
2022-08-04,CROMPTON, EQ, 04-Aug-2022,391.45,391.45,393.0,381.15,381.15,388.85,388.78,1999551,7773.83,36121,1225031,61.27
2022-08-05,CROMPTON, EQ, 05-Aug-2022,388.85,376.7,380.65,369.25,374.9,373.85,371.82,29556230,109895.34,64467,21498179,72.74
2022-08-10,CROMPTON, EQ, 10-Aug-2022,375.3,375.05,376.9,368.2,368.55,370.6,372.58,985498,3671.76,29551,558366,56.66
2022-08-11,CROMPTON, EQ, 11-Aug-2022,370.6,371.45,374.15,369.0,371.8,372.6,372.53,3321075,12372.06,29842,2624866,79.04
2022-08-12,CROMPTON, EQ, 12-Aug-2022,372.6,374.7,388.1,370.05,386.3,386.0,380.82,5442556,20726.42,50795,3942694,72.44
2022-08-16,CROMPTON, EQ, 16-Aug-2022,386.0,388.0,390.95,382.75,384.5,384.4,387.92,1596799,6194.32,27805,1057970,66.26
2022-08-17,CROMPTON, EQ, 17-Aug-2022,384.4,386.0,394.95,382.25,391.25,392.3,391.37,2932290,11476.17,19151,2086565,71.16
2022-08-18,CROMPTON, EQ, 18-Aug-2022,392.3,393.0,399.95,386.0,396.15,395.85,396.84,1306243,5183.67,24495,731790,56.02
2022-08-19,CROMPTON, EQ, 19-Aug-2022,395.85,397.9,403.25,393.9,394.55,395.95,397.32,1342286,5333.17,25562,596418,44.43
2022-08-22,CROMPTON, EQ, 22-Aug-2022,395.95,396.0,396.6,386.05,389.5,392.8,392.78,1294777,5085.6,21056,782624,60.44
2022-08-23,CROMPTON, EQ, 23-Aug-2022,392.8,389.45,395.5,383.6,388.95,387.9,390.95,1376320,5380.72,20833,965405,70.14
2022-08-24,CROMPTON, EQ, 24-Aug-2022,387.9,387.55,392.35,384.95,388.0,389.3,387.62,1044522,4048.83,21520,656522,62.85
2022-08-25,CROMPTON, EQ, 25-Aug-2022,389.3,391.0,413.8,389.55,410.0,410.2,408.9,6662994,27244.91,99794,2781398,41.74
2022-08-26,CROMPTON, EQ, 26-Aug-2022,410.2,416.8,425.0,408.2,414.05,414.4,414.77,4932227,20457.17,68065,1579026,32.01
2022-08-29,CROMPTON, EQ, 29-Aug-2022,414.4,403.75,414.15,399.1,405.0,403.8,406.66,2218460,9021.61,35015,1139960,51.39
2022-08-30,CROMPTON, EQ, 30-Aug-2022,403.8,410.0,414.35,404.5,407.0,407.4,407.53,1945324,7927.84,48871,957406,49.22
2022-09-01,CROMPTON, EQ, 01-Sep-2022,407.4,404.95,407.1,400.25,404.15,403.8,403.94,1557954,6293.25,73560,998378,64.08
2022-09-02,CROMPTON, EQ, 02-Sep-2022,403.8,407.0,409.25,393.1,395.3,395.25,402.32,1729178,6956.77,52375,760104,43.96
2022-09-05,CROMPTON, EQ, 05-Sep-2022,395.25,397.45,399.95,387.35,392.9,392.7,392.7,2576201,10116.78,26967,1531094,59.43
2022-09-06,CROMPTON, EQ, 06-Sep-2022,392.7,393.7,413.0,390.6,412.5,411.0,400.88,4997240,20033.13,45453,3114979,62.33
2022-09-07,CROMPTON, EQ, 07-Sep-2022,411.0,411.95,418.55,407.25,415.9,416.7,415.33,4255106,17672.94,49162,2859448,67.2
2022-09-08,CROMPTON, EQ, 08-Sep-2022,416.7,418.5,424.0,410.4,412.65,413.4,416.65,1197809,4990.63,26167,655445,54.72
2022-09-09,CROMPTON, EQ, 09-Sep-2022,413.4,415.0,421.75,413.4,415.7,417.15,417.46,1179268,4923.01,23551,698054,59.19
2022-09-12,CROMPTON, EQ, 12-Sep-2022,417.15,417.3,423.75,417.0,422.0,421.55,421.0,1087090,4576.64,24061,700329,64.42
2022-09-13,CROMPTON, EQ, 13-Sep-2022,421.55,423.8,429.0,407.05,411.95,412.4,418.58,4415492,18482.24,78462,3080432,69.76
2022-09-14,CROMPTON, EQ, 14-Sep-2022,412.4,409.8,412.75,404.15,404.8,404.75,408.96,2278945,9320.06,69055,1482813,65.07
2022-09-15,CROMPTON, EQ, 15-Sep-2022,404.75,408.0,408.85,397.1,404.0,404.05,401.84,2397176,9632.8,88967,1533236,63.96
2022-09-16,CROMPTON, EQ, 16-Sep-2022,404.05,403.0,414.0,393.95,405.5,399.45,399.92,7244888,28973.8,88234,5980280,82.54
2022-09-19,CROMPTON, EQ, 19-Sep-2022,399.45,402.0,404.4,391.05,392.6,393.0,397.53,1080015,4293.37,24550,559930,51.84
2022-09-20,CROMPTON, EQ, 20-Sep-2022,393.0,398.4,420.9,397.05,415.5,415.15,412.84,3448926,14238.5,46515,1642731,47.63
2022-09-21,CROMPTON, EQ, 21-Sep-2022,415.15,414.0,424.6,410.2,412.25,413.9,418.7,2321541,9720.35,36839,895720,38.58
2022-09-22,CROMPTON, EQ, 22-Sep-2022,413.9,411.95,411.95,396.15,405.1,406.65,403.58,3431614,13849.31,57866,1829788,53.32
2022-09-23,CROMPTON, EQ, 23-Sep-2022,406.65,405.85,405.9,397.05,402.15,401.8,401.5,1685958,6769.19,31606,907660,53.84
2022-09-26,CROMPTON, EQ, 26-Sep-2022,401.8,399.1,407.65,391.05,405.75,404.6,401.16,1985773,7966.21,38795,1081582,54.47
2022-09-27,CROMPTON, EQ, 27-Sep-2022,404.6,405.7,407.15,397.35,406.0,404.65,403.55,941068,3797.67,19631,439938,46.75
2022-09-28,CROMPTON, EQ, 28-Sep-2022,404.65,400.6,412.65,400.6,405.4,406.75,407.07,1794047,7302.96,34144,992741,55.34
2022-09-29,CROMPTON, EQ, 29-Sep-2022,406.75,409.8,417.6,402.15,413.5,414.15,410.16,2174638,8919.54,74257,1322681,60.82
2022-09-30,CROMPTON, EQ, 30-Sep-2022,414.15,416.75,416.75,403.0,412.3,411.9,410.18,1495019,6132.32,55950,777567,52.01
2022-10-03,CROMPTON, EQ, 03-Oct-2022,411.9,412.65,413.0,395.7,402.0,401.5,402.47,2560508,10305.17,55746,1320660,51.58
2022-10-04,CROMPTON, EQ, 04-Oct-2022,401.5,406.5,408.0,398.75,400.0,399.7,402.26,936011,3765.16,22514,433404,46.3
2022-10-06,CROMPTON, EQ, 06-Oct-2022,399.7,403.9,412.0,399.2,399.4,399.9,403.13,894686,3606.72,22933,435656,48.69
2022-10-07,CROMPTON, EQ, 07-Oct-2022,399.9,400.6,403.5,396.0,396.55,397.85,399.28,806221,3219.06,20133,346602,42.99
2022-10-10,CROMPTON, EQ, 10-Oct-2022,397.85,395.7,397.1,387.2,391.0,390.75,391.69,775788,3038.68,33085,353455,45.56
2022-10-11,CROMPTON, EQ, 11-Oct-2022,390.75,391.9,394.95,379.7,380.0,380.85,387.87,1007889,3909.32,21435,436467,43.31
2022-10-12,CROMPTON, EQ, 12-Oct-2022,380.85,382.5,389.45,375.45,388.0,387.6,381.8,1018270,3887.73,16268,411781,40.44
2022-10-13,CROMPTON, EQ, 13-Oct-2022,387.6,387.6,387.8,378.0,384.9,383.85,383.36,1236941,4741.94,24141,705550,57.04
2022-10-14,CROMPTON, EQ, 14-Oct-2022,383.85,386.85,393.0,380.35,383.5,381.5,386.51,1401113,5415.41,31207,816956,58.31
2022-10-17,CROMPTON, EQ, 17-Oct-2022,381.5,382.45,385.0,376.9,382.1,382.45,381.22,925984,3530.05,34334,523532,56.54
2022-10-18,CROMPTON, EQ, 18-Oct-2022,382.45,384.95,390.2,380.0,386.9,387.65,383.62,1351573,5184.87,40184,777391,57.52
2022-10-19,CROMPTON, EQ, 19-Oct-2022,387.65,388.0,389.35,381.4,384.0,385.1,383.79,1437719,5517.88,44429,876087,60.94
2022-10-20,CROMPTON, EQ, 20-Oct-2022,385.1,383.3,384.0,378.05,381.1,381.0,380.64,1700117,6471.3,40957,1028389,60.49
2022-10-21,CROMPTON, EQ, 21-Oct-2022,381.0,382.45,382.85,372.0,373.4,373.55,377.42,1723020,6503.0,31853,919274,53.35
2022-10-24,CROMPTON, EQ, 24-Oct-2022,373.55,376.65,378.5,375.85,378.2,377.45,377.16,105605,398.3,2146,52836,50.03
2022-10-25,CROMPTON, EQ, 25-Oct-2022,377.45,378.5,381.9,369.0,376.0,377.9,375.92,972561,3656.09,18082,323323,33.24
2022-10-27,CROMPTON, EQ, 27-Oct-2022,377.9,370.0,378.4,364.65,367.2,366.85,369.99,2280785,8438.79,47423,1182578,51.85
2022-10-28,CROMPTON, EQ, 28-Oct-2022,366.85,368.7,369.9,352.3,352.6,353.5,357.83,2416842,8648.3,80119,1528311,63.24
2022-10-31,CROMPTON, EQ, 31-Oct-2022,353.5,354.9,363.35,350.6,362.15,362.3,358.53,2538250,9100.4,82431,1660821,65.43
2022-11-01,CROMPTON, EQ, 01-Nov-2022,362.3,364.15,365.3,358.3,362.0,362.2,362.19,1469323,5321.76,42418,680744,46.33
2022-11-02,CROMPTON, EQ, 02-Nov-2022,362.2,364.05,366.45,360.55,364.6,364.95,364.07,1269228,4620.85,45733,678814,53.48
2022-11-03,CROMPTON, EQ, 03-Nov-2022,364.95,363.55,365.85,361.3,362.6,363.45,363.66,1019123,3706.14,34909,657235,64.49
2022-11-04,CROMPTON, EQ, 04-Nov-2022,363.45,364.0,365.35,360.4,363.0,362.3,362.47,542159,1965.19,29132,339112,62.55
2022-11-07,CROMPTON, EQ, 07-Nov-2022,362.3,363.65,368.3,357.05,359.1,358.3,362.5,2189414,7936.61,37829,1428068,65.23
2022-11-09,CROMPTON, EQ, 09-Nov-2022,358.3,361.9,362.5,353.5,355.25,357.35,357.98,1574761,5637.29,27409,1000662,63.54
2022-11-10,CROMPTON, EQ, 10-Nov-2022,357.35,357.05,357.3,352.65,354.9,355.35,354.6,815769,2892.75,30265,419732,51.45
2022-11-11,CROMPTON, EQ, 11-Nov-2022,355.35,358.5,364.5,354.05,355.0,355.25,358.79,1972048,7075.46,23045,1207023,61.21
2022-11-14,CROMPTON, EQ, 14-Nov-2022,355.25,357.0,364.75,354.75,363.45,363.35,362.1,758771,2747.5,18483,401815,52.96
2022-11-15,CROMPTON, EQ, 15-Nov-2022,363.35,364.0,369.5,361.2,367.0,367.0,366.38,964203,3532.68,17712,347607,36.05
2022-11-16,CROMPTON, EQ, 16-Nov-2022,367.0,367.5,375.0,365.05,371.85,371.65,370.81,1578294,5852.53,34820,754995,47.84
2022-11-17,CROMPTON, EQ, 17-Nov-2022,371.65,371.65,376.3,367.45,370.8,369.15,372.79,1007700,3756.59,33209,527999,52.4
2022-11-18,CROMPTON, EQ, 18-Nov-2022,369.15,370.8,374.0,361.45,365.35,366.1,367.06,683796,2509.91,24514,307576,44.98
2022-11-21,CROMPTON, EQ, 21-Nov-2022,366.1,365.5,367.7,361.7,366.0,366.5,365.07,371440,1356.0,16881,161244,43.41
2022-11-22,CROMPTON, EQ, 22-Nov-2022,366.5,367.0,369.65,364.05,368.0,368.2,366.67,590351,2164.62,15376,286956,48.61
2022-11-23,CROMPTON, EQ, 23-Nov-2022,368.2,368.2,371.8,364.4,366.05,367.25,366.75,488778,1792.61,18588,170608,34.91
2022-11-24,CROMPTON, EQ, 24-Nov-2022,367.25,371.5,371.5,363.35,365.6,365.3,365.46,680549,2487.1,17252,198233,29.13
2022-11-25,CROMPTON, EQ, 25-Nov-2022,365.3,367.0,367.15,362.5,364.85,365.2,364.84,687690,2508.99,19587,365041,53.08
2022-11-28,CROMPTON, EQ, 28-Nov-2022,365.2,365.2,367.4,361.7,362.3,362.45,364.52,781871,2850.08,22562,532990,68.17
2022-11-29,CROMPTON, EQ, 29-Nov-2022,362.45,362.5,371.2,360.9,364.9,364.9,366.27,842273,3085.03,13798,349379,41.48
2022-11-30,CROMPTON, EQ, 30-Nov-2022,364.9,364.2,367.0,357.15,362.85,362.85,361.52,2073146,7494.94,52695,1106045,53.35
2022-12-01,CROMPTON, EQ, 01-Dec-2022,362.85,364.5,376.5,363.65,372.4,370.8,369.76,2121082,7842.91,55166,1006428,47.45
2022-12-02,CROMPTON, EQ, 02-Dec-2022,370.8,371.05,372.2,366.3,370.0,368.25,368.46,690130,2542.82,36854,401178,58.13
2022-12-05,CROMPTON, EQ, 05-Dec-2022,368.25,371.15,374.8,368.45,369.55,369.95,370.56,1356881,5028.0,16683,914239,67.38
2022-12-06,CROMPTON, EQ, 06-Dec-2022,369.95,369.0,370.45,361.05,362.0,362.15,364.31,676684,2465.23,19758,329497,48.69
2022-12-07,CROMPTON, EQ, 07-Dec-2022,362.15,363.9,363.9,347.15,356.0,355.45,354.29,3006156,10650.44,54011,1585097,52.73
2022-12-08,CROMPTON, EQ, 08-Dec-2022,355.45,356.9,358.2,351.15,352.0,351.85,353.88,1103727,3905.91,30359,653097,59.17
2022-12-09,CROMPTON, EQ, 09-Dec-2022,351.85,353.6,357.1,352.4,355.0,354.8,354.91,664675,2358.98,20120,310993,46.79
2022-12-12,CROMPTON, EQ, 12-Dec-2022,354.8,354.95,355.55,349.0,351.6,351.45,351.78,961585,3382.64,26437,544078,56.58
2022-12-13,CROMPTON, EQ, 13-Dec-2022,351.45,353.25,353.3,349.0,349.5,349.9,350.7,843361,2957.63,25399,592061,70.2
2022-12-14,CROMPTON, EQ, 14-Dec-2022,349.9,350.7,359.4,349.9,356.0,356.25,356.02,811703,2889.83,24490,303583,37.4
2022-12-15,CROMPTON, EQ, 15-Dec-2022,356.25,357.7,358.0,349.0,350.0,350.05,351.38,898111,3155.78,24865,581758,64.78
2022-12-16,CROMPTON, EQ, 16-Dec-2022,350.05,349.0,353.9,345.8,347.0,346.9,349.95,725275,2538.1,19479,291659,40.21
2022-12-19,CROMPTON, EQ, 19-Dec-2022,346.9,348.1,349.5,342.2,348.5,348.1,346.67,637910,2211.47,29612,321933,50.47
2022-12-20,CROMPTON, EQ, 20-Dec-2022,348.1,348.8,353.4,346.6,353.0,352.75,350.88,590471,2071.82,19525,219266,37.13
2022-12-21,CROMPTON, EQ, 21-Dec-2022,352.75,355.0,357.5,347.0,347.55,349.2,353.3,911419,3220.06,16429,503571,55.25
2022-12-22,CROMPTON, EQ, 22-Dec-2022,349.2,349.9,354.6,346.5,352.6,353.2,351.97,1429916,5032.86,23790,753362,52.69
2022-12-23,CROMPTON, EQ, 23-Dec-2022,353.2,351.8,351.8,338.25,340.9,340.9,343.84,680689,2340.48,18438,356228,52.33
2022-12-26,CROMPTON, EQ, 26-Dec-2022,340.9,341.75,346.4,336.95,344.05,344.9,343.42,387990,1332.44,11175,97928,25.24
2022-12-27,CROMPTON, EQ, 27-Dec-2022,344.9,346.7,346.7,335.75,339.15,338.45,339.09,1148532,3894.59,15791,547897,47.7
2022-12-28,CROMPTON, EQ, 28-Dec-2022,338.45,339.5,345.75,337.1,338.35,338.5,340.44,1286195,4378.78,28741,529075,41.13
2022-12-29,CROMPTON, EQ, 29-Dec-2022,338.5,338.65,339.55,333.1,338.3,338.75,336.69,680860,2292.4,25391,286949,42.15
2022-12-30,CROMPTON, EQ, 30-Dec-2022,338.75,339.0,342.5,335.55,336.95,336.45,338.7,1062601,3599.01,26221,750102,70.59
2023-01-02,CROMPTON, EQ, 02-Jan-2023,336.45,338.0,345.4,336.7,344.7,344.45,342.65,704703,2414.68,22708,310240,44.02
2023-01-03,CROMPTON, EQ, 03-Jan-2023,344.45,345.5,348.8,344.55,347.65,347.0,347.43,728383,2530.64,31829,350381,48.1
2023-01-04,CROMPTON, EQ, 04-Jan-2023,347.0,347.7,348.9,339.0,339.9,339.9,342.39,665720,2279.34,25124,368341,55.33
2023-01-05,CROMPTON, EQ, 05-Jan-2023,339.9,341.5,341.8,338.0,339.0,338.8,339.43,1204661,4089.02,18894,969528,80.48
2023-01-06,CROMPTON, EQ, 06-Jan-2023,338.8,338.9,342.25,334.3,337.95,337.65,338.25,1142463,3864.43,30401,730085,63.9
2023-01-09,CROMPTON, EQ, 09-Jan-2023,337.65,340.35,343.75,339.3,343.1,343.05,341.82,422181,1443.11,21299,257244,60.93
2023-01-10,CROMPTON, EQ, 10-Jan-2023,343.05,343.05,343.65,334.0,337.4,337.25,337.18,1209628,4078.58,17428,848471,70.14
2023-01-11,CROMPTON, EQ, 11-Jan-2023,337.25,337.25,338.7,333.0,336.75,336.55,335.13,687513,2304.06,18701,399308,58.08
2023-01-12,CROMPTON, EQ, 12-Jan-2023,336.55,337.85,345.8,336.6,336.8,338.0,340.08,1234159,4197.16,26836,584024,47.32
2023-01-13,CROMPTON, EQ, 13-Jan-2023,338.0,338.05,339.2,334.15,337.35,337.3,336.58,548554,1846.32,17495,273428,49.85
2023-01-16,CROMPTON, EQ, 16-Jan-2023,337.3,337.9,339.85,329.1,329.3,329.9,332.32,825328,2742.76,28138,492297,59.65
2023-01-17,CROMPTON, EQ, 17-Jan-2023,329.9,329.3,330.0,321.05,323.95,324.05,324.14,1941185,6292.19,31178,1427269,73.53
2023-01-18,CROMPTON, EQ, 18-Jan-2023,324.05,325.65,327.35,320.0,325.75,325.5,324.29,1916451,6214.9,26434,1386317,72.34
2023-01-19,CROMPTON, EQ, 19-Jan-2023,325.5,325.2,329.15,322.0,325.5,324.9,325.27,1281482,4168.29,43248,844849,65.93
2023-01-20,CROMPTON, EQ, 20-Jan-2023,324.9,325.15,327.15,322.25,323.25,323.25,324.68,889729,2888.77,39193,543737,61.11
2023-01-23,CROMPTON, EQ, 23-Jan-2023,323.25,323.05,328.75,319.05,328.0,327.8,324.76,1240652,4029.17,29304,697728,56.24
2023-01-24,CROMPTON, EQ, 24-Jan-2023,327.8,330.0,341.0,330.0,338.9,338.75,335.98,3924705,13186.11,51394,2244214,57.18
2023-01-25,CROMPTON, EQ, 25-Jan-2023,338.75,337.25,340.5,325.6,328.4,328.1,331.64,1323425,4389.06,23568,674624,50.98
2023-01-27,CROMPTON, EQ, 27-Jan-2023,328.1,328.9,330.65,316.1,320.95,320.1,319.6,1855654,5930.7,53112,1159933,62.51
2023-01-30,CROMPTON, EQ, 30-Jan-2023,320.1,321.0,330.15,318.5,329.55,328.8,327.45,1038425,3400.34,23813,557201,53.66
2023-01-31,CROMPTON, EQ, 31-Jan-2023,328.8,328.95,332.9,325.85,330.3,330.95,328.71,838955,2757.74,21048,513819,61.25
2023-02-01,CROMPTON, EQ, 01-Feb-2023,330.95,331.55,336.1,328.5,332.0,331.45,332.52,1302023,4329.49,27232,804668,61.8
2023-02-02,CROMPTON, EQ, 02-Feb-2023,331.45,325.0,339.0,325.0,330.15,332.35,333.45,1534518,5116.78,36063,877580,57.19
2023-02-03,CROMPTON, EQ, 03-Feb-2023,332.35,310.5,325.6,295.15,305.5,305.15,304.7,9463170,28834.49,115147,4817168,50.9
2023-02-06,CROMPTON, EQ, 06-Feb-2023,305.15,305.15,320.0,303.05,317.45,316.4,314.23,2678571,8416.89,76998,1679616,62.71
2023-02-07,CROMPTON, EQ, 07-Feb-2023,316.4,318.0,321.9,313.9,318.45,319.7,318.71,1617725,5155.88,28702,948738,58.65
2023-02-08,CROMPTON, EQ, 08-Feb-2023,319.7,319.0,319.45,313.0,315.65,315.55,315.65,4534334,14312.61,29409,3911256,86.26
2023-02-09,CROMPTON, EQ, 09-Feb-2023,315.55,316.9,320.0,313.1,313.2,314.3,314.9,2021327,6365.17,16074,1690612,83.64
2023-02-10,CROMPTON, EQ, 10-Feb-2023,314.3,314.0,328.35,312.6,318.0,317.95,320.58,1827105,5857.32,33465,916405,50.16
2023-02-13,CROMPTON, EQ, 13-Feb-2023,317.95,316.05,319.4,307.2,308.7,308.0,312.9,1579941,4943.64,16918,849073,53.74
2023-02-14,CROMPTON, EQ, 14-Feb-2023,308.0,309.45,310.7,302.25,303.0,303.1,304.41,912927,2779.01,18240,539683,59.12
2023-02-15,CROMPTON, EQ, 15-Feb-2023,303.1,302.7,306.3,296.5,305.1,305.05,300.05,2052305,6158.02,30966,1247094,60.77
2023-02-16,CROMPTON, EQ, 16-Feb-2023,305.05,306.1,307.0,298.1,299.0,299.95,300.24,2582566,7753.87,38789,1906146,73.81
2023-02-17,CROMPTON, EQ, 17-Feb-2023,299.95,299.7,299.9,296.15,297.1,297.8,298.1,1422923,4241.78,27353,911871,64.08
2023-02-20,CROMPTON, EQ, 20-Feb-2023,297.8,298.9,300.3,291.35,296.5,297.8,296.83,942891,2798.79,21396,395725,41.97
2023-02-21,CROMPTON, EQ, 21-Feb-2023,297.8,298.85,299.3,293.35,295.35,296.1,295.03,2141128,6316.91,35149,1469270,68.62
2023-02-22,CROMPTON, EQ, 22-Feb-2023,296.1,294.25,298.0,292.0,297.05,296.65,295.78,764883,2262.34,15327,347283,45.4
2023-02-23,CROMPTON, EQ, 23-Feb-2023,296.65,297.85,299.65,293.45,297.85,297.6,296.92,1415678,4203.37,28575,824217,58.22
2023-02-24,CROMPTON, EQ, 24-Feb-2023,297.6,299.2,303.0,297.3,299.15,298.9,299.77,1390009,4166.83,20732,847250,60.95
2023-02-27,CROMPTON, EQ, 27-Feb-2023,298.9,300.1,301.9,293.5,301.3,300.85,296.86,2079316,6172.61,26475,1483790,71.36
2023-02-28,CROMPTON, EQ, 28-Feb-2023,300.85,300.5,307.5,299.15,303.0,303.85,304.98,1449139,4419.6,27632,749756,51.74
2023-03-01,CROMPTON, EQ, 01-Mar-2023,303.85,306.0,310.5,305.1,310.35,309.5,308.51,1375176,4242.51,47064,819276,59.58
2023-03-02,CROMPTON, EQ, 02-Mar-2023,309.5,310.8,315.75,307.25,308.8,308.75,310.87,1623091,5045.72,40882,698410,43.03
2023-03-03,CROMPTON, EQ, 03-Mar-2023,308.75,310.3,312.5,306.9,311.5,311.05,310.2,1343724,4168.23,56122,744431,55.4
2023-03-06,CROMPTON, EQ, 06-Mar-2023,311.05,312.7,316.95,311.1,316.45,316.05,314.43,1327729,4174.82,28680,895411,67.44
2023-03-08,CROMPTON, EQ, 08-Mar-2023,316.05,316.0,316.0,306.8,307.6,307.55,309.79,1779110,5511.49,36177,1157552,65.06
2023-03-09,CROMPTON, EQ, 09-Mar-2023,307.55,307.6,308.4,298.85,299.9,300.45,304.15,1466806,4461.34,24617,713152,48.62
2023-03-10,CROMPTON, EQ, 10-Mar-2023,300.45,297.3,300.2,294.55,297.9,297.65,297.7,919195,2736.4,18842,365815,39.8
2023-03-13,CROMPTON, EQ, 13-Mar-2023,297.65,297.95,298.45,290.05,294.0,294.6,294.28,1481934,4360.98,30311,648636,43.77
2023-03-14,CROMPTON, EQ, 14-Mar-2023,294.6,295.0,295.0,287.6,288.85,288.5,290.17,1360772,3948.54,28417,813354,59.77
2023-03-15,CROMPTON, EQ, 15-Mar-2023,288.5,290.1,294.2,288.6,291.35,289.95,292.28,906460,2649.42,26424,445319,49.13
2023-03-16,CROMPTON, EQ, 16-Mar-2023,289.95,290.0,294.0,285.95,286.8,286.45,288.62,1599131,4615.37,28276,977514,61.13
2023-03-17,CROMPTON, EQ, 17-Mar-2023,286.45,288.2,290.35,285.4,286.95,287.15,288.37,2616395,7544.83,21400,2114732,80.83
2023-03-20,CROMPTON, EQ, 20-Mar-2023,287.15,287.15,289.65,278.0,282.5,280.7,280.37,4881702,13686.93,30901,3840098,78.66
2023-03-21,CROMPTON, EQ, 21-Mar-2023,280.7,281.25,295.95,281.25,292.05,292.25,291.58,3817756,11131.79,46567,2012869,52.72
2023-03-22,CROMPTON, EQ, 22-Mar-2023,292.25,293.5,294.85,290.35,292.3,291.85,292.53,1903146,5567.35,34072,1398857,73.5
2023-03-23,CROMPTON, EQ, 23-Mar-2023,291.85,290.0,294.75,288.9,290.0,291.4,291.73,1576003,4597.6,26024,937983,59.52
2023-03-24,CROMPTON, EQ, 24-Mar-2023,291.4,290.85,297.3,290.1,291.5,293.75,294.81,4853208,14307.58,33937,3436200,70.8
2023-03-27,CROMPTON, EQ, 27-Mar-2023,293.75,297.95,302.45,291.5,295.1,295.95,294.66,2999343,8837.97,31823,1318260,43.95
2023-03-28,CROMPTON, EQ, 28-Mar-2023,295.95,296.15,296.9,288.0,296.7,295.05,292.88,2134478,6251.41,19324,1403687,65.76
2023-03-29,CROMPTON, EQ, 29-Mar-2023,295.05,295.0,297.1,290.15,291.5,292.3,292.88,822474,2408.86,16318,281151,34.18
2023-03-31,CROMPTON, EQ, 31-Mar-2023,292.3,292.5,295.15,287.95,291.8,293.0,291.48,1558759,4543.5,23792,912972,58.57
2023-04-03,CROMPTON, EQ, 03-Apr-2023,293.0,293.15,300.4,292.4,300.2,299.4,297.08,1927075,5725.03,23264,1113893,57.8
2023-04-05,CROMPTON, EQ, 05-Apr-2023,299.4,302.0,302.85,297.0,300.0,300.0,299.88,4966066,14892.26,29408,4459296,89.8
2023-04-06,CROMPTON, EQ, 06-Apr-2023,300.0,300.0,300.7,295.05,296.9,297.1,297.02,981448,2915.05,22915,424981,43.3
2023-04-10,CROMPTON, EQ, 10-Apr-2023,297.1,296.55,300.25,293.3,298.35,299.05,296.27,1241157,3677.15,21014,389964,31.42
2023-04-11,CROMPTON, EQ, 11-Apr-2023,299.05,299.05,300.85,292.6,293.15,293.0,295.16,724234,2137.65,17373,410083,56.62
2023-04-12,CROMPTON, EQ, 12-Apr-2023,293.0,293.5,298.0,292.3,296.45,296.85,295.22,547137,1615.25,26954,247812,45.29
2023-04-13,CROMPTON, EQ, 13-Apr-2023,296.85,296.85,297.85,292.55,296.8,295.4,294.5,665466,1959.81,14147,307882,46.27
2023-04-17,CROMPTON, EQ, 17-Apr-2023,295.4,295.6,297.4,290.25,290.5,291.4,292.8,2154108,6307.29,29485,1650086,76.6
2023-04-18,CROMPTON, EQ, 18-Apr-2023,291.4,292.2,296.5,287.5,294.5,294.9,290.47,4810969,13974.44,42556,3772499,78.41
2023-04-19,CROMPTON, EQ, 19-Apr-2023,294.9,296.5,296.5,291.1,292.05,292.25,293.72,1689878,4963.52,27530,1339836,79.29
2023-04-20,CROMPTON, EQ, 20-Apr-2023,292.25,292.5,294.7,290.65,293.5,293.7,293.34,1398806,4103.25,20380,997426,71.31
2023-04-21,CROMPTON, EQ, 21-Apr-2023,293.7,293.0,296.5,291.85,295.5,294.65,294.3,834377,2455.55,16097,443866,53.2
2023-04-24,CROMPTON, EQ, 24-Apr-2023,294.65,296.0,296.5,288.7,294.25,294.25,292.5,1729301,5058.21,44408,784441,45.36
2023-04-25,CROMPTON, EQ, 25-Apr-2023,294.25,280.0,280.0,252.35,260.4,259.45,260.36,30828992,80266.84,177124,16410892,53.23
2023-04-26,CROMPTON, EQ, 26-Apr-2023,259.45,260.8,263.0,251.0,252.7,252.55,253.78,13326199,33819.04,123384,7987688,59.94
2023-04-27,CROMPTON, EQ, 27-Apr-2023,252.55,253.9,260.7,252.0,259.25,259.8,257.62,10391436,26770.55,86448,6601987,63.53
2023-04-28,CROMPTON, EQ, 28-Apr-2023,259.8,261.0,261.0,253.25,254.9,254.9,255.03,8422456,21479.95,85123,6040474,71.72
2023-05-02,CROMPTON, EQ, 02-May-2023,254.9,257.1,260.0,253.7,258.7,258.65,256.75,5577757,14321.08,49306,3351834,60.09
2023-05-03,CROMPTON, EQ, 03-May-2023,258.65,258.7,262.25,256.85,258.0,257.45,259.78,6896040,17914.56,55611,4889278,70.9
2023-05-04,CROMPTON, EQ, 04-May-2023,257.45,258.45,260.3,255.6,257.0,256.9,257.32,3582286,9218.07,34437,2492080,69.57
2023-05-05,CROMPTON, EQ, 05-May-2023,256.9,257.0,259.0,255.0,255.85,255.85,256.99,3546449,9114.07,23958,2549345,71.88
2023-05-08,CROMPTON, EQ, 08-May-2023,255.85,257.55,259.5,254.5,257.3,257.4,257.19,2597672,6681.06,33327,1443028,55.55
2023-05-09,CROMPTON, EQ, 09-May-2023,257.4,258.75,261.55,255.4,256.4,255.95,257.97,3715109,9583.73,31423,2483238,66.84
2023-05-10,CROMPTON, EQ, 10-May-2023,255.95,257.0,258.0,253.95,256.9,256.85,255.61,1974282,5046.53,25198,972020,49.23
2023-05-11,CROMPTON, EQ, 11-May-2023,256.85,258.45,258.8,256.2,256.95,256.85,257.21,1910799,4914.74,17506,1443874,75.56
2023-05-12,CROMPTON, EQ, 12-May-2023,256.85,257.25,257.5,254.05,254.65,255.0,255.18,2304171,5879.9,23568,1572094,68.23
2023-05-15,CROMPTON, EQ, 15-May-2023,255.0,254.5,257.0,253.4,254.75,254.4,254.53,1981128,5042.48,40729,1156826,58.39
2023-05-16,CROMPTON, EQ, 16-May-2023,254.4,255.75,257.55,254.1,255.15,254.55,255.29,2159363,5512.6,34514,1391884,64.46
2023-05-17,CROMPTON, EQ, 17-May-2023,254.55,255.3,257.4,253.3,254.0,253.95,254.44,1845664,4696.19,22132,1160932,62.9
2023-05-18,CROMPTON, EQ, 18-May-2023,253.95,254.7,256.0,253.3,254.2,253.85,254.69,1278307,3255.76,21324,680670,53.25
2023-05-19,CROMPTON, EQ, 19-May-2023,253.85,254.55,255.6,252.1,254.55,254.5,253.86,1778400,4514.71,21856,1038217,58.38
2023-05-22,CROMPTON, EQ, 22-May-2023,254.5,256.2,271.0,256.2,259.95,259.65,264.33,18219881,48159.91,123106,11518776,63.22
2023-05-23,CROMPTON, EQ, 23-May-2023,259.65,260.7,266.7,260.25,265.8,266.1,264.43,9950214,26310.91,77211,7282742,73.19
2023-05-24,CROMPTON, EQ, 24-May-2023,266.1,266.05,278.3,266.0,276.2,276.2,272.35,13658556,37198.6,115302,7381535,54.04
2023-05-25,CROMPTON, EQ, 25-May-2023,276.2,278.45,278.7,273.75,275.25,275.05,275.95,5528092,15254.58,46652,3246940,58.74
2023-05-26,CROMPTON, EQ, 26-May-2023,275.05,275.0,275.15,269.75,271.95,271.85,272.38,2080274,5666.34,25314,1072849,51.57
2023-05-29,CROMPTON, EQ, 29-May-2023,271.85,273.5,275.95,271.15,275.5,275.45,273.45,2667398,7293.94,36485,1354219,50.77
2023-05-30,CROMPTON, EQ, 30-May-2023,275.45,275.7,276.85,273.35,275.5,274.65,274.96,2002695,5506.54,18490,1156667,57.76
2023-05-31,CROMPTON, EQ, 31-May-2023,274.65,274.7,276.65,274.0,274.45,274.8,274.99,2521649,6934.3,31331,1831130,72.62
2023-06-01,CROMPTON, EQ, 01-Jun-2023,274.8,275.1,277.25,273.3,273.75,273.9,274.64,1127524,3096.67,15346,637735,56.56
2023-06-02,CROMPTON, EQ, 02-Jun-2023,273.9,274.45,275.6,272.0,272.9,272.75,273.49,1389463,3800.01,24325,817502,58.84
2023-06-05,CROMPTON, EQ, 05-Jun-2023,272.75,274.15,283.0,272.5,280.15,279.6,278.88,3452827,9629.08,42913,1527277,44.23
2023-06-06,CROMPTON, EQ, 06-Jun-2023,279.6,281.85,282.55,276.0,277.5,278.2,279.47,2697889,7539.69,33598,1481839,54.93
2023-06-07,CROMPTON, EQ, 07-Jun-2023,278.2,279.95,283.55,278.05,281.5,281.5,281.85,1925011,5425.56,29649,1148462,59.66
2023-06-08,CROMPTON, EQ, 08-Jun-2023,281.5,282.4,285.95,280.05,281.2,281.05,282.86,2452501,6937.04,39950,1279080,52.15
2023-06-09,CROMPTON, EQ, 09-Jun-2023,281.05,282.1,282.5,274.6,274.95,275.25,277.74,1308343,3633.73,26780,734154,56.11
2023-06-12,CROMPTON, EQ, 12-Jun-2023,275.25,276.95,278.85,273.6,277.3,277.35,276.16,2567424,7090.28,26628,1873206,72.96
2023-06-13,CROMPTON, EQ, 13-Jun-2023,277.35,277.35,288.25,277.0,287.6,286.9,284.33,4044521,11499.77,54391,2679239,66.24
2023-06-14,CROMPTON, EQ, 14-Jun-2023,286.9,289.7,289.7,284.6,287.1,287.75,287.24,2818553,8096.07,36541,1631770,57.89
2023-06-15,CROMPTON, EQ, 15-Jun-2023,287.75,287.7,296.45,285.75,292.0,293.1,292.47,4375955,12798.2,59211,2326804,53.17
2023-06-16,CROMPTON, EQ, 16-Jun-2023,293.1,294.8,297.75,291.9,292.75,292.5,293.93,1817646,5342.64,31643,860626,47.35
2023-06-19,CROMPTON, EQ, 19-Jun-2023,292.5,294.25,295.4,289.6,290.0,290.6,291.85,2172789,6341.34,25973,1339215,61.64
2023-06-20,CROMPTON, EQ, 20-Jun-2023,290.6,289.75,295.35,288.65,292.6,292.85,292.67,1705380,4991.07,26568,940072,55.12
2023-06-21,CROMPTON, EQ, 21-Jun-2023,292.85,294.0,296.65,290.35,293.25,293.7,293.3,2496057,7320.93,35029,1184619,47.46
2023-06-22,CROMPTON, EQ, 22-Jun-2023,293.7,291.8,294.75,285.6,285.75,286.3,289.1,1358028,3925.99,27770,784054,57.73
2023-06-23,CROMPTON, EQ, 23-Jun-2023,286.3,286.2,291.0,281.45,288.0,289.3,287.02,2283562,6554.17,32433,896143,39.24
2023-06-26,CROMPTON, EQ, 26-Jun-2023,289.3,288.8,292.0,285.7,288.15,288.2,288.9,1626081,4697.81,24969,908946,55.9
2023-06-27,CROMPTON, EQ, 27-Jun-2023,288.2,289.3,291.0,286.3,289.0,289.95,289.49,1576018,4562.39,24064,914337,58.02
2023-06-28,CROMPTON, EQ, 28-Jun-2023,289.95,290.9,291.5,286.5,288.7,287.6,289.25,1913449,5534.71,30120,1209502,63.21
2023-06-30,CROMPTON, EQ, 30-Jun-2023,287.6,289.3,292.9,287.4,290.0,289.55,289.53,2569008,7437.96,32726,1723919,67.1
2023-07-03,CROMPTON, EQ, 03-Jul-2023,289.55,292.55,292.55,286.55,286.75,286.95,288.12,2161399,6227.37,22430,1551730,71.79
2023-07-04,CROMPTON, EQ, 04-Jul-2023,286.95,286.95,291.45,286.0,286.6,286.75,289.38,3311600,9583.15,27481,2302413,69.53
2023-07-05,CROMPTON, EQ, 05-Jul-2023,286.75,286.75,290.05,285.3,285.5,285.85,287.05,1308688,3756.53,20838,685984,52.42
2023-07-06,CROMPTON, EQ, 06-Jul-2023,285.85,285.85,290.0,281.55,289.0,289.65,287.28,1796916,5162.14,21347,867517,48.28
2023-07-07,CROMPTON, EQ, 07-Jul-2023,289.65,286.65,288.3,284.85,286.85,286.0,286.08,2339144,6691.93,40787,1573359,67.26
2023-07-10,CROMPTON, EQ, 10-Jul-2023,286.0,286.4,293.8,286.0,290.0,290.75,290.62,2995245,8704.64,45294,1747287,58.34
2023-07-11,CROMPTON, EQ, 11-Jul-2023,290.75,291.7,298.8,289.65,297.1,296.75,295.22,2885733,8519.22,37080,1421438,49.26
2023-07-12,CROMPTON, EQ, 12-Jul-2023,296.75,298.95,301.4,292.5,293.6,293.6,296.62,2314435,6865.12,34493,1264476,54.63
2023-07-13,CROMPTON, EQ, 13-Jul-2023,293.6,295.0,295.5,289.2,290.0,289.75,292.41,1628986,4763.34,26956,920692,56.52
2023-07-14,CROMPTON, EQ, 14-Jul-2023,289.75,290.9,293.75,289.35,292.35,292.4,291.55,1149574,3351.57,41018,699951,60.89
2023-07-17,CROMPTON, EQ, 17-Jul-2023,292.4,293.9,294.85,291.15,293.1,293.3,293.34,1023794,3003.21,20804,650750,63.56
2023-07-18,CROMPTON, EQ, 18-Jul-2023,293.3,293.7,296.45,287.85,289.0,289.3,291.71,2457652,7169.26,30144,1593829,64.85
2023-07-19,CROMPTON, EQ, 19-Jul-2023,289.3,290.7,296.75,289.35,294.4,293.45,294.07,4716085,13868.73,37689,3601912,76.38
2023-07-20,CROMPTON, EQ, 20-Jul-2023,293.45,294.95,298.65,294.05,295.0,295.55,296.13,1764230,5224.39,19234,1147372,65.04
2023-07-21,CROMPTON, EQ, 21-Jul-2023,295.55,295.5,295.5,288.8,291.25,290.85,290.8,3765964,10951.31,41970,2709760,71.95
2023-07-24,CROMPTON, EQ, 24-Jul-2023,290.85,290.85,292.2,289.6,290.0,289.9,290.4,2373988,6894.14,28916,1798081,75.74
2023-07-25,CROMPTON, EQ, 25-Jul-2023,289.9,291.1,292.15,286.5,287.7,287.25,288.76,1396879,4033.65,33822,802159,57.43
2023-07-26,CROMPTON, EQ, 26-Jul-2023,287.25,288.55,292.5,286.8,291.8,291.45,288.35,3904047,11257.35,26872,3124551,80.03
2023-07-27,CROMPTON, EQ, 27-Jul-2023,291.45,293.0,293.1,287.5,289.2,288.6,290.44,1613988,4687.64,21712,983005,60.91
2023-07-28,CROMPTON, EQ, 28-Jul-2023,288.6,289.95,294.95,289.1,293.85,293.45,292.45,1786582,5224.79,21845,1180212,66.06
2023-07-31,CROMPTON, EQ, 31-Jul-2023,293.45,295.6,295.8,292.15,294.0,293.9,294.15,1002176,2947.92,23592,581482,58.02
2023-08-01,CROMPTON, EQ, 01-Aug-2023,293.9,296.5,297.0,290.65,291.55,292.15,293.17,3082230,9036.1,49872,2016610,65.43
2023-08-02,CROMPTON, EQ, 02-Aug-2023,292.15,292.0,292.0,286.1,287.1,287.05,288.98,2402812,6943.53,38217,1429309,59.48
2023-08-03,CROMPTON, EQ, 03-Aug-2023,287.05,286.6,295.2,285.6,293.1,292.15,291.23,3646811,10620.44,45266,2430899,66.66
2023-08-04,CROMPTON, EQ, 04-Aug-2023,292.15,295.0,300.45,292.95,296.95,297.15,297.46,2519248,7493.78,44680,1302681,51.71
2023-08-07,CROMPTON, EQ, 07-Aug-2023,297.15,299.0,302.5,296.6,300.45,301.15,300.0,2692224,8076.6,35927,1648412,61.23
2023-08-08,CROMPTON, EQ, 08-Aug-2023,301.15,302.95,305.0,297.9,304.45,304.05,302.36,3683795,11138.48,55628,2077095,56.38
2023-08-09,CROMPTON, EQ, 09-Aug-2023,304.05,306.85,307.9,302.0,305.5,305.75,305.6,5041149,15405.78,38857,3594565,71.3
2023-08-10,CROMPTON, EQ, 10-Aug-2023,305.75,307.5,309.35,302.7,304.0,303.8,305.61,4878767,14910.21,50252,3563518,73.04
2023-08-11,CROMPTON, EQ, 11-Aug-2023,303.8,305.0,305.2,293.25,295.7,295.55,299.07,2959059,8849.54,31438,1895562,64.06
2023-08-14,CROMPTON, EQ, 14-Aug-2023,295.55,295.0,302.75,291.35,299.75,300.35,297.85,5008414,14917.74,60273,2241432,44.75
2023-08-16,CROMPTON, EQ, 16-Aug-2023,300.35,299.85,300.0,281.6,282.1,282.7,284.56,8169226,23246.11,73434,4619569,56.55
2023-08-17,CROMPTON, EQ, 17-Aug-2023,282.7,283.2,291.75,281.15,289.3,290.45,288.17,4171643,12021.54,50261,2416390,57.92
2023-08-18,CROMPTON, EQ, 18-Aug-2023,290.45,290.45,292.45,287.0,290.45,290.8,290.27,2071758,6013.71,21293,1350542,65.19
2023-08-21,CROMPTON, EQ, 21-Aug-2023,290.8,290.4,294.05,289.85,292.3,291.85,291.48,3201955,9333.06,35894,2262476,70.66
2023-08-22,CROMPTON, EQ, 22-Aug-2023,291.85,294.85,298.6,290.7,298.0,298.05,295.74,1424534,4212.95,19976,766298,53.79
2023-08-23,CROMPTON, EQ, 23-Aug-2023,298.05,306.0,316.35,301.5,308.55,308.9,311.28,12403884,38610.37,95215,3331890,26.86
2023-08-24,CROMPTON, EQ, 24-Aug-2023,308.9,311.6,311.6,305.0,305.8,305.7,308.42,1868970,5764.19,27523,932849,49.91
2023-08-25,CROMPTON, EQ, 25-Aug-2023,305.7,305.0,305.7,299.25,301.0,301.15,302.86,2383483,7218.51,50563,1189866,49.92
2023-08-28,CROMPTON, EQ, 28-Aug-2023,301.15,301.5,305.3,300.7,301.2,301.6,302.87,1369294,4147.24,25860,756302,55.23
2023-08-29,CROMPTON, EQ, 29-Aug-2023,301.6,301.85,305.1,299.55,304.2,302.35,301.44,2126000,6408.59,30080,1145608,53.89
2023-08-30,CROMPTON, EQ, 30-Aug-2023,302.35,304.95,305.6,301.1,303.9,303.95,302.63,2061472,6238.63,26047,1209251,58.66
2023-08-31,CROMPTON, EQ, 31-Aug-2023,303.95,303.0,304.5,297.35,299.45,300.05,300.9,1946764,5857.9,22944,1244825,63.94
2023-09-01,CROMPTON, EQ, 01-Sep-2023,300.05,302.0,304.9,299.2,303.2,303.05,302.76,1373585,4158.71,27668,638790,46.51
2023-09-04,CROMPTON, EQ, 04-Sep-2023,303.05,304.8,304.9,299.75,303.1,303.75,302.65,1276302,3862.69,40295,694590,54.42
2023-09-05,CROMPTON, EQ, 05-Sep-2023,303.75,303.1,308.85,303.1,303.8,304.0,305.8,2079700,6359.63,27185,1104796,53.12
2023-09-06,CROMPTON, EQ, 06-Sep-2023,304.0,305.7,309.95,304.1,309.25,309.25,308.15,1969280,6068.37,35811,1118010,56.77
2023-09-07,CROMPTON, EQ, 07-Sep-2023,309.25,309.25,315.0,308.35,312.85,313.45,312.24,3621825,11308.92,30823,2128909,58.78
2023-09-08,CROMPTON, EQ, 08-Sep-2023,313.45,316.0,319.5,313.45,315.85,316.2,316.04,3674917,11614.03,37971,2088977,56.84
2023-09-11,CROMPTON, EQ, 11-Sep-2023,316.2,318.35,318.8,315.5,316.55,316.95,317.18,1441228,4571.33,23115,891599,61.86
2023-09-12,CROMPTON, EQ, 12-Sep-2023,316.95,319.5,319.5,305.05,305.95,306.1,311.78,2540348,7920.19,29326,1279027,50.35
2023-09-13,CROMPTON, EQ, 13-Sep-2023,306.1,306.05,309.15,299.25,305.2,305.15,303.0,1602937,4856.89,26719,540949,33.75
2023-09-14,CROMPTON, EQ, 14-Sep-2023,305.15,305.9,307.95,301.0,303.1,303.05,303.46,2428739,7370.23,39355,1459087,60.08
2023-09-15,CROMPTON, EQ, 15-Sep-2023,303.05,305.0,309.0,302.2,305.8,307.0,305.97,2051872,6278.19,28216,1276296,62.2
2023-09-18,CROMPTON, EQ, 18-Sep-2023,307.0,307.5,309.5,304.0,305.05,305.2,306.22,1754139,5371.51,21816,992813,56.6
2023-09-20,CROMPTON, EQ, 20-Sep-2023,305.2,304.95,306.45,301.55,304.45,305.8,304.74,1480199,4510.74,35221,942487,63.67
2023-09-21,CROMPTON, EQ, 21-Sep-2023,305.8,304.95,307.95,300.25,300.95,300.8,303.93,1932313,5872.88,29929,1122298,58.08
2023-09-22,CROMPTON, EQ, 22-Sep-2023,300.8,300.8,302.8,295.15,295.6,296.05,298.83,2338446,6987.99,31882,1543996,66.03
2023-09-25,CROMPTON, EQ, 25-Sep-2023,296.05,296.5,297.0,291.85,293.45,293.45,293.6,1385713,4068.46,23774,796520,57.48
2023-09-26,CROMPTON, EQ, 26-Sep-2023,293.45,296.6,298.35,293.5,295.95,295.95,295.91,4019923,11895.45,33361,3140203,78.12
2023-09-27,CROMPTON, EQ, 27-Sep-2023,295.95,296.9,300.3,294.15,299.35,299.05,297.87,1835209,5466.53,32638,938308,51.13
2023-09-28,CROMPTON, EQ, 28-Sep-2023,299.05,299.45,309.95,298.85,306.0,305.75,306.7,3948343,12109.72,46325,1267268,32.1
2023-09-29,CROMPTON, EQ, 29-Sep-2023,305.75,307.4,316.95,305.4,309.4,309.85,311.7,4889462,15240.26,53078,2328429,47.62
2023-10-03,CROMPTON, EQ, 03-Oct-2023,309.85,311.15,311.15,303.8,305.45,304.5,306.9,1692450,5194.15,20811,957977,56.6
2023-10-04,CROMPTON, EQ, 04-Oct-2023,304.5,304.45,305.85,300.1,302.0,302.45,302.6,1250843,3785.07,16141,612849,48.99
2023-10-05,CROMPTON, EQ, 05-Oct-2023,302.45,303.25,305.65,299.35,300.1,299.85,301.23,1220199,3675.66,22908,784703,64.31
2023-10-06,CROMPTON, EQ, 06-Oct-2023,299.85,300.2,301.8,299.15,300.25,300.9,300.61,1261214,3791.28,16308,786488,62.36
2023-10-09,CROMPTON, EQ, 09-Oct-2023,300.9,299.0,300.0,294.2,296.0,296.0,296.88,1494060,4435.61,30411,780604,52.25
2023-10-10,CROMPTON, EQ, 10-Oct-2023,296.0,297.0,299.6,296.5,298.35,298.0,298.29,1555026,4638.46,21955,1078986,69.39
2023-10-11,CROMPTON, EQ, 11-Oct-2023,298.0,299.45,303.8,298.85,299.8,299.7,300.86,1245206,3746.36,27023,678588,54.5
2023-10-12,CROMPTON, EQ, 12-Oct-2023,299.7,301.0,302.3,299.65,300.7,301.3,301.06,796753,2398.71,16400,461252,57.89
2023-10-13,CROMPTON, EQ, 13-Oct-2023,301.3,300.0,301.9,299.45,300.0,300.2,300.5,700968,2106.44,13649,399241,56.96
2023-10-16,CROMPTON, EQ, 16-Oct-2023,300.2,301.45,303.2,300.05,300.2,300.45,300.97,839112,2525.46,17531,486676,58.0
2023-10-17,CROMPTON, EQ, 17-Oct-2023,300.45,301.7,304.8,297.75,300.0,300.05,301.26,2515703,7578.75,23235,1888742,75.08
2023-10-18,CROMPTON, EQ, 18-Oct-2023,300.05,300.7,300.95,297.0,297.85,299.05,299.3,2582827,7730.52,37120,1716194,66.45
2023-10-19,CROMPTON, EQ, 19-Oct-2023,299.05,297.75,298.35,293.65,295.5,295.05,295.22,1464917,4324.79,42164,960126,65.54
2023-10-20,CROMPTON, EQ, 20-Oct-2023,295.05,293.2,295.2,281.75,285.7,285.6,288.38,6201707,17884.62,78917,2634715,42.48
2023-10-23,CROMPTON, EQ, 23-Oct-2023,285.6,285.9,287.45,277.9,279.95,279.75,282.51,1467251,4145.19,23533,799958,54.52
2023-10-25,CROMPTON, EQ, 25-Oct-2023,279.75,281.2,286.3,279.65,284.8,284.45,283.22,4026752,11404.53,34759,2981761,74.05
2023-10-26,CROMPTON, EQ, 26-Oct-2023,284.45,281.55,289.4,279.75,287.4,287.65,284.62,1978362,5630.9,36739,1080579,54.62
2023-10-27,CROMPTON, EQ, 27-Oct-2023,287.65,288.95,290.5,284.0,285.9,284.8,285.82,2513131,7183.15,24664,1732820,68.95
2023-10-30,CROMPTON, EQ, 30-Oct-2023,284.8,285.1,285.9,281.05,283.9,283.05,282.88,1726639,4884.32,19789,1188987,68.86
2023-10-31,CROMPTON, EQ, 31-Oct-2023,283.05,281.6,285.25,279.5,282.4,282.0,282.56,2471218,6982.77,37938,1606121,64.99
2023-11-01,CROMPTON, EQ, 01-Nov-2023,282.0,283.0,283.25,275.3,277.5,276.7,279.47,2739885,7657.25,29974,2186790,79.81
2023-11-02,CROMPTON, EQ, 02-Nov-2023,276.7,278.05,285.0,277.9,284.8,283.1,281.48,2219348,6247.11,28677,1550976,69.88
2023-11-03,CROMPTON, EQ, 03-Nov-2023,283.1,284.5,290.35,282.05,287.4,286.55,285.45,1376265,3928.57,20884,444196,32.28
2023-11-06,CROMPTON, EQ, 06-Nov-2023,286.55,284.8,289.05,280.5,283.55,283.15,284.03,2332573,6625.17,37167,1021929,43.81
2023-11-07,CROMPTON, EQ, 07-Nov-2023,283.15,283.5,286.95,282.5,284.2,284.1,284.44,1842524,5240.93,28586,1240686,67.34
2023-11-08,CROMPTON, EQ, 08-Nov-2023,284.1,284.4,285.5,282.05,282.4,282.65,282.96,776953,2198.48,14287,445702,57.37
2023-11-09,CROMPTON, EQ, 09-Nov-2023,282.65,284.0,284.0,281.0,281.45,281.45,281.85,497039,1400.88,11492,267561,53.83
2023-11-10,CROMPTON, EQ, 10-Nov-2023,281.45,281.9,283.6,279.15,283.45,282.25,281.84,717289,2021.58,15509,437115,60.94
2023-11-12,CROMPTON, EQ, 12-Nov-2023,282.25,285.0,285.05,281.7,283.25,283.95,283.55,174284,494.18,4468,114923,65.94
2023-11-13,CROMPTON, EQ, 13-Nov-2023,283.95,283.45,283.45,278.25,278.8,278.6,279.58,1350980,3777.1,22127,981951,72.68
2023-11-15,CROMPTON, EQ, 15-Nov-2023,278.6,281.5,283.9,279.2,281.5,282.2,281.11,2788028,7837.55,30601,2128696,76.35
2023-11-16,CROMPTON, EQ, 16-Nov-2023,282.2,281.6,286.65,281.05,284.5,285.1,283.95,2236760,6351.25,40187,1629284,72.84
2023-11-17,CROMPTON, EQ, 17-Nov-2023,285.1,286.0,288.7,284.5,287.8,288.1,287.46,1112495,3197.94,15638,679407,61.07
2023-11-20,CROMPTON, EQ, 20-Nov-2023,288.1,288.1,289.35,284.5,287.9,287.05,286.79,1010088,2896.88,15644,650383,64.39
2023-11-21,CROMPTON, EQ, 21-Nov-2023,287.05,288.0,293.0,287.05,291.0,291.3,290.77,1779395,5174.02,26650,912848,51.3
2023-11-22,CROMPTON, EQ, 22-Nov-2023,291.3,292.7,293.55,288.05,288.8,289.15,290.27,1152652,3345.81,29443,664908,57.69
2023-11-23,CROMPTON, EQ, 23-Nov-2023,289.15,289.55,290.7,287.2,288.8,288.25,288.81,927151,2677.71,20428,537928,58.02
2023-11-24,CROMPTON, EQ, 24-Nov-2023,288.25,288.9,290.05,282.95,283.0,283.8,286.61,1043715,2991.44,33893,641543,61.47
2023-11-28,CROMPTON, EQ, 28-Nov-2023,283.8,283.5,285.3,280.3,283.95,283.15,283.52,2895205,8208.55,73405,2009244,69.4
2023-11-29,CROMPTON, EQ, 29-Nov-2023,283.15,284.6,286.65,282.65,283.45,283.8,284.82,1728545,4923.23,32147,1263321,73.09
2023-11-30,CROMPTON, EQ, 30-Nov-2023,283.8,283.8,285.8,282.0,285.1,284.95,284.12,1779613,5056.19,47240,1126491,63.3
2023-12-01,CROMPTON, EQ, 01-Dec-2023,284.95,286.35,290.55,285.0,289.0,289.9,288.04,1771128,5101.51,36430,1000989,56.52
2023-12-04,CROMPTON, EQ, 04-Dec-2023,289.9,294.0,295.65,289.9,295.3,294.8,293.13,2065238,6053.77,34209,1299935,62.94
2023-12-05,CROMPTON, EQ, 05-Dec-2023,294.8,295.8,298.95,294.35,296.2,296.95,296.84,2439845,7242.44,31021,1608344,65.92
2023-12-06,CROMPTON, EQ, 06-Dec-2023,296.95,298.0,298.45,294.65,296.5,296.5,296.49,1053782,3124.41,11132,782146,74.22
2023-12-07,CROMPTON, EQ, 07-Dec-2023,296.5,296.45,303.05,292.2,301.5,301.7,298.37,3087207,9211.15,55215,1890403,61.23
2023-12-08,CROMPTON, EQ, 08-Dec-2023,301.7,300.0,305.9,297.05,299.3,299.45,302.33,2232304,6748.9,42093,1158003,51.87
2023-12-11,CROMPTON, EQ, 11-Dec-2023,299.45,299.0,302.5,296.8,297.0,297.75,298.31,1330482,3968.96,31373,878383,66.02
2023-12-12,CROMPTON, EQ, 12-Dec-2023,297.75,299.2,299.2,291.5,292.7,292.35,294.69,1916910,5648.88,29126,1140675,59.51
2023-12-13,CROMPTON, EQ, 13-Dec-2023,292.35,293.0,296.0,291.1,295.15,295.5,293.99,1023175,3008.04,20792,554028,54.15
2023-12-14,CROMPTON, EQ, 14-Dec-2023,295.5,297.5,297.5,291.15,292.0,291.9,293.27,2239470,6567.69,22897,1769519,79.02
2023-12-15,CROMPTON, EQ, 15-Dec-2023,291.9,293.35,293.4,287.55,289.6,288.85,290.03,3018951,8755.74,27739,2267779,75.12
2023-12-18,CROMPTON, EQ, 18-Dec-2023,288.85,288.85,294.95,287.15,293.8,293.35,293.39,2484562,7289.4,46893,1677698,67.52
2023-12-19,CROMPTON, EQ, 19-Dec-2023,293.35,294.45,298.35,289.75,296.5,296.1,295.06,4417371,13033.87,33493,3210605,72.68
2023-12-20,CROMPTON, EQ, 20-Dec-2023,296.1,296.1,307.8,295.55,296.25,297.15,302.05,7071090,21358.51,91872,3336207,47.18
2023-12-21,CROMPTON, EQ, 21-Dec-2023,297.15,296.5,302.0,290.0,301.8,300.0,297.66,2628984,7825.39,27711,1453960,55.31
2023-12-22,CROMPTON, EQ, 22-Dec-2023,300.0,303.45,304.8,298.5,301.3,301.8,301.77,1261307,3806.23,22707,426828,33.84
2023-12-26,CROMPTON, EQ, 26-Dec-2023,301.8,303.0,304.6,299.2,299.8,300.0,301.18,1367276,4117.98,23004,789797,57.76
2023-12-27,CROMPTON, EQ, 27-Dec-2023,300.0,302.8,303.0,297.6,300.3,299.95,299.85,3526373,10573.77,30992,2498982,70.87
2023-12-28,CROMPTON, EQ, 28-Dec-2023,299.95,301.5,301.85,297.0,297.5,297.5,298.03,1340641,3995.54,15732,881941,65.79
2023-12-29,CROMPTON, EQ, 29-Dec-2023,297.5,298.95,314.5,296.1,310.5,310.9,308.39,6543873,20180.9,60659,2599742,39.73
2024-01-01,CROMPTON, EQ, 01-Jan-2024,310.9,313.5,317.35,309.6,313.5,313.85,313.63,2198792,6896.08,28632,760523,34.59
2024-01-02,CROMPTON, EQ, 02-Jan-2024,313.85,315.8,316.0,306.35,311.5,311.4,310.41,2295282,7124.88,36187,1143665,49.83
2024-01-03,CROMPTON, EQ, 03-Jan-2024,311.4,312.9,320.75,308.8,319.0,318.75,317.32,3789724,12025.39,49191,1291066,34.07
2024-01-04,CROMPTON, EQ, 04-Jan-2024,318.75,320.85,323.0,316.35,318.3,317.6,318.81,2367626,7548.18,37311,869668,36.73
2024-01-05,CROMPTON, EQ, 05-Jan-2024,317.6,318.9,321.0,314.7,316.4,316.45,317.68,1649336,5239.63,26008,766215,46.46
2024-01-08,CROMPTON, EQ, 08-Jan-2024,316.45,318.65,319.0,311.1,312.45,313.35,315.03,1790898,5641.82,46236,964624,53.86
2024-01-09,CROMPTON, EQ, 09-Jan-2024,313.35,314.75,317.35,311.15,314.3,314.4,314.17,2429821,7633.89,60413,1327191,54.62
2024-01-10,CROMPTON, EQ, 10-Jan-2024,314.4,313.95,324.5,313.1,322.25,322.55,321.96,4901049,15779.25,63229,1894359,38.65
2024-01-11,CROMPTON, EQ, 11-Jan-2024,322.55,325.0,326.9,321.4,324.5,324.65,324.85,5371382,17448.84,60727,3425882,63.78
2024-01-12,CROMPTON, EQ, 12-Jan-2024,324.65,326.0,326.4,322.4,325.0,325.0,324.72,1288468,4183.96,26226,705086,54.72
2024-01-15,CROMPTON, EQ, 15-Jan-2024,325.0,325.5,327.95,322.2,324.0,324.1,324.96,1572912,5111.39,31022,808440,51.4
2024-01-16,CROMPTON, EQ, 16-Jan-2024,324.1,325.1,325.1,316.4,320.15,320.45,320.65,1478380,4740.45,23230,530473,35.88
2024-01-17,CROMPTON, EQ, 17-Jan-2024,320.45,317.0,321.45,313.35,316.4,316.85,317.85,1518201,4825.59,30916,834154,54.94
2024-01-18,CROMPTON, EQ, 18-Jan-2024,316.85,315.65,316.15,306.6,309.5,309.4,310.69,2307806,7170.23,38423,1456067,63.09
2024-01-19,CROMPTON, EQ, 19-Jan-2024,309.4,311.2,315.7,308.65,312.3,311.35,311.55,1518396,4730.62,35699,934540,61.55
2024-01-20,CROMPTON, EQ, 20-Jan-2024,311.35,312.3,314.35,310.0,310.0,310.25,310.79,527772,1640.29,7282,288352,54.64
2024-01-23,CROMPTON, EQ, 23-Jan-2024,310.25,311.45,315.7,299.15,300.95,300.25,306.45,3535641,10835.1,59974,2034922,57.55
2024-01-24,CROMPTON, EQ, 24-Jan-2024,300.25,300.9,308.9,299.55,306.15,307.7,306.11,2253437,6898.0,51618,1330647,59.05
2024-01-25,CROMPTON, EQ, 25-Jan-2024,307.7,306.55,308.6,301.85,305.15,305.1,304.56,2052008,6249.62,40411,1280814,62.42
2024-01-29,CROMPTON, EQ, 29-Jan-2024,305.1,305.3,306.7,299.5,301.2,300.9,301.65,2067278,6236.04,42985,1250910,60.51
2024-01-30,CROMPTON, EQ, 30-Jan-2024,300.9,301.65,302.7,293.6,295.1,294.65,296.27,2948702,8736.18,42298,1981436,67.2
2024-01-31,CROMPTON, EQ, 31-Jan-2024,294.65,295.1,303.5,294.25,302.95,302.95,299.91,2914073,8739.5,35594,1681636,57.71
2024-02-01,CROMPTON, EQ, 01-Feb-2024,302.95,304.25,305.25,300.95,301.5,302.25,302.69,998750,3023.14,29993,480722,48.13
2024-02-02,CROMPTON, EQ, 02-Feb-2024,302.25,303.4,307.45,302.3,303.7,304.5,304.86,3359976,10243.07,32047,2556807,76.1
2024-02-05,CROMPTON, EQ, 05-Feb-2024,304.5,304.5,309.9,301.3,301.55,302.1,305.74,2335471,7140.53,36038,1415119,60.59
2024-02-06,CROMPTON, EQ, 06-Feb-2024,302.1,300.0,300.0,286.0,289.25,288.45,289.94,5185768,15035.6,64256,2856639,55.09
2024-02-07,CROMPTON, EQ, 07-Feb-2024,288.45,292.45,292.45,287.0,288.5,288.15,289.29,1130014,3269.05,14956,577645,51.12
2024-02-08,CROMPTON, EQ, 08-Feb-2024,288.15,289.95,291.9,286.1,287.65,287.2,288.71,1070373,3090.3,15741,579656,54.15
2024-02-09,CROMPTON, EQ, 09-Feb-2024,287.2,288.3,289.15,284.6,287.0,286.95,286.78,2641404,7574.97,27291,2001047,75.76
2024-02-12,CROMPTON, EQ, 12-Feb-2024,286.95,288.6,288.6,282.4,284.55,283.7,284.75,2830640,8060.16,18514,1921133,67.87
2024-02-13,CROMPTON, EQ, 13-Feb-2024,283.7,285.1,286.0,281.95,285.8,285.3,284.42,1098969,3125.74,21809,493686,44.92
2024-02-14,CROMPTON, EQ, 14-Feb-2024,285.3,282.15,286.6,281.3,286.1,285.45,283.56,1144133,3244.3,21297,606885,53.04
2024-02-15,CROMPTON, EQ, 15-Feb-2024,285.45,285.0,291.55,277.1,283.05,283.2,284.49,2787589,7930.37,42755,1436594,51.54
2024-02-16,CROMPTON, EQ, 16-Feb-2024,283.2,283.7,286.25,282.7,283.95,284.8,284.5,2891658,8226.69,40088,2029048,70.17
2024-02-19,CROMPTON, EQ, 19-Feb-2024,284.8,286.65,291.75,285.45,290.05,290.1,288.95,1199875,3467.08,16564,564427,47.04
2024-02-20,CROMPTON, EQ, 20-Feb-2024,290.1,288.9,292.0,288.45,290.2,290.0,290.13,851062,2469.18,19062,429883,50.51
2024-02-21,CROMPTON, EQ, 21-Feb-2024,290.0,291.5,291.6,288.25,290.1,290.3,289.94,3319385,9624.23,25660,2820983,84.99
2024-02-22,CROMPTON, EQ, 22-Feb-2024,290.3,293.0,294.0,288.6,293.1,292.2,291.4,4167615,12144.64,42090,3427269,82.24
2024-02-23,CROMPTON, EQ, 23-Feb-2024,292.2,294.0,297.0,291.65,292.5,293.3,292.92,6602408,19339.99,42897,5443999,82.45
2024-02-26,CROMPTON, EQ, 26-Feb-2024,293.3,292.95,293.0,286.3,288.15,288.05,288.4,1676422,4834.78,42775,1104923,65.91
2024-02-27,CROMPTON, EQ, 27-Feb-2024,288.05,292.75,296.95,289.75,290.5,290.8,292.75,2971531,8699.29,40902,860401,28.95
2024-02-28,CROMPTON, EQ, 28-Feb-2024,290.8,291.8,295.6,289.65,292.3,291.75,291.79,5812712,16960.89,37360,4263213,73.34
2024-02-29,CROMPTON, EQ, 29-Feb-2024,291.75,293.0,293.0,286.5,292.0,291.0,290.11,4760712,13811.45,25552,3560175,74.78
2024-03-01,CROMPTON, EQ, 01-Mar-2024,291.0,292.35,297.0,291.25,295.7,295.75,294.8,2603483,7675.16,38583,1691614,64.98
2024-03-02,CROMPTON, EQ, 02-Mar-2024,295.75,297.0,302.75,296.0,301.1,301.1,300.56,587360,1765.34,7110,361342,61.52
2024-03-04,CROMPTON, EQ, 04-Mar-2024,301.1,301.75,302.85,297.4,299.85,299.4,299.58,2551273,7643.04,28019,1773321,69.51
2024-03-05,CROMPTON, EQ, 05-Mar-2024,299.4,300.95,300.95,293.6,295.25,294.65,295.72,1150650,3402.74,16502,696688,60.55
2024-03-06,CROMPTON, EQ, 06-Mar-2024,294.65,295.2,295.7,288.35,291.35,291.3,290.53,2981128,8661.06,23877,2086760,70.0
2024-03-07,CROMPTON, EQ, 07-Mar-2024,291.3,291.5,296.7,289.95,290.9,290.65,292.93,1938855,5679.55,26333,1333467,68.78
2024-03-11,CROMPTON, EQ, 11-Mar-2024,290.65,291.9,293.15,288.0,288.35,288.8,290.94,593630,1727.11,19117,254889,42.94
2024-03-12,CROMPTON, EQ, 12-Mar-2024,288.8,289.0,290.8,285.25,286.35,286.0,287.36,1936402,5564.48,47506,1010873,52.2
2024-03-13,CROMPTON, EQ, 13-Mar-2024,286.0,287.25,289.4,274.55,277.85,277.15,280.61,4668709,13100.81,79805,2879391,61.67
2024-03-14,CROMPTON, EQ, 14-Mar-2024,277.15,277.15,284.3,275.85,280.45,279.2,280.19,2216147,6209.48,41628,1230219,55.51
2024-03-15,CROMPTON, EQ, 15-Mar-2024,279.2,281.75,285.8,274.35,275.2,275.5,277.79,3406199,9462.03,30207,1533873,45.03
2024-03-18,CROMPTON, EQ, 18-Mar-2024,275.5,277.45,278.25,268.2,271.5,271.75,272.0,4738220,12887.85,39424,3034470,64.04
2024-03-19,CROMPTON, EQ, 19-Mar-2024,271.75,272.0,273.5,266.3,266.8,267.0,268.52,2180704,5855.68,24198,1327702,60.88
2024-03-20,CROMPTON, EQ, 20-Mar-2024,267.0,268.0,268.0,262.25,264.2,264.9,263.95,5153884,13603.6,28787,3503320,67.97
2024-03-21,CROMPTON, EQ, 21-Mar-2024,264.9,268.0,270.65,266.5,269.6,269.75,268.74,2874783,7725.71,22716,1868014,64.98
2024-03-22,CROMPTON, EQ, 22-Mar-2024,269.75,268.75,271.7,261.25,269.0,269.35,268.2,11215203,30078.63,30855,9321673,83.12
2024-03-26,CROMPTON, EQ, 26-Mar-2024,269.35,271.35,272.7,269.55,271.35,271.0,271.1,3867946,10486.13,32345,2716318,70.23
2024-03-27,CROMPTON, EQ, 27-Mar-2024,271.0,271.0,271.5,264.5,266.5,265.6,266.45,6728331,17927.7,61650,4470295,66.44
2024-03-28,CROMPTON, EQ, 28-Mar-2024,265.6,266.1,268.9,263.5,268.0,267.5,266.36,2999646,7989.96,41361,1777759,59.27
2024-04-01,CROMPTON, EQ, 01-Apr-2024,267.5,272.0,272.0,268.95,270.5,270.15,270.08,1743700,4709.41,19597,1109673,63.64
2024-04-02,CROMPTON, EQ, 02-Apr-2024,270.15,272.0,283.0,270.75,280.5,279.6,279.71,10254553,28682.99,63413,6311793,61.55
2024-04-03,CROMPTON, EQ, 03-Apr-2024,279.6,281.8,285.25,277.5,280.95,280.8,281.7,5481815,15442.05,35794,3578415,65.28
2024-04-04,CROMPTON, EQ, 04-Apr-2024,280.8,282.0,282.9,278.5,281.0,280.65,280.72,1743788,4895.15,26950,925169,53.06
2024-04-05,CROMPTON, EQ, 05-Apr-2024,280.65,280.5,283.5,278.85,280.8,281.05,281.12,2996712,8424.43,26010,2139351,71.39
2024-04-08,CROMPTON, EQ, 08-Apr-2024,281.05,282.5,291.6,282.2,290.2,290.2,288.0,7475183,21528.27,101257,4222618,56.49
2024-04-09,CROMPTON, EQ, 09-Apr-2024,290.2,293.0,293.0,286.0,287.75,286.7,289.3,2868821,8299.46,40321,1563524,54.5
2024-04-10,CROMPTON, EQ, 10-Apr-2024,286.7,288.05,291.1,285.6,289.15,290.4,288.63,1418203,4093.31,37341,677444,47.77
2024-04-12,CROMPTON, EQ, 12-Apr-2024,290.4,284.6,301.0,284.5,299.3,298.95,295.47,9741673,28784.18,66793,6409012,65.79
2024-04-15,CROMPTON, EQ, 15-Apr-2024,298.95,296.0,299.3,290.95,292.7,292.2,294.66,8578221,25276.38,60141,6373542,74.3
2024-04-16,CROMPTON, EQ, 16-Apr-2024,292.2,291.0,294.35,287.45,289.75,289.5,291.03,2331311,6784.72,29525,1056229,45.31
2024-04-18,CROMPTON, EQ, 18-Apr-2024,289.5,290.75,300.0,290.7,297.8,297.75,296.44,7881121,23362.42,59202,5467348,69.37
2024-04-19,CROMPTON, EQ, 19-Apr-2024,297.75,297.85,300.65,292.55,297.55,297.05,296.64,7287089,21616.55,47063,4559415,62.57
2024-04-22,CROMPTON, EQ, 22-Apr-2024,297.05,300.0,309.6,298.1,307.65,307.2,304.75,6505420,19825.07,97501,3311388,50.9
2024-04-23,CROMPTON, EQ, 23-Apr-2024,307.2,308.6,311.65,302.95,307.9,307.95,307.23,4924806,15130.3,60583,2472123,50.2
2024-04-24,CROMPTON, EQ, 24-Apr-2024,307.95,310.0,314.9,308.75,312.5,311.9,312.07,4572140,14268.15,47062,2309871,50.52
2024-04-25,CROMPTON, EQ, 25-Apr-2024,311.9,311.95,312.85,306.8,310.2,309.75,310.0,5648355,17510.09,38646,4071654,72.09
2024-04-26,CROMPTON, EQ, 26-Apr-2024,309.75,310.0,317.35,307.8,313.6,313.5,314.38,2939140,9239.97,39725,1452637,49.42
2024-04-29,CROMPTON, EQ, 29-Apr-2024,313.5,315.0,315.7,312.0,313.5,314.25,313.94,946710,2972.1,16433,378097,39.94
2024-04-30,CROMPTON, EQ, 30-Apr-2024,314.25,315.0,319.35,314.5,318.45,318.4,317.89,3199162,10169.96,26670,2180668,68.16
2024-05-02,CROMPTON, EQ, 02-May-2024,318.4,321.35,331.45,320.0,323.45,324.05,325.74,8599222,28011.05,128365,4732839,55.04
2024-05-03,CROMPTON, EQ, 03-May-2024,324.05,326.3,329.75,321.65,325.4,325.45,326.51,2525330,8245.51,48971,1024977,40.59
2024-05-06,CROMPTON, EQ, 06-May-2024,325.45,327.0,334.0,321.05,322.15,323.45,329.33,4928259,16230.18,59384,2200330,44.65
2024-05-07,CROMPTON, EQ, 07-May-2024,323.45,324.8,326.9,317.8,323.55,322.2,322.61,2846103,9181.69,35389,1485816,52.21
2024-05-08,CROMPTON, EQ, 08-May-2024,322.2,322.5,342.5,319.5,342.05,340.0,336.8,13023406,43862.47,138870,6720147,51.6
2024-05-09,CROMPTON, EQ, 09-May-2024,340.0,341.7,345.2,334.25,335.0,335.8,341.0,7431822,25342.84,59520,4093223,55.08
2024-05-10,CROMPTON, EQ, 10-May-2024,335.8,335.45,339.45,325.55,330.0,329.9,331.09,4004683,13259.12,31683,2219305,55.42
2024-05-13,CROMPTON, EQ, 13-May-2024,329.9,330.75,330.9,320.15,326.0,326.65,325.0,2076617,6748.92,23725,988164,47.59
2024-05-14,CROMPTON, EQ, 14-May-2024,326.65,327.95,334.3,324.45,333.5,333.15,329.51,2337229,7701.41,35088,1277215,54.65
2024-05-15,CROMPTON, EQ, 15-May-2024,333.15,332.95,339.9,330.8,337.4,338.1,335.99,4231184,14216.36,36999,2589420,61.2
2024-05-16,CROMPTON, EQ, 16-May-2024,338.1,339.6,339.75,332.6,338.6,339.1,336.25,2777003,9337.71,25347,1757776,63.3
2024-05-17,CROMPTON, EQ, 17-May-2024,339.1,350.5,398.8,350.5,390.4,391.9,386.93,51087530,197673.56,380068,9934281,19.45
2024-05-18,CROMPTON, EQ, 18-May-2024,391.9,391.8,410.0,388.3,401.8,401.95,403.5,2131340,8599.92,29669,642380,30.14
2024-05-21,CROMPTON, EQ, 21-May-2024,401.95,399.0,403.7,388.4,390.55,390.65,392.7,7962200,31267.68,143210,4571771,57.42
2024-05-22,CROMPTON, EQ, 22-May-2024,390.65,389.0,394.9,386.0,389.1,389.25,388.92,3717542,14458.2,63828,1840971,49.52
2024-05-23,CROMPTON, EQ, 23-May-2024,389.25,390.0,394.75,385.85,393.3,393.75,391.21,3362910,13156.06,40574,2112612,62.82
2024-05-24,CROMPTON, EQ, 24-May-2024,393.75,394.5,399.6,390.1,391.3,392.75,394.27,2395863,9446.17,56412,921171,38.45
2024-05-27,CROMPTON, EQ, 27-May-2024,392.75,392.75,399.0,387.1,387.1,388.35,391.58,1381409,5409.37,28055,731459,52.95
2024-05-28,CROMPTON, EQ, 28-May-2024,388.35,388.35,392.85,384.05,388.5,390.3,389.33,1842448,7173.22,28584,758649,41.18
2024-05-29,CROMPTON, EQ, 29-May-2024,390.3,389.0,401.8,385.3,394.15,393.9,395.62,2848260,11268.37,41883,789491,27.72
2024-05-30,CROMPTON, EQ, 30-May-2024,393.9,394.9,396.2,388.0,393.1,391.35,392.31,1573895,6174.53,27275,556238,35.34
2024-05-31,CROMPTON, EQ, 31-May-2024,391.35,392.0,393.85,389.0,389.6,392.25,391.37,1667055,6524.39,26864,874811,52.48
2024-06-03,CROMPTON, EQ, 03-Jun-2024,392.25,400.95,402.0,390.6,396.3,395.65,395.26,1995891,7889.03,43979,862460,43.21
2024-06-04,CROMPTON, EQ, 04-Jun-2024,395.65,396.3,399.55,358.0,376.55,376.8,380.51,3602304,13707.19,83361,1264910,35.11
2024-06-05,CROMPTON, EQ, 05-Jun-2024,376.8,374.0,405.0,371.4,404.0,402.25,395.18,5639983,22288.18,110733,2805817,49.75
2024-06-06,CROMPTON, EQ, 06-Jun-2024,402.25,405.8,408.85,397.05,399.5,399.95,403.13,4782193,19278.67,38297,3208961,67.1
2024-06-07,CROMPTON, EQ, 07-Jun-2024,399.95,404.0,406.45,394.5,397.35,397.35,398.89,2849110,11364.75,36172,1595854,56.01
2024-06-10,CROMPTON, EQ, 10-Jun-2024,397.35,398.0,415.65,395.9,411.0,411.8,410.72,7137516,29315.34,80814,2490356,34.89
2024-06-11,CROMPTON, EQ, 11-Jun-2024,411.8,415.5,419.8,410.25,410.8,411.2,415.52,2571903,10686.66,45998,904309,35.16
2024-06-12,CROMPTON, EQ, 12-Jun-2024,411.2,411.3,423.5,408.55,421.9,422.2,418.15,3722848,15567.2,61291,1798104,48.3
2024-06-13,CROMPTON, EQ, 13-Jun-2024,422.2,423.4,426.4,418.6,424.7,425.05,423.31,2079757,8803.9,33116,878638,42.25
2024-06-14,CROMPTON, EQ, 14-Jun-2024,425.05,426.0,429.0,421.2,425.1,426.55,425.61,2452871,10439.78,49050,1489514,60.73
2024-06-18,CROMPTON, EQ, 18-Jun-2024,426.55,428.9,431.8,422.25,430.05,428.65,427.23,3848024,16439.9,48721,2432346,63.21
2024-06-19,CROMPTON, EQ, 19-Jun-2024,428.65,430.0,436.1,423.0,424.65,424.5,429.23,2882216,12371.29,45944,1130782,39.23
2024-06-20,CROMPTON, EQ, 20-Jun-2024,424.5,427.15,429.9,421.4,427.65,428.85,427.69,1832711,7838.27,38053,1069424,58.35
2024-06-21,CROMPTON, EQ, 21-Jun-2024,428.85,427.0,436.5,422.8,425.9,426.5,428.95,4837219,20749.08,73082,2566370,53.05
2024-06-24,CROMPTON, EQ, 24-Jun-2024,426.5,423.6,433.5,414.5,433.0,431.05,425.29,3072536,13067.28,57339,1676910,54.58
2024-06-25,CROMPTON, EQ, 25-Jun-2024,431.05,432.8,433.85,427.45,429.2,430.1,430.26,1819355,7827.97,34330,1070042,58.81
2024-06-26,CROMPTON, EQ, 26-Jun-2024,430.1,428.0,431.15,419.85,429.5,428.55,426.66,3267799,13942.49,60101,1792629,54.86
2024-06-27,CROMPTON, EQ, 27-Jun-2024,428.55,428.55,428.55,415.15,416.6,417.55,420.51,3684088,15492.02,37736,2524690,68.53
2024-06-28,CROMPTON, EQ, 28-Jun-2024,417.55,417.55,419.85,404.25,405.75,405.3,410.9,5444991,22373.55,58377,3552462,65.24
2024-07-01,CROMPTON, EQ, 01-Jul-2024,405.3,405.3,417.65,403.95,417.25,416.5,409.13,4066325,16636.69,93968,2201911,54.15
2024-07-02,CROMPTON, EQ, 02-Jul-2024,416.5,418.7,418.95,410.0,411.9,412.75,414.18,2053744,8506.11,41138,772053,37.59
2024-07-03,CROMPTON, EQ, 03-Jul-2024,412.75,413.15,417.15,408.75,411.0,411.2,412.64,968651,3997.0,22973,359469,37.11
2024-07-04,CROMPTON, EQ, 04-Jul-2024,411.2,411.2,412.1,408.05,408.15,408.6,409.94,956124,3919.51,15909,306275,32.03
2024-07-05,CROMPTON, EQ, 05-Jul-2024,408.6,408.4,415.75,407.05,409.55,409.7,412.52,3302341,13622.85,42580,1815645,54.98
2024-07-08,CROMPTON, EQ, 08-Jul-2024,409.7,410.0,423.45,409.5,421.0,420.6,419.13,2231484,9352.72,36145,697923,31.28
2024-07-09,CROMPTON, EQ, 09-Jul-2024,420.6,422.5,441.95,422.5,428.4,427.65,429.94,9686914,41647.57,84799,5546876,57.26
2024-07-10,CROMPTON, EQ, 10-Jul-2024,427.65,426.5,430.1,415.25,424.05,423.05,422.63,1758195,7430.65,29166,571945,32.53
2024-07-11,CROMPTON, EQ, 11-Jul-2024,423.05,423.25,425.0,416.0,425.0,423.4,419.98,2679924,11255.02,43930,1541976,57.54
2024-07-12,CROMPTON, EQ, 12-Jul-2024,423.4,426.5,437.95,424.95,431.75,431.75,432.08,7155994,30919.87,61965,4475213,62.54
2024-07-15,CROMPTON, EQ, 15-Jul-2024,431.75,433.45,434.25,428.5,432.1,431.55,431.63,928230,4006.49,24239,495159,53.34
2024-07-16,CROMPTON, EQ, 16-Jul-2024,431.55,432.85,436.05,427.65,429.55,431.25,432.13,5233597,22616.07,63399,3903129,74.58
2024-07-18,CROMPTON, EQ, 18-Jul-2024,431.25,432.45,432.55,416.0,430.5,431.75,426.26,4799194,20456.9,68224,2909775,60.63
2024-07-19,CROMPTON, EQ, 19-Jul-2024,431.75,434.0,436.95,422.0,425.9,427.9,429.38,4257649,18281.57,49478,2355427,55.32
2024-07-22,CROMPTON, EQ, 22-Jul-2024,427.9,422.1,435.0,419.9,434.8,433.7,430.06,2385382,10258.68,54362,1200310,50.32
2024-07-23,CROMPTON, EQ, 23-Jul-2024,433.7,439.15,439.15,419.65,430.0,430.3,428.65,3537173,15162.12,58957,1834028,51.85
2024-07-24,CROMPTON, EQ, 24-Jul-2024,430.3,429.05,445.0,426.05,442.5,443.0,438.34,7102712,31134.23,86471,5016508,70.63
2024-07-25,CROMPTON, EQ, 25-Jul-2024,443.0,440.55,450.45,435.0,443.8,447.1,445.62,10566397,47085.75,117355,7454112,70.55
2024-07-26,CROMPTON, EQ, 26-Jul-2024,447.1,450.0,451.1,436.75,443.3,442.6,441.86,6837627,30212.86,64159,3922237,57.36
2024-07-29,CROMPTON, EQ, 29-Jul-2024,442.6,444.9,448.5,427.1,435.0,432.2,435.32,9118472,39694.52,73558,4429610,48.58
2024-07-30,CROMPTON, EQ, 30-Jul-2024,432.2,432.95,460.9,432.6,446.0,445.45,450.22,13017966,58609.76,133435,4900685,37.65
2024-07-31,CROMPTON, EQ, 31-Jul-2024,445.45,449.15,456.45,439.6,449.2,451.4,449.6,9064095,40751.98,82277,4473095,49.35
2024-08-01,CROMPTON, EQ, 01-Aug-2024,451.4,455.6,470.7,448.3,453.05,451.05,458.4,8497145,38951.11,117643,2801906,32.97
2024-08-02,CROMPTON, EQ, 02-Aug-2024,451.05,450.0,452.15,436.5,438.25,437.55,443.49,1544041,6847.68,28057,451892,29.27
2024-08-05,CROMPTON, EQ, 05-Aug-2024,437.55,427.05,434.8,420.4,426.05,428.5,427.54,3271673,13987.74,79840,1449802,44.31
2024-08-06,CROMPTON, EQ, 06-Aug-2024,428.5,430.0,436.2,415.05,415.8,416.5,426.27,2452416,10454.0,52283,986438,40.22
2024-08-07,CROMPTON, EQ, 07-Aug-2024,416.5,421.55,437.4,420.1,435.5,435.0,430.65,3013975,12979.81,80814,1758025,58.33
2024-08-08,CROMPTON, EQ, 08-Aug-2024,435.0,437.9,440.25,428.05,432.4,433.55,435.42,2103583,9159.45,54311,1119247,53.21
2024-08-09,CROMPTON, EQ, 09-Aug-2024,433.55,438.3,440.0,434.0,435.0,434.95,436.56,2003404,8746.06,35766,1286727,64.23
2024-08-12,CROMPTON, EQ, 12-Aug-2024,434.95,434.95,436.45,428.7,432.6,431.5,432.76,1872135,8101.82,34527,1012664,54.09
2024-08-13,CROMPTON, EQ, 13-Aug-2024,431.5,433.45,443.15,428.0,435.0,436.25,437.8,2755107,12061.86,43921,1630471,59.18
2024-08-14,CROMPTON, EQ, 14-Aug-2024,436.25,438.3,440.0,425.3,429.0,428.55,429.45,1344542,5774.2,39418,569776,42.38
2024-08-16,CROMPTON, EQ, 16-Aug-2024,428.55,429.05,442.0,429.05,441.0,440.3,438.99,2956706,12979.74,87115,1915717,64.79
2024-08-19,CROMPTON, EQ, 19-Aug-2024,440.3,446.0,455.3,442.65,452.9,453.6,448.62,4102713,18405.54,110312,2547908,62.1
2024-08-20,CROMPTON, EQ, 20-Aug-2024,453.6,455.0,460.0,445.05,454.5,453.55,452.24,5884964,26613.97,93533,2864329,48.67
2024-08-21,CROMPTON, EQ, 21-Aug-2024,453.55,454.5,468.75,451.15,467.6,468.0,464.27,5377621,24966.68,57798,3132695,58.25
2024-08-22,CROMPTON, EQ, 22-Aug-2024,468.0,469.95,479.35,460.65,460.7,462.25,467.99,6212259,29072.56,82761,3787375,60.97
2024-08-23,CROMPTON, EQ, 23-Aug-2024,462.25,464.35,471.4,458.5,459.3,459.6,463.61,3398088,15753.91,49184,1932100,56.86
2024-08-26,CROMPTON, EQ, 26-Aug-2024,459.6,460.5,470.55,460.15,467.0,467.75,466.55,2244381,10471.08,93315,1231291,54.86
2024-08-27,CROMPTON, EQ, 27-Aug-2024,467.75,468.0,471.0,464.55,468.65,469.45,467.64,2188766,10235.55,36344,1201978,54.92
2024-08-28,CROMPTON, EQ, 28-Aug-2024,469.45,469.55,471.6,457.1,457.65,462.8,465.66,2200386,10246.26,55571,1393394,63.32
2024-08-29,CROMPTON, EQ, 29-Aug-2024,462.8,462.8,466.9,456.3,466.0,465.0,461.71,1956008,9031.08,39022,969328,49.56
2024-08-30,CROMPTON, EQ, 30-Aug-2024,465.0,470.75,481.0,465.7,477.0,477.05,476.51,3740760,17825.13,48310,1943416,51.95
2024-09-02,CROMPTON, EQ, 02-Sep-2024,477.05,481.0,484.0,462.75,466.55,464.85,470.21,1851817,8707.49,39030,943123,50.93
2024-09-03,CROMPTON, EQ, 03-Sep-2024,464.85,468.95,477.5,464.5,469.25,469.6,472.53,1992487,9415.05,31569,818766,41.09
2024-09-04,CROMPTON, EQ, 04-Sep-2024,469.6,463.0,473.5,460.8,468.0,466.55,468.44,1321187,6188.91,36486,717304,54.29
2024-09-05,CROMPTON, EQ, 05-Sep-2024,466.55,470.0,474.75,465.6,468.95,467.75,468.85,3114100,14600.34,32811,2052130,65.9
2024-09-06,CROMPTON, EQ, 06-Sep-2024,467.75,470.0,472.7,461.15,463.6,463.4,466.2,2457608,11457.38,32323,1432370,58.28
2024-09-09,CROMPTON, EQ, 09-Sep-2024,463.4,460.0,466.35,457.35,462.6,460.8,461.14,1633031,7530.59,32548,839708,51.42
2024-09-10,CROMPTON, EQ, 10-Sep-2024,460.8,465.0,473.1,462.6,467.2,466.95,468.36,3015631,14124.11,46996,1637408,54.3
2024-09-11,CROMPTON, EQ, 11-Sep-2024,466.95,469.0,469.6,456.45,458.65,459.3,462.55,2108614,9753.35,39403,1336353,63.38
2024-09-12,CROMPTON, EQ, 12-Sep-2024,459.3,463.05,467.65,456.25,458.0,459.0,460.37,3223918,14841.97,78089,2314516,71.79
2024-09-13,CROMPTON, EQ, 13-Sep-2024,459.0,460.2,461.5,450.7,452.8,451.75,453.47,1868057,8471.13,35155,1154362,61.79
2024-09-16,CROMPTON, EQ, 16-Sep-2024,451.75,451.75,460.25,445.1,447.45,447.9,450.19,2595629,11685.2,34619,1541893,59.4
2024-09-17,CROMPTON, EQ, 17-Sep-2024,447.9,449.95,455.0,448.1,453.85,452.75,451.28,2577605,11632.15,40093,1508368,58.52
2024-09-18,CROMPTON, EQ, 18-Sep-2024,452.75,454.9,455.35,445.1,447.7,448.85,449.83,1154384,5192.73,20788,562893,48.76
2024-09-19,CROMPTON, EQ, 19-Sep-2024,448.85,452.85,455.15,442.45,450.1,450.0,448.86,2157626,9684.64,53509,1195244,55.4
2024-09-20,CROMPTON, EQ, 20-Sep-2024,450.0,450.35,454.35,441.55,447.0,446.8,446.76,3252868,14532.46,42470,2250967,69.2
2024-09-23,CROMPTON, EQ, 23-Sep-2024,446.8,447.8,455.55,440.95,446.3,445.75,445.31,2312575,10298.03,28614,1450939,62.74
2024-09-24,CROMPTON, EQ, 24-Sep-2024,445.75,445.75,445.75,435.05,440.2,439.25,439.07,3041423,13354.09,61998,1848420,60.77
2024-09-25,CROMPTON, EQ, 25-Sep-2024,439.25,442.0,448.3,434.65,442.35,441.55,440.15,2775467,12216.08,48093,1262583,45.49
2024-09-26,CROMPTON, EQ, 26-Sep-2024,441.55,445.9,445.9,412.9,419.95,419.25,419.99,11057819,46441.24,178735,5420033,49.02
2024-09-27,CROMPTON, EQ, 27-Sep-2024,419.25,421.55,426.3,417.35,422.05,422.8,423.15,4874114,20624.87,67094,2981743,61.18
2024-09-30,CROMPTON, EQ, 30-Sep-2024,422.8,424.3,425.0,414.55,416.4,416.25,418.31,2617019,10947.36,41731,1883885,71.99
2024-10-01,CROMPTON, EQ, 01-Oct-2024,416.25,418.1,435.0,415.2,433.0,432.05,429.25,8536418,36642.82,121853,4486945,52.56
2024-10-03,CROMPTON, EQ, 03-Oct-2024,432.05,421.8,438.35,421.8,427.0,427.35,431.46,3020293,13031.25,62251,1338016,44.3
2024-10-04,CROMPTON, EQ, 04-Oct-2024,427.35,428.85,431.8,420.35,422.8,422.05,426.03,1971620,8399.65,54808,1017934,51.63
2024-10-07,CROMPTON, EQ, 07-Oct-2024,422.05,425.0,433.8,417.5,425.25,425.3,424.76,3399929,14441.68,73734,1874977,55.15
2024-10-08,CROMPTON, EQ, 08-Oct-2024,425.3,426.95,434.0,421.6,429.3,430.2,428.18,4131935,17692.07,47425,2626446,63.56
2024-10-09,CROMPTON, EQ, 09-Oct-2024,430.2,431.15,439.9,429.75,437.0,436.55,436.48,2333123,10183.51,47512,1099716,47.13
2024-10-10,CROMPTON, EQ, 10-Oct-2024,436.55,437.05,442.0,437.05,440.05,440.9,439.48,4640122,20392.53,51342,3625034,78.12
2024-10-11,CROMPTON, EQ, 11-Oct-2024,440.9,446.0,446.65,428.8,432.0,430.85,434.84,2209754,9608.84,52833,943881,42.71
2024-10-14,CROMPTON, EQ, 14-Oct-2024,430.85,430.95,431.7,422.85,430.5,429.65,426.76,1410908,6021.18,35960,696215,49.35
2024-10-15,CROMPTON, EQ, 15-Oct-2024,429.65,431.05,432.8,424.25,430.1,430.05,428.68,2103762,9018.31,51201,1421308,67.56
2024-10-16,CROMPTON, EQ, 16-Oct-2024,430.05,423.0,430.8,417.6,421.55,422.6,424.86,2519690,10705.25,42582,1238421,49.15
2024-10-17,CROMPTON, EQ, 17-Oct-2024,422.6,426.25,426.25,413.0,413.8,414.5,419.59,1939053,8136.1,44410,1139090,58.74
2024-10-18,CROMPTON, EQ, 18-Oct-2024,414.5,413.8,414.95,406.1,409.85,409.05,409.29,4268676,17471.27,68632,2725754,63.85
2024-10-21,CROMPTON, EQ, 21-Oct-2024,409.05,412.95,415.25,402.75,404.0,404.7,406.02,1621722,6584.55,62240,746157,46.01
2024-10-22,CROMPTON, EQ, 22-Oct-2024,404.7,401.75,412.1,396.9,399.65,398.05,403.32,2206238,8898.3,69605,971535,44.04
2024-10-23,CROMPTON, EQ, 23-Oct-2024,398.05,400.0,406.75,394.85,396.55,396.35,401.74,1666955,6696.84,45966,887177,53.22
2024-10-24,CROMPTON, EQ, 24-Oct-2024,396.35,397.75,399.0,392.7,397.15,395.55,395.38,2679695,10594.96,52822,1790436,66.81
2024-10-25,CROMPTON, EQ, 25-Oct-2024,395.55,395.05,397.1,382.6,393.45,391.95,389.72,1946954,7587.73,57414,1040050,53.42
2024-10-28,CROMPTON, EQ, 28-Oct-2024,391.95,395.0,395.45,385.1,393.0,389.35,389.31,2065494,8041.27,70253,1190824,57.65
2024-10-29,CROMPTON, EQ, 29-Oct-2024,389.35,390.95,393.55,382.1,392.2,391.55,387.53,1925919,7463.53,39170,1050957,54.57
2024-10-30,CROMPTON, EQ, 30-Oct-2024,391.55,390.05,396.1,386.8,393.7,393.5,392.7,2690156,10564.34,41283,818271,30.42
2024-10-31,CROMPTON, EQ, 31-Oct-2024,393.5,392.15,396.5,388.35,392.9,391.0,391.85,2248972,8812.7,41654,1183585,52.63
2024-11-01,CROMPTON, EQ, 01-Nov-2024,391.0,394.9,394.9,391.05,393.8,392.15,392.27,106035,415.94,3749,45366,42.78
2024-11-04,CROMPTON, EQ, 04-Nov-2024,392.15,393.8,394.2,382.2,384.55,384.75,385.15,1677666,6461.46,42557,913427,54.45
2024-11-05,CROMPTON, EQ, 05-Nov-2024,384.75,381.0,386.45,375.1,384.9,385.5,380.53,2712137,10320.46,49599,1153369,42.53
2024-11-06,CROMPTON, EQ, 06-Nov-2024,385.5,386.25,403.4,384.5,402.0,402.45,396.44,1168854,4633.79,54159,425706,36.42
2024-11-07,CROMPTON, EQ, 07-Nov-2024,402.45,401.5,401.6,388.7,391.0,389.95,392.45,1340940,5262.51,33141,676366,50.44
2024-11-08,CROMPTON, EQ, 08-Nov-2024,389.95,389.75,401.0,386.6,398.4,398.6,395.12,1417494,5600.81,33866,413136,29.15
2024-11-11,CROMPTON, EQ, 11-Nov-2024,398.6,398.0,406.1,389.15,390.2,390.55,395.89,3800353,15045.3,56078,2155371,56.72
2024-11-12,CROMPTON, EQ, 12-Nov-2024,390.55,393.8,400.15,388.25,389.1,390.4,391.83,4078155,15979.31,56146,2351350,57.66
2024-11-13,CROMPTON, EQ, 13-Nov-2024,390.4,386.25,390.05,382.85,384.3,385.0,386.7,1375437,5318.84,28084,603157,43.85
2024-11-14,CROMPTON, EQ, 14-Nov-2024,385.0,384.95,386.5,369.8,371.4,371.05,375.61,2024594,7604.52,39832,882189,43.57
2024-11-18,CROMPTON, EQ, 18-Nov-2024,371.05,379.0,397.55,374.35,384.0,384.25,389.02,10179369,39599.32,105247,2192886,21.54
2024-11-19,CROMPTON, EQ, 19-Nov-2024,384.25,382.0,395.0,378.0,390.0,390.7,389.5,3577680,13935.24,72463,1492937,41.73
2024-11-21,CROMPTON, EQ, 21-Nov-2024,390.7,389.0,389.9,380.95,381.7,381.95,385.29,1265315,4875.19,22318,453111,35.81
2024-11-22,CROMPTON, EQ, 22-Nov-2024,381.95,384.0,394.7,380.95,393.1,393.05,389.84,1492331,5817.7,53617,651660,43.67
2024-11-25,CROMPTON, EQ, 25-Nov-2024,393.05,395.45,408.75,394.5,406.9,405.45,403.05,2408459,9707.31,46807,1056311,43.86
2024-11-26,CROMPTON, EQ, 26-Nov-2024,405.45,405.7,410.0,404.45,408.0,408.55,407.51,1695931,6911.09,29879,933389,55.04
2024-11-27,CROMPTON, EQ, 27-Nov-2024,408.55,406.35,410.3,402.65,407.0,408.95,406.14,2053834,8341.39,25246,1216695,59.24
2024-11-28,CROMPTON, EQ, 28-Nov-2024,408.95,410.0,411.7,405.0,406.05,406.65,408.46,1903894,7776.73,27648,1109821,58.29
2024-11-29,CROMPTON, EQ, 29-Nov-2024,406.65,406.6,410.8,402.05,410.8,409.7,408.03,909279,3710.14,19396,439002,48.28
2024-12-02,CROMPTON, EQ, 02-Dec-2024,409.7,410.0,419.45,409.65,416.8,416.85,416.45,1336422,5565.5,30523,486098,36.37
2024-12-03,CROMPTON, EQ, 03-Dec-2024,416.85,416.0,416.0,404.3,408.6,409.15,408.02,3161729,12900.46,70076,1822882,57.65
2024-12-04,CROMPTON, EQ, 04-Dec-2024,409.15,408.8,411.5,407.05,408.0,408.55,409.47,1748914,7161.37,34240,1127469,64.47
2024-12-05,CROMPTON, EQ, 05-Dec-2024,408.55,408.5,409.25,401.45,406.2,405.2,404.88,1874921,7591.13,34365,1129807,60.26
2024-12-06,CROMPTON, EQ, 06-Dec-2024,405.2,406.15,408.65,401.95,406.0,406.2,405.65,910458,3693.23,19579,540727,59.39
2024-12-09,CROMPTON, EQ, 09-Dec-2024,406.2,406.5,418.0,405.7,414.25,414.1,413.95,1575373,6521.32,26102,578839,36.74
2024-12-10,CROMPTON, EQ, 10-Dec-2024,414.1,415.6,417.2,412.45,414.3,415.7,415.1,1495263,6206.76,23664,939072,62.8
2024-12-11,CROMPTON, EQ, 11-Dec-2024,415.7,417.0,417.0,412.35,415.0,413.6,414.18,641463,2656.82,16803,404534,63.06
2024-12-12,CROMPTON, EQ, 12-Dec-2024,413.6,415.15,417.0,405.5,405.8,406.1,409.34,611815,2504.38,12475,244402,39.95
2024-12-13,CROMPTON, EQ, 13-Dec-2024,406.1,405.5,412.15,402.7,412.0,411.4,407.08,2084397,8485.12,51605,1191263,57.15
2024-12-16,CROMPTON, EQ, 16-Dec-2024,411.4,410.0,413.9,405.65,406.2,406.65,407.83,1300222,5302.75,28965,860814,66.21
2024-12-17,CROMPTON, EQ, 17-Dec-2024,406.65,405.8,406.1,396.0,396.55,397.6,400.15,1231648,4928.42,30242,723663,58.76
2024-12-18,CROMPTON, EQ, 18-Dec-2024,397.6,393.15,398.1,391.95,396.0,396.2,395.57,1747136,6911.13,33678,1127420,64.53
2024-12-19,CROMPTON, EQ, 19-Dec-2024,396.2,388.0,397.2,388.0,395.9,395.45,394.03,1354246,5336.13,27144,981075,72.44
2024-12-20,CROMPTON, EQ, 20-Dec-2024,395.45,395.0,397.5,386.6,388.2,388.25,391.16,1090659,4266.25,21211,651260,59.71
2024-12-23,CROMPTON, EQ, 23-Dec-2024,388.25,389.0,394.9,383.9,390.45,390.55,390.23,669388,2612.15,23468,257397,38.45
2024-12-24,CROMPTON, EQ, 24-Dec-2024,390.55,388.55,396.45,385.9,395.0,394.85,393.33,753500,2963.76,31204,348259,46.22
2024-12-26,CROMPTON, EQ, 26-Dec-2024,394.85,394.85,398.0,390.0,393.55,393.6,392.6,477431,1874.4,14826,204636,42.86
2024-12-27,CROMPTON, EQ, 27-Dec-2024,393.6,395.0,399.85,394.2,396.6,396.35,397.2,532267,2114.18,19409,240467,45.18
2024-12-30,CROMPTON, EQ, 30-Dec-2024,396.35,396.35,401.95,391.35,395.9,394.5,395.64,2066494,8175.78,47578,1093469,52.91
2024-12-31,CROMPTON, EQ, 31-Dec-2024,394.5,392.15,399.2,392.15,395.3,395.8,396.22,850534,3370.02,17168,482498,56.73
2025-01-01,CROMPTON, EQ, 01-Jan-2025,395.8,395.35,395.85,374.0,375.4,375.3,379.18,3413601,12943.6,57376,1291896,37.85
2025-01-02,CROMPTON, EQ, 02-Jan-2025,375.3,374.05,376.9,369.6,372.0,372.05,372.6,1885894,7026.8,52151,806756,42.78
2025-01-03,CROMPTON, EQ, 03-Jan-2025,372.05,372.1,373.5,364.7,367.9,366.75,368.63,3973482,14647.43,70381,2504398,63.03
2025-01-06,CROMPTON, EQ, 06-Jan-2025,366.75,372.1,382.45,369.25,370.35,370.95,374.74,5495026,20592.14,76731,1895575,34.5
2025-01-07,CROMPTON, EQ, 07-Jan-2025,370.95,370.95,372.55,364.45,368.7,368.45,367.39,1324219,4865.02,37008,471108,35.58
2025-01-08,CROMPTON, EQ, 08-Jan-2025,368.45,370.0,375.35,366.0,369.65,369.5,369.6,1425353,5268.13,29950,648275,45.48
2025-01-09,CROMPTON, EQ, 09-Jan-2025,369.5,369.5,371.1,366.3,370.45,370.2,369.47,1415293,5229.05,23659,929634,65.68
2025-01-10,CROMPTON, EQ, 10-Jan-2025,370.2,367.1,369.95,359.0,359.0,359.75,363.09,1129682,4101.81,29853,542781,48.05
2025-01-13,CROMPTON, EQ, 13-Jan-2025,359.75,355.0,356.65,348.25,351.6,353.5,351.86,2441696,8591.47,41789,1346549,55.15
2025-01-14,CROMPTON, EQ, 14-Jan-2025,353.5,351.0,359.55,350.55,358.05,357.2,355.58,2406473,8556.94,27843,1723741,71.63
2025-01-15,CROMPTON, EQ, 15-Jan-2025,357.2,360.75,366.5,355.0,364.5,364.85,363.14,1287013,4673.71,33909,624701,48.54
2025-01-16,CROMPTON, EQ, 16-Jan-2025,364.85,364.85,366.85,359.15,362.0,360.75,362.3,1164981,4220.77,34186,648244,55.64
2025-01-17,CROMPTON, EQ, 17-Jan-2025,360.75,362.55,367.4,358.1,362.8,362.35,362.14,1186492,4296.7,19467,563212,47.47
2025-01-20,CROMPTON, EQ, 20-Jan-2025,362.35,362.35,364.7,355.8,362.1,362.3,360.1,775850,2793.84,21510,255896,32.98
2025-01-21,CROMPTON, EQ, 21-Jan-2025,362.3,361.05,363.0,351.6,353.3,353.15,355.67,1091060,3880.56,16684,495241,45.39
2025-01-22,CROMPTON, EQ, 22-Jan-2025,353.15,352.6,352.7,342.35,347.4,347.0,346.31,1498207,5188.51,43851,920229,61.42
2025-01-23,CROMPTON, EQ, 23-Jan-2025,347.0,344.85,353.8,341.5,350.55,351.15,350.14,2473272,8659.92,36293,1582372,63.98
2025-01-24,CROMPTON, EQ, 24-Jan-2025,351.15,350.0,356.3,338.35,339.6,339.7,344.92,1292811,4459.18,26611,573865,44.39
2025-01-27,CROMPTON, EQ, 27-Jan-2025,339.7,332.55,338.75,332.55,336.75,338.15,336.08,1027798,3454.23,37027,495384,48.2
2025-01-28,CROMPTON, EQ, 28-Jan-2025,338.15,336.75,344.35,331.2,343.5,342.85,339.7,1292617,4391.06,26031,652809,50.5
2025-01-29,CROMPTON, EQ, 29-Jan-2025,342.85,345.45,350.55,343.15,344.0,344.7,345.98,1380280,4775.5,27139,691405,50.09
2025-01-30,CROMPTON, EQ, 30-Jan-2025,344.7,344.7,346.35,339.75,342.35,342.8,342.81,2370446,8126.05,25370,1503904,63.44
2025-01-31,CROMPTON, EQ, 31-Jan-2025,342.8,342.7,348.95,340.2,342.35,343.4,343.99,1761292,6058.67,30960,932616,52.95
2025-02-01,CROMPTON, EQ, 01-Feb-2025,343.4,343.55,373.0,338.85,367.25,370.0,361.22,2292009,8279.25,50273,518916,22.64
2025-02-03,CROMPTON, EQ, 03-Feb-2025,370.0,365.3,372.75,360.1,369.1,368.8,368.26,2251906,8292.83,53150,1005372,44.65
2025-02-04,CROMPTON, EQ, 04-Feb-2025,368.8,368.6,371.5,358.05,362.0,361.4,361.55,1968074,7115.63,39680,1031295,52.4
2025-02-05,CROMPTON, EQ, 05-Feb-2025,361.4,362.0,368.2,359.45,367.0,366.95,366.0,3161288,11570.41,52214,1973741,62.43
2025-02-06,CROMPTON, EQ, 06-Feb-2025,366.95,367.0,368.25,361.05,362.35,362.65,363.59,2066393,7513.19,42174,926794,44.85
2025-02-07,CROMPTON, EQ, 07-Feb-2025,362.65,362.95,366.85,361.6,365.5,365.85,364.76,802225,2926.18,27219,365207,45.52
2025-02-10,CROMPTON, EQ, 10-Feb-2025,365.85,367.5,367.5,347.6,349.2,348.9,350.56,2588396,9073.93,29531,1783040,68.89
2025-02-11,CROMPTON, EQ, 11-Feb-2025,348.9,345.0,352.6,340.75,344.45,343.1,345.36,3469655,11982.8,48768,2002372,57.71
2025-02-12,CROMPTON, EQ, 12-Feb-2025,343.1,339.1,342.6,331.55,339.45,340.0,337.87,2316739,7827.59,38145,1136469,49.05
2025-02-13,CROMPTON, EQ, 13-Feb-2025,340.0,342.0,349.85,334.35,341.75,342.25,342.48,5953915,20390.79,93252,3137220,52.69
2025-02-14,CROMPTON, EQ, 14-Feb-2025,342.25,341.05,341.8,325.85,331.1,330.9,332.9,1895948,6311.63,31326,627722,33.11
2025-02-17,CROMPTON, EQ, 17-Feb-2025,330.9,332.0,335.0,324.6,332.2,332.6,331.3,1974678,6542.19,37936,996004,50.44
2025-02-18,CROMPTON, EQ, 18-Feb-2025,332.6,330.1,333.55,327.0,331.0,331.25,330.36,1780819,5883.09,36912,944524,53.04
2025-02-19,CROMPTON, EQ, 19-Feb-2025,331.25,326.0,333.45,323.45,330.55,329.9,329.54,5713908,18829.76,55833,3685467,64.5
2025-02-20,CROMPTON, EQ, 20-Feb-2025,329.9,328.55,336.6,323.15,336.0,335.45,328.75,4589175,15086.81,63390,2784735,60.68
2025-02-21,CROMPTON, EQ, 21-Feb-2025,335.45,336.65,339.5,326.65,332.45,332.95,333.34,4204269,14014.66,46279,2564923,61.01
2025-02-24,CROMPTON, EQ, 24-Feb-2025,332.95,331.7,333.05,326.2,330.9,330.6,330.27,2178771,7195.89,21667,1280477,58.77
2025-02-25,CROMPTON, EQ, 25-Feb-2025,330.6,330.0,333.8,325.6,331.0,331.5,330.62,2055461,6795.73,38379,1144823,55.7
2025-02-27,CROMPTON, EQ, 27-Feb-2025,331.5,332.95,334.25,322.4,322.75,325.6,327.37,2316594,7583.81,69917,1313045,56.68
2025-02-28,CROMPTON, EQ, 28-Feb-2025,325.6,328.0,330.0,319.35,320.8,321.15,324.06,5491296,17794.95,61693,3041816,55.39
2025-03-03,CROMPTON, EQ, 03-Mar-2025,321.15,321.15,328.75,316.15,328.45,327.85,323.59,2168411,7016.71,45324,1055125,48.66
2025-03-04,CROMPTON, EQ, 04-Mar-2025,327.85,324.0,330.35,319.75,329.8,327.15,327.09,5613607,18361.66,55208,4578435,81.56
2025-03-05,CROMPTON, EQ, 05-Mar-2025,327.15,327.9,347.3,326.3,343.65,344.6,340.93,3040713,10366.78,33583,1522230,50.06
2025-03-06,CROMPTON, EQ, 06-Mar-2025,344.6,344.9,345.85,339.4,343.0,343.15,342.33,4908083,16802.09,57222,2633212,53.65
2025-03-07,CROMPTON, EQ, 07-Mar-2025,343.15,343.0,350.55,341.3,344.0,344.45,346.56,2524809,8750.09,32839,1213523,48.06
2025-03-10,CROMPTON, EQ, 10-Mar-2025,344.45,344.1,349.25,339.65,343.0,345.0,346.08,2240893,7755.26,33062,1293035,57.7
2025-03-11,CROMPTON, EQ, 11-Mar-2025,345.0,339.95,348.0,337.3,347.0,346.0,343.93,1740068,5984.53,25621,1035572,59.51
2025-03-12,CROMPTON, EQ, 12-Mar-2025,346.0,349.65,359.4,347.95,358.3,357.65,353.6,3496657,12364.21,50209,1667316,47.68
2025-03-13,CROMPTON, EQ, 13-Mar-2025,357.65,359.0,359.4,342.55,344.0,344.25,349.65,2415616,8446.2,32219,1331207,55.11
2025-03-17,CROMPTON, EQ, 17-Mar-2025,344.25,347.0,354.3,345.95,352.6,352.9,351.04,3704090,13002.97,37178,2310350,62.37
2025-03-18,CROMPTON, EQ, 18-Mar-2025,352.9,353.8,358.0,352.95,356.9,356.75,355.01,2843298,10093.98,32611,2038776,71.7
2025-03-19,CROMPTON, EQ, 19-Mar-2025,356.75,358.55,364.3,354.05,360.35,360.45,358.43,3063001,10978.62,29324,2029908,66.27
2025-03-20,CROMPTON, EQ, 20-Mar-2025,360.45,360.9,362.5,356.35,359.0,357.5,358.49,1409489,5052.83,24557,734590,52.12
2025-03-21,CROMPTON, EQ, 21-Mar-2025,357.5,357.5,366.25,356.0,362.15,362.85,362.88,1134168,4115.68,18193,592062,52.2
2025-03-24,CROMPTON, EQ, 24-Mar-2025,362.85,363.0,364.95,356.95,363.45,362.2,360.88,953758,3441.91,18438,358214,37.56
2025-03-25,CROMPTON, EQ, 25-Mar-2025,362.2,363.45,364.0,356.3,357.9,358.8,359.07,981855,3525.55,22074,460484,46.9
2025-03-26,CROMPTON, EQ, 26-Mar-2025,358.8,358.0,367.5,354.55,359.35,360.1,362.69,1492943,5414.77,22170,592107,39.66
2025-03-27,CROMPTON, EQ, 27-Mar-2025,360.1,359.8,360.25,350.0,354.65,354.75,354.08,2630637,9314.5,40852,1283832,48.8
2025-03-28,CROMPTON, EQ, 28-Mar-2025,354.75,356.95,357.75,351.25,353.8,353.95,354.12,1694266,5999.74,30397,997148,58.85
2025-04-01,CROMPTON, EQ, 01-Apr-2025,353.95,356.9,359.45,344.25,345.8,345.6,350.11,892954,3126.29,22017,385917,43.22
2025-04-02,CROMPTON, EQ, 02-Apr-2025,345.6,345.6,347.3,338.2,339.0,339.3,340.38,3590929,12222.81,28130,2453879,68.34
2025-04-03,CROMPTON, EQ, 03-Apr-2025,339.3,337.1,340.15,333.25,335.45,335.55,336.09,1776844,5971.72,21905,1012766,57.0
2025-04-04,CROMPTON, EQ, 04-Apr-2025,335.55,336.85,336.85,325.6,329.35,329.3,329.18,1506674,4959.71,22156,779192,51.72
2025-04-07,CROMPTON, EQ, 07-Apr-2025,329.3,305.0,331.9,301.0,330.9,330.3,325.75,2738907,8922.06,55589,1206525,44.05
2025-04-08,CROMPTON, EQ, 08-Apr-2025,330.3,345.6,345.6,331.1,332.5,332.65,334.39,2086692,6977.72,37942,911669,43.69
2025-04-09,CROMPTON, EQ, 09-Apr-2025,332.65,330.1,333.6,325.6,328.85,328.8,328.94,1403719,4617.42,38738,847602,60.38
2025-04-11,CROMPTON, EQ, 11-Apr-2025,328.8,340.95,340.95,331.1,333.6,334.1,334.03,883608,2951.48,18427,528023,59.76
2025-04-15,CROMPTON, EQ, 15-Apr-2025,334.1,336.0,339.7,333.55,337.25,335.6,336.32,3506868,11794.28,30574,2694552,76.84
2025-04-16,CROMPTON, EQ, 16-Apr-2025,335.6,337.4,338.0,332.45,335.0,335.1,334.87,1037134,3473.1,15553,519779,50.12
2025-04-17,CROMPTON, EQ, 17-Apr-2025,335.1,335.0,338.65,331.8,332.2,332.2,335.25,2710533,9087.01,48637,1641375,60.56
2025-04-21,CROMPTON, EQ, 21-Apr-2025,332.2,332.5,340.3,329.85,340.0,339.45,335.34,3398288,11395.92,44529,1901748,55.96
2025-04-22,CROMPTON, EQ, 22-Apr-2025,339.45,342.85,355.5,340.35,352.9,353.15,350.66,3290230,11537.48,43941,1444655,43.91
2025-04-23,CROMPTON, EQ, 23-Apr-2025,353.15,354.5,354.5,339.15,344.4,343.8,343.19,3969521,13622.83,56975,1681654,42.36
2025-04-24,CROMPTON, EQ, 24-Apr-2025,343.8,344.8,345.2,337.1,342.15,342.9,340.97,2530400,8627.99,82768,1399202,55.3
2025-04-25,CROMPTON, EQ, 25-Apr-2025,342.9,344.0,345.2,328.65,334.5,334.85,334.05,2561400,8556.28,53628,1220364,47.64
2025-04-28,CROMPTON, EQ, 28-Apr-2025,334.85,334.5,337.65,331.45,332.95,332.85,333.9,4171642,13929.03,33497,2888446,69.24
2025-04-29,CROMPTON, EQ, 29-Apr-2025,332.85,335.5,341.7,333.0,337.3,336.7,336.55,4568829,15376.33,27305,2848155,62.34
2025-04-30,CROMPTON, EQ, 30-Apr-2025,336.7,341.0,343.15,335.0,336.85,337.3,338.86,3408678,11550.67,37981,1918864,56.29
2025-05-02,CROMPTON, EQ, 02-May-2025,337.3,335.55,337.85,321.0,322.0,322.8,327.96,5779883,18955.95,61404,2911313,50.37
2025-05-05,CROMPTON, EQ, 05-May-2025,322.8,326.0,335.7,323.55,335.05,335.1,330.24,2520825,8324.65,34618,1426680,56.6
2025-05-06,CROMPTON, EQ, 06-May-2025,335.1,337.0,337.15,327.4,328.15,328.25,330.7,2618254,8658.68,32925,1570244,59.97
2025-05-07,CROMPTON, EQ, 07-May-2025,328.25,325.5,334.1,325.2,333.7,333.35,331.08,1268033,4198.18,16191,759490,59.9
2025-05-08,CROMPTON, EQ, 08-May-2025,333.35,333.35,339.5,324.55,325.0,325.95,330.3,1289483,4259.18,20878,662914,51.41
2025-05-09,CROMPTON, EQ, 09-May-2025,325.95,315.0,326.35,315.0,323.25,321.85,321.15,1857511,5965.33,30707,1022898,55.07
2025-05-12,CROMPTON, EQ, 12-May-2025,321.85,332.7,336.5,327.65,335.2,335.5,332.27,1202730,3996.29,22146,547416,45.51
2025-05-13,CROMPTON, EQ, 13-May-2025,335.5,335.0,338.2,329.15,331.35,331.05,332.97,2006779,6682.0,36435,1003685,50.01
2025-05-14,CROMPTON, EQ, 14-May-2025,331.05,334.65,339.45,327.5,331.8,331.4,330.46,4525738,14955.73,48619,2657470,58.72
2025-05-15,CROMPTON, EQ, 15-May-2025,331.4,334.0,334.0,325.3,327.35,327.4,327.81,5076613,16641.78,51668,2737941,53.93
2025-05-16,CROMPTON, EQ, 16-May-2025,327.4,339.35,353.4,338.3,351.5,351.25,345.32,21433849,74014.32,126005,6831962,31.87
2025-05-19,CROMPTON, EQ, 19-May-2025,351.25,356.5,362.75,349.1,351.0,351.35,354.59,4119881,14608.53,41063,1888721,45.84
2025-05-20,CROMPTON, EQ, 20-May-2025,351.35,353.0,353.05,345.25,346.5,345.8,348.33,1769089,6162.23,32620,883091,49.92
2025-05-21,CROMPTON, EQ, 21-May-2025,345.8,348.0,350.35,342.75,348.5,349.05,347.81,2416117,8403.5,33954,1257779,52.06
2025-05-22,CROMPTON, EQ, 22-May-2025,349.05,347.4,348.45,344.35,345.95,346.0,346.16,2855538,9884.76,30933,2316934,81.14
2025-05-23,CROMPTON, EQ, 23-May-2025,346.0,346.0,353.0,343.05,351.1,351.55,350.36,1288725,4515.13,20380,641265,49.76
2025-05-26,CROMPTON, EQ, 26-May-2025,351.55,354.0,359.3,350.55,356.9,356.95,356.82,2735085,9759.25,35247,1513352,55.33
2025-05-27,CROMPTON, EQ, 27-May-2025,356.95,357.5,358.35,352.15,356.85,357.0,355.66,2310356,8217.04,26439,1368788,59.25
2025-05-28,CROMPTON, EQ, 28-May-2025,357.0,358.05,358.25,351.15,352.2,352.65,353.21,1763858,6230.16,23924,930997,52.78
2025-05-29,CROMPTON, EQ, 29-May-2025,352.65,355.35,360.9,350.7,358.95,359.3,356.88,2161524,7714.0,22256,965592,44.67
2025-05-30,CROMPTON, EQ, 30-May-2025,359.3,359.5,360.2,350.85,352.4,352.9,354.01,1555328,5505.95,19806,853250,54.86
2025-06-02,CROMPTON, EQ, 02-Jun-2025,352.9,352.85,355.2,350.0,353.05,354.45,352.57,1371440,4835.33,26240,736464,53.7
2025-06-03,CROMPTON, EQ, 03-Jun-2025,354.45,355.9,355.9,348.5,349.25,349.2,350.29,1416416,4961.55,18907,939153,66.3
2025-06-04,CROMPTON, EQ, 04-Jun-2025,349.2,346.0,350.9,345.2,348.1,347.5,347.76,1607181,5589.11,21023,864739,53.8
2025-06-05,CROMPTON, EQ, 05-Jun-2025,347.5,347.5,351.5,347.1,350.8,350.45,349.82,1783253,6238.18,19917,1109590,62.22
2025-06-06,CROMPTON, EQ, 06-Jun-2025,350.45,351.0,353.45,349.0,352.0,351.65,351.2,965707,3391.56,13631,507319,52.53
2025-06-09,CROMPTON, EQ, 09-Jun-2025,351.65,354.15,356.35,352.7,354.35,354.35,354.46,1168088,4140.4,17502,703394,60.22
2025-06-10,CROMPTON, EQ, 10-Jun-2025,354.35,356.0,356.05,352.15,355.15,355.0,354.48,2238193,7934.04,21359,1760103,78.64
2025-06-11,CROMPTON, EQ, 11-Jun-2025,355.0,355.45,356.9,349.2,352.4,352.55,353.1,1098549,3878.98,23587,624148,56.82
2025-06-12,CROMPTON, EQ, 12-Jun-2025,352.55,351.8,352.9,341.7,344.0,343.75,346.95,3146184,10915.62,29159,2119266,67.36
2025-06-13,CROMPTON, EQ, 13-Jun-2025,343.75,337.0,344.5,336.75,343.95,343.9,342.22,1428304,4887.99,30262,617001,43.2
2025-06-16,CROMPTON, EQ, 16-Jun-2025,343.9,346.7,350.0,343.3,349.55,348.65,346.76,1250147,4335.05,17325,670982,53.67
2025-06-17,CROMPTON, EQ, 17-Jun-2025,348.65,350.0,352.4,347.55,349.0,349.55,350.12,948053,3319.3,16880,514298,54.25
2025-06-18,CROMPTON, EQ, 18-Jun-2025,349.55,347.1,350.5,344.5,347.9,346.65,346.83,1080692,3748.15,22904,705858,65.32
2025-06-19,CROMPTON, EQ, 19-Jun-2025,346.65,347.95,348.5,338.0,339.4,339.55,341.53,968732,3308.49,37428,579869,59.86
2025-06-20,CROMPTON, EQ, 20-Jun-2025,339.55,340.0,345.4,337.8,344.6,344.6,343.0,1462827,5017.46,21967,973204,66.53
2025-06-23,CROMPTON, EQ, 23-Jun-2025,344.6,341.5,349.45,339.25,347.4,347.45,344.66,1503552,5182.21,25946,890895,59.25
2025-06-24,CROMPTON, EQ, 24-Jun-2025,347.45,351.0,352.5,347.25,348.0,348.05,349.09,1648120,5753.48,30703,1029326,62.45
2025-06-25,CROMPTON, EQ, 25-Jun-2025,348.05,350.05,355.75,346.7,355.05,354.85,351.96,2999157,10555.83,31044,2157458,71.94
2025-06-26,CROMPTON, EQ, 26-Jun-2025,354.85,356.6,358.75,350.8,356.8,357.75,354.54,3027870,10735.11,36311,1933573,63.86
2025-06-27,CROMPTON, EQ, 27-Jun-2025,357.75,360.0,362.0,355.65,357.5,357.15,358.83,1948776,6992.75,28926,1117502,57.34
2025-06-30,CROMPTON, EQ, 30-Jun-2025,357.15,359.7,360.4,354.1,355.0,355.15,356.12,1635521,5824.39,23991,800030,48.92
2025-07-01,CROMPTON, EQ, 01-Jul-2025,355.15,355.15,356.1,350.1,350.85,351.25,353.42,2077669,7342.88,25132,1413882,68.05
2025-07-02,CROMPTON, EQ, 02-Jul-2025,351.25,351.25,352.25,344.4,346.95,347.1,347.06,1370449,4756.24,23105,594150,43.35
2025-07-03,CROMPTON, EQ, 03-Jul-2025,347.1,348.0,354.65,345.8,350.5,350.25,349.8,1217394,4258.45,23356,739266,60.73
2025-07-04,CROMPTON, EQ, 04-Jul-2025,350.25,351.25,356.3,350.15,355.0,355.05,354.51,1564163,5545.06,17193,1074757,68.71
2025-07-07,CROMPTON, EQ, 07-Jul-2025,355.05,355.05,358.0,349.15,351.0,351.55,353.13,1110333,3920.86,23293,549261,49.47
2025-07-08,CROMPTON, EQ, 08-Jul-2025,351.55,351.55,351.95,342.4,343.7,343.45,345.26,2596736,8965.4,40116,1429603,55.05
2025-07-09,CROMPTON, EQ, 09-Jul-2025,343.45,343.45,345.75,341.5,343.3,342.8,343.39,963557,3308.77,18653,422711,43.87
2025-07-10,CROMPTON, EQ, 10-Jul-2025,342.8,345.8,345.8,342.0,343.5,343.8,343.72,1421482,4885.98,25849,774624,54.49
2025-07-11,CROMPTON, EQ, 11-Jul-2025,343.8,343.9,343.9,333.5,335.2,335.65,339.07,1663456,5640.31,26752,959915,57.71
2025-07-14,CROMPTON, EQ, 14-Jul-2025,335.65,336.0,339.95,334.75,339.65,338.65,337.5,2419646,8166.35,36511,1658231,68.53
2025-07-15,CROMPTON, EQ, 15-Jul-2025,338.65,339.5,353.15,339.5,352.0,351.85,345.71,3626870,12538.38,41836,2058121,56.75
2025-07-16,CROMPTON, EQ, 16-Jul-2025,351.85,350.0,353.25,347.4,350.5,350.25,349.87,1553436,5434.98,17979,952897,61.34
2025-07-17,CROMPTON, EQ, 17-Jul-2025,350.25,351.0,352.4,348.0,350.0,349.6,349.73,2360948,8257.03,37275,1789314,75.79
2025-07-18,CROMPTON, EQ, 18-Jul-2025,349.6,350.5,351.95,343.2,343.5,343.85,347.22,1798748,6245.69,26037,1092589,60.74
2025-07-21,CROMPTON, EQ, 21-Jul-2025,343.85,344.95,344.95,337.85,341.4,341.15,341.02,1282305,4372.85,25576,755644,58.93
2025-07-22,CROMPTON, EQ, 22-Jul-2025,341.15,341.3,341.5,333.05,336.9,335.95,335.46,3615808,12129.69,50561,1696538,46.92
2025-07-23,CROMPTON, EQ, 23-Jul-2025,335.95,336.95,343.0,334.85,339.85,340.0,338.71,2419048,8193.45,30364,1402529,57.98
2025-07-24,CROMPTON, EQ, 24-Jul-2025,340.0,339.8,339.8,333.2,333.9,334.15,334.93,1276774,4276.34,25572,739002,57.88
2025-07-25,CROMPTON, EQ, 25-Jul-2025,334.15,334.5,334.5,328.0,328.75,328.95,330.02,1536672,5071.34,19694,983686,64.01
2025-07-28,CROMPTON, EQ, 28-Jul-2025,328.95,328.75,333.95,326.8,331.85,331.2,331.2,861761,2854.12,19212,411086,47.7
2025-07-29,CROMPTON, EQ, 29-Jul-2025,331.2,329.0,330.55,325.3,327.9,327.7,327.63,1266410,4149.09,39514,547761,43.25
2025-07-30,CROMPTON, EQ, 30-Jul-2025,327.7,330.45,330.8,320.75,323.8,324.15,323.94,2089982,6770.23,30849,931315,44.56
2025-07-31,CROMPTON, EQ, 31-Jul-2025,324.15,322.95,325.8,320.5,322.65,323.0,323.82,1568950,5080.64,24189,830674,52.94
2025-08-01,CROMPTON, EQ, 01-Aug-2025,323.0,322.6,324.95,320.45,320.45,321.2,322.77,1483613,4788.6,34238,786865,53.04
2025-08-04,CROMPTON, EQ, 04-Aug-2025,321.2,321.8,327.6,319.65,326.6,327.1,323.9,1375813,4456.32,22029,787645,57.25
2025-08-05,CROMPTON, EQ, 05-Aug-2025,327.1,327.1,327.1,321.05,323.0,323.25,322.51,2867169,9246.94,30803,2007541,70.02
2025-08-06,CROMPTON, EQ, 06-Aug-2025,323.25,322.95,324.05,317.6,320.85,319.0,319.46,2591418,8278.5,33661,1563177,60.32
2025-08-07,CROMPTON, EQ, 07-Aug-2025,319.0,319.0,322.75,317.0,317.9,319.35,319.67,2424367,7750.03,40293,999536,41.23
2025-08-08,CROMPTON, EQ, 08-Aug-2025,319.35,315.0,323.0,315.0,318.3,319.7,319.64,3901406,12470.54,45836,2073353,53.14
2025-08-11,CROMPTON, EQ, 11-Aug-2025,319.7,318.1,320.3,314.0,317.5,317.85,317.47,1767812,5612.23,37217,994099,56.23
2025-08-12,CROMPTON, EQ, 12-Aug-2025,317.85,317.85,321.65,315.2,317.15,317.35,317.73,1890781,6007.5,35120,1251298,66.18
2025-08-13,CROMPTON, EQ, 13-Aug-2025,317.35,317.75,321.1,316.75,319.3,318.5,318.42,1579937,5030.81,37076,975933,61.77
2025-08-14,CROMPTON, EQ, 14-Aug-2025,318.5,320.0,324.25,319.4,320.75,319.8,321.45,1246603,4007.19,27959,535798,42.98
2025-08-18,CROMPTON, EQ, 18-Aug-2025,319.8,325.1,329.1,324.15,325.3,325.45,326.78,2116903,6917.72,33050,1091719,51.57
2025-08-19,CROMPTON, EQ, 19-Aug-2025,325.45,325.8,330.7,322.5,330.0,329.5,327.6,1781293,5835.49,25505,1174435,65.93
2025-08-20,CROMPTON, EQ, 20-Aug-2025,329.5,329.9,330.3,326.1,329.15,328.35,327.3,2274711,7445.05,44121,1518964,66.78
2025-08-21,CROMPTON, EQ, 21-Aug-2025,328.35,330.9,330.9,319.95,321.15,320.85,324.19,2354813,7634.17,28020,1385833,58.85
2025-08-22,CROMPTON, EQ, 22-Aug-2025,320.85,320.85,326.0,316.0,316.7,316.7,317.83,2224130,7069.02,25999,1434536,64.5
2025-08-25,CROMPTON, EQ, 25-Aug-2025,316.7,318.2,323.95,316.6,323.3,322.9,321.15,2048986,6580.29,26604,1349835,65.88
2025-08-26,CROMPTON, EQ, 26-Aug-2025,322.9,323.0,327.3,321.25,324.85,324.95,324.9,2854082,9272.9,28770,1920904,67.3
2025-08-28,CROMPTON, EQ, 28-Aug-2025,324.95,324.95,326.3,319.8,323.5,324.05,324.07,1777977,5761.9,22465,1027446,57.79
2025-08-29,CROMPTON, EQ, 29-Aug-2025,324.05,323.05,334.4,323.05,330.05,330.0,330.39,3392084,11207.03,32537,1769086,52.15
2025-09-01,CROMPTON, EQ, 01-Sep-2025,330.0,331.2,336.4,331.05,335.4,335.15,333.75,1345273,4489.82,26868,682421,50.73
2025-09-02,CROMPTON, EQ, 02-Sep-2025,335.15,337.05,337.5,331.25,333.15,333.7,334.64,1224187,4096.59,20117,399187,32.61
2025-09-03,CROMPTON, EQ, 03-Sep-2025,333.7,335.0,335.15,330.7,332.9,332.6,332.7,1280428,4260.0,14586,787677,61.52
2025-09-04,CROMPTON, EQ, 04-Sep-2025,332.6,337.0,337.0,326.5,329.5,327.85,330.2,1544039,5098.41,23660,790608,51.2
2025-09-05,CROMPTON, EQ, 05-Sep-2025,327.85,327.8,329.8,325.25,327.35,327.6,327.74,1589492,5209.38,30760,888191,55.88
2025-09-08,CROMPTON, EQ, 08-Sep-2025,327.6,328.6,335.0,325.25,327.0,327.0,327.33,1199089,3924.97,18686,690355,57.57
2025-09-09,CROMPTON, EQ, 09-Sep-2025,327.0,328.0,328.05,321.0,321.85,321.95,323.14,1939329,6266.77,22300,1190670,61.4
2025-09-10,CROMPTON, EQ, 10-Sep-2025,321.95,324.5,325.4,317.0,318.4,317.8,319.59,3439176,10991.16,27299,2206519,64.16
2025-09-11,CROMPTON, EQ, 11-Sep-2025,317.8,319.0,320.15,314.25,315.95,315.2,316.19,3190684,10088.48,32270,2014483,63.14
2025-09-12,CROMPTON, EQ, 12-Sep-2025,315.2,318.1,318.1,313.55,314.6,314.45,315.59,1571326,4958.95,30773,845088,53.78
2025-09-15,CROMPTON, EQ, 15-Sep-2025,314.45,315.15,319.45,309.6,312.15,311.85,313.44,3227840,10117.36,30761,1533267,47.5
2025-09-16,CROMPTON, EQ, 16-Sep-2025,311.85,312.8,315.0,311.0,314.9,313.95,313.31,1968239,6166.61,53676,1155471,58.71
2025-09-17,CROMPTON, EQ, 17-Sep-2025,313.95,315.6,318.75,313.65,315.0,315.05,316.06,1842251,5822.54,18396,1042290,56.58
2025-09-18,CROMPTON, EQ, 18-Sep-2025,315.05,319.0,319.0,314.7,316.65,316.85,316.79,1630108,5164.05,27338,791974,48.58
2025-09-19,CROMPTON, EQ, 19-Sep-2025,316.85,317.95,317.95,313.0,314.25,313.95,314.58,1453920,4573.71,21169,895878,61.62
2025-09-22,CROMPTON, EQ, 22-Sep-2025,313.95,314.0,314.5,307.1,309.0,308.75,309.98,2438609,7559.25,41303,1561797,64.04
2025-09-23,CROMPTON, EQ, 23-Sep-2025,308.75,309.3,309.6,302.5,305.8,305.35,304.69,2832595,8630.6,31150,1699428,60.0
2025-09-24,CROMPTON, EQ, 24-Sep-2025,305.35,305.05,306.6,299.0,299.5,300.05,302.25,2221061,6713.18,22921,1478580,66.57
2025-09-25,CROMPTON, EQ, 25-Sep-2025,300.05,300.0,300.9,295.4,299.3,299.25,298.46,4969829,14832.97,50803,3349860,67.4
2025-09-26,CROMPTON, EQ, 26-Sep-2025,299.25,299.25,300.05,290.35,293.9,292.6,293.13,5080459,14892.55,36092,3555413,69.98
2025-09-29,CROMPTON, EQ, 29-Sep-2025,292.6,294.9,295.6,292.1,293.95,293.65,293.74,2414846,7093.48,33884,1467893,60.79
2025-09-30,CROMPTON, EQ, 30-Sep-2025,293.65,294.0,295.5,286.0,291.4,291.3,290.85,4550209,13234.38,40468,2730442,60.01
2025-10-01,CROMPTON, EQ, 01-Oct-2025,291.3,291.35,294.55,289.3,293.3,293.1,292.2,2403173,7022.17,33681,1218036,50.68
2025-10-03,CROMPTON, EQ, 03-Oct-2025,293.1,295.0,296.05,292.35,295.0,295.2,294.87,2633199,7764.61,29475,1775259,67.42
2025-10-06,CROMPTON, EQ, 06-Oct-2025,295.2,297.85,297.85,288.1,289.2,289.05,290.38,2671943,7758.66,42690,854745,31.99
2025-10-07,CROMPTON, EQ, 07-Oct-2025,289.05,290.0,291.1,286.1,287.8,287.5,287.89,2004020,5769.46,53741,1015292,50.66
2025-10-08,CROMPTON, EQ, 08-Oct-2025,287.5,289.8,289.8,285.0,285.6,285.95,287.1,3609043,10361.55,25419,2472962,68.52
2025-10-09,CROMPTON, EQ, 09-Oct-2025,285.95,287.4,287.95,283.15,284.75,284.55,284.44,4736898,13473.71,47069,3148813,66.47
2025-10-10,CROMPTON, EQ, 10-Oct-2025,284.55,286.4,290.5,284.8,287.9,287.75,287.83,2686053,7731.31,40973,1342192,49.97
2025-10-13,CROMPTON, EQ, 13-Oct-2025,287.75,288.55,288.55,283.4,285.2,284.5,284.61,2656931,7561.85,35694,1415343,53.27
2025-10-14,CROMPTON, EQ, 14-Oct-2025,284.5,285.2,286.4,278.0,280.75,280.1,280.5,5279016,14807.73,44950,3415713,64.7
2025-10-15,CROMPTON, EQ, 15-Oct-2025,280.1,282.3,288.95,281.35,287.85,288.4,286.21,3813531,10914.71,40598,1761443,46.19
2025-10-16,CROMPTON, EQ, 16-Oct-2025,288.4,290.0,291.35,285.35,289.0,288.6,288.36,2388997,6888.95,21822,1258129,52.66
2025-10-17,CROMPTON, EQ, 17-Oct-2025,288.6,289.0,291.3,286.0,287.5,287.5,288.05,1778582,5123.15,27911,868843,48.85
2025-10-20,CROMPTON, EQ, 20-Oct-2025,287.5,289.05,289.1,285.85,288.25,287.05,286.77,2852534,8180.3,24775,1821800,63.87
2025-10-21,CROMPTON, EQ, 21-Oct-2025,287.05,290.15,290.3,287.6,288.65,288.6,288.68,318168,918.49,6179,199703,62.79
2025-10-23,CROMPTON, EQ, 23-Oct-2025,288.6,290.0,293.05,287.65,291.2,290.95,290.98,2839746,8263.16,29197,1822401,64.17
2025-10-24,CROMPTON, EQ, 24-Oct-2025,290.95,292.75,294.5,289.0,294.05,293.35,291.57,3224313,9401.1,23624,1310200,40.64
2025-10-27,CROMPTON, EQ, 27-Oct-2025,293.35,296.9,296.9,291.5,291.8,292.05,292.96,3112928,9119.77,49354,1614288,51.86
2025-10-28,CROMPTON, EQ, 28-Oct-2025,292.05,292.8,293.0,287.5,289.4,290.3,289.43,4533574,13121.55,23342,3019651,66.61
2025-10-29,CROMPTON, EQ, 29-Oct-2025,290.3,291.45,292.5,288.75,290.75,291.05,290.56,2939138,8540.01,23097,1612422,54.86
2025-10-30,CROMPTON, EQ, 30-Oct-2025,291.05,291.0,291.7,284.7,286.2,286.65,286.8,3894928,11170.54,30736,1832429,47.05
2025-10-31,CROMPTON, EQ, 31-Oct-2025,286.65,286.65,289.3,281.95,282.85,282.7,283.57,4577706,12980.86,33305,3057335,66.79
2025-11-03,CROMPTON, EQ, 03-Nov-2025,282.7,282.7,285.4,280.85,284.0,284.1,282.55,3215109,9084.42,26331,2158742,67.14
2025-11-04,CROMPTON, EQ, 04-Nov-2025,284.1,285.0,286.0,282.4,283.45,283.25,283.21,2340525,6628.64,26600,1755877,75.02
2025-11-06,CROMPTON, EQ, 06-Nov-2025,283.25,283.5,284.35,276.4,277.55,278.55,280.55,2344095,6576.35,32280,1197949,51.1
2025-11-07,CROMPTON, EQ, 07-Nov-2025,278.55,273.0,279.8,269.1,277.5,277.15,274.4,6292556,17266.56,51267,2952262,46.92
2025-11-10,CROMPTON, EQ, 10-Nov-2025,277.15,277.15,286.35,276.05,280.35,280.3,281.62,5652838,15919.65,33503,3254811,57.58
2025-11-11,CROMPTON, EQ, 11-Nov-2025,280.3,280.4,280.95,273.65,279.8,279.1,277.02,2263086,6269.09,28520,1044710,46.16
2025-11-12,CROMPTON, EQ, 12-Nov-2025,279.1,280.15,282.65,278.3,281.5,281.3,280.34,4617350,12944.1,35443,3211639,69.56
2025-11-13,CROMPTON, EQ, 13-Nov-2025,281.3,282.65,282.7,276.35,277.9,278.6,280.21,2083208,5837.28,17226,1116412,53.59
2025-11-14,CROMPTON, EQ, 14-Nov-2025,278.6,278.45,279.6,274.35,276.55,276.15,275.88,3368751,9293.64,26154,2097028,62.25
2025-11-17,CROMPTON, EQ, 17-Nov-2025,276.15,276.15,278.2,273.65,274.9,274.35,275.44,1786175,4919.79,17246,985658,55.18
2025-11-18,CROMPTON, EQ, 18-Nov-2025,274.35,274.45,277.9,271.15,273.5,273.1,273.3,2176991,5949.79,22874,1098759,50.47
2025-11-19,CROMPTON, EQ, 19-Nov-2025,273.1,273.75,275.25,272.8,274.6,274.3,273.95,2675917,7330.63,30263,1672501,62.5
2025-11-20,CROMPTON, EQ, 20-Nov-2025,274.3,275.95,275.95,268.9,269.6,270.0,271.38,2348660,6373.84,25966,1289492,54.9
2025-11-21,CROMPTON, EQ, 21-Nov-2025,270.0,269.95,271.25,265.95,267.35,267.35,268.7,1797104,4828.88,23251,704100,39.18
2025-11-24,CROMPTON, EQ, 24-Nov-2025,267.35,267.95,269.85,265.0,265.35,265.4,266.64,1795957,4788.69,47094,1157109,64.43
2025-11-25,CROMPTON, EQ, 25-Nov-2025,265.4,265.0,265.55,262.15,265.05,265.05,263.99,2618236,6911.9,31931,1127115,43.05
2025-11-26,CROMPTON, EQ, 26-Nov-2025,265.05,265.95,271.85,264.4,268.75,268.35,268.74,2945617,7915.96,30640,1613090,54.76
2025-11-27,CROMPTON, EQ, 27-Nov-2025,268.35,269.05,269.25,266.15,266.9,266.65,267.24,1488268,3977.3,27990,638233,42.88
2025-11-28,CROMPTON, EQ, 28-Nov-2025,266.65,266.75,267.8,264.6,265.6,265.35,265.66,1077848,2863.39,21687,537133,49.83
2025-12-01,CROMPTON, EQ, 01-Dec-2025,265.35,266.0,267.15,261.6,262.9,262.45,263.42,2493309,6567.8,27444,1265059,50.74
2025-12-02,CROMPTON, EQ, 02-Dec-2025,262.45,263.75,264.7,260.25,261.05,260.9,262.2,1457185,3820.67,28911,629688,43.21
2025-12-03,CROMPTON, EQ, 03-Dec-2025,260.9,260.9,261.8,255.25,257.4,255.85,256.5,4895978,12558.16,76652,3064830,62.6
2025-12-04,CROMPTON, EQ, 04-Dec-2025,255.85,255.1,261.8,255.1,258.25,258.9,259.84,1906296,4953.37,23203,729446,38.27
2025-12-05,CROMPTON, EQ, 05-Dec-2025,258.9,260.05,263.35,257.5,260.2,260.1,260.7,2322140,6053.87,27694,1100458,47.39
2025-12-08,CROMPTON, EQ, 08-Dec-2025,260.1,260.1,260.5,251.55,252.3,252.7,254.34,1788625,4549.27,36365,909191,50.83
2025-12-09,CROMPTON, EQ, 09-Dec-2025,252.7,252.3,254.85,250.1,253.2,253.15,252.71,1704967,4308.56,25954,852981,50.03
2025-12-10,CROMPTON, EQ, 10-Dec-2025,253.15,253.5,256.3,249.0,249.7,249.9,252.4,2069091,5222.41,57556,1094014,52.87
2025-12-11,CROMPTON, EQ, 11-Dec-2025,249.9,249.95,252.55,248.4,251.7,251.5,250.93,1659999,4165.37,23184,814893,49.09
2025-12-12,CROMPTON, EQ, 12-Dec-2025,251.5,251.9,255.25,250.3,255.1,254.1,252.57,1205605,3045.04,15970,497371,41.25
2025-12-15,CROMPTON, EQ, 15-Dec-2025,254.1,254.0,254.0,251.2,253.3,253.05,252.66,757160,1913.02,19823,312441,41.26
2025-12-16,CROMPTON, EQ, 16-Dec-2025,253.05,252.8,254.7,251.55,252.55,252.45,253.11,1629647,4124.81,35849,670063,41.12
2025-12-17,CROMPTON, EQ, 17-Dec-2025,252.45,253.15,253.6,248.0,248.45,249.15,250.38,1706218,4271.96,36987,938271,54.99
2025-12-18,CROMPTON, EQ, 18-Dec-2025,249.15,250.6,264.3,250.0,255.2,255.65,259.01,15018319,38898.88,121023,2694607,17.94
2025-12-19,CROMPTON, EQ, 19-Dec-2025,255.65,255.65,256.95,250.75,256.5,255.6,253.7,3766354,9555.18,66767,1500696,39.84
2025-12-22,CROMPTON, EQ, 22-Dec-2025,255.6,259.95,260.6,256.95,258.8,259.1,258.89,3417868,8848.65,33475,1781681,52.13
2025-12-23,CROMPTON, EQ, 23-Dec-2025,259.1,260.9,261.35,257.45,259.1,259.7,259.39,2771302,7188.36,29156,1419061,51.21
2025-12-24,CROMPTON, EQ, 24-Dec-2025,259.7,260.0,261.0,256.75,257.25,257.4,258.0,1650819,4259.04,25933,799383,48.42
2025-12-26,CROMPTON, EQ, 26-Dec-2025,257.4,257.4,259.2,255.75,257.0,256.85,257.49,1421040,3658.99,17803,548583,38.6
2025-12-29,CROMPTON, EQ, 29-Dec-2025,256.85,257.9,258.0,253.8,255.4,255.4,255.25,1235378,3153.35,13391,503617,40.77
2025-12-30,CROMPTON, EQ, 30-Dec-2025,255.4,255.0,255.4,250.6,252.15,251.6,252.09,2674749,6742.88,35239,1467684,54.87
2025-12-31,CROMPTON, EQ, 31-Dec-2025,251.6,252.0,253.6,247.5,252.0,252.25,251.3,3355281,8431.78,32201,1086640,32.39
2026-01-01,CROMPTON, EQ, 01-Jan-2026,252.25,252.3,254.15,248.3,249.35,249.25,250.19,1673462,4186.87,16592,993602,59.37
2026-01-02,CROMPTON, EQ, 02-Jan-2026,249.25,250.0,255.9,247.9,252.0,252.1,252.17,7080593,17854.82,43627,4869250,68.77
2026-01-05,CROMPTON, EQ, 05-Jan-2026,252.1,252.7,260.9,250.5,259.55,259.75,256.51,5740102,14723.98,43783,2649602,46.16
2026-01-06,CROMPTON, EQ, 06-Jan-2026,259.75,260.5,262.85,257.3,260.0,259.9,259.49,3372581,8751.37,28831,1375130,40.77
2026-01-07,CROMPTON, EQ, 07-Jan-2026,259.9,261.0,265.9,259.3,263.95,263.45,262.82,3737947,9823.91,40506,1206638,32.28
2026-01-08,CROMPTON, EQ, 08-Jan-2026,263.45,264.0,266.0,256.75,257.45,257.65,259.9,2677012,6957.43,23787,1293937,48.34
2026-01-09,CROMPTON, EQ, 09-Jan-2026,257.65,257.75,259.05,250.0,251.75,252.35,253.87,3912266,9932.04,33117,1974994,50.48
2026-01-12,CROMPTON, EQ, 12-Jan-2026,252.35,251.5,252.85,247.0,250.75,251.15,250.02,2834350,7086.33,42041,1229337,43.37
2026-01-13,CROMPTON, EQ, 13-Jan-2026,251.15,251.9,253.9,248.15,252.45,252.8,251.23,2258568,5674.28,28831,698060,30.91
2026-01-14,CROMPTON, EQ, 14-Jan-2026,252.8,252.6,256.0,251.65,254.3,254.7,254.19,1388641,3529.8,24673,514408,37.04
2026-01-16,CROMPTON, EQ, 16-Jan-2026,254.7,255.0,256.9,250.0,251.4,251.2,253.64,1899361,4817.58,25257,1000769,52.69
2026-01-19,CROMPTON, EQ, 19-Jan-2026,251.2,251.2,251.35,242.7,243.0,243.2,245.58,2400212,5894.47,54579,1130827,47.11
2026-01-20,CROMPTON, EQ, 20-Jan-2026,243.2,243.35,244.75,232.05,235.0,233.6,238.53,5202703,12409.76,49503,2240996,43.07
2026-01-21,CROMPTON, EQ, 21-Jan-2026,233.6,232.9,235.55,228.85,233.0,232.25,232.06,4280088,9932.56,44148,1686053,39.39
2026-01-22,CROMPTON, EQ, 22-Jan-2026,232.25,235.95,236.4,229.0,230.0,229.65,231.2,3048234,7047.38,34696,1308890,42.94
2026-01-23,CROMPTON, EQ, 23-Jan-2026,229.65,232.8,232.8,223.75,226.1,225.3,227.34,3859058,8773.33,36134,1634558,42.36
2026-01-27,CROMPTON, EQ, 27-Jan-2026,225.3,226.0,226.0,219.5,223.4,222.15,222.38,4314040,9593.55,46570,1880349,43.59
2026-01-28,CROMPTON, EQ, 28-Jan-2026,222.15,222.7,227.15,222.15,225.35,225.4,225.13,4143799,9329.07,43828,2197664,53.04
2026-01-29,CROMPTON, EQ, 29-Jan-2026,225.4,226.9,226.9,218.7,221.4,221.7,221.87,3914866,8685.93,54714,1912236,48.85
2026-01-30,CROMPTON, EQ, 30-Jan-2026,221.7,219.6,222.75,217.4,221.75,221.45,220.82,4231737,9344.62,57137,2625813,62.05
2026-02-01,CROMPTON, EQ, 01-Feb-2026,221.45,222.95,231.86,221.2,225.2,225.9,227.37,3034657,6899.87,30634,854910,28.17
2026-02-02,CROMPTON, EQ, 02-Feb-2026,225.9,226.47,227.0,219.15,226.53,225.41,221.99,3743357,8310.06,34204,1676201,44.78
2026-02-03,CROMPTON, EQ, 03-Feb-2026,225.41,234.97,239.49,229.48,232.5,232.69,234.5,4511140,10578.68,38831,1760987,39.04
2026-02-04,CROMPTON, EQ, 04-Feb-2026,232.69,232.81,246.7,232.1,245.0,244.06,242.47,9631168,23352.38,72368,4006128,41.6
2026-02-05,CROMPTON, EQ, 05-Feb-2026,244.06,245.74,247.84,241.71,247.0,246.63,245.24,3565459,8743.98,26115,1342743,37.66
2026-02-06,CROMPTON, EQ, 06-Feb-2026,246.63,246.95,247.55,241.99,243.9,245.03,244.76,2074085,5076.54,23933,808362,38.97
2026-02-09,CROMPTON, EQ, 09-Feb-2026,245.03,245.06,263.8,243.05,261.1,262.92,256.73,8983263,23062.39,74678,2698352,30.04
2026-02-10,CROMPTON, EQ, 10-Feb-2026,262.92,264.0,269.2,260.6,261.8,261.66,264.62,5938522,15714.71,43829,2613826,44.01
2026-02-11,CROMPTON, EQ, 11-Feb-2026,261.66,261.99,267.25,261.07,265.68,266.04,265.42,2779422,7377.1,40106,1201518,43.23
2026-02-12,CROMPTON, EQ, 12-Feb-2026,266.04,265.0,267.69,261.19,264.32,264.4,263.58,3035533,8001.12,31102,1502776,49.51
2026-02-13,CROMPTON, EQ, 13-Feb-2026,264.4,264.0,269.85,255.9,266.8,267.52,265.61,4504154,11963.34,47681,2095531,46.52
2026-02-16,CROMPTON, EQ, 16-Feb-2026,267.52,268.0,274.25,265.1,274.25,272.66,270.47,5983086,16182.59,38696,3659077,61.16
2026-02-17,CROMPTON, EQ, 17-Feb-2026,272.66,273.0,274.77,268.0,271.0,270.55,271.35,4061488,11020.67,40282,2112294,52.01
2026-02-18,CROMPTON, EQ, 18-Feb-2026,270.55,271.0,273.07,267.5,271.0,272.52,270.9,1942687,5262.78,22727,1038386,53.45
2026-02-19,CROMPTON, EQ, 19-Feb-2026,272.52,273.0,273.0,265.0,265.0,265.9,268.72,1943913,5223.7,19840,871773,44.85
2026-02-20,CROMPTON, EQ, 20-Feb-2026,265.9,265.0,271.57,264.2,266.0,265.43,268.36,1924449,5164.41,23670,732012,38.04
2026-02-23,CROMPTON, EQ, 23-Feb-2026,265.43,269.5,269.5,263.35,264.83,265.46,266.01,1685792,4484.43,33726,648192,38.45
2026-02-24,CROMPTON, EQ, 24-Feb-2026,265.46,263.6,264.91,259.11,262.0,262.43,261.88,1381957,3619.06,27469,620725,44.92
2026-02-25,CROMPTON, EQ, 25-Feb-2026,262.43,264.0,267.6,260.56,262.15,263.3,263.99,1630052,4303.21,19856,526254,32.28
2026-02-26,CROMPTON, EQ, 26-Feb-2026,263.3,263.3,265.41,260.2,261.75,262.5,261.98,1643704,4306.25,19354,944701,57.47
2026-02-27,CROMPTON, EQ, 27-Feb-2026,262.5,262.8,263.73,255.8,256.12,257.85,258.33,2045333,5283.72,37243,1013160,49.54
2026-03-02,CROMPTON, EQ, 02-Mar-2026,257.85,247.0,256.4,246.6,256.4,253.45,251.62,3967184,9982.29,58136,2226795,56.13
2026-03-04,CROMPTON, EQ, 04-Mar-2026,253.45,248.0,248.25,243.15,244.35,245.35,245.24,2658747,6520.41,33257,1242609,46.74
2026-03-05,CROMPTON, EQ, 05-Mar-2026,245.35,247.2,251.1,241.55,250.0,250.1,246.31,1376955,3391.57,23984,504382,36.63
2026-03-06,CROMPTON, EQ, 06-Mar-2026,250.1,249.9,251.65,247.05,248.25,248.0,249.17,961019,2394.57,21649,415205,43.2
2026-03-09,CROMPTON, EQ, 09-Mar-2026,248.0,239.15,244.35,238.75,241.8,241.3,240.93,1559512,3757.4,22427,584559,37.48
2026-03-10,CROMPTON, EQ, 10-Mar-2026,241.3,243.05,247.1,242.1,245.6,245.25,244.92,1169549,2864.52,18471,510854,43.68
2026-03-11,CROMPTON, EQ, 11-Mar-2026,245.25,245.8,249.5,245.25,247.85,247.5,247.69,1348965,3341.25,20586,507366,37.61
2026-03-12,CROMPTON, EQ, 12-Mar-2026,247.5,248.0,254.5,243.0,246.15,247.2,248.58,2440630,6066.93,34279,920355,37.71
2026-03-13,CROMPTON, EQ, 13-Mar-2026,247.2,246.6,247.85,239.0,245.1,246.25,244.62,3034305,7422.38,47551,1490753,49.13
2026-03-16,CROMPTON, EQ, 16-Mar-2026,246.25,246.0,248.8,240.15,245.35,247.15,243.84,1630711,3976.39,20157,499758,30.65
2026-03-17,CROMPTON, EQ, 17-Mar-2026,247.15,248.45,252.0,245.5,248.75,248.65,248.55,1547555,3846.4,22221,468212,30.25
2026-03-18,CROMPTON, EQ, 18-Mar-2026,248.65,249.5,254.0,248.65,250.65,250.15,250.83,1599160,4011.23,22489,736922,46.08
2026-03-19,CROMPTON, EQ, 19-Mar-2026,250.15,248.95,248.95,241.1,243.0,242.45,243.61,1685619,4106.27,28677,795285,47.18
2026-03-20,CROMPTON, EQ, 20-Mar-2026,242.45,244.05,247.75,242.45,243.1,243.15,244.64,1174291,2872.79,17386,481443,41.0
2026-03-23,CROMPTON, EQ, 23-Mar-2026,243.15,241.8,241.8,230.35,232.5,233.2,233.95,2243916,5249.75,46674,998542,44.5
2026-03-24,CROMPTON, EQ, 24-Mar-2026,233.2,236.0,239.7,231.8,237.0,237.55,236.81,2417807,5725.72,40105,1095889,45.33
2026-03-25,CROMPTON, EQ, 25-Mar-2026,237.55,238.0,245.8,238.0,243.25,242.55,242.83,1968484,4780.11,24506,821947,41.76
2026-03-27,CROMPTON, EQ, 27-Mar-2026,242.55,240.75,241.9,231.5,232.0,232.3,234.55,2344761,5499.68,67123,1138863,48.57
2026-03-30,CROMPTON, EQ, 30-Mar-2026,232.3,230.0,230.05,222.15,224.3,223.6,225.69,4419666,9974.66,73066,2329201,52.7
2026-04-01,CROMPTON, EQ, 01-Apr-2026,223.6,228.7,233.31,228.0,231.25,232.59,231.67,2989782,6926.43,34276,1337762,44.74
2026-04-02,CROMPTON, EQ, 02-Apr-2026,232.59,228.01,232.8,224.85,232.2,231.91,229.44,2043088,4687.6,33125,1014524,49.66
2026-04-06,CROMPTON, EQ, 06-Apr-2026,231.91,231.98,236.32,226.66,235.49,235.18,232.15,1828702,4245.31,34981,715685,39.14
2026-04-07,CROMPTON, EQ, 07-Apr-2026,235.18,233.0,235.48,230.33,234.0,234.56,233.57,2440115,5699.3,38527,1236759,50.68
2026-04-08,CROMPTON, EQ, 08-Apr-2026,234.56,242.0,248.8,240.0,245.5,246.05,245.93,3871701,9521.65,38222,1823932,47.11
2026-04-09,CROMPTON, EQ, 09-Apr-2026,246.05,246.05,246.36,236.24,238.0,237.9,239.6,4764822,11416.43,56552,2199484,46.16
2026-04-10,CROMPTON, EQ, 10-Apr-2026,237.9,239.6,242.75,237.34,241.9,241.72,240.75,2995165,7210.73,44010,1251618,41.79
2026-04-13,CROMPTON, EQ, 13-Apr-2026,241.72,236.3,240.73,234.22,238.1,237.67,238.3,1952501,4652.83,22966,694519,35.57
2026-04-15,CROMPTON, EQ, 15-Apr-2026,237.67,241.5,251.38,241.49,247.1,247.95,247.13,3545223,8761.15,36125,1618951,45.67
2026-04-16,CROMPTON, EQ, 16-Apr-2026,247.95,252.38,262.1,249.05,261.5,260.97,256.5,8988325,23055.13,63336,3447275,38.35
2026-04-17,CROMPTON, EQ, 17-Apr-2026,260.97,263.0,263.5,258.51,262.02,261.45,261.12,4340724,11334.46,60165,1726069,39.76
2026-04-20,CROMPTON, EQ, 20-Apr-2026,261.45,262.36,266.94,256.15,259.93,261.22,263.09,5611186,14762.72,47263,2952740,52.62
2026-04-21,CROMPTON, EQ, 21-Apr-2026,261.22,263.98,265.57,258.0,258.52,258.65,260.95,1785812,4660.13,33207,716342,40.11
2026-04-22,CROMPTON, EQ, 22-Apr-2026,258.65,258.0,262.85,257.1,260.9,261.37,260.28,2999029,7805.84,36480,1602347,53.43
2026-04-23,CROMPTON, EQ, 23-Apr-2026,261.37,261.01,261.01,250.21,253.93,253.39,254.32,5335493,13569.1,49994,1880246,35.24
2026-04-24,CROMPTON, EQ, 24-Apr-2026,253.39,254.63,257.0,248.31,250.0,250.23,251.48,2472229,6217.16,33671,1216589,49.21
2026-04-27,CROMPTON, EQ, 27-Apr-2026,250.23,253.0,259.83,252.1,257.7,258.68,257.21,2660391,6842.66,32127,1101111,41.39
2026-04-28,CROMPTON, EQ, 28-Apr-2026,258.68,258.67,272.5,256.5,269.02,269.63,266.9,11443201,30542.02,98553,4960117,43.35
2026-04-29,CROMPTON, EQ, 29-Apr-2026,269.63,270.9,280.89,269.63,275.61,276.01,276.33,17813850,49225.84,190391,7894203,44.31
2026-04-30,CROMPTON, EQ, 30-Apr-2026,276.01,272.4,275.09,266.0,270.8,272.36,270.96,6912508,18730.04,66047,3021380,43.71
2026-05-04,CROMPTON, EQ, 04-May-2026,272.36,273.0,280.0,270.3,277.55,277.95,275.49,5096674,14040.65,44657,2383634,46.77
2026-05-05,CROMPTON, EQ, 05-May-2026,277.95,277.05,278.3,273.3,276.9,275.5,275.58,4168821,11488.62,39032,2324149,55.75
2026-05-06,CROMPTON, EQ, 06-May-2026,275.5,277.0,286.9,276.1,282.0,284.05,283.31,8247404,23365.36,85052,3513401,42.6
2026-05-07,CROMPTON, EQ, 07-May-2026,284.05,284.6,292.95,283.25,291.0,290.75,289.57,6870435,19894.55,67911,2595563,37.78
2026-05-08,CROMPTON, EQ, 08-May-2026,290.75,290.9,299.15,289.35,293.15,293.3,294.19,8477610,24940.32,74316,4173377,49.23
2026-05-11,CROMPTON, EQ, 11-May-2026,293.3,290.2,292.9,285.7,290.2,290.2,290.31,3478542,10098.47,42341,1258360,36.17
2026-05-12,CROMPTON, EQ, 12-May-2026,290.2,290.0,290.2,280.3,285.2,282.05,284.22,5419634,15403.86,58003,2226139,41.08
2026-05-13,CROMPTON, EQ, 13-May-2026,282.05,282.25,287.65,280.0,284.0,284.8,284.57,6086493,17320.36,72154,2158825,35.47
2026-05-14,CROMPTON, EQ, 14-May-2026,284.8,286.4,293.5,280.35,288.65,288.95,288.14,12392861,35708.45,111678,4999854,40.34
2026-05-15,CROMPTON, EQ, 15-May-2026,288.95,289.0,310.5,284.0,301.8,301.95,300.87,18051421,54312.07,144577,5580133,30.91
2026-05-18,CROMPTON, EQ, 18-May-2026,301.95,298.8,298.8,288.15,294.5,293.3,292.56,4483026,13115.76,56541,1822591,40.66
2026-05-19,CROMPTON, EQ, 19-May-2026,293.3,295.0,297.7,290.5,293.0,293.6,294.84,2924150,8621.6,44296,1325244,45.32
2026-05-20,CROMPTON, EQ, 20-May-2026,293.6,289.15,292.9,287.15,289.8,290.6,290.43,1877603,5453.11,23227,748634,39.87
2026-05-21,CROMPTON, EQ, 21-May-2026,290.6,291.9,293.95,289.6,292.5,291.85,291.75,1355199,3953.78,17192,564294,41.64
2026-05-22,CROMPTON, EQ, 22-May-2026,291.85,292.3,299.9,291.0,294.55,294.75,296.06,2218686,6568.59,26638,655942,29.56
2026-05-25,CROMPTON, EQ, 25-May-2026,294.75,296.8,298.25,292.55,293.9,293.5,295.37,1618146,4779.55,17533,595408,36.8
2026-05-26,CROMPTON, EQ, 26-May-2026,293.5,293.5,293.6,288.0,289.5,289.05,289.9,1511338,4381.3,17674,422919,27.98
2026-05-27,CROMPTON, EQ, 27-May-2026,289.05,288.1,290.95,287.75,288.0,288.25,289.14,793176,2293.39,11560,348035,43.88
2026-05-29,CROMPTON, EQ, 29-May-2026,288.25,288.0,292.6,272.3,280.6,281.15,284.99,2676816,7628.6,29696,1303976,48.71
2026-06-01,CROMPTON, EQ, 01-Jun-2026,281.15,281.8,283.85,271.95,274.0,273.4,275.43,2685777,7397.38,26670,1127699,41.99
2026-06-02,CROMPTON, EQ, 02-Jun-2026,273.4,271.3,275.2,269.05,273.0,273.45,272.46,2056612,5603.47,25695,933062,45.37
2026-06-03,CROMPTON, EQ, 03-Jun-2026,273.45,273.5,273.75,269.05,273.35,272.65,271.48,1201742,3262.52,20119,530151,44.12
2026-06-04,CROMPTON, EQ, 04-Jun-2026,272.65,273.6,275.65,267.85,269.9,269.3,270.69,4315290,11681.11,30889,2632851,61.01
2026-06-05,CROMPTON, EQ, 05-Jun-2026,269.3,270.05,272.3,264.4,268.0,266.6,267.35,4744279,12683.66,48942,2464016,51.94
2026-06-08,CROMPTON, EQ, 08-Jun-2026,266.6,264.15,264.75,255.25,256.0,256.9,260.12,1586530,4126.96,26544,695571,43.84
2026-06-09,CROMPTON, EQ, 09-Jun-2026,256.9,257.3,264.25,257.3,260.2,260.45,260.83,1823528,4756.37,20678,858576,47.08
2026-06-10,CROMPTON, EQ, 10-Jun-2026,260.45,261.0,262.3,254.0,255.2,254.65,257.23,2749733,7073.25,28707,1625120,59.1
2026-06-11,CROMPTON, EQ, 11-Jun-2026,254.65,254.65,257.15,251.75,255.0,253.0,253.66,1842660,4674.11,24050,891085,48.36
2026-06-12,CROMPTON, EQ, 12-Jun-2026,253.0,256.65,259.0,252.2,255.9,256.2,255.55,4820290,12318.33,30549,2570603,53.33
2026-06-15,CROMPTON, EQ, 15-Jun-2026,256.2,260.45,269.0,258.75,266.0,266.05,265.3,2951333,7830.02,43966,1426814,48.34
2026-06-16,CROMPTON, EQ, 16-Jun-2026,266.05,267.0,269.2,261.1,265.0,264.7,264.66,1219108,3226.44,19586,643749,52.8
2026-06-17,CROMPTON, EQ, 17-Jun-2026,264.7,266.0,276.9,266.0,276.0,275.9,273.72,3805049,10415.31,41994,1189786,31.27
2026-06-18,CROMPTON, EQ, 18-Jun-2026,275.9,277.0,278.85,273.1,277.0,277.1,275.79,3355298,9253.54,31020,1495715,44.58
2026-06-19,CROMPTON, EQ, 19-Jun-2026,277.1,276.7,277.45,272.1,276.0,275.25,274.86,1569459,4313.85,19714,703797,44.84
2026-06-22,CROMPTON, EQ, 22-Jun-2026,275.25,276.5,281.5,274.6,276.85,276.25,277.5,4571523,12686.08,50454,2418151,52.9
2026-06-23,CROMPTON, EQ, 23-Jun-2026,276.25,276.25,276.25,271.35,271.8,272.45,273.06,2443656,6672.55,24766,1254347,51.33
2026-06-24,CROMPTON, EQ, 24-Jun-2026,272.45,272.0,276.75,270.0,275.2,275.25,273.27,2054612,5614.67,23366,952582,46.36
2026-06-25,CROMPTON, EQ, 25-Jun-2026,275.25,276.5,278.55,273.6,274.7,275.3,276.46,3048811,8428.65,32871,1656370,54.33
2026-06-29,CROMPTON, EQ, 29-Jun-2026,275.3,275.9,277.6,269.55,273.05,273.5,272.56,4588967,12507.75,41381,2174578,47.39
2026-06-30,CROMPTON, EQ, 30-Jun-2026,273.5,276.25,277.45,270.25,274.6,274.75,273.91,3171260,8686.55,35370,1312366,41.38
2026-07-01,CROMPTON, EQ, 01-Jul-2026,274.75,274.5,280.0,268.7,270.25,269.45,271.3,3430449,9306.75,32564,2034270,59.3
2026-07-02,CROMPTON, EQ, 02-Jul-2026,269.45,272.0,275.0,270.0,274.1,274.15,272.4,2853488,7772.93,28715,1586409,55.6
2026-07-03,CROMPTON, EQ, 03-Jul-2026,274.15,274.9,275.5,270.0,270.1,270.8,272.12,889475,2420.44,13199,400787,45.06
2026-07-06,CROMPTON, EQ, 06-Jul-2026,270.8,270.55,275.25,269.5,272.4,272.3,272.52,1360160,3706.75,23028,682194,50.16
2026-07-07,CROMPTON, EQ, 07-Jul-2026,272.3,273.0,273.0,266.05,268.2,268.5,268.31,1256746,3371.97,25317,523817,41.68
2026-07-08,CROMPTON, EQ, 08-Jul-2026,268.5,266.45,268.0,256.5,259.0,258.9,261.82,1941108,5082.29,27255,910240,46.89
2026-07-09,CROMPTON, EQ, 09-Jul-2026,258.9,262.0,265.2,257.8,259.25,259.0,260.07,1877083,4881.8,23799,1061785,56.57
2026-07-10,CROMPTON, EQ, 10-Jul-2026,259.0,260.0,264.55,260.0,261.6,261.7,262.42,1978921,5193.11,35473,1180515,59.65
2026-07-13,CROMPTON, EQ, 13-Jul-2026,261.7,261.75,263.0,259.0,262.0,261.8,261.72,4132466,10815.33,36667,2588932,62.65
2026-07-14,CROMPTON, EQ, 14-Jul-2026,261.8,261.95,263.75,257.05,260.7,261.0,260.51,3432777,8942.7,30979,1862806,54.27
2026-07-15,CROMPTON, EQ, 15-Jul-2026,261.0,261.0,262.45,257.85,259.85,259.55,260.98,2178136,5684.58,30055,1284634,58.98
2026-07-16,CROMPTON, EQ, 16-Jul-2026,259.55,260.85,264.35,258.95,259.55,260.3,260.48,3505606,9131.46,65879,2105172,60.05
2026-07-17,CROMPTON, EQ, 17-Jul-2026,260.3,260.0,260.25,255.55,256.0,256.5,257.36,1557455,4008.33,41985,698898,44.87
2026-07-20,CROMPTON, EQ, 20-Jul-2026,256.5,256.7,266.95,254.8,261.85,262.1,262.22,4001031,10491.45,38777,1813444,45.32
2026-07-21,CROMPTON, EQ, 21-Jul-2026,262.1,262.0,262.55,257.9,258.45,258.4,259.1,1493265,3869.07,24211,672868,45.06
2026-07-22,CROMPTON, EQ, 22-Jul-2026,258.4,258.0,259.1,251.9,255.95,255.7,254.17,3784342,9618.76,43226,2065630,54.58
2026-07-23,CROMPTON, EQ, 23-Jul-2026,255.7,254.0,255.05,250.8,252.05,252.45,252.69,3256992,8230.25,43097,1832429,56.26
2026-07-24,CROMPTON, EQ, 24-Jul-2026,252.45,249.55,251.45,240.2,251.0,250.15,246.47,4490954,11068.76,63701,1532897,34.13
2026-07-27,CROMPTON, EQ, 27-Jul-2026,250.15,252.1,252.15,248.05,249.0,249.1,249.49,2359921,5887.72,30409,1327807,56.26
2026-07-28,CROMPTON, EQ, 28-Jul-2026,249.1,249.1,250.0,244.8,247.8,247.4,246.49,2095634,5165.44,18878,1020062,48.68
2026-07-29,CROMPTON, EQ, 29-Jul-2026,247.4,247.7,266.5,247.7,265.0,264.25,260.66,6188364,16130.71,56798,1917280,30.98
2026-07-30,CROMPTON, EQ, 30-Jul-2026,264.25,264.2,266.2,258.4,260.0,260.3,260.99,2147388,5604.37,27178,969751,45.16
2026-07-31,CROMPTON, EQ, 31-Jul-2026,260.3,260.45,263.9,258.15,260.25,260.2,260.13,2921974,7601.03,23620,1944712,66.55
2026-08-03,CROMPTON, EQ, 03-Aug-2026,260.2,261.5,268.8,260.8,266.3,266.3,265.91,1873396,4981.57,27339,651093,34.75
2026-08-04,CROMPTON, EQ, 04-Aug-2026,266.3,266.5,271.0,263.1,263.1,263.1,267.53,1865616,4991.17,22768,732882,39.28
2026-08-05,CROMPTON, EQ, 05-Aug-2026,263.1,264.45,270.2,264.45,266.1,266.1,267.89,1531707,4103.28,18435,746830,48.76
2026-08-06,CROMPTON, EQ, 06-Aug-2026,266.1,267.4,270.55,265.7,270.0,270.0,268.34,2143916,5752.94,21318,1063074,49.59
2026-08-07,CROMPTON, EQ, 07-Aug-2026,270.0,270.0,270.0,248.3,249.95,249.95,252.54,22616837,57117.3,133185,8519067,37.67
2026-08-10,CROMPTON, EQ, 10-Aug-2026,249.95,249.95,252.2,246.05,247.55,247.55,248.31,3970755,9859.59,42822,1394152,35.11
2026-08-11,CROMPTON, EQ, 11-Aug-2026,247.55,248.7,249.0,244.4,245.4,245.4,246.34,1599469,3940.1,22825,656346,41.04
2026-08-12,CROMPTON, EQ, 12-Aug-2026,245.4,246.0,248.35,241.55,247.85,247.85,244.72,1952319,4777.7,20867,686384,35.16
2026-08-13,CROMPTON, EQ, 13-Aug-2026,247.85,247.9,249.25,245.1,248.15,248.15,247.3,1237589,3060.51,20837,543877,43.95
2026-08-14,CROMPTON, EQ, 14-Aug-2026,248.15,245.1,248.5,243.15,248.3,248.3,245.81,1750971,4303.98,27373,621085,35.47
2026-08-17,CROMPTON, EQ, 17-Aug-2026,248.3,248.05,249.4,245.1,246.5,246.5,246.35,848001,2089.07,12362,353594,41.7
2026-08-18,CROMPTON, EQ, 18-Aug-2026,246.5,245.3,245.75,242.95,244.8,244.8,244.03,1305455,3185.69,15792,512530,39.26
2026-08-19,CROMPTON, EQ, 19-Aug-2026,244.8,245.0,247.1,242.05,245.5,245.5,244.61,2206730,5397.82,22915,1085016,49.17
2026-08-20,CROMPTON, EQ, 20-Aug-2026,245.5,246.0,255.25,246.0,252.0,252.0,251.51,4143736,10421.92,37494,1793829,43.29
2026-08-21,CROMPTON, EQ, 21-Aug-2026,252.0,256.0,259.0,247.85,252.0,252.0,253.44,13394000,33945.33,63650,7423712,55.43
