Date,SYMBOL,SERIES,DATE1,PREV_CLOSE,OPEN_PRICE,HIGH_PRICE,LOW_PRICE,LAST_PRICE,CLOSE_PRICE,AVG_PRICE,TTL_TRD_QNTY,TURNOVER_LACS,NO_OF_TRADES,DELIV_QTY,DELIV_PER,SECTOR
2019-08-23,GRASIM, EQ, 23-Aug-2019,688.55,691.4,740.0,680.05,720.0,719.45,715.51,3098860,22172.62,63341,636035,20.52,Cement
2019-10-01,GRASIM, EQ, 01-Oct-2019,730.1,736.8,736.8,690.0,693.5,693.15,702.82,3452533,24265.05,69983,1614686,46.77,Cement
2019-10-03,GRASIM, EQ, 03-Oct-2019,693.15,691.0,695.95,670.0,676.25,679.65,682.3,3048990,20803.3,102216,1114749,36.56,Cement
2019-10-04,GRASIM, EQ, 04-Oct-2019,679.65,677.35,681.75,650.05,651.05,654.4,664.01,3253162,21601.29,81480,872656,26.82,Cement
2019-10-07,GRASIM, EQ, 07-Oct-2019,654.4,654.4,654.4,633.6,646.05,649.0,645.56,2397704,15478.54,46021,513288,21.41,Cement
2019-10-09,GRASIM, EQ, 09-Oct-2019,649.0,650.0,677.9,642.9,675.0,670.4,663.3,2386332,15828.54,47830,346921,14.54,Cement
2019-10-10,GRASIM, EQ, 10-Oct-2019,670.4,680.0,726.85,680.0,695.0,696.6,698.22,7589225,52989.65,127899,2756557,36.32,Cement
2019-10-11,GRASIM, EQ, 11-Oct-2019,696.6,696.1,705.8,688.0,692.0,691.4,695.8,1699910,11828.03,30336,275062,16.18,Cement
2019-10-14,GRASIM, EQ, 14-Oct-2019,691.4,693.95,707.9,688.0,699.5,698.65,700.39,1646833,11534.26,26320,447685,27.18,Cement
2019-10-15,GRASIM, EQ, 15-Oct-2019,698.65,699.55,706.15,691.1,702.5,703.7,700.56,939647,6582.83,17777,191495,20.38,Cement
2019-10-16,GRASIM, EQ, 16-Oct-2019,703.7,708.1,734.45,708.1,728.15,730.85,727.34,2820075,20511.43,67468,614785,21.8,Cement
2019-10-17,GRASIM, EQ, 17-Oct-2019,730.85,728.15,730.85,712.0,725.5,724.55,720.3,1876216,13514.45,42257,278413,14.84,Cement
2019-10-18,GRASIM, EQ, 18-Oct-2019,724.55,725.5,749.0,718.3,746.0,746.5,736.31,2263929,16669.63,37393,617868,27.29,Cement
2019-10-22,GRASIM, EQ, 22-Oct-2019,746.5,745.95,772.0,742.45,755.0,756.05,761.49,2174300,16557.14,47547,419539,19.3,Cement
2019-10-23,GRASIM, EQ, 23-Oct-2019,756.05,755.0,755.0,735.3,741.0,743.15,744.99,1147367,8547.81,33369,272879,23.78,Cement
2019-10-24,GRASIM, EQ, 24-Oct-2019,743.15,743.0,743.0,663.45,697.7,705.6,700.58,7394585,51804.89,135760,1798346,24.32,Cement
2019-10-25,GRASIM, EQ, 25-Oct-2019,705.6,699.95,716.8,689.1,711.0,709.95,705.38,2914804,20560.49,48461,453999,15.58,Cement
2019-10-27,GRASIM, EQ, 27-Oct-2019,709.95,711.5,715.75,694.0,703.1,703.0,700.77,588272,4122.44,12247,91399,15.54,Cement
2019-10-29,GRASIM, EQ, 29-Oct-2019,703.0,699.05,720.9,687.9,717.1,714.75,709.16,2908854,20628.3,57960,662176,22.76,Cement
2019-10-30,GRASIM, EQ, 30-Oct-2019,714.75,725.45,741.3,714.7,740.1,734.95,728.3,2260375,16462.22,44489,386543,17.1,Cement
2019-10-31,GRASIM, EQ, 31-Oct-2019,734.95,740.1,774.9,735.85,770.0,768.75,758.31,3856582,29244.74,63277,787408,20.42,Cement
2019-11-01,GRASIM, EQ, 01-Nov-2019,768.75,768.7,798.0,763.6,778.4,775.7,780.53,4557725,35574.28,75050,893427,19.6,Cement
2019-11-04,GRASIM, EQ, 04-Nov-2019,775.7,784.45,795.9,780.0,784.5,783.8,787.13,2504708,19715.41,46079,666631,26.62,Cement
2019-11-05,GRASIM, EQ, 05-Nov-2019,783.8,785.0,795.0,759.55,769.0,768.6,774.16,2742795,21233.64,55055,494809,18.04,Cement
2019-11-06,GRASIM, EQ, 06-Nov-2019,768.6,770.0,782.6,761.0,772.8,773.25,772.76,1903692,14711.02,31433,547638,28.77,Cement
2019-11-07,GRASIM, EQ, 07-Nov-2019,773.25,778.0,782.0,771.4,777.9,777.85,776.77,1133781,8806.87,21973,327530,28.89,Cement
2019-11-08,GRASIM, EQ, 08-Nov-2019,777.85,775.4,785.9,770.0,773.75,774.0,777.09,1346108,10460.42,27389,209312,15.55,Cement
2019-11-11,GRASIM, EQ, 11-Nov-2019,774.0,770.0,771.75,755.25,762.9,767.1,763.75,1627591,12430.73,29004,267525,16.44,Cement
2019-11-13,GRASIM, EQ, 13-Nov-2019,767.1,760.0,768.85,736.25,739.0,739.55,751.55,2160990,16240.86,38408,490139,22.68,Cement
2019-11-14,GRASIM, EQ, 14-Nov-2019,739.55,713.1,756.85,712.0,738.0,733.95,735.41,4263295,31352.79,78756,649948,15.25,Cement
2019-11-15,GRASIM, EQ, 15-Nov-2019,733.95,735.0,768.0,724.8,756.35,755.15,750.95,4573144,34341.9,75012,920231,20.12,Cement
2019-11-18,GRASIM, EQ, 18-Nov-2019,755.15,750.0,785.9,750.0,768.0,769.5,774.25,4178751,32353.85,71727,536207,12.83,Cement
2019-11-19,GRASIM, EQ, 19-Nov-2019,769.5,775.0,793.5,772.0,789.0,786.15,780.58,3857258,30108.92,54290,893022,23.15,Cement
2019-11-20,GRASIM, EQ, 20-Nov-2019,786.15,791.0,801.0,781.0,788.05,789.65,789.25,3157623,24921.48,49980,1030560,32.64,Cement
2019-11-21,GRASIM, EQ, 21-Nov-2019,789.65,795.3,797.0,775.3,777.4,778.95,782.31,1794807,14040.97,29872,337543,18.81,Cement
2019-11-22,GRASIM, EQ, 22-Nov-2019,778.95,778.4,796.9,770.25,792.1,793.2,785.04,1457907,11445.09,26608,238108,16.33,Cement
2019-11-25,GRASIM, EQ, 25-Nov-2019,793.2,794.0,824.9,792.2,822.45,822.9,811.74,3719171,30190.01,59032,544345,14.64,Cement
2019-11-26,GRASIM, EQ, 26-Nov-2019,822.9,822.9,825.25,784.05,787.0,791.05,799.57,3919231,31336.86,72247,1295780,33.06,Cement
2019-11-27,GRASIM, EQ, 27-Nov-2019,791.05,787.0,802.8,785.0,787.65,788.1,794.07,1863654,14798.74,32590,286416,15.37,Cement
2019-11-28,GRASIM, EQ, 28-Nov-2019,788.1,791.9,802.7,783.05,800.45,800.15,794.41,2148249,17065.98,38254,518335,24.13,Cement
2019-11-29,GRASIM, EQ, 29-Nov-2019,800.15,796.0,809.0,784.45,786.2,787.05,795.11,2199611,17489.22,39262,396114,18.01,Cement
2019-12-02,GRASIM, EQ, 02-Dec-2019,787.05,810.0,822.0,802.25,805.0,807.25,811.89,5088611,41314.14,80524,748355,14.71,Cement
2019-12-03,GRASIM, EQ, 03-Dec-2019,807.25,805.0,805.0,779.05,781.05,782.3,788.12,2450605,19313.75,44583,607025,24.77,Cement
2019-12-04,GRASIM, EQ, 04-Dec-2019,782.3,781.05,790.65,775.55,783.65,785.4,783.39,1612350,12630.92,41695,330472,20.5,Cement
2019-12-05,GRASIM, EQ, 05-Dec-2019,785.4,780.0,789.85,766.9,770.9,769.3,778.27,1750196,13621.24,26944,335727,19.18,Cement
2019-12-06,GRASIM, EQ, 06-Dec-2019,769.3,775.0,779.65,764.1,766.1,768.0,771.85,1707058,13175.95,31792,171504,10.05,Cement
2019-12-09,GRASIM, EQ, 09-Dec-2019,768.0,771.0,774.0,762.35,765.9,766.3,767.92,1209386,9287.13,30651,323432,26.74,Cement
2019-12-10,GRASIM, EQ, 10-Dec-2019,766.3,766.0,782.0,764.7,770.6,770.2,775.47,2100125,16285.74,40592,228720,10.89,Cement
2019-12-11,GRASIM, EQ, 11-Dec-2019,770.2,770.2,774.6,759.5,768.2,767.4,765.49,1340370,10260.43,35768,251689,18.78,Cement
2019-12-12,GRASIM, EQ, 12-Dec-2019,767.4,772.1,779.0,769.55,776.0,774.2,774.46,993437,7693.76,23802,280576,28.24,Cement
2019-12-13,GRASIM, EQ, 13-Dec-2019,774.2,776.05,787.6,774.75,782.2,782.3,782.17,1454897,11379.75,29204,377878,25.97,Cement
2019-12-16,GRASIM, EQ, 16-Dec-2019,782.3,780.0,783.2,761.4,763.75,763.1,768.51,1543113,11858.95,44053,352084,22.82,Cement
2019-12-17,GRASIM, EQ, 17-Dec-2019,763.1,765.8,772.95,756.85,769.4,768.8,767.02,1825062,13998.54,34264,485100,26.58,Cement
2019-12-18,GRASIM, EQ, 18-Dec-2019,768.8,773.6,776.4,751.5,754.5,754.2,759.61,1674043,12716.13,36207,461945,27.59,Cement
2019-12-19,GRASIM, EQ, 19-Dec-2019,754.2,754.9,760.6,736.55,741.8,742.95,743.91,3571680,26569.96,52139,931304,26.07,Cement
2019-12-20,GRASIM, EQ, 20-Dec-2019,742.95,743.5,748.05,740.95,744.0,745.6,745.44,1606946,11978.75,33439,625965,38.95,Cement
2019-12-23,GRASIM, EQ, 23-Dec-2019,745.6,744.0,753.0,735.0,743.0,742.35,742.72,2488969,18486.1,38324,868926,34.91,Cement
2019-12-24,GRASIM, EQ, 24-Dec-2019,742.35,746.0,749.0,737.15,738.5,738.5,741.4,1481308,10982.36,27221,401512,27.11,Cement
2019-12-26,GRASIM, EQ, 26-Dec-2019,738.5,739.6,745.8,734.0,734.0,736.75,740.35,1298363,9612.48,21771,381807,29.41,Cement
2019-12-27,GRASIM, EQ, 27-Dec-2019,736.75,737.5,744.0,735.6,739.3,739.75,739.88,1054753,7803.92,20514,391343,37.1,Cement
2019-12-30,GRASIM, EQ, 30-Dec-2019,739.75,742.0,745.9,732.8,736.35,736.75,737.61,1307872,9647.03,20058,399678,30.56,Cement
2019-12-31,GRASIM, EQ, 31-Dec-2019,736.75,737.0,746.1,732.9,745.0,743.65,740.29,1683709,12464.37,30417,613492,36.44,Cement
2020-01-01,GRASIM, EQ, 01-Jan-2020,743.65,746.8,747.4,738.6,742.7,742.5,742.83,685313,5090.74,11402,47464,6.93,Cement
2020-01-02,GRASIM, EQ, 02-Jan-2020,742.5,742.0,768.5,741.0,765.3,766.35,759.06,2413731,18321.55,35565,415238,17.2,Cement
2020-01-03,GRASIM, EQ, 03-Jan-2020,766.35,769.95,769.95,751.5,756.45,756.65,759.61,1411458,10721.52,24417,283619,20.09,Cement
2020-01-06,GRASIM, EQ, 06-Jan-2020,756.65,755.4,755.8,735.0,735.0,737.0,741.97,957541,7104.66,18763,200062,20.89,Cement
2020-01-07,GRASIM, EQ, 07-Jan-2020,737.0,738.2,756.0,735.5,742.3,742.3,743.67,1104012,8210.25,19977,150669,13.65,Cement
2020-01-08,GRASIM, EQ, 08-Jan-2020,742.3,735.4,749.9,733.6,742.7,742.65,743.64,1312487,9760.18,20705,198427,15.12,Cement
2020-01-09,GRASIM, EQ, 09-Jan-2020,742.65,752.95,761.3,750.05,755.2,757.3,756.4,1471931,11133.76,27280,541953,36.82,Cement
2020-01-10,GRASIM, EQ, 10-Jan-2020,757.3,756.8,766.5,751.0,755.4,756.25,758.37,1261460,9566.53,22582,320599,25.41,Cement
2020-01-13,GRASIM, EQ, 13-Jan-2020,756.25,757.0,765.0,757.0,761.4,759.6,761.58,832679,6341.52,13743,165586,19.89,Cement
2020-01-14,GRASIM, EQ, 14-Jan-2020,759.6,762.8,767.9,753.1,759.9,759.9,760.6,1186220,9022.35,24735,287194,24.21,Cement
2020-01-15,GRASIM, EQ, 15-Jan-2020,759.9,758.0,769.0,747.5,767.9,766.4,756.72,1516061,11472.34,22328,487311,32.14,Cement
2020-01-16,GRASIM, EQ, 16-Jan-2020,766.4,767.35,771.0,753.1,755.9,756.05,760.86,1037376,7892.99,20850,245865,23.7,Cement
2020-01-17,GRASIM, EQ, 17-Jan-2020,756.05,715.0,772.0,711.0,767.9,768.25,757.21,4918914,37246.49,77808,875366,17.8,Cement
2020-01-20,GRASIM, EQ, 20-Jan-2020,768.25,767.6,777.5,762.45,772.4,772.8,771.14,1575278,12147.53,27949,263802,16.75,Cement
2020-01-21,GRASIM, EQ, 21-Jan-2020,772.8,779.0,781.1,763.45,770.0,771.65,770.36,1661273,12797.71,26036,419972,25.28,Cement
2020-01-22,GRASIM, EQ, 22-Jan-2020,771.65,770.85,799.0,767.1,792.0,792.9,787.36,3081732,24264.3,48288,570777,18.52,Cement
2020-01-23,GRASIM, EQ, 23-Jan-2020,792.9,785.0,811.95,783.0,809.6,808.9,802.94,2587185,20773.44,42901,447300,17.29,Cement
2020-01-24,GRASIM, EQ, 24-Jan-2020,808.9,808.0,824.4,795.95,821.55,822.0,816.24,1925862,15719.67,33434,326181,16.94,Cement
2020-01-27,GRASIM, EQ, 27-Jan-2020,822.0,815.0,836.9,810.0,811.35,813.1,824.3,2808890,23153.79,46281,619977,22.07,Cement
2020-01-28,GRASIM, EQ, 28-Jan-2020,813.1,817.5,823.85,797.25,810.0,808.9,813.6,1783600,14511.3,39452,429487,24.08,Cement
2020-01-29,GRASIM, EQ, 29-Jan-2020,808.9,814.0,822.85,800.0,804.2,802.3,814.83,1833108,14936.7,30512,654094,35.68,Cement
2020-01-30,GRASIM, EQ, 30-Jan-2020,802.3,809.0,809.0,787.25,791.0,791.25,794.77,1325227,10532.46,25394,408912,30.86,Cement
2020-01-31,GRASIM, EQ, 31-Jan-2020,791.25,793.1,797.95,775.55,777.5,778.9,783.81,1299292,10184.04,24847,359229,27.65,Cement
2020-02-01,GRASIM, EQ, 01-Feb-2020,778.9,775.0,789.75,754.55,761.2,759.4,770.45,1136808,8758.52,18436,359143,31.59,Cement
2020-02-03,GRASIM, EQ, 03-Feb-2020,759.4,759.0,783.0,750.25,777.0,780.4,768.16,1534961,11790.94,45570,500173,32.59,Cement
2020-02-04,GRASIM, EQ, 04-Feb-2020,780.4,780.05,796.35,780.05,792.8,793.7,790.2,1071567,8467.52,20505,126966,11.85,Cement
2020-02-05,GRASIM, EQ, 05-Feb-2020,793.7,793.7,802.1,788.05,798.45,799.9,795.11,1058399,8415.39,29763,325804,30.78,Cement
2020-02-06,GRASIM, EQ, 06-Feb-2020,799.9,802.4,806.65,793.3,799.5,801.0,800.9,1217580,9751.58,31723,339473,27.88,Cement
2020-02-07,GRASIM, EQ, 07-Feb-2020,801.0,801.0,803.6,785.55,786.5,787.65,793.05,1082529,8584.99,17016,283669,26.2,Cement
2020-02-10,GRASIM, EQ, 10-Feb-2020,787.65,787.0,789.7,752.0,753.85,757.55,766.09,4243828,32511.36,65425,1020588,24.05,Cement
2020-02-11,GRASIM, EQ, 11-Feb-2020,757.55,760.0,769.0,754.1,758.8,759.3,760.05,3381311,25699.54,84051,1461027,43.21,Cement
2020-02-12,GRASIM, EQ, 12-Feb-2020,759.3,762.1,774.45,754.5,755.4,755.35,763.38,1845607,14089.0,31588,540885,29.31,Cement
2020-02-13,GRASIM, EQ, 13-Feb-2020,755.35,755.35,764.95,745.3,754.5,752.25,755.03,1877016,14171.98,27887,646259,34.43,Cement
2020-02-14,GRASIM, EQ, 14-Feb-2020,752.25,754.5,770.85,737.1,741.05,743.05,753.99,3399473,25631.59,54660,511041,15.03,Cement
2020-02-17,GRASIM, EQ, 17-Feb-2020,743.05,743.0,750.0,733.5,737.3,737.4,740.78,1516432,11233.36,26980,416833,27.49,Cement
2020-02-18,GRASIM, EQ, 18-Feb-2020,737.4,737.35,741.2,715.55,723.55,723.9,723.96,1750918,12675.91,28809,480559,27.45,Cement
2020-02-19,GRASIM, EQ, 19-Feb-2020,723.9,730.0,759.75,726.3,755.8,757.15,746.77,2067868,15442.28,40522,304053,14.7,Cement
2020-02-20,GRASIM, EQ, 20-Feb-2020,757.15,750.0,767.8,745.9,750.75,751.3,757.1,2128575,16115.52,34299,550299,25.85,Cement
2020-02-24,GRASIM, EQ, 24-Feb-2020,751.3,748.0,748.0,722.2,723.55,724.9,733.18,2357961,17288.21,56686,1105399,46.88,Cement
2020-02-25,GRASIM, EQ, 25-Feb-2020,724.9,727.0,732.9,715.1,720.45,720.4,722.86,2272073,16423.95,34787,724786,31.9,Cement
2020-02-26,GRASIM, EQ, 26-Feb-2020,720.4,718.0,722.2,700.0,700.0,702.8,707.06,2841126,20088.54,39543,1019337,35.88,Cement
2020-02-27,GRASIM, EQ, 27-Feb-2020,702.8,702.8,717.5,686.0,710.4,712.85,699.48,3350636,23436.88,58319,840705,25.09,Cement
2020-02-28,GRASIM, EQ, 28-Feb-2020,712.85,687.0,707.5,684.0,686.0,687.2,695.44,4389931,30529.49,61459,1963047,44.72,Cement
2020-03-02,GRASIM, EQ, 02-Mar-2020,687.2,701.0,701.5,657.3,669.0,668.45,685.47,2245349,15391.19,38861,601034,26.77,Cement
2020-03-03,GRASIM, EQ, 03-Mar-2020,668.45,671.0,704.6,671.0,702.5,700.05,687.49,3350249,23032.54,39033,1231087,36.75,Cement
2020-03-04,GRASIM, EQ, 04-Mar-2020,700.05,702.5,708.8,682.0,689.0,689.5,692.35,2842415,19679.5,41222,999253,35.16,Cement
2020-03-05,GRASIM, EQ, 05-Mar-2020,689.5,692.8,695.5,678.0,681.0,680.3,684.11,2162532,14794.09,28350,649139,30.02,Cement
2020-03-06,GRASIM, EQ, 06-Mar-2020,680.3,650.0,670.9,645.0,663.3,665.05,661.76,1694832,11215.64,34451,737807,43.53,Cement
2020-03-09,GRASIM, EQ, 09-Mar-2020,665.05,648.0,654.0,625.3,635.0,634.6,636.89,2775879,17679.39,70846,1313766,47.33,Cement
2020-03-11,GRASIM, EQ, 11-Mar-2020,634.6,635.0,640.5,616.0,625.1,625.25,625.74,2989772,18708.29,69478,1317808,44.08,Cement
2020-03-12,GRASIM, EQ, 12-Mar-2020,625.25,609.75,610.0,555.0,564.9,559.85,572.46,4760006,27249.12,69235,2027342,42.59,Cement
2020-03-13,GRASIM, EQ, 13-Mar-2020,559.85,537.6,631.65,505.0,607.0,604.95,582.69,6184972,36039.46,111301,3173310,51.31,Cement
2020-03-16,GRASIM, EQ, 16-Mar-2020,604.95,580.0,599.5,559.0,575.0,576.9,581.23,2976559,17300.74,55018,1190993,40.01,Cement
2020-03-17,GRASIM, EQ, 17-Mar-2020,576.9,571.3,585.65,553.25,556.35,555.65,566.76,2995383,16976.66,63189,1260491,42.08,Cement
2020-03-18,GRASIM, EQ, 18-Mar-2020,555.65,568.0,568.0,492.4,541.0,527.05,528.72,6838559,36156.8,149220,3009471,44.01,Cement
2020-03-19,GRASIM, EQ, 19-Mar-2020,527.05,481.0,518.8,481.0,492.0,491.05,501.97,3899814,19576.08,70440,1757980,45.08,Cement
2020-03-20,GRASIM, EQ, 20-Mar-2020,491.05,495.0,564.7,488.05,543.55,529.4,520.89,3034742,15807.53,52836,1290585,42.53,Cement
2020-03-23,GRASIM, EQ, 23-Mar-2020,529.4,481.3,500.0,397.05,435.95,433.25,427.73,4474891,19140.27,81529,2627236,58.71,Cement
2020-03-24,GRASIM, EQ, 24-Mar-2020,433.25,436.0,457.9,393.0,400.0,400.1,417.65,2985330,12468.19,68144,1085669,36.37,Cement
2020-03-25,GRASIM, EQ, 25-Mar-2020,400.1,390.0,458.7,385.05,442.0,451.35,429.57,4196785,18028.3,66420,1312249,31.27,Cement
2020-03-26,GRASIM, EQ, 26-Mar-2020,451.35,439.95,484.0,423.95,468.0,471.4,456.98,3960528,18098.96,64466,1396695,35.27,Cement
2020-03-27,GRASIM, EQ, 27-Mar-2020,471.4,472.05,493.8,446.85,463.0,460.9,469.73,2020718,9491.98,42770,423251,20.95,Cement
2020-03-30,GRASIM, EQ, 30-Mar-2020,460.9,448.0,476.5,438.2,453.9,450.5,457.54,1991654,9112.69,37910,559016,28.07,Cement
2020-03-31,GRASIM, EQ, 31-Mar-2020,450.5,463.4,479.75,453.6,478.0,476.1,468.99,1801288,8447.91,37049,664232,36.88,Cement
2020-04-01,GRASIM, EQ, 01-Apr-2020,476.1,477.9,484.3,452.6,469.0,476.15,469.46,2120320,9954.1,44212,670634,31.63,Cement
2020-04-03,GRASIM, EQ, 03-Apr-2020,476.15,473.5,477.7,451.2,453.1,454.7,465.79,1470237,6848.25,47308,290777,19.78,Cement
2020-04-07,GRASIM, EQ, 07-Apr-2020,454.7,478.0,522.9,463.0,522.9,518.55,491.22,2632290,12930.32,67176,991708,37.67,Cement
2020-04-08,GRASIM, EQ, 08-Apr-2020,518.55,512.5,532.5,500.4,510.0,512.6,514.38,2402047,12355.63,55365,569592,23.71,Cement
2020-04-09,GRASIM, EQ, 09-Apr-2020,512.6,529.0,547.45,513.0,529.0,530.55,530.48,2490529,13211.7,46551,851959,34.21,Cement
2020-04-13,GRASIM, EQ, 13-Apr-2020,530.55,530.55,561.0,510.0,548.0,544.5,538.23,3263002,17562.3,45541,1250810,40.42,Cement
2020-04-15,GRASIM, EQ, 15-Apr-2020,544.5,558.9,572.85,530.15,535.1,535.4,552.9,2125336,11750.96,52698,485808,22.86,Cement
2020-04-16,GRASIM, EQ, 16-Apr-2020,535.4,530.0,557.0,523.05,545.75,543.75,543.67,3595017,19545.01,62193,2014607,56.04,Cement
2020-04-17,GRASIM, EQ, 17-Apr-2020,543.75,560.0,563.0,533.35,543.0,545.55,548.17,2730995,14970.55,49581,741070,27.14,Cement
2020-04-20,GRASIM, EQ, 20-Apr-2020,545.55,548.25,552.9,519.4,522.25,521.65,534.7,3106055,16608.2,52201,637851,20.54,Cement
2020-04-21,GRASIM, EQ, 21-Apr-2020,521.65,514.85,517.3,503.5,510.95,509.55,509.69,2588715,13194.32,41680,1177166,45.47,Cement
2020-04-22,GRASIM, EQ, 22-Apr-2020,509.55,511.0,513.3,502.45,509.45,510.4,508.34,2324747,11817.72,33837,1060968,45.64,Cement
2020-04-23,GRASIM, EQ, 23-Apr-2020,510.4,515.0,517.85,498.7,500.8,500.45,505.86,2040914,10324.16,44023,612351,30.0,Cement
2020-04-24,GRASIM, EQ, 24-Apr-2020,500.45,492.0,501.9,484.75,499.0,499.05,494.3,2550107,12605.24,43835,725773,28.46,Cement
2020-04-27,GRASIM, EQ, 27-Apr-2020,499.05,504.9,510.7,492.3,498.0,498.25,500.54,1758839,8803.63,34544,293347,16.68,Cement
2020-04-28,GRASIM, EQ, 28-Apr-2020,498.25,506.95,511.5,493.8,496.85,497.45,501.37,2120094,10629.49,37021,474646,22.39,Cement
2020-04-29,GRASIM, EQ, 29-Apr-2020,497.45,500.0,504.9,495.55,499.55,501.95,501.11,1399170,7011.42,28971,546786,39.08,Cement
2020-04-30,GRASIM, EQ, 30-Apr-2020,501.95,505.0,515.0,501.3,507.95,504.9,508.46,6535679,33231.3,107773,3178157,48.63,Cement
2020-05-04,GRASIM, EQ, 04-May-2020,504.9,493.0,494.95,476.35,480.15,479.05,483.47,3307728,15991.94,52771,1360403,41.13,Cement
2020-05-05,GRASIM, EQ, 05-May-2020,479.05,485.0,487.8,469.25,472.25,471.45,476.19,1729054,8233.66,40015,529416,30.62,Cement
2020-05-06,GRASIM, EQ, 06-May-2020,471.45,475.0,486.0,469.2,485.0,482.4,477.8,1889011,9025.72,40703,524496,27.77,Cement
2020-05-07,GRASIM, EQ, 07-May-2020,482.4,482.4,491.95,476.4,482.35,485.2,483.7,1737010,8401.98,36748,455196,26.21,Cement
2020-05-08,GRASIM, EQ, 08-May-2020,485.2,489.8,492.8,482.75,485.3,486.3,486.86,1445957,7039.72,23496,282564,19.54,Cement
2020-05-11,GRASIM, EQ, 11-May-2020,486.3,489.2,512.5,484.75,506.2,504.45,500.59,3897466,19510.39,79292,1253530,32.16,Cement
2020-05-12,GRASIM, EQ, 12-May-2020,504.45,502.7,521.0,492.1,517.8,517.95,506.22,3110556,15746.12,56896,587821,18.9,Cement
2020-05-13,GRASIM, EQ, 13-May-2020,517.95,550.0,550.0,519.05,523.0,522.95,527.3,2701200,14243.41,58643,717819,26.57,Cement
2020-05-14,GRASIM, EQ, 14-May-2020,522.95,518.0,528.6,508.25,510.5,511.4,515.1,1932695,9955.37,31747,369383,19.11,Cement
2020-05-15,GRASIM, EQ, 15-May-2020,511.4,514.25,519.85,509.9,515.35,517.85,514.66,1378960,7097.02,26237,206220,14.95,Cement
2020-05-18,GRASIM, EQ, 18-May-2020,517.85,515.5,515.5,494.1,496.1,495.8,501.79,2667966,13387.63,33182,973861,36.5,Cement
2020-05-19,GRASIM, EQ, 19-May-2020,495.8,498.2,521.0,495.05,515.0,511.85,511.52,3286809,16812.53,39537,1461917,44.48,Cement
2020-05-20,GRASIM, EQ, 20-May-2020,511.85,511.0,538.95,507.0,536.55,536.85,527.26,2851359,15034.19,51359,531537,18.64,Cement
2020-05-21,GRASIM, EQ, 21-May-2020,536.85,536.85,536.95,521.55,525.95,526.95,527.41,1998009,10537.77,38415,495214,24.79,Cement
2020-05-22,GRASIM, EQ, 22-May-2020,526.95,523.9,534.95,513.1,530.05,532.35,525.43,1745301,9170.41,30088,252507,14.47,Cement
2020-05-26,GRASIM, EQ, 26-May-2020,532.35,535.0,544.4,527.85,534.95,532.65,538.79,3988184,21487.95,42432,2023189,50.73,Cement
2020-05-27,GRASIM, EQ, 27-May-2020,532.65,535.0,569.6,529.05,567.5,566.65,553.29,4735287,26199.8,73948,824296,17.41,Cement
2020-05-28,GRASIM, EQ, 28-May-2020,566.65,568.0,581.65,557.25,575.0,576.5,571.34,3317882,18956.44,54912,767016,23.12,Cement
2020-05-29,GRASIM, EQ, 29-May-2020,576.5,590.3,602.0,577.0,585.0,589.2,590.16,5956568,35153.28,91864,1520323,25.52,Cement
2020-06-01,GRASIM, EQ, 01-Jun-2020,589.2,592.5,600.0,580.05,580.05,583.5,591.74,2553932,15112.66,60177,699933,27.41,Cement
2020-06-02,GRASIM, EQ, 02-Jun-2020,583.5,583.0,601.35,575.55,596.0,596.35,591.35,2670475,15791.73,46214,314641,11.78,Cement
2020-06-03,GRASIM, EQ, 03-Jun-2020,596.35,600.55,610.0,592.35,595.0,597.8,600.86,2426418,14579.44,46834,609374,25.11,Cement
2020-06-04,GRASIM, EQ, 04-Jun-2020,597.8,597.0,611.0,582.85,605.0,605.1,595.49,1644045,9790.2,35797,257075,15.64,Cement
2020-06-05,GRASIM, EQ, 05-Jun-2020,605.1,611.6,630.7,609.5,630.0,627.15,621.98,3133694,19490.93,87437,348685,11.13,Cement
2020-06-08,GRASIM, EQ, 08-Jun-2020,627.15,635.0,644.4,613.75,616.4,617.15,630.27,2746758,17311.88,40890,608846,22.17,Cement
2020-06-09,GRASIM, EQ, 09-Jun-2020,617.15,623.1,635.8,606.7,610.85,611.9,623.0,2082895,12976.52,42317,470047,22.57,Cement
2020-06-10,GRASIM, EQ, 10-Jun-2020,611.9,612.0,626.0,610.1,617.1,614.75,618.05,1790630,11066.91,35542,215322,12.02,Cement
2020-06-11,GRASIM, EQ, 11-Jun-2020,614.75,618.0,626.0,582.55,594.3,590.6,609.59,2497985,15227.49,52415,333017,13.33,Cement
2020-06-12,GRASIM, EQ, 12-Jun-2020,590.6,568.2,606.2,568.2,602.8,601.95,592.83,2102241,12462.65,36932,329851,15.69,Cement
2020-06-15,GRASIM, EQ, 15-Jun-2020,601.95,610.0,610.85,577.1,584.5,581.9,584.68,2915600,17046.79,44400,1070729,36.72,Cement
2020-06-16,GRASIM, EQ, 16-Jun-2020,581.9,598.0,604.5,580.2,589.1,589.1,593.95,1808264,10740.21,35409,202552,11.2,Cement
2020-06-17,GRASIM, EQ, 17-Jun-2020,589.1,587.1,597.7,580.8,582.7,583.85,590.5,1157292,6833.86,23601,145914,12.61,Cement
2020-06-18,GRASIM, EQ, 18-Jun-2020,583.85,583.0,602.85,578.3,599.45,598.1,594.09,1801699,10703.7,33039,400164,22.21,Cement
2020-06-19,GRASIM, EQ, 19-Jun-2020,598.1,598.0,603.7,593.55,596.65,601.25,600.05,2619830,15720.23,52791,1223461,46.7,Cement
2020-06-22,GRASIM, EQ, 22-Jun-2020,601.25,603.9,628.85,587.0,621.0,617.6,608.58,5878056,35772.68,94161,1565659,26.64,Cement
2020-06-23,GRASIM, EQ, 23-Jun-2020,617.6,622.6,634.35,613.05,625.5,622.35,622.61,3182056,19811.9,55387,762624,23.97,Cement
2020-06-24,GRASIM, EQ, 24-Jun-2020,622.35,626.0,633.45,598.5,616.3,613.65,616.97,2442387,15068.74,50664,712594,29.18,Cement
2020-06-25,GRASIM, EQ, 25-Jun-2020,613.65,610.95,626.55,604.05,607.45,607.45,615.03,2089589,12851.5,39387,378183,18.1,Cement
2020-06-26,GRASIM, EQ, 26-Jun-2020,607.45,612.9,626.35,610.0,615.9,616.15,619.3,1760688,10903.88,29212,242953,13.8,Cement
2020-06-29,GRASIM, EQ, 29-Jun-2020,616.15,613.75,624.45,598.5,621.1,619.25,611.4,2010341,12291.14,35235,572776,28.49,Cement
2020-06-30,GRASIM, EQ, 30-Jun-2020,619.25,625.25,628.75,611.3,617.05,619.7,620.99,1629140,10116.77,33197,394248,24.2,Cement
2020-07-01,GRASIM, EQ, 01-Jul-2020,619.7,619.8,625.95,612.15,614.05,614.35,618.56,1397405,8643.82,22152,324154,23.2,Cement
2020-07-02,GRASIM, EQ, 02-Jul-2020,614.35,614.95,631.55,614.95,617.25,617.95,622.37,2502223,15573.12,40013,291238,11.64,Cement
2020-07-03,GRASIM, EQ, 03-Jul-2020,617.95,623.8,630.0,613.5,629.9,628.15,623.62,2066551,12887.49,34768,626986,30.34,Cement
2020-07-06,GRASIM, EQ, 06-Jul-2020,628.15,633.0,653.4,629.1,642.35,641.15,644.05,4059725,26146.58,68958,771901,19.01,Cement
2020-07-07,GRASIM, EQ, 07-Jul-2020,641.15,641.15,642.9,621.3,622.75,623.65,627.14,2156495,13524.16,47827,490450,22.74,Cement
2020-07-08,GRASIM, EQ, 08-Jul-2020,623.65,628.0,631.85,605.3,609.9,608.5,617.4,2391585,14765.62,41520,819409,34.26,Cement
2020-07-09,GRASIM, EQ, 09-Jul-2020,608.5,612.0,622.75,609.95,618.9,616.65,616.23,1625411,10016.32,32235,278828,17.15,Cement
2020-07-10,GRASIM, EQ, 10-Jul-2020,616.65,616.65,619.9,597.1,611.0,611.45,608.13,2693900,16382.39,44973,330507,12.27,Cement
2020-07-13,GRASIM, EQ, 13-Jul-2020,611.45,614.4,617.95,607.55,611.85,611.75,613.13,1715549,10518.54,28398,358250,20.88,Cement
2020-07-14,GRASIM, EQ, 14-Jul-2020,611.75,612.45,613.85,593.85,597.6,596.7,603.15,1751163,10562.21,35099,585721,33.45,Cement
2020-07-15,GRASIM, EQ, 15-Jul-2020,596.7,602.45,607.0,586.35,591.0,588.9,596.32,1913825,11412.55,46792,544793,28.47,Cement
2020-07-16,GRASIM, EQ, 16-Jul-2020,588.9,592.0,593.0,580.0,582.0,583.05,583.59,1509705,8810.56,39914,554753,36.75,Cement
2020-07-17,GRASIM, EQ, 17-Jul-2020,583.05,584.5,595.4,583.0,594.0,592.1,590.12,2172029,12817.49,47112,1027503,47.31,Cement
2020-07-20,GRASIM, EQ, 20-Jul-2020,592.1,598.0,611.4,593.35,600.5,603.15,604.22,2286607,13816.18,81763,599227,26.21,Cement
2020-07-21,GRASIM, EQ, 21-Jul-2020,603.15,605.0,616.5,601.9,604.8,603.1,609.57,1942569,11841.33,39976,410978,21.16,Cement
2020-07-22,GRASIM, EQ, 22-Jul-2020,603.1,607.0,612.0,594.0,601.65,601.8,604.47,1742700,10534.04,31972,332349,19.07,Cement
2020-07-23,GRASIM, EQ, 23-Jul-2020,601.8,605.3,611.8,597.0,598.5,598.25,602.09,1206960,7267.02,30139,348667,28.89,Cement
2020-07-24,GRASIM, EQ, 24-Jul-2020,598.25,596.8,596.8,581.6,582.65,582.7,586.22,1250674,7331.69,28405,385524,30.83,Cement
2020-07-27,GRASIM, EQ, 27-Jul-2020,582.7,585.0,585.0,568.45,570.55,570.8,573.89,2216687,12721.43,41844,641579,28.94,Cement
2020-07-28,GRASIM, EQ, 28-Jul-2020,570.8,572.8,597.95,565.0,597.0,596.25,579.21,5603716,32457.11,82007,2807292,50.1,Cement
2020-07-29,GRASIM, EQ, 29-Jul-2020,596.25,600.0,621.85,599.35,614.3,616.3,614.43,6086161,37394.95,79335,1415420,23.26,Cement
2020-07-30,GRASIM, EQ, 30-Jul-2020,616.3,614.15,625.1,601.15,602.0,602.95,613.23,2509512,15388.98,47762,408666,16.28,Cement
2020-07-31,GRASIM, EQ, 31-Jul-2020,602.95,606.35,636.9,602.0,633.0,633.05,623.89,4750804,29639.81,71736,870550,18.32,Cement
2020-08-03,GRASIM, EQ, 03-Aug-2020,633.05,630.0,642.75,621.65,633.4,633.5,634.14,2546157,16146.26,39217,421072,16.54,Cement
2020-08-04,GRASIM, EQ, 04-Aug-2020,633.5,635.4,639.75,622.2,626.8,624.65,628.89,2062493,12970.74,40625,562769,27.29,Cement
2020-08-05,GRASIM, EQ, 05-Aug-2020,624.65,624.7,643.6,621.7,633.2,633.45,635.99,2496920,15880.24,41664,267054,10.7,Cement
2020-08-06,GRASIM, EQ, 06-Aug-2020,633.45,636.0,646.5,629.0,635.9,634.2,638.48,2303382,14706.66,43786,419427,18.21,Cement
2020-08-07,GRASIM, EQ, 07-Aug-2020,634.2,634.0,641.9,628.25,636.95,636.55,635.2,2226682,14143.91,50488,554744,24.91,Cement
2020-08-10,GRASIM, EQ, 10-Aug-2020,636.55,640.0,643.35,627.7,632.15,634.05,634.92,1925213,12223.62,35754,435197,22.61,Cement
2020-08-11,GRASIM, EQ, 11-Aug-2020,634.05,635.0,640.95,619.05,624.0,624.25,628.86,2061530,12964.09,48002,489254,23.73,Cement
2020-08-12,GRASIM, EQ, 12-Aug-2020,624.25,620.0,629.0,615.1,627.35,626.15,623.72,2142592,13363.86,32949,845531,39.46,Cement
2020-08-13,GRASIM, EQ, 13-Aug-2020,626.15,631.8,638.0,621.5,627.1,631.85,629.17,3037090,19108.44,48289,749539,24.68,Cement
2020-08-14,GRASIM, EQ, 14-Aug-2020,631.85,632.0,639.8,623.45,628.0,628.95,630.96,2840764,17923.97,42117,763501,26.88,Cement
2020-08-17,GRASIM, EQ, 17-Aug-2020,628.95,630.15,634.0,610.7,625.0,625.35,621.23,4308934,26768.31,54667,2219504,51.51,Cement
2020-08-18,GRASIM, EQ, 18-Aug-2020,625.35,621.0,678.5,621.0,666.0,667.1,666.22,15465826,103035.92,220495,1153097,7.46,Cement
2020-08-19,GRASIM, EQ, 19-Aug-2020,667.1,667.95,672.0,660.45,664.0,664.85,665.69,3245005,21601.64,56456,474438,14.62,Cement
2020-08-20,GRASIM, EQ, 20-Aug-2020,664.85,660.15,675.0,655.05,662.1,665.6,666.33,3015031,20090.04,45903,650223,21.57,Cement
2020-08-21,GRASIM, EQ, 21-Aug-2020,665.6,674.7,683.0,668.9,677.3,677.35,678.48,3993293,27093.56,54573,1360681,34.07,Cement
2020-08-24,GRASIM, EQ, 24-Aug-2020,677.35,680.4,693.5,666.2,670.25,671.55,682.67,3821144,26085.85,52589,694028,18.16,Cement
2020-08-25,GRASIM, EQ, 25-Aug-2020,671.55,672.0,679.45,661.65,676.0,673.75,670.91,1823994,12237.41,29788,358800,19.67,Cement
2020-08-26,GRASIM, EQ, 26-Aug-2020,673.75,672.95,678.5,658.6,666.9,667.2,666.3,2450241,16326.02,33648,582125,23.76,Cement
2020-08-27,GRASIM, EQ, 27-Aug-2020,667.2,670.15,688.0,667.0,684.0,685.05,679.28,3259380,22140.23,49690,512165,15.71,Cement
2020-08-28,GRASIM, EQ, 28-Aug-2020,685.05,689.95,717.5,684.0,699.9,701.15,702.39,7387214,51886.77,95698,2035413,27.55,Cement
2020-08-31,GRASIM, EQ, 31-Aug-2020,701.15,703.0,710.8,670.65,670.65,674.85,688.42,4456609,30680.17,65761,1559880,35.0,Cement
2020-09-01,GRASIM, EQ, 01-Sep-2020,674.85,676.95,704.8,651.05,683.15,684.55,677.35,4727724,32023.18,70493,900217,19.04,Cement
2020-09-02,GRASIM, EQ, 02-Sep-2020,684.55,681.0,685.95,662.65,679.0,678.45,672.13,3930979,26421.47,66320,1203072,30.6,Cement
2020-09-03,GRASIM, EQ, 03-Sep-2020,678.45,685.0,729.35,681.6,726.1,724.75,705.46,7498392,52897.88,105692,1044847,13.93,Cement
2020-09-04,GRASIM, EQ, 04-Sep-2020,724.75,705.0,724.0,698.7,708.0,706.5,713.81,3605878,25739.07,88226,825585,22.9,Cement
2020-09-07,GRASIM, EQ, 07-Sep-2020,706.5,720.0,720.8,693.0,701.0,700.15,703.54,4178265,29395.91,60353,1189990,28.48,Cement
2020-09-08,GRASIM, EQ, 08-Sep-2020,700.15,702.9,702.9,674.2,675.0,677.1,686.39,2825627,19394.91,44654,907601,32.12,Cement
2020-09-09,GRASIM, EQ, 09-Sep-2020,677.1,676.0,696.5,664.05,693.25,687.1,677.71,2835848,19218.93,48768,717884,25.31,Cement
2020-09-10,GRASIM, EQ, 10-Sep-2020,687.1,696.55,717.75,681.3,711.5,713.3,700.6,4924113,34498.47,87361,1835456,37.27,Cement
2020-09-11,GRASIM, EQ, 11-Sep-2020,713.3,715.0,727.0,704.65,718.4,720.95,720.66,7330487,52828.15,79551,3197690,43.62,Cement
2020-09-14,GRASIM, EQ, 14-Sep-2020,720.95,721.0,735.95,703.0,710.0,707.0,721.15,3044866,21957.98,54257,574841,18.88,Cement
2020-09-15,GRASIM, EQ, 15-Sep-2020,707.0,711.6,723.5,709.8,718.05,720.4,718.24,2926571,21019.82,47582,375220,12.82,Cement
2020-09-16,GRASIM, EQ, 16-Sep-2020,720.4,722.95,737.2,714.1,720.0,720.4,725.06,3038720,22032.48,50984,258735,8.51,Cement
2020-09-17,GRASIM, EQ, 17-Sep-2020,720.4,720.4,738.75,716.55,725.9,724.7,727.21,3927324,28559.71,87193,729001,18.56,Cement
2020-09-18,GRASIM, EQ, 18-Sep-2020,724.7,727.95,748.65,724.65,744.5,745.0,736.94,3216185,23701.37,53196,1309377,40.71,Cement
2020-09-21,GRASIM, EQ, 21-Sep-2020,745.0,749.65,749.65,710.05,713.0,716.85,732.42,2426658,17773.34,47059,480448,19.8,Cement
2020-09-22,GRASIM, EQ, 22-Sep-2020,716.85,720.4,746.0,706.8,727.45,729.1,726.68,3313571,24079.16,54246,533839,16.11,Cement
2020-09-23,GRASIM, EQ, 23-Sep-2020,729.1,729.35,732.75,705.0,719.0,718.4,714.48,2576697,18409.98,46662,750137,29.11,Cement
2020-09-24,GRASIM, EQ, 24-Sep-2020,718.4,708.0,715.0,675.5,677.6,679.7,694.91,2825289,19633.15,37572,1314985,46.54,Cement
2020-09-25,GRASIM, EQ, 25-Sep-2020,679.7,683.0,712.2,683.0,706.95,708.15,698.27,2258203,15768.3,36888,332819,14.74,Cement
2020-09-28,GRASIM, EQ, 28-Sep-2020,708.15,715.0,735.65,715.0,735.0,734.2,727.15,2545879,18512.46,41870,401428,15.77,Cement
2020-09-29,GRASIM, EQ, 29-Sep-2020,734.2,736.0,739.9,715.05,718.1,721.45,725.29,1821921,13214.14,30080,255836,14.04,Cement
2020-09-30,GRASIM, EQ, 30-Sep-2020,721.45,721.45,746.4,715.05,743.0,744.2,735.04,2377808,17477.81,35014,698664,29.38,Cement
2020-10-01,GRASIM, EQ, 01-Oct-2020,744.2,749.2,756.0,736.05,751.7,754.55,747.03,2403720,17956.41,45081,275997,11.48,Cement
2020-10-05,GRASIM, EQ, 05-Oct-2020,754.55,752.2,763.6,741.95,747.5,750.15,750.71,1900046,14263.86,40927,364232,19.17,Cement
2020-10-06,GRASIM, EQ, 06-Oct-2020,750.15,750.25,759.95,740.5,756.0,757.7,748.95,1854621,13890.23,31071,389480,21.0,Cement
2020-10-07,GRASIM, EQ, 07-Oct-2020,757.7,755.0,761.7,748.0,759.8,759.65,755.36,1626654,12287.07,45766,324164,19.93,Cement
2020-10-08,GRASIM, EQ, 08-Oct-2020,759.65,765.0,774.7,758.7,769.55,770.35,766.72,2220310,17023.58,49142,413007,18.6,Cement
2020-10-09,GRASIM, EQ, 09-Oct-2020,770.35,769.55,772.9,742.25,749.6,745.1,751.93,2905184,21845.09,48888,996475,34.3,Cement
2020-10-12,GRASIM, EQ, 12-Oct-2020,745.1,746.15,752.35,738.0,739.4,744.7,744.13,2813652,20937.33,46950,1284385,45.65,Cement
2020-10-13,GRASIM, EQ, 13-Oct-2020,744.7,742.8,763.0,736.95,746.5,749.45,753.86,2740418,20659.03,40593,402285,14.68,Cement
2020-10-14,GRASIM, EQ, 14-Oct-2020,749.45,743.0,768.0,733.45,763.15,763.6,752.9,2406038,18115.03,35906,326926,13.59,Cement
2020-10-15,GRASIM, EQ, 15-Oct-2020,763.6,760.35,767.95,745.2,750.25,750.1,759.52,1500700,11398.1,30219,203433,13.56,Cement
2020-10-16,GRASIM, EQ, 16-Oct-2020,750.1,752.95,776.65,750.0,769.0,772.7,763.67,1765026,13478.98,34415,260250,14.74,Cement
2020-10-19,GRASIM, EQ, 19-Oct-2020,772.7,772.0,782.4,761.55,772.6,773.15,773.86,2134699,16519.58,35081,288412,13.51,Cement
2020-10-20,GRASIM, EQ, 20-Oct-2020,773.15,775.0,779.9,764.5,777.0,777.2,772.16,1739215,13429.51,30542,284627,16.37,Cement
2020-10-21,GRASIM, EQ, 21-Oct-2020,777.2,780.0,794.45,771.55,793.0,791.75,783.22,2409367,18870.75,42251,478568,19.86,Cement
2020-10-22,GRASIM, EQ, 22-Oct-2020,791.75,791.75,794.45,781.0,791.0,791.65,788.89,1699846,13409.88,32095,505820,29.76,Cement
2020-10-23,GRASIM, EQ, 23-Oct-2020,791.65,794.1,804.0,782.1,784.9,785.2,795.0,2354331,18716.86,53954,619672,26.32,Cement
2020-10-26,GRASIM, EQ, 26-Oct-2020,785.2,785.0,789.85,768.0,779.7,780.0,778.32,1338819,10420.26,29793,226805,16.94,Cement
2020-10-27,GRASIM, EQ, 27-Oct-2020,780.0,774.0,790.0,772.85,776.65,779.1,782.34,1530802,11976.12,40861,444319,29.03,Cement
2020-10-28,GRASIM, EQ, 28-Oct-2020,779.1,789.7,789.7,773.05,773.6,777.25,777.56,1977397,15375.51,30966,902535,45.64,Cement
2020-10-29,GRASIM, EQ, 29-Oct-2020,777.25,772.75,777.35,766.0,769.1,770.2,771.62,1061950,8194.25,28998,293582,27.65,Cement
2020-10-30,GRASIM, EQ, 30-Oct-2020,770.2,770.0,793.75,765.25,779.6,778.35,779.89,1709943,13335.75,34060,234447,13.71,Cement
2020-11-02,GRASIM, EQ, 02-Nov-2020,778.35,784.4,791.85,775.5,788.0,787.85,786.13,1788758,14061.92,28976,656794,36.72,Cement
2020-11-03,GRASIM, EQ, 03-Nov-2020,787.85,789.2,800.95,787.05,790.4,791.15,793.91,2048280,16261.53,32360,735508,35.91,Cement
2020-11-04,GRASIM, EQ, 04-Nov-2020,791.15,790.4,795.0,778.7,781.5,783.1,785.77,1499152,11779.86,25315,571472,38.12,Cement
2020-11-05,GRASIM, EQ, 05-Nov-2020,783.1,787.5,810.4,787.5,805.4,804.4,802.45,2973275,23859.12,46875,1149464,38.66,Cement
2020-11-06,GRASIM, EQ, 06-Nov-2020,804.4,809.0,809.0,791.5,794.0,794.35,797.69,1500755,11971.39,24488,578974,38.58,Cement
2020-11-09,GRASIM, EQ, 09-Nov-2020,794.35,797.0,808.3,789.2,793.25,792.15,797.36,2188251,17448.15,34272,1120091,51.19,Cement
2020-11-10,GRASIM, EQ, 10-Nov-2020,792.15,799.0,816.5,781.05,788.45,789.5,799.53,2902845,23209.0,48331,1206836,41.57,Cement
2020-11-11,GRASIM, EQ, 11-Nov-2020,789.5,792.0,808.6,790.0,807.0,803.1,796.56,2510370,19996.56,32974,1143122,45.54,Cement
2020-11-12,GRASIM, EQ, 12-Nov-2020,803.1,804.0,831.0,803.1,825.25,826.95,819.02,3830555,31373.02,54177,1060747,27.69,Cement
2020-11-13,GRASIM, EQ, 13-Nov-2020,826.95,827.0,848.0,819.5,839.9,841.35,833.03,5918612,49304.08,79504,1130552,19.1,Cement
2020-11-14,GRASIM, EQ, 14-Nov-2020,841.35,843.0,844.6,835.1,841.0,838.6,839.64,324867,2727.7,5785,97657,30.06,Cement
2020-11-17,GRASIM, EQ, 17-Nov-2020,838.6,846.9,853.5,835.55,841.55,842.9,844.06,1885867,15917.8,31491,477482,25.32,Cement
2020-11-18,GRASIM, EQ, 18-Nov-2020,842.9,841.55,851.7,838.25,848.95,848.95,845.15,1720169,14538.06,34708,596607,34.68,Cement
2020-11-19,GRASIM, EQ, 19-Nov-2020,848.95,844.8,861.9,832.0,835.95,836.75,848.92,1923683,16330.51,38016,494470,25.7,Cement
2020-11-20,GRASIM, EQ, 20-Nov-2020,836.75,840.0,861.9,838.6,859.8,856.0,848.17,2049975,17387.34,36154,616830,30.09,Cement
2020-11-23,GRASIM, EQ, 23-Nov-2020,856.0,863.4,868.9,851.1,852.3,854.6,858.59,2225036,19103.86,43247,815527,36.65,Cement
2020-11-24,GRASIM, EQ, 24-Nov-2020,854.6,857.0,863.75,850.0,856.0,853.25,855.42,1394095,11925.33,30310,682313,48.94,Cement
2020-11-25,GRASIM, EQ, 25-Nov-2020,853.25,856.0,873.8,840.05,844.0,843.1,860.3,2392424,20582.05,45742,631522,26.4,Cement
2020-11-26,GRASIM, EQ, 26-Nov-2020,843.1,850.2,881.0,847.05,880.0,877.4,865.69,4249437,36786.95,67078,1131027,26.62,Cement
2020-11-27,GRASIM, EQ, 27-Nov-2020,877.4,877.4,885.85,870.0,876.9,875.75,875.99,4004762,35081.23,62806,2139660,53.43,Cement
2020-12-01,GRASIM, EQ, 01-Dec-2020,875.75,867.0,910.7,862.15,906.75,907.8,901.32,4110405,37047.99,71148,1127206,27.42,Cement
2020-12-02,GRASIM, EQ, 02-Dec-2020,907.8,901.55,918.95,900.1,913.95,915.5,911.03,2843180,25902.33,35805,1067949,37.56,Cement
2020-12-03,GRASIM, EQ, 03-Dec-2020,915.5,921.0,924.9,906.0,910.85,910.05,911.75,1988189,18127.3,26580,847364,42.62,Cement
2020-12-04,GRASIM, EQ, 04-Dec-2020,910.05,915.4,946.9,913.1,935.1,931.5,930.86,3030378,28208.47,48692,802616,26.49,Cement
2020-12-07,GRASIM, EQ, 07-Dec-2020,931.5,939.95,954.0,930.25,935.4,937.7,942.5,3193047,30094.31,37561,1314098,41.15,Cement
2020-12-08,GRASIM, EQ, 08-Dec-2020,937.7,937.5,942.0,918.4,924.5,925.8,929.12,1756710,16321.88,34190,639596,36.41,Cement
2020-12-09,GRASIM, EQ, 09-Dec-2020,925.8,926.95,933.75,916.15,919.6,920.25,923.99,1612127,14895.85,34239,619456,38.42,Cement
2020-12-10,GRASIM, EQ, 10-Dec-2020,920.25,922.0,924.8,902.55,908.45,909.5,909.89,1727166,15715.24,28148,738897,42.78,Cement
2020-12-11,GRASIM, EQ, 11-Dec-2020,909.5,909.9,915.65,901.0,906.3,902.25,906.22,1938042,17563.0,33627,894389,46.15,Cement
2020-12-14,GRASIM, EQ, 14-Dec-2020,902.25,906.65,924.0,906.3,914.05,911.45,916.17,2044684,18732.8,34287,613930,30.03,Cement
2020-12-15,GRASIM, EQ, 15-Dec-2020,911.45,912.0,917.7,903.0,913.95,912.0,909.29,1462088,13294.61,25040,580063,39.67,Cement
2020-12-16,GRASIM, EQ, 16-Dec-2020,912.0,920.4,925.3,911.0,915.45,914.8,915.91,1390116,12732.24,23696,568109,40.87,Cement
2020-12-17,GRASIM, EQ, 17-Dec-2020,914.8,915.9,926.4,912.0,914.0,912.7,917.09,1476800,13543.64,24920,645163,43.69,Cement
2020-12-18,GRASIM, EQ, 18-Dec-2020,912.7,912.0,916.75,902.0,908.45,909.65,907.82,2216049,20117.85,35158,904186,40.8,Cement
2020-12-21,GRASIM, EQ, 21-Dec-2020,909.65,909.6,909.95,868.3,871.0,877.35,890.0,1905028,16954.69,32316,722343,37.92,Cement
2020-12-22,GRASIM, EQ, 22-Dec-2020,877.35,877.35,889.4,863.35,885.0,885.2,875.15,1708372,14950.81,32239,622496,36.44,Cement
2020-12-23,GRASIM, EQ, 23-Dec-2020,885.2,886.1,909.0,881.35,897.35,902.0,892.77,2377647,21226.94,36166,912346,38.37,Cement
2020-12-24,GRASIM, EQ, 24-Dec-2020,902.0,906.65,911.85,891.1,899.5,897.15,898.65,1420321,12763.73,24383,639150,45.0,Cement
2020-12-28,GRASIM, EQ, 28-Dec-2020,897.15,901.2,912.35,897.1,910.0,906.65,905.2,1489896,13486.57,22222,536024,35.98,Cement
2020-12-29,GRASIM, EQ, 29-Dec-2020,906.65,911.0,922.65,906.2,907.35,909.5,913.64,1624766,14844.55,32666,373824,23.01,Cement
2020-12-30,GRASIM, EQ, 30-Dec-2020,909.5,911.1,938.95,897.3,937.1,934.4,919.69,2280218,20970.94,45659,550024,24.12,Cement
2020-12-31,GRASIM, EQ, 31-Dec-2020,934.4,939.8,940.85,921.55,923.5,927.85,928.6,2077998,19296.33,38683,455744,21.93,Cement
2021-01-01,GRASIM, EQ, 01-Jan-2021,927.85,924.5,938.0,920.25,932.95,933.4,929.67,1151605,10706.17,23247,208640,18.12,Cement
2021-01-04,GRASIM, EQ, 04-Jan-2021,933.4,937.15,967.0,937.15,963.0,964.45,953.81,2667535,25443.1,48114,466119,17.47,Cement
2021-01-05,GRASIM, EQ, 05-Jan-2021,964.45,955.0,971.95,946.95,960.5,961.3,959.2,1511818,14501.38,33765,411672,27.23,Cement
2021-01-06,GRASIM, EQ, 06-Jan-2021,961.3,960.0,989.5,955.05,985.85,984.6,973.18,2162883,21048.67,46754,511511,23.65,Cement
2021-01-07,GRASIM, EQ, 07-Jan-2021,984.6,990.0,1004.65,977.2,991.95,993.85,992.26,1888940,18743.22,46601,318507,16.86,Cement
2021-01-08,GRASIM, EQ, 08-Jan-2021,993.85,999.65,1023.85,992.1,1000.65,1004.3,1009.22,2381402,24033.69,44294,1049624,44.08,Cement
2021-01-11,GRASIM, EQ, 11-Jan-2021,1004.3,999.35,1012.3,994.45,1003.05,1004.3,1004.62,1249633,12554.12,39738,305518,24.45,Cement
2021-01-12,GRASIM, EQ, 12-Jan-2021,1004.3,1005.8,1020.6,997.7,1010.2,1010.3,1011.27,1551157,15686.4,37380,274574,17.7,Cement
2021-01-13,GRASIM, EQ, 13-Jan-2021,1010.3,1009.0,1041.0,1007.45,1031.8,1033.35,1023.55,2205417,22573.44,42509,490583,22.24,Cement
2021-01-14,GRASIM, EQ, 14-Jan-2021,1033.35,1035.0,1040.95,1013.3,1015.1,1020.25,1023.26,1522045,15574.46,41926,515022,33.84,Cement
2021-01-15,GRASIM, EQ, 15-Jan-2021,1020.25,1015.1,1039.3,1001.6,1033.7,1033.05,1019.35,2026203,20654.05,47048,448316,22.13,Cement
2021-01-18,GRASIM, EQ, 18-Jan-2021,1033.05,1023.0,1029.55,990.85,994.85,999.2,1007.06,1847393,18604.42,56469,732419,39.65,Cement
2021-01-19,GRASIM, EQ, 19-Jan-2021,999.2,1002.0,1052.5,1002.0,1032.0,1031.9,1037.55,4059040,42114.53,98799,438381,10.8,Cement
2021-01-20,GRASIM, EQ, 20-Jan-2021,1031.9,1028.0,1038.5,1014.8,1028.9,1034.7,1025.45,1528763,15676.72,52762,274338,17.95,Cement
2021-01-21,GRASIM, EQ, 21-Jan-2021,1034.7,1036.0,1046.95,1012.5,1022.3,1017.1,1031.15,1268212,13077.13,36055,289626,22.84,Cement
2021-01-22,GRASIM, EQ, 22-Jan-2021,1017.1,1022.3,1030.75,1000.0,1001.25,1004.0,1012.76,1029795,10429.3,31591,226728,22.02,Cement
2021-01-25,GRASIM, EQ, 25-Jan-2021,1004.0,1025.0,1114.65,1017.0,1062.9,1069.75,1075.06,15344078,164957.88,316677,2533281,16.51,Cement
2021-01-27,GRASIM, EQ, 27-Jan-2021,1069.75,1063.95,1114.35,1051.05,1060.0,1061.55,1081.88,6620990,71631.09,162403,1374551,20.76,Cement
2021-01-28,GRASIM, EQ, 28-Jan-2021,1061.55,1040.5,1076.0,1038.55,1065.2,1067.4,1056.09,2834260,29932.28,78641,595069,21.0,Cement
2021-01-29,GRASIM, EQ, 29-Jan-2021,1067.4,1062.6,1094.0,1048.45,1062.0,1055.65,1073.2,3822191,41019.79,94386,901484,23.59,Cement
2021-02-01,GRASIM, EQ, 01-Feb-2021,1055.65,1060.0,1130.8,1047.35,1130.5,1125.65,1092.85,2099126,22940.22,60712,516469,24.6,Cement
2021-02-02,GRASIM, EQ, 02-Feb-2021,1125.65,1144.0,1209.9,1136.45,1190.0,1190.0,1182.6,4122906,48757.34,104344,931805,22.6,Cement
2021-02-03,GRASIM, EQ, 03-Feb-2021,1190.0,1178.1,1205.5,1172.25,1180.1,1190.85,1191.92,2427085,28928.99,64409,652566,26.89,Cement
2021-02-04,GRASIM, EQ, 04-Feb-2021,1190.85,1180.0,1217.45,1171.05,1187.0,1188.5,1196.31,2659290,31813.26,68786,898093,33.77,Cement
2021-02-05,GRASIM, EQ, 05-Feb-2021,1188.5,1188.5,1208.8,1173.0,1185.8,1186.1,1188.23,1636133,19441.02,58845,371641,22.71,Cement
2021-02-08,GRASIM, EQ, 08-Feb-2021,1186.1,1186.0,1220.0,1185.0,1213.0,1210.8,1206.34,1955804,23593.57,46930,580951,29.7,Cement
2021-02-09,GRASIM, EQ, 09-Feb-2021,1210.8,1210.0,1226.5,1204.0,1221.0,1217.95,1216.57,1727089,21011.28,48558,520365,30.13,Cement
2021-02-10,GRASIM, EQ, 10-Feb-2021,1217.95,1216.0,1249.0,1216.0,1231.0,1231.4,1236.38,3264009,40355.5,97031,684843,20.98,Cement
2021-02-11,GRASIM, EQ, 11-Feb-2021,1231.4,1223.0,1244.8,1221.6,1236.7,1235.45,1235.73,1216492,15032.59,35414,363779,29.9,Cement
2021-02-12,GRASIM, EQ, 12-Feb-2021,1235.45,1244.0,1254.8,1221.05,1239.75,1242.1,1242.85,3421387,42522.63,106772,612692,17.91,Cement
2021-02-15,GRASIM, EQ, 15-Feb-2021,1242.1,1257.05,1258.6,1216.75,1234.4,1227.95,1229.51,1914247,23535.79,46416,416011,21.73,Cement
2021-02-16,GRASIM, EQ, 16-Feb-2021,1227.95,1234.4,1257.0,1225.6,1242.0,1243.75,1242.39,1561647,19401.68,37314,404597,25.91,Cement
2021-02-17,GRASIM, EQ, 17-Feb-2021,1243.75,1228.1,1249.0,1228.0,1237.9,1238.45,1237.98,1048606,12981.53,25875,338141,32.25,Cement
2021-02-18,GRASIM, EQ, 18-Feb-2021,1238.45,1238.45,1247.65,1213.0,1225.65,1229.65,1230.53,1536486,18906.99,36237,526316,34.25,Cement
2021-02-19,GRASIM, EQ, 19-Feb-2021,1229.65,1231.75,1239.7,1210.0,1221.5,1218.0,1224.62,1314508,16097.71,32796,359141,27.32,Cement
2021-02-22,GRASIM, EQ, 22-Feb-2021,1218.0,1221.5,1235.0,1215.0,1226.0,1230.5,1225.67,1128617,13833.11,28087,300674,26.64,Cement
2021-02-23,GRASIM, EQ, 23-Feb-2021,1230.5,1239.0,1249.9,1221.6,1229.0,1231.5,1232.63,1434663,17684.03,48980,319981,22.3,Cement
2021-02-24,GRASIM, EQ, 24-Feb-2021,1231.5,1239.0,1257.0,1231.25,1255.7,1250.2,1243.1,441927,5493.6,17626,124749,28.23,Cement
2021-02-25,GRASIM, EQ, 25-Feb-2021,1250.2,1258.0,1289.0,1254.0,1271.65,1270.45,1270.41,1942025,24671.59,61246,558617,28.76,Cement
2021-02-26,GRASIM, EQ, 26-Feb-2021,1270.45,1255.0,1270.0,1190.85,1200.0,1200.8,1222.95,2798547,34224.91,62177,1344332,48.04,Cement
2021-03-01,GRASIM, EQ, 01-Mar-2021,1200.8,1206.95,1270.0,1202.2,1270.0,1265.95,1247.63,1601364,19979.1,40467,283557,17.71,Cement
2021-03-02,GRASIM, EQ, 02-Mar-2021,1265.95,1275.0,1298.5,1261.0,1295.8,1294.75,1283.66,1954073,25083.68,61337,732412,37.48,Cement
2021-03-03,GRASIM, EQ, 03-Mar-2021,1294.75,1299.0,1343.0,1290.0,1316.0,1318.1,1321.19,2243838,29645.31,61220,789640,35.19,Cement
2021-03-04,GRASIM, EQ, 04-Mar-2021,1318.1,1306.0,1360.0,1300.5,1353.1,1350.4,1336.27,1950846,26068.48,51877,664533,34.06,Cement
2021-03-05,GRASIM, EQ, 05-Mar-2021,1350.4,1348.8,1371.7,1324.0,1335.5,1339.35,1340.1,2714173,36372.52,75522,1286867,47.41,Cement
2021-03-08,GRASIM, EQ, 08-Mar-2021,1339.35,1339.95,1367.7,1331.55,1344.0,1344.25,1349.72,1400679,18905.23,43599,453295,32.36,Cement
2021-03-09,GRASIM, EQ, 09-Mar-2021,1344.25,1382.0,1408.0,1361.05,1367.05,1366.35,1383.06,5078891,70244.3,130348,1506761,29.67,Cement
2021-03-10,GRASIM, EQ, 10-Mar-2021,1366.35,1378.0,1389.35,1360.0,1388.9,1385.05,1375.02,1085941,14931.9,40642,338624,31.18,Cement
2021-03-12,GRASIM, EQ, 12-Mar-2021,1385.05,1395.0,1404.95,1375.0,1375.8,1379.5,1390.11,1206112,16766.33,42988,545299,45.21,Cement
2021-03-15,GRASIM, EQ, 15-Mar-2021,1379.5,1389.0,1391.9,1347.0,1379.9,1384.1,1369.67,970925,13298.46,28835,287053,29.56,Cement
2021-03-16,GRASIM, EQ, 16-Mar-2021,1384.1,1380.1,1397.75,1375.9,1389.0,1384.5,1387.19,1176583,16321.4,30612,421770,35.85,Cement
2021-03-17,GRASIM, EQ, 17-Mar-2021,1384.5,1382.6,1394.9,1361.3,1368.9,1367.1,1371.59,1005552,13792.02,29134,463121,46.06,Cement
2021-03-18,GRASIM, EQ, 18-Mar-2021,1367.1,1392.0,1399.9,1372.0,1392.0,1387.8,1384.44,1790541,24788.97,52552,380007,21.22,Cement
2021-03-19,GRASIM, EQ, 19-Mar-2021,1387.8,1380.6,1415.0,1363.0,1414.0,1411.25,1394.86,2431340,33913.71,59641,946306,38.92,Cement
2021-03-22,GRASIM, EQ, 22-Mar-2021,1411.25,1419.0,1428.0,1401.25,1416.0,1413.9,1414.29,1587634,22453.72,57101,381759,24.05,Cement
2021-03-23,GRASIM, EQ, 23-Mar-2021,1413.9,1413.9,1422.5,1393.85,1409.35,1411.25,1407.54,1004001,14131.75,34926,278445,27.73,Cement
2021-03-24,GRASIM, EQ, 24-Mar-2021,1411.25,1409.0,1409.0,1379.65,1387.6,1387.65,1394.47,1490308,20781.82,36292,674855,45.28,Cement
2021-03-25,GRASIM, EQ, 25-Mar-2021,1387.65,1383.5,1400.45,1353.6,1365.2,1372.75,1381.54,2165870,29922.38,53939,776314,35.84,Cement
2021-03-26,GRASIM, EQ, 26-Mar-2021,1372.75,1381.0,1411.45,1379.0,1409.6,1405.6,1400.16,1764994,24712.74,42116,838176,47.49,Cement
2021-03-30,GRASIM, EQ, 30-Mar-2021,1405.6,1416.6,1441.65,1395.75,1418.45,1422.6,1422.48,2574303,36618.86,66750,1053972,40.94,Cement
2021-03-31,GRASIM, EQ, 31-Mar-2021,1422.6,1417.0,1456.0,1410.0,1454.9,1450.55,1442.06,1242119,17912.15,38189,365266,29.41,Cement
2021-04-01,GRASIM, EQ, 01-Apr-2021,1450.55,1460.0,1467.0,1436.95,1453.05,1454.5,1451.76,1270201,18440.22,43912,303647,23.91,Cement
2021-04-05,GRASIM, EQ, 05-Apr-2021,1454.5,1455.0,1472.7,1425.1,1444.0,1446.5,1448.17,1396534,20224.17,33461,363990,26.06,Cement
2021-04-06,GRASIM, EQ, 06-Apr-2021,1446.5,1447.0,1449.25,1426.0,1427.1,1432.55,1435.36,736903,10577.25,22641,201496,27.34,Cement
2021-04-07,GRASIM, EQ, 07-Apr-2021,1432.55,1427.8,1444.5,1427.8,1436.0,1437.4,1436.44,606884,8717.53,17758,234477,38.64,Cement
2021-04-08,GRASIM, EQ, 08-Apr-2021,1437.4,1446.8,1463.3,1433.55,1450.0,1447.8,1449.66,1566826,22713.66,44125,766992,48.95,Cement
2021-04-09,GRASIM, EQ, 09-Apr-2021,1447.8,1455.0,1469.35,1432.85,1437.7,1440.0,1450.86,1125347,16327.16,36972,352519,31.33,Cement
2021-04-12,GRASIM, EQ, 12-Apr-2021,1440.0,1417.95,1424.95,1367.55,1378.5,1376.6,1390.66,1323690,18408.05,46007,417453,31.54,Cement
2021-04-13,GRASIM, EQ, 13-Apr-2021,1376.6,1372.8,1406.7,1370.6,1389.55,1392.2,1392.56,1423254,19819.73,47897,488305,34.31,Cement
2021-04-15,GRASIM, EQ, 15-Apr-2021,1392.2,1393.0,1399.95,1325.0,1349.0,1349.25,1343.53,2008929,26990.61,61106,665921,33.15,Cement
2021-04-16,GRASIM, EQ, 16-Apr-2021,1349.25,1343.0,1380.0,1341.0,1347.05,1353.2,1359.01,1437982,19542.28,41869,473999,32.96,Cement
2021-04-19,GRASIM, EQ, 19-Apr-2021,1353.2,1330.3,1339.0,1305.25,1321.0,1324.7,1319.85,1236979,16326.3,47416,476996,38.56,Cement
2021-04-20,GRASIM, EQ, 20-Apr-2021,1324.7,1351.1,1373.35,1281.6,1283.0,1291.9,1314.28,3688197,48473.19,107520,1833151,49.7,Cement
2021-04-22,GRASIM, EQ, 22-Apr-2021,1291.9,1271.9,1313.65,1270.3,1305.05,1300.2,1292.77,1868808,24159.35,61512,731614,39.15,Cement
2021-04-23,GRASIM, EQ, 23-Apr-2021,1300.2,1299.0,1323.15,1262.0,1285.0,1278.1,1286.39,2839747,36530.32,87583,1325496,46.68,Cement
2021-04-26,GRASIM, EQ, 26-Apr-2021,1278.1,1285.0,1321.0,1285.0,1320.0,1312.35,1303.61,1233546,16080.66,36437,383238,31.07,Cement
2021-04-27,GRASIM, EQ, 27-Apr-2021,1312.35,1320.0,1339.2,1308.0,1338.0,1331.2,1323.07,1236334,16357.55,48465,447553,36.2,Cement
2021-04-28,GRASIM, EQ, 28-Apr-2021,1331.2,1337.45,1349.0,1321.15,1347.25,1341.15,1337.11,1283746,17165.11,33235,618386,48.17,Cement
2021-04-29,GRASIM, EQ, 29-Apr-2021,1341.15,1354.4,1369.5,1332.3,1352.0,1350.7,1348.65,1793007,24181.43,52053,872179,48.64,Cement
2021-04-30,GRASIM, EQ, 30-Apr-2021,1350.7,1342.0,1407.4,1333.0,1401.1,1401.75,1386.13,3261678,45211.16,87943,1445017,44.3,Cement
2021-05-03,GRASIM, EQ, 03-May-2021,1401.75,1396.6,1425.05,1374.25,1414.0,1414.55,1404.78,1786884,25101.87,63547,563903,31.56,Cement
2021-05-04,GRASIM, EQ, 04-May-2021,1414.55,1415.0,1448.9,1404.0,1418.0,1415.95,1425.28,2071008,29517.7,83352,711453,34.35,Cement
2021-05-05,GRASIM, EQ, 05-May-2021,1415.95,1420.1,1454.95,1405.0,1419.0,1420.9,1428.65,2157276,30819.99,87102,648878,30.08,Cement
2021-05-06,GRASIM, EQ, 06-May-2021,1420.9,1420.0,1450.0,1418.1,1447.9,1447.9,1439.19,1636815,23556.92,39417,761146,46.5,Cement
2021-05-07,GRASIM, EQ, 07-May-2021,1447.9,1450.0,1461.9,1433.3,1448.0,1449.6,1448.52,1267488,18359.76,47392,562783,44.4,Cement
2021-05-10,GRASIM, EQ, 10-May-2021,1449.6,1460.0,1475.0,1430.25,1443.0,1444.55,1447.59,2072611,30003.0,66639,681934,32.9,Cement
2021-05-11,GRASIM, EQ, 11-May-2021,1444.55,1425.0,1468.95,1425.0,1449.5,1450.15,1453.09,1521151,22103.62,61809,554401,36.45,Cement
2021-05-12,GRASIM, EQ, 12-May-2021,1450.15,1451.95,1456.65,1408.05,1410.0,1412.35,1426.42,1349197,19245.18,33535,444310,32.93,Cement
2021-05-14,GRASIM, EQ, 14-May-2021,1412.35,1420.0,1421.95,1354.85,1373.1,1367.0,1371.98,1240252,17016.02,39286,430661,34.72,Cement
2021-05-17,GRASIM, EQ, 17-May-2021,1367.0,1373.1,1400.4,1362.45,1394.0,1393.85,1386.92,752061,10430.51,27875,168758,22.44,Cement
2021-05-18,GRASIM, EQ, 18-May-2021,1393.85,1405.1,1427.85,1386.1,1393.0,1392.4,1399.07,1045311,14624.68,28712,295638,28.28,Cement
2021-05-19,GRASIM, EQ, 19-May-2021,1392.4,1391.0,1421.9,1380.4,1384.25,1389.7,1402.17,908858,12743.77,32154,135197,14.88,Cement
2021-05-20,GRASIM, EQ, 20-May-2021,1389.7,1389.0,1389.0,1365.1,1376.0,1375.25,1376.46,882951,12153.47,25398,318020,36.02,Cement
2021-05-21,GRASIM, EQ, 21-May-2021,1375.25,1380.0,1386.95,1365.0,1370.0,1371.85,1371.9,740146,10154.05,28774,280053,37.84,Cement
2021-05-24,GRASIM, EQ, 24-May-2021,1371.85,1372.65,1376.4,1350.6,1375.0,1370.75,1364.44,1445175,19718.49,45369,452358,31.3,Cement
2021-05-25,GRASIM, EQ, 25-May-2021,1370.75,1380.0,1399.25,1354.2,1378.0,1374.9,1373.93,3091345,42472.96,100700,373842,12.09,Cement
2021-05-26,GRASIM, EQ, 26-May-2021,1374.9,1385.0,1431.95,1381.05,1408.0,1409.4,1409.92,4302562,60662.8,111898,689551,16.03,Cement
2021-05-27,GRASIM, EQ, 27-May-2021,1409.4,1414.95,1436.25,1393.0,1426.2,1417.15,1416.17,4451326,63038.44,69127,3005396,67.52,Cement
2021-05-28,GRASIM, EQ, 28-May-2021,1417.15,1428.2,1480.0,1421.0,1465.0,1465.45,1455.6,2689838,39153.25,76118,508878,18.92,Cement
2021-05-31,GRASIM, EQ, 31-May-2021,1465.45,1465.25,1494.9,1455.0,1468.35,1471.2,1476.31,2939614,43397.77,89998,570232,19.4,Cement
2021-06-01,GRASIM, EQ, 01-Jun-2021,1471.2,1475.6,1479.15,1437.0,1448.65,1444.55,1451.49,1117622,16222.17,43308,300915,26.92,Cement
2021-06-02,GRASIM, EQ, 02-Jun-2021,1444.55,1444.0,1454.45,1425.55,1443.9,1442.25,1436.71,1797545,25825.58,38943,875338,48.7,Cement
2021-06-03,GRASIM, EQ, 03-Jun-2021,1442.25,1445.2,1464.0,1436.05,1457.8,1458.75,1453.75,1006763,14635.85,37994,361002,35.86,Cement
2021-06-04,GRASIM, EQ, 04-Jun-2021,1458.75,1458.8,1507.0,1452.35,1507.0,1503.25,1491.24,2556166,38118.56,74637,512825,20.06,Cement
2021-06-07,GRASIM, EQ, 07-Jun-2021,1503.25,1518.6,1530.95,1495.6,1499.5,1501.0,1515.8,2491140,37760.67,75003,588130,23.61,Cement
2021-06-08,GRASIM, EQ, 08-Jun-2021,1501.0,1508.95,1516.05,1490.2,1502.05,1503.15,1503.85,1027390,15450.37,36223,238441,23.21,Cement
2021-06-09,GRASIM, EQ, 09-Jun-2021,1503.15,1510.1,1527.9,1485.0,1488.0,1492.05,1508.28,1727303,26052.52,56272,421572,24.41,Cement
2021-06-10,GRASIM, EQ, 10-Jun-2021,1492.05,1491.0,1517.0,1487.2,1493.0,1492.5,1500.83,875988,13147.11,27231,155693,17.77,Cement
2021-06-11,GRASIM, EQ, 11-Jun-2021,1492.5,1505.9,1510.0,1475.5,1491.0,1490.6,1491.88,895452,13359.04,28962,219734,24.54,Cement
2021-06-14,GRASIM, EQ, 14-Jun-2021,1490.6,1481.5,1497.7,1457.2,1489.3,1493.0,1485.04,682770,10139.39,24634,174174,25.51,Cement
2021-06-15,GRASIM, EQ, 15-Jun-2021,1493.0,1495.0,1515.0,1488.0,1495.95,1495.25,1501.4,814630,12230.83,27146,201083,24.68,Cement
2021-06-16,GRASIM, EQ, 16-Jun-2021,1495.25,1495.5,1501.55,1463.9,1470.35,1469.2,1479.53,917679,13577.31,26517,424258,46.23,Cement
2021-06-17,GRASIM, EQ, 17-Jun-2021,1469.2,1465.0,1490.65,1450.55,1454.9,1458.2,1470.63,795435,11697.88,37360,182474,22.94,Cement
2021-06-18,GRASIM, EQ, 18-Jun-2021,1458.2,1464.0,1489.2,1420.05,1487.05,1480.75,1460.45,1485497,21694.97,43025,552519,37.19,Cement
2021-06-21,GRASIM, EQ, 21-Jun-2021,1480.75,1461.3,1500.85,1455.0,1494.65,1496.65,1477.16,1145818,16925.59,40273,450097,39.28,Cement
2021-06-22,GRASIM, EQ, 22-Jun-2021,1496.65,1500.0,1520.8,1493.05,1497.8,1496.3,1506.39,1404669,21159.84,65923,601668,42.83,Cement
2021-06-23,GRASIM, EQ, 23-Jun-2021,1496.3,1500.0,1512.25,1484.0,1494.5,1498.75,1499.82,973788,14605.07,35961,427413,43.89,Cement
2021-06-24,GRASIM, EQ, 24-Jun-2021,1498.75,1498.0,1507.0,1487.5,1494.6,1498.9,1493.56,1145885,17114.44,29185,703921,61.43,Cement
2021-06-25,GRASIM, EQ, 25-Jun-2021,1498.9,1501.7,1515.0,1490.0,1505.0,1506.85,1503.44,1194203,17954.18,39009,688357,57.64,Cement
2021-06-28,GRASIM, EQ, 28-Jun-2021,1506.85,1515.0,1547.0,1512.75,1519.0,1520.6,1527.93,2447539,37396.71,79678,880668,35.98,Cement
2021-06-29,GRASIM, EQ, 29-Jun-2021,1520.6,1517.0,1523.25,1499.0,1502.85,1503.3,1506.4,734358,11062.35,28928,301601,41.07,Cement
2021-06-30,GRASIM, EQ, 30-Jun-2021,1503.3,1503.3,1509.7,1491.0,1499.65,1498.75,1499.87,899143,13485.95,35046,337513,37.54,Cement
2021-07-01,GRASIM, EQ, 01-Jul-2021,1498.75,1503.25,1508.35,1489.0,1500.0,1500.3,1497.79,635048,9511.68,21139,195643,30.81,Cement
2021-07-02,GRASIM, EQ, 02-Jul-2021,1500.3,1505.0,1512.95,1487.0,1488.5,1489.75,1496.49,742338,11108.99,33539,294836,39.72,Cement
2021-07-05,GRASIM, EQ, 05-Jul-2021,1489.75,1497.5,1508.0,1486.0,1488.0,1489.7,1493.31,784526,11715.37,25674,350844,44.72,Cement
2021-07-06,GRASIM, EQ, 06-Jul-2021,1489.7,1491.75,1525.0,1491.7,1495.55,1497.25,1507.51,1821054,27452.63,52162,569391,31.27,Cement
2021-07-07,GRASIM, EQ, 07-Jul-2021,1497.25,1495.0,1500.0,1476.0,1495.0,1493.85,1486.07,1119109,16630.7,34643,422420,37.75,Cement
2021-07-08,GRASIM, EQ, 08-Jul-2021,1493.85,1496.8,1498.75,1472.2,1473.4,1475.45,1480.45,1075063,15915.73,31304,524990,48.83,Cement
2021-07-09,GRASIM, EQ, 09-Jul-2021,1475.45,1475.0,1508.0,1461.0,1503.9,1500.15,1483.89,798580,11850.08,33886,315657,39.53,Cement
2021-07-12,GRASIM, EQ, 12-Jul-2021,1500.15,1507.0,1540.7,1507.0,1535.2,1536.15,1526.94,1859043,28386.42,52703,614374,33.05,Cement
2021-07-13,GRASIM, EQ, 13-Jul-2021,1536.15,1540.0,1582.15,1538.0,1577.0,1576.65,1558.7,2176074,33918.39,78151,566784,26.05,Cement
2021-07-14,GRASIM, EQ, 14-Jul-2021,1576.65,1575.5,1580.0,1563.15,1566.9,1567.8,1570.01,702486,11029.07,25473,190084,27.06,Cement
2021-07-15,GRASIM, EQ, 15-Jul-2021,1567.8,1568.0,1579.75,1553.15,1554.6,1557.25,1562.37,907912,14184.94,32420,423878,46.69,Cement
2021-07-16,GRASIM, EQ, 16-Jul-2021,1557.25,1564.8,1579.3,1548.05,1569.9,1572.3,1562.0,849808,13273.98,28079,349731,41.15,Cement
2021-07-19,GRASIM, EQ, 19-Jul-2021,1572.3,1558.8,1575.6,1544.85,1558.5,1558.8,1562.78,559807,8748.54,21791,131187,23.43,Cement
2021-07-20,GRASIM, EQ, 20-Jul-2021,1558.8,1558.2,1587.55,1538.9,1570.0,1574.1,1567.01,1729066,27094.69,61635,603639,34.91,Cement
2021-07-22,GRASIM, EQ, 22-Jul-2021,1574.1,1595.0,1599.5,1573.2,1582.0,1582.05,1586.92,982695,15594.54,39799,375531,38.21,Cement
2021-07-23,GRASIM, EQ, 23-Jul-2021,1582.05,1580.0,1588.95,1545.15,1550.0,1549.5,1564.83,1409312,22053.27,39067,925117,65.64,Cement
2021-07-26,GRASIM, EQ, 26-Jul-2021,1549.5,1549.5,1566.25,1541.05,1550.0,1550.25,1552.13,1010876,15690.13,37640,493601,48.83,Cement
2021-07-27,GRASIM, EQ, 27-Jul-2021,1550.25,1551.2,1564.2,1513.0,1518.5,1518.7,1533.72,769307,11799.02,32441,357781,46.51,Cement
2021-07-28,GRASIM, EQ, 28-Jul-2021,1518.7,1528.0,1537.25,1486.0,1530.5,1533.55,1515.15,1293433,19597.5,43400,672858,52.02,Cement
2021-07-29,GRASIM, EQ, 29-Jul-2021,1533.55,1543.0,1557.6,1523.0,1538.0,1544.6,1538.91,1218918,18758.11,37176,712710,58.47,Cement
2021-07-30,GRASIM, EQ, 30-Jul-2021,1544.6,1537.7,1566.0,1521.65,1555.85,1551.35,1547.73,1126373,17433.19,43853,576044,51.14,Cement
2021-08-02,GRASIM, EQ, 02-Aug-2021,1551.35,1565.0,1614.2,1558.65,1591.0,1591.65,1591.07,2021606,32165.21,81288,504288,24.94,Cement
2021-08-03,GRASIM, EQ, 03-Aug-2021,1591.65,1575.0,1599.9,1544.5,1592.0,1592.4,1568.97,1643947,25793.02,57739,501373,30.5,Cement
2021-08-04,GRASIM, EQ, 04-Aug-2021,1592.4,1590.0,1605.25,1537.05,1553.0,1554.85,1568.32,1247524,19565.11,43585,391359,31.37,Cement
2021-08-05,GRASIM, EQ, 05-Aug-2021,1554.85,1539.0,1553.0,1525.0,1539.95,1537.4,1538.99,715729,11014.98,33503,169039,23.62,Cement
2021-08-06,GRASIM, EQ, 06-Aug-2021,1537.4,1544.6,1553.5,1520.2,1530.55,1531.0,1535.36,685670,10527.49,31974,182258,26.58,Cement
2021-08-09,GRASIM, EQ, 09-Aug-2021,1531.0,1545.0,1547.0,1506.55,1514.0,1512.15,1525.27,609167,9291.44,28775,222201,36.48,Cement
2021-08-10,GRASIM, EQ, 10-Aug-2021,1512.15,1520.0,1520.0,1477.95,1484.7,1490.6,1494.45,929912,13897.04,39225,324902,34.94,Cement
2021-08-11,GRASIM, EQ, 11-Aug-2021,1490.6,1484.0,1516.9,1480.0,1505.0,1502.4,1501.87,1268299,19048.14,42047,497231,39.2,Cement
2021-08-12,GRASIM, EQ, 12-Aug-2021,1502.4,1499.8,1515.0,1488.65,1492.75,1492.3,1501.57,506910,7611.59,26770,103727,20.46,Cement
2021-08-13,GRASIM, EQ, 13-Aug-2021,1492.3,1493.3,1532.45,1485.5,1497.1,1496.9,1506.41,2441588,36780.42,90605,411224,16.84,Cement
2021-08-16,GRASIM, EQ, 16-Aug-2021,1496.9,1498.9,1525.0,1487.4,1489.0,1490.9,1500.43,929254,13942.76,40838,202430,21.78,Cement
2021-08-17,GRASIM, EQ, 17-Aug-2021,1490.9,1496.5,1498.55,1460.1,1479.55,1481.0,1475.64,1090935,16098.25,43437,425280,38.98,Cement
2021-08-18,GRASIM, EQ, 18-Aug-2021,1481.0,1482.2,1508.8,1480.0,1505.0,1501.2,1492.48,888339,13258.28,40390,323555,36.42,Cement
2021-08-20,GRASIM, EQ, 20-Aug-2021,1501.2,1489.95,1503.3,1475.0,1477.0,1484.65,1486.25,774150,11505.78,37115,327244,42.27,Cement
2021-08-23,GRASIM, EQ, 23-Aug-2021,1484.65,1495.0,1499.25,1432.0,1438.0,1440.65,1458.29,1163742,16970.71,44656,489833,42.09,Cement
2021-08-24,GRASIM, EQ, 24-Aug-2021,1440.65,1444.0,1462.0,1440.65,1461.9,1460.15,1453.38,913036,13269.87,55223,516465,56.57,Cement
2021-08-25,GRASIM, EQ, 25-Aug-2021,1460.15,1466.5,1472.65,1446.1,1451.2,1447.7,1455.11,839634,12217.6,45818,500211,59.57,Cement
2021-08-26,GRASIM, EQ, 26-Aug-2021,1447.7,1446.1,1459.75,1430.05,1441.45,1439.05,1440.87,936935,13500.06,39185,375176,40.04,Cement
2021-08-27,GRASIM, EQ, 27-Aug-2021,1439.05,1444.0,1468.0,1442.95,1459.5,1458.3,1457.85,896244,13065.88,27577,382721,42.7,Cement
2021-08-30,GRASIM, EQ, 30-Aug-2021,1458.3,1465.0,1483.0,1462.0,1470.0,1471.15,1474.29,764590,11272.3,33821,398781,52.16,Cement
2021-08-31,GRASIM, EQ, 31-Aug-2021,1471.15,1482.0,1504.4,1467.65,1500.0,1500.4,1487.34,1656264,24634.24,36531,894936,54.03,Cement
2021-09-01,GRASIM, EQ, 01-Sep-2021,1500.4,1510.0,1514.5,1480.2,1485.0,1486.0,1491.66,664026,9904.98,30325,271849,40.94,Cement
2021-09-02,GRASIM, EQ, 02-Sep-2021,1486.0,1490.0,1507.0,1485.0,1500.0,1499.25,1496.24,1018243,15235.33,43902,530979,52.15,Cement
2021-09-03,GRASIM, EQ, 03-Sep-2021,1499.25,1510.0,1519.95,1492.5,1511.65,1510.45,1508.66,1135652,17133.11,39622,336234,29.61,Cement
2021-09-06,GRASIM, EQ, 06-Sep-2021,1510.45,1512.0,1567.0,1512.0,1530.5,1531.0,1541.96,2510335,38708.34,77562,758324,30.21,Cement
2021-09-07,GRASIM, EQ, 07-Sep-2021,1531.0,1538.0,1557.9,1514.75,1555.1,1554.45,1538.69,1158223,17821.51,41081,534229,46.12,Cement
2021-09-08,GRASIM, EQ, 08-Sep-2021,1554.45,1562.0,1608.65,1552.4,1580.0,1576.7,1583.95,4078147,64595.81,131440,858423,21.05,Cement
2021-09-09,GRASIM, EQ, 09-Sep-2021,1576.7,1579.85,1603.0,1570.0,1596.0,1597.9,1586.67,842587,13369.07,35789,234485,27.83,Cement
2021-09-13,GRASIM, EQ, 13-Sep-2021,1597.9,1610.0,1613.5,1579.55,1604.0,1606.35,1598.45,968009,15473.17,43631,341915,35.32,Cement
2021-09-14,GRASIM, EQ, 14-Sep-2021,1606.35,1610.0,1619.9,1594.0,1611.0,1611.8,1611.47,1082767,17448.47,45915,396847,36.65,Cement
2021-09-15,GRASIM, EQ, 15-Sep-2021,1611.8,1615.0,1622.65,1590.0,1603.9,1606.8,1605.38,999398,16044.15,48525,336372,33.66,Cement
2021-09-16,GRASIM, EQ, 16-Sep-2021,1606.8,1615.0,1618.0,1574.0,1578.6,1578.45,1591.44,852067,13560.15,39755,327816,38.47,Cement
2021-09-17,GRASIM, EQ, 17-Sep-2021,1578.45,1587.25,1609.8,1562.35,1571.9,1568.8,1577.59,1956743,30869.3,40673,1107314,56.59,Cement
2021-09-20,GRASIM, EQ, 20-Sep-2021,1568.8,1565.0,1567.55,1528.55,1540.0,1535.6,1546.7,774163,11974.01,30242,366326,47.32,Cement
2021-09-21,GRASIM, EQ, 21-Sep-2021,1535.6,1535.0,1565.0,1526.7,1555.75,1557.15,1552.48,768602,11932.36,36752,190728,24.81,Cement
2021-09-22,GRASIM, EQ, 22-Sep-2021,1557.15,1551.3,1582.65,1546.95,1570.7,1574.65,1568.61,916746,14380.2,32892,442387,48.26,Cement
2021-09-23,GRASIM, EQ, 23-Sep-2021,1574.65,1578.7,1625.0,1573.45,1608.05,1606.85,1602.73,1213696,19452.26,45031,405441,33.41,Cement
2021-09-24,GRASIM, EQ, 24-Sep-2021,1606.85,1615.0,1658.0,1615.0,1631.45,1629.75,1639.93,2001841,32828.76,73658,628806,31.41,Cement
2021-09-27,GRASIM, EQ, 27-Sep-2021,1629.75,1635.1,1657.25,1622.2,1646.7,1648.8,1638.84,908804,14893.89,39695,375697,41.34,Cement
2021-09-28,GRASIM, EQ, 28-Sep-2021,1648.8,1653.0,1684.6,1641.1,1644.8,1648.75,1661.23,1562917,25963.67,65050,381446,24.41,Cement
2021-09-29,GRASIM, EQ, 29-Sep-2021,1648.75,1642.0,1678.5,1635.05,1670.0,1669.9,1662.17,818653,13607.42,45508,362539,44.28,Cement
2021-09-30,GRASIM, EQ, 30-Sep-2021,1669.9,1660.0,1694.3,1660.0,1669.85,1669.45,1680.73,1077540,18110.51,59993,428149,39.73,Cement
2021-10-01,GRASIM, EQ, 01-Oct-2021,1669.45,1659.95,1687.65,1635.5,1670.0,1677.15,1668.94,702503,11724.37,35928,214246,30.5,Cement
2021-10-04,GRASIM, EQ, 04-Oct-2021,1677.15,1652.0,1654.85,1621.0,1638.9,1641.15,1637.58,1149637,18826.18,53834,250881,21.82,Cement
2021-10-05,GRASIM, EQ, 05-Oct-2021,1641.15,1641.15,1653.45,1623.0,1625.0,1627.0,1635.73,541290,8854.06,29164,195699,36.15,Cement
2021-10-06,GRASIM, EQ, 06-Oct-2021,1627.0,1621.0,1640.0,1592.0,1595.5,1599.0,1619.69,1037021,16796.58,35203,485453,46.81,Cement
2021-10-07,GRASIM, EQ, 07-Oct-2021,1599.0,1608.95,1627.0,1590.0,1595.05,1592.0,1602.26,3203275,51324.94,27472,2806396,87.61,Cement
2021-10-08,GRASIM, EQ, 08-Oct-2021,1592.0,1596.0,1616.8,1591.65,1600.0,1598.8,1601.97,693600,11111.26,27042,285878,41.22,Cement
2021-10-11,GRASIM, EQ, 11-Oct-2021,1598.8,1607.0,1665.5,1606.95,1650.6,1651.75,1642.75,1697164,27880.15,52246,788361,46.45,Cement
2021-10-12,GRASIM, EQ, 12-Oct-2021,1651.75,1651.75,1665.0,1628.55,1638.0,1637.65,1642.36,768555,12622.46,29986,245520,31.95,Cement
2021-10-13,GRASIM, EQ, 13-Oct-2021,1637.65,1637.65,1713.25,1622.8,1683.6,1677.05,1675.59,1347796,22583.5,53689,393528,29.2,Cement
2021-10-14,GRASIM, EQ, 14-Oct-2021,1677.05,1680.0,1775.0,1680.0,1754.0,1752.5,1742.11,2309191,40228.69,98267,776735,33.64,Cement
2021-10-18,GRASIM, EQ, 18-Oct-2021,1752.5,1762.0,1798.4,1746.0,1749.0,1753.95,1773.59,1333785,23655.85,44438,596548,44.73,Cement
2021-10-19,GRASIM, EQ, 19-Oct-2021,1753.95,1757.0,1770.45,1711.55,1721.4,1717.9,1741.53,549783,9574.66,33130,189875,34.54,Cement
2021-10-20,GRASIM, EQ, 20-Oct-2021,1717.9,1710.1,1723.95,1681.8,1697.75,1692.5,1703.26,834655,14216.31,32476,416917,49.95,Cement
2021-10-21,GRASIM, EQ, 21-Oct-2021,1692.5,1709.4,1754.0,1690.05,1752.0,1745.8,1722.34,1369162,23581.63,50729,445447,32.53,Cement
2021-10-22,GRASIM, EQ, 22-Oct-2021,1745.8,1748.6,1764.75,1710.1,1715.0,1713.8,1732.81,716250,12411.24,29922,189675,26.48,Cement
2021-10-25,GRASIM, EQ, 25-Oct-2021,1713.8,1700.0,1719.7,1669.15,1709.05,1710.65,1699.36,573813,9751.16,24832,137709,24.0,Cement
2021-10-26,GRASIM, EQ, 26-Oct-2021,1710.65,1717.0,1767.0,1704.25,1746.9,1739.4,1747.31,1334788,23322.86,44209,537289,40.25,Cement
2021-10-27,GRASIM, EQ, 27-Oct-2021,1739.4,1744.0,1754.65,1722.7,1726.0,1728.4,1738.46,525885,9142.32,24218,225913,42.96,Cement
2021-10-28,GRASIM, EQ, 28-Oct-2021,1728.4,1735.95,1735.95,1692.55,1702.0,1702.4,1711.14,649517,11114.17,27718,296768,45.69,Cement
2021-10-29,GRASIM, EQ, 29-Oct-2021,1702.4,1705.0,1742.5,1675.45,1726.9,1721.1,1715.75,1152110,19767.35,40955,456184,39.6,Cement
2021-11-01,GRASIM, EQ, 01-Nov-2021,1721.1,1722.0,1795.85,1719.2,1785.0,1789.0,1771.63,1410919,24996.2,60779,421329,29.86,Cement
2021-11-02,GRASIM, EQ, 02-Nov-2021,1789.0,1792.0,1805.0,1737.5,1748.15,1744.05,1765.82,1117548,19733.89,43134,300335,26.87,Cement
2021-11-03,GRASIM, EQ, 03-Nov-2021,1744.05,1745.0,1793.2,1735.2,1782.25,1785.55,1772.09,1003482,17782.63,32277,415558,41.41,Cement
2021-11-08,GRASIM, EQ, 08-Nov-2021,1791.6,1791.6,1857.1,1779.5,1851.0,1848.95,1834.98,1492531,27387.64,65361,447415,29.98,Cement
2021-11-09,GRASIM, EQ, 09-Nov-2021,1848.95,1851.0,1879.9,1848.55,1861.0,1863.85,1866.6,1045350,19512.53,39152,453363,43.37,Cement
2021-11-10,GRASIM, EQ, 10-Nov-2021,1863.85,1846.9,1879.4,1842.0,1878.55,1874.45,1860.35,505300,9400.34,28213,181973,36.01,Cement
2021-11-11,GRASIM, EQ, 11-Nov-2021,1874.45,1877.8,1893.0,1831.8,1848.5,1844.35,1860.86,945543,17595.2,35309,339531,35.91,Cement
2021-11-12,GRASIM, EQ, 12-Nov-2021,1844.35,1857.9,1875.0,1842.5,1857.55,1858.45,1859.2,1152941,21435.49,42396,454822,39.45,Cement
2021-11-15,GRASIM, EQ, 15-Nov-2021,1858.45,1859.05,1889.95,1840.05,1853.6,1855.85,1860.8,651129,12116.18,31033,165696,25.45,Cement
2021-11-16,GRASIM, EQ, 16-Nov-2021,1855.85,1860.0,1875.0,1817.0,1817.0,1823.15,1844.14,516932,9532.96,22762,162528,31.44,Cement
2021-11-17,GRASIM, EQ, 17-Nov-2021,1823.15,1825.3,1825.3,1786.65,1792.95,1792.65,1799.87,666765,12000.93,25690,226657,33.99,Cement
2021-11-18,GRASIM, EQ, 18-Nov-2021,1792.65,1783.2,1811.95,1763.35,1770.0,1774.5,1780.66,475222,8462.1,24107,127754,26.88,Cement
2021-11-22,GRASIM, EQ, 22-Nov-2021,1774.5,1769.45,1798.3,1750.0,1783.25,1778.3,1778.45,745137,13251.87,35815,272332,36.55,Cement
2021-11-23,GRASIM, EQ, 23-Nov-2021,1778.3,1779.0,1804.5,1765.45,1776.8,1783.35,1788.63,1465028,26203.9,64835,777056,53.04,Cement
2021-11-24,GRASIM, EQ, 24-Nov-2021,1783.35,1790.0,1793.95,1734.1,1734.1,1746.95,1767.45,695846,12298.74,37962,327942,47.13,Cement
2021-11-25,GRASIM, EQ, 25-Nov-2021,1746.95,1716.0,1773.0,1716.0,1768.5,1766.75,1754.37,705771,12381.81,33055,240846,34.13,Cement
2021-11-26,GRASIM, EQ, 26-Nov-2021,1766.75,1757.3,1757.85,1679.0,1685.8,1690.1,1708.43,748265,12783.55,38532,318273,42.53,Cement
2021-11-29,GRASIM, EQ, 29-Nov-2021,1690.1,1680.0,1720.1,1642.7,1682.0,1683.95,1691.96,1448550,24508.92,51271,519166,35.84,Cement
2021-11-30,GRASIM, EQ, 30-Nov-2021,1683.95,1680.0,1709.65,1650.3,1670.6,1662.45,1674.63,1643449,27521.76,63885,1024967,62.37,Cement
2021-12-01,GRASIM, EQ, 01-Dec-2021,1662.45,1667.0,1694.4,1653.35,1688.35,1679.6,1674.83,863737,14466.09,47802,342831,39.69,Cement
2021-12-02,GRASIM, EQ, 02-Dec-2021,1679.6,1676.6,1750.05,1673.45,1733.15,1723.85,1711.81,980913,16791.33,42740,420467,42.86,Cement
2021-12-03,GRASIM, EQ, 03-Dec-2021,1723.85,1735.25,1742.1,1698.1,1702.0,1703.9,1719.06,917560,15773.39,33527,415517,45.28,Cement
2021-12-06,GRASIM, EQ, 06-Dec-2021,1703.9,1701.0,1718.6,1657.15,1664.5,1660.75,1682.99,847880,14269.72,25733,489568,57.74,Cement
2021-12-07,GRASIM, EQ, 07-Dec-2021,1660.75,1667.0,1697.0,1667.0,1686.0,1685.55,1680.35,821172,13798.54,27927,475624,57.92,Cement
2021-12-08,GRASIM, EQ, 08-Dec-2021,1685.55,1700.0,1742.0,1694.0,1718.0,1716.25,1722.75,1004508,17305.13,44808,332731,33.12,Cement
2021-12-09,GRASIM, EQ, 09-Dec-2021,1716.25,1729.8,1730.0,1702.0,1729.95,1722.75,1716.08,650798,11168.18,23857,282677,43.44,Cement
2021-12-10,GRASIM, EQ, 10-Dec-2021,1722.75,1715.0,1757.2,1715.0,1746.0,1749.2,1746.98,969438,16935.85,40346,353374,36.45,Cement
2021-12-13,GRASIM, EQ, 13-Dec-2021,1749.2,1762.0,1769.7,1727.25,1734.5,1732.45,1747.1,713443,12464.57,31286,328100,45.99,Cement
2021-12-14,GRASIM, EQ, 14-Dec-2021,1732.45,1715.0,1744.9,1710.45,1719.7,1722.0,1724.89,612932,10572.42,36610,315998,51.56,Cement
2021-12-15,GRASIM, EQ, 15-Dec-2021,1722.0,1715.0,1732.0,1698.0,1700.3,1704.4,1711.76,571551,9783.56,30030,273658,47.88,Cement
2021-12-16,GRASIM, EQ, 16-Dec-2021,1704.4,1711.9,1739.85,1701.9,1716.15,1717.3,1721.92,883358,15210.74,45937,429379,48.61,Cement
2021-12-17,GRASIM, EQ, 17-Dec-2021,1717.3,1705.55,1714.6,1656.2,1662.0,1665.8,1673.59,615334,10298.2,30793,311769,50.67,Cement
2021-12-20,GRASIM, EQ, 20-Dec-2021,1665.8,1655.8,1655.8,1601.0,1612.15,1616.45,1618.2,944832,15289.24,38207,442270,46.81,Cement
2021-12-21,GRASIM, EQ, 21-Dec-2021,1616.45,1618.15,1668.8,1618.15,1635.75,1636.45,1645.71,945319,15557.17,41678,485611,51.37,Cement
2021-12-22,GRASIM, EQ, 22-Dec-2021,1636.45,1647.9,1662.0,1629.2,1630.7,1638.6,1642.66,895467,14709.49,33475,501851,56.04,Cement
2021-12-23,GRASIM, EQ, 23-Dec-2021,1638.6,1647.0,1669.9,1636.15,1657.0,1659.6,1656.64,1106826,18336.12,36637,568967,51.41,Cement
2021-12-24,GRASIM, EQ, 24-Dec-2021,1659.6,1660.2,1668.0,1595.25,1611.0,1610.9,1615.73,1119890,18094.45,48167,378995,33.84,Cement
2021-12-27,GRASIM, EQ, 27-Dec-2021,1610.9,1600.5,1616.25,1592.2,1610.8,1602.55,1605.28,1197256,19219.26,35704,699042,58.39,Cement
2021-12-28,GRASIM, EQ, 28-Dec-2021,1602.55,1617.0,1639.4,1612.0,1618.65,1621.95,1624.94,1427238,23191.76,46445,786249,55.09,Cement
2021-12-29,GRASIM, EQ, 29-Dec-2021,1621.95,1624.0,1638.9,1598.0,1602.0,1604.65,1608.45,752575,12104.81,25897,402718,53.51,Cement
2021-12-30,GRASIM, EQ, 30-Dec-2021,1604.65,1605.0,1620.3,1587.55,1593.5,1593.65,1599.94,1160926,18574.17,40046,647157,55.74,Cement
2021-12-31,GRASIM, EQ, 31-Dec-2021,1593.65,1603.1,1644.0,1600.55,1627.0,1622.25,1627.06,1656520,26952.56,50815,706385,42.64,Cement
2022-01-03,GRASIM, EQ, 03-Jan-2022,1622.25,1629.75,1666.85,1617.0,1666.0,1661.6,1642.42,626473,10289.31,26503,195916,31.27,Cement
2022-01-04,GRASIM, EQ, 04-Jan-2022,1661.6,1671.0,1696.5,1658.0,1692.0,1692.0,1678.54,891638,14966.5,31882,324943,36.44,Cement
2022-01-05,GRASIM, EQ, 05-Jan-2022,1692.0,1685.0,1753.1,1684.0,1743.8,1747.05,1725.84,1764235,30447.93,44197,850686,48.22,Cement
2022-01-06,GRASIM, EQ, 06-Jan-2022,1747.05,1746.1,1746.1,1710.6,1720.0,1720.55,1724.84,1154118,19906.67,35448,695364,60.25,Cement
2022-01-07,GRASIM, EQ, 07-Jan-2022,1720.55,1722.0,1807.0,1722.0,1799.95,1797.65,1783.58,2894295,51622.15,89878,661287,22.85,Cement
2022-01-10,GRASIM, EQ, 10-Jan-2022,1797.65,1810.0,1845.0,1793.6,1834.15,1838.85,1823.18,1462664,26667.02,47721,642544,43.93,Cement
2022-01-11,GRASIM, EQ, 11-Jan-2022,1838.85,1834.15,1871.0,1821.0,1850.2,1846.9,1849.49,1410909,26094.6,66732,487874,34.58,Cement
2022-01-12,GRASIM, EQ, 12-Jan-2022,1846.9,1857.95,1877.45,1845.0,1871.9,1874.0,1864.69,698473,13024.38,34685,224492,32.14,Cement
2022-01-13,GRASIM, EQ, 13-Jan-2022,1874.0,1880.0,1883.0,1850.0,1852.35,1856.85,1863.23,841198,15673.46,50908,427719,50.85,Cement
2022-01-14,GRASIM, EQ, 14-Jan-2022,1856.85,1859.9,1867.75,1832.35,1855.0,1857.3,1851.39,1234583,22856.96,65544,652012,52.81,Cement
2022-01-17,GRASIM, EQ, 17-Jan-2022,1857.3,1857.3,1929.0,1846.0,1922.0,1918.7,1894.35,1251260,23703.29,52782,349870,27.96,Cement
2022-01-18,GRASIM, EQ, 18-Jan-2022,1918.7,1927.95,1929.8,1842.7,1849.3,1852.25,1884.79,941752,17750.03,47441,241184,25.61,Cement
2022-01-19,GRASIM, EQ, 19-Jan-2022,1852.25,1845.0,1863.9,1796.3,1808.45,1806.5,1820.51,806090,14674.94,35066,180197,22.35,Cement
2022-01-20,GRASIM, EQ, 20-Jan-2022,1806.5,1817.0,1836.75,1813.6,1836.5,1831.0,1827.61,713340,13037.06,43596,198343,27.8,Cement
2022-01-21,GRASIM, EQ, 21-Jan-2022,1831.0,1829.0,1829.0,1779.0,1794.4,1792.1,1796.63,524966,9431.69,30681,114296,21.77,Cement
2022-01-24,GRASIM, EQ, 24-Jan-2022,1792.1,1791.8,1791.8,1684.0,1688.0,1690.7,1728.58,1018776,17610.38,49295,373556,36.67,Cement
2022-01-25,GRASIM, EQ, 25-Jan-2022,1690.7,1668.6,1726.2,1658.05,1724.5,1721.3,1703.5,834681,14218.75,43824,306807,36.76,Cement
2022-01-27,GRASIM, EQ, 27-Jan-2022,1721.3,1697.1,1700.0,1660.1,1691.4,1687.05,1682.22,814635,13703.94,70614,378907,46.51,Cement
2022-01-28,GRASIM, EQ, 28-Jan-2022,1687.05,1700.0,1736.35,1691.05,1700.0,1697.0,1709.69,1137085,19440.68,45846,409250,35.99,Cement
2022-01-31,GRASIM, EQ, 31-Jan-2022,1697.0,1705.9,1737.0,1702.0,1726.8,1727.5,1725.04,511167,8817.81,45758,232352,45.46,Cement
2022-02-01,GRASIM, EQ, 01-Feb-2022,1727.5,1736.6,1776.95,1717.1,1772.0,1771.35,1746.73,1140710,19925.13,49725,237276,20.8,Cement
2022-02-02,GRASIM, EQ, 02-Feb-2022,1771.35,1780.0,1790.0,1763.0,1774.9,1778.1,1779.07,688940,12256.71,31612,269657,39.14,Cement
2022-02-03,GRASIM, EQ, 03-Feb-2022,1778.1,1779.05,1786.0,1722.0,1727.0,1732.7,1757.87,480434,8445.39,31666,151523,31.54,Cement
2022-02-04,GRASIM, EQ, 04-Feb-2022,1732.7,1732.7,1765.0,1727.2,1739.0,1735.3,1746.67,569416,9945.8,41252,156849,27.55,Cement
2022-02-07,GRASIM, EQ, 07-Feb-2022,1735.3,1725.05,1749.65,1700.0,1715.7,1712.35,1718.11,481298,8269.22,26684,111494,23.17,Cement
2022-02-08,GRASIM, EQ, 08-Feb-2022,1712.35,1721.35,1728.0,1685.4,1708.0,1717.8,1708.36,421620,7202.78,34137,140627,33.35,Cement
2022-02-09,GRASIM, EQ, 09-Feb-2022,1717.8,1718.1,1746.0,1713.0,1742.3,1739.7,1733.93,454006,7872.14,36510,141820,31.24,Cement
2022-02-10,GRASIM, EQ, 10-Feb-2022,1739.7,1726.6,1771.3,1726.6,1768.0,1768.55,1760.04,622393,10954.34,80064,241372,38.78,Cement
2022-02-11,GRASIM, EQ, 11-Feb-2022,1768.55,1750.0,1760.0,1702.0,1708.6,1710.15,1717.28,983623,16891.58,64620,379454,38.58,Cement
2022-02-14,GRASIM, EQ, 14-Feb-2022,1710.15,1696.6,1696.6,1635.65,1638.0,1642.95,1656.34,824741,13660.54,48974,229341,27.81,Cement
2022-02-15,GRASIM, EQ, 15-Feb-2022,1642.95,1659.3,1715.8,1618.05,1707.9,1712.1,1663.07,1194854,19871.25,72774,549684,46.0,Cement
2022-02-16,GRASIM, EQ, 16-Feb-2022,1712.1,1714.8,1749.95,1712.55,1716.0,1721.3,1734.8,1204064,20888.12,38948,436788,36.28,Cement
2022-02-17,GRASIM, EQ, 17-Feb-2022,1721.3,1737.95,1751.8,1700.0,1701.8,1711.25,1722.15,1067390,18382.09,43973,460512,43.14,Cement
2022-02-18,GRASIM, EQ, 18-Feb-2022,1711.25,1702.0,1739.9,1698.0,1716.95,1722.75,1720.7,1200407,20655.43,36544,489505,40.78,Cement
2022-02-21,GRASIM, EQ, 21-Feb-2022,1722.75,1704.0,1736.75,1687.35,1687.35,1692.45,1712.51,1031646,17667.02,38194,475790,46.12,Cement
2022-02-22,GRASIM, EQ, 22-Feb-2022,1692.45,1637.15,1689.7,1637.15,1684.45,1684.15,1673.06,880972,14739.19,37740,424531,48.19,Cement
2022-02-23,GRASIM, EQ, 23-Feb-2022,1684.15,1690.1,1704.0,1663.15,1665.5,1669.8,1679.84,673096,11306.97,42577,315908,46.93,Cement
2022-02-24,GRASIM, EQ, 24-Feb-2022,1669.8,1625.0,1652.95,1535.0,1539.0,1544.35,1582.95,1255601,19875.58,61620,521327,41.52,Cement
2022-02-25,GRASIM, EQ, 25-Feb-2022,1544.35,1580.0,1598.8,1560.15,1576.45,1567.85,1578.67,1121363,17702.64,71802,521277,46.49,Cement
2022-02-28,GRASIM, EQ, 28-Feb-2022,1567.85,1552.5,1604.4,1538.45,1600.0,1598.5,1581.27,1212286,19169.54,55772,661560,54.57,Cement
2022-03-02,GRASIM, EQ, 02-Mar-2022,1598.5,1572.0,1582.75,1538.5,1557.85,1548.5,1554.13,1146391,17816.4,59388,545776,47.61,Cement
2022-03-03,GRASIM, EQ, 03-Mar-2022,1548.5,1558.0,1577.6,1496.2,1504.0,1503.6,1530.82,1145813,17540.35,65452,470301,41.05,Cement
2022-03-04,GRASIM, EQ, 04-Mar-2022,1503.6,1485.0,1514.9,1447.0,1474.4,1477.6,1477.13,1627383,24038.57,74496,666725,40.97,Cement
2022-03-07,GRASIM, EQ, 07-Mar-2022,1477.6,1445.0,1475.7,1409.7,1449.9,1446.55,1448.19,923769,13377.97,49604,390229,42.24,Cement
2022-03-08,GRASIM, EQ, 08-Mar-2022,1446.55,1440.0,1465.7,1407.2,1452.4,1458.2,1438.93,816447,11748.13,44989,281146,34.44,Cement
2022-03-09,GRASIM, EQ, 09-Mar-2022,1458.2,1465.7,1508.7,1443.5,1492.1,1493.35,1490.55,1691246,25208.94,69434,998809,59.06,Cement
2022-03-10,GRASIM, EQ, 10-Mar-2022,1493.35,1550.0,1575.0,1531.1,1555.0,1554.9,1558.32,1486312,23161.54,68354,523084,35.19,Cement
2022-03-11,GRASIM, EQ, 11-Mar-2022,1554.9,1553.75,1575.9,1541.0,1567.2,1566.25,1562.96,1202172,18789.41,36450,706823,58.8,Cement
2022-03-14,GRASIM, EQ, 14-Mar-2022,1566.25,1556.2,1583.95,1545.9,1579.15,1577.5,1569.21,548042,8599.95,28328,220948,40.32,Cement
2022-03-15,GRASIM, EQ, 15-Mar-2022,1577.5,1573.0,1598.7,1557.6,1563.9,1564.25,1578.1,913262,14412.16,43962,320698,35.12,Cement
2022-03-16,GRASIM, EQ, 16-Mar-2022,1564.25,1579.55,1615.85,1576.2,1603.7,1604.05,1600.25,1401061,22420.43,66900,743045,53.03,Cement
2022-03-17,GRASIM, EQ, 17-Mar-2022,1604.05,1620.0,1656.75,1612.0,1623.25,1619.85,1630.22,2728198,44475.76,62978,1961802,71.91,Cement
2022-03-21,GRASIM, EQ, 21-Mar-2022,1619.85,1607.0,1614.45,1556.45,1569.0,1569.45,1581.21,1286325,20339.53,52237,593471,46.14,Cement
2022-03-22,GRASIM, EQ, 22-Mar-2022,1569.45,1569.45,1590.95,1525.1,1584.7,1582.5,1560.01,1013736,15814.4,43303,330310,32.58,Cement
2022-03-23,GRASIM, EQ, 23-Mar-2022,1582.5,1594.5,1595.0,1564.3,1578.0,1582.1,1580.39,841284,13295.59,44914,427365,50.8,Cement
2022-03-24,GRASIM, EQ, 24-Mar-2022,1582.1,1577.0,1603.9,1569.1,1598.0,1599.4,1592.66,1076441,17144.02,54454,407469,37.85,Cement
2022-03-25,GRASIM, EQ, 25-Mar-2022,1599.4,1601.5,1612.0,1574.2,1592.0,1591.05,1593.33,660227,10519.63,30533,276467,41.87,Cement
2022-03-28,GRASIM, EQ, 28-Mar-2022,1591.05,1594.8,1616.95,1575.2,1608.5,1610.95,1593.01,1278068,20359.75,37323,801165,62.69,Cement
2022-03-29,GRASIM, EQ, 29-Mar-2022,1610.95,1619.0,1638.6,1606.95,1625.1,1623.7,1619.29,1737040,28127.65,57769,1076382,61.97,Cement
2022-03-30,GRASIM, EQ, 30-Mar-2022,1623.7,1638.0,1677.95,1632.55,1666.1,1667.7,1661.44,1504728,25000.11,47311,785957,52.23,Cement
2022-03-31,GRASIM, EQ, 31-Mar-2022,1667.7,1670.0,1678.6,1650.3,1669.4,1664.0,1662.97,778296,12942.86,39233,411954,52.93,Cement
2022-04-01,GRASIM, EQ, 01-Apr-2022,1664.0,1661.2,1680.85,1658.0,1665.2,1669.95,1667.04,841336,14025.4,25428,470249,55.89,Cement
2022-04-04,GRASIM, EQ, 04-Apr-2022,1669.95,1667.0,1688.0,1659.0,1680.0,1679.7,1675.18,805053,13486.06,51352,426194,52.94,Cement
2022-04-05,GRASIM, EQ, 05-Apr-2022,1679.7,1688.0,1712.0,1669.55,1702.6,1702.3,1698.5,1201340,20404.77,55047,589646,49.08,Cement
2022-04-06,GRASIM, EQ, 06-Apr-2022,1702.3,1700.0,1717.3,1693.45,1695.5,1699.75,1705.1,446989,7621.63,25325,158062,35.36,Cement
2022-04-07,GRASIM, EQ, 07-Apr-2022,1699.75,1689.5,1700.0,1668.0,1682.0,1681.95,1681.93,863932,14530.71,29869,439222,50.84,Cement
2022-04-08,GRASIM, EQ, 08-Apr-2022,1681.95,1676.0,1785.8,1676.0,1784.45,1771.25,1748.11,2498083,43669.31,93236,659550,26.4,Cement
2022-04-11,GRASIM, EQ, 11-Apr-2022,1771.25,1784.7,1830.9,1764.7,1817.0,1820.15,1804.06,3276393,59108.19,101271,1024462,31.27,Cement
2022-04-12,GRASIM, EQ, 12-Apr-2022,1820.15,1802.0,1815.0,1750.0,1752.0,1755.5,1771.53,1501833,26605.42,50999,568111,37.83,Cement
2022-04-13,GRASIM, EQ, 13-Apr-2022,1755.5,1757.0,1778.0,1738.4,1763.8,1765.95,1758.76,836083,14704.73,40500,353985,42.34,Cement
2022-04-18,GRASIM, EQ, 18-Apr-2022,1765.95,1761.0,1767.3,1725.1,1750.0,1741.3,1741.66,464736,8094.14,30519,133744,28.78,Cement
2022-04-19,GRASIM, EQ, 19-Apr-2022,1741.3,1754.0,1777.0,1700.1,1706.0,1720.4,1744.68,744930,12996.64,40577,271005,36.38,Cement
2022-04-20,GRASIM, EQ, 20-Apr-2022,1720.4,1718.3,1759.0,1717.05,1739.9,1736.6,1740.34,675445,11755.04,30007,285803,42.31,Cement
2022-04-21,GRASIM, EQ, 21-Apr-2022,1736.6,1745.0,1769.95,1734.5,1764.0,1764.25,1751.79,708186,12405.96,35829,300169,42.39,Cement
2022-04-22,GRASIM, EQ, 22-Apr-2022,1764.25,1748.0,1754.0,1710.0,1718.0,1716.85,1730.52,896489,15513.96,63321,507347,56.59,Cement
2022-04-25,GRASIM, EQ, 25-Apr-2022,1716.85,1688.0,1705.85,1678.35,1700.0,1693.7,1693.06,451520,7644.5,29833,182398,40.4,Cement
2022-04-26,GRASIM, EQ, 26-Apr-2022,1693.7,1705.0,1730.0,1695.0,1710.85,1718.0,1713.11,750449,12856.02,32947,348553,46.45,Cement
2022-04-27,GRASIM, EQ, 27-Apr-2022,1718.0,1696.0,1709.5,1677.0,1697.05,1700.2,1692.99,424389,7184.85,22387,154485,36.4,Cement
2022-04-28,GRASIM, EQ, 28-Apr-2022,1700.2,1717.0,1721.0,1690.0,1713.3,1711.9,1705.84,811211,13838.0,35897,418239,51.56,Cement
2022-04-29,GRASIM, EQ, 29-Apr-2022,1711.9,1716.4,1738.55,1685.1,1685.55,1692.3,1713.0,1111147,19033.94,56419,566481,50.98,Cement
2022-05-02,GRASIM, EQ, 02-May-2022,1692.3,1676.0,1688.95,1657.2,1680.75,1679.55,1673.76,437101,7316.02,29287,155023,35.47,Cement
2022-05-04,GRASIM, EQ, 04-May-2022,1679.55,1680.1,1703.5,1615.35,1625.45,1622.25,1649.57,605289,9984.66,38712,230735,38.12,Cement
2022-05-05,GRASIM, EQ, 05-May-2022,1622.25,1631.95,1644.9,1601.5,1602.8,1606.9,1625.24,522780,8496.42,29886,199906,38.24,Cement
2022-05-06,GRASIM, EQ, 06-May-2022,1606.9,1590.4,1604.4,1551.05,1567.0,1565.6,1570.84,525582,8256.05,47726,182876,34.79,Cement
2022-05-09,GRASIM, EQ, 09-May-2022,1565.6,1549.95,1573.65,1536.6,1554.2,1551.75,1546.83,961587,14874.14,39909,451811,46.99,Cement
2022-05-10,GRASIM, EQ, 10-May-2022,1551.75,1551.0,1575.85,1534.4,1544.1,1542.1,1555.0,853249,13268.01,53874,460255,53.94,Cement
2022-05-11,GRASIM, EQ, 11-May-2022,1542.1,1542.0,1563.7,1508.05,1531.8,1535.35,1534.71,836760,12841.87,49999,389853,46.59,Cement
2022-05-12,GRASIM, EQ, 12-May-2022,1535.35,1527.0,1530.0,1463.25,1485.1,1485.85,1485.26,690847,10260.87,41106,266149,38.53,Cement
2022-05-13,GRASIM, EQ, 13-May-2022,1485.85,1503.6,1517.95,1465.95,1468.6,1475.1,1493.31,487457,7279.25,36308,142369,29.21,Cement
2022-05-16,GRASIM, EQ, 16-May-2022,1475.1,1475.0,1496.9,1437.6,1452.0,1452.25,1463.26,811126,11868.85,29166,335414,41.35,Cement
2022-05-17,GRASIM, EQ, 17-May-2022,1452.25,1456.0,1490.0,1448.05,1488.2,1481.4,1473.63,769192,11335.06,37024,357426,46.47,Cement
2022-05-18,GRASIM, EQ, 18-May-2022,1481.4,1490.0,1509.35,1476.15,1489.9,1487.35,1491.67,772990,11530.48,38800,354225,45.83,Cement
2022-05-19,GRASIM, EQ, 19-May-2022,1487.35,1470.0,1470.95,1446.55,1457.0,1457.8,1457.49,523734,7633.37,26171,213277,40.72,Cement
2022-05-20,GRASIM, EQ, 20-May-2022,1457.8,1472.0,1522.0,1468.25,1485.15,1488.35,1496.91,642521,9617.96,31784,221181,34.42,Cement
2022-05-23,GRASIM, EQ, 23-May-2022,1488.35,1486.0,1510.45,1452.0,1457.05,1457.4,1488.11,955989,14226.2,34531,443278,46.37,Cement
2022-05-24,GRASIM, EQ, 24-May-2022,1457.4,1458.0,1467.0,1380.0,1401.0,1402.75,1400.91,1855852,25998.87,62125,549213,29.59,Cement
2022-05-25,GRASIM, EQ, 25-May-2022,1402.75,1400.0,1444.7,1356.8,1377.0,1375.55,1404.78,3377553,47447.11,125844,756624,22.4,Cement
2022-05-26,GRASIM, EQ, 26-May-2022,1375.55,1392.0,1400.85,1340.25,1396.25,1392.55,1370.85,1556591,21338.48,60927,454665,29.21,Cement
2022-05-27,GRASIM, EQ, 27-May-2022,1392.55,1410.0,1422.95,1378.05,1398.0,1396.7,1400.14,1269670,17777.16,42982,460911,36.3,Cement
2022-05-30,GRASIM, EQ, 30-May-2022,1396.7,1410.0,1449.0,1403.1,1442.0,1441.0,1431.15,781271,11181.15,34683,241631,30.93,Cement
2022-05-31,GRASIM, EQ, 31-May-2022,1441.0,1448.25,1455.25,1419.85,1426.55,1428.6,1434.54,2025958,29063.26,44992,1160726,57.29,Cement
2022-06-01,GRASIM, EQ, 01-Jun-2022,1428.6,1425.0,1450.0,1412.6,1445.9,1436.55,1430.32,867697,12410.85,36020,369450,42.58,Cement
2022-06-02,GRASIM, EQ, 02-Jun-2022,1436.55,1449.0,1449.0,1415.6,1435.0,1432.55,1427.36,885275,12636.03,40375,276953,31.28,Cement
2022-06-03,GRASIM, EQ, 03-Jun-2022,1432.55,1435.0,1441.55,1330.05,1339.0,1339.45,1359.4,4810328,65391.63,169861,2048563,42.59,Cement
2022-06-06,GRASIM, EQ, 06-Jun-2022,1339.45,1334.0,1340.0,1310.0,1327.6,1326.7,1325.75,2354966,31221.0,98899,1181604,50.17,Cement
2022-06-07,GRASIM, EQ, 07-Jun-2022,1326.7,1315.0,1337.0,1297.5,1327.55,1326.65,1311.15,2003516,26269.16,87042,1036381,51.73,Cement
2022-06-08,GRASIM, EQ, 08-Jun-2022,1326.65,1337.0,1355.0,1307.45,1327.95,1328.75,1335.2,2660549,35523.58,80826,1423500,53.5,Cement
2022-06-09,GRASIM, EQ, 09-Jun-2022,1328.75,1327.0,1327.0,1302.0,1307.5,1309.1,1309.3,1355442,17746.81,61389,679392,50.12,Cement
2022-06-10,GRASIM, EQ, 10-Jun-2022,1309.1,1290.0,1331.8,1286.05,1325.6,1326.5,1315.56,1145407,15068.56,46406,280900,24.52,Cement
2022-06-13,GRASIM, EQ, 13-Jun-2022,1326.5,1300.0,1315.45,1285.65,1293.0,1292.55,1299.89,1199249,15588.91,52355,493304,41.13,Cement
2022-06-14,GRASIM, EQ, 14-Jun-2022,1292.55,1299.0,1321.55,1286.1,1309.0,1309.35,1305.87,1065582,13915.17,44734,375706,35.26,Cement
2022-06-15,GRASIM, EQ, 15-Jun-2022,1309.35,1319.35,1341.0,1307.95,1332.0,1331.7,1330.54,1057944,14076.36,43338,317070,29.97,Cement
2022-06-16,GRASIM, EQ, 16-Jun-2022,1331.7,1345.0,1347.9,1278.05,1283.35,1285.05,1306.12,950822,12418.86,34007,362514,38.13,Cement
2022-06-17,GRASIM, EQ, 17-Jun-2022,1285.05,1286.9,1306.75,1276.6,1292.65,1290.05,1291.45,1023071,13212.44,37972,306676,29.98,Cement
2022-06-20,GRASIM, EQ, 20-Jun-2022,1290.05,1290.1,1321.5,1285.0,1316.55,1316.0,1302.23,668116,8700.42,26471,194039,29.04,Cement
2022-06-21,GRASIM, EQ, 21-Jun-2022,1316.0,1331.0,1340.0,1316.55,1334.0,1334.1,1330.0,579716,7710.21,21010,221218,38.16,Cement
2022-06-22,GRASIM, EQ, 22-Jun-2022,1334.1,1328.1,1331.0,1310.75,1320.1,1324.9,1320.83,504441,6662.79,22617,175908,34.87,Cement
2022-06-23,GRASIM, EQ, 23-Jun-2022,1324.9,1334.0,1341.8,1299.1,1317.9,1316.05,1321.42,826538,10922.01,44407,250954,30.36,Cement
2022-06-24,GRASIM, EQ, 24-Jun-2022,1316.05,1320.45,1340.0,1311.25,1320.2,1323.25,1324.67,758735,10050.71,24733,297222,39.17,Cement
2022-06-27,GRASIM, EQ, 27-Jun-2022,1323.25,1340.0,1355.3,1332.0,1348.6,1349.3,1348.17,1122967,15139.46,60776,483159,43.03,Cement
2022-06-28,GRASIM, EQ, 28-Jun-2022,1349.3,1344.0,1353.85,1326.7,1344.95,1343.05,1341.17,658414,8830.45,24474,239231,36.33,Cement
2022-06-29,GRASIM, EQ, 29-Jun-2022,1343.05,1330.4,1359.9,1318.8,1326.25,1323.25,1335.3,1549975,20696.78,42218,756499,48.81,Cement
2022-06-30,GRASIM, EQ, 30-Jun-2022,1323.25,1331.4,1337.35,1310.1,1316.0,1320.75,1322.58,1133582,14992.56,63804,580494,51.21,Cement
2022-07-01,GRASIM, EQ, 01-Jul-2022,1320.75,1320.0,1350.0,1305.3,1345.7,1347.25,1329.26,516506,6865.7,26520,149520,28.95,Cement
2022-07-04,GRASIM, EQ, 04-Jul-2022,1347.25,1340.0,1357.6,1331.6,1349.4,1350.8,1343.7,784026,10534.97,38910,333908,42.59,Cement
2022-07-05,GRASIM, EQ, 05-Jul-2022,1350.8,1355.0,1377.8,1345.4,1347.0,1349.75,1365.13,702050,9583.92,34939,160465,22.86,Cement
2022-07-06,GRASIM, EQ, 06-Jul-2022,1349.75,1359.15,1375.2,1345.6,1373.8,1369.65,1361.16,706238,9613.04,35168,266154,37.69,Cement
2022-07-07,GRASIM, EQ, 07-Jul-2022,1369.65,1382.0,1391.9,1368.05,1376.0,1374.85,1377.92,544343,7500.63,25515,172556,31.7,Cement
2022-07-08,GRASIM, EQ, 08-Jul-2022,1374.85,1382.2,1407.0,1382.2,1390.0,1391.35,1393.06,1075544,14982.99,37871,201038,18.69,Cement
2022-07-11,GRASIM, EQ, 11-Jul-2022,1391.35,1388.05,1411.0,1374.0,1404.0,1406.0,1397.62,758222,10597.09,21528,182791,24.11,Cement
2022-07-12,GRASIM, EQ, 12-Jul-2022,1406.0,1391.25,1401.25,1376.3,1378.0,1380.05,1388.05,317577,4408.12,14985,95396,30.04,Cement
2022-07-13,GRASIM, EQ, 13-Jul-2022,1380.05,1391.8,1406.2,1388.3,1402.9,1399.15,1398.73,468626,6554.82,21051,114334,24.4,Cement
2022-07-14,GRASIM, EQ, 14-Jul-2022,1399.15,1403.0,1408.0,1380.6,1391.5,1391.8,1394.37,379336,5289.35,21860,163476,43.1,Cement
2022-07-15,GRASIM, EQ, 15-Jul-2022,1391.8,1398.8,1407.0,1388.9,1398.95,1398.2,1398.55,287642,4022.83,12876,70983,24.68,Cement
2022-07-18,GRASIM, EQ, 18-Jul-2022,1398.2,1409.0,1431.1,1406.1,1428.0,1428.3,1421.5,603707,8581.72,26952,219382,36.34,Cement
2022-07-19,GRASIM, EQ, 19-Jul-2022,1428.3,1418.0,1445.95,1418.0,1440.15,1442.2,1434.72,761726,10928.61,26463,426588,56.0,Cement
2022-07-20,GRASIM, EQ, 20-Jul-2022,1442.2,1464.85,1464.95,1438.0,1441.5,1441.65,1449.81,807206,11702.99,34669,349907,43.35,Cement
2022-07-21,GRASIM, EQ, 21-Jul-2022,1441.65,1445.0,1467.8,1442.15,1464.75,1464.6,1456.86,777037,11320.35,32903,513231,66.05,Cement
2022-07-22,GRASIM, EQ, 22-Jul-2022,1464.6,1465.0,1530.0,1457.1,1514.0,1521.35,1498.07,1643539,24621.33,83151,578264,35.18,Cement
2022-07-25,GRASIM, EQ, 25-Jul-2022,1521.35,1521.35,1521.35,1481.9,1499.0,1498.5,1496.62,1200512,17967.1,35637,702388,58.51,Cement
2022-07-26,GRASIM, EQ, 26-Jul-2022,1498.5,1498.5,1517.45,1485.1,1515.0,1514.85,1504.56,878756,13221.4,30480,433356,49.31,Cement
2022-07-27,GRASIM, EQ, 27-Jul-2022,1514.85,1513.8,1561.8,1512.95,1549.0,1546.85,1544.48,1281982,19799.95,46731,341266,26.62,Cement
2022-07-28,GRASIM, EQ, 28-Jul-2022,1546.85,1556.0,1567.05,1538.05,1547.0,1550.6,1556.92,962267,14981.71,36948,485791,50.48,Cement
2022-07-29,GRASIM, EQ, 29-Jul-2022,1550.6,1556.45,1587.7,1555.1,1573.25,1573.0,1573.66,801509,12613.0,39115,302415,37.73,Cement
2022-08-01,GRASIM, EQ, 01-Aug-2022,1573.0,1576.4,1589.35,1560.05,1568.6,1568.4,1572.11,554356,8715.1,22803,244052,44.02,Cement
2022-08-02,GRASIM, EQ, 02-Aug-2022,1568.4,1560.05,1594.5,1552.0,1591.0,1589.85,1581.52,904056,14297.83,35077,488011,53.98,Cement
2022-08-03,GRASIM, EQ, 03-Aug-2022,1589.85,1592.1,1604.55,1567.6,1586.0,1586.85,1583.28,537627,8512.14,27346,222147,41.32,Cement
2022-08-04,GRASIM, EQ, 04-Aug-2022,1586.85,1599.85,1601.7,1561.2,1580.0,1579.35,1579.05,717708,11332.97,29624,394785,55.01,Cement
2022-08-05,GRASIM, EQ, 05-Aug-2022,1579.35,1587.25,1615.9,1582.1,1596.0,1598.3,1603.07,947343,15186.55,35118,367411,38.78,Cement
2022-08-10,GRASIM, EQ, 10-Aug-2022,1598.65,1595.1,1616.2,1586.5,1611.0,1610.9,1605.46,565399,9077.27,40384,277824,49.14,Cement
2022-08-11,GRASIM, EQ, 11-Aug-2022,1610.9,1620.0,1620.05,1593.0,1599.95,1600.05,1607.17,450192,7235.37,21682,196267,43.6,Cement
2022-08-12,GRASIM, EQ, 12-Aug-2022,1600.05,1608.1,1653.0,1590.0,1621.0,1622.6,1627.72,1796597,29243.57,63959,323166,17.99,Cement
2022-08-16,GRASIM, EQ, 16-Aug-2022,1622.6,1631.5,1634.85,1542.65,1592.5,1591.55,1582.09,1425869,22558.53,60384,435659,30.55,Cement
2022-08-17,GRASIM, EQ, 17-Aug-2022,1591.55,1600.0,1638.95,1596.05,1614.45,1616.55,1618.67,1048370,16969.69,42706,271838,25.93,Cement
2022-08-18,GRASIM, EQ, 18-Aug-2022,1616.55,1608.0,1621.6,1586.0,1615.0,1613.75,1604.93,1006971,16161.15,32330,393173,39.05,Cement
2022-08-19,GRASIM, EQ, 19-Aug-2022,1613.75,1619.95,1622.0,1594.1,1600.0,1605.85,1608.8,812320,13068.63,23923,354207,43.6,Cement
2022-08-22,GRASIM, EQ, 22-Aug-2022,1605.85,1599.0,1599.0,1553.75,1560.6,1564.1,1576.04,958753,15110.36,38239,518209,54.05,Cement
2022-08-23,GRASIM, EQ, 23-Aug-2022,1564.1,1558.0,1607.5,1546.95,1596.0,1595.45,1593.43,1871015,29813.4,59147,1178215,62.97,Cement
2022-08-24,GRASIM, EQ, 24-Aug-2022,1595.45,1595.0,1617.15,1575.05,1605.0,1612.25,1603.79,904403,14504.76,31572,460032,50.87,Cement
2022-08-25,GRASIM, EQ, 25-Aug-2022,1612.25,1617.0,1647.4,1616.05,1621.4,1624.85,1629.95,868700,14159.42,42546,429453,49.44,Cement
2022-08-26,GRASIM, EQ, 26-Aug-2022,1624.85,1629.95,1687.45,1629.95,1682.95,1675.25,1664.87,1347528,22434.65,48884,517221,38.38,Cement
2022-08-29,GRASIM, EQ, 29-Aug-2022,1675.25,1634.0,1682.0,1614.1,1668.25,1664.05,1662.63,1003469,16683.99,38235,505389,50.36,Cement
2022-08-30,GRASIM, EQ, 30-Aug-2022,1664.05,1670.2,1692.0,1670.2,1675.0,1678.65,1680.42,826762,13893.09,34922,400923,48.49,Cement
2022-09-01,GRASIM, EQ, 01-Sep-2022,1678.65,1660.5,1706.45,1660.4,1681.35,1685.0,1691.63,1363522,23065.71,56617,729934,53.53,Cement
2022-09-02,GRASIM, EQ, 02-Sep-2022,1685.0,1685.4,1697.5,1670.05,1683.5,1687.9,1685.75,599035,10098.26,33731,274172,45.77,Cement
2022-09-05,GRASIM, EQ, 05-Sep-2022,1687.9,1692.95,1714.25,1680.0,1706.05,1710.75,1703.88,787306,13414.77,32287,377516,47.95,Cement
2022-09-06,GRASIM, EQ, 06-Sep-2022,1710.75,1704.0,1730.75,1704.0,1717.5,1723.05,1719.75,830524,14282.95,31499,396754,47.77,Cement
2022-09-07,GRASIM, EQ, 07-Sep-2022,1723.05,1710.0,1755.0,1710.0,1751.85,1750.15,1735.73,797671,13845.39,35086,213644,26.78,Cement
2022-09-08,GRASIM, EQ, 08-Sep-2022,1750.15,1757.3,1772.5,1750.05,1769.9,1769.85,1764.37,606324,10697.8,25088,217108,35.81,Cement
2022-09-09,GRASIM, EQ, 09-Sep-2022,1769.85,1772.5,1797.8,1742.25,1747.0,1748.25,1769.33,692961,12260.75,48147,260297,37.56,Cement
2022-09-12,GRASIM, EQ, 12-Sep-2022,1748.25,1747.0,1772.0,1747.0,1767.0,1768.45,1764.18,418421,7381.7,22930,132001,31.55,Cement
2022-09-13,GRASIM, EQ, 13-Sep-2022,1768.45,1771.0,1808.65,1771.0,1788.25,1789.65,1795.12,808960,14521.83,32594,364555,45.06,Cement
2022-09-14,GRASIM, EQ, 14-Sep-2022,1789.65,1764.0,1798.85,1764.0,1775.95,1782.8,1786.43,707736,12643.2,35188,249132,35.2,Cement
2022-09-15,GRASIM, EQ, 15-Sep-2022,1782.8,1786.0,1816.25,1776.9,1806.0,1808.3,1799.12,1073804,19319.05,39233,499800,46.54,Cement
2022-09-16,GRASIM, EQ, 16-Sep-2022,1808.3,1799.9,1806.0,1725.9,1741.05,1744.6,1755.25,1027697,18038.61,43299,448709,43.66,Cement
2022-09-19,GRASIM, EQ, 19-Sep-2022,1744.6,1740.0,1762.95,1726.6,1749.85,1749.35,1747.55,515331,9005.66,30016,186130,36.12,Cement
2022-09-20,GRASIM, EQ, 20-Sep-2022,1749.35,1760.0,1767.95,1731.2,1735.2,1741.65,1742.85,1019080,17761.0,40677,481047,47.2,Cement
2022-09-21,GRASIM, EQ, 21-Sep-2022,1741.65,1739.0,1749.3,1710.0,1717.95,1719.85,1725.91,1127505,19459.7,46993,622223,55.19,Cement
2022-09-22,GRASIM, EQ, 22-Sep-2022,1719.85,1719.85,1736.0,1696.8,1733.0,1732.7,1719.9,476080,8188.1,17620,184560,38.77,Cement
2022-09-23,GRASIM, EQ, 23-Sep-2022,1732.7,1733.0,1734.5,1690.0,1694.0,1697.4,1707.02,636418,10863.76,41692,410554,64.51,Cement
2022-09-26,GRASIM, EQ, 26-Sep-2022,1697.4,1677.05,1693.0,1652.5,1655.7,1665.45,1671.74,780954,13055.49,49095,398476,51.02,Cement
2022-09-27,GRASIM, EQ, 27-Sep-2022,1665.45,1665.0,1696.95,1643.95,1693.25,1682.5,1672.39,569269,9520.38,30265,211949,37.23,Cement
2022-09-28,GRASIM, EQ, 28-Sep-2022,1682.5,1665.0,1687.75,1654.3,1664.0,1669.15,1674.14,548119,9176.3,31941,246907,45.05,Cement
2022-09-29,GRASIM, EQ, 29-Sep-2022,1669.15,1677.5,1689.85,1651.3,1654.45,1655.8,1663.47,541780,9012.36,41683,293663,54.2,Cement
2022-09-30,GRASIM, EQ, 30-Sep-2022,1655.8,1683.0,1697.0,1653.95,1675.05,1674.85,1676.52,812035,13613.9,36121,396960,48.88,Cement
2022-10-03,GRASIM, EQ, 03-Oct-2022,1674.85,1671.0,1681.45,1628.05,1650.0,1636.45,1650.59,472998,7807.26,27355,210417,44.49,Cement
2022-10-04,GRASIM, EQ, 04-Oct-2022,1636.45,1667.8,1688.6,1651.4,1685.0,1683.9,1678.56,513621,8621.46,23136,264154,51.43,Cement
2022-10-06,GRASIM, EQ, 06-Oct-2022,1683.9,1692.35,1705.0,1675.0,1675.65,1683.1,1692.35,613655,10385.2,40906,307659,50.14,Cement
2022-10-07,GRASIM, EQ, 07-Oct-2022,1683.1,1675.0,1702.9,1655.0,1702.8,1697.9,1682.0,688616,11582.52,43436,335518,48.72,Cement
2022-10-10,GRASIM, EQ, 10-Oct-2022,1697.9,1682.0,1687.95,1657.2,1674.0,1673.95,1673.17,768330,12855.48,32538,432607,56.3,Cement
2022-10-11,GRASIM, EQ, 11-Oct-2022,1673.95,1681.2,1682.0,1637.2,1644.65,1644.5,1660.79,407835,6773.27,29149,196447,48.17,Cement
2022-10-12,GRASIM, EQ, 12-Oct-2022,1644.5,1652.0,1677.0,1631.3,1677.0,1671.65,1659.48,410530,6812.68,20830,153225,37.32,Cement
2022-10-13,GRASIM, EQ, 13-Oct-2022,1671.65,1670.2,1684.75,1640.0,1678.6,1679.75,1664.72,748089,12453.57,21720,361616,48.34,Cement
2022-10-14,GRASIM, EQ, 14-Oct-2022,1679.75,1699.0,1715.25,1687.8,1700.0,1695.55,1701.42,565937,9628.95,27311,238144,42.08,Cement
2022-10-17,GRASIM, EQ, 17-Oct-2022,1695.55,1690.0,1709.0,1675.25,1688.85,1691.15,1694.34,708434,12003.3,29604,398832,56.3,Cement
2022-10-18,GRASIM, EQ, 18-Oct-2022,1691.15,1699.65,1700.7,1680.3,1686.95,1688.25,1691.19,469877,7946.51,21013,283256,60.28,Cement
2022-10-19,GRASIM, EQ, 19-Oct-2022,1688.25,1691.0,1712.65,1677.5,1682.1,1684.35,1689.92,1078290,18222.23,31345,567579,52.64,Cement
2022-10-20,GRASIM, EQ, 20-Oct-2022,1684.35,1683.45,1694.75,1668.15,1689.0,1688.95,1680.8,428929,7209.45,26945,190475,44.41,Cement
2022-10-21,GRASIM, EQ, 21-Oct-2022,1688.95,1689.95,1714.95,1669.2,1672.95,1677.05,1691.84,469610,7945.07,25031,139513,29.71,Cement
2022-10-24,GRASIM, EQ, 24-Oct-2022,1677.05,1695.0,1708.0,1690.0,1700.35,1699.05,1697.31,56066,951.62,2869,24090,42.97,Cement
2022-10-25,GRASIM, EQ, 25-Oct-2022,1699.05,1696.5,1729.0,1692.9,1713.35,1714.7,1714.75,705866,12103.87,30038,310432,43.98,Cement
2022-10-27,GRASIM, EQ, 27-Oct-2022,1714.7,1729.8,1740.5,1720.85,1721.4,1724.45,1728.01,566528,9789.66,27554,297452,52.5,Cement
2022-10-28,GRASIM, EQ, 28-Oct-2022,1724.45,1729.9,1738.0,1671.9,1686.0,1684.2,1693.98,442004,7487.48,24257,162395,36.74,Cement
2022-10-31,GRASIM, EQ, 31-Oct-2022,1684.2,1692.65,1730.0,1688.5,1725.0,1721.7,1717.4,591913,10165.53,29625,320394,54.13,Cement
2022-11-01,GRASIM, EQ, 01-Nov-2022,1721.7,1728.2,1770.0,1728.2,1764.95,1761.3,1757.54,859226,15101.21,36407,328101,38.19,Cement
2022-11-02,GRASIM, EQ, 02-Nov-2022,1761.3,1761.3,1782.95,1752.0,1756.2,1760.05,1764.2,679409,11986.17,28517,305151,44.91,Cement
2022-11-03,GRASIM, EQ, 03-Nov-2022,1760.05,1750.1,1771.95,1735.55,1749.0,1745.65,1750.44,369474,6467.4,19910,134197,36.32,Cement
2022-11-04,GRASIM, EQ, 04-Nov-2022,1745.65,1751.0,1772.0,1743.05,1768.0,1765.1,1758.64,444025,7808.79,21733,191483,43.12,Cement
2022-11-07,GRASIM, EQ, 07-Nov-2022,1765.1,1771.0,1795.1,1762.35,1768.5,1775.2,1779.33,769081,13684.49,35520,318041,41.35,Cement
2022-11-09,GRASIM, EQ, 09-Nov-2022,1775.2,1793.95,1793.95,1733.35,1739.0,1745.5,1752.93,614537,10772.43,27229,298227,48.53,Cement
2022-11-10,GRASIM, EQ, 10-Nov-2022,1745.5,1740.0,1740.1,1695.75,1709.85,1704.55,1710.85,611002,10453.3,33164,308168,50.44,Cement
2022-11-11,GRASIM, EQ, 11-Nov-2022,1704.55,1713.1,1738.9,1695.55,1715.35,1708.45,1715.9,1078818,18511.46,50308,626996,58.12,Cement
2022-11-14,GRASIM, EQ, 14-Nov-2022,1708.45,1711.0,1756.9,1707.25,1745.95,1748.5,1739.41,1565139,27224.19,77247,475510,30.38,Cement
2022-11-15,GRASIM, EQ, 15-Nov-2022,1748.5,1748.5,1756.45,1711.1,1736.0,1733.5,1729.49,1009398,17457.45,46678,352223,34.89,Cement
2022-11-16,GRASIM, EQ, 16-Nov-2022,1733.5,1736.0,1749.95,1705.0,1720.0,1727.5,1726.53,900242,15542.98,39116,321264,35.69,Cement
2022-11-17,GRASIM, EQ, 17-Nov-2022,1727.5,1723.9,1723.9,1697.0,1700.0,1710.65,1708.37,635825,10862.22,25963,208306,32.76,Cement
2022-11-18,GRASIM, EQ, 18-Nov-2022,1710.65,1714.0,1723.45,1681.3,1709.95,1708.85,1700.12,750559,12760.41,25196,255684,34.07,Cement
2022-11-21,GRASIM, EQ, 21-Nov-2022,1708.85,1699.45,1708.0,1676.0,1683.3,1682.4,1687.05,415891,7016.27,20203,119766,28.8,Cement
2022-11-22,GRASIM, EQ, 22-Nov-2022,1682.4,1687.8,1716.85,1682.0,1700.0,1699.7,1701.26,789511,13431.65,41931,283280,35.88,Cement
2022-11-23,GRASIM, EQ, 23-Nov-2022,1699.7,1704.9,1713.65,1693.6,1700.0,1702.55,1702.32,513944,8748.97,24119,246201,47.9,Cement
2022-11-24,GRASIM, EQ, 24-Nov-2022,1702.55,1709.9,1733.7,1698.0,1730.0,1723.45,1720.77,857833,14761.36,35594,421825,49.17,Cement
2022-11-25,GRASIM, EQ, 25-Nov-2022,1723.45,1730.0,1739.0,1705.95,1735.05,1735.15,1727.03,581855,10048.83,27105,300784,51.69,Cement
2022-11-28,GRASIM, EQ, 28-Nov-2022,1735.15,1723.25,1743.95,1713.55,1717.0,1716.95,1725.14,408790,7052.2,16747,154127,37.7,Cement
2022-11-29,GRASIM, EQ, 29-Nov-2022,1716.95,1720.0,1732.0,1714.65,1716.0,1719.15,1722.18,492703,8485.24,25172,280267,56.88,Cement
2022-11-30,GRASIM, EQ, 30-Nov-2022,1719.15,1725.2,1768.6,1725.2,1763.0,1759.75,1749.01,1133250,19820.7,43805,631923,55.76,Cement
2022-12-01,GRASIM, EQ, 01-Dec-2022,1759.75,1770.0,1807.4,1760.0,1806.0,1799.95,1785.74,895030,15982.93,37126,359070,40.12,Cement
2022-12-02,GRASIM, EQ, 02-Dec-2022,1799.95,1796.8,1824.7,1786.0,1817.4,1819.65,1809.47,1352278,24469.02,49429,505079,37.35,Cement
2022-12-05,GRASIM, EQ, 05-Dec-2022,1819.65,1827.8,1837.0,1812.8,1817.35,1816.15,1824.31,833967,15214.16,46169,324385,38.9,Cement
2022-12-06,GRASIM, EQ, 06-Dec-2022,1816.15,1814.0,1830.0,1800.0,1829.0,1826.05,1813.44,628566,11398.66,33724,286371,45.56,Cement
2022-12-07,GRASIM, EQ, 07-Dec-2022,1826.05,1837.0,1839.5,1800.0,1805.0,1808.2,1814.62,654973,11885.26,29929,244784,37.37,Cement
2022-12-08,GRASIM, EQ, 08-Dec-2022,1808.2,1808.2,1825.3,1806.05,1810.75,1812.45,1816.09,333055,6048.57,23477,118179,35.48,Cement
2022-12-09,GRASIM, EQ, 09-Dec-2022,1812.45,1819.45,1835.55,1788.3,1801.0,1799.9,1809.22,521160,9428.93,30717,220008,42.22,Cement
2022-12-12,GRASIM, EQ, 12-Dec-2022,1799.9,1803.0,1819.2,1776.05,1817.0,1815.3,1805.75,455921,8232.79,27222,166572,36.54,Cement
2022-12-13,GRASIM, EQ, 13-Dec-2022,1815.3,1817.0,1825.0,1802.7,1809.0,1810.8,1811.76,450664,8164.93,27444,212431,47.14,Cement
2022-12-14,GRASIM, EQ, 14-Dec-2022,1810.8,1815.0,1833.95,1811.25,1818.8,1821.85,1824.8,533743,9739.76,24394,248942,46.64,Cement
2022-12-15,GRASIM, EQ, 15-Dec-2022,1821.85,1822.8,1825.3,1778.0,1779.0,1786.9,1802.6,317751,5727.77,18239,107878,33.95,Cement
2022-12-16,GRASIM, EQ, 16-Dec-2022,1786.9,1779.0,1790.1,1752.0,1757.75,1756.35,1764.42,709051,12510.65,32881,349008,49.22,Cement
2022-12-19,GRASIM, EQ, 19-Dec-2022,1756.35,1752.0,1769.9,1744.0,1763.0,1765.8,1758.75,311950,5486.42,18264,123631,39.63,Cement
2022-12-20,GRASIM, EQ, 20-Dec-2022,1765.8,1762.0,1763.95,1729.65,1757.05,1758.95,1747.53,441273,7711.39,18681,219912,49.84,Cement
2022-12-21,GRASIM, EQ, 21-Dec-2022,1758.95,1760.55,1772.4,1727.85,1734.0,1732.9,1745.94,409915,7156.87,19889,138101,33.69,Cement
2022-12-22,GRASIM, EQ, 22-Dec-2022,1732.9,1746.0,1755.75,1726.05,1744.5,1744.85,1742.48,419967,7317.86,27421,104334,24.84,Cement
2022-12-23,GRASIM, EQ, 23-Dec-2022,1744.85,1725.0,1745.9,1704.95,1706.65,1709.1,1719.98,357278,6145.09,36756,86848,24.31,Cement
2022-12-26,GRASIM, EQ, 26-Dec-2022,1709.1,1711.6,1741.0,1704.0,1726.0,1729.05,1728.42,384118,6639.18,26858,130655,34.01,Cement
2022-12-27,GRASIM, EQ, 27-Dec-2022,1729.05,1737.7,1748.8,1728.05,1746.0,1739.4,1738.73,235642,4097.17,25805,81416,34.55,Cement
2022-12-28,GRASIM, EQ, 28-Dec-2022,1739.4,1731.0,1768.1,1731.0,1746.0,1752.55,1754.92,361338,6341.18,18490,110091,30.47,Cement
2022-12-29,GRASIM, EQ, 29-Dec-2022,1752.55,1745.9,1760.0,1721.0,1760.0,1752.75,1735.36,382979,6646.08,23138,144270,37.67,Cement
2022-12-30,GRASIM, EQ, 30-Dec-2022,1752.75,1755.35,1771.45,1718.15,1722.0,1723.5,1740.85,295678,5147.32,19548,97490,32.97,Cement
2023-01-02,GRASIM, EQ, 02-Jan-2023,1723.5,1725.4,1748.0,1720.0,1733.0,1731.3,1736.29,310889,5397.93,21463,89481,28.78,Cement
2023-01-03,GRASIM, EQ, 03-Jan-2023,1731.3,1724.5,1742.3,1712.4,1719.0,1717.05,1725.45,546528,9430.04,33437,274739,50.27,Cement
2023-01-04,GRASIM, EQ, 04-Jan-2023,1717.05,1722.4,1728.0,1685.5,1688.0,1690.3,1701.01,434242,7386.49,28661,129672,29.86,Cement
2023-01-05,GRASIM, EQ, 05-Jan-2023,1690.3,1698.8,1707.85,1676.55,1702.15,1698.3,1692.41,485255,8212.49,36262,212987,43.89,Cement
2023-01-06,GRASIM, EQ, 06-Jan-2023,1698.3,1698.9,1699.65,1665.0,1677.15,1680.6,1680.3,584894,9827.95,29074,261478,44.71,Cement
2023-01-09,GRASIM, EQ, 09-Jan-2023,1680.6,1699.9,1699.9,1662.5,1669.0,1673.6,1678.2,653830,10972.55,39489,299225,45.76,Cement
2023-01-10,GRASIM, EQ, 10-Jan-2023,1673.6,1673.95,1684.7,1633.2,1651.5,1651.0,1651.04,592158,9776.76,40555,284294,48.01,Cement
2023-01-11,GRASIM, EQ, 11-Jan-2023,1651.0,1651.5,1658.85,1628.1,1634.0,1635.05,1637.85,643774,10544.05,35478,325721,50.6,Cement
2023-01-12,GRASIM, EQ, 12-Jan-2023,1635.05,1639.6,1665.0,1632.1,1643.0,1642.4,1646.37,905079,14900.98,54937,454709,50.24,Cement
2023-01-13,GRASIM, EQ, 13-Jan-2023,1642.4,1648.45,1671.45,1641.15,1654.55,1655.1,1659.03,635356,10540.78,33674,361204,56.85,Cement
2023-01-16,GRASIM, EQ, 16-Jan-2023,1655.1,1659.5,1668.4,1640.0,1649.0,1648.5,1649.86,359143,5925.35,21873,177037,49.29,Cement
2023-01-17,GRASIM, EQ, 17-Jan-2023,1648.5,1642.0,1666.0,1642.0,1662.0,1660.7,1657.38,512958,8501.66,35386,278295,54.25,Cement
2023-01-18,GRASIM, EQ, 18-Jan-2023,1660.7,1668.0,1686.8,1663.95,1678.0,1676.5,1675.3,714139,11963.96,32687,299379,41.92,Cement
2023-01-19,GRASIM, EQ, 19-Jan-2023,1676.5,1674.0,1693.0,1668.65,1670.0,1676.9,1681.46,621705,10453.71,33842,379954,61.11,Cement
2023-01-20,GRASIM, EQ, 20-Jan-2023,1676.9,1676.9,1687.45,1652.25,1660.5,1655.35,1664.98,315787,5257.78,20797,134992,42.75,Cement
2023-01-23,GRASIM, EQ, 23-Jan-2023,1655.35,1663.0,1667.8,1615.35,1622.5,1631.3,1635.79,672395,10998.97,37375,316458,47.06,Cement
2023-01-24,GRASIM, EQ, 24-Jan-2023,1631.3,1634.0,1637.95,1593.2,1602.95,1603.2,1608.31,449028,7221.77,33153,172562,38.43,Cement
2023-01-25,GRASIM, EQ, 25-Jan-2023,1603.2,1603.2,1610.95,1582.25,1590.0,1593.75,1596.1,501553,8005.29,28367,168324,33.56,Cement
2023-01-27,GRASIM, EQ, 27-Jan-2023,1593.75,1593.95,1602.5,1549.5,1581.85,1578.45,1575.55,911880,14367.15,51506,448453,49.18,Cement
2023-01-30,GRASIM, EQ, 30-Jan-2023,1578.45,1579.85,1606.35,1566.0,1599.0,1598.6,1588.86,465449,7395.32,41843,182192,39.14,Cement
2023-01-31,GRASIM, EQ, 31-Jan-2023,1598.6,1602.45,1621.0,1583.1,1590.55,1590.2,1592.67,1528204,24339.27,56423,1065740,69.74,Cement
2023-02-01,GRASIM, EQ, 01-Feb-2023,1590.2,1593.0,1623.0,1566.05,1578.55,1587.8,1597.72,739030,11807.62,40877,368643,49.88,Cement
2023-02-02,GRASIM, EQ, 02-Feb-2023,1587.8,1575.0,1603.45,1562.7,1598.0,1598.75,1590.48,718483,11427.36,53061,372819,51.89,Cement
2023-02-03,GRASIM, EQ, 03-Feb-2023,1598.75,1600.0,1619.05,1575.85,1613.9,1616.35,1598.89,751430,12014.57,44634,435292,57.93,Cement
2023-02-06,GRASIM, EQ, 06-Feb-2023,1616.35,1617.8,1621.15,1597.1,1617.0,1618.1,1611.8,497081,8011.98,27660,231124,46.5,Cement
2023-02-07,GRASIM, EQ, 07-Feb-2023,1618.1,1619.6,1632.65,1607.35,1613.1,1616.3,1616.49,592717,9581.23,23478,285988,48.25,Cement
2023-02-08,GRASIM, EQ, 08-Feb-2023,1616.3,1616.95,1641.0,1615.75,1637.9,1636.55,1628.96,511886,8338.41,29958,233185,45.55,Cement
2023-02-09,GRASIM, EQ, 09-Feb-2023,1636.55,1636.55,1662.0,1627.65,1644.5,1643.45,1650.46,1018831,16815.44,42984,516866,50.73,Cement
2023-02-10,GRASIM, EQ, 10-Feb-2023,1643.45,1640.0,1642.35,1622.5,1638.5,1635.3,1632.21,331940,5417.96,19899,125245,37.73,Cement
2023-02-13,GRASIM, EQ, 13-Feb-2023,1635.3,1635.0,1643.2,1617.6,1618.3,1622.3,1628.5,241644,3935.17,26864,70840,29.32,Cement
2023-02-14,GRASIM, EQ, 14-Feb-2023,1622.3,1623.0,1627.75,1578.4,1603.7,1604.7,1602.43,1046887,16775.64,54470,286734,27.39,Cement
2023-02-15,GRASIM, EQ, 15-Feb-2023,1604.7,1604.7,1640.0,1598.15,1629.2,1626.15,1615.94,641985,10374.07,37680,159185,24.8,Cement
2023-02-16,GRASIM, EQ, 16-Feb-2023,1626.15,1632.2,1642.7,1616.95,1627.0,1629.65,1630.89,311183,5075.05,17489,104900,33.71,Cement
2023-02-17,GRASIM, EQ, 17-Feb-2023,1629.65,1625.1,1668.8,1621.95,1643.85,1642.95,1650.74,873623,14421.25,36189,245406,28.09,Cement
2023-02-20,GRASIM, EQ, 20-Feb-2023,1642.95,1644.0,1650.3,1622.15,1631.6,1632.0,1635.18,445964,7292.32,29325,228566,51.25,Cement
2023-02-21,GRASIM, EQ, 21-Feb-2023,1632.0,1635.0,1658.9,1625.2,1634.8,1633.15,1640.58,537330,8815.32,33035,207231,38.57,Cement
2023-02-22,GRASIM, EQ, 22-Feb-2023,1633.15,1634.25,1634.25,1570.6,1577.0,1574.15,1589.52,1052145,16724.11,47058,517464,49.18,Cement
2023-02-23,GRASIM, EQ, 23-Feb-2023,1574.15,1582.0,1588.5,1568.15,1578.3,1580.35,1578.87,483615,7635.64,41126,181869,37.61,Cement
2023-02-24,GRASIM, EQ, 24-Feb-2023,1580.35,1580.6,1594.5,1571.1,1582.0,1575.2,1580.37,389169,6150.3,20956,169814,43.64,Cement
2023-02-27,GRASIM, EQ, 27-Feb-2023,1575.2,1581.0,1584.95,1554.05,1577.95,1571.6,1567.43,395928,6205.9,26616,160975,40.66,Cement
2023-02-28,GRASIM, EQ, 28-Feb-2023,1571.6,1578.0,1584.45,1558.1,1571.0,1578.55,1572.32,739148,11621.81,34175,408146,55.22,Cement
2023-03-01,GRASIM, EQ, 01-Mar-2023,1578.55,1568.0,1598.0,1568.0,1595.0,1593.65,1586.85,286958,4553.6,24445,113283,39.48,Cement
2023-03-02,GRASIM, EQ, 02-Mar-2023,1593.65,1594.0,1602.0,1588.0,1600.95,1598.5,1595.02,284986,4545.57,22806,135383,47.51,Cement
2023-03-03,GRASIM, EQ, 03-Mar-2023,1598.5,1602.0,1611.95,1590.55,1596.0,1596.25,1600.08,608832,9741.82,27011,299907,49.26,Cement
2023-03-06,GRASIM, EQ, 06-Mar-2023,1596.25,1599.95,1611.0,1596.0,1597.0,1598.55,1602.85,329354,5279.06,13092,167803,50.95,Cement
2023-03-08,GRASIM, EQ, 08-Mar-2023,1598.55,1599.0,1609.0,1594.75,1595.3,1601.1,1600.96,433848,6945.74,21952,244522,56.36,Cement
2023-03-09,GRASIM, EQ, 09-Mar-2023,1601.1,1601.1,1608.75,1585.5,1600.0,1601.25,1597.03,301702,4818.27,15098,134427,44.56,Cement
2023-03-10,GRASIM, EQ, 10-Mar-2023,1601.25,1585.0,1606.75,1583.15,1594.95,1595.9,1595.01,456771,7285.55,22729,174812,38.27,Cement
2023-03-13,GRASIM, EQ, 13-Mar-2023,1595.9,1602.0,1618.15,1549.1,1564.95,1562.05,1586.27,801605,12715.6,36425,321814,40.15,Cement
2023-03-14,GRASIM, EQ, 14-Mar-2023,1562.05,1569.85,1569.85,1541.3,1560.05,1561.2,1555.01,505806,7865.33,32413,192769,38.11,Cement
2023-03-15,GRASIM, EQ, 15-Mar-2023,1561.2,1562.0,1579.45,1546.45,1551.1,1550.6,1562.27,549477,8584.29,35689,215392,39.2,Cement
2023-03-16,GRASIM, EQ, 16-Mar-2023,1550.6,1558.25,1566.7,1527.05,1565.0,1560.45,1550.2,581059,9007.57,30441,248061,42.69,Cement
2023-03-17,GRASIM, EQ, 17-Mar-2023,1560.45,1570.0,1592.35,1556.0,1589.6,1585.25,1577.33,695861,10976.04,27039,415708,59.74,Cement
2023-03-20,GRASIM, EQ, 20-Mar-2023,1585.25,1551.0,1599.0,1551.0,1594.85,1592.8,1580.09,528418,8349.48,40957,209523,39.65,Cement
2023-03-21,GRASIM, EQ, 21-Mar-2023,1592.8,1600.0,1609.0,1587.75,1607.0,1606.2,1601.33,568561,9104.53,25775,255496,44.94,Cement
2023-03-22,GRASIM, EQ, 22-Mar-2023,1606.2,1610.0,1616.0,1598.3,1612.65,1612.9,1608.42,295100,4746.46,15148,96715,32.77,Cement
2023-03-23,GRASIM, EQ, 23-Mar-2023,1612.9,1609.9,1620.0,1600.0,1603.0,1605.95,1610.81,312687,5036.79,22321,76983,24.62,Cement
2023-03-24,GRASIM, EQ, 24-Mar-2023,1605.95,1605.0,1608.45,1587.3,1597.9,1594.3,1595.62,373052,5952.5,26426,179157,48.02,Cement
2023-03-27,GRASIM, EQ, 27-Mar-2023,1594.3,1585.2,1647.95,1585.2,1623.9,1630.95,1625.53,627715,10203.67,26946,184111,29.33,Cement
2023-03-28,GRASIM, EQ, 28-Mar-2023,1630.95,1623.0,1641.7,1601.6,1610.3,1611.1,1618.83,580459,9396.64,40002,194465,33.5,Cement
2023-03-29,GRASIM, EQ, 29-Mar-2023,1611.1,1619.2,1637.85,1611.1,1635.0,1631.7,1627.18,575470,9363.94,31303,301655,52.42,Cement
2023-03-31,GRASIM, EQ, 31-Mar-2023,1631.7,1635.7,1651.65,1628.6,1636.45,1632.7,1638.55,780027,12781.13,48958,519995,66.66,Cement
2023-04-03,GRASIM, EQ, 03-Apr-2023,1632.7,1629.8,1641.6,1620.15,1625.0,1627.95,1628.56,763094,12427.46,42458,565563,74.11,Cement
2023-04-05,GRASIM, EQ, 05-Apr-2023,1627.95,1630.0,1664.55,1614.25,1658.0,1659.25,1632.89,1438018,23481.27,46178,1071479,74.51,Cement
2023-04-06,GRASIM, EQ, 06-Apr-2023,1659.25,1664.15,1674.0,1650.3,1667.35,1669.05,1666.2,638863,10644.76,27668,309863,48.5,Cement
2023-04-10,GRASIM, EQ, 10-Apr-2023,1669.05,1674.95,1714.1,1670.05,1705.0,1710.25,1700.3,825710,14039.54,24387,453337,54.9,Cement
2023-04-11,GRASIM, EQ, 11-Apr-2023,1710.25,1709.8,1721.55,1695.6,1711.3,1711.1,1710.72,435839,7455.97,22975,191529,43.94,Cement
2023-04-12,GRASIM, EQ, 12-Apr-2023,1711.1,1715.5,1741.3,1711.5,1718.35,1717.45,1723.98,658775,11357.15,33798,279368,42.41,Cement
2023-04-13,GRASIM, EQ, 13-Apr-2023,1717.45,1717.0,1719.05,1691.3,1703.5,1701.1,1701.2,257830,4386.21,22127,93759,36.36,Cement
2023-04-17,GRASIM, EQ, 17-Apr-2023,1701.1,1689.05,1728.5,1689.05,1724.5,1723.65,1716.01,720398,12362.12,34569,410058,56.92,Cement
2023-04-18,GRASIM, EQ, 18-Apr-2023,1723.65,1729.95,1735.65,1698.55,1706.0,1704.95,1715.57,331404,5685.48,21066,95179,28.72,Cement
2023-04-19,GRASIM, EQ, 19-Apr-2023,1704.95,1709.55,1712.0,1680.95,1690.95,1690.1,1695.65,312026,5290.87,22909,152104,48.75,Cement
2023-04-20,GRASIM, EQ, 20-Apr-2023,1690.1,1698.3,1698.3,1680.0,1686.0,1687.45,1687.58,198674,3352.79,15108,78541,39.53,Cement
2023-04-21,GRASIM, EQ, 21-Apr-2023,1687.45,1685.75,1692.0,1656.65,1659.1,1661.95,1666.3,324860,5413.13,25129,139400,42.91,Cement
2023-04-24,GRASIM, EQ, 24-Apr-2023,1661.95,1662.0,1693.25,1655.7,1691.0,1689.3,1674.72,373266,6251.17,20608,172496,46.21,Cement
2023-04-25,GRASIM, EQ, 25-Apr-2023,1689.3,1686.2,1703.45,1684.2,1684.2,1686.85,1693.04,359687,6089.65,23882,136693,38.0,Cement
2023-04-26,GRASIM, EQ, 26-Apr-2023,1686.85,1686.85,1705.0,1673.1,1695.0,1699.15,1697.24,680706,11553.24,27079,451951,66.39,Cement
2023-04-27,GRASIM, EQ, 27-Apr-2023,1699.15,1695.0,1705.65,1682.15,1699.9,1701.4,1690.94,529288,8949.95,26273,297804,56.27,Cement
2023-04-28,GRASIM, EQ, 28-Apr-2023,1701.4,1705.0,1724.95,1695.0,1716.95,1720.3,1713.42,599262,10267.9,29548,393186,65.61,Cement
2023-05-02,GRASIM, EQ, 02-May-2023,1720.3,1720.3,1743.8,1715.55,1730.35,1739.55,1731.65,394867,6837.7,28857,177180,44.87,Cement
2023-05-03,GRASIM, EQ, 03-May-2023,1739.55,1725.0,1738.65,1723.05,1733.0,1735.9,1729.38,346767,5996.91,20229,203571,58.71,Cement
2023-05-04,GRASIM, EQ, 04-May-2023,1735.9,1729.3,1763.0,1720.1,1757.25,1759.85,1748.57,589168,10302.01,23899,365899,62.1,Cement
2023-05-05,GRASIM, EQ, 05-May-2023,1759.85,1751.75,1767.2,1746.0,1751.05,1752.5,1755.22,335545,5889.56,15991,157643,46.98,Cement
2023-05-08,GRASIM, EQ, 08-May-2023,1752.5,1753.75,1785.0,1752.2,1783.0,1778.35,1773.29,755978,13405.67,26417,538616,71.25,Cement
2023-05-09,GRASIM, EQ, 09-May-2023,1778.35,1781.0,1788.25,1757.55,1760.0,1764.9,1771.62,733053,12986.88,24683,544384,74.26,Cement
2023-05-10,GRASIM, EQ, 10-May-2023,1764.9,1764.9,1779.35,1751.3,1773.0,1774.4,1769.75,284667,5037.89,19407,107248,37.67,Cement
2023-05-11,GRASIM, EQ, 11-May-2023,1774.4,1774.4,1784.0,1765.0,1776.0,1774.15,1774.13,271131,4810.21,24608,110888,40.9,Cement
2023-05-12,GRASIM, EQ, 12-May-2023,1774.15,1773.0,1773.0,1751.1,1757.9,1753.85,1757.73,304133,5345.83,33836,171860,56.51,Cement
2023-05-15,GRASIM, EQ, 15-May-2023,1753.85,1754.0,1761.75,1730.2,1731.35,1733.35,1744.43,447150,7800.23,35372,200470,44.83,Cement
2023-05-16,GRASIM, EQ, 16-May-2023,1733.35,1735.65,1745.05,1722.85,1725.0,1727.15,1731.77,209055,3620.35,22301,86384,41.32,Cement
2023-05-17,GRASIM, EQ, 17-May-2023,1727.15,1729.3,1738.75,1703.65,1725.0,1724.85,1719.43,376204,6468.56,40577,187549,49.85,Cement
2023-05-18,GRASIM, EQ, 18-May-2023,1724.85,1729.3,1733.0,1696.75,1707.0,1705.7,1707.35,231750,3956.78,21400,71815,30.99,Cement
2023-05-19,GRASIM, EQ, 19-May-2023,1705.7,1710.0,1723.95,1685.0,1720.55,1716.1,1702.21,241696,4114.18,21947,88144,36.47,Cement
2023-05-22,GRASIM, EQ, 22-May-2023,1716.1,1713.1,1726.9,1704.9,1718.95,1718.35,1716.02,262819,4510.02,17949,63929,24.32,Cement
2023-05-23,GRASIM, EQ, 23-May-2023,1718.35,1717.0,1720.45,1688.0,1698.0,1697.95,1699.2,944523,16049.32,32345,516275,54.66,Cement
2023-05-24,GRASIM, EQ, 24-May-2023,1697.95,1695.0,1709.5,1681.0,1699.75,1700.35,1698.14,441145,7491.28,24279,194250,44.03,Cement
2023-05-25,GRASIM, EQ, 25-May-2023,1700.35,1694.95,1711.95,1691.0,1701.5,1701.35,1700.02,688926,11711.86,27991,358178,51.99,Cement
2023-05-26,GRASIM, EQ, 26-May-2023,1701.35,1701.9,1717.85,1667.0,1685.1,1688.3,1684.09,1938811,32651.33,65085,755417,38.96,Cement
2023-05-29,GRASIM, EQ, 29-May-2023,1688.3,1688.3,1715.35,1676.1,1715.0,1713.3,1694.39,667890,11316.67,23494,307801,46.09,Cement
2023-05-30,GRASIM, EQ, 30-May-2023,1713.3,1714.0,1732.45,1713.0,1725.0,1725.15,1723.49,454164,7827.46,27414,176231,38.8,Cement
2023-05-31,GRASIM, EQ, 31-May-2023,1725.15,1723.5,1733.5,1696.15,1700.0,1718.35,1719.08,1212477,20843.41,31490,936012,77.2,Cement
2023-06-01,GRASIM, EQ, 01-Jun-2023,1718.35,1715.0,1720.0,1700.0,1702.8,1702.45,1707.86,378694,6467.58,20731,236061,62.34,Cement
2023-06-02,GRASIM, EQ, 02-Jun-2023,1702.45,1708.05,1719.0,1700.0,1709.9,1710.55,1706.91,578853,9880.51,26637,309991,53.55,Cement
2023-06-05,GRASIM, EQ, 05-Jun-2023,1710.55,1719.0,1744.5,1712.0,1736.5,1734.5,1734.55,767386,13310.7,31420,368984,48.08,Cement
2023-06-06,GRASIM, EQ, 06-Jun-2023,1734.5,1739.9,1775.0,1737.45,1764.0,1766.4,1761.98,1028018,18113.51,37434,536327,52.17,Cement
2023-06-07,GRASIM, EQ, 07-Jun-2023,1766.4,1768.8,1772.4,1749.55,1770.8,1769.05,1763.43,754213,13300.03,31395,447981,59.4,Cement
2023-06-08,GRASIM, EQ, 08-Jun-2023,1769.05,1772.0,1776.15,1708.95,1714.85,1711.95,1731.03,743218,12865.33,33649,453313,60.99,Cement
2023-06-09,GRASIM, EQ, 09-Jun-2023,1711.95,1723.0,1737.8,1710.3,1720.0,1715.75,1727.21,486894,8409.68,25031,204993,42.1,Cement
2023-06-12,GRASIM, EQ, 12-Jun-2023,1715.75,1724.4,1735.2,1711.05,1732.0,1731.4,1725.77,247579,4272.63,16698,97503,39.38,Cement
2023-06-13,GRASIM, EQ, 13-Jun-2023,1731.4,1735.0,1747.0,1728.85,1740.0,1737.95,1738.01,354691,6164.55,18009,170365,48.03,Cement
2023-06-14,GRASIM, EQ, 14-Jun-2023,1737.95,1745.0,1784.8,1737.0,1780.0,1779.35,1764.93,811120,14315.74,36293,409295,50.46,Cement
2023-06-15,GRASIM, EQ, 15-Jun-2023,1779.35,1789.0,1799.9,1760.5,1773.0,1772.5,1781.18,962821,17149.54,44810,432654,44.94,Cement
2023-06-16,GRASIM, EQ, 16-Jun-2023,1772.5,1778.4,1789.75,1771.05,1781.0,1780.75,1778.88,965707,17178.81,33826,671187,69.5,Cement
2023-06-19,GRASIM, EQ, 19-Jun-2023,1780.75,1789.25,1794.55,1754.1,1765.0,1761.3,1771.83,539320,9555.81,21086,315958,58.58,Cement
2023-06-20,GRASIM, EQ, 20-Jun-2023,1761.3,1767.0,1772.75,1744.75,1770.0,1769.1,1759.45,461598,8121.59,35032,281016,60.88,Cement
2023-06-21,GRASIM, EQ, 21-Jun-2023,1769.1,1770.0,1780.0,1757.0,1778.0,1777.9,1769.4,331653,5868.26,28777,141783,42.75,Cement
2023-06-22,GRASIM, EQ, 22-Jun-2023,1777.9,1786.1,1790.0,1746.65,1748.0,1750.3,1765.62,410910,7255.09,20637,129393,31.49,Cement
2023-06-23,GRASIM, EQ, 23-Jun-2023,1750.3,1749.95,1749.95,1711.2,1715.25,1716.1,1726.17,342149,5906.08,21561,119271,34.86,Cement
2023-06-26,GRASIM, EQ, 26-Jun-2023,1716.1,1716.0,1731.05,1696.0,1723.0,1726.8,1714.47,385574,6610.56,20880,175175,45.43,Cement
2023-06-27,GRASIM, EQ, 27-Jun-2023,1726.8,1726.05,1736.5,1713.4,1735.0,1733.15,1723.36,337457,5815.6,23611,164120,48.63,Cement
2023-06-28,GRASIM, EQ, 28-Jun-2023,1733.15,1735.95,1754.7,1734.0,1743.0,1743.1,1744.16,1026615,17905.77,55969,625342,60.91,Cement
2023-06-30,GRASIM, EQ, 30-Jun-2023,1743.1,1745.0,1757.95,1730.75,1733.8,1734.65,1742.48,451355,7864.79,30218,236194,52.33,Cement
2023-07-03,GRASIM, EQ, 03-Jul-2023,1734.65,1750.0,1798.0,1736.1,1795.0,1793.7,1776.67,1082940,19240.3,60242,493344,45.56,Cement
2023-07-04,GRASIM, EQ, 04-Jul-2023,1793.7,1800.0,1805.0,1758.7,1767.6,1769.55,1775.29,668555,11868.79,33650,249294,37.29,Cement
2023-07-05,GRASIM, EQ, 05-Jul-2023,1769.55,1770.0,1784.3,1763.65,1782.3,1777.9,1775.06,399016,7082.76,25548,171410,42.96,Cement
2023-07-06,GRASIM, EQ, 06-Jul-2023,1777.9,1777.9,1783.8,1765.0,1770.0,1768.05,1773.1,359336,6371.38,24130,191299,53.24,Cement
2023-07-07,GRASIM, EQ, 07-Jul-2023,1768.05,1768.05,1770.7,1737.0,1741.9,1743.3,1756.28,552695,9706.88,26053,313357,56.7,Cement
2023-07-10,GRASIM, EQ, 10-Jul-2023,1743.3,1754.85,1759.25,1733.25,1745.2,1743.0,1742.64,452115,7878.72,22448,258879,57.26,Cement
2023-07-11,GRASIM, EQ, 11-Jul-2023,1743.0,1743.8,1773.95,1743.8,1766.6,1767.7,1762.8,576639,10165.01,32843,332377,57.64,Cement
2023-07-12,GRASIM, EQ, 12-Jul-2023,1767.7,1767.65,1784.4,1757.05,1771.3,1777.85,1773.28,788153,13976.19,30829,538625,68.34,Cement
2023-07-13,GRASIM, EQ, 13-Jul-2023,1777.85,1779.0,1783.9,1753.5,1760.0,1759.8,1771.03,334231,5919.32,24479,179503,53.71,Cement
2023-07-14,GRASIM, EQ, 14-Jul-2023,1759.8,1762.55,1768.95,1743.65,1756.65,1753.2,1753.8,407663,7149.59,26478,217412,53.33,Cement
2023-07-17,GRASIM, EQ, 17-Jul-2023,1753.2,1753.2,1795.0,1748.6,1794.0,1793.05,1772.06,919656,16296.87,35783,497380,54.08,Cement
2023-07-18,GRASIM, EQ, 18-Jul-2023,1793.05,1790.05,1799.0,1767.85,1777.95,1775.05,1781.38,745036,13271.89,30069,401458,53.88,Cement
2023-07-19,GRASIM, EQ, 19-Jul-2023,1775.05,1772.1,1788.55,1770.7,1787.0,1784.2,1779.39,434032,7723.12,24048,198803,45.8,Cement
2023-07-20,GRASIM, EQ, 20-Jul-2023,1784.2,1785.0,1823.1,1777.05,1818.0,1819.45,1808.69,853096,15429.86,45857,331924,38.91,Cement
2023-07-21,GRASIM, EQ, 21-Jul-2023,1819.45,1820.0,1824.95,1790.0,1803.0,1804.6,1811.58,779636,14123.73,32645,364376,46.74,Cement
2023-07-24,GRASIM, EQ, 24-Jul-2023,1804.6,1796.0,1842.8,1790.05,1815.0,1813.05,1826.36,779732,14240.74,37506,219704,28.18,Cement
2023-07-25,GRASIM, EQ, 25-Jul-2023,1813.05,1814.0,1842.8,1812.05,1832.0,1829.05,1829.2,470519,8606.74,33396,155326,33.01,Cement
2023-07-26,GRASIM, EQ, 26-Jul-2023,1829.05,1833.0,1849.0,1829.1,1835.55,1839.1,1841.63,462059,8509.42,28183,189589,41.03,Cement
2023-07-27,GRASIM, EQ, 27-Jul-2023,1839.1,1842.15,1848.75,1815.0,1819.0,1822.5,1825.26,538138,9822.39,30349,294988,54.82,Cement
2023-07-28,GRASIM, EQ, 28-Jul-2023,1822.5,1818.5,1834.9,1810.0,1823.0,1823.8,1819.72,491289,8940.08,26281,283800,57.77,Cement
2023-07-31,GRASIM, EQ, 31-Jul-2023,1823.8,1830.0,1854.7,1820.8,1847.5,1849.45,1843.13,597240,11007.9,42514,312980,52.4,Cement
2023-08-01,GRASIM, EQ, 01-Aug-2023,1849.45,1852.0,1855.0,1824.65,1835.8,1837.7,1835.22,510537,9369.5,32244,340992,66.79,Cement
2023-08-02,GRASIM, EQ, 02-Aug-2023,1837.7,1832.7,1839.9,1806.05,1820.0,1821.0,1817.18,647802,11771.74,29845,414026,63.91,Cement
2023-08-03,GRASIM, EQ, 03-Aug-2023,1821.0,1808.0,1834.6,1794.2,1825.0,1830.55,1817.06,661829,12025.85,30696,296533,44.81,Cement
2023-08-04,GRASIM, EQ, 04-Aug-2023,1830.55,1830.55,1845.95,1820.15,1827.0,1825.45,1830.22,324658,5941.95,20222,188479,58.05,Cement
2023-08-07,GRASIM, EQ, 07-Aug-2023,1825.45,1826.9,1864.95,1826.05,1857.95,1855.6,1852.2,966616,17903.66,46253,484646,50.14,Cement
2023-08-08,GRASIM, EQ, 08-Aug-2023,1855.6,1857.7,1868.4,1831.8,1845.0,1844.45,1843.22,480042,8848.21,26191,277279,57.76,Cement
2023-08-09,GRASIM, EQ, 09-Aug-2023,1844.45,1844.95,1849.95,1827.45,1847.2,1845.65,1836.45,527765,9692.16,28954,316046,59.88,Cement
2023-08-10,GRASIM, EQ, 10-Aug-2023,1845.65,1835.1,1855.0,1824.05,1831.05,1830.3,1835.72,700514,12859.5,41685,227846,32.53,Cement
2023-08-11,GRASIM, EQ, 11-Aug-2023,1830.3,1828.8,1840.0,1808.5,1823.65,1827.55,1825.38,746178,13620.59,44030,346358,46.42,Cement
2023-08-14,GRASIM, EQ, 14-Aug-2023,1827.55,1824.95,1835.0,1793.8,1811.55,1811.75,1805.67,528132,9536.34,38794,280661,53.14,Cement
2023-08-16,GRASIM, EQ, 16-Aug-2023,1811.75,1812.0,1820.0,1785.55,1813.0,1816.9,1806.87,397750,7186.81,22070,232885,58.55,Cement
2023-08-17,GRASIM, EQ, 17-Aug-2023,1816.9,1810.0,1812.45,1793.7,1799.0,1800.85,1805.45,495104,8938.86,44284,272438,55.03,Cement
2023-08-18,GRASIM, EQ, 18-Aug-2023,1800.85,1795.0,1800.85,1785.65,1790.0,1790.95,1792.59,439611,7880.43,32516,240375,54.68,Cement
2023-08-21,GRASIM, EQ, 21-Aug-2023,1790.95,1790.95,1813.0,1790.0,1805.6,1808.4,1803.64,266387,4804.66,18585,159357,59.82,Cement
2023-08-22,GRASIM, EQ, 22-Aug-2023,1808.4,1810.0,1825.0,1798.05,1807.5,1805.8,1806.24,364666,6586.73,19825,190929,52.36,Cement
2023-08-23,GRASIM, EQ, 23-Aug-2023,1805.8,1810.0,1815.0,1793.0,1795.45,1797.65,1800.46,416515,7499.18,37080,265300,63.7,Cement
2023-08-24,GRASIM, EQ, 24-Aug-2023,1797.65,1805.0,1813.45,1771.0,1777.0,1778.05,1789.18,921003,16478.43,41927,606483,65.85,Cement
2023-08-25,GRASIM, EQ, 25-Aug-2023,1778.05,1760.0,1782.65,1758.05,1770.3,1776.25,1769.15,656660,11617.33,29844,341296,51.97,Cement
2023-08-28,GRASIM, EQ, 28-Aug-2023,1776.25,1777.95,1790.0,1768.3,1782.0,1784.65,1777.4,770162,13688.87,27874,527405,68.48,Cement
2023-08-29,GRASIM, EQ, 29-Aug-2023,1784.65,1785.0,1806.95,1779.1,1800.0,1801.8,1793.31,640851,11492.47,27995,408416,63.73,Cement
2023-08-30,GRASIM, EQ, 30-Aug-2023,1801.8,1805.0,1824.9,1799.85,1805.75,1806.65,1813.58,473306,8583.77,25294,278592,58.86,Cement
2023-08-31,GRASIM, EQ, 31-Aug-2023,1806.65,1806.65,1819.0,1781.85,1790.0,1790.95,1793.58,1244802,22326.49,49490,873543,70.18,Cement
2023-09-01,GRASIM, EQ, 01-Sep-2023,1790.95,1790.0,1825.0,1787.9,1818.0,1811.5,1799.3,420245,7561.46,27654,255591,60.82,Cement
2023-09-04,GRASIM, EQ, 04-Sep-2023,1811.5,1815.05,1850.7,1815.0,1843.85,1841.05,1837.91,944090,17351.56,31115,602451,63.81,Cement
2023-09-05,GRASIM, EQ, 05-Sep-2023,1841.05,1852.45,1872.0,1844.5,1853.9,1853.8,1858.64,881175,16377.85,34350,396077,44.95,Cement
2023-09-06,GRASIM, EQ, 06-Sep-2023,1853.8,1855.0,1859.0,1817.0,1838.0,1838.5,1835.09,596020,10937.51,32513,308063,51.69,Cement
2023-09-07,GRASIM, EQ, 07-Sep-2023,1838.5,1832.0,1851.1,1825.55,1846.15,1847.4,1838.08,408187,7502.81,31568,205322,50.3,Cement
2023-09-08,GRASIM, EQ, 08-Sep-2023,1847.4,1847.4,1856.25,1840.1,1847.0,1849.75,1848.93,364113,6732.2,18084,208884,57.37,Cement
2023-09-11,GRASIM, EQ, 11-Sep-2023,1849.75,1849.75,1869.1,1845.8,1855.0,1862.35,1861.12,432130,8042.47,23686,217270,50.28,Cement
2023-09-12,GRASIM, EQ, 12-Sep-2023,1862.35,1865.0,1920.0,1836.0,1876.3,1870.95,1889.75,1850845,34976.37,67591,747966,40.41,Cement
2023-09-13,GRASIM, EQ, 13-Sep-2023,1870.95,1879.0,1946.5,1855.65,1929.5,1933.0,1919.95,2885260,55395.44,117344,924136,32.03,Cement
2023-09-14,GRASIM, EQ, 14-Sep-2023,1933.0,1943.0,1954.0,1918.55,1933.0,1931.6,1934.87,1221120,23627.08,79660,542822,44.45,Cement
2023-09-15,GRASIM, EQ, 15-Sep-2023,1931.6,1942.0,1987.95,1932.75,1970.0,1972.85,1969.47,1666149,32814.29,72793,732753,43.98,Cement
2023-09-18,GRASIM, EQ, 18-Sep-2023,1972.85,1980.0,1988.1,1953.0,1953.05,1957.45,1964.66,679771,13355.18,46425,341150,50.19,Cement
2023-09-20,GRASIM, EQ, 20-Sep-2023,1957.45,1957.45,1960.0,1930.0,1941.25,1944.7,1944.8,579726,11274.49,32209,272660,47.03,Cement
2023-09-21,GRASIM, EQ, 21-Sep-2023,1944.7,1932.1,1940.0,1896.1,1912.0,1911.5,1910.6,998239,19072.32,75319,404870,40.56,Cement
2023-09-22,GRASIM, EQ, 22-Sep-2023,1911.5,1906.7,1928.95,1889.3,1913.2,1911.95,1909.88,676037,12911.47,51065,345369,51.09,Cement
2023-09-25,GRASIM, EQ, 25-Sep-2023,1911.95,1911.95,1945.95,1901.9,1944.95,1939.85,1926.12,759914,14636.85,35186,439129,57.79,Cement
2023-09-26,GRASIM, EQ, 26-Sep-2023,1939.85,1944.95,1959.9,1936.25,1958.7,1958.0,1950.26,657206,12817.23,41407,370998,56.45,Cement
2023-09-27,GRASIM, EQ, 27-Sep-2023,1958.0,1966.85,1966.85,1923.05,1932.4,1931.1,1937.39,508577,9853.12,32412,211164,41.52,Cement
2023-09-28,GRASIM, EQ, 28-Sep-2023,1931.1,1930.0,1937.95,1896.6,1911.0,1906.5,1915.26,723860,13863.83,48410,269384,37.21,Cement
2023-09-29,GRASIM, EQ, 29-Sep-2023,1906.5,1909.7,1951.0,1909.65,1944.4,1942.4,1940.6,801073,15545.64,33953,543748,67.88,Cement
2023-10-03,GRASIM, EQ, 03-Oct-2023,1942.4,1928.1,1939.0,1906.65,1920.0,1921.45,1918.2,593677,11387.92,40887,342338,57.66,Cement
2023-10-04,GRASIM, EQ, 04-Oct-2023,1921.45,1906.0,1910.0,1877.05,1889.0,1895.85,1894.52,690407,13079.87,33309,423024,61.27,Cement
2023-10-05,GRASIM, EQ, 05-Oct-2023,1895.85,1897.1,1909.0,1881.0,1890.7,1890.15,1891.29,546881,10343.12,47436,248381,45.42,Cement
2023-10-06,GRASIM, EQ, 06-Oct-2023,1890.15,1890.1,1905.9,1890.0,1903.2,1903.3,1900.16,401355,7626.39,24633,202420,50.43,Cement
2023-10-09,GRASIM, EQ, 09-Oct-2023,1903.3,1890.05,1896.9,1875.1,1881.9,1889.0,1887.77,345924,6530.25,27377,194514,56.23,Cement
2023-10-10,GRASIM, EQ, 10-Oct-2023,1889.0,1892.95,1922.5,1886.5,1917.5,1918.9,1909.08,357318,6821.48,32463,201921,56.51,Cement
2023-10-11,GRASIM, EQ, 11-Oct-2023,1918.9,1935.95,1982.4,1923.6,1982.4,1980.1,1962.39,910743,17872.32,53560,395842,43.46,Cement
2023-10-12,GRASIM, EQ, 12-Oct-2023,1980.1,1990.9,2022.0,1966.85,2001.5,2001.8,2002.43,2100421,42059.5,82517,930890,44.32,Cement
2023-10-13,GRASIM, EQ, 13-Oct-2023,2001.8,1995.95,2000.7,1974.35,1980.0,1982.6,1984.31,306452,6080.97,27443,135755,44.3,Cement
2023-10-16,GRASIM, EQ, 16-Oct-2023,1982.6,1982.6,2000.0,1958.0,1972.0,1973.7,1971.15,665667,13121.28,31186,360226,54.12,Cement
2023-10-17,GRASIM, EQ, 17-Oct-2023,1973.7,2000.0,2020.15,1958.05,1975.0,1974.45,1975.94,1311374,25911.95,57540,721854,55.05,Cement
2023-10-18,GRASIM, EQ, 18-Oct-2023,1974.45,1970.1,1990.95,1951.0,1954.55,1955.7,1967.33,582943,11468.39,40713,280609,48.14,Cement
2023-10-19,GRASIM, EQ, 19-Oct-2023,1955.7,1952.05,1978.85,1927.8,1970.9,1975.7,1951.93,709987,13858.42,65405,242561,34.16,Cement
2023-10-20,GRASIM, EQ, 20-Oct-2023,1975.7,1972.4,1977.15,1939.35,1947.0,1946.35,1951.58,490027,9563.25,30589,287009,58.57,Cement
2023-10-23,GRASIM, EQ, 23-Oct-2023,1946.35,1939.2,1939.2,1885.0,1905.0,1902.75,1914.09,874725,16743.0,48224,467827,53.48,Cement
2023-10-25,GRASIM, EQ, 25-Oct-2023,1902.75,1901.1,1920.05,1868.95,1885.2,1877.45,1890.21,735409,13900.74,47745,423475,57.58,Cement
2023-10-26,GRASIM, EQ, 26-Oct-2023,1877.45,1867.1,1874.0,1839.55,1853.5,1849.55,1854.82,1136566,21081.24,67622,615820,54.18,Cement
2023-10-27,GRASIM, EQ, 27-Oct-2023,1849.55,1857.05,1870.0,1850.1,1854.0,1856.0,1859.82,288384,5363.42,22169,126879,44.0,Cement
2023-10-30,GRASIM, EQ, 30-Oct-2023,1856.0,1856.0,1882.3,1828.05,1879.0,1878.8,1867.48,512491,9570.67,26550,217305,42.4,Cement
2023-10-31,GRASIM, EQ, 31-Oct-2023,1878.8,1880.1,1891.95,1865.0,1888.8,1886.7,1882.72,290022,5460.31,25678,131755,45.43,Cement
2023-11-01,GRASIM, EQ, 01-Nov-2023,1886.7,1894.0,1897.0,1861.4,1872.0,1868.55,1883.52,347623,6547.54,26470,162511,46.75,Cement
2023-11-02,GRASIM, EQ, 02-Nov-2023,1868.55,1878.65,1900.95,1878.65,1900.0,1897.75,1891.74,320757,6067.87,40639,77478,24.15,Cement
2023-11-03,GRASIM, EQ, 03-Nov-2023,1897.75,1903.5,1915.0,1890.35,1895.0,1896.2,1901.42,233627,4442.24,20171,125578,53.75,Cement
2023-11-06,GRASIM, EQ, 06-Nov-2023,1896.2,1902.1,1936.55,1896.2,1915.0,1918.7,1923.45,291139,5599.92,28545,119461,41.03,Cement
2023-11-07,GRASIM, EQ, 07-Nov-2023,1918.7,1920.0,1929.95,1912.05,1919.0,1921.55,1921.12,222145,4267.67,24213,89753,40.4,Cement
2023-11-08,GRASIM, EQ, 08-Nov-2023,1921.55,1929.0,1943.0,1920.0,1927.7,1933.85,1933.52,425565,8228.38,32987,178411,41.92,Cement
2023-11-09,GRASIM, EQ, 09-Nov-2023,1933.85,1937.4,1944.55,1930.0,1935.0,1935.0,1938.2,288817,5597.86,30357,108439,37.55,Cement
2023-11-10,GRASIM, EQ, 10-Nov-2023,1935.0,1930.05,1947.8,1921.2,1945.65,1943.0,1936.95,192889,3736.17,16966,81512,42.26,Cement
2023-11-12,GRASIM, EQ, 12-Nov-2023,1943.0,1949.9,1949.9,1941.75,1946.85,1946.1,1945.86,51329,998.79,3923,22399,43.64,Cement
2023-11-13,GRASIM, EQ, 13-Nov-2023,1946.1,1945.9,1945.9,1922.0,1922.0,1928.85,1931.62,213338,4120.87,20731,78816,36.94,Cement
2023-11-15,GRASIM, EQ, 15-Nov-2023,1928.85,1947.0,1964.3,1935.0,1941.0,1943.95,1945.99,968317,18843.36,63722,607888,62.78,Cement
2023-11-16,GRASIM, EQ, 16-Nov-2023,1943.95,1949.7,1954.85,1913.85,1942.9,1942.6,1937.94,950733,18424.62,58097,527990,55.54,Cement
2023-11-17,GRASIM, EQ, 17-Nov-2023,1942.6,1941.05,1983.6,1940.35,1970.45,1970.55,1971.05,846043,16675.91,39601,508952,60.16,Cement
2023-11-20,GRASIM, EQ, 20-Nov-2023,1970.55,1971.6,1978.15,1953.1,1970.0,1972.3,1966.38,286168,5627.16,23582,131782,46.05,Cement
2023-11-21,GRASIM, EQ, 21-Nov-2023,1972.3,1972.65,1988.0,1969.0,1975.0,1977.45,1978.34,316716,6265.72,28547,145353,45.89,Cement
2023-11-22,GRASIM, EQ, 22-Nov-2023,1977.45,1979.8,1984.9,1958.75,1970.0,1974.1,1970.53,313877,6185.04,22070,177858,56.66,Cement
2023-11-23,GRASIM, EQ, 23-Nov-2023,1974.1,1984.1,1984.1,1951.4,1957.2,1956.9,1967.66,435716,8573.41,32933,263322,60.43,Cement
2023-11-24,GRASIM, EQ, 24-Nov-2023,1956.9,1963.9,1969.45,1945.45,1945.95,1949.4,1954.96,168018,3284.68,16421,77735,46.27,Cement
2023-11-28,GRASIM, EQ, 28-Nov-2023,1949.4,1963.0,1987.0,1953.25,1987.0,1975.9,1964.65,696321,13680.29,36065,475952,68.35,Cement
2023-11-29,GRASIM, EQ, 29-Nov-2023,1975.9,1988.1,2009.0,1981.05,2009.0,2003.25,1992.77,820956,16359.78,31421,583021,71.02,Cement
2023-11-30,GRASIM, EQ, 30-Nov-2023,2003.25,2006.0,2031.0,1990.25,2007.0,2005.45,2006.61,1700309,34118.65,75052,997523,58.67,Cement
2023-12-01,GRASIM, EQ, 01-Dec-2023,2005.45,2019.95,2039.0,2008.0,2010.5,2016.05,2023.9,928511,18792.14,37953,484012,52.13,Cement
2023-12-04,GRASIM, EQ, 04-Dec-2023,2016.05,2075.0,2076.0,2028.45,2051.9,2052.95,2045.91,1051602,21514.85,57062,523751,49.81,Cement
2023-12-05,GRASIM, EQ, 05-Dec-2023,2052.95,2057.9,2078.0,2038.5,2078.0,2072.35,2061.13,559168,11525.18,41064,274322,49.06,Cement
2023-12-06,GRASIM, EQ, 06-Dec-2023,2072.35,2079.85,2085.0,2045.55,2060.0,2057.75,2061.24,359203,7404.03,29410,195805,54.51,Cement
2023-12-07,GRASIM, EQ, 07-Dec-2023,2057.75,2057.75,2089.0,2045.6,2079.0,2081.75,2073.47,423117,8773.2,36566,234019,55.31,Cement
2023-12-08,GRASIM, EQ, 08-Dec-2023,2081.75,2080.0,2099.3,2042.65,2070.0,2070.05,2071.59,592431,12272.76,35913,265683,44.85,Cement
2023-12-11,GRASIM, EQ, 11-Dec-2023,2070.05,2072.0,2088.25,2068.1,2081.0,2084.05,2077.98,253803,5273.99,19795,137871,54.32,Cement
2023-12-12,GRASIM, EQ, 12-Dec-2023,2084.05,2090.0,2129.0,2075.6,2079.0,2080.75,2094.79,771429,16159.84,50680,366782,47.55,Cement
2023-12-13,GRASIM, EQ, 13-Dec-2023,2080.75,2080.9,2092.95,2037.3,2076.15,2083.95,2070.12,802384,16610.32,50026,467841,58.31,Cement
2023-12-14,GRASIM, EQ, 14-Dec-2023,2083.95,2094.95,2111.95,2081.95,2108.4,2103.9,2095.65,604705,12672.48,58531,320196,52.95,Cement
2023-12-15,GRASIM, EQ, 15-Dec-2023,2103.9,2116.0,2132.75,2102.0,2126.5,2127.7,2118.71,724327,15346.38,49454,424797,58.65,Cement
2023-12-18,GRASIM, EQ, 18-Dec-2023,2127.7,2127.7,2127.7,2102.0,2106.0,2109.75,2112.1,312861,6607.94,21558,167511,53.54,Cement
2023-12-19,GRASIM, EQ, 19-Dec-2023,2109.75,2107.05,2137.8,2089.2,2111.5,2118.25,2117.26,316704,6705.45,29022,155098,48.97,Cement
2023-12-20,GRASIM, EQ, 20-Dec-2023,2118.25,2134.0,2135.6,2053.55,2070.2,2063.55,2089.13,676270,14128.16,45226,419901,62.09,Cement
2023-12-21,GRASIM, EQ, 21-Dec-2023,2063.55,2050.0,2090.85,2050.0,2089.0,2085.6,2073.22,443473,9194.19,51210,145546,32.82,Cement
2023-12-22,GRASIM, EQ, 22-Dec-2023,2085.6,2089.0,2096.6,2034.9,2047.5,2046.2,2060.67,1002033,20648.63,55311,672077,67.07,Cement
2023-12-26,GRASIM, EQ, 26-Dec-2023,2046.2,2051.0,2083.0,2049.0,2079.95,2069.55,2069.87,641259,13273.22,34034,400693,62.49,Cement
2023-12-27,GRASIM, EQ, 27-Dec-2023,2069.55,2078.95,2130.85,2071.6,2129.05,2124.8,2100.48,1133407,23807.03,61539,676342,59.67,Cement
2023-12-28,GRASIM, EQ, 28-Dec-2023,2124.8,2129.0,2148.25,2106.3,2142.2,2139.95,2127.28,1059776,22544.44,63393,596739,56.31,Cement
2023-12-29,GRASIM, EQ, 29-Dec-2023,2139.95,2140.3,2145.0,2115.0,2132.45,2134.8,2125.76,648794,13791.79,41435,402777,62.08,Cement
2024-01-01,GRASIM, EQ, 01-Jan-2024,2134.8,2145.0,2175.0,2112.0,2118.9,2127.3,2153.43,804466,17323.64,42777,367085,45.63,Cement
2024-01-02,GRASIM, EQ, 02-Jan-2024,2127.3,2129.9,2130.4,2088.0,2102.0,2101.45,2103.97,796768,16763.76,51370,508481,63.82,Cement
2024-01-03,GRASIM, EQ, 03-Jan-2024,2101.45,2090.0,2120.0,2066.1,2075.95,2072.2,2080.29,971170,20203.18,38733,645587,66.48,Cement
2024-01-04,GRASIM, EQ, 04-Jan-2024,2072.2,2090.0,2095.0,2059.4,2063.0,2070.2,2074.9,958697,19892.01,45543,628880,65.6,Cement
2024-01-05,GRASIM, EQ, 05-Jan-2024,2070.2,2098.0,2099.0,2053.55,2079.0,2079.5,2069.66,1084779,22451.25,49839,634721,58.51,Cement
2024-01-08,GRASIM, EQ, 08-Jan-2024,2079.5,2079.5,2083.7,2057.9,2077.0,2067.7,2068.26,557308,11526.56,48744,384007,68.9,Cement
2024-01-09,GRASIM, EQ, 09-Jan-2024,2067.7,2082.15,2092.75,2058.85,2065.5,2064.05,2074.61,1211997,25144.23,61735,931533,76.86,Cement
2024-01-10,GRASIM, EQ, 10-Jan-2024,2064.05,2058.8,2074.45,2040.85,2068.15,2068.55,2057.83,325322,6694.59,32465,145180,44.63,Cement
2024-01-11,GRASIM, EQ, 11-Jan-2024,2068.55,2069.95,2096.3,2051.0,2085.0,2083.7,2077.39,887806,18443.17,55229,575607,64.83,Cement
2024-01-12,GRASIM, EQ, 12-Jan-2024,2083.7,2083.0,2120.9,2075.0,2114.55,2111.55,2104.78,485644,10221.76,37928,283236,58.32,Cement
2024-01-15,GRASIM, EQ, 15-Jan-2024,2111.55,2111.75,2122.95,2093.7,2100.0,2101.0,2105.15,202260,4257.87,18996,101861,50.36,Cement
2024-01-16,GRASIM, EQ, 16-Jan-2024,2101.0,2092.55,2119.8,2090.1,2108.65,2115.2,2111.52,457403,9658.16,24303,318761,69.69,Cement
2024-01-17,GRASIM, EQ, 17-Jan-2024,2115.2,2112.6,2115.2,2056.0,2070.9,2067.85,2078.96,733818,15255.8,42758,367137,50.03,Cement
2024-01-18,GRASIM, EQ, 18-Jan-2024,2067.85,2067.0,2069.0,2036.2,2065.95,2053.65,2054.28,877519,18026.7,93295,452459,51.56,Cement
2024-01-19,GRASIM, EQ, 19-Jan-2024,2053.65,2056.45,2094.0,2052.35,2091.0,2081.2,2073.67,456698,9470.39,48168,248840,54.49,Cement
2024-01-20,GRASIM, EQ, 20-Jan-2024,2081.2,2095.0,2099.9,2070.0,2089.95,2081.2,2079.43,131682,2738.24,9442,69994,53.15,Cement
2024-01-23,GRASIM, EQ, 23-Jan-2024,2081.2,2078.1,2086.4,2032.5,2052.75,2049.6,2057.02,938057,19296.02,101790,590259,62.92,Cement
2024-01-24,GRASIM, EQ, 24-Jan-2024,2049.6,2069.0,2080.75,2016.55,2080.0,2071.3,2053.87,604130,12408.05,64910,273973,45.35,Cement
2024-01-25,GRASIM, EQ, 25-Jan-2024,2071.3,2079.95,2087.35,2052.15,2087.0,2076.5,2072.64,467209,9683.56,40098,259350,55.51,Cement
2024-01-29,GRASIM, EQ, 29-Jan-2024,2076.5,2080.0,2125.0,2077.75,2105.0,2104.5,2102.59,795647,16729.22,46876,486745,61.18,Cement
2024-01-30,GRASIM, EQ, 30-Jan-2024,2104.5,2115.0,2139.0,2106.0,2124.15,2126.15,2125.24,852171,18110.65,51060,541066,63.49,Cement
2024-01-31,GRASIM, EQ, 31-Jan-2024,2126.15,2126.5,2182.05,2115.45,2160.0,2175.0,2158.17,910709,19654.64,72552,503123,55.25,Cement
2024-02-01,GRASIM, EQ, 01-Feb-2024,2175.0,2175.0,2178.9,2111.45,2118.35,2128.6,2138.07,638710,13656.07,63561,306207,47.94,Cement
2024-02-02,GRASIM, EQ, 02-Feb-2024,2128.6,2147.95,2169.9,2130.5,2133.05,2139.45,2148.59,330557,7102.33,33316,157481,47.64,Cement
2024-02-05,GRASIM, EQ, 05-Feb-2024,2139.45,2130.1,2147.3,2081.0,2084.0,2089.75,2116.22,949717,20098.14,35494,648696,68.3,Cement
2024-02-06,GRASIM, EQ, 06-Feb-2024,2089.75,2082.0,2097.95,2061.0,2063.0,2066.0,2078.97,581483,12088.88,42899,361726,62.21,Cement
2024-02-07,GRASIM, EQ, 07-Feb-2024,2066.0,2079.0,2120.0,2063.0,2115.2,2111.5,2100.52,1133609,23811.74,62758,691813,61.03,Cement
2024-02-08,GRASIM, EQ, 08-Feb-2024,2111.5,2123.0,2125.0,2048.0,2070.05,2057.3,2077.6,1387156,28819.6,113067,672347,48.47,Cement
2024-02-09,GRASIM, EQ, 09-Feb-2024,2057.3,2057.25,2182.0,2046.9,2179.05,2168.5,2131.53,2010089,42845.62,107624,497697,24.76,Cement
2024-02-12,GRASIM, EQ, 12-Feb-2024,2168.5,2175.0,2199.0,2138.1,2140.05,2147.35,2171.2,1229133,26686.98,77570,396415,32.25,Cement
2024-02-13,GRASIM, EQ, 13-Feb-2024,2147.35,2173.9,2173.9,2053.95,2068.55,2064.15,2088.0,985312,20573.35,52336,312117,31.68,Cement
2024-02-14,GRASIM, EQ, 14-Feb-2024,2064.15,2054.0,2085.0,2027.5,2076.75,2079.8,2057.57,605147,12451.34,40005,325113,53.72,Cement
2024-02-15,GRASIM, EQ, 15-Feb-2024,2079.8,2085.7,2103.65,2072.8,2085.0,2084.8,2086.34,506068,10558.32,42681,261406,51.65,Cement
2024-02-16,GRASIM, EQ, 16-Feb-2024,2084.8,2091.4,2119.0,2086.85,2104.0,2105.65,2104.95,403756,8498.87,31390,187375,46.41,Cement
2024-02-19,GRASIM, EQ, 19-Feb-2024,2105.65,2107.45,2190.0,2102.2,2170.65,2168.6,2163.15,1167037,25244.8,69082,288657,24.73,Cement
2024-02-20,GRASIM, EQ, 20-Feb-2024,2168.6,2169.0,2222.0,2161.1,2198.0,2192.25,2199.09,1710394,37613.03,95202,466809,27.29,Cement
2024-02-21,GRASIM, EQ, 21-Feb-2024,2192.25,2200.0,2222.0,2180.05,2197.0,2194.0,2203.31,765529,16866.98,59806,251824,32.9,Cement
2024-02-22,GRASIM, EQ, 22-Feb-2024,2194.0,2234.0,2244.0,2113.2,2200.0,2201.2,2179.84,3428899,74744.53,211147,1044590,30.46,Cement
2024-02-23,GRASIM, EQ, 23-Feb-2024,2201.2,2234.0,2236.7,2182.6,2190.0,2194.4,2200.25,1646510,36227.26,129910,814606,49.47,Cement
2024-02-26,GRASIM, EQ, 26-Feb-2024,2194.4,2204.1,2211.3,2174.8,2183.55,2186.9,2190.9,905237,19832.86,48004,457256,50.51,Cement
2024-02-27,GRASIM, EQ, 27-Feb-2024,2186.9,2190.2,2214.0,2190.2,2207.8,2204.8,2202.69,674507,14857.29,41554,326985,48.48,Cement
2024-02-28,GRASIM, EQ, 28-Feb-2024,2204.8,2202.0,2218.9,2173.25,2180.05,2186.0,2196.04,1197381,26294.98,64028,720180,60.15,Cement
2024-02-29,GRASIM, EQ, 29-Feb-2024,2186.0,2186.0,2206.0,2157.8,2205.0,2191.4,2188.29,1499473,32812.86,61931,889814,59.34,Cement
2024-03-01,GRASIM, EQ, 01-Mar-2024,2191.4,2209.0,2259.4,2196.75,2255.0,2254.9,2239.51,826009,18498.56,54072,320709,38.83,Cement
2024-03-02,GRASIM, EQ, 02-Mar-2024,2254.9,2260.0,2268.95,2240.0,2248.0,2245.75,2253.62,37928,854.75,3146,14387,37.93,Cement
2024-03-04,GRASIM, EQ, 04-Mar-2024,2245.75,2245.0,2260.0,2226.3,2236.8,2234.15,2236.11,423656,9473.4,33946,237653,56.1,Cement
2024-03-05,GRASIM, EQ, 05-Mar-2024,2234.15,2230.1,2251.9,2220.45,2225.3,2231.5,2238.49,401260,8982.16,32063,205129,51.12,Cement
2024-03-06,GRASIM, EQ, 06-Mar-2024,2231.5,2237.9,2252.95,2196.6,2242.0,2236.5,2221.68,678808,15080.91,46897,349864,51.54,Cement
2024-03-07,GRASIM, EQ, 07-Mar-2024,2236.5,2239.0,2250.35,2208.0,2222.0,2228.1,2231.1,519779,11596.77,43782,289318,55.66,Cement
2024-03-11,GRASIM, EQ, 11-Mar-2024,2228.1,2230.0,2270.55,2225.5,2234.0,2236.8,2244.86,599546,13458.94,48869,311126,51.89,Cement
2024-03-12,GRASIM, EQ, 12-Mar-2024,2236.8,2236.0,2246.95,2172.85,2184.0,2184.0,2201.25,891725,19629.06,46682,616657,69.15,Cement
2024-03-13,GRASIM, EQ, 13-Mar-2024,2184.0,2194.0,2203.05,2137.3,2142.05,2149.1,2166.92,881145,19093.71,68264,441754,50.13,Cement
2024-03-14,GRASIM, EQ, 14-Mar-2024,2149.1,2149.9,2204.9,2128.6,2189.9,2196.5,2184.81,1097271,23973.33,68026,593695,54.11,Cement
2024-03-15,GRASIM, EQ, 15-Mar-2024,2196.5,2185.1,2208.9,2165.05,2169.6,2197.1,2195.16,2630480,57743.13,74333,2093958,79.6,Cement
2024-03-18,GRASIM, EQ, 18-Mar-2024,2197.1,2181.0,2214.0,2170.0,2202.0,2203.1,2198.58,508214,11173.47,31482,304388,59.89,Cement
2024-03-19,GRASIM, EQ, 19-Mar-2024,2203.1,2199.0,2206.1,2163.85,2171.65,2173.8,2180.38,660181,14394.43,38433,415130,62.88,Cement
2024-03-20,GRASIM, EQ, 20-Mar-2024,2173.8,2175.5,2196.15,2131.0,2179.9,2167.5,2168.35,655682,14217.45,41160,328750,50.14,Cement
2024-03-21,GRASIM, EQ, 21-Mar-2024,2167.5,2188.0,2211.3,2175.3,2205.0,2205.55,2197.07,880687,19349.29,59573,538134,61.1,Cement
2024-03-22,GRASIM, EQ, 22-Mar-2024,2205.55,2200.0,2234.0,2194.45,2220.0,2223.55,2214.32,551648,12215.24,37991,361683,65.56,Cement
2024-03-26,GRASIM, EQ, 26-Mar-2024,2223.55,2215.0,2242.1,2201.65,2237.55,2240.05,2232.43,731877,16338.63,45867,518784,70.88,Cement
2024-03-27,GRASIM, EQ, 27-Mar-2024,2240.05,2240.0,2251.95,2198.7,2215.0,2207.35,2231.89,1033992,23077.59,50735,723769,70.0,Cement
2024-03-28,GRASIM, EQ, 28-Mar-2024,2207.35,2210.0,2309.2,2210.0,2305.0,2287.3,2275.42,1786120,40641.67,105008,721532,40.4,Cement
2024-04-01,GRASIM, EQ, 01-Apr-2024,2287.3,2300.0,2319.2,2289.05,2295.0,2292.55,2305.89,288891,6661.51,24435,85725,29.67,Cement
2024-04-02,GRASIM, EQ, 02-Apr-2024,2292.55,2297.0,2316.0,2275.0,2300.0,2306.3,2296.05,446163,10244.15,31603,184531,41.36,Cement
2024-04-03,GRASIM, EQ, 03-Apr-2024,2306.3,2303.6,2316.15,2288.05,2309.55,2305.45,2304.52,303529,6994.89,30924,130484,42.99,Cement
2024-04-04,GRASIM, EQ, 04-Apr-2024,2305.45,2309.5,2323.75,2249.5,2285.0,2277.85,2276.96,814966,18556.41,86206,178975,21.96,Cement
2024-04-05,GRASIM, EQ, 05-Apr-2024,2277.85,2275.05,2277.1,2233.5,2233.5,2237.55,2246.79,454995,10222.76,38966,264300,58.09,Cement
2024-04-08,GRASIM, EQ, 08-Apr-2024,2237.55,2247.0,2288.45,2235.0,2284.0,2280.8,2267.44,278448,6313.64,23795,103386,37.13,Cement
2024-04-09,GRASIM, EQ, 09-Apr-2024,2280.8,2296.95,2312.35,2281.95,2300.0,2301.3,2301.12,388155,8931.9,32088,148751,38.32,Cement
2024-04-10,GRASIM, EQ, 10-Apr-2024,2301.3,2309.95,2314.9,2291.55,2302.2,2306.35,2304.5,513499,11833.61,37402,303886,59.18,Cement
2024-04-12,GRASIM, EQ, 12-Apr-2024,2306.35,2297.0,2307.0,2249.3,2255.75,2254.05,2273.79,635489,14449.67,36074,325696,51.25,Cement
2024-04-15,GRASIM, EQ, 15-Apr-2024,2254.05,2239.0,2253.4,2224.8,2244.0,2237.4,2238.15,415064,9289.75,35833,197420,47.56,Cement
2024-04-16,GRASIM, EQ, 16-Apr-2024,2237.4,2229.0,2249.25,2221.1,2241.0,2242.95,2240.18,558075,12501.89,28866,354996,63.61,Cement
2024-04-18,GRASIM, EQ, 18-Apr-2024,2242.95,2245.05,2300.85,2219.45,2237.95,2226.05,2257.37,987066,22281.77,81887,378738,38.37,Cement
2024-04-19,GRASIM, EQ, 19-Apr-2024,2226.05,2220.0,2290.75,2201.35,2266.9,2273.15,2256.84,1061064,23946.56,85049,402862,37.97,Cement
2024-04-22,GRASIM, EQ, 22-Apr-2024,2273.15,2275.0,2286.85,2266.05,2280.0,2280.55,2279.26,445671,10157.99,37004,256541,57.56,Cement
2024-04-23,GRASIM, EQ, 23-Apr-2024,2280.55,2278.45,2376.0,2278.4,2369.55,2370.15,2349.92,1823447,42849.53,105358,730722,40.07,Cement
2024-04-24,GRASIM, EQ, 24-Apr-2024,2370.15,2378.0,2384.3,2333.0,2340.1,2337.75,2363.97,1021874,24156.84,54445,594712,58.2,Cement
2024-04-25,GRASIM, EQ, 25-Apr-2024,2337.75,2349.0,2376.05,2334.2,2364.2,2367.45,2362.71,1621547,38312.38,97819,576191,35.53,Cement
2024-04-26,GRASIM, EQ, 26-Apr-2024,2367.45,2366.95,2379.3,2330.05,2338.15,2342.45,2344.89,405679,9512.72,38199,206365,50.87,Cement
2024-04-29,GRASIM, EQ, 29-Apr-2024,2342.45,2355.0,2392.8,2309.6,2389.5,2386.6,2362.93,616995,14579.18,44428,282998,45.87,Cement
2024-04-30,GRASIM, EQ, 30-Apr-2024,2386.6,2405.0,2438.45,2374.1,2410.0,2411.65,2408.38,1041175,25075.48,53890,529022,50.81,Cement
2024-05-02,GRASIM, EQ, 02-May-2024,2411.65,2410.0,2452.0,2401.05,2431.6,2437.35,2437.63,1466226,35741.15,116852,531653,36.26,Cement
2024-05-03,GRASIM, EQ, 03-May-2024,2437.35,2442.0,2487.0,2438.8,2475.0,2481.35,2473.89,1192695,29506.01,66209,721162,60.46,Cement
2024-05-06,GRASIM, EQ, 06-May-2024,2481.35,2489.0,2489.75,2441.2,2454.0,2453.3,2459.85,606833,14927.16,46396,286596,47.23,Cement
2024-05-07,GRASIM, EQ, 07-May-2024,2453.3,2460.0,2468.7,2403.1,2404.0,2421.0,2433.46,438590,10672.93,40054,227971,51.98,Cement
2024-05-08,GRASIM, EQ, 08-May-2024,2421.0,2404.0,2424.15,2370.9,2370.9,2377.35,2392.33,462790,11071.45,43205,220748,47.7,Cement
2024-05-09,GRASIM, EQ, 09-May-2024,2377.35,2375.45,2393.4,2345.05,2358.0,2353.7,2359.05,557056,13141.21,68640,218470,39.22,Cement
2024-05-10,GRASIM, EQ, 10-May-2024,2353.7,2359.95,2382.7,2322.0,2362.0,2377.15,2355.33,890719,20979.41,60294,454915,51.07,Cement
2024-05-13,GRASIM, EQ, 13-May-2024,2377.15,2377.9,2393.0,2347.05,2392.0,2385.2,2375.47,511264,12144.92,44671,282535,55.26,Cement
2024-05-14,GRASIM, EQ, 14-May-2024,2385.2,2383.45,2396.85,2362.1,2382.2,2372.05,2373.07,421260,9996.78,28919,258523,61.37,Cement
2024-05-15,GRASIM, EQ, 15-May-2024,2372.05,2386.95,2403.95,2366.2,2370.0,2369.7,2380.75,404095,9620.5,37864,172997,42.81,Cement
2024-05-16,GRASIM, EQ, 16-May-2024,2369.7,2382.0,2386.0,2310.2,2379.0,2372.6,2351.75,1181205,27778.96,103261,461977,39.11,Cement
2024-05-17,GRASIM, EQ, 17-May-2024,2372.6,2374.0,2433.65,2374.0,2430.0,2423.65,2412.52,1184234,28569.88,73119,616196,52.03,Cement
2024-05-18,GRASIM, EQ, 18-May-2024,2423.65,2444.0,2448.5,2424.35,2435.75,2434.35,2435.53,47519,1157.34,3142,17133,36.06,Cement
2024-05-21,GRASIM, EQ, 21-May-2024,2434.35,2430.1,2449.95,2406.4,2449.0,2446.65,2436.41,555489,13533.97,49042,322274,58.02,Cement
2024-05-22,GRASIM, EQ, 22-May-2024,2446.65,2455.95,2463.05,2418.3,2432.3,2436.65,2433.36,722345,17577.24,52669,425713,58.93,Cement
2024-05-23,GRASIM, EQ, 23-May-2024,2436.65,2442.0,2461.9,2395.65,2436.9,2453.8,2426.91,1091448,26488.41,96845,341945,31.33,Cement
2024-05-24,GRASIM, EQ, 24-May-2024,2453.8,2449.75,2474.8,2431.6,2443.65,2441.0,2456.14,483000,11863.17,29743,220554,45.66,Cement
2024-05-27,GRASIM, EQ, 27-May-2024,2441.0,2441.05,2455.7,2385.95,2390.05,2390.65,2404.11,888793,21367.58,64748,581702,65.45,Cement
2024-05-28,GRASIM, EQ, 28-May-2024,2390.65,2398.9,2469.95,2392.7,2435.1,2440.35,2426.18,874384,21214.11,65819,439144,50.22,Cement
2024-05-29,GRASIM, EQ, 29-May-2024,2440.35,2440.0,2460.0,2393.25,2399.0,2400.6,2430.28,1084966,26367.76,64294,615209,56.7,Cement
2024-05-30,GRASIM, EQ, 30-May-2024,2400.6,2404.0,2406.6,2328.0,2331.6,2345.2,2353.39,826458,19449.77,73057,378190,45.76,Cement
2024-05-31,GRASIM, EQ, 31-May-2024,2345.2,2342.95,2362.0,2295.95,2328.0,2316.25,2323.4,1644820,38215.73,63152,1036338,63.01,Cement
2024-06-03,GRASIM, EQ, 03-Jun-2024,2316.25,2400.0,2405.2,2362.3,2375.0,2368.8,2381.08,807692,19231.75,59415,464973,57.57,Cement
2024-06-04,GRASIM, EQ, 04-Jun-2024,2368.8,2336.05,2365.2,2171.6,2264.9,2256.4,2279.09,1543389,35175.22,94804,717336,46.48,Cement
2024-06-05,GRASIM, EQ, 05-Jun-2024,2256.4,2258.4,2313.75,2182.15,2300.0,2304.85,2245.45,1996915,44839.75,94473,1196151,59.9,Cement
2024-06-06,GRASIM, EQ, 06-Jun-2024,2304.85,2306.05,2353.0,2293.1,2337.8,2334.75,2324.62,834320,19394.78,94218,270587,32.43,Cement
2024-06-07,GRASIM, EQ, 07-Jun-2024,2334.75,2311.2,2383.45,2311.2,2378.0,2379.85,2363.75,471524,11145.65,36611,224442,47.6,Cement
2024-06-10,GRASIM, EQ, 10-Jun-2024,2379.85,2381.1,2472.0,2375.3,2437.65,2446.8,2445.8,980297,23976.06,52967,307234,31.34,Cement
2024-06-11,GRASIM, EQ, 11-Jun-2024,2446.8,2449.9,2482.0,2426.35,2448.1,2456.9,2459.23,531924,13081.26,33409,263499,49.54,Cement
2024-06-12,GRASIM, EQ, 12-Jun-2024,2456.9,2430.0,2476.85,2430.0,2446.05,2450.15,2457.79,463980,11403.66,36368,197368,42.54,Cement
2024-06-13,GRASIM, EQ, 13-Jun-2024,2450.15,2441.05,2475.55,2430.0,2456.0,2458.05,2449.31,512510,12552.98,39740,207272,40.44,Cement
2024-06-14,GRASIM, EQ, 14-Jun-2024,2458.05,2458.05,2523.7,2450.0,2469.0,2471.2,2496.64,1542911,38520.89,76883,473975,30.72,Cement
2024-06-18,GRASIM, EQ, 18-Jun-2024,2471.2,2471.0,2487.45,2445.0,2458.0,2457.55,2460.3,467553,11503.22,31311,237242,50.74,Cement
2024-06-19,GRASIM, EQ, 19-Jun-2024,2457.55,2458.0,2460.85,2412.0,2456.8,2447.15,2442.65,668976,16340.74,32720,387576,57.94,Cement
2024-06-20,GRASIM, EQ, 20-Jun-2024,2447.15,2447.1,2504.0,2432.5,2501.1,2498.8,2475.6,1008266,24960.58,78256,436883,43.33,Cement
2024-06-21,GRASIM, EQ, 21-Jun-2024,2498.8,2499.0,2515.6,2450.6,2468.0,2466.15,2469.05,2867672,70804.12,62525,2051123,71.53,Cement
2024-06-24,GRASIM, EQ, 24-Jun-2024,2466.15,2463.9,2521.75,2443.1,2514.5,2515.1,2498.0,724085,18087.64,35920,332486,45.92,Cement
2024-06-25,GRASIM, EQ, 25-Jun-2024,2515.1,2520.0,2529.85,2495.0,2512.85,2516.95,2514.54,792404,19925.29,47281,338066,42.66,Cement
2024-06-26,GRASIM, EQ, 26-Jun-2024,2516.95,2518.8,2564.0,2509.05,2555.0,2552.25,2544.87,1387150,35301.14,85533,582291,41.98,Cement
2024-06-27,GRASIM, EQ, 27-Jun-2024,2552.25,2554.9,2654.65,2552.25,2635.0,2637.6,2620.77,4849907,127105.07,221467,2261254,46.62,Cement
2024-06-28,GRASIM, EQ, 28-Jun-2024,2637.6,2635.95,2678.95,2587.2,2668.0,2670.45,2648.31,1495266,39599.27,96818,861647,57.62,Cement
2024-07-01,GRASIM, EQ, 01-Jul-2024,2670.45,2666.2,2743.9,2662.05,2725.05,2726.4,2716.1,1098168,29827.36,68108,533268,48.56,Cement
2024-07-02,GRASIM, EQ, 02-Jul-2024,2726.4,2717.0,2762.7,2717.0,2750.7,2742.95,2747.73,942834,25906.51,73728,491423,52.12,Cement
2024-07-03,GRASIM, EQ, 03-Jul-2024,2742.95,2750.75,2761.4,2730.65,2741.1,2742.35,2750.67,537119,14774.39,28889,306672,57.1,Cement
2024-07-04,GRASIM, EQ, 04-Jul-2024,2742.35,2748.0,2752.75,2717.05,2725.0,2734.85,2734.99,446631,12215.3,38307,230583,51.63,Cement
2024-07-05,GRASIM, EQ, 05-Jul-2024,2734.85,2730.0,2755.7,2720.4,2751.7,2748.0,2742.39,372709,10221.12,28095,162722,43.66,Cement
2024-07-08,GRASIM, EQ, 08-Jul-2024,2748.0,2751.7,2754.95,2713.85,2734.4,2742.15,2733.13,333988,9128.33,22951,203761,61.01,Cement
2024-07-09,GRASIM, EQ, 09-Jul-2024,2742.15,2735.1,2785.95,2718.9,2784.8,2761.8,2743.82,451862,12398.27,31148,245189,54.26,Cement
2024-07-10,GRASIM, EQ, 10-Jul-2024,2761.8,2781.0,2812.25,2741.0,2800.0,2802.15,2788.23,1128000,31451.2,72185,487354,43.21,Cement
2024-07-11,GRASIM, EQ, 11-Jul-2024,2802.15,2825.0,2837.0,2791.25,2807.7,2801.6,2814.59,1679101,47259.82,102856,971143,57.84,Cement
2024-07-12,GRASIM, EQ, 12-Jul-2024,2801.6,2807.0,2850.0,2801.6,2843.9,2843.75,2835.25,1457604,41326.71,78284,1044594,71.67,Cement
2024-07-15,GRASIM, EQ, 15-Jul-2024,2843.75,2850.0,2852.95,2786.0,2805.95,2803.75,2812.53,1333353,37500.96,45904,865202,64.89,Cement
2024-07-16,GRASIM, EQ, 16-Jul-2024,2803.75,2818.0,2844.75,2810.3,2821.0,2827.35,2831.14,756629,21421.24,63558,483766,63.94,Cement
2024-07-18,GRASIM, EQ, 18-Jul-2024,2827.35,2810.0,2845.8,2777.0,2791.9,2791.8,2799.63,1181529,33078.43,94035,726963,61.53,Cement
2024-07-19,GRASIM, EQ, 19-Jul-2024,2791.8,2786.0,2789.95,2734.5,2750.65,2743.0,2754.84,424329,11689.58,31328,204812,48.27,Cement
2024-07-22,GRASIM, EQ, 22-Jul-2024,2743.0,2702.0,2822.0,2702.0,2813.9,2811.55,2797.52,1248824,34936.06,56472,632157,50.62,Cement
2024-07-23,GRASIM, EQ, 23-Jul-2024,2811.55,2811.0,2850.95,2774.05,2824.0,2823.05,2828.5,1046046,29587.42,84336,573244,54.8,Cement
2024-07-24,GRASIM, EQ, 24-Jul-2024,2823.05,2830.0,2830.0,2775.0,2821.0,2806.9,2796.18,2880833,80553.4,39377,2567928,89.14,Cement
2024-07-25,GRASIM, EQ, 25-Jul-2024,2806.9,2805.0,2825.0,2771.55,2801.0,2797.55,2798.42,550900,15416.48,35963,241771,43.89,Cement
2024-07-26,GRASIM, EQ, 26-Jul-2024,2797.55,2824.95,2877.75,2808.5,2844.75,2843.3,2848.57,701236,19975.17,38614,410024,58.47,Cement
2024-07-29,GRASIM, EQ, 29-Jul-2024,2843.3,2859.9,2865.0,2820.0,2838.0,2828.2,2832.49,501949,14217.64,40444,294297,58.63,Cement
2024-07-30,GRASIM, EQ, 30-Jul-2024,2828.2,2828.2,2830.0,2782.85,2783.75,2790.9,2804.01,721728,20237.32,44983,520045,72.06,Cement
2024-07-31,GRASIM, EQ, 31-Jul-2024,2790.9,2790.9,2798.75,2761.55,2777.0,2776.75,2779.39,662086,18401.96,42578,456786,68.99,Cement
2024-08-01,GRASIM, EQ, 01-Aug-2024,2776.75,2781.95,2788.65,2753.6,2760.0,2767.0,2768.72,383675,10622.87,38177,226391,59.01,Cement
2024-08-02,GRASIM, EQ, 02-Aug-2024,2767.0,2749.5,2757.1,2701.0,2703.4,2706.8,2727.48,401105,10940.07,47034,208525,51.99,Cement
2024-08-05,GRASIM, EQ, 05-Aug-2024,2706.8,2655.15,2678.95,2587.75,2615.0,2612.25,2619.47,1049292,27485.85,81767,604134,57.58,Cement
2024-08-06,GRASIM, EQ, 06-Aug-2024,2612.25,2627.0,2679.4,2610.0,2632.0,2620.5,2645.13,813893,21528.54,60142,413276,50.78,Cement
2024-08-07,GRASIM, EQ, 07-Aug-2024,2620.5,2650.0,2659.4,2632.25,2644.9,2637.05,2643.65,551368,14576.22,40056,370797,67.25,Cement
2024-08-08,GRASIM, EQ, 08-Aug-2024,2637.05,2623.25,2633.8,2531.1,2542.0,2544.65,2574.12,1199236,30869.79,90876,674944,56.28,Cement
2024-08-09,GRASIM, EQ, 09-Aug-2024,2544.65,2556.1,2638.95,2540.05,2575.0,2572.75,2591.66,2677777,69398.81,115185,1054650,39.39,Cement
2024-08-12,GRASIM, EQ, 12-Aug-2024,2572.75,2570.0,2621.0,2555.05,2570.0,2571.1,2593.09,1827230,47381.65,70001,973089,53.25,Cement
2024-08-13,GRASIM, EQ, 13-Aug-2024,2571.1,2572.0,2579.4,2512.15,2518.0,2519.25,2531.98,784848,19872.17,44708,446227,56.86,Cement
2024-08-14,GRASIM, EQ, 14-Aug-2024,2519.25,2524.0,2534.5,2505.05,2511.65,2512.4,2515.34,286936,7217.42,27745,131901,45.97,Cement
2024-08-16,GRASIM, EQ, 16-Aug-2024,2512.4,2512.4,2608.0,2512.4,2604.0,2600.35,2560.58,725887,18586.95,50748,339326,46.75,Cement
2024-08-19,GRASIM, EQ, 19-Aug-2024,2600.35,2619.8,2635.15,2557.05,2590.0,2598.4,2585.42,682028,17633.31,36336,333674,48.92,Cement
2024-08-20,GRASIM, EQ, 20-Aug-2024,2598.4,2608.0,2648.9,2589.05,2638.5,2636.7,2628.45,685479,18017.46,37010,416376,60.74,Cement
2024-08-21,GRASIM, EQ, 21-Aug-2024,2636.7,2640.05,2692.05,2625.15,2689.9,2684.85,2662.23,857604,22831.36,39396,586516,68.39,Cement
2024-08-22,GRASIM, EQ, 22-Aug-2024,2684.85,2694.45,2772.95,2691.05,2756.0,2755.15,2748.55,2065301,56765.82,118494,884920,42.85,Cement
2024-08-23,GRASIM, EQ, 23-Aug-2024,2755.15,2771.4,2780.9,2706.95,2742.0,2748.55,2741.27,1101735,30201.57,44513,478147,43.4,Cement
2024-08-26,GRASIM, EQ, 26-Aug-2024,2748.55,2752.0,2763.2,2712.8,2731.05,2736.6,2737.12,597542,16355.42,38644,282963,47.35,Cement
2024-08-27,GRASIM, EQ, 27-Aug-2024,2736.6,2741.45,2747.95,2697.05,2702.05,2699.9,2703.38,1450595,39215.08,25650,1223903,84.37,Cement
2024-08-28,GRASIM, EQ, 28-Aug-2024,2699.9,2698.5,2722.55,2683.0,2704.1,2715.55,2710.29,981745,26608.09,36257,704638,71.77,Cement
2024-08-29,GRASIM, EQ, 29-Aug-2024,2715.55,2714.9,2719.0,2640.05,2674.95,2676.2,2670.47,941802,25150.54,68993,471681,50.08,Cement
2024-08-30,GRASIM, EQ, 30-Aug-2024,2676.2,2676.2,2708.9,2676.2,2696.95,2698.85,2697.92,994826,26839.58,48696,689964,69.36,Cement
2024-09-02,GRASIM, EQ, 02-Sep-2024,2698.85,2706.75,2729.65,2675.55,2691.5,2690.8,2696.9,720118,19420.87,55041,287788,39.96,Cement
2024-09-03,GRASIM, EQ, 03-Sep-2024,2690.8,2680.1,2710.0,2680.1,2702.3,2706.85,2697.14,522391,14089.61,45575,337708,64.65,Cement
2024-09-04,GRASIM, EQ, 04-Sep-2024,2706.85,2695.0,2763.95,2687.25,2758.5,2757.65,2741.6,1119041,30679.68,59265,618579,55.28,Cement
2024-09-05,GRASIM, EQ, 05-Sep-2024,2757.65,2774.0,2774.0,2735.3,2740.0,2741.6,2750.67,472385,12993.73,38314,219056,46.37,Cement
2024-09-06,GRASIM, EQ, 06-Sep-2024,2741.6,2740.0,2744.6,2674.05,2696.4,2692.85,2699.17,555331,14989.33,37215,322025,57.99,Cement
2024-09-09,GRASIM, EQ, 09-Sep-2024,2692.85,2689.95,2715.4,2673.9,2707.5,2710.35,2701.58,267477,7226.1,23167,143108,53.5,Cement
2024-09-10,GRASIM, EQ, 10-Sep-2024,2710.35,2700.0,2715.15,2677.0,2704.5,2702.55,2698.31,431289,11637.51,42145,243062,56.36,Cement
2024-09-11,GRASIM, EQ, 11-Sep-2024,2702.55,2710.0,2729.5,2674.1,2674.85,2681.15,2704.7,347845,9408.16,37132,143282,41.19,Cement
2024-09-12,GRASIM, EQ, 12-Sep-2024,2681.15,2690.6,2765.0,2678.75,2760.1,2757.1,2734.38,939815,25698.1,91445,529925,56.39,Cement
2024-09-13,GRASIM, EQ, 13-Sep-2024,2757.1,2760.1,2799.0,2748.2,2794.0,2784.35,2775.04,634726,17613.88,35699,327408,51.58,Cement
2024-09-16,GRASIM, EQ, 16-Sep-2024,2784.35,2802.8,2819.05,2757.3,2767.25,2765.3,2787.12,431468,12025.52,31098,188540,43.7,Cement
2024-09-17,GRASIM, EQ, 17-Sep-2024,2765.3,2769.0,2777.3,2730.0,2745.0,2754.85,2754.96,253234,6976.49,30519,123231,48.66,Cement
2024-09-18,GRASIM, EQ, 18-Sep-2024,2754.85,2754.85,2777.0,2715.0,2724.95,2722.7,2742.33,332947,9130.52,22124,129895,39.01,Cement
2024-09-19,GRASIM, EQ, 19-Sep-2024,2722.7,2743.0,2775.0,2722.3,2743.75,2738.95,2743.34,452713,12419.45,49257,203895,45.04,Cement
2024-09-20,GRASIM, EQ, 20-Sep-2024,2738.95,2745.0,2755.7,2664.2,2675.0,2678.25,2693.44,2755774,74225.07,143296,1928502,69.98,Cement
2024-09-23,GRASIM, EQ, 23-Sep-2024,2678.25,2705.0,2705.0,2665.0,2669.95,2666.9,2676.3,678018,18145.78,34547,450768,66.48,Cement
2024-09-24,GRASIM, EQ, 24-Sep-2024,2666.9,2676.35,2695.0,2610.0,2624.0,2619.3,2636.26,1457923,38434.66,80115,991108,67.98,Cement
2024-09-25,GRASIM, EQ, 25-Sep-2024,2619.3,2619.3,2666.0,2583.95,2660.0,2662.0,2626.26,883336,23198.68,58198,395225,44.74,Cement
2024-09-26,GRASIM, EQ, 26-Sep-2024,2662.0,2674.0,2750.0,2656.2,2747.0,2745.85,2709.51,1117471,30277.97,78886,591566,52.94,Cement
2024-09-27,GRASIM, EQ, 27-Sep-2024,2745.85,2745.85,2807.0,2745.85,2782.8,2783.15,2782.91,1416974,39433.18,90961,823792,58.14,Cement
2024-09-30,GRASIM, EQ, 30-Sep-2024,2783.15,2784.0,2824.0,2765.0,2789.65,2795.55,2800.91,890000,24928.06,58172,488705,54.91,Cement
2024-10-01,GRASIM, EQ, 01-Oct-2024,2795.55,2794.05,2813.65,2755.0,2807.85,2801.15,2787.19,442630,12336.93,41640,245133,55.38,Cement
2024-10-03,GRASIM, EQ, 03-Oct-2024,2801.15,2789.0,2833.0,2752.1,2774.6,2766.15,2791.52,972732,27153.97,74311,461054,47.4,Cement
2024-10-04,GRASIM, EQ, 04-Oct-2024,2766.15,2766.15,2788.8,2731.0,2753.95,2745.1,2758.59,708378,19541.24,54315,425589,60.08,Cement
2024-10-07,GRASIM, EQ, 07-Oct-2024,2745.1,2760.0,2769.95,2700.0,2713.05,2720.5,2733.61,689611,18851.29,49659,350180,50.78,Cement
2024-10-08,GRASIM, EQ, 08-Oct-2024,2720.5,2715.25,2745.15,2705.2,2745.0,2738.2,2730.72,553985,15127.8,44885,360992,65.16,Cement
2024-10-09,GRASIM, EQ, 09-Oct-2024,2738.2,2754.0,2754.0,2710.0,2716.0,2715.75,2730.51,600020,16383.59,49363,338652,56.44,Cement
2024-10-10,GRASIM, EQ, 10-Oct-2024,2715.75,2717.95,2739.45,2711.1,2714.75,2722.45,2722.43,387246,10542.49,46807,149777,38.68,Cement
2024-10-11,GRASIM, EQ, 11-Oct-2024,2722.45,2722.45,2731.7,2685.5,2721.2,2725.55,2708.9,209760,5682.19,20443,77417,36.91,Cement
2024-10-14,GRASIM, EQ, 14-Oct-2024,2725.55,2737.55,2737.55,2702.3,2722.3,2726.9,2718.02,232099,6308.51,23525,117405,50.58,Cement
2024-10-15,GRASIM, EQ, 15-Oct-2024,2726.9,2725.0,2747.95,2700.7,2727.55,2735.8,2723.71,491010,13373.68,36273,327262,66.65,Cement
2024-10-16,GRASIM, EQ, 16-Oct-2024,2735.8,2725.1,2784.0,2725.0,2764.4,2764.1,2763.86,756373,20905.11,46332,349745,46.24,Cement
2024-10-17,GRASIM, EQ, 17-Oct-2024,2764.1,2784.0,2789.8,2686.05,2702.0,2705.85,2736.97,529505,14492.39,44848,197019,37.21,Cement
2024-10-18,GRASIM, EQ, 18-Oct-2024,2705.85,2700.0,2766.0,2674.65,2746.0,2760.95,2736.37,345996,9467.72,45581,147511,42.63,Cement
2024-10-21,GRASIM, EQ, 21-Oct-2024,2760.95,2760.0,2765.4,2712.0,2712.0,2718.25,2727.94,322456,8796.41,29293,162127,50.28,Cement
2024-10-22,GRASIM, EQ, 22-Oct-2024,2718.25,2718.1,2746.15,2646.35,2647.1,2655.35,2687.42,377094,10134.11,46132,174205,46.2,Cement
2024-10-23,GRASIM, EQ, 23-Oct-2024,2655.35,2650.0,2676.7,2625.95,2633.95,2633.2,2650.34,944905,25043.18,67455,632996,66.99,Cement
2024-10-24,GRASIM, EQ, 24-Oct-2024,2633.2,2644.9,2695.95,2616.1,2670.0,2666.7,2670.04,844303,22543.22,77667,425991,50.45,Cement
2024-10-25,GRASIM, EQ, 25-Oct-2024,2666.7,2665.1,2675.05,2600.0,2620.05,2615.2,2617.32,656546,17183.91,46420,389863,59.38,Cement
2024-10-28,GRASIM, EQ, 28-Oct-2024,2615.2,2600.0,2665.95,2594.3,2646.0,2646.95,2633.4,763794,20113.76,79837,497475,65.13,Cement
2024-10-29,GRASIM, EQ, 29-Oct-2024,2646.95,2660.0,2690.0,2650.0,2680.0,2686.0,2671.74,611947,16349.63,41502,289372,47.29,Cement
2024-10-30,GRASIM, EQ, 30-Oct-2024,2686.0,2691.65,2708.6,2666.05,2678.75,2672.55,2684.73,469403,12602.21,47809,308669,65.76,Cement
2024-10-31,GRASIM, EQ, 31-Oct-2024,2672.55,2675.0,2704.0,2644.45,2703.5,2695.85,2683.04,321800,8634.02,38542,140768,43.74,Cement
2024-11-01,GRASIM, EQ, 01-Nov-2024,2695.85,2719.0,2719.0,2673.0,2702.0,2698.9,2692.23,62294,1677.1,6247,20574,33.03,Cement
2024-11-04,GRASIM, EQ, 04-Nov-2024,2698.9,2696.65,2700.0,2578.05,2592.1,2590.6,2605.35,477329,12436.07,47198,257134,53.87,Cement
2024-11-05,GRASIM, EQ, 05-Nov-2024,2590.6,2590.6,2661.4,2587.6,2655.65,2650.95,2637.79,896947,23659.59,50679,513985,57.3,Cement
2024-11-06,GRASIM, EQ, 06-Nov-2024,2650.95,2650.95,2667.55,2619.55,2646.0,2645.95,2645.45,455842,12059.06,38551,247559,54.31,Cement
2024-11-07,GRASIM, EQ, 07-Nov-2024,2645.95,2631.15,2662.95,2551.75,2564.75,2562.7,2578.91,481689,12422.33,43881,189352,39.31,Cement
2024-11-08,GRASIM, EQ, 08-Nov-2024,2562.7,2565.0,2581.7,2540.0,2541.45,2544.85,2557.66,558297,14279.34,58716,336104,60.2,Cement
2024-11-11,GRASIM, EQ, 11-Nov-2024,2544.85,2528.05,2553.85,2506.05,2515.0,2519.5,2528.69,354984,8976.45,32607,164985,46.48,Cement
2024-11-12,GRASIM, EQ, 12-Nov-2024,2519.5,2523.25,2546.25,2510.0,2516.05,2521.2,2527.44,520250,13148.99,47799,274721,52.81,Cement
2024-11-13,GRASIM, EQ, 13-Nov-2024,2521.2,2521.2,2534.65,2472.05,2530.0,2502.9,2506.25,1449201,36320.53,72327,1051320,72.54,Cement
2024-11-14,GRASIM, EQ, 14-Nov-2024,2502.9,2502.9,2539.0,2490.05,2534.1,2523.95,2513.9,581846,14627.01,75741,267032,45.89,Cement
2024-11-18,GRASIM, EQ, 18-Nov-2024,2523.95,2497.0,2552.8,2479.05,2510.05,2517.15,2520.76,1436348,36206.92,103804,660691,46.0,Cement
2024-11-19,GRASIM, EQ, 19-Nov-2024,2517.15,2517.15,2552.0,2500.0,2500.85,2508.15,2529.11,424096,10725.85,65675,218107,51.43,Cement
2024-11-21,GRASIM, EQ, 21-Nov-2024,2508.15,2491.1,2555.65,2480.15,2530.2,2534.85,2531.9,686930,17392.36,83614,225280,32.8,Cement
2024-11-22,GRASIM, EQ, 22-Nov-2024,2534.85,2540.4,2609.9,2534.85,2591.0,2598.65,2588.27,828921,21454.75,78725,382839,46.19,Cement
2024-11-25,GRASIM, EQ, 25-Nov-2024,2598.65,2615.0,2654.0,2600.35,2632.0,2629.8,2624.22,967944,25400.94,52875,645977,66.74,Cement
2024-11-26,GRASIM, EQ, 26-Nov-2024,2629.8,2629.8,2639.7,2602.45,2610.0,2617.2,2618.33,256368,6712.57,26611,109629,42.76,Cement
2024-11-27,GRASIM, EQ, 27-Nov-2024,2617.2,2619.8,2649.45,2595.0,2615.0,2621.9,2613.77,348482,9108.51,28980,157880,45.31,Cement
2024-11-28,GRASIM, EQ, 28-Nov-2024,2621.9,2622.0,2635.95,2554.05,2586.0,2570.45,2579.73,1057792,27288.21,75570,624673,59.05,Cement
2024-11-29,GRASIM, EQ, 29-Nov-2024,2570.45,2565.0,2630.45,2559.0,2603.05,2606.25,2606.68,650252,16949.99,43067,403054,61.98,Cement
2024-12-02,GRASIM, EQ, 02-Dec-2024,2606.25,2605.85,2709.0,2591.75,2686.0,2693.55,2680.59,1103892,29590.84,70040,449442,40.71,Cement
2024-12-03,GRASIM, EQ, 03-Dec-2024,2693.55,2693.05,2728.95,2683.0,2708.3,2714.0,2711.17,522667,14170.37,55785,289695,55.43,Cement
2024-12-04,GRASIM, EQ, 04-Dec-2024,2714.0,2708.3,2724.45,2695.1,2712.0,2717.3,2716.07,572817,15558.14,34224,317817,55.48,Cement
2024-12-05,GRASIM, EQ, 05-Dec-2024,2717.3,2733.0,2733.75,2669.4,2707.0,2706.8,2706.21,714805,19344.11,80488,246117,34.43,Cement
2024-12-06,GRASIM, EQ, 06-Dec-2024,2706.8,2714.9,2720.0,2693.35,2702.3,2701.9,2705.53,342192,9258.12,26076,197667,57.76,Cement
2024-12-09,GRASIM, EQ, 09-Dec-2024,2701.9,2701.9,2714.05,2669.0,2680.55,2681.4,2681.31,387874,10400.12,29200,214983,55.43,Cement
2024-12-10,GRASIM, EQ, 10-Dec-2024,2681.4,2702.9,2708.0,2641.1,2654.0,2655.3,2655.64,637387,16926.7,49376,421922,66.2,Cement
2024-12-11,GRASIM, EQ, 11-Dec-2024,2655.3,2666.0,2699.9,2661.1,2670.6,2670.75,2682.4,319450,8568.94,35165,126151,39.49,Cement
2024-12-12,GRASIM, EQ, 12-Dec-2024,2670.75,2683.0,2683.0,2639.0,2656.95,2660.05,2656.74,376376,9999.33,41324,148149,39.36,Cement
2024-12-13,GRASIM, EQ, 13-Dec-2024,2660.05,2641.0,2700.0,2620.5,2696.05,2692.7,2671.63,412267,11014.25,36517,217142,52.67,Cement
2024-12-16,GRASIM, EQ, 16-Dec-2024,2692.7,2680.1,2718.0,2672.25,2680.0,2685.15,2686.76,329525,8853.53,26348,169803,51.53,Cement
2024-12-17,GRASIM, EQ, 17-Dec-2024,2685.15,2685.0,2685.0,2595.35,2599.0,2599.7,2624.78,887083,23284.01,46878,480982,54.22,Cement
2024-12-18,GRASIM, EQ, 18-Dec-2024,2599.7,2607.0,2617.9,2576.25,2588.0,2594.15,2596.26,369646,9596.97,28584,182752,49.44,Cement
2024-12-19,GRASIM, EQ, 19-Dec-2024,2594.15,2570.0,2594.0,2527.25,2537.0,2539.05,2547.33,510040,12992.38,41074,260204,51.02,Cement
2024-12-20,GRASIM, EQ, 20-Dec-2024,2539.05,2530.0,2563.2,2479.75,2487.8,2488.7,2504.78,734974,18409.51,52920,473164,64.38,Cement
2024-12-23,GRASIM, EQ, 23-Dec-2024,2488.7,2495.7,2553.7,2495.0,2520.0,2526.2,2525.9,347378,8774.42,35104,160369,46.17,Cement
2024-12-24,GRASIM, EQ, 24-Dec-2024,2526.2,2515.0,2542.4,2495.0,2500.0,2501.85,2512.06,364336,9152.35,24137,234347,64.32,Cement
2024-12-26,GRASIM, EQ, 26-Dec-2024,2501.85,2500.25,2518.25,2472.5,2485.15,2482.05,2490.01,559646,13935.23,32412,377170,67.39,Cement
2024-12-27,GRASIM, EQ, 27-Dec-2024,2482.05,2482.05,2520.6,2474.9,2488.9,2480.3,2493.13,428996,10695.44,28668,267536,62.36,Cement
2024-12-30,GRASIM, EQ, 30-Dec-2024,2480.3,2489.0,2490.0,2436.0,2445.0,2443.5,2461.03,763318,18785.48,43171,494167,64.74,Cement
2024-12-31,GRASIM, EQ, 31-Dec-2024,2443.5,2430.0,2447.0,2413.1,2444.0,2442.7,2428.03,530535,12881.54,33543,341327,64.34,Cement
2025-01-01,GRASIM, EQ, 01-Jan-2025,2442.7,2440.0,2473.85,2425.95,2446.7,2442.15,2450.49,487637,11949.5,35854,269775,55.32,Cement
2025-01-02,GRASIM, EQ, 02-Jan-2025,2442.15,2445.0,2559.5,2445.0,2538.0,2543.95,2521.62,970593,24474.72,67851,461843,47.58,Cement
2025-01-03,GRASIM, EQ, 03-Jan-2025,2543.95,2541.2,2553.9,2501.1,2515.0,2510.0,2520.71,595091,15000.5,25531,371882,62.49,Cement
2025-01-06,GRASIM, EQ, 06-Jan-2025,2510.0,2517.0,2527.95,2445.75,2458.15,2460.55,2474.72,393162,9729.66,36606,195803,49.8,Cement
2025-01-07,GRASIM, EQ, 07-Jan-2025,2460.55,2460.6,2497.0,2456.6,2465.0,2467.25,2474.2,495162,12251.32,32419,292951,59.16,Cement
2025-01-08,GRASIM, EQ, 08-Jan-2025,2467.25,2468.85,2476.35,2433.15,2433.5,2435.75,2442.87,543301,13272.15,49358,343749,63.27,Cement
2025-01-09,GRASIM, EQ, 09-Jan-2025,2435.75,2435.05,2438.8,2396.4,2414.0,2410.4,2413.17,766796,18504.1,87249,517962,67.55,Cement
2025-01-10,GRASIM, EQ, 10-Jan-2025,2410.4,2400.0,2424.9,2352.2,2362.0,2364.1,2371.91,413994,9819.57,37616,224356,54.19,Cement
2025-01-13,GRASIM, EQ, 13-Jan-2025,2364.1,2329.95,2348.2,2276.95,2290.0,2288.15,2305.73,422845,9749.67,40427,226505,53.57,Cement
2025-01-14,GRASIM, EQ, 14-Jan-2025,2288.15,2308.0,2330.45,2294.15,2311.25,2310.6,2307.41,865382,19967.9,47322,615697,71.15,Cement
2025-01-15,GRASIM, EQ, 15-Jan-2025,2310.6,2326.9,2349.75,2296.75,2318.0,2317.55,2324.85,583299,13560.81,47894,372847,63.92,Cement
2025-01-16,GRASIM, EQ, 16-Jan-2025,2317.55,2330.0,2359.75,2313.15,2359.0,2350.7,2347.74,1395232,32756.43,113575,870197,62.37,Cement
2025-01-17,GRASIM, EQ, 17-Jan-2025,2350.7,2363.1,2387.25,2348.65,2372.0,2375.85,2371.4,443089,10507.43,45197,264140,59.61,Cement
2025-01-20,GRASIM, EQ, 20-Jan-2025,2375.85,2380.05,2410.65,2373.0,2398.0,2402.0,2397.3,681711,16342.65,78602,393535,57.73,Cement
2025-01-21,GRASIM, EQ, 21-Jan-2025,2402.0,2404.9,2426.5,2361.65,2375.95,2367.5,2387.82,316019,7545.95,32379,134750,42.64,Cement
2025-01-22,GRASIM, EQ, 22-Jan-2025,2367.5,2380.95,2396.45,2370.3,2390.0,2388.15,2385.03,336546,8026.73,37152,176023,52.3,Cement
2025-01-23,GRASIM, EQ, 23-Jan-2025,2388.15,2388.0,2475.75,2365.4,2458.95,2461.15,2446.48,596720,14598.62,48727,289812,48.57,Cement
2025-01-24,GRASIM, EQ, 24-Jan-2025,2461.15,2466.35,2514.05,2453.45,2495.0,2490.75,2488.9,1510105,37584.97,87953,930222,61.6,Cement
2025-01-27,GRASIM, EQ, 27-Jan-2025,2490.75,2475.5,2484.4,2430.4,2441.8,2458.05,2458.66,458264,11267.18,46903,228310,49.82,Cement
2025-01-28,GRASIM, EQ, 28-Jan-2025,2458.05,2458.0,2459.95,2399.8,2415.0,2411.3,2430.72,740041,17988.35,56968,457607,61.84,Cement
2025-01-29,GRASIM, EQ, 29-Jan-2025,2411.3,2403.0,2464.0,2397.0,2453.0,2453.65,2439.97,200039,4880.89,25458,74124,37.05,Cement
2025-01-30,GRASIM, EQ, 30-Jan-2025,2453.65,2458.7,2508.55,2446.5,2498.15,2491.7,2478.19,397046,9839.56,40099,117401,29.57,Cement
2025-01-31,GRASIM, EQ, 31-Jan-2025,2491.7,2491.7,2518.3,2475.8,2506.95,2508.85,2501.25,431982,10804.93,38739,172253,39.88,Cement
2025-02-01,GRASIM, EQ, 01-Feb-2025,2508.85,2500.0,2514.05,2429.4,2440.0,2440.75,2477.81,432668,10720.7,30198,190300,43.98,Cement
2025-02-03,GRASIM, EQ, 03-Feb-2025,2440.75,2418.0,2479.75,2418.0,2469.0,2473.65,2453.22,427217,10480.58,35803,181042,42.38,Cement
2025-02-04,GRASIM, EQ, 04-Feb-2025,2473.65,2465.0,2491.8,2446.5,2491.8,2484.7,2474.03,337002,8337.52,36272,165630,49.15,Cement
2025-02-05,GRASIM, EQ, 05-Feb-2025,2484.7,2499.0,2499.9,2474.3,2489.9,2490.0,2486.46,464164,11541.27,45885,289031,62.27,Cement
2025-02-06,GRASIM, EQ, 06-Feb-2025,2490.0,2499.0,2508.3,2475.9,2500.9,2499.0,2495.24,595946,14870.29,53732,282394,47.39,Cement
2025-02-07,GRASIM, EQ, 07-Feb-2025,2499.0,2504.0,2522.75,2466.45,2485.2,2487.6,2495.91,738201,18424.83,67477,352943,47.81,Cement
2025-02-10,GRASIM, EQ, 10-Feb-2025,2487.6,2485.0,2491.0,2438.1,2453.0,2473.25,2472.94,717668,17747.49,50436,436959,60.89,Cement
2025-02-11,GRASIM, EQ, 11-Feb-2025,2473.25,2460.0,2542.0,2456.05,2492.0,2491.45,2507.38,1710410,42886.4,99491,257829,15.07,Cement
2025-02-12,GRASIM, EQ, 12-Feb-2025,2491.45,2479.0,2498.9,2433.75,2481.0,2484.95,2472.82,454023,11227.17,43569,176033,38.77,Cement
2025-02-13,GRASIM, EQ, 13-Feb-2025,2484.95,2481.0,2532.95,2474.15,2477.05,2490.1,2505.5,708830,17759.74,49450,407234,57.45,Cement
2025-02-14,GRASIM, EQ, 14-Feb-2025,2490.1,2499.0,2507.75,2405.5,2423.0,2431.3,2442.18,677910,16555.8,63352,352337,51.97,Cement
2025-02-17,GRASIM, EQ, 17-Feb-2025,2431.3,2431.3,2471.15,2405.55,2460.0,2463.85,2454.51,646841,15876.79,43407,407941,63.07,Cement
2025-02-18,GRASIM, EQ, 18-Feb-2025,2463.85,2480.0,2482.95,2412.8,2445.05,2463.2,2440.68,596040,14547.42,49999,314925,52.84,Cement
2025-02-19,GRASIM, EQ, 19-Feb-2025,2463.2,2448.0,2481.5,2446.3,2460.35,2463.2,2464.33,289053,7123.23,30974,154294,53.38,Cement
2025-02-20,GRASIM, EQ, 20-Feb-2025,2463.2,2451.0,2477.95,2443.25,2452.9,2453.7,2454.86,427274,10488.98,40900,297516,69.63,Cement
2025-02-21,GRASIM, EQ, 21-Feb-2025,2453.7,2440.0,2453.35,2401.05,2417.15,2431.05,2432.17,504415,12268.24,57130,318012,63.05,Cement
2025-02-24,GRASIM, EQ, 24-Feb-2025,2431.05,2412.0,2420.0,2381.0,2392.0,2393.7,2399.32,543080,13030.25,49595,329376,60.65,Cement
2025-02-25,GRASIM, EQ, 25-Feb-2025,2393.7,2392.0,2403.5,2367.1,2370.7,2379.3,2381.73,497013,11837.52,39966,314410,63.26,Cement
2025-02-27,GRASIM, EQ, 27-Feb-2025,2379.3,2373.0,2379.3,2317.1,2347.0,2339.95,2338.15,1045684,24449.68,81161,639576,61.16,Cement
2025-02-28,GRASIM, EQ, 28-Feb-2025,2339.95,2347.15,2361.75,2301.65,2324.85,2306.65,2321.78,1153007,26770.28,74923,741321,64.29,Cement
2025-03-03,GRASIM, EQ, 03-Mar-2025,2306.65,2328.5,2382.9,2317.9,2380.0,2377.45,2363.2,790068,18670.86,89557,362886,45.93,Cement
2025-03-04,GRASIM, EQ, 04-Mar-2025,2377.45,2356.0,2404.2,2351.6,2395.85,2394.65,2385.07,521061,12427.66,55486,350341,67.24,Cement
2025-03-05,GRASIM, EQ, 05-Mar-2025,2394.65,2404.0,2408.95,2376.35,2399.0,2391.65,2387.81,755361,18036.56,94844,445150,58.93,Cement
2025-03-06,GRASIM, EQ, 06-Mar-2025,2391.65,2401.65,2415.0,2353.5,2388.2,2393.65,2388.47,754593,18023.25,76858,346134,45.87,Cement
2025-03-07,GRASIM, EQ, 07-Mar-2025,2393.65,2380.0,2415.0,2380.0,2405.0,2407.25,2405.39,317388,7634.43,35322,172937,54.49,Cement
2025-03-10,GRASIM, EQ, 10-Mar-2025,2407.25,2407.25,2425.0,2373.3,2386.2,2383.95,2402.6,650796,15636.01,53695,376527,57.86,Cement
2025-03-11,GRASIM, EQ, 11-Mar-2025,2383.95,2372.0,2425.0,2363.95,2415.9,2413.55,2401.36,445250,10692.04,43939,262256,58.9,Cement
2025-03-12,GRASIM, EQ, 12-Mar-2025,2413.55,2413.55,2438.9,2367.6,2398.7,2398.9,2398.94,561893,13479.46,39218,330820,58.88,Cement
2025-03-13,GRASIM, EQ, 13-Mar-2025,2398.9,2402.0,2411.8,2363.3,2368.0,2370.2,2377.6,479648,11404.12,39490,284961,59.41,Cement
2025-03-17,GRASIM, EQ, 17-Mar-2025,2370.2,2381.75,2404.5,2370.85,2400.0,2399.35,2390.57,646728,15460.46,37957,449426,69.49,Cement
2025-03-18,GRASIM, EQ, 18-Mar-2025,2399.35,2402.35,2428.0,2397.0,2424.9,2421.65,2418.97,423611,10247.0,36681,277196,65.44,Cement
2025-03-19,GRASIM, EQ, 19-Mar-2025,2421.65,2426.0,2464.6,2426.0,2460.0,2458.2,2451.96,415476,10187.32,31153,247167,59.49,Cement
2025-03-20,GRASIM, EQ, 20-Mar-2025,2458.2,2464.8,2477.2,2448.1,2461.85,2468.15,2470.89,317002,7832.78,34728,172935,54.55,Cement
2025-03-21,GRASIM, EQ, 21-Mar-2025,2468.15,2479.9,2514.75,2459.45,2478.65,2469.4,2476.5,1372022,33978.12,66480,1039027,75.73,Cement
2025-03-24,GRASIM, EQ, 24-Mar-2025,2469.4,2478.65,2544.0,2475.0,2511.0,2513.2,2518.04,594207,14962.36,50743,285298,48.01,Cement
2025-03-25,GRASIM, EQ, 25-Mar-2025,2513.2,2529.75,2595.9,2520.0,2566.5,2569.45,2560.17,993289,25429.88,78530,387452,39.01,Cement
2025-03-26,GRASIM, EQ, 26-Mar-2025,2569.45,2582.95,2602.9,2560.0,2585.0,2581.6,2582.06,555486,14342.99,45628,300873,54.16,Cement
2025-03-27,GRASIM, EQ, 27-Mar-2025,2581.6,2584.0,2628.95,2575.0,2596.1,2618.7,2613.91,1246219,32575.1,69464,674266,54.1,Cement
2025-03-28,GRASIM, EQ, 28-Mar-2025,2618.7,2614.95,2637.65,2599.35,2605.5,2611.15,2617.3,435022,11385.81,43441,205667,47.28,Cement
2025-04-01,GRASIM, EQ, 01-Apr-2025,2611.15,2611.4,2632.0,2596.2,2612.05,2619.0,2613.77,317974,8311.11,30190,184575,58.05,Cement
2025-04-02,GRASIM, EQ, 02-Apr-2025,2619.0,2619.0,2633.4,2601.05,2612.05,2616.5,2617.43,413523,10823.66,40620,258681,62.56,Cement
2025-04-03,GRASIM, EQ, 03-Apr-2025,2616.5,2595.1,2664.0,2595.1,2652.0,2651.9,2643.47,298330,7886.27,36091,115871,38.84,Cement
2025-04-04,GRASIM, EQ, 04-Apr-2025,2651.9,2635.1,2651.9,2610.1,2623.75,2616.9,2629.13,290533,7638.5,26976,157231,54.12,Cement
2025-04-07,GRASIM, EQ, 07-Apr-2025,2616.9,2550.0,2560.0,2465.5,2511.6,2509.1,2505.49,974267,24410.17,95346,532274,54.63,Cement
2025-04-08,GRASIM, EQ, 08-Apr-2025,2509.1,2550.0,2600.0,2534.15,2593.0,2590.05,2579.19,1296141,33429.95,58905,929797,71.74,Cement
2025-04-09,GRASIM, EQ, 09-Apr-2025,2590.05,2562.5,2586.75,2529.45,2568.0,2557.75,2561.35,494024,12653.71,40113,278814,56.44,Cement
2025-04-11,GRASIM, EQ, 11-Apr-2025,2557.75,2650.0,2660.0,2612.8,2660.0,2651.25,2642.04,669041,17676.31,53806,371256,55.49,Cement
2025-04-15,GRASIM, EQ, 15-Apr-2025,2651.25,2675.0,2726.2,2670.0,2725.0,2718.6,2707.18,815058,22065.12,52975,522936,64.16,Cement
2025-04-16,GRASIM, EQ, 16-Apr-2025,2718.6,2690.0,2722.0,2682.2,2715.8,2702.8,2702.33,462016,12485.21,41564,265668,57.5,Cement
2025-04-17,GRASIM, EQ, 17-Apr-2025,2702.8,2701.0,2772.0,2686.9,2761.9,2760.7,2747.74,1061496,29167.16,91814,460297,43.36,Cement
2025-04-21,GRASIM, EQ, 21-Apr-2025,2760.7,2755.0,2787.3,2735.0,2756.0,2756.9,2767.75,322964,8938.83,37266,134774,41.73,Cement
2025-04-22,GRASIM, EQ, 22-Apr-2025,2756.9,2750.3,2772.1,2737.7,2737.7,2749.4,2755.85,211167,5819.44,22885,93887,44.46,Cement
2025-04-23,GRASIM, EQ, 23-Apr-2025,2749.4,2750.1,2763.9,2675.1,2695.0,2685.6,2700.69,603774,16306.06,43307,277421,45.95,Cement
2025-04-24,GRASIM, EQ, 24-Apr-2025,2685.6,2690.0,2736.3,2673.0,2730.5,2729.2,2720.38,562050,15289.92,39302,290048,51.61,Cement
2025-04-25,GRASIM, EQ, 25-Apr-2025,2729.2,2726.0,2739.9,2675.2,2732.1,2734.8,2710.11,649356,17598.29,45697,400701,61.71,Cement
2025-04-28,GRASIM, EQ, 28-Apr-2025,2734.8,2735.0,2773.7,2723.3,2752.0,2753.4,2757.42,416635,11488.39,37851,169781,40.75,Cement
2025-04-29,GRASIM, EQ, 29-Apr-2025,2753.4,2753.1,2755.6,2719.0,2737.1,2745.7,2737.63,890929,24390.32,41123,633146,71.07,Cement
2025-04-30,GRASIM, EQ, 30-Apr-2025,2745.7,2735.0,2750.9,2718.9,2722.1,2737.5,2739.12,662477,18146.06,27818,490052,73.97,Cement
2025-05-02,GRASIM, EQ, 02-May-2025,2737.5,2725.6,2771.8,2695.8,2715.0,2718.3,2730.6,1007903,27521.85,42205,731038,72.53,Cement
2025-05-05,GRASIM, EQ, 05-May-2025,2718.3,2730.0,2773.0,2718.3,2748.8,2755.1,2757.96,661587,18246.28,42213,436376,65.96,Cement
2025-05-06,GRASIM, EQ, 06-May-2025,2755.1,2754.0,2764.5,2718.0,2718.0,2728.7,2737.92,288396,7896.07,25953,186301,64.6,Cement
2025-05-07,GRASIM, EQ, 07-May-2025,2728.7,2699.0,2727.3,2682.4,2697.7,2699.9,2701.41,417883,11288.72,32124,257422,61.6,Cement
2025-05-08,GRASIM, EQ, 08-May-2025,2699.9,2685.0,2709.6,2676.5,2680.6,2698.7,2692.91,966461,26025.89,64880,594065,61.47,Cement
2025-05-09,GRASIM, EQ, 09-May-2025,2698.7,2676.9,2684.0,2626.6,2638.9,2634.8,2642.42,444671,11750.1,46194,235128,52.88,Cement
2025-05-12,GRASIM, EQ, 12-May-2025,2634.8,2671.1,2761.9,2671.1,2741.0,2742.8,2734.31,498304,13625.16,34800,235098,47.18,Cement
2025-05-13,GRASIM, EQ, 13-May-2025,2742.8,2741.0,2748.0,2702.7,2713.4,2708.7,2716.6,313964,8529.14,28936,146066,46.52,Cement
2025-05-14,GRASIM, EQ, 14-May-2025,2708.7,2719.9,2747.0,2705.3,2739.0,2737.2,2728.79,330652,9022.79,32256,182966,55.33,Cement
2025-05-15,GRASIM, EQ, 15-May-2025,2737.2,2734.3,2829.5,2720.0,2829.5,2824.8,2790.61,1353535,37771.94,92091,670653,49.55,Cement
2025-05-16,GRASIM, EQ, 16-May-2025,2824.8,2845.0,2845.0,2775.1,2808.0,2804.2,2800.93,700214,19612.53,48990,361514,51.63,Cement
2025-05-19,GRASIM, EQ, 19-May-2025,2804.2,2820.0,2820.1,2721.0,2723.0,2727.0,2751.18,575525,15833.73,42970,289730,50.34,Cement
2025-05-20,GRASIM, EQ, 20-May-2025,2727.0,2754.0,2754.0,2710.2,2717.0,2720.8,2728.95,520661,14208.58,41129,272114,52.26,Cement
2025-05-21,GRASIM, EQ, 21-May-2025,2720.8,2717.0,2749.9,2692.2,2703.0,2706.9,2717.2,304264,8267.46,24304,146441,48.13,Cement
2025-05-22,GRASIM, EQ, 22-May-2025,2706.9,2700.0,2702.3,2648.3,2684.0,2674.6,2671.04,541069,14452.15,49315,244767,45.24,Cement
2025-05-23,GRASIM, EQ, 23-May-2025,2674.6,2675.0,2746.9,2651.0,2656.0,2659.4,2700.29,990691,26751.55,63465,248907,25.12,Cement
2025-05-26,GRASIM, EQ, 26-May-2025,2659.4,2672.5,2696.6,2640.1,2652.0,2656.4,2663.82,435977,11613.65,35880,193445,44.37,Cement
2025-05-27,GRASIM, EQ, 27-May-2025,2656.4,2656.0,2658.4,2595.0,2613.0,2614.2,2614.14,874537,22861.58,64436,371764,42.51,Cement
2025-05-28,GRASIM, EQ, 28-May-2025,2614.2,2620.8,2620.8,2570.1,2575.0,2577.6,2587.36,849149,21970.5,40997,541750,63.8,Cement
2025-05-29,GRASIM, EQ, 29-May-2025,2577.6,2577.6,2593.9,2552.2,2579.0,2573.6,2571.68,616258,15848.16,40911,322993,52.41,Cement
2025-05-30,GRASIM, EQ, 30-May-2025,2573.6,2575.0,2604.9,2536.0,2536.0,2545.8,2553.38,1203864,30739.23,50519,730564,60.68,Cement
2025-06-02,GRASIM, EQ, 02-Jun-2025,2545.8,2546.0,2549.6,2511.0,2519.3,2524.1,2523.38,1209305,30515.38,46225,925351,76.52,Cement
2025-06-03,GRASIM, EQ, 03-Jun-2025,2524.1,2543.0,2563.0,2512.1,2556.3,2552.4,2544.31,1493898,38009.38,77061,845555,56.6,Cement
2025-06-04,GRASIM, EQ, 04-Jun-2025,2552.4,2556.3,2573.1,2541.8,2552.0,2549.7,2550.45,529006,13492.02,30573,301108,56.92,Cement
2025-06-05,GRASIM, EQ, 05-Jun-2025,2549.7,2555.1,2599.0,2538.9,2556.0,2554.4,2573.58,950620,24464.96,49176,413783,43.53,Cement
2025-06-06,GRASIM, EQ, 06-Jun-2025,2554.4,2559.8,2578.1,2536.1,2570.0,2574.4,2563.2,414844,10633.29,26040,178228,42.96,Cement
2025-06-09,GRASIM, EQ, 09-Jun-2025,2574.4,2585.9,2614.9,2574.7,2607.5,2608.5,2601.93,552351,14371.78,32454,289339,52.38,Cement
2025-06-10,GRASIM, EQ, 10-Jun-2025,2608.5,2710.0,2742.0,2666.6,2704.0,2708.0,2706.92,2885229,78100.96,121771,896945,31.09,Cement
2025-06-11,GRASIM, EQ, 11-Jun-2025,2708.0,2708.1,2733.9,2678.2,2713.0,2722.2,2716.56,812149,22062.47,41455,453867,55.88,Cement
2025-06-12,GRASIM, EQ, 12-Jun-2025,2722.2,2718.1,2729.0,2676.0,2684.3,2689.1,2695.44,545570,14705.49,38274,261816,47.99,Cement
2025-06-13,GRASIM, EQ, 13-Jun-2025,2689.1,2652.1,2687.7,2635.8,2665.0,2663.8,2667.64,538879,14375.36,49282,299261,55.53,Cement
2025-06-16,GRASIM, EQ, 16-Jun-2025,2663.8,2665.0,2714.0,2652.1,2699.0,2704.9,2697.49,494993,13352.37,51762,273419,55.24,Cement
2025-06-17,GRASIM, EQ, 17-Jun-2025,2704.9,2704.9,2706.3,2665.0,2672.0,2671.4,2682.98,241142,6469.8,19794,112175,46.52,Cement
2025-06-18,GRASIM, EQ, 18-Jun-2025,2671.4,2671.4,2696.3,2667.3,2675.0,2675.4,2680.09,342289,9173.66,25486,194379,56.79,Cement
2025-06-19,GRASIM, EQ, 19-Jun-2025,2675.4,2680.0,2712.0,2670.0,2681.3,2693.2,2694.31,609547,16423.09,54737,327056,53.66,Cement
2025-06-20,GRASIM, EQ, 20-Jun-2025,2693.2,2683.0,2732.9,2683.0,2702.7,2712.6,2712.39,1232377,33426.92,57873,883544,71.69,Cement
2025-06-23,GRASIM, EQ, 23-Jun-2025,2712.6,2700.0,2737.5,2678.1,2723.9,2723.7,2713.27,728851,19775.66,43365,455442,62.49,Cement
2025-06-24,GRASIM, EQ, 24-Jun-2025,2723.7,2746.0,2801.8,2737.3,2779.7,2780.9,2778.28,1562447,43409.18,63333,1051354,67.29,Cement
2025-06-25,GRASIM, EQ, 25-Jun-2025,2780.9,2791.9,2843.0,2786.5,2840.0,2831.8,2810.78,948185,26651.44,38611,592334,62.47,Cement
2025-06-26,GRASIM, EQ, 26-Jun-2025,2831.8,2840.0,2894.9,2832.0,2880.0,2883.3,2869.55,1392932,39970.91,58045,630801,45.29,Cement
2025-06-27,GRASIM, EQ, 27-Jun-2025,2883.3,2896.0,2896.0,2844.4,2863.3,2861.1,2863.02,678859,19435.9,43818,381647,56.22,Cement
2025-06-30,GRASIM, EQ, 30-Jun-2025,2861.1,2863.3,2890.0,2836.7,2841.0,2844.5,2854.0,447868,12782.17,51373,261507,58.39,Cement
2025-07-01,GRASIM, EQ, 01-Jul-2025,2844.5,2842.5,2870.0,2842.5,2865.0,2848.1,2851.77,535639,15275.18,31747,365213,68.18,Cement
2025-07-02,GRASIM, EQ, 02-Jul-2025,2848.1,2870.0,2878.9,2835.0,2848.3,2849.8,2855.66,917118,26189.77,35703,645747,70.41,Cement
2025-07-03,GRASIM, EQ, 03-Jul-2025,2849.8,2848.4,2849.9,2810.8,2814.4,2817.6,2829.7,393434,11133.02,33771,167892,42.67,Cement
2025-07-04,GRASIM, EQ, 04-Jul-2025,2817.6,2817.6,2820.0,2785.7,2802.9,2805.9,2799.87,286779,8029.43,25835,171195,59.7,Cement
2025-07-07,GRASIM, EQ, 07-Jul-2025,2805.9,2810.0,2819.9,2775.0,2780.0,2779.1,2788.5,278677,7770.9,23903,183137,65.72,Cement
2025-07-08,GRASIM, EQ, 08-Jul-2025,2779.1,2780.0,2841.3,2778.2,2814.6,2820.8,2817.33,846061,23836.29,50672,392690,46.41,Cement
2025-07-09,GRASIM, EQ, 09-Jul-2025,2820.8,2813.0,2830.0,2793.6,2795.1,2797.9,2809.42,659109,18517.13,45798,419509,63.65,Cement
2025-07-10,GRASIM, EQ, 10-Jul-2025,2797.9,2797.9,2809.8,2769.0,2774.8,2775.1,2793.23,780215,21793.23,41442,498353,63.87,Cement
2025-07-11,GRASIM, EQ, 11-Jul-2025,2775.1,2775.1,2807.5,2756.4,2769.9,2762.0,2777.56,476850,13244.8,28586,290400,60.9,Cement
2025-07-14,GRASIM, EQ, 14-Jul-2025,2762.0,2774.0,2809.0,2755.1,2789.0,2784.4,2784.46,2913912,81136.67,50722,2479593,85.09,Cement
2025-07-15,GRASIM, EQ, 15-Jul-2025,2784.4,2789.0,2812.1,2762.8,2784.0,2778.6,2781.56,450965,12543.86,29953,204191,45.28,Cement
2025-07-16,GRASIM, EQ, 16-Jul-2025,2778.6,2784.0,2784.0,2758.0,2758.0,2762.4,2765.53,372782,10309.39,30401,242091,64.94,Cement
2025-07-17,GRASIM, EQ, 17-Jul-2025,2762.4,2762.0,2777.7,2742.3,2760.0,2766.3,2757.17,720281,19859.39,40613,495552,68.8,Cement
2025-07-18,GRASIM, EQ, 18-Jul-2025,2766.3,2771.0,2774.0,2716.5,2726.5,2728.5,2731.07,797380,21777.03,55278,541692,67.93,Cement
2025-07-21,GRASIM, EQ, 21-Jul-2025,2728.5,2728.0,2751.5,2713.2,2751.0,2741.9,2733.51,616378,16848.75,67630,405747,65.83,Cement
2025-07-22,GRASIM, EQ, 22-Jul-2025,2741.9,2752.9,2759.0,2717.5,2722.0,2722.7,2729.69,664321,18133.91,35112,441226,66.42,Cement
2025-07-23,GRASIM, EQ, 23-Jul-2025,2722.7,2735.6,2736.0,2701.5,2703.7,2709.1,2713.47,373864,10144.68,19479,263353,70.44,Cement
2025-07-24,GRASIM, EQ, 24-Jul-2025,2709.1,2709.1,2743.3,2667.3,2729.2,2735.9,2714.93,997645,27085.32,64339,568654,57.0,Cement
2025-07-25,GRASIM, EQ, 25-Jul-2025,2735.9,2735.0,2735.9,2694.2,2701.0,2708.6,2711.57,360857,9784.89,24822,203682,56.44,Cement
2025-07-28,GRASIM, EQ, 28-Jul-2025,2708.6,2704.1,2754.5,2697.0,2721.0,2727.2,2737.18,547126,14975.8,43368,283810,51.87,Cement
2025-07-29,GRASIM, EQ, 29-Jul-2025,2727.2,2727.2,2750.0,2705.0,2745.3,2743.0,2727.52,743512,20279.46,37249,520874,70.06,Cement
2025-07-30,GRASIM, EQ, 30-Jul-2025,2743.0,2740.0,2794.0,2733.1,2759.0,2758.6,2773.59,772901,21437.11,49055,422146,54.62,Cement
2025-07-31,GRASIM, EQ, 31-Jul-2025,2758.6,2735.0,2771.8,2727.7,2760.0,2746.4,2745.68,581498,15966.06,38745,304773,52.41,Cement
2025-08-01,GRASIM, EQ, 01-Aug-2025,2746.4,2748.0,2766.5,2716.0,2731.6,2722.2,2741.89,329586,9036.88,36202,161839,49.1,Cement
2025-08-04,GRASIM, EQ, 04-Aug-2025,2722.2,2730.0,2792.3,2720.8,2791.1,2787.8,2773.17,570201,15812.66,28835,328660,57.64,Cement
2025-08-05,GRASIM, EQ, 05-Aug-2025,2787.8,2799.0,2824.9,2784.7,2792.7,2797.2,2801.6,782631,21926.21,50918,389791,49.81,Cement
2025-08-06,GRASIM, EQ, 06-Aug-2025,2797.2,2800.0,2800.0,2758.0,2764.0,2765.8,2773.91,393906,10926.6,30998,213131,54.11,Cement
2025-08-07,GRASIM, EQ, 07-Aug-2025,2765.8,2764.0,2772.7,2718.8,2741.9,2743.7,2741.49,591589,16218.36,39252,342387,57.88,Cement
2025-08-08,GRASIM, EQ, 08-Aug-2025,2743.7,2743.7,2748.9,2672.6,2691.6,2691.6,2695.96,1162918,31351.75,75506,598683,51.48,Cement
2025-08-11,GRASIM, EQ, 11-Aug-2025,2691.6,2726.0,2795.0,2720.0,2763.0,2758.9,2751.65,1236332,34019.58,70346,442150,35.76,Cement
2025-08-12,GRASIM, EQ, 12-Aug-2025,2758.9,2757.0,2761.9,2705.1,2737.6,2740.4,2731.08,553341,15112.2,38454,294688,53.26,Cement
2025-08-13,GRASIM, EQ, 13-Aug-2025,2740.4,2760.0,2766.0,2725.5,2743.0,2745.9,2744.54,479944,13172.28,32089,267511,55.74,Cement
2025-08-14,GRASIM, EQ, 14-Aug-2025,2745.9,2745.9,2770.0,2731.1,2760.1,2764.9,2752.59,618912,17036.13,35216,408961,66.08,Cement
2025-08-18,GRASIM, EQ, 18-Aug-2025,2764.9,2795.0,2865.4,2776.5,2847.0,2845.9,2845.06,1279195,36393.86,73279,755313,59.05,Cement
2025-08-19,GRASIM, EQ, 19-Aug-2025,2845.9,2845.9,2854.0,2803.2,2830.0,2828.3,2820.73,372899,10518.48,24272,164852,44.21,Cement
2025-08-20,GRASIM, EQ, 20-Aug-2025,2828.3,2828.3,2883.6,2807.4,2869.5,2864.9,2850.59,930944,26537.44,45306,644161,69.19,Cement
2025-08-21,GRASIM, EQ, 21-Aug-2025,2864.9,2880.0,2898.4,2855.0,2874.4,2881.2,2882.09,1138327,32807.62,50538,681818,59.9,Cement
2025-08-22,GRASIM, EQ, 22-Aug-2025,2881.2,2881.1,2881.1,2801.4,2807.8,2813.8,2824.83,671902,18980.06,36560,403733,60.09,Cement
2025-08-25,GRASIM, EQ, 25-Aug-2025,2813.8,2825.7,2832.7,2791.6,2814.0,2811.4,2811.19,591824,16637.27,30125,336239,56.81,Cement
2025-08-26,GRASIM, EQ, 26-Aug-2025,2811.4,2803.6,2818.5,2780.4,2800.0,2796.2,2798.85,425619,11912.44,30997,208965,49.1,Cement
2025-08-28,GRASIM, EQ, 28-Aug-2025,2796.2,2775.0,2806.0,2772.2,2789.8,2784.3,2791.91,528080,14743.52,58100,299644,56.74,Cement
2025-08-29,GRASIM, EQ, 29-Aug-2025,2784.3,2784.3,2797.8,2762.7,2778.1,2775.6,2781.17,542362,15083.99,45945,359743,66.33,Cement
2025-09-01,GRASIM, EQ, 01-Sep-2025,2775.6,2778.0,2816.8,2773.4,2816.8,2803.9,2792.66,499161,13939.87,42772,333954,66.9,Cement
2025-09-02,GRASIM, EQ, 02-Sep-2025,2803.9,2815.0,2820.0,2773.7,2780.2,2779.8,2798.83,468533,13113.46,42634,261253,55.76,Cement
2025-09-03,GRASIM, EQ, 03-Sep-2025,2779.8,2789.0,2809.2,2770.5,2789.0,2781.4,2786.12,500510,13944.81,41921,294736,58.89,Cement
2025-09-04,GRASIM, EQ, 04-Sep-2025,2781.4,2801.0,2865.2,2801.0,2819.7,2809.8,2832.27,1177036,33336.83,69995,719347,61.12,Cement
2025-09-05,GRASIM, EQ, 05-Sep-2025,2809.8,2810.0,2837.5,2786.1,2807.9,2804.0,2806.76,495200,13899.1,28350,327203,66.07,Cement
2025-09-08,GRASIM, EQ, 08-Sep-2025,2804.0,2795.1,2823.9,2795.1,2800.0,2804.1,2811.47,229922,6464.18,22438,108190,47.06,Cement
2025-09-09,GRASIM, EQ, 09-Sep-2025,2804.1,2804.1,2823.7,2786.5,2795.0,2795.9,2803.76,388718,10898.72,36912,224721,57.81,Cement
2025-09-10,GRASIM, EQ, 10-Sep-2025,2795.9,2795.9,2818.0,2775.6,2783.8,2785.8,2794.07,421783,11784.9,34758,229754,54.47,Cement
2025-09-11,GRASIM, EQ, 11-Sep-2025,2785.8,2782.4,2806.4,2771.0,2796.1,2799.0,2791.11,217951,6083.26,20472,98030,44.98,Cement
2025-09-12,GRASIM, EQ, 12-Sep-2025,2799.0,2799.0,2818.0,2789.1,2801.0,2802.0,2805.28,168095,4715.54,16177,91601,54.49,Cement
2025-09-15,GRASIM, EQ, 15-Sep-2025,2802.0,2795.0,2819.8,2785.0,2801.5,2802.4,2805.02,291664,8181.23,25234,165354,56.69,Cement
2025-09-16,GRASIM, EQ, 16-Sep-2025,2802.4,2811.9,2848.5,2804.0,2848.5,2843.0,2827.2,546549,15452.01,32640,312761,57.22,Cement
2025-09-17,GRASIM, EQ, 17-Sep-2025,2843.0,2855.0,2881.0,2850.0,2865.0,2865.4,2870.41,785107,22535.81,32922,522549,66.56,Cement
2025-09-18,GRASIM, EQ, 18-Sep-2025,2865.4,2878.0,2883.0,2852.0,2881.9,2878.8,2867.86,513800,14735.08,34622,319151,62.12,Cement
2025-09-19,GRASIM, EQ, 19-Sep-2025,2878.8,2876.1,2891.3,2848.3,2884.4,2877.9,2873.11,790137,22701.5,39068,535550,67.78,Cement
2025-09-22,GRASIM, EQ, 22-Sep-2025,2877.9,2860.0,2911.0,2848.8,2859.9,2854.1,2883.6,751168,21660.66,38383,395286,52.62,Cement
2025-09-23,GRASIM, EQ, 23-Sep-2025,2854.1,2858.9,2873.8,2808.1,2813.6,2813.5,2823.72,702680,19841.7,39202,396857,56.48,Cement
2025-09-24,GRASIM, EQ, 24-Sep-2025,2813.5,2813.5,2838.7,2797.9,2811.7,2807.4,2819.31,316532,8924.03,30420,172961,54.64,Cement
2025-09-25,GRASIM, EQ, 25-Sep-2025,2807.4,2810.0,2833.2,2771.2,2785.7,2778.6,2787.71,723479,20168.49,34361,514718,71.14,Cement
2025-09-26,GRASIM, EQ, 26-Sep-2025,2778.6,2775.0,2810.0,2736.2,2745.0,2746.8,2750.47,523045,14386.19,36541,303807,58.08,Cement
2025-09-29,GRASIM, EQ, 29-Sep-2025,2746.8,2740.1,2765.7,2700.5,2754.0,2746.9,2750.6,541455,14893.28,42128,385175,71.14,Cement
2025-09-30,GRASIM, EQ, 30-Sep-2025,2746.9,2747.0,2769.0,2746.1,2769.0,2756.9,2757.04,440278,12138.65,40435,261046,59.29,Cement
2025-10-01,GRASIM, EQ, 01-Oct-2025,2756.9,2767.9,2796.2,2732.0,2792.0,2789.7,2769.99,353196,9783.48,28152,177410,50.23,Cement
2025-10-03,GRASIM, EQ, 03-Oct-2025,2789.7,2800.0,2806.8,2766.0,2799.3,2791.4,2782.17,708063,19699.49,37889,470034,66.38,Cement
2025-10-06,GRASIM, EQ, 06-Oct-2025,2791.4,2765.1,2814.1,2765.1,2801.4,2807.4,2804.46,298274,8364.96,24229,163675,54.87,Cement
2025-10-07,GRASIM, EQ, 07-Oct-2025,2807.4,2800.0,2825.0,2790.3,2814.0,2808.0,2809.93,245369,6894.7,28609,108232,44.11,Cement
2025-10-08,GRASIM, EQ, 08-Oct-2025,2808.0,2819.0,2823.4,2764.7,2781.4,2778.2,2781.36,339604,9445.6,28424,207200,61.01,Cement
2025-10-09,GRASIM, EQ, 09-Oct-2025,2778.2,2781.4,2817.3,2778.2,2805.1,2810.6,2798.25,404859,11328.97,21293,242005,59.78,Cement
2025-10-10,GRASIM, EQ, 10-Oct-2025,2810.6,2810.6,2832.8,2788.3,2812.0,2811.0,2812.76,582587,16386.79,33062,359780,61.76,Cement
2025-10-13,GRASIM, EQ, 13-Oct-2025,2811.0,2791.1,2812.0,2778.5,2796.0,2798.0,2795.1,280622,7843.67,22986,171500,61.11,Cement
2025-10-14,GRASIM, EQ, 14-Oct-2025,2798.0,2798.0,2808.0,2757.9,2777.0,2775.8,2775.61,316183,8776.01,27096,170226,53.84,Cement
2025-10-15,GRASIM, EQ, 15-Oct-2025,2775.8,2780.0,2824.9,2774.2,2815.0,2816.8,2812.6,459912,12935.51,21719,298229,64.84,Cement
2025-10-16,GRASIM, EQ, 16-Oct-2025,2816.8,2825.7,2875.0,2817.1,2858.0,2859.8,2851.8,517682,14763.27,32120,302748,58.48,Cement
2025-10-17,GRASIM, EQ, 17-Oct-2025,2859.8,2862.0,2886.0,2826.3,2841.0,2836.2,2852.04,334522,9540.71,23807,162730,48.65,Cement
2025-10-20,GRASIM, EQ, 20-Oct-2025,2836.2,2849.0,2874.0,2838.0,2857.5,2854.0,2854.87,374581,10693.81,34732,198088,52.88,Cement
2025-10-21,GRASIM, EQ, 21-Oct-2025,2854.0,2875.9,2875.9,2861.5,2873.0,2870.7,2870.33,48792,1400.49,4063,27158,55.66,Cement
2025-10-23,GRASIM, EQ, 23-Oct-2025,2870.7,2884.0,2914.5,2856.0,2866.0,2864.6,2886.13,511585,14765.0,32148,286661,56.03,Cement
2025-10-24,GRASIM, EQ, 24-Oct-2025,2864.6,2864.6,2877.0,2823.0,2844.2,2841.3,2842.67,456226,12968.99,26941,280090,61.39,Cement
2025-10-27,GRASIM, EQ, 27-Oct-2025,2841.3,2859.0,2934.0,2847.6,2932.7,2923.9,2906.62,764132,22210.44,53116,407842,53.37,Cement
2025-10-28,GRASIM, EQ, 28-Oct-2025,2923.9,2932.7,2959.6,2914.1,2931.0,2932.9,2933.6,1056504,30993.59,66972,507047,47.99,Cement
2025-10-29,GRASIM, EQ, 29-Oct-2025,2932.9,2945.9,2977.8,2940.0,2958.0,2958.7,2958.45,711559,21051.13,48238,381385,53.6,Cement
2025-10-30,GRASIM, EQ, 30-Oct-2025,2958.7,2960.0,2965.9,2922.6,2948.4,2950.4,2951.65,446894,13190.75,23402,283419,63.42,Cement
2025-10-31,GRASIM, EQ, 31-Oct-2025,2950.4,2950.4,2954.4,2880.0,2900.0,2891.7,2917.1,576935,16829.78,32750,351135,60.86,Cement
2025-11-03,GRASIM, EQ, 03-Nov-2025,2891.7,2896.0,2919.9,2872.5,2905.0,2899.9,2901.98,297012,8619.22,25166,100997,34.0,Cement
2025-11-04,GRASIM, EQ, 04-Nov-2025,2899.9,2908.9,2909.9,2872.0,2878.4,2882.0,2884.33,229856,6629.8,25670,116896,50.86,Cement
2025-11-06,GRASIM, EQ, 06-Nov-2025,2882.0,2797.1,2800.0,2692.0,2697.0,2700.1,2732.37,1986853,54288.16,105144,842914,42.42,Cement
2025-11-07,GRASIM, EQ, 07-Nov-2025,2700.1,2700.0,2738.0,2675.7,2724.0,2724.6,2719.05,1101889,29960.95,41211,669893,60.79,Cement
2025-11-10,GRASIM, EQ, 10-Nov-2025,2724.6,2738.0,2789.0,2728.7,2762.0,2762.9,2763.82,489522,13529.52,35248,238154,48.65,Cement
2025-11-11,GRASIM, EQ, 11-Nov-2025,2762.9,2775.0,2780.1,2737.5,2771.2,2775.8,2762.69,399693,11042.27,26596,215819,54.0,Cement
2025-11-12,GRASIM, EQ, 12-Nov-2025,2775.8,2788.4,2793.7,2755.0,2758.3,2767.4,2778.91,531304,14764.44,27673,280954,52.88,Cement
2025-11-13,GRASIM, EQ, 13-Nov-2025,2767.4,2766.6,2785.0,2746.2,2782.0,2777.8,2777.32,687031,19081.03,26511,455289,66.27,Cement
2025-11-14,GRASIM, EQ, 14-Nov-2025,2777.8,2777.2,2790.0,2761.0,2778.6,2783.4,2780.16,510972,14205.86,41627,347606,68.03,Cement
2025-11-17,GRASIM, EQ, 17-Nov-2025,2783.4,2790.0,2799.0,2771.1,2798.9,2790.3,2788.74,459047,12801.64,22856,318644,69.41,Cement
2025-11-18,GRASIM, EQ, 18-Nov-2025,2790.3,2788.0,2790.3,2750.0,2755.0,2762.0,2769.98,437943,12130.92,23885,279611,63.85,Cement
2025-11-19,GRASIM, EQ, 19-Nov-2025,2762.0,2770.0,2774.0,2739.1,2743.0,2744.7,2752.55,468941,12907.86,36742,260392,55.53,Cement
2025-11-20,GRASIM, EQ, 20-Nov-2025,2744.7,2760.0,2764.3,2745.0,2750.0,2748.6,2755.35,519341,14309.68,37712,331350,63.8,Cement
2025-11-21,GRASIM, EQ, 21-Nov-2025,2748.6,2750.0,2756.9,2723.0,2723.0,2734.8,2738.81,471626,12916.93,30734,301096,63.84,Cement
2025-11-24,GRASIM, EQ, 24-Nov-2025,2734.8,2734.9,2740.3,2679.4,2680.0,2688.7,2698.09,917195,24746.74,53452,623821,68.01,Cement
2025-11-25,GRASIM, EQ, 25-Nov-2025,2688.7,2688.1,2712.0,2680.0,2683.1,2686.8,2691.39,558631,15034.92,38370,374365,67.01,Cement
2025-11-26,GRASIM, EQ, 26-Nov-2025,2686.8,2686.8,2746.6,2686.8,2739.0,2744.0,2730.11,444974,12148.29,42362,267283,60.07,Cement
2025-11-27,GRASIM, EQ, 27-Nov-2025,2744.0,2748.0,2748.5,2712.0,2737.2,2740.0,2730.58,399328,10903.98,35198,232268,58.16,Cement
2025-11-28,GRASIM, EQ, 28-Nov-2025,2740.0,2747.2,2748.0,2727.5,2739.0,2739.4,2738.0,297155,8136.11,27178,192924,64.92,Cement
2025-12-01,GRASIM, EQ, 01-Dec-2025,2739.4,2750.0,2753.1,2700.0,2727.0,2731.5,2731.3,288096,7868.78,29223,160945,55.87,Cement
2025-12-02,GRASIM, EQ, 02-Dec-2025,2731.5,2717.1,2741.1,2717.1,2734.5,2735.0,2731.82,388195,10604.8,51349,227390,58.58,Cement
2025-12-03,GRASIM, EQ, 03-Dec-2025,2735.0,2744.0,2744.0,2707.2,2717.6,2720.3,2725.21,435124,11858.04,32902,231809,53.27,Cement
2025-12-04,GRASIM, EQ, 04-Dec-2025,2720.3,2720.3,2742.5,2710.0,2725.7,2730.4,2728.23,276879,7553.89,27899,169033,61.05,Cement
2025-12-05,GRASIM, EQ, 05-Dec-2025,2730.4,2730.5,2750.4,2716.9,2747.0,2747.0,2741.5,173909,4767.71,18211,101399,58.31,Cement
2025-12-08,GRASIM, EQ, 08-Dec-2025,2747.0,2747.0,2769.9,2730.0,2735.0,2744.2,2748.96,715725,19675.02,59546,404511,56.52,Cement
2025-12-09,GRASIM, EQ, 09-Dec-2025,2744.2,2740.0,2779.6,2726.5,2750.0,2746.0,2753.7,419760,11558.92,28441,192405,45.84,Cement
2025-12-10,GRASIM, EQ, 10-Dec-2025,2746.0,2770.9,2779.8,2740.9,2748.0,2746.8,2757.53,344470,9498.86,29959,162934,47.3,Cement
2025-12-11,GRASIM, EQ, 11-Dec-2025,2746.8,2757.0,2802.7,2742.7,2796.2,2797.8,2785.16,453706,12636.46,33572,234240,51.63,Cement
2025-12-12,GRASIM, EQ, 12-Dec-2025,2797.8,2814.0,2845.2,2796.6,2830.0,2836.7,2827.52,927504,26225.4,41389,560597,60.44,Cement
2025-12-15,GRASIM, EQ, 15-Dec-2025,2836.7,2836.7,2849.9,2817.0,2834.1,2821.0,2825.76,736238,20804.3,27163,574611,78.05,Cement
2025-12-16,GRASIM, EQ, 16-Dec-2025,2821.0,2822.0,2832.7,2786.2,2786.2,2799.1,2810.17,545921,15341.31,35173,377618,69.17,Cement
2025-12-17,GRASIM, EQ, 17-Dec-2025,2799.1,2785.2,2814.9,2780.0,2805.8,2806.6,2792.04,420053,11728.05,21173,309231,73.62,Cement
2025-12-18,GRASIM, EQ, 18-Dec-2025,2806.6,2810.0,2820.0,2786.9,2805.0,2807.6,2805.5,252763,7091.28,22175,142509,56.38,Cement
2025-12-19,GRASIM, EQ, 19-Dec-2025,2807.6,2800.0,2831.1,2790.1,2815.5,2812.5,2815.73,546550,15389.36,32948,351939,64.39,Cement
2025-12-22,GRASIM, EQ, 22-Dec-2025,2812.5,2812.7,2858.0,2798.1,2802.1,2809.7,2818.43,796031,22435.57,42954,558328,70.14,Cement
2025-12-23,GRASIM, EQ, 23-Dec-2025,2809.7,2811.0,2842.7,2811.0,2823.1,2829.8,2831.2,399009,11296.72,21285,226536,56.77,Cement
2025-12-24,GRASIM, EQ, 24-Dec-2025,2829.8,2830.8,2862.9,2820.0,2830.6,2826.9,2837.58,444617,12616.38,30480,273265,61.46,Cement
2025-12-26,GRASIM, EQ, 26-Dec-2025,2826.9,2828.0,2840.4,2809.3,2821.0,2817.7,2825.98,506240,14306.22,19028,309499,61.14,Cement
2025-12-29,GRASIM, EQ, 29-Dec-2025,2817.7,2821.0,2850.0,2812.5,2846.0,2842.4,2837.61,607462,17237.41,32698,321674,52.95,Cement
2025-12-30,GRASIM, EQ, 30-Dec-2025,2842.4,2847.0,2857.1,2827.2,2840.3,2841.7,2843.53,729640,20747.51,44942,458832,62.88,Cement
2025-12-31,GRASIM, EQ, 31-Dec-2025,2841.7,2844.5,2864.0,2803.5,2833.0,2829.0,2838.79,327956,9309.99,22601,170401,51.96,Cement
2026-01-01,GRASIM, EQ, 01-Jan-2026,2829.0,2833.0,2854.9,2822.3,2851.7,2851.7,2838.14,449775,12765.24,20750,284533,63.26,Cement
2026-01-02,GRASIM, EQ, 02-Jan-2026,2851.7,2856.9,2882.0,2845.1,2865.0,2856.4,2860.18,698682,19983.58,27466,427557,61.19,Cement
2026-01-05,GRASIM, EQ, 05-Jan-2026,2856.4,2871.0,2893.0,2842.5,2844.4,2848.9,2868.04,861522,24708.8,34508,590713,68.57,Cement
2026-01-06,GRASIM, EQ, 06-Jan-2026,2848.9,2860.0,2880.0,2845.5,2869.8,2865.3,2862.13,720656,20626.08,38925,486986,67.58,Cement
2026-01-07,GRASIM, EQ, 07-Jan-2026,2865.3,2880.0,2880.0,2829.1,2830.0,2837.1,2843.65,287536,8176.51,17040,173586,60.37,Cement
2026-01-08,GRASIM, EQ, 08-Jan-2026,2837.1,2821.0,2831.9,2787.1,2787.1,2792.0,2800.96,437229,12246.6,33742,256988,58.78,Cement
2026-01-09,GRASIM, EQ, 09-Jan-2026,2792.0,2799.8,2807.9,2766.7,2773.0,2776.9,2782.3,556140,15473.48,49270,350898,63.1,Cement
2026-01-12,GRASIM, EQ, 12-Jan-2026,2776.9,2763.0,2821.6,2738.3,2804.8,2806.7,2776.87,476367,13228.12,32975,283437,59.5,Cement
2026-01-13,GRASIM, EQ, 13-Jan-2026,2806.7,2799.0,2814.8,2759.1,2771.7,2774.2,2781.42,875758,24358.54,43875,534529,61.04,Cement
2026-01-14,GRASIM, EQ, 14-Jan-2026,2774.2,2774.0,2821.1,2755.1,2796.0,2795.8,2796.79,452326,12650.59,27568,217569,48.1,Cement
2026-01-16,GRASIM, EQ, 16-Jan-2026,2795.8,2810.8,2827.3,2791.0,2810.9,2809.6,2808.35,678922,19066.49,27693,408752,60.21,Cement
2026-01-19,GRASIM, EQ, 19-Jan-2026,2809.6,2796.0,2821.6,2768.8,2780.0,2780.0,2795.69,586951,16409.34,25126,360277,61.38,Cement
2026-01-20,GRASIM, EQ, 20-Jan-2026,2780.0,2783.0,2790.8,2706.0,2711.4,2713.6,2748.55,411054,11298.04,41263,239520,58.27,Cement
2026-01-21,GRASIM, EQ, 21-Jan-2026,2713.6,2718.9,2752.0,2708.3,2741.0,2735.6,2734.43,939481,25689.43,48966,473285,50.38,Cement
2026-01-22,GRASIM, EQ, 22-Jan-2026,2735.6,2742.5,2799.0,2742.5,2787.6,2787.6,2778.84,870158,24180.28,40375,500984,57.57,Cement
2026-01-23,GRASIM, EQ, 23-Jan-2026,2787.6,2789.9,2805.0,2752.5,2766.0,2759.0,2771.89,606097,16800.37,27969,385234,63.56,Cement
2026-01-27,GRASIM, EQ, 27-Jan-2026,2759.0,2798.0,2866.9,2773.0,2860.0,2856.2,2830.1,1521231,43052.43,87180,783635,51.51,Cement
2026-01-28,GRASIM, EQ, 28-Jan-2026,2856.2,2870.1,2891.2,2831.1,2840.0,2839.1,2854.75,508906,14528.01,27387,266614,52.39,Cement
2026-01-29,GRASIM, EQ, 29-Jan-2026,2839.1,2826.6,2852.9,2808.7,2841.8,2831.7,2831.96,680590,19274.06,44660,398818,58.6,Cement
2026-01-30,GRASIM, EQ, 30-Jan-2026,2831.7,2837.5,2839.6,2807.9,2816.1,2819.0,2823.42,1083570,30593.74,43398,687073,63.41,Cement
2026-02-01,GRASIM, EQ, 01-Feb-2026,2819.0,2820.0,2821.0,2716.2,2747.5,2737.6,2773.53,190200,5275.25,16763,86039,45.24,Cement
2026-02-02,GRASIM, EQ, 02-Feb-2026,2737.6,2740.0,2781.9,2713.0,2773.6,2774.6,2749.27,929579,25556.67,68259,546188,58.76,Cement
2026-02-03,GRASIM, EQ, 03-Feb-2026,2774.6,2869.0,2869.0,2801.1,2808.1,2808.9,2824.02,1232908,34817.52,46442,742866,60.25,Cement
2026-02-04,GRASIM, EQ, 04-Feb-2026,2808.9,2808.9,2863.8,2808.9,2835.0,2844.9,2848.69,566105,16126.56,40059,341367,60.3,Cement
2026-02-05,GRASIM, EQ, 05-Feb-2026,2844.9,2830.1,2877.3,2825.0,2871.1,2863.9,2845.87,762775,21707.62,34622,470762,61.72,Cement
2026-02-06,GRASIM, EQ, 06-Feb-2026,2863.9,2864.0,2879.0,2820.7,2844.6,2836.9,2844.45,361882,10293.55,29120,214612,59.3,Cement
2026-02-09,GRASIM, EQ, 09-Feb-2026,2836.9,2859.9,2939.8,2846.5,2925.0,2926.3,2903.52,681768,19795.28,46314,345846,50.73,Cement
2026-02-10,GRASIM, EQ, 10-Feb-2026,2926.3,2943.0,2962.0,2919.2,2960.0,2953.9,2942.54,624992,18390.64,46856,305998,48.96,Cement
2026-02-11,GRASIM, EQ, 11-Feb-2026,2953.9,2979.0,2979.0,2894.9,2929.0,2932.6,2931.17,1015218,29757.81,59379,513883,50.62,Cement
2026-02-12,GRASIM, EQ, 12-Feb-2026,2932.6,2940.4,2940.5,2907.6,2932.0,2925.5,2923.5,420088,12281.25,40811,245536,58.45,Cement
2026-02-13,GRASIM, EQ, 13-Feb-2026,2925.5,2929.3,2934.0,2877.4,2877.4,2888.0,2909.07,419620,12207.04,63724,242881,57.88,Cement
2026-02-16,GRASIM, EQ, 16-Feb-2026,2888.0,2870.0,2918.0,2861.3,2896.2,2912.7,2900.42,285131,8269.98,24702,164005,57.52,Cement
2026-02-17,GRASIM, EQ, 17-Feb-2026,2912.7,2902.1,2917.0,2880.2,2891.0,2900.4,2902.77,458126,13298.34,33616,268335,58.57,Cement
2026-02-18,GRASIM, EQ, 18-Feb-2026,2900.4,2900.0,2938.9,2900.0,2936.0,2933.8,2926.96,350421,10256.68,32194,192139,54.83,Cement
2026-02-19,GRASIM, EQ, 19-Feb-2026,2933.8,2928.1,2960.0,2846.9,2861.4,2864.3,2891.76,388104,11223.06,22812,186596,48.08,Cement
2026-02-20,GRASIM, EQ, 20-Feb-2026,2864.3,2864.9,2890.0,2822.7,2835.0,2832.8,2849.24,597887,17035.24,28761,393540,65.82,Cement
2026-02-23,GRASIM, EQ, 23-Feb-2026,2832.8,2844.0,2883.7,2839.7,2873.4,2873.4,2865.83,593878,17019.52,30089,366916,61.78,Cement
2026-02-24,GRASIM, EQ, 24-Feb-2026,2873.4,2850.2,2886.7,2847.4,2879.3,2879.3,2862.91,593814,17000.39,30415,351443,59.18,Cement
2026-02-25,GRASIM, EQ, 25-Feb-2026,2879.3,2892.0,2910.7,2867.1,2878.0,2878.4,2884.92,595400,17176.81,26871,388638,65.27,Cement
2026-02-26,GRASIM, EQ, 26-Feb-2026,2878.4,2881.5,2889.9,2846.6,2870.2,2863.5,2864.93,662746,18987.21,39290,392900,59.28,Cement
2026-02-27,GRASIM, EQ, 27-Feb-2026,2863.5,2845.0,2864.6,2784.0,2794.0,2799.8,2803.27,1153378,32332.3,50336,756843,65.62,Cement
2026-03-02,GRASIM, EQ, 02-Mar-2026,2799.8,2729.8,2786.3,2696.4,2770.0,2777.3,2763.44,900872,24895.1,70371,464250,51.53,Cement
2026-03-04,GRASIM, EQ, 04-Mar-2026,2777.3,2727.0,2742.2,2645.0,2674.0,2683.2,2679.97,928520,24884.01,58489,531485,57.24,Cement
2026-03-05,GRASIM, EQ, 05-Mar-2026,2683.2,2685.0,2731.9,2656.8,2717.0,2724.1,2695.88,1101224,29687.67,46702,686474,62.34,Cement
2026-03-06,GRASIM, EQ, 06-Mar-2026,2724.1,2701.5,2759.4,2687.2,2718.0,2718.4,2735.55,1457401,39867.95,53131,1049690,72.02,Cement
2026-03-09,GRASIM, EQ, 09-Mar-2026,2718.4,2659.0,2692.8,2631.0,2668.1,2681.2,2665.86,1019315,27173.47,43271,591251,58.0,Cement
2026-03-10,GRASIM, EQ, 10-Mar-2026,2681.2,2701.0,2753.0,2694.2,2750.0,2743.9,2729.77,1035360,28262.99,65751,616634,59.56,Cement
2026-03-11,GRASIM, EQ, 11-Mar-2026,2743.9,2726.6,2762.8,2714.8,2725.3,2735.6,2748.01,1492588,41016.53,58779,1099899,73.69,Cement
2026-03-12,GRASIM, EQ, 12-Mar-2026,2735.6,2711.2,2727.4,2660.6,2675.0,2673.1,2688.19,952036,25592.53,57049,506932,53.25,Cement
2026-03-13,GRASIM, EQ, 13-Mar-2026,2673.1,2655.0,2664.0,2563.1,2570.0,2568.6,2612.29,1309585,34210.17,85859,746517,57.0,Cement
2026-03-16,GRASIM, EQ, 16-Mar-2026,2568.6,2570.0,2661.4,2565.0,2656.9,2654.4,2637.45,1531881,40402.61,85108,679397,44.35,Cement
2026-03-17,GRASIM, EQ, 17-Mar-2026,2654.4,2655.1,2699.0,2650.0,2677.0,2683.3,2681.59,603520,16183.93,58865,315366,52.25,Cement
2026-03-18,GRASIM, EQ, 18-Mar-2026,2683.3,2699.0,2732.9,2686.7,2716.0,2723.1,2717.69,933801,25377.77,43798,617306,66.11,Cement
2026-03-19,GRASIM, EQ, 19-Mar-2026,2723.1,2700.0,2700.0,2600.1,2609.0,2607.9,2638.66,1270396,33521.44,47893,611948,48.17,Cement
2026-03-20,GRASIM, EQ, 20-Mar-2026,2607.9,2622.1,2662.7,2608.3,2626.2,2616.3,2633.34,1510096,39766.04,55344,978208,64.78,Cement
2026-03-23,GRASIM, EQ, 23-Mar-2026,2616.3,2591.0,2598.0,2502.5,2550.0,2531.1,2538.98,1936926,49178.1,119360,1121521,57.9,Cement
2026-03-24,GRASIM, EQ, 24-Mar-2026,2531.1,2565.5,2600.7,2523.0,2565.0,2549.4,2558.03,2303237,58917.39,94463,1331942,57.83,Cement
2026-03-25,GRASIM, EQ, 25-Mar-2026,2549.4,2561.8,2668.4,2561.8,2655.1,2647.8,2642.71,1656810,43784.76,79535,966655,58.34,Cement
2026-03-27,GRASIM, EQ, 27-Mar-2026,2647.8,2651.0,2655.0,2604.6,2642.1,2628.2,2622.88,2406056,63107.85,106487,1457958,60.6,Cement
2026-03-30,GRASIM, EQ, 30-Mar-2026,2628.2,2620.1,2620.1,2540.0,2541.0,2557.7,2569.41,1978678,50840.44,118364,990952,50.08,Cement
2026-04-01,GRASIM, EQ, 01-Apr-2026,2557.7,2602.0,2613.3,2576.0,2580.0,2592.8,2593.88,651446,16897.75,51908,361799,55.54,Cement
2026-04-02,GRASIM, EQ, 02-Apr-2026,2592.8,2574.9,2574.9,2514.2,2552.9,2564.1,2542.43,522088,13273.73,42998,255358,48.91,Cement
2026-04-06,GRASIM, EQ, 06-Apr-2026,2564.1,2545.0,2625.3,2533.0,2612.0,2614.4,2573.28,720478,18539.94,35543,382707,53.12,Cement
2026-04-07,GRASIM, EQ, 07-Apr-2026,2614.4,2592.0,2632.8,2576.6,2615.8,2621.0,2612.76,632051,16513.99,46694,349509,55.3,Cement
2026-04-08,GRASIM, EQ, 08-Apr-2026,2621.0,2698.0,2794.9,2690.5,2767.2,2756.2,2762.83,816578,22560.64,42992,396399,48.54,Cement
2026-04-09,GRASIM, EQ, 09-Apr-2026,2756.2,2740.1,2772.5,2723.0,2741.3,2740.5,2743.73,788928,21646.07,36666,460055,58.31,Cement
2026-04-10,GRASIM, EQ, 10-Apr-2026,2740.5,2750.0,2779.1,2727.2,2756.7,2742.6,2744.59,611392,16780.23,27992,353864,57.88,Cement
2026-04-13,GRASIM, EQ, 13-Apr-2026,2742.6,2694.1,2739.0,2682.9,2716.0,2713.0,2712.23,1259991,34173.84,56138,727041,57.7,Cement
2026-04-15,GRASIM, EQ, 15-Apr-2026,2713.0,2739.0,2793.2,2732.0,2733.1,2741.4,2750.69,665607,18308.82,33022,417964,62.79,Cement
2026-04-16,GRASIM, EQ, 16-Apr-2026,2741.4,2745.9,2755.3,2696.0,2720.0,2717.3,2721.4,803379,21863.19,37447,481242,59.9,Cement
2026-04-17,GRASIM, EQ, 17-Apr-2026,2717.3,2720.0,2736.6,2692.3,2722.5,2720.5,2720.44,427517,11630.35,23351,238868,55.87,Cement
2026-04-20,GRASIM, EQ, 20-Apr-2026,2720.5,2730.5,2771.9,2697.3,2752.0,2760.1,2738.63,702964,19251.56,38565,348713,49.61,Cement
2026-04-21,GRASIM, EQ, 21-Apr-2026,2760.1,2772.0,2792.0,2755.0,2772.1,2777.7,2780.68,686149,19079.62,37515,365798,53.31,Cement
2026-04-22,GRASIM, EQ, 22-Apr-2026,2777.7,2774.4,2810.0,2755.6,2774.0,2776.6,2780.36,924150,25694.71,40227,532807,57.65,Cement
2026-04-23,GRASIM, EQ, 23-Apr-2026,2776.6,2762.3,2768.4,2727.0,2734.0,2735.0,2750.99,859207,23636.72,42581,507343,59.05,Cement
2026-04-24,GRASIM, EQ, 24-Apr-2026,2735.0,2760.7,2768.9,2732.1,2744.0,2739.3,2750.08,1109759,30519.28,45147,693876,62.52,Cement
2026-04-27,GRASIM, EQ, 27-Apr-2026,2739.3,2766.0,2810.9,2752.2,2785.0,2778.2,2781.24,986204,27428.74,37620,515220,52.24,Cement
2026-04-28,GRASIM, EQ, 28-Apr-2026,2778.2,2780.0,2848.2,2772.0,2775.9,2783.0,2815.02,1561588,43959.05,67302,816043,52.26,Cement
2026-04-29,GRASIM, EQ, 29-Apr-2026,2783.0,2798.0,2838.6,2777.0,2800.0,2803.2,2814.53,976666,27488.58,34656,504881,51.69,Cement
2026-04-30,GRASIM, EQ, 30-Apr-2026,2803.2,2783.0,2801.4,2727.0,2794.0,2794.5,2772.33,1130223,31333.49,59066,663893,58.74,Cement
2026-05-04,GRASIM, EQ, 04-May-2026,2794.5,2805.0,2865.8,2805.0,2850.0,2856.0,2846.14,977675,27826.0,52152,560810,57.36,Cement
2026-05-05,GRASIM, EQ, 05-May-2026,2856.0,2831.0,2879.9,2823.6,2863.7,2871.5,2861.01,947423,27105.87,59895,565898,59.73,Cement
2026-05-06,GRASIM, EQ, 06-May-2026,2871.5,2885.5,2923.3,2872.3,2902.3,2914.8,2902.85,362970,10536.49,24267,204673,56.39,Cement
2026-05-07,GRASIM, EQ, 07-May-2026,2914.8,2902.3,2975.0,2900.0,2955.2,2960.6,2954.27,603383,17825.55,39103,286614,47.5,Cement
2026-05-08,GRASIM, EQ, 08-May-2026,2960.6,2960.6,2980.4,2932.1,2966.0,2968.6,2962.64,505248,14968.67,48689,245690,48.63,Cement
2026-05-11,GRASIM, EQ, 11-May-2026,2968.6,2954.1,3007.3,2928.0,2983.0,2984.2,2979.61,567800,16918.24,46497,240967,42.44,Cement
2026-05-12,GRASIM, EQ, 12-May-2026,2984.2,2980.0,2984.2,2893.7,2904.1,2903.0,2928.97,467500,13692.95,37515,222470,47.59,Cement
2026-05-13,GRASIM, EQ, 13-May-2026,2903.0,2910.3,2969.3,2910.0,2948.9,2945.6,2942.56,1332833,39219.36,78624,774130,58.08,Cement
2026-05-14,GRASIM, EQ, 14-May-2026,2945.6,2955.0,2983.3,2933.1,2945.4,2938.7,2952.84,1652596,48798.58,54729,1123775,68.0,Cement
2026-05-15,GRASIM, EQ, 15-May-2026,2938.7,2938.9,2968.4,2924.3,2939.9,2933.8,2945.83,1586864,46746.25,50731,1011435,63.74,Cement
2026-05-18,GRASIM, EQ, 18-May-2026,2933.8,2906.0,2955.5,2885.2,2955.0,2943.8,2931.71,800447,23466.8,39372,498191,62.24,Cement
2026-05-19,GRASIM, EQ, 19-May-2026,2943.8,2955.0,2970.0,2919.9,2928.0,2935.2,2943.94,637116,18756.31,40423,362036,56.82,Cement
2026-05-20,GRASIM, EQ, 20-May-2026,2935.2,2908.2,2988.0,2880.6,2983.0,2971.1,2933.86,1306216,38322.6,61737,499605,38.25,Cement
2026-05-21,GRASIM, EQ, 21-May-2026,2971.1,3060.7,3180.0,3021.0,3162.0,3154.5,3122.73,4417489,137946.08,191573,1367953,30.97,Cement
2026-05-22,GRASIM, EQ, 22-May-2026,3154.5,3178.0,3187.6,3142.0,3160.0,3155.3,3163.93,906466,28679.99,67291,377082,41.6,Cement
2026-05-25,GRASIM, EQ, 25-May-2026,3155.3,3180.0,3192.3,3128.1,3172.0,3171.6,3167.39,620009,19638.13,33965,288523,46.54,Cement
2026-05-26,GRASIM, EQ, 26-May-2026,3171.6,3168.4,3196.2,3155.0,3164.9,3165.0,3171.98,984415,31225.43,46813,558493,56.73,Cement
2026-05-27,GRASIM, EQ, 27-May-2026,3165.0,3158.0,3197.5,3158.0,3168.5,3170.0,3172.25,317539,10073.14,25757,162473,51.17,Cement
2026-05-29,GRASIM, EQ, 29-May-2026,3170.0,3175.0,3190.3,3111.4,3142.7,3122.4,3136.31,1635193,51284.78,68660,1123607,68.71,Cement
2026-06-01,GRASIM, EQ, 01-Jun-2026,3122.4,3151.4,3158.0,3084.3,3099.3,3102.6,3106.61,644142,20010.98,41725,408512,63.42,Cement
2026-06-02,GRASIM, EQ, 02-Jun-2026,3102.6,3076.0,3104.3,3061.0,3103.0,3097.6,3087.48,461140,14237.62,58149,277727,60.23,Cement
2026-06-03,GRASIM, EQ, 03-Jun-2026,3097.6,3099.0,3114.9,3060.0,3097.5,3101.6,3090.4,460368,14227.23,39529,282232,61.31,Cement
2026-06-04,GRASIM, EQ, 04-Jun-2026,3101.6,3100.1,3138.8,3085.8,3100.0,3103.5,3114.01,957529,29817.56,55663,510309,53.29,Cement
2026-06-05,GRASIM, EQ, 05-Jun-2026,3103.5,3109.0,3124.6,3066.2,3092.0,3087.7,3093.24,697168,21565.11,40921,448200,64.29,Cement
2026-06-08,GRASIM, EQ, 08-Jun-2026,3087.7,3060.0,3099.9,3034.9,3060.3,3050.1,3064.8,687274,21063.61,69317,382505,55.66,Cement
2026-06-09,GRASIM, EQ, 09-Jun-2026,3050.1,3070.2,3109.5,3067.8,3096.0,3095.5,3096.87,923351,28594.95,72081,535881,58.04,Cement
2026-06-10,GRASIM, EQ, 10-Jun-2026,3095.5,3090.0,3132.0,3065.5,3077.3,3071.2,3102.62,792811,24597.91,45903,443201,55.9,Cement
2026-06-11,GRASIM, EQ, 11-Jun-2026,3071.2,3058.0,3109.0,3045.8,3090.0,3089.5,3092.09,613443,18968.19,35024,340102,55.44,Cement
2026-06-12,GRASIM, EQ, 12-Jun-2026,3089.5,3120.0,3120.0,3075.0,3102.1,3105.5,3098.05,536817,16630.84,37717,252858,47.1,Cement
2026-06-15,GRASIM, EQ, 15-Jun-2026,3105.5,3168.0,3175.0,3131.0,3170.0,3164.5,3155.0,1033542,32608.22,55056,655252,63.4,Cement
2026-06-16,GRASIM, EQ, 16-Jun-2026,3164.5,3180.0,3183.0,3133.8,3143.9,3140.3,3150.98,308307,9714.7,35823,180646,58.59,Cement
2026-06-17,GRASIM, EQ, 17-Jun-2026,3140.3,3150.0,3200.0,3115.9,3160.8,3150.4,3140.06,395269,12411.69,29937,247786,62.69,Cement
2026-06-18,GRASIM, EQ, 18-Jun-2026,3150.4,3158.5,3168.9,3109.2,3142.9,3145.1,3129.35,667101,20875.92,29608,387837,58.14,Cement
2026-06-19,GRASIM, EQ, 19-Jun-2026,3145.1,3135.1,3167.0,3130.0,3158.0,3149.5,3146.78,534084,16806.46,30036,328119,61.44,Cement
2026-06-22,GRASIM, EQ, 22-Jun-2026,3149.5,3157.1,3180.1,3128.2,3178.4,3175.2,3164.88,368611,11666.1,33538,210688,57.16,Cement
2026-06-23,GRASIM, EQ, 23-Jun-2026,3175.2,3185.0,3186.0,3126.1,3126.1,3144.3,3148.42,705875,22223.89,37321,519006,73.53,Cement
2026-06-24,GRASIM, EQ, 24-Jun-2026,3144.3,3135.0,3142.7,3097.0,3132.0,3127.9,3125.78,706788,22092.65,35660,434227,61.44,Cement
2026-06-25,GRASIM, EQ, 25-Jun-2026,3127.9,3131.9,3156.0,3115.1,3129.9,3126.6,3136.63,785517,24638.77,49283,464535,59.14,Cement
2026-06-29,GRASIM, EQ, 29-Jun-2026,3126.6,3145.0,3145.0,3072.3,3110.0,3080.2,3091.81,1286143,39765.12,62576,888259,69.06,Cement
2026-06-30,GRASIM, EQ, 30-Jun-2026,3080.2,3085.0,3128.9,3080.5,3104.0,3100.0,3106.45,868872,26991.07,59049,527130,60.67,Cement
2026-07-01,GRASIM, EQ, 01-Jul-2026,3100.0,3115.0,3145.0,3083.5,3139.0,3140.4,3131.98,490262,15354.89,29335,294717,60.11,Cement
2026-07-02,GRASIM, EQ, 02-Jul-2026,3140.4,3153.0,3173.9,3134.4,3163.0,3169.2,3161.41,449711,14217.21,49223,303411,67.47,Cement
2026-07-03,GRASIM, EQ, 03-Jul-2026,3169.2,3180.0,3219.3,3165.0,3193.0,3180.9,3197.57,425942,13619.81,31202,146582,34.41,Cement
2026-07-06,GRASIM, EQ, 06-Jul-2026,3180.9,3182.2,3218.0,3172.0,3217.0,3213.0,3204.0,386276,12376.28,32975,204936,53.05,Cement
2026-07-07,GRASIM, EQ, 07-Jul-2026,3213.0,3201.0,3222.0,3172.9,3174.0,3190.9,3198.31,571660,18283.47,56509,360206,63.01,Cement
2026-07-08,GRASIM, EQ, 08-Jul-2026,3190.9,3174.0,3188.8,3121.4,3149.5,3134.8,3148.17,477890,15044.78,40714,274260,57.39,Cement
2026-07-09,GRASIM, EQ, 09-Jul-2026,3134.8,3139.0,3222.0,3136.3,3196.0,3191.9,3194.43,936756,29923.98,48990,344186,36.74,Cement
2026-07-10,GRASIM, EQ, 10-Jul-2026,3191.9,3204.8,3246.0,3202.0,3216.0,3213.6,3225.08,515666,16630.65,43419,276923,53.7,Cement
2026-07-13,GRASIM, EQ, 13-Jul-2026,3213.6,3202.4,3216.3,3125.2,3126.0,3144.3,3158.94,654390,20671.78,39626,392513,59.98,Cement
2026-07-14,GRASIM, EQ, 14-Jul-2026,3144.3,3138.0,3153.5,3093.1,3108.0,3113.3,3111.94,1058130,32928.35,73796,631771,59.71,Cement
2026-07-15,GRASIM, EQ, 15-Jul-2026,3113.3,3120.0,3150.0,3080.0,3083.0,3086.1,3109.86,726262,22585.74,41305,410007,56.45,Cement
2026-07-16,GRASIM, EQ, 16-Jul-2026,3086.1,3086.7,3105.0,3060.0,3067.9,3072.9,3073.56,536911,16502.26,27721,324093,60.36,Cement
2026-07-17,GRASIM, EQ, 17-Jul-2026,3072.9,3079.4,3118.0,3065.4,3111.5,3109.7,3098.0,622540,19286.27,41337,411942,66.17,Cement
2026-07-20,GRASIM, EQ, 20-Jul-2026,3109.7,3135.0,3155.9,3085.0,3136.5,3143.8,3131.29,349776,10952.51,26502,172967,49.45,Cement
2026-07-21,GRASIM, EQ, 21-Jul-2026,3143.8,3150.1,3195.1,3135.6,3170.0,3179.8,3168.02,659160,20882.32,32655,456802,69.3,Cement
2026-07-22,GRASIM, EQ, 22-Jul-2026,3179.8,3163.1,3177.1,3146.6,3171.0,3166.3,3160.63,396629,12535.98,29422,232723,58.68,Cement
2026-07-23,GRASIM, EQ, 23-Jul-2026,3166.3,3166.0,3180.0,3096.0,3101.0,3113.0,3126.09,327446,10236.25,28783,156472,47.79,Cement
2026-07-24,GRASIM, EQ, 24-Jul-2026,3113.0,3100.0,3100.0,3066.4,3093.1,3089.4,3083.45,341560,10531.83,32955,198482,58.11,Cement
2026-07-27,GRASIM, EQ, 27-Jul-2026,3089.4,3100.0,3120.0,3086.1,3120.0,3112.4,3099.22,266078,8246.35,20701,189279,71.14,Cement
2026-07-28,GRASIM, EQ, 28-Jul-2026,3112.4,3108.7,3126.6,3101.7,3116.0,3116.2,3114.17,388153,12087.75,33848,220517,56.81,Cement
2026-07-29,GRASIM, EQ, 29-Jul-2026,3116.2,3131.8,3149.0,3105.1,3112.0,3113.0,3119.31,304356,9493.81,27093,166219,54.61,Cement
2026-07-30,GRASIM, EQ, 30-Jul-2026,3113.0,3115.0,3115.5,3085.5,3100.1,3104.8,3099.09,301353,9339.2,28698,170746,56.66,Cement
2026-07-31,GRASIM, EQ, 31-Jul-2026,3104.8,3115.7,3135.9,3092.6,3096.0,3100.8,3109.42,309447,9622.0,25578,176321,56.98,Cement
2026-08-03,GRASIM, EQ, 03-Aug-2026,3100.8,3120.0,3260.0,3103.1,3260.0,3260.0,3149.42,393816,12402.9,27419,211291,53.65,Cement
2026-08-04,GRASIM, EQ, 04-Aug-2026,3260.0,3219.0,3219.1,3115.0,3138.0,3138.0,3142.72,770936,24228.35,42430,353698,45.88,Cement
2026-08-05,GRASIM, EQ, 05-Aug-2026,3138.0,3150.0,3228.7,3135.8,3224.0,3224.0,3202.91,692531,22181.13,43226,314028,45.34,Cement
2026-08-06,GRASIM, EQ, 06-Aug-2026,3224.0,3223.1,3232.8,3183.6,3220.0,3220.0,3208.29,365593,11729.3,28616,190024,51.98,Cement
2026-08-07,GRASIM, EQ, 07-Aug-2026,3220.0,3220.0,3349.6,3183.0,3323.0,3323.0,3278.1,1071215,35115.55,53731,486501,45.42,Cement
2026-08-10,GRASIM, EQ, 10-Aug-2026,3323.0,3324.0,3411.1,3290.2,3380.5,3380.5,3383.04,2568033,86877.7,84438,1620979,63.12,Cement
2026-08-11,GRASIM, EQ, 11-Aug-2026,3380.5,3360.0,3402.8,3301.9,3322.2,3322.2,3340.31,755928,25250.34,58390,397599,52.6,Cement
2026-08-12,GRASIM, EQ, 12-Aug-2026,3322.2,3325.1,3393.9,3270.6,3307.8,3307.8,3331.74,2309486,76945.96,114405,778865,33.72,Cement
2026-08-13,GRASIM, EQ, 13-Aug-2026,3307.8,3299.3,3299.3,3201.0,3257.0,3257.0,3244.65,1041544,33794.42,61057,335610,32.22,Cement
2026-08-14,GRASIM, EQ, 14-Aug-2026,3257.0,3264.8,3264.8,3221.0,3248.7,3248.7,3241.0,476082,15429.84,30207,267894,56.27,Cement
2026-08-17,GRASIM, EQ, 17-Aug-2026,3248.7,3240.0,3272.2,3223.5,3250.5,3250.5,3252.97,1324345,43080.5,56194,820222,61.93,Cement
2026-08-18,GRASIM, EQ, 18-Aug-2026,3250.5,3257.0,3297.7,3250.5,3278.7,3278.7,3279.61,1498859,49156.75,69326,940075,62.72,Cement
2026-08-19,GRASIM, EQ, 19-Aug-2026,3278.7,3278.7,3278.7,3223.0,3270.0,3270.0,3255.1,978120,31838.79,41111,633647,64.78,Cement
2026-08-20,GRASIM, EQ, 20-Aug-2026,3270.0,3280.0,3310.0,3250.0,3300.0,3300.0,3278.56,1182213,38759.53,70742,766661,64.85,Cement
2026-08-21,GRASIM, EQ, 21-Aug-2026,3300.0,3280.0,3343.1,3258.0,3308.0,3308.0,3294.27,1465361,48272.95,67108,870615,59.41,Cement
