Date,SYMBOL,SERIES,DATE1,PREV_CLOSE,OPEN_PRICE,HIGH_PRICE,LOW_PRICE,LAST_PRICE,CLOSE_PRICE,AVG_PRICE,TTL_TRD_QNTY,TURNOVER_LACS,NO_OF_TRADES,DELIV_QTY,DELIV_PER,SECTOR
2019-08-23,HINDUNILVR, EQ, 23-Aug-2019,1872.1,1874.75,1877.35,1850.65,1865.5,1860.0,1862.24,1278546,23809.62,78542,645855,50.51,Others
2019-10-01,HINDUNILVR, EQ, 01-Oct-2019,1981.95,1989.0,2019.9,1983.0,1993.2,1990.3,1999.2,1080409,21599.54,66962,517399,47.89,Others
2019-10-03,HINDUNILVR, EQ, 03-Oct-2019,1990.3,1984.75,1985.3,1958.35,1961.1,1962.05,1969.15,1423468,28030.18,124100,1039605,73.03,Others
2019-10-04,HINDUNILVR, EQ, 04-Oct-2019,1962.05,1966.0,1977.3,1939.1,1942.7,1944.2,1952.89,1723988,33667.52,96119,1171733,67.97,Others
2019-10-07,HINDUNILVR, EQ, 07-Oct-2019,1944.2,1943.95,1962.95,1927.65,1940.0,1940.05,1945.29,880275,17123.88,64593,514570,58.46,Others
2019-10-09,HINDUNILVR, EQ, 09-Oct-2019,1940.05,1950.0,1962.7,1941.25,1947.0,1948.0,1950.69,1066739,20808.8,52180,587689,55.09,Others
2019-10-10,HINDUNILVR, EQ, 10-Oct-2019,1948.0,1948.0,1982.5,1935.6,1980.0,1968.75,1967.21,1492290,29356.52,64879,704970,47.24,Others
2019-10-11,HINDUNILVR, EQ, 11-Oct-2019,1968.75,1985.85,2016.9,1975.5,2007.0,2004.65,1997.82,1934337,38644.58,64490,1032660,53.39,Others
2019-10-14,HINDUNILVR, EQ, 14-Oct-2019,2004.65,2022.4,2031.45,2006.25,2009.0,2014.25,2016.67,2135148,43058.92,81031,999774,46.82,Others
2019-10-15,HINDUNILVR, EQ, 15-Oct-2019,2014.25,2050.0,2077.3,2025.8,2060.05,2064.4,2051.69,5761733,118212.69,197466,2648122,45.96,Others
2019-10-16,HINDUNILVR, EQ, 16-Oct-2019,2064.4,2065.3,2080.0,2052.6,2078.95,2071.0,2068.81,1661705,34377.53,102952,964878,58.07,Others
2019-10-17,HINDUNILVR, EQ, 17-Oct-2019,2071.0,2067.5,2108.0,2061.95,2106.5,2103.85,2091.57,2001245,41857.43,78047,1160652,58.0,Others
2019-10-18,HINDUNILVR, EQ, 18-Oct-2019,2103.85,2100.0,2116.0,2090.7,2108.0,2106.85,2107.77,2202270,46418.77,77935,1454996,66.07,Others
2019-10-22,HINDUNILVR, EQ, 22-Oct-2019,2106.85,2120.0,2149.0,2112.0,2131.7,2127.35,2132.45,1737401,37049.27,101380,1321300,76.05,Others
2019-10-23,HINDUNILVR, EQ, 23-Oct-2019,2127.35,2119.45,2137.45,2098.0,2136.3,2133.25,2114.55,1535786,32474.97,87953,939348,61.16,Others
2019-10-24,HINDUNILVR, EQ, 24-Oct-2019,2133.25,2141.0,2150.0,2118.05,2140.0,2133.35,2131.04,973453,20744.66,77257,552236,56.73,Others
2019-10-25,HINDUNILVR, EQ, 25-Oct-2019,2133.35,2147.55,2156.5,2129.3,2141.0,2145.1,2143.62,1612038,34555.97,100871,1152788,71.51,Others
2019-10-27,HINDUNILVR, EQ, 27-Oct-2019,2145.1,2148.0,2148.0,2134.5,2141.5,2139.75,2140.03,85187,1823.03,5513,44202,51.89,Others
2019-10-29,HINDUNILVR, EQ, 29-Oct-2019,2139.75,2135.0,2163.95,2111.4,2163.0,2160.2,2139.37,1229516,26303.86,77357,685343,55.74,Others
2019-10-30,HINDUNILVR, EQ, 30-Oct-2019,2160.2,2180.0,2180.0,2142.0,2172.35,2169.4,2158.99,1195298,25806.31,72528,708629,59.28,Others
2019-10-31,HINDUNILVR, EQ, 31-Oct-2019,2169.4,2165.0,2187.25,2159.3,2180.5,2175.35,2170.86,1752830,38051.47,69028,1222871,69.77,Others
2019-11-01,HINDUNILVR, EQ, 01-Nov-2019,2175.35,2165.1,2184.3,2146.4,2178.0,2179.35,2165.9,1609685,34864.13,79428,965135,59.96,Others
2019-11-04,HINDUNILVR, EQ, 04-Nov-2019,2179.35,2179.35,2186.85,2149.8,2154.45,2158.15,2164.1,1523698,32974.29,84041,1090967,71.6,Others
2019-11-05,HINDUNILVR, EQ, 05-Nov-2019,2158.15,2153.5,2175.75,2143.15,2171.0,2172.15,2160.7,2167085,46824.24,85182,1580141,72.92,Others
2019-11-06,HINDUNILVR, EQ, 06-Nov-2019,2172.15,2166.0,2184.0,2155.0,2184.0,2179.45,2172.91,1093243,23755.17,48572,734192,67.16,Others
2019-11-07,HINDUNILVR, EQ, 07-Nov-2019,2179.45,2190.0,2190.0,2128.0,2140.95,2138.25,2146.51,1970785,42303.01,86447,1363373,69.18,Others
2019-11-08,HINDUNILVR, EQ, 08-Nov-2019,2138.25,2135.0,2145.15,2083.0,2085.0,2086.4,2098.32,1537851,32269.08,85573,915681,59.54,Others
2019-11-11,HINDUNILVR, EQ, 11-Nov-2019,2086.4,2081.3,2100.05,2068.05,2080.0,2081.35,2079.54,1050170,21838.65,65129,634180,60.39,Others
2019-11-13,HINDUNILVR, EQ, 13-Nov-2019,2081.35,2084.0,2094.9,2072.45,2091.1,2091.0,2087.22,868433,18126.13,56467,541507,62.35,Others
2019-11-14,HINDUNILVR, EQ, 14-Nov-2019,2091.0,2090.6,2090.6,2061.45,2069.0,2069.05,2069.92,1291198,26726.74,68179,961430,74.46,Others
2019-11-15,HINDUNILVR, EQ, 15-Nov-2019,2069.05,2062.25,2099.0,2050.55,2057.45,2057.7,2072.11,958290,19856.81,55498,532558,55.57,Others
2019-11-18,HINDUNILVR, EQ, 18-Nov-2019,2057.7,2059.8,2075.35,2038.0,2059.3,2056.2,2050.82,1200573,24621.64,59248,816669,68.02,Others
2019-11-19,HINDUNILVR, EQ, 19-Nov-2019,2056.2,2060.05,2060.05,2030.0,2039.0,2037.75,2038.18,1413218,28803.97,71762,1028850,72.8,Others
2019-11-20,HINDUNILVR, EQ, 20-Nov-2019,2037.75,2044.0,2052.85,2017.05,2026.0,2026.5,2031.2,989673,20102.2,56055,560791,56.66,Others
2019-11-21,HINDUNILVR, EQ, 21-Nov-2019,2026.5,2027.0,2059.95,2017.0,2047.0,2048.65,2038.85,1397175,28486.33,76846,838909,60.04,Others
2019-11-22,HINDUNILVR, EQ, 22-Nov-2019,2048.65,2050.0,2053.2,2008.0,2030.8,2028.35,2025.73,835864,16932.38,49392,446811,53.45,Others
2019-11-25,HINDUNILVR, EQ, 25-Nov-2019,2028.35,2022.1,2066.95,2022.1,2057.9,2062.4,2051.88,862520,17697.91,46905,440151,51.03,Others
2019-11-26,HINDUNILVR, EQ, 26-Nov-2019,2062.4,2059.0,2080.75,2032.3,2063.45,2058.35,2054.71,3188224,65508.83,97311,2594752,81.39,Others
2019-11-27,HINDUNILVR, EQ, 27-Nov-2019,2058.35,2062.55,2099.9,2055.85,2090.0,2093.25,2081.5,1259986,26226.58,92930,824313,65.42,Others
2019-11-28,HINDUNILVR, EQ, 28-Nov-2019,2093.25,2097.95,2098.35,2067.0,2081.8,2087.15,2082.52,1026831,21383.92,55734,560633,54.6,Others
2019-11-29,HINDUNILVR, EQ, 29-Nov-2019,2087.15,2084.0,2084.5,2031.0,2034.0,2035.3,2047.18,1298616,26584.97,106420,810640,62.42,Others
2019-12-02,HINDUNILVR, EQ, 02-Dec-2019,2035.3,2038.0,2062.0,2029.25,2046.9,2043.2,2043.88,1600494,32712.24,98849,972383,60.76,Others
2019-12-03,HINDUNILVR, EQ, 03-Dec-2019,2043.2,2041.0,2053.1,2020.15,2026.0,2028.45,2030.37,1199012,24344.33,58240,783823,65.37,Others
2019-12-04,HINDUNILVR, EQ, 04-Dec-2019,2028.45,2027.0,2052.0,2022.0,2043.45,2048.0,2040.18,1046309,21346.62,70684,689813,65.93,Others
2019-12-05,HINDUNILVR, EQ, 05-Dec-2019,2048.0,2047.8,2047.8,2027.3,2037.2,2037.45,2036.49,961085,19572.37,54816,592860,61.69,Others
2019-12-06,HINDUNILVR, EQ, 06-Dec-2019,2037.45,2044.0,2049.0,2022.0,2027.8,2026.05,2032.45,657658,13366.6,47963,357532,54.36,Others
2019-12-09,HINDUNILVR, EQ, 09-Dec-2019,2026.05,2030.0,2032.05,1991.2,2010.3,2008.15,2003.64,964222,19319.51,57641,446280,46.28,Others
2019-12-10,HINDUNILVR, EQ, 10-Dec-2019,2008.15,2014.9,2041.6,2011.0,2030.2,2025.35,2029.37,1610623,32685.45,89588,1026252,63.72,Others
2019-12-11,HINDUNILVR, EQ, 11-Dec-2019,2025.35,2027.9,2030.0,1998.0,2007.55,2010.45,2009.25,967708,19443.67,64771,534716,55.26,Others
2019-12-12,HINDUNILVR, EQ, 12-Dec-2019,2010.45,2010.0,2034.5,2002.0,2007.0,2007.35,2012.05,955318,19221.51,105968,595260,62.31,Others
2019-12-13,HINDUNILVR, EQ, 13-Dec-2019,2007.35,2018.45,2024.0,2000.0,2005.9,2006.2,2011.72,1212988,24401.88,56831,747763,61.65,Others
2019-12-16,HINDUNILVR, EQ, 16-Dec-2019,2006.2,2000.0,2011.0,1968.15,1974.4,1974.75,1979.21,1683941,33328.67,85866,948353,56.32,Others
2019-12-17,HINDUNILVR, EQ, 17-Dec-2019,1974.75,1979.0,1994.95,1950.0,1967.0,1961.35,1968.29,2189167,43089.24,117668,1216357,55.56,Others
2019-12-18,HINDUNILVR, EQ, 18-Dec-2019,1961.35,1960.0,1966.6,1907.35,1929.8,1928.55,1922.57,3986106,76635.5,220913,2203828,55.29,Others
2019-12-19,HINDUNILVR, EQ, 19-Dec-2019,1928.55,1931.9,1966.4,1930.05,1947.75,1951.1,1952.06,2035095,39726.2,97816,999814,49.13,Others
2019-12-20,HINDUNILVR, EQ, 20-Dec-2019,1951.1,1950.0,1959.9,1931.45,1950.0,1943.1,1946.44,2169685,42231.67,82176,1365055,62.91,Others
2019-12-23,HINDUNILVR, EQ, 23-Dec-2019,1943.1,1949.25,1962.0,1944.4,1950.0,1950.4,1951.53,807062,15750.06,38665,433364,53.7,Others
2019-12-24,HINDUNILVR, EQ, 24-Dec-2019,1950.4,1952.0,1964.8,1940.4,1946.5,1946.4,1952.38,790621,15435.92,45173,321351,40.65,Others
2019-12-26,HINDUNILVR, EQ, 26-Dec-2019,1946.4,1950.8,1954.25,1938.5,1943.8,1944.95,1945.35,862164,16772.14,64995,459757,53.33,Others
2019-12-27,HINDUNILVR, EQ, 27-Dec-2019,1944.95,1946.9,1954.45,1934.0,1948.2,1949.9,1945.06,937907,18242.85,59856,578438,61.67,Others
2019-12-30,HINDUNILVR, EQ, 30-Dec-2019,1949.9,1949.9,1954.25,1927.5,1939.15,1937.25,1937.89,1117498,21655.87,72056,686968,61.47,Others
2019-12-31,HINDUNILVR, EQ, 31-Dec-2019,1937.25,1940.0,1946.6,1920.1,1920.3,1923.0,1931.11,706593,13645.12,38262,360392,51.0,Others
2020-01-01,HINDUNILVR, EQ, 01-Jan-2020,1923.0,1930.0,1939.9,1918.0,1938.25,1936.55,1932.33,543035,10493.23,26908,238901,43.99,Others
2020-01-02,HINDUNILVR, EQ, 02-Jan-2020,1936.55,1940.0,1952.6,1930.0,1941.0,1938.05,1939.45,663275,12863.86,65620,353768,53.34,Others
2020-01-03,HINDUNILVR, EQ, 03-Jan-2020,1938.05,1937.9,1940.0,1918.75,1932.0,1927.45,1926.53,1598825,30801.89,85043,1117706,69.91,Others
2020-01-06,HINDUNILVR, EQ, 06-Jan-2020,1927.45,1927.35,1929.4,1911.25,1918.5,1915.45,1917.28,683129,13097.52,50595,303870,44.48,Others
2020-01-07,HINDUNILVR, EQ, 07-Jan-2020,1915.45,1919.25,1931.0,1918.0,1922.0,1920.7,1923.6,808935,15560.7,49424,458047,56.62,Others
2020-01-08,HINDUNILVR, EQ, 08-Jan-2020,1920.7,1910.0,1936.05,1906.45,1932.0,1929.35,1919.71,1889685,36276.47,75078,1467833,77.68,Others
2020-01-09,HINDUNILVR, EQ, 09-Jan-2020,1929.35,1941.55,1947.3,1931.0,1937.7,1935.05,1938.35,1544334,29934.61,110313,1149427,74.43,Others
2020-01-10,HINDUNILVR, EQ, 10-Jan-2020,1935.05,1940.9,1957.5,1931.65,1955.5,1954.0,1946.83,1003336,19533.25,75262,617533,61.55,Others
2020-01-13,HINDUNILVR, EQ, 13-Jan-2020,1954.0,1961.0,1997.85,1957.0,1994.9,1994.85,1981.57,2040089,40425.88,98419,1223943,59.99,Others
2020-01-14,HINDUNILVR, EQ, 14-Jan-2020,1994.85,1995.5,2014.95,1982.4,2013.0,2008.8,2002.8,1610737,32259.84,94942,1003279,62.29,Others
2020-01-15,HINDUNILVR, EQ, 15-Jan-2020,2008.8,2011.15,2027.0,1997.35,2017.4,2021.65,2009.87,1559491,31343.82,62989,1213624,77.82,Others
2020-01-16,HINDUNILVR, EQ, 16-Jan-2020,2021.65,2022.0,2054.7,2016.1,2046.0,2049.25,2042.58,2468958,50430.42,117361,1775070,71.9,Others
2020-01-17,HINDUNILVR, EQ, 17-Jan-2020,2049.25,2055.0,2063.9,2040.05,2061.95,2060.3,2056.36,994719,20455.01,61520,670916,67.45,Others
2020-01-20,HINDUNILVR, EQ, 20-Jan-2020,2060.3,2060.5,2075.9,2050.0,2066.05,2062.85,2061.4,829399,17097.23,48931,452810,54.59,Others
2020-01-21,HINDUNILVR, EQ, 21-Jan-2020,2062.85,2059.75,2075.0,2052.15,2062.0,2055.4,2058.97,750000,15442.28,54424,439704,58.63,Others
2020-01-22,HINDUNILVR, EQ, 22-Jan-2020,2055.4,2063.0,2063.5,2027.2,2051.9,2051.7,2045.32,983169,20108.91,70960,544995,55.43,Others
2020-01-23,HINDUNILVR, EQ, 23-Jan-2020,2051.7,2051.75,2060.85,2035.0,2057.0,2056.9,2047.01,708017,14493.16,42076,425206,60.06,Others
2020-01-24,HINDUNILVR, EQ, 24-Jan-2020,2056.9,2057.0,2079.0,2050.05,2072.7,2073.7,2072.14,914993,18959.96,50498,545886,59.66,Others
2020-01-27,HINDUNILVR, EQ, 27-Jan-2020,2073.7,2066.0,2068.75,2056.75,2062.95,2061.35,2062.3,429312,8853.7,31957,253671,59.09,Others
2020-01-28,HINDUNILVR, EQ, 28-Jan-2020,2061.35,2062.0,2065.0,2042.7,2060.0,2060.6,2057.12,777052,15984.86,82900,517179,66.56,Others
2020-01-29,HINDUNILVR, EQ, 29-Jan-2020,2060.6,2062.05,2085.8,2062.05,2070.0,2074.2,2075.95,873433,18132.06,73343,425200,48.68,Others
2020-01-30,HINDUNILVR, EQ, 30-Jan-2020,2074.2,2074.9,2078.0,2049.45,2052.0,2058.1,2062.22,952768,19648.13,67960,706405,74.14,Others
2020-01-31,HINDUNILVR, EQ, 31-Jan-2020,2058.1,2064.0,2068.25,2020.05,2038.9,2034.25,2039.71,1930834,39383.48,79082,1147755,59.44,Others
2020-02-01,HINDUNILVR, EQ, 01-Feb-2020,2034.25,2049.35,2096.0,2030.05,2074.0,2074.9,2074.27,2666062,55301.41,113126,913516,34.26,Others
2020-02-03,HINDUNILVR, EQ, 03-Feb-2020,2074.9,2074.9,2195.55,2074.9,2175.0,2178.95,2162.0,4012542,86751.23,180842,1556723,38.8,Others
2020-02-04,HINDUNILVR, EQ, 04-Feb-2020,2178.95,2177.0,2204.2,2140.0,2160.0,2155.6,2167.76,1932121,41883.73,94066,917894,47.51,Others
2020-02-05,HINDUNILVR, EQ, 05-Feb-2020,2155.6,2167.4,2184.0,2153.9,2159.3,2160.3,2164.44,1514368,32777.58,87356,885125,58.45,Others
2020-02-06,HINDUNILVR, EQ, 06-Feb-2020,2160.3,2166.0,2196.25,2134.05,2160.0,2156.4,2165.81,1302116,28201.3,60068,681209,52.32,Others
2020-02-07,HINDUNILVR, EQ, 07-Feb-2020,2156.4,2165.0,2172.0,2141.6,2161.0,2159.95,2154.08,908152,19562.34,44179,555973,61.22,Others
2020-02-10,HINDUNILVR, EQ, 10-Feb-2020,2159.95,2160.1,2189.55,2151.7,2161.85,2159.3,2163.34,1389847,30067.1,47651,702041,50.51,Others
2020-02-11,HINDUNILVR, EQ, 11-Feb-2020,2159.3,2169.0,2179.65,2147.7,2153.85,2152.65,2162.04,777506,16809.99,54049,451238,58.04,Others
2020-02-12,HINDUNILVR, EQ, 12-Feb-2020,2152.65,2157.1,2272.0,2155.0,2262.0,2260.35,2248.7,4753325,106887.83,216884,2053391,43.2,Others
2020-02-13,HINDUNILVR, EQ, 13-Feb-2020,2260.35,2256.0,2288.95,2233.05,2284.0,2283.4,2267.82,2950407,66909.77,97853,1779599,60.32,Others
2020-02-14,HINDUNILVR, EQ, 14-Feb-2020,2283.4,2273.0,2297.6,2246.25,2254.0,2255.05,2271.5,1728651,39266.29,73086,978129,56.58,Others
2020-02-17,HINDUNILVR, EQ, 17-Feb-2020,2255.05,2248.0,2289.0,2243.2,2254.05,2252.6,2262.44,1420851,32145.83,62176,745987,52.5,Others
2020-02-18,HINDUNILVR, EQ, 18-Feb-2020,2252.6,2252.6,2262.95,2222.1,2241.5,2234.4,2231.34,1194605,26655.74,36111,755352,63.23,Others
2020-02-19,HINDUNILVR, EQ, 19-Feb-2020,2234.4,2250.2,2308.2,2241.25,2296.0,2292.15,2280.67,1299800,29644.1,87008,539953,41.54,Others
2020-02-20,HINDUNILVR, EQ, 20-Feb-2020,2292.15,2282.2,2289.95,2242.5,2251.0,2248.25,2262.92,1555224,35193.47,94457,979287,62.97,Others
2020-02-24,HINDUNILVR, EQ, 24-Feb-2020,2248.25,2236.8,2262.0,2210.1,2217.0,2215.15,2232.31,1409245,31458.68,75116,787329,55.87,Others
2020-02-25,HINDUNILVR, EQ, 25-Feb-2020,2215.15,2239.9,2279.7,2225.75,2231.2,2233.6,2248.21,2237493,50303.65,94865,1051416,46.99,Others
2020-02-26,HINDUNILVR, EQ, 26-Feb-2020,2233.6,2238.8,2255.7,2202.35,2233.0,2236.2,2243.92,2896154,64987.38,106783,1965964,67.88,Others
2020-02-27,HINDUNILVR, EQ, 27-Feb-2020,2236.2,2241.95,2259.7,2200.0,2248.35,2254.95,2228.27,2446802,54521.4,128902,1417049,57.91,Others
2020-02-28,HINDUNILVR, EQ, 28-Feb-2020,2254.95,2191.1,2229.4,2155.0,2182.0,2174.75,2184.59,3837330,83829.74,167111,2519490,65.66,Others
2020-03-02,HINDUNILVR, EQ, 02-Mar-2020,2174.75,2190.0,2241.95,2141.85,2167.9,2159.45,2185.42,1707337,37312.51,83077,856781,50.18,Others
2020-03-03,HINDUNILVR, EQ, 03-Mar-2020,2159.45,2171.9,2189.6,2141.7,2178.65,2166.65,2170.25,1753148,38047.68,110315,1051465,59.98,Others
2020-03-04,HINDUNILVR, EQ, 04-Mar-2020,2166.65,2179.0,2185.05,2152.0,2180.9,2175.85,2167.29,1515878,32853.45,69750,899835,59.36,Others
2020-03-05,HINDUNILVR, EQ, 05-Mar-2020,2175.85,2185.0,2258.65,2181.85,2224.0,2218.0,2232.59,2272645,50738.83,142099,919236,40.45,Others
2020-03-06,HINDUNILVR, EQ, 06-Mar-2020,2218.0,2185.0,2250.0,2159.25,2172.1,2188.9,2194.32,2479414,54406.2,122964,1160909,46.82,Others
2020-03-09,HINDUNILVR, EQ, 09-Mar-2020,2188.9,2140.0,2169.6,2112.0,2135.0,2121.5,2135.15,2485208,53062.94,109512,1578931,63.53,Others
2020-03-11,HINDUNILVR, EQ, 11-Mar-2020,2121.5,2066.0,2169.45,2066.0,2155.05,2155.0,2128.68,2861649,60915.42,126457,1514078,52.91,Others
2020-03-12,HINDUNILVR, EQ, 12-Mar-2020,2155.0,2102.4,2123.0,2031.65,2074.0,2055.95,2077.96,3655792,75966.0,161111,2258833,61.79,Others
2020-03-13,HINDUNILVR, EQ, 13-Mar-2020,2055.95,1970.0,2120.0,1888.1,2045.0,2033.2,2028.73,3667035,74394.27,199161,1821253,49.67,Others
2020-03-16,HINDUNILVR, EQ, 16-Mar-2020,2033.2,2000.0,2039.2,1933.9,1938.0,1941.9,1970.41,2948704,58101.45,157351,1632400,55.36,Others
2020-03-17,HINDUNILVR, EQ, 17-Mar-2020,1941.9,1955.55,2088.0,1951.95,2001.95,2004.05,2029.92,3732415,75764.86,216826,1935531,51.86,Others
2020-03-18,HINDUNILVR, EQ, 18-Mar-2020,2004.05,2034.05,2063.8,1909.35,1930.0,1923.8,1989.17,3911480,77806.03,276097,2006314,51.29,Others
2020-03-19,HINDUNILVR, EQ, 19-Mar-2020,1923.8,1894.3,1899.0,1757.3,1855.0,1838.3,1828.49,5095023,93161.81,213980,2761909,54.21,Others
2020-03-20,HINDUNILVR, EQ, 20-Mar-2020,1838.3,1850.0,2078.9,1850.0,2075.0,2051.7,1999.99,4252263,85044.79,192288,2236926,52.61,Others
2020-03-23,HINDUNILVR, EQ, 23-Mar-2020,2051.7,1950.0,1985.05,1850.0,1868.85,1869.7,1897.92,3574682,67844.51,207403,2186742,61.17,Others
2020-03-24,HINDUNILVR, EQ, 24-Mar-2020,1869.7,1975.0,2070.95,1930.0,2011.0,2027.85,2015.3,5789906,116684.19,231906,3384878,58.46,Others
2020-03-25,HINDUNILVR, EQ, 25-Mar-2020,2027.85,2010.05,2138.95,2001.65,2078.0,2088.15,2084.26,3959038,82516.74,239780,2087424,52.73,Others
2020-03-26,HINDUNILVR, EQ, 26-Mar-2020,2088.15,2089.0,2250.0,2060.0,2179.0,2194.9,2137.27,3201566,68426.05,206208,1508629,47.12,Others
2020-03-27,HINDUNILVR, EQ, 27-Mar-2020,2194.9,2239.0,2267.65,2120.5,2147.0,2140.55,2186.05,2918796,63806.43,169463,1182143,40.5,Others
2020-03-30,HINDUNILVR, EQ, 30-Mar-2020,2140.55,2123.0,2213.0,2102.85,2189.85,2184.35,2173.44,2809611,61065.34,139369,1125255,40.05,Others
2020-03-31,HINDUNILVR, EQ, 31-Mar-2020,2184.35,2234.8,2313.0,2185.0,2298.5,2298.5,2260.32,2809285,63498.79,125401,1371695,48.83,Others
2020-04-01,HINDUNILVR, EQ, 01-Apr-2020,2298.5,2293.2,2324.9,2158.05,2179.0,2179.65,2219.18,2774689,61575.35,174853,1081170,38.97,Others
2020-04-03,HINDUNILVR, EQ, 03-Apr-2020,2179.65,2234.0,2254.1,2127.95,2153.0,2154.1,2183.12,4121462,89976.33,217202,1569735,38.09,Others
2020-04-07,HINDUNILVR, EQ, 07-Apr-2020,2154.1,2220.0,2460.0,2220.0,2449.0,2444.9,2361.65,8510183,200980.61,356119,4512676,53.03,Others
2020-04-08,HINDUNILVR, EQ, 08-Apr-2020,2444.9,2432.0,2614.3,2417.4,2455.0,2460.85,2520.36,9791892,246790.66,415294,4893077,49.97,Others
2020-04-09,HINDUNILVR, EQ, 09-Apr-2020,2460.85,2499.95,2500.0,2345.0,2378.65,2372.25,2386.62,4770083,113843.87,282099,1750685,36.7,Others
2020-04-13,HINDUNILVR, EQ, 13-Apr-2020,2372.25,2381.0,2423.0,2315.0,2350.5,2346.45,2352.69,3249562,76452.04,190144,1053896,37.43,Others
2020-04-15,HINDUNILVR, EQ, 15-Apr-2020,2346.45,2425.95,2516.6,2381.5,2473.0,2487.55,2477.16,29485532,730403.25,484212,18290423,62.03,Others
2020-04-16,HINDUNILVR, EQ, 16-Apr-2020,2487.55,2466.0,2526.15,2421.1,2443.0,2436.1,2462.6,5388258,132691.13,296531,2459817,45.65,Others
2020-04-17,HINDUNILVR, EQ, 17-Apr-2020,2436.1,2498.8,2498.8,2354.05,2387.0,2385.0,2395.27,4540967,108768.55,266225,2245797,49.46,Others
2020-04-20,HINDUNILVR, EQ, 20-Apr-2020,2385.0,2420.0,2420.0,2321.0,2344.0,2336.55,2346.54,2985278,70050.6,165896,1205304,40.37,Others
2020-04-21,HINDUNILVR, EQ, 21-Apr-2020,2336.55,2283.0,2378.0,2282.0,2310.05,2317.4,2336.57,3227339,75409.1,153513,1160277,35.95,Others
2020-04-22,HINDUNILVR, EQ, 22-Apr-2020,2317.4,2317.95,2399.95,2275.65,2390.0,2386.15,2344.36,2837835,66529.06,160575,868376,30.6,Others
2020-04-23,HINDUNILVR, EQ, 23-Apr-2020,2386.15,2389.0,2413.0,2308.05,2321.0,2317.5,2351.23,4095595,96296.83,192550,1145914,27.98,Others
2020-04-24,HINDUNILVR, EQ, 24-Apr-2020,2317.5,2311.0,2338.0,2280.0,2285.0,2283.1,2298.16,2169013,49847.28,100504,743815,34.29,Others
2020-04-27,HINDUNILVR, EQ, 27-Apr-2020,2283.1,2305.0,2329.4,2283.25,2321.35,2320.45,2310.29,2013737,46523.09,108209,694806,34.5,Others
2020-04-28,HINDUNILVR, EQ, 28-Apr-2020,2320.45,2338.65,2338.65,2267.0,2292.5,2289.95,2289.44,2164048,49544.58,126130,567932,26.24,Others
2020-04-29,HINDUNILVR, EQ, 29-Apr-2020,2289.95,2290.0,2291.7,2221.0,2234.0,2231.75,2250.39,3642216,81964.16,195321,1406774,38.62,Others
2020-04-30,HINDUNILVR, EQ, 30-Apr-2020,2231.75,2272.0,2272.0,2160.0,2205.0,2195.0,2196.22,8448104,185538.9,380311,3554069,42.07,Others
2020-05-04,HINDUNILVR, EQ, 04-May-2020,2195.0,2130.0,2160.0,2066.0,2087.05,2082.65,2107.14,8474699,178573.91,331282,3439030,40.58,Others
2020-05-05,HINDUNILVR, EQ, 05-May-2020,2082.65,2101.2,2121.0,2033.1,2039.0,2041.5,2066.52,4304146,88946.04,181077,1771117,41.15,Others
2020-05-06,HINDUNILVR, EQ, 06-May-2020,2041.5,2049.95,2073.0,2000.0,2001.8,2010.2,2035.27,5127756,104363.93,202349,1778932,34.69,Others
2020-05-07,HINDUNILVR, EQ, 07-May-2020,2010.2,1950.1,2007.0,1902.0,1998.0,1992.05,1919.71,185670048,3564334.17,946784,139943805,75.37,Others
2020-05-08,HINDUNILVR, EQ, 08-May-2020,1992.05,2074.95,2098.0,2036.0,2077.85,2089.45,2062.4,16100488,332056.66,484036,8328465,51.73,Others
2020-05-11,HINDUNILVR, EQ, 11-May-2020,2089.45,2083.0,2116.55,2035.95,2044.7,2048.0,2069.09,11158836,230886.25,288406,4455132,39.92,Others
2020-05-12,HINDUNILVR, EQ, 12-May-2020,2048.0,2020.0,2027.85,1985.0,2013.0,2011.55,2002.83,14881259,298045.78,466557,10289550,69.14,Others
2020-05-13,HINDUNILVR, EQ, 13-May-2020,2011.55,2075.0,2075.0,1975.4,2008.65,1995.75,2012.28,8432991,169695.68,361624,4593115,54.47,Others
2020-05-14,HINDUNILVR, EQ, 14-May-2020,1995.75,1988.0,2026.55,1980.65,2003.0,2006.05,2007.14,8510097,170809.78,268615,4849800,56.99,Others
2020-05-15,HINDUNILVR, EQ, 15-May-2020,2006.05,2015.0,2037.65,2006.0,2034.95,2032.1,2021.73,5491176,111016.84,243593,3216932,58.58,Others
2020-05-18,HINDUNILVR, EQ, 18-May-2020,2032.1,2041.5,2047.85,1988.6,2004.7,2005.25,2007.96,7675796,154126.86,265255,5220095,68.01,Others
2020-05-19,HINDUNILVR, EQ, 19-May-2020,2005.25,2018.0,2024.8,1968.1,1976.9,1975.55,1988.52,5963269,118580.94,233042,3390822,56.86,Others
2020-05-20,HINDUNILVR, EQ, 20-May-2020,1975.55,1975.55,2010.0,1975.0,1988.0,1990.85,1993.53,3927076,78287.36,154130,1979287,50.4,Others
2020-05-21,HINDUNILVR, EQ, 21-May-2020,1990.85,1999.0,2003.4,1955.2,1970.7,1970.9,1978.75,4261738,84329.2,211274,2402967,56.38,Others
2020-05-22,HINDUNILVR, EQ, 22-May-2020,1970.9,1975.0,1995.05,1958.0,1990.5,1987.9,1979.43,5340153,105704.33,201026,3290428,61.62,Others
2020-05-26,HINDUNILVR, EQ, 26-May-2020,1987.9,2004.95,2020.0,1975.0,1979.5,1977.8,1999.26,4629114,92548.04,296939,3007459,64.97,Others
2020-05-27,HINDUNILVR, EQ, 27-May-2020,1977.8,1990.0,2005.1,1961.0,1995.0,1998.1,1983.91,4261646,84547.25,211409,2554737,59.95,Others
2020-05-28,HINDUNILVR, EQ, 28-May-2020,1998.1,2000.0,2015.0,1990.0,2004.25,2009.95,2005.19,5500915,110303.63,166186,3443119,62.59,Others
2020-05-29,HINDUNILVR, EQ, 29-May-2020,2009.95,2009.0,2068.0,2000.0,2057.1,2057.35,2034.28,8779010,178589.32,238620,5469999,62.31,Others
2020-06-01,HINDUNILVR, EQ, 01-Jun-2020,2057.35,2075.0,2143.0,2071.2,2108.6,2108.55,2111.99,6592707,139237.49,213628,3278414,49.73,Others
2020-06-02,HINDUNILVR, EQ, 02-Jun-2020,2108.55,2122.0,2125.0,2090.0,2096.5,2107.4,2112.12,3268736,69039.62,153054,1810831,55.4,Others
2020-06-03,HINDUNILVR, EQ, 03-Jun-2020,2107.4,2115.0,2149.0,2085.0,2123.0,2120.5,2116.68,4895141,103614.51,199497,2156957,44.06,Others
2020-06-04,HINDUNILVR, EQ, 04-Jun-2020,2120.5,2115.0,2132.4,2105.25,2118.0,2120.6,2118.74,3264780,69172.12,149826,1867894,57.21,Others
2020-06-05,HINDUNILVR, EQ, 05-Jun-2020,2120.6,2124.0,2128.0,2085.0,2087.05,2087.6,2095.92,2981896,62498.08,127882,1557313,52.23,Others
2020-06-08,HINDUNILVR, EQ, 08-Jun-2020,2087.6,2107.0,2124.5,2078.1,2110.3,2111.7,2102.69,4298517,90384.59,226705,2264424,52.68,Others
2020-06-09,HINDUNILVR, EQ, 09-Jun-2020,2111.7,2100.0,2144.8,2095.05,2102.0,2106.5,2124.08,3128155,66444.67,152965,1395848,44.62,Others
2020-06-10,HINDUNILVR, EQ, 10-Jun-2020,2106.5,2115.9,2130.0,2096.0,2119.0,2119.6,2118.72,2421672,51308.45,128957,1069147,44.15,Others
2020-06-11,HINDUNILVR, EQ, 11-Jun-2020,2119.6,2115.0,2138.2,2095.65,2107.9,2106.9,2118.0,2566963,54368.25,121007,1337901,52.12,Others
2020-06-12,HINDUNILVR, EQ, 12-Jun-2020,2106.9,2065.25,2119.0,2065.0,2106.0,2107.25,2101.21,2338562,49138.16,113191,813966,34.81,Others
2020-06-15,HINDUNILVR, EQ, 15-Jun-2020,2107.25,2114.85,2131.7,2056.8,2079.5,2084.3,2092.56,2830788,59235.89,110390,1171089,41.37,Others
2020-06-16,HINDUNILVR, EQ, 16-Jun-2020,2084.3,2109.8,2120.0,2057.0,2076.0,2076.35,2089.49,2806804,58648.01,107765,1299150,46.29,Others
2020-06-17,HINDUNILVR, EQ, 17-Jun-2020,2076.35,2076.0,2099.0,2062.3,2079.0,2078.25,2082.87,2293343,47767.34,94264,1087992,47.44,Others
2020-06-18,HINDUNILVR, EQ, 18-Jun-2020,2078.25,2070.25,2084.85,2054.05,2067.0,2065.35,2067.71,2326992,48115.5,99757,1208187,51.92,Others
2020-06-19,HINDUNILVR, EQ, 19-Jun-2020,2065.35,2079.0,2100.0,2057.0,2093.5,2092.75,2080.59,4673557,97237.7,138770,2280212,48.79,Others
2020-06-22,HINDUNILVR, EQ, 22-Jun-2020,2092.75,2110.0,2118.9,2087.0,2100.05,2100.8,2101.72,2487252,52275.07,108728,1292663,51.97,Others
2020-06-23,HINDUNILVR, EQ, 23-Jun-2020,2100.8,2115.0,2172.0,2101.6,2157.55,2155.95,2150.63,4309193,92674.94,174720,1633800,37.91,Others
2020-06-24,HINDUNILVR, EQ, 24-Jun-2020,2155.95,2172.0,2176.9,2125.0,2133.0,2130.3,2147.43,3023031,64917.53,152939,1240723,41.04,Others
2020-06-25,HINDUNILVR, EQ, 25-Jun-2020,2130.3,2114.3,2189.9,2112.0,2157.2,2173.15,2164.58,8208083,177670.69,176752,5008754,61.02,Others
2020-06-26,HINDUNILVR, EQ, 26-Jun-2020,2173.15,2179.95,2179.95,2138.1,2151.35,2154.2,2154.27,3176495,68430.4,126115,1590717,50.08,Others
2020-06-29,HINDUNILVR, EQ, 29-Jun-2020,2154.2,2151.35,2195.9,2140.0,2180.5,2182.95,2180.76,3295050,71856.99,137344,1311392,39.8,Others
2020-06-30,HINDUNILVR, EQ, 30-Jun-2020,2182.95,2193.8,2199.95,2170.0,2177.0,2180.0,2181.78,2373121,51776.32,110362,1143143,48.17,Others
2020-07-01,HINDUNILVR, EQ, 01-Jul-2020,2180.0,2183.0,2191.8,2160.1,2168.15,2170.4,2171.35,1532935,33285.39,77798,691146,45.09,Others
2020-07-02,HINDUNILVR, EQ, 02-Jul-2020,2170.4,2167.75,2177.65,2145.0,2157.0,2151.75,2154.35,2588845,55772.73,111689,1397165,53.97,Others
2020-07-03,HINDUNILVR, EQ, 03-Jul-2020,2151.75,2165.5,2188.0,2156.35,2172.3,2173.7,2172.74,1946326,42288.65,84127,806326,41.43,Others
2020-07-06,HINDUNILVR, EQ, 06-Jul-2020,2173.7,2180.0,2180.0,2153.0,2162.0,2161.6,2161.27,2375701,51345.21,106168,1249652,52.6,Others
2020-07-07,HINDUNILVR, EQ, 07-Jul-2020,2161.6,2175.5,2175.5,2151.65,2153.95,2154.15,2158.47,2014697,43486.67,101569,1161326,57.64,Others
2020-07-08,HINDUNILVR, EQ, 08-Jul-2020,2154.15,2153.6,2194.0,2125.0,2182.0,2186.05,2170.33,3350115,72708.46,137320,1686428,50.34,Others
2020-07-09,HINDUNILVR, EQ, 09-Jul-2020,2186.05,2183.0,2219.95,2171.05,2180.0,2175.85,2191.62,3039821,66621.22,141677,1040690,34.24,Others
2020-07-10,HINDUNILVR, EQ, 10-Jul-2020,2175.85,2170.0,2232.0,2167.45,2230.1,2223.8,2206.5,3179517,70155.98,134655,1201085,37.78,Others
2020-07-13,HINDUNILVR, EQ, 13-Jul-2020,2223.8,2239.0,2275.0,2235.0,2263.0,2265.25,2259.61,4556688,102963.39,158470,2463365,54.06,Others
2020-07-14,HINDUNILVR, EQ, 14-Jul-2020,2265.25,2264.8,2269.95,2226.6,2227.35,2234.75,2246.57,2403257,53990.92,128919,1452633,60.44,Others
2020-07-15,HINDUNILVR, EQ, 15-Jul-2020,2234.75,2237.25,2291.0,2235.05,2272.15,2275.15,2268.55,2474553,56136.49,97827,1266135,51.17,Others
2020-07-16,HINDUNILVR, EQ, 16-Jul-2020,2275.15,2275.25,2291.3,2238.0,2281.95,2287.85,2272.17,2495150,56693.98,92681,1318813,52.86,Others
2020-07-17,HINDUNILVR, EQ, 17-Jul-2020,2287.85,2285.0,2340.0,2281.0,2332.35,2334.55,2323.34,3088773,71762.65,158916,1505353,48.74,Others
2020-07-20,HINDUNILVR, EQ, 20-Jul-2020,2334.55,2334.55,2343.3,2300.6,2330.0,2330.95,2323.21,2816285,65428.22,128458,1275884,45.3,Others
2020-07-21,HINDUNILVR, EQ, 21-Jul-2020,2330.95,2348.0,2350.0,2308.0,2316.65,2318.0,2323.93,3037830,70597.06,120286,1270091,41.81,Others
2020-07-22,HINDUNILVR, EQ, 22-Jul-2020,2318.0,2330.0,2330.0,2241.25,2247.0,2248.5,2265.67,6950011,157464.34,300035,2637334,37.95,Others
2020-07-23,HINDUNILVR, EQ, 23-Jul-2020,2248.5,2260.0,2267.15,2205.55,2216.4,2211.35,2232.11,3936886,87875.44,171067,1701600,43.22,Others
2020-07-24,HINDUNILVR, EQ, 24-Jul-2020,2211.35,2200.0,2220.0,2168.05,2209.0,2209.3,2192.34,4203390,92152.53,143884,1658195,39.45,Others
2020-07-27,HINDUNILVR, EQ, 27-Jul-2020,2209.3,2217.75,2235.95,2184.75,2221.5,2221.5,2217.25,2209431,48988.69,97258,713553,32.3,Others
2020-07-28,HINDUNILVR, EQ, 28-Jul-2020,2221.5,2230.95,2244.9,2211.05,2243.5,2242.55,2233.78,1567889,35023.15,66747,530204,33.82,Others
2020-07-29,HINDUNILVR, EQ, 29-Jul-2020,2242.55,2235.0,2262.2,2215.0,2234.0,2231.3,2239.8,2404989,53866.85,99243,964328,40.1,Others
2020-07-30,HINDUNILVR, EQ, 30-Jul-2020,2231.3,2231.3,2238.05,2190.1,2194.0,2195.6,2214.19,2046188,45306.58,106202,1111383,54.31,Others
2020-07-31,HINDUNILVR, EQ, 31-Jul-2020,2195.6,2197.5,2221.95,2178.0,2210.0,2209.9,2207.56,1715834,37878.13,59984,826884,48.19,Others
2020-08-03,HINDUNILVR, EQ, 03-Aug-2020,2209.9,2209.8,2223.05,2188.55,2204.5,2204.5,2206.87,1683798,37159.28,71787,884767,52.55,Others
2020-08-04,HINDUNILVR, EQ, 04-Aug-2020,2204.5,2209.9,2218.9,2175.1,2194.0,2197.8,2198.83,1981721,43574.67,107819,1026973,51.82,Others
2020-08-05,HINDUNILVR, EQ, 05-Aug-2020,2197.8,2202.0,2209.9,2181.05,2199.5,2194.55,2193.71,1715481,37632.7,83530,901406,52.55,Others
2020-08-06,HINDUNILVR, EQ, 06-Aug-2020,2194.55,2200.0,2229.0,2192.05,2216.3,2220.45,2216.4,1824540,40439.1,103094,741510,40.64,Others
2020-08-07,HINDUNILVR, EQ, 07-Aug-2020,2220.45,2223.0,2234.8,2205.0,2208.8,2210.55,2221.76,1778051,39504.11,76506,893781,50.27,Others
2020-08-10,HINDUNILVR, EQ, 10-Aug-2020,2210.55,2218.0,2226.75,2198.8,2205.0,2206.75,2210.77,1476389,32639.54,67996,743549,50.36,Others
2020-08-11,HINDUNILVR, EQ, 11-Aug-2020,2206.75,2209.05,2233.0,2206.0,2212.75,2210.65,2218.18,1665204,36937.2,67354,729492,43.81,Others
2020-08-12,HINDUNILVR, EQ, 12-Aug-2020,2210.65,2200.05,2209.05,2190.0,2193.2,2195.1,2196.84,1170455,25713.02,68478,531041,45.37,Others
2020-08-13,HINDUNILVR, EQ, 13-Aug-2020,2195.1,2200.0,2217.0,2190.95,2199.45,2198.65,2199.54,1453429,31968.81,66643,827804,56.96,Others
2020-08-14,HINDUNILVR, EQ, 14-Aug-2020,2198.65,2204.0,2216.0,2165.05,2178.15,2173.9,2193.71,1341691,29432.8,70158,668066,49.79,Others
2020-08-17,HINDUNILVR, EQ, 17-Aug-2020,2173.9,2181.0,2203.65,2168.4,2201.5,2196.05,2185.61,1559579,34086.38,55914,887640,56.92,Others
2020-08-18,HINDUNILVR, EQ, 18-Aug-2020,2196.05,2204.0,2216.8,2189.0,2215.0,2214.35,2205.76,1339002,29535.11,58829,670289,50.06,Others
2020-08-19,HINDUNILVR, EQ, 19-Aug-2020,2214.35,2206.0,2221.5,2190.0,2196.0,2193.6,2203.99,1585132,34936.18,74502,741243,46.76,Others
2020-08-20,HINDUNILVR, EQ, 20-Aug-2020,2193.6,2186.0,2197.8,2176.15,2184.8,2185.7,2188.2,1768939,38707.86,84041,957658,54.14,Others
2020-08-21,HINDUNILVR, EQ, 21-Aug-2020,2185.7,2199.0,2208.7,2187.45,2204.75,2202.05,2200.31,1374412,30241.37,52443,697581,50.75,Others
2020-08-24,HINDUNILVR, EQ, 24-Aug-2020,2202.05,2206.0,2211.65,2191.2,2195.9,2194.4,2196.6,1665474,36583.88,72008,1086991,65.27,Others
2020-08-25,HINDUNILVR, EQ, 25-Aug-2020,2194.4,2194.4,2197.9,2175.0,2182.0,2179.1,2182.46,1774886,38736.17,69888,1015182,57.2,Others
2020-08-26,HINDUNILVR, EQ, 26-Aug-2020,2179.1,2182.1,2186.0,2160.0,2185.0,2182.8,2174.21,2148246,46707.29,71305,1345926,62.65,Others
2020-08-27,HINDUNILVR, EQ, 27-Aug-2020,2182.8,2182.1,2188.0,2165.0,2176.0,2171.25,2172.45,2172278,47191.64,76992,1114686,51.31,Others
2020-08-28,HINDUNILVR, EQ, 28-Aug-2020,2171.25,2179.0,2182.4,2145.0,2148.0,2151.95,2162.74,1939848,41953.87,107096,1113809,57.42,Others
2020-08-31,HINDUNILVR, EQ, 31-Aug-2020,2151.95,2152.0,2167.5,2100.65,2110.0,2117.35,2134.94,3534525,75460.01,165575,1662536,47.04,Others
2020-09-01,HINDUNILVR, EQ, 01-Sep-2020,2117.35,2149.95,2174.9,2111.75,2170.0,2161.65,2140.56,1738013,37203.22,70039,831137,47.82,Others
2020-09-02,HINDUNILVR, EQ, 02-Sep-2020,2161.65,2171.0,2185.0,2136.55,2146.0,2141.65,2155.12,1667810,35943.25,84280,832399,49.91,Others
2020-09-03,HINDUNILVR, EQ, 03-Sep-2020,2141.65,2153.0,2154.45,2128.05,2143.05,2139.15,2139.42,1590711,34031.97,88296,849686,53.42,Others
2020-09-04,HINDUNILVR, EQ, 04-Sep-2020,2139.15,2115.0,2140.9,2114.0,2131.0,2124.65,2126.89,1590491,33828.05,71511,822931,51.74,Others
2020-09-07,HINDUNILVR, EQ, 07-Sep-2020,2124.65,2126.0,2174.0,2103.75,2165.05,2162.6,2154.75,2363028,50917.29,100531,705586,29.86,Others
2020-09-08,HINDUNILVR, EQ, 08-Sep-2020,2162.6,2154.0,2171.35,2131.15,2135.0,2142.25,2157.46,1804240,38925.72,94155,1160193,64.3,Others
2020-09-09,HINDUNILVR, EQ, 09-Sep-2020,2142.25,2122.0,2144.2,2110.0,2131.5,2132.25,2131.93,2009945,42850.58,107561,1218782,60.64,Others
2020-09-10,HINDUNILVR, EQ, 10-Sep-2020,2132.25,2142.0,2143.6,2118.2,2134.7,2133.9,2128.22,2137794,45496.9,72808,1251165,58.53,Others
2020-09-11,HINDUNILVR, EQ, 11-Sep-2020,2133.9,2125.0,2169.0,2124.5,2159.0,2159.25,2152.9,1934716,41652.48,78410,804620,41.59,Others
2020-09-14,HINDUNILVR, EQ, 14-Sep-2020,2159.25,2167.0,2169.7,2115.0,2121.0,2123.5,2132.7,2096976,44722.17,122163,1265188,60.33,Others
2020-09-15,HINDUNILVR, EQ, 15-Sep-2020,2123.5,2136.9,2137.0,2109.0,2125.0,2124.45,2124.52,1224059,26005.33,58186,601984,49.18,Others
2020-09-16,HINDUNILVR, EQ, 16-Sep-2020,2124.45,2125.0,2158.95,2112.7,2140.0,2143.5,2135.22,2087842,44579.96,109780,1176177,56.33,Others
2020-09-17,HINDUNILVR, EQ, 17-Sep-2020,2143.5,2135.0,2145.05,2122.25,2128.0,2128.2,2130.18,1741644,37100.2,70467,1115937,64.07,Others
2020-09-18,HINDUNILVR, EQ, 18-Sep-2020,2128.2,2120.0,2127.55,2090.0,2099.0,2098.7,2099.77,4475209,93969.32,209451,2730926,61.02,Others
2020-09-21,HINDUNILVR, EQ, 21-Sep-2020,2098.7,2098.7,2099.0,2022.1,2035.0,2037.8,2049.98,3483981,71420.83,191664,1966390,56.44,Others
2020-09-22,HINDUNILVR, EQ, 22-Sep-2020,2037.8,2040.55,2054.75,2000.05,2026.75,2026.8,2017.08,2345712,47314.83,148164,1296402,55.27,Others
2020-09-23,HINDUNILVR, EQ, 23-Sep-2020,2026.8,2035.0,2060.0,2025.85,2052.5,2052.55,2045.14,2410305,49294.23,178103,1360232,56.43,Others
2020-09-24,HINDUNILVR, EQ, 24-Sep-2020,2052.55,2044.0,2081.0,2035.05,2057.6,2060.9,2060.63,3798394,78270.97,150917,2334110,61.45,Others
2020-09-25,HINDUNILVR, EQ, 25-Sep-2020,2060.9,2082.0,2111.0,2070.85,2072.0,2079.05,2092.81,2528928,52925.66,115091,1180395,46.68,Others
2020-09-28,HINDUNILVR, EQ, 28-Sep-2020,2079.05,2083.0,2092.35,2060.0,2068.0,2063.3,2071.53,1524037,31570.85,92455,761758,49.98,Others
2020-09-29,HINDUNILVR, EQ, 29-Sep-2020,2063.3,2065.0,2069.25,2024.75,2032.0,2033.2,2047.82,2298854,47076.34,85799,1236573,53.79,Others
2020-09-30,HINDUNILVR, EQ, 30-Sep-2020,2033.2,2038.95,2097.0,2034.0,2065.0,2068.25,2072.91,2417400,50110.52,96219,831036,34.38,Others
2020-10-01,HINDUNILVR, EQ, 01-Oct-2020,2068.25,2090.0,2108.9,2070.0,2094.0,2095.0,2092.0,2131593,44592.97,69043,896436,42.05,Others
2020-10-05,HINDUNILVR, EQ, 05-Oct-2020,2095.0,2100.0,2123.3,2082.2,2113.0,2111.05,2105.65,1646114,34661.48,83919,804700,48.88,Others
2020-10-06,HINDUNILVR, EQ, 06-Oct-2020,2111.05,2119.0,2140.0,2108.05,2125.0,2115.9,2123.56,1679500,35665.14,80302,715591,42.61,Others
2020-10-07,HINDUNILVR, EQ, 07-Oct-2020,2115.9,2123.0,2150.0,2113.0,2141.7,2139.35,2137.47,2428598,51910.58,102634,1191244,49.05,Others
2020-10-08,HINDUNILVR, EQ, 08-Oct-2020,2139.35,2147.0,2165.0,2146.25,2160.1,2160.8,2157.25,1617382,34890.91,64436,797896,49.33,Others
2020-10-09,HINDUNILVR, EQ, 09-Oct-2020,2160.8,2150.0,2166.95,2121.1,2143.1,2139.65,2137.39,2001031,42769.83,67059,1119823,55.96,Others
2020-10-12,HINDUNILVR, EQ, 12-Oct-2020,2139.65,2145.2,2147.6,2123.3,2140.3,2138.4,2135.33,1741171,37179.79,99238,1114159,63.99,Others
2020-10-13,HINDUNILVR, EQ, 13-Oct-2020,2138.4,2137.95,2153.25,2128.0,2135.0,2138.2,2139.82,1679176,35931.36,66648,1040055,61.94,Others
2020-10-14,HINDUNILVR, EQ, 14-Oct-2020,2138.2,2132.6,2165.0,2131.0,2160.0,2158.15,2149.74,2123033,45639.76,91381,1107301,52.16,Others
2020-10-15,HINDUNILVR, EQ, 15-Oct-2020,2158.15,2160.0,2179.7,2141.05,2145.0,2152.55,2164.09,2344440,50735.88,90648,1254127,53.49,Others
2020-10-16,HINDUNILVR, EQ, 16-Oct-2020,2152.55,2171.9,2171.9,2144.05,2151.0,2150.55,2157.17,1640402,35386.19,87935,795239,48.48,Others
2020-10-19,HINDUNILVR, EQ, 19-Oct-2020,2150.55,2153.55,2185.0,2152.1,2184.5,2177.8,2172.07,1606069,34884.96,67397,776707,48.36,Others
2020-10-20,HINDUNILVR, EQ, 20-Oct-2020,2177.8,2182.1,2208.5,2132.55,2174.2,2173.1,2177.02,5855301,127470.96,246254,2143990,36.62,Others
2020-10-21,HINDUNILVR, EQ, 21-Oct-2020,2173.1,2190.0,2196.75,2136.0,2163.05,2163.15,2160.64,3954247,85436.86,211194,2246818,56.82,Others
2020-10-22,HINDUNILVR, EQ, 22-Oct-2020,2163.15,2160.0,2187.25,2153.2,2178.0,2179.35,2169.44,2632959,57120.49,126818,1549528,58.85,Others
2020-10-23,HINDUNILVR, EQ, 23-Oct-2020,2179.35,2188.9,2188.9,2140.0,2145.4,2143.85,2156.95,2805734,60518.24,145784,1878338,66.95,Others
2020-10-26,HINDUNILVR, EQ, 26-Oct-2020,2143.85,2150.0,2172.0,2142.3,2168.5,2166.75,2157.28,1646050,35509.86,62225,743774,45.19,Others
2020-10-27,HINDUNILVR, EQ, 27-Oct-2020,2166.75,2157.0,2189.0,2152.45,2173.0,2176.7,2177.82,2334908,50850.02,98159,1438006,61.59,Others
2020-10-28,HINDUNILVR, EQ, 28-Oct-2020,2176.7,2183.95,2183.95,2144.1,2156.9,2164.35,2156.04,1555484,33536.82,86062,852631,54.81,Others
2020-10-29,HINDUNILVR, EQ, 29-Oct-2020,2164.35,2142.0,2160.0,2116.0,2118.2,2122.1,2130.54,1934403,41213.32,87133,1114543,57.62,Others
2020-10-30,HINDUNILVR, EQ, 30-Oct-2020,2122.1,2118.2,2120.0,2068.0,2075.0,2071.3,2087.65,2414328,50402.64,102925,1273602,52.75,Others
2020-11-02,HINDUNILVR, EQ, 02-Nov-2020,2071.3,2072.0,2087.65,2056.0,2078.95,2072.0,2071.34,1486077,30781.64,70425,793369,53.39,Others
2020-11-03,HINDUNILVR, EQ, 03-Nov-2020,2072.0,2091.8,2091.8,2043.0,2049.95,2055.7,2058.15,2227402,45843.25,111638,1452880,65.23,Others
2020-11-04,HINDUNILVR, EQ, 04-Nov-2020,2055.7,2050.0,2085.0,2049.95,2058.0,2060.05,2067.06,1479878,30589.97,78673,734944,49.66,Others
2020-11-05,HINDUNILVR, EQ, 05-Nov-2020,2060.05,2087.0,2112.0,2061.3,2104.0,2102.35,2098.63,2083827,43731.81,108509,1248182,59.9,Others
2020-11-06,HINDUNILVR, EQ, 06-Nov-2020,2102.35,2105.0,2123.95,2086.0,2094.65,2094.15,2103.1,2127821,44750.24,111374,1202475,56.51,Others
2020-11-09,HINDUNILVR, EQ, 09-Nov-2020,2094.15,2120.0,2137.65,2108.05,2130.0,2132.55,2126.12,2194404,46655.61,117069,1325032,60.38,Others
2020-11-10,HINDUNILVR, EQ, 10-Nov-2020,2132.55,2140.0,2144.2,2092.5,2134.9,2136.6,2117.65,2471703,52341.96,148429,1312727,53.11,Others
2020-11-11,HINDUNILVR, EQ, 11-Nov-2020,2136.6,2136.6,2138.6,2104.6,2135.0,2131.15,2121.39,2759942,58549.1,132518,1622865,58.8,Others
2020-11-12,HINDUNILVR, EQ, 12-Nov-2020,2131.15,2129.0,2204.0,2123.25,2202.1,2192.1,2165.49,3010512,65192.39,129774,1454788,48.32,Others
2020-11-13,HINDUNILVR, EQ, 13-Nov-2020,2192.1,2205.0,2218.4,2178.25,2185.0,2185.35,2198.02,2799165,61526.34,115691,1055252,37.7,Others
2020-11-14,HINDUNILVR, EQ, 14-Nov-2020,2185.35,2197.0,2197.0,2182.0,2188.0,2187.7,2189.93,258276,5656.05,17372,92465,35.8,Others
2020-11-17,HINDUNILVR, EQ, 17-Nov-2020,2187.7,2220.35,2220.35,2172.0,2175.5,2177.6,2184.31,2733542,59709.04,122802,1741900,63.72,Others
2020-11-18,HINDUNILVR, EQ, 18-Nov-2020,2177.6,2170.0,2170.0,2125.9,2134.9,2132.1,2139.35,3315051,70920.54,131423,2015940,60.81,Others
2020-11-19,HINDUNILVR, EQ, 19-Nov-2020,2132.1,2125.8,2147.4,2114.5,2129.0,2130.75,2128.02,2704650,57555.59,110931,1586112,58.64,Others
2020-11-20,HINDUNILVR, EQ, 20-Nov-2020,2130.75,2135.0,2142.0,2100.5,2117.95,2120.25,2118.39,2827038,59887.74,104133,1688372,59.72,Others
2020-11-23,HINDUNILVR, EQ, 23-Nov-2020,2120.25,2140.0,2140.0,2095.0,2132.0,2129.4,2112.42,3244576,68538.99,168471,1763722,54.36,Others
2020-11-24,HINDUNILVR, EQ, 24-Nov-2020,2129.4,2132.0,2161.0,2122.4,2157.9,2157.35,2147.15,1989749,42722.93,89046,963039,48.4,Others
2020-11-25,HINDUNILVR, EQ, 25-Nov-2020,2157.35,2162.0,2171.0,2128.0,2134.0,2135.85,2149.01,1786536,38392.86,122496,1031443,57.73,Others
2020-11-26,HINDUNILVR, EQ, 26-Nov-2020,2135.85,2140.0,2162.0,2122.55,2158.15,2154.2,2138.81,1630887,34881.52,77739,909836,55.79,Others
2020-11-27,HINDUNILVR, EQ, 27-Nov-2020,2154.2,2167.0,2167.5,2126.0,2140.25,2138.2,2144.11,5687861,121953.73,164847,4385336,77.1,Others
2020-12-01,HINDUNILVR, EQ, 01-Dec-2020,2138.2,2159.0,2159.0,2129.6,2134.9,2133.05,2140.2,2226742,47656.67,112019,1363585,61.24,Others
2020-12-02,HINDUNILVR, EQ, 02-Dec-2020,2133.05,2145.0,2149.9,2122.1,2138.0,2139.3,2135.68,1634682,34911.57,113156,1011324,61.87,Others
2020-12-03,HINDUNILVR, EQ, 03-Dec-2020,2139.3,2153.0,2156.4,2120.1,2130.0,2127.75,2129.65,3469163,73881.07,107371,2252032,64.92,Others
2020-12-04,HINDUNILVR, EQ, 04-Dec-2020,2127.75,2141.0,2195.4,2133.6,2187.2,2184.2,2166.59,3712143,80427.1,168984,1940776,52.28,Others
2020-12-07,HINDUNILVR, EQ, 07-Dec-2020,2184.2,2189.25,2259.6,2187.0,2255.0,2256.15,2234.52,4147649,92679.92,221068,2172227,52.37,Others
2020-12-08,HINDUNILVR, EQ, 08-Dec-2020,2256.15,2259.5,2278.2,2240.15,2256.1,2260.0,2259.3,2768211,62542.19,117541,1508186,54.48,Others
2020-12-09,HINDUNILVR, EQ, 09-Dec-2020,2260.0,2260.0,2296.0,2243.25,2288.55,2292.2,2277.55,2123890,48372.71,88955,1171821,55.17,Others
2020-12-10,HINDUNILVR, EQ, 10-Dec-2020,2292.2,2290.0,2357.9,2275.05,2347.0,2350.45,2324.69,3041370,70702.41,138426,1386099,45.57,Others
2020-12-11,HINDUNILVR, EQ, 11-Dec-2020,2350.45,2366.25,2385.0,2333.0,2368.95,2374.75,2366.22,2611218,61787.13,121673,1353372,51.83,Others
2020-12-14,HINDUNILVR, EQ, 14-Dec-2020,2374.75,2380.95,2391.4,2356.15,2365.0,2370.75,2376.15,1575632,37439.45,105773,797372,50.61,Others
2020-12-15,HINDUNILVR, EQ, 15-Dec-2020,2370.75,2361.0,2363.95,2307.3,2321.6,2320.05,2328.05,2207176,51384.11,115486,1062901,48.16,Others
2020-12-16,HINDUNILVR, EQ, 16-Dec-2020,2320.05,2317.1,2354.9,2303.0,2343.85,2343.95,2334.94,1748634,40829.58,91157,655677,37.5,Others
2020-12-17,HINDUNILVR, EQ, 17-Dec-2020,2343.95,2342.0,2342.0,2310.0,2316.95,2315.3,2319.69,1912868,44372.61,108168,993001,51.91,Others
2020-12-18,HINDUNILVR, EQ, 18-Dec-2020,2315.3,2322.0,2343.9,2312.0,2332.0,2333.45,2328.73,2229891,51928.16,115620,1276080,57.23,Others
2020-12-21,HINDUNILVR, EQ, 21-Dec-2020,2333.45,2343.0,2350.0,2265.1,2295.0,2305.95,2322.58,2003069,46522.95,112679,910380,45.45,Others
2020-12-22,HINDUNILVR, EQ, 22-Dec-2020,2305.95,2310.0,2333.3,2281.0,2310.0,2311.0,2305.59,1764488,40681.92,113945,768125,43.53,Others
2020-12-23,HINDUNILVR, EQ, 23-Dec-2020,2311.0,2320.0,2377.3,2303.25,2373.0,2370.35,2340.43,1559556,36500.39,90894,748979,48.03,Others
2020-12-24,HINDUNILVR, EQ, 24-Dec-2020,2370.35,2382.5,2410.0,2360.05,2391.95,2402.25,2388.68,2489444,59464.77,112249,1115413,44.81,Others
2020-12-28,HINDUNILVR, EQ, 28-Dec-2020,2402.25,2405.0,2417.4,2376.05,2391.95,2388.9,2391.48,1532477,36648.87,78260,561294,36.63,Others
2020-12-29,HINDUNILVR, EQ, 29-Dec-2020,2388.9,2395.0,2403.0,2354.2,2379.0,2384.3,2375.67,1749013,41550.7,89298,798376,45.65,Others
2020-12-30,HINDUNILVR, EQ, 30-Dec-2020,2384.3,2390.0,2414.65,2376.0,2403.0,2406.6,2397.8,1924886,46154.83,86753,692444,35.97,Others
2020-12-31,HINDUNILVR, EQ, 31-Dec-2020,2406.6,2396.0,2417.0,2387.0,2394.0,2395.4,2401.57,1709836,41062.83,78843,923575,54.02,Others
2021-01-01,HINDUNILVR, EQ, 01-Jan-2021,2395.4,2395.4,2404.0,2382.0,2393.0,2387.55,2388.16,830096,19824.05,53330,263382,31.73,Others
2021-01-04,HINDUNILVR, EQ, 04-Jan-2021,2387.55,2405.0,2430.0,2400.7,2427.15,2426.5,2420.63,1614486,39080.76,101066,732430,45.37,Others
2021-01-05,HINDUNILVR, EQ, 05-Jan-2021,2426.5,2405.0,2456.95,2405.0,2454.0,2450.55,2434.78,2356303,57370.8,123488,1202759,51.04,Others
2021-01-06,HINDUNILVR, EQ, 06-Jan-2021,2450.55,2445.8,2450.0,2401.6,2414.65,2417.3,2424.17,1641627,39795.87,86124,821704,50.05,Others
2021-01-07,HINDUNILVR, EQ, 07-Jan-2021,2417.3,2432.0,2432.7,2365.0,2373.0,2368.85,2381.05,2403881,57237.52,134442,1383071,57.53,Others
2021-01-08,HINDUNILVR, EQ, 08-Jan-2021,2368.85,2390.0,2400.0,2360.8,2392.95,2391.2,2376.68,2797948,66498.22,130288,1679133,60.01,Others
2021-01-11,HINDUNILVR, EQ, 11-Jan-2021,2391.2,2425.0,2441.95,2402.1,2430.2,2429.1,2429.43,2787672,67724.44,111218,1664561,59.71,Others
2021-01-12,HINDUNILVR, EQ, 12-Jan-2021,2429.1,2429.8,2433.1,2372.0,2380.7,2375.9,2387.74,2036708,48631.34,119419,1215052,59.66,Others
2021-01-13,HINDUNILVR, EQ, 13-Jan-2021,2375.9,2381.9,2398.0,2364.6,2371.0,2372.35,2380.05,1702740,40526.0,93485,746212,43.82,Others
2021-01-14,HINDUNILVR, EQ, 14-Jan-2021,2372.35,2366.0,2406.0,2351.15,2395.15,2398.55,2388.27,2120413,50641.11,103137,1065059,50.23,Others
2021-01-15,HINDUNILVR, EQ, 15-Jan-2021,2398.55,2392.5,2407.0,2342.8,2351.0,2351.15,2369.12,2042957,48400.1,96722,1235348,60.47,Others
2021-01-18,HINDUNILVR, EQ, 18-Jan-2021,2351.15,2374.5,2374.5,2320.65,2323.0,2332.6,2348.24,1733797,40713.7,121351,984021,56.76,Others
2021-01-19,HINDUNILVR, EQ, 19-Jan-2021,2332.6,2342.0,2382.1,2323.25,2366.05,2363.15,2356.53,1495269,35236.53,110595,790460,52.86,Others
2021-01-20,HINDUNILVR, EQ, 20-Jan-2021,2363.15,2357.0,2373.95,2346.3,2359.3,2355.95,2358.95,1380562,32566.71,56821,725664,52.56,Others
2021-01-21,HINDUNILVR, EQ, 21-Jan-2021,2355.95,2376.0,2399.9,2350.0,2368.0,2367.65,2379.79,1521133,36199.71,109343,713191,46.89,Others
2021-01-22,HINDUNILVR, EQ, 22-Jan-2021,2367.65,2359.0,2422.0,2357.0,2402.0,2409.35,2401.25,2548089,61186.05,125848,1454715,57.09,Others
2021-01-25,HINDUNILVR, EQ, 25-Jan-2021,2409.35,2420.0,2432.35,2385.0,2398.05,2399.6,2408.46,2124424,51165.81,121801,932255,43.88,Others
2021-01-27,HINDUNILVR, EQ, 27-Jan-2021,2399.6,2425.0,2425.0,2335.0,2403.0,2391.3,2376.31,2460297,58464.3,134530,939275,38.18,Others
2021-01-28,HINDUNILVR, EQ, 28-Jan-2021,2391.3,2367.9,2411.55,2290.0,2304.0,2300.4,2332.18,3867335,90193.11,235954,1460939,37.78,Others
2021-01-29,HINDUNILVR, EQ, 29-Jan-2021,2300.4,2315.1,2322.3,2251.0,2264.5,2263.9,2278.17,4472694,101895.43,180375,2477380,55.39,Others
2021-02-01,HINDUNILVR, EQ, 01-Feb-2021,2263.9,2276.65,2285.0,2226.2,2255.0,2248.6,2253.01,2717591,61227.54,127202,1638783,60.3,Others
2021-02-02,HINDUNILVR, EQ, 02-Feb-2021,2248.6,2271.05,2275.0,2205.0,2225.0,2230.45,2233.77,4215607,94166.83,229142,2451371,58.15,Others
2021-02-03,HINDUNILVR, EQ, 03-Feb-2021,2230.45,2231.5,2257.0,2217.6,2233.8,2232.85,2241.56,2353429,52753.63,115017,921247,39.14,Others
2021-02-04,HINDUNILVR, EQ, 04-Feb-2021,2232.85,2239.0,2259.0,2226.2,2247.0,2245.6,2242.04,2908003,65198.6,110128,1634313,56.2,Others
2021-02-05,HINDUNILVR, EQ, 05-Feb-2021,2245.6,2245.6,2285.0,2241.0,2267.05,2269.55,2263.84,4036942,91390.02,135087,2371338,58.74,Others
2021-02-08,HINDUNILVR, EQ, 08-Feb-2021,2269.55,2288.0,2288.7,2230.3,2237.0,2236.65,2253.22,2780672,62654.66,155971,1640042,58.98,Others
2021-02-09,HINDUNILVR, EQ, 09-Feb-2021,2236.65,2247.0,2254.7,2210.5,2215.9,2216.25,2232.98,3131481,69925.4,130930,2018283,64.45,Others
2021-02-10,HINDUNILVR, EQ, 10-Feb-2021,2216.25,2220.0,2241.0,2212.75,2240.0,2235.5,2227.12,2055520,45778.9,108586,1020498,49.65,Others
2021-02-11,HINDUNILVR, EQ, 11-Feb-2021,2235.5,2242.0,2268.0,2234.05,2263.0,2263.0,2256.94,1824480,41177.41,75386,932003,51.08,Others
2021-02-12,HINDUNILVR, EQ, 12-Feb-2021,2263.0,2268.0,2272.25,2232.0,2241.5,2241.55,2249.09,1222094,27486.05,64732,568820,46.54,Others
2021-02-15,HINDUNILVR, EQ, 15-Feb-2021,2241.55,2251.0,2261.75,2213.0,2217.9,2215.2,2238.32,2449407,54825.46,100151,1577722,64.41,Others
2021-02-16,HINDUNILVR, EQ, 16-Feb-2021,2215.2,2227.0,2229.05,2190.05,2197.0,2196.1,2205.05,2396356,52840.88,128657,1463631,61.08,Others
2021-02-17,HINDUNILVR, EQ, 17-Feb-2021,2196.1,2196.0,2201.55,2160.0,2165.0,2163.9,2174.96,2447956,53242.02,116919,1468089,59.97,Others
2021-02-18,HINDUNILVR, EQ, 18-Feb-2021,2163.9,2164.0,2168.55,2143.2,2147.5,2146.85,2156.51,3205806,69133.46,201161,2319377,72.35,Others
2021-02-19,HINDUNILVR, EQ, 19-Feb-2021,2146.85,2152.9,2194.0,2150.0,2185.0,2181.1,2175.63,3364030,73188.86,141166,1347424,40.05,Others
2021-02-22,HINDUNILVR, EQ, 22-Feb-2021,2181.1,2205.0,2205.0,2161.6,2166.45,2167.6,2176.78,2678023,58294.72,117761,1684694,62.91,Others
2021-02-23,HINDUNILVR, EQ, 23-Feb-2021,2167.6,2185.0,2192.35,2170.2,2180.0,2179.25,2181.63,2062144,44988.4,105107,1509272,73.19,Others
2021-02-24,HINDUNILVR, EQ, 24-Feb-2021,2179.25,2188.5,2188.5,2155.55,2183.0,2178.85,2171.16,924143,20064.65,58233,571062,61.79,Others
2021-02-25,HINDUNILVR, EQ, 25-Feb-2021,2178.85,2177.0,2185.0,2160.0,2163.45,2163.3,2166.03,2099460,45475.0,130291,1374243,65.46,Others
2021-02-26,HINDUNILVR, EQ, 26-Feb-2021,2163.3,2158.0,2182.4,2120.0,2127.8,2132.05,2144.65,3413194,73201.0,155473,2028615,59.43,Others
2021-03-01,HINDUNILVR, EQ, 01-Mar-2021,2132.05,2135.2,2154.0,2128.0,2152.6,2143.4,2141.3,1229276,26322.53,74315,715403,58.2,Others
2021-03-02,HINDUNILVR, EQ, 02-Mar-2021,2143.4,2162.0,2183.9,2140.55,2182.0,2177.95,2165.31,2095135,45366.09,104481,1336750,63.8,Others
2021-03-03,HINDUNILVR, EQ, 03-Mar-2021,2177.95,2205.0,2205.0,2173.5,2194.4,2193.5,2188.53,2031893,44468.62,103327,1345162,66.2,Others
2021-03-04,HINDUNILVR, EQ, 04-Mar-2021,2193.5,2185.0,2203.5,2174.0,2195.05,2196.9,2190.43,2290915,50180.97,85341,1404059,61.29,Others
2021-03-05,HINDUNILVR, EQ, 05-Mar-2021,2196.9,2184.6,2209.95,2175.25,2203.1,2201.1,2196.8,2129837,46788.16,88576,1224211,57.48,Others
2021-03-08,HINDUNILVR, EQ, 08-Mar-2021,2201.1,2210.0,2216.1,2169.0,2170.0,2174.55,2192.68,1440724,31590.5,73807,684774,47.53,Others
2021-03-09,HINDUNILVR, EQ, 09-Mar-2021,2174.55,2176.0,2205.0,2162.05,2197.0,2198.5,2182.54,1711842,37361.57,82788,924884,54.03,Others
2021-03-10,HINDUNILVR, EQ, 10-Mar-2021,2198.5,2210.5,2236.9,2193.2,2226.6,2227.85,2220.78,2696085,59874.1,85058,1547497,57.4,Others
2021-03-12,HINDUNILVR, EQ, 12-Mar-2021,2227.85,2236.0,2239.9,2200.0,2206.0,2204.75,2214.35,2038930,45149.04,107915,1361752,66.79,Others
2021-03-15,HINDUNILVR, EQ, 15-Mar-2021,2204.75,2206.1,2217.45,2183.3,2208.7,2210.85,2205.54,1632088,35996.32,110275,956410,58.6,Others
2021-03-16,HINDUNILVR, EQ, 16-Mar-2021,2210.85,2221.35,2247.5,2214.3,2246.0,2244.05,2232.54,2633605,58796.34,86046,1960819,74.45,Others
2021-03-17,HINDUNILVR, EQ, 17-Mar-2021,2244.05,2254.0,2262.0,2219.25,2223.0,2226.3,2237.77,3703365,82872.61,109036,2867130,77.42,Others
2021-03-18,HINDUNILVR, EQ, 18-Mar-2021,2226.3,2238.0,2249.9,2205.0,2218.0,2215.2,2231.98,2597091,57966.56,92568,1703943,65.61,Others
2021-03-19,HINDUNILVR, EQ, 19-Mar-2021,2215.2,2204.1,2325.25,2191.5,2315.0,2312.05,2278.71,5382214,122645.2,174424,3540684,65.78,Others
2021-03-22,HINDUNILVR, EQ, 22-Mar-2021,2312.05,2310.1,2356.5,2302.0,2352.0,2353.2,2334.61,2471516,57700.3,118896,1393160,56.37,Others
2021-03-23,HINDUNILVR, EQ, 23-Mar-2021,2353.2,2363.0,2372.95,2333.4,2339.1,2337.3,2355.33,1970612,46414.39,146354,1219523,61.89,Others
2021-03-24,HINDUNILVR, EQ, 24-Mar-2021,2337.3,2337.3,2350.9,2315.55,2319.7,2318.6,2337.43,1762743,41202.87,83351,1065501,60.45,Others
2021-03-25,HINDUNILVR, EQ, 25-Mar-2021,2318.6,2318.6,2322.0,2231.05,2248.95,2237.05,2265.02,2495833,56530.99,118114,1515423,60.72,Others
2021-03-26,HINDUNILVR, EQ, 26-Mar-2021,2237.05,2255.0,2325.0,2248.8,2307.05,2317.9,2300.37,1929236,44379.6,110831,916241,47.49,Others
2021-03-30,HINDUNILVR, EQ, 30-Mar-2021,2317.9,2325.0,2406.0,2325.0,2393.0,2398.75,2388.17,3327205,79459.34,156830,1970421,59.22,Others
2021-03-31,HINDUNILVR, EQ, 31-Mar-2021,2398.75,2386.0,2438.6,2381.65,2420.0,2431.5,2417.72,2709756,65514.26,138821,1676542,61.87,Others
2021-04-01,HINDUNILVR, EQ, 01-Apr-2021,2431.5,2446.8,2446.8,2392.05,2399.0,2399.1,2417.26,1532653,37048.21,89059,879833,57.41,Others
2021-04-05,HINDUNILVR, EQ, 05-Apr-2021,2399.1,2400.0,2417.2,2346.5,2375.1,2373.2,2377.34,2545447,60514.01,129980,1826014,71.74,Others
2021-04-06,HINDUNILVR, EQ, 06-Apr-2021,2373.2,2382.3,2411.0,2377.35,2408.0,2408.3,2400.42,3683538,88420.43,90844,2880067,78.19,Others
2021-04-07,HINDUNILVR, EQ, 07-Apr-2021,2408.3,2417.0,2435.0,2387.35,2399.5,2405.25,2412.73,1713970,41353.42,68739,950532,55.46,Others
2021-04-08,HINDUNILVR, EQ, 08-Apr-2021,2405.25,2406.0,2439.0,2395.6,2410.0,2409.9,2420.75,1814515,43924.83,72630,1169318,64.44,Others
2021-04-09,HINDUNILVR, EQ, 09-Apr-2021,2409.9,2424.0,2483.0,2424.0,2471.35,2476.0,2467.89,2604858,64285.07,123029,1163762,44.68,Others
2021-04-12,HINDUNILVR, EQ, 12-Apr-2021,2476.0,2441.5,2488.25,2437.6,2460.0,2462.0,2453.26,2261945,55491.48,92405,1433992,63.4,Others
2021-04-13,HINDUNILVR, EQ, 13-Apr-2021,2462.0,2470.0,2505.9,2448.8,2467.0,2454.4,2468.56,1811781,44724.86,109529,1009633,55.73,Others
2021-04-15,HINDUNILVR, EQ, 15-Apr-2021,2454.4,2497.0,2497.0,2421.1,2469.9,2460.65,2451.04,3352379,82168.29,104105,2318209,69.15,Others
2021-04-16,HINDUNILVR, EQ, 16-Apr-2021,2460.65,2469.9,2478.95,2440.0,2453.95,2458.9,2458.55,1225517,30130.01,56380,664692,54.24,Others
2021-04-19,HINDUNILVR, EQ, 19-Apr-2021,2458.9,2440.0,2459.7,2414.05,2418.8,2436.65,2433.96,1746316,42504.71,71578,1047352,59.97,Others
2021-04-20,HINDUNILVR, EQ, 20-Apr-2021,2436.65,2456.0,2456.0,2383.8,2395.0,2397.45,2410.82,1589508,38320.22,71961,947816,59.63,Others
2021-04-22,HINDUNILVR, EQ, 22-Apr-2021,2397.45,2390.0,2390.0,2332.0,2352.3,2349.4,2348.11,1721265,40417.19,108136,960171,55.78,Others
2021-04-23,HINDUNILVR, EQ, 23-Apr-2021,2349.4,2340.0,2350.0,2300.0,2309.0,2307.75,2315.91,1949756,45154.56,88011,1228975,63.03,Others
2021-04-26,HINDUNILVR, EQ, 26-Apr-2021,2307.75,2324.0,2369.8,2311.0,2367.7,2360.65,2340.89,1946867,45574.05,85684,1289103,66.21,Others
2021-04-27,HINDUNILVR, EQ, 27-Apr-2021,2360.65,2363.0,2386.45,2352.95,2378.0,2379.85,2374.4,1668456,39615.83,84641,1089882,65.32,Others
2021-04-28,HINDUNILVR, EQ, 28-Apr-2021,2379.85,2380.0,2445.0,2366.3,2404.0,2406.55,2414.15,1951215,47105.22,84910,1024216,52.49,Others
2021-04-29,HINDUNILVR, EQ, 29-Apr-2021,2406.55,2433.0,2448.95,2384.15,2422.15,2407.6,2419.82,3151150,76252.3,141048,946648,30.04,Others
2021-04-30,HINDUNILVR, EQ, 30-Apr-2021,2407.6,2410.0,2442.9,2330.25,2350.0,2353.75,2363.99,4010778,94814.48,170223,2038288,50.82,Others
2021-05-03,HINDUNILVR, EQ, 03-May-2021,2353.75,2343.0,2415.0,2340.0,2401.6,2408.0,2395.0,1692239,40529.16,80521,703310,41.56,Others
2021-05-04,HINDUNILVR, EQ, 04-May-2021,2408.0,2409.2,2418.2,2372.2,2409.0,2407.65,2395.49,1453111,34809.14,80821,772815,53.18,Others
2021-05-05,HINDUNILVR, EQ, 05-May-2021,2407.65,2434.0,2434.0,2368.65,2395.0,2394.65,2390.99,1256857,30051.34,74506,573572,45.64,Others
2021-05-06,HINDUNILVR, EQ, 06-May-2021,2394.65,2400.0,2416.55,2377.05,2393.7,2390.0,2388.64,1377740,32909.26,53869,859797,62.41,Others
2021-05-07,HINDUNILVR, EQ, 07-May-2021,2390.0,2408.8,2424.0,2397.15,2411.1,2411.2,2410.82,1169518,28195.03,57838,575698,49.23,Others
2021-05-10,HINDUNILVR, EQ, 10-May-2021,2411.2,2423.0,2446.95,2416.0,2431.25,2432.9,2433.35,988495,24053.55,55244,567033,57.36,Others
2021-05-11,HINDUNILVR, EQ, 11-May-2021,2432.9,2425.0,2426.0,2394.25,2409.5,2402.1,2403.64,1019077,24494.92,65380,621302,60.97,Others
2021-05-12,HINDUNILVR, EQ, 12-May-2021,2402.1,2389.0,2389.0,2325.05,2329.45,2328.95,2341.16,2053932,48085.87,167170,1186246,57.75,Others
2021-05-14,HINDUNILVR, EQ, 14-May-2021,2328.95,2328.9,2382.4,2326.0,2376.0,2376.85,2361.15,1388970,32795.65,75762,574343,41.35,Others
2021-05-17,HINDUNILVR, EQ, 17-May-2021,2376.85,2385.0,2395.0,2366.5,2375.45,2376.25,2376.31,811243,19277.68,65402,406737,50.14,Others
2021-05-18,HINDUNILVR, EQ, 18-May-2021,2376.25,2402.1,2408.35,2366.95,2380.5,2374.25,2381.32,1153722,27473.79,87606,706218,61.21,Others
2021-05-19,HINDUNILVR, EQ, 19-May-2021,2374.25,2360.0,2380.0,2344.0,2360.0,2359.75,2361.55,1323590,31257.19,67285,838064,63.32,Others
2021-05-20,HINDUNILVR, EQ, 20-May-2021,2359.75,2360.0,2362.0,2340.0,2349.0,2344.15,2348.56,856235,20109.22,59113,494928,57.8,Others
2021-05-21,HINDUNILVR, EQ, 21-May-2021,2344.15,2340.0,2366.15,2340.0,2361.95,2362.25,2358.35,771492,18194.46,55113,454659,58.93,Others
2021-05-24,HINDUNILVR, EQ, 24-May-2021,2362.25,2355.0,2359.95,2325.25,2337.6,2336.55,2338.73,1194864,27944.64,75240,789702,66.09,Others
2021-05-25,HINDUNILVR, EQ, 25-May-2021,2336.55,2355.0,2369.8,2338.0,2345.0,2344.05,2352.77,1098457,25844.12,57673,578026,52.62,Others
2021-05-26,HINDUNILVR, EQ, 26-May-2021,2344.05,2355.75,2370.2,2345.25,2354.75,2354.0,2358.39,811095,19128.75,48077,493837,60.89,Others
2021-05-27,HINDUNILVR, EQ, 27-May-2021,2354.0,2353.0,2353.0,2322.9,2341.0,2326.4,2330.15,3755182,87501.44,147088,3058515,81.45,Others
2021-05-28,HINDUNILVR, EQ, 28-May-2021,2326.4,2333.35,2350.0,2319.35,2328.3,2321.7,2330.53,1215325,28323.51,73694,816237,67.16,Others
2021-05-31,HINDUNILVR, EQ, 31-May-2021,2321.7,2325.0,2345.0,2320.15,2341.0,2340.05,2333.82,1178704,27508.83,82096,770435,65.36,Others
2021-06-01,HINDUNILVR, EQ, 01-Jun-2021,2340.05,2347.0,2363.0,2330.6,2360.75,2358.3,2350.76,1141451,26832.83,73339,652305,57.15,Others
2021-06-02,HINDUNILVR, EQ, 02-Jun-2021,2358.3,2356.0,2373.65,2350.0,2361.0,2358.8,2357.82,1113091,26244.7,52913,726340,65.25,Others
2021-06-03,HINDUNILVR, EQ, 03-Jun-2021,2358.8,2369.0,2371.05,2345.0,2361.25,2363.25,2356.66,868532,20468.36,58649,467086,53.78,Others
2021-06-04,HINDUNILVR, EQ, 04-Jun-2021,2363.25,2370.0,2370.0,2333.95,2344.2,2342.05,2342.56,1283795,30073.67,80144,827470,64.45,Others
2021-06-07,HINDUNILVR, EQ, 07-Jun-2021,2342.05,2354.0,2354.0,2331.0,2340.0,2339.3,2337.49,1128300,26373.95,78218,794272,70.4,Others
2021-06-08,HINDUNILVR, EQ, 08-Jun-2021,2339.3,2339.3,2362.0,2335.15,2358.0,2359.0,2350.03,1106664,26006.98,65338,711398,64.28,Others
2021-06-09,HINDUNILVR, EQ, 09-Jun-2021,2359.0,2362.0,2371.95,2345.6,2355.25,2356.0,2356.51,1072858,25282.02,47003,587650,54.77,Others
2021-06-10,HINDUNILVR, EQ, 10-Jun-2021,2356.0,2364.0,2399.95,2355.25,2381.0,2378.8,2385.07,1944339,46373.86,95730,903444,46.47,Others
2021-06-11,HINDUNILVR, EQ, 11-Jun-2021,2378.8,2381.0,2388.55,2360.0,2367.5,2366.5,2368.41,1128097,26718.0,56894,720961,63.91,Others
2021-06-14,HINDUNILVR, EQ, 14-Jun-2021,2366.5,2358.4,2375.1,2336.6,2366.2,2364.6,2358.11,1761632,41541.16,65470,1094365,62.12,Others
2021-06-15,HINDUNILVR, EQ, 15-Jun-2021,2364.6,2360.0,2395.0,2360.0,2393.9,2391.95,2382.84,1215463,28962.54,64282,771490,63.47,Others
2021-06-16,HINDUNILVR, EQ, 16-Jun-2021,2391.95,2385.0,2418.85,2383.65,2406.5,2407.9,2406.59,2153668,51829.87,100285,1162613,53.98,Others
2021-06-17,HINDUNILVR, EQ, 17-Jun-2021,2407.9,2398.0,2425.9,2386.4,2415.1,2417.7,2411.99,1555777,37525.17,89036,901184,57.93,Others
2021-06-18,HINDUNILVR, EQ, 18-Jun-2021,2417.7,2420.0,2496.7,2405.0,2490.25,2482.9,2459.94,3937751,96866.33,149256,2478255,62.94,Others
2021-06-21,HINDUNILVR, EQ, 21-Jun-2021,2482.9,2473.95,2529.0,2467.0,2507.05,2514.35,2512.27,2506277,62964.34,121152,1307031,52.15,Others
2021-06-22,HINDUNILVR, EQ, 22-Jun-2021,2514.35,2518.1,2533.95,2481.65,2487.0,2490.25,2503.81,1945883,48721.24,105631,1144470,58.81,Others
2021-06-23,HINDUNILVR, EQ, 23-Jun-2021,2490.25,2495.0,2514.0,2458.2,2481.25,2480.5,2483.77,1035668,25723.58,64176,605658,58.48,Others
2021-06-24,HINDUNILVR, EQ, 24-Jun-2021,2480.5,2490.0,2504.8,2474.1,2494.0,2490.15,2489.88,759681,18915.15,44986,363052,47.79,Others
2021-06-25,HINDUNILVR, EQ, 25-Jun-2021,2490.15,2488.0,2489.95,2445.0,2449.8,2448.65,2456.58,1112942,27340.29,59379,692902,62.26,Others
2021-06-28,HINDUNILVR, EQ, 28-Jun-2021,2448.65,2450.1,2465.0,2437.3,2462.0,2460.2,2455.33,694906,17062.26,56383,393020,56.56,Others
2021-06-29,HINDUNILVR, EQ, 29-Jun-2021,2460.2,2455.0,2497.5,2445.0,2491.0,2492.55,2474.68,1354397,33517.05,79291,761884,56.25,Others
2021-06-30,HINDUNILVR, EQ, 30-Jun-2021,2492.55,2492.55,2505.0,2463.0,2475.0,2471.3,2481.0,1447245,35906.11,95744,779057,53.83,Others
2021-07-01,HINDUNILVR, EQ, 01-Jul-2021,2471.3,2484.0,2484.0,2463.0,2475.0,2478.0,2473.99,735043,18184.9,46564,484368,65.9,Others
2021-07-02,HINDUNILVR, EQ, 02-Jul-2021,2478.0,2478.0,2492.7,2452.0,2485.0,2487.3,2471.45,860231,21260.2,84304,547175,63.61,Others
2021-07-05,HINDUNILVR, EQ, 05-Jul-2021,2487.3,2499.0,2513.4,2485.05,2500.0,2499.05,2499.92,761700,19041.91,52516,494354,64.9,Others
2021-07-06,HINDUNILVR, EQ, 06-Jul-2021,2499.05,2490.0,2497.95,2469.0,2477.0,2472.5,2480.38,461782,11453.95,46259,256135,55.47,Others
2021-07-07,HINDUNILVR, EQ, 07-Jul-2021,2472.5,2458.0,2490.8,2445.85,2479.0,2481.65,2473.1,623145,15410.99,46740,328025,52.64,Others
2021-07-08,HINDUNILVR, EQ, 08-Jul-2021,2481.65,2462.2,2469.75,2438.45,2449.05,2447.55,2448.26,1114426,27284.04,93258,665182,59.69,Others
2021-07-09,HINDUNILVR, EQ, 09-Jul-2021,2447.55,2440.0,2464.5,2438.45,2450.0,2451.45,2452.87,538094,13198.74,51030,245677,45.66,Others
2021-07-12,HINDUNILVR, EQ, 12-Jul-2021,2451.45,2453.0,2459.9,2430.0,2440.3,2444.15,2442.25,543898,13283.34,36196,287132,52.79,Others
2021-07-13,HINDUNILVR, EQ, 13-Jul-2021,2444.15,2455.0,2455.55,2430.0,2436.0,2436.7,2437.08,994396,24234.26,51010,800031,80.45,Others
2021-07-14,HINDUNILVR, EQ, 14-Jul-2021,2436.7,2439.8,2441.35,2409.0,2412.5,2414.85,2416.53,1377829,33295.71,73487,1008438,73.19,Others
2021-07-15,HINDUNILVR, EQ, 15-Jul-2021,2414.85,2425.0,2425.0,2401.0,2411.95,2412.35,2409.5,693792,16716.92,81344,430459,62.04,Others
2021-07-16,HINDUNILVR, EQ, 16-Jul-2021,2412.35,2420.0,2430.0,2406.0,2417.95,2417.4,2417.31,545405,13184.15,41369,309417,56.73,Others
2021-07-19,HINDUNILVR, EQ, 19-Jul-2021,2417.4,2400.05,2417.0,2398.5,2405.5,2408.65,2406.25,463873,11161.93,39753,247076,53.26,Others
2021-07-20,HINDUNILVR, EQ, 20-Jul-2021,2408.65,2403.0,2460.0,2403.0,2432.0,2434.9,2436.35,1061476,25861.31,80673,395704,37.28,Others
2021-07-22,HINDUNILVR, EQ, 22-Jul-2021,2434.9,2450.0,2508.0,2375.5,2378.0,2378.15,2432.47,3546044,86256.63,203188,1179817,33.27,Others
2021-07-23,HINDUNILVR, EQ, 23-Jul-2021,2378.15,2382.0,2391.75,2354.7,2358.95,2358.1,2368.07,1517589,35937.52,127619,873891,57.58,Others
2021-07-26,HINDUNILVR, EQ, 26-Jul-2021,2358.1,2357.25,2360.0,2338.0,2350.75,2348.7,2348.55,1311535,30802.11,79369,982271,74.89,Others
2021-07-27,HINDUNILVR, EQ, 27-Jul-2021,2348.7,2348.7,2359.45,2332.0,2341.0,2342.4,2342.36,1656945,38811.63,81414,1263437,76.25,Others
2021-07-28,HINDUNILVR, EQ, 28-Jul-2021,2342.4,2350.0,2368.45,2343.1,2361.0,2361.4,2359.97,912373,21531.74,79536,486322,53.3,Others
2021-07-29,HINDUNILVR, EQ, 29-Jul-2021,2361.4,2361.4,2371.4,2330.0,2332.0,2334.75,2346.93,1012663,23766.48,59961,641914,63.39,Others
2021-07-30,HINDUNILVR, EQ, 30-Jul-2021,2334.75,2340.0,2356.55,2318.0,2339.25,2333.3,2340.73,1708251,39985.47,87189,1110391,65.0,Others
2021-08-02,HINDUNILVR, EQ, 02-Aug-2021,2333.3,2342.0,2353.4,2324.6,2332.95,2332.8,2334.04,1229936,28707.14,89655,851664,69.24,Others
2021-08-03,HINDUNILVR, EQ, 03-Aug-2021,2332.8,2330.0,2393.0,2326.1,2388.5,2386.85,2368.97,1733476,41065.47,80595,1158380,66.82,Others
2021-08-04,HINDUNILVR, EQ, 04-Aug-2021,2386.85,2386.85,2394.75,2367.55,2371.1,2377.1,2378.07,1588974,37786.91,59519,1002932,63.12,Others
2021-08-05,HINDUNILVR, EQ, 05-Aug-2021,2377.1,2391.0,2391.0,2354.0,2355.0,2357.7,2367.48,921757,21822.4,83722,630007,68.35,Others
2021-08-06,HINDUNILVR, EQ, 06-Aug-2021,2357.7,2357.7,2380.75,2357.5,2372.65,2371.5,2370.31,1432661,33958.45,63436,1085240,75.75,Others
2021-08-09,HINDUNILVR, EQ, 09-Aug-2021,2371.5,2379.45,2395.0,2374.85,2382.75,2384.5,2385.06,921476,21977.74,54913,641339,69.6,Others
2021-08-10,HINDUNILVR, EQ, 10-Aug-2021,2384.5,2394.0,2394.0,2359.1,2388.0,2381.8,2373.97,1061370,25196.64,59915,610029,57.48,Others
2021-08-11,HINDUNILVR, EQ, 11-Aug-2021,2381.8,2390.0,2395.0,2362.2,2395.0,2390.45,2377.02,1300594,30915.36,60997,974447,74.92,Others
2021-08-12,HINDUNILVR, EQ, 12-Aug-2021,2390.45,2395.0,2413.5,2377.45,2395.0,2392.3,2395.04,1226064,29364.69,67754,723881,59.04,Others
2021-08-13,HINDUNILVR, EQ, 13-Aug-2021,2392.3,2401.0,2409.65,2388.0,2399.35,2404.5,2401.78,1033159,24814.23,75799,749626,72.56,Others
2021-08-16,HINDUNILVR, EQ, 16-Aug-2021,2404.5,2404.0,2436.85,2392.65,2423.0,2426.4,2421.48,1146309,27757.59,55370,722094,62.99,Others
2021-08-17,HINDUNILVR, EQ, 17-Aug-2021,2426.4,2433.0,2487.45,2431.05,2484.9,2483.8,2465.4,1921902,47382.49,112036,1168929,60.82,Others
2021-08-18,HINDUNILVR, EQ, 18-Aug-2021,2483.8,2485.0,2500.0,2454.0,2485.65,2486.05,2484.93,1545643,38408.11,86726,1040508,67.32,Others
2021-08-20,HINDUNILVR, EQ, 20-Aug-2021,2486.05,2490.0,2630.0,2476.0,2606.9,2619.4,2574.76,5779927,148819.45,266408,2496893,43.2,Others
2021-08-23,HINDUNILVR, EQ, 23-Aug-2021,2619.4,2625.0,2672.85,2594.5,2628.1,2634.15,2627.93,2163220,56847.88,122085,843497,38.99,Others
2021-08-24,HINDUNILVR, EQ, 24-Aug-2021,2634.15,2634.0,2658.0,2610.0,2617.85,2633.0,2629.98,1482854,38998.79,77573,952442,64.23,Others
2021-08-25,HINDUNILVR, EQ, 25-Aug-2021,2633.0,2632.0,2666.45,2620.65,2644.0,2645.0,2644.51,1746570,46188.27,75613,956492,54.76,Others
2021-08-26,HINDUNILVR, EQ, 26-Aug-2021,2645.0,2631.0,2697.8,2631.0,2657.2,2666.4,2668.62,2117291,56502.4,104569,776592,36.68,Others
2021-08-27,HINDUNILVR, EQ, 27-Aug-2021,2666.4,2669.0,2690.0,2651.1,2676.05,2677.95,2675.19,1176229,31466.4,55898,697039,59.26,Others
2021-08-30,HINDUNILVR, EQ, 30-Aug-2021,2677.95,2691.6,2705.75,2671.6,2683.0,2687.7,2684.71,1168190,31362.51,58895,662534,56.71,Others
2021-08-31,HINDUNILVR, EQ, 31-Aug-2021,2687.7,2687.9,2737.45,2675.65,2720.0,2724.1,2711.62,2535891,68763.85,92018,1514204,59.71,Others
2021-09-01,HINDUNILVR, EQ, 01-Sep-2021,2724.1,2745.0,2775.0,2715.0,2721.1,2732.9,2749.49,1775792,48825.16,93301,1070028,60.26,Others
2021-09-02,HINDUNILVR, EQ, 02-Sep-2021,2732.9,2748.0,2810.0,2730.15,2801.1,2801.05,2791.06,1946183,54319.17,118715,1091779,56.1,Others
2021-09-03,HINDUNILVR, EQ, 03-Sep-2021,2801.05,2802.2,2808.75,2756.0,2772.0,2766.7,2770.18,1561823,43265.24,93275,998221,63.91,Others
2021-09-06,HINDUNILVR, EQ, 06-Sep-2021,2766.7,2790.0,2825.0,2775.3,2780.0,2780.6,2789.05,1444978,40301.16,89465,870268,60.23,Others
2021-09-07,HINDUNILVR, EQ, 07-Sep-2021,2780.6,2788.6,2808.7,2770.0,2774.0,2777.7,2788.07,1219915,34012.05,72512,806198,66.09,Others
2021-09-08,HINDUNILVR, EQ, 08-Sep-2021,2777.7,2788.9,2810.0,2765.1,2800.0,2800.9,2789.4,946711,26407.54,68972,554668,58.59,Others
2021-09-09,HINDUNILVR, EQ, 09-Sep-2021,2800.9,2782.0,2823.65,2782.0,2805.0,2810.65,2809.16,879454,24705.27,54293,449235,51.08,Others
2021-09-13,HINDUNILVR, EQ, 13-Sep-2021,2810.65,2797.5,2822.45,2775.0,2787.0,2786.35,2791.5,1341412,37445.54,89186,898868,67.01,Others
2021-09-14,HINDUNILVR, EQ, 14-Sep-2021,2786.35,2802.0,2804.0,2751.05,2764.45,2762.55,2766.54,1755061,48554.44,100921,1252787,71.38,Others
2021-09-15,HINDUNILVR, EQ, 15-Sep-2021,2762.55,2774.0,2785.0,2749.05,2777.0,2775.45,2764.53,1362350,37662.59,67041,953717,70.01,Others
2021-09-16,HINDUNILVR, EQ, 16-Sep-2021,2775.45,2752.0,2797.3,2752.0,2762.95,2768.25,2776.75,1259196,34964.76,76726,792876,62.97,Others
2021-09-17,HINDUNILVR, EQ, 17-Sep-2021,2768.25,2770.1,2783.0,2699.0,2739.0,2722.25,2733.91,3095032,84615.39,71284,2281596,73.72,Others
2021-09-20,HINDUNILVR, EQ, 20-Sep-2021,2722.25,2720.0,2809.0,2710.05,2800.6,2800.35,2789.11,2671330,74506.43,107246,1444396,54.07,Others
2021-09-21,HINDUNILVR, EQ, 21-Sep-2021,2800.35,2810.0,2859.3,2796.65,2807.95,2812.45,2832.53,2277437,64509.15,107609,905879,39.78,Others
2021-09-22,HINDUNILVR, EQ, 22-Sep-2021,2812.45,2827.9,2839.9,2774.0,2785.55,2784.5,2792.64,1580594,44140.28,84942,1056755,66.86,Others
2021-09-23,HINDUNILVR, EQ, 23-Sep-2021,2784.5,2799.0,2817.7,2772.85,2782.0,2782.3,2793.08,1054473,29452.25,74463,618571,58.66,Others
2021-09-24,HINDUNILVR, EQ, 24-Sep-2021,2782.3,2770.1,2780.0,2731.4,2748.2,2746.65,2751.01,1635284,44986.9,106667,1035955,63.35,Others
2021-09-27,HINDUNILVR, EQ, 27-Sep-2021,2746.65,2765.0,2765.0,2704.5,2718.0,2709.5,2724.89,1465932,39944.98,114472,1014019,69.17,Others
2021-09-28,HINDUNILVR, EQ, 28-Sep-2021,2709.5,2725.0,2754.45,2709.9,2725.8,2723.85,2726.97,1078052,29398.17,77852,627253,58.18,Others
2021-09-29,HINDUNILVR, EQ, 29-Sep-2021,2723.85,2714.95,2744.45,2677.0,2689.0,2685.3,2699.78,1503894,40601.9,102368,998751,66.41,Others
2021-09-30,HINDUNILVR, EQ, 30-Sep-2021,2685.3,2685.3,2705.3,2681.95,2694.0,2701.8,2695.88,1620199,43678.7,93550,1156691,71.39,Others
2021-10-01,HINDUNILVR, EQ, 01-Oct-2021,2701.8,2706.0,2712.0,2680.1,2702.0,2704.05,2692.5,956111,25743.27,55158,619471,64.79,Others
2021-10-04,HINDUNILVR, EQ, 04-Oct-2021,2704.05,2700.0,2724.0,2679.7,2688.0,2686.2,2694.62,1025005,27620.02,71385,699750,68.27,Others
2021-10-05,HINDUNILVR, EQ, 05-Oct-2021,2686.2,2686.2,2714.95,2686.0,2709.65,2708.65,2704.19,562784,15218.75,48985,293668,52.18,Others
2021-10-06,HINDUNILVR, EQ, 06-Oct-2021,2708.65,2694.05,2734.0,2676.0,2682.9,2686.05,2701.84,862471,23302.57,61757,429004,49.74,Others
2021-10-07,HINDUNILVR, EQ, 07-Oct-2021,2686.05,2698.0,2704.25,2666.0,2675.65,2669.4,2678.65,1082816,29004.8,91833,815740,75.34,Others
2021-10-08,HINDUNILVR, EQ, 08-Oct-2021,2669.4,2670.5,2678.55,2625.4,2645.95,2640.05,2642.32,1579941,41747.09,136188,1176306,74.45,Others
2021-10-11,HINDUNILVR, EQ, 11-Oct-2021,2640.05,2642.2,2665.5,2635.5,2648.9,2645.1,2646.32,1086252,28745.73,72590,793156,73.02,Others
2021-10-12,HINDUNILVR, EQ, 12-Oct-2021,2645.1,2625.0,2688.05,2625.0,2686.0,2676.15,2655.81,1174337,31188.13,67381,833289,70.96,Others
2021-10-13,HINDUNILVR, EQ, 13-Oct-2021,2676.15,2688.1,2693.6,2642.6,2647.9,2646.75,2653.14,1660007,44042.37,109453,1252680,75.46,Others
2021-10-14,HINDUNILVR, EQ, 14-Oct-2021,2646.75,2646.75,2676.75,2620.0,2650.0,2649.55,2652.32,2158809,57258.61,95623,1462714,67.76,Others
2021-10-18,HINDUNILVR, EQ, 18-Oct-2021,2649.55,2672.8,2678.9,2643.05,2652.75,2654.0,2656.9,1758177,46712.97,107047,1219438,69.36,Others
2021-10-19,HINDUNILVR, EQ, 19-Oct-2021,2654.0,2669.9,2732.0,2520.5,2557.3,2546.8,2634.04,5431133,143058.11,285125,1864153,34.32,Others
2021-10-20,HINDUNILVR, EQ, 20-Oct-2021,2546.8,2569.0,2584.0,2470.0,2488.15,2478.65,2512.41,4864654,122220.0,277787,3179193,65.35,Others
2021-10-21,HINDUNILVR, EQ, 21-Oct-2021,2478.65,2503.4,2505.0,2428.0,2448.0,2445.75,2457.7,3254632,79989.09,158492,2372705,72.9,Others
2021-10-22,HINDUNILVR, EQ, 22-Oct-2021,2445.75,2459.0,2498.25,2430.0,2454.0,2454.1,2453.86,1845622,45289.03,116994,1192620,64.62,Others
2021-10-25,HINDUNILVR, EQ, 25-Oct-2021,2454.1,2454.1,2463.55,2410.0,2460.0,2455.85,2435.91,1560381,38009.49,85034,997478,63.93,Others
2021-10-26,HINDUNILVR, EQ, 26-Oct-2021,2455.85,2468.9,2468.9,2417.05,2440.0,2436.85,2434.86,1595060,38837.48,104063,1027794,64.44,Others
2021-10-27,HINDUNILVR, EQ, 27-Oct-2021,2436.85,2455.0,2455.2,2391.15,2397.5,2396.6,2413.41,3083879,74426.56,180399,2436270,79.0,Others
2021-10-28,HINDUNILVR, EQ, 28-Oct-2021,2396.6,2400.0,2416.0,2368.0,2389.0,2389.65,2385.1,2015791,48078.54,144015,1384584,68.69,Others
2021-10-29,HINDUNILVR, EQ, 29-Oct-2021,2389.65,2400.0,2402.0,2373.0,2389.0,2393.15,2386.38,2453400,58547.43,113904,1804047,73.53,Others
2021-11-01,HINDUNILVR, EQ, 01-Nov-2021,2393.15,2393.0,2410.9,2368.25,2410.9,2407.1,2383.62,1941114,46268.85,141705,1414254,72.86,Others
2021-11-02,HINDUNILVR, EQ, 02-Nov-2021,2407.1,2415.0,2428.0,2402.0,2417.45,2418.9,2414.09,1350154,32593.95,64084,961911,71.24,Others
2021-11-03,HINDUNILVR, EQ, 03-Nov-2021,2418.9,2434.0,2434.0,2386.2,2415.8,2411.35,2406.58,1591607,38303.23,104207,1087895,68.35,Others
2021-11-08,HINDUNILVR, EQ, 08-Nov-2021,2422.85,2449.0,2449.0,2400.1,2434.0,2431.9,2415.25,2555533,61722.61,126503,1956220,76.55,Others
2021-11-09,HINDUNILVR, EQ, 09-Nov-2021,2431.9,2439.8,2446.2,2416.45,2431.0,2431.15,2431.11,1696949,41254.74,58896,1322010,77.91,Others
2021-11-10,HINDUNILVR, EQ, 10-Nov-2021,2431.15,2411.05,2420.0,2396.0,2397.5,2400.15,2404.54,1794509,43149.6,141555,1390688,77.5,Others
2021-11-11,HINDUNILVR, EQ, 11-Nov-2021,2400.15,2402.7,2406.95,2366.2,2379.0,2376.2,2380.38,1282647,30531.92,91178,861531,67.17,Others
2021-11-12,HINDUNILVR, EQ, 12-Nov-2021,2376.2,2388.0,2413.6,2376.2,2406.0,2404.95,2391.3,1651974,39503.69,61925,1143232,69.2,Others
2021-11-15,HINDUNILVR, EQ, 15-Nov-2021,2404.95,2404.1,2430.0,2404.1,2425.0,2424.75,2421.09,1007999,24404.58,65358,646621,64.15,Others
2021-11-16,HINDUNILVR, EQ, 16-Nov-2021,2424.75,2434.65,2434.65,2400.1,2406.5,2406.65,2412.18,1245209,30036.74,80841,801309,64.35,Others
2021-11-17,HINDUNILVR, EQ, 17-Nov-2021,2406.65,2404.0,2410.05,2387.2,2390.0,2391.15,2395.63,956809,22921.57,71916,669707,69.99,Others
2021-11-18,HINDUNILVR, EQ, 18-Nov-2021,2391.15,2390.0,2406.35,2370.0,2397.0,2399.4,2387.61,1236943,29533.42,69263,821900,66.45,Others
2021-11-22,HINDUNILVR, EQ, 22-Nov-2021,2399.4,2409.4,2409.9,2377.15,2391.2,2388.55,2388.24,1629290,38911.34,90730,1159438,71.16,Others
2021-11-23,HINDUNILVR, EQ, 23-Nov-2021,2388.55,2387.8,2400.0,2336.5,2394.0,2394.2,2376.82,1932539,45932.91,107305,1358751,70.31,Others
2021-11-24,HINDUNILVR, EQ, 24-Nov-2021,2394.2,2406.0,2406.0,2367.0,2368.0,2374.75,2383.49,999070,23812.74,70561,635342,63.59,Others
2021-11-25,HINDUNILVR, EQ, 25-Nov-2021,2374.75,2387.0,2387.0,2341.0,2348.45,2349.05,2351.12,1363272,32052.16,98991,876413,64.29,Others
2021-11-26,HINDUNILVR, EQ, 26-Nov-2021,2349.05,2344.0,2365.0,2325.2,2340.9,2335.1,2337.33,2450902,57285.56,114413,1673635,68.29,Others
2021-11-29,HINDUNILVR, EQ, 29-Nov-2021,2335.1,2334.4,2342.25,2284.7,2322.0,2329.4,2316.07,1724612,39943.28,131269,1092735,63.36,Others
2021-11-30,HINDUNILVR, EQ, 30-Nov-2021,2329.4,2322.0,2361.0,2302.0,2318.0,2317.55,2326.84,3931035,91468.83,150429,2756810,70.13,Others
2021-12-01,HINDUNILVR, EQ, 01-Dec-2021,2317.55,2340.0,2356.75,2323.25,2350.85,2344.85,2342.66,1263139,29591.03,77481,803143,63.58,Others
2021-12-02,HINDUNILVR, EQ, 02-Dec-2021,2344.85,2357.0,2388.0,2345.0,2388.0,2383.3,2369.1,1673117,39637.89,87766,1242801,74.28,Others
2021-12-03,HINDUNILVR, EQ, 03-Dec-2021,2383.3,2383.3,2389.9,2337.9,2348.5,2343.65,2361.63,1890178,44639.06,80104,1203584,63.68,Others
2021-12-06,HINDUNILVR, EQ, 06-Dec-2021,2343.65,2344.0,2363.95,2301.0,2303.5,2306.5,2324.66,1079171,25087.04,88942,718052,66.54,Others
2021-12-07,HINDUNILVR, EQ, 07-Dec-2021,2306.5,2327.9,2341.65,2312.0,2321.45,2321.6,2327.82,895313,20841.26,63743,517621,57.81,Others
2021-12-08,HINDUNILVR, EQ, 08-Dec-2021,2321.6,2318.25,2344.45,2318.25,2338.6,2340.6,2335.14,839769,19609.79,54015,578915,68.94,Others
2021-12-09,HINDUNILVR, EQ, 09-Dec-2021,2340.6,2341.0,2348.6,2321.55,2341.0,2339.75,2335.61,716666,16738.55,58472,409792,57.18,Others
2021-12-10,HINDUNILVR, EQ, 10-Dec-2021,2339.75,2347.0,2347.0,2320.0,2332.35,2332.8,2328.94,724539,16874.1,51948,456886,63.06,Others
2021-12-13,HINDUNILVR, EQ, 13-Dec-2021,2332.8,2352.0,2352.0,2301.0,2305.0,2304.35,2315.75,1804894,41796.84,110241,1334286,73.93,Others
2021-12-14,HINDUNILVR, EQ, 14-Dec-2021,2304.35,2305.0,2324.95,2304.0,2318.85,2318.3,2315.11,1219031,28221.94,104220,825659,67.73,Others
2021-12-15,HINDUNILVR, EQ, 15-Dec-2021,2318.3,2316.0,2324.8,2300.5,2320.0,2320.95,2311.48,755122,17454.51,56299,430230,56.97,Others
2021-12-16,HINDUNILVR, EQ, 16-Dec-2021,2320.95,2320.95,2325.3,2303.95,2314.9,2309.5,2309.59,926493,21398.17,75705,625896,67.56,Others
2021-12-17,HINDUNILVR, EQ, 17-Dec-2021,2309.5,2303.0,2308.95,2226.0,2229.95,2230.25,2245.72,2439222,54778.11,143807,1560572,63.98,Others
2021-12-20,HINDUNILVR, EQ, 20-Dec-2021,2230.25,2226.0,2274.35,2201.15,2270.0,2269.1,2238.55,2175705,48704.26,148636,1078540,49.57,Others
2021-12-21,HINDUNILVR, EQ, 21-Dec-2021,2269.1,2290.0,2302.7,2252.75,2279.05,2272.85,2281.45,1591415,36307.31,102818,891773,56.04,Others
2021-12-22,HINDUNILVR, EQ, 22-Dec-2021,2272.85,2300.0,2317.4,2269.0,2279.95,2277.65,2282.16,1661605,37920.48,94911,930736,56.01,Others
2021-12-23,HINDUNILVR, EQ, 23-Dec-2021,2277.65,2298.95,2305.0,2274.6,2300.4,2300.65,2287.53,1423081,32553.39,60978,752377,52.87,Others
2021-12-24,HINDUNILVR, EQ, 24-Dec-2021,2300.65,2310.0,2313.0,2283.3,2296.5,2296.95,2299.88,895503,20595.51,46821,277716,31.01,Others
2021-12-27,HINDUNILVR, EQ, 27-Dec-2021,2296.95,2296.95,2308.1,2278.25,2302.0,2301.4,2296.12,584302,13416.29,37512,365711,62.59,Others
2021-12-28,HINDUNILVR, EQ, 28-Dec-2021,2301.4,2310.0,2318.4,2297.75,2310.6,2309.1,2310.39,783710,18106.79,37688,511756,65.3,Others
2021-12-29,HINDUNILVR, EQ, 29-Dec-2021,2309.1,2314.9,2321.85,2299.05,2312.0,2306.85,2308.64,1410236,32557.23,49137,858707,60.89,Others
2021-12-30,HINDUNILVR, EQ, 30-Dec-2021,2306.85,2308.0,2330.0,2296.65,2330.0,2325.6,2318.42,963711,22342.86,44862,680567,70.62,Others
2021-12-31,HINDUNILVR, EQ, 31-Dec-2021,2325.6,2340.0,2370.35,2330.0,2361.0,2360.15,2356.19,1123597,26474.13,62323,719426,64.03,Others
2022-01-03,HINDUNILVR, EQ, 03-Jan-2022,2360.15,2378.0,2378.0,2353.0,2362.85,2361.3,2363.28,879278,20779.81,48907,582494,66.25,Others
2022-01-04,HINDUNILVR, EQ, 04-Jan-2022,2361.3,2368.95,2408.1,2355.35,2405.95,2401.25,2392.65,1484275,35513.49,105903,1041833,70.19,Others
2022-01-05,HINDUNILVR, EQ, 05-Jan-2022,2401.25,2403.8,2420.0,2392.0,2419.0,2415.8,2406.71,1202512,28940.92,65591,850459,70.72,Others
2022-01-06,HINDUNILVR, EQ, 06-Jan-2022,2415.8,2398.0,2412.0,2367.7,2390.45,2391.4,2387.4,1198901,28622.6,81489,828745,69.13,Others
2022-01-07,HINDUNILVR, EQ, 07-Jan-2022,2391.4,2388.0,2421.9,2388.0,2415.0,2416.15,2412.19,1026186,24753.58,60217,748150,72.91,Others
2022-01-10,HINDUNILVR, EQ, 10-Jan-2022,2416.15,2425.0,2425.0,2402.0,2407.15,2407.05,2407.82,919447,22138.63,56790,700748,76.21,Others
2022-01-11,HINDUNILVR, EQ, 11-Jan-2022,2407.05,2417.15,2418.3,2392.0,2403.0,2403.65,2401.65,1321335,31733.81,67472,989915,74.92,Others
2022-01-12,HINDUNILVR, EQ, 12-Jan-2022,2403.65,2407.2,2416.0,2398.5,2413.0,2413.15,2406.73,1487554,35801.43,65377,1192876,80.19,Others
2022-01-13,HINDUNILVR, EQ, 13-Jan-2022,2413.15,2418.0,2421.9,2403.25,2417.75,2414.2,2411.76,1586299,38257.79,66204,1253300,79.01,Others
2022-01-14,HINDUNILVR, EQ, 14-Jan-2022,2414.2,2420.0,2421.0,2360.8,2364.5,2363.7,2374.57,1596037,37899.08,81090,905885,56.76,Others
2022-01-17,HINDUNILVR, EQ, 17-Jan-2022,2363.7,2364.0,2394.2,2345.0,2390.5,2389.55,2377.75,912205,21690.0,55935,530384,58.14,Others
2022-01-18,HINDUNILVR, EQ, 18-Jan-2022,2389.55,2408.7,2408.7,2357.4,2365.2,2369.5,2371.5,1667579,39546.68,89735,1126865,67.57,Others
2022-01-19,HINDUNILVR, EQ, 19-Jan-2022,2369.5,2364.0,2368.6,2305.05,2312.0,2309.9,2322.66,2145255,49827.07,121925,1604905,74.81,Others
2022-01-20,HINDUNILVR, EQ, 20-Jan-2022,2309.9,2325.0,2325.55,2243.0,2265.05,2261.8,2273.18,2829711,64324.45,159024,1806680,63.85,Others
2022-01-21,HINDUNILVR, EQ, 21-Jan-2022,2261.8,2264.8,2334.35,2250.0,2330.0,2325.4,2297.41,4596050,105590.19,208865,2314777,50.36,Others
2022-01-24,HINDUNILVR, EQ, 24-Jan-2022,2325.4,2338.9,2344.95,2266.7,2282.0,2284.6,2295.97,2231103,51225.53,161617,1440007,64.54,Others
2022-01-25,HINDUNILVR, EQ, 25-Jan-2022,2284.6,2283.5,2333.7,2240.9,2328.3,2327.25,2303.39,1843543,42464.08,135358,1225338,66.47,Others
2022-01-27,HINDUNILVR, EQ, 27-Jan-2022,2327.25,2310.0,2325.6,2275.0,2298.0,2295.35,2294.55,2620474,60128.21,144398,1864968,71.17,Others
2022-01-28,HINDUNILVR, EQ, 28-Jan-2022,2295.35,2294.6,2318.7,2278.05,2285.45,2283.55,2292.46,1967721,45109.29,132365,1451926,73.79,Others
2022-01-31,HINDUNILVR, EQ, 31-Jan-2022,2283.55,2290.0,2311.85,2271.0,2276.95,2273.75,2282.15,1639875,37424.37,114078,1217210,74.23,Others
2022-02-01,HINDUNILVR, EQ, 01-Feb-2022,2273.75,2303.3,2320.0,2278.4,2307.0,2305.65,2301.57,1270508,29241.66,70285,743397,58.51,Others
2022-02-02,HINDUNILVR, EQ, 02-Feb-2022,2305.65,2324.1,2333.0,2296.55,2332.95,2327.9,2313.85,1246111,28833.11,74815,815060,65.41,Others
2022-02-03,HINDUNILVR, EQ, 03-Feb-2022,2327.9,2329.0,2331.95,2290.0,2293.5,2298.15,2305.12,1448039,33379.06,83117,1002903,69.26,Others
2022-02-04,HINDUNILVR, EQ, 04-Feb-2022,2298.15,2306.0,2312.75,2283.0,2309.0,2306.6,2298.82,1014561,23322.97,74364,608295,59.96,Others
2022-02-07,HINDUNILVR, EQ, 07-Feb-2022,2306.6,2295.25,2316.7,2237.0,2258.0,2257.6,2262.45,1207402,27316.85,112445,734718,60.85,Others
2022-02-08,HINDUNILVR, EQ, 08-Feb-2022,2257.6,2268.0,2268.0,2246.55,2267.5,2264.35,2258.1,1190660,26886.34,84586,759625,63.8,Others
2022-02-09,HINDUNILVR, EQ, 09-Feb-2022,2264.35,2267.55,2280.35,2255.6,2280.0,2277.65,2269.41,1049611,23819.96,50217,733048,69.84,Others
2022-02-10,HINDUNILVR, EQ, 10-Feb-2022,2277.65,2280.0,2285.0,2255.85,2280.0,2283.15,2274.12,1195100,27178.0,91393,830166,69.46,Others
2022-02-11,HINDUNILVR, EQ, 11-Feb-2022,2283.15,2279.0,2279.0,2249.0,2258.0,2258.0,2261.98,2100036,47502.43,122702,1552468,73.93,Others
2022-02-14,HINDUNILVR, EQ, 14-Feb-2022,2258.0,2220.0,2236.25,2207.0,2223.0,2228.55,2219.86,1661501,36883.07,112048,1242414,74.78,Others
2022-02-15,HINDUNILVR, EQ, 15-Feb-2022,2228.55,2247.95,2304.15,2222.55,2290.0,2290.1,2276.46,1533070,34899.8,101927,882178,57.54,Others
2022-02-16,HINDUNILVR, EQ, 16-Feb-2022,2290.1,2290.1,2303.75,2275.0,2286.05,2286.5,2290.09,995668,22801.68,70831,675752,67.87,Others
2022-02-17,HINDUNILVR, EQ, 17-Feb-2022,2286.5,2282.0,2313.0,2276.0,2297.2,2307.55,2298.41,869374,19981.8,42379,461580,53.09,Others
2022-02-18,HINDUNILVR, EQ, 18-Feb-2022,2307.55,2294.0,2327.8,2294.0,2310.3,2312.55,2312.38,890713,20596.67,53485,557855,62.63,Others
2022-02-21,HINDUNILVR, EQ, 21-Feb-2022,2312.55,2298.0,2304.05,2284.75,2290.0,2294.8,2296.07,737919,16943.17,44901,439191,59.52,Others
2022-02-22,HINDUNILVR, EQ, 22-Feb-2022,2294.8,2280.0,2280.0,2250.1,2261.05,2269.95,2264.8,902667,20443.65,66695,515632,57.12,Others
2022-02-23,HINDUNILVR, EQ, 23-Feb-2022,2269.95,2270.0,2273.95,2252.25,2256.4,2260.4,2262.68,1324411,29967.2,80649,1033395,78.03,Others
2022-02-24,HINDUNILVR, EQ, 24-Feb-2022,2260.4,2200.0,2242.0,2160.3,2167.05,2171.4,2198.67,2997629,65908.08,167767,2144160,71.53,Others
2022-02-25,HINDUNILVR, EQ, 25-Feb-2022,2171.4,2195.0,2196.0,2162.15,2171.25,2170.7,2173.75,2193728,47686.24,121350,1337236,60.96,Others
2022-02-28,HINDUNILVR, EQ, 28-Feb-2022,2170.7,2164.0,2179.9,2120.0,2175.55,2172.1,2155.3,2334036,50305.48,110572,1478393,63.34,Others
2022-03-02,HINDUNILVR, EQ, 02-Mar-2022,2172.1,2128.95,2154.8,2123.05,2150.0,2149.1,2137.12,2034688,43483.82,155603,1360168,66.85,Others
2022-03-03,HINDUNILVR, EQ, 03-Mar-2022,2149.1,2157.9,2167.95,2086.6,2090.0,2091.0,2112.31,2372998,50125.18,167145,1564069,65.91,Others
2022-03-04,HINDUNILVR, EQ, 04-Mar-2022,2091.0,2075.0,2077.95,1975.25,2020.0,2019.5,2009.04,6320118,126973.77,332674,4523597,71.57,Others
2022-03-07,HINDUNILVR, EQ, 07-Mar-2022,2019.5,1979.5,1980.15,1927.0,1944.0,1943.95,1951.43,2976453,58083.46,218577,1913294,64.28,Others
2022-03-08,HINDUNILVR, EQ, 08-Mar-2022,1943.95,1924.55,1958.0,1901.55,1955.0,1949.0,1926.8,3211938,61887.55,183475,2082577,64.84,Others
2022-03-09,HINDUNILVR, EQ, 09-Mar-2022,1949.0,1964.0,2007.05,1951.0,2003.75,1997.9,1987.37,2879079,57217.84,154719,1873677,65.08,Others
2022-03-10,HINDUNILVR, EQ, 10-Mar-2022,1997.9,2051.9,2114.0,2049.0,2101.05,2101.95,2090.55,4879791,102014.42,175521,3239306,66.38,Others
2022-03-11,HINDUNILVR, EQ, 11-Mar-2022,2101.95,2100.0,2110.2,2070.0,2096.0,2094.4,2090.45,2481643,51877.57,116346,1615190,65.09,Others
2022-03-14,HINDUNILVR, EQ, 14-Mar-2022,2094.4,2095.0,2095.0,2046.1,2059.75,2059.3,2060.41,1730325,35651.76,115660,1104239,63.82,Others
2022-03-15,HINDUNILVR, EQ, 15-Mar-2022,2059.3,2045.0,2080.8,2025.0,2035.0,2038.2,2052.12,2391023,49066.72,131696,1560801,65.28,Others
2022-03-16,HINDUNILVR, EQ, 16-Mar-2022,2038.2,2060.0,2080.0,2032.05,2078.0,2072.15,2047.26,2808685,57500.99,116229,1773001,63.13,Others
2022-03-17,HINDUNILVR, EQ, 17-Mar-2022,2072.15,2098.1,2116.7,2082.35,2098.0,2102.05,2098.61,2995889,62872.09,115937,1752744,58.5,Others
2022-03-21,HINDUNILVR, EQ, 21-Mar-2022,2102.05,2106.5,2110.9,2046.0,2050.0,2051.2,2066.15,1674982,34607.63,105442,976256,58.28,Others
2022-03-22,HINDUNILVR, EQ, 22-Mar-2022,2051.2,2053.75,2053.75,1969.0,1992.8,1993.5,1989.54,5356303,106565.53,276247,2999131,55.99,Others
2022-03-23,HINDUNILVR, EQ, 23-Mar-2022,1993.5,2012.0,2016.55,1975.25,1978.15,1978.55,1989.27,3212162,63898.51,161145,1933507,60.19,Others
2022-03-24,HINDUNILVR, EQ, 24-Mar-2022,1978.55,1970.0,1991.35,1951.35,1959.85,1965.9,1972.86,3054664,60264.22,123187,2091898,68.48,Others
2022-03-25,HINDUNILVR, EQ, 25-Mar-2022,1965.9,1974.9,1977.0,1945.0,1958.5,1953.0,1955.28,2233647,43673.95,114262,1370167,61.34,Others
2022-03-28,HINDUNILVR, EQ, 28-Mar-2022,1953.0,1959.95,1980.8,1931.3,1979.25,1975.1,1955.11,1794533,35085.07,113528,1106004,61.63,Others
2022-03-29,HINDUNILVR, EQ, 29-Mar-2022,1975.1,1980.0,1994.85,1974.05,1986.9,1987.05,1984.93,1249125,24794.26,89457,727101,58.21,Others
2022-03-30,HINDUNILVR, EQ, 30-Mar-2022,1987.05,2000.0,2019.0,1995.05,2014.55,2015.9,2009.75,1476829,29680.57,73625,858328,58.12,Others
2022-03-31,HINDUNILVR, EQ, 31-Mar-2022,2015.9,2019.4,2054.0,2018.0,2046.0,2048.65,2038.92,2540524,51799.16,117473,1577034,62.08,Others
2022-04-01,HINDUNILVR, EQ, 01-Apr-2022,2048.65,2054.9,2085.85,2038.4,2082.6,2078.15,2064.16,1714996,35400.23,74857,1142678,66.63,Others
2022-04-04,HINDUNILVR, EQ, 04-Apr-2022,2078.15,2078.0,2132.45,2070.2,2127.0,2128.45,2110.64,1693019,35733.55,93547,840301,49.63,Others
2022-04-05,HINDUNILVR, EQ, 05-Apr-2022,2128.45,2144.5,2158.0,2127.0,2137.0,2139.8,2143.56,1277652,27387.25,85523,735938,57.6,Others
2022-04-06,HINDUNILVR, EQ, 06-Apr-2022,2139.8,2135.0,2164.4,2121.3,2140.0,2142.05,2146.72,1736115,37269.55,93163,1170184,67.4,Others
2022-04-07,HINDUNILVR, EQ, 07-Apr-2022,2142.05,2139.95,2175.0,2135.1,2170.0,2164.8,2163.51,1824732,39478.25,86767,1265527,69.35,Others
2022-04-08,HINDUNILVR, EQ, 08-Apr-2022,2164.8,2177.7,2193.5,2163.5,2185.0,2183.05,2179.48,1693462,36908.74,71784,1171882,69.2,Others
2022-04-11,HINDUNILVR, EQ, 11-Apr-2022,2183.05,2188.0,2194.1,2138.9,2160.0,2163.05,2160.95,1380107,29823.41,81625,818260,59.29,Others
2022-04-12,HINDUNILVR, EQ, 12-Apr-2022,2163.05,2140.9,2165.0,2125.0,2129.0,2132.25,2138.76,1370233,29305.93,82744,897815,65.52,Others
2022-04-13,HINDUNILVR, EQ, 13-Apr-2022,2132.25,2137.7,2165.0,2130.7,2150.75,2152.15,2147.26,1071601,23010.04,54432,623143,58.15,Others
2022-04-18,HINDUNILVR, EQ, 18-Apr-2022,2152.15,2148.0,2182.9,2135.05,2174.65,2177.65,2169.78,1828131,39666.37,70204,1236817,67.65,Others
2022-04-19,HINDUNILVR, EQ, 19-Apr-2022,2177.65,2185.7,2206.85,2101.05,2110.0,2113.05,2160.01,1775996,38361.69,99688,1131071,63.69,Others
2022-04-20,HINDUNILVR, EQ, 20-Apr-2022,2113.05,2114.4,2168.65,2092.7,2164.0,2164.95,2149.05,1511804,32489.4,86180,913732,60.44,Others
2022-04-21,HINDUNILVR, EQ, 21-Apr-2022,2164.95,2185.0,2203.75,2168.0,2196.5,2197.95,2190.94,2244813,49182.52,95745,1691466,75.35,Others
2022-04-22,HINDUNILVR, EQ, 22-Apr-2022,2197.95,2182.0,2189.0,2120.0,2132.0,2126.95,2152.13,3520828,75772.92,84015,2780437,78.97,Others
2022-04-25,HINDUNILVR, EQ, 25-Apr-2022,2126.95,2100.0,2162.0,2047.0,2106.25,2100.75,2100.97,2437310,51207.13,101070,1273367,52.24,Others
2022-04-26,HINDUNILVR, EQ, 26-Apr-2022,2100.75,2142.2,2157.95,2121.0,2145.8,2148.35,2140.51,1447088,30975.02,83311,895016,61.85,Others
2022-04-27,HINDUNILVR, EQ, 27-Apr-2022,2148.35,2147.8,2152.4,2103.5,2140.5,2145.1,2134.16,2214481,47260.58,111452,1329894,60.05,Others
2022-04-28,HINDUNILVR, EQ, 28-Apr-2022,2145.1,2230.0,2250.0,2165.0,2237.0,2241.85,2220.34,5865359,130230.69,259469,2562655,43.69,Others
2022-04-29,HINDUNILVR, EQ, 29-Apr-2022,2241.85,2244.4,2290.0,2222.55,2245.0,2234.85,2256.46,2678692,60443.54,126288,1377401,51.42,Others
2022-05-02,HINDUNILVR, EQ, 02-May-2022,2234.85,2220.0,2252.0,2205.9,2227.5,2230.5,2233.35,1543544,34472.7,74645,788915,51.11,Others
2022-05-04,HINDUNILVR, EQ, 04-May-2022,2230.5,2241.95,2250.85,2148.65,2171.95,2171.55,2184.05,1608395,35128.19,109362,876793,54.51,Others
2022-05-05,HINDUNILVR, EQ, 05-May-2022,2171.55,2178.0,2201.95,2153.6,2160.0,2166.6,2175.18,1101451,23958.53,63819,485999,44.12,Others
2022-05-06,HINDUNILVR, EQ, 06-May-2022,2166.6,2125.0,2170.0,2106.2,2149.85,2149.2,2146.43,1585602,34033.91,97842,895775,56.49,Others
2022-05-09,HINDUNILVR, EQ, 09-May-2022,2149.2,2121.5,2139.4,2110.15,2119.0,2116.65,2121.18,1341414,28453.82,53310,685705,51.12,Others
2022-05-10,HINDUNILVR, EQ, 10-May-2022,2116.65,2134.0,2197.9,2119.0,2180.8,2180.4,2172.27,2162232,46969.55,117730,1044130,48.29,Others
2022-05-11,HINDUNILVR, EQ, 11-May-2022,2180.4,2185.0,2189.7,2116.0,2169.0,2163.5,2141.85,1858636,39809.21,104803,963934,51.86,Others
2022-05-12,HINDUNILVR, EQ, 12-May-2022,2163.5,2164.85,2164.85,2109.2,2142.9,2138.8,2136.05,1531515,32713.88,92966,877045,57.27,Others
2022-05-13,HINDUNILVR, EQ, 13-May-2022,2138.8,2170.0,2218.0,2154.15,2189.0,2194.1,2195.77,2057239,45172.32,134564,1147055,55.76,Others
2022-05-16,HINDUNILVR, EQ, 16-May-2022,2194.1,2200.0,2221.95,2172.3,2216.65,2217.25,2205.86,1396818,30811.82,85144,809994,57.99,Others
2022-05-17,HINDUNILVR, EQ, 17-May-2022,2217.25,2237.9,2277.0,2221.3,2246.0,2245.0,2251.76,2055096,46275.8,96916,1242316,60.45,Others
2022-05-18,HINDUNILVR, EQ, 18-May-2022,2245.0,2236.1,2302.0,2236.1,2291.0,2291.4,2275.79,2137455,48644.0,101966,1249795,58.47,Others
2022-05-19,HINDUNILVR, EQ, 19-May-2022,2291.4,2245.6,2283.8,2245.45,2258.0,2264.55,2267.29,1734602,39328.44,89518,957716,55.21,Others
2022-05-20,HINDUNILVR, EQ, 20-May-2022,2264.55,2290.0,2348.0,2282.7,2322.95,2325.95,2329.55,2599505,60556.78,136745,1632135,62.79,Others
2022-05-23,HINDUNILVR, EQ, 23-May-2022,2325.95,2309.0,2388.0,2306.35,2380.0,2379.8,2371.19,2363306,56038.39,136426,1441278,60.99,Others
2022-05-24,HINDUNILVR, EQ, 24-May-2022,2379.8,2380.0,2380.0,2302.05,2307.1,2309.65,2321.78,3078655,71479.75,122568,2084305,67.7,Others
2022-05-25,HINDUNILVR, EQ, 25-May-2022,2309.65,2329.95,2329.95,2286.5,2295.0,2298.7,2300.44,1884260,43346.36,78033,1330905,70.63,Others
2022-05-26,HINDUNILVR, EQ, 26-May-2022,2298.7,2290.15,2296.0,2258.0,2284.7,2280.2,2278.15,2299127,52377.49,90329,1385996,60.28,Others
2022-05-27,HINDUNILVR, EQ, 27-May-2022,2280.2,2297.0,2334.9,2280.5,2333.1,2330.6,2312.32,1011303,23384.52,82060,530753,52.48,Others
2022-05-30,HINDUNILVR, EQ, 30-May-2022,2330.6,2342.2,2365.0,2331.0,2347.0,2348.95,2352.34,939562,22101.72,53246,460618,49.02,Others
2022-05-31,HINDUNILVR, EQ, 31-May-2022,2348.95,2360.0,2367.9,2303.9,2348.9,2353.25,2342.19,3123979,73169.63,70231,2099257,67.2,Others
2022-06-01,HINDUNILVR, EQ, 01-Jun-2022,2353.25,2370.0,2413.8,2302.0,2306.9,2308.45,2336.94,2197599,51356.57,124664,1080496,49.17,Others
2022-06-02,HINDUNILVR, EQ, 02-Jun-2022,2308.45,2295.0,2306.95,2257.15,2287.95,2284.8,2277.91,1460335,33265.08,91321,711252,48.7,Others
2022-06-03,HINDUNILVR, EQ, 03-Jun-2022,2284.8,2284.0,2324.95,2265.15,2290.1,2291.95,2295.14,1845303,42352.36,70106,892384,48.36,Others
2022-06-06,HINDUNILVR, EQ, 06-Jun-2022,2291.95,2272.2,2301.95,2247.6,2276.0,2280.5,2277.53,2131405,48543.42,63011,1244030,58.37,Others
2022-06-07,HINDUNILVR, EQ, 07-Jun-2022,2280.5,2250.0,2259.85,2207.05,2210.95,2211.6,2216.6,2034730,45101.72,74547,1124514,55.27,Others
2022-06-08,HINDUNILVR, EQ, 08-Jun-2022,2211.6,2215.0,2218.95,2186.0,2199.5,2197.05,2199.29,1506843,33139.86,76931,787349,52.25,Others
2022-06-09,HINDUNILVR, EQ, 09-Jun-2022,2197.05,2197.0,2208.35,2170.75,2197.7,2197.7,2196.82,1497867,32905.37,59199,992896,66.29,Others
2022-06-10,HINDUNILVR, EQ, 10-Jun-2022,2197.7,2163.0,2208.85,2162.8,2199.0,2199.9,2185.39,1641981,35883.68,73768,1031291,62.81,Others
2022-06-13,HINDUNILVR, EQ, 13-Jun-2022,2199.9,2168.0,2217.0,2156.0,2197.0,2196.9,2199.22,1519441,33415.83,96856,784143,51.61,Others
2022-06-14,HINDUNILVR, EQ, 14-Jun-2022,2196.9,2190.85,2213.95,2160.0,2173.9,2171.0,2185.82,1592475,34808.7,80988,1032969,64.87,Others
2022-06-15,HINDUNILVR, EQ, 15-Jun-2022,2171.0,2158.7,2158.9,2131.0,2146.1,2146.55,2144.94,1432377,30723.62,82101,844183,58.94,Others
2022-06-16,HINDUNILVR, EQ, 16-Jun-2022,2146.55,2145.0,2164.0,2135.05,2145.85,2146.7,2147.03,1353485,29059.75,63347,727109,53.72,Others
2022-06-17,HINDUNILVR, EQ, 17-Jun-2022,2146.7,2160.0,2160.4,2100.0,2102.65,2110.45,2121.76,3252189,69003.56,141778,2127025,65.4,Others
2022-06-20,HINDUNILVR, EQ, 20-Jun-2022,2110.45,2111.0,2202.9,2108.15,2190.65,2195.9,2182.69,2022000,44134.01,168035,905245,44.77,Others
2022-06-21,HINDUNILVR, EQ, 21-Jun-2022,2195.9,2195.0,2232.0,2172.15,2207.8,2205.0,2211.36,1606187,35518.64,92802,845444,52.64,Others
2022-06-22,HINDUNILVR, EQ, 22-Jun-2022,2205.0,2189.2,2224.9,2186.05,2201.95,2202.85,2206.33,1741378,38420.52,70482,1150951,66.09,Others
2022-06-23,HINDUNILVR, EQ, 23-Jun-2022,2202.85,2208.0,2257.35,2192.1,2250.0,2252.6,2233.99,1585753,35425.61,63815,893230,56.33,Others
2022-06-24,HINDUNILVR, EQ, 24-Jun-2022,2252.6,2265.0,2318.8,2260.05,2302.8,2303.9,2297.85,1930048,44349.59,89367,1043469,54.06,Others
2022-06-27,HINDUNILVR, EQ, 27-Jun-2022,2303.9,2315.85,2331.85,2298.05,2325.0,2320.65,2320.36,1450391,33654.33,69969,849680,58.58,Others
2022-06-28,HINDUNILVR, EQ, 28-Jun-2022,2320.65,2320.65,2324.0,2277.85,2320.85,2317.65,2306.26,1404108,32382.35,68116,877853,62.52,Others
2022-06-29,HINDUNILVR, EQ, 29-Jun-2022,2317.65,2296.2,2299.9,2225.0,2233.65,2233.45,2251.55,1682914,37891.65,89339,1072583,63.73,Others
2022-06-30,HINDUNILVR, EQ, 30-Jun-2022,2233.45,2224.9,2249.0,2213.4,2220.0,2230.6,2229.37,2387212,53219.7,111444,1533319,64.23,Others
2022-07-01,HINDUNILVR, EQ, 01-Jul-2022,2230.6,2226.0,2293.0,2203.6,2291.0,2282.35,2256.69,1235612,27883.97,62148,648763,52.51,Others
2022-07-04,HINDUNILVR, EQ, 04-Jul-2022,2282.35,2276.0,2378.3,2276.0,2370.0,2375.2,2335.15,2410245,56282.89,136477,1481329,61.46,Others
2022-07-05,HINDUNILVR, EQ, 05-Jul-2022,2375.2,2384.5,2412.0,2371.6,2402.0,2401.5,2393.61,2463079,58956.43,104448,1615328,65.58,Others
2022-07-06,HINDUNILVR, EQ, 06-Jul-2022,2401.5,2400.0,2509.1,2400.0,2505.0,2498.4,2466.49,4770394,117661.44,167168,3116246,65.32,Others
2022-07-07,HINDUNILVR, EQ, 07-Jul-2022,2498.4,2505.0,2531.0,2465.5,2476.0,2472.95,2501.61,3333262,83385.2,144066,2125655,63.77,Others
2022-07-08,HINDUNILVR, EQ, 08-Jul-2022,2472.95,2476.45,2503.8,2452.8,2489.0,2496.85,2483.74,1346970,33455.28,85423,577599,42.88,Others
2022-07-11,HINDUNILVR, EQ, 11-Jul-2022,2496.85,2487.0,2525.0,2480.0,2491.0,2490.6,2504.21,1587249,39747.97,78001,949156,59.8,Others
2022-07-12,HINDUNILVR, EQ, 12-Jul-2022,2490.6,2475.0,2490.6,2444.45,2450.0,2449.55,2461.21,1116476,27478.86,57119,675316,60.49,Others
2022-07-13,HINDUNILVR, EQ, 13-Jul-2022,2449.55,2464.0,2519.35,2461.4,2496.95,2497.75,2500.13,2528792,63223.0,126490,1446832,57.21,Others
2022-07-14,HINDUNILVR, EQ, 14-Jul-2022,2497.75,2502.75,2522.9,2468.2,2495.85,2497.8,2495.27,1663307,41504.04,92771,925071,55.62,Others
2022-07-15,HINDUNILVR, EQ, 15-Jul-2022,2497.8,2530.0,2573.9,2502.05,2570.0,2568.5,2545.54,2996964,76288.86,143220,1108210,36.98,Others
2022-07-18,HINDUNILVR, EQ, 18-Jul-2022,2568.5,2581.0,2605.0,2533.05,2551.0,2553.5,2559.94,1566888,40111.36,105402,759552,48.48,Others
2022-07-19,HINDUNILVR, EQ, 19-Jul-2022,2553.5,2549.95,2575.0,2522.75,2568.0,2567.95,2555.48,1473121,37645.28,86077,713072,48.41,Others
2022-07-20,HINDUNILVR, EQ, 20-Jul-2022,2567.95,2575.0,2618.0,2535.6,2610.0,2604.5,2597.17,4012897,104221.91,199967,2144345,53.44,Others
2022-07-21,HINDUNILVR, EQ, 21-Jul-2022,2604.5,2617.0,2629.9,2591.7,2606.8,2607.45,2614.24,1990695,52041.56,115613,1109308,55.72,Others
2022-07-22,HINDUNILVR, EQ, 22-Jul-2022,2607.45,2617.0,2643.2,2611.05,2636.0,2640.6,2631.76,1905780,50155.56,110069,1261724,66.21,Others
2022-07-25,HINDUNILVR, EQ, 25-Jul-2022,2640.6,2645.5,2654.0,2612.0,2616.0,2623.6,2632.11,1253821,33001.91,89327,737142,58.79,Others
2022-07-26,HINDUNILVR, EQ, 26-Jul-2022,2623.6,2625.0,2625.0,2538.1,2542.8,2547.1,2568.51,1685576,43294.17,93473,1032051,61.23,Others
2022-07-27,HINDUNILVR, EQ, 27-Jul-2022,2547.1,2535.35,2590.5,2525.0,2578.0,2581.95,2571.21,1404133,36103.18,76431,755118,53.78,Others
2022-07-28,HINDUNILVR, EQ, 28-Jul-2022,2581.95,2625.0,2625.0,2585.0,2619.0,2620.1,2610.0,1442054,37637.65,97997,783592,54.34,Others
2022-07-29,HINDUNILVR, EQ, 29-Jul-2022,2620.1,2640.0,2645.0,2596.0,2631.75,2637.4,2624.29,1463059,38394.85,79468,822593,56.22,Others
2022-08-01,HINDUNILVR, EQ, 01-Aug-2022,2637.4,2637.5,2638.0,2580.0,2597.0,2593.0,2599.8,1559918,40554.72,95033,935753,59.99,Others
2022-08-02,HINDUNILVR, EQ, 02-Aug-2022,2593.0,2600.0,2639.1,2599.0,2631.1,2635.25,2621.23,1359934,35647.03,122753,739577,54.38,Others
2022-08-03,HINDUNILVR, EQ, 03-Aug-2022,2635.25,2615.25,2664.0,2597.9,2625.15,2626.35,2624.0,1767904,46389.72,155846,1022923,57.86,Others
2022-08-04,HINDUNILVR, EQ, 04-Aug-2022,2626.35,2634.0,2643.45,2615.0,2625.0,2627.95,2626.94,1189384,31244.45,77278,769698,64.71,Others
2022-08-05,HINDUNILVR, EQ, 05-Aug-2022,2627.95,2638.0,2657.65,2627.55,2641.0,2645.4,2643.66,1176666,31107.04,72158,656441,55.79,Others
2022-08-10,HINDUNILVR, EQ, 10-Aug-2022,2650.35,2650.35,2676.7,2631.2,2641.0,2642.8,2647.16,1098949,29090.88,68444,636164,57.89,Others
2022-08-11,HINDUNILVR, EQ, 11-Aug-2022,2642.8,2656.05,2667.75,2606.6,2616.0,2613.7,2626.04,810674,21288.61,69432,434531,53.6,Others
2022-08-12,HINDUNILVR, EQ, 12-Aug-2022,2613.7,2624.9,2626.1,2585.1,2591.0,2594.95,2599.1,1473527,38298.39,131878,914303,62.05,Others
2022-08-16,HINDUNILVR, EQ, 16-Aug-2022,2594.95,2607.95,2648.35,2590.55,2646.2,2644.5,2634.96,1584117,41740.86,109193,1066500,67.32,Others
2022-08-17,HINDUNILVR, EQ, 17-Aug-2022,2644.5,2651.0,2694.0,2644.5,2673.75,2684.65,2679.81,1711381,45861.81,97558,1091397,63.77,Others
2022-08-18,HINDUNILVR, EQ, 18-Aug-2022,2684.65,2685.0,2715.0,2664.65,2682.0,2682.05,2691.68,1465489,39446.22,69451,907018,61.89,Others
2022-08-19,HINDUNILVR, EQ, 19-Aug-2022,2682.05,2689.0,2698.95,2626.5,2631.7,2634.55,2645.27,1324508,35036.84,70400,825238,62.31,Others
2022-08-22,HINDUNILVR, EQ, 22-Aug-2022,2634.55,2648.0,2666.8,2620.1,2624.7,2626.7,2641.75,1410895,37272.37,69227,809170,57.35,Others
2022-08-23,HINDUNILVR, EQ, 23-Aug-2022,2626.7,2602.05,2629.7,2585.25,2595.0,2592.75,2603.65,1305045,33978.85,63269,842211,64.54,Others
2022-08-24,HINDUNILVR, EQ, 24-Aug-2022,2592.75,2576.0,2610.0,2561.3,2591.6,2588.25,2584.7,1242489,32114.6,74317,735785,59.22,Others
2022-08-25,HINDUNILVR, EQ, 25-Aug-2022,2588.25,2601.2,2628.4,2565.45,2575.05,2574.2,2602.4,1106593,28797.95,68171,685074,61.91,Others
2022-08-26,HINDUNILVR, EQ, 26-Aug-2022,2574.2,2599.9,2614.7,2562.0,2574.0,2571.55,2580.52,1048791,27064.26,63000,644328,61.44,Others
2022-08-29,HINDUNILVR, EQ, 29-Aug-2022,2571.55,2550.0,2607.9,2550.0,2582.0,2575.8,2583.04,1450034,37454.98,93329,832000,57.38,Others
2022-08-30,HINDUNILVR, EQ, 30-Aug-2022,2575.8,2588.7,2667.0,2585.6,2662.0,2659.85,2638.09,2227943,58775.18,90326,1475190,66.21,Others
2022-09-01,HINDUNILVR, EQ, 01-Sep-2022,2659.85,2650.0,2655.0,2594.0,2614.45,2606.0,2612.02,1702269,44463.62,99540,1120875,65.85,Others
2022-09-02,HINDUNILVR, EQ, 02-Sep-2022,2606.0,2615.0,2623.0,2585.0,2600.0,2603.6,2599.09,937600,24369.07,56368,545777,58.21,Others
2022-09-05,HINDUNILVR, EQ, 05-Sep-2022,2603.6,2597.0,2622.4,2586.1,2598.0,2600.6,2602.43,1274074,33156.92,61820,863732,67.79,Others
2022-09-06,HINDUNILVR, EQ, 06-Sep-2022,2600.6,2591.2,2620.0,2563.0,2574.7,2573.1,2579.4,1250776,32262.45,55573,804465,64.32,Others
2022-09-07,HINDUNILVR, EQ, 07-Sep-2022,2573.1,2571.8,2596.9,2560.8,2569.0,2564.6,2571.9,1344964,34591.19,63701,859946,63.94,Others
2022-09-08,HINDUNILVR, EQ, 08-Sep-2022,2564.6,2580.0,2596.0,2563.0,2585.0,2577.15,2576.96,1004533,25886.41,40331,567168,56.46,Others
2022-09-09,HINDUNILVR, EQ, 09-Sep-2022,2577.15,2598.0,2647.0,2583.45,2587.0,2588.7,2612.32,1785443,46641.5,91908,831724,46.58,Others
2022-09-12,HINDUNILVR, EQ, 12-Sep-2022,2588.7,2591.0,2605.0,2574.0,2577.25,2580.4,2586.27,1595709,41269.41,51791,1006890,63.1,Others
2022-09-13,HINDUNILVR, EQ, 13-Sep-2022,2580.4,2598.0,2609.0,2579.0,2585.0,2586.6,2591.35,1342130,34779.25,79979,900981,67.13,Others
2022-09-14,HINDUNILVR, EQ, 14-Sep-2022,2586.6,2550.0,2606.0,2546.7,2571.05,2571.4,2584.94,1610054,41618.89,103523,1019767,63.34,Others
2022-09-15,HINDUNILVR, EQ, 15-Sep-2022,2571.4,2580.0,2598.8,2551.0,2562.0,2560.4,2566.37,1199906,30794.03,84985,790032,65.84,Others
2022-09-16,HINDUNILVR, EQ, 16-Sep-2022,2560.4,2555.0,2563.85,2518.65,2531.0,2528.15,2534.81,2516820,63796.69,84270,1782926,70.84,Others
2022-09-19,HINDUNILVR, EQ, 19-Sep-2022,2528.15,2531.0,2588.0,2508.05,2580.0,2579.25,2553.88,1166725,29796.76,73590,719582,61.68,Others
2022-09-20,HINDUNILVR, EQ, 20-Sep-2022,2579.25,2598.6,2621.5,2579.6,2581.85,2583.55,2599.98,1253333,32586.46,60825,761228,60.74,Others
2022-09-21,HINDUNILVR, EQ, 21-Sep-2022,2583.55,2582.0,2646.75,2580.0,2622.5,2623.6,2626.79,1960049,51486.42,106980,1062861,54.23,Others
2022-09-22,HINDUNILVR, EQ, 22-Sep-2022,2623.6,2623.1,2701.25,2620.05,2692.6,2692.75,2668.86,2620240,69930.49,111283,1569769,59.91,Others
2022-09-23,HINDUNILVR, EQ, 23-Sep-2022,2692.75,2697.9,2723.75,2674.0,2678.6,2682.05,2696.16,1789791,48255.58,96793,1135683,63.45,Others
2022-09-26,HINDUNILVR, EQ, 26-Sep-2022,2682.05,2668.5,2729.0,2643.05,2668.9,2660.55,2683.89,2678551,71889.28,152903,1458142,54.44,Others
2022-09-27,HINDUNILVR, EQ, 27-Sep-2022,2660.55,2676.0,2713.75,2653.4,2680.0,2679.25,2691.02,1898501,51089.01,126525,1063441,56.01,Others
2022-09-28,HINDUNILVR, EQ, 28-Sep-2022,2679.25,2669.95,2708.75,2652.05,2700.0,2702.1,2692.61,1526197,41094.49,90711,968100,63.43,Others
2022-09-29,HINDUNILVR, EQ, 29-Sep-2022,2702.1,2711.1,2727.0,2691.1,2705.4,2700.55,2705.82,2019666,54648.57,126127,1397065,69.17,Others
2022-09-30,HINDUNILVR, EQ, 30-Sep-2022,2700.55,2707.0,2714.9,2667.9,2700.0,2696.45,2688.68,1340054,36029.74,80019,786610,58.7,Others
2022-10-03,HINDUNILVR, EQ, 03-Oct-2022,2696.45,2723.0,2734.0,2617.55,2621.9,2622.5,2659.82,1683197,44769.93,82515,1129756,67.12,Others
2022-10-04,HINDUNILVR, EQ, 04-Oct-2022,2622.5,2650.0,2676.5,2634.15,2664.8,2667.95,2659.66,1327939,35318.61,89227,569066,42.85,Others
2022-10-06,HINDUNILVR, EQ, 06-Oct-2022,2667.95,2681.3,2692.3,2605.05,2612.0,2614.0,2630.12,1752351,46088.98,157969,1065422,60.8,Others
2022-10-07,HINDUNILVR, EQ, 07-Oct-2022,2614.0,2611.9,2613.0,2575.0,2595.0,2599.7,2596.29,1025923,26635.92,81702,535168,52.16,Others
2022-10-10,HINDUNILVR, EQ, 10-Oct-2022,2599.7,2570.0,2610.7,2542.0,2603.75,2605.6,2578.82,1043728,26915.86,77421,601607,57.64,Others
2022-10-11,HINDUNILVR, EQ, 11-Oct-2022,2605.6,2610.0,2610.55,2545.0,2550.95,2550.65,2569.24,1129783,29026.85,95198,732508,64.84,Others
2022-10-12,HINDUNILVR, EQ, 12-Oct-2022,2550.65,2563.45,2604.6,2554.2,2592.0,2591.35,2582.55,882873,22800.6,65605,478025,54.14,Others
2022-10-13,HINDUNILVR, EQ, 13-Oct-2022,2591.35,2583.0,2607.15,2562.9,2567.0,2566.4,2577.19,753331,19414.79,53085,452663,60.09,Others
2022-10-14,HINDUNILVR, EQ, 14-Oct-2022,2566.4,2590.0,2624.9,2570.2,2573.6,2575.8,2596.77,1001536,26007.59,75953,561923,56.11,Others
2022-10-17,HINDUNILVR, EQ, 17-Oct-2022,2575.8,2573.6,2609.95,2568.0,2588.0,2590.55,2594.17,778918,20206.44,86643,443580,56.95,Others
2022-10-18,HINDUNILVR, EQ, 18-Oct-2022,2590.55,2620.0,2642.0,2597.0,2605.0,2602.25,2616.71,1123374,29395.39,85389,670323,59.67,Others
2022-10-19,HINDUNILVR, EQ, 19-Oct-2022,2602.25,2615.3,2617.5,2578.4,2582.25,2583.0,2592.84,1241979,32202.53,65376,825976,66.5,Others
2022-10-20,HINDUNILVR, EQ, 20-Oct-2022,2583.0,2568.15,2610.0,2568.15,2593.9,2600.9,2599.53,1428125,37124.54,71501,1010887,70.78,Others
2022-10-21,HINDUNILVR, EQ, 21-Oct-2022,2600.9,2606.0,2666.75,2606.0,2652.6,2653.9,2646.98,2458302,65070.8,81292,1429411,58.15,Others
2022-10-24,HINDUNILVR, EQ, 24-Oct-2022,2653.9,2610.1,2640.0,2550.0,2574.25,2573.1,2579.63,719908,18570.97,46255,302362,42.0,Others
2022-10-25,HINDUNILVR, EQ, 25-Oct-2022,2573.1,2586.0,2586.0,2500.0,2504.0,2505.4,2521.62,2923789,73726.74,132117,2072413,70.88,Others
2022-10-27,HINDUNILVR, EQ, 27-Oct-2022,2505.4,2494.0,2530.0,2488.0,2522.25,2519.0,2507.75,1846329,46301.41,96885,1123765,60.86,Others
2022-10-28,HINDUNILVR, EQ, 28-Oct-2022,2519.0,2526.1,2550.9,2512.0,2526.4,2524.25,2528.96,1164951,29461.13,72586,715180,61.39,Others
2022-10-31,HINDUNILVR, EQ, 31-Oct-2022,2524.25,2545.0,2572.0,2542.05,2558.2,2550.7,2554.37,1324443,33831.22,67992,874959,66.06,Others
2022-11-01,HINDUNILVR, EQ, 01-Nov-2022,2550.7,2569.0,2575.85,2547.6,2548.0,2551.8,2561.07,1280132,32785.09,77333,853017,66.64,Others
2022-11-02,HINDUNILVR, EQ, 02-Nov-2022,2551.8,2564.0,2564.0,2501.4,2520.0,2518.3,2520.36,1338284,33729.64,79352,821047,61.35,Others
2022-11-03,HINDUNILVR, EQ, 03-Nov-2022,2518.3,2515.7,2549.0,2508.3,2544.0,2546.35,2534.43,730444,18512.61,54731,447936,61.32,Others
2022-11-04,HINDUNILVR, EQ, 04-Nov-2022,2546.35,2544.95,2546.0,2515.25,2520.0,2520.35,2523.15,889055,22432.19,52593,676328,76.07,Others
2022-11-07,HINDUNILVR, EQ, 07-Nov-2022,2520.35,2531.1,2552.0,2517.0,2530.0,2532.8,2529.27,1283685,32467.81,60564,896124,69.81,Others
2022-11-09,HINDUNILVR, EQ, 09-Nov-2022,2532.8,2510.0,2544.9,2492.65,2493.9,2508.8,2517.05,1436444,36156.05,81720,979930,68.22,Others
2022-11-10,HINDUNILVR, EQ, 10-Nov-2022,2508.8,2504.0,2538.0,2501.05,2515.4,2513.6,2517.53,1459152,36734.64,53291,1015578,69.6,Others
2022-11-11,HINDUNILVR, EQ, 11-Nov-2022,2513.6,2545.0,2546.8,2495.0,2506.75,2503.05,2511.78,1162847,29208.11,74423,790962,68.02,Others
2022-11-14,HINDUNILVR, EQ, 14-Nov-2022,2503.05,2506.8,2513.75,2455.15,2458.0,2457.8,2469.17,2137131,52769.32,103165,1615246,75.58,Others
2022-11-15,HINDUNILVR, EQ, 15-Nov-2022,2457.8,2457.8,2469.0,2444.15,2455.0,2457.5,2455.26,1558333,38261.15,72335,1127324,72.34,Others
2022-11-16,HINDUNILVR, EQ, 16-Nov-2022,2457.5,2463.55,2483.0,2428.1,2480.0,2477.85,2450.61,1330395,32602.8,75684,832410,62.57,Others
2022-11-17,HINDUNILVR, EQ, 17-Nov-2022,2477.85,2479.95,2498.0,2454.25,2458.55,2460.0,2473.31,960476,23755.54,50548,488637,50.87,Others
2022-11-18,HINDUNILVR, EQ, 18-Nov-2022,2460.0,2470.0,2488.55,2448.85,2481.0,2483.7,2466.62,1075675,26532.82,51010,612454,56.94,Others
2022-11-21,HINDUNILVR, EQ, 21-Nov-2022,2483.7,2483.7,2512.0,2470.05,2502.1,2501.4,2499.11,1354881,33860.01,90313,818797,60.43,Others
2022-11-22,HINDUNILVR, EQ, 22-Nov-2022,2501.4,2505.9,2524.0,2497.0,2511.0,2515.7,2515.39,921265,23173.44,59904,496248,53.87,Others
2022-11-23,HINDUNILVR, EQ, 23-Nov-2022,2515.7,2521.0,2525.0,2502.0,2507.0,2507.35,2513.3,734152,18451.47,45579,485371,66.11,Others
2022-11-24,HINDUNILVR, EQ, 24-Nov-2022,2507.35,2517.0,2560.0,2511.15,2555.1,2549.15,2538.87,999929,25386.94,54328,594054,59.41,Others
2022-11-25,HINDUNILVR, EQ, 25-Nov-2022,2549.15,2555.0,2555.4,2518.2,2536.45,2537.45,2528.51,783480,19810.35,58315,432301,55.18,Others
2022-11-28,HINDUNILVR, EQ, 28-Nov-2022,2537.45,2527.0,2542.5,2521.8,2526.0,2525.2,2527.43,830905,21000.52,49281,598327,72.01,Others
2022-11-29,HINDUNILVR, EQ, 29-Nov-2022,2525.2,2527.2,2639.95,2527.2,2635.95,2634.2,2607.11,2542932,66297.0,135358,1220939,48.01,Others
2022-11-30,HINDUNILVR, EQ, 30-Nov-2022,2634.2,2634.0,2698.0,2623.0,2685.0,2684.35,2665.91,3698270,98592.58,137173,2545579,68.83,Others
2022-12-01,HINDUNILVR, EQ, 01-Dec-2022,2684.35,2680.0,2683.0,2646.85,2664.0,2662.85,2656.55,1675569,44512.36,78427,884754,52.8,Others
2022-12-02,HINDUNILVR, EQ, 02-Dec-2022,2662.85,2660.0,2660.0,2607.15,2620.0,2615.1,2621.52,2101890,55101.51,109649,1500157,71.37,Others
2022-12-05,HINDUNILVR, EQ, 05-Dec-2022,2615.1,2600.0,2625.0,2585.15,2620.0,2619.85,2609.42,1640511,42807.86,78675,1051823,64.12,Others
2022-12-06,HINDUNILVR, EQ, 06-Dec-2022,2619.85,2606.8,2659.95,2603.85,2658.0,2654.55,2644.91,1484562,39265.38,84448,858967,57.86,Others
2022-12-07,HINDUNILVR, EQ, 07-Dec-2022,2654.55,2660.05,2719.8,2656.25,2707.0,2707.35,2692.69,2368561,63778.1,116783,1316507,55.58,Others
2022-12-08,HINDUNILVR, EQ, 08-Dec-2022,2707.35,2695.05,2711.05,2685.75,2700.0,2705.45,2698.86,1314703,35482.0,87379,806648,61.36,Others
2022-12-09,HINDUNILVR, EQ, 09-Dec-2022,2705.45,2724.7,2741.6,2711.25,2717.4,2722.25,2724.87,1883397,51320.06,111858,1141960,60.63,Others
2022-12-12,HINDUNILVR, EQ, 12-Dec-2022,2722.25,2702.2,2724.0,2688.65,2714.0,2717.25,2708.92,1163204,31510.23,68500,726354,62.44,Others
2022-12-13,HINDUNILVR, EQ, 13-Dec-2022,2717.25,2717.0,2720.0,2697.8,2709.4,2710.3,2711.07,1265839,34317.8,76874,929383,73.42,Others
2022-12-14,HINDUNILVR, EQ, 14-Dec-2022,2710.3,2720.0,2720.0,2671.35,2687.0,2684.65,2691.78,886858,23872.3,66543,517955,58.4,Others
2022-12-15,HINDUNILVR, EQ, 15-Dec-2022,2684.65,2668.35,2683.25,2648.45,2655.7,2663.25,2660.55,990722,26358.68,69104,648135,65.42,Others
2022-12-16,HINDUNILVR, EQ, 16-Dec-2022,2663.25,2668.0,2687.7,2653.3,2674.0,2671.3,2669.45,1793864,47886.25,87208,1188892,66.28,Others
2022-12-19,HINDUNILVR, EQ, 19-Dec-2022,2671.3,2671.3,2720.0,2671.3,2713.2,2718.1,2704.6,1546941,41838.51,111844,1076503,69.59,Others
2022-12-20,HINDUNILVR, EQ, 20-Dec-2022,2718.1,2706.0,2706.05,2653.25,2675.0,2674.55,2670.02,827567,22096.23,60040,437203,52.83,Others
2022-12-21,HINDUNILVR, EQ, 21-Dec-2022,2674.55,2687.95,2695.15,2650.1,2667.35,2666.2,2664.88,779092,20761.88,64412,432608,55.53,Others
2022-12-22,HINDUNILVR, EQ, 22-Dec-2022,2666.2,2676.5,2688.5,2642.0,2642.0,2645.35,2657.23,852567,22654.63,58992,597360,70.07,Others
2022-12-23,HINDUNILVR, EQ, 23-Dec-2022,2645.35,2632.0,2649.55,2608.05,2630.85,2621.1,2625.72,1189702,31238.26,73994,777024,65.31,Others
2022-12-26,HINDUNILVR, EQ, 26-Dec-2022,2621.1,2620.95,2637.85,2606.75,2617.55,2617.45,2623.58,605144,15876.43,52875,317085,52.4,Others
2022-12-27,HINDUNILVR, EQ, 27-Dec-2022,2617.45,2625.0,2634.9,2575.25,2593.0,2593.25,2595.57,870960,22606.37,62058,439460,50.46,Others
2022-12-28,HINDUNILVR, EQ, 28-Dec-2022,2593.25,2593.0,2603.1,2578.1,2584.9,2583.6,2585.38,822651,21268.63,44625,502946,61.14,Others
2022-12-29,HINDUNILVR, EQ, 29-Dec-2022,2583.6,2580.25,2583.3,2539.4,2581.0,2568.05,2556.06,1345863,34401.06,82377,896510,66.61,Others
2022-12-30,HINDUNILVR, EQ, 30-Dec-2022,2568.05,2579.95,2586.45,2555.2,2564.0,2561.05,2567.79,696432,17882.94,55969,346771,49.79,Others
2023-01-02,HINDUNILVR, EQ, 02-Jan-2023,2561.05,2573.9,2580.05,2538.05,2556.25,2558.4,2555.1,681703,17418.17,48706,378004,55.45,Others
2023-01-03,HINDUNILVR, EQ, 03-Jan-2023,2558.4,2550.05,2562.0,2535.0,2543.5,2542.05,2546.07,821843,20924.73,60502,489587,59.57,Others
2023-01-04,HINDUNILVR, EQ, 04-Jan-2023,2542.05,2550.5,2558.4,2527.05,2532.5,2536.1,2537.48,1672649,42443.15,73625,1241336,74.21,Others
2023-01-05,HINDUNILVR, EQ, 05-Jan-2023,2536.1,2537.55,2591.95,2537.5,2585.75,2583.7,2569.64,2008493,51610.96,120887,1214234,60.45,Others
2023-01-06,HINDUNILVR, EQ, 06-Jan-2023,2583.7,2580.0,2611.9,2574.9,2579.8,2576.45,2588.32,991782,25670.48,84390,598763,60.37,Others
2023-01-09,HINDUNILVR, EQ, 09-Jan-2023,2576.45,2589.35,2629.45,2570.0,2620.55,2624.05,2608.29,1267078,33049.07,99687,878621,69.34,Others
2023-01-10,HINDUNILVR, EQ, 10-Jan-2023,2624.05,2624.05,2653.35,2615.1,2637.85,2643.85,2638.34,1413088,37282.01,96798,1038732,73.51,Others
2023-01-11,HINDUNILVR, EQ, 11-Jan-2023,2643.85,2644.0,2647.85,2588.1,2592.3,2593.25,2602.76,1471687,38304.42,103493,961363,65.32,Others
2023-01-12,HINDUNILVR, EQ, 12-Jan-2023,2593.25,2586.1,2602.6,2572.75,2583.05,2590.05,2584.88,1703829,44041.9,87992,1186762,69.65,Others
2023-01-13,HINDUNILVR, EQ, 13-Jan-2023,2590.05,2590.2,2639.25,2566.65,2620.6,2624.0,2615.01,1348015,35250.76,114021,863014,64.02,Others
2023-01-16,HINDUNILVR, EQ, 16-Jan-2023,2624.0,2627.95,2627.95,2584.0,2601.0,2597.1,2601.44,930068,24195.13,82869,614583,66.08,Others
2023-01-17,HINDUNILVR, EQ, 17-Jan-2023,2597.1,2605.45,2675.0,2601.8,2668.0,2667.55,2655.63,1892865,50267.49,127944,1035917,54.73,Others
2023-01-18,HINDUNILVR, EQ, 18-Jan-2023,2667.55,2668.0,2693.5,2660.0,2684.0,2686.2,2682.99,2038075,54681.4,105363,1664533,81.67,Others
2023-01-19,HINDUNILVR, EQ, 19-Jan-2023,2686.2,2670.1,2679.3,2611.9,2643.05,2649.75,2639.52,1649842,43547.85,97437,1066986,64.67,Others
2023-01-20,HINDUNILVR, EQ, 20-Jan-2023,2649.75,2550.0,2605.0,2536.05,2550.0,2548.75,2565.58,4569549,117235.36,209455,2467332,54.0,Others
2023-01-23,HINDUNILVR, EQ, 23-Jan-2023,2548.75,2560.0,2604.0,2552.0,2595.7,2596.4,2585.75,1388360,35899.56,95711,700527,50.46,Others
2023-01-24,HINDUNILVR, EQ, 24-Jan-2023,2596.4,2604.0,2610.0,2580.8,2594.7,2600.5,2598.06,1462462,37995.58,93125,963465,65.88,Others
2023-01-25,HINDUNILVR, EQ, 25-Jan-2023,2600.5,2600.5,2642.0,2594.0,2630.0,2622.35,2621.54,1591810,41729.89,96835,1015715,63.81,Others
2023-01-27,HINDUNILVR, EQ, 27-Jan-2023,2622.35,2635.5,2646.55,2578.2,2607.55,2612.15,2600.56,1581382,41124.83,130908,1120478,70.85,Others
2023-01-30,HINDUNILVR, EQ, 30-Jan-2023,2612.15,2610.0,2610.0,2530.2,2572.9,2568.15,2554.73,2744039,70102.89,160008,1858693,67.74,Others
2023-01-31,HINDUNILVR, EQ, 31-Jan-2023,2568.15,2568.0,2590.2,2541.2,2576.65,2576.75,2564.72,2366794,60701.71,152862,1640257,69.3,Others
2023-02-01,HINDUNILVR, EQ, 01-Feb-2023,2576.75,2600.2,2603.0,2546.85,2572.85,2574.25,2579.88,2014615,51974.72,143472,1346180,66.82,Others
2023-02-02,HINDUNILVR, EQ, 02-Feb-2023,2574.25,2569.5,2639.75,2563.0,2630.05,2634.85,2611.74,1980667,51729.81,134019,1376887,69.52,Others
2023-02-03,HINDUNILVR, EQ, 03-Feb-2023,2634.85,2640.0,2657.45,2631.15,2643.35,2648.75,2640.92,1638238,43264.63,85326,1112992,67.94,Others
2023-02-06,HINDUNILVR, EQ, 06-Feb-2023,2648.75,2631.0,2645.0,2599.75,2640.0,2637.6,2615.67,1697446,44399.61,114120,1169708,68.91,Others
2023-02-07,HINDUNILVR, EQ, 07-Feb-2023,2637.6,2645.0,2645.55,2595.3,2597.0,2601.2,2610.48,1495745,39046.18,108676,1109714,74.19,Others
2023-02-08,HINDUNILVR, EQ, 08-Feb-2023,2601.2,2592.7,2607.5,2578.35,2583.0,2582.8,2588.6,1061956,27489.76,70690,634970,59.79,Others
2023-02-09,HINDUNILVR, EQ, 09-Feb-2023,2582.8,2587.0,2599.9,2566.0,2588.6,2586.7,2585.29,1102484,28502.41,64253,700792,63.56,Others
2023-02-10,HINDUNILVR, EQ, 10-Feb-2023,2586.7,2585.0,2586.65,2555.35,2575.0,2577.5,2568.7,1523011,39121.51,117066,1170558,76.86,Others
2023-02-13,HINDUNILVR, EQ, 13-Feb-2023,2577.5,2560.0,2590.75,2550.0,2576.05,2581.0,2574.16,1146525,29513.4,73033,800135,69.79,Others
2023-02-14,HINDUNILVR, EQ, 14-Feb-2023,2581.0,2585.0,2602.0,2570.2,2577.55,2579.6,2587.94,1944364,50319.06,91466,1516514,78.0,Others
2023-02-15,HINDUNILVR, EQ, 15-Feb-2023,2579.6,2550.0,2571.8,2537.0,2548.0,2548.45,2547.17,2009134,51176.02,84380,1445538,71.95,Others
2023-02-16,HINDUNILVR, EQ, 16-Feb-2023,2548.45,2560.0,2561.9,2522.85,2527.8,2527.1,2533.92,1982857,50244.03,140263,1472904,74.28,Others
2023-02-17,HINDUNILVR, EQ, 17-Feb-2023,2527.1,2525.0,2546.25,2506.9,2515.0,2515.5,2517.36,1395341,35125.77,94613,931364,66.75,Others
2023-02-20,HINDUNILVR, EQ, 20-Feb-2023,2515.5,2518.0,2543.0,2508.2,2511.75,2511.45,2521.69,632091,15939.35,50793,324447,51.33,Others
2023-02-21,HINDUNILVR, EQ, 21-Feb-2023,2511.45,2528.0,2543.95,2512.3,2517.0,2516.15,2524.1,862797,21777.86,60088,497679,57.68,Others
2023-02-22,HINDUNILVR, EQ, 22-Feb-2023,2516.15,2516.15,2523.55,2482.75,2494.0,2494.05,2495.22,885515,22095.53,55437,509508,57.54,Others
2023-02-23,HINDUNILVR, EQ, 23-Feb-2023,2494.05,2492.0,2515.9,2480.1,2490.25,2490.65,2498.43,757215,18918.51,72488,436656,57.67,Others
2023-02-24,HINDUNILVR, EQ, 24-Feb-2023,2490.65,2492.2,2511.25,2471.95,2484.0,2484.2,2488.91,732783,18238.32,45615,484518,66.12,Others
2023-02-27,HINDUNILVR, EQ, 27-Feb-2023,2484.2,2487.0,2487.0,2456.0,2468.0,2468.15,2469.9,853991,21092.74,71873,544403,63.75,Others
2023-02-28,HINDUNILVR, EQ, 28-Feb-2023,2468.15,2469.75,2474.35,2435.65,2458.15,2460.65,2454.6,1780454,43702.94,77512,1177382,66.13,Others
2023-03-01,HINDUNILVR, EQ, 01-Mar-2023,2460.65,2458.0,2470.0,2448.0,2464.0,2466.25,2461.63,967339,23812.31,80990,666460,68.9,Others
2023-03-02,HINDUNILVR, EQ, 02-Mar-2023,2466.25,2466.25,2470.0,2444.0,2459.95,2455.35,2452.13,827174,20283.37,78026,506298,61.21,Others
2023-03-03,HINDUNILVR, EQ, 03-Mar-2023,2455.35,2466.0,2489.9,2455.65,2470.5,2471.0,2473.33,1176008,29086.56,68037,766898,65.21,Others
2023-03-06,HINDUNILVR, EQ, 06-Mar-2023,2471.0,2481.95,2498.85,2475.6,2486.0,2484.85,2486.99,1214503,30204.51,41492,955708,78.69,Others
2023-03-08,HINDUNILVR, EQ, 08-Mar-2023,2484.85,2487.0,2501.4,2467.2,2480.0,2485.1,2488.0,1448340,36034.65,78917,1064593,73.5,Others
2023-03-09,HINDUNILVR, EQ, 09-Mar-2023,2485.1,2484.85,2491.95,2456.9,2460.8,2461.4,2465.22,1038910,25611.46,59393,746467,71.85,Others
2023-03-10,HINDUNILVR, EQ, 10-Mar-2023,2461.4,2450.0,2470.5,2445.1,2461.65,2465.45,2461.96,772024,19006.92,68390,489893,63.46,Others
2023-03-13,HINDUNILVR, EQ, 13-Mar-2023,2465.45,2466.0,2488.5,2445.0,2454.9,2455.1,2461.28,1314549,32354.71,63432,872153,66.35,Others
2023-03-14,HINDUNILVR, EQ, 14-Mar-2023,2455.1,2462.0,2472.0,2439.75,2444.0,2442.45,2452.43,1250763,30674.04,59372,862202,68.93,Others
2023-03-15,HINDUNILVR, EQ, 15-Mar-2023,2442.45,2451.9,2459.5,2393.0,2406.95,2406.1,2411.58,1738040,41914.29,162260,1090566,62.75,Others
2023-03-16,HINDUNILVR, EQ, 16-Mar-2023,2406.1,2424.95,2469.3,2407.75,2465.0,2459.35,2448.65,1628035,39864.89,109665,938882,57.67,Others
2023-03-17,HINDUNILVR, EQ, 17-Mar-2023,2459.35,2471.65,2483.2,2439.8,2454.95,2447.4,2452.96,2127178,52178.75,94990,1532140,72.03,Others
2023-03-20,HINDUNILVR, EQ, 20-Mar-2023,2447.4,2447.4,2516.65,2425.0,2508.9,2511.2,2480.06,1561128,38716.91,100432,877531,56.21,Others
2023-03-21,HINDUNILVR, EQ, 21-Mar-2023,2511.2,2515.0,2523.25,2458.75,2464.0,2462.6,2486.91,1595161,39670.16,90098,859714,53.9,Others
2023-03-22,HINDUNILVR, EQ, 22-Mar-2023,2462.6,2472.6,2481.4,2454.4,2475.05,2476.35,2468.11,1063244,26242.03,58414,704215,66.23,Others
2023-03-23,HINDUNILVR, EQ, 23-Mar-2023,2476.35,2475.0,2500.05,2466.0,2488.0,2485.1,2485.62,1578627,39238.67,77464,1129370,71.54,Others
2023-03-24,HINDUNILVR, EQ, 24-Mar-2023,2485.1,2472.2,2497.9,2470.0,2483.0,2480.8,2483.09,1449326,35988.09,55243,1055588,72.83,Others
2023-03-27,HINDUNILVR, EQ, 27-Mar-2023,2480.8,2485.0,2505.0,2464.0,2490.8,2499.0,2491.61,1387736,34576.97,65834,1026272,73.95,Others
2023-03-28,HINDUNILVR, EQ, 28-Mar-2023,2499.0,2509.8,2513.5,2471.9,2476.0,2482.8,2491.63,1412387,35191.52,60042,1012527,71.69,Others
2023-03-29,HINDUNILVR, EQ, 29-Mar-2023,2482.8,2485.0,2539.8,2480.05,2532.15,2530.85,2513.62,2613254,65687.3,123198,1926986,73.74,Others
2023-03-31,HINDUNILVR, EQ, 31-Mar-2023,2530.85,2558.8,2568.45,2516.55,2560.0,2560.35,2548.07,2146167,54685.9,153560,1629914,75.95,Others
2023-04-03,HINDUNILVR, EQ, 03-Apr-2023,2560.35,2570.0,2570.0,2515.05,2535.0,2536.1,2531.2,918048,23237.61,92564,559784,60.98,Others
2023-04-05,HINDUNILVR, EQ, 05-Apr-2023,2536.1,2512.5,2588.55,2502.0,2584.0,2582.75,2554.88,1489612,38057.86,77776,864456,58.03,Others
2023-04-06,HINDUNILVR, EQ, 06-Apr-2023,2582.75,2575.0,2585.0,2553.0,2564.0,2565.25,2567.62,797414,20474.58,51787,416327,52.21,Others
2023-04-10,HINDUNILVR, EQ, 10-Apr-2023,2565.25,2565.25,2568.95,2525.0,2527.8,2532.15,2546.59,853322,21730.58,36659,564907,66.2,Others
2023-04-11,HINDUNILVR, EQ, 11-Apr-2023,2532.15,2540.0,2555.0,2533.0,2546.0,2547.75,2543.09,913184,23223.1,68971,608017,66.58,Others
2023-04-12,HINDUNILVR, EQ, 12-Apr-2023,2547.75,2556.0,2556.0,2518.65,2528.1,2528.95,2529.02,1109809,28067.27,92129,672829,60.63,Others
2023-04-13,HINDUNILVR, EQ, 13-Apr-2023,2528.95,2525.0,2562.35,2525.0,2535.4,2536.2,2541.3,1261711,32063.88,78639,838222,66.44,Others
2023-04-17,HINDUNILVR, EQ, 17-Apr-2023,2536.2,2573.0,2579.0,2541.4,2555.5,2551.85,2557.27,1566977,40071.83,91781,1026876,65.53,Others
2023-04-18,HINDUNILVR, EQ, 18-Apr-2023,2551.85,2560.0,2560.0,2530.0,2538.25,2541.05,2542.15,1474786,37491.3,84791,987150,66.94,Others
2023-04-19,HINDUNILVR, EQ, 19-Apr-2023,2541.05,2548.0,2548.0,2510.25,2523.5,2531.6,2525.19,1320243,33338.7,65279,858296,65.01,Others
2023-04-20,HINDUNILVR, EQ, 20-Apr-2023,2531.6,2517.8,2532.4,2480.0,2493.15,2492.6,2500.8,1401364,35045.24,72949,928695,66.27,Others
2023-04-21,HINDUNILVR, EQ, 21-Apr-2023,2492.6,2492.0,2509.5,2485.65,2499.85,2497.95,2495.33,1206288,30100.86,83359,883812,73.27,Others
2023-04-24,HINDUNILVR, EQ, 24-Apr-2023,2497.95,2502.0,2504.9,2475.1,2500.6,2499.75,2489.6,1735797,43214.39,71482,1379522,79.47,Others
2023-04-25,HINDUNILVR, EQ, 25-Apr-2023,2499.75,2490.85,2499.75,2478.05,2489.0,2490.45,2487.49,1701098,42314.72,87717,1296084,76.19,Others
2023-04-26,HINDUNILVR, EQ, 26-Apr-2023,2490.45,2490.0,2518.0,2482.2,2514.95,2510.8,2501.52,1245903,31166.47,64383,918624,73.73,Others
2023-04-27,HINDUNILVR, EQ, 27-Apr-2023,2510.8,2513.95,2522.0,2457.0,2469.0,2468.95,2475.66,2743893,67929.41,166075,1663031,60.61,Others
2023-04-28,HINDUNILVR, EQ, 28-Apr-2023,2468.95,2436.05,2467.8,2419.0,2458.0,2457.3,2437.6,3761927,91700.72,167242,2474321,65.77,Others
2023-05-02,HINDUNILVR, EQ, 02-May-2023,2457.3,2471.8,2478.0,2450.0,2450.9,2451.7,2459.83,1760370,43302.19,107548,1344124,76.35,Others
2023-05-03,HINDUNILVR, EQ, 03-May-2023,2451.7,2456.95,2490.0,2452.65,2485.2,2486.0,2478.84,1258140,31187.3,79036,688754,54.74,Others
2023-05-04,HINDUNILVR, EQ, 04-May-2023,2486.0,2486.95,2509.35,2480.15,2502.5,2506.75,2496.17,1150227,28711.61,120976,762530,66.29,Others
2023-05-05,HINDUNILVR, EQ, 05-May-2023,2506.75,2500.0,2520.0,2494.7,2501.2,2500.75,2506.34,1354871,33957.66,115127,992398,73.25,Others
2023-05-08,HINDUNILVR, EQ, 08-May-2023,2500.75,2505.75,2526.85,2497.15,2516.95,2516.3,2516.56,972810,24481.31,72102,668000,68.67,Others
2023-05-09,HINDUNILVR, EQ, 09-May-2023,2516.3,2525.0,2525.0,2500.05,2514.0,2515.8,2510.45,1651327,41455.81,83682,1272084,77.03,Others
2023-05-10,HINDUNILVR, EQ, 10-May-2023,2515.8,2521.0,2535.0,2505.85,2518.3,2522.7,2524.64,2025658,51140.65,90860,1037677,51.23,Others
2023-05-11,HINDUNILVR, EQ, 11-May-2023,2522.7,2536.95,2599.0,2523.6,2590.0,2592.4,2566.19,1749356,44891.71,106466,951581,54.4,Others
2023-05-12,HINDUNILVR, EQ, 12-May-2023,2592.4,2594.0,2640.0,2586.4,2619.05,2623.4,2621.43,2170011,56885.31,150578,1412895,65.11,Others
2023-05-15,HINDUNILVR, EQ, 15-May-2023,2623.4,2637.95,2670.75,2623.05,2659.1,2662.25,2656.23,1561055,41465.28,171332,1103359,70.68,Others
2023-05-16,HINDUNILVR, EQ, 16-May-2023,2662.25,2670.0,2678.4,2650.6,2670.1,2675.9,2667.98,1477905,39430.16,83726,1056574,71.49,Others
2023-05-17,HINDUNILVR, EQ, 17-May-2023,2675.9,2672.0,2674.0,2647.05,2659.1,2661.75,2663.18,839404,22354.86,82314,438825,52.28,Others
2023-05-18,HINDUNILVR, EQ, 18-May-2023,2661.75,2665.5,2669.2,2621.85,2627.0,2627.55,2640.55,1434067,37867.24,94635,567555,39.58,Others
2023-05-19,HINDUNILVR, EQ, 19-May-2023,2627.55,2628.65,2649.0,2600.65,2641.0,2641.45,2623.5,1174757,30819.69,85683,648039,55.16,Others
2023-05-22,HINDUNILVR, EQ, 22-May-2023,2641.45,2635.0,2655.45,2623.05,2636.0,2638.1,2640.05,768232,20281.73,44256,452110,58.85,Others
2023-05-23,HINDUNILVR, EQ, 23-May-2023,2638.1,2632.0,2649.8,2625.0,2631.85,2628.3,2635.01,703864,18546.89,95345,463237,65.81,Others
2023-05-24,HINDUNILVR, EQ, 24-May-2023,2628.3,2620.0,2638.0,2608.0,2615.35,2614.95,2620.03,628872,16476.66,62129,380184,60.45,Others
2023-05-25,HINDUNILVR, EQ, 25-May-2023,2614.95,2610.0,2626.15,2580.55,2598.05,2597.25,2595.97,1072231,27834.8,55384,651049,60.72,Others
2023-05-26,HINDUNILVR, EQ, 26-May-2023,2597.25,2603.75,2656.7,2603.1,2652.05,2652.35,2630.25,947073,24910.38,52677,630275,66.55,Others
2023-05-29,HINDUNILVR, EQ, 29-May-2023,2652.35,2670.0,2679.55,2645.05,2649.5,2650.3,2662.94,698267,18594.45,53571,439251,62.91,Others
2023-05-30,HINDUNILVR, EQ, 30-May-2023,2650.3,2655.5,2665.0,2650.85,2655.0,2656.55,2658.52,948051,25204.11,63135,677594,71.47,Others
2023-05-31,HINDUNILVR, EQ, 31-May-2023,2656.55,2656.55,2680.0,2638.0,2667.65,2667.55,2663.64,3388305,90252.15,105365,2590949,76.47,Others
2023-06-01,HINDUNILVR, EQ, 01-Jun-2023,2667.55,2667.0,2731.25,2654.5,2691.0,2697.9,2705.75,1541080,41697.84,123682,968976,62.88,Others
2023-06-02,HINDUNILVR, EQ, 02-Jun-2023,2697.9,2710.0,2738.2,2691.65,2711.05,2716.7,2722.86,1509260,41095.06,95015,1135506,75.24,Others
2023-06-05,HINDUNILVR, EQ, 05-Jun-2023,2716.7,2716.45,2722.0,2684.15,2702.0,2695.8,2695.82,1000190,26963.36,77118,731563,73.14,Others
2023-06-06,HINDUNILVR, EQ, 06-Jun-2023,2695.8,2700.0,2707.9,2670.15,2693.0,2691.15,2685.0,655372,17596.76,45982,353505,53.94,Others
2023-06-07,HINDUNILVR, EQ, 07-Jun-2023,2691.15,2690.0,2727.0,2679.35,2709.0,2716.2,2713.95,1428490,38768.47,81231,733550,51.35,Others
2023-06-08,HINDUNILVR, EQ, 08-Jun-2023,2716.2,2707.0,2721.55,2674.9,2677.65,2679.9,2690.37,923536,24846.53,71040,469246,50.81,Others
2023-06-09,HINDUNILVR, EQ, 09-Jun-2023,2679.9,2688.95,2688.95,2620.1,2639.95,2636.2,2641.03,1413808,37339.16,94529,756732,53.52,Others
2023-06-12,HINDUNILVR, EQ, 12-Jun-2023,2636.2,2645.0,2657.0,2633.0,2649.8,2643.45,2645.66,775484,20516.68,59571,402355,51.88,Others
2023-06-13,HINDUNILVR, EQ, 13-Jun-2023,2643.45,2629.6,2697.0,2627.5,2669.0,2675.9,2679.44,1787924,47906.44,100297,1157278,64.73,Others
2023-06-14,HINDUNILVR, EQ, 14-Jun-2023,2675.9,2671.0,2702.1,2652.0,2698.95,2698.75,2680.19,1536248,41174.31,133627,885965,57.67,Others
2023-06-15,HINDUNILVR, EQ, 15-Jun-2023,2698.75,2713.95,2717.5,2678.15,2688.3,2689.7,2694.57,1830192,49315.75,106076,973154,53.17,Others
2023-06-16,HINDUNILVR, EQ, 16-Jun-2023,2689.7,2689.7,2724.0,2683.2,2714.25,2715.65,2707.57,1748145,47332.28,88442,1271365,72.73,Others
2023-06-19,HINDUNILVR, EQ, 19-Jun-2023,2715.65,2702.0,2711.4,2675.0,2689.25,2683.25,2689.35,1068263,28729.33,63172,678508,63.52,Others
2023-06-20,HINDUNILVR, EQ, 20-Jun-2023,2683.25,2670.0,2680.4,2648.1,2677.35,2676.1,2667.41,1129279,30122.45,79624,767521,67.97,Others
2023-06-21,HINDUNILVR, EQ, 21-Jun-2023,2676.1,2685.95,2706.85,2668.45,2672.5,2676.6,2685.49,1201840,32275.26,86315,853537,71.02,Others
2023-06-22,HINDUNILVR, EQ, 22-Jun-2023,2676.6,2668.65,2678.0,2648.7,2655.35,2654.35,2658.11,830052,22063.7,48900,526558,63.44,Others
2023-06-23,HINDUNILVR, EQ, 23-Jun-2023,2654.35,2651.3,2660.55,2627.45,2647.0,2641.6,2639.71,991214,26165.18,69693,734329,74.08,Others
2023-06-26,HINDUNILVR, EQ, 26-Jun-2023,2641.6,2642.15,2674.2,2642.15,2653.7,2652.1,2656.21,758700,20152.68,43105,399317,52.63,Others
2023-06-27,HINDUNILVR, EQ, 27-Jun-2023,2652.1,2652.1,2661.6,2636.0,2650.0,2651.35,2648.01,687747,18211.62,41410,452275,65.76,Others
2023-06-28,HINDUNILVR, EQ, 28-Jun-2023,2651.35,2652.95,2687.6,2642.0,2669.65,2661.25,2665.9,1397573,37257.92,75563,957989,68.55,Others
2023-06-30,HINDUNILVR, EQ, 30-Jun-2023,2661.25,2665.95,2685.9,2651.35,2676.05,2678.15,2670.31,1160181,30980.46,100991,777549,67.02,Others
2023-07-03,HINDUNILVR, EQ, 03-Jul-2023,2678.15,2687.0,2705.85,2659.45,2700.2,2701.05,2680.8,980665,26289.63,77899,628997,64.14,Others
2023-07-04,HINDUNILVR, EQ, 04-Jul-2023,2701.05,2701.05,2706.7,2675.0,2701.55,2700.0,2694.55,721907,19452.12,59631,348004,48.21,Others
2023-07-05,HINDUNILVR, EQ, 05-Jul-2023,2700.0,2699.95,2759.4,2696.1,2756.95,2755.85,2739.61,1717547,47054.06,101423,1039734,60.54,Others
2023-07-06,HINDUNILVR, EQ, 06-Jul-2023,2755.85,2759.9,2765.0,2735.65,2750.0,2757.1,2752.27,1265020,34816.73,80838,848461,67.07,Others
2023-07-07,HINDUNILVR, EQ, 07-Jul-2023,2757.1,2753.1,2769.65,2691.0,2699.0,2698.1,2736.35,1178930,32259.7,89844,739470,62.72,Others
2023-07-10,HINDUNILVR, EQ, 10-Jul-2023,2698.1,2709.9,2711.35,2651.0,2657.0,2656.55,2670.21,1518183,40538.65,79270,1134324,74.72,Others
2023-07-11,HINDUNILVR, EQ, 11-Jul-2023,2656.55,2657.1,2716.75,2646.0,2685.1,2684.5,2691.65,2476367,66655.19,117440,1828338,73.83,Others
2023-07-12,HINDUNILVR, EQ, 12-Jul-2023,2684.5,2704.95,2704.95,2642.5,2668.0,2673.65,2666.33,2395826,63880.52,125342,1719730,71.78,Others
2023-07-13,HINDUNILVR, EQ, 13-Jul-2023,2673.65,2684.95,2687.45,2651.2,2658.25,2654.7,2668.72,1495067,39899.14,95377,1073167,71.78,Others
2023-07-14,HINDUNILVR, EQ, 14-Jul-2023,2654.7,2655.0,2686.5,2651.05,2678.0,2676.9,2674.0,1419016,37944.43,92718,932946,65.75,Others
2023-07-17,HINDUNILVR, EQ, 17-Jul-2023,2676.9,2670.0,2703.2,2670.0,2688.0,2681.7,2684.69,912701,24503.24,82944,572362,62.71,Others
2023-07-18,HINDUNILVR, EQ, 18-Jul-2023,2681.7,2685.55,2701.1,2677.3,2680.05,2682.8,2683.86,1215904,32633.18,81378,854327,70.26,Others
2023-07-19,HINDUNILVR, EQ, 19-Jul-2023,2682.8,2682.75,2696.9,2660.9,2671.2,2671.6,2669.01,1166542,31135.17,80927,790275,67.75,Others
2023-07-20,HINDUNILVR, EQ, 20-Jul-2023,2671.6,2669.05,2716.3,2658.2,2700.2,2703.25,2690.22,1430764,38490.63,85814,746918,52.2,Others
2023-07-21,HINDUNILVR, EQ, 21-Jul-2023,2703.25,2650.0,2676.35,2592.0,2605.9,2604.0,2629.2,5198952,136691.05,274983,3597527,69.2,Others
2023-07-24,HINDUNILVR, EQ, 24-Jul-2023,2604.0,2604.0,2605.95,2575.0,2580.0,2580.25,2587.27,1777469,45987.93,147744,1276281,71.8,Others
2023-07-25,HINDUNILVR, EQ, 25-Jul-2023,2580.25,2580.2,2586.6,2562.3,2565.0,2568.15,2570.89,1653775,42516.8,162958,1268553,76.71,Others
2023-07-26,HINDUNILVR, EQ, 26-Jul-2023,2568.15,2579.5,2598.8,2572.3,2580.4,2583.3,2588.8,1300033,33655.28,106554,1000052,76.93,Others
2023-07-27,HINDUNILVR, EQ, 27-Jul-2023,2583.3,2561.0,2583.0,2553.0,2574.8,2569.85,2567.4,2276136,58437.53,193251,1654464,72.69,Others
2023-07-28,HINDUNILVR, EQ, 28-Jul-2023,2569.85,2570.0,2593.75,2565.2,2580.0,2584.6,2579.98,966450,24934.22,74109,673692,69.71,Others
2023-07-31,HINDUNILVR, EQ, 31-Jul-2023,2584.6,2575.05,2582.9,2554.0,2559.6,2560.8,2562.03,2003252,51323.99,119095,1503939,75.07,Others
2023-08-01,HINDUNILVR, EQ, 01-Aug-2023,2560.8,2570.0,2573.8,2545.0,2555.0,2551.1,2555.03,1758897,44940.27,103864,1305000,74.19,Others
2023-08-02,HINDUNILVR, EQ, 02-Aug-2023,2551.1,2538.0,2573.45,2536.0,2572.0,2568.95,2559.89,2082908,53320.1,85845,1403778,67.4,Others
2023-08-03,HINDUNILVR, EQ, 03-Aug-2023,2568.95,2557.95,2561.05,2537.2,2552.0,2551.3,2546.35,1475310,37566.59,92243,974201,66.03,Others
2023-08-04,HINDUNILVR, EQ, 04-Aug-2023,2551.3,2551.3,2558.95,2535.05,2545.2,2546.0,2545.4,1359318,34600.09,98549,990939,72.9,Others
2023-08-07,HINDUNILVR, EQ, 07-Aug-2023,2546.0,2540.0,2574.0,2538.75,2573.8,2569.2,2561.73,803823,20591.74,59987,525232,65.34,Others
2023-08-08,HINDUNILVR, EQ, 08-Aug-2023,2569.2,2569.2,2585.2,2555.55,2562.95,2565.85,2564.84,1002061,25701.26,106132,755235,75.37,Others
2023-08-09,HINDUNILVR, EQ, 09-Aug-2023,2565.85,2565.85,2568.95,2541.0,2553.35,2552.2,2548.34,1212549,30899.84,80921,956793,78.91,Others
2023-08-10,HINDUNILVR, EQ, 10-Aug-2023,2552.2,2549.05,2551.4,2527.6,2537.0,2536.7,2535.54,1313334,33300.06,68094,969376,73.81,Others
2023-08-11,HINDUNILVR, EQ, 11-Aug-2023,2536.7,2535.0,2536.65,2499.0,2501.0,2501.8,2508.09,1472199,36924.08,109547,1056851,71.79,Others
2023-08-14,HINDUNILVR, EQ, 14-Aug-2023,2501.8,2501.8,2540.0,2488.1,2532.95,2533.1,2523.9,1060479,26765.44,94456,646610,60.97,Others
2023-08-16,HINDUNILVR, EQ, 16-Aug-2023,2533.1,2534.0,2555.05,2524.4,2550.0,2552.6,2545.53,1155882,29423.36,64919,864333,74.78,Others
2023-08-17,HINDUNILVR, EQ, 17-Aug-2023,2552.6,2552.6,2560.65,2533.0,2537.0,2543.25,2546.92,1532873,39040.99,92325,1093943,71.37,Others
2023-08-18,HINDUNILVR, EQ, 18-Aug-2023,2543.25,2532.1,2567.75,2532.1,2555.7,2554.75,2555.09,1970819,50356.21,110496,1280455,64.97,Others
2023-08-21,HINDUNILVR, EQ, 21-Aug-2023,2554.75,2554.75,2574.9,2539.05,2563.9,2562.75,2561.77,977004,25028.55,99815,603348,61.75,Others
2023-08-22,HINDUNILVR, EQ, 22-Aug-2023,2562.75,2573.6,2575.0,2553.0,2558.5,2565.8,2565.14,960025,24625.98,82836,680772,70.91,Others
2023-08-23,HINDUNILVR, EQ, 23-Aug-2023,2565.8,2575.0,2583.5,2562.5,2574.0,2574.05,2574.05,1136112,29244.13,75892,767425,67.55,Others
2023-08-24,HINDUNILVR, EQ, 24-Aug-2023,2574.05,2585.0,2591.75,2566.95,2571.65,2581.25,2581.68,1143934,29532.76,88489,757140,66.19,Others
2023-08-25,HINDUNILVR, EQ, 25-Aug-2023,2581.25,2567.0,2580.7,2551.5,2554.65,2563.55,2567.18,802955,20613.28,64723,495548,61.72,Others
2023-08-28,HINDUNILVR, EQ, 28-Aug-2023,2563.55,2565.0,2568.0,2539.0,2552.0,2555.7,2551.19,619841,15813.35,63673,355890,57.42,Others
2023-08-29,HINDUNILVR, EQ, 29-Aug-2023,2555.7,2558.9,2558.9,2522.1,2525.0,2526.15,2534.8,958564,24297.69,67698,656398,68.48,Others
2023-08-30,HINDUNILVR, EQ, 30-Aug-2023,2526.15,2526.15,2536.0,2520.0,2532.35,2531.95,2531.41,1227377,31069.89,71789,907218,73.92,Others
2023-08-31,HINDUNILVR, EQ, 31-Aug-2023,2531.95,2532.05,2539.8,2491.1,2511.05,2505.05,2509.02,3235414,81177.27,112337,2214075,68.43,Others
2023-09-01,HINDUNILVR, EQ, 01-Sep-2023,2505.05,2505.05,2514.5,2500.0,2504.6,2504.8,2506.9,813413,20391.48,74955,556039,68.36,Others
2023-09-04,HINDUNILVR, EQ, 04-Sep-2023,2504.8,2514.0,2514.0,2492.0,2501.9,2501.4,2499.24,1143301,28573.83,92582,834465,72.99,Others
2023-09-05,HINDUNILVR, EQ, 05-Sep-2023,2501.4,2510.0,2523.45,2502.1,2512.0,2507.05,2511.35,844088,21198.03,96986,570898,67.63,Others
2023-09-06,HINDUNILVR, EQ, 06-Sep-2023,2507.05,2513.45,2526.1,2507.45,2523.0,2523.5,2518.36,1094146,27554.49,81063,759339,69.4,Others
2023-09-07,HINDUNILVR, EQ, 07-Sep-2023,2523.5,2510.0,2521.85,2500.0,2509.7,2507.45,2506.02,1894798,47483.92,135196,1139123,60.12,Others
2023-09-08,HINDUNILVR, EQ, 08-Sep-2023,2507.45,2504.0,2521.05,2501.55,2513.9,2513.8,2512.94,1018234,25587.61,64406,645106,63.36,Others
2023-09-11,HINDUNILVR, EQ, 11-Sep-2023,2513.8,2513.8,2538.9,2509.05,2538.5,2536.25,2530.73,1121083,28371.61,74709,814723,72.67,Others
2023-09-12,HINDUNILVR, EQ, 12-Sep-2023,2536.25,2549.0,2549.0,2488.0,2498.0,2498.85,2501.0,3946716,98707.31,225058,3021956,76.57,Others
2023-09-13,HINDUNILVR, EQ, 13-Sep-2023,2498.85,2494.0,2509.0,2492.0,2506.65,2506.55,2502.52,1231305,30813.7,82616,911490,74.03,Others
2023-09-14,HINDUNILVR, EQ, 14-Sep-2023,2506.55,2511.0,2514.0,2493.1,2500.0,2500.8,2500.44,2081195,52039.05,176473,1039630,49.95,Others
2023-09-15,HINDUNILVR, EQ, 15-Sep-2023,2500.8,2474.8,2490.0,2466.0,2469.0,2469.7,2472.04,3750697,92718.57,216163,2919768,77.85,Others
2023-09-18,HINDUNILVR, EQ, 18-Sep-2023,2469.7,2471.35,2492.95,2462.0,2486.6,2488.65,2476.84,1499641,37143.69,68206,1074177,71.63,Others
2023-09-20,HINDUNILVR, EQ, 20-Sep-2023,2488.65,2449.65,2480.0,2445.0,2469.0,2466.85,2466.47,1795159,44277.06,105855,1423663,79.31,Others
2023-09-21,HINDUNILVR, EQ, 21-Sep-2023,2466.85,2466.0,2483.0,2442.9,2480.7,2473.35,2455.6,2223720,54605.73,143990,1423652,64.02,Others
2023-09-22,HINDUNILVR, EQ, 22-Sep-2023,2473.35,2468.0,2490.0,2458.0,2484.0,2482.45,2478.3,1176741,29163.23,120526,734415,62.41,Others
2023-09-25,HINDUNILVR, EQ, 25-Sep-2023,2482.45,2482.45,2499.7,2460.0,2479.2,2475.85,2476.49,1122778,27805.47,84774,828355,73.78,Others
2023-09-26,HINDUNILVR, EQ, 26-Sep-2023,2475.85,2474.0,2489.0,2461.25,2487.8,2478.95,2470.42,1263548,31215.0,64264,961677,76.11,Others
2023-09-27,HINDUNILVR, EQ, 27-Sep-2023,2478.95,2476.0,2504.8,2469.0,2502.05,2501.75,2493.33,1086791,27097.31,64561,735704,67.7,Others
2023-09-28,HINDUNILVR, EQ, 28-Sep-2023,2501.75,2500.0,2501.0,2453.2,2463.0,2460.35,2469.39,1612346,39815.18,95475,869366,53.92,Others
2023-09-29,HINDUNILVR, EQ, 29-Sep-2023,2460.35,2465.55,2472.8,2450.5,2469.0,2465.6,2463.67,1249567,30785.26,77257,692769,55.44,Others
2023-10-03,HINDUNILVR, EQ, 03-Oct-2023,2465.6,2490.0,2499.0,2461.8,2467.65,2468.9,2487.19,1585626,39437.48,101349,1084552,68.4,Others
2023-10-04,HINDUNILVR, EQ, 04-Oct-2023,2468.9,2467.05,2511.05,2465.15,2508.75,2507.85,2493.95,1587335,39587.33,106327,1060656,66.82,Others
2023-10-05,HINDUNILVR, EQ, 05-Oct-2023,2507.85,2518.0,2524.8,2495.35,2513.0,2519.55,2514.29,1909928,48021.04,113335,1104165,57.81,Others
2023-10-06,HINDUNILVR, EQ, 06-Oct-2023,2519.55,2519.95,2520.0,2494.0,2499.6,2499.4,2505.41,1083342,27142.13,84787,685644,63.29,Others
2023-10-09,HINDUNILVR, EQ, 09-Oct-2023,2499.4,2485.0,2516.5,2481.0,2508.0,2511.3,2509.18,1468771,36854.12,97029,1045441,71.18,Others
2023-10-10,HINDUNILVR, EQ, 10-Oct-2023,2511.3,2512.2,2520.85,2503.35,2516.4,2516.2,2514.67,1092373,27469.58,85238,847090,77.55,Others
2023-10-11,HINDUNILVR, EQ, 11-Oct-2023,2516.2,2518.35,2563.95,2516.25,2555.0,2556.4,2551.64,1697398,43311.41,105573,1056635,62.25,Others
2023-10-12,HINDUNILVR, EQ, 12-Oct-2023,2556.4,2555.0,2567.55,2539.2,2560.0,2557.0,2554.46,1625010,41510.22,90970,984521,60.59,Others
2023-10-13,HINDUNILVR, EQ, 13-Oct-2023,2557.0,2553.05,2576.7,2542.7,2566.1,2569.45,2564.81,1531977,39292.35,89010,967931,63.18,Others
2023-10-16,HINDUNILVR, EQ, 16-Oct-2023,2569.45,2560.0,2582.0,2552.6,2554.0,2558.3,2568.78,954899,24529.25,82549,661185,69.24,Others
2023-10-17,HINDUNILVR, EQ, 17-Oct-2023,2558.3,2558.3,2570.0,2546.45,2558.0,2556.15,2559.98,1253538,32090.26,75306,898747,71.7,Others
2023-10-18,HINDUNILVR, EQ, 18-Oct-2023,2556.15,2570.05,2571.25,2539.55,2550.0,2548.25,2549.42,1084689,27653.33,74213,732870,67.56,Others
2023-10-19,HINDUNILVR, EQ, 19-Oct-2023,2548.25,2525.0,2554.4,2525.0,2550.0,2548.1,2545.97,1272343,32393.49,110883,753219,59.2,Others
2023-10-20,HINDUNILVR, EQ, 20-Oct-2023,2548.1,2520.0,2543.55,2485.05,2501.0,2495.15,2497.58,3608160,90116.59,262818,2452852,67.98,Others
2023-10-23,HINDUNILVR, EQ, 23-Oct-2023,2495.15,2494.0,2509.95,2480.35,2486.0,2483.5,2492.58,922707,22999.2,104114,657115,71.22,Others
2023-10-25,HINDUNILVR, EQ, 25-Oct-2023,2483.5,2475.05,2490.0,2465.0,2481.65,2477.3,2477.69,1435836,35575.52,97031,1030593,71.78,Others
2023-10-26,HINDUNILVR, EQ, 26-Oct-2023,2477.3,2461.0,2490.0,2455.65,2470.45,2476.4,2473.12,2650560,65551.54,140735,1943446,73.32,Others
2023-10-27,HINDUNILVR, EQ, 27-Oct-2023,2476.4,2467.3,2495.0,2463.85,2478.0,2482.05,2478.02,1784812,44227.96,111935,1335534,74.83,Others
2023-10-30,HINDUNILVR, EQ, 30-Oct-2023,2482.05,2471.0,2492.0,2462.4,2478.5,2478.9,2477.2,875135,21678.82,66175,553346,63.23,Others
2023-10-31,HINDUNILVR, EQ, 31-Oct-2023,2478.9,2470.2,2492.0,2467.8,2484.0,2484.0,2482.18,920414,22846.36,90748,678731,73.74,Others
2023-11-01,HINDUNILVR, EQ, 01-Nov-2023,2484.0,2485.0,2493.95,2466.8,2474.0,2472.25,2474.22,1267131,31351.66,78882,958435,75.64,Others
2023-11-02,HINDUNILVR, EQ, 02-Nov-2023,2472.25,2475.0,2496.0,2463.3,2493.0,2486.8,2477.34,1595123,39516.64,95593,942982,59.12,Others
2023-11-03,HINDUNILVR, EQ, 03-Nov-2023,2486.8,2497.0,2512.5,2485.8,2508.55,2509.25,2503.93,1125583,28183.84,75258,772287,68.61,Others
2023-11-06,HINDUNILVR, EQ, 06-Nov-2023,2509.25,2515.0,2517.75,2491.1,2496.15,2497.4,2501.17,1338677,33482.65,98517,1060136,79.19,Others
2023-11-07,HINDUNILVR, EQ, 07-Nov-2023,2497.4,2496.0,2505.2,2485.25,2502.25,2496.45,2493.19,1473411,36734.98,104642,1136342,77.12,Others
2023-11-08,HINDUNILVR, EQ, 08-Nov-2023,2496.45,2498.0,2525.0,2497.7,2516.05,2519.35,2509.98,745022,18699.93,54457,515059,69.13,Others
2023-11-09,HINDUNILVR, EQ, 09-Nov-2023,2519.35,2520.05,2522.0,2473.05,2479.8,2476.7,2484.53,1823094,45295.39,123655,1118665,61.36,Others
2023-11-10,HINDUNILVR, EQ, 10-Nov-2023,2476.7,2477.0,2488.6,2465.35,2486.0,2486.55,2479.51,771062,19118.55,52173,543471,70.48,Others
2023-11-12,HINDUNILVR, EQ, 12-Nov-2023,2486.55,2494.05,2499.0,2486.0,2491.0,2491.55,2490.91,82500,2055.0,9505,48877,59.24,Others
2023-11-13,HINDUNILVR, EQ, 13-Nov-2023,2491.55,2477.2,2487.2,2471.0,2477.0,2478.15,2479.44,760809,18863.77,59381,566248,74.43,Others
2023-11-15,HINDUNILVR, EQ, 15-Nov-2023,2478.15,2501.9,2503.05,2476.0,2488.8,2486.4,2484.06,1457029,36193.44,82813,1095572,75.19,Others
2023-11-16,HINDUNILVR, EQ, 16-Nov-2023,2486.4,2480.2,2505.8,2475.35,2494.2,2491.2,2491.8,1420578,35397.95,101194,883240,62.17,Others
2023-11-17,HINDUNILVR, EQ, 17-Nov-2023,2491.2,2465.0,2533.5,2465.0,2527.0,2528.8,2517.28,1756043,44204.45,89296,1143126,65.1,Others
2023-11-20,HINDUNILVR, EQ, 20-Nov-2023,2528.8,2534.45,2534.5,2500.0,2506.95,2506.45,2510.48,944231,23704.7,58367,668749,70.82,Others
2023-11-21,HINDUNILVR, EQ, 21-Nov-2023,2506.45,2505.0,2517.0,2498.0,2505.9,2505.25,2506.3,1088806,27288.73,53340,827825,76.03,Others
2023-11-22,HINDUNILVR, EQ, 22-Nov-2023,2505.25,2507.75,2524.25,2504.0,2519.7,2521.9,2514.77,816610,20535.86,62273,624084,76.42,Others
2023-11-23,HINDUNILVR, EQ, 23-Nov-2023,2521.9,2506.2,2527.75,2506.2,2520.0,2519.9,2517.43,1023670,25770.22,73762,604285,59.03,Others
2023-11-24,HINDUNILVR, EQ, 24-Nov-2023,2519.9,2515.1,2519.8,2507.45,2515.45,2515.2,2514.56,735137,18485.43,49055,432568,58.84,Others
2023-11-28,HINDUNILVR, EQ, 28-Nov-2023,2515.2,2531.75,2531.75,2500.0,2502.55,2510.55,2517.23,1880641,47340.15,86811,1592725,84.69,Others
2023-11-29,HINDUNILVR, EQ, 29-Nov-2023,2510.55,2512.0,2528.65,2508.1,2525.1,2525.05,2519.77,1265214,31880.44,75937,996180,78.74,Others
2023-11-30,HINDUNILVR, EQ, 30-Nov-2023,2525.05,2516.15,2554.5,2516.15,2541.0,2545.55,2541.51,3095684,78677.21,127967,2215287,71.56,Others
2023-12-01,HINDUNILVR, EQ, 01-Dec-2023,2545.55,2547.5,2581.95,2542.0,2559.0,2563.65,2565.15,1345599,34516.63,78669,780666,58.02,Others
2023-12-04,HINDUNILVR, EQ, 04-Dec-2023,2563.65,2577.0,2608.4,2575.0,2602.0,2602.3,2595.39,2188039,56788.16,119825,1630489,74.52,Others
2023-12-05,HINDUNILVR, EQ, 05-Dec-2023,2602.3,2637.0,2637.0,2556.3,2563.0,2563.25,2582.73,3108717,80289.83,192832,2488891,80.06,Others
2023-12-06,HINDUNILVR, EQ, 06-Dec-2023,2563.25,2570.0,2583.7,2563.0,2572.0,2567.65,2572.82,1573754,40489.84,100288,1206616,76.67,Others
2023-12-07,HINDUNILVR, EQ, 07-Dec-2023,2567.65,2551.1,2559.8,2498.6,2522.15,2518.25,2515.87,3925967,98772.23,196009,2336784,59.52,Others
2023-12-08,HINDUNILVR, EQ, 08-Dec-2023,2518.25,2519.0,2533.95,2508.3,2525.3,2522.3,2520.65,1605805,40476.78,132487,1062597,66.17,Others
2023-12-11,HINDUNILVR, EQ, 11-Dec-2023,2522.3,2522.3,2529.95,2499.0,2503.7,2503.65,2504.76,2012243,50401.83,109950,1489457,74.02,Others
2023-12-12,HINDUNILVR, EQ, 12-Dec-2023,2503.65,2500.0,2518.0,2497.0,2502.0,2502.75,2504.24,1677929,42019.32,116074,1234027,73.54,Others
2023-12-13,HINDUNILVR, EQ, 13-Dec-2023,2502.75,2507.85,2516.7,2498.05,2515.7,2511.9,2507.48,1513205,37943.37,87891,1123351,74.24,Others
2023-12-14,HINDUNILVR, EQ, 14-Dec-2023,2511.9,2521.35,2524.8,2501.2,2518.95,2516.35,2511.51,2166569,54413.57,155414,1526116,70.44,Others
2023-12-15,HINDUNILVR, EQ, 15-Dec-2023,2516.35,2520.0,2532.0,2507.0,2529.95,2522.9,2516.53,2543337,64003.81,120790,1837287,72.24,Others
2023-12-18,HINDUNILVR, EQ, 18-Dec-2023,2522.9,2520.15,2544.5,2515.0,2541.0,2535.5,2535.79,1969036,49930.52,78786,1438428,73.05,Others
2023-12-19,HINDUNILVR, EQ, 19-Dec-2023,2535.5,2535.05,2566.95,2535.0,2560.0,2560.7,2556.88,1656220,42347.63,106776,1126538,68.02,Others
2023-12-20,HINDUNILVR, EQ, 20-Dec-2023,2560.7,2572.95,2572.95,2547.0,2554.0,2557.5,2558.72,1468642,37578.5,110114,1004793,68.42,Others
2023-12-21,HINDUNILVR, EQ, 21-Dec-2023,2557.5,2542.25,2580.0,2536.0,2553.0,2553.2,2560.42,1945695,49818.05,127998,1181539,60.73,Others
2023-12-22,HINDUNILVR, EQ, 22-Dec-2023,2553.2,2559.2,2579.75,2546.8,2576.0,2575.6,2568.92,1174984,30184.45,98784,646506,55.02,Others
2023-12-26,HINDUNILVR, EQ, 26-Dec-2023,2575.6,2575.6,2591.65,2567.05,2590.0,2584.75,2580.02,893776,23059.56,65199,628737,70.35,Others
2023-12-27,HINDUNILVR, EQ, 27-Dec-2023,2584.75,2586.0,2612.0,2580.9,2610.0,2608.3,2597.27,1073278,27875.91,79452,696513,64.9,Others
2023-12-28,HINDUNILVR, EQ, 28-Dec-2023,2608.3,2613.85,2640.0,2606.85,2632.0,2633.8,2625.73,1635216,42936.39,102313,1067280,65.27,Others
2023-12-29,HINDUNILVR, EQ, 29-Dec-2023,2633.8,2633.8,2667.1,2621.25,2659.7,2663.95,2654.72,1305681,34662.13,89931,729788,55.89,Others
2024-01-01,HINDUNILVR, EQ, 01-Jan-2024,2663.95,2663.85,2669.4,2638.0,2648.55,2654.75,2649.64,526353,13946.47,71998,283398,53.84,Others
2024-01-02,HINDUNILVR, EQ, 02-Jan-2024,2654.75,2648.0,2653.95,2607.0,2614.95,2613.8,2620.25,1310629,34341.79,128352,801607,61.16,Others
2024-01-03,HINDUNILVR, EQ, 03-Jan-2024,2613.8,2599.0,2628.6,2595.55,2606.05,2606.55,2611.68,1008270,26332.78,89829,655789,65.04,Others
2024-01-04,HINDUNILVR, EQ, 04-Jan-2024,2606.55,2606.55,2623.0,2588.05,2592.0,2592.55,2603.3,1376844,35843.44,74529,905305,65.75,Others
2024-01-05,HINDUNILVR, EQ, 05-Jan-2024,2592.55,2595.0,2629.9,2595.0,2620.0,2620.05,2617.84,1150738,30124.44,93990,721797,62.72,Others
2024-01-08,HINDUNILVR, EQ, 08-Jan-2024,2620.05,2624.95,2626.0,2566.5,2579.8,2578.25,2579.15,1189828,30687.48,88372,797495,67.03,Others
2024-01-09,HINDUNILVR, EQ, 09-Jan-2024,2578.25,2582.55,2589.0,2571.55,2580.2,2579.75,2581.97,1017205,26263.96,82257,776132,76.3,Others
2024-01-10,HINDUNILVR, EQ, 10-Jan-2024,2579.75,2580.0,2594.3,2565.0,2575.1,2577.4,2574.77,881278,22690.92,57474,592772,67.26,Others
2024-01-11,HINDUNILVR, EQ, 11-Jan-2024,2577.4,2580.0,2589.0,2531.85,2536.55,2536.2,2556.72,2399600,61350.98,106700,1821905,75.93,Others
2024-01-12,HINDUNILVR, EQ, 12-Jan-2024,2536.2,2533.5,2555.0,2511.85,2539.45,2544.0,2533.1,2979841,75482.32,152673,2105092,70.64,Others
2024-01-15,HINDUNILVR, EQ, 15-Jan-2024,2544.0,2546.0,2578.75,2531.0,2575.0,2573.2,2556.75,1391204,35569.56,92654,1011093,72.68,Others
2024-01-16,HINDUNILVR, EQ, 16-Jan-2024,2573.2,2573.2,2584.6,2556.35,2569.35,2569.1,2575.05,1599406,41185.46,83615,1255312,78.49,Others
2024-01-17,HINDUNILVR, EQ, 17-Jan-2024,2569.1,2549.0,2571.35,2539.75,2560.0,2562.9,2551.45,3047652,77759.45,123706,2514107,82.49,Others
2024-01-18,HINDUNILVR, EQ, 18-Jan-2024,2562.9,2570.0,2570.0,2537.55,2546.1,2548.0,2549.61,1273095,32458.96,120632,852548,66.97,Others
2024-01-19,HINDUNILVR, EQ, 19-Jan-2024,2548.0,2565.0,2573.95,2532.0,2567.8,2565.4,2554.87,1323064,33802.5,84910,812915,61.44,Others
2024-01-20,HINDUNILVR, EQ, 20-Jan-2024,2565.4,2519.95,2523.0,2466.1,2470.0,2468.9,2485.54,2467648,61334.49,173251,1519832,61.59,Others
2024-01-23,HINDUNILVR, EQ, 23-Jan-2024,2468.9,2451.0,2480.5,2365.45,2373.5,2375.55,2403.1,4369332,104999.55,305488,3346157,76.58,Others
2024-01-24,HINDUNILVR, EQ, 24-Jan-2024,2375.55,2388.0,2445.9,2367.15,2445.0,2441.65,2419.24,1551469,37533.8,138529,974841,62.83,Others
2024-01-25,HINDUNILVR, EQ, 25-Jan-2024,2441.65,2454.8,2468.0,2420.2,2440.0,2428.3,2444.75,2364765,57812.6,147190,1474317,62.35,Others
2024-01-29,HINDUNILVR, EQ, 29-Jan-2024,2428.3,2410.0,2449.0,2410.0,2440.0,2444.4,2438.06,1587091,38694.3,143815,1186909,74.79,Others
2024-01-30,HINDUNILVR, EQ, 30-Jan-2024,2444.4,2454.0,2494.55,2447.3,2454.9,2458.65,2477.15,1793711,44432.91,85849,1111572,61.97,Others
2024-01-31,HINDUNILVR, EQ, 31-Jan-2024,2458.65,2450.0,2485.9,2441.75,2475.0,2481.55,2467.19,1445004,35651.04,109960,1026161,71.01,Others
2024-02-01,HINDUNILVR, EQ, 01-Feb-2024,2481.55,2475.1,2511.55,2468.35,2471.6,2473.6,2487.83,1727534,42978.13,116546,882142,51.06,Others
2024-02-02,HINDUNILVR, EQ, 02-Feb-2024,2473.6,2477.0,2486.9,2442.0,2452.0,2452.6,2463.32,1956115,48185.34,118738,1154442,59.02,Others
2024-02-05,HINDUNILVR, EQ, 05-Feb-2024,2452.6,2464.0,2464.75,2412.75,2421.65,2419.5,2435.52,1315445,32037.97,99141,940761,71.52,Others
2024-02-06,HINDUNILVR, EQ, 06-Feb-2024,2419.5,2424.95,2441.35,2418.05,2429.0,2426.35,2426.07,1557511,37786.37,103256,1302159,83.61,Others
2024-02-07,HINDUNILVR, EQ, 07-Feb-2024,2426.35,2439.9,2439.9,2411.55,2427.85,2425.45,2424.03,1149076,27853.92,88372,858502,74.71,Others
2024-02-08,HINDUNILVR, EQ, 08-Feb-2024,2425.45,2441.8,2441.8,2399.0,2414.0,2417.05,2409.7,1758661,42378.47,131018,992128,56.41,Others
2024-02-09,HINDUNILVR, EQ, 09-Feb-2024,2417.05,2417.05,2428.45,2406.1,2425.0,2424.15,2423.02,886474,21479.47,86721,452042,50.99,Others
2024-02-12,HINDUNILVR, EQ, 12-Feb-2024,2424.15,2424.1,2429.85,2382.0,2386.6,2385.65,2395.71,1292460,30963.59,88696,1001168,77.46,Others
2024-02-13,HINDUNILVR, EQ, 13-Feb-2024,2385.65,2390.0,2400.95,2380.1,2390.05,2394.0,2393.64,957865,22927.84,92342,720600,75.23,Others
2024-02-14,HINDUNILVR, EQ, 14-Feb-2024,2394.0,2385.0,2394.0,2370.0,2389.3,2387.95,2379.0,1397975,33257.83,103781,1027373,73.49,Others
2024-02-15,HINDUNILVR, EQ, 15-Feb-2024,2387.95,2368.35,2384.7,2346.75,2357.0,2350.85,2361.72,2553695,60311.13,164685,1785709,69.93,Others
2024-02-16,HINDUNILVR, EQ, 16-Feb-2024,2350.85,2369.95,2382.0,2357.6,2381.0,2375.25,2365.69,2363302,55908.31,85689,1830305,77.45,Others
2024-02-19,HINDUNILVR, EQ, 19-Feb-2024,2375.25,2389.5,2394.95,2373.8,2388.5,2387.15,2386.82,576683,13764.36,58634,328289,56.93,Others
2024-02-20,HINDUNILVR, EQ, 20-Feb-2024,2387.15,2370.1,2408.45,2368.2,2406.9,2404.1,2388.27,1032995,24670.74,92611,717799,69.49,Others
2024-02-21,HINDUNILVR, EQ, 21-Feb-2024,2404.1,2404.1,2422.8,2394.1,2404.0,2407.1,2409.9,1127778,27178.32,88657,739982,65.61,Others
2024-02-22,HINDUNILVR, EQ, 22-Feb-2024,2407.1,2420.3,2420.3,2365.75,2389.0,2388.1,2381.29,2258516,53781.72,152958,1352060,59.86,Others
2024-02-23,HINDUNILVR, EQ, 23-Feb-2024,2388.1,2388.55,2405.5,2383.95,2405.0,2394.1,2394.37,1210775,28990.47,90162,822725,67.95,Others
2024-02-26,HINDUNILVR, EQ, 26-Feb-2024,2394.1,2391.1,2406.55,2380.0,2401.95,2404.25,2391.05,831596,19883.87,64243,597265,71.82,Others
2024-02-27,HINDUNILVR, EQ, 27-Feb-2024,2404.25,2404.05,2408.95,2389.15,2407.45,2405.3,2399.79,1120424,26887.79,84744,748241,66.78,Others
2024-02-28,HINDUNILVR, EQ, 28-Feb-2024,2405.3,2411.1,2425.0,2401.0,2423.85,2421.55,2414.76,629152,15192.51,62416,303325,48.21,Others
2024-02-29,HINDUNILVR, EQ, 29-Feb-2024,2421.55,2425.0,2428.8,2397.25,2404.95,2412.3,2411.85,2848084,68691.38,127923,1817918,63.83,Others
2024-03-01,HINDUNILVR, EQ, 01-Mar-2024,2412.3,2416.95,2438.8,2404.0,2410.0,2409.7,2421.59,2326244,56332.17,108474,1607672,69.11,Others
2024-03-02,HINDUNILVR, EQ, 02-Mar-2024,2409.7,2419.0,2421.4,2410.05,2414.05,2416.2,2416.97,42905,1037.0,3367,25141,58.6,Others
2024-03-04,HINDUNILVR, EQ, 04-Mar-2024,2416.2,2416.2,2427.9,2404.4,2421.0,2422.0,2420.14,1501261,36332.67,91098,1149604,76.58,Others
2024-03-05,HINDUNILVR, EQ, 05-Mar-2024,2422.0,2405.0,2420.0,2391.1,2401.9,2399.85,2401.8,1587199,38121.37,105691,1179774,74.33,Others
2024-03-06,HINDUNILVR, EQ, 06-Mar-2024,2399.85,2404.0,2408.85,2375.3,2400.0,2400.8,2391.9,1354111,32389.04,102671,971797,71.77,Others
2024-03-07,HINDUNILVR, EQ, 07-Mar-2024,2400.8,2404.95,2426.0,2403.0,2415.0,2419.55,2419.36,1820704,44049.35,107260,1268529,69.67,Others
2024-03-11,HINDUNILVR, EQ, 11-Mar-2024,2419.55,2409.0,2413.0,2383.55,2388.0,2389.85,2399.29,2040761,48963.78,100222,1625341,79.64,Others
2024-03-12,HINDUNILVR, EQ, 12-Mar-2024,2389.85,2380.0,2385.0,2360.8,2379.9,2378.15,2373.42,1012157,24022.76,109757,646889,63.91,Others
2024-03-13,HINDUNILVR, EQ, 13-Mar-2024,2378.15,2375.0,2375.0,2303.85,2319.0,2312.6,2334.72,2322669,54227.85,154012,1644093,70.78,Others
2024-03-14,HINDUNILVR, EQ, 14-Mar-2024,2312.6,2304.85,2341.7,2301.85,2335.05,2334.6,2331.4,2292515,53447.72,134577,1571731,68.56,Others
2024-03-15,HINDUNILVR, EQ, 15-Mar-2024,2334.6,2330.05,2336.95,2315.9,2327.7,2327.7,2325.3,2751403,63978.26,120477,2100807,76.35,Others
2024-03-18,HINDUNILVR, EQ, 18-Mar-2024,2327.7,2320.8,2325.0,2297.0,2299.8,2299.95,2306.41,2487402,57369.68,139775,1985682,79.83,Others
2024-03-19,HINDUNILVR, EQ, 19-Mar-2024,2299.95,2283.25,2303.9,2246.85,2271.7,2266.95,2267.25,4220638,95692.57,180605,3277529,77.65,Others
2024-03-20,HINDUNILVR, EQ, 20-Mar-2024,2266.95,2250.0,2265.45,2240.0,2243.25,2241.95,2250.11,2995013,67391.12,139371,2257261,75.37,Others
2024-03-21,HINDUNILVR, EQ, 21-Mar-2024,2241.95,2234.0,2259.15,2234.0,2248.0,2242.35,2245.06,3504486,78677.86,142694,2481680,70.81,Others
2024-03-22,HINDUNILVR, EQ, 22-Mar-2024,2242.35,2239.05,2266.0,2232.05,2262.0,2256.55,2251.9,3507809,78992.22,168887,2380431,67.86,Others
2024-03-26,HINDUNILVR, EQ, 26-Mar-2024,2256.55,2232.1,2259.15,2232.0,2245.0,2240.0,2243.33,3027027,67906.15,151344,2405754,79.48,Others
2024-03-27,HINDUNILVR, EQ, 27-Mar-2024,2240.0,2250.0,2263.0,2236.0,2240.0,2239.7,2245.54,2168861,48702.63,113962,1652151,76.18,Others
2024-03-28,HINDUNILVR, EQ, 28-Mar-2024,2239.7,2245.0,2287.9,2240.1,2262.0,2264.35,2266.14,3186360,72207.53,144465,1774008,55.68,Others
2024-04-01,HINDUNILVR, EQ, 01-Apr-2024,2264.35,2270.0,2295.0,2262.0,2289.0,2285.9,2283.87,1427873,32610.69,80213,967331,67.75,Others
2024-04-02,HINDUNILVR, EQ, 02-Apr-2024,2285.9,2298.0,2298.0,2277.05,2287.2,2286.7,2285.19,1221495,27913.47,55168,803241,65.76,Others
2024-04-03,HINDUNILVR, EQ, 03-Apr-2024,2286.7,2281.85,2281.85,2261.05,2266.0,2265.2,2269.28,1175309,26671.01,92163,800532,68.11,Others
2024-04-04,HINDUNILVR, EQ, 04-Apr-2024,2265.2,2270.0,2282.0,2249.25,2267.85,2264.95,2266.57,1890255,42843.99,134117,672923,35.6,Others
2024-04-05,HINDUNILVR, EQ, 05-Apr-2024,2264.95,2264.95,2280.5,2258.1,2266.5,2266.95,2270.4,1153449,26187.88,68785,739002,64.07,Others
2024-04-08,HINDUNILVR, EQ, 08-Apr-2024,2266.95,2277.0,2288.95,2267.2,2270.0,2268.95,2275.02,1127294,25646.2,62832,795436,70.56,Others
2024-04-09,HINDUNILVR, EQ, 09-Apr-2024,2268.95,2271.0,2274.6,2255.75,2266.15,2264.15,2265.44,1189343,26943.87,60721,915070,76.94,Others
2024-04-10,HINDUNILVR, EQ, 10-Apr-2024,2264.15,2276.9,2276.9,2257.7,2260.5,2260.9,2262.19,2308993,52233.82,86140,1763067,76.36,Others
2024-04-12,HINDUNILVR, EQ, 12-Apr-2024,2260.9,2260.9,2264.85,2228.6,2234.0,2232.3,2241.83,3388551,75965.47,196543,2381464,70.28,Others
2024-04-15,HINDUNILVR, EQ, 15-Apr-2024,2232.3,2227.7,2227.75,2190.0,2194.7,2194.05,2195.75,4909564,107801.51,229794,3965183,80.76,Others
2024-04-16,HINDUNILVR, EQ, 16-Apr-2024,2194.05,2183.0,2231.25,2172.05,2230.2,2220.8,2202.19,2821129,62126.6,141840,1975661,70.03,Others
2024-04-18,HINDUNILVR, EQ, 18-Apr-2024,2220.8,2215.05,2237.7,2209.05,2216.95,2214.8,2224.07,3392171,75444.39,179756,1911062,56.34,Others
2024-04-19,HINDUNILVR, EQ, 19-Apr-2024,2214.8,2220.0,2243.75,2196.0,2230.0,2231.6,2226.92,2337694,52058.48,141017,1377531,58.93,Others
2024-04-22,HINDUNILVR, EQ, 22-Apr-2024,2231.6,2250.0,2253.55,2229.05,2245.95,2241.5,2240.73,1804108,40425.18,91984,1402425,77.74,Others
2024-04-23,HINDUNILVR, EQ, 23-Apr-2024,2241.5,2253.0,2273.5,2248.7,2263.0,2262.75,2262.24,1991778,45058.82,85090,1418462,71.22,Others
2024-04-24,HINDUNILVR, EQ, 24-Apr-2024,2262.75,2266.05,2268.35,2245.65,2260.05,2260.25,2255.99,1404398,31683.1,76421,899744,64.07,Others
2024-04-25,HINDUNILVR, EQ, 25-Apr-2024,2260.25,2238.05,2239.85,2215.1,2234.6,2230.85,2227.88,4951866,110321.8,248047,3121895,63.04,Others
2024-04-26,HINDUNILVR, EQ, 26-Apr-2024,2230.85,2245.0,2255.0,2218.6,2225.0,2222.65,2236.18,2307512,51600.12,120638,1469967,63.7,Others
2024-04-29,HINDUNILVR, EQ, 29-Apr-2024,2222.65,2234.0,2234.0,2220.0,2227.7,2226.1,2225.93,1395292,31058.26,84717,1083306,77.64,Others
2024-04-30,HINDUNILVR, EQ, 30-Apr-2024,2226.1,2232.05,2240.25,2225.0,2233.8,2230.45,2233.01,2119102,47319.86,119896,1757221,82.92,Others
2024-05-02,HINDUNILVR, EQ, 02-May-2024,2230.45,2205.05,2243.2,2205.05,2228.0,2226.3,2232.05,2140383,47774.46,142813,970988,45.37,Others
2024-05-03,HINDUNILVR, EQ, 03-May-2024,2226.3,2232.0,2235.65,2204.0,2213.95,2217.05,2214.9,2595307,57483.38,163501,1566032,60.34,Others
2024-05-06,HINDUNILVR, EQ, 06-May-2024,2217.05,2225.0,2261.5,2212.0,2257.0,2256.2,2239.72,1619256,36266.75,86220,1087912,67.19,Others
2024-05-07,HINDUNILVR, EQ, 07-May-2024,2256.2,2266.0,2389.6,2259.0,2373.55,2379.4,2356.67,8277810,195080.92,302416,4222785,51.01,Others
2024-05-08,HINDUNILVR, EQ, 08-May-2024,2379.4,2366.4,2372.25,2325.0,2345.0,2341.05,2340.63,1813439,42445.98,105156,1061984,58.56,Others
2024-05-09,HINDUNILVR, EQ, 09-May-2024,2341.05,2340.6,2362.1,2319.45,2321.0,2325.65,2332.54,1558987,36364.02,172871,801347,51.4,Others
2024-05-10,HINDUNILVR, EQ, 10-May-2024,2325.65,2321.0,2371.0,2321.0,2365.5,2362.55,2352.04,2610266,61394.55,105797,1485233,56.9,Others
2024-05-13,HINDUNILVR, EQ, 13-May-2024,2362.55,2374.0,2381.65,2347.9,2357.0,2360.65,2360.09,1170617,27627.58,81557,654220,55.89,Others
2024-05-14,HINDUNILVR, EQ, 14-May-2024,2360.65,2360.6,2372.3,2346.75,2351.0,2349.6,2357.85,689430,16255.7,51943,431808,62.63,Others
2024-05-15,HINDUNILVR, EQ, 15-May-2024,2349.6,2349.55,2355.8,2317.65,2327.8,2323.3,2330.14,812282,18927.29,70654,492421,60.62,Others
2024-05-16,HINDUNILVR, EQ, 16-May-2024,2323.3,2337.0,2348.1,2301.35,2338.55,2343.15,2323.93,1880021,43690.42,123209,803899,42.76,Others
2024-05-17,HINDUNILVR, EQ, 17-May-2024,2343.15,2351.9,2351.9,2315.1,2320.95,2320.35,2326.56,1264582,29421.28,70454,714064,56.47,Others
2024-05-18,HINDUNILVR, EQ, 18-May-2024,2320.35,2325.0,2332.9,2321.1,2330.7,2327.15,2327.16,73806,1717.58,5249,35816,48.53,Others
2024-05-21,HINDUNILVR, EQ, 21-May-2024,2327.15,2307.0,2324.8,2301.75,2310.25,2310.7,2309.89,1663959,38435.58,92542,1264069,75.97,Others
2024-05-22,HINDUNILVR, EQ, 22-May-2024,2310.7,2311.0,2374.0,2310.7,2366.0,2366.9,2360.03,1914851,45191.09,148649,1031872,53.89,Others
2024-05-23,HINDUNILVR, EQ, 23-May-2024,2366.9,2366.9,2386.8,2355.0,2378.5,2382.5,2373.95,1614718,38332.52,134243,786264,48.69,Others
2024-05-24,HINDUNILVR, EQ, 24-May-2024,2382.5,2378.5,2383.25,2364.7,2366.75,2369.05,2372.74,974100,23112.83,116452,565502,58.05,Others
2024-05-27,HINDUNILVR, EQ, 27-May-2024,2369.05,2369.05,2399.95,2362.5,2380.7,2384.5,2386.67,1116934,26657.5,89375,680386,60.92,Others
2024-05-28,HINDUNILVR, EQ, 28-May-2024,2384.5,2390.0,2409.0,2378.55,2395.0,2395.95,2398.06,1631747,39130.24,101061,1029274,63.08,Others
2024-05-29,HINDUNILVR, EQ, 29-May-2024,2395.95,2381.2,2395.0,2369.4,2371.0,2373.4,2376.74,1592495,37849.39,82697,1166525,73.25,Others
2024-05-30,HINDUNILVR, EQ, 30-May-2024,2373.4,2368.0,2372.45,2334.05,2355.3,2351.4,2352.89,1837380,43231.47,110695,1030218,56.07,Others
2024-05-31,HINDUNILVR, EQ, 31-May-2024,2351.4,2353.0,2377.45,2317.6,2333.85,2329.05,2335.32,5529186,129123.93,199320,2673568,48.35,Others
2024-06-03,HINDUNILVR, EQ, 03-Jun-2024,2329.05,2381.0,2387.45,2344.3,2355.55,2355.9,2361.95,1207445,28519.27,91253,724339,59.99,Others
2024-06-04,HINDUNILVR, EQ, 04-Jun-2024,2355.9,2374.0,2510.05,2342.1,2492.15,2496.3,2453.41,7826048,192005.24,422761,4056948,51.84,Others
2024-06-05,HINDUNILVR, EQ, 05-Jun-2024,2496.3,2533.55,2723.95,2525.0,2603.4,2602.75,2655.11,11061076,293683.68,564948,6617341,59.83,Others
2024-06-06,HINDUNILVR, EQ, 06-Jun-2024,2602.75,2600.0,2600.0,2518.0,2555.0,2549.6,2543.59,4102547,104351.94,289383,1798070,43.83,Others
2024-06-07,HINDUNILVR, EQ, 07-Jun-2024,2549.6,2555.3,2596.5,2525.0,2573.95,2577.8,2565.21,3974253,101948.1,201226,1925205,48.44,Others
2024-06-10,HINDUNILVR, EQ, 10-Jun-2024,2577.8,2579.0,2593.65,2546.0,2565.0,2565.35,2566.68,1449122,37194.3,92543,861550,59.45,Others
2024-06-11,HINDUNILVR, EQ, 11-Jun-2024,2565.35,2566.0,2576.7,2551.3,2554.85,2556.35,2564.33,1402423,35962.81,104194,986022,70.31,Others
2024-06-12,HINDUNILVR, EQ, 12-Jun-2024,2556.35,2568.0,2568.0,2517.0,2531.5,2528.7,2532.13,1754677,44430.78,103076,1065157,60.7,Others
2024-06-13,HINDUNILVR, EQ, 13-Jun-2024,2528.7,2487.95,2505.8,2446.45,2489.0,2487.4,2491.54,3123098,77813.35,199804,1790530,57.33,Others
2024-06-14,HINDUNILVR, EQ, 14-Jun-2024,2487.4,2473.0,2510.4,2470.4,2480.0,2479.75,2485.01,1729552,42979.53,130423,932757,53.93,Others
2024-06-18,HINDUNILVR, EQ, 18-Jun-2024,2479.75,2479.9,2498.0,2473.15,2486.0,2486.25,2486.26,1820933,45273.14,68569,1321466,72.57,Others
2024-06-19,HINDUNILVR, EQ, 19-Jun-2024,2486.25,2495.0,2495.0,2451.5,2456.0,2457.0,2472.44,986976,24402.43,59153,616054,62.42,Others
2024-06-20,HINDUNILVR, EQ, 20-Jun-2024,2457.0,2457.0,2490.0,2446.65,2481.0,2482.2,2476.95,2163310,53584.17,139626,1086433,50.22,Others
2024-06-21,HINDUNILVR, EQ, 21-Jun-2024,2482.2,2475.0,2478.0,2426.55,2443.5,2441.3,2442.98,3646215,89076.37,211442,1910151,52.39,Others
2024-06-24,HINDUNILVR, EQ, 24-Jun-2024,2441.3,2435.0,2467.85,2427.05,2443.0,2442.2,2444.74,1945519,47562.93,80997,1229782,63.21,Others
2024-06-25,HINDUNILVR, EQ, 25-Jun-2024,2442.2,2439.35,2446.7,2427.9,2434.95,2432.2,2435.04,833789,20303.09,62530,550233,65.99,Others
2024-06-26,HINDUNILVR, EQ, 26-Jun-2024,2432.2,2437.0,2467.0,2432.4,2449.95,2445.6,2450.71,1738656,42609.44,100759,1152295,66.28,Others
2024-06-27,HINDUNILVR, EQ, 27-Jun-2024,2445.6,2449.95,2483.2,2436.0,2464.0,2462.15,2465.54,3402726,83895.45,187578,1597498,46.95,Others
2024-06-28,HINDUNILVR, EQ, 28-Jun-2024,2462.15,2463.0,2490.5,2462.85,2467.15,2473.05,2478.45,2129791,52785.79,129175,1245407,58.48,Others
2024-07-01,HINDUNILVR, EQ, 01-Jul-2024,2473.05,2461.05,2523.0,2450.1,2508.0,2505.1,2502.46,3312865,82903.24,156721,2163350,65.3,Others
2024-07-02,HINDUNILVR, EQ, 02-Jul-2024,2505.1,2515.0,2515.0,2479.35,2486.65,2485.15,2489.34,1305210,32491.14,69520,884818,67.79,Others
2024-07-03,HINDUNILVR, EQ, 03-Jul-2024,2485.15,2486.65,2519.85,2474.3,2515.0,2510.35,2495.0,1406405,35089.83,92326,812287,57.76,Others
2024-07-04,HINDUNILVR, EQ, 04-Jul-2024,2510.35,2515.05,2536.85,2492.9,2497.9,2495.95,2506.39,1977010,49551.52,80239,1078381,54.55,Others
2024-07-05,HINDUNILVR, EQ, 05-Jul-2024,2495.95,2495.95,2554.0,2495.95,2545.1,2547.0,2530.65,1754286,44394.89,139811,978663,55.79,Others
2024-07-08,HINDUNILVR, EQ, 08-Jul-2024,2547.0,2560.0,2595.0,2536.25,2581.0,2587.15,2578.14,2818809,72672.9,137791,1512804,53.67,Others
2024-07-09,HINDUNILVR, EQ, 09-Jul-2024,2587.15,2587.15,2614.0,2568.0,2590.0,2590.15,2596.76,1479529,38419.75,81546,837528,56.61,Others
2024-07-10,HINDUNILVR, EQ, 10-Jul-2024,2590.15,2581.0,2626.0,2573.0,2603.0,2610.45,2602.4,1764036,45907.18,94054,921710,52.25,Others
2024-07-11,HINDUNILVR, EQ, 11-Jul-2024,2610.45,2617.0,2617.05,2590.05,2610.0,2608.85,2609.44,1432671,37384.74,108072,814563,56.86,Others
2024-07-12,HINDUNILVR, EQ, 12-Jul-2024,2608.85,2601.0,2639.5,2601.0,2624.55,2622.25,2624.44,1912642,50196.2,111544,1173085,61.33,Others
2024-07-15,HINDUNILVR, EQ, 15-Jul-2024,2622.25,2628.0,2629.25,2613.65,2619.0,2620.3,2621.19,920101,24117.59,61618,620636,67.45,Others
2024-07-16,HINDUNILVR, EQ, 16-Jul-2024,2620.3,2625.95,2725.0,2624.55,2684.2,2688.45,2683.77,3298003,88510.93,184614,1654565,50.17,Others
2024-07-18,HINDUNILVR, EQ, 18-Jul-2024,2688.45,2700.0,2751.2,2655.0,2730.3,2738.4,2720.04,5569762,151499.49,213269,3498161,62.81,Others
2024-07-19,HINDUNILVR, EQ, 19-Jul-2024,2738.4,2739.0,2743.0,2715.95,2729.0,2727.0,2728.72,1668862,45538.58,136248,1041022,62.38,Others
2024-07-22,HINDUNILVR, EQ, 22-Jul-2024,2727.0,2705.7,2749.95,2705.65,2732.6,2735.3,2733.26,1911629,52249.86,76918,1238089,64.77,Others
2024-07-23,HINDUNILVR, EQ, 23-Jul-2024,2735.3,2746.0,2811.3,2732.0,2766.0,2766.35,2773.68,3906259,108347.15,180618,2076974,53.17,Others
2024-07-24,HINDUNILVR, EQ, 24-Jul-2024,2766.35,2748.0,2757.45,2675.1,2720.95,2717.05,2715.39,3611927,98077.92,228361,2001357,55.41,Others
2024-07-25,HINDUNILVR, EQ, 25-Jul-2024,2717.05,2717.05,2724.85,2670.0,2710.4,2707.2,2700.53,2166670,58511.55,139646,1095480,50.56,Others
2024-07-26,HINDUNILVR, EQ, 26-Jul-2024,2707.2,2724.0,2727.0,2687.25,2710.0,2711.05,2707.53,2135309,57814.12,108530,1303827,61.06,Others
2024-07-29,HINDUNILVR, EQ, 29-Jul-2024,2711.05,2711.2,2720.0,2692.8,2715.6,2711.6,2705.55,957011,25892.42,58900,618822,64.66,Others
2024-07-30,HINDUNILVR, EQ, 30-Jul-2024,2711.6,2715.6,2754.35,2685.4,2691.4,2691.4,2719.02,1560399,42427.58,88086,828413,53.09,Others
2024-07-31,HINDUNILVR, EQ, 31-Jul-2024,2691.4,2705.0,2709.65,2675.05,2707.0,2705.65,2696.21,1751085,47213.0,97411,1284076,73.33,Others
2024-08-01,HINDUNILVR, EQ, 01-Aug-2024,2705.65,2714.0,2724.95,2695.2,2717.7,2715.55,2709.46,1886392,51111.11,94476,1111525,58.92,Others
2024-08-02,HINDUNILVR, EQ, 02-Aug-2024,2715.55,2712.0,2759.5,2681.15,2696.0,2692.55,2712.68,1738872,47170.01,114139,685237,39.41,Others
2024-08-05,HINDUNILVR, EQ, 05-Aug-2024,2692.55,2675.95,2742.0,2666.2,2720.0,2715.9,2717.8,3118731,84760.94,172541,1637562,52.51,Others
2024-08-06,HINDUNILVR, EQ, 06-Aug-2024,2715.9,2720.1,2771.75,2708.65,2757.6,2750.05,2751.81,2296031,63182.39,129458,1489954,64.89,Others
2024-08-07,HINDUNILVR, EQ, 07-Aug-2024,2750.05,2781.7,2781.85,2735.5,2742.95,2744.05,2758.49,1713875,47277.0,108113,1198645,69.94,Others
2024-08-08,HINDUNILVR, EQ, 08-Aug-2024,2744.05,2754.0,2759.25,2720.4,2730.1,2733.2,2736.46,1464161,40066.13,104340,843487,57.61,Others
2024-08-09,HINDUNILVR, EQ, 09-Aug-2024,2733.2,2756.0,2758.0,2718.6,2745.0,2747.2,2735.44,1284031,35123.89,67439,865046,67.37,Others
2024-08-12,HINDUNILVR, EQ, 12-Aug-2024,2747.2,2738.0,2763.4,2722.4,2750.0,2748.7,2747.23,1297178,35636.5,69639,892152,68.78,Others
2024-08-13,HINDUNILVR, EQ, 13-Aug-2024,2748.7,2742.0,2757.65,2730.1,2739.05,2741.4,2743.8,1051237,28843.86,81551,721187,68.6,Others
2024-08-14,HINDUNILVR, EQ, 14-Aug-2024,2741.4,2741.0,2742.55,2706.6,2721.15,2722.05,2726.8,946995,25822.61,63014,570451,60.24,Others
2024-08-16,HINDUNILVR, EQ, 16-Aug-2024,2722.05,2737.9,2753.6,2710.7,2749.0,2748.25,2734.04,1727926,47242.15,91626,1193813,69.09,Others
2024-08-19,HINDUNILVR, EQ, 19-Aug-2024,2748.25,2750.05,2759.75,2737.05,2739.0,2742.55,2747.76,1130327,31058.67,50920,849577,75.16,Others
2024-08-20,HINDUNILVR, EQ, 20-Aug-2024,2742.55,2742.55,2756.25,2735.05,2748.0,2751.05,2744.75,1097889,30134.28,62029,828235,75.44,Others
2024-08-21,HINDUNILVR, EQ, 21-Aug-2024,2751.05,2749.5,2795.1,2742.95,2792.0,2791.2,2777.66,1417729,39379.72,62628,960550,67.75,Others
2024-08-22,HINDUNILVR, EQ, 22-Aug-2024,2791.2,2802.95,2810.0,2782.1,2792.5,2792.8,2792.22,1552947,43361.74,84104,1029229,66.28,Others
2024-08-23,HINDUNILVR, EQ, 23-Aug-2024,2792.8,2799.2,2821.0,2771.35,2810.5,2815.6,2803.87,2111401,59201.03,106915,1510253,71.53,Others
2024-08-26,HINDUNILVR, EQ, 26-Aug-2024,2815.6,2815.6,2834.95,2803.6,2809.8,2821.15,2822.3,1152244,32519.79,79939,687038,59.63,Others
2024-08-27,HINDUNILVR, EQ, 27-Aug-2024,2821.15,2809.0,2824.1,2759.55,2767.0,2766.9,2783.91,1357212,37783.61,80220,986503,72.69,Others
2024-08-28,HINDUNILVR, EQ, 28-Aug-2024,2766.9,2760.0,2781.75,2745.75,2765.0,2764.35,2758.53,1723549,47544.54,91496,1268547,73.6,Others
2024-08-29,HINDUNILVR, EQ, 29-Aug-2024,2764.35,2769.95,2810.0,2745.0,2784.35,2785.25,2785.42,2129934,59327.63,116000,1015486,47.68,Others
2024-08-30,HINDUNILVR, EQ, 30-Aug-2024,2785.25,2795.7,2816.3,2760.1,2782.4,2778.0,2781.22,4029712,112075.3,114168,2662420,66.07,Others
2024-09-02,HINDUNILVR, EQ, 02-Sep-2024,2778.0,2794.0,2808.9,2779.0,2790.8,2789.05,2796.28,957950,26786.96,64674,604733,63.13,Others
2024-09-03,HINDUNILVR, EQ, 03-Sep-2024,2789.05,2780.0,2827.95,2775.0,2794.95,2794.3,2805.82,2022116,56736.88,94940,1372099,67.85,Others
2024-09-04,HINDUNILVR, EQ, 04-Sep-2024,2794.3,2780.0,2843.85,2771.65,2841.95,2841.25,2826.35,1640986,46379.98,90807,979094,59.66,Others
2024-09-05,HINDUNILVR, EQ, 05-Sep-2024,2841.25,2840.05,2855.0,2823.65,2832.25,2838.45,2839.91,1945173,55241.21,103891,1225203,62.99,Others
2024-09-06,HINDUNILVR, EQ, 06-Sep-2024,2838.45,2828.1,2866.45,2828.1,2838.6,2838.95,2844.07,1672730,47573.66,115815,878945,52.55,Others
2024-09-09,HINDUNILVR, EQ, 09-Sep-2024,2838.95,2853.1,2938.2,2843.2,2920.0,2921.8,2906.21,3342754,97147.29,144983,1696377,50.75,Others
2024-09-10,HINDUNILVR, EQ, 10-Sep-2024,2921.8,2934.0,2937.6,2887.5,2902.3,2898.6,2908.85,1536584,44696.9,122405,965781,62.85,Others
2024-09-11,HINDUNILVR, EQ, 11-Sep-2024,2898.6,2911.6,2950.0,2898.1,2911.0,2904.15,2923.46,1913665,55945.16,140854,1148981,60.04,Others
2024-09-12,HINDUNILVR, EQ, 12-Sep-2024,2904.15,2911.0,2963.4,2894.2,2945.25,2956.4,2938.06,2454564,72116.45,147980,1527846,62.25,Others
2024-09-13,HINDUNILVR, EQ, 13-Sep-2024,2956.4,2956.4,2956.4,2918.5,2938.7,2932.95,2934.18,1902001,55808.22,149524,1324288,69.63,Others
2024-09-16,HINDUNILVR, EQ, 16-Sep-2024,2932.95,2910.0,2910.0,2807.4,2869.5,2867.1,2864.78,1489057,42658.17,86653,781950,52.51,Others
2024-09-17,HINDUNILVR, EQ, 17-Sep-2024,2867.1,2867.1,2913.9,2860.1,2875.05,2873.5,2876.72,1098661,31605.43,94971,692764,63.06,Others
2024-09-18,HINDUNILVR, EQ, 18-Sep-2024,2873.5,2874.0,2893.55,2861.7,2870.0,2875.85,2876.5,464796,13369.84,36369,254291,54.71,Others
2024-09-19,HINDUNILVR, EQ, 19-Sep-2024,2875.85,2876.25,2934.3,2873.35,2908.4,2911.75,2911.53,1713010,49874.77,106899,802948,46.87,Others
2024-09-20,HINDUNILVR, EQ, 20-Sep-2024,2911.75,2924.8,2989.35,2895.4,2968.6,2977.6,2961.27,3641632,107838.39,186274,1819612,49.97,Others
2024-09-23,HINDUNILVR, EQ, 23-Sep-2024,2977.6,2980.0,3035.0,2969.95,3028.0,3028.55,3013.57,1300470,39190.6,109176,795245,61.15,Others
2024-09-24,HINDUNILVR, EQ, 24-Sep-2024,3028.55,3020.0,3020.0,2946.1,2952.65,2950.55,2973.96,1929308,57376.86,122009,1255583,65.08,Others
2024-09-25,HINDUNILVR, EQ, 25-Sep-2024,2950.55,2950.55,2960.35,2905.1,2949.05,2948.95,2932.32,1055354,30946.32,73241,604839,57.31,Others
2024-09-26,HINDUNILVR, EQ, 26-Sep-2024,2948.95,2951.1,2992.85,2941.2,2990.9,2986.1,2964.4,1902889,56409.31,93135,1273336,66.92,Others
2024-09-27,HINDUNILVR, EQ, 27-Sep-2024,2986.1,2986.1,3030.0,2952.75,2965.0,2966.25,2982.46,2977081,88790.21,158743,2151532,72.27,Others
2024-09-30,HINDUNILVR, EQ, 30-Sep-2024,2966.25,2964.2,2997.9,2942.6,2959.4,2958.3,2962.06,1627702,48213.59,108922,1169183,71.83,Others
2024-10-01,HINDUNILVR, EQ, 01-Oct-2024,2958.3,2962.7,2962.7,2891.4,2927.5,2923.75,2922.97,1184642,34626.68,87907,698931,59.0,Others
2024-10-03,HINDUNILVR, EQ, 03-Oct-2024,2923.75,2908.75,2923.1,2861.1,2904.35,2893.35,2897.85,1233447,35743.41,102836,701794,56.9,Others
2024-10-04,HINDUNILVR, EQ, 04-Oct-2024,2893.35,2891.0,2914.0,2817.05,2843.1,2848.75,2867.35,2456486,70435.99,169373,1178582,47.98,Others
2024-10-07,HINDUNILVR, EQ, 07-Oct-2024,2848.75,2845.0,2866.45,2825.05,2840.0,2833.4,2838.69,1280975,36362.94,106091,824751,64.38,Others
2024-10-08,HINDUNILVR, EQ, 08-Oct-2024,2833.4,2844.0,2886.0,2798.7,2818.0,2818.8,2833.16,1761488,49905.78,115275,1054478,59.86,Others
2024-10-09,HINDUNILVR, EQ, 09-Oct-2024,2818.8,2823.4,2825.85,2760.7,2777.8,2768.95,2790.75,1476282,41199.36,107415,948911,64.28,Others
2024-10-10,HINDUNILVR, EQ, 10-Oct-2024,2768.95,2770.0,2787.4,2733.2,2755.0,2754.7,2747.95,2065078,56747.41,117941,1419402,68.73,Others
2024-10-11,HINDUNILVR, EQ, 11-Oct-2024,2754.7,2764.8,2790.0,2737.05,2785.05,2783.2,2770.28,679307,18818.72,57079,332538,48.95,Others
2024-10-14,HINDUNILVR, EQ, 14-Oct-2024,2783.2,2791.6,2804.7,2765.0,2792.0,2789.1,2789.49,874010,24380.45,81657,597963,68.42,Others
2024-10-15,HINDUNILVR, EQ, 15-Oct-2024,2789.1,2793.1,2799.3,2765.25,2789.15,2781.45,2784.53,1082666,30147.14,72874,744297,68.75,Others
2024-10-16,HINDUNILVR, EQ, 16-Oct-2024,2781.45,2789.15,2797.55,2755.6,2777.05,2781.25,2778.43,1170797,32529.78,74497,765699,65.4,Others
2024-10-17,HINDUNILVR, EQ, 17-Oct-2024,2781.25,2779.45,2782.0,2723.45,2738.9,2738.65,2749.13,1368242,37614.8,80116,859780,62.84,Others
2024-10-18,HINDUNILVR, EQ, 18-Oct-2024,2738.65,2738.65,2740.0,2693.45,2722.95,2717.1,2714.55,1137277,30871.97,110294,604412,53.15,Others
2024-10-21,HINDUNILVR, EQ, 21-Oct-2024,2717.1,2715.0,2738.0,2680.45,2685.4,2693.55,2700.31,792345,21395.74,73712,489818,61.82,Others
2024-10-22,HINDUNILVR, EQ, 22-Oct-2024,2693.55,2685.1,2710.0,2673.75,2688.95,2681.7,2688.82,1272253,34208.61,92221,931471,73.21,Others
2024-10-23,HINDUNILVR, EQ, 23-Oct-2024,2681.7,2621.0,2693.05,2621.0,2659.35,2659.3,2668.43,1431962,38210.97,90801,952540,66.52,Others
2024-10-24,HINDUNILVR, EQ, 24-Oct-2024,2659.3,2647.0,2647.0,2452.6,2504.75,2505.1,2504.2,9216267,230793.76,404536,5365070,58.21,Others
2024-10-25,HINDUNILVR, EQ, 25-Oct-2024,2505.1,2502.3,2540.0,2500.1,2530.3,2528.05,2522.38,2761166,69647.12,196103,1710209,61.94,Others
2024-10-28,HINDUNILVR, EQ, 28-Oct-2024,2528.05,2544.0,2589.6,2520.1,2575.0,2575.8,2568.96,852829,21908.86,72864,457418,53.64,Others
2024-10-29,HINDUNILVR, EQ, 29-Oct-2024,2575.8,2585.7,2585.7,2536.0,2550.0,2547.65,2548.55,1695654,43214.65,112534,1243013,73.31,Others
2024-10-30,HINDUNILVR, EQ, 30-Oct-2024,2547.65,2557.0,2563.3,2533.4,2559.35,2554.95,2554.8,1200637,30673.89,93066,836622,69.68,Others
2024-10-31,HINDUNILVR, EQ, 31-Oct-2024,2554.95,2554.95,2563.5,2524.1,2526.9,2528.25,2535.1,1901355,48201.33,108312,1308464,68.82,Others
2024-11-01,HINDUNILVR, EQ, 01-Nov-2024,2528.25,2543.95,2545.95,2511.35,2539.0,2537.5,2535.95,118532,3005.91,14828,62230,52.5,Others
2024-11-04,HINDUNILVR, EQ, 04-Nov-2024,2537.5,2547.0,2547.0,2503.5,2520.0,2524.8,2521.42,1097260,27666.52,93220,683938,62.33,Others
2024-11-05,HINDUNILVR, EQ, 05-Nov-2024,2524.8,2520.0,2530.25,2507.0,2523.0,2521.35,2518.32,702046,17679.78,60572,390276,55.59,Others
2024-11-06,HINDUNILVR, EQ, 06-Nov-2024,2521.35,2515.2,2522.1,2495.0,2509.0,2500.7,2505.02,1219166,30540.37,87753,712231,58.42,Others
2024-11-07,HINDUNILVR, EQ, 07-Nov-2024,2500.7,2500.7,2509.9,2466.1,2480.5,2475.5,2477.18,1322446,32759.4,85081,861252,65.13,Others
2024-11-08,HINDUNILVR, EQ, 08-Nov-2024,2475.5,2483.95,2515.25,2467.3,2505.0,2507.7,2496.3,1700877,42459.07,110305,1111061,65.32,Others
2024-11-11,HINDUNILVR, EQ, 11-Nov-2024,2507.7,2509.0,2514.9,2475.05,2491.3,2491.05,2497.99,1175577,29365.79,74700,793053,67.46,Others
2024-11-12,HINDUNILVR, EQ, 12-Nov-2024,2491.05,2495.0,2496.95,2456.0,2462.1,2461.5,2466.94,1624222,40068.65,112872,1207650,74.35,Others
2024-11-13,HINDUNILVR, EQ, 13-Nov-2024,2461.5,2462.1,2472.8,2450.4,2460.35,2464.95,2463.83,1262017,31093.94,103366,905573,71.76,Others
2024-11-14,HINDUNILVR, EQ, 14-Nov-2024,2464.95,2460.4,2464.7,2383.7,2392.95,2389.2,2410.13,2443393,58888.97,199966,1443303,59.07,Others
2024-11-18,HINDUNILVR, EQ, 18-Nov-2024,2389.2,2401.15,2425.0,2375.75,2424.2,2422.9,2406.22,1374215,33066.67,105200,959140,69.8,Others
2024-11-19,HINDUNILVR, EQ, 19-Nov-2024,2422.9,2431.9,2440.2,2405.1,2409.4,2410.35,2425.32,1133370,27487.82,75226,734551,64.81,Others
2024-11-21,HINDUNILVR, EQ, 21-Nov-2024,2410.35,2424.75,2424.75,2376.1,2384.0,2382.8,2391.71,1291829,30896.75,113838,727787,56.34,Others
2024-11-22,HINDUNILVR, EQ, 22-Nov-2024,2382.8,2390.95,2452.1,2377.85,2440.0,2445.25,2424.67,1696471,41133.76,129473,1156911,68.2,Others
2024-11-25,HINDUNILVR, EQ, 25-Nov-2024,2445.25,2470.0,2505.7,2457.6,2474.95,2471.45,2478.75,4368045,108273.13,131000,3218470,73.68,Others
2024-11-26,HINDUNILVR, EQ, 26-Nov-2024,2471.45,2486.25,2494.95,2460.4,2478.2,2479.2,2481.45,982442,24378.81,75656,582981,59.34,Others
2024-11-27,HINDUNILVR, EQ, 27-Nov-2024,2479.2,2475.15,2492.95,2458.0,2486.65,2486.9,2477.05,948232,23488.14,74848,566670,59.76,Others
2024-11-28,HINDUNILVR, EQ, 28-Nov-2024,2486.9,2486.0,2539.15,2453.2,2468.4,2462.2,2481.94,2540530,63054.37,142960,1463791,57.62,Others
2024-11-29,HINDUNILVR, EQ, 29-Nov-2024,2462.2,2455.1,2507.5,2455.1,2492.0,2496.15,2495.54,1795164,44799.12,156509,1257903,70.07,Others
2024-12-02,HINDUNILVR, EQ, 02-Dec-2024,2496.15,2485.0,2490.5,2460.55,2479.0,2479.15,2476.74,1006993,24940.59,87993,606214,60.2,Others
2024-12-03,HINDUNILVR, EQ, 03-Dec-2024,2479.15,2480.0,2491.45,2466.0,2482.0,2482.85,2479.52,1641588,40703.49,96217,1222095,74.45,Others
2024-12-04,HINDUNILVR, EQ, 04-Dec-2024,2482.85,2481.1,2493.0,2456.55,2464.9,2464.5,2476.77,1321495,32730.42,96902,937643,70.95,Others
2024-12-05,HINDUNILVR, EQ, 05-Dec-2024,2464.5,2465.6,2515.0,2450.05,2496.0,2494.6,2488.68,2071795,51560.35,144220,1098782,53.04,Others
2024-12-06,HINDUNILVR, EQ, 06-Dec-2024,2494.6,2495.0,2495.8,2475.0,2485.0,2483.8,2482.65,1308086,32475.26,82295,785594,60.06,Others
2024-12-09,HINDUNILVR, EQ, 09-Dec-2024,2483.8,2465.0,2476.95,2383.3,2402.0,2400.75,2398.76,3385021,81198.49,175133,2142339,63.29,Others
2024-12-10,HINDUNILVR, EQ, 10-Dec-2024,2400.75,2408.7,2413.0,2388.3,2399.45,2397.35,2398.37,2063838,49498.48,96177,1539681,74.6,Others
2024-12-11,HINDUNILVR, EQ, 11-Dec-2024,2397.35,2405.0,2409.35,2385.0,2405.0,2401.35,2399.34,1718225,41226.13,77630,1274091,74.15,Others
2024-12-12,HINDUNILVR, EQ, 12-Dec-2024,2401.35,2385.05,2399.95,2338.0,2345.9,2344.95,2355.13,3231056,76095.42,159588,2065302,63.92,Others
2024-12-13,HINDUNILVR, EQ, 13-Dec-2024,2344.95,2344.95,2394.55,2333.45,2391.25,2390.1,2370.64,2260902,53597.76,128176,1225042,54.18,Others
2024-12-16,HINDUNILVR, EQ, 16-Dec-2024,2390.1,2390.3,2393.0,2363.0,2364.0,2366.15,2370.16,1247552,29568.98,89234,808176,64.78,Others
2024-12-17,HINDUNILVR, EQ, 17-Dec-2024,2366.15,2353.35,2380.0,2353.35,2364.0,2363.25,2364.99,2131569,50411.3,131845,1433390,67.25,Others
2024-12-18,HINDUNILVR, EQ, 18-Dec-2024,2363.25,2350.05,2383.0,2350.05,2361.95,2359.2,2365.5,988403,23380.63,67462,597765,60.48,Others
2024-12-19,HINDUNILVR, EQ, 19-Dec-2024,2359.2,2347.0,2386.95,2336.0,2363.85,2359.85,2356.41,1655915,39020.08,110359,813236,49.11,Others
2024-12-20,HINDUNILVR, EQ, 20-Dec-2024,2359.85,2352.1,2373.5,2324.65,2340.1,2333.9,2346.13,2069691,48557.73,103192,1293137,62.48,Others
2024-12-23,HINDUNILVR, EQ, 23-Dec-2024,2333.9,2337.0,2351.75,2315.25,2339.55,2338.9,2335.09,1066199,24896.73,78523,585247,54.89,Others
2024-12-24,HINDUNILVR, EQ, 24-Dec-2024,2338.9,2331.1,2356.95,2331.1,2333.0,2335.55,2342.87,683646,16016.9,52515,397543,58.15,Others
2024-12-26,HINDUNILVR, EQ, 26-Dec-2024,2335.55,2332.25,2341.85,2324.7,2329.0,2332.75,2333.56,1033769,24123.64,65903,630427,60.98,Others
2024-12-27,HINDUNILVR, EQ, 27-Dec-2024,2332.75,2343.0,2345.65,2328.25,2344.0,2341.25,2339.22,556816,13025.13,50788,308821,55.46,Others
2024-12-30,HINDUNILVR, EQ, 30-Dec-2024,2341.25,2341.5,2359.15,2325.0,2338.0,2343.5,2340.3,924180,21628.57,74914,611141,66.13,Others
2024-12-31,HINDUNILVR, EQ, 31-Dec-2024,2343.5,2340.0,2352.65,2323.25,2327.0,2326.85,2335.1,1878762,43870.88,70179,1448423,77.09,Others
2025-01-01,HINDUNILVR, EQ, 01-Jan-2025,2326.85,2325.0,2337.15,2320.25,2324.45,2322.1,2326.59,559893,13026.42,57042,313091,55.92,Others
2025-01-02,HINDUNILVR, EQ, 02-Jan-2025,2322.1,2330.0,2379.65,2315.5,2368.5,2370.0,2358.14,1650744,38926.88,100398,1054847,63.9,Others
2025-01-03,HINDUNILVR, EQ, 03-Jan-2025,2370.0,2381.85,2414.6,2364.8,2403.0,2406.25,2393.44,1274239,30498.14,87897,729797,57.27,Others
2025-01-06,HINDUNILVR, EQ, 06-Jan-2025,2406.25,2418.0,2418.95,2361.65,2379.65,2376.2,2377.99,900419,21411.89,74651,494242,54.89,Others
2025-01-07,HINDUNILVR, EQ, 07-Jan-2025,2376.2,2377.15,2402.25,2375.25,2390.25,2390.8,2388.79,922768,22043.02,71444,590215,63.96,Others
2025-01-08,HINDUNILVR, EQ, 08-Jan-2025,2390.8,2391.0,2409.0,2368.0,2400.0,2401.0,2393.65,953351,22819.91,130405,648845,68.06,Others
2025-01-09,HINDUNILVR, EQ, 09-Jan-2025,2401.0,2405.05,2473.65,2386.4,2440.0,2435.4,2444.3,2425267,59280.73,192379,1264603,52.14,Others
2025-01-10,HINDUNILVR, EQ, 10-Jan-2025,2435.4,2435.4,2456.0,2413.8,2440.0,2442.05,2442.55,1651911,40348.81,97429,1040182,62.97,Others
2025-01-13,HINDUNILVR, EQ, 13-Jan-2025,2442.05,2417.05,2460.5,2409.05,2445.1,2451.0,2442.56,2595013,63384.75,104958,1909353,73.58,Others
2025-01-14,HINDUNILVR, EQ, 14-Jan-2025,2451.0,2465.0,2468.0,2364.1,2369.0,2367.95,2394.77,2052741,49158.46,157018,1174624,57.22,Others
2025-01-15,HINDUNILVR, EQ, 15-Jan-2025,2367.95,2373.9,2384.9,2350.1,2376.8,2373.0,2366.2,1215150,28752.85,92165,756762,62.28,Others
2025-01-16,HINDUNILVR, EQ, 16-Jan-2025,2373.0,2376.95,2380.0,2326.05,2349.5,2345.0,2343.93,2762596,64753.44,128063,1899306,68.75,Others
2025-01-17,HINDUNILVR, EQ, 17-Jan-2025,2345.0,2350.0,2379.3,2343.0,2362.0,2354.0,2365.15,1333005,31527.6,68739,989627,74.24,Others
2025-01-20,HINDUNILVR, EQ, 20-Jan-2025,2354.0,2356.45,2368.0,2335.65,2345.55,2345.2,2355.89,1382273,32564.9,67506,984421,71.22,Others
2025-01-21,HINDUNILVR, EQ, 21-Jan-2025,2345.2,2353.5,2377.3,2332.45,2344.15,2340.5,2352.85,1842885,43360.27,113425,920725,49.96,Others
2025-01-22,HINDUNILVR, EQ, 22-Jan-2025,2340.5,2342.55,2362.0,2332.2,2340.0,2342.95,2345.47,2658047,62343.58,112774,2046524,76.99,Others
2025-01-23,HINDUNILVR, EQ, 23-Jan-2025,2342.95,2315.0,2341.3,2253.85,2325.9,2321.7,2309.71,3408925,78736.34,198293,1571109,46.09,Others
2025-01-24,HINDUNILVR, EQ, 24-Jan-2025,2321.7,2332.85,2380.8,2323.0,2380.1,2368.1,2358.95,1688664,39834.66,90539,1030592,61.03,Others
2025-01-27,HINDUNILVR, EQ, 27-Jan-2025,2368.1,2365.0,2409.7,2361.15,2391.05,2392.85,2392.29,2477358,59265.71,126605,1719254,69.4,Others
2025-01-28,HINDUNILVR, EQ, 28-Jan-2025,2392.85,2401.0,2407.0,2379.45,2383.05,2388.85,2392.35,1892156,45266.95,102612,1239755,65.52,Others
2025-01-29,HINDUNILVR, EQ, 29-Jan-2025,2388.85,2385.15,2396.0,2364.0,2386.5,2383.95,2382.85,699576,16669.86,70138,351483,50.24,Others
2025-01-30,HINDUNILVR, EQ, 30-Jan-2025,2383.95,2384.0,2425.0,2384.0,2420.0,2408.75,2402.47,1419960,34114.13,82042,866093,60.99,Others
2025-01-31,HINDUNILVR, EQ, 31-Jan-2025,2408.75,2401.5,2479.0,2401.5,2473.65,2468.8,2452.41,2116148,51896.71,138898,1368505,64.67,Others
2025-02-01,HINDUNILVR, EQ, 01-Feb-2025,2468.8,2475.0,2602.0,2435.15,2505.0,2506.05,2536.1,2970999,75347.58,192649,1306253,43.97,Others
2025-02-03,HINDUNILVR, EQ, 03-Feb-2025,2506.05,2505.0,2520.0,2416.5,2445.3,2441.95,2453.98,2528480,62048.47,142095,1330784,52.63,Others
2025-02-04,HINDUNILVR, EQ, 04-Feb-2025,2441.95,2450.0,2450.0,2402.85,2433.0,2438.05,2428.06,1992474,48378.51,111192,1133471,56.89,Others
2025-02-05,HINDUNILVR, EQ, 05-Feb-2025,2438.05,2453.0,2453.0,2387.0,2392.85,2391.05,2406.59,1357416,32667.42,86373,929517,68.48,Others
2025-02-06,HINDUNILVR, EQ, 06-Feb-2025,2391.05,2400.0,2408.95,2360.3,2375.5,2372.7,2378.98,1132113,26932.7,80657,540777,47.77,Others
2025-02-07,HINDUNILVR, EQ, 07-Feb-2025,2372.7,2380.0,2381.95,2336.1,2364.3,2363.85,2359.97,855602,20191.97,63809,509177,59.51,Others
2025-02-10,HINDUNILVR, EQ, 10-Feb-2025,2363.85,2370.9,2398.0,2352.05,2356.5,2361.45,2370.68,1326354,31443.56,76507,773239,58.3,Others
2025-02-11,HINDUNILVR, EQ, 11-Feb-2025,2361.45,2371.0,2377.95,2296.55,2321.9,2315.25,2326.89,1389260,32326.58,116191,784233,56.45,Others
2025-02-12,HINDUNILVR, EQ, 12-Feb-2025,2315.25,2325.7,2339.9,2305.1,2331.0,2332.5,2326.18,1341909,31215.18,78808,839956,62.59,Others
2025-02-13,HINDUNILVR, EQ, 13-Feb-2025,2332.5,2330.1,2345.6,2313.35,2319.6,2321.5,2328.4,1334967,31083.34,82367,796739,59.68,Others
2025-02-14,HINDUNILVR, EQ, 14-Feb-2025,2321.5,2322.0,2366.0,2313.4,2317.8,2318.35,2333.21,1135380,26490.76,82057,593179,52.24,Others
2025-02-17,HINDUNILVR, EQ, 17-Feb-2025,2318.35,2318.35,2336.0,2300.0,2326.0,2329.4,2320.37,1409168,32697.95,81591,915273,64.95,Others
2025-02-18,HINDUNILVR, EQ, 18-Feb-2025,2329.4,2329.4,2338.55,2288.0,2297.5,2296.0,2304.96,1035705,23872.57,74925,611514,59.04,Others
2025-02-19,HINDUNILVR, EQ, 19-Feb-2025,2296.0,2298.75,2305.7,2248.0,2250.0,2250.4,2259.24,1521343,34370.77,119114,1042419,68.52,Others
2025-02-20,HINDUNILVR, EQ, 20-Feb-2025,2250.4,2250.4,2254.45,2226.5,2247.55,2248.05,2242.73,2206196,49479.13,121656,1647245,74.66,Others
2025-02-21,HINDUNILVR, EQ, 21-Feb-2025,2248.05,2248.05,2253.55,2226.4,2238.5,2241.65,2238.8,1781509,39884.5,107600,1246656,69.98,Others
2025-02-24,HINDUNILVR, EQ, 24-Feb-2025,2241.65,2230.0,2251.0,2218.8,2241.2,2241.45,2236.2,1627949,36404.25,102226,1129144,69.36,Others
2025-02-25,HINDUNILVR, EQ, 25-Feb-2025,2241.45,2243.0,2269.6,2237.95,2254.0,2259.3,2256.43,1988040,44858.7,101737,1304193,65.6,Others
2025-02-27,HINDUNILVR, EQ, 27-Feb-2025,2259.3,2269.65,2269.65,2233.1,2243.55,2244.95,2248.58,1699658,38218.12,93485,1199332,70.56,Others
2025-02-28,HINDUNILVR, EQ, 28-Feb-2025,2244.95,2245.05,2249.6,2185.85,2196.0,2190.25,2199.62,3683249,81017.56,124357,2604572,70.71,Others
2025-03-03,HINDUNILVR, EQ, 03-Mar-2025,2190.25,2199.0,2199.0,2158.5,2180.0,2176.85,2171.46,1306470,28369.47,87808,844701,64.66,Others
2025-03-04,HINDUNILVR, EQ, 04-Mar-2025,2176.85,2179.95,2180.0,2136.0,2152.5,2157.35,2154.76,1800330,38792.77,93829,1237106,68.72,Others
2025-03-05,HINDUNILVR, EQ, 05-Mar-2025,2157.35,2152.0,2191.9,2150.0,2175.0,2170.45,2174.22,1145673,24909.49,74606,757226,66.09,Others
2025-03-06,HINDUNILVR, EQ, 06-Mar-2025,2170.45,2175.0,2229.8,2163.75,2221.85,2218.95,2204.64,1856868,40937.25,118991,932220,50.2,Others
2025-03-07,HINDUNILVR, EQ, 07-Mar-2025,2218.95,2226.7,2226.7,2189.2,2207.95,2204.55,2202.48,1738356,38286.89,56239,1186577,68.26,Others
2025-03-10,HINDUNILVR, EQ, 10-Mar-2025,2204.55,2208.0,2267.15,2194.65,2246.5,2247.75,2249.51,1242387,27947.67,100482,611635,49.23,Others
2025-03-11,HINDUNILVR, EQ, 11-Mar-2025,2247.75,2240.0,2262.45,2211.25,2220.0,2216.95,2237.31,1325891,29664.35,94027,728354,54.93,Others
2025-03-12,HINDUNILVR, EQ, 12-Mar-2025,2216.95,2217.35,2229.95,2185.0,2194.65,2192.9,2209.6,1526212,33723.15,73258,972196,63.7,Others
2025-03-13,HINDUNILVR, EQ, 13-Mar-2025,2192.9,2185.0,2209.95,2164.45,2177.0,2174.8,2185.53,1845629,40336.79,97573,1133443,61.41,Others
2025-03-17,HINDUNILVR, EQ, 17-Mar-2025,2174.8,2161.0,2195.45,2156.5,2172.5,2171.25,2169.26,1111886,24119.65,77099,690807,62.13,Others
2025-03-18,HINDUNILVR, EQ, 18-Mar-2025,2171.25,2189.65,2215.0,2175.0,2204.9,2201.4,2200.91,1475585,32476.34,74920,946324,64.13,Others
2025-03-19,HINDUNILVR, EQ, 19-Mar-2025,2201.4,2207.0,2212.85,2193.45,2198.95,2200.05,2200.94,1341405,29523.52,68294,897346,66.9,Others
2025-03-20,HINDUNILVR, EQ, 20-Mar-2025,2200.05,2203.9,2248.9,2188.45,2239.45,2242.4,2231.62,1426689,31838.21,75743,928698,65.09,Others
2025-03-21,HINDUNILVR, EQ, 21-Mar-2025,2242.4,2245.0,2255.2,2225.8,2247.5,2246.2,2244.27,2152415,48306.0,89511,1377514,64.0,Others
2025-03-24,HINDUNILVR, EQ, 24-Mar-2025,2246.2,2250.25,2266.0,2241.0,2265.15,2256.2,2251.01,1454404,32738.77,66657,1029572,70.79,Others
2025-03-25,HINDUNILVR, EQ, 25-Mar-2025,2256.2,2250.75,2292.0,2243.35,2264.7,2271.3,2271.3,2229340,50635.05,113061,1231349,55.23,Others
2025-03-26,HINDUNILVR, EQ, 26-Mar-2025,2271.3,2272.0,2279.9,2237.8,2246.3,2245.95,2258.68,1416907,32003.33,96908,865143,61.06,Others
2025-03-27,HINDUNILVR, EQ, 27-Mar-2025,2245.95,2244.2,2260.9,2200.0,2243.85,2244.65,2245.33,3752627,84258.74,105998,2986488,79.58,Others
2025-03-28,HINDUNILVR, EQ, 28-Mar-2025,2244.65,2247.0,2296.0,2240.3,2257.85,2258.85,2269.13,2280152,51739.64,98348,1483685,65.07,Others
2025-04-01,HINDUNILVR, EQ, 01-Apr-2025,2258.85,2259.0,2284.65,2220.0,2237.0,2233.85,2241.96,2495962,55958.42,107898,1566286,62.75,Others
2025-04-02,HINDUNILVR, EQ, 02-Apr-2025,2233.85,2243.7,2243.7,2190.05,2237.0,2237.9,2225.48,1351493,30077.27,73173,883161,65.35,Others
2025-04-03,HINDUNILVR, EQ, 03-Apr-2025,2237.9,2225.45,2252.9,2220.6,2241.65,2244.55,2240.47,1310088,29352.18,73387,961646,73.4,Others
2025-04-04,HINDUNILVR, EQ, 04-Apr-2025,2244.55,2230.0,2267.05,2222.0,2243.35,2244.55,2245.11,1120226,25150.31,61995,638286,56.98,Others
2025-04-07,HINDUNILVR, EQ, 07-Apr-2025,2244.55,2150.0,2261.6,2150.0,2250.0,2249.4,2234.34,3435185,76753.71,194418,2284147,66.49,Others
2025-04-08,HINDUNILVR, EQ, 08-Apr-2025,2249.4,2268.3,2306.2,2252.35,2293.95,2289.25,2285.43,2774874,63417.93,145572,1300834,46.88,Others
2025-04-09,HINDUNILVR, EQ, 09-Apr-2025,2289.25,2293.95,2354.15,2289.5,2349.0,2350.0,2341.45,2989089,69987.88,138810,1909028,63.87,Others
2025-04-11,HINDUNILVR, EQ, 11-Apr-2025,2350.0,2394.6,2394.85,2344.35,2362.1,2366.15,2362.43,3836083,90624.74,150510,2944570,76.76,Others
2025-04-15,HINDUNILVR, EQ, 15-Apr-2025,2366.15,2400.0,2400.0,2345.2,2368.0,2361.5,2360.91,3042779,71837.24,102995,2269698,74.59,Others
2025-04-16,HINDUNILVR, EQ, 16-Apr-2025,2361.5,2351.0,2376.0,2351.0,2364.5,2366.6,2364.89,1131979,26770.08,58736,725070,64.05,Others
2025-04-17,HINDUNILVR, EQ, 17-Apr-2025,2366.6,2357.1,2379.9,2343.1,2372.5,2375.0,2365.08,1962402,46412.34,123489,1180446,60.15,Others
2025-04-21,HINDUNILVR, EQ, 21-Apr-2025,2375.0,2368.1,2372.4,2348.8,2352.0,2351.0,2354.29,1478430,34806.57,95682,1024503,69.3,Others
2025-04-22,HINDUNILVR, EQ, 22-Apr-2025,2351.0,2370.0,2406.0,2355.1,2403.0,2398.7,2385.63,2352346,56118.21,108902,1447548,61.54,Others
2025-04-23,HINDUNILVR, EQ, 23-Apr-2025,2398.7,2410.0,2438.0,2393.4,2422.0,2423.8,2419.7,2226066,53864.01,107014,1438387,64.62,Others
2025-04-24,HINDUNILVR, EQ, 24-Apr-2025,2423.8,2423.8,2487.4,2317.1,2324.0,2325.3,2357.73,7065430,166584.08,291862,3294172,46.62,Others
2025-04-25,HINDUNILVR, EQ, 25-Apr-2025,2325.3,2331.9,2341.9,2294.4,2328.1,2332.2,2314.91,2859858,66203.22,167193,1689038,59.06,Others
2025-04-28,HINDUNILVR, EQ, 28-Apr-2025,2332.2,2345.0,2349.0,2315.0,2317.6,2318.6,2325.52,1555660,36177.16,77606,1052737,67.67,Others
2025-04-29,HINDUNILVR, EQ, 29-Apr-2025,2318.6,2328.0,2332.5,2312.6,2325.0,2321.7,2322.81,1896387,44049.48,76093,1251681,66.0,Others
2025-04-30,HINDUNILVR, EQ, 30-Apr-2025,2321.7,2320.0,2352.5,2316.0,2335.5,2342.1,2342.17,2083807,48806.21,133969,1356985,65.12,Others
2025-05-02,HINDUNILVR, EQ, 02-May-2025,2342.1,2334.1,2345.0,2310.0,2318.6,2323.9,2326.05,1953078,45429.57,82367,1355974,69.43,Others
2025-05-05,HINDUNILVR, EQ, 05-May-2025,2323.9,2324.1,2354.9,2319.1,2346.5,2348.6,2345.9,2074103,48656.32,77265,1525530,73.55,Others
2025-05-06,HINDUNILVR, EQ, 06-May-2025,2348.6,2340.2,2390.1,2340.2,2381.6,2381.8,2374.17,1888125,44827.31,98625,1245730,65.98,Others
2025-05-07,HINDUNILVR, EQ, 07-May-2025,2381.8,2369.0,2386.9,2355.3,2367.1,2370.8,2373.36,1610400,38220.56,69587,1147746,71.27,Others
2025-05-08,HINDUNILVR, EQ, 08-May-2025,2370.8,2361.7,2371.9,2341.0,2346.8,2354.9,2355.19,2323073,54712.67,115982,1468623,63.22,Others
2025-05-09,HINDUNILVR, EQ, 09-May-2025,2354.9,2330.0,2342.7,2302.3,2336.0,2332.9,2325.81,1805685,41996.87,99944,1297705,71.87,Others
2025-05-12,HINDUNILVR, EQ, 12-May-2025,2332.9,2360.0,2387.0,2346.1,2381.7,2382.5,2377.71,1274873,30312.75,61649,869531,68.21,Others
2025-05-13,HINDUNILVR, EQ, 13-May-2025,2382.5,2375.6,2398.0,2352.8,2359.7,2360.0,2365.67,1929665,45649.43,102660,1062635,55.07,Others
2025-05-14,HINDUNILVR, EQ, 14-May-2025,2360.0,2370.0,2370.0,2338.5,2351.7,2350.5,2348.36,1568111,36824.83,89391,1040705,66.37,Others
2025-05-15,HINDUNILVR, EQ, 15-May-2025,2350.5,2351.6,2369.9,2340.0,2355.0,2355.2,2355.01,3236681,76224.09,145637,2109595,65.18,Others
2025-05-16,HINDUNILVR, EQ, 16-May-2025,2355.2,2360.0,2387.0,2349.0,2380.0,2381.4,2364.82,1473000,34833.87,68020,961718,65.29,Others
2025-05-19,HINDUNILVR, EQ, 19-May-2025,2381.4,2375.0,2405.0,2375.0,2381.0,2382.7,2388.78,936655,22374.61,62075,589202,62.9,Others
2025-05-20,HINDUNILVR, EQ, 20-May-2025,2382.7,2394.6,2394.6,2338.5,2348.0,2341.1,2352.57,1617408,38050.72,71972,1033254,63.88,Others
2025-05-21,HINDUNILVR, EQ, 21-May-2025,2341.1,2346.0,2375.7,2345.0,2360.1,2363.9,2366.42,1570754,37170.59,74337,1091711,69.5,Others
2025-05-22,HINDUNILVR, EQ, 22-May-2025,2363.9,2355.0,2363.1,2313.1,2330.7,2330.7,2329.05,2423653,56447.99,110122,1490240,61.49,Others
2025-05-23,HINDUNILVR, EQ, 23-May-2025,2330.7,2336.9,2364.5,2329.6,2355.0,2359.2,2353.59,844118,19867.09,37992,510257,60.45,Others
2025-05-26,HINDUNILVR, EQ, 26-May-2025,2359.2,2368.0,2397.3,2364.1,2391.2,2394.1,2385.3,892618,21291.66,50530,550712,61.7,Others
2025-05-27,HINDUNILVR, EQ, 27-May-2025,2394.1,2394.1,2409.5,2360.3,2383.0,2380.2,2379.54,1865258,44384.5,97756,885421,47.47,Others
2025-05-28,HINDUNILVR, EQ, 28-May-2025,2380.2,2388.0,2388.0,2352.0,2365.0,2362.0,2367.42,897517,21247.99,41610,553785,61.7,Others
2025-05-29,HINDUNILVR, EQ, 29-May-2025,2362.0,2369.0,2376.0,2355.5,2364.2,2366.7,2366.46,1111275,26297.91,54853,661574,59.53,Others
2025-05-30,HINDUNILVR, EQ, 30-May-2025,2366.7,2360.0,2374.9,2343.5,2346.0,2348.3,2351.39,3288892,77334.76,65016,2274161,69.15,Others
2025-06-02,HINDUNILVR, EQ, 02-Jun-2025,2348.3,2347.9,2384.0,2343.6,2367.9,2371.6,2369.77,1178205,27920.69,52751,798318,67.76,Others
2025-06-03,HINDUNILVR, EQ, 03-Jun-2025,2371.6,2365.1,2379.5,2342.6,2356.0,2352.3,2352.14,1643913,38667.09,107654,1021256,62.12,Others
2025-06-04,HINDUNILVR, EQ, 04-Jun-2025,2352.3,2359.5,2367.6,2342.1,2365.0,2364.5,2349.65,3287896,77254.19,67671,2789724,84.85,Others
2025-06-05,HINDUNILVR, EQ, 05-Jun-2025,2364.5,2364.5,2380.0,2348.9,2376.0,2376.4,2371.32,1787978,42398.65,56991,1229734,68.78,Others
2025-06-06,HINDUNILVR, EQ, 06-Jun-2025,2376.4,2373.3,2396.5,2370.1,2389.0,2389.8,2384.61,997488,23786.24,53934,608729,61.03,Others
2025-06-09,HINDUNILVR, EQ, 09-Jun-2025,2389.8,2394.0,2399.0,2378.3,2390.0,2393.2,2392.26,1293622,30946.76,67389,882787,68.24,Others
2025-06-10,HINDUNILVR, EQ, 10-Jun-2025,2393.2,2393.4,2400.2,2378.4,2392.0,2395.2,2393.06,1778782,42567.32,71612,1241660,69.8,Others
2025-06-11,HINDUNILVR, EQ, 11-Jun-2025,2395.2,2395.2,2402.9,2371.3,2372.7,2376.4,2384.36,1977707,47155.62,86408,1589969,80.39,Others
2025-06-12,HINDUNILVR, EQ, 12-Jun-2025,2376.4,2386.9,2388.0,2324.1,2337.1,2332.7,2343.3,3339584,78256.33,169885,2059540,61.67,Others
2025-06-13,HINDUNILVR, EQ, 13-Jun-2025,2332.7,2305.0,2324.9,2302.0,2320.0,2319.0,2314.99,1740682,40296.54,81022,1244773,71.51,Others
2025-06-16,HINDUNILVR, EQ, 16-Jun-2025,2319.0,2320.0,2336.6,2313.1,2326.1,2327.4,2327.55,1105297,25726.3,66228,819742,74.16,Others
2025-06-17,HINDUNILVR, EQ, 17-Jun-2025,2327.4,2320.0,2333.1,2313.1,2328.0,2328.6,2324.83,1119284,26021.41,66866,710656,63.49,Others
2025-06-18,HINDUNILVR, EQ, 18-Jun-2025,2328.6,2327.7,2331.4,2285.5,2295.1,2297.3,2302.05,2056563,47343.13,72649,1420419,69.07,Others
2025-06-19,HINDUNILVR, EQ, 19-Jun-2025,2297.3,2300.1,2307.8,2290.3,2292.0,2294.2,2297.81,1214549,27907.98,86978,601344,49.51,Others
2025-06-20,HINDUNILVR, EQ, 20-Jun-2025,2294.2,2295.0,2313.0,2292.4,2302.0,2306.2,2304.39,2685864,61892.91,75830,2165220,80.62,Others
2025-06-23,HINDUNILVR, EQ, 23-Jun-2025,2306.2,2283.4,2286.0,2258.7,2276.0,2275.1,2271.88,842856,19148.69,54582,440836,52.3,Others
2025-06-24,HINDUNILVR, EQ, 24-Jun-2025,2275.1,2295.0,2301.0,2260.3,2267.5,2263.1,2274.92,2440747,55525.06,110169,1637586,67.09,Others
2025-06-25,HINDUNILVR, EQ, 25-Jun-2025,2263.1,2279.0,2290.5,2271.4,2277.0,2278.7,2279.46,1047270,23872.09,61222,715077,68.28,Others
2025-06-26,HINDUNILVR, EQ, 26-Jun-2025,2278.7,2288.9,2291.0,2271.6,2280.9,2280.8,2280.59,1874722,42754.81,68684,1126762,60.1,Others
2025-06-27,HINDUNILVR, EQ, 27-Jun-2025,2280.8,2280.8,2310.5,2279.3,2308.1,2306.9,2300.34,1050745,24170.7,64425,739883,70.42,Others
2025-06-30,HINDUNILVR, EQ, 30-Jun-2025,2306.9,2309.9,2317.0,2288.0,2295.9,2294.6,2299.75,1403754,32282.88,89204,970657,69.15,Others
2025-07-01,HINDUNILVR, EQ, 01-Jul-2025,2294.6,2300.0,2302.6,2286.6,2298.0,2295.5,2294.62,759914,17437.12,44581,492469,64.81,Others
2025-07-02,HINDUNILVR, EQ, 02-Jul-2025,2295.5,2295.0,2309.0,2287.6,2306.9,2307.1,2300.65,1128034,25952.12,46377,806537,71.5,Others
2025-07-03,HINDUNILVR, EQ, 03-Jul-2025,2307.1,2310.0,2326.9,2304.0,2314.8,2313.4,2316.37,1060039,24554.41,56694,633721,59.78,Others
2025-07-04,HINDUNILVR, EQ, 04-Jul-2025,2313.4,2318.0,2341.4,2310.3,2341.3,2339.3,2330.87,1242346,28957.43,57377,848038,68.26,Others
2025-07-07,HINDUNILVR, EQ, 07-Jul-2025,2339.3,2341.0,2415.7,2341.0,2408.7,2410.4,2396.68,2701583,64748.25,137873,1380494,51.1,Others
2025-07-08,HINDUNILVR, EQ, 08-Jul-2025,2410.4,2405.4,2418.5,2386.0,2400.0,2392.7,2398.59,1471046,35284.3,65914,1010167,68.67,Others
2025-07-09,HINDUNILVR, EQ, 09-Jul-2025,2392.7,2399.0,2439.7,2397.1,2421.3,2423.4,2424.04,1741690,42219.3,88529,1031838,59.24,Others
2025-07-10,HINDUNILVR, EQ, 10-Jul-2025,2423.4,2423.4,2434.0,2397.6,2407.0,2408.4,2413.88,1053695,25434.98,59529,698467,66.29,Others
2025-07-11,HINDUNILVR, EQ, 11-Jul-2025,2408.4,2500.0,2530.0,2461.0,2520.0,2519.6,2514.19,7242235,182083.29,231877,4181617,57.74,Others
2025-07-14,HINDUNILVR, EQ, 14-Jul-2025,2519.6,2500.0,2532.5,2490.0,2517.4,2516.6,2512.77,2427712,61002.9,73611,1800721,74.17,Others
2025-07-15,HINDUNILVR, EQ, 15-Jul-2025,2516.6,2520.7,2529.9,2510.0,2524.7,2526.9,2522.93,1700294,42897.17,70430,1216872,71.57,Others
2025-07-16,HINDUNILVR, EQ, 16-Jul-2025,2526.9,2526.3,2532.9,2507.5,2510.0,2517.6,2522.42,1284379,32397.39,47859,945305,73.6,Others
2025-07-17,HINDUNILVR, EQ, 17-Jul-2025,2517.6,2513.0,2525.4,2506.2,2513.0,2509.8,2516.23,807474,20317.88,47864,503798,62.39,Others
2025-07-18,HINDUNILVR, EQ, 18-Jul-2025,2509.8,2514.9,2514.9,2481.5,2488.1,2489.6,2492.22,771112,19217.83,45074,533835,69.23,Others
2025-07-21,HINDUNILVR, EQ, 21-Jul-2025,2489.6,2490.9,2493.6,2455.4,2464.9,2464.9,2469.83,1169960,28896.08,61953,804026,68.72,Others
2025-07-22,HINDUNILVR, EQ, 22-Jul-2025,2464.9,2470.0,2485.0,2452.6,2482.5,2479.7,2471.98,861632,21299.38,46124,610000,70.8,Others
2025-07-23,HINDUNILVR, EQ, 23-Jul-2025,2479.7,2481.0,2487.0,2442.0,2456.8,2450.4,2453.22,1320795,32401.99,54984,996337,75.43,Others
2025-07-24,HINDUNILVR, EQ, 24-Jul-2025,2450.4,2455.9,2466.0,2421.0,2435.0,2437.8,2438.17,693984,16920.52,49869,378401,54.53,Others
2025-07-25,HINDUNILVR, EQ, 25-Jul-2025,2437.8,2426.1,2428.6,2405.4,2417.0,2415.4,2414.32,769388,18575.5,61664,507876,66.01,Others
2025-07-28,HINDUNILVR, EQ, 28-Jul-2025,2415.4,2415.4,2448.3,2412.3,2439.0,2441.6,2433.86,987995,24046.44,73222,689135,69.75,Others
2025-07-29,HINDUNILVR, EQ, 29-Jul-2025,2441.6,2444.8,2457.5,2429.7,2456.4,2453.6,2446.47,732282,17915.06,37935,411952,56.26,Others
2025-07-30,HINDUNILVR, EQ, 30-Jul-2025,2453.6,2442.0,2452.9,2398.5,2433.9,2437.4,2430.07,1224146,29747.6,105143,601957,49.17,Others
2025-07-31,HINDUNILVR, EQ, 31-Jul-2025,2437.4,2420.1,2549.0,2420.1,2524.0,2521.2,2510.11,5505507,138194.43,281542,1847548,33.56,Others
2025-08-01,HINDUNILVR, EQ, 01-Aug-2025,2521.2,2550.0,2727.5,2536.9,2554.0,2553.7,2585.85,4259653,110148.31,207561,1489056,34.96,Others
2025-08-04,HINDUNILVR, EQ, 04-Aug-2025,2553.7,2547.0,2583.2,2535.1,2541.0,2543.7,2550.67,1293028,32980.93,73288,773362,59.81,Others
2025-08-05,HINDUNILVR, EQ, 05-Aug-2025,2543.7,2537.5,2553.0,2517.3,2532.4,2534.7,2530.15,756361,19137.05,50234,368055,48.66,Others
2025-08-06,HINDUNILVR, EQ, 06-Aug-2025,2534.7,2538.7,2563.1,2526.6,2540.0,2535.6,2539.12,885487,22483.61,54477,439661,49.65,Others
2025-08-07,HINDUNILVR, EQ, 07-Aug-2025,2535.6,2535.7,2544.0,2495.0,2516.0,2517.5,2514.01,847151,21297.43,46870,497975,58.78,Others
2025-08-08,HINDUNILVR, EQ, 08-Aug-2025,2517.5,2516.0,2529.9,2486.6,2500.0,2498.6,2501.61,839794,21008.38,58282,528288,62.91,Others
2025-08-11,HINDUNILVR, EQ, 11-Aug-2025,2498.6,2490.1,2524.5,2478.5,2509.0,2518.4,2504.14,992436,24851.97,68671,625030,62.98,Others
2025-08-12,HINDUNILVR, EQ, 12-Aug-2025,2518.4,2518.0,2536.6,2480.1,2484.0,2483.8,2498.11,1406211,35128.77,70674,901083,64.08,Others
2025-08-13,HINDUNILVR, EQ, 13-Aug-2025,2483.8,2485.0,2501.5,2473.4,2493.4,2495.1,2488.5,969803,24133.58,42554,647009,66.72,Others
2025-08-14,HINDUNILVR, EQ, 14-Aug-2025,2495.1,2498.9,2509.0,2473.2,2479.0,2480.6,2490.61,1104362,27505.32,53283,781708,70.78,Others
2025-08-18,HINDUNILVR, EQ, 18-Aug-2025,2480.6,2539.0,2597.0,2521.3,2565.0,2568.1,2574.34,3089136,79524.84,153069,1918741,62.11,Others
2025-08-19,HINDUNILVR, EQ, 19-Aug-2025,2568.1,2572.2,2615.0,2558.4,2604.0,2604.8,2588.22,1400717,36253.66,54506,1012374,72.28,Others
2025-08-20,HINDUNILVR, EQ, 20-Aug-2025,2604.8,2599.0,2680.0,2588.5,2668.0,2669.8,2659.05,3156954,83945.11,133377,2080887,65.91,Others
2025-08-21,HINDUNILVR, EQ, 21-Aug-2025,2669.8,2667.1,2667.1,2627.3,2640.0,2648.0,2647.08,2235686,59180.47,89852,1434863,64.18,Others
2025-08-22,HINDUNILVR, EQ, 22-Aug-2025,2648.0,2647.0,2658.5,2619.0,2631.9,2629.9,2631.27,1223445,32192.15,68993,795137,64.99,Others
2025-08-25,HINDUNILVR, EQ, 25-Aug-2025,2629.9,2643.0,2643.0,2615.2,2628.0,2631.6,2630.11,667598,17558.58,35409,457892,68.59,Others
2025-08-26,HINDUNILVR, EQ, 26-Aug-2025,2631.6,2624.6,2705.0,2624.6,2692.7,2692.6,2684.6,4348648,116743.62,193966,2950822,67.86,Others
2025-08-28,HINDUNILVR, EQ, 28-Aug-2025,2692.6,2748.0,2748.0,2646.8,2653.8,2654.4,2678.28,3198743,85671.19,145385,1759270,55.0,Others
2025-08-29,HINDUNILVR, EQ, 29-Aug-2025,2654.4,2664.8,2723.0,2641.4,2660.0,2659.8,2666.51,1972773,52604.12,93460,1056836,53.57,Others
2025-09-01,HINDUNILVR, EQ, 01-Sep-2025,2659.8,2659.8,2673.3,2639.3,2645.0,2649.5,2653.31,1096729,29099.65,65078,579910,52.88,Others
2025-09-02,HINDUNILVR, EQ, 02-Sep-2025,2649.5,2649.0,2692.4,2645.1,2680.0,2677.0,2679.92,1525106,40871.62,86034,920416,60.35,Others
2025-09-03,HINDUNILVR, EQ, 03-Sep-2025,2677.0,2681.0,2686.9,2658.3,2670.0,2664.7,2668.0,1010692,26965.28,47874,708765,70.13,Others
2025-09-04,HINDUNILVR, EQ, 04-Sep-2025,2664.7,2750.0,2750.0,2655.5,2665.0,2666.6,2694.62,2494678,67222.02,123249,995672,39.91,Others
2025-09-05,HINDUNILVR, EQ, 05-Sep-2025,2666.6,2667.6,2672.9,2623.8,2628.0,2633.4,2642.92,944879,24972.41,60689,539103,57.06,Others
2025-09-08,HINDUNILVR, EQ, 08-Sep-2025,2633.4,2630.0,2644.6,2618.8,2629.0,2623.9,2628.45,903410,23745.65,74852,517300,57.26,Others
2025-09-09,HINDUNILVR, EQ, 09-Sep-2025,2623.9,2637.0,2646.2,2611.3,2640.2,2642.0,2634.15,1610956,42434.96,74995,891289,55.33,Others
2025-09-10,HINDUNILVR, EQ, 10-Sep-2025,2642.0,2642.0,2652.9,2619.0,2646.0,2643.5,2638.3,1031486,27213.67,74808,677166,65.65,Others
2025-09-11,HINDUNILVR, EQ, 11-Sep-2025,2643.5,2643.8,2657.7,2614.0,2626.7,2622.0,2630.95,1212707,31905.67,110722,527482,43.5,Others
2025-09-12,HINDUNILVR, EQ, 12-Sep-2025,2622.0,2625.0,2628.9,2569.0,2582.0,2580.5,2583.5,1368380,35352.11,91975,800411,58.49,Others
2025-09-15,HINDUNILVR, EQ, 15-Sep-2025,2580.5,2580.5,2593.4,2568.4,2580.0,2581.0,2582.91,752745,19442.72,57453,470609,62.52,Others
2025-09-16,HINDUNILVR, EQ, 16-Sep-2025,2581.0,2588.2,2590.0,2572.6,2585.0,2580.9,2581.14,1040928,26867.78,47475,514945,49.47,Others
2025-09-17,HINDUNILVR, EQ, 17-Sep-2025,2580.9,2587.0,2591.1,2566.5,2574.0,2569.7,2574.34,970247,24977.5,41039,676641,69.74,Others
2025-09-18,HINDUNILVR, EQ, 18-Sep-2025,2569.7,2570.9,2609.9,2570.9,2580.3,2586.8,2588.24,1550153,40121.61,79692,821704,53.01,Others
2025-09-19,HINDUNILVR, EQ, 19-Sep-2025,2586.8,2600.0,2604.7,2554.8,2564.0,2559.6,2566.93,2214708,56850.09,68208,1642069,74.14,Others
2025-09-22,HINDUNILVR, EQ, 22-Sep-2025,2559.6,2569.0,2587.2,2560.2,2568.5,2572.2,2574.69,1174161,30230.96,56229,746048,63.54,Others
2025-09-23,HINDUNILVR, EQ, 23-Sep-2025,2572.2,2568.9,2575.3,2518.2,2524.9,2522.2,2533.19,1430474,36236.68,74139,971597,67.92,Others
2025-09-24,HINDUNILVR, EQ, 24-Sep-2025,2522.2,2522.2,2576.0,2510.0,2556.6,2549.5,2554.24,1882881,48093.38,113008,1073934,57.04,Others
2025-09-25,HINDUNILVR, EQ, 25-Sep-2025,2549.5,2546.0,2567.5,2531.8,2542.9,2538.3,2546.09,1624258,41355.02,108114,917121,56.46,Others
2025-09-26,HINDUNILVR, EQ, 26-Sep-2025,2538.3,2535.0,2545.4,2499.4,2512.0,2511.8,2511.29,885612,22240.31,73464,532867,60.17,Others
2025-09-29,HINDUNILVR, EQ, 29-Sep-2025,2511.8,2495.0,2517.4,2443.0,2501.1,2497.9,2493.28,2403556,59927.49,108089,1301906,54.17,Others
2025-09-30,HINDUNILVR, EQ, 30-Sep-2025,2497.9,2497.9,2526.3,2491.6,2516.3,2514.4,2512.05,1678088,42154.47,87438,1027322,61.22,Others
2025-10-01,HINDUNILVR, EQ, 01-Oct-2025,2514.4,2515.4,2550.0,2497.9,2535.0,2536.2,2526.75,1483899,37494.35,65146,976454,65.8,Others
2025-10-03,HINDUNILVR, EQ, 03-Oct-2025,2536.2,2536.2,2548.6,2508.3,2539.0,2544.9,2534.63,1242611,31495.64,60549,930500,74.88,Others
2025-10-06,HINDUNILVR, EQ, 06-Oct-2025,2544.9,2535.2,2549.6,2520.2,2541.0,2541.8,2538.43,818923,20787.76,44250,508902,62.14,Others
2025-10-07,HINDUNILVR, EQ, 07-Oct-2025,2541.8,2540.0,2559.4,2508.3,2530.0,2517.2,2521.68,1291750,32573.86,68679,685275,53.05,Others
2025-10-08,HINDUNILVR, EQ, 08-Oct-2025,2517.2,2511.0,2525.0,2486.1,2496.0,2500.1,2505.48,1225128,30695.33,58033,801264,65.4,Others
2025-10-09,HINDUNILVR, EQ, 09-Oct-2025,2500.1,2501.0,2523.0,2498.3,2522.4,2517.6,2514.04,1259173,31656.12,75193,761461,60.47,Others
2025-10-10,HINDUNILVR, EQ, 10-Oct-2025,2517.6,2510.0,2534.9,2506.5,2526.0,2528.9,2523.6,1018875,25712.32,57092,691529,67.87,Others
2025-10-13,HINDUNILVR, EQ, 13-Oct-2025,2528.9,2519.2,2531.6,2485.4,2496.6,2492.8,2497.33,1114750,27838.97,49171,628322,56.36,Others
2025-10-14,HINDUNILVR, EQ, 14-Oct-2025,2492.8,2493.0,2509.2,2482.3,2502.0,2502.3,2500.58,1461017,36533.93,64421,813324,55.67,Others
2025-10-15,HINDUNILVR, EQ, 15-Oct-2025,2502.3,2502.6,2531.8,2502.6,2515.0,2519.0,2520.18,881070,22204.56,52395,552913,62.75,Others
2025-10-16,HINDUNILVR, EQ, 16-Oct-2025,2519.0,2517.8,2568.5,2507.1,2560.0,2561.5,2541.35,1446646,36764.27,68156,701463,48.49,Others
2025-10-17,HINDUNILVR, EQ, 17-Oct-2025,2561.5,2565.5,2615.0,2560.0,2603.4,2603.7,2599.89,2050690,53315.66,123072,1241660,60.55,Others
2025-10-20,HINDUNILVR, EQ, 20-Oct-2025,2603.7,2609.0,2624.7,2585.6,2601.1,2594.4,2601.65,1011485,26315.28,62291,502469,49.68,Others
2025-10-21,HINDUNILVR, EQ, 21-Oct-2025,2594.4,2594.0,2606.7,2585.1,2588.0,2591.7,2594.53,82020,2128.03,8723,38873,47.4,Others
2025-10-23,HINDUNILVR, EQ, 23-Oct-2025,2591.7,2601.0,2667.2,2596.1,2601.0,2601.6,2623.02,3386744,88835.03,153645,1128963,33.33,Others
2025-10-24,HINDUNILVR, EQ, 24-Oct-2025,2601.6,2584.0,2584.0,2474.5,2515.0,2516.4,2512.28,3110800,78151.99,142162,1520301,48.87,Others
2025-10-27,HINDUNILVR, EQ, 27-Oct-2025,2516.4,2516.4,2525.0,2506.0,2512.7,2511.8,2514.82,2127832,53511.06,107131,1628898,76.55,Others
2025-10-28,HINDUNILVR, EQ, 28-Oct-2025,2511.8,2519.0,2526.0,2481.9,2500.0,2497.1,2496.95,2294976,57304.43,107397,1153939,50.28,Others
2025-10-29,HINDUNILVR, EQ, 29-Oct-2025,2497.1,2512.6,2513.6,2484.0,2490.0,2488.1,2492.63,1870143,46615.69,59711,1477420,79.0,Others
2025-10-30,HINDUNILVR, EQ, 30-Oct-2025,2488.1,2491.0,2497.0,2454.9,2470.0,2469.6,2470.5,1195631,29538.04,57460,662143,55.38,Others
2025-10-31,HINDUNILVR, EQ, 31-Oct-2025,2469.6,2469.0,2479.5,2452.9,2461.2,2465.5,2464.43,1401937,34549.73,56237,1039909,74.18,Others
2025-11-03,HINDUNILVR, EQ, 03-Nov-2025,2465.5,2456.1,2474.9,2440.3,2460.0,2460.0,2456.93,1049185,25777.7,48953,565700,53.92,Others
2025-11-04,HINDUNILVR, EQ, 04-Nov-2025,2460.0,2460.0,2463.3,2441.3,2443.9,2445.7,2448.66,1251588,30647.16,69387,667798,53.36,Others
2025-11-06,HINDUNILVR, EQ, 06-Nov-2025,2445.7,2463.9,2463.9,2432.6,2439.0,2436.0,2442.42,1329256,32466.07,86424,796575,59.93,Others
2025-11-07,HINDUNILVR, EQ, 07-Nov-2025,2436.0,2417.0,2425.0,2400.6,2416.8,2414.0,2415.47,817896,19755.99,55901,511000,62.48,Others
2025-11-10,HINDUNILVR, EQ, 10-Nov-2025,2414.0,2405.0,2429.3,2404.0,2409.0,2408.8,2412.28,780558,18829.28,67685,513198,65.75,Others
2025-11-11,HINDUNILVR, EQ, 11-Nov-2025,2408.8,2422.2,2433.7,2403.1,2430.0,2427.5,2420.73,1422399,34432.41,78852,617058,43.38,Others
2025-11-12,HINDUNILVR, EQ, 12-Nov-2025,2427.5,2430.6,2434.8,2416.2,2426.0,2424.5,2423.71,1680827,40738.43,106929,1266967,75.38,Others
2025-11-13,HINDUNILVR, EQ, 13-Nov-2025,2424.5,2429.0,2431.0,2405.0,2409.9,2407.6,2416.6,1256059,30353.97,69811,770108,61.31,Others
2025-11-14,HINDUNILVR, EQ, 14-Nov-2025,2407.6,2405.1,2430.2,2392.0,2426.0,2427.7,2420.64,975973,23624.8,59056,654771,67.09,Others
2025-11-17,HINDUNILVR, EQ, 17-Nov-2025,2427.7,2431.4,2438.4,2416.0,2425.5,2425.0,2423.25,920038,22294.82,63161,624228,67.85,Others
2025-11-18,HINDUNILVR, EQ, 18-Nov-2025,2425.0,2415.8,2422.9,2401.9,2404.1,2404.0,2408.49,1229034,29601.1,54505,781183,63.56,Others
2025-11-19,HINDUNILVR, EQ, 19-Nov-2025,2404.0,2412.0,2450.7,2411.0,2443.7,2441.6,2439.89,1465143,35747.88,60539,754532,51.5,Others
2025-11-20,HINDUNILVR, EQ, 20-Nov-2025,2441.6,2445.1,2459.0,2425.0,2429.0,2428.4,2438.84,1396929,34068.8,82178,854581,61.18,Others
2025-11-21,HINDUNILVR, EQ, 21-Nov-2025,2428.4,2436.2,2443.2,2413.0,2440.0,2433.7,2427.38,1840712,44681.06,70142,1329910,72.25,Others
2025-11-24,HINDUNILVR, EQ, 24-Nov-2025,2433.7,2441.9,2444.9,2413.0,2420.9,2424.2,2426.19,4092327,99287.52,80146,3159344,77.2,Others
2025-11-25,HINDUNILVR, EQ, 25-Nov-2025,2424.2,2422.0,2424.2,2406.0,2411.0,2414.1,2416.92,1240672,29986.03,86768,721702,58.17,Others
2025-11-26,HINDUNILVR, EQ, 26-Nov-2025,2414.1,2412.0,2427.7,2409.0,2426.1,2425.2,2422.02,1242683,30098.06,80197,819776,65.97,Others
2025-11-27,HINDUNILVR, EQ, 27-Nov-2025,2425.2,2426.1,2459.7,2425.0,2455.0,2451.7,2449.98,1872248,45869.79,87101,1286892,68.74,Others
2025-11-28,HINDUNILVR, EQ, 28-Nov-2025,2451.7,2450.0,2470.0,2447.2,2468.0,2466.6,2463.35,973225,23973.9,51567,682232,70.1,Others
2025-12-01,HINDUNILVR, EQ, 01-Dec-2025,2466.6,2466.6,2488.0,2458.8,2458.9,2464.5,2474.65,1924828,47632.81,66030,1238552,64.35,Others
2025-12-02,HINDUNILVR, EQ, 02-Dec-2025,2464.5,2471.0,2484.4,2460.0,2475.0,2477.8,2474.16,2179406,53922.02,95719,1628850,74.74,Others
2025-12-03,HINDUNILVR, EQ, 03-Dec-2025,2477.8,2478.2,2484.9,2403.1,2441.5,2448.0,2454.52,3535932,86789.99,131931,2316586,65.52,Others
2025-12-04,HINDUNILVR, EQ, 04-Dec-2025,2448.0,2440.0,2483.0,2423.2,2464.1,2462.2,2461.53,2587753,63698.38,116175,1741802,67.31,Others
2025-12-05,HINDUNILVR, EQ, 05-Dec-2025,2462.2,2422.0,2422.0,2286.7,2341.0,2338.6,2346.41,4008271,94050.32,135326,2726779,68.03,Others
2025-12-08,HINDUNILVR, EQ, 08-Dec-2025,2338.6,2350.1,2355.1,2302.0,2318.0,2314.0,2322.65,1898154,44087.4,72452,1403835,73.96,Others
2025-12-09,HINDUNILVR, EQ, 09-Dec-2025,2314.0,2318.0,2330.4,2298.1,2305.0,2306.5,2311.49,1471488,34013.25,70079,701820,47.69,Others
2025-12-10,HINDUNILVR, EQ, 10-Dec-2025,2306.5,2306.5,2316.9,2295.0,2301.0,2301.7,2302.04,2857290,65776.09,98617,2402404,84.08,Others
2025-12-11,HINDUNILVR, EQ, 11-Dec-2025,2301.7,2296.3,2313.0,2292.0,2309.0,2305.6,2303.36,1108032,25521.92,77354,784327,70.79,Others
2025-12-12,HINDUNILVR, EQ, 12-Dec-2025,2305.6,2306.9,2309.0,2244.7,2264.0,2260.6,2262.88,3203114,72482.76,144063,2217934,69.24,Others
2025-12-15,HINDUNILVR, EQ, 15-Dec-2025,2260.6,2260.6,2299.0,2252.0,2288.0,2293.5,2284.78,1274115,29110.76,89211,714555,56.08,Others
2025-12-16,HINDUNILVR, EQ, 16-Dec-2025,2293.5,2293.4,2302.7,2276.0,2279.9,2281.1,2290.18,1256042,28765.64,82714,715055,56.93,Others
2025-12-17,HINDUNILVR, EQ, 17-Dec-2025,2281.1,2281.2,2286.2,2268.3,2278.0,2275.6,2276.43,808100,18395.86,63322,526347,65.13,Others
2025-12-18,HINDUNILVR, EQ, 18-Dec-2025,2275.6,2270.0,2278.3,2255.3,2268.9,2265.5,2266.63,1057295,23964.93,54095,644791,60.98,Others
2025-12-19,HINDUNILVR, EQ, 19-Dec-2025,2265.5,2263.7,2284.8,2263.7,2281.0,2280.0,2278.62,1237214,28191.4,53549,897503,72.54,Others
2025-12-22,HINDUNILVR, EQ, 22-Dec-2025,2280.0,2280.0,2295.0,2280.0,2285.2,2289.5,2289.08,790773,18101.4,56057,505780,63.96,Others
2025-12-23,HINDUNILVR, EQ, 23-Dec-2025,2289.5,2289.3,2310.0,2280.7,2298.1,2302.6,2298.55,1128801,25946.09,61566,488528,43.28,Others
2025-12-24,HINDUNILVR, EQ, 24-Dec-2025,2302.6,2302.6,2305.0,2278.1,2283.0,2282.2,2289.59,519380,11891.69,38856,280069,53.92,Others
2025-12-26,HINDUNILVR, EQ, 26-Dec-2025,2282.2,2282.3,2290.0,2275.0,2288.0,2285.4,2283.65,533626,12186.17,33805,371695,69.65,Others
2025-12-29,HINDUNILVR, EQ, 29-Dec-2025,2285.4,2288.9,2298.7,2280.0,2295.9,2293.3,2289.7,1086695,24882.08,40468,814552,74.96,Others
2025-12-30,HINDUNILVR, EQ, 30-Dec-2025,2293.3,2293.3,2298.0,2283.0,2290.0,2290.2,2290.49,1556717,35656.48,71285,1160015,74.52,Others
2025-12-31,HINDUNILVR, EQ, 31-Dec-2025,2290.2,2290.0,2325.5,2286.8,2317.0,2315.9,2314.36,1324220,30647.23,52630,919058,69.4,Others
2026-01-01,HINDUNILVR, EQ, 01-Jan-2026,2315.9,2322.0,2326.0,2300.0,2323.0,2323.0,2312.95,758866,17552.2,39091,459415,60.54,Others
2026-01-02,HINDUNILVR, EQ, 02-Jan-2026,2323.0,2326.0,2357.7,2322.0,2348.5,2348.0,2343.2,973413,22809.0,39595,648298,66.6,Others
2026-01-05,HINDUNILVR, EQ, 05-Jan-2026,2348.0,2341.5,2394.0,2336.4,2385.5,2384.1,2378.38,1344113,31968.1,63047,792591,58.97,Others
2026-01-06,HINDUNILVR, EQ, 06-Jan-2026,2384.1,2398.8,2428.1,2367.8,2424.8,2424.7,2407.71,1584720,38155.46,64572,850842,53.69,Others
2026-01-07,HINDUNILVR, EQ, 07-Jan-2026,2424.7,2416.0,2421.9,2382.0,2390.0,2399.4,2402.49,892690,21446.77,56790,603242,67.58,Others
2026-01-08,HINDUNILVR, EQ, 08-Jan-2026,2399.4,2389.0,2418.1,2368.1,2389.7,2386.7,2396.25,1163828,27888.27,80271,633764,54.46,Others
2026-01-09,HINDUNILVR, EQ, 09-Jan-2026,2386.7,2382.0,2386.0,2361.0,2369.2,2372.6,2373.49,1189464,28231.78,61161,658472,55.36,Others
2026-01-12,HINDUNILVR, EQ, 12-Jan-2026,2372.6,2362.0,2413.9,2361.0,2408.9,2406.2,2390.65,1057665,25285.08,73600,525027,49.64,Others
2026-01-13,HINDUNILVR, EQ, 13-Jan-2026,2406.2,2415.1,2422.2,2365.0,2389.5,2389.5,2385.94,1519683,36258.72,68250,595179,39.16,Others
2026-01-14,HINDUNILVR, EQ, 14-Jan-2026,2389.5,2398.9,2398.9,2341.0,2350.0,2353.5,2355.17,1027639,24202.67,64963,574246,55.88,Others
2026-01-16,HINDUNILVR, EQ, 16-Jan-2026,2353.5,2370.0,2372.9,2348.9,2361.8,2360.4,2360.23,1367606,32278.7,64501,877490,64.16,Others
2026-01-19,HINDUNILVR, EQ, 19-Jan-2026,2360.4,2353.0,2425.4,2353.0,2414.4,2413.9,2402.31,1505238,36160.55,85339,808174,53.69,Others
2026-01-20,HINDUNILVR, EQ, 20-Jan-2026,2413.9,2423.0,2439.0,2368.5,2382.0,2379.1,2411.71,1460806,35230.37,95533,668064,45.73,Others
2026-01-21,HINDUNILVR, EQ, 21-Jan-2026,2379.1,2379.1,2400.5,2360.0,2365.8,2368.0,2380.73,1020245,24289.26,65784,524209,51.38,Others
2026-01-22,HINDUNILVR, EQ, 22-Jan-2026,2368.0,2368.9,2402.0,2365.7,2396.1,2390.6,2381.03,1745964,41571.88,79675,985012,56.42,Others
2026-01-23,HINDUNILVR, EQ, 23-Jan-2026,2390.6,2400.0,2434.3,2376.8,2406.0,2409.5,2416.59,1378097,33302.99,71915,705826,51.22,Others
2026-01-27,HINDUNILVR, EQ, 27-Jan-2026,2409.5,2412.0,2421.6,2380.5,2403.0,2400.9,2401.47,2060117,49473.16,96373,1120613,54.4,Others
2026-01-28,HINDUNILVR, EQ, 28-Jan-2026,2400.9,2403.1,2420.2,2340.6,2386.0,2378.4,2371.32,1797593,42626.75,95846,1124243,62.54,Others
2026-01-29,HINDUNILVR, EQ, 29-Jan-2026,2378.4,2370.5,2374.7,2312.0,2345.5,2352.6,2342.89,1478536,34640.53,68266,808374,54.67,Others
2026-01-30,HINDUNILVR, EQ, 30-Jan-2026,2352.6,2341.0,2385.0,2340.0,2365.0,2373.0,2369.02,2090462,49523.39,79742,1273259,60.91,Others
2026-02-01,HINDUNILVR, EQ, 01-Feb-2026,2373.0,2373.0,2384.9,2330.3,2333.0,2350.7,2352.51,780378,18358.5,35338,436554,55.94,Others
2026-02-02,HINDUNILVR, EQ, 02-Feb-2026,2350.7,2356.1,2360.0,2303.0,2351.0,2357.3,2337.79,1375089,32146.67,71449,763524,55.53,Others
2026-02-03,HINDUNILVR, EQ, 03-Feb-2026,2357.3,2390.0,2399.9,2343.3,2369.5,2368.6,2369.65,1553270,36807.12,84203,685340,44.12,Others
2026-02-04,HINDUNILVR, EQ, 04-Feb-2026,2368.6,2360.6,2393.5,2356.8,2371.0,2371.0,2373.04,1232755,29253.82,53649,810143,65.72,Others
2026-02-05,HINDUNILVR, EQ, 05-Feb-2026,2371.0,2362.5,2423.0,2351.6,2356.0,2354.4,2378.06,1962066,46659.16,83304,1181657,60.23,Others
2026-02-06,HINDUNILVR, EQ, 06-Feb-2026,2354.4,2354.4,2429.0,2337.5,2421.0,2424.2,2396.47,1421995,34077.66,87368,826704,58.14,Others
2026-02-09,HINDUNILVR, EQ, 09-Feb-2026,2424.2,2425.0,2439.0,2402.0,2430.0,2435.0,2424.79,958484,23241.26,51331,529906,55.29,Others
2026-02-10,HINDUNILVR, EQ, 10-Feb-2026,2435.0,2435.0,2458.1,2430.1,2449.5,2453.6,2446.37,792532,19388.28,48233,374284,47.23,Others
2026-02-11,HINDUNILVR, EQ, 11-Feb-2026,2453.6,2460.0,2470.6,2447.0,2457.7,2462.9,2462.38,1137856,28018.31,56393,710225,62.42,Others
2026-02-12,HINDUNILVR, EQ, 12-Feb-2026,2462.9,2475.0,2479.6,2350.1,2407.0,2409.7,2410.74,4656164,112247.97,222978,1348434,28.96,Others
2026-02-13,HINDUNILVR, EQ, 13-Feb-2026,2409.7,2400.0,2400.0,2300.3,2305.0,2305.2,2334.2,2791519,65159.62,123670,1489677,53.36,Others
2026-02-16,HINDUNILVR, EQ, 16-Feb-2026,2305.2,2308.1,2327.0,2288.1,2318.3,2319.0,2310.73,2036833,47065.63,77469,1224914,60.14,Others
2026-02-17,HINDUNILVR, EQ, 17-Feb-2026,2319.0,2309.3,2326.0,2303.4,2312.9,2312.3,2311.79,1233244,28510.03,54398,830699,67.36,Others
2026-02-18,HINDUNILVR, EQ, 18-Feb-2026,2312.3,2312.6,2328.9,2306.0,2326.0,2323.5,2318.07,830787,19258.22,49162,534231,64.3,Others
2026-02-19,HINDUNILVR, EQ, 19-Feb-2026,2323.5,2336.0,2337.4,2275.6,2282.0,2279.3,2298.01,940180,21605.41,69486,412424,43.87,Others
2026-02-20,HINDUNILVR, EQ, 20-Feb-2026,2279.3,2285.0,2331.2,2278.3,2318.3,2314.5,2315.18,1716316,39735.77,43733,1024786,59.71,Others
2026-02-23,HINDUNILVR, EQ, 23-Feb-2026,2314.5,2325.0,2350.0,2320.8,2349.0,2345.4,2338.97,1300035,30407.46,53416,781116,60.08,Others
2026-02-24,HINDUNILVR, EQ, 24-Feb-2026,2345.4,2331.1,2372.0,2330.3,2364.8,2358.6,2358.14,1544803,36428.6,63566,899933,58.26,Others
2026-02-25,HINDUNILVR, EQ, 25-Feb-2026,2358.6,2368.9,2380.0,2349.0,2374.2,2374.9,2368.34,1158620,27440.01,63805,762889,65.84,Others
2026-02-26,HINDUNILVR, EQ, 26-Feb-2026,2374.9,2378.0,2387.3,2355.2,2380.2,2383.3,2373.79,1470677,34910.72,80564,961598,65.38,Others
2026-02-27,HINDUNILVR, EQ, 27-Feb-2026,2383.3,2369.3,2378.9,2330.6,2340.0,2338.1,2342.97,3053227,71536.26,94884,2231242,73.08,Others
2026-03-02,HINDUNILVR, EQ, 02-Mar-2026,2338.1,2303.0,2354.0,2290.2,2320.0,2320.6,2313.19,2273224,52583.9,162389,1146334,50.43,Others
2026-03-04,HINDUNILVR, EQ, 04-Mar-2026,2320.6,2292.9,2311.6,2252.1,2260.0,2261.3,2284.98,2648737,60523.1,139227,1734781,65.49,Others
2026-03-05,HINDUNILVR, EQ, 05-Mar-2026,2261.3,2275.5,2277.8,2228.4,2254.9,2255.0,2245.23,1751288,39320.39,148905,955897,54.58,Others
2026-03-06,HINDUNILVR, EQ, 06-Mar-2026,2255.0,2245.1,2250.0,2219.5,2223.1,2225.7,2229.55,1674258,37328.37,134825,1089906,65.1,Others
2026-03-09,HINDUNILVR, EQ, 09-Mar-2026,2225.7,2199.0,2200.0,2170.4,2193.0,2194.6,2188.02,1512817,33100.67,90048,936892,61.93,Others
2026-03-10,HINDUNILVR, EQ, 10-Mar-2026,2194.6,2224.0,2224.0,2175.0,2191.0,2190.2,2192.48,1084986,23788.11,84905,539399,49.71,Others
2026-03-11,HINDUNILVR, EQ, 11-Mar-2026,2190.2,2190.2,2195.0,2156.0,2160.4,2161.4,2168.4,1313256,28476.7,111697,776182,59.1,Others
2026-03-12,HINDUNILVR, EQ, 12-Mar-2026,2161.4,2165.1,2165.1,2109.3,2133.9,2136.9,2130.18,1791973,38172.23,107326,1007989,56.25,Others
2026-03-13,HINDUNILVR, EQ, 13-Mar-2026,2136.9,2136.0,2191.9,2120.3,2161.8,2160.0,2165.91,2298875,49791.63,113184,1095695,47.66,Others
2026-03-16,HINDUNILVR, EQ, 16-Mar-2026,2160.0,2169.6,2186.7,2154.0,2165.4,2175.7,2172.66,1981511,43051.43,81380,1250939,63.13,Others
2026-03-17,HINDUNILVR, EQ, 17-Mar-2026,2175.7,2172.8,2184.8,2145.5,2166.6,2158.2,2158.64,1705956,36825.5,96887,1006869,59.02,Others
2026-03-18,HINDUNILVR, EQ, 18-Mar-2026,2158.2,2165.0,2175.0,2129.7,2134.5,2135.3,2144.12,2441148,52341.08,91203,1734779,71.06,Others
2026-03-19,HINDUNILVR, EQ, 19-Mar-2026,2135.3,2112.0,2133.6,2070.1,2085.0,2077.3,2089.58,2098905,43858.35,127166,1275284,60.76,Others
2026-03-20,HINDUNILVR, EQ, 20-Mar-2026,2077.3,2099.7,2099.8,2069.0,2095.0,2082.7,2084.35,2429744,50644.27,96599,1641208,67.55,Others
2026-03-23,HINDUNILVR, EQ, 23-Mar-2026,2082.7,2062.3,2097.0,2033.3,2050.0,2052.2,2057.46,2599535,53484.33,167567,1668199,64.17,Others
2026-03-24,HINDUNILVR, EQ, 24-Mar-2026,2052.2,2070.0,2115.0,2066.0,2091.0,2085.0,2087.97,1702418,35545.99,74728,948416,55.71,Others
2026-03-25,HINDUNILVR, EQ, 25-Mar-2026,2085.0,2098.0,2154.7,2086.0,2136.0,2134.8,2135.29,2069217,44183.86,140711,1326703,64.12,Others
2026-03-27,HINDUNILVR, EQ, 27-Mar-2026,2134.8,2123.3,2127.0,2069.5,2075.0,2074.4,2089.51,2789151,58279.68,121199,1861655,66.75,Others
2026-03-30,HINDUNILVR, EQ, 30-Mar-2026,2074.4,2064.0,2082.4,2046.2,2057.0,2055.2,2056.87,2482193,51055.45,78854,1088666,43.86,Others
2026-04-01,HINDUNILVR, EQ, 01-Apr-2026,2055.2,2119.9,2119.9,2052.0,2065.0,2064.7,2073.58,2028470,42061.91,65838,1259348,62.08,Others
2026-04-02,HINDUNILVR, EQ, 02-Apr-2026,2064.7,2055.0,2069.9,2022.5,2065.0,2065.3,2046.66,1431905,29306.26,85859,759524,53.04,Others
2026-04-06,HINDUNILVR, EQ, 06-Apr-2026,2065.3,2065.3,2092.8,2041.9,2083.6,2084.8,2070.65,1661298,34399.69,70054,975053,58.69,Others
2026-04-07,HINDUNILVR, EQ, 07-Apr-2026,2084.8,2064.7,2119.5,2050.8,2115.1,2110.6,2080.65,2709707,56379.46,104674,1558424,57.51,Others
2026-04-08,HINDUNILVR, EQ, 08-Apr-2026,2110.6,2130.0,2192.8,2130.0,2145.0,2145.6,2157.4,3794437,81861.25,101272,2303116,60.7,Others
2026-04-09,HINDUNILVR, EQ, 09-Apr-2026,2145.6,2145.5,2162.9,2115.0,2130.5,2133.2,2133.19,2506245,53462.98,80714,1418603,56.6,Others
2026-04-10,HINDUNILVR, EQ, 10-Apr-2026,2133.2,2133.2,2170.0,2121.4,2166.1,2155.3,2152.87,2144484,46167.92,71708,1327654,61.91,Others
2026-04-13,HINDUNILVR, EQ, 13-Apr-2026,2155.3,2131.0,2140.7,2113.5,2121.0,2127.2,2127.61,1994541,42436.09,70581,1101202,55.21,Others
2026-04-15,HINDUNILVR, EQ, 15-Apr-2026,2127.2,2140.9,2168.0,2140.9,2152.0,2157.6,2159.24,1552971,33532.32,74946,958318,61.71,Others
2026-04-16,HINDUNILVR, EQ, 16-Apr-2026,2157.6,2158.0,2163.7,2129.1,2139.1,2139.1,2141.57,1845734,39527.63,65871,1044651,56.6,Others
2026-04-17,HINDUNILVR, EQ, 17-Apr-2026,2139.1,2142.0,2245.0,2133.0,2240.0,2240.8,2226.83,4882697,108729.24,127443,2836702,58.1,Others
2026-04-20,HINDUNILVR, EQ, 20-Apr-2026,2240.8,2240.8,2253.4,2223.2,2227.2,2231.5,2238.83,1460822,32705.34,53168,820400,56.16,Others
2026-04-21,HINDUNILVR, EQ, 21-Apr-2026,2231.5,2238.7,2335.7,2227.2,2320.1,2310.7,2287.07,3217281,73581.42,85041,2003215,62.26,Others
2026-04-22,HINDUNILVR, EQ, 22-Apr-2026,2310.7,2310.4,2408.0,2310.4,2366.0,2368.8,2371.26,5558325,131802.44,189123,3488477,62.76,Others
2026-04-23,HINDUNILVR, EQ, 23-Apr-2026,2368.8,2336.0,2400.0,2336.0,2353.0,2366.4,2372.1,2063531,48949.01,86597,1193110,57.82,Others
2026-04-24,HINDUNILVR, EQ, 24-Apr-2026,2366.4,2388.6,2388.6,2299.0,2325.0,2327.3,2324.24,1676706,38970.63,86343,972770,58.02,Others
2026-04-27,HINDUNILVR, EQ, 27-Apr-2026,2327.3,2334.9,2362.8,2325.0,2326.5,2328.3,2338.25,1099681,25713.32,59062,602597,54.8,Others
2026-04-28,HINDUNILVR, EQ, 28-Apr-2026,2328.3,2321.0,2334.4,2281.1,2290.0,2289.5,2303.11,1629120,37520.43,63289,944223,57.96,Others
2026-04-29,HINDUNILVR, EQ, 29-Apr-2026,2289.5,2305.0,2349.7,2291.0,2317.1,2314.4,2321.41,1778765,41292.41,70684,1034365,58.15,Others
2026-04-30,HINDUNILVR, EQ, 30-Apr-2026,2314.4,2312.0,2368.8,2211.6,2254.0,2250.9,2280.18,4434979,101125.53,232691,1433314,32.32,Others
2026-05-04,HINDUNILVR, EQ, 04-May-2026,2250.9,2268.8,2365.8,2268.8,2307.0,2309.3,2327.93,2554255,59461.31,139746,1105244,43.27,Others
2026-05-05,HINDUNILVR, EQ, 05-May-2026,2309.3,2301.5,2335.4,2288.1,2322.6,2327.4,2317.37,1741424,40355.2,73949,1002965,57.59,Others
2026-05-06,HINDUNILVR, EQ, 06-May-2026,2327.4,2330.0,2339.4,2288.3,2315.8,2317.1,2306.6,1196175,27591.01,70484,562736,47.04,Others
2026-05-07,HINDUNILVR, EQ, 07-May-2026,2317.1,2310.0,2327.9,2268.1,2273.0,2272.2,2281.47,1859012,42412.85,100620,1015507,54.63,Others
2026-05-08,HINDUNILVR, EQ, 08-May-2026,2272.2,2272.2,2297.3,2256.0,2286.0,2287.7,2284.18,1104526,25229.32,63218,640761,58.01,Others
2026-05-11,HINDUNILVR, EQ, 11-May-2026,2287.7,2277.1,2317.1,2259.2,2309.9,2307.2,2300.47,1903862,43797.8,69049,1171665,61.54,Others
2026-05-12,HINDUNILVR, EQ, 12-May-2026,2307.2,2285.3,2307.0,2256.0,2267.0,2262.0,2280.53,983506,22429.2,72303,503163,51.16,Others
2026-05-13,HINDUNILVR, EQ, 13-May-2026,2262.0,2265.0,2295.8,2250.0,2274.4,2267.3,2273.56,1308559,29750.93,68289,691910,52.88,Others
2026-05-14,HINDUNILVR, EQ, 14-May-2026,2267.3,2268.0,2285.9,2245.0,2249.6,2248.7,2257.02,1380764,31164.09,72439,875529,63.41,Others
2026-05-15,HINDUNILVR, EQ, 15-May-2026,2248.7,2248.7,2298.9,2246.2,2270.1,2272.2,2277.53,1038522,23652.63,61228,523538,50.41,Others
2026-05-18,HINDUNILVR, EQ, 18-May-2026,2272.2,2263.1,2265.0,2224.7,2262.0,2254.2,2243.37,1118204,25085.44,79608,625461,55.93,Others
2026-05-19,HINDUNILVR, EQ, 19-May-2026,2254.2,2242.0,2282.0,2229.5,2230.0,2232.9,2249.14,1145022,25753.13,59001,720474,62.92,Others
2026-05-20,HINDUNILVR, EQ, 20-May-2026,2232.9,2224.9,2226.9,2201.0,2212.0,2209.3,2212.3,1071994,23715.76,47440,652924,60.91,Others
2026-05-21,HINDUNILVR, EQ, 21-May-2026,2209.3,2224.0,2229.0,2176.0,2178.4,2179.0,2191.06,1581812,34658.43,78825,921424,58.25,Others
2026-05-22,HINDUNILVR, EQ, 22-May-2026,2179.0,2180.0,2224.5,2175.4,2205.0,2203.6,2203.81,1382889,30476.2,56894,941079,68.05,Others
2026-05-25,HINDUNILVR, EQ, 25-May-2026,2203.6,2215.0,2238.1,2192.9,2198.0,2196.5,2210.65,780722,17259.0,40120,454079,58.16,Others
2026-05-26,HINDUNILVR, EQ, 26-May-2026,2196.5,2199.6,2220.0,2190.0,2204.0,2209.4,2204.16,2302703,50755.21,65211,1503307,65.28,Others
2026-05-27,HINDUNILVR, EQ, 27-May-2026,2209.4,2205.1,2214.6,2187.0,2201.9,2198.4,2198.96,616538,13557.43,48525,267448,43.38,Others
2026-05-29,HINDUNILVR, EQ, 29-May-2026,2198.4,2133.5,2207.8,2118.1,2161.0,2153.5,2155.81,17701621,381613.39,175612,12077857,68.23,Others
2026-06-01,HINDUNILVR, EQ, 01-Jun-2026,2153.5,2158.5,2167.5,2080.3,2091.8,2084.3,2105.96,1470488,30967.85,87914,845237,57.48,Others
2026-06-02,HINDUNILVR, EQ, 02-Jun-2026,2084.3,2079.0,2097.0,2065.7,2095.8,2093.7,2082.49,2148903,44750.79,89403,1323879,61.61,Others
2026-06-03,HINDUNILVR, EQ, 03-Jun-2026,2093.7,2092.0,2099.6,2072.2,2086.9,2090.6,2086.29,1544973,32232.55,49641,967562,62.63,Others
2026-06-04,HINDUNILVR, EQ, 04-Jun-2026,2090.6,2089.0,2110.9,2073.5,2081.4,2079.4,2089.25,2142735,44767.11,85943,1511243,70.53,Others
2026-06-05,HINDUNILVR, EQ, 05-Jun-2026,2079.4,2086.7,2127.5,2077.2,2121.2,2121.5,2108.79,1822999,38443.18,74294,1151996,63.19,Others
2026-06-08,HINDUNILVR, EQ, 08-Jun-2026,2121.5,2105.3,2125.0,2091.5,2109.0,2110.1,2109.17,1601497,33778.28,67517,1050206,65.58,Others
2026-06-09,HINDUNILVR, EQ, 09-Jun-2026,2110.1,2119.7,2138.6,2110.1,2134.9,2132.8,2127.29,1460636,31071.99,76973,942538,64.53,Others
2026-06-10,HINDUNILVR, EQ, 10-Jun-2026,2132.8,2134.9,2204.9,2133.5,2172.3,2169.5,2183.22,2325534,50771.64,109116,855695,36.8,Others
2026-06-11,HINDUNILVR, EQ, 11-Jun-2026,2169.5,2164.0,2165.0,2135.3,2141.0,2139.8,2147.28,1178896,25314.15,70242,696812,59.11,Others
2026-06-12,HINDUNILVR, EQ, 12-Jun-2026,2139.8,2151.2,2179.4,2145.0,2162.7,2168.8,2161.45,1156153,24989.62,60971,606591,52.47,Others
2026-06-15,HINDUNILVR, EQ, 15-Jun-2026,2168.8,2200.0,2211.0,2150.0,2155.9,2156.1,2168.04,1439449,31207.85,70863,1021714,70.98,Others
2026-06-16,HINDUNILVR, EQ, 16-Jun-2026,2156.1,2161.0,2209.0,2160.1,2197.0,2199.9,2193.42,1337309,29332.76,81553,683840,51.14,Others
2026-06-17,HINDUNILVR, EQ, 17-Jun-2026,2199.9,2201.1,2224.6,2183.0,2199.3,2197.6,2201.33,1511401,33270.94,70487,894218,59.16,Others
2026-06-18,HINDUNILVR, EQ, 18-Jun-2026,2197.6,2208.7,2221.6,2196.8,2213.5,2218.5,2210.21,1120482,24765.0,44030,586406,52.34,Others
2026-06-19,HINDUNILVR, EQ, 19-Jun-2026,2218.5,2209.6,2210.6,2179.9,2202.0,2194.6,2193.31,1508994,33096.97,56099,941836,62.41,Others
2026-06-22,HINDUNILVR, EQ, 22-Jun-2026,2194.6,2203.7,2208.2,2182.5,2186.5,2184.9,2189.27,765860,16766.73,50486,525131,68.57,Others
2026-06-23,HINDUNILVR, EQ, 23-Jun-2026,2184.9,2160.1,2179.7,2156.0,2160.0,2160.1,2165.87,710082,15379.46,34816,397387,55.96,Others
2026-06-24,HINDUNILVR, EQ, 24-Jun-2026,2160.1,2160.0,2166.0,2140.0,2160.0,2157.8,2155.64,942271,20311.92,48741,606725,64.39,Others
2026-06-25,HINDUNILVR, EQ, 25-Jun-2026,2157.8,2161.0,2200.9,2161.0,2177.0,2174.2,2182.81,1898262,41435.46,123074,1138923,60.0,Others
2026-06-29,HINDUNILVR, EQ, 29-Jun-2026,2174.2,2172.0,2189.9,2143.0,2145.2,2151.3,2161.18,1423514,30764.77,75103,1031938,72.49,Others
2026-06-30,HINDUNILVR, EQ, 30-Jun-2026,2151.3,2151.0,2151.3,2114.2,2123.3,2118.2,2121.77,2364422,50167.49,126760,1510961,63.9,Others
2026-07-01,HINDUNILVR, EQ, 01-Jul-2026,2118.2,2133.5,2190.0,2120.2,2181.5,2182.0,2169.78,2497576,54191.81,96323,1377074,55.14,Others
2026-07-02,HINDUNILVR, EQ, 02-Jul-2026,2182.0,2186.0,2216.0,2179.2,2209.0,2210.6,2200.55,2585362,56892.24,91993,1522477,58.89,Others
2026-07-03,HINDUNILVR, EQ, 03-Jul-2026,2210.6,2224.9,2239.3,2190.0,2202.0,2201.2,2207.4,1536616,33919.27,51642,908281,59.11,Others
2026-07-06,HINDUNILVR, EQ, 06-Jul-2026,2201.2,2202.1,2221.4,2190.3,2200.0,2202.0,2205.23,2131061,46994.76,75334,1335513,62.67,Others
2026-07-07,HINDUNILVR, EQ, 07-Jul-2026,2202.0,2200.0,2219.4,2193.7,2203.1,2208.8,2207.54,2552492,56347.29,81657,1662776,65.14,Others
2026-07-08,HINDUNILVR, EQ, 08-Jul-2026,2208.8,2199.0,2199.0,2130.0,2134.6,2135.8,2157.66,1326689,28625.4,62987,786310,59.27,Others
2026-07-09,HINDUNILVR, EQ, 09-Jul-2026,2135.8,2139.0,2166.8,2137.1,2143.0,2144.5,2152.09,2201039,47368.28,84156,1238648,56.28,Others
2026-07-10,HINDUNILVR, EQ, 10-Jul-2026,2144.5,2151.5,2178.0,2145.0,2148.0,2150.6,2154.39,1665179,35874.42,62326,1069317,64.22,Others
2026-07-13,HINDUNILVR, EQ, 13-Jul-2026,2150.6,2143.0,2143.0,2120.0,2133.9,2130.6,2128.77,1833988,39041.3,54715,1049040,57.2,Others
2026-07-14,HINDUNILVR, EQ, 14-Jul-2026,2130.6,2125.0,2145.0,2116.1,2118.0,2120.2,2127.5,2681897,57057.49,123426,1505679,56.14,Others
2026-07-15,HINDUNILVR, EQ, 15-Jul-2026,2120.2,2121.0,2128.5,2091.0,2102.8,2102.6,2101.57,2029614,42653.79,65065,1129638,55.66,Others
2026-07-16,HINDUNILVR, EQ, 16-Jul-2026,2102.6,2104.9,2123.0,2096.0,2097.0,2098.4,2106.98,2143092,45154.6,59523,1390668,64.89,Others
2026-07-17,HINDUNILVR, EQ, 17-Jul-2026,2098.4,2100.0,2154.5,2092.1,2140.0,2143.8,2135.89,1059832,22636.83,58369,385833,36.41,Others
2026-07-20,HINDUNILVR, EQ, 20-Jul-2026,2143.8,2153.8,2153.8,2128.4,2140.0,2139.7,2137.34,689849,14744.39,44426,400198,58.01,Others
2026-07-21,HINDUNILVR, EQ, 21-Jul-2026,2139.7,2139.7,2147.7,2127.5,2141.0,2142.5,2139.6,1032417,22089.56,53613,645322,62.51,Others
2026-07-22,HINDUNILVR, EQ, 22-Jul-2026,2142.5,2139.7,2159.9,2130.0,2157.0,2154.6,2150.77,819175,17618.58,55693,462005,56.4,Others
2026-07-23,HINDUNILVR, EQ, 23-Jul-2026,2154.6,2150.0,2166.0,2139.9,2158.2,2161.8,2158.33,833281,17984.97,60074,460908,55.31,Others
2026-07-24,HINDUNILVR, EQ, 24-Jul-2026,2161.8,2148.0,2163.0,2139.0,2146.5,2145.0,2144.53,1603494,34387.46,76073,1010034,62.99,Others
2026-07-27,HINDUNILVR, EQ, 27-Jul-2026,2145.0,2155.0,2181.3,2152.4,2173.6,2174.6,2173.42,698681,15185.27,36147,395930,56.67,Others
2026-07-28,HINDUNILVR, EQ, 28-Jul-2026,2174.6,2174.6,2213.0,2016.0,2020.0,2022.7,2073.45,9947304,206252.12,350907,5235302,52.63,Others
2026-07-29,HINDUNILVR, EQ, 29-Jul-2026,2022.7,2050.5,2123.0,2047.0,2120.0,2117.8,2098.18,5183374,108756.5,132751,2685428,51.81,Others
2026-07-30,HINDUNILVR, EQ, 30-Jul-2026,2117.8,2120.0,2132.6,2088.0,2107.0,2107.9,2105.32,2602039,54781.25,87127,1531218,58.85,Others
2026-07-31,HINDUNILVR, EQ, 31-Jul-2026,2107.9,2119.6,2119.6,2091.1,2099.4,2101.3,2101.13,1759019,36959.23,46785,1384527,78.71,Others
2026-08-03,HINDUNILVR, EQ, 03-Aug-2026,2101.3,2107.0,2138.0,2105.3,2138.0,2138.0,2118.29,740649,15689.08,47718,408916,55.21,Others
2026-08-04,HINDUNILVR, EQ, 04-Aug-2026,2138.0,2119.1,2119.1,2070.2,2096.5,2096.5,2089.19,1657094,34619.87,62306,937494,56.57,Others
2026-08-05,HINDUNILVR, EQ, 05-Aug-2026,2096.5,2085.3,2097.8,2074.2,2085.3,2085.3,2081.51,1150148,23940.47,61511,644514,56.04,Others
2026-08-06,HINDUNILVR, EQ, 06-Aug-2026,2085.3,2081.0,2094.0,2075.2,2079.5,2079.5,2084.43,1160270,24184.96,55937,657455,56.66,Others
2026-08-07,HINDUNILVR, EQ, 07-Aug-2026,2079.5,2083.1,2099.4,2077.2,2096.0,2096.0,2094.15,1054665,22086.31,70125,597829,56.68,Others
2026-08-10,HINDUNILVR, EQ, 10-Aug-2026,2096.0,2096.0,2097.0,2076.0,2087.2,2087.2,2085.67,1118008,23317.97,50686,674387,60.32,Others
2026-08-11,HINDUNILVR, EQ, 11-Aug-2026,2087.2,2086.0,2086.5,2063.8,2064.9,2064.9,2071.17,956661,19814.1,40157,511741,53.49,Others
2026-08-12,HINDUNILVR, EQ, 12-Aug-2026,2064.9,2065.0,2072.1,2050.1,2063.0,2063.0,2055.98,995523,20467.75,48919,604628,60.73,Others
2026-08-13,HINDUNILVR, EQ, 13-Aug-2026,2063.0,2063.0,2092.0,2052.9,2092.0,2092.0,2076.83,1186057,24632.43,53952,713541,60.16,Others
2026-08-14,HINDUNILVR, EQ, 14-Aug-2026,2092.0,2089.0,2090.9,2066.4,2077.0,2077.0,2077.6,1148419,23859.56,55127,723424,62.99,Others
2026-08-17,HINDUNILVR, EQ, 17-Aug-2026,2077.0,2070.9,2076.0,2055.0,2055.0,2055.0,2064.68,1024288,21148.25,35597,609268,59.48,Others
2026-08-18,HINDUNILVR, EQ, 18-Aug-2026,2055.0,2055.0,2060.0,2034.9,2035.0,2035.0,2041.16,1234596,25200.08,66985,735267,59.56,Others
2026-08-19,HINDUNILVR, EQ, 19-Aug-2026,2035.0,2035.0,2041.7,2008.3,2020.7,2020.7,2019.17,1449442,29266.7,85436,846736,58.42,Others
2026-08-20,HINDUNILVR, EQ, 20-Aug-2026,2020.7,2022.9,2043.6,2018.2,2028.0,2028.0,2033.56,1401471,28499.72,73684,843231,60.17,Others
2026-08-21,HINDUNILVR, EQ, 21-Aug-2026,2028.0,2028.0,2034.7,2012.0,2015.0,2015.0,2020.24,857550,17324.55,37476,484602,56.51,Others
