Date,SYMBOL,SERIES,DATE1,PREV_CLOSE,OPEN_PRICE,HIGH_PRICE,LOW_PRICE,LAST_PRICE,CLOSE_PRICE,AVG_PRICE,TTL_TRD_QNTY,TURNOVER_LACS,NO_OF_TRADES,DELIV_QTY,DELIV_PER
2019-08-23,LT, EQ, 23-Aug-2019,1294.25,1290.0,1297.45,1274.0,1290.0,1286.5,1286.94,5252370,67594.67,145346,2972943,56.6
2019-10-01,LT, EQ, 01-Oct-2019,1474.25,1480.0,1496.45,1439.15,1467.0,1464.05,1466.82,2578275,37818.67,95145,1277929,49.57
2019-10-03,LT, EQ, 03-Oct-2019,1464.05,1445.45,1475.5,1422.25,1459.9,1458.05,1452.04,1966976,28561.2,80338,693501,35.26
2019-10-04,LT, EQ, 04-Oct-2019,1458.05,1463.8,1474.0,1420.1,1427.0,1424.9,1444.82,3266487,47194.97,136460,1220502,37.36
2019-10-07,LT, EQ, 07-Oct-2019,1424.9,1420.0,1429.0,1381.05,1399.4,1397.85,1408.41,2192329,30876.99,74295,613599,27.99
2019-10-09,LT, EQ, 09-Oct-2019,1397.85,1401.0,1433.4,1399.1,1428.0,1426.25,1420.66,1818865,25839.89,72729,753092,41.4
2019-10-10,LT, EQ, 10-Oct-2019,1426.25,1423.0,1432.0,1407.05,1426.0,1425.1,1420.68,1626821,23111.85,79999,711352,43.73
2019-10-11,LT, EQ, 11-Oct-2019,1425.1,1431.0,1450.0,1420.2,1426.05,1427.7,1432.81,2024214,29003.21,58335,715872,35.37
2019-10-14,LT, EQ, 14-Oct-2019,1427.7,1435.0,1439.9,1418.35,1418.35,1423.95,1428.92,2220364,31727.31,52144,905967,40.8
2019-10-15,LT, EQ, 15-Oct-2019,1423.95,1429.1,1444.8,1420.65,1434.45,1432.25,1433.86,1797471,25773.24,44576,641624,35.7
2019-10-16,LT, EQ, 16-Oct-2019,1432.25,1440.0,1441.8,1416.25,1422.0,1424.2,1425.02,2446615,34864.87,98414,1498309,61.24
2019-10-17,LT, EQ, 17-Oct-2019,1424.2,1428.0,1438.6,1420.2,1425.0,1424.35,1426.22,2304434,32866.23,89322,1329386,57.69
2019-10-18,LT, EQ, 18-Oct-2019,1424.35,1428.0,1457.0,1425.4,1452.0,1447.8,1447.17,3516394,50888.28,126937,1766826,50.25
2019-10-22,LT, EQ, 22-Oct-2019,1447.8,1448.5,1467.8,1439.15,1441.6,1442.55,1455.17,2858390,41594.49,107914,1693070,59.23
2019-10-23,LT, EQ, 23-Oct-2019,1442.55,1445.0,1448.9,1418.6,1431.4,1431.8,1431.4,2410781,34507.85,91315,1132360,46.97
2019-10-24,LT, EQ, 24-Oct-2019,1431.8,1460.0,1467.0,1426.35,1433.7,1432.25,1443.19,3646005,52618.9,133796,1353454,37.12
2019-10-25,LT, EQ, 25-Oct-2019,1432.25,1439.95,1441.7,1420.1,1424.0,1425.0,1430.18,2013793,28800.94,75402,902480,44.81
2019-10-27,LT, EQ, 27-Oct-2019,1425.0,1436.7,1438.95,1428.85,1435.45,1434.4,1433.97,398268,5711.02,19137,232716,58.43
2019-10-29,LT, EQ, 29-Oct-2019,1434.4,1435.5,1464.8,1431.0,1462.9,1461.1,1454.29,3351491,48740.49,105684,1858772,55.46
2019-10-30,LT, EQ, 30-Oct-2019,1461.1,1469.95,1491.95,1465.0,1475.0,1474.25,1478.55,3722066,55032.73,132674,2181290,58.6
2019-10-31,LT, EQ, 31-Oct-2019,1474.25,1481.0,1486.5,1467.25,1474.0,1473.05,1475.7,2210277,32617.06,65832,1197344,54.17
2019-11-01,LT, EQ, 01-Nov-2019,1473.05,1476.7,1481.05,1445.0,1449.4,1449.4,1462.44,2287220,33449.11,81909,1306102,57.1
2019-11-04,LT, EQ, 04-Nov-2019,1449.4,1457.8,1468.0,1450.0,1453.2,1452.2,1457.76,1459894,21281.79,70641,689299,47.22
2019-11-05,LT, EQ, 05-Nov-2019,1452.2,1455.0,1459.6,1432.0,1441.15,1439.8,1442.92,2401916,34657.73,99001,1422957,59.24
2019-11-06,LT, EQ, 06-Nov-2019,1439.8,1440.0,1466.95,1437.75,1452.65,1453.05,1453.61,2434431,35387.07,71922,1184842,48.67
2019-11-07,LT, EQ, 07-Nov-2019,1453.05,1459.95,1459.95,1431.0,1437.2,1435.05,1438.23,1999085,28751.47,86474,1036777,51.86
2019-11-08,LT, EQ, 08-Nov-2019,1435.05,1429.95,1448.0,1420.0,1423.65,1423.0,1432.27,2217408,31759.18,69352,735893,33.19
2019-11-11,LT, EQ, 11-Nov-2019,1423.0,1419.2,1430.75,1408.05,1418.45,1417.0,1416.16,2097492,29703.88,70684,1010981,48.2
2019-11-13,LT, EQ, 13-Nov-2019,1417.0,1418.45,1419.85,1389.05,1393.8,1393.0,1399.29,2929404,40990.89,149683,1904955,65.03
2019-11-14,LT, EQ, 14-Nov-2019,1393.0,1397.0,1405.95,1376.95,1385.0,1380.45,1388.35,3000518,41657.79,99948,1466881,48.89
2019-11-15,LT, EQ, 15-Nov-2019,1380.45,1383.6,1392.7,1366.2,1376.0,1377.65,1377.89,3409434,46978.25,101049,1804748,52.93
2019-11-18,LT, EQ, 18-Nov-2019,1377.65,1388.0,1393.8,1361.25,1363.35,1364.5,1375.17,2733161,37585.5,81041,1332133,48.74
2019-11-19,LT, EQ, 19-Nov-2019,1364.5,1364.5,1378.2,1361.5,1369.5,1365.75,1368.8,2396206,32799.16,98363, 1330120, 55.51
2019-11-20,LT, EQ, 20-Nov-2019,1365.75,1372.0,1393.35,1365.35,1381.1,1380.8,1382.17,3914075,54099.25,108835, 2112790, 53.98
2019-11-21,LT, EQ, 21-Nov-2019,1380.8,1405.0,1417.9,1385.0,1392.5,1392.7,1403.47,5719318,80268.68,158740,2021504,35.35
2019-11-22,LT, EQ, 22-Nov-2019,1392.7,1393.75,1398.95,1371.0,1377.8,1378.65,1379.85,2363205,32608.69,77441,1157295,48.97
2019-11-25,LT, EQ, 25-Nov-2019,1378.65,1378.5,1389.0,1371.1,1384.4,1380.85,1380.96,2956576,40829.16,101997,1668153,56.42
2019-11-26,LT, EQ, 26-Nov-2019,1380.85,1379.35,1380.0,1359.55,1364.0,1363.0,1367.67,4853977,66386.28,166887, 3310521, 68.20
2019-11-27,LT, EQ, 27-Nov-2019,1363.0,1365.0,1370.0,1314.15,1339.1,1335.5,1333.73,7904745,105427.87,274871,4525989,57.26
2019-11-28,LT, EQ, 28-Nov-2019,1335.5,1344.0,1354.0,1327.2,1350.2,1349.9,1341.78,4503913,60432.43,186269,2372853,52.68
2019-11-29,LT, EQ, 29-Nov-2019,1349.9,1350.0,1350.2,1328.0,1331.45,1330.55,1334.26,2515083,33557.65,122481,1550505,61.65
2019-12-02,LT, EQ, 02-Dec-2019,1330.55,1330.55,1342.9,1320.35,1333.0,1333.35,1333.03,3044008,40577.55,85494, 1639860, 53.87
2019-12-03,LT, EQ, 03-Dec-2019,1333.35,1333.45,1333.45,1310.0,1313.4,1313.2,1318.19,3068849,40453.36,99173,1862320,60.68
2019-12-04,LT, EQ, 04-Dec-2019,1313.2,1310.0,1312.0,1282.15,1283.5,1285.1,1291.56,10230371,132131.29,236200,7095660,69.36
2019-12-05,LT, EQ, 05-Dec-2019,1285.1,1294.0,1313.0,1285.15,1301.1,1302.2,1297.83,6644324,86232.36,192936,3815311,57.42
2019-12-06,LT, EQ, 06-Dec-2019,1302.2,1308.85,1309.0,1283.1,1287.85,1290.8,1293.09,3302384,42702.88,102897,1693071,51.27
2019-12-09,LT, EQ, 09-Dec-2019,1290.8,1294.0,1298.9,1271.8,1274.0,1276.0,1284.38,3038475,39025.6,129369,1745087,57.43
2019-12-10,LT, EQ, 10-Dec-2019,1276.0,1277.0,1284.0,1267.15,1276.85,1279.0,1276.63,2759100,35223.39,148793,1358657,49.24
2019-12-11,LT, EQ, 11-Dec-2019,1279.0,1282.95,1288.75,1255.0,1267.6,1264.3,1265.82,3949135,49988.97,150821,1916996,48.54
2019-12-12,LT, EQ, 12-Dec-2019,1264.3,1270.0,1282.85,1268.2,1282.1,1279.7,1277.16,3264836,41697.23,138960,1962182,60.1
2019-12-13,LT, EQ, 13-Dec-2019,1279.7,1287.95,1308.0,1285.3,1306.0,1305.3,1298.08,3655956,47457.4,111700,1548711,42.36
2019-12-16,LT, EQ, 16-Dec-2019,1305.3,1314.45,1318.0,1300.0,1302.9,1303.0,1309.16,3969819,51971.24,147324,1940540,48.88
2019-12-17,LT, EQ, 17-Dec-2019,1303.0,1309.2,1325.0,1303.8,1318.0,1317.95,1315.75,3719446,48938.65,116813,1512801,40.67
2019-12-18,LT, EQ, 18-Dec-2019,1317.95,1324.75,1325.95,1314.6,1318.25,1319.35,1318.95,2961222,39057.14,95865,1520780,51.36
2019-12-19,LT, EQ, 19-Dec-2019,1319.35,1316.75,1321.0,1307.1,1311.9,1311.75,1314.3,1936623,25453.1,82031,899354,46.44
2019-12-20,LT, EQ, 20-Dec-2019,1311.75,1313.0,1327.9,1307.3,1310.75,1311.55,1318.45,3297390,43474.46,104752,1737886,52.7
2019-12-23,LT, EQ, 23-Dec-2019,1311.55,1307.9,1322.0,1305.0,1312.0,1311.25,1313.5,3394916,44592.2,70397,2193019,64.6
2019-12-24,LT, EQ, 24-Dec-2019,1311.25,1314.65,1319.0,1298.0,1299.0,1301.0,1308.67,1803814,23605.94,59700,836679,46.38
2019-12-26,LT, EQ, 26-Dec-2019,1301.0,1299.65,1306.7,1277.0,1279.3,1279.3,1287.17,3723801,47931.63,143657,1984193,53.28
2019-12-27,LT, EQ, 27-Dec-2019,1279.3,1281.55,1301.85,1280.15,1299.8,1299.6,1294.41,2459664,31838.26,79640,1036895,42.16
2019-12-30,LT, EQ, 30-Dec-2019,1299.6,1301.9,1307.2,1296.5,1303.4,1302.3,1301.65,2072838,26981.01,75075,1236189,59.64
2019-12-31,LT, EQ, 31-Dec-2019,1302.3,1300.0,1310.0,1291.15,1305.0,1298.2,1299.58,3043254,39549.41,87999,1766529,58.05
2020-01-01,LT, EQ, 01-Jan-2020,1298.2,1308.4,1318.9,1303.0,1310.15,1309.95,1310.91,3123998,40952.86,73190,931657,29.82
2020-01-02,LT, EQ, 02-Jan-2020,1309.95,1312.0,1348.0,1311.0,1344.9,1345.3,1334.29,4335359,57846.06,135378,2189407,50.5
2020-01-03,LT, EQ, 03-Jan-2020,1345.3,1344.95,1344.95,1330.15,1335.0,1335.05,1335.87,2059871,27517.28,77644,996530,48.38
2020-01-06,LT, EQ, 06-Jan-2020,1335.05,1331.0,1332.0,1314.1,1315.5,1316.75,1320.73,2646905,34958.35,118803,1392864,52.62
2020-01-07,LT, EQ, 07-Jan-2020,1316.75,1328.0,1339.5,1313.75,1321.15,1320.5,1325.68,2077893,27546.27,70374,845249,40.68
2020-01-08,LT, EQ, 08-Jan-2020,1320.5,1302.0,1308.7,1283.35,1291.5,1291.55,1294.04,4147568,53671.15,145613,1879175,45.31
2020-01-09,LT, EQ, 09-Jan-2020,1291.55,1311.0,1319.9,1305.1,1316.1,1316.15,1314.28,2067779,27176.34,98843,979208,47.36
2020-01-10,LT, EQ, 10-Jan-2020,1316.15,1319.0,1335.95,1319.0,1323.85,1324.6,1327.14,2360798,31331.16,93096,1104894,46.8
2020-01-13,LT, EQ, 13-Jan-2020,1324.6,1329.0,1339.4,1328.7,1334.5,1334.7,1335.0,1825244,24367.05,62542,1037004,56.81
2020-01-14,LT, EQ, 14-Jan-2020,1334.7,1329.8,1331.0,1315.1,1326.0,1326.1,1323.19,2046500,27079.13,103923,993250,48.53
2020-01-15,LT, EQ, 15-Jan-2020,1326.1,1325.6,1336.15,1320.0,1323.5,1323.6,1326.8,2127677,28229.96,67695,1097069,51.56
2020-01-16,LT, EQ, 16-Jan-2020,1323.6,1327.7,1332.9,1317.4,1319.0,1319.3,1324.35,1773135,23482.5,76644,1032840,58.25
2020-01-17,LT, EQ, 17-Jan-2020,1319.3,1320.6,1325.95,1302.0,1304.0,1304.2,1311.6,2941837,38585.23,158742, 1709372, 58.11
2020-01-20,LT, EQ, 20-Jan-2020,1304.2,1313.95,1319.9,1306.5,1311.1,1309.6,1312.97,2542477,33381.94,112596,1476266,58.06
2020-01-21,LT, EQ, 21-Jan-2020,1309.6,1304.75,1313.9,1300.45,1302.1,1302.35,1306.33,1361576,17786.66,74036,642210,47.17
2020-01-22,LT, EQ, 22-Jan-2020,1302.35,1311.0,1312.0,1292.0,1294.9,1294.2,1300.14,2449753,31850.17,95993,1200261,49.0
2020-01-23,LT, EQ, 23-Jan-2020,1294.2,1307.0,1339.85,1306.0,1330.45,1332.3,1329.21,10056067,133666.14,219420,5967017,59.34
2020-01-24,LT, EQ, 24-Jan-2020,1332.3,1332.0,1367.85,1332.0,1352.0,1359.2,1353.21,5837319,78991.35,146118,3094867,53.02
2020-01-27,LT, EQ, 27-Jan-2020,1359.2,1340.0,1364.9,1340.0,1347.0,1348.6,1354.47,2510013,33997.35,71639,1102572,43.93
2020-01-28,LT, EQ, 28-Jan-2020,1348.6,1350.9,1355.0,1338.0,1345.0,1346.65,1344.91,2352852,31643.67,118120,1338450,56.89
2020-01-29,LT, EQ, 29-Jan-2020,1346.65,1353.1,1374.95,1352.1,1365.05,1365.7,1366.37,3678474,50261.43,108090,1738488,47.26
2020-01-30,LT, EQ, 30-Jan-2020,1365.7,1365.95,1376.8,1353.0,1365.0,1370.2,1364.75,2743506,37441.93,76783,1428482,52.07
2020-01-31,LT, EQ, 31-Jan-2020,1370.2,1375.95,1377.0,1360.45,1370.0,1369.3,1370.07,3939306,53971.32,127379,2034216,51.64
2020-02-01,LT, EQ, 01-Feb-2020,1369.3,1372.6,1383.7,1280.0,1286.6,1287.4,1329.24,8300700,110336.02,292918,3308024,39.85
2020-02-03,LT, EQ, 03-Feb-2020,1287.4,1290.0,1303.9,1272.0,1287.05,1286.65,1286.44,5767353,74193.34,248556,3051281,52.91
2020-02-04,LT, EQ, 04-Feb-2020,1286.65,1296.0,1307.3,1287.55,1293.0,1291.75,1297.18,3604309,46754.44,117966,2029053,56.3
2020-02-05,LT, EQ, 05-Feb-2020,1291.75,1297.9,1325.0,1295.0,1311.0,1310.05,1312.9,4220104,55405.9,111767,1998826,47.36
2020-02-06,LT, EQ, 06-Feb-2020,1310.05,1322.9,1325.0,1309.05,1317.0,1317.6,1317.41,2354458,31017.77,85894,1201476,51.03
2020-02-07,LT, EQ, 07-Feb-2020,1317.6,1313.05,1314.4,1296.0,1298.5,1299.0,1301.73,3053804,39752.35,89067,1798671,58.9
2020-02-10,LT, EQ, 10-Feb-2020,1299.0,1300.0,1302.45,1273.1,1283.0,1285.3,1283.99,3039992,39033.27,120243,1489679,49.0
2020-02-11,LT, EQ, 11-Feb-2020,1285.3,1292.0,1298.95,1284.0,1286.25,1286.9,1291.89,2200796,28431.82,114602,1193438,54.23
2020-02-12,LT, EQ, 12-Feb-2020,1286.9,1289.1,1299.85,1280.0,1299.0,1297.3,1290.13,2568696,33139.57,127830,1455688,56.67
2020-02-13,LT, EQ, 13-Feb-2020,1297.3,1299.0,1299.85,1285.0,1291.0,1292.25,1290.74,1545536,19948.9,79219,862882,55.83
2020-02-14,LT, EQ, 14-Feb-2020,1292.25,1295.0,1304.95,1290.6,1293.2,1295.15,1297.12,1780119,23090.29,79043, 993513, 55.81
2020-02-17,LT, EQ, 17-Feb-2020,1295.15,1297.0,1297.85,1277.0,1281.5,1280.2,1285.41,2155085,27701.6,70230,1360987,63.15
2020-02-18,LT, EQ, 18-Feb-2020,1280.2,1281.5,1289.8,1266.45,1288.0,1286.35,1276.29,2347917,29966.31,96379,1291867,55.02
2020-02-19,LT, EQ, 19-Feb-2020,1286.35,1298.0,1299.0,1276.6,1281.5,1281.4,1282.49,1820353,23345.87,77257, 972869, 53.44
2020-02-20,LT, EQ, 20-Feb-2020,1281.4,1279.9,1288.9,1275.3,1282.0,1280.6,1281.55,3034681,38891.08,131459,2076571,68.43
2020-02-24,LT, EQ, 24-Feb-2020,1280.6,1271.9,1271.9,1252.65,1259.9,1259.7,1261.31,3414064,43062.03,165366,2172243,63.63
2020-02-25,LT, EQ, 25-Feb-2020,1259.7,1262.2,1265.65,1240.15,1241.85,1242.05,1247.67,3133077,39090.47,131233,1962169,62.63
2020-02-26,LT, EQ, 26-Feb-2020,1242.05,1235.0,1238.0,1206.0,1214.9,1211.15,1219.79,5721483,69790.28,161455,3952254,69.08
2020-02-27,LT, EQ, 27-Feb-2020,1211.15,1212.35,1216.95,1200.0,1208.7,1210.35,1207.28,4003149,48329.07,141145,2264297,56.56
2020-02-28,LT, EQ, 28-Feb-2020,1210.35,1189.65,1196.45,1162.0,1191.1,1187.55,1178.9,6286647,74113.03,218919,4148466,65.99
2020-03-02,LT, EQ, 02-Mar-2020,1187.55,1205.0,1212.35,1150.55,1153.9,1160.9,1183.81,3177486,37615.32,109785,1547760,48.71
2020-03-03,LT, EQ, 03-Mar-2020,1160.9,1166.0,1186.8,1162.05,1183.15,1181.3,1174.87,3134527,36826.74,91823,1673501,53.39
2020-03-04,LT, EQ, 04-Mar-2020,1181.3,1185.0,1187.85,1158.0,1175.9,1176.65,1175.29,3135151,36847.1,115524,1837566,58.61
2020-03-05,LT, EQ, 05-Mar-2020,1176.65,1180.1,1187.25,1166.2,1180.5,1182.45,1179.1,2625152,30953.18,99673,1410938,53.75
2020-03-06,LT, EQ, 06-Mar-2020,1182.45,1148.0,1164.0,1130.85,1154.85,1158.9,1145.21,3956575,45311.07,146183,2425123,61.29
2020-03-09,LT, EQ, 09-Mar-2020,1158.9,1135.8,1135.8,1067.3,1101.0,1101.95,1094.26,8038432,87961.47,244516,4877266,60.67
2020-03-11,LT, EQ, 11-Mar-2020,1101.95,1090.0,1120.95,1085.8,1119.0,1116.95,1110.74,5628178,62514.63,212206,3757080,66.75
2020-03-12,LT, EQ, 12-Mar-2020,1116.95,1070.0,1070.05,1004.1,1020.0,1016.55,1032.32,9200492,94978.83,294935,5761704,62.62
2020-03-13,LT, EQ, 13-Mar-2020,1016.55,950.0,1060.45,890.0,1060.0,1051.45,1001.53,8117968,81303.74,300693,3967242,48.87
2020-03-16,LT, EQ, 16-Mar-2020,1051.45,1014.25,1042.0,961.9,968.0,968.7,998.65,6672579,66635.38,316173,3789060,56.79
2020-03-17,LT, EQ, 17-Mar-2020,968.7,972.0,1005.0,940.15,953.0,956.75,974.73,4720357,46010.55,186154,2475763,52.45
2020-03-18,LT, EQ, 18-Mar-2020,956.75,968.0,974.75,900.0,912.0,904.55,931.06,5586629,52014.95,211669,3115116,55.76
2020-03-19,LT, EQ, 19-Mar-2020,904.55,873.9,884.0,837.7,839.0,843.1,859.14,7252149,62306.13,311401,3830277,52.82
2020-03-20,LT, EQ, 20-Mar-2020,843.1,849.0,877.8,831.3,852.0,864.7,854.1,6130498,52360.36,222198,2980313,48.61
2020-03-23,LT, EQ, 23-Mar-2020,864.7,809.0,809.95,706.0,721.0,724.05,745.22,7310033,54475.78,290747,4889398,66.89
2020-03-24,LT, EQ, 24-Mar-2020,724.05,755.0,755.75,672.0,710.0,707.9,707.2,7113438,50306.57,263108,3727858,52.41
2020-03-25,LT, EQ, 25-Mar-2020,707.9,697.2,775.0,661.0,769.0,765.75,698.45,16122626,112607.89,321286,10165613,63.05
2020-03-26,LT, EQ, 26-Mar-2020,765.75,787.75,842.3,754.15,842.3,838.0,807.95,9028697,72947.77,243919,4654113,51.55
2020-03-27,LT, EQ, 27-Mar-2020,838.0,867.9,890.0,812.0,841.0,837.05,845.61,6573602,55586.93,202101,2693934,40.98
2020-03-30,LT, EQ, 30-Mar-2020,837.05,801.0,815.0,791.0,799.0,798.65,802.54,4474168,35907.03,176856,2250537,50.3
2020-03-31,LT, EQ, 31-Mar-2020,798.65,820.0,823.0,791.2,810.1,808.5,806.85,8045539,64915.72,160157,5662636,70.38
2020-04-01,LT, EQ, 01-Apr-2020,808.5,806.85,812.4,766.55,775.55,774.35,782.06,4104461,32099.31,207097,2067320,50.37
2020-04-03,LT, EQ, 03-Apr-2020,774.35,791.1,791.1,762.8,783.0,774.65,773.33,4268501,33009.75,186484,1745998,40.9
2020-04-07,LT, EQ, 07-Apr-2020,774.65,805.0,813.0,791.0,802.2,801.65,804.35,5769216,46404.57,189036,2751838,47.7
2020-04-08,LT, EQ, 08-Apr-2020,801.65,804.0,832.0,797.7,808.0,807.1,813.47,6151093,50037.53,166115,2611764,42.46
2020-04-09,LT, EQ, 09-Apr-2020,807.1,834.35,834.35,804.4,805.0,812.8,816.43,6410629,52338.49,185106,3814452,59.5
2020-04-13,LT, EQ, 13-Apr-2020,812.8,812.8,872.4,807.95,864.4,865.45,847.08,9462929,80158.97,264873,3165299,38.11
2020-04-15,LT, EQ, 15-Apr-2020,865.45,890.95,926.6,869.0,876.9,880.15,902.16,10435586,94146.2,295558,5100145,48.87
2020-04-16,LT, EQ, 16-Apr-2020,880.15,875.95,919.8,870.15,909.0,911.65,908.8,6980628,63440.2,206450,2765035,39.61
2020-04-17,LT, EQ, 17-Apr-2020,911.65,930.0,940.0,916.0,935.0,932.9,927.6,5827735,54058.02,185080,2256092,38.71
2020-04-20,LT, EQ, 20-Apr-2020,932.9,940.8,943.0,911.0,918.0,915.6,928.59,4958437,46043.53,158851,2198854,44.35
2020-04-21,LT, EQ, 21-Apr-2020,915.6,897.0,906.6,863.0,875.0,870.35,882.81,5122597,45222.73,164745,2249946,43.92
2020-04-22,LT, EQ, 22-Apr-2020,870.35,873.0,885.5,850.0,855.5,852.6,866.49,6090177,52771.02,235279,2298752,37.75
2020-04-23,LT, EQ, 23-Apr-2020,852.6,860.0,869.5,835.0,843.35,840.6,853.02,6322048,53928.59,227895,2671362,42.25
2020-04-24,LT, EQ, 24-Apr-2020,840.6,838.0,869.0,834.15,851.0,851.2,855.24,7960660,68082.5,220618,2156040,27.08
2020-04-27,LT, EQ, 27-Apr-2020,851.2,861.95,874.9,852.25,857.0,855.25,863.75,4224467,36489.01,142648,1620694,38.36
2020-04-28,LT, EQ, 28-Apr-2020,855.25,863.8,867.7,852.1,856.7,857.15,859.19,3773038,32417.63,108569,1582742,41.95
2020-04-29,LT, EQ, 29-Apr-2020,857.15,862.0,883.05,854.0,871.45,875.35,869.91,4841417,42116.06,152437,1824481,37.68
2020-04-30,LT, EQ, 30-Apr-2020,875.35,890.2,916.8,884.1,897.95,897.55,902.78,6333023,57173.0,162674,2314871,36.55
2020-05-04,LT, EQ, 04-May-2020,897.55,880.0,880.0,845.0,852.0,850.65,853.65,4678679,39939.75,188413,2286723,48.88
2020-05-05,LT, EQ, 05-May-2020,850.65,861.0,869.8,835.0,840.0,836.9,850.68,4296534,36549.61,119699,1482602,34.51
2020-05-06,LT, EQ, 06-May-2020,836.9,838.0,848.0,817.6,839.0,837.3,834.11,5081614,42386.12,160333,1251670,24.63
2020-05-07,LT, EQ, 07-May-2020,837.3,833.0,836.05,820.1,825.4,822.85,827.29,3529156,29196.26,138162,1516256,42.96
2020-05-08,LT, EQ, 08-May-2020,822.85,833.0,834.85,810.0,816.5,815.95,820.16,4394534,36042.18,145863,1470673,33.47
2020-05-11,LT, EQ, 11-May-2020,815.95,821.2,827.5,816.35,822.0,821.6,821.97,2882960,23697.05,133688,1202149,41.7
2020-05-12,LT, EQ, 12-May-2020,821.6,817.0,819.25,804.0,816.0,814.8,810.07,3024386,24499.78,112515,1129539,37.35
2020-05-13,LT, EQ, 13-May-2020,814.8,863.7,871.95,850.5,866.0,862.9,862.19,8625530,74368.42,280407,3582807,41.54
2020-05-14,LT, EQ, 14-May-2020,862.9,858.9,879.6,841.5,879.0,871.65,857.63,6778688,58136.38,212650,2742254,40.45
2020-05-15,LT, EQ, 15-May-2020,871.65,881.95,885.0,854.0,861.25,864.4,868.05,5654025,49079.92,151401,1257754,22.25
2020-05-18,LT, EQ, 18-May-2020,864.4,869.9,870.0,810.0,816.0,813.35,827.92,6211450,51426.1,189719,2270577,36.55
2020-05-19,LT, EQ, 19-May-2020,813.35,827.1,833.8,791.7,801.0,796.35,814.75,5533176,45081.39,188008,1981026,35.8
2020-05-20,LT, EQ, 20-May-2020,796.35,800.0,841.0,800.0,838.35,835.0,824.37,5950015,49049.94,237183,1634280,27.47
2020-05-21,LT, EQ, 21-May-2020,835.0,835.95,845.0,818.1,821.0,820.5,825.44,4701980,38811.93,142535,1799953,38.28
2020-05-22,LT, EQ, 22-May-2020,820.5,815.0,826.5,810.1,817.75,815.7,817.03,4609134,37658.14,131973,1841457,39.95
2020-05-26,LT, EQ, 26-May-2020,815.7,821.9,842.7,821.0,827.65,825.55,833.46,4335430,36134.26,106351,1307167,30.15
2020-05-27,LT, EQ, 27-May-2020,825.55,831.95,857.2,827.0,851.6,850.85,845.67,5159303,43630.62,119231,1624353,31.48
2020-05-28,LT, EQ, 28-May-2020,850.85,855.0,912.0,855.0,900.0,905.5,892.13,11481632,102430.89,271439,4734895,41.24
2020-05-29,LT, EQ, 29-May-2020,905.5,893.2,937.5,891.0,930.0,932.25,920.49,10166680,93583.3,222010,3582205,35.23
2020-06-01,LT, EQ, 01-Jun-2020,932.25,944.65,974.15,924.0,926.05,928.15,952.14,7617393,72528.28,211889,1985759,26.07
2020-06-02,LT, EQ, 02-Jun-2020,928.15,935.0,953.0,913.05,944.85,945.45,935.26,7325689,68514.04,172436,1447835,19.76
2020-06-03,LT, EQ, 03-Jun-2020,945.45,955.95,972.85,955.0,962.0,961.3,964.16,4651583,44848.78,151556,1568555,33.72
2020-06-04,LT, EQ, 04-Jun-2020,961.3,961.05,968.0,928.6,931.45,930.7,941.67,5355971,50435.44,160665,1443794,26.96
2020-06-05,LT, EQ, 05-Jun-2020,930.7,940.0,959.9,936.6,957.55,955.25,950.73,6071134,57719.8,158050,1619335,26.67
2020-06-08,LT, EQ, 08-Jun-2020,955.25,979.5,995.0,949.0,958.1,961.35,966.82,9859059,95319.03,272871,2994872,30.38
2020-06-09,LT, EQ, 09-Jun-2020,961.35,964.5,970.25,949.7,951.0,953.3,961.35,5118269,49204.29,139593,2172162,42.44
2020-06-10,LT, EQ, 10-Jun-2020,953.3,957.0,959.5,935.7,946.8,946.55,944.05,5176121,48865.29,156984,2408016,46.52
2020-06-11,LT, EQ, 11-Jun-2020,946.55,944.0,952.0,928.2,929.55,930.45,938.21,3603243,33805.93,119621,1677350,46.55
2020-06-12,LT, EQ, 12-Jun-2020,930.45,890.0,929.9,890.0,924.95,926.4,906.73,5411426,49067.12,155442,1522538,28.14
2020-06-15,LT, EQ, 15-Jun-2020,926.4,921.8,929.45,894.1,903.95,899.9,902.43,4982534,44964.06,135778,1326485,26.62
2020-06-16,LT, EQ, 16-Jun-2020,899.9,920.0,924.7,891.15,894.95,895.05,900.2,4661880,41966.23,129600,1732717,37.17
2020-06-17,LT, EQ, 17-Jun-2020,895.05,892.7,899.75,881.1,884.5,884.8,888.97,4681399,41616.34,111562,1464845,31.29
2020-06-18,LT, EQ, 18-Jun-2020,884.8,876.0,900.0,874.0,897.7,896.65,887.7,5870459,52111.85,139814,2027354,34.53
2020-06-19,LT, EQ, 19-Jun-2020,896.65,902.0,915.9,895.1,898.0,898.2,903.43,5410276,48877.95,145857,2017901,37.3
2020-06-22,LT, EQ, 22-Jun-2020,898.2,905.0,916.0,896.0,908.0,907.45,907.01,6841671,62054.44,184502,2820252,41.22
2020-06-23,LT, EQ, 23-Jun-2020,907.45,910.0,970.0,909.0,968.5,967.6,948.42,14580386,138283.79,328772,4538466,31.13
2020-06-24,LT, EQ, 24-Jun-2020,967.6,979.0,989.9,952.0,965.0,955.55,969.89,11985144,116243.27,279915,3622650,30.23
2020-06-25,LT, EQ, 25-Jun-2020,955.55,949.9,964.8,936.25,942.65,943.1,948.77,7508089,71234.37,191257,2401360,31.98
2020-06-26,LT, EQ, 26-Jun-2020,943.1,955.0,976.1,940.5,959.15,962.2,957.91,6554208,62783.65,139570,1790996,27.33
2020-06-29,LT, EQ, 29-Jun-2020,962.2,950.0,956.1,930.0,938.2,936.6,937.78,4575981,42912.48,102948,1322951,28.91
2020-06-30,LT, EQ, 30-Jun-2020,936.6,948.7,952.15,931.4,945.0,943.65,942.9,3656535,34477.3,79486,1073345,29.35
2020-07-01,LT, EQ, 01-Jul-2020,943.65,941.0,941.0,917.0,924.85,924.3,923.98,6426447,59378.96,173840,2330701,36.27
2020-07-02,LT, EQ, 02-Jul-2020,924.3,936.0,950.7,926.0,941.25,941.3,938.7,6542838,61417.64,142142,2093710,32.0
2020-07-03,LT, EQ, 03-Jul-2020,941.3,948.0,955.4,941.6,942.0,944.25,948.88,3928373,37275.51,134693,1081498,27.53
2020-07-06,LT, EQ, 06-Jul-2020,944.25,953.1,959.5,946.65,951.0,951.2,952.88,3901314,37174.76,99034,1527917,39.16
2020-07-07,LT, EQ, 07-Jul-2020,951.2,955.0,961.9,940.0,942.9,943.6,947.15,4051823,38376.8,105096,1286342,31.75
2020-07-08,LT, EQ, 08-Jul-2020,943.6,944.95,964.4,938.0,939.85,941.25,949.81,5227150,49648.05,155681,1808946,34.61
2020-07-09,LT, EQ, 09-Jul-2020,941.25,945.0,952.0,940.0,945.2,944.95,944.99,3777810,35700.02,97168,1413953,37.43
2020-07-10,LT, EQ, 10-Jul-2020,944.95,940.0,952.0,930.55,935.0,932.15,937.67,4537693,42548.45,126721,1816498,40.03
2020-07-13,LT, EQ, 13-Jul-2020,932.15,940.0,944.8,925.0,931.0,928.15,934.58,3821343,35713.51,96417,1457533,38.14
2020-07-14,LT, EQ, 14-Jul-2020,928.15,928.0,934.95,905.85,912.5,912.9,917.71,3646381,33463.29,119321,1344229,36.86
2020-07-15,LT, EQ, 15-Jul-2020,912.9,918.05,925.0,909.3,912.95,912.2,916.47,3229981,29601.84,95965,865871,26.81
2020-07-16,LT, EQ, 16-Jul-2020,912.2,913.0,924.0,898.45,919.5,921.15,912.25,3134583,28595.13,118231,1047265,33.41
2020-07-17,LT, EQ, 17-Jul-2020,921.15,922.1,929.95,918.0,926.9,925.55,925.47,2040652,18885.54,62008,653772,32.04
2020-07-20,LT, EQ, 20-Jul-2020,925.55,929.0,931.9,915.0,918.65,919.6,922.52,3036076,28008.55,122830,1101466,36.28
2020-07-21,LT, EQ, 21-Jul-2020,919.6,927.0,942.3,920.6,939.2,938.05,934.53,4759427,44478.16,104084,1686974,35.44
2020-07-22,LT, EQ, 22-Jul-2020,938.05,939.2,941.0,910.0,921.9,920.9,923.38,4977538,45961.7,141182,1769615,35.55
2020-07-23,LT, EQ, 23-Jul-2020,920.9,912.0,937.95,911.35,916.9,916.55,923.27,9075111,83787.6,192908,1790866,19.73
2020-07-24,LT, EQ, 24-Jul-2020,916.55,914.4,914.5,898.05,904.9,904.4,904.29,6059497,54795.52,165379,2220466,36.64
2020-07-27,LT, EQ, 27-Jul-2020,904.4,908.0,915.0,896.3,903.0,903.8,905.12,3615980,32729.11,84185,1034607,28.61
2020-07-28,LT, EQ, 28-Jul-2020,903.8,908.8,917.0,899.0,913.5,913.5,910.05,3793771,34525.1,87015,1571525,41.42
2020-07-29,LT, EQ, 29-Jul-2020,913.5,919.6,940.85,917.25,925.0,921.95,930.17,7245293,67393.8,149822,2524775,34.85
2020-07-30,LT, EQ, 30-Jul-2020,921.95,929.0,932.7,904.2,911.0,908.25,916.09,3364418,30821.08,99077,1376469,40.91
2020-07-31,LT, EQ, 31-Jul-2020,908.25,913.9,922.9,907.05,914.4,913.45,914.28,2944063,26916.91,65192,982079,33.36
2020-08-03,LT, EQ, 03-Aug-2020,913.45,913.0,919.75,903.55,917.95,915.9,910.93,3583271,32641.25,78118,1304027,36.39
2020-08-04,LT, EQ, 04-Aug-2020,915.9,918.0,930.0,916.6,925.0,924.25,924.71,3860457,35698.16,103376,1259096,32.62
2020-08-05,LT, EQ, 05-Aug-2020,924.25,923.95,934.5,920.8,924.0,925.75,928.6,3008672,27938.57,57782,964953,32.07
2020-08-06,LT, EQ, 06-Aug-2020,925.75,926.05,933.7,920.25,922.7,922.15,927.33,2188238,20292.21,50102,641346,29.31
2020-08-07,LT, EQ, 07-Aug-2020,922.15,922.55,926.85,914.1,916.05,915.65,918.39,2461159,22602.92,56302,1181837,48.02
2020-08-10,LT, EQ, 10-Aug-2020,915.65,925.0,970.0,925.0,959.95,960.05,958.23,11861752,113663.44,262771,4207125,35.47
2020-08-11,LT, EQ, 11-Aug-2020,960.05,969.6,979.7,957.1,961.5,961.9,966.93,5427537,52480.62,137524,2103416,38.75
2020-08-12,LT, EQ, 12-Aug-2020,961.9,952.0,956.0,945.0,950.5,949.75,950.82,3673009,34923.71,70349,2004866,54.58
2020-08-13,LT, EQ, 13-Aug-2020,949.75,957.0,993.65,951.55,991.4,990.7,976.81,8816753,86122.78,184112,2698407,30.61
2020-08-14,LT, EQ, 14-Aug-2020,990.7,999.95,1017.0,973.4,982.0,982.8,1000.06,13444105,134449.14,257553,2379044,17.7
2020-08-17,LT, EQ, 17-Aug-2020,982.8,1002.0,1007.0,987.7,1000.3,1000.8,999.33,4735275,47320.92,106812,1042845,22.02
2020-08-18,LT, EQ, 18-Aug-2020,1000.8,1005.95,1008.0,995.4,1007.5,1004.55,1001.01,4362052,43664.46,88358,1545234,35.42
2020-08-19,LT, EQ, 19-Aug-2020,1004.55,1017.25,1024.95,1005.4,1011.0,1009.1,1015.06,4914253,49882.64,101140,968691,19.71
2020-08-20,LT, EQ, 20-Aug-2020,1009.1,986.0,1005.0,981.0,995.95,995.75,996.58,4791067,47747.02,92811,1170316,24.43
2020-08-21,LT, EQ, 21-Aug-2020,995.75,1010.0,1010.0,992.0,994.0,994.15,998.44,2806880,28024.97,54389,941993,33.56
2020-08-24,LT, EQ, 24-Aug-2020,994.15,996.0,1001.4,990.0,991.75,991.35,995.58,2026316,20173.64,48841,639203,31.55
2020-08-25,LT, EQ, 25-Aug-2020,991.35,993.0,999.9,977.8,980.0,980.4,988.57,2914757,28814.36,73146,1223091,41.96
2020-08-26,LT, EQ, 26-Aug-2020,980.4,987.0,988.0,965.0,970.0,968.95,970.56,4482342,43503.68,142012,2528073,56.4
2020-08-27,LT, EQ, 27-Aug-2020,968.95,975.25,980.0,965.3,979.5,975.6,973.51,4466694,43483.71,102286,1681698,37.65
2020-08-28,LT, EQ, 28-Aug-2020,975.6,988.0,1004.7,978.2,983.65,981.85,991.12,7821217,77517.71,193729,2491545,31.86
2020-08-31,LT, EQ, 31-Aug-2020,981.85,988.1,995.4,940.4,946.2,944.95,963.4,8490694,81799.19,203296,3412059,40.19
2020-09-01,LT, EQ, 01-Sep-2020,944.95,964.95,966.0,943.3,956.15,955.2,956.03,5100024,48757.8,94617,1277589,25.05
2020-09-02,LT, EQ, 02-Sep-2020,955.2,956.45,959.8,948.0,958.0,955.55,953.18,2107726,20090.4,63197,662772,31.44
2020-09-03,LT, EQ, 03-Sep-2020,955.55,960.0,971.0,953.3,962.05,961.15,960.74,3279009,31502.62,85525,1230265,37.52
2020-09-04,LT, EQ, 04-Sep-2020,961.15,948.0,956.15,940.0,945.0,942.5,948.57,3130771,29697.64,91805,1107838,35.39
2020-09-07,LT, EQ, 07-Sep-2020,942.5,947.15,950.75,916.25,935.5,932.15,931.82,3470842,32341.86,82688,1007211,29.02
2020-09-08,LT, EQ, 08-Sep-2020,932.15,936.0,936.0,912.95,915.8,916.7,924.82,3739099,34579.81,107580,1648208,44.08
2020-09-09,LT, EQ, 09-Sep-2020,916.7,907.55,928.0,901.0,909.0,909.5,912.82,5656608,51634.46,146996,1946110,34.4
2020-09-10,LT, EQ, 10-Sep-2020,909.5,917.7,923.0,912.0,918.25,920.95,917.72,2948624,27060.24,81134,943486,32.0
2020-09-11,LT, EQ, 11-Sep-2020,920.95,920.0,921.55,912.0,916.9,917.4,916.0,2632367,24112.56,63484,1035619,39.34
2020-09-14,LT, EQ, 14-Sep-2020,917.4,922.4,923.35,901.0,902.45,902.1,910.01,5006822,45562.51,164700,2645571,52.84
2020-09-15,LT, EQ, 15-Sep-2020,902.1,910.0,915.2,900.0,915.0,909.95,906.18,4488940,40677.85,128197,1880136,41.88
2020-09-16,LT, EQ, 16-Sep-2020,909.95,915.0,924.0,911.35,922.45,921.8,917.57,3596210,32997.87,109357,1429847,39.76
2020-09-17,LT, EQ, 17-Sep-2020,921.8,915.0,917.95,905.05,906.25,906.3,910.46,4512699,41086.45,155256,2055983,45.56
2020-09-18,LT, EQ, 18-Sep-2020,906.3,911.2,914.1,897.0,899.65,900.7,903.42,7496745,67727.22,155334,4739557,63.22
2020-09-21,LT, EQ, 21-Sep-2020,900.7,901.0,903.8,874.3,878.55,881.85,888.22,4598553,40845.26,168006,1779479,38.7
2020-09-22,LT, EQ, 22-Sep-2020,881.85,887.95,887.95,852.0,860.0,856.5,863.27,5089088,43932.69,159173,2045292,40.19
2020-09-23,LT, EQ, 23-Sep-2020,856.5,866.2,873.7,854.55,861.2,860.6,863.12,3709625,32018.58,84815,1089672,29.37
2020-09-24,LT, EQ, 24-Sep-2020,860.6,856.0,859.9,843.0,851.5,850.7,852.51,11609455,98971.34,165008,8978779,77.34
2020-09-25,LT, EQ, 25-Sep-2020,850.7,860.1,895.4,852.0,888.5,889.25,873.22,4961986,43328.96,106746,1542455,31.09
2020-09-28,LT, EQ, 28-Sep-2020,889.25,898.0,917.5,893.0,905.0,902.85,907.52,3853608,34972.26,84133,1087900,28.23
2020-09-29,LT, EQ, 29-Sep-2020,902.85,909.95,912.85,892.4,894.25,895.45,898.68,3362403,30217.29,173790,951894,28.31
2020-09-30,LT, EQ, 30-Sep-2020,895.45,897.8,904.5,884.1,900.55,901.6,895.73,3582799,32092.18,75761,1123843,31.37
2020-10-01,LT, EQ, 01-Oct-2020,901.6,909.95,913.6,900.7,901.5,902.8,906.97,2506559,22733.64,91347,956175,38.15
2020-10-05,LT, EQ, 05-Oct-2020,902.8,907.95,908.55,895.05,897.0,896.95,900.49,2788003,25105.63,89467,1163375,41.73
2020-10-06,LT, EQ, 06-Oct-2020,896.95,901.05,904.55,888.25,894.0,892.6,895.87,3497327,31331.38,91856,1565054,44.75
2020-10-07,LT, EQ, 07-Oct-2020,892.6,895.0,895.0,876.05,888.0,887.9,883.57,5074140,44833.53,149391,2595920,51.16
2020-10-08,LT, EQ, 08-Oct-2020,887.9,890.3,894.0,879.05,880.1,881.05,883.76,3918967,34634.23,108750,1997232,50.96
2020-10-09,LT, EQ, 09-Oct-2020,881.05,887.4,914.95,885.6,910.05,908.45,905.68,9668658,87567.5,188849,2875279,29.74
2020-10-12,LT, EQ, 12-Oct-2020,908.45,916.95,925.75,902.05,905.05,905.75,916.35,6188907,56711.75,139186,1695761,27.4
2020-10-13,LT, EQ, 13-Oct-2020,905.75,907.95,915.7,888.85,896.3,896.45,902.11,4548652,41033.95,122561,1964443,43.19
2020-10-14,LT, EQ, 14-Oct-2020,896.45,897.0,917.0,887.2,915.4,915.2,903.64,5287050,47775.72,122665,1797593,34.0
2020-10-15,LT, EQ, 15-Oct-2020,915.2,913.0,919.0,885.4,890.05,888.8,903.88,4927842,44541.97,121575,1819104,36.91
2020-10-16,LT, EQ, 16-Oct-2020,888.8,894.0,903.5,889.5,894.55,894.1,894.64,2373465,21234.02,53057,455932,19.21
2020-10-19,LT, EQ, 19-Oct-2020,894.1,899.0,906.0,884.0,904.95,902.9,895.75,5800528,51958.23,125336,2856709,49.25
2020-10-20,LT, EQ, 20-Oct-2020,902.9,919.0,935.5,913.0,917.9,917.3,925.32,13188768,122037.72,231875,3241367,24.58
2020-10-21,LT, EQ, 21-Oct-2020,917.3,924.95,931.0,908.65,926.5,924.45,921.08,6391002,58866.25,114508,2590330,40.53
2020-10-22,LT, EQ, 22-Oct-2020,924.45,922.0,939.0,920.15,934.5,936.3,933.85,6151489,57445.41,121877,2298986,37.37
2020-10-23,LT, EQ, 23-Oct-2020,936.3,940.0,948.5,928.0,941.5,941.25,939.81,5102393,47952.72,114292,1756607,34.43
2020-10-26,LT, EQ, 26-Oct-2020,941.25,949.85,959.25,943.0,952.4,951.75,950.68,6976099,66320.31,200846,2508476,35.96
2020-10-27,LT, EQ, 27-Oct-2020,951.75,960.0,986.0,955.15,981.0,981.95,972.9,9638582,93773.46,243384,4291871,44.53
2020-10-28,LT, EQ, 28-Oct-2020,981.95,989.95,994.65,974.2,986.0,982.85,982.53,7369226,72404.64,180426,3609546,48.98
2020-10-29,LT, EQ, 29-Oct-2020,982.85,951.1,958.8,926.0,934.0,934.5,939.67,11853447,111382.91,267600,2752476,23.22
2020-10-30,LT, EQ, 30-Oct-2020,934.5,941.0,946.8,924.2,930.8,929.5,933.11,4797494,44765.76,104616,1373332,28.63
2020-11-02,LT, EQ, 02-Nov-2020,929.5,930.0,937.95,920.65,929.0,929.3,929.25,3682174,34216.46,108681,1632358,44.33
2020-11-03,LT, EQ, 03-Nov-2020,929.3,944.9,952.9,932.5,949.8,947.75,944.2,4049112,38231.87,85515,1095937,27.07
2020-11-04,LT, EQ, 04-Nov-2020,947.75,934.25,950.65,930.0,940.95,939.85,942.27,3369408,31748.89,72403,1046883,31.07
2020-11-05,LT, EQ, 05-Nov-2020,939.85,952.0,959.8,944.3,957.9,958.1,953.36,2889134,27543.83,88369,1127265,39.02
2020-11-06,LT, EQ, 06-Nov-2020,958.1,959.0,967.5,950.1,958.6,960.75,961.77,3419233,32884.99,91057,1273914,37.26
2020-11-09,LT, EQ, 09-Nov-2020,960.75,971.0,974.6,962.4,965.3,965.85,968.67,3040456,29451.94,96935,1341248,44.11
2020-11-10,LT, EQ, 10-Nov-2020,965.85,975.0,1036.9,971.6,1032.0,1033.7,1011.13,12149416,122845.81,295972,4836110,39.81
2020-11-11,LT, EQ, 11-Nov-2020,1033.7,1040.0,1062.8,1021.25,1056.7,1059.45,1044.16,10254627,107075.07,223220,3723569,36.31
2020-11-12,LT, EQ, 12-Nov-2020,1059.45,1054.9,1075.85,1052.45,1070.65,1073.2,1066.73,6743163,71931.37,172492,2524577,37.44
2020-11-13,LT, EQ, 13-Nov-2020,1073.2,1065.05,1068.15,1038.1,1052.0,1051.5,1048.16,5025096,52670.83,109843,1656137,32.96
2020-11-14,LT, EQ, 14-Nov-2020,1051.5,1060.05,1067.8,1054.0,1058.85,1059.2,1061.54,911852,9679.67,35461,337074,36.97
2020-11-17,LT, EQ, 17-Nov-2020,1059.2,1063.0,1096.85,1061.05,1083.85,1080.9,1083.31,7611327,82454.48,163392,3235706,42.51
2020-11-18,LT, EQ, 18-Nov-2020,1080.9,1080.9,1154.25,1079.15,1143.85,1148.15,1128.92,13436421,151686.3,287922,3763236,28.01
2020-11-19,LT, EQ, 19-Nov-2020,1148.15,1125.05,1177.0,1107.7,1128.75,1134.25,1145.62,10841151,124198.09,244044,2509486,23.15
2020-11-20,LT, EQ, 20-Nov-2020,1134.25,1140.0,1161.0,1118.5,1128.6,1132.3,1137.94,7009257,79761.46,140877,2194509,31.31
2020-11-23,LT, EQ, 23-Nov-2020,1132.3,1138.8,1147.85,1122.85,1125.1,1125.85,1132.87,4998877,56630.65,117426,2145194,42.91
2020-11-24,LT, EQ, 24-Nov-2020,1125.85,1135.0,1144.0,1128.3,1137.0,1135.5,1135.8,4623887,52518.22,127581,2134296,46.16
2020-11-25,LT, EQ, 25-Nov-2020,1135.5,1141.5,1147.8,1112.45,1117.2,1116.0,1124.96,4651911,52332.36,122884,1515634,32.58
2020-11-26,LT, EQ, 26-Nov-2020,1116.0,1130.0,1134.95,1101.55,1119.2,1118.85,1116.91,7360928,82214.65,153742,3010531,40.9
2020-11-27,LT, EQ, 27-Nov-2020,1118.85,1129.0,1139.8,1092.0,1106.0,1122.4,1124.39,18995549,213584.15,196120,15569906,81.97
2020-12-01,LT, EQ, 01-Dec-2020,1122.4,1140.0,1140.0,1111.2,1116.0,1115.95,1120.52,3551604,39796.54,81789,1581350,44.52
2020-12-02,LT, EQ, 02-Dec-2020,1115.95,1120.05,1132.05,1104.1,1113.85,1113.75,1116.04,4434968,49496.06,84559,2055661,46.35
2020-12-03,LT, EQ, 03-Dec-2020,1113.75,1135.0,1137.45,1120.3,1126.0,1125.15,1125.88,4087608,46021.5,97526,2177966,53.28
2020-12-04,LT, EQ, 04-Dec-2020,1125.15,1130.0,1162.0,1128.75,1149.0,1149.5,1148.32,6542918,75133.32,144476,2617090,40.0
2020-12-07,LT, EQ, 07-Dec-2020,1149.5,1154.8,1171.9,1144.0,1169.55,1169.7,1161.99,5484461,63728.78,134361,2246121,40.95
2020-12-08,LT, EQ, 08-Dec-2020,1169.7,1174.95,1182.5,1148.05,1171.7,1171.4,1166.41,4982626,58117.89,127187,1781129,35.75
2020-12-09,LT, EQ, 09-Dec-2020,1171.4,1178.0,1185.0,1166.35,1183.0,1181.0,1176.45,4304573,50641.04,124769,2377876,55.24
2020-12-10,LT, EQ, 10-Dec-2020,1181.0,1182.0,1193.75,1170.05,1189.3,1190.35,1181.63,4921373,58152.24,133137,2375196,48.26
2020-12-11,LT, EQ, 11-Dec-2020,1190.35,1188.0,1216.8,1182.0,1191.45,1194.3,1200.12,6689415,80280.82,133198,2395985,35.82
2020-12-14,LT, EQ, 14-Dec-2020,1194.3,1198.1,1263.9,1198.1,1245.4,1249.65,1234.67,9723233,120049.5,231243,3067692,31.55
2020-12-15,LT, EQ, 15-Dec-2020,1249.65,1250.0,1252.0,1216.1,1245.0,1246.25,1234.66,6953407,85851.23,166723,3106728,44.68
2020-12-16,LT, EQ, 16-Dec-2020,1246.25,1256.25,1278.0,1247.05,1268.95,1268.25,1263.82,5729223,72407.0,134570,2356469,41.13
2020-12-17,LT, EQ, 17-Dec-2020,1268.25,1270.0,1284.0,1254.05,1277.0,1278.8,1271.38,5345257,67958.71,128985,2375272,44.44
2020-12-18,LT, EQ, 18-Dec-2020,1278.8,1283.95,1301.0,1270.0,1273.0,1281.55,1285.06,10315248,132557.19,160759,4625469,44.84
2020-12-21,LT, EQ, 21-Dec-2020,1281.55,1276.25,1338.5,1154.0,1235.25,1234.85,1279.26,21153346,270605.56,420610,4061492,19.2
2020-12-22,LT, EQ, 22-Dec-2020,1234.85,1235.25,1268.0,1213.55,1264.85,1262.7,1242.46,7998730,99380.75,193655,1746930,21.84
2020-12-23,LT, EQ, 23-Dec-2020,1262.7,1268.0,1271.3,1248.35,1266.95,1264.8,1262.03,4057070,51201.64,107734,1465868,36.13
2020-12-24,LT, EQ, 24-Dec-2020,1264.8,1275.0,1281.0,1253.5,1262.8,1262.2,1265.23,3277840,41472.08,81994,1012481,30.89
2020-12-28,LT, EQ, 28-Dec-2020,1262.2,1275.0,1291.0,1266.5,1290.0,1289.4,1281.96,3405825,43661.18,88694,1009657,29.65
2020-12-29,LT, EQ, 29-Dec-2020,1289.4,1294.95,1295.05,1267.7,1286.2,1284.85,1281.22,3778319,48408.63,102729,1124386,29.76
2020-12-30,LT, EQ, 30-Dec-2020,1284.85,1288.2,1296.35,1271.0,1290.45,1292.05,1282.31,2866392,36756.1,56395,799493,27.89
2020-12-31,LT, EQ, 31-Dec-2020,1292.05,1293.0,1304.0,1282.0,1288.15,1287.6,1293.95,3889877,50333.1,92338,1392941,35.81
2021-01-01,LT, EQ, 01-Jan-2021,1287.6,1283.0,1299.95,1283.0,1296.65,1297.0,1294.82,2058419,26652.87,60674,512462,24.9
2021-01-04,LT, EQ, 04-Jan-2021,1297.0,1305.0,1322.55,1302.0,1315.55,1314.6,1313.38,4014636,52727.6,96746,1395227,34.75
2021-01-05,LT, EQ, 05-Jan-2021,1314.6,1307.0,1313.0,1295.05,1306.5,1306.3,1303.68,2833637,36941.55,90653,1052355,37.14
2021-01-06,LT, EQ, 06-Jan-2021,1306.3,1308.0,1330.0,1300.0,1314.65,1314.0,1318.01,4615963,60839.02,101860,2079697,45.05
2021-01-07,LT, EQ, 07-Jan-2021,1314.0,1330.0,1346.8,1325.0,1341.0,1338.95,1339.79,4270598,57217.05,122878,1898707,44.46
2021-01-08,LT, EQ, 08-Jan-2021,1338.95,1349.8,1382.95,1347.0,1374.6,1373.4,1370.01,4984995,68294.85,136691,1937169,38.86
2021-01-11,LT, EQ, 11-Jan-2021,1373.4,1382.0,1384.95,1345.0,1352.9,1350.0,1355.09,3252470,44073.91,136739,1565984,48.15
2021-01-12,LT, EQ, 12-Jan-2021,1350.0,1354.0,1366.85,1344.05,1350.7,1349.8,1353.16,2836161,38377.9,95218,1289281,45.46
2021-01-13,LT, EQ, 13-Jan-2021,1349.8,1354.0,1373.0,1344.3,1350.0,1352.5,1355.98,4389762,59524.38,129768,2333312,53.15
2021-01-14,LT, EQ, 14-Jan-2021,1352.5,1358.0,1389.7,1356.25,1377.0,1376.6,1375.59,5168591,71098.74,139084,2046740,39.6
2021-01-15,LT, EQ, 15-Jan-2021,1376.6,1376.7,1384.5,1345.05,1357.2,1354.15,1362.76,2587576,35262.47,88909,958948,37.06
2021-01-18,LT, EQ, 18-Jan-2021,1354.15,1345.2,1353.85,1326.15,1327.75,1336.05,1340.15,3185998,42697.18,108901,1442124,45.26
2021-01-19,LT, EQ, 19-Jan-2021,1336.05,1340.05,1382.0,1337.0,1370.4,1369.85,1367.17,3885798,53125.47,104089,1569737,40.4
2021-01-20,LT, EQ, 20-Jan-2021,1369.85,1369.0,1393.05,1362.55,1380.75,1382.65,1382.87,3957992,54733.84,177458,2065384,52.18
2021-01-21,LT, EQ, 21-Jan-2021,1382.65,1395.0,1396.0,1361.05,1374.85,1371.3,1384.6,2985423,41336.28,160770,1632398,54.68
2021-01-22,LT, EQ, 22-Jan-2021,1371.3,1362.0,1375.0,1348.5,1363.35,1362.1,1359.04,3282665,44612.75,138207,1744814,53.15
2021-01-25,LT, EQ, 25-Jan-2021,1362.1,1370.0,1396.4,1342.0,1363.4,1361.3,1374.79,4847989,66649.58,126721,1803631,37.2
2021-01-27,LT, EQ, 27-Jan-2021,1361.3,1368.8,1392.7,1330.1,1357.5,1359.85,1362.2,8896211,121184.33,259368,2118198,23.81
2021-01-28,LT, EQ, 28-Jan-2021,1359.85,1344.7,1365.1,1340.0,1347.25,1345.35,1351.06,2962948,40031.28,110084,1229587,41.5
2021-01-29,LT, EQ, 29-Jan-2021,1345.35,1362.0,1369.0,1325.1,1338.0,1334.7,1339.99,5130876,68752.98,148123,2556200,49.82
2021-02-01,LT, EQ, 01-Feb-2021,1334.7,1345.75,1462.0,1337.2,1458.75,1448.85,1405.46,11317043,159056.16,324331,4762242,42.08
2021-02-02,LT, EQ, 02-Feb-2021,1448.85,1474.0,1593.0,1474.0,1523.05,1520.2,1533.27,14349665,220018.64,411313,3804965,26.52
2021-02-03,LT, EQ, 03-Feb-2021,1520.2,1530.0,1558.0,1505.0,1527.0,1528.55,1538.53,6197782,95354.74,206869,2606705,42.06
2021-02-04,LT, EQ, 04-Feb-2021,1528.55,1525.0,1550.0,1510.0,1526.0,1529.8,1535.39,3957579,60764.26,135568,1706378,43.12
2021-02-05,LT, EQ, 05-Feb-2021,1529.8,1534.4,1547.0,1511.1,1515.7,1516.5,1528.85,3270494,50000.83,133202,938028,28.68
2021-02-08,LT, EQ, 08-Feb-2021,1516.5,1521.15,1570.0,1520.0,1553.0,1551.8,1552.37,5223019,81080.43,163234,1714281,32.82
2021-02-09,LT, EQ, 09-Feb-2021,1551.8,1557.0,1574.5,1545.0,1565.0,1566.45,1561.75,3825206,59740.3,135694,1854139,48.47
2021-02-10,LT, EQ, 10-Feb-2021,1566.45,1560.0,1564.0,1528.7,1552.0,1552.85,1547.99,2578777,39919.31,98508,926789,35.94
2021-02-11,LT, EQ, 11-Feb-2021,1552.85,1549.4,1559.9,1526.55,1533.0,1530.5,1537.02,2720190,41809.83,88704,1131077,41.58
2021-02-12,LT, EQ, 12-Feb-2021,1530.5,1535.0,1544.0,1516.1,1521.0,1521.35,1529.84,1867284,28566.43,69363,488244,26.15
2021-02-15,LT, EQ, 15-Feb-2021,1521.35,1527.0,1544.0,1521.35,1534.15,1537.65,1534.34,1917477,29420.58,84161,805294,42.0
2021-02-16,LT, EQ, 16-Feb-2021,1537.65,1540.0,1574.0,1539.0,1550.0,1549.45,1557.37,3838556,59780.68,169357,1798704,46.86
2021-02-17,LT, EQ, 17-Feb-2021,1549.45,1544.0,1567.0,1533.0,1549.95,1548.35,1553.55,2340184,36355.82,74685,909165,38.85
2021-02-18,LT, EQ, 18-Feb-2021,1548.35,1542.2,1551.2,1515.15,1523.8,1524.6,1531.59,2446843,37475.51,107942,1148092,46.92
2021-02-19,LT, EQ, 19-Feb-2021,1524.6,1523.85,1547.0,1498.85,1512.0,1508.8,1526.02,3044240,46455.6,94865,1177662,38.68
2021-02-22,LT, EQ, 22-Feb-2021,1508.8,1510.9,1511.95,1447.1,1453.7,1452.2,1464.4,6168108,90325.79,260434,3751191,60.82
2021-02-23,LT, EQ, 23-Feb-2021,1452.2,1462.0,1498.0,1460.0,1489.95,1486.3,1485.01,3733776,55446.92,127344,1342350,35.95
2021-02-24,LT, EQ, 24-Feb-2021,1486.3,1486.7,1532.0,1486.7,1523.0,1526.6,1510.35,2380414,35952.63,71210,1051252,44.16
2021-02-25,LT, EQ, 25-Feb-2021,1526.6,1534.0,1540.6,1502.0,1510.0,1506.45,1517.25,3168105,48068.14,121478,1701901,53.72
2021-02-26,LT, EQ, 26-Feb-2021,1506.45,1482.0,1493.5,1435.15,1441.5,1442.5,1457.21,5579058,81298.34,190911,2819429,50.54
2021-03-01,LT, EQ, 01-Mar-2021,1442.5,1456.0,1486.0,1438.2,1473.5,1472.85,1466.78,2494481,36588.49,103263,925769,37.11
2021-03-02,LT, EQ, 02-Mar-2021,1472.85,1479.3,1489.65,1458.15,1486.05,1485.65,1479.22,2089473,30907.94,89535,1065183,50.98
2021-03-03,LT, EQ, 03-Mar-2021,1485.65,1493.5,1510.0,1481.35,1498.0,1496.9,1493.49,2184001,32617.81,79587,889595,40.73
2021-03-04,LT, EQ, 04-Mar-2021,1496.9,1473.0,1494.35,1458.0,1464.0,1462.6,1467.29,3530366,51800.58,127957,1652283,46.8
2021-03-05,LT, EQ, 05-Mar-2021,1462.6,1453.6,1477.2,1439.1,1463.15,1463.55,1461.13,3306902,48318.23,129476,1292332,39.08
2021-03-08,LT, EQ, 08-Mar-2021,1463.55,1478.0,1525.0,1470.0,1513.65,1515.2,1510.82,4150049,62699.62,199692,1689353,40.71
2021-03-09,LT, EQ, 09-Mar-2021,1515.2,1525.0,1532.3,1491.8,1510.0,1508.3,1511.9,3779948,57148.92,139247,2118615,56.05
2021-03-10,LT, EQ, 10-Mar-2021,1508.3,1523.0,1534.75,1507.5,1523.2,1524.2,1524.49,2210547,33699.47,83581,968905,43.83
2021-03-12,LT, EQ, 12-Mar-2021,1524.2,1526.3,1565.0,1503.15,1513.95,1514.0,1542.99,4885349,75380.26,147137,1911182,39.12
2021-03-15,LT, EQ, 15-Mar-2021,1514.0,1520.0,1528.1,1463.3,1485.0,1483.75,1489.64,3181524,47393.29,156050,1476903,46.42
2021-03-16,LT, EQ, 16-Mar-2021,1483.75,1488.3,1497.0,1457.0,1474.0,1461.8,1470.76,3233903,47563.08,119441,1490037,46.08
2021-03-17,LT, EQ, 17-Mar-2021,1461.8,1476.0,1492.95,1431.75,1441.4,1437.65,1460.73,5178384,75642.02,133364,1613318,31.15
2021-03-18,LT, EQ, 18-Mar-2021,1437.65,1455.55,1469.7,1420.0,1427.0,1428.1,1444.11,3381940,48838.83,111017,1309918,38.73
2021-03-19,LT, EQ, 19-Mar-2021,1428.1,1415.0,1421.85,1378.6,1413.65,1411.25,1404.02,9920812,139289.81,198898,4655641,46.93
2021-03-22,LT, EQ, 22-Mar-2021,1411.25,1409.0,1417.4,1392.25,1401.9,1400.05,1400.98,2964175,41527.4,91370,1387921,46.82
2021-03-23,LT, EQ, 23-Mar-2021,1400.05,1401.9,1416.5,1398.1,1405.5,1404.35,1406.86,2564844,36083.87,95615,1008711,39.33
2021-03-24,LT, EQ, 24-Mar-2021,1404.35,1400.0,1407.0,1360.05,1376.5,1369.15,1375.82,4237815,58304.74,138703,2220334,52.39
2021-03-25,LT, EQ, 25-Mar-2021,1369.15,1361.0,1389.0,1361.0,1374.0,1371.1,1374.91,3894604,53547.24,106235,1157163,29.71
2021-03-26,LT, EQ, 26-Mar-2021,1371.1,1386.3,1408.0,1382.0,1398.85,1398.3,1399.22,3093766,43288.48,92831,1135745,36.71
2021-03-30,LT, EQ, 30-Mar-2021,1398.3,1408.0,1428.2,1395.55,1428.2,1423.55,1411.44,2801283,39538.45,101440,1259476,44.96
2021-03-31,LT, EQ, 31-Mar-2021,1423.55,1423.6,1431.6,1410.4,1418.0,1418.9,1421.27,2400871,34122.92,81482,901403,37.54
2021-04-01,LT, EQ, 01-Apr-2021,1418.9,1432.0,1447.85,1420.5,1442.0,1444.6,1434.9,1380763,19812.5,64305,454704,32.93
2021-04-05,LT, EQ, 05-Apr-2021,1444.6,1439.0,1439.0,1381.4,1405.5,1403.8,1402.23,2548649,35737.86,86164,863540,33.88
2021-04-06,LT, EQ, 06-Apr-2021,1403.8,1405.9,1416.3,1393.3,1400.75,1401.0,1403.54,1824079,25601.61,56378,569988,31.25
2021-04-07,LT, EQ, 07-Apr-2021,1401.0,1402.0,1417.2,1389.25,1405.05,1404.15,1407.46,1841308,25915.61,58532,708810,38.49
2021-04-08,LT, EQ, 08-Apr-2021,1404.15,1410.0,1434.8,1410.0,1420.0,1419.15,1422.89,1644834,23404.15,58544,546403,33.22
2021-04-09,LT, EQ, 09-Apr-2021,1419.15,1414.0,1417.0,1397.1,1405.25,1404.1,1406.35,2015002,28338.01,65535,855342,42.45
2021-04-12,LT, EQ, 12-Apr-2021,1404.1,1393.95,1393.95,1332.0,1354.0,1345.15,1349.57,3755497,50683.19,143556,1823677,48.56
2021-04-13,LT, EQ, 13-Apr-2021,1345.15,1347.25,1382.0,1347.25,1376.55,1373.7,1368.46,2063654,28240.33,85120,749494,36.32
2021-04-15,LT, EQ, 15-Apr-2021,1373.7,1378.95,1391.1,1358.1,1376.0,1374.65,1369.08,2625838,35949.71,107649,1260661,48.01
2021-04-16,LT, EQ, 16-Apr-2021,1374.65,1360.5,1393.3,1355.3,1357.5,1359.15,1373.11,3752588,51527.19,106004,2327307,62.02
2021-04-19,LT, EQ, 19-Apr-2021,1359.15,1340.0,1346.2,1306.0,1312.5,1310.45,1326.27,4157065,55134.08,146317,2439476,58.68
2021-04-20,LT, EQ, 20-Apr-2021,1310.45,1320.0,1339.45,1317.7,1330.0,1331.5,1328.91,2989204,39723.9,95667,1536913,51.42
2021-04-22,LT, EQ, 22-Apr-2021,1331.5,1310.0,1339.5,1307.25,1339.5,1336.8,1323.52,2398100,31739.45,119649,986463,41.14
2021-04-23,LT, EQ, 23-Apr-2021,1336.8,1330.0,1344.65,1314.45,1324.0,1322.9,1329.38,2062964,27424.72,77892,849820,41.19
2021-04-26,LT, EQ, 26-Apr-2021,1322.9,1330.05,1341.2,1323.0,1339.0,1335.9,1334.93,1431562,19110.37,52965,518221,36.2
2021-04-27,LT, EQ, 27-Apr-2021,1335.9,1339.0,1388.45,1335.9,1384.0,1380.65,1370.45,4303909,58982.88,128988,1899385,44.13
2021-04-28,LT, EQ, 28-Apr-2021,1380.65,1384.85,1399.95,1372.5,1374.15,1375.9,1383.54,3220346,44554.88,88395,1638109,50.87
2021-04-29,LT, EQ, 29-Apr-2021,1375.9,1383.95,1389.55,1353.5,1358.8,1358.65,1366.4,2221346,30352.42,71953,1070434,48.19
2021-04-30,LT, EQ, 30-Apr-2021,1358.65,1350.0,1365.0,1336.1,1340.05,1340.45,1349.74,1968093,26564.19,63130,953902,48.47
2021-05-03,LT, EQ, 03-May-2021,1340.45,1325.5,1351.3,1319.15,1341.5,1342.5,1335.57,1653245,22080.18,93782,609485,36.87
2021-05-04,LT, EQ, 04-May-2021,1342.5,1350.0,1350.9,1331.0,1338.0,1337.6,1339.13,2029558,27178.33,69020,1041025,51.29
2021-05-05,LT, EQ, 05-May-2021,1337.6,1342.2,1346.75,1324.0,1337.55,1338.65,1335.73,1813150,24218.78,73915,767367,42.32
2021-05-06,LT, EQ, 06-May-2021,1338.65,1344.0,1356.55,1335.75,1339.0,1339.9,1342.49,2333882,31332.13,94087,1198395,51.35
2021-05-07,LT, EQ, 07-May-2021,1339.9,1347.0,1359.9,1339.0,1341.0,1342.7,1347.63,2362325,31835.48,63914,1274960,53.97
2021-05-10,LT, EQ, 10-May-2021,1342.7,1347.0,1398.85,1347.0,1397.95,1395.0,1380.55,3929224,54244.98,111548,2054287,52.28
2021-05-11,LT, EQ, 11-May-2021,1395.0,1380.0,1399.9,1376.1,1383.0,1383.6,1388.13,1975828,27427.02,89111,868586,43.96
2021-05-12,LT, EQ, 12-May-2021,1383.6,1380.0,1425.0,1377.0,1386.95,1385.3,1405.11,4283174,60183.11,137399,1186496,27.7
2021-05-14,LT, EQ, 14-May-2021,1385.3,1394.0,1423.9,1374.05,1414.5,1415.5,1398.94,4558155,63765.74,136395,1345305,29.51
2021-05-17,LT, EQ, 17-May-2021,1415.5,1433.0,1441.0,1368.2,1388.4,1386.75,1392.51,9620003,133959.21,220008,3581430,37.23
2021-05-18,LT, EQ, 18-May-2021,1386.75,1405.0,1422.0,1397.0,1421.1,1417.3,1411.25,3312380,46745.91,86148,1455270,43.93
2021-05-19,LT, EQ, 19-May-2021,1417.3,1414.0,1435.0,1400.0,1403.0,1403.45,1415.29,3215258,45505.08,99466,1414600,44.0
2021-05-20,LT, EQ, 20-May-2021,1403.45,1410.8,1426.95,1401.65,1409.35,1409.75,1415.43,1996254,28255.48,74596,849400,42.55
2021-05-21,LT, EQ, 21-May-2021,1409.75,1415.0,1424.7,1407.1,1419.0,1418.05,1416.95,2185322,30964.86,122337,1057069,48.37
2021-05-24,LT, EQ, 24-May-2021,1418.05,1420.0,1458.0,1410.0,1443.0,1443.25,1444.74,5035538,72750.62,150359,1686591,33.49
2021-05-25,LT, EQ, 25-May-2021,1443.25,1460.0,1461.95,1442.1,1452.6,1450.95,1450.37,2892219,41947.75,91402,1447017,50.03
2021-05-26,LT, EQ, 26-May-2021,1450.95,1458.9,1476.6,1452.8,1474.0,1472.9,1466.8,3230579,47386.17,95422,1358069,42.04
2021-05-27,LT, EQ, 27-May-2021,1472.9,1475.95,1485.0,1461.75,1483.0,1482.85,1475.82,3747221,55302.13,86270,2071036,55.27
2021-05-28,LT, EQ, 28-May-2021,1482.85,1487.1,1499.65,1473.9,1475.95,1478.1,1484.3,2315923,34375.35,89620,1137643,49.12
2021-05-31,LT, EQ, 31-May-2021,1478.1,1472.3,1476.0,1457.55,1472.3,1467.7,1466.55,2405318,35275.31,83485,1126721,46.84
2021-06-01,LT, EQ, 01-Jun-2021,1467.7,1465.95,1492.5,1463.0,1473.0,1474.65,1478.18,2077742,30712.71,66388,707657,34.06
2021-06-02,LT, EQ, 02-Jun-2021,1474.65,1468.3,1474.6,1455.05,1472.5,1471.05,1464.47,2469417,36163.89,77096,1496756,60.61
2021-06-03,LT, EQ, 03-Jun-2021,1471.05,1480.1,1515.0,1473.2,1512.0,1510.85,1492.96,3025466,45169.11,129008,1659300,54.84
2021-06-04,LT, EQ, 04-Jun-2021,1510.85,1518.95,1547.25,1516.9,1536.15,1537.55,1535.23,5677538,87163.06,151979,2891662,50.93
2021-06-07,LT, EQ, 07-Jun-2021,1537.55,1545.45,1569.5,1540.75,1555.2,1557.8,1559.67,3131245,48836.99,138266,1745788,55.75
2021-06-08,LT, EQ, 08-Jun-2021,1557.8,1561.0,1583.0,1546.05,1549.95,1549.15,1566.85,3945382,61818.21,124073,1969881,49.93
2021-06-09,LT, EQ, 09-Jun-2021,1549.15,1550.0,1555.0,1513.3,1520.8,1519.3,1528.34,3025732,46243.36,87809,1571302,51.93
2021-06-10,LT, EQ, 10-Jun-2021,1519.3,1525.0,1534.0,1515.0,1519.0,1519.7,1522.93,1584311,24128.02,70245,809912,51.12
2021-06-11,LT, EQ, 11-Jun-2021,1519.7,1521.0,1527.15,1498.65,1506.95,1503.45,1510.69,1909384,28844.81,89161,920962,48.23
2021-06-14,LT, EQ, 14-Jun-2021,1503.45,1503.45,1519.5,1478.0,1514.65,1515.75,1503.4,2005404,30149.34,75077,887021,44.23
2021-06-15,LT, EQ, 15-Jun-2021,1515.75,1520.0,1523.7,1505.85,1510.2,1510.8,1517.75,1831871,27803.17,87788,1015320,55.43
2021-06-16,LT, EQ, 16-Jun-2021,1510.8,1505.85,1516.0,1488.0,1489.9,1490.9,1498.95,1504791,22556.04,75796,781884,51.96
2021-06-17,LT, EQ, 17-Jun-2021,1490.9,1481.0,1499.85,1480.25,1484.5,1487.55,1491.61,1675778,24996.13,76245,825601,49.27
2021-06-18,LT, EQ, 18-Jun-2021,1487.55,1487.55,1490.95,1460.1,1479.1,1476.0,1474.97,4649835,68583.85,88985,2832260,60.91
2021-06-21,LT, EQ, 21-Jun-2021,1476.0,1460.0,1469.4,1447.25,1467.8,1467.05,1457.7,1970012,28716.93,84554,988614,50.18
2021-06-22,LT, EQ, 22-Jun-2021,1467.05,1470.1,1504.8,1469.55,1500.0,1499.2,1495.71,3862264,57768.33,79969,2509345,64.97
2021-06-23,LT, EQ, 23-Jun-2021,1499.2,1505.0,1507.0,1476.1,1482.0,1479.25,1490.77,1818874,27115.22,58824,959493,52.75
2021-06-24,LT, EQ, 24-Jun-2021,1479.25,1490.0,1513.2,1482.0,1510.0,1504.05,1503.58,2762042,41529.5,89469,919510,33.29
2021-06-25,LT, EQ, 25-Jun-2021,1504.05,1510.5,1529.3,1507.5,1520.85,1523.85,1520.89,2099002,31923.43,71855,1124150,53.56
2021-06-28,LT, EQ, 28-Jun-2021,1523.85,1526.0,1527.95,1510.35,1515.0,1514.45,1517.12,1173658,17805.75,48791,566896,48.3
2021-06-29,LT, EQ, 29-Jun-2021,1514.45,1513.0,1529.8,1503.9,1512.0,1510.9,1515.69,2174022,32951.52,92802,1141104,52.49
2021-06-30,LT, EQ, 30-Jun-2021,1510.9,1516.0,1523.4,1495.5,1499.55,1500.55,1507.55,2139362,32251.94,78688,1374837,64.26
2021-07-01,LT, EQ, 01-Jul-2021,1500.55,1497.1,1503.0,1480.15,1495.0,1492.3,1489.23,2060651,30687.82,73577,1191664,57.83
2021-07-02,LT, EQ, 02-Jul-2021,1492.3,1500.0,1500.65,1475.5,1488.5,1485.65,1485.74,1814564,26959.7,71260,912579,50.29
2021-07-05,LT, EQ, 05-Jul-2021,1485.65,1490.0,1514.0,1488.0,1506.0,1507.95,1506.22,1605396,24180.84,69029,718944,44.78
2021-07-06,LT, EQ, 06-Jul-2021,1507.95,1506.0,1519.0,1500.0,1506.0,1505.5,1509.49,1072506,16189.35,43555,442599,41.27
2021-07-07,LT, EQ, 07-Jul-2021,1505.5,1495.0,1519.7,1495.0,1515.0,1516.45,1511.57,1096808,16579.06,46858,420221,38.31
2021-07-08,LT, EQ, 08-Jul-2021,1516.45,1503.0,1524.0,1497.0,1500.1,1500.7,1506.77,1456033,21939.02,50101,846421,58.13
2021-07-09,LT, EQ, 09-Jul-2021,1500.7,1497.9,1502.85,1485.5,1499.5,1499.6,1493.16,1248405,18640.64,62923,703001,56.31
2021-07-12,LT, EQ, 12-Jul-2021,1499.6,1504.4,1516.0,1491.6,1501.5,1500.75,1504.41,865284,13017.44,37039,310795,35.92
2021-07-13,LT, EQ, 13-Jul-2021,1500.75,1515.0,1515.0,1501.35,1514.6,1513.6,1510.73,995833,15044.36,42968,518345,52.05
2021-07-14,LT, EQ, 14-Jul-2021,1513.6,1513.55,1549.9,1508.0,1540.85,1544.7,1537.92,4010254,61674.33,148317,1589433,39.63
2021-07-15,LT, EQ, 15-Jul-2021,1544.7,1550.0,1625.0,1549.95,1601.25,1609.35,1605.58,9066480,145569.23,264762,3647308,40.23
2021-07-16,LT, EQ, 16-Jul-2021,1609.35,1609.35,1622.8,1595.1,1617.0,1618.75,1611.96,4157388,67015.52,105911,2612925,62.85
2021-07-19,LT, EQ, 19-Jul-2021,1618.75,1600.0,1639.4,1597.6,1609.95,1609.6,1618.7,3027093,48999.43,116309,1171928,38.71
2021-07-20,LT, EQ, 20-Jul-2021,1609.6,1609.85,1622.65,1582.0,1588.7,1590.35,1598.87,1847026,29531.59,78585,736633,39.88
2021-07-22,LT, EQ, 22-Jul-2021,1590.35,1610.0,1647.15,1591.55,1647.0,1642.15,1623.72,3231269,52466.61,128998,1536508,47.55
2021-07-23,LT, EQ, 23-Jul-2021,1642.15,1644.0,1645.95,1606.85,1617.0,1611.75,1620.02,2259058,36597.1,124176,1092555,48.36
2021-07-26,LT, EQ, 26-Jul-2021,1611.75,1611.75,1627.3,1592.8,1599.0,1597.6,1606.31,2219416,35650.77,108930,1237923,55.78
2021-07-27,LT, EQ, 27-Jul-2021,1597.6,1610.15,1619.0,1584.25,1605.6,1608.25,1605.19,3984778,63963.3,130685,1733635,43.51
2021-07-28,LT, EQ, 28-Jul-2021,1608.25,1592.45,1601.3,1553.0,1598.0,1594.2,1585.53,4119892,65322.32,151089,2392452,58.07
2021-07-29,LT, EQ, 29-Jul-2021,1594.2,1594.0,1607.35,1586.0,1597.0,1596.0,1596.48,1672177,26695.96,82667,827782,49.5
2021-07-30,LT, EQ, 30-Jul-2021,1596.0,1598.0,1624.9,1585.0,1601.95,1601.45,1605.59,2536568,40726.79,92796,1247722,49.19
2021-08-02,LT, EQ, 02-Aug-2021,1601.45,1606.3,1618.0,1602.05,1616.0,1613.95,1612.08,1083353,17464.5,53697,550593,50.82
2021-08-03,LT, EQ, 03-Aug-2021,1613.95,1625.0,1638.7,1610.3,1631.0,1634.35,1625.58,1777140,28888.82,87136,805500,45.33
2021-08-04,LT, EQ, 04-Aug-2021,1634.35,1640.0,1644.3,1613.6,1623.5,1623.2,1627.56,2067087,33643.14,110104,1212490,58.66
2021-08-05,LT, EQ, 05-Aug-2021,1623.2,1620.0,1632.85,1608.8,1624.2,1627.4,1622.06,1831728,29711.72,68086,936012,51.1
2021-08-06,LT, EQ, 06-Aug-2021,1627.4,1627.0,1639.0,1608.3,1609.0,1610.35,1618.77,1192143,19298.02,58047,609781,51.15
2021-08-09,LT, EQ, 09-Aug-2021,1610.35,1620.0,1624.0,1590.0,1595.0,1597.45,1605.73,1223794,19650.86,55545,537682,43.94
2021-08-10,LT, EQ, 10-Aug-2021,1597.45,1606.0,1609.9,1572.0,1587.15,1588.45,1593.77,1429931,22789.76,55271,641477,44.86
2021-08-11,LT, EQ, 11-Aug-2021,1588.45,1590.2,1597.9,1562.75,1584.0,1583.3,1577.95,1370930,21632.59,66800,710965,51.86
2021-08-12,LT, EQ, 12-Aug-2021,1583.3,1590.0,1627.0,1582.0,1624.0,1623.45,1612.91,1645811,26545.48,82015,763899,46.41
2021-08-13,LT, EQ, 13-Aug-2021,1623.45,1626.0,1676.8,1625.0,1665.05,1668.4,1658.61,5439442,90219.32,167570,2561409,47.09
2021-08-16,LT, EQ, 16-Aug-2021,1668.4,1674.0,1677.05,1653.35,1657.95,1656.1,1661.96,1794407,29822.27,88043,892804,49.75
2021-08-17,LT, EQ, 17-Aug-2021,1656.1,1658.0,1665.0,1625.05,1639.0,1638.75,1643.49,1838525,30215.94,89869,978475,53.22
2021-08-18,LT, EQ, 18-Aug-2021,1638.75,1647.0,1661.1,1627.1,1630.0,1632.85,1644.37,1570228,25820.41,78150,714850,45.53
2021-08-20,LT, EQ, 20-Aug-2021,1632.85,1618.9,1623.0,1590.0,1592.0,1593.6,1600.88,2416059,38678.18,114986,1384010,57.28
2021-08-23,LT, EQ, 23-Aug-2021,1593.6,1600.1,1619.0,1567.9,1582.0,1580.75,1592.68,1973841,31436.93,83127,907282,45.97
2021-08-24,LT, EQ, 24-Aug-2021,1580.75,1590.0,1613.35,1582.8,1608.0,1605.8,1599.01,1580003,25264.47,62459,779035,49.31
2021-08-25,LT, EQ, 25-Aug-2021,1605.8,1614.95,1626.0,1590.0,1593.7,1593.8,1601.79,1795313,28757.19,75791,914690,50.95
2021-08-26,LT, EQ, 26-Aug-2021,1593.8,1593.8,1602.95,1585.0,1600.0,1595.75,1593.23,2051262,32681.38,79090,1445834,70.49
2021-08-27,LT, EQ, 27-Aug-2021,1595.75,1604.0,1666.7,1598.05,1639.0,1638.1,1644.68,4903187,80641.8,154721,1520761,31.02
2021-08-30,LT, EQ, 30-Aug-2021,1638.1,1646.7,1684.95,1645.1,1657.5,1660.1,1666.86,3345934,55772.18,103723,1397003,41.75
2021-08-31,LT, EQ, 31-Aug-2021,1660.1,1660.05,1676.0,1645.0,1673.1,1672.2,1666.51,3264644,54405.68,80714,1953994,59.85
2021-09-01,LT, EQ, 01-Sep-2021,1672.2,1672.25,1718.0,1672.2,1688.15,1686.4,1696.47,3530101,59887.04,163279,1748907,49.54
2021-09-02,LT, EQ, 02-Sep-2021,1686.4,1687.9,1710.0,1682.0,1688.0,1686.2,1693.93,2400278,40659.07,94269,1361270,56.71
2021-09-03,LT, EQ, 03-Sep-2021,1686.2,1697.0,1704.3,1672.1,1695.0,1691.5,1686.34,2336258,39397.31,95745,1399568,59.91
2021-09-06,LT, EQ, 06-Sep-2021,1691.5,1700.0,1716.0,1690.2,1693.5,1694.2,1698.65,1850835,31439.12,86215,884906,47.81
2021-09-07,LT, EQ, 07-Sep-2021,1694.2,1694.2,1705.0,1679.45,1682.85,1681.7,1687.97,1734879,29284.24,68174,940698,54.22
2021-09-08,LT, EQ, 08-Sep-2021,1681.7,1682.0,1694.7,1658.0,1665.75,1666.55,1672.92,1644392,27509.39,96978,805986,49.01
2021-09-09,LT, EQ, 09-Sep-2021,1666.55,1655.2,1680.6,1655.2,1668.3,1670.05,1669.86,1225239,20459.76,61789,674804,55.08
2021-09-13,LT, EQ, 13-Sep-2021,1670.05,1662.05,1675.65,1660.5,1670.55,1671.7,1670.34,1578773,26370.89,105701,1052445,66.66
2021-09-14,LT, EQ, 14-Sep-2021,1671.7,1676.0,1698.8,1675.4,1696.5,1696.45,1689.28,1407269,23772.78,107526,756723,53.77
2021-09-15,LT, EQ, 15-Sep-2021,1696.45,1700.0,1724.6,1697.0,1716.45,1717.0,1715.08,2757989,47301.79,140008,1614127,58.53
2021-09-16,LT, EQ, 16-Sep-2021,1717.0,1709.6,1728.5,1709.25,1721.0,1721.25,1721.91,2128381,36648.82,75616,1501395,70.54
2021-09-17,LT, EQ, 17-Sep-2021,1721.25,1724.0,1741.7,1706.1,1720.0,1716.2,1725.09,3473932,59928.34,112543,2288360,65.87
2021-09-20,LT, EQ, 20-Sep-2021,1716.2,1700.2,1735.0,1699.95,1700.0,1704.35,1715.87,1820374,31235.26,76514,1019543,56.01
2021-09-21,LT, EQ, 21-Sep-2021,1704.35,1698.6,1730.75,1692.4,1730.0,1720.9,1710.29,2029747,34714.57,104138,1208878,59.56
2021-09-22,LT, EQ, 22-Sep-2021,1720.9,1720.9,1730.0,1706.0,1707.0,1710.9,1717.92,1487933,25561.43,69608,910453,61.19
2021-09-23,LT, EQ, 23-Sep-2021,1710.9,1718.3,1775.0,1715.05,1774.55,1769.7,1757.75,3702946,65088.58,132272,2263739,61.13
2021-09-24,LT, EQ, 24-Sep-2021,1769.7,1780.0,1810.0,1750.0,1765.2,1768.75,1782.4,3612494,64389.13,147579,2027802,56.13
2021-09-27,LT, EQ, 27-Sep-2021,1768.75,1772.0,1782.75,1737.0,1738.35,1739.6,1749.72,1650711,28882.88,90386,1067444,64.67
2021-09-28,LT, EQ, 28-Sep-2021,1739.6,1745.3,1759.05,1719.0,1734.0,1737.15,1737.8,1442615,25069.81,72629,695266,48.19
2021-09-29,LT, EQ, 29-Sep-2021,1737.15,1732.0,1742.0,1716.6,1720.0,1721.0,1728.03,1698747,29354.8,86217,1030722,60.68
2021-09-30,LT, EQ, 30-Sep-2021,1721.0,1719.95,1734.25,1697.0,1704.0,1702.95,1712.73,1792078,30693.42,81210,1034808,57.74
2021-10-01,LT, EQ, 01-Oct-2021,1702.95,1697.5,1712.5,1687.5,1695.5,1696.9,1697.77,1563937,26552.03,58789,894542,57.2
2021-10-04,LT, EQ, 04-Oct-2021,1696.9,1696.5,1723.95,1684.05,1715.0,1715.25,1712.96,1588493,27210.19,76623,895008,56.34
2021-10-05,LT, EQ, 05-Oct-2021,1715.25,1714.5,1740.0,1706.0,1717.95,1716.7,1723.13,1705242,29383.52,73660,904018,53.01
2021-10-06,LT, EQ, 06-Oct-2021,1716.7,1716.7,1735.9,1690.0,1694.9,1695.05,1712.59,1845661,31608.67,69970,973530,52.75
2021-10-07,LT, EQ, 07-Oct-2021,1695.05,1710.0,1729.3,1700.0,1713.4,1712.45,1713.84,1378863,23631.49,67147,728040,52.8
2021-10-08,LT, EQ, 08-Oct-2021,1712.45,1740.0,1741.0,1720.0,1729.1,1726.9,1728.77,1755402,30346.79,61883,893755,50.91
2021-10-11,LT, EQ, 11-Oct-2021,1726.9,1733.75,1746.85,1715.0,1717.0,1716.9,1727.94,1528151,26405.58,66295,953825,62.42
2021-10-12,LT, EQ, 12-Oct-2021,1716.9,1710.5,1725.55,1700.0,1721.0,1718.2,1708.83,1671988,28571.4,92973,848223,50.73
2021-10-13,LT, EQ, 13-Oct-2021,1718.2,1727.0,1763.9,1724.05,1755.65,1752.05,1750.04,2105025,36838.72,107819,1008093,47.89
2021-10-14,LT, EQ, 14-Oct-2021,1752.05,1775.0,1817.9,1767.45,1787.0,1789.3,1795.62,4440909,79742.04,169599,2229168,50.2
2021-10-18,LT, EQ, 18-Oct-2021,1789.3,1807.15,1810.5,1782.0,1785.0,1788.45,1795.05,1918546,34438.91,87947,1076006,56.08
2021-10-19,LT, EQ, 19-Oct-2021,1788.45,1809.8,1885.0,1802.05,1848.0,1846.05,1848.38,6639827,122729.24,219361,2703715,40.72
2021-10-20,LT, EQ, 20-Oct-2021,1846.05,1855.0,1868.65,1796.3,1810.1,1806.7,1825.74,3295376,60165.06,114101,1634943,49.61
2021-10-21,LT, EQ, 21-Oct-2021,1806.7,1815.0,1826.5,1791.05,1808.0,1805.75,1804.46,2774633,50067.21,135343,1707435,61.54
2021-10-22,LT, EQ, 22-Oct-2021,1805.75,1816.0,1831.5,1781.35,1789.15,1792.25,1804.79,1520637,27444.26,92608,569812,37.47
2021-10-25,LT, EQ, 25-Oct-2021,1792.25,1792.25,1812.8,1760.35,1784.8,1784.15,1792.45,2488386,44603.04,131422,1255677,50.46
2021-10-26,LT, EQ, 26-Oct-2021,1784.15,1785.0,1811.9,1781.55,1799.0,1796.25,1793.66,1930107,34619.51,83776,1104601,57.23
2021-10-27,LT, EQ, 27-Oct-2021,1796.25,1801.0,1814.0,1775.1,1778.0,1784.55,1797.54,1408879,25325.22,63603,675138,47.92
2021-10-28,LT, EQ, 28-Oct-2021,1784.55,1799.55,1862.0,1791.0,1817.0,1814.25,1834.16,6379424,117008.77,204711,2666024,41.79
2021-10-29,LT, EQ, 29-Oct-2021,1814.25,1822.0,1824.9,1735.8,1776.0,1766.65,1789.45,3984689,71303.99,173643,1899512,47.67
2021-11-01,LT, EQ, 01-Nov-2021,1766.65,1776.0,1805.0,1751.2,1799.95,1795.35,1779.09,2316925,41220.12,131885,1228502,53.02
2021-11-02,LT, EQ, 02-Nov-2021,1795.35,1800.0,1824.45,1795.4,1817.0,1815.65,1810.6,1687119,30547.0,93436,925907,54.88
2021-11-03,LT, EQ, 03-Nov-2021,1815.65,1818.0,1915.0,1818.0,1892.75,1889.5,1889.28,11580233,218782.92,247955,4767809,41.17
2021-11-08,LT, EQ, 08-Nov-2021,1908.95,1944.55,1953.9,1912.2,1925.5,1924.55,1928.27,3674523,70854.85,160820,2059549,56.05
2021-11-09,LT, EQ, 09-Nov-2021,1924.55,1933.5,1964.1,1930.3,1941.05,1943.6,1944.28,3550645,69034.32,135003,2047153,57.66
2021-11-10,LT, EQ, 10-Nov-2021,1943.6,1932.7,1954.0,1932.0,1950.0,1950.15,1945.41,3208195,62412.56,85434,2042473,63.66
2021-11-11,LT, EQ, 11-Nov-2021,1950.15,1947.85,1981.75,1925.65,1934.1,1931.7,1959.77,7061537,138390.04,186174,4177836,59.16
2021-11-12,LT, EQ, 12-Nov-2021,1931.7,1940.0,1965.0,1928.1,1962.0,1959.95,1946.26,2026320,39437.47,85379,1103355,54.45
2021-11-15,LT, EQ, 15-Nov-2021,1959.95,1961.25,1974.5,1943.0,1948.8,1947.05,1955.0,1127678,22046.15,53758,622960,55.24
2021-11-16,LT, EQ, 16-Nov-2021,1947.05,1950.0,1979.95,1944.0,1950.0,1955.3,1955.51,2279531,44576.57,92032,1272250,55.81
2021-11-17,LT, EQ, 17-Nov-2021,1955.3,1949.0,1978.9,1943.55,1951.0,1952.9,1962.76,2166686,42526.74,74181,1162719,53.66
2021-11-18,LT, EQ, 18-Nov-2021,1952.9,1952.9,1954.0,1893.0,1896.0,1897.0,1910.76,1883794,35994.74,108392,1101265,58.46
2021-11-22,LT, EQ, 22-Nov-2021,1897.0,1898.25,1900.0,1837.85,1865.4,1864.5,1866.37,2407464,44932.11,126797,1433202,59.53
2021-11-23,LT, EQ, 23-Nov-2021,1864.5,1850.0,1895.6,1844.5,1893.05,1886.35,1874.94,2028470,38032.61,83058,1259603,62.1
2021-11-24,LT, EQ, 24-Nov-2021,1886.35,1894.0,1902.4,1845.95,1854.0,1862.5,1881.65,1361828,25624.77,71031,799118,58.68
2021-11-25,LT, EQ, 25-Nov-2021,1862.5,1855.0,1866.85,1838.2,1849.95,1849.9,1850.9,1930012,35722.57,76065,1335717,69.21
2021-11-26,LT, EQ, 26-Nov-2021,1849.9,1820.0,1841.75,1768.6,1781.0,1778.15,1797.95,2796595,50281.37,140633,1674813,59.89
2021-11-29,LT, EQ, 29-Nov-2021,1778.15,1778.0,1790.05,1735.15,1767.1,1767.25,1772.43,2111420,37423.38,109839,1115701,52.84
2021-11-30,LT, EQ, 30-Nov-2021,1767.25,1767.25,1798.9,1751.3,1764.0,1764.75,1768.65,3385628,59879.79,127241,2072473,61.21
2021-12-01,LT, EQ, 01-Dec-2021,1764.75,1764.0,1794.0,1762.05,1790.05,1786.0,1783.74,1359786,24255.02,71955,622499,45.78
2021-12-02,LT, EQ, 02-Dec-2021,1786.0,1785.95,1794.0,1763.0,1793.0,1789.2,1779.01,2813690,50055.92,100594,1754068,62.34
2021-12-03,LT, EQ, 03-Dec-2021,1789.2,1799.95,1844.8,1796.55,1800.0,1801.25,1819.28,3612772,65726.56,136583,1485294,41.11
2021-12-06,LT, EQ, 06-Dec-2021,1801.25,1799.0,1821.0,1778.0,1783.85,1782.65,1798.71,1566109,28169.75,100780,784633,50.1
2021-12-07,LT, EQ, 07-Dec-2021,1782.65,1790.2,1810.0,1772.1,1793.55,1798.1,1794.92,2097201,37643.11,93762,1227353,58.52
2021-12-08,LT, EQ, 08-Dec-2021,1798.1,1802.0,1841.0,1802.0,1823.4,1825.05,1829.63,3433206,62815.05,82617,1658990,48.32
2021-12-09,LT, EQ, 09-Dec-2021,1825.05,1835.0,1884.15,1827.95,1879.95,1879.8,1858.9,3791595,70482.14,106987,2250312,59.35
2021-12-10,LT, EQ, 10-Dec-2021,1879.8,1879.8,1890.85,1861.05,1868.25,1873.4,1876.65,1771926,33252.81,62366,975041,55.03
2021-12-13,LT, EQ, 13-Dec-2021,1873.4,1893.7,1896.25,1855.05,1862.0,1861.5,1871.66,1857829,34772.17,106092,1176962,63.35
2021-12-14,LT, EQ, 14-Dec-2021,1861.5,1850.0,1874.0,1846.2,1870.15,1865.7,1860.58,1685243,31355.31,87874,1073720,63.71
2021-12-15,LT, EQ, 15-Dec-2021,1865.7,1866.0,1898.75,1863.65,1880.45,1880.8,1880.41,2176709,40930.98,72406,1291174,59.32
2021-12-16,LT, EQ, 16-Dec-2021,1880.8,1892.0,1908.0,1866.3,1874.15,1873.9,1880.47,2469902,46445.82,100836,1390116,56.28
2021-12-17,LT, EQ, 17-Dec-2021,1873.9,1866.5,1874.7,1831.7,1846.0,1847.1,1847.72,2352938,43475.71,69332,1252644,53.24
2021-12-20,LT, EQ, 20-Dec-2021,1847.1,1821.0,1829.65,1771.5,1799.0,1799.35,1794.21,2488158,44642.67,104518,1311345,52.7
2021-12-21,LT, EQ, 21-Dec-2021,1799.35,1817.9,1852.2,1812.5,1830.0,1827.55,1831.63,2077840,38058.28,84117,1143912,55.05
2021-12-22,LT, EQ, 22-Dec-2021,1827.55,1827.55,1879.55,1827.55,1876.0,1871.0,1855.62,1692505,31406.38,61603,920990,54.42
2021-12-23,LT, EQ, 23-Dec-2021,1871.0,1883.0,1887.85,1862.1,1876.0,1878.45,1874.36,1677127,31435.33,73421,977095,58.26
2021-12-24,LT, EQ, 24-Dec-2021,1878.45,1888.75,1888.75,1850.0,1860.0,1859.4,1860.4,1203991,22399.0,57327,667535,55.44
2021-12-27,LT, EQ, 27-Dec-2021,1859.4,1859.4,1875.65,1845.8,1868.0,1866.2,1863.4,1139744,21238.02,66560,698078,61.25
2021-12-28,LT, EQ, 28-Dec-2021,1866.2,1872.1,1909.0,1872.1,1897.8,1899.5,1898.3,1916098,36373.37,70957,978381,51.06
2021-12-29,LT, EQ, 29-Dec-2021,1899.5,1895.0,1908.95,1890.05,1895.0,1894.85,1899.0,1287946,24458.09,56359,794830,61.71
2021-12-30,LT, EQ, 30-Dec-2021,1894.85,1892.3,1901.7,1880.9,1887.15,1885.7,1888.06,1805349,34086.14,49950,1240217,68.7
2021-12-31,LT, EQ, 31-Dec-2021,1885.7,1887.35,1907.1,1887.3,1896.8,1895.9,1898.16,1145546,21744.27,47149,705848,61.62
2022-01-03,LT, EQ, 03-Jan-2022,1895.9,1895.0,1937.45,1893.65,1924.0,1922.85,1923.55,1906676,36675.82,78718,974173,51.09
2022-01-04,LT, EQ, 04-Jan-2022,1922.85,1922.85,1943.0,1914.55,1937.5,1937.55,1930.71,1643920,31739.38,61437,943982,57.42
2022-01-05,LT, EQ, 05-Jan-2022,1937.55,1940.7,1951.0,1927.65,1945.8,1948.6,1939.88,1711667,33204.22,64313,1029751,60.16
2022-01-06,LT, EQ, 06-Jan-2022,1948.6,1944.5,1953.0,1919.6,1924.5,1924.5,1931.24,1372015,26496.87,75564,733619,53.47
2022-01-07,LT, EQ, 07-Jan-2022,1924.5,1929.05,1934.95,1897.15,1906.0,1904.9,1911.48,1447123,27661.42,65033,926052,63.99
2022-01-10,LT, EQ, 10-Jan-2022,1904.9,1910.0,1959.95,1907.25,1952.95,1953.1,1932.01,2397846,46326.7,113910,1530736,63.84
2022-01-11,LT, EQ, 11-Jan-2022,1953.1,1949.0,1970.0,1937.65,1960.0,1961.15,1957.29,2232435,43695.33,116361,1437673,64.4
2022-01-12,LT, EQ, 12-Jan-2022,1961.15,1978.5,1984.0,1960.3,1967.45,1974.2,1972.68,1585970,31286.18,100678,925782,58.37
2022-01-13,LT, EQ, 13-Jan-2022,1974.2,1975.55,2029.0,1975.55,2023.0,2018.4,2000.94,2373324,47488.88,114519,1143333,48.17
2022-01-14,LT, EQ, 14-Jan-2022,2018.4,2014.0,2049.95,2007.0,2042.0,2044.75,2038.32,3124945,63696.45,110302,1738187,55.62
2022-01-17,LT, EQ, 17-Jan-2022,2044.75,2044.75,2071.95,2042.0,2070.65,2069.4,2058.24,1858651,38255.58,73766,1063717,57.23
2022-01-18,LT, EQ, 18-Jan-2022,2069.4,2075.65,2078.55,2010.55,2025.95,2022.2,2045.06,1460676,29871.65,87061,661714,45.3
2022-01-19,LT, EQ, 19-Jan-2022,2022.2,2019.9,2027.0,1987.0,2016.85,2020.9,2011.25,2336679,46996.46,97519,1360826,58.24
2022-01-20,LT, EQ, 20-Jan-2022,2020.9,2020.0,2035.0,1984.1,2002.4,2003.5,2002.76,2031107,40678.29,88049,1217560,59.95
2022-01-21,LT, EQ, 21-Jan-2022,2003.5,1982.15,1994.8,1943.05,1963.5,1956.05,1965.56,2209132,43421.83,150766,1435214,64.97
2022-01-24,LT, EQ, 24-Jan-2022,1956.05,1955.0,1959.0,1881.55,1897.0,1899.9,1913.63,2307120,44149.74,121335,1327950,57.56
2022-01-25,LT, EQ, 25-Jan-2022,1899.9,1895.0,1931.3,1850.1,1919.35,1925.3,1899.52,2998042,56948.26,150876,1726331,57.58
2022-01-27,LT, EQ, 27-Jan-2022,1925.3,1914.55,1922.0,1867.0,1913.2,1910.85,1896.79,2932713,55627.39,161007,1564122,53.33
2022-01-28,LT, EQ, 28-Jan-2022,1910.85,1916.1,1948.0,1891.3,1897.85,1897.55,1922.61,2233620,42943.87,108456,977043,43.74
2022-01-31,LT, EQ, 31-Jan-2022,1897.55,1890.2,1924.0,1850.45,1912.0,1909.2,1900.77,3161064,60084.58,133776,1305130,41.29
2022-02-01,LT, EQ, 01-Feb-2022,1909.2,1928.65,1999.9,1917.0,1995.0,1990.5,1956.04,5392787,105485.09,182471,1859480,34.48
2022-02-02,LT, EQ, 02-Feb-2022,1990.5,1995.1,2008.0,1970.6,1980.95,1982.7,1986.62,3579380,71108.78,150366,2198792,61.43
2022-02-03,LT, EQ, 03-Feb-2022,1982.7,1981.5,1985.0,1930.0,1931.2,1933.65,1947.7,2262217,44061.2,114638,1309045,57.87
2022-02-04,LT, EQ, 04-Feb-2022,1933.65,1948.0,1957.8,1923.3,1945.0,1947.95,1944.48,1440816,28016.36,85121,657575,45.64
2022-02-07,LT, EQ, 07-Feb-2022,1947.95,1932.5,1947.5,1874.55,1878.75,1884.5,1895.32,2641464,50064.22,129248,1506561,57.04
2022-02-08,LT, EQ, 08-Feb-2022,1884.5,1890.0,1896.95,1848.0,1872.1,1875.6,1867.77,2040523,38112.3,108225,972675,47.67
2022-02-09,LT, EQ, 09-Feb-2022,1875.6,1884.5,1899.9,1875.6,1890.0,1888.8,1887.43,1390810,26250.61,74046,741730,53.33
2022-02-10,LT, EQ, 10-Feb-2022,1888.8,1892.0,1911.0,1881.0,1898.0,1901.0,1901.71,1288856,24510.26,74334,610260,47.35
2022-02-11,LT, EQ, 11-Feb-2022,1901.0,1889.0,1889.0,1850.0,1867.5,1871.25,1866.85,1744894,32574.52,104505,939148,53.82
2022-02-14,LT, EQ, 14-Feb-2022,1871.25,1843.25,1846.95,1795.0,1797.0,1799.0,1815.91,2290199,41587.95,157581,1206748,52.69
2022-02-15,LT, EQ, 15-Feb-2022,1799.0,1810.0,1882.0,1806.15,1870.85,1876.05,1845.36,2602134,48018.76,125591,1312479,50.44
2022-02-16,LT, EQ, 16-Feb-2022,1876.05,1876.05,1887.3,1842.15,1859.0,1860.7,1858.26,1898439,35277.88,95311,955480,50.33
2022-02-17,LT, EQ, 17-Feb-2022,1860.7,1869.0,1884.9,1854.1,1863.1,1868.7,1870.26,1459905,27304.01,72851,606590,41.55
2022-02-18,LT, EQ, 18-Feb-2022,1868.7,1870.0,1896.0,1865.15,1881.9,1883.1,1886.34,1912482,36075.92,100742,782603,40.92
2022-02-21,LT, EQ, 21-Feb-2022,1883.1,1874.95,1883.9,1848.85,1855.0,1863.95,1868.33,1262585,23589.2,64254,490357,38.84
2022-02-22,LT, EQ, 22-Feb-2022,1863.95,1813.0,1855.0,1800.5,1837.1,1844.45,1828.73,2288298,41846.8,100077,982330,42.93
2022-02-23,LT, EQ, 23-Feb-2022,1844.45,1849.0,1852.0,1816.15,1819.95,1820.3,1831.36,1583872,29006.35,113830,960634,60.65
2022-02-24,LT, EQ, 24-Feb-2022,1820.3,1783.25,1800.0,1751.0,1757.75,1757.35,1776.32,3616355,64237.97,217872,2103661,58.17
2022-02-25,LT, EQ, 25-Feb-2022,1757.35,1782.0,1798.7,1765.0,1780.0,1777.05,1781.84,2476882,44134.09,163477,1458279,58.88
2022-02-28,LT, EQ, 28-Feb-2022,1777.05,1764.9,1822.25,1752.8,1815.5,1816.75,1798.4,2553662,45925.14,109320,1480815,57.99
2022-03-02,LT, EQ, 02-Mar-2022,1816.75,1800.0,1826.95,1768.5,1795.55,1784.5,1788.62,3152628,56388.64,147873,2118239,67.19
2022-03-03,LT, EQ, 03-Mar-2022,1784.5,1810.0,1813.55,1745.55,1757.5,1752.3,1770.66,2259979,40016.52,135995,1493013,66.06
2022-03-04,LT, EQ, 04-Mar-2022,1752.3,1740.0,1754.05,1703.0,1710.65,1711.75,1718.56,3906819,67141.1,175780,2524975,64.63
2022-03-07,LT, EQ, 07-Mar-2022,1711.75,1658.25,1666.8,1605.55,1640.0,1634.45,1627.93,6318251,102856.74,287087,4287873,67.86
2022-03-08,LT, EQ, 08-Mar-2022,1634.45,1627.9,1666.0,1595.0,1657.4,1658.5,1627.79,4421730,71976.46,161579,2685308,60.73
2022-03-09,LT, EQ, 09-Mar-2022,1658.5,1676.5,1699.8,1650.05,1690.65,1690.95,1679.88,3306502,55545.23,107410,1886739,57.06
2022-03-10,LT, EQ, 10-Mar-2022,1690.95,1740.0,1758.0,1707.0,1725.0,1728.2,1733.58,2776325,48129.83,137172,1547139,55.73
2022-03-11,LT, EQ, 11-Mar-2022,1728.2,1720.0,1735.45,1705.8,1726.8,1728.65,1726.73,1577597,27240.76,102049,905737,57.41
2022-03-14,LT, EQ, 14-Mar-2022,1728.65,1735.0,1754.0,1715.5,1753.25,1746.75,1737.41,1558334,27074.61,62543,792008,50.82
2022-03-15,LT, EQ, 15-Mar-2022,1746.75,1748.0,1765.0,1726.6,1743.6,1743.45,1747.43,2062332,36037.81,91506,1241807,60.21
2022-03-16,LT, EQ, 16-Mar-2022,1743.45,1761.0,1770.65,1746.2,1756.0,1756.2,1757.12,2101909,36933.04,79220,1300006,61.85
2022-03-17,LT, EQ, 17-Mar-2022,1756.2,1781.15,1804.6,1768.45,1791.0,1787.9,1789.5,3383036,60539.56,107909,2111694,62.42
2022-03-21,LT, EQ, 21-Mar-2022,1787.9,1805.0,1805.0,1745.0,1754.7,1756.3,1765.91,2301462,40641.65,92723,1353260,58.8
2022-03-22,LT, EQ, 22-Mar-2022,1756.3,1756.3,1777.0,1721.15,1774.85,1774.05,1746.78,3986030,69627.26,135555,2485984,62.37
2022-03-23,LT, EQ, 23-Mar-2022,1774.05,1780.0,1791.55,1759.15,1765.0,1767.25,1771.67,1574226,27890.04,61568,761551,48.38
2022-03-24,LT, EQ, 24-Mar-2022,1767.25,1755.0,1779.7,1751.0,1766.9,1771.55,1768.34,1580887,27955.4,82549,885259,56.0
2022-03-25,LT, EQ, 25-Mar-2022,1771.55,1775.6,1777.9,1739.0,1752.55,1751.1,1754.24,1483897,26031.14,95988,824436,55.56
2022-03-28,LT, EQ, 28-Mar-2022,1751.1,1752.0,1755.0,1725.1,1740.05,1741.6,1739.14,1799629,31298.15,70676,1111705,61.77
2022-03-29,LT, EQ, 29-Mar-2022,1741.6,1748.7,1754.1,1733.0,1750.5,1746.65,1740.81,2071779,36065.83,95728,1420375,68.56
2022-03-30,LT, EQ, 30-Mar-2022,1746.65,1766.9,1777.05,1754.1,1774.15,1773.6,1767.48,1712835,30273.98,113982,1066004,62.24
2022-03-31,LT, EQ, 31-Mar-2022,1773.6,1779.95,1781.35,1758.0,1767.85,1767.65,1767.17,1401916,24774.25,81927,902341,64.36
2022-04-01,LT, EQ, 01-Apr-2022,1767.65,1759.0,1794.0,1759.0,1786.2,1790.1,1778.97,2050573,36479.07,43594,1485216,72.43
2022-04-04,LT, EQ, 04-Apr-2022,1790.1,1784.0,1829.85,1776.6,1824.0,1826.35,1813.66,1955281,35462.08,105611,1055388,53.98
2022-04-05,LT, EQ, 05-Apr-2022,1826.35,1840.0,1845.0,1827.0,1832.9,1836.05,1835.81,1718581,31549.89,93728,811980,47.25
2022-04-06,LT, EQ, 06-Apr-2022,1836.05,1833.0,1858.0,1827.7,1851.0,1852.8,1849.43,2245496,41528.98,90034,1408236,62.71
2022-04-07,LT, EQ, 07-Apr-2022,1852.8,1849.9,1855.85,1810.15,1825.0,1826.3,1826.66,2003954,36605.47,112500,934274,46.62
2022-04-08,LT, EQ, 08-Apr-2022,1826.3,1835.4,1838.9,1818.05,1832.0,1830.75,1828.52,1903321,34802.52,103538,1223284,64.27
2022-04-11,LT, EQ, 11-Apr-2022,1830.75,1820.25,1829.75,1779.0,1782.4,1781.5,1794.09,2262446,40590.35,118415,1476076,65.24
2022-04-12,LT, EQ, 12-Apr-2022,1781.5,1780.0,1781.5,1733.6,1751.75,1747.7,1744.41,4215141,73529.31,226919,3181016,75.47
2022-04-13,LT, EQ, 13-Apr-2022,1747.7,1754.2,1772.85,1747.1,1758.55,1760.8,1759.24,1673417,29439.4,73585,1053823,62.97
2022-04-18,LT, EQ, 18-Apr-2022,1760.8,1746.3,1749.95,1715.0,1742.0,1738.35,1728.99,1808707,31272.35,124412,1096329,60.61
2022-04-19,LT, EQ, 19-Apr-2022,1738.35,1748.3,1760.75,1687.0,1700.0,1705.75,1723.92,2737766,47196.84,112453,1977723,72.24
2022-04-20,LT, EQ, 20-Apr-2022,1705.75,1709.95,1712.4,1671.35,1691.0,1691.6,1685.86,3832617,64612.64,193278,2584859,67.44
2022-04-21,LT, EQ, 21-Apr-2022,1691.6,1702.95,1725.8,1700.0,1718.0,1714.5,1715.39,1797489,30833.87,93366,1173908,65.31
2022-04-22,LT, EQ, 22-Apr-2022,1714.5,1701.0,1716.4,1690.4,1695.0,1694.35,1701.8,1474689,25096.19,69621,901004,61.1
2022-04-25,LT, EQ, 25-Apr-2022,1694.35,1675.0,1675.0,1652.0,1660.0,1657.35,1663.24,1964344,32671.85,128275,1227948,62.51
2022-04-26,LT, EQ, 26-Apr-2022,1657.35,1680.0,1703.1,1664.0,1699.45,1699.95,1679.52,2440990,40996.85,86991,1570478,64.34
2022-04-27,LT, EQ, 27-Apr-2022,1699.95,1675.0,1691.6,1666.7,1676.75,1677.05,1681.36,1346726,22643.31,80774,798662,59.3
2022-04-28,LT, EQ, 28-Apr-2022,1677.05,1690.0,1731.0,1680.0,1718.0,1719.25,1713.78,3117433,53425.81,91540,2019561,64.78
2022-04-29,LT, EQ, 29-Apr-2022,1719.25,1731.0,1739.0,1687.15,1699.0,1694.35,1710.46,2404830,41133.65,86722,1534891,63.83
2022-05-02,LT, EQ, 02-May-2022,1694.35,1668.6,1685.95,1655.05,1679.7,1679.45,1667.92,1399802,23347.59,92949,749107,53.52
2022-05-04,LT, EQ, 04-May-2022,1679.45,1679.5,1681.9,1625.05,1638.95,1633.95,1651.18,1777673,29352.53,98388,998885,56.19
2022-05-05,LT, EQ, 05-May-2022,1633.95,1650.7,1671.2,1633.0,1636.1,1637.65,1650.68,1707752,28189.47,78608,883189,51.72
2022-05-06,LT, EQ, 06-May-2022,1637.65,1616.0,1633.0,1612.1,1624.0,1622.45,1620.55,1439520,23328.09,89127,712152,49.47
2022-05-09,LT, EQ, 09-May-2022,1622.45,1607.55,1629.85,1591.25,1619.0,1616.15,1613.07,1400010,22583.2,74724,612776,43.77
2022-05-10,LT, EQ, 10-May-2022,1616.15,1611.0,1629.6,1601.0,1605.0,1607.95,1615.1,1176030,18994.08,78485,559372,47.56
2022-05-11,LT, EQ, 11-May-2022,1607.95,1600.5,1609.0,1557.35,1573.75,1570.8,1575.96,2988788,47102.18,174066,1684482,56.36
2022-05-12,LT, EQ, 12-May-2022,1570.8,1550.0,1554.95,1513.1,1532.0,1526.15,1529.96,3407191,52128.67,217128,2154482,63.23
2022-05-13,LT, EQ, 13-May-2022,1526.15,1530.0,1574.9,1502.0,1536.5,1534.5,1547.2,4328846,66976.02,185408,2235594,51.64
2022-05-16,LT, EQ, 16-May-2022,1534.5,1550.0,1567.5,1539.45,1553.0,1542.9,1549.72,1775914,27521.76,67805,958388,53.97
2022-05-17,LT, EQ, 17-May-2022,1542.9,1545.0,1607.9,1545.0,1607.9,1604.1,1586.35,1608711,25519.84,67833,773218,48.06
2022-05-18,LT, EQ, 18-May-2022,1604.1,1623.0,1623.0,1565.0,1576.15,1572.5,1594.68,2984009,47585.48,111306,1651306,55.34
2022-05-19,LT, EQ, 19-May-2022,1572.5,1550.0,1562.75,1540.35,1550.65,1547.95,1549.28,1798843,27869.14,83839,937011,52.09
2022-05-20,LT, EQ, 20-May-2022,1547.95,1569.4,1613.45,1561.05,1610.0,1610.1,1599.45,2175224,34791.68,61997,1185889,54.52
2022-05-23,LT, EQ, 23-May-2022,1610.1,1629.0,1660.0,1605.6,1641.0,1644.15,1642.05,4177811,68601.93,125857,2493540,59.69
2022-05-24,LT, EQ, 24-May-2022,1644.15,1644.8,1653.7,1610.1,1624.9,1626.3,1626.59,1970395,32050.21,89875,1082379,54.93
2022-05-25,LT, EQ, 25-May-2022,1626.3,1633.0,1639.7,1571.1,1579.0,1574.75,1601.93,1417130,22701.49,66784,728419,51.4
2022-05-26,LT, EQ, 26-May-2022,1574.75,1575.0,1588.9,1536.65,1570.0,1564.55,1556.99,3578710,55720.15,118334,2169664,60.63
2022-05-27,LT, EQ, 27-May-2022,1564.55,1575.2,1606.0,1574.0,1603.0,1600.3,1590.0,1279218,20339.51,68946,481150,37.61
2022-05-30,LT, EQ, 30-May-2022,1600.3,1620.0,1663.7,1613.6,1662.5,1660.85,1649.22,2119326,34952.4,71048,1195161,56.39
2022-05-31,LT, EQ, 31-May-2022,1660.85,1660.5,1674.4,1645.0,1648.4,1654.5,1658.33,3534742,58617.84,91334,2483096,70.25
2022-06-01,LT, EQ, 01-Jun-2022,1654.5,1653.55,1661.0,1638.45,1650.0,1648.0,1649.92,1425466,23519.05,79891,714066,50.09
2022-06-02,LT, EQ, 02-Jun-2022,1648.0,1632.0,1649.45,1623.7,1642.15,1637.15,1639.27,1852251,30363.37,73794,1009549,54.5
2022-06-03,LT, EQ, 03-Jun-2022,1637.15,1657.95,1673.7,1644.95,1650.05,1652.05,1660.81,2928263,48632.94,96245,1591594,54.35
2022-06-06,LT, EQ, 06-Jun-2022,1652.05,1652.15,1662.3,1634.1,1637.95,1640.2,1643.96,1538005,25284.17,84378,916493,59.59
2022-06-07,LT, EQ, 07-Jun-2022,1640.2,1630.0,1638.4,1586.1,1589.9,1589.45,1600.17,2157491,34523.63,79851,1263865,58.58
2022-06-08,LT, EQ, 08-Jun-2022,1589.45,1595.0,1607.8,1570.1,1585.0,1584.55,1589.39,2122442,33733.87,97556,932196,43.92
2022-06-09,LT, EQ, 09-Jun-2022,1584.55,1556.2,1600.0,1556.2,1596.0,1595.1,1579.53,1361104,21499.11,65082,577791,42.45
2022-06-10,LT, EQ, 10-Jun-2022,1595.1,1570.0,1594.5,1569.05,1584.95,1585.1,1581.63,1337799,21159.05,46033,785726,58.73
2022-06-13,LT, EQ, 13-Jun-2022,1585.1,1560.15,1565.95,1518.3,1535.0,1532.05,1530.26,2460367,37650.12,130645,1469071,59.71
2022-06-14,LT, EQ, 14-Jun-2022,1532.05,1532.05,1554.3,1525.2,1543.0,1544.65,1543.73,1983405,30618.38,64761,1210021,61.01
2022-06-15,LT, EQ, 15-Jun-2022,1544.65,1547.95,1567.0,1539.05,1560.4,1560.35,1555.52,1461683,22736.78,49962,823011,56.31
2022-06-16,LT, EQ, 16-Jun-2022,1560.35,1568.4,1575.0,1516.75,1525.0,1527.4,1539.79,2329325,35866.76,72290,1340068,57.53
2022-06-17,LT, EQ, 17-Jun-2022,1527.4,1522.0,1529.95,1481.4,1486.4,1489.95,1499.91,4548572,68224.38,138981,2776487,61.04
2022-06-20,LT, EQ, 20-Jun-2022,1489.95,1490.0,1497.85,1456.35,1473.65,1471.8,1469.55,1837431,27001.94,73889,993281,54.06
2022-06-21,LT, EQ, 21-Jun-2022,1471.8,1480.0,1515.2,1476.9,1499.0,1500.3,1498.89,1458922,21867.68,66735,673887,46.19
2022-06-22,LT, EQ, 22-Jun-2022,1500.3,1490.0,1490.95,1468.0,1477.25,1478.75,1477.57,1906619,28171.68,75294,1198847,62.88
2022-06-23,LT, EQ, 23-Jun-2022,1478.75,1481.5,1511.75,1481.5,1496.05,1494.3,1499.35,1828491,27415.54,72732,927630,50.73
2022-06-24,LT, EQ, 24-Jun-2022,1494.3,1501.75,1512.0,1489.0,1498.0,1494.85,1499.25,1731440,25958.56,62637,1053929,60.87
2022-06-27,LT, EQ, 27-Jun-2022,1494.85,1524.0,1544.7,1509.75,1539.2,1535.8,1532.7,2389778,36628.05,99618,1372476,57.43
2022-06-28,LT, EQ, 28-Jun-2022,1535.8,1530.0,1557.5,1524.1,1551.5,1551.5,1540.52,2072405,31925.74,79951,1301049,62.78
2022-06-29,LT, EQ, 29-Jun-2022,1551.5,1531.25,1554.0,1525.4,1548.0,1547.9,1545.96,1480197,22883.28,65704,882035,59.59
2022-06-30,LT, EQ, 30-Jun-2022,1547.9,1549.05,1566.9,1542.1,1556.0,1558.25,1556.48,3308971,51503.56,126998,1991730,60.19
2022-07-01,LT, EQ, 01-Jul-2022,1558.25,1560.95,1576.0,1534.6,1571.8,1572.15,1557.8,1294305,20162.67,51540,706223,54.56
2022-07-04,LT, EQ, 04-Jul-2022,1572.15,1572.1,1587.45,1550.2,1579.65,1581.7,1570.39,1269969,19943.43,48587,735121,57.88
2022-07-05,LT, EQ, 05-Jul-2022,1581.7,1584.0,1597.25,1561.6,1565.25,1564.9,1581.77,1445200,22859.8,60052,944834,65.38
2022-07-06,LT, EQ, 06-Jul-2022,1564.9,1565.55,1590.5,1551.8,1560.0,1556.15,1560.82,2422594,37812.33,70708,1532371,63.25
2022-07-07,LT, EQ, 07-Jul-2022,1556.15,1565.9,1614.15,1565.65,1611.45,1611.1,1593.39,1697912,27054.44,63705,880956,51.88
2022-07-08,LT, EQ, 08-Jul-2022,1611.1,1621.0,1702.0,1618.0,1685.7,1687.45,1676.43,6516138,109238.24,191813,2745345,42.13
2022-07-11,LT, EQ, 11-Jul-2022,1687.45,1684.95,1688.85,1653.4,1661.1,1663.0,1666.53,1316037,21932.21,57002,386740,29.39
2022-07-12,LT, EQ, 12-Jul-2022,1663.0,1655.0,1672.9,1649.05,1652.0,1653.75,1661.47,781516,12984.67,38160,222466,28.47
2022-07-13,LT, EQ, 13-Jul-2022,1653.75,1664.0,1683.25,1644.4,1651.9,1647.25,1665.82,1914814,31897.41,72387,1077763,56.29
2022-07-14,LT, EQ, 14-Jul-2022,1647.25,1651.85,1667.35,1634.6,1646.0,1646.15,1647.2,1170472,19280.05,49254,635794,54.32
2022-07-15,LT, EQ, 15-Jul-2022,1646.15,1653.9,1687.85,1649.2,1686.0,1684.85,1671.79,1345141,22487.98,57631,630842,46.9
2022-07-18,LT, EQ, 18-Jul-2022,1684.85,1696.05,1734.6,1690.0,1724.5,1727.65,1725.27,3200640,55219.76,90393,2239555,69.97
2022-07-19,LT, EQ, 19-Jul-2022,1727.65,1719.95,1734.95,1714.0,1729.0,1729.8,1725.26,1351783,23321.77,64259,834015,61.7
2022-07-20,LT, EQ, 20-Jul-2022,1729.8,1740.35,1746.85,1727.95,1740.5,1739.95,1738.07,1509911,26243.26,70606,926532,61.36
2022-07-21,LT, EQ, 21-Jul-2022,1739.95,1726.9,1768.95,1715.1,1763.1,1765.15,1749.97,2827327,49477.41,104357,1798787,63.62
2022-07-22,LT, EQ, 22-Jul-2022,1765.15,1765.5,1779.55,1752.55,1764.25,1767.75,1766.36,1495629,26418.15,81045,740755,49.53
2022-07-25,LT, EQ, 25-Jul-2022,1767.75,1765.0,1785.5,1760.05,1780.0,1782.45,1778.26,1916615,34082.37,66844,1049142,54.74
2022-07-26,LT, EQ, 26-Jul-2022,1782.45,1780.75,1780.75,1741.9,1750.6,1751.25,1754.15,1585897,27819.0,71211,782942,49.37
2022-07-27,LT, EQ, 27-Jul-2022,1751.25,1754.0,1819.5,1750.0,1795.4,1796.65,1800.24,5369460,96663.05,174260,2135764,39.78
2022-07-28,LT, EQ, 28-Jul-2022,1796.65,1805.0,1816.0,1786.95,1806.0,1801.25,1798.05,1831059,32923.39,109988,971050,53.03
2022-07-29,LT, EQ, 29-Jul-2022,1801.25,1814.95,1832.5,1794.0,1804.05,1808.05,1810.06,1747781,31635.9,84274,966735,55.31
2022-08-01,LT, EQ, 01-Aug-2022,1808.05,1808.0,1817.85,1790.3,1813.0,1814.7,1805.49,1341943,24228.64,90109,770612,57.43
2022-08-02,LT, EQ, 02-Aug-2022,1814.7,1809.0,1811.65,1775.7,1786.95,1793.05,1792.43,1749346,31355.83,115061,956351,54.67
2022-08-03,LT, EQ, 03-Aug-2022,1793.05,1793.05,1804.0,1773.0,1790.0,1789.8,1785.34,1264299,22572.07,71487,724598,57.31
2022-08-04,LT, EQ, 04-Aug-2022,1789.8,1793.8,1814.8,1775.0,1780.5,1780.1,1792.4,1856927,33283.56,85703,1089652,58.68
2022-08-05,LT, EQ, 05-Aug-2022,1780.1,1782.95,1807.0,1775.3,1788.95,1787.45,1788.88,1430542,25590.66,70278,813044,56.83
2022-08-10,LT, EQ, 10-Aug-2022,1829.65,1830.0,1867.0,1822.25,1853.0,1855.15,1852.76,3422074,63402.96,134010,2260823,66.07
2022-08-11,LT, EQ, 11-Aug-2022,1855.15,1870.05,1878.8,1855.2,1863.3,1867.15,1870.38,1918049,35874.82,87767,1285544,67.02
2022-08-12,LT, EQ, 12-Aug-2022,1867.15,1865.0,1869.0,1838.0,1849.85,1846.45,1851.09,1041383,19276.92,93062,602044,57.81
2022-08-16,LT, EQ, 16-Aug-2022,1846.45,1860.0,1864.0,1842.0,1848.2,1848.9,1852.65,1426893,26435.32,61314,1030418,72.21
2022-08-17,LT, EQ, 17-Aug-2022,1848.9,1861.45,1867.35,1850.05,1855.0,1855.7,1856.34,1748371,32455.72,110186,1305287,74.66
2022-08-18,LT, EQ, 18-Aug-2022,1855.7,1857.0,1898.55,1850.0,1894.0,1894.55,1873.49,2519639,47205.24,102480,1624173,64.46
2022-08-19,LT, EQ, 19-Aug-2022,1894.55,1894.1,1942.0,1892.75,1934.3,1936.05,1922.04,4134598,79468.44,120071,2464378,59.6
2022-08-22,LT, EQ, 22-Aug-2022,1936.05,1937.1,1944.0,1875.0,1878.3,1880.65,1905.59,3175874,60519.21,135709,2061762,64.92
2022-08-23,LT, EQ, 23-Aug-2022,1880.65,1870.0,1911.95,1865.7,1882.0,1877.05,1892.53,1811509,34283.37,80261,855387,47.22
2022-08-24,LT, EQ, 24-Aug-2022,1877.05,1876.0,1898.0,1851.6,1888.75,1893.35,1879.28,1534933,28845.74,73942,673571,43.88
2022-08-25,LT, EQ, 25-Aug-2022,1893.35,1900.0,1918.0,1873.0,1875.9,1877.9,1900.71,1121363,21313.81,62989,515839,46.0
2022-08-26,LT, EQ, 26-Aug-2022,1877.9,1890.2,1912.0,1887.2,1905.4,1905.4,1901.02,1119310,21278.26,61344,486098,43.43
2022-08-29,LT, EQ, 29-Aug-2022,1905.4,1870.0,1890.0,1861.0,1882.0,1881.5,1879.15,1183546,22240.56,71383,641455,54.2
2022-08-30,LT, EQ, 30-Aug-2022,1881.5,1893.9,1928.0,1889.15,1915.2,1922.5,1911.16,1394462,26650.45,66762,846209,60.68
2022-09-01,LT, EQ, 01-Sep-2022,1922.5,1905.0,1930.5,1892.1,1915.65,1912.95,1904.56,2014905,38375.03,85107,1318623,65.44
2022-09-02,LT, EQ, 02-Sep-2022,1912.95,1900.5,1958.8,1900.25,1940.0,1940.5,1937.35,3201140,62017.37,114007,1992725,62.25
2022-09-05,LT, EQ, 05-Sep-2022,1940.5,1947.95,1972.75,1942.1,1964.0,1968.35,1962.07,2474746,48556.35,103970,1694060,68.45
2022-09-06,LT, EQ, 06-Sep-2022,1968.35,1973.8,1985.1,1951.3,1964.0,1962.3,1965.43,1172733,23049.26,68445,632098,53.9
2022-09-07,LT, EQ, 07-Sep-2022,1962.3,1941.1,1961.35,1934.0,1957.0,1958.1,1950.92,1238549,24163.09,65175,694920,56.11
2022-09-08,LT, EQ, 08-Sep-2022,1958.1,1967.9,1977.0,1947.55,1971.0,1974.4,1967.37,1632797,32123.09,64707,1103284,67.57
2022-09-09,LT, EQ, 09-Sep-2022,1974.4,1977.35,1987.4,1944.0,1950.95,1949.75,1957.85,980869,19203.92,66801,514777,52.48
2022-09-12,LT, EQ, 12-Sep-2022,1949.75,1949.75,1967.0,1947.9,1960.5,1961.9,1960.22,791708,15519.24,50832,474321,59.91
2022-09-13,LT, EQ, 13-Sep-2022,1961.9,1968.9,1995.0,1963.1,1990.0,1991.35,1979.23,1761021,34854.59,94770,1064212,60.43
2022-09-14,LT, EQ, 14-Sep-2022,1991.35,1964.65,1972.95,1949.4,1957.35,1953.9,1960.27,2322752,45532.31,75111,1497580,64.47
2022-09-15,LT, EQ, 15-Sep-2022,1953.9,1959.1,1984.7,1954.8,1959.0,1957.5,1963.83,1566565,30764.68,81252,958351,61.18
2022-09-16,LT, EQ, 16-Sep-2022,1957.5,1947.0,1956.9,1915.0,1925.5,1920.0,1925.59,3881617,74743.86,102140,2902418,74.77
2022-09-19,LT, EQ, 19-Sep-2022,1920.0,1921.1,1931.95,1905.0,1912.65,1910.7,1916.11,1755456,33636.55,89284,1233517,70.27
2022-09-20,LT, EQ, 20-Sep-2022,1910.7,1931.0,1955.8,1925.0,1929.0,1932.7,1941.1,1666658,32351.48,75886,1003108,60.19
2022-09-21,LT, EQ, 21-Sep-2022,1932.7,1921.1,1946.3,1891.6,1899.0,1895.65,1910.93,1618385,30926.26,89152,1033994,63.89
2022-09-22,LT, EQ, 22-Sep-2022,1895.65,1882.0,1905.6,1873.0,1887.7,1888.2,1889.95,1875115,35438.73,72109,1135677,60.57
2022-09-23,LT, EQ, 23-Sep-2022,1888.2,1890.0,1895.45,1852.55,1861.0,1856.85,1872.73,1948766,36495.07,85463,1251011,64.2
2022-09-26,LT, EQ, 26-Sep-2022,1856.85,1849.0,1876.8,1818.0,1855.8,1851.45,1845.2,1529101,28214.94,80553,805672,52.69
2022-09-27,LT, EQ, 27-Sep-2022,1851.45,1856.0,1864.0,1832.5,1846.0,1841.2,1843.98,1443698,26621.48,78852,867524,60.09
2022-09-28,LT, EQ, 28-Sep-2022,1841.2,1829.7,1856.0,1825.6,1831.05,1835.45,1838.15,1853503,34070.14,70554,1288439,69.51
2022-09-29,LT, EQ, 29-Sep-2022,1835.45,1844.65,1857.4,1797.4,1816.6,1815.5,1818.11,2377718,43229.5,95828,1536254,64.61
2022-09-30,LT, EQ, 30-Sep-2022,1815.5,1823.95,1882.95,1816.05,1846.0,1847.7,1848.42,2339518,43244.12,97114,1453339,62.12
2022-10-03,LT, EQ, 03-Oct-2022,1847.7,1852.0,1852.0,1814.0,1822.3,1819.3,1825.16,1850414,33772.94,105296,1196908,64.68
2022-10-04,LT, EQ, 04-Oct-2022,1819.3,1835.3,1880.95,1835.3,1873.0,1871.55,1866.69,1637532,30567.61,89225,1028072,62.78
2022-10-06,LT, EQ, 06-Oct-2022,1871.55,1882.0,1919.0,1878.1,1910.05,1912.95,1908.69,2771898,52906.91,118371,1904787,68.72
2022-10-07,LT, EQ, 07-Oct-2022,1912.95,1905.0,1928.95,1903.05,1924.0,1924.55,1918.25,1469264,28184.22,56959,889486,60.54
2022-10-10,LT, EQ, 10-Oct-2022,1924.55,1905.0,1917.0,1883.5,1910.0,1909.65,1900.0,1656954,31482.1,71154,1071626,64.67
2022-10-11,LT, EQ, 11-Oct-2022,1909.65,1923.8,1923.8,1871.25,1874.65,1878.95,1898.68,1047963,19897.5,69146,665968,63.55
2022-10-12,LT, EQ, 12-Oct-2022,1878.95,1880.0,1916.0,1858.05,1909.0,1911.25,1889.8,1907748,36052.61,86171,1314243,68.89
2022-10-13,LT, EQ, 13-Oct-2022,1911.25,1901.0,1912.0,1868.25,1879.7,1876.15,1884.74,1303645,24570.34,64804,764469,58.64
2022-10-14,LT, EQ, 14-Oct-2022,1876.15,1900.0,1936.75,1898.45,1915.0,1911.6,1922.94,1819114,34980.38,81440,964522,53.02
2022-10-17,LT, EQ, 17-Oct-2022,1911.6,1902.9,1914.0,1878.4,1884.4,1883.2,1888.4,2588147,48874.53,72718,1764952,68.19
2022-10-18,LT, EQ, 18-Oct-2022,1883.2,1893.1,1931.2,1893.1,1919.0,1918.1,1918.49,1401849,26894.34,72912,688505,49.11
2022-10-19,LT, EQ, 19-Oct-2022,1918.1,1920.0,1947.0,1901.65,1903.0,1904.9,1917.04,1636141,31365.47,62715,816090,49.88
2022-10-20,LT, EQ, 20-Oct-2022,1904.9,1898.65,1917.8,1886.3,1903.6,1904.15,1904.45,1374019,26167.55,57551,779560,56.74
2022-10-21,LT, EQ, 21-Oct-2022,1904.15,1913.7,1925.0,1867.1,1874.45,1876.75,1895.07,2225676,42178.09,83528,1543761,69.36
2022-10-24,LT, EQ, 24-Oct-2022,1876.75,1906.0,1919.9,1900.0,1910.65,1909.75,1912.92,269400,5153.42,17096,113283,42.05
2022-10-25,LT, EQ, 25-Oct-2022,1909.75,1915.0,1954.65,1891.55,1945.0,1949.1,1935.14,2136147,41337.46,67113,1331494,62.33
2022-10-27,LT, EQ, 27-Oct-2022,1949.1,1952.1,1971.85,1949.9,1965.0,1964.05,1960.03,2245395,44010.45,102048,1490978,66.4
2022-10-28,LT, EQ, 28-Oct-2022,1964.05,1972.0,1986.0,1963.8,1976.8,1975.05,1977.14,2013794,39815.6,88886,1329250,66.01
2022-10-31,LT, EQ, 31-Oct-2022,1975.05,1986.0,2034.65,1978.2,2031.45,2023.1,2008.32,3176507,63794.42,130454,1959878,61.7
2022-11-01,LT, EQ, 01-Nov-2022,2023.1,2032.0,2056.0,1990.05,2021.0,2024.45,2022.17,4464211,90273.85,170291,1967064,44.06
2022-11-02,LT, EQ, 02-Nov-2022,2024.45,2036.5,2042.0,2000.0,2014.1,2013.3,2014.85,1889651,38073.58,65656,1203840,63.71
2022-11-03,LT, EQ, 03-Nov-2022,2013.3,2006.0,2022.5,1993.0,2005.0,2008.7,2006.19,1052241,21109.9,55079,633590,60.21
2022-11-04,LT, EQ, 04-Nov-2022,2008.7,2010.0,2029.35,2004.75,2015.0,2015.1,2015.3,2312753,46608.82,57040,1778712,76.91
2022-11-07,LT, EQ, 07-Nov-2022,2015.1,2021.4,2032.0,1993.0,2015.0,2017.65,2012.12,1395070,28070.43,66966,840758,60.27
2022-11-09,LT, EQ, 09-Nov-2022,2017.65,2025.05,2036.95,1996.25,1998.95,2003.5,2015.32,1301233,26224.01,52850,751339,57.74
2022-11-10,LT, EQ, 10-Nov-2022,2003.5,1995.0,2001.85,1970.2,1978.55,1977.65,1982.84,1261210,25007.79,75488,716353,56.8
2022-11-11,LT, EQ, 11-Nov-2022,1977.65,2003.6,2018.8,1991.95,2013.5,2011.1,2006.36,1203125,24138.99,64699,581400,48.32
2022-11-14,LT, EQ, 14-Nov-2022,2011.1,2013.05,2021.9,1995.25,1999.55,1999.8,2003.29,1175155,23541.72,54858,763804,65.0
2022-11-15,LT, EQ, 15-Nov-2022,1999.8,2003.0,2017.0,1978.1,1998.0,1996.55,1992.69,1450841,28910.79,64460,878217,60.53
2022-11-16,LT, EQ, 16-Nov-2022,1996.55,1986.0,2009.85,1985.05,2005.0,2003.6,2000.64,1195832,23924.34,84096,669723,56.0
2022-11-17,LT, EQ, 17-Nov-2022,2003.6,2002.0,2059.0,2001.1,2029.0,2029.55,2041.87,3786182,77308.89,166566,1750699,46.24
2022-11-18,LT, EQ, 18-Nov-2022,2029.55,2039.0,2050.95,2006.85,2022.0,2024.45,2021.37,1248459,25235.99,62869,567468,45.45
2022-11-21,LT, EQ, 21-Nov-2022,2024.45,2019.0,2033.0,2007.0,2011.0,2011.45,2015.0,714687,14400.95,48654,379735,53.13
2022-11-22,LT, EQ, 22-Nov-2022,2011.45,2021.55,2033.15,2019.6,2028.0,2029.8,2027.68,1337869,27127.71,83629,828059,61.89
2022-11-23,LT, EQ, 23-Nov-2022,2029.8,2038.95,2044.0,2018.0,2023.05,2025.0,2025.59,1046988,21207.71,49707,683220,65.26
2022-11-24,LT, EQ, 24-Nov-2022,2025.0,2030.5,2060.0,2028.4,2056.0,2052.2,2045.48,1611889,32970.94,79111,1032715,64.07
2022-11-25,LT, EQ, 25-Nov-2022,2052.2,2061.0,2095.8,2058.45,2063.0,2062.75,2076.45,2652761,55083.2,86701,1338450,50.45
2022-11-28,LT, EQ, 28-Nov-2022,2062.75,2064.35,2072.0,2052.0,2065.05,2064.45,2063.16,1105372,22805.56,82072,652257,59.01
2022-11-29,LT, EQ, 29-Nov-2022,2064.45,2070.0,2072.0,2038.6,2052.5,2050.55,2051.2,1413764,28999.11,54385,811351,57.39
2022-11-30,LT, EQ, 30-Nov-2022,2050.55,2053.0,2086.0,2045.0,2079.4,2074.85,2067.65,2104550,43514.76,93170,1468291,69.77
2022-12-01,LT, EQ, 01-Dec-2022,2074.85,2085.25,2110.0,2079.45,2103.0,2104.25,2100.03,2614357,54902.16,170950,1813416,69.36
2022-12-02,LT, EQ, 02-Dec-2022,2104.25,2096.1,2098.9,2069.15,2090.0,2085.5,2082.38,1957264,40757.76,119334,1358489,69.41
2022-12-05,LT, EQ, 05-Dec-2022,2085.5,2095.95,2096.8,2068.85,2088.6,2085.6,2082.63,1767537,36811.29,139331,1236426,69.95
2022-12-06,LT, EQ, 06-Dec-2022,2085.6,2081.0,2100.0,2067.0,2095.0,2093.5,2084.45,1530731,31907.38,93923,970939,63.43
2022-12-07,LT, EQ, 07-Dec-2022,2093.5,2096.3,2144.0,2096.3,2125.0,2124.0,2125.63,3438327,73085.99,110877,2112859,61.45
2022-12-08,LT, EQ, 08-Dec-2022,2124.0,2120.0,2175.0,2120.0,2165.0,2167.7,2151.53,3743754,80548.05,196918,2596859,69.37
2022-12-09,LT, EQ, 09-Dec-2022,2167.7,2168.0,2194.35,2137.5,2150.0,2154.05,2168.51,2573609,55809.09,176599,1705031,66.25
2022-12-12,LT, EQ, 12-Dec-2022,2154.05,2148.9,2169.0,2134.55,2157.0,2163.7,2155.4,1536090,33108.93,143712,1073814,69.91
2022-12-13,LT, EQ, 13-Dec-2022,2163.7,2170.0,2175.7,2152.5,2168.0,2172.9,2163.77,1233124,26681.96,89348,712295,57.76
2022-12-14,LT, EQ, 14-Dec-2022,2172.9,2176.95,2210.0,2175.05,2193.3,2195.45,2192.63,1516631,33254.05,84461,949280,62.59
2022-12-15,LT, EQ, 15-Dec-2022,2195.45,2196.7,2209.0,2173.6,2179.7,2177.55,2190.57,1323412,28990.27,75193,830255,62.74
2022-12-16,LT, EQ, 16-Dec-2022,2177.55,2161.0,2211.6,2161.0,2170.0,2175.0,2185.09,2822390,61671.65,83635,1775296,62.9
2022-12-19,LT, EQ, 19-Dec-2022,2175.0,2171.0,2187.45,2155.05,2184.85,2184.0,2170.38,1592779,34569.36,98420,967947,60.77
2022-12-20,LT, EQ, 20-Dec-2022,2184.0,2179.9,2179.9,2138.0,2158.3,2163.25,2151.64,1747181,37592.96,83014,1132069,64.79
2022-12-21,LT, EQ, 21-Dec-2022,2163.25,2153.1,2174.95,2142.85,2147.0,2146.3,2155.04,1979681,42663.02,118119,1223325,61.79
2022-12-22,LT, EQ, 22-Dec-2022,2146.3,2144.0,2148.35,2096.9,2107.95,2109.95,2115.6,1993744,42179.7,123082,1289884,64.7
2022-12-23,LT, EQ, 23-Dec-2022,2109.95,2094.5,2104.15,2050.1,2063.0,2062.75,2072.91,2026125,41999.78,107760,1269811,62.67
2022-12-26,LT, EQ, 26-Dec-2022,2062.75,2052.75,2108.0,2051.0,2088.1,2091.05,2092.46,1154610,24159.77,74970,613672,53.15
2022-12-27,LT, EQ, 27-Dec-2022,2091.05,2101.55,2128.0,2085.0,2121.0,2124.1,2111.04,1059351,22363.29,57659,535807,50.58
2022-12-28,LT, EQ, 28-Dec-2022,2124.1,2129.0,2136.0,2113.65,2113.65,2121.1,2127.77,1153883,24551.92,70753,636937,55.2
2022-12-29,LT, EQ, 29-Dec-2022,2121.1,2109.65,2120.55,2094.15,2114.95,2110.9,2107.28,1517150,31970.66,99779,1042418,68.71
2022-12-30,LT, EQ, 30-Dec-2022,2110.9,2115.0,2133.0,2081.1,2086.15,2085.8,2103.37,1189427,25018.03,112712,714003,60.03
2023-01-02,LT, EQ, 02-Jan-2023,2085.8,2092.9,2097.6,2075.05,2092.05,2089.45,2089.1,807344,16866.2,63597,420718,52.11
2023-01-03,LT, EQ, 03-Jan-2023,2089.45,2088.0,2096.8,2067.95,2090.95,2088.95,2082.34,1260225,26242.18,62640,742485,58.92
2023-01-04,LT, EQ, 04-Jan-2023,2088.95,2090.95,2101.45,2058.0,2069.0,2070.55,2070.22,1015547,21024.06,62520,543678,53.54
2023-01-05,LT, EQ, 05-Jan-2023,2070.55,2080.0,2099.2,2068.5,2089.5,2087.35,2080.7,1881403,39146.42,95733,1285361,68.32
2023-01-06,LT, EQ, 06-Jan-2023,2087.35,2090.2,2121.7,2071.85,2088.0,2086.55,2093.65,1877917,39316.95,95076,975325,51.94
2023-01-09,LT, EQ, 09-Jan-2023,2086.55,2108.0,2127.3,2100.75,2114.55,2121.7,2117.0,1844365,39045.19,147462,1201009,65.12
2023-01-10,LT, EQ, 10-Jan-2023,2121.7,2131.9,2131.9,2097.2,2104.0,2106.65,2115.67,1425414,30157.05,130012,937059,65.74
2023-01-11,LT, EQ, 11-Jan-2023,2106.65,2106.1,2140.0,2097.1,2133.0,2125.35,2117.35,1455621,30820.64,96128,922263,63.36
2023-01-12,LT, EQ, 12-Jan-2023,2125.35,2118.1,2164.65,2118.1,2160.5,2159.75,2152.89,2726901,58707.12,153582,1721376,63.13
2023-01-13,LT, EQ, 13-Jan-2023,2159.75,2161.9,2164.85,2117.2,2150.05,2153.4,2139.94,2180210,46655.21,127575,1259841,57.79
2023-01-16,LT, EQ, 16-Jan-2023,2153.4,2147.0,2161.0,2132.3,2132.35,2137.2,2144.74,1009649,21654.35,81451,576989,57.15
2023-01-17,LT, EQ, 17-Jan-2023,2137.2,2139.9,2217.8,2136.4,2216.9,2213.1,2198.93,4645453,102150.09,213937,2605697,56.09
2023-01-18,LT, EQ, 18-Jan-2023,2213.1,2221.0,2274.8,2200.0,2265.05,2266.5,2240.43,4090049,91634.76,185845,2190580,53.56
2023-01-19,LT, EQ, 19-Jan-2023,2266.5,2259.85,2283.8,2241.0,2270.0,2273.1,2265.54,2176835,49317.0,134246,1130398,51.93
2023-01-20,LT, EQ, 20-Jan-2023,2273.1,2282.45,2297.65,2238.45,2248.4,2249.95,2270.11,1962410,44548.82,126028,988540,50.37
2023-01-23,LT, EQ, 23-Jan-2023,2249.95,2255.0,2273.3,2227.0,2235.0,2233.5,2243.26,1466706,32902.01,78952,815502,55.6
2023-01-24,LT, EQ, 24-Jan-2023,2233.5,2244.7,2252.3,2200.0,2201.4,2207.5,2219.59,1036962,23016.29,70138,525045,50.63
2023-01-25,LT, EQ, 25-Jan-2023,2207.5,2201.0,2205.0,2155.0,2174.9,2174.7,2172.92,2134447,46379.92,111225,1244459,58.3
2023-01-27,LT, EQ, 27-Jan-2023,2174.7,2174.7,2195.0,2127.1,2159.9,2159.85,2150.76,1647900,35442.44,141766,962156,58.39
2023-01-30,LT, EQ, 30-Jan-2023,2159.85,2129.4,2173.25,2083.8,2122.05,2112.9,2120.67,3441304,72978.62,151330,2263080,65.76
2023-01-31,LT, EQ, 31-Jan-2023,2112.9,2119.95,2132.75,2072.65,2120.95,2124.4,2103.29,4516463,94994.2,212750,2767252,61.27
2023-02-01,LT, EQ, 01-Feb-2023,2124.4,2133.0,2215.95,2080.3,2150.0,2145.55,2152.19,6868872,147831.34,256684,3106803,45.23
2023-02-02,LT, EQ, 02-Feb-2023,2145.55,2135.6,2166.95,2107.85,2141.7,2144.9,2138.58,3488506,74604.33,152388,1827787,52.39
2023-02-03,LT, EQ, 03-Feb-2023,2144.9,2176.95,2181.85,2131.05,2161.0,2166.55,2158.13,2045634,44147.53,112767,1056513,51.65
2023-02-06,LT, EQ, 06-Feb-2023,2166.55,2164.25,2181.6,2142.3,2158.0,2156.1,2161.77,1332484,28805.25,88327,668816,50.19
2023-02-07,LT, EQ, 07-Feb-2023,2156.1,2162.25,2172.0,2150.05,2165.0,2165.3,2161.68,1089248,23546.08,78455,553852,50.85
2023-02-08,LT, EQ, 08-Feb-2023,2165.3,2160.55,2175.25,2125.55,2133.25,2130.85,2144.06,1452145,31134.9,116062,790018,54.4
2023-02-09,LT, EQ, 09-Feb-2023,2130.85,2150.0,2151.95,2135.7,2148.6,2147.4,2145.92,1563181,33544.62,109089,857655,54.87
2023-02-10,LT, EQ, 10-Feb-2023,2147.4,2140.2,2169.95,2137.55,2160.0,2163.85,2156.74,1454665,31373.37,107578,743797,51.13
2023-02-13,LT, EQ, 13-Feb-2023,2163.85,2173.0,2210.4,2160.2,2203.5,2203.3,2194.52,2978938,65373.51,100580,1754014,58.88
2023-02-14,LT, EQ, 14-Feb-2023,2203.3,2215.0,2216.0,2182.15,2189.35,2191.65,2196.73,1874906,41186.65,67427,1283513,68.46
2023-02-15,LT, EQ, 15-Feb-2023,2191.65,2186.0,2187.85,2157.25,2176.1,2175.05,2171.79,1946344,42270.53,98792,1200268,61.67
2023-02-16,LT, EQ, 16-Feb-2023,2175.05,2186.8,2202.3,2171.7,2175.9,2178.3,2184.11,2464602,53829.56,70544,1811902,73.52
2023-02-17,LT, EQ, 17-Feb-2023,2178.3,2169.8,2249.0,2160.0,2227.0,2226.35,2225.4,3753179,83523.33,181170,1926020,51.32
2023-02-20,LT, EQ, 20-Feb-2023,2226.35,2233.7,2252.0,2215.0,2220.5,2225.5,2229.3,1779752,39675.97,62038,970060,54.51
2023-02-21,LT, EQ, 21-Feb-2023,2225.5,2239.0,2262.0,2222.7,2235.35,2229.45,2242.03,1882604,42208.64,107550,1120041,59.49
2023-02-22,LT, EQ, 22-Feb-2023,2229.45,2229.0,2241.0,2182.05,2203.0,2194.75,2212.81,2103097,46537.49,106503,1298976,61.76
2023-02-23,LT, EQ, 23-Feb-2023,2194.75,2204.0,2208.2,2153.5,2154.0,2159.15,2178.14,2000556,43574.98,130397,1286174,64.29
2023-02-24,LT, EQ, 24-Feb-2023,2159.15,2160.0,2172.3,2118.75,2135.1,2134.05,2144.65,1479060,31720.71,122963,773206,52.28
2023-02-27,LT, EQ, 27-Feb-2023,2134.05,2134.05,2139.9,2082.1,2112.0,2113.7,2107.61,1398112,29466.79,91571,771584,55.19
2023-02-28,LT, EQ, 28-Feb-2023,2113.7,2115.0,2138.3,2085.0,2107.85,2109.15,2112.21,2108587,44537.85,103579,1276603,60.54
2023-03-01,LT, EQ, 01-Mar-2023,2109.15,2100.0,2130.0,2100.0,2118.9,2115.3,2116.16,1389077,29395.07,101999,846118,60.91
2023-03-02,LT, EQ, 02-Mar-2023,2115.3,2129.95,2149.0,2107.55,2117.5,2121.6,2123.82,1727640,36692.03,122328,868979,50.3
2023-03-03,LT, EQ, 03-Mar-2023,2121.6,2140.0,2159.9,2132.25,2153.0,2152.05,2148.43,1821066,39124.41,120711,1207557,66.31
2023-03-06,LT, EQ, 06-Mar-2023,2152.05,2158.25,2184.85,2139.8,2140.0,2141.15,2156.71,1821012,39273.96,97995,1235805,67.86
2023-03-08,LT, EQ, 08-Mar-2023,2141.15,2152.0,2189.6,2140.6,2172.0,2170.8,2165.37,2965342,64210.66,165110,1680250,56.66
2023-03-09,LT, EQ, 09-Mar-2023,2170.8,2174.95,2199.0,2171.5,2193.0,2193.2,2188.04,1873933,41002.42,101846,1278862,68.24
2023-03-10,LT, EQ, 10-Mar-2023,2193.2,2171.5,2182.0,2133.0,2159.45,2157.85,2154.4,1900535,40945.14,91711,1215518,63.96
2023-03-13,LT, EQ, 13-Mar-2023,2157.85,2164.05,2178.95,2107.0,2142.0,2133.85,2143.96,2334468,50050.17,112226,1600867,68.58
2023-03-14,LT, EQ, 14-Mar-2023,2133.85,2144.35,2171.0,2134.4,2152.6,2144.2,2152.88,2871343,61816.44,113612,1757139,61.2
2023-03-15,LT, EQ, 15-Mar-2023,2144.2,2164.2,2212.45,2160.0,2173.0,2176.65,2187.88,3044201,66603.54,160109,1644137,54.01
2023-03-16,LT, EQ, 16-Mar-2023,2176.65,2184.9,2187.0,2132.0,2173.25,2173.6,2162.68,2946792,63729.6,162873,1969265,66.83
2023-03-17,LT, EQ, 17-Mar-2023,2173.6,2186.7,2228.9,2186.7,2194.15,2195.75,2205.29,3286473,72476.24,153006,2016287,61.35
2023-03-20,LT, EQ, 20-Mar-2023,2195.75,2191.1,2205.0,2152.0,2178.95,2177.55,2173.19,1996773,43393.61,138654,1090653,54.62
2023-03-21,LT, EQ, 21-Mar-2023,2177.55,2182.7,2227.0,2182.0,2205.25,2208.45,2209.27,3178680,70225.71,139983,1977001,62.2
2023-03-22,LT, EQ, 22-Mar-2023,2208.45,2219.5,2246.25,2207.9,2209.0,2213.95,2227.88,1956033,43578.08,109021,1047883,53.57
2023-03-23,LT, EQ, 23-Mar-2023,2213.95,2214.0,2242.0,2200.55,2206.8,2206.65,2226.65,2455799,54682.07,98325,1558940,63.48
2023-03-24,LT, EQ, 24-Mar-2023,2206.65,2206.0,2219.35,2153.05,2174.0,2166.15,2185.98,1449544,31686.71,90023,738114,50.92
2023-03-27,LT, EQ, 27-Mar-2023,2166.15,2175.05,2190.0,2150.0,2150.9,2154.0,2168.9,1540581,33413.6,135796,938890,60.94
2023-03-28,LT, EQ, 28-Mar-2023,2154.0,2167.75,2169.8,2122.45,2135.4,2133.6,2135.52,1627243,34750.08,96673,1043922,64.15
2023-03-29,LT, EQ, 29-Mar-2023,2133.6,2137.65,2159.3,2121.0,2150.0,2147.45,2140.31,2372385,50776.38,104448,1489514,62.79
2023-03-31,LT, EQ, 31-Mar-2023,2147.45,2156.5,2176.95,2150.55,2165.05,2164.2,2163.61,1489542,32227.85,96841,907452,60.92
2023-04-03,LT, EQ, 03-Apr-2023,2164.2,2180.0,2183.5,2155.0,2169.0,2170.15,2170.48,1231654,26732.83,78708,774566,62.89
2023-04-05,LT, EQ, 05-Apr-2023,2170.15,2170.0,2262.5,2165.0,2259.0,2257.75,2233.05,2763363,61707.36,145375,1396896,50.55
2023-04-06,LT, EQ, 06-Apr-2023,2257.75,2257.75,2291.65,2254.45,2276.2,2274.25,2274.83,2389899,54366.13,96838,1262673,52.83
2023-04-10,LT, EQ, 10-Apr-2023,2274.25,2284.9,2319.9,2278.05,2310.0,2309.7,2306.95,1955914,45122.0,89598,1067643,54.59
2023-04-11,LT, EQ, 11-Apr-2023,2309.7,2320.0,2330.0,2287.3,2302.7,2301.5,2302.85,1342440,30914.44,92230,755288,56.26
2023-04-12,LT, EQ, 12-Apr-2023,2301.5,2304.0,2312.7,2281.95,2289.0,2288.5,2291.51,1165839,26715.27,59946,714170,61.26
2023-04-13,LT, EQ, 13-Apr-2023,2288.5,2294.8,2295.0,2242.45,2263.5,2258.75,2257.99,1956668,44181.31,104076,1386657,70.87
2023-04-17,LT, EQ, 17-Apr-2023,2258.75,2258.75,2273.8,2201.15,2213.0,2214.0,2217.64,4125850,91496.53,135338,3195858,77.46
2023-04-18,LT, EQ, 18-Apr-2023,2214.0,2220.0,2230.0,2188.0,2222.0,2216.6,2208.18,2848601,62902.19,159574,2033457,71.38
2023-04-19,LT, EQ, 19-Apr-2023,2216.6,2208.1,2235.0,2208.1,2218.0,2219.6,2224.31,1970015,43819.23,88619,1380480,70.07
2023-04-20,LT, EQ, 20-Apr-2023,2219.6,2225.0,2251.45,2222.25,2236.35,2232.75,2234.99,1898996,42442.31,64047,1277612,67.28
2023-04-21,LT, EQ, 21-Apr-2023,2232.75,2240.15,2243.0,2202.0,2214.9,2215.2,2214.16,1009316,22347.92,56949,624479,61.87
2023-04-24,LT, EQ, 24-Apr-2023,2215.2,2220.0,2232.7,2186.55,2232.5,2228.9,2210.17,1239073,27385.63,66820,670747,54.13
2023-04-25,LT, EQ, 25-Apr-2023,2228.9,2231.05,2254.0,2218.1,2245.8,2247.95,2241.47,1350118,30262.5,83288,666945,49.4
2023-04-26,LT, EQ, 26-Apr-2023,2247.95,2247.85,2287.3,2244.05,2276.0,2276.15,2271.49,1894812,43040.48,86235,1174764,62.0
2023-04-27,LT, EQ, 27-Apr-2023,2276.15,2275.75,2310.0,2267.1,2305.5,2305.6,2294.66,1252989,28751.8,60784,697654,55.68
2023-04-28,LT, EQ, 28-Apr-2023,2305.6,2312.3,2369.0,2312.3,2360.0,2364.4,2346.47,2884961,67694.72,109342,1799875,62.39
2023-05-02,LT, EQ, 02-May-2023,2364.4,2373.2,2416.35,2373.2,2387.0,2384.45,2393.24,1840153,44039.32,101401,1009151,54.84
2023-05-03,LT, EQ, 03-May-2023,2384.45,2384.1,2390.0,2348.5,2355.8,2356.3,2362.54,998235,23583.7,67794,501868,50.28
2023-05-04,LT, EQ, 04-May-2023,2356.3,2361.8,2381.65,2342.85,2363.0,2356.9,2357.79,1230912,29022.35,59655,710769,57.74
2023-05-05,LT, EQ, 05-May-2023,2356.9,2357.0,2406.95,2357.0,2379.45,2377.5,2389.07,2425866,57955.71,133605,1351161,55.7
2023-05-08,LT, EQ, 08-May-2023,2377.5,2377.45,2385.0,2354.05,2368.0,2365.4,2368.84,1583576,37512.36,63374,1031293,65.12
2023-05-09,LT, EQ, 09-May-2023,2365.4,2367.65,2401.9,2367.65,2374.95,2374.35,2380.73,1417301,33742.08,102983,789444,55.7
2023-05-10,LT, EQ, 10-May-2023,2374.35,2387.0,2388.95,2350.0,2372.8,2364.45,2362.84,1675409,39587.3,68774,1006405,60.07
2023-05-11,LT, EQ, 11-May-2023,2364.45,2300.0,2314.05,2237.35,2244.0,2242.15,2255.59,9470848,213623.95,517410,6449975,68.1
2023-05-12,LT, EQ, 12-May-2023,2242.15,2222.65,2235.0,2197.35,2226.0,2221.1,2216.56,5367292,118969.42,270385,3740432,69.69
2023-05-15,LT, EQ, 15-May-2023,2221.1,2220.9,2260.0,2215.0,2243.0,2246.85,2245.48,2662740,59791.33,189172,1613816,60.61
2023-05-16,LT, EQ, 16-May-2023,2246.85,2254.6,2255.0,2223.1,2227.55,2227.2,2234.36,2528855,56503.79,204858,1668109,65.96
2023-05-17,LT, EQ, 17-May-2023,2227.2,2224.35,2244.0,2210.2,2217.5,2219.6,2223.69,1961004,43606.62,154051,1033393,52.7
2023-05-18,LT, EQ, 18-May-2023,2219.6,2230.0,2233.55,2181.0,2187.6,2188.2,2204.09,2290757,50490.28,90474,1314676,57.39
2023-05-19,LT, EQ, 19-May-2023,2188.2,2192.0,2199.05,2168.5,2194.0,2190.05,2183.81,1729803,37775.65,126536,1000821,57.86
2023-05-22,LT, EQ, 22-May-2023,2190.05,2190.0,2222.0,2178.4,2219.75,2216.6,2211.1,1112099,24589.66,79757,466229,41.92
2023-05-23,LT, EQ, 23-May-2023,2216.6,2225.6,2228.6,2194.0,2196.0,2197.65,2203.51,2265389,49918.01,148396,1492247,65.87
2023-05-24,LT, EQ, 24-May-2023,2197.65,2200.0,2208.5,2176.0,2190.0,2185.15,2189.9,2648479,57999.12,177358,1981266,74.81
2023-05-25,LT, EQ, 25-May-2023,2185.15,2190.0,2207.3,2178.0,2205.55,2204.7,2190.71,1689521,37012.57,110789,995242,58.91
2023-05-26,LT, EQ, 26-May-2023,2204.7,2209.0,2220.75,2201.0,2218.0,2218.45,2213.0,1249128,27643.19,59656,665160,53.25
2023-05-29,LT, EQ, 29-May-2023,2218.45,2225.0,2241.8,2220.2,2227.3,2224.55,2230.23,1369656,30546.42,62359,758099,55.35
2023-05-30,LT, EQ, 30-May-2023,2224.55,2230.0,2237.0,2207.2,2212.5,2210.8,2215.65,1716729,38036.68,63987,1217068,70.89
2023-05-31,LT, EQ, 31-May-2023,2210.8,2201.1,2224.0,2200.0,2212.5,2205.65,2207.16,2809284,62005.45,72450,2131481,75.87
2023-06-01,LT, EQ, 01-Jun-2023,2205.65,2217.0,2222.0,2202.15,2209.4,2207.8,2211.72,1049488,23211.71,77153,588404,56.07
2023-06-02,LT, EQ, 02-Jun-2023,2207.8,2221.0,2237.3,2212.15,2236.0,2234.55,2228.04,1399950,31191.47,117300,999878,71.42
2023-06-05,LT, EQ, 05-Jun-2023,2234.55,2245.0,2272.8,2240.0,2269.5,2268.3,2260.72,2344944,53012.54,132166,1410174,60.14
2023-06-06,LT, EQ, 06-Jun-2023,2268.3,2269.0,2280.7,2263.7,2278.1,2277.95,2272.28,1677680,38121.65,98810,1208031,72.01
2023-06-07,LT, EQ, 07-Jun-2023,2277.95,2278.0,2318.0,2278.0,2316.0,2315.5,2304.52,2128603,49053.99,122375,1470071,69.06
2023-06-08,LT, EQ, 08-Jun-2023,2315.5,2316.95,2345.05,2312.75,2340.4,2340.3,2336.61,2556995,59747.08,71004,1882185,73.61
2023-06-09,LT, EQ, 09-Jun-2023,2340.3,2345.0,2368.85,2338.25,2363.25,2363.0,2360.07,2501720,59042.44,71065,1940724,77.58
2023-06-12,LT, EQ, 12-Jun-2023,2363.0,2365.0,2370.0,2333.1,2340.05,2339.95,2342.03,1172382,27457.52,45800,738906,63.03
2023-06-13,LT, EQ, 13-Jun-2023,2339.95,2345.85,2357.9,2327.1,2352.0,2354.4,2348.25,1688768,39656.57,111296,1296051,76.75
2023-06-14,LT, EQ, 14-Jun-2023,2354.4,2352.9,2360.0,2340.0,2355.0,2355.05,2351.52,1013564,23834.17,56151,672053,66.31
2023-06-15,LT, EQ, 15-Jun-2023,2355.05,2355.0,2369.5,2349.0,2358.4,2361.3,2363.11,2561534,60531.84,77879,2160742,84.35
2023-06-16,LT, EQ, 16-Jun-2023,2361.3,2363.75,2380.0,2352.25,2363.15,2366.8,2367.08,1794542,42478.29,86400,1346918,75.06
2023-06-19,LT, EQ, 19-Jun-2023,2366.8,2379.0,2419.9,2361.0,2365.0,2366.35,2387.28,3111256,74274.37,106255,2031497,65.3
2023-06-20,LT, EQ, 20-Jun-2023,2366.35,2364.95,2389.65,2354.45,2388.0,2382.0,2375.25,1771306,42072.98,82474,1295751,73.15
2023-06-21,LT, EQ, 21-Jun-2023,2382.0,2382.0,2412.0,2382.0,2394.0,2394.45,2399.93,1607299,38574.09,70345,1093927,68.06
2023-06-22,LT, EQ, 22-Jun-2023,2394.45,2394.6,2424.0,2380.0,2418.0,2416.25,2405.52,1741775,41898.73,73734,868261,49.85
2023-06-23,LT, EQ, 23-Jun-2023,2416.25,2418.95,2427.0,2383.25,2392.9,2389.55,2402.41,1212955,29140.13,82586,587927,48.47
2023-06-26,LT, EQ, 26-Jun-2023,2389.55,2398.1,2403.85,2367.95,2375.0,2377.55,2379.97,793572,18886.74,67473,410423,51.72
2023-06-27,LT, EQ, 27-Jun-2023,2377.55,2387.45,2396.95,2371.55,2389.0,2388.05,2387.44,1012317,24168.46,79667,664903,65.68
2023-06-28,LT, EQ, 28-Jun-2023,2388.05,2400.0,2432.9,2390.05,2424.0,2421.45,2418.46,1734938,41958.72,118169,1127673,65.0
2023-06-30,LT, EQ, 30-Jun-2023,2421.45,2420.0,2483.5,2415.05,2475.0,2475.55,2453.41,2690699,66013.79,127547,1894147,70.4
2023-07-03,LT, EQ, 03-Jul-2023,2475.55,2478.2,2492.4,2448.0,2456.0,2454.05,2464.64,1078456,26580.08,77218,635450,58.92
2023-07-04,LT, EQ, 04-Jul-2023,2454.05,2458.2,2484.4,2458.2,2463.0,2461.85,2468.7,1441581,35588.36,92291,1054452,73.15
2023-07-05,LT, EQ, 05-Jul-2023,2461.85,2461.0,2484.95,2454.35,2472.0,2470.8,2469.27,1191896,29431.1,78418,810382,67.99
2023-07-06,LT, EQ, 06-Jul-2023,2470.8,2468.1,2499.95,2467.55,2487.0,2488.6,2489.92,1796824,44739.51,87551,1005484,55.96
2023-07-07,LT, EQ, 07-Jul-2023,2488.6,2482.75,2504.0,2444.6,2452.0,2449.35,2463.95,1837661,45279.03,105241,1347700,73.34
2023-07-10,LT, EQ, 10-Jul-2023,2449.35,2450.0,2463.35,2420.0,2445.1,2438.75,2436.66,1178479,28715.5,75892,749377,63.59
2023-07-11,LT, EQ, 11-Jul-2023,2438.75,2447.2,2479.0,2447.2,2478.35,2474.55,2469.28,1219658,30116.8,83552,798632,65.48
2023-07-12,LT, EQ, 12-Jul-2023,2474.55,2480.3,2485.95,2447.8,2455.0,2454.95,2462.68,1822435,44880.8,98685,1350744,74.12
2023-07-13,LT, EQ, 13-Jul-2023,2454.95,2466.0,2484.9,2446.25,2458.3,2450.15,2465.52,1141663,28147.96,98237,640077,56.07
2023-07-14,LT, EQ, 14-Jul-2023,2450.15,2450.25,2477.05,2448.65,2475.0,2472.25,2464.74,845623,20842.41,61308,519618,61.45
2023-07-17,LT, EQ, 17-Jul-2023,2472.25,2475.0,2494.0,2465.0,2474.0,2468.8,2476.42,878697,21760.24,75714,465760,53.01
2023-07-18,LT, EQ, 18-Jul-2023,2468.8,2469.0,2489.95,2468.1,2479.0,2474.7,2476.79,720865,17854.34,61896,379227,52.61
2023-07-19,LT, EQ, 19-Jul-2023,2474.7,2474.6,2502.95,2466.4,2497.0,2494.15,2489.72,1431080,35629.87,122951,872498,60.97
2023-07-20,LT, EQ, 20-Jul-2023,2494.15,2494.0,2495.7,2469.05,2490.1,2489.7,2484.26,1045704,25977.99,73092,521628,49.88
2023-07-21,LT, EQ, 21-Jul-2023,2489.7,2522.0,2595.0,2521.1,2587.0,2586.25,2566.56,4610417,118329.14,241210,2055666,44.59
2023-07-24,LT, EQ, 24-Jul-2023,2586.25,2637.65,2638.0,2583.9,2607.0,2605.25,2611.42,2155297,56283.9,109705,1111895,51.59
2023-07-25,LT, EQ, 25-Jul-2023,2605.25,2616.0,2617.75,2553.0,2565.0,2560.9,2578.92,2068876,53354.56,126959,1415312,68.41
2023-07-26,LT, EQ, 26-Jul-2023,2560.9,2591.0,2673.85,2585.0,2652.0,2646.25,2654.97,5820099,154522.14,248160,2446470,42.03
2023-07-27,LT, EQ, 27-Jul-2023,2646.25,2668.95,2676.35,2646.45,2661.95,2660.2,2661.87,2117794,56372.97,134044,1113786,52.59
2023-07-28,LT, EQ, 28-Jul-2023,2660.2,2660.15,2668.15,2625.0,2649.0,2649.55,2650.01,1325724,35131.83,117262,766772,57.84
2023-07-31,LT, EQ, 31-Jul-2023,2649.55,2655.0,2690.0,2631.1,2682.0,2681.35,2658.32,1284981,34158.95,95837,774447,60.27
2023-08-01,LT, EQ, 01-Aug-2023,2681.35,2681.35,2689.0,2655.35,2670.0,2666.65,2668.58,1298745,34657.99,104647,897296,69.09
2023-08-02,LT, EQ, 02-Aug-2023,2666.65,2638.0,2644.95,2602.7,2616.0,2622.15,2626.5,1479486,38858.74,122202,959784,64.87
2023-08-03,LT, EQ, 03-Aug-2023,2622.15,2615.0,2642.75,2586.3,2598.5,2598.1,2614.34,1612618,42159.28,114777,899221,55.76
2023-08-04,LT, EQ, 04-Aug-2023,2598.1,2605.0,2635.0,2598.5,2628.0,2626.9,2621.35,1101278,28868.35,76843,636060,57.76
2023-08-07,LT, EQ, 07-Aug-2023,2626.9,2628.0,2654.0,2623.1,2638.1,2635.9,2640.44,1163125,30711.61,80262,616516,53.01
2023-08-08,LT, EQ, 08-Aug-2023,2635.9,2639.05,2649.5,2628.3,2635.0,2632.2,2638.44,767310,20245.01,108359,526849,68.66
2023-08-09,LT, EQ, 09-Aug-2023,2632.2,2635.0,2655.0,2615.25,2648.1,2651.6,2635.47,906865,23900.13,67153,523153,57.69
2023-08-10,LT, EQ, 10-Aug-2023,2651.6,2640.1,2661.6,2621.65,2641.85,2643.5,2638.91,1040041,27445.72,134752,652012,62.69
2023-08-11,LT, EQ, 11-Aug-2023,2643.5,2642.05,2656.9,2631.25,2637.05,2638.5,2643.44,1320121,34896.65,78462,908209,68.8
2023-08-14,LT, EQ, 14-Aug-2023,2638.5,2637.0,2663.55,2616.0,2658.0,2659.9,2644.73,1364413,36085.06,104864,908820,66.61
2023-08-16,LT, EQ, 16-Aug-2023,2659.9,2669.0,2695.0,2652.05,2689.2,2691.05,2677.57,1703875,45622.52,72956,1156834,67.89
2023-08-17,LT, EQ, 17-Aug-2023,2691.05,2691.05,2691.05,2642.0,2649.0,2652.5,2656.9,1629067,43282.65,112323,1119213,68.7
2023-08-18,LT, EQ, 18-Aug-2023,2652.5,2650.0,2674.7,2632.75,2634.75,2641.95,2659.94,1898966,50511.27,106941,1180461,62.16
2023-08-21,LT, EQ, 21-Aug-2023,2641.95,2641.85,2666.6,2623.45,2656.15,2662.25,2641.98,1376318,36361.99,86473,904888,65.75
2023-08-22,LT, EQ, 22-Aug-2023,2662.25,2668.0,2685.65,2662.0,2679.0,2678.8,2677.38,1497180,40085.21,83673,1057729,70.65
2023-08-23,LT, EQ, 23-Aug-2023,2678.8,2689.55,2726.0,2682.45,2718.1,2717.6,2712.78,1990672,54002.6,92469,1201253,60.34
2023-08-24,LT, EQ, 24-Aug-2023,2717.6,2747.5,2766.8,2680.6,2688.65,2688.15,2724.37,2619182,71356.29,130987,1115073,42.57
2023-08-25,LT, EQ, 25-Aug-2023,2688.15,2677.45,2682.7,2631.0,2632.0,2638.4,2647.37,1408427,37286.26,90518,799158,56.74
2023-08-28,LT, EQ, 28-Aug-2023,2638.4,2653.55,2700.0,2650.05,2694.0,2695.35,2677.63,1551734,41549.67,82613,895886,57.73
2023-08-29,LT, EQ, 29-Aug-2023,2695.35,2710.0,2722.1,2696.3,2716.95,2718.95,2710.46,1101830,29864.65,75845,635263,57.66
2023-08-30,LT, EQ, 30-Aug-2023,2718.95,2722.95,2737.65,2707.0,2710.8,2709.0,2728.5,1920079,52389.3,86352,1459615,76.02
2023-08-31,LT, EQ, 31-Aug-2023,2709.0,2720.0,2724.6,2678.35,2716.0,2702.7,2698.55,2439625,65834.51,125071,1570166,64.36
2023-09-01,LT, EQ, 01-Sep-2023,2702.7,2710.0,2715.95,2688.3,2705.0,2702.1,2703.79,1263430,34160.46,93775,796524,63.04
2023-09-04,LT, EQ, 04-Sep-2023,2702.1,2733.0,2742.0,2705.0,2713.0,2711.1,2716.79,1548282,42063.62,95478,973357,62.87
2023-09-05,LT, EQ, 05-Sep-2023,2711.1,2720.5,2739.0,2720.0,2735.0,2732.95,2732.22,1066447,29137.64,68146,715660,67.11
2023-09-06,LT, EQ, 06-Sep-2023,2732.95,2740.0,2742.8,2712.0,2731.3,2730.45,2726.52,1747425,47643.89,100311,1309997,74.97
2023-09-07,LT, EQ, 07-Sep-2023,2730.45,2733.0,2855.95,2730.0,2846.1,2846.4,2806.61,4100519,115085.77,176598,1744045,42.53
2023-09-08,LT, EQ, 08-Sep-2023,2846.4,2888.0,2928.7,2872.45,2900.0,2901.6,2902.97,3638510,105624.94,165172,1556878,42.79
2023-09-11,LT, EQ, 11-Sep-2023,2901.6,2905.0,2926.0,2890.05,2896.5,2894.2,2908.25,1545803,44955.77,116993,1008061,65.21
2023-09-12,LT, EQ, 12-Sep-2023,2894.2,2951.6,3009.0,2932.45,2948.5,2944.1,2980.82,7788759,232168.96,228017,4168770,53.52
2023-09-13,LT, EQ, 13-Sep-2023,2944.1,2943.5,2943.7,2888.45,2912.0,2906.75,2914.12,2458417,71641.32,136168,1670141,67.94
2023-09-14,LT, EQ, 14-Sep-2023,2906.75,2924.9,2931.65,2906.0,2914.0,2918.6,2917.49,1910041,55725.17,131030,860502,45.05
2023-09-15,LT, EQ, 15-Sep-2023,2918.6,2933.0,2934.95,2900.0,2906.95,2908.55,2913.25,1655275,48222.28,99318,1011520,61.11
2023-09-18,LT, EQ, 18-Sep-2023,2908.55,2910.0,2930.0,2907.0,2920.3,2919.85,2920.17,736631,21510.88,77082,492362,66.84
2023-09-20,LT, EQ, 20-Sep-2023,2919.85,2926.95,2944.95,2886.05,2889.0,2890.0,2912.55,1399240,40753.6,99332,874572,62.5
2023-09-21,LT, EQ, 21-Sep-2023,2890.0,2885.05,2905.1,2846.05,2901.6,2899.35,2872.38,2444711,70221.46,143950,1342072,54.9
2023-09-22,LT, EQ, 22-Sep-2023,2899.35,2908.7,2936.45,2902.25,2924.85,2918.5,2920.64,1965569,57407.25,163032,1258465,64.03
2023-09-25,LT, EQ, 25-Sep-2023,2918.5,2917.95,2923.8,2871.0,2910.05,2902.5,2890.51,1049532,30336.83,95811,599414,57.11
2023-09-26,LT, EQ, 26-Sep-2023,2902.5,2915.0,2944.0,2910.0,2911.2,2912.55,2923.88,953456,27877.89,67249,400990,42.06
2023-09-27,LT, EQ, 27-Sep-2023,2912.55,2922.0,2994.9,2911.65,2971.0,2965.05,2962.27,2903693,86015.09,140969,1592092,54.83
2023-09-28,LT, EQ, 28-Sep-2023,2965.05,2989.0,3050.5,2978.25,3025.45,3010.0,3020.21,4081102,123257.65,203630,1517639,37.19
2023-09-29,LT, EQ, 29-Sep-2023,3010.0,3040.0,3058.35,3005.25,3026.0,3023.55,3032.62,2698016,81820.45,171335,1597492,59.21
2023-10-03,LT, EQ, 03-Oct-2023,3023.55,3040.5,3077.45,2995.1,3074.0,3073.25,3044.59,3254492,99085.83,175833,2125318,65.3
2023-10-04,LT, EQ, 04-Oct-2023,3073.25,3064.1,3064.1,2990.05,3027.0,3027.75,3022.81,3100946,93735.8,177894,2083793,67.2
2023-10-05,LT, EQ, 05-Oct-2023,3027.75,3032.55,3114.9,3032.55,3090.0,3096.05,3074.7,3413447,104953.33,197263,1612139,47.23
2023-10-06,LT, EQ, 06-Oct-2023,3096.05,3114.95,3114.95,3073.15,3095.0,3093.7,3091.63,1898118,58682.72,121454,1086690,57.25
2023-10-09,LT, EQ, 09-Oct-2023,3093.7,3075.0,3085.0,3055.55,3070.5,3074.7,3068.46,1181760,36261.82,99685,679550,57.5
2023-10-10,LT, EQ, 10-Oct-2023,3074.7,3073.85,3099.0,3072.15,3075.0,3076.0,3086.11,1551789,47889.89,122031,1166374,75.16
2023-10-11,LT, EQ, 11-Oct-2023,3076.0,3090.0,3110.0,3084.4,3087.2,3088.7,3097.38,2066921,64020.31,88805,1535119,74.27
2023-10-12,LT, EQ, 12-Oct-2023,3088.7,3094.0,3105.05,3067.05,3082.95,3081.75,3080.04,1870280,57605.41,148950,1083898,57.95
2023-10-13,LT, EQ, 13-Oct-2023,3081.75,3067.75,3099.0,3063.5,3090.0,3089.6,3082.24,1437808,44316.63,164036,806160,56.07
2023-10-16,LT, EQ, 16-Oct-2023,3089.6,3098.95,3113.25,3074.7,3098.2,3101.9,3094.06,818794,25334.01,80754,430562,52.58
2023-10-17,LT, EQ, 17-Oct-2023,3101.9,3109.9,3114.2,3063.0,3068.0,3066.3,3076.66,1847182,56831.47,76344,1365980,73.95
2023-10-18,LT, EQ, 18-Oct-2023,3066.3,3068.65,3079.15,3037.15,3044.75,3045.6,3048.72,1350839,41183.23,92252,818257,60.57
2023-10-19,LT, EQ, 19-Oct-2023,3045.6,3025.6,3069.9,3007.15,3055.0,3054.4,3043.34,1599104,48666.15,125551,753691,47.13
2023-10-20,LT, EQ, 20-Oct-2023,3054.4,3039.95,3056.25,2977.3,3017.0,3012.35,3013.38,1667471,50247.16,153002,917915,55.05
2023-10-23,LT, EQ, 23-Oct-2023,3012.35,3003.0,3006.9,2949.0,2961.5,2958.3,2974.68,1614030,48012.24,119364,1081955,67.03
2023-10-25,LT, EQ, 25-Oct-2023,2958.3,2959.0,2965.5,2910.3,2919.95,2916.1,2934.72,2108353,61874.27,163245,1428452,67.75
2023-10-26,LT, EQ, 26-Oct-2023,2916.1,2906.0,2916.15,2857.05,2864.45,2864.6,2874.72,3286109,94466.52,284482,2316267,70.49
2023-10-27,LT, EQ, 27-Oct-2023,2864.6,2864.65,2910.55,2857.65,2909.0,2901.9,2893.54,2399538,69431.5,159869,1708475,71.2
2023-10-30,LT, EQ, 30-Oct-2023,2901.9,2899.2,2932.0,2856.15,2927.35,2926.35,2910.87,1693052,49282.57,106664,1025189,60.55
2023-10-31,LT, EQ, 31-Oct-2023,2926.35,2929.95,2951.55,2907.95,2923.0,2929.05,2925.45,1556467,45533.61,120033,746961,47.99
2023-11-01,LT, EQ, 01-Nov-2023,2929.05,2947.45,2983.15,2871.05,2894.0,2895.3,2919.87,3875595,113162.5,246412,1892864,48.84
2023-11-02,LT, EQ, 02-Nov-2023,2895.3,2935.0,2937.85,2903.2,2921.0,2918.1,2915.22,1451606,42317.49,113151,619420,42.67
2023-11-03,LT, EQ, 03-Nov-2023,2918.1,2934.0,2948.05,2905.0,2918.9,2911.25,2921.04,1136175,33188.15,103154,616149,54.23
2023-11-06,LT, EQ, 06-Nov-2023,2911.25,2933.0,2979.0,2927.25,2971.7,2975.45,2962.32,1235499,36599.43,102669,723380,58.55
2023-11-07,LT, EQ, 07-Nov-2023,2975.45,2970.0,2983.6,2956.1,2963.0,2961.3,2969.65,1112206,33028.58,95718,792667,71.27
2023-11-08,LT, EQ, 08-Nov-2023,2961.3,2974.7,3002.75,2961.0,2998.0,2996.45,2983.72,1013438,30238.17,80527,638345,62.99
2023-11-09,LT, EQ, 09-Nov-2023,2996.45,3003.0,3028.7,2997.0,3026.45,3024.85,3018.81,1719911,51920.87,124752,794096,46.17
2023-11-10,LT, EQ, 10-Nov-2023,3024.85,3021.05,3044.0,3005.25,3030.55,3033.25,3028.87,947753,28706.19,77016,558411,58.92
2023-11-12,LT, EQ, 12-Nov-2023,3033.25,3054.95,3060.0,3044.0,3052.0,3052.0,3053.31,256389,7828.35,23797,127801,49.85
2023-11-13,LT, EQ, 13-Nov-2023,3052.0,3050.0,3054.35,3031.65,3041.85,3048.5,3043.91,531769,16186.58,60874,356158,66.98
2023-11-15,LT, EQ, 15-Nov-2023,3048.5,3062.35,3071.05,3055.0,3063.0,3064.95,3064.04,1160184,35548.47,87513,894714,77.12
2023-11-16,LT, EQ, 16-Nov-2023,3064.95,3057.95,3082.1,3045.0,3050.0,3051.15,3061.15,1597607,48905.11,123277,939923,58.83
2023-11-17,LT, EQ, 17-Nov-2023,3051.15,3050.0,3115.45,3045.15,3106.25,3109.0,3084.02,1325050,40864.81,118480,769320,58.06
2023-11-20,LT, EQ, 20-Nov-2023,3109.0,3095.1,3111.95,3076.2,3087.0,3088.8,3088.51,1231164,38024.61,108214,801074,65.07
2023-11-21,LT, EQ, 21-Nov-2023,3088.8,3088.5,3099.0,3062.45,3075.0,3074.85,3078.23,1884782,58017.94,119729,1335802,70.87
2023-11-22,LT, EQ, 22-Nov-2023,3074.85,3074.85,3088.65,3062.5,3080.5,3082.3,3078.17,1104208,33989.35,92685,712030,64.48
2023-11-23,LT, EQ, 23-Nov-2023,3082.3,3080.0,3088.0,3031.05,3051.15,3045.65,3052.05,1514688,46229.0,115869,884009,58.36
2023-11-24,LT, EQ, 24-Nov-2023,3045.65,3050.0,3067.0,3039.6,3051.8,3054.25,3054.65,915121,27953.74,92885,400331,43.75
2023-11-28,LT, EQ, 28-Nov-2023,3054.25,3054.0,3059.15,3035.0,3053.0,3050.0,3047.65,1210508,36892.02,118447,945446,78.1
2023-11-29,LT, EQ, 29-Nov-2023,3050.0,3050.0,3089.9,3049.0,3080.95,3083.75,3069.07,1801107,55277.2,164191,1367738,75.94
2023-11-30,LT, EQ, 30-Nov-2023,3083.75,3076.3,3124.55,3058.7,3119.8,3109.2,3100.6,3131624,97099.16,129023,2280466,72.82
2023-12-01,LT, EQ, 01-Dec-2023,3109.2,3129.95,3197.95,3121.05,3184.15,3190.65,3180.47,2112908,67200.45,144549,951128,45.02
2023-12-04,LT, EQ, 04-Dec-2023,3190.65,3285.0,3347.55,3250.0,3316.05,3313.55,3303.15,3095974,102264.62,221889,1529641,49.41
2023-12-05,LT, EQ, 05-Dec-2023,3313.55,3319.05,3325.0,3279.05,3319.0,3315.45,3302.14,1659309,54792.78,136656,1106671,66.69
2023-12-06,LT, EQ, 06-Dec-2023,3315.45,3330.0,3401.0,3321.0,3387.0,3392.3,3368.39,2057233,69295.58,153461,1416155,68.84
2023-12-07,LT, EQ, 07-Dec-2023,3392.3,3392.3,3409.9,3337.05,3372.0,3355.6,3363.6,2128823,71605.11,150669,1174373,55.17
2023-12-08,LT, EQ, 08-Dec-2023,3355.6,3377.0,3430.0,3366.0,3380.0,3378.45,3394.19,2428891,82441.26,173664,1267077,52.17
2023-12-11,LT, EQ, 11-Dec-2023,3378.45,3377.95,3405.0,3360.0,3381.95,3385.8,3381.94,1534238,51887.07,94181,1143527,74.53
2023-12-12,LT, EQ, 12-Dec-2023,3385.8,3375.0,3375.0,3332.0,3345.0,3342.4,3348.94,1888423,63242.23,147602,1393760,73.81
2023-12-13,LT, EQ, 13-Dec-2023,3342.4,3352.95,3410.0,3346.2,3395.0,3399.8,3378.34,1509107,50982.78,111338,975676,64.65
2023-12-14,LT, EQ, 14-Dec-2023,3399.8,3425.95,3440.0,3400.1,3436.0,3433.1,3421.15,2425646,82984.93,188077,1528266,63.0
2023-12-15,LT, EQ, 15-Dec-2023,3433.1,3435.15,3498.9,3432.85,3491.35,3488.0,3469.47,2632935,91348.8,145130,1665154,63.24
2023-12-18,LT, EQ, 18-Dec-2023,3488.0,3496.0,3506.0,3466.0,3486.0,3491.6,3479.2,1767429,61492.38,112884,1314811,74.39
2023-12-19,LT, EQ, 19-Dec-2023,3491.6,3488.95,3525.0,3476.05,3498.1,3498.95,3504.81,1311700,45972.62,123795,802334,61.17
2023-12-20,LT, EQ, 20-Dec-2023,3498.95,3505.0,3514.6,3412.55,3416.8,3418.5,3472.45,1876048,65144.84,140702,1297137,69.14
2023-12-21,LT, EQ, 21-Dec-2023,3418.5,3390.05,3439.95,3333.0,3438.5,3424.15,3382.29,2292802,77549.21,159960,953818,41.6
2023-12-22,LT, EQ, 22-Dec-2023,3424.15,3424.0,3496.0,3408.6,3472.0,3477.95,3463.59,1681707,58247.44,130843,643518,38.27
2023-12-26,LT, EQ, 26-Dec-2023,3477.95,3477.95,3508.35,3477.95,3491.0,3490.05,3491.26,1072263,37435.53,89263,710068,66.22
2023-12-27,LT, EQ, 27-Dec-2023,3490.05,3510.0,3549.0,3504.15,3545.0,3544.0,3529.8,1389266,49038.28,122452,647305,46.59
2023-12-28,LT, EQ, 28-Dec-2023,3544.0,3545.0,3559.95,3500.5,3523.0,3518.05,3528.63,3371121,118954.33,181724,2427585,72.01
2023-12-29,LT, EQ, 29-Dec-2023,3518.05,3531.0,3540.0,3495.0,3520.0,3526.0,3517.41,968577,34068.8,106590,512769,52.94
2024-01-01,LT, EQ, 01-Jan-2024,3526.0,3538.0,3538.0,3496.05,3509.1,3525.45,3518.05,777080,27338.05,99652,428707,55.17
2024-01-02,LT, EQ, 02-Jan-2024,3525.45,3525.05,3525.45,3432.0,3440.9,3438.1,3455.21,1511464,52224.24,199417,969027,64.11
2024-01-03,LT, EQ, 03-Jan-2024,3438.1,3433.0,3465.85,3411.6,3440.0,3440.35,3438.35,1283859,44143.62,147403,814620,63.45
2024-01-04,LT, EQ, 04-Jan-2024,3440.35,3441.05,3480.1,3423.0,3459.95,3458.7,3457.46,1651616,57104.01,155242,974234,58.99
2024-01-05,LT, EQ, 05-Jan-2024,3458.7,3464.95,3555.0,3460.0,3548.6,3521.9,3497.02,2069018,72353.91,211563,1123090,54.28
2024-01-08,LT, EQ, 08-Jan-2024,3521.9,3540.0,3559.95,3490.0,3510.0,3501.1,3519.92,1993855,70182.16,244999,1319026,66.15
2024-01-09,LT, EQ, 09-Jan-2024,3501.1,3527.45,3593.75,3520.1,3560.0,3555.95,3564.35,1807271,64417.43,136843,958324,53.03
2024-01-10,LT, EQ, 10-Jan-2024,3555.95,3549.95,3558.95,3520.0,3548.0,3545.5,3537.36,1534821,54292.22,101151,956420,62.31
2024-01-11,LT, EQ, 11-Jan-2024,3545.5,3545.5,3559.55,3500.55,3507.0,3504.85,3523.56,1105348,38947.55,113992,664576,60.12
2024-01-12,LT, EQ, 12-Jan-2024,3504.85,3505.05,3578.65,3494.05,3568.0,3568.8,3540.61,1782631,63115.96,140965,987229,55.38
2024-01-15,LT, EQ, 15-Jan-2024,3568.8,3576.1,3605.7,3538.05,3546.9,3543.05,3565.61,1783518,63593.26,138184,1086370,60.91
2024-01-16,LT, EQ, 16-Jan-2024,3543.05,3548.0,3589.0,3538.0,3578.0,3573.5,3568.44,1791818,63939.99,166759,1185193,66.14
2024-01-17,LT, EQ, 17-Jan-2024,3573.5,3555.0,3614.45,3547.7,3575.05,3570.95,3576.8,2699076,96540.43,164051,1661113,61.54
2024-01-18,LT, EQ, 18-Jan-2024,3570.95,3570.8,3616.95,3525.0,3603.0,3596.0,3592.24,2148898,77193.57,183094,1269966,59.1
2024-01-19,LT, EQ, 19-Jan-2024,3596.0,3603.0,3655.85,3603.0,3646.0,3646.0,3636.43,1913923,69598.43,196916,1114564,58.23
2024-01-20,LT, EQ, 20-Jan-2024,3646.0,3667.0,3670.0,3621.05,3637.4,3634.5,3644.77,468514,17076.28,52470,222049,47.39
2024-01-23,LT, EQ, 23-Jan-2024,3634.5,3637.6,3661.35,3536.2,3547.0,3551.0,3602.16,1742142,62754.73,166563,1164704,66.85
2024-01-24,LT, EQ, 24-Jan-2024,3551.0,3570.0,3617.95,3521.7,3600.0,3589.2,3586.69,3711521,133120.63,192912,2731075,73.58
2024-01-25,LT, EQ, 25-Jan-2024,3589.2,3599.9,3618.25,3564.8,3584.0,3593.45,3594.44,2206540,79312.68,164879,1368503,62.02
2024-01-29,LT, EQ, 29-Jan-2024,3593.45,3604.0,3733.85,3600.1,3710.0,3708.0,3687.07,2072982,76432.39,166432,1271712,61.35
2024-01-30,LT, EQ, 30-Jan-2024,3708.0,3715.95,3737.9,3624.9,3639.85,3633.3,3675.49,1454989,53477.91,133031,747324,51.36
2024-01-31,LT, EQ, 31-Jan-2024,3633.3,3520.0,3538.0,3387.05,3480.0,3479.75,3459.48,9637606,333411.19,545802,5405947,56.09
2024-02-01,LT, EQ, 01-Feb-2024,3479.75,3480.0,3493.75,3371.0,3398.0,3398.0,3414.16,6149780,209963.48,350563,3976225,64.66
2024-02-02,LT, EQ, 02-Feb-2024,3398.0,3402.7,3436.35,3361.0,3380.6,3376.05,3399.28,7579802,257658.56,360278,4774809,62.99
2024-02-05,LT, EQ, 05-Feb-2024,3376.05,3375.5,3407.95,3318.45,3340.95,3341.75,3362.8,2954238,99345.02,415549,2036923,68.95
2024-02-06,LT, EQ, 06-Feb-2024,3341.75,3346.0,3427.75,3337.55,3419.0,3424.25,3398.53,2545192,86499.19,187126,1682140,66.09
2024-02-07,LT, EQ, 07-Feb-2024,3424.25,3445.0,3447.0,3389.0,3396.0,3394.7,3413.73,2099940,71686.31,188731,1298307,61.83
2024-02-08,LT, EQ, 08-Feb-2024,3394.7,3413.0,3417.8,3293.85,3356.0,3335.5,3350.08,3471727,116305.64,310823,2063516,59.44
2024-02-09,LT, EQ, 09-Feb-2024,3335.5,3336.25,3390.0,3308.95,3324.0,3324.55,3327.86,3121873,103891.52,181824,1698995,54.42
2024-02-12,LT, EQ, 12-Feb-2024,3324.55,3330.0,3339.15,3287.0,3301.55,3299.55,3308.84,1922273,63604.98,186795,1268822,66.01
2024-02-13,LT, EQ, 13-Feb-2024,3299.55,3312.0,3338.55,3284.1,3316.25,3321.5,3319.88,2151493,71427.04,169600,1480228,68.8
2024-02-14,LT, EQ, 14-Feb-2024,3321.5,3290.05,3316.95,3263.05,3312.95,3309.0,3287.26,2502138,82251.7,216456,1703191,68.07
2024-02-15,LT, EQ, 15-Feb-2024,3309.0,3309.0,3321.95,3290.2,3303.95,3300.3,3302.95,1999189,66032.2,166096,1239531,62.0
2024-02-16,LT, EQ, 16-Feb-2024,3300.3,3304.95,3398.0,3304.05,3382.8,3386.75,3369.15,2768329,93269.27,183986,1595267,57.63
2024-02-19,LT, EQ, 19-Feb-2024,3386.75,3400.55,3408.0,3335.5,3341.15,3339.85,3352.09,1216447,40776.38,97105,628180,51.64
2024-02-20,LT, EQ, 20-Feb-2024,3339.85,3339.85,3367.75,3328.45,3362.5,3356.75,3347.47,1578162,52828.55,119394,1022526,64.79
2024-02-21,LT, EQ, 21-Feb-2024,3356.75,3356.9,3356.9,3290.05,3299.0,3296.4,3323.77,2430672,80790.06,147651,1662420,68.39
2024-02-22,LT, EQ, 22-Feb-2024,3296.4,3310.0,3369.0,3276.95,3363.0,3363.75,3323.23,2521388,83791.48,188283,1207847,47.9
2024-02-23,LT, EQ, 23-Feb-2024,3363.75,3363.75,3399.9,3340.75,3375.0,3387.95,3376.68,2107176,71152.52,150790,1181507,56.07
2024-02-26,LT, EQ, 26-Feb-2024,3387.95,3400.0,3491.65,3393.0,3470.35,3470.15,3464.62,4122419,142826.18,198475,2316176,56.18
2024-02-27,LT, EQ, 27-Feb-2024,3470.15,3475.0,3512.0,3451.9,3496.5,3506.45,3492.62,2122286,74123.32,137026,1411733,66.52
2024-02-28,LT, EQ, 28-Feb-2024,3506.45,3505.0,3513.0,3446.15,3463.05,3470.2,3474.86,1666903,57922.55,144188,1018370,61.09
2024-02-29,LT, EQ, 29-Feb-2024,3470.2,3485.0,3496.0,3436.45,3481.0,3477.55,3469.2,2119512,73530.04,132525,1279016,60.34
2024-03-01,LT, EQ, 01-Mar-2024,3477.55,3501.65,3658.35,3500.0,3628.85,3633.5,3594.5,4407803,158438.45,274913,2011254,45.63
2024-03-02,LT, EQ, 02-Mar-2024,3633.5,3647.9,3690.0,3646.2,3652.9,3655.25,3665.31,246957,9051.74,18973,139581,56.52
2024-03-04,LT, EQ, 04-Mar-2024,3655.25,3670.0,3679.8,3622.05,3639.0,3644.45,3642.69,1307501,47628.2,120856,778458,59.54
2024-03-05,LT, EQ, 05-Mar-2024,3644.45,3631.2,3644.45,3590.3,3618.0,3612.6,3616.74,1981370,71661.08,120484,1426257,71.98
2024-03-06,LT, EQ, 06-Mar-2024,3612.6,3618.0,3652.45,3586.05,3649.0,3642.2,3617.07,1500196,54263.17,134403,901810,60.11
2024-03-07,LT, EQ, 07-Mar-2024,3642.2,3660.75,3705.15,3643.25,3679.0,3676.95,3679.75,2344401,86268.13,148815,1462607,62.39
2024-03-11,LT, EQ, 11-Mar-2024,3676.95,3700.0,3700.0,3631.45,3638.85,3640.6,3650.08,1748541,63823.08,128768,1206532,69.0
2024-03-12,LT, EQ, 12-Mar-2024,3640.6,3639.05,3672.0,3613.15,3622.0,3621.65,3642.79,1470377,53562.69,139831,912434,62.05
2024-03-13,LT, EQ, 13-Mar-2024,3621.65,3634.9,3636.8,3511.9,3537.0,3538.55,3551.51,2503293,88904.69,184262,1531057,61.16
2024-03-14,LT, EQ, 14-Mar-2024,3538.55,3527.05,3636.0,3522.0,3600.0,3608.2,3601.93,4528490,163113.2,232700,3004786,66.35
2024-03-15,LT, EQ, 15-Mar-2024,3608.2,3598.0,3603.0,3524.05,3541.55,3537.15,3545.99,4054210,143761.8,228044,3007135,74.17
2024-03-18,LT, EQ, 18-Mar-2024,3537.15,3537.15,3572.2,3526.7,3560.0,3561.2,3557.46,1354787,48195.99,122348,895552,66.1
2024-03-19,LT, EQ, 19-Mar-2024,3561.2,3541.0,3549.5,3481.0,3504.0,3501.7,3506.62,1447405,50754.99,120334,972272,67.17
2024-03-20,LT, EQ, 20-Mar-2024,3501.7,3502.75,3524.95,3487.75,3513.2,3509.7,3511.18,1442811,50659.63,120211,1045547,72.47
2024-03-21,LT, EQ, 21-Mar-2024,3509.7,3525.15,3596.0,3525.15,3562.0,3560.0,3569.15,2504962,89405.93,158916,1276212,50.95
2024-03-22,LT, EQ, 22-Mar-2024,3560.0,3546.2,3647.3,3546.2,3610.0,3617.8,3609.22,3020545,109018.01,216381,1493155,49.43
2024-03-26,LT, EQ, 26-Mar-2024,3617.8,3605.0,3676.9,3600.0,3670.0,3670.1,3653.95,2320963,84806.83,167326,1665899,71.78
2024-03-27,LT, EQ, 27-Mar-2024,3670.1,3683.0,3727.2,3670.1,3704.0,3706.4,3707.53,2387693,88524.46,160348,1482880,62.11
2024-03-28,LT, EQ, 28-Mar-2024,3706.4,3706.55,3813.35,3697.55,3764.9,3763.9,3767.16,4278668,161184.36,211392,1984940,46.39
2024-04-01,LT, EQ, 01-Apr-2024,3763.9,3780.85,3851.85,3780.85,3840.2,3838.0,3831.67,1905190,73000.59,110296,1182730,62.08
2024-04-02,LT, EQ, 02-Apr-2024,3838.0,3849.8,3860.0,3771.25,3811.8,3807.4,3795.24,3608162,136938.53,122363,2754282,76.33
2024-04-03,LT, EQ, 03-Apr-2024,3807.4,3799.7,3799.7,3770.15,3783.0,3782.45,3781.8,1684618,63708.96,102022,1180089,70.05
2024-04-04,LT, EQ, 04-Apr-2024,3782.45,3804.9,3819.75,3731.05,3810.0,3797.85,3779.76,2339529,88428.53,170785,630370,26.94
2024-04-05,LT, EQ, 05-Apr-2024,3797.85,3770.1,3790.0,3716.25,3744.0,3743.1,3743.0,1645597,61594.62,118994,694698,42.22
2024-04-08,LT, EQ, 08-Apr-2024,3743.1,3745.0,3819.8,3743.1,3811.05,3807.85,3787.21,1083395,41030.41,87260,539924,49.84
2024-04-09,LT, EQ, 09-Apr-2024,3807.85,3820.0,3827.95,3775.0,3781.0,3785.25,3793.72,1997057,75762.71,89699,1562788,78.25
2024-04-10,LT, EQ, 10-Apr-2024,3785.25,3800.0,3800.0,3750.1,3758.8,3753.2,3765.13,1951581,73479.63,116783,1386347,71.04
2024-04-12,LT, EQ, 12-Apr-2024,3753.2,3749.95,3802.1,3663.5,3687.0,3679.25,3722.02,3437544,127946.0,225321,1568253,45.62
2024-04-15,LT, EQ, 15-Apr-2024,3679.25,3626.05,3679.85,3586.2,3605.45,3600.8,3627.82,1719910,62395.22,164970,904940,52.62
2024-04-16,LT, EQ, 16-Apr-2024,3600.8,3580.05,3598.15,3529.45,3555.0,3543.45,3555.15,2291042,81450.01,161892,1442329,62.96
2024-04-18,LT, EQ, 18-Apr-2024,3543.45,3561.95,3617.65,3539.7,3554.0,3550.95,3571.29,3273257,116897.58,200764,1539206,47.02
2024-04-19,LT, EQ, 19-Apr-2024,3550.95,3525.0,3542.9,3472.4,3512.9,3518.35,3509.76,2759031,96835.46,161797,1449220,52.53
2024-04-22,LT, EQ, 22-Apr-2024,3518.35,3568.75,3620.0,3540.95,3620.0,3612.7,3587.21,2605754,93473.87,157999,1705659,65.46
2024-04-23,LT, EQ, 23-Apr-2024,3612.7,3632.75,3632.75,3588.0,3606.0,3610.15,3604.41,1434580,51708.09,125329,909676,63.41
2024-04-24,LT, EQ, 24-Apr-2024,3610.15,3616.55,3654.95,3601.1,3640.3,3634.85,3636.62,1501234,54594.22,104466,1007359,67.1
2024-04-25,LT, EQ, 25-Apr-2024,3634.85,3616.1,3666.0,3611.6,3642.0,3652.3,3646.8,2420380,88266.36,138913,1031256,42.61
2024-04-26,LT, EQ, 26-Apr-2024,3652.3,3652.0,3660.9,3585.0,3608.0,3605.2,3614.36,1973113,71315.46,155188,967785,49.05
2024-04-29,LT, EQ, 29-Apr-2024,3605.2,3606.1,3649.9,3605.2,3634.0,3634.3,3633.23,1396979,50755.51,104169,864466,61.88
2024-04-30,LT, EQ, 30-Apr-2024,3634.3,3639.0,3648.95,3584.05,3591.95,3594.3,3622.81,1571996,56950.44,147602,1164682,74.09
2024-05-02,LT, EQ, 02-May-2024,3594.3,3590.05,3634.15,3576.05,3599.75,3599.5,3600.92,3748847,134993.06,339498,1657551,44.21
2024-05-03,LT, EQ, 03-May-2024,3599.5,3610.0,3622.0,3488.45,3500.0,3499.8,3525.94,4079696,143847.6,336644,2374338,58.2
2024-05-06,LT, EQ, 06-May-2024,3499.8,3522.8,3527.0,3441.1,3468.0,3463.3,3469.51,2614667,90716.08,200066,1562297,59.75
2024-05-07,LT, EQ, 07-May-2024,3463.3,3479.4,3496.0,3425.0,3429.1,3427.75,3451.2,3376013,116513.04,170591,2435550,72.14
2024-05-08,LT, EQ, 08-May-2024,3427.75,3429.0,3497.4,3367.8,3482.75,3486.85,3422.63,4116670,140898.33,206007,1934299,46.99
2024-05-09,LT, EQ, 09-May-2024,3486.85,3312.75,3377.0,3266.65,3289.95,3275.45,3310.59,12120574,401261.95,642552,7485198,61.76
2024-05-10,LT, EQ, 10-May-2024,3275.45,3281.6,3306.15,3234.6,3276.9,3271.45,3263.22,4132191,134842.48,272803,2417633,58.51
2024-05-13,LT, EQ, 13-May-2024,3271.45,3267.05,3315.0,3225.2,3300.0,3293.85,3280.38,3557067,116685.27,205393,2309198,64.92
2024-05-14,LT, EQ, 14-May-2024,3293.85,3300.0,3384.9,3293.4,3375.0,3379.45,3348.66,2870328,96117.47,176256,1843187,64.22
2024-05-15,LT, EQ, 15-May-2024,3379.45,3390.0,3417.4,3353.15,3415.0,3411.3,3386.15,2718682,92058.69,185374,1589809,58.48
2024-05-16,LT, EQ, 16-May-2024,3411.3,3428.95,3468.5,3378.7,3460.0,3460.6,3413.98,3398714,116031.35,229058,1452663,42.74
2024-05-17,LT, EQ, 17-May-2024,3460.6,3475.95,3475.95,3412.15,3454.15,3450.75,3440.74,2676919,92105.8,175513,1368223,51.11
2024-05-18,LT, EQ, 18-May-2024,3450.75,3452.0,3468.0,3445.8,3467.5,3464.2,3458.37,141462,4892.28,9811,86537,61.17
2024-05-21,LT, EQ, 21-May-2024,3464.2,3458.0,3470.3,3434.0,3435.05,3440.95,3450.64,2100848,72492.74,147630,1566592,74.57
2024-05-22,LT, EQ, 22-May-2024,3440.95,3450.05,3472.7,3435.05,3464.75,3460.85,3459.49,1409992,48778.47,118328,864451,61.31
2024-05-23,LT, EQ, 23-May-2024,3460.85,3460.9,3601.65,3455.0,3577.0,3585.4,3551.2,4525637,160714.52,274666,2099034,46.38
2024-05-24,LT, EQ, 24-May-2024,3585.4,3586.0,3659.0,3582.3,3621.0,3625.9,3627.82,2740360,99415.42,192630,1261878,46.05
2024-05-27,LT, EQ, 27-May-2024,3625.9,3644.9,3695.0,3600.0,3647.0,3652.0,3653.01,2570708,93908.1,182366,1483924,57.72
2024-05-28,LT, EQ, 28-May-2024,3652.0,3652.0,3685.25,3646.05,3657.0,3658.2,3661.34,1440187,52730.13,119953,896227,62.23
2024-05-29,LT, EQ, 29-May-2024,3658.2,3611.0,3661.85,3610.35,3628.15,3634.8,3635.48,1506146,54755.66,97277,920248,61.1
2024-05-30,LT, EQ, 30-May-2024,3634.8,3626.05,3643.95,3607.75,3643.0,3634.7,3630.63,2701849,98094.14,174916,1796320,66.48
2024-05-31,LT, EQ, 31-May-2024,3634.7,3636.4,3744.8,3636.4,3678.5,3669.3,3693.33,6432341,237567.41,244010,3287022,51.1
2024-06-03,LT, EQ, 03-Jun-2024,3669.3,3855.4,3919.9,3801.1,3900.45,3897.15,3880.45,5767666,223811.48,246551,4070243,70.57
2024-06-04,LT, EQ, 04-Jun-2024,3897.15,3852.0,3898.0,3320.0,3415.0,3403.2,3539.43,9920882,351142.4,560360,5614725,56.6
2024-06-05,LT, EQ, 05-Jun-2024,3403.2,3441.5,3441.5,3175.05,3399.95,3409.0,3303.53,10372458,342657.05,562189,5442813,52.47
2024-06-06,LT, EQ, 06-Jun-2024,3409.0,3438.0,3538.2,3385.3,3496.0,3482.55,3480.8,8374602,291503.43,371459,4246127,50.7
2024-06-07,LT, EQ, 07-Jun-2024,3482.55,3465.05,3548.0,3446.0,3527.85,3532.5,3514.12,5879660,206618.22,299277,3089803,52.55
2024-06-10,LT, EQ, 10-Jun-2024,3532.5,3521.05,3585.0,3521.05,3541.95,3543.75,3552.73,3151257,111955.5,172023,1807547,57.36
2024-06-11,LT, EQ, 11-Jun-2024,3543.75,3570.0,3639.0,3551.2,3600.0,3598.7,3609.24,2548176,91969.76,169264,1115060,43.76
2024-06-12,LT, EQ, 12-Jun-2024,3598.7,3615.0,3648.95,3578.0,3630.0,3630.3,3630.27,2242274,81400.54,106476,1279517,57.06
2024-06-13,LT, EQ, 13-Jun-2024,3630.3,3665.5,3715.9,3635.0,3702.0,3703.65,3683.7,2965500,109240.17,248839,1558091,52.54
2024-06-14,LT, EQ, 14-Jun-2024,3703.65,3718.0,3720.0,3675.0,3681.1,3687.8,3689.66,1746508,64440.28,116358,884829,50.66
2024-06-18,LT, EQ, 18-Jun-2024,3687.8,3708.0,3710.0,3675.0,3689.0,3689.2,3694.7,1936792,71558.63,125205,1251363,64.61
2024-06-19,LT, EQ, 19-Jun-2024,3689.2,3690.0,3699.0,3575.0,3606.95,3589.95,3622.88,2936151,106373.26,174218,1851650,63.06
2024-06-20,LT, EQ, 20-Jun-2024,3589.95,3584.95,3613.3,3564.6,3598.4,3594.45,3587.54,2618715,93947.46,168275,1254150,47.89
2024-06-21,LT, EQ, 21-Jun-2024,3594.45,3604.05,3610.0,3516.0,3524.0,3535.0,3546.79,4508508,159907.35,208119,2238904,49.66
2024-06-24,LT, EQ, 24-Jun-2024,3535.0,3520.35,3567.0,3505.0,3541.0,3531.6,3540.3,2330559,82508.83,127028,1524290,65.4
2024-06-25,LT, EQ, 25-Jun-2024,3531.6,3556.5,3591.95,3528.0,3588.45,3587.8,3563.39,2158039,76899.4,139316,1266735,58.7
2024-06-26,LT, EQ, 26-Jun-2024,3587.8,3601.0,3624.9,3592.25,3604.0,3602.95,3605.48,2480187,89422.56,137475,1820682,73.41
2024-06-27,LT, EQ, 27-Jun-2024,3602.95,3597.45,3601.3,3550.0,3563.0,3564.4,3568.52,5519875,196977.63,267353,3463648,62.75
2024-06-28,LT, EQ, 28-Jun-2024,3564.4,3540.0,3575.95,3538.1,3545.7,3548.45,3558.07,3141514,111777.25,211665,2118610,67.44
2024-07-01,LT, EQ, 01-Jul-2024,3548.45,3535.2,3541.4,3514.0,3528.2,3526.55,3524.97,2961120,104378.46,156318,2252145,76.06
2024-07-02,LT, EQ, 02-Jul-2024,3526.55,3535.05,3634.0,3535.05,3623.0,3626.5,3595.51,5087748,182930.39,217762,2846840,55.95
2024-07-03,LT, EQ, 03-Jul-2024,3626.5,3650.35,3650.5,3605.0,3615.0,3614.35,3619.87,1923801,69639.15,97998,1060812,55.14
2024-07-04,LT, EQ, 04-Jul-2024,3614.35,3616.1,3644.0,3565.8,3581.65,3573.3,3603.24,1851947,66730.16,104858,964141,52.06
2024-07-05,LT, EQ, 05-Jul-2024,3573.3,3573.3,3638.0,3568.0,3621.0,3627.15,3620.27,1635209,59199.06,129124,636407,38.92
2024-07-08,LT, EQ, 08-Jul-2024,3627.15,3640.1,3645.7,3594.0,3631.9,3632.0,3620.24,1706210,61768.86,101380,790773,46.35
2024-07-09,LT, EQ, 09-Jul-2024,3632.0,3650.0,3685.0,3646.1,3665.95,3666.1,3667.3,2425176,88938.58,147128,1356860,55.95
2024-07-10,LT, EQ, 10-Jul-2024,3666.1,3685.05,3694.0,3601.0,3650.0,3650.05,3645.25,2231438,81341.43,155613,1211321,54.28
2024-07-11,LT, EQ, 11-Jul-2024,3650.05,3660.0,3684.6,3603.0,3629.0,3621.1,3636.68,2942924,107024.87,174550,1636340,55.6
2024-07-12,LT, EQ, 12-Jul-2024,3621.1,3630.0,3667.7,3612.7,3654.45,3649.35,3643.26,2001185,72908.42,128210,834472,41.7
2024-07-15,LT, EQ, 15-Jul-2024,3649.35,3670.0,3674.0,3637.0,3647.0,3651.6,3651.36,943302,34443.38,81792,495595,52.54
2024-07-16,LT, EQ, 16-Jul-2024,3651.6,3646.1,3651.6,3621.0,3640.0,3636.55,3635.15,2220953,80734.91,94436,1548716,69.73
2024-07-18,LT, EQ, 18-Jul-2024,3636.55,3640.0,3679.25,3598.65,3647.0,3656.2,3649.3,3240772,118265.6,167559,1890032,58.32
2024-07-19,LT, EQ, 19-Jul-2024,3656.2,3651.0,3658.95,3610.0,3618.0,3618.5,3632.53,2432533,88362.42,148075,1520940,62.52
2024-07-22,LT, EQ, 22-Jul-2024,3618.5,3617.9,3661.85,3567.6,3651.0,3651.45,3609.78,3639057,131361.88,132791,2624540,72.12
2024-07-23,LT, EQ, 23-Jul-2024,3651.45,3669.6,3714.0,3460.0,3542.0,3538.05,3566.85,6957691,248170.1,377078,3525396,50.67
2024-07-24,LT, EQ, 24-Jul-2024,3538.05,3549.0,3557.95,3501.0,3522.0,3519.45,3522.81,3184060,112168.52,200120,2089193,65.61
2024-07-25,LT, EQ, 25-Jul-2024,3519.45,3539.0,3630.9,3532.05,3622.0,3619.15,3594.69,4691483,168644.29,224931,1714741,36.55
2024-07-26,LT, EQ, 26-Jul-2024,3619.15,3629.0,3701.0,3596.1,3699.0,3679.9,3658.21,2617659,95759.59,172197,1329241,50.78
2024-07-29,LT, EQ, 29-Jul-2024,3679.9,3701.0,3790.0,3686.6,3775.0,3774.95,3760.82,4159919,156446.95,162580,2581956,62.07
2024-07-30,LT, EQ, 30-Jul-2024,3774.95,3774.85,3795.0,3738.6,3778.25,3784.65,3783.19,1979989,74906.71,111800,1147323,57.95
2024-07-31,LT, EQ, 31-Jul-2024,3784.65,3777.05,3822.0,3763.1,3815.0,3815.0,3798.06,2703636,102685.59,133518,1598344,59.12
2024-08-01,LT, EQ, 01-Aug-2024,3815.0,3810.0,3838.95,3765.85,3770.0,3779.3,3795.42,1998663,75857.56,113449,1063063,53.19
2024-08-02,LT, EQ, 02-Aug-2024,3779.3,3730.35,3748.9,3657.1,3657.9,3665.7,3688.92,2512525,92684.99,180833,1309768,52.13
2024-08-05,LT, EQ, 05-Aug-2024,3665.7,3597.0,3607.9,3511.5,3530.0,3528.0,3547.86,2900685,102912.26,195790,1626717,56.08
2024-08-06,LT, EQ, 06-Aug-2024,3528.0,3548.0,3634.9,3546.0,3588.0,3576.2,3598.72,2125532,76491.93,122533,1152576,54.23
2024-08-07,LT, EQ, 07-Aug-2024,3576.2,3630.0,3655.75,3610.35,3641.2,3638.25,3634.09,1613097,58621.39,93561,937848,58.14
2024-08-08,LT, EQ, 08-Aug-2024,3638.25,3621.0,3628.75,3547.45,3558.0,3553.55,3574.92,2038088,72860.06,149101,1082518,53.11
2024-08-09,LT, EQ, 09-Aug-2024,3553.55,3600.0,3605.55,3575.7,3594.0,3592.05,3591.14,848232,30461.21,83218,426982,50.34
2024-08-12,LT, EQ, 12-Aug-2024,3592.05,3579.0,3611.0,3563.0,3573.0,3571.95,3584.31,1965035,70432.99,121950,1247326,63.48
2024-08-13,LT, EQ, 13-Aug-2024,3571.95,3580.0,3607.0,3545.2,3551.0,3551.8,3573.19,1316218,47030.99,85677,828185,62.92
2024-08-14,LT, EQ, 14-Aug-2024,3551.8,3558.95,3578.7,3536.5,3540.05,3545.2,3556.86,1584372,56353.85,86539,1101066,69.5
2024-08-16,LT, EQ, 16-Aug-2024,3545.2,3578.0,3580.9,3533.0,3569.0,3568.35,3561.97,2808865,100050.83,149879,1902807,67.74
2024-08-19,LT, EQ, 19-Aug-2024,3568.35,3599.85,3599.9,3547.0,3558.1,3555.05,3561.38,1898535,67614.09,98035,1256733,66.19
2024-08-20,LT, EQ, 20-Aug-2024,3555.05,3562.0,3580.0,3548.0,3579.0,3572.7,3568.41,1285569,45874.42,78801,917563,71.37
2024-08-21,LT, EQ, 21-Aug-2024,3572.7,3590.0,3615.3,3581.9,3593.75,3596.05,3599.68,1714248,61707.49,74473,975413,56.9
2024-08-22,LT, EQ, 22-Aug-2024,3596.05,3607.05,3612.15,3583.95,3602.3,3606.5,3603.84,1734927,62524.04,84632,1149687,66.27
2024-08-23,LT, EQ, 23-Aug-2024,3606.5,3606.5,3622.0,3587.05,3598.25,3598.55,3602.56,1825180,65753.12,79918,1045735,57.29
2024-08-26,LT, EQ, 26-Aug-2024,3598.55,3611.0,3648.0,3594.7,3638.0,3641.9,3628.56,1606911,58307.78,73397,1072873,66.77
2024-08-27,LT, EQ, 27-Aug-2024,3641.9,3642.65,3737.0,3636.0,3700.1,3702.7,3706.72,3315435,122893.84,131931,1682903,50.76
2024-08-28,LT, EQ, 28-Aug-2024,3702.7,3705.0,3724.4,3685.0,3690.0,3689.05,3700.41,1278175,47297.68,82201,776094,60.72
2024-08-29,LT, EQ, 29-Aug-2024,3689.05,3690.5,3710.0,3651.55,3690.0,3683.45,3684.34,2165489,79783.91,132112,1165697,53.83
2024-08-30,LT, EQ, 30-Aug-2024,3683.45,3718.35,3745.0,3666.4,3707.0,3704.65,3700.93,2592912,95961.96,133375,1393909,53.76
2024-09-02,LT, EQ, 02-Sep-2024,3704.65,3706.0,3721.95,3666.35,3677.8,3683.1,3689.2,1277813,47141.12,115019,803605,62.89
2024-09-03,LT, EQ, 03-Sep-2024,3683.1,3693.95,3713.95,3666.9,3686.3,3690.15,3690.76,1211993,44731.74,93945,731753,60.38
2024-09-04,LT, EQ, 04-Sep-2024,3690.15,3650.0,3681.0,3631.1,3654.0,3650.8,3646.74,1930121,70386.5,124315,1335787,69.21
2024-09-05,LT, EQ, 05-Sep-2024,3650.8,3668.0,3668.0,3608.4,3625.0,3624.15,3626.07,2958770,107286.99,172903,2266937,76.62
2024-09-06,LT, EQ, 06-Sep-2024,3624.15,3615.1,3623.8,3536.2,3572.9,3574.75,3568.94,3096557,110514.17,202312,2038272,65.82
2024-09-09,LT, EQ, 09-Sep-2024,3574.75,3584.0,3594.0,3553.85,3576.0,3578.3,3577.27,1454589,52034.51,116687,991689,68.18
2024-09-10,LT, EQ, 10-Sep-2024,3578.3,3585.0,3625.0,3571.0,3600.0,3596.15,3598.83,1203483,43311.3,93770,683318,56.78
2024-09-11,LT, EQ, 11-Sep-2024,3596.15,3595.0,3603.95,3516.4,3540.0,3536.95,3561.46,1865165,66427.07,126237,1230622,65.98
2024-09-12,LT, EQ, 12-Sep-2024,3536.95,3558.0,3638.05,3534.0,3620.05,3622.0,3579.25,3751523,134276.38,189229,2103474,56.07
2024-09-13,LT, EQ, 13-Sep-2024,3622.0,3622.0,3634.75,3600.05,3608.35,3613.0,3611.45,1752455,63289.02,100344,1080608,61.66
2024-09-16,LT, EQ, 16-Sep-2024,3613.0,3619.15,3670.0,3613.0,3657.85,3662.25,3651.58,1045964,38194.19,73047,573422,54.82
2024-09-17,LT, EQ, 17-Sep-2024,3662.25,3668.0,3705.0,3659.7,3686.0,3695.2,3684.21,1289060,47491.72,116988,813270,63.09
2024-09-18,LT, EQ, 18-Sep-2024,3695.2,3689.0,3757.95,3684.2,3726.05,3730.45,3729.67,2249929,83914.86,107286,1421684,63.19
2024-09-19,LT, EQ, 19-Sep-2024,3730.45,3750.0,3750.4,3674.0,3689.0,3683.7,3693.71,1711564,63220.18,122388,916050,53.52
2024-09-20,LT, EQ, 20-Sep-2024,3683.7,3700.0,3809.9,3680.25,3793.0,3793.9,3773.54,5401701,203835.1,252442,2502587,46.33
2024-09-23,LT, EQ, 23-Sep-2024,3793.9,3800.0,3838.8,3749.0,3785.0,3787.7,3779.3,1937874,73238.09,133184,1049822,54.17
2024-09-24,LT, EQ, 24-Sep-2024,3787.7,3787.7,3831.8,3775.0,3792.9,3791.6,3808.0,2676546,101922.82,147710,1964769,73.41
2024-09-25,LT, EQ, 25-Sep-2024,3791.6,3787.55,3813.2,3778.0,3793.0,3793.85,3793.35,2113862,80186.18,126389,1447695,68.49
2024-09-26,LT, EQ, 26-Sep-2024,3793.85,3801.0,3802.95,3736.4,3760.0,3762.15,3766.72,2750597,103607.35,154596,1732018,62.97
2024-09-27,LT, EQ, 27-Sep-2024,3762.15,3738.0,3738.0,3651.0,3705.0,3705.65,3698.43,4095425,151466.34,244106,2624665,64.09
2024-09-30,LT, EQ, 30-Sep-2024,3705.65,3699.0,3715.65,3665.0,3680.0,3675.55,3677.99,1837697,67590.39,132958,1326527,72.18
2024-10-01,LT, EQ, 01-Oct-2024,3675.55,3667.0,3724.0,3639.35,3647.0,3653.5,3672.74,1674100,61485.28,109900,1045848,62.47
2024-10-03,LT, EQ, 03-Oct-2024,3653.5,3582.5,3617.0,3485.4,3505.5,3497.65,3535.43,5315877,187939.05,402180,3826671,71.99
2024-10-04,LT, EQ, 04-Oct-2024,3497.65,3515.0,3553.55,3468.5,3505.0,3493.95,3499.42,3445879,120585.62,243711,1715384,49.78
2024-10-07,LT, EQ, 07-Oct-2024,3493.95,3505.0,3512.95,3429.0,3475.0,3468.35,3461.8,2304227,79767.72,170269,1437499,62.39
2024-10-08,LT, EQ, 08-Oct-2024,3468.35,3492.95,3538.5,3469.0,3533.1,3532.4,3511.48,2249452,78989.01,153720,1412503,62.79
2024-10-09,LT, EQ, 09-Oct-2024,3532.4,3542.05,3557.7,3481.0,3491.8,3487.1,3516.48,1645791,57873.87,154726,1054128,64.05
2024-10-10,LT, EQ, 10-Oct-2024,3487.1,3515.0,3554.9,3455.5,3461.85,3460.35,3491.73,2686116,93791.83,165856,1684251,62.7
2024-10-11,LT, EQ, 11-Oct-2024,3460.35,3469.4,3497.1,3447.0,3491.9,3482.55,3479.84,1280465,44558.15,95819,632277,49.38
2024-10-14,LT, EQ, 14-Oct-2024,3482.55,3510.0,3573.85,3501.3,3552.75,3555.05,3550.86,1974378,70107.36,101616,1114162,56.43
2024-10-15,LT, EQ, 15-Oct-2024,3555.05,3570.0,3570.0,3520.15,3545.0,3551.9,3545.95,1231552,43670.19,86576,795565,64.6
2024-10-16,LT, EQ, 16-Oct-2024,3551.9,3550.0,3581.9,3513.55,3531.0,3532.6,3536.55,1961835,69381.26,109635,1244339,63.43
2024-10-17,LT, EQ, 17-Oct-2024,3532.6,3549.9,3583.0,3521.8,3566.0,3570.3,3555.58,2968537,105548.8,194714,1917213,64.58
2024-10-18,LT, EQ, 18-Oct-2024,3570.3,3569.95,3592.45,3540.25,3579.25,3577.8,3575.1,2102609,75170.45,210857,1334248,63.46
2024-10-21,LT, EQ, 21-Oct-2024,3577.8,3580.0,3621.95,3571.3,3577.0,3585.6,3595.64,1750549,62943.53,162386,1133452,64.75
2024-10-22,LT, EQ, 22-Oct-2024,3585.6,3585.0,3591.65,3500.0,3504.0,3511.9,3531.83,1363574,48159.05,125455,835341,61.26
2024-10-23,LT, EQ, 23-Oct-2024,3511.9,3501.05,3513.95,3443.0,3449.0,3455.4,3478.9,2125268,73935.99,173225,1300799,61.21
2024-10-24,LT, EQ, 24-Oct-2024,3455.4,3444.0,3474.6,3416.75,3449.9,3442.65,3440.98,1924421,66218.97,139822,1300648,67.59
2024-10-25,LT, EQ, 25-Oct-2024,3442.65,3425.0,3435.0,3315.05,3337.0,3326.4,3343.8,3236774,108231.21,256194,1828655,56.5
2024-10-28,LT, EQ, 28-Oct-2024,3326.4,3316.0,3373.0,3262.55,3360.0,3340.8,3320.79,2991674,99347.28,206122,1868784,62.47
2024-10-29,LT, EQ, 29-Oct-2024,3340.8,3316.0,3384.4,3316.0,3381.9,3380.9,3363.3,2253467,75790.89,138485,1404511,62.33
2024-10-30,LT, EQ, 30-Oct-2024,3380.9,3379.95,3438.4,3353.0,3402.0,3408.35,3407.65,1785128,60830.9,108896,993055,55.63
2024-10-31,LT, EQ, 31-Oct-2024,3408.35,3530.0,3654.95,3508.35,3620.75,3622.3,3615.13,7637083,276090.2,368713,3160810,41.39
2024-11-01,LT, EQ, 01-Nov-2024,3622.3,3624.95,3641.9,3620.0,3627.0,3626.35,3630.71,212796,7726.01,21833,102915,48.36
2024-11-04,LT, EQ, 04-Nov-2024,3626.35,3624.95,3624.95,3530.9,3575.9,3574.45,3568.33,1724189,61524.79,182630,997916,57.88
2024-11-05,LT, EQ, 05-Nov-2024,3574.45,3556.0,3585.0,3541.9,3566.0,3574.8,3562.86,1251506,44589.42,137797,667217,53.31
2024-11-06,LT, EQ, 06-Nov-2024,3574.8,3594.0,3659.9,3557.4,3648.0,3645.45,3622.22,1819732,65914.65,137085,1027524,56.47
2024-11-07,LT, EQ, 07-Nov-2024,3645.45,3647.35,3663.0,3620.0,3642.0,3646.55,3643.1,1581009,57597.77,97553,873412,55.24
2024-11-08,LT, EQ, 08-Nov-2024,3646.55,3640.4,3667.0,3620.65,3650.05,3660.3,3656.21,1622142,59308.93,125639,1089533,67.17
2024-11-11,LT, EQ, 11-Nov-2024,3660.3,3646.0,3661.0,3606.0,3625.0,3628.85,3640.18,926127,33712.67,104290,498618,53.84
2024-11-12,LT, EQ, 12-Nov-2024,3628.85,3650.0,3651.0,3580.0,3585.05,3591.35,3612.49,1116206,40322.82,95427,579753,51.94
2024-11-13,LT, EQ, 13-Nov-2024,3591.35,3585.0,3604.85,3535.65,3548.95,3547.95,3565.63,1568694,55933.86,121033,981620,62.58
2024-11-14,LT, EQ, 14-Nov-2024,3547.95,3558.0,3565.75,3500.15,3535.0,3526.25,3524.68,1291765,45530.58,138758,607127,47.0
2024-11-18,LT, EQ, 18-Nov-2024,3526.25,3521.1,3568.3,3510.85,3538.05,3542.15,3539.95,1233217,43655.3,119934,786814,63.8
2024-11-19,LT, EQ, 19-Nov-2024,3542.15,3559.9,3607.0,3495.0,3511.2,3505.9,3561.83,1826460,65055.45,138984,1217157,66.64
2024-11-21,LT, EQ, 21-Nov-2024,3505.9,3530.0,3530.55,3452.45,3490.05,3483.5,3481.48,1510581,52590.64,172452,748315,49.54
2024-11-22,LT, EQ, 22-Nov-2024,3483.5,3500.0,3613.5,3473.1,3605.0,3603.5,3558.59,2534018,90175.43,148535,1622199,64.02
2024-11-25,LT, EQ, 25-Nov-2024,3603.5,3660.0,3761.0,3654.0,3757.0,3753.0,3741.78,4753829,177877.93,247339,3083411,64.86
2024-11-26,LT, EQ, 26-Nov-2024,3753.0,3754.9,3754.9,3690.0,3700.0,3702.6,3712.45,1141534,42378.85,104955,611066,53.53
2024-11-27,LT, EQ, 27-Nov-2024,3702.6,3704.0,3720.0,3685.0,3697.0,3698.7,3701.27,971816,35969.58,77237,484837,49.89
2024-11-28,LT, EQ, 28-Nov-2024,3698.7,3700.0,3720.5,3648.0,3667.0,3666.05,3677.58,2124283,78122.27,179728,1286542,60.56
2024-11-29,LT, EQ, 29-Nov-2024,3666.05,3635.1,3750.0,3635.1,3722.0,3724.8,3722.73,2094305,77965.35,143088,1173010,56.01
2024-12-02,LT, EQ, 02-Dec-2024,3724.8,3706.85,3717.85,3672.9,3716.0,3704.05,3695.08,1158369,42802.66,104160,687750,59.37
2024-12-03,LT, EQ, 03-Dec-2024,3704.05,3721.0,3798.85,3701.5,3773.0,3787.05,3761.27,3252670,122341.61,285639,2168186,66.66
2024-12-04,LT, EQ, 04-Dec-2024,3787.05,3775.0,3835.0,3758.05,3805.0,3789.9,3799.1,2510166,95363.68,178083,1514629,60.34
2024-12-05,LT, EQ, 05-Dec-2024,3789.9,3810.0,3884.0,3760.0,3828.0,3831.55,3824.55,2765170,105755.34,211606,1284366,46.45
2024-12-06,LT, EQ, 06-Dec-2024,3831.55,3832.0,3883.95,3800.0,3861.2,3866.7,3856.47,1856562,71597.7,147414,1073408,57.82
2024-12-09,LT, EQ, 09-Dec-2024,3866.7,3867.5,3959.0,3867.5,3954.75,3947.3,3938.78,3332753,131269.69,214643,1938046,58.15
2024-12-10,LT, EQ, 10-Dec-2024,3947.3,3955.0,3963.5,3901.3,3922.95,3923.15,3927.94,2349493,92286.65,131218,1661742,70.73
2024-12-11,LT, EQ, 11-Dec-2024,3923.15,3923.15,3947.65,3902.0,3913.15,3916.75,3920.3,1237958,48531.62,133277,833110,67.3
2024-12-12,LT, EQ, 12-Dec-2024,3916.75,3930.0,3959.0,3846.95,3863.2,3859.9,3867.89,1899867,73484.72,169801,1227602,64.62
2024-12-13,LT, EQ, 13-Dec-2024,3859.9,3859.0,3898.0,3794.2,3889.25,3887.0,3852.29,2300361,88616.56,166323,1002507,43.58
2024-12-16,LT, EQ, 16-Dec-2024,3887.0,3882.0,3914.4,3857.25,3872.3,3877.85,3877.81,918660,35623.89,81821,521166,56.73
2024-12-17,LT, EQ, 17-Dec-2024,3877.85,3863.05,3875.4,3797.0,3802.95,3807.2,3818.67,1690180,64542.42,116461,1127973,66.74
2024-12-18,LT, EQ, 18-Dec-2024,3807.2,3807.2,3819.0,3745.0,3760.4,3758.15,3763.15,1318341,49611.15,120658,784839,59.53
2024-12-19,LT, EQ, 19-Dec-2024,3758.15,3702.15,3762.2,3700.0,3713.15,3716.35,3724.67,1856838,69161.15,142412,1229869,66.23
2024-12-20,LT, EQ, 20-Dec-2024,3716.35,3716.35,3725.0,3607.1,3629.0,3629.85,3654.85,2796593,102211.33,154712,1588176,56.79
2024-12-23,LT, EQ, 23-Dec-2024,3629.85,3670.0,3700.0,3617.05,3642.9,3640.5,3644.9,1217612,44380.75,107539,585248,48.07
2024-12-24,LT, EQ, 24-Dec-2024,3640.5,3647.95,3679.0,3632.4,3633.0,3639.75,3651.5,627922,22928.6,71920,316352,50.38
2024-12-26,LT, EQ, 26-Dec-2024,3639.75,3658.0,3665.15,3610.35,3632.4,3629.5,3634.04,1124705,40872.2,80516,683487,60.77
2024-12-27,LT, EQ, 27-Dec-2024,3629.5,3632.4,3643.65,3603.5,3610.65,3608.1,3617.13,1309122,47352.59,75927,921459,70.39
2024-12-30,LT, EQ, 30-Dec-2024,3608.1,3607.9,3623.0,3566.0,3590.0,3578.95,3590.43,1591690,57148.56,99927,1057495,66.44
2024-12-31,LT, EQ, 31-Dec-2024,3578.95,3562.55,3620.6,3550.0,3609.95,3607.65,3593.79,1267628,45555.87,98165,807113,63.67
2025-01-01,LT, EQ, 01-Jan-2025,3607.65,3600.0,3689.0,3599.95,3670.1,3667.5,3660.22,1202029,43996.95,92010,496316,41.29
2025-01-02,LT, EQ, 02-Jan-2025,3667.5,3676.6,3724.1,3650.05,3706.8,3713.5,3701.57,1882900,69696.87,119634,1173346,62.32
2025-01-03,LT, EQ, 03-Jan-2025,3713.5,3708.0,3719.9,3651.45,3660.0,3659.9,3679.46,1290107,47468.92,104812,669753,51.91
2025-01-06,LT, EQ, 06-Jan-2025,3659.9,3684.75,3692.25,3585.5,3607.15,3603.2,3626.01,1212012,43947.71,131815,665041,54.87
2025-01-07,LT, EQ, 07-Jan-2025,3603.2,3607.1,3649.85,3595.7,3640.1,3643.3,3623.73,1453540,52672.4,110429,830053,57.11
2025-01-08,LT, EQ, 08-Jan-2025,3643.3,3662.0,3663.85,3590.0,3596.5,3596.35,3612.93,1813201,65509.65,147106,1096791,60.49
2025-01-09,LT, EQ, 09-Jan-2025,3596.35,3599.9,3606.3,3486.0,3535.0,3527.9,3526.53,2921681,103033.99,231251,1739651,59.54
2025-01-10,LT, EQ, 10-Jan-2025,3527.9,3499.95,3552.2,3492.3,3542.0,3536.15,3527.93,1794238,63299.55,113478,1161297,64.72
2025-01-13,LT, EQ, 13-Jan-2025,3536.15,3505.55,3534.5,3448.6,3470.0,3464.3,3492.05,2137212,74632.56,134759,1446498,67.68
2025-01-14,LT, EQ, 14-Jan-2025,3464.3,3465.85,3491.95,3448.6,3465.0,3462.6,3467.21,2924491,101398.3,176125,2138494,73.12
2025-01-15,LT, EQ, 15-Jan-2025,3462.6,3471.3,3526.15,3471.3,3505.7,3501.4,3500.92,1155446,40451.29,116492,680328,58.88
2025-01-16,LT, EQ, 16-Jan-2025,3501.4,3535.0,3543.45,3483.75,3515.0,3507.9,3513.22,2305460,80995.9,152224,1331865,57.77
2025-01-17,LT, EQ, 17-Jan-2025,3507.9,3524.0,3579.85,3511.95,3570.85,3568.65,3555.86,1600246,56902.44,126909,948080,59.25
2025-01-20,LT, EQ, 20-Jan-2025,3568.65,3574.9,3617.15,3556.5,3588.9,3593.0,3585.81,1593334,57133.98,117677,984770,61.81
2025-01-21,LT, EQ, 21-Jan-2025,3593.0,3612.75,3643.3,3528.1,3553.0,3541.1,3581.6,2576596,92283.32,177605,1228188,47.67
2025-01-22,LT, EQ, 22-Jan-2025,3541.1,3563.0,3582.35,3490.1,3520.8,3518.2,3521.51,1626055,57261.73,118201,992123,61.01
2025-01-23,LT, EQ, 23-Jan-2025,3518.2,3492.0,3527.8,3460.6,3504.85,3503.25,3501.3,1993204,69787.96,126865,1082618,54.32
2025-01-24,LT, EQ, 24-Jan-2025,3503.25,3514.5,3521.1,3446.05,3459.8,3458.2,3480.76,1206454,41993.71,91930,703021,58.27
2025-01-27,LT, EQ, 27-Jan-2025,3458.2,3447.2,3493.9,3401.15,3472.9,3457.65,3446.21,1552938,53517.54,110592,785618,50.59
2025-01-28,LT, EQ, 28-Jan-2025,3457.65,3464.95,3482.15,3404.05,3423.45,3413.9,3436.05,1657689,56959.04,154969,837092,50.5
2025-01-29,LT, EQ, 29-Jan-2025,3413.9,3431.0,3455.0,3412.0,3448.9,3449.7,3437.37,1238704,42578.84,103001,708307,57.18
2025-01-30,LT, EQ, 30-Jan-2025,3449.7,3455.0,3517.8,3395.0,3432.5,3420.95,3438.04,2717740,93436.91,180276,1401632,51.57
2025-01-31,LT, EQ, 31-Jan-2025,3420.95,3501.05,3590.0,3481.05,3564.0,3567.4,3555.03,3995513,142041.82,217688,1686791,42.22
2025-02-01,LT, EQ, 01-Feb-2025,3567.4,3578.0,3629.2,3402.0,3458.25,3447.5,3473.36,4752505,165071.48,265997,2206095,46.42
2025-02-03,LT, EQ, 03-Feb-2025,3447.5,3420.0,3420.0,3270.0,3285.95,3289.2,3300.78,6077580,200607.47,393333,4171335,68.63
2025-02-04,LT, EQ, 04-Feb-2025,3289.2,3316.0,3449.0,3307.25,3427.1,3439.15,3410.23,4742516,161730.67,305987,2809172,59.23
2025-02-05,LT, EQ, 05-Feb-2025,3439.15,3444.65,3450.95,3379.45,3386.45,3383.2,3415.32,2670316,91199.76,184191,1864522,69.82
2025-02-06,LT, EQ, 06-Feb-2025,3383.2,3404.0,3404.0,3342.7,3355.9,3352.75,3359.7,2874856,96586.66,166262,1895899,65.95
2025-02-07,LT, EQ, 07-Feb-2025,3352.75,3367.0,3369.95,3311.1,3330.0,3336.9,3340.69,1722789,57553.03,137338,1078126,62.58
2025-02-10,LT, EQ, 10-Feb-2025,3336.9,3347.8,3349.0,3294.05,3324.3,3328.65,3315.61,1236663,41002.91,88934,756828,61.2
2025-02-11,LT, EQ, 11-Feb-2025,3328.65,3360.95,3361.0,3231.0,3247.0,3239.65,3263.98,2593537,84652.5,145087,1653752,63.76
2025-02-12,LT, EQ, 12-Feb-2025,3239.65,3259.0,3300.0,3222.25,3292.0,3289.65,3268.46,1632415,53354.87,138219,838565,51.37
2025-02-13,LT, EQ, 13-Feb-2025,3289.65,3289.65,3314.9,3252.95,3255.0,3263.65,3277.74,2127644,69738.56,156667,1225352,57.59
2025-02-14,LT, EQ, 14-Feb-2025,3263.65,3275.05,3285.8,3221.55,3231.05,3237.65,3246.05,1378340,44741.6,125280,868058,62.98
2025-02-17,LT, EQ, 17-Feb-2025,3237.65,3213.55,3239.4,3194.55,3222.0,3221.85,3217.09,1966689,63270.18,142527,1292641,65.73
2025-02-18,LT, EQ, 18-Feb-2025,3221.85,3227.0,3241.0,3183.0,3220.0,3220.15,3213.88,2428215,78039.95,107311,1674200,68.95
2025-02-19,LT, EQ, 19-Feb-2025,3220.15,3220.15,3302.85,3211.6,3268.95,3275.9,3269.6,1677978,54863.25,144994,914338,54.49
2025-02-20,LT, EQ, 20-Feb-2025,3275.9,3260.05,3285.45,3247.75,3275.55,3275.8,3274.46,1236693,40495.01,93085,735617,59.48
2025-02-21,LT, EQ, 21-Feb-2025,3275.8,3275.8,3324.9,3270.9,3315.5,3315.1,3306.08,1706850,56429.88,113093,1024169,60.0
2025-02-24,LT, EQ, 24-Feb-2025,3315.1,3289.7,3325.5,3250.0,3251.0,3257.7,3289.89,1512844,49770.87,162651,940378,62.16
2025-02-25,LT, EQ, 25-Feb-2025,3257.7,3233.0,3248.95,3206.4,3229.0,3225.9,3227.37,2529084,81622.86,133515,1610923,63.7
2025-02-27,LT, EQ, 27-Feb-2025,3225.9,3238.0,3258.5,3184.0,3210.0,3209.5,3209.83,2572065,82558.91,132651,1740649,67.68
2025-02-28,LT, EQ, 28-Feb-2025,3209.5,3199.8,3199.8,3141.0,3170.0,3163.85,3168.5,2494680,79044.05,175923,1577446,63.23
2025-03-03,LT, EQ, 03-Mar-2025,3163.85,3165.95,3227.0,3160.0,3198.2,3197.3,3195.59,1352460,43219.13,132374,752673,55.65
2025-03-04,LT, EQ, 04-Mar-2025,3197.3,3171.05,3221.0,3167.8,3211.0,3213.0,3203.15,1442098,46192.56,93358,930531,64.53
2025-03-05,LT, EQ, 05-Mar-2025,3213.0,3213.0,3245.0,3187.85,3243.0,3239.65,3226.6,1945855,62785.01,134346,1203196,61.83
2025-03-06,LT, EQ, 06-Mar-2025,3239.65,3250.1,3266.45,3215.0,3258.0,3259.9,3247.81,1854837,60241.67,134338,924111,49.82
2025-03-07,LT, EQ, 07-Mar-2025,3259.9,3259.9,3289.0,3240.1,3246.0,3244.7,3257.65,930240,30303.95,96014,533770,57.38
2025-03-10,LT, EQ, 10-Mar-2025,3244.7,3246.0,3246.3,3169.05,3177.8,3177.7,3201.45,1777752,56913.9,106319,1069491,60.16
2025-03-11,LT, EQ, 11-Mar-2025,3177.7,3170.3,3204.4,3161.1,3203.8,3195.45,3184.34,1274649,40589.19,81156,671406,52.67
2025-03-12,LT, EQ, 12-Mar-2025,3195.45,3205.0,3221.95,3153.05,3190.0,3193.65,3180.42,1360149,43258.51,78130,824697,60.63
2025-03-13,LT, EQ, 13-Mar-2025,3193.65,3202.25,3233.15,3178.05,3189.0,3187.3,3203.74,1414376,45312.91,83033,866126,61.24
2025-03-17,LT, EQ, 17-Mar-2025,3187.3,3190.0,3240.05,3159.0,3175.55,3173.45,3187.76,2805790,89441.77,122254,1805739,64.36
2025-03-18,LT, EQ, 18-Mar-2025,3173.45,3194.0,3278.65,3189.3,3271.0,3270.7,3248.31,2029984,65940.15,123494,1205472,59.38
2025-03-19,LT, EQ, 19-Mar-2025,3270.7,3275.0,3326.6,3268.5,3318.0,3319.55,3307.23,1616312,53455.21,88804,1155694,71.5
2025-03-20,LT, EQ, 20-Mar-2025,3319.55,3335.25,3358.9,3276.9,3352.5,3351.05,3327.53,2434722,81016.22,97496,1687515,69.31
2025-03-21,LT, EQ, 21-Mar-2025,3351.05,3357.0,3455.0,3332.75,3415.05,3415.95,3416.15,3042073,103921.74,145340,2062731,67.81
2025-03-24,LT, EQ, 24-Mar-2025,3415.95,3449.0,3517.0,3446.0,3483.05,3481.85,3483.78,1955564,68127.55,115273,1153502,58.99
2025-03-25,LT, EQ, 25-Mar-2025,3481.85,3505.0,3525.0,3435.35,3452.85,3469.6,3474.74,4235900,147186.51,174082,2886969,68.15
2025-03-26,LT, EQ, 26-Mar-2025,3469.6,3473.0,3496.8,3418.5,3451.0,3444.8,3458.66,2315715,80092.68,152200,1380214,59.6
2025-03-27,LT, EQ, 27-Mar-2025,3444.8,3460.0,3528.0,3451.0,3510.05,3501.6,3505.96,3467864,121581.79,171894,2139737,61.7
2025-03-28,LT, EQ, 28-Mar-2025,3501.6,3509.9,3514.0,3472.55,3488.0,3492.3,3490.61,1348143,47058.37,78826,805620,59.76
2025-04-01,LT, EQ, 01-Apr-2025,3492.3,3480.0,3501.6,3430.0,3438.3,3436.8,3451.17,1935147,66785.17,114580,1068906,55.24
2025-04-02,LT, EQ, 02-Apr-2025,3436.8,3433.0,3457.75,3408.0,3426.0,3419.9,3429.08,1338839,45909.82,73369,892450,66.66
2025-04-03,LT, EQ, 03-Apr-2025,3419.9,3400.0,3463.0,3393.0,3419.0,3420.15,3432.72,1200631,41214.28,84197,710175,59.15
2025-04-04,LT, EQ, 04-Apr-2025,3420.15,3400.0,3403.8,3237.3,3259.0,3260.15,3275.65,2366979,77533.94,156827,1446954,61.13
2025-04-07,LT, EQ, 07-Apr-2025,3260.15,3049.05,3090.6,2965.3,3087.0,3068.5,3047.0,4953864,150944.28,422707,2860181,57.74
2025-04-08,LT, EQ, 08-Apr-2025,3068.5,3124.95,3193.9,3092.7,3164.6,3161.1,3147.02,2877816,90565.35,140046,1155284,40.14
2025-04-09,LT, EQ, 09-Apr-2025,3161.1,3158.8,3158.8,3048.0,3062.0,3054.15,3083.63,4451381,137263.93,256046,3393437,76.23
2025-04-11,LT, EQ, 11-Apr-2025,3054.15,3114.0,3157.0,3100.15,3119.25,3115.95,3123.53,3979116,124289.07,132571,2981651,74.93
2025-04-15,LT, EQ, 15-Apr-2025,3115.95,3180.0,3272.0,3176.1,3259.0,3257.6,3247.57,2161492,70195.91,113498,1298477,60.07
2025-04-16,LT, EQ, 16-Apr-2025,3257.6,3270.0,3276.8,3224.1,3231.4,3227.7,3248.34,1578260,51267.25,112383,888042,56.27
2025-04-17,LT, EQ, 17-Apr-2025,3227.7,3214.1,3249.9,3162.4,3244.9,3247.3,3206.57,3209331,102909.36,168832,1769268,55.13
2025-04-21,LT, EQ, 21-Apr-2025,3247.3,3249.5,3290.0,3225.1,3279.9,3280.5,3273.52,1643003,53783.96,101664,913309,55.59
2025-04-22,LT, EQ, 22-Apr-2025,3280.5,3280.0,3285.0,3248.0,3254.0,3257.8,3266.83,2060322,67307.19,100788,1336329,64.86
2025-04-23,LT, EQ, 23-Apr-2025,3257.8,3275.4,3315.0,3266.7,3296.0,3301.0,3291.24,2381699,78387.36,103277,1436616,60.32
2025-04-24,LT, EQ, 24-Apr-2025,3301.0,3307.0,3307.0,3280.0,3298.2,3300.6,3293.25,1993448,65649.19,72609,1296467,65.04
2025-04-25,LT, EQ, 25-Apr-2025,3300.6,3310.0,3335.7,3230.1,3268.0,3272.1,3272.54,2004819,65608.5,133465,1201395,59.93
2025-04-28,LT, EQ, 28-Apr-2025,3272.1,3260.0,3350.8,3254.8,3325.0,3327.3,3317.89,1689485,56055.19,82707,943227,55.83
2025-04-29,LT, EQ, 29-Apr-2025,3327.3,3335.0,3376.4,3315.0,3321.3,3322.3,3338.97,1843861,61565.88,120139,1050758,56.99
2025-04-30,LT, EQ, 30-Apr-2025,3322.3,3324.0,3355.0,3303.3,3330.0,3341.0,3341.49,1930714,64514.6,113823,1314833,68.1
2025-05-02,LT, EQ, 02-May-2025,3341.0,3325.0,3374.9,3321.5,3324.0,3329.8,3347.85,1665574,55760.84,84477,923013,55.42
2025-05-05,LT, EQ, 05-May-2025,3329.8,3350.0,3350.0,3300.7,3332.0,3330.2,3324.66,1947332,64742.12,107073,1322685,67.92
2025-05-06,LT, EQ, 06-May-2025,3330.2,3346.0,3353.0,3302.8,3332.0,3334.0,3330.5,1695516,56469.18,96917,1004059,59.22
2025-05-07,LT, EQ, 07-May-2025,3334.0,3332.0,3339.8,3284.1,3327.0,3321.4,3318.68,2422707,80401.8,171780,1580441,65.23
2025-05-08,LT, EQ, 08-May-2025,3321.4,3310.1,3366.0,3299.8,3312.0,3323.9,3337.85,3204333,106955.69,129057,1850678,57.76
2025-05-09,LT, EQ, 09-May-2025,3323.9,3331.0,3477.0,3331.0,3451.4,3443.9,3438.6,5637694,193857.79,311155,2386081,42.32
2025-05-12,LT, EQ, 12-May-2025,3443.9,3513.0,3602.8,3490.0,3588.0,3587.2,3566.54,3147384,112252.77,186489,1919267,60.98
2025-05-13,LT, EQ, 13-May-2025,3587.2,3587.2,3606.0,3545.0,3570.5,3567.0,3571.75,2374439,84809.1,168486,1147243,48.32
2025-05-14,LT, EQ, 14-May-2025,3567.0,3587.0,3617.0,3567.0,3576.0,3573.1,3585.42,2440116,87488.31,110493,1629530,66.78
2025-05-15,LT, EQ, 15-May-2025,3573.1,3594.0,3648.7,3543.0,3620.0,3618.2,3603.28,3720879,134073.82,173281,2019951,54.29
2025-05-16,LT, EQ, 16-May-2025,3618.2,3642.0,3642.0,3600.0,3608.0,3604.7,3609.4,1278520,46146.92,79444,781481,61.12
2025-05-19,LT, EQ, 19-May-2025,3604.7,3604.7,3619.9,3587.0,3596.6,3600.2,3601.06,1519244,54708.89,94112,1060955,69.83
2025-05-20,LT, EQ, 20-May-2025,3600.2,3630.0,3634.0,3556.0,3575.0,3567.8,3585.64,1532347,54944.46,106300,897460,58.57
2025-05-21,LT, EQ, 21-May-2025,3567.8,3565.7,3610.5,3555.0,3587.0,3589.0,3581.09,1563885,56004.16,93765,1111692,71.09
2025-05-22,LT, EQ, 22-May-2025,3589.0,3585.0,3592.0,3536.9,3553.4,3551.4,3555.56,1597159,56787.96,95436,881106,55.17
2025-05-23,LT, EQ, 23-May-2025,3551.4,3570.0,3631.6,3551.2,3600.0,3599.9,3600.2,1119217,40294.1,76094,651561,58.22
2025-05-26,LT, EQ, 26-May-2025,3599.9,3615.8,3672.5,3608.4,3646.0,3648.7,3647.48,1678934,61238.8,107922,883972,52.65
2025-05-27,LT, EQ, 27-May-2025,3648.7,3648.7,3665.0,3603.0,3645.0,3640.0,3627.62,2013954,73058.63,148792,871579,43.28
2025-05-28,LT, EQ, 28-May-2025,3640.0,3660.0,3663.0,3620.0,3643.0,3646.3,3642.32,1293244,47104.11,75956,864463,66.84
2025-05-29,LT, EQ, 29-May-2025,3646.3,3663.9,3668.9,3618.0,3661.9,3655.3,3644.27,1972248,71874.02,88440,1294081,65.61
2025-05-30,LT, EQ, 30-May-2025,3655.3,3655.3,3695.3,3654.5,3672.0,3675.1,3673.72,2571304,94462.5,126244,1803804,70.15
2025-06-02,LT, EQ, 02-Jun-2025,3675.1,3675.1,3697.3,3605.6,3669.0,3679.6,3659.9,1954517,71533.37,107310,1285591,65.78
2025-06-03,LT, EQ, 03-Jun-2025,3679.6,3655.0,3669.2,3615.3,3642.3,3644.8,3638.44,2472483,89959.69,142790,1259704,50.95
2025-06-04,LT, EQ, 04-Jun-2025,3644.8,3645.0,3661.7,3615.3,3621.0,3626.5,3633.5,1086783,39488.21,67057,693204,63.78
2025-06-05,LT, EQ, 05-Jun-2025,3626.5,3629.9,3677.4,3612.0,3641.2,3642.6,3647.41,1466416,53486.19,116020,793588,54.12
2025-06-06,LT, EQ, 06-Jun-2025,3642.6,3645.0,3667.0,3623.0,3653.0,3656.3,3653.89,1172711,42849.59,83150,619399,52.82
2025-06-09,LT, EQ, 09-Jun-2025,3656.3,3664.0,3708.9,3662.2,3679.0,3678.9,3684.31,898170,33091.36,67640,473515,52.72
2025-06-10,LT, EQ, 10-Jun-2025,3678.9,3704.0,3704.0,3667.2,3675.0,3679.8,3681.54,1454535,53549.23,83562,966119,66.42
2025-06-11,LT, EQ, 11-Jun-2025,3679.8,3689.9,3692.0,3656.1,3685.0,3684.8,3681.96,1265737,46603.93,50574,823638,65.07
2025-06-12,LT, EQ, 12-Jun-2025,3684.8,3684.8,3708.0,3585.0,3598.6,3603.9,3627.63,2335718,84731.31,126484,1189468,50.93
2025-06-13,LT, EQ, 13-Jun-2025,3603.9,3501.2,3596.0,3485.9,3586.2,3587.4,3562.24,1981445,70583.92,109875,1104375,55.74
2025-06-16,LT, EQ, 16-Jun-2025,3587.4,3575.5,3653.7,3561.8,3627.0,3628.7,3631.62,1322630,48032.95,84025,744455,56.29
2025-06-17,LT, EQ, 17-Jun-2025,3628.7,3622.0,3627.6,3602.0,3620.0,3622.3,3615.69,930603,33647.73,73746,551840,59.3
2025-06-18,LT, EQ, 18-Jun-2025,3622.3,3622.0,3639.1,3587.2,3600.8,3601.5,3605.23,743311,26798.09,60898,394465,53.07
2025-06-19,LT, EQ, 19-Jun-2025,3601.5,3607.0,3643.0,3591.1,3615.6,3621.1,3620.89,1580819,57239.71,97791,773255,48.91
2025-06-20,LT, EQ, 20-Jun-2025,3621.1,3614.0,3669.9,3614.0,3658.0,3662.0,3656.5,2575277,94165.02,119108,1863469,72.36
2025-06-23,LT, EQ, 23-Jun-2025,3662.0,3645.0,3660.0,3574.6,3579.0,3583.7,3598.86,1867977,67225.85,135563,1178760,63.1
2025-06-24,LT, EQ, 24-Jun-2025,3583.7,3637.1,3684.0,3597.0,3612.0,3604.8,3636.16,2751637,100054.01,152946,1221697,44.4
2025-06-25,LT, EQ, 25-Jun-2025,3604.8,3640.0,3642.0,3608.9,3623.9,3619.8,3622.1,1405262,50899.95,84597,770681,54.84
2025-06-26,LT, EQ, 26-Jun-2025,3619.8,3620.1,3669.0,3620.1,3660.3,3659.6,3647.42,2578926,94064.36,118158,1523653,59.08
2025-06-27,LT, EQ, 27-Jun-2025,3659.6,3665.0,3731.4,3665.0,3678.9,3679.2,3695.03,2720600,100526.85,132720,1581675,58.14
2025-06-30,LT, EQ, 30-Jun-2025,3679.2,3682.0,3717.5,3652.7,3671.0,3669.8,3680.8,1508882,55538.93,108176,895912,59.38
2025-07-01,LT, EQ, 01-Jul-2025,3669.8,3669.8,3678.9,3645.0,3665.0,3666.7,3664.57,1054380,38638.45,77782,619159,58.72
2025-07-02,LT, EQ, 02-Jul-2025,3666.7,3666.6,3674.2,3583.9,3593.8,3596.8,3611.63,1330176,48041.1,100999,817842,61.48
2025-07-03,LT, EQ, 03-Jul-2025,3596.8,3605.0,3625.0,3576.0,3581.4,3582.9,3595.2,1229034,44186.23,77121,667609,54.32
2025-07-04,LT, EQ, 04-Jul-2025,3582.9,3590.0,3600.0,3570.1,3595.0,3594.6,3587.51,696402,24983.49,61642,356813,51.24
2025-07-07,LT, EQ, 07-Jul-2025,3594.6,3599.9,3609.8,3575.1,3580.0,3581.4,3587.72,719539,25815.07,70912,455711,63.33
2025-07-08,LT, EQ, 08-Jul-2025,3581.4,3580.0,3614.0,3560.0,3607.0,3606.4,3589.92,1513912,54348.29,73277,1008999,66.65
2025-07-09,LT, EQ, 09-Jul-2025,3606.4,3605.0,3605.1,3568.2,3581.0,3579.7,3580.27,1008876,36120.5,73760,613030,60.76
2025-07-10,LT, EQ, 10-Jul-2025,3579.7,3575.0,3589.9,3569.0,3573.8,3574.7,3578.59,1063910,38073.01,59582,786512,73.93
2025-07-11,LT, EQ, 11-Jul-2025,3574.7,3575.0,3586.6,3535.5,3537.0,3540.6,3550.71,1439747,51121.2,126459,986607,68.53
2025-07-14,LT, EQ, 14-Jul-2025,3540.6,3540.6,3548.7,3488.0,3493.9,3495.9,3498.73,1358844,47542.31,104044,961684,70.77
2025-07-15,LT, EQ, 15-Jul-2025,3495.9,3519.0,3521.0,3481.7,3495.5,3494.0,3498.33,1585193,55455.22,96670,1119154,70.6
2025-07-16,LT, EQ, 16-Jul-2025,3494.0,3504.0,3516.0,3477.0,3505.1,3503.8,3496.46,1266964,44298.85,87927,851819,67.23
2025-07-17,LT, EQ, 17-Jul-2025,3503.8,3515.0,3515.0,3467.5,3478.6,3474.0,3486.82,2217275,77312.38,85889,1605858,72.42
2025-07-18,LT, EQ, 18-Jul-2025,3474.0,3489.0,3499.0,3450.0,3468.7,3464.8,3462.4,1818696,62970.45,101524,1287731,70.81
2025-07-21,LT, EQ, 21-Jul-2025,3464.8,3467.6,3508.1,3444.9,3503.0,3502.8,3491.55,1521623,53128.22,77895,1008566,66.28
2025-07-22,LT, EQ, 22-Jul-2025,3502.8,3502.0,3507.6,3454.1,3468.0,3464.6,3470.7,2586522,89770.37,82376,2168191,83.83
2025-07-23,LT, EQ, 23-Jul-2025,3464.6,3476.2,3490.0,3458.6,3483.3,3484.9,3470.5,1192261,41377.39,59744,923989,77.5
2025-07-24,LT, EQ, 24-Jul-2025,3484.9,3484.9,3493.4,3461.0,3477.9,3477.5,3472.14,1083671,37626.61,55991,776185,71.63
2025-07-25,LT, EQ, 25-Jul-2025,3477.5,3470.0,3477.0,3437.4,3442.0,3442.9,3454.4,1338744,46245.54,75006,914390,68.3
2025-07-28,LT, EQ, 28-Jul-2025,3442.9,3430.1,3446.1,3405.1,3421.5,3422.2,3424.05,2256080,77249.41,87996,1588791,70.42
2025-07-29,LT, EQ, 29-Jul-2025,3422.2,3418.0,3504.3,3406.5,3488.0,3495.6,3462.01,1241060,42965.61,95304,623061,50.2
2025-07-30,LT, EQ, 30-Jul-2025,3495.6,3622.0,3685.3,3590.0,3659.2,3665.1,3645.37,8760659,319358.33,427790,5063512,57.8
2025-07-31,LT, EQ, 31-Jul-2025,3665.1,3625.0,3662.9,3621.0,3628.5,3636.5,3646.85,1927627,70297.72,107576,1047227,54.33
2025-08-01,LT, EQ, 01-Aug-2025,3636.5,3636.0,3636.0,3578.1,3595.2,3587.3,3602.61,1205945,43445.49,83517,735692,61.01
2025-08-04,LT, EQ, 04-Aug-2025,3587.3,3595.2,3636.8,3577.0,3630.0,3631.1,3621.92,1033049,37416.16,110335,695739,67.35
2025-08-05,LT, EQ, 05-Aug-2025,3631.1,3630.0,3657.7,3608.3,3650.0,3652.6,3637.79,1158433,42141.32,89832,735527,63.49
2025-08-06,LT, EQ, 06-Aug-2025,3652.6,3650.0,3671.0,3622.2,3633.0,3628.4,3637.58,931383,33879.82,60406,590877,63.44
2025-08-07,LT, EQ, 07-Aug-2025,3628.4,3610.3,3649.0,3599.2,3641.8,3641.6,3615.09,1211790,43807.34,72219,762885,62.96
2025-08-08,LT, EQ, 08-Aug-2025,3641.6,3641.6,3662.3,3600.0,3610.0,3607.6,3628.12,1337067,48510.43,59130,948514,70.94
2025-08-11,LT, EQ, 11-Aug-2025,3607.6,3610.0,3676.9,3600.0,3672.0,3668.4,3651.77,1822410,66550.23,118763,1212722,66.54
2025-08-12,LT, EQ, 12-Aug-2025,3668.4,3680.0,3727.9,3673.1,3679.8,3686.1,3699.97,2280103,84363.03,139129,1335582,58.58
2025-08-13,LT, EQ, 13-Aug-2025,3686.1,3696.0,3716.0,3681.3,3692.0,3693.7,3702.13,1227196,45432.45,72453,780889,63.63
2025-08-14,LT, EQ, 14-Aug-2025,3693.7,3700.0,3708.5,3641.7,3672.1,3677.0,3669.6,1769702,64941.01,84392,1169250,66.07
2025-08-18,LT, EQ, 18-Aug-2025,3677.0,3699.0,3701.5,3621.7,3640.0,3635.1,3642.97,1950151,71043.45,101347,1222553,62.69
2025-08-19,LT, EQ, 19-Aug-2025,3635.1,3648.9,3654.0,3608.2,3618.0,3613.0,3626.55,1352944,49065.14,73994,911307,67.36
2025-08-20,LT, EQ, 20-Aug-2025,3613.0,3613.5,3619.9,3580.0,3593.0,3592.3,3594.63,1325096,47632.31,88284,781175,58.95
2025-08-21,LT, EQ, 21-Aug-2025,3592.3,3599.0,3648.0,3588.0,3619.5,3612.6,3619.84,1624009,58786.54,142344,861298,53.04
2025-08-22,LT, EQ, 22-Aug-2025,3612.6,3610.0,3634.5,3582.0,3592.0,3595.8,3602.77,1060447,38205.45,95017,658148,62.06
2025-08-25,LT, EQ, 25-Aug-2025,3595.8,3616.0,3617.9,3584.3,3604.4,3603.1,3597.84,980393,35272.98,64094,683916,69.76
2025-08-26,LT, EQ, 26-Aug-2025,3603.1,3599.0,3600.0,3531.0,3552.0,3541.3,3557.82,1787363,63591.12,131444,981688,54.92
2025-08-28,LT, EQ, 28-Aug-2025,3541.3,3540.0,3576.9,3537.2,3564.1,3560.1,3560.11,1695226,60351.9,143098,833469,49.17
2025-08-29,LT, EQ, 29-Aug-2025,3560.1,3575.6,3615.0,3540.2,3605.0,3601.0,3593.7,1678055,60304.32,114553,935775,55.77
2025-09-01,LT, EQ, 01-Sep-2025,3601.0,3601.0,3628.6,3581.9,3595.0,3598.4,3598.46,1094155,39372.71,90441,568797,51.99
2025-09-02,LT, EQ, 02-Sep-2025,3598.4,3598.4,3619.9,3560.0,3575.0,3574.9,3588.36,1230950,44170.9,110116,451242,36.66
2025-09-03,LT, EQ, 03-Sep-2025,3574.9,3594.0,3606.3,3560.0,3601.0,3600.8,3584.19,1314831,47126.01,73413,796758,60.6
2025-09-04,LT, EQ, 04-Sep-2025,3600.8,3622.9,3624.9,3572.5,3592.6,3592.6,3593.13,1434998,51561.32,105262,584243,40.71
2025-09-05,LT, EQ, 05-Sep-2025,3592.6,3592.8,3609.1,3549.1,3553.7,3553.6,3565.84,830812,29625.41,79991,400990,48.26
2025-09-08,LT, EQ, 08-Sep-2025,3553.6,3570.0,3579.9,3525.0,3532.0,3529.6,3544.5,1039999,36862.77,86765,538271,51.76
2025-09-09,LT, EQ, 09-Sep-2025,3529.6,3547.2,3550.0,3516.4,3527.5,3525.0,3529.28,1522116,53719.78,94051,739598,48.59
2025-09-10,LT, EQ, 10-Sep-2025,3525.0,3559.0,3577.4,3541.1,3556.0,3550.0,3553.11,1136732,40389.38,90275,636468,55.99
2025-09-11,LT, EQ, 11-Sep-2025,3550.0,3548.0,3564.7,3533.0,3542.5,3539.7,3541.53,1177793,41711.95,110651,461338,39.17
2025-09-12,LT, EQ, 12-Sep-2025,3539.7,3556.4,3595.4,3548.1,3579.0,3579.8,3581.99,1146873,41080.91,94504,663288,57.83
2025-09-15,LT, EQ, 15-Sep-2025,3579.8,3581.0,3607.0,3575.5,3588.6,3586.2,3594.53,1177076,42310.41,88666,719992,61.17
2025-09-16,LT, EQ, 16-Sep-2025,3586.2,3603.9,3674.0,3593.1,3670.0,3667.8,3646.4,2928060,106768.79,193641,1464986,50.03
2025-09-17,LT, EQ, 17-Sep-2025,3667.8,3672.0,3704.0,3662.7,3684.6,3685.5,3689.4,1610471,59416.71,114979,995772,61.83
2025-09-18,LT, EQ, 18-Sep-2025,3685.5,3691.0,3700.0,3672.5,3685.0,3686.0,3687.31,1270148,46834.29,97311,672138,52.92
2025-09-19,LT, EQ, 19-Sep-2025,3686.0,3679.0,3705.0,3671.0,3684.0,3675.4,3681.61,2227521,82008.61,109853,1698619,76.26
2025-09-22,LT, EQ, 22-Sep-2025,3675.4,3693.6,3693.6,3633.9,3645.9,3644.5,3656.59,839430,30694.5,58734,480226,57.21
2025-09-23,LT, EQ, 23-Sep-2025,3644.5,3646.9,3673.5,3613.2,3660.0,3657.6,3649.8,1262120,46064.89,80055,506329,40.12
2025-09-24,LT, EQ, 24-Sep-2025,3657.6,3657.6,3709.2,3637.1,3674.2,3673.8,3683.93,1745130,64289.43,104811,896476,51.37
2025-09-25,LT, EQ, 25-Sep-2025,3673.8,3684.0,3704.0,3635.7,3650.0,3644.4,3661.64,1999071,73198.7,120159,1062082,53.13
2025-09-26,LT, EQ, 26-Sep-2025,3644.4,3664.0,3794.9,3661.0,3743.0,3729.5,3741.34,5870301,219628.2,278037,2857571,48.68
2025-09-29,LT, EQ, 29-Sep-2025,3729.5,3738.0,3740.0,3679.6,3704.3,3688.4,3700.4,2599630,96196.61,155433,1483724,57.07
2025-09-30,LT, EQ, 30-Sep-2025,3688.4,3695.0,3696.6,3648.0,3665.3,3659.0,3662.67,1676302,61397.42,147074,1029130,61.39
2025-10-01,LT, EQ, 01-Oct-2025,3659.0,3658.9,3688.0,3615.0,3685.0,3670.3,3656.15,2005028,73306.85,130858,1193741,59.54
2025-10-03,LT, EQ, 03-Oct-2025,3670.3,3690.0,3746.0,3666.3,3742.9,3733.1,3701.79,1959124,72522.6,113550,1261279,64.38
2025-10-06,LT, EQ, 06-Oct-2025,3733.1,3720.0,3767.0,3703.0,3745.1,3737.0,3742.06,1581506,59180.84,109875,936248,59.2
2025-10-07,LT, EQ, 07-Oct-2025,3737.0,3748.0,3766.0,3725.0,3730.5,3729.7,3740.08,1673945,62606.96,97367,820642,49.02
2025-10-08,LT, EQ, 08-Oct-2025,3729.7,3730.0,3760.0,3715.0,3728.0,3729.8,3737.53,1424633,53246.08,97577,836552,58.72
2025-10-09,LT, EQ, 09-Oct-2025,3729.8,3735.5,3796.4,3730.1,3764.1,3769.2,3769.21,1827249,68872.82,102873,907664,49.67
2025-10-10,LT, EQ, 10-Oct-2025,3769.2,3765.0,3799.0,3760.0,3779.0,3784.0,3786.11,1129678,42770.8,77989,621407,55.01
2025-10-13,LT, EQ, 13-Oct-2025,3784.0,3780.0,3784.0,3745.0,3765.5,3769.5,3764.19,1191248,44840.88,95051,582524,48.9
2025-10-14,LT, EQ, 14-Oct-2025,3769.5,3775.0,3786.8,3730.2,3736.0,3744.3,3753.88,1364583,51224.8,111937,641852,47.04
2025-10-15,LT, EQ, 15-Oct-2025,3744.3,3747.0,3843.9,3744.3,3823.6,3828.7,3822.77,2575918,98471.46,140670,1650837,64.09
2025-10-16,LT, EQ, 16-Oct-2025,3828.7,3830.3,3885.9,3830.0,3862.0,3861.8,3862.85,2330283,90015.4,188365,1464465,62.84
2025-10-17,LT, EQ, 17-Oct-2025,3861.8,3860.0,3869.5,3830.1,3838.0,3839.4,3848.44,1337364,51467.71,90733,754551,56.42
2025-10-20,LT, EQ, 20-Oct-2025,3839.4,3862.0,3887.6,3845.4,3872.0,3872.7,3869.95,1223232,47338.41,137333,536337,43.85
2025-10-21,LT, EQ, 21-Oct-2025,3872.7,3892.0,3895.0,3877.2,3887.0,3888.2,3888.65,260327,10123.2,20939,156908,60.28
2025-10-23,LT, EQ, 23-Oct-2025,3888.2,3890.0,3966.2,3890.0,3916.0,3918.7,3935.74,2815778,110821.7,195910,1491493,52.97
2025-10-24,LT, EQ, 24-Oct-2025,3918.7,3929.3,3939.9,3897.5,3905.0,3904.9,3917.19,1146636,44915.87,117912,530105,46.23
2025-10-27,LT, EQ, 27-Oct-2025,3904.9,3912.0,3948.0,3907.0,3921.7,3923.8,3929.55,1057688,41562.36,74849,623201,58.92
2025-10-28,LT, EQ, 28-Oct-2025,3923.8,3922.1,3986.0,3917.3,3981.6,3972.8,3954.06,3391806,134113.96,166102,1690854,49.85
2025-10-29,LT, EQ, 29-Oct-2025,3972.8,3988.0,4016.7,3920.0,3957.3,3958.1,3960.74,2563641,101539.15,131435,1287777,50.23
2025-10-30,LT, EQ, 30-Oct-2025,3958.1,3980.0,4062.6,3975.6,3989.4,3987.5,4018.51,4959400,199293.8,314012,2206390,44.49
2025-10-31,LT, EQ, 31-Oct-2025,3987.5,4001.1,4045.9,3980.2,4028.0,4030.9,4024.92,2328183,93707.43,173498,1469636,63.12
2025-11-03,LT, EQ, 03-Nov-2025,4030.9,4030.0,4041.0,3974.9,3980.9,3980.5,4004.5,1154072,46214.86,119302,678636,58.8
2025-11-04,LT, EQ, 04-Nov-2025,3980.5,3985.0,3990.0,3916.8,3925.0,3924.4,3938.35,2042881,80455.86,120854,1193640,58.43
2025-11-06,LT, EQ, 06-Nov-2025,3924.4,3945.0,3978.0,3872.1,3893.0,3881.6,3905.55,1749063,68310.61,199865,831032,47.51
2025-11-07,LT, EQ, 07-Nov-2025,3881.6,3877.1,3892.9,3831.1,3882.1,3882.5,3866.22,1577294,60981.58,88564,982949,62.32
2025-11-10,LT, EQ, 10-Nov-2025,3882.5,3895.0,3943.8,3894.0,3916.8,3918.5,3926.38,1397176,54858.46,112929,804202,57.56
2025-11-11,LT, EQ, 11-Nov-2025,3918.5,3929.0,3966.8,3897.0,3954.0,3955.0,3943.73,1775462,70019.39,91807,923586,52.02
2025-11-12,LT, EQ, 12-Nov-2025,3955.0,3970.0,3973.8,3936.9,3955.0,3954.6,3952.55,981350,38788.37,61125,671317,68.41
2025-11-13,LT, EQ, 13-Nov-2025,3954.6,3954.6,4022.9,3925.6,4005.0,4002.5,3993.68,1834962,73282.46,100532,1197533,65.26
2025-11-14,LT, EQ, 14-Nov-2025,4002.5,4002.0,4011.5,3971.6,4004.0,4004.4,3994.47,1916910,76570.39,108120,1379792,71.98
2025-11-17,LT, EQ, 17-Nov-2025,4004.4,4004.4,4030.0,4000.1,4025.0,4027.7,4017.12,1206133,48451.78,93147,763641,63.31
2025-11-18,LT, EQ, 18-Nov-2025,4027.7,4020.0,4026.8,3978.9,3998.9,3999.6,4001.54,1748928,69984.02,104985,768346,43.93
2025-11-19,LT, EQ, 19-Nov-2025,3999.6,4007.0,4026.5,3980.3,4018.4,4019.6,4011.22,923032,37024.86,66571,542129,58.73
2025-11-20,LT, EQ, 20-Nov-2025,4019.6,4035.0,4048.0,4007.7,4035.1,4037.4,4031.15,1463574,58998.88,107944,675287,46.14
2025-11-21,LT, EQ, 21-Nov-2025,4037.4,4026.0,4057.0,4015.2,4025.0,4024.9,4031.54,1241149,50037.41,98448,705351,56.83
2025-11-24,LT, EQ, 24-Nov-2025,4024.9,4025.0,4038.0,4003.7,4006.5,4013.3,4016.71,1584741,63654.41,78477,1141787,72.05
2025-11-25,LT, EQ, 25-Nov-2025,4013.3,4013.0,4055.5,3981.6,3982.2,3996.7,4023.11,1749083,70367.45,111665,797907,45.62
2025-11-26,LT, EQ, 26-Nov-2025,3996.7,3999.0,4074.6,3998.0,4060.0,4062.0,4053.14,2058237,83423.31,144192,1184804,57.56
2025-11-27,LT, EQ, 27-Nov-2025,4062.0,4071.0,4140.0,4059.6,4080.0,4081.3,4103.11,2225064,91296.85,160848,1097959,49.35
2025-11-28,LT, EQ, 28-Nov-2025,4081.3,4085.0,4104.2,4054.7,4080.0,4069.6,4076.06,1318133,53727.95,112407,797023,60.47
2025-12-01,LT, EQ, 01-Dec-2025,4069.6,4087.0,4103.4,4050.0,4067.0,4073.2,4071.67,1251770,50967.99,116745,720227,57.54
2025-12-02,LT, EQ, 02-Dec-2025,4073.2,4066.5,4088.6,4023.8,4034.9,4030.5,4040.9,1490917,60246.49,115931,790822,53.04
2025-12-03,LT, EQ, 03-Dec-2025,4030.5,4032.0,4046.9,3970.1,3995.5,3988.0,3988.6,1123990,44831.45,93872,713170,63.45
2025-12-04,LT, EQ, 04-Dec-2025,3988.0,3990.0,4009.2,3961.7,3991.0,3983.6,3992.23,1026968,40998.91,87986,577767,56.26
2025-12-05,LT, EQ, 05-Dec-2025,3983.6,3999.0,4048.0,3975.1,4039.0,4038.2,4026.21,1073758,43231.78,73212,495467,46.14
2025-12-08,LT, EQ, 08-Dec-2025,4038.2,4047.0,4047.9,3976.9,3999.5,3996.7,4000.97,1127841,45124.6,85324,575007,50.98
2025-12-09,LT, EQ, 09-Dec-2025,3996.7,3990.0,4019.9,3949.1,3994.5,3997.5,3995.83,1788464,71463.99,109657,842252,47.09
2025-12-10,LT, EQ, 10-Dec-2025,3997.5,4000.0,4030.0,3970.0,3990.6,3991.3,4005.14,957277,38340.24,78323,547600,57.2
2025-12-11,LT, EQ, 11-Dec-2025,3991.3,3993.2,4015.0,3984.6,4003.0,4003.9,4002.75,841371,33677.99,70935,435445,51.75
2025-12-12,LT, EQ, 12-Dec-2025,4003.9,4061.0,4114.0,4048.6,4072.8,4074.1,4079.28,2207898,90066.33,117889,1230441,55.73
2025-12-15,LT, EQ, 15-Dec-2025,4074.1,4072.8,4096.0,4063.8,4090.0,4092.3,4082.07,1064975,43473.07,99196,711671,66.83
2025-12-16,LT, EQ, 16-Dec-2025,4092.3,4083.7,4103.8,4051.2,4060.0,4063.8,4063.44,2199214,89363.8,90672,1559697,70.92
2025-12-17,LT, EQ, 17-Dec-2025,4063.8,4079.0,4079.0,4040.0,4060.1,4062.4,4057.12,1087334,44114.47,69688,624752,57.46
2025-12-18,LT, EQ, 18-Dec-2025,4062.4,4067.0,4071.8,4023.4,4028.4,4031.1,4042.18,1004303,40595.69,104514,504610,50.24
2025-12-19,LT, EQ, 19-Dec-2025,4031.1,4040.1,4091.5,4040.1,4075.0,4073.5,4077.08,1327935,54140.97,98050,831050,62.58
2025-12-22,LT, EQ, 22-Dec-2025,4073.5,4081.0,4098.5,4068.5,4073.0,4072.4,4077.39,764774,31182.82,79255,415588,54.34
2025-12-23,LT, EQ, 23-Dec-2025,4072.4,4089.0,4095.0,4053.3,4070.0,4058.8,4071.48,1867147,76020.47,148137,954800,51.14
2025-12-24,LT, EQ, 24-Dec-2025,4058.8,4065.0,4080.7,4048.1,4052.0,4053.6,4057.61,1021436,41445.92,95816,502918,49.24
2025-12-26,LT, EQ, 26-Dec-2025,4053.6,4052.0,4061.5,4030.2,4051.0,4047.3,4040.73,594330,24015.29,46406,363869,61.22
2025-12-29,LT, EQ, 29-Dec-2025,4047.3,4053.0,4061.1,4033.4,4039.0,4038.7,4043.97,952143,38504.42,63280,593213,62.3
2025-12-30,LT, EQ, 30-Dec-2025,4038.7,4039.0,4063.9,4006.2,4056.0,4052.0,4047.07,1362208,55129.57,89322,796676,58.48
2025-12-31,LT, EQ, 31-Dec-2025,4052.0,4058.0,4094.5,4048.0,4083.0,4083.5,4075.9,1160164,47287.16,88267,764219,65.87
2026-01-01,LT, EQ, 01-Jan-2026,4083.5,4090.0,4146.8,4088.3,4136.0,4140.4,4132.19,1360716,56227.35,103110,663745,48.78
2026-01-02,LT, EQ, 02-Jan-2026,4140.4,4138.1,4172.7,4127.1,4164.7,4163.4,4155.35,984027,40889.72,82278,543323,55.21
2026-01-05,LT, EQ, 05-Jan-2026,4163.4,4162.9,4195.0,4132.8,4149.0,4150.4,4163.02,1167460,48601.54,89730,763912,65.43
2026-01-06,LT, EQ, 06-Jan-2026,4150.4,4153.0,4185.0,4129.9,4141.0,4140.6,4150.71,1205337,50030.06,85290,648094,53.77
2026-01-07,LT, EQ, 07-Jan-2026,4140.6,4106.0,4180.0,4094.0,4150.1,4157.0,4136.92,1213160,50187.49,100608,776950,64.04
2026-01-08,LT, EQ, 08-Jan-2026,4157.0,4160.0,4169.9,3991.3,4044.7,4028.4,4076.57,2328813,94935.67,155478,1334775,57.32
2026-01-09,LT, EQ, 09-Jan-2026,4028.4,4029.0,4094.0,4006.2,4019.8,4025.2,4036.45,1718127,69351.41,88250,868326,50.54
2026-01-12,LT, EQ, 12-Jan-2026,4025.2,4026.0,4026.9,3944.3,4024.0,4019.0,3989.1,1386513,55309.34,95355,701479,50.59
2026-01-13,LT, EQ, 13-Jan-2026,4019.0,4028.0,4028.0,3837.0,3890.0,3887.4,3896.1,4978634,193972.51,257347,2223057,44.65
2026-01-14,LT, EQ, 14-Jan-2026,3887.4,3900.0,3904.9,3856.6,3868.0,3865.8,3878.74,1914244,74248.57,126414,978315,51.11
2026-01-16,LT, EQ, 16-Jan-2026,3865.8,3890.0,3914.0,3848.7,3857.0,3856.4,3875.35,1807300,70039.29,126699,1104280,61.1
2026-01-19,LT, EQ, 19-Jan-2026,3856.4,3820.0,3878.4,3808.5,3863.7,3869.8,3841.62,1709380,65667.92,88630,898758,52.58
2026-01-20,LT, EQ, 20-Jan-2026,3869.8,3858.0,3874.3,3800.0,3808.0,3810.5,3826.2,1658119,63442.93,119992,892942,53.85
2026-01-21,LT, EQ, 21-Jan-2026,3810.5,3800.0,3830.0,3722.0,3770.0,3766.5,3762.25,2537185,95455.31,169934,1497775,59.03
2026-01-22,LT, EQ, 22-Jan-2026,3766.5,3798.9,3801.3,3755.1,3797.9,3793.8,3779.3,1856812,70174.5,99239,870224,46.87
2026-01-23,LT, EQ, 23-Jan-2026,3793.8,3798.0,3799.4,3720.1,3750.0,3743.8,3747.94,1898703,71162.16,87816,1256731,66.19
2026-01-27,LT, EQ, 27-Jan-2026,3743.8,3743.8,3815.0,3739.0,3804.5,3787.8,3772.11,2162193,81560.24,112278,1133348,52.42
2026-01-28,LT, EQ, 28-Jan-2026,3787.8,3804.3,3828.2,3769.1,3796.9,3794.0,3797.75,2111741,80198.72,108273,1226290,58.07
2026-01-29,LT, EQ, 29-Jan-2026,3794.0,3860.0,3960.9,3843.6,3938.0,3932.9,3922.3,4227139,165801.23,186910,1955557,46.26
2026-01-30,LT, EQ, 30-Jan-2026,3932.9,3902.5,3942.4,3891.8,3935.0,3932.3,3923.36,2208465,86646.02,120197,1579119,71.5
2026-02-01,LT, EQ, 01-Feb-2026,3932.3,3953.0,4042.8,3756.0,3800.0,3814.0,3927.7,2654727,104269.66,141332,1094146,41.22
2026-02-02,LT, EQ, 02-Feb-2026,3814.0,3830.7,3934.8,3825.0,3914.0,3921.3,3906.67,3034613,118552.26,170586,1778487,58.61
2026-02-03,LT, EQ, 03-Feb-2026,3921.3,4117.0,4122.0,4030.6,4038.0,4038.8,4061.32,3742190,151982.41,258219,2194084,58.63
2026-02-04,LT, EQ, 04-Feb-2026,4038.8,4029.0,4107.0,4016.9,4080.2,4087.1,4083.65,1403373,57308.83,113811,838870,59.78
2026-02-05,LT, EQ, 05-Feb-2026,4087.1,4088.0,4088.5,4035.9,4060.0,4063.3,4060.81,1433240,58201.18,128802,831946,58.05
2026-02-06,LT, EQ, 06-Feb-2026,4063.3,4055.0,4078.0,4042.3,4065.4,4068.1,4062.59,1630836,66254.14,87660,1020140,62.55
2026-02-09,LT, EQ, 09-Feb-2026,4068.1,4073.9,4124.7,4062.4,4109.0,4113.6,4108.26,1830267,75192.21,92278,1274824,69.65
2026-02-10,LT, EQ, 10-Feb-2026,4113.6,4140.0,4174.6,4122.4,4168.0,4169.0,4157.31,1890409,78590.07,92437,1056385,55.88
2026-02-11,LT, EQ, 11-Feb-2026,4169.0,4172.9,4187.7,4140.3,4170.0,4170.4,4164.75,1689489,70362.99,86964,1249211,73.94
2026-02-12,LT, EQ, 12-Feb-2026,4170.4,4187.9,4199.0,4160.9,4180.0,4185.9,4186.53,2006458,84000.96,89895,1342616,66.91
2026-02-13,LT, EQ, 13-Feb-2026,4185.9,4174.1,4199.0,4134.1,4172.0,4173.9,4175.19,2234376,93289.35,147111,1698283,76.01
2026-02-16,LT, EQ, 16-Feb-2026,4173.9,4170.0,4206.0,4135.3,4200.0,4201.5,4182.21,852552,35655.49,51800,548119,64.29
2026-02-17,LT, EQ, 17-Feb-2026,4201.5,4210.1,4287.0,4190.1,4275.8,4279.8,4251.49,1763048,74955.81,93683,941131,53.38
2026-02-18,LT, EQ, 18-Feb-2026,4279.8,4290.5,4335.0,4261.1,4310.0,4325.9,4300.66,2042626,87846.47,111448,1413063,69.18
2026-02-19,LT, EQ, 19-Feb-2026,4325.9,4326.1,4334.0,4261.9,4273.9,4280.5,4294.14,2007080,86186.86,108010,1205316,60.05
2026-02-20,LT, EQ, 20-Feb-2026,4280.5,4267.1,4390.0,4267.1,4380.1,4380.6,4359.84,2542442,110846.35,143149,1639728,64.49
2026-02-23,LT, EQ, 23-Feb-2026,4380.6,4395.6,4431.6,4371.7,4419.0,4418.1,4402.62,2122782,93457.92,109789,1399460,65.93
2026-02-24,LT, EQ, 24-Feb-2026,4418.1,4415.5,4440.0,4228.1,4271.0,4259.2,4317.04,3673070,158568.03,166929,2434445,66.28
2026-02-25,LT, EQ, 25-Feb-2026,4259.2,4270.0,4344.9,4254.2,4302.0,4298.5,4305.28,2481469,106834.31,145176,1528229,61.59
2026-02-26,LT, EQ, 26-Feb-2026,4298.5,4304.9,4340.0,4278.3,4290.0,4286.5,4304.38,2370148,102020.07,146788,1164589,49.14
2026-02-27,LT, EQ, 27-Feb-2026,4286.5,4288.9,4304.7,4254.4,4270.0,4278.3,4282.4,2357853,100972.69,109719,1664003,70.57
2026-03-02,LT, EQ, 02-Mar-2026,4278.3,4061.0,4141.4,3975.4,4054.0,4066.7,4053.82,6542141,265206.81,436388,3528625,53.94
2026-03-04,LT, EQ, 04-Mar-2026,4066.7,3950.0,3959.0,3760.0,3882.0,3882.6,3827.67,7635350,292255.94,489192,4031671,52.8
2026-03-05,LT, EQ, 05-Mar-2026,3882.6,3924.2,4072.9,3908.9,4027.0,4038.7,3992.61,4996312,199483.11,263610,2606988,52.18
2026-03-06,LT, EQ, 06-Mar-2026,4038.7,4015.0,4015.0,3941.0,3949.0,3949.8,3961.11,2379314,94247.24,158659,1161565,48.82
2026-03-09,LT, EQ, 09-Mar-2026,3949.8,3850.0,3852.0,3743.0,3836.5,3842.1,3791.51,4248784,161092.88,243130,2427298,57.13
2026-03-10,LT, EQ, 10-Mar-2026,3842.1,3936.0,3972.0,3851.0,3881.5,3876.0,3880.02,3330102,129208.68,183996,1674864,50.29
2026-03-11,LT, EQ, 11-Mar-2026,3876.0,3879.7,3896.7,3832.0,3836.0,3838.8,3859.76,2066473,79760.92,130657,1217140,58.9
2026-03-12,LT, EQ, 12-Mar-2026,3838.8,3825.0,3830.0,3704.9,3713.0,3719.5,3760.74,4255443,160036.11,262924,2320855,54.54
2026-03-13,LT, EQ, 13-Mar-2026,3719.5,3696.0,3697.0,3424.5,3445.0,3439.0,3511.18,10778730,378460.37,507723,7112796,65.99
2026-03-16,LT, EQ, 16-Mar-2026,3439.0,3453.5,3494.8,3396.6,3460.0,3469.4,3445.58,8459233,291469.5,369512,5087391,60.14
2026-03-17,LT, EQ, 17-Mar-2026,3469.4,3478.0,3550.0,3450.0,3536.5,3542.8,3501.41,5003418,175190.21,309529,2952728,59.01
2026-03-18,LT, EQ, 18-Mar-2026,3542.8,3569.0,3638.8,3555.0,3602.0,3607.9,3605.55,4190485,151089.95,200293,2486460,59.34
2026-03-19,LT, EQ, 19-Mar-2026,3607.9,3526.7,3528.3,3422.0,3444.0,3434.5,3457.2,4898518,169351.48,310251,2624249,53.57
2026-03-20,LT, EQ, 20-Mar-2026,3434.5,3475.0,3524.0,3410.0,3438.1,3434.8,3452.81,4743217,163774.21,227003,2948775,62.17
2026-03-23,LT, EQ, 23-Mar-2026,3434.8,3405.1,3409.9,3288.1,3341.9,3342.4,3327.17,5645839,187846.5,319335,3221419,57.06
2026-03-24,LT, EQ, 24-Mar-2026,3342.4,3440.0,3547.1,3390.5,3515.1,3516.8,3478.27,6037848,210012.69,305220,3007866,49.82
2026-03-25,LT, EQ, 25-Mar-2026,3516.8,3569.9,3660.0,3546.0,3659.0,3649.3,3621.06,5090205,184319.52,320240,2585519,50.79
2026-03-27,LT, EQ, 27-Mar-2026,3649.3,3640.0,3640.0,3547.0,3570.0,3564.1,3572.11,3991388,142576.75,174878,2421908,60.68
2026-03-30,LT, EQ, 30-Mar-2026,3564.1,3500.0,3543.6,3491.1,3505.0,3504.1,3515.48,3549203,124771.61,244514,2029284,57.18
2026-04-01,LT, EQ, 01-Apr-2026,3504.1,3655.0,3682.9,3597.3,3621.0,3607.5,3630.24,4099786,148832.0,187793,2110095,51.47
2026-04-02,LT, EQ, 02-Apr-2026,3607.5,3539.3,3629.0,3470.0,3610.0,3613.1,3548.95,4121638,146275.04,201362,2005604,48.66
2026-04-06,LT, EQ, 06-Apr-2026,3613.1,3616.6,3737.0,3577.0,3727.0,3727.7,3669.5,3353246,123047.28,160528,1723099,51.39
2026-04-07,LT, EQ, 07-Apr-2026,3727.7,3680.0,3736.2,3658.0,3722.0,3723.3,3711.01,3083714,114436.82,150098,1676088,54.35
2026-04-08,LT, EQ, 08-Apr-2026,3723.3,3948.0,4032.0,3931.0,4010.0,4005.9,3994.91,7368477,294363.71,316063,4148816,56.3
2026-04-09,LT, EQ, 09-Apr-2026,4005.9,3988.0,3988.0,3885.6,3890.3,3896.2,3921.44,4415151,173137.7,251770,2160784,48.94
2026-04-10,LT, EQ, 10-Apr-2026,3896.2,3932.0,3965.0,3915.6,3961.0,3959.9,3949.07,2822017,111443.43,101522,1497129,53.05
2026-04-13,LT, EQ, 13-Apr-2026,3959.9,3825.0,3971.7,3815.6,3953.0,3954.3,3931.25,4897563,192535.55,218793,2289531,46.75
2026-04-15,LT, EQ, 15-Apr-2026,3954.3,4045.4,4104.0,4031.1,4073.0,4076.3,4080.46,4562142,186156.6,203281,2718727,59.59
2026-04-16,LT, EQ, 16-Apr-2026,4076.3,4128.0,4149.0,4089.0,4117.0,4119.8,4122.94,5092608,209965.21,172822,2942796,57.79
2026-04-17,LT, EQ, 17-Apr-2026,4119.8,4134.0,4142.9,4072.8,4105.0,4096.1,4103.42,2796673,114759.31,124829,1715312,61.33
2026-04-20,LT, EQ, 20-Apr-2026,4096.1,4100.0,4130.0,4024.0,4039.0,4051.0,4065.75,3545024,144131.71,196896,2152283,60.71
2026-04-21,LT, EQ, 21-Apr-2026,4051.0,4039.0,4091.8,4032.0,4070.0,4075.4,4075.65,2426718,98904.42,103366,1630553,67.19
2026-04-22,LT, EQ, 22-Apr-2026,4075.4,4070.0,4070.0,4011.0,4016.0,4021.1,4032.92,2178082,87840.21,134572,1341444,61.59
2026-04-23,LT, EQ, 23-Apr-2026,4021.1,4009.9,4064.0,3978.5,4050.0,4054.1,4037.69,2229134,90005.42,118245,1244175,55.81
2026-04-24,LT, EQ, 24-Apr-2026,4054.1,4072.0,4088.1,3983.2,4012.0,4014.3,4011.61,2162213,86739.54,158647,1319504,61.03
2026-04-27,LT, EQ, 27-Apr-2026,4014.3,4058.0,4089.5,4030.2,4055.0,4053.6,4066.36,2000348,81341.43,107696,1267088,63.34
2026-04-28,LT, EQ, 28-Apr-2026,4053.6,4060.0,4087.9,4023.9,4040.0,4037.7,4047.65,1750237,70843.44,79769,1001621,57.23
2026-04-29,LT, EQ, 29-Apr-2026,4037.7,4060.0,4126.0,4051.3,4083.0,4096.1,4099.83,2175030,89172.53,120234,1212773,55.76
2026-04-30,LT, EQ, 30-Apr-2026,4096.1,4083.0,4100.0,3990.0,4021.0,4014.0,4014.69,2569328,103150.54,132029,1251896,48.72
2026-05-04,LT, EQ, 04-May-2026,4014.0,4026.0,4139.5,4026.0,4099.8,4100.8,4108.5,2173027,89278.79,157535,1134489,52.21
2026-05-05,LT, EQ, 05-May-2026,4100.8,4085.0,4090.0,4024.0,4075.0,4054.5,4051.78,3849402,155969.32,149503,2024544,52.59
2026-05-06,LT, EQ, 06-May-2026,4054.5,3974.0,4021.0,3900.0,4012.6,4008.5,3947.37,9540104,376583.55,446949,5019264,52.61
2026-05-07,LT, EQ, 07-May-2026,4008.5,4028.0,4065.8,3991.0,4023.0,4023.0,4018.59,3477185,139733.9,179869,1634352,47.0
2026-05-08,LT, EQ, 08-May-2026,4023.0,4010.0,4014.0,3960.0,3978.0,3974.5,3978.94,1620273,64469.67,115318,889072,54.87
2026-05-11,LT, EQ, 11-May-2026,3974.5,3948.0,3953.5,3886.1,3940.0,3940.2,3924.07,2027769,79571.14,129831,1036346,51.11
2026-05-12,LT, EQ, 12-May-2026,3940.2,3925.1,3940.0,3847.0,3865.0,3856.5,3882.66,2255075,87556.86,123663,1105714,49.03
2026-05-13,LT, EQ, 13-May-2026,3856.5,3848.0,3953.0,3848.0,3919.0,3915.8,3901.34,2486330,97000.22,173744,1342508,54.0
2026-05-14,LT, EQ, 14-May-2026,3915.8,3942.0,3988.0,3925.0,3934.0,3940.4,3954.4,2982228,117929.34,140484,1231081,41.28
2026-05-15,LT, EQ, 15-May-2026,3940.4,3949.4,3949.4,3893.0,3905.1,3909.0,3920.0,1339185,52496.09,74123,787194,58.78
2026-05-18,LT, EQ, 18-May-2026,3909.0,3873.9,3924.7,3852.0,3911.0,3917.8,3892.6,1771638,68962.73,96200,961472,54.27
2026-05-19,LT, EQ, 19-May-2026,3917.8,3940.9,3960.0,3900.0,3910.0,3921.0,3935.19,2318170,91224.39,135345,898633,38.76
2026-05-20,LT, EQ, 20-May-2026,3921.0,3901.6,3943.5,3883.1,3912.0,3910.7,3917.87,1972259,77270.53,144367,1212852,61.5
2026-05-21,LT, EQ, 21-May-2026,3910.7,3970.0,3970.0,3912.7,3931.0,3928.5,3936.41,1624945,63964.55,95809,562577,34.62
2026-05-22,LT, EQ, 22-May-2026,3928.5,3907.0,3960.0,3900.1,3933.0,3926.6,3939.21,1330428,52408.33,84923,768352,57.75
2026-05-25,LT, EQ, 25-May-2026,3926.6,3970.0,4038.4,3961.5,4035.0,4033.4,4018.97,2099927,84395.41,120589,1255662,59.8
2026-05-26,LT, EQ, 26-May-2026,4033.4,4029.6,4052.9,4014.2,4037.0,4037.8,4035.91,1552847,62671.51,71157,847218,54.56
2026-05-27,LT, EQ, 27-May-2026,4037.8,4043.0,4069.9,4017.9,4050.0,4047.5,4048.8,1607028,65065.36,108831,782120,48.67
2026-05-29,LT, EQ, 29-May-2026,4047.5,4045.8,4128.0,4045.0,4090.0,4076.5,4091.74,4882940,199797.12,162803,3554389,72.79
2026-06-01,LT, EQ, 01-Jun-2026,4076.5,4089.0,4105.8,4002.1,4012.0,4010.8,4040.54,1409388,56946.93,87534,719522,51.05
2026-06-02,LT, EQ, 02-Jun-2026,4010.8,3980.0,4017.0,3923.5,4010.0,4000.9,3971.45,2085054,82806.8,147330,854855,41.0
2026-06-03,LT, EQ, 03-Jun-2026,4000.9,4000.9,4008.0,3894.0,3946.9,3953.2,3941.52,1872929,73821.94,138677,849027,45.33
2026-06-04,LT, EQ, 04-Jun-2026,3953.2,3945.0,3974.9,3930.1,3948.0,3942.1,3948.09,1398297,55206.02,106941,646759,46.25
2026-06-05,LT, EQ, 05-Jun-2026,3942.1,3960.0,3978.0,3923.9,3962.1,3953.2,3955.9,1278243,50566.02,92273,582084,45.54
2026-06-08,LT, EQ, 08-Jun-2026,3953.2,3901.1,3916.7,3863.1,3870.5,3875.5,3890.93,1678709,65317.42,121974,938465,55.9
2026-06-09,LT, EQ, 09-Jun-2026,3875.5,3924.9,3924.9,3885.0,3904.0,3900.6,3902.93,1506501,58797.69,86389,764030,50.72
2026-06-10,LT, EQ, 10-Jun-2026,3900.6,3904.0,3962.8,3900.0,3931.0,3917.5,3935.66,2033070,80014.82,114568,1274884,62.71
2026-06-11,LT, EQ, 11-Jun-2026,3917.5,3900.0,3909.8,3854.4,3871.7,3862.0,3875.05,2224659,86206.62,144434,1299477,58.41
2026-06-12,LT, EQ, 12-Jun-2026,3862.0,3930.0,4059.8,3921.0,4050.0,4049.3,3993.73,3065790,122439.38,174646,1466169,47.82
2026-06-15,LT, EQ, 15-Jun-2026,4049.3,4130.0,4214.9,4130.0,4171.0,4169.8,4179.4,3978153,166262.91,195557,2109148,53.02
2026-06-16,LT, EQ, 16-Jun-2026,4169.8,4205.0,4235.4,4177.1,4182.0,4186.4,4200.45,2647549,111209.1,131798,1401665,52.94
2026-06-17,LT, EQ, 17-Jun-2026,4186.4,4200.1,4214.7,4172.0,4205.0,4207.7,4197.74,1312925,55113.24,94040,710994,54.15
2026-06-18,LT, EQ, 18-Jun-2026,4207.7,4207.7,4244.9,4165.6,4196.0,4190.0,4195.92,1485427,62327.38,103911,603046,40.6
2026-06-19,LT, EQ, 19-Jun-2026,4190.0,4190.0,4217.5,4161.6,4210.0,4209.4,4196.08,1397746,58650.57,82723,757034,54.16
2026-06-22,LT, EQ, 22-Jun-2026,4209.4,4228.0,4235.4,4190.0,4198.3,4201.3,4207.06,1169466,49200.16,111518,752293,64.33
2026-06-23,LT, EQ, 23-Jun-2026,4201.3,4210.0,4242.4,4166.0,4169.8,4179.4,4204.88,2198497,92444.19,150168,1193093,54.27
2026-06-24,LT, EQ, 24-Jun-2026,4179.4,4176.5,4215.0,4170.0,4185.0,4181.7,4187.6,1367416,57261.95,124229,855905,62.59
2026-06-25,LT, EQ, 25-Jun-2026,4181.7,4207.0,4272.3,4187.1,4202.1,4216.4,4234.03,3104020,131425.14,159634,1663082,53.58
2026-06-29,LT, EQ, 29-Jun-2026,4216.4,4225.0,4252.0,4157.8,4167.9,4165.2,4201.38,2706906,113727.39,148993,1694574,62.6
2026-06-30,LT, EQ, 30-Jun-2026,4165.2,4183.0,4193.8,4134.1,4143.8,4143.4,4158.06,1539094,63996.41,102065,684395,44.47
2026-07-01,LT, EQ, 01-Jul-2026,4143.4,4130.1,4142.8,4081.1,4092.0,4092.6,4102.97,1437109,58964.2,98249,774696,53.91
2026-07-02,LT, EQ, 02-Jul-2026,4092.6,4100.0,4110.0,4012.0,4057.0,4059.4,4039.8,2481554,100249.89,159389,1091886,44.0
2026-07-03,LT, EQ, 03-Jul-2026,4059.4,4080.0,4094.0,4019.0,4027.7,4026.6,4045.5,1505428,60902.05,109554,892165,59.26
2026-07-06,LT, EQ, 06-Jul-2026,4026.6,4027.7,4068.0,4016.5,4039.0,4041.0,4044.85,1252054,50643.7,79983,640057,51.12
2026-07-07,LT, EQ, 07-Jul-2026,4041.0,4044.5,4046.3,3975.0,3987.0,3991.9,3994.32,2442514,97561.91,189201,1365256,55.9
2026-07-08,LT, EQ, 08-Jul-2026,3991.9,3950.0,3988.0,3871.0,3900.1,3892.1,3929.44,2252308,88502.99,144516,1086272,48.23
2026-07-09,LT, EQ, 09-Jul-2026,3892.1,3916.0,3947.3,3867.8,3883.0,3886.0,3916.81,5117653,200448.87,165912,3639822,71.12
2026-07-10,LT, EQ, 10-Jul-2026,3886.0,3905.0,3953.8,3905.0,3948.1,3945.8,3935.5,1283990,50531.41,70211,778296,60.62
2026-07-13,LT, EQ, 13-Jul-2026,3945.8,3895.0,3939.0,3875.6,3928.9,3928.5,3920.99,1744547,68403.45,99579,933803,53.53
2026-07-14,LT, EQ, 14-Jul-2026,3928.5,3892.0,3897.9,3843.0,3845.7,3848.7,3859.74,2409089,92984.64,159864,1284154,53.3
2026-07-15,LT, EQ, 15-Jul-2026,3848.7,3868.0,3868.0,3778.6,3793.0,3783.9,3808.43,3602201,137187.26,192356,2570439,71.36
2026-07-16,LT, EQ, 16-Jul-2026,3783.9,3795.0,3802.0,3762.3,3779.8,3775.6,3776.65,2936753,110910.94,249543,1839704,62.64
2026-07-17,LT, EQ, 17-Jul-2026,3775.6,3788.9,3828.9,3767.7,3817.9,3814.5,3799.37,1942610,73806.87,174206,1027247,52.88
2026-07-20,LT, EQ, 20-Jul-2026,3814.5,3815.0,3850.0,3807.0,3838.1,3838.8,3829.9,1450930,55569.12,86235,838769,57.81
2026-07-21,LT, EQ, 21-Jul-2026,3838.8,3839.0,3859.5,3815.7,3852.0,3846.6,3837.37,1393919,53489.86,81459,756989,54.31
2026-07-22,LT, EQ, 22-Jul-2026,3846.6,3835.0,3843.3,3806.2,3818.0,3817.4,3822.48,1157406,44241.67,66568,716042,61.87
2026-07-23,LT, EQ, 23-Jul-2026,3817.4,3800.0,3827.6,3777.7,3791.0,3792.4,3799.5,1278355,48571.13,104872,713608,55.82
2026-07-24,LT, EQ, 24-Jul-2026,3792.4,3751.0,3805.0,3720.0,3787.9,3785.6,3763.74,1994087,75052.28,135397,1061331,53.22
2026-07-27,LT, EQ, 27-Jul-2026,3785.6,3820.0,3837.3,3798.7,3808.0,3806.0,3818.44,1454211,55528.11,70922,795426,54.7
2026-07-28,LT, EQ, 28-Jul-2026,3806.0,3812.0,3837.0,3793.0,3830.0,3832.0,3821.14,1702441,65052.6,130179,831795,48.86
2026-07-29,LT, EQ, 29-Jul-2026,3832.0,3895.4,3978.2,3891.1,3927.0,3931.4,3944.0,3115802,122887.32,159622,1426048,45.77
2026-07-30,LT, EQ, 30-Jul-2026,3931.4,3931.4,3951.7,3883.5,3940.5,3937.7,3928.95,2141252,84128.79,126759,1074083,50.16
2026-07-31,LT, EQ, 31-Jul-2026,3937.7,3962.9,3973.1,3923.2,3938.0,3938.9,3941.05,1753377,69101.38,76155,1061009,60.51
2026-08-03,LT, EQ, 03-Aug-2026,3938.9,3974.0,4025.0,3962.5,4025.0,4025.0,3993.38,1890377,75489.85,92604,1096545,58.01
2026-08-04,LT, EQ, 04-Aug-2026,4025.0,4007.2,4042.4,3988.2,3990.0,3990.0,4018.18,1827982,73451.63,99895,781964,42.78
2026-08-05,LT, EQ, 05-Aug-2026,3990.0,4025.0,4074.0,4024.8,4057.0,4057.0,4056.0,1910224,77478.75,98367,914527,47.88
2026-08-06,LT, EQ, 06-Aug-2026,4057.0,4056.0,4070.0,4045.0,4061.8,4061.8,4058.89,1401341,56878.84,95461,762585,54.42
2026-08-07,LT, EQ, 07-Aug-2026,4061.8,4040.1,4062.0,4030.0,4056.0,4056.0,4045.6,901290,36462.61,63017,539650,59.88
2026-08-10,LT, EQ, 10-Aug-2026,4056.0,4055.7,4080.0,4025.8,4080.0,4080.0,4060.58,1082855,43970.16,73565,628745,58.06
2026-08-11,LT, EQ, 11-Aug-2026,4080.0,4075.1,4075.5,4028.5,4037.4,4037.4,4045.36,1401285,56687.07,66909,619989,44.24
2026-08-12,LT, EQ, 12-Aug-2026,4037.4,4038.0,4044.1,3990.0,4020.0,4020.0,4003.05,2226623,89132.93,109760,1531311,68.77
2026-08-13,LT, EQ, 13-Aug-2026,4020.0,4010.0,4070.7,3990.0,4070.7,4070.7,4035.12,2299928,92804.81,157231,1291924,56.17
2026-08-14,LT, EQ, 14-Aug-2026,4070.7,4068.7,4072.5,4033.1,4057.0,4057.0,4053.2,934044,37858.71,56246,594838,63.68
2026-08-17,LT, EQ, 17-Aug-2026,4057.0,4041.0,4086.7,4026.0,4086.7,4086.7,4056.64,1066164,43250.4,49368,552749,51.84
2026-08-18,LT, EQ, 18-Aug-2026,4086.7,4068.0,4085.0,4050.0,4064.3,4064.3,4070.84,1355575,55183.24,68981,817973,60.34
2026-08-19,LT, EQ, 19-Aug-2026,4064.3,4064.0,4069.0,4024.8,4041.3,4041.3,4037.96,1190832,48085.34,71433,676290,56.79
2026-08-20,LT, EQ, 20-Aug-2026,4041.3,4050.5,4084.9,4048.3,4081.0,4081.0,4068.46,1056060,42965.41,66205,608156,57.59
2026-08-21,LT, EQ, 21-Aug-2026,4081.0,4081.0,4100.0,4061.4,4093.0,4093.0,4082.24,1258912,51391.85,79449,834853,66.32
