Date,SYMBOL,SERIES,DATE1,PREV_CLOSE,OPEN_PRICE,HIGH_PRICE,LOW_PRICE,LAST_PRICE,CLOSE_PRICE,AVG_PRICE,TTL_TRD_QNTY,TURNOVER_LACS,NO_OF_TRADES,DELIV_QTY,DELIV_PER,SECTOR
2019-08-23,NMDC, EQ, 23-Aug-2019,78.7,78.1,81.6,74.8,80.2,80.05,78.96,12564864,9920.84,39959,1873434,14.91,Metals
2019-10-01,NMDC, EQ, 01-Oct-2019,88.7,88.7,97.25,86.8,97.0,96.4,93.46,22401584,20937.09,68813,5819623,25.98,Metals
2019-10-03,NMDC, EQ, 03-Oct-2019,96.4,94.5,98.0,94.05,97.4,97.4,96.69,13061706,12629.4,59509,3046622,23.32,Metals
2019-10-04,NMDC, EQ, 04-Oct-2019,97.4,98.4,98.4,95.1,95.45,95.5,96.26,7347338,7072.56,30212,1579730,21.5,Metals
2019-10-07,NMDC, EQ, 07-Oct-2019,95.5,95.5,95.8,91.15,91.2,91.55,93.12,6936089,6458.93,30190,1385148,19.97,Metals
2019-10-09,NMDC, EQ, 09-Oct-2019,91.55,90.0,97.15,90.0,96.25,96.5,94.11,8411972,7916.71,41285,1642703,19.53,Metals
2019-10-10,NMDC, EQ, 10-Oct-2019,96.5,95.9,97.8,94.45,95.8,95.6,96.27,5801135,5584.68,33877,1245191,21.46,Metals
2019-10-11,NMDC, EQ, 11-Oct-2019,95.6,95.75,97.7,94.85,96.9,96.75,96.45,8192667,7901.53,20815,1251846,15.28,Metals
2019-10-14,NMDC, EQ, 14-Oct-2019,96.75,97.35,100.9,96.1,98.1,98.15,98.85,8209253,8114.92,28755,1234938,15.04,Metals
2019-10-15,NMDC, EQ, 15-Oct-2019,98.15,97.9,102.0,96.65,101.85,101.4,99.9,7725725,7718.22,29472,2552656,33.04,Metals
2019-10-16,NMDC, EQ, 16-Oct-2019,101.4,101.7,103.5,101.2,102.9,102.85,102.21,6100767,6235.76,22960,1901751,31.17,Metals
2019-10-17,NMDC, EQ, 17-Oct-2019,102.85,102.0,103.2,100.4,102.0,102.2,101.8,5030398,5121.06,18215,917621,18.24,Metals
2019-10-18,NMDC, EQ, 18-Oct-2019,102.2,106.95,110.5,102.7,109.8,108.85,106.94,21650530,23153.39,78326,3706300,17.12,Metals
2019-10-22,NMDC, EQ, 22-Oct-2019,108.85,110.0,110.7,107.6,109.4,109.6,109.4,6483715,7093.06,21470,1416962,21.85,Metals
2019-10-23,NMDC, EQ, 23-Oct-2019,109.6,108.1,110.3,106.6,107.1,107.2,108.24,4667092,5051.53,17273,985483,21.12,Metals
2019-10-24,NMDC, EQ, 24-Oct-2019,107.2,107.85,108.0,105.0,105.4,105.45,106.17,2799339,2972.08,13198,550963,19.68,Metals
2019-10-25,NMDC, EQ, 25-Oct-2019,105.45,104.1,108.2,104.1,107.85,107.2,106.56,5558552,5923.08,22045,2448643,44.05,Metals
2019-10-27,NMDC, EQ, 27-Oct-2019,107.2,107.8,109.0,106.75,107.2,107.35,107.55,336208,361.6,2236,101860,30.3,Metals
2019-10-29,NMDC, EQ, 29-Oct-2019,107.35,111.0,112.75,108.6,112.15,112.2,111.34,5408624,6021.94,21576,1125223,20.8,Metals
2019-10-30,NMDC, EQ, 30-Oct-2019,112.2,112.2,113.6,110.25,110.6,110.7,111.4,4080680,4545.8,15854,1656264,40.59,Metals
2019-10-31,NMDC, EQ, 31-Oct-2019,110.7,111.2,114.35,110.2,112.8,112.6,112.35,6787179,7625.24,21429,3239247,47.73,Metals
2019-11-01,NMDC, EQ, 01-Nov-2019,112.6,112.6,112.6,108.8,110.5,110.45,110.5,3761295,4156.23,28930,1292735,34.37,Metals
2019-11-04,NMDC, EQ, 04-Nov-2019,110.45,110.0,112.5,109.6,110.05,110.0,111.1,4313000,4791.71,16945,1715544,39.78,Metals
2019-11-05,NMDC, EQ, 05-Nov-2019,110.0,110.0,112.35,109.8,111.7,111.65,111.1,3085676,3428.1,16593,1077623,34.92,Metals
2019-11-06,NMDC, EQ, 06-Nov-2019,111.65,112.3,114.95,110.5,113.05,113.45,113.44,4859630,5512.66,18073,1004268,20.67,Metals
2019-11-07,NMDC, EQ, 07-Nov-2019,113.45,113.1,113.45,106.0,107.7,107.5,108.57,8742151,9491.05,32024,2762447,31.6,Metals
2019-11-08,NMDC, EQ, 08-Nov-2019,107.5,106.6,109.0,103.4,103.7,103.75,105.44,6384271,6731.3,28989,1194550,18.71,Metals
2019-11-11,NMDC, EQ, 11-Nov-2019,103.75,104.3,106.4,103.0,103.65,103.65,104.4,8443856,8815.47,25667,1922415,22.77,Metals
2019-11-13,NMDC, EQ, 13-Nov-2019,103.65,103.75,107.5,100.25,101.15,100.8,103.69,10995944,11402.02,38492,2656694,24.16,Metals
2019-11-14,NMDC, EQ, 14-Nov-2019,100.8,101.3,102.85,97.8,98.1,98.55,99.93,4833533,4830.1,21107,765439,15.84,Metals
2019-11-15,NMDC, EQ, 15-Nov-2019,98.55,99.0,100.5,97.6,99.45,99.7,99.15,2952358,2927.26,11390,506238,17.15,Metals
2019-11-18,NMDC, EQ, 18-Nov-2019,99.7,100.6,101.1,99.0,100.15,100.25,99.89,3721065,3716.88,10188,298784,8.03,Metals
2019-11-19,NMDC, EQ, 19-Nov-2019,100.25,100.6,101.9,99.35,99.9,100.05,100.69,3203652,3225.91,14195,406785,12.7,Metals
2019-11-20,NMDC, EQ, 20-Nov-2019,100.05,100.6,104.25,100.5,101.9,101.8,102.17,4153659,4243.62,16835,658773,15.86,Metals
2019-11-21,NMDC, EQ, 21-Nov-2019,101.8,102.3,102.3,99.15,99.7,99.7,100.18,3127691,3133.21,9857,709749,22.69,Metals
2019-11-22,NMDC, EQ, 22-Nov-2019,99.7,99.6,100.8,98.45,100.7,100.25,99.49,2503954,2491.3,11666,655128,26.16,Metals
2019-11-25,NMDC, EQ, 25-Nov-2019,100.25,100.8,104.2,100.5,103.25,103.3,102.98,3880113,3995.76,13761,781814,20.15,Metals
2019-11-26,NMDC, EQ, 26-Nov-2019,103.3,103.4,104.15,100.4,101.0,100.85,102.25,3536840,3616.41,14978,820242,23.19,Metals
2019-11-27,NMDC, EQ, 27-Nov-2019,100.85,101.2,102.25,101.1,101.8,101.8,101.72,1500662,1526.46,8389,383695,25.57,Metals
2019-11-28,NMDC, EQ, 28-Nov-2019,101.8,102.4,105.9,101.8,104.6,105.0,104.66,4613828,4828.94,17811,975338,21.14,Metals
2019-11-29,NMDC, EQ, 29-Nov-2019,105.0,104.5,104.5,101.4,102.25,102.55,102.58,3863817,3963.4,16847,611065,15.82,Metals
2019-12-02,NMDC, EQ, 02-Dec-2019,102.55,102.25,106.45,101.65,106.0,105.5,105.12,4424441,4650.89,18223,785843,17.76,Metals
2019-12-03,NMDC, EQ, 03-Dec-2019,105.5,105.75,109.5,101.75,108.2,108.1,106.42,10977333,11682.52,49989,2385349,21.73,Metals
2019-12-04,NMDC, EQ, 04-Dec-2019,108.1,107.0,113.9,106.6,113.3,113.35,111.34,12803315,14254.7,65868,2938116,22.95,Metals
2019-12-05,NMDC, EQ, 05-Dec-2019,113.35,113.4,113.9,108.5,109.3,109.65,110.86,5526581,6126.67,25662,1013406,18.34,Metals
2019-12-06,NMDC, EQ, 06-Dec-2019,109.65,110.3,111.45,109.1,110.0,110.45,110.34,4403158,4858.66,22851,1076624,24.45,Metals
2019-12-09,NMDC, EQ, 09-Dec-2019,110.45,111.0,112.4,108.35,109.6,109.35,110.74,5150822,5703.87,17466,515808,10.01,Metals
2019-12-10,NMDC, EQ, 10-Dec-2019,109.35,109.85,111.35,109.15,110.05,110.0,110.29,2346123,2587.54,10842,357276,15.23,Metals
2019-12-11,NMDC, EQ, 11-Dec-2019,110.0,110.0,112.2,110.0,111.45,111.65,111.15,3385350,3762.95,10490,1280857,37.84,Metals
2019-12-12,NMDC, EQ, 12-Dec-2019,111.65,111.45,114.0,111.45,114.0,113.75,113.09,3989005,4511.36,16810,1381899,34.64,Metals
2019-12-13,NMDC, EQ, 13-Dec-2019,113.75,114.25,116.0,112.6,113.9,114.25,114.18,6917391,7898.15,33318,2130386,30.8,Metals
2019-12-16,NMDC, EQ, 16-Dec-2019,114.25,115.5,117.85,114.15,114.85,114.9,115.7,7404974,8567.83,29129,1187231,16.03,Metals
2019-12-17,NMDC, EQ, 17-Dec-2019,114.9,114.8,117.7,114.3,117.0,117.2,116.53,4119980,4801.06,18800,1217205,29.54,Metals
2019-12-18,NMDC, EQ, 18-Dec-2019,117.2,118.3,120.45,117.4,120.4,119.95,119.13,12138296,14460.54,48634,3379092,27.84,Metals
2019-12-19,NMDC, EQ, 19-Dec-2019,119.95,120.5,124.4,120.5,123.6,123.3,123.29,17428671,21487.08,76823,3793095,21.76,Metals
2019-12-20,NMDC, EQ, 20-Dec-2019,123.3,124.45,124.9,122.6,124.35,124.35,123.95,9157427,11350.78,27974,1994531,21.78,Metals
2019-12-23,NMDC, EQ, 23-Dec-2019,124.35,123.9,125.5,122.8,123.8,123.65,124.38,5320153,6617.13,21316,1785477,33.56,Metals
2019-12-24,NMDC, EQ, 24-Dec-2019,123.65,123.65,125.45,123.55,124.9,124.75,124.69,4244727,5292.8,15433,1486996,35.03,Metals
2019-12-26,NMDC, EQ, 26-Dec-2019,124.75,124.9,127.05,124.2,126.25,126.25,126.14,5841510,7368.38,22917,1407760,24.1,Metals
2019-12-27,NMDC, EQ, 27-Dec-2019,126.25,126.25,126.5,123.75,126.0,126.1,125.44,5110321,6410.6,23807,1611054,31.53,Metals
2019-12-30,NMDC, EQ, 30-Dec-2019,126.1,126.1,128.0,126.1,127.0,126.95,127.09,4466064,5675.87,22566,1574121,35.25,Metals
2019-12-31,NMDC, EQ, 31-Dec-2019,126.95,127.7,130.8,125.75,129.0,128.9,128.27,7331942,9404.91,34686,2662531,36.31,Metals
2020-01-01,NMDC, EQ, 01-Jan-2020,128.9,129.05,129.7,127.15,128.0,128.35,128.26,2620422,3360.89,13284,496912,18.96,Metals
2020-01-02,NMDC, EQ, 02-Jan-2020,128.35,129.15,131.65,128.95,130.55,131.2,130.32,6159633,8027.29,26008,998476,16.21,Metals
2020-01-03,NMDC, EQ, 03-Jan-2020,131.2,131.5,131.5,128.4,129.3,129.25,129.52,4688896,6072.95,19558,2056579,43.86,Metals
2020-01-06,NMDC, EQ, 06-Jan-2020,129.25,128.4,130.0,127.35,130.0,129.4,128.98,5356734,6909.18,28695,1926139,35.96,Metals
2020-01-07,NMDC, EQ, 07-Jan-2020,129.4,130.0,130.9,124.25,127.55,128.05,127.2,14219999,18087.43,61077,3332751,23.44,Metals
2020-01-08,NMDC, EQ, 08-Jan-2020,128.05,127.4,127.4,118.1,121.6,121.8,123.35,13388244,16514.69,42300,2253620,16.83,Metals
2020-01-09,NMDC, EQ, 09-Jan-2020,121.8,123.8,123.9,119.45,120.7,120.75,121.22,10218493,12387.01,49865,2621202,25.65,Metals
2020-01-10,NMDC, EQ, 10-Jan-2020,120.75,121.5,122.8,119.55,121.3,121.05,121.1,7231805,8757.8,33900,2348762,32.48,Metals
2020-01-13,NMDC, EQ, 13-Jan-2020,121.05,121.45,124.65,121.45,123.25,123.25,123.15,5399007,6648.8,28961,1692045,31.34,Metals
2020-01-14,NMDC, EQ, 14-Jan-2020,123.25,123.9,126.0,123.55,125.5,125.8,125.16,5469462,6845.57,32113,1765637,32.28,Metals
2020-01-15,NMDC, EQ, 15-Jan-2020,125.8,126.05,131.45,125.75,131.15,131.1,129.59,9940740,12881.84,49033,3119394,31.38,Metals
2020-01-16,NMDC, EQ, 16-Jan-2020,131.1,131.9,133.0,129.75,130.2,130.6,130.92,5994018,7847.28,32333,1885467,31.46,Metals
2020-01-17,NMDC, EQ, 17-Jan-2020,130.6,130.1,131.35,129.15,129.55,129.75,130.43,2321887,3028.45,10393,774794,33.37,Metals
2020-01-20,NMDC, EQ, 20-Jan-2020,129.75,134.25,139.35,133.2,138.65,138.8,136.75,21926415,29983.28,91511,6238135,28.45,Metals
2020-01-21,NMDC, EQ, 21-Jan-2020,138.8,138.0,138.4,133.8,134.3,134.2,135.65,5849307,7934.72,21971,1126546,19.26,Metals
2020-01-22,NMDC, EQ, 22-Jan-2020,134.2,135.0,135.2,128.65,131.0,132.1,131.86,17139363,22600.72,68903,8481245,49.48,Metals
2020-01-23,NMDC, EQ, 23-Jan-2020,132.1,131.9,139.7,127.0,129.65,132.95,132.54,60941615,80770.64,75944,37634520,61.76,Metals
2020-01-24,NMDC, EQ, 24-Jan-2020,132.95,128.5,131.2,126.45,128.95,128.85,129.26,9502388,12282.89,36737,2324290,24.46,Metals
2020-01-27,NMDC, EQ, 27-Jan-2020,128.85,128.0,128.0,123.35,123.55,124.45,125.35,4413613,5532.33,29110,851510,19.29,Metals
2020-01-28,NMDC, EQ, 28-Jan-2020,124.45,123.9,126.2,122.5,123.4,123.85,124.32,5782442,7188.62,28012,1491790,25.8,Metals
2020-01-29,NMDC, EQ, 29-Jan-2020,123.85,124.2,125.95,121.5,122.3,122.45,123.62,3742189,4625.95,22318,514065,13.74,Metals
2020-01-30,NMDC, EQ, 30-Jan-2020,122.45,122.55,123.4,118.45,119.8,120.4,121.38,6865376,8333.14,30432,2002023,29.16,Metals
2020-01-31,NMDC, EQ, 31-Jan-2020,120.4,120.85,122.3,116.2,116.7,116.95,118.27,11554574,13665.39,47438,3633753,31.45,Metals
2020-02-01,NMDC, EQ, 01-Feb-2020,116.95,116.85,116.85,101.75,105.15,104.9,109.84,9240225,10149.73,38149,2379154,25.75,Metals
2020-02-03,NMDC, EQ, 03-Feb-2020,104.9,105.55,108.45,102.45,102.9,103.1,105.17,8473996,8912.44,43649,1999643,23.6,Metals
2020-02-04,NMDC, EQ, 04-Feb-2020,103.1,104.4,109.65,103.6,108.8,108.8,106.51,6960453,7413.27,27543,1815845,26.09,Metals
2020-02-05,NMDC, EQ, 05-Feb-2020,108.8,109.45,114.35,107.4,113.5,113.9,111.93,7050318,7891.31,26152,1018579,14.45,Metals
2020-02-06,NMDC, EQ, 06-Feb-2020,113.9,114.55,117.45,112.2,116.05,116.4,115.63,8995645,10401.69,34376,2859927,31.79,Metals
2020-02-07,NMDC, EQ, 07-Feb-2020,116.4,115.7,115.7,111.0,113.6,113.75,112.94,11521752,13012.71,41292,2475834,21.49,Metals
2020-02-10,NMDC, EQ, 10-Feb-2020,113.75,113.0,114.25,110.85,112.75,112.8,112.53,10272109,11559.61,32119,5210700,50.73,Metals
2020-02-11,NMDC, EQ, 11-Feb-2020,112.8,113.8,114.9,112.1,113.0,112.8,113.49,6835710,7757.74,27458,3244595,47.47,Metals
2020-02-12,NMDC, EQ, 12-Feb-2020,112.8,112.8,115.4,112.7,114.55,114.65,114.29,4877077,5574.06,21798,2350927,48.2,Metals
2020-02-13,NMDC, EQ, 13-Feb-2020,114.65,114.7,115.05,109.5,110.0,110.0,110.82,9276706,10280.65,38485,2677817,28.87,Metals
2020-02-14,NMDC, EQ, 14-Feb-2020,110.0,110.0,111.1,105.65,106.6,106.35,108.22,7782694,8422.61,44035,3079436,39.57,Metals
2020-02-17,NMDC, EQ, 17-Feb-2020,106.35,106.75,107.75,105.8,106.2,106.25,106.55,5740814,6116.87,31353,2541614,44.27,Metals
2020-02-18,NMDC, EQ, 18-Feb-2020,106.25,99.9,100.85,96.9,99.65,99.35,98.76,11774181,11627.64,40179,4899100,41.61,Metals
2020-02-19,NMDC, EQ, 19-Feb-2020,99.35,100.5,105.45,100.15,104.9,105.0,104.19,9145503,9528.65,50251,2694419,29.46,Metals
2020-02-20,NMDC, EQ, 20-Feb-2020,105.0,104.8,106.5,103.8,104.8,105.0,105.06,7645442,8032.08,27299,3421285,44.75,Metals
2020-02-24,NMDC, EQ, 24-Feb-2020,105.0,104.0,105.0,101.05,101.6,101.7,102.98,5391719,5552.53,28270,2168284,40.22,Metals
2020-02-25,NMDC, EQ, 25-Feb-2020,101.7,102.35,103.65,100.5,101.2,101.3,101.83,4434722,4515.7,19188,1239790,27.96,Metals
2020-02-26,NMDC, EQ, 26-Feb-2020,101.3,99.85,101.4,97.3,97.85,97.65,99.41,5974274,5938.75,16901,2337213,39.12,Metals
2020-02-27,NMDC, EQ, 27-Feb-2020,97.65,97.5,97.75,94.85,95.5,96.1,96.06,6736747,6471.03,31891,2202761,32.7,Metals
2020-02-28,NMDC, EQ, 28-Feb-2020,96.1,93.65,93.65,88.4,90.3,91.2,91.22,11410640,10409.15,47642,2821132,24.72,Metals
2020-03-02,NMDC, EQ, 02-Mar-2020,91.2,92.9,95.75,88.55,89.2,89.5,92.46,7150803,6611.5,28690,2495374,34.9,Metals
2020-03-03,NMDC, EQ, 03-Mar-2020,89.5,91.0,94.35,89.0,93.85,93.45,91.77,5764282,5289.98,27485,1799552,31.22,Metals
2020-03-04,NMDC, EQ, 04-Mar-2020,93.45,93.05,95.15,91.2,94.7,94.3,93.55,7281459,6812.16,35633,1775646,24.39,Metals
2020-03-05,NMDC, EQ, 05-Mar-2020,94.3,94.8,97.4,93.3,93.6,94.35,95.82,10244890,9816.22,48535,2968925,28.98,Metals
2020-03-06,NMDC, EQ, 06-Mar-2020,94.35,90.0,94.4,88.55,93.7,93.8,93.04,6719238,6251.37,33829,2721658,40.51,Metals
2020-03-09,NMDC, EQ, 09-Mar-2020,93.8,88.4,91.15,82.7,83.0,83.5,85.9,14356801,12332.79,50940,7326650,51.03,Metals
2020-03-11,NMDC, EQ, 11-Mar-2020,83.5,83.5,85.3,79.8,81.3,81.25,81.69,12244612,10002.45,59732,4791907,39.13,Metals
2020-03-12,NMDC, EQ, 12-Mar-2020,81.25,77.0,78.75,71.1,72.6,72.05,73.61,13272047,9769.09,68354,6650584,50.11,Metals
2020-03-13,NMDC, EQ, 13-Mar-2020,72.05,67.75,77.0,61.55,76.1,75.5,72.56,14249766,10339.89,45274,6874720,48.24,Metals
2020-03-16,NMDC, EQ, 16-Mar-2020,75.5,73.9,78.4,70.55,73.8,73.85,74.94,12373208,9272.46,33505,5072584,41.0,Metals
2020-03-17,NMDC, EQ, 17-Mar-2020,73.85,74.0,78.45,72.9,74.05,73.45,75.22,8982542,6756.62,28578,2517704,28.03,Metals
2020-03-18,NMDC, EQ, 18-Mar-2020,73.45,76.2,84.45,64.0,66.95,75.75,73.22,30305419,22190.35,60160,13711196,45.24,Metals
2020-03-19,NMDC, EQ, 19-Mar-2020,75.75,68.2,72.55,65.1,67.9,66.65,68.74,10931326,7513.67,43609,1758457,16.09,Metals
2020-03-20,NMDC, EQ, 20-Mar-2020,66.65,67.0,74.8,66.2,71.5,71.9,70.65,17538094,12391.18,53981,5976321,34.08,Metals
2020-03-23,NMDC, EQ, 23-Mar-2020,71.9,65.0,68.8,62.05,63.05,63.05,64.67,7627488,4932.78,29174,3504060,45.94,Metals
2020-03-24,NMDC, EQ, 24-Mar-2020,63.05,66.4,67.7,62.5,63.55,63.35,64.36,4694724,3021.53,19818,1583482,33.73,Metals
2020-03-25,NMDC, EQ, 25-Mar-2020,63.35,63.0,67.5,62.6,65.9,65.95,65.37,4477765,2927.19,19766,1354145,30.24,Metals
2020-03-26,NMDC, EQ, 26-Mar-2020,65.95,67.4,71.35,66.0,70.6,69.85,69.58,10386590,7227.09,35734,4287488,41.28,Metals
2020-03-27,NMDC, EQ, 27-Mar-2020,69.85,71.95,74.4,70.45,73.05,73.55,72.55,7392185,5363.16,34011,2727655,36.9,Metals
2020-03-30,NMDC, EQ, 30-Mar-2020,73.55,71.0,77.75,68.95,76.2,76.85,74.04,7422060,5495.65,34218,2210383,29.78,Metals
2020-03-31,NMDC, EQ, 31-Mar-2020,76.85,77.9,82.0,76.85,79.95,80.0,80.24,8536076,6849.3,41497,3051460,35.75,Metals
2020-04-01,NMDC, EQ, 01-Apr-2020,80.0,79.0,81.9,76.2,78.5,78.55,78.9,5044394,3979.84,23575,1343053,26.62,Metals
2020-04-03,NMDC, EQ, 03-Apr-2020,78.55,79.3,80.7,75.7,78.8,79.25,79.04,4597483,3633.99,20145,1452038,31.58,Metals
2020-04-07,NMDC, EQ, 07-Apr-2020,79.25,80.0,81.5,77.7,78.6,78.9,79.17,5752380,4554.31,28482,2167587,37.68,Metals
2020-04-08,NMDC, EQ, 08-Apr-2020,78.9,78.75,80.5,74.5,75.1,75.3,77.13,8069066,6223.75,31636,2466175,30.56,Metals
2020-04-09,NMDC, EQ, 09-Apr-2020,75.3,76.5,80.0,76.3,79.9,79.75,78.38,4352074,3411.29,19857,1402947,32.24,Metals
2020-04-13,NMDC, EQ, 13-Apr-2020,79.75,79.9,85.3,77.5,82.85,82.9,82.3,6051190,4979.95,27617,1353125,24.91,Metals
2020-04-15,NMDC, EQ, 15-Apr-2020,82.9,84.0,86.3,81.75,82.45,82.45,84.37,6026142,5084.0,32198,2296310,38.11,Metals
2020-04-16,NMDC, EQ, 16-Apr-2020,82.45,82.95,83.1,79.75,80.7,80.45,81.21,4012090,3258.28,18533,1281861,31.95,Metals
2020-04-17,NMDC, EQ, 17-Apr-2020,80.45,82.9,83.65,80.0,80.7,80.45,81.22,5696756,4627.13,36234,2498214,43.85,Metals
2020-04-20,NMDC, EQ, 20-Apr-2020,80.45,81.9,81.95,76.4,77.25,77.0,79.2,13806690,10934.43,36554,2813050,20.37,Metals
2020-04-21,NMDC, EQ, 21-Apr-2020,77.0,76.0,76.0,73.75,74.1,74.2,74.56,6847181,5105.36,24813,1354323,19.78,Metals
2020-04-22,NMDC, EQ, 22-Apr-2020,74.2,74.2,75.0,72.1,75.0,74.55,73.4,8712790,6395.09,22274,1323823,15.19,Metals
2020-04-23,NMDC, EQ, 23-Apr-2020,74.55,75.1,78.55,74.65,76.95,77.0,76.4,7189277,5492.31,23031,1438823,20.01,Metals
2020-04-24,NMDC, EQ, 24-Apr-2020,77.0,76.7,77.9,73.4,74.15,73.8,75.84,6739753,5111.73,24186,1316289,19.53,Metals
2020-04-27,NMDC, EQ, 27-Apr-2020,73.8,74.2,76.0,73.95,74.1,74.1,74.57,2213777,1650.76,13289,752687,34.0,Metals
2020-04-28,NMDC, EQ, 28-Apr-2020,74.1,74.8,75.4,71.85,73.4,73.25,73.92,6263749,4630.35,17885,1534813,24.5,Metals
2020-04-29,NMDC, EQ, 29-Apr-2020,73.25,73.95,76.3,73.3,75.2,75.4,75.24,2913584,2192.26,17277,1197707,41.11,Metals
2020-04-30,NMDC, EQ, 30-Apr-2020,75.4,76.8,81.55,75.95,80.6,80.55,78.78,6511716,5129.64,32470,2952750,45.35,Metals
2020-05-04,NMDC, EQ, 04-May-2020,80.55,75.8,77.85,73.8,74.9,74.7,75.25,6407414,4821.56,25532,1828474,28.54,Metals
2020-05-05,NMDC, EQ, 05-May-2020,74.7,76.0,76.5,72.55,73.25,72.9,74.76,7174280,5363.53,25639,1616944,22.54,Metals
2020-05-06,NMDC, EQ, 06-May-2020,72.9,73.5,74.65,71.4,73.15,73.15,72.95,5111462,3729.01,22877,1186694,23.22,Metals
2020-05-07,NMDC, EQ, 07-May-2020,73.15,72.9,73.65,72.1,73.05,73.0,72.92,3272726,2386.51,17409,1358927,41.52,Metals
2020-05-08,NMDC, EQ, 08-May-2020,73.0,73.9,74.5,72.6,73.15,73.15,73.35,2909304,2134.11,11455,1412709,48.56,Metals
2020-05-11,NMDC, EQ, 11-May-2020,73.15,73.8,74.95,72.1,72.35,72.4,73.53,2587878,1902.82,13114,1138766,44.0,Metals
2020-05-12,NMDC, EQ, 12-May-2020,72.4,72.1,72.7,69.85,71.1,70.95,70.99,3739093,2654.29,27254,1618959,43.3,Metals
2020-05-13,NMDC, EQ, 13-May-2020,70.95,74.0,76.65,72.4,75.05,74.95,74.55,4832347,3602.28,27842,1764755,36.52,Metals
2020-05-14,NMDC, EQ, 14-May-2020,74.95,74.9,74.9,71.75,72.25,72.3,72.71,3843331,2794.53,19728,946323,24.62,Metals
2020-05-15,NMDC, EQ, 15-May-2020,72.3,72.4,75.5,72.1,73.75,73.85,74.12,3221355,2387.79,18846,665602,20.66,Metals
2020-05-18,NMDC, EQ, 18-May-2020,73.85,74.55,74.75,70.5,71.25,71.1,71.78,5909478,4241.7,18648,1102323,18.65,Metals
2020-05-19,NMDC, EQ, 19-May-2020,71.1,72.5,73.25,71.05,71.45,71.4,72.13,2670317,1926.0,13187,824821,30.89,Metals
2020-05-20,NMDC, EQ, 20-May-2020,71.4,71.5,72.4,70.8,71.35,71.1,71.43,1985269,1418.13,10937,718705,36.2,Metals
2020-05-21,NMDC, EQ, 21-May-2020,71.1,71.5,75.7,71.1,74.4,74.25,73.48,8943636,6571.9,30913,2525648,28.24,Metals
2020-05-22,NMDC, EQ, 22-May-2020,74.25,74.3,74.7,71.8,72.75,72.45,72.9,4624426,3371.24,22930,1546755,33.45,Metals
2020-05-26,NMDC, EQ, 26-May-2020,72.45,73.0,76.35,72.9,75.6,75.8,74.77,6306187,4715.37,22011,2605830,41.32,Metals
2020-05-27,NMDC, EQ, 27-May-2020,75.8,75.5,75.5,73.5,75.1,75.05,74.56,3460835,2580.52,23740,1458468,42.14,Metals
2020-05-28,NMDC, EQ, 28-May-2020,75.05,75.4,80.25,74.35,78.55,78.95,78.15,7692366,6011.28,37223,2694447,35.03,Metals
2020-05-29,NMDC, EQ, 29-May-2020,78.95,77.95,82.1,77.35,81.0,81.15,80.8,7200886,5818.45,59019,2642409,36.7,Metals
2020-06-01,NMDC, EQ, 01-Jun-2020,81.15,83.05,86.95,82.55,84.5,84.3,85.35,6012715,5131.77,31797,1848680,30.75,Metals
2020-06-02,NMDC, EQ, 02-Jun-2020,84.3,85.0,86.15,83.1,85.25,85.35,84.93,7811275,6634.33,38134,3460473,44.3,Metals
2020-06-03,NMDC, EQ, 03-Jun-2020,85.35,86.1,87.15,84.2,84.45,84.65,85.91,3937024,3382.25,23944,1611231,40.93,Metals
2020-06-04,NMDC, EQ, 04-Jun-2020,84.65,84.3,86.25,83.3,85.3,85.3,85.03,6260410,5323.09,22630,2345620,37.47,Metals
2020-06-05,NMDC, EQ, 05-Jun-2020,85.3,86.5,90.25,85.95,88.5,88.85,88.52,7754221,6864.37,31158,2571337,33.16,Metals
2020-06-08,NMDC, EQ, 08-Jun-2020,88.85,90.5,94.65,90.05,91.55,91.2,92.62,7544020,6986.92,34232,2466231,32.69,Metals
2020-06-09,NMDC, EQ, 09-Jun-2020,91.2,92.5,94.9,90.6,91.9,91.7,93.4,12573524,11744.27,53475,3363622,26.75,Metals
2020-06-10,NMDC, EQ, 10-Jun-2020,91.7,92.1,92.5,88.7,90.2,89.9,90.19,3467855,3127.58,19272,960103,27.69,Metals
2020-06-11,NMDC, EQ, 11-Jun-2020,89.9,90.8,91.5,86.8,87.15,87.2,89.46,4181753,3741.13,21007,1508832,36.08,Metals
2020-06-12,NMDC, EQ, 12-Jun-2020,87.2,83.3,88.2,81.35,87.7,87.45,85.28,5871856,5007.7,31055,1674767,28.52,Metals
2020-06-15,NMDC, EQ, 15-Jun-2020,87.45,87.35,89.4,84.45,85.05,85.35,86.03,5276736,4539.44,24678,1453284,27.54,Metals
2020-06-16,NMDC, EQ, 16-Jun-2020,85.35,87.0,87.8,82.85,84.75,84.85,85.4,7087789,6053.19,29850,1814624,25.6,Metals
2020-06-17,NMDC, EQ, 17-Jun-2020,84.85,82.5,87.15,82.5,85.2,85.55,85.27,10975809,9358.85,44261,2102718,19.16,Metals
2020-06-18,NMDC, EQ, 18-Jun-2020,85.55,85.55,85.75,81.6,82.65,82.55,82.92,9479762,7860.52,45481,3277564,34.57,Metals
2020-06-19,NMDC, EQ, 19-Jun-2020,82.55,83.7,84.3,82.1,82.5,82.45,82.97,6118843,5076.61,21935,2432820,39.76,Metals
2020-06-22,NMDC, EQ, 22-Jun-2020,82.45,84.0,89.0,82.5,87.7,87.75,86.57,11251914,9740.56,46103,3151219,28.01,Metals
2020-06-23,NMDC, EQ, 23-Jun-2020,87.75,87.8,88.6,86.5,87.35,87.2,87.44,5782510,5056.09,27106,1552169,26.84,Metals
2020-06-24,NMDC, EQ, 24-Jun-2020,87.2,88.0,89.75,85.8,86.95,87.25,87.77,13288540,11663.11,40362,4735729,35.64,Metals
2020-06-25,NMDC, EQ, 25-Jun-2020,87.25,85.45,86.85,83.3,84.5,84.25,84.74,13527396,11463.74,38912,7684782,56.81,Metals
2020-06-26,NMDC, EQ, 26-Jun-2020,84.25,86.0,86.4,83.5,84.1,84.15,84.41,5880981,4963.87,24425,2249371,38.25,Metals
2020-06-29,NMDC, EQ, 29-Jun-2020,84.15,83.75,84.1,79.6,81.15,81.0,80.9,7990384,6464.31,42967,3957328,49.53,Metals
2020-06-30,NMDC, EQ, 30-Jun-2020,81.0,81.65,84.4,80.55,81.5,81.15,82.55,7609450,6281.83,34212,2463373,32.37,Metals
2020-07-01,NMDC, EQ, 01-Jul-2020,81.15,81.1,82.05,80.05,81.1,81.0,81.12,4894809,3970.71,17678,2233231,45.62,Metals
2020-07-02,NMDC, EQ, 02-Jul-2020,81.0,82.3,82.6,81.25,82.0,81.75,81.9,4722051,3867.39,18200,1974119,41.81,Metals
2020-07-03,NMDC, EQ, 03-Jul-2020,81.75,82.15,83.0,81.35,82.5,82.55,82.39,4507875,3713.92,13553,1974218,43.79,Metals
2020-07-06,NMDC, EQ, 06-Jul-2020,82.55,83.15,85.75,83.05,85.2,85.0,84.33,6147325,5184.25,22299,2409294,39.19,Metals
2020-07-07,NMDC, EQ, 07-Jul-2020,85.0,85.75,85.8,82.45,82.6,82.7,83.54,6350682,5305.19,38076,2958403,46.58,Metals
2020-07-08,NMDC, EQ, 08-Jul-2020,82.7,83.5,87.5,82.1,84.45,84.75,84.91,17001105,14436.2,71610,5895088,34.67,Metals
2020-07-09,NMDC, EQ, 09-Jul-2020,84.75,85.1,87.45,84.9,85.75,85.65,86.15,6956658,5992.83,26242,1671965,24.03,Metals
2020-07-10,NMDC, EQ, 10-Jul-2020,85.65,85.15,85.65,83.15,84.1,84.3,84.29,4154825,3502.18,22751,862863,20.77,Metals
2020-07-13,NMDC, EQ, 13-Jul-2020,84.3,84.2,86.35,84.0,85.4,85.65,85.26,6173352,5263.48,26057,2210643,35.81,Metals
2020-07-14,NMDC, EQ, 14-Jul-2020,85.65,85.4,85.5,82.4,82.55,82.55,83.42,4499119,3752.97,21807,1639022,36.43,Metals
2020-07-15,NMDC, EQ, 15-Jul-2020,82.55,83.4,84.15,81.6,82.2,81.85,82.91,3363405,2788.47,19678,1059255,31.49,Metals
2020-07-16,NMDC, EQ, 16-Jul-2020,81.85,82.3,82.5,80.4,81.95,82.1,81.44,4187343,3410.21,22412,1347139,32.17,Metals
2020-07-17,NMDC, EQ, 17-Jul-2020,82.1,83.25,87.4,83.1,86.35,86.25,85.85,12804774,10993.07,56923,2817246,22.0,Metals
2020-07-20,NMDC, EQ, 20-Jul-2020,86.25,87.05,87.05,85.15,85.25,85.6,85.93,3233947,2778.93,15709,831934,25.73,Metals
2020-07-21,NMDC, EQ, 21-Jul-2020,85.6,85.65,86.15,83.6,83.9,83.8,84.22,5191711,4372.22,27252,1813464,34.93,Metals
2020-07-22,NMDC, EQ, 22-Jul-2020,83.8,84.0,85.65,82.5,84.75,84.9,84.4,9904857,8360.01,41720,2833001,28.6,Metals
2020-07-23,NMDC, EQ, 23-Jul-2020,84.9,85.0,87.0,84.7,86.4,86.4,86.25,10782439,9300.15,44252,2867944,26.6,Metals
2020-07-24,NMDC, EQ, 24-Jul-2020,86.4,86.2,87.15,84.55,84.65,84.95,85.69,7398250,6339.82,32900,2120005,28.66,Metals
2020-07-27,NMDC, EQ, 27-Jul-2020,84.95,84.9,85.2,82.25,82.55,82.5,83.03,6307084,5237.07,28958,1672921,26.52,Metals
2020-07-28,NMDC, EQ, 28-Jul-2020,82.5,82.55,85.3,82.3,85.05,85.0,84.08,7873656,6619.93,45639,3253576,41.32,Metals
2020-07-29,NMDC, EQ, 29-Jul-2020,85.0,85.0,88.5,84.55,87.3,87.15,87.25,13199206,11516.82,55053,3763488,28.51,Metals
2020-07-30,NMDC, EQ, 30-Jul-2020,87.15,87.7,88.25,85.55,86.8,86.85,86.77,7550182,6551.44,30892,2999495,39.73,Metals
2020-07-31,NMDC, EQ, 31-Jul-2020,86.85,88.0,88.25,83.5,83.95,83.8,85.23,10116611,8622.82,46056,2896227,28.63,Metals
2020-08-03,NMDC, EQ, 03-Aug-2020,83.8,83.7,86.2,83.6,84.35,84.45,84.92,5301718,4502.25,22426,1531265,28.88,Metals
2020-08-04,NMDC, EQ, 04-Aug-2020,84.45,85.0,85.55,84.25,84.7,84.9,84.87,3521738,2988.87,17093,1121476,31.84,Metals
2020-08-05,NMDC, EQ, 05-Aug-2020,84.9,85.95,88.05,85.8,86.7,86.55,86.91,7774698,6756.97,34024,1803242,23.19,Metals
2020-08-06,NMDC, EQ, 06-Aug-2020,86.55,86.95,88.4,86.4,87.85,87.7,87.47,6366233,5568.71,41643,2608980,40.98,Metals
2020-08-07,NMDC, EQ, 07-Aug-2020,87.7,88.1,89.45,87.8,88.9,89.1,88.78,9157129,8129.47,59817,3255582,35.55,Metals
2020-08-10,NMDC, EQ, 10-Aug-2020,89.1,89.75,92.3,88.4,92.25,91.75,90.53,9161274,8293.82,44216,3768957,41.14,Metals
2020-08-11,NMDC, EQ, 11-Aug-2020,91.75,93.0,94.25,91.9,93.7,93.25,93.02,11764142,10943.35,41910,4510780,38.34,Metals
2020-08-12,NMDC, EQ, 12-Aug-2020,93.25,94.1,94.9,92.5,94.05,94.35,93.84,9324822,8750.61,39536,2399686,25.73,Metals
2020-08-13,NMDC, EQ, 13-Aug-2020,94.35,94.7,95.5,92.75,93.05,93.15,94.16,8306112,7820.65,38556,2105836,25.35,Metals
2020-08-14,NMDC, EQ, 14-Aug-2020,93.15,93.7,94.4,91.5,92.9,93.1,93.05,6677114,6213.22,24762,1593546,23.87,Metals
2020-08-17,NMDC, EQ, 17-Aug-2020,93.1,94.2,95.9,93.5,94.9,94.75,94.86,6333923,6008.52,29372,1837201,29.01,Metals
2020-08-18,NMDC, EQ, 18-Aug-2020,94.75,95.1,95.7,94.15,94.95,94.95,94.95,3861329,3666.39,20699,1095160,28.36,Metals
2020-08-19,NMDC, EQ, 19-Aug-2020,94.95,95.4,98.65,95.3,97.6,97.65,96.92,9481200,9189.47,37614,2875925,30.33,Metals
2020-08-20,NMDC, EQ, 20-Aug-2020,97.65,96.95,99.2,95.65,97.2,97.25,97.55,6717280,6552.72,25100,1908652,28.41,Metals
2020-08-21,NMDC, EQ, 21-Aug-2020,97.25,98.1,98.65,95.6,96.4,96.1,97.1,4474551,4344.58,21323,1646445,36.8,Metals
2020-08-24,NMDC, EQ, 24-Aug-2020,96.1,96.5,96.6,94.45,95.95,95.7,95.39,4183433,3990.38,18738,1743272,41.67,Metals
2020-08-25,NMDC, EQ, 25-Aug-2020,95.7,96.2,96.5,94.0,94.25,94.35,94.65,3907896,3698.64,34099,1552581,39.73,Metals
2020-08-26,NMDC, EQ, 26-Aug-2020,94.35,94.5,98.7,93.7,96.85,96.2,97.01,10634405,10316.21,42417,3251118,30.57,Metals
2020-08-27,NMDC, EQ, 27-Aug-2020,96.2,96.2,97.6,95.4,97.25,96.1,96.2,4952841,4764.51,21156,1632289,32.96,Metals
2020-08-28,NMDC, EQ, 28-Aug-2020,96.1,100.1,109.4,99.9,107.35,107.5,105.98,67246633,71266.72,230579,12709635,18.9,Metals
2020-08-31,NMDC, EQ, 31-Aug-2020,107.5,104.0,104.65,96.1,96.95,97.15,99.26,28531104,28321.32,149348,7797850,27.33,Metals
2020-09-01,NMDC, EQ, 01-Sep-2020,97.15,98.3,99.4,93.0,96.9,96.5,95.83,11111259,10647.88,45995,2292398,20.63,Metals
2020-09-02,NMDC, EQ, 02-Sep-2020,96.5,98.6,99.25,96.0,98.55,98.3,97.49,10059322,9806.55,52461,2176985,21.64,Metals
2020-09-03,NMDC, EQ, 03-Sep-2020,98.3,98.45,99.2,96.4,97.05,96.9,97.59,6295088,6143.07,29729,2082451,33.08,Metals
2020-09-04,NMDC, EQ, 04-Sep-2020,96.9,95.0,95.75,93.3,94.0,93.7,94.51,6913367,6533.65,51004,2163458,31.29,Metals
2020-09-07,NMDC, EQ, 07-Sep-2020,93.7,94.4,96.6,93.15,93.7,93.75,94.49,8029180,7587.08,40853,1751834,21.82,Metals
2020-09-08,NMDC, EQ, 08-Sep-2020,93.75,93.65,93.95,89.25,89.6,89.7,91.07,9233132,8408.27,54763,4247129,46.0,Metals
2020-09-09,NMDC, EQ, 09-Sep-2020,89.7,88.65,92.6,86.05,92.15,91.7,88.7,13468207,11946.17,76437,3657495,27.16,Metals
2020-09-10,NMDC, EQ, 10-Sep-2020,91.7,92.15,92.75,88.35,89.55,89.5,90.03,7472411,6727.17,46310,1976915,26.46,Metals
2020-09-11,NMDC, EQ, 11-Sep-2020,89.5,89.55,90.6,88.75,89.85,89.8,89.58,4266042,3821.53,27555,956776,22.43,Metals
2020-09-14,NMDC, EQ, 14-Sep-2020,89.8,91.0,91.55,89.2,89.7,89.65,90.48,5770126,5220.95,26262,2241565,38.85,Metals
2020-09-15,NMDC, EQ, 15-Sep-2020,89.65,90.6,90.6,88.5,89.45,89.6,89.28,3582755,3198.78,25428,1001188,27.94,Metals
2020-09-16,NMDC, EQ, 16-Sep-2020,89.6,90.6,94.7,89.7,90.9,90.75,92.33,30309641,27985.83,119609,5707600,18.83,Metals
2020-09-17,NMDC, EQ, 17-Sep-2020,90.75,89.95,91.6,87.6,88.25,88.2,88.83,13382020,11887.91,52351,3180544,23.77,Metals
2020-09-18,NMDC, EQ, 18-Sep-2020,88.2,88.7,89.0,86.4,86.9,86.9,87.37,7559133,6604.13,28493,2886453,38.18,Metals
2020-09-21,NMDC, EQ, 21-Sep-2020,86.9,87.35,87.35,82.55,82.9,83.3,84.33,9499980,8011.48,43763,2926178,30.8,Metals
2020-09-22,NMDC, EQ, 22-Sep-2020,83.3,83.15,83.7,79.9,81.65,81.1,81.31,10059491,8179.02,46419,3873225,38.5,Metals
2020-09-23,NMDC, EQ, 23-Sep-2020,81.1,81.8,82.2,79.3,80.15,80.2,80.49,7243400,5830.38,26635,1656525,22.87,Metals
2020-09-24,NMDC, EQ, 24-Sep-2020,80.2,78.7,79.1,75.6,75.7,75.85,76.67,9901001,7591.11,52099,3725924,37.63,Metals
2020-09-25,NMDC, EQ, 25-Sep-2020,75.85,76.8,79.7,75.9,79.5,79.3,77.88,7593089,5913.31,34059,2337411,30.78,Metals
2020-09-28,NMDC, EQ, 28-Sep-2020,79.3,80.05,82.5,79.9,81.85,81.7,81.2,6096968,4950.82,31580,1558006,25.55,Metals
2020-09-29,NMDC, EQ, 29-Sep-2020,81.7,82.45,83.35,81.2,82.55,82.75,82.29,8632647,7104.13,30971,2313466,26.8,Metals
2020-09-30,NMDC, EQ, 30-Sep-2020,82.75,82.95,82.95,80.9,82.1,82.25,81.86,6013313,4922.66,27474,1913204,31.82,Metals
2020-10-01,NMDC, EQ, 01-Oct-2020,82.25,83.0,83.85,82.3,82.65,82.6,83.06,3433650,2851.86,14145,1107108,32.24,Metals
2020-10-05,NMDC, EQ, 05-Oct-2020,82.6,83.45,84.1,82.65,83.6,83.5,83.39,4791043,3995.02,29558,1630345,34.03,Metals
2020-10-06,NMDC, EQ, 06-Oct-2020,83.5,83.95,84.15,82.6,82.8,83.0,83.22,2908685,2420.57,14813,1015009,34.9,Metals
2020-10-07,NMDC, EQ, 07-Oct-2020,83.0,83.0,83.4,81.6,82.3,82.1,82.63,3199838,2644.03,12886,1060159,33.13,Metals
2020-10-08,NMDC, EQ, 08-Oct-2020,82.1,82.3,85.4,81.95,82.6,82.5,83.69,11923223,9978.39,50140,3125581,26.21,Metals
2020-10-09,NMDC, EQ, 09-Oct-2020,82.5,83.05,83.9,81.35,81.65,81.55,82.23,4490512,3692.34,19149,1660045,36.97,Metals
2020-10-12,NMDC, EQ, 12-Oct-2020,81.55,81.65,82.35,80.4,80.8,80.75,81.12,3507661,2845.51,18529,1215591,34.66,Metals
2020-10-13,NMDC, EQ, 13-Oct-2020,80.75,80.4,80.7,78.9,79.15,79.25,79.6,4941979,3934.0,22487,2248231,45.49,Metals
2020-10-14,NMDC, EQ, 14-Oct-2020,79.25,78.5,81.7,77.95,79.95,79.95,80.12,12911698,10345.41,48261,2271914,17.6,Metals
2020-10-15,NMDC, EQ, 15-Oct-2020,79.95,80.0,82.5,79.9,80.6,80.75,81.26,6875016,5586.71,23951,1147849,16.7,Metals
2020-10-16,NMDC, EQ, 16-Oct-2020,80.75,81.3,83.6,80.9,82.95,83.05,82.42,5626992,4637.49,22296,1352855,24.04,Metals
2020-10-19,NMDC, EQ, 19-Oct-2020,83.05,83.6,84.8,82.65,84.55,84.55,83.91,4574283,3838.15,18270,1086442,23.75,Metals
2020-10-20,NMDC, EQ, 20-Oct-2020,84.55,84.45,85.0,82.95,83.6,83.65,83.82,4507248,3777.96,19105,1509349,33.49,Metals
2020-10-21,NMDC, EQ, 21-Oct-2020,83.65,83.65,85.65,83.5,85.2,85.25,84.81,5457621,4628.65,19535,1735521,31.8,Metals
2020-10-22,NMDC, EQ, 22-Oct-2020,85.25,84.7,87.0,83.65,86.65,86.6,85.67,4903788,4201.08,19228,2177179,44.4,Metals
2020-10-23,NMDC, EQ, 23-Oct-2020,86.6,87.2,87.2,84.4,84.75,84.85,85.49,8723634,7458.19,27825,2505373,28.72,Metals
2020-10-26,NMDC, EQ, 26-Oct-2020,84.85,84.85,84.95,82.45,83.3,83.35,83.49,3840506,3206.63,13628,736314,19.17,Metals
2020-10-27,NMDC, EQ, 27-Oct-2020,83.35,83.0,83.3,81.6,82.7,82.6,82.42,4676186,3854.15,26263,624683,13.36,Metals
2020-10-28,NMDC, EQ, 28-Oct-2020,82.6,82.6,83.05,80.4,81.0,81.1,81.8,3490562,2855.44,16702,982200,28.14,Metals
2020-10-29,NMDC, EQ, 29-Oct-2020,81.1,80.4,81.2,79.4,80.8,80.8,80.19,3216860,2579.75,14675,738816,22.97,Metals
2020-10-30,NMDC, EQ, 30-Oct-2020,80.8,81.3,83.85,80.8,82.2,82.45,82.2,6775553,5569.58,33474,2249402,33.2,Metals
2020-11-02,NMDC, EQ, 02-Nov-2020,82.45,82.7,85.3,81.8,84.1,84.15,83.93,8262396,6934.72,27401,2270009,27.47,Metals
2020-11-03,NMDC, EQ, 03-Nov-2020,84.15,85.05,86.8,85.0,85.35,85.45,85.59,7615509,6517.78,33788,2586282,33.96,Metals
2020-11-04,NMDC, EQ, 04-Nov-2020,85.45,86.3,86.5,84.25,85.15,85.35,85.15,3542348,3016.21,14188,1161977,32.8,Metals
2020-11-05,NMDC, EQ, 05-Nov-2020,85.35,85.85,90.8,85.85,90.6,90.45,88.82,14321085,12720.34,58112,4528606,31.62,Metals
2020-11-06,NMDC, EQ, 06-Nov-2020,90.45,90.6,91.0,88.55,90.9,90.4,89.91,5899257,5303.82,25016,1653293,28.03,Metals
2020-11-09,NMDC, EQ, 09-Nov-2020,90.4,91.2,93.55,90.1,93.25,93.3,92.24,10655110,9828.39,41612,3354654,31.48,Metals
2020-11-10,NMDC, EQ, 10-Nov-2020,93.3,94.0,95.4,92.5,94.2,94.0,93.75,8606290,8068.46,30001,2540946,29.52,Metals
2020-11-11,NMDC, EQ, 11-Nov-2020,94.0,92.45,92.45,88.2,90.8,90.75,90.05,22903317,20623.87,62067,6347154,27.71,Metals
2020-11-12,NMDC, EQ, 12-Nov-2020,90.75,91.5,91.9,89.8,91.1,91.05,90.95,8426212,7663.77,25797,2517459,29.88,Metals
2020-11-13,NMDC, EQ, 13-Nov-2020,91.05,90.9,93.25,90.0,92.6,92.65,91.87,7418830,6815.71,25226,2439976,32.89,Metals
2020-11-14,NMDC, EQ, 14-Nov-2020,92.65,93.25,94.25,92.55,94.05,94.0,93.8,2863659,2685.98,8631,1817333,63.46,Metals
2020-11-17,NMDC, EQ, 17-Nov-2020,94.0,94.95,97.1,93.5,96.2,96.05,95.87,16737265,16046.45,55199,6411743,38.31,Metals
2020-11-18,NMDC, EQ, 18-Nov-2020,96.05,96.0,97.95,95.0,97.8,97.6,96.56,14258541,13767.53,34628,7152132,50.16,Metals
2020-11-19,NMDC, EQ, 19-Nov-2020,97.6,97.4,99.0,95.8,96.0,96.2,97.19,15433591,14999.84,46354,8106759,52.53,Metals
2020-11-20,NMDC, EQ, 20-Nov-2020,96.2,95.65,96.5,92.65,93.3,93.45,94.1,10482940,9864.1,36218,3546007,33.83,Metals
2020-11-23,NMDC, EQ, 23-Nov-2020,93.45,94.0,94.4,92.1,93.3,93.55,93.29,5889517,5494.4,24625,1520657,25.82,Metals
2020-11-24,NMDC, EQ, 24-Nov-2020,93.55,93.6,93.9,92.15,93.4,93.3,92.88,16023674,14883.05,38420,9240165,57.67,Metals
2020-11-25,NMDC, EQ, 25-Nov-2020,93.3,93.35,95.35,92.8,93.15,93.1,93.96,9628712,9046.68,25974,3610341,37.5,Metals
2020-11-26,NMDC, EQ, 26-Nov-2020,93.1,93.5,96.65,92.85,96.45,96.35,94.92,9386153,8909.12,24830,3272465,34.86,Metals
2020-11-27,NMDC, EQ, 27-Nov-2020,96.35,96.85,98.75,95.75,96.35,96.4,97.22,12679352,12327.0,31313,4614437,36.39,Metals
2020-12-01,NMDC, EQ, 01-Dec-2020,96.4,97.0,99.95,95.9,99.3,99.25,98.53,10326940,10174.79,43277,3258271,31.55,Metals
2020-12-02,NMDC, EQ, 02-Dec-2020,99.25,100.75,104.5,100.0,103.15,103.2,102.57,25852342,26517.06,83764,5725045,22.15,Metals
2020-12-03,NMDC, EQ, 03-Dec-2020,103.2,104.9,107.15,104.0,105.45,105.75,105.21,14776647,15547.23,47152,3378714,22.87,Metals
2020-12-04,NMDC, EQ, 04-Dec-2020,105.75,106.1,107.8,103.55,106.55,106.85,106.13,12122984,12866.28,42562,3173995,26.18,Metals
2020-12-07,NMDC, EQ, 07-Dec-2020,106.85,107.95,110.75,107.3,109.3,109.35,109.45,14864208,16269.0,46685,2904405,19.54,Metals
2020-12-08,NMDC, EQ, 08-Dec-2020,109.35,109.35,110.05,106.25,108.1,107.8,108.23,7670036,8301.62,23695,1919683,25.03,Metals
2020-12-09,NMDC, EQ, 09-Dec-2020,107.8,108.45,109.35,106.8,107.05,107.05,108.06,5360673,5792.74,16291,1607591,29.99,Metals
2020-12-10,NMDC, EQ, 10-Dec-2020,107.05,107.05,108.2,104.2,107.8,107.8,106.76,5587751,5965.25,17613,1372113,24.56,Metals
2020-12-11,NMDC, EQ, 11-Dec-2020,107.8,108.25,113.75,108.1,110.95,110.85,111.79,16465085,18406.69,55363,3812562,23.16,Metals
2020-12-14,NMDC, EQ, 14-Dec-2020,110.85,112.5,117.75,112.5,116.75,116.65,115.77,27178676,31464.39,83778,8772865,32.28,Metals
2020-12-15,NMDC, EQ, 15-Dec-2020,116.65,117.15,117.7,113.0,115.05,114.95,114.51,10728101,12284.84,35222,2808995,26.18,Metals
2020-12-16,NMDC, EQ, 16-Dec-2020,114.95,117.4,120.8,113.9,114.8,114.6,117.27,27425138,32161.49,78955,7023414,25.61,Metals
2020-12-17,NMDC, EQ, 17-Dec-2020,114.6,114.6,117.9,114.4,115.65,115.6,116.19,10857331,12615.37,40631,2900380,26.71,Metals
2020-12-18,NMDC, EQ, 18-Dec-2020,115.6,115.65,116.2,113.25,115.6,115.7,114.71,8918090,10230.13,25026,2460054,27.58,Metals
2020-12-21,NMDC, EQ, 21-Dec-2020,115.7,115.6,118.3,107.1,108.45,109.05,113.56,13086905,14861.19,55739,3064239,23.41,Metals
2020-12-22,NMDC, EQ, 22-Dec-2020,109.05,109.6,112.65,107.75,111.0,111.2,110.02,14101666,15514.89,31527,6640266,47.09,Metals
2020-12-23,NMDC, EQ, 23-Dec-2020,111.2,112.2,112.5,108.75,111.5,111.65,110.68,10890107,12053.17,37753,2642569,24.27,Metals
2020-12-24,NMDC, EQ, 24-Dec-2020,111.65,112.35,115.4,109.7,113.25,113.35,112.59,14584792,16421.1,47090,3087694,21.17,Metals
2020-12-28,NMDC, EQ, 28-Dec-2020,113.35,114.2,117.0,113.4,116.25,115.95,115.68,5638283,6522.49,18200,1512712,26.83,Metals
2020-12-29,NMDC, EQ, 29-Dec-2020,115.95,116.95,117.55,113.2,113.9,113.8,114.66,7313536,8385.71,22905,2466688,33.73,Metals
2020-12-30,NMDC, EQ, 30-Dec-2020,113.8,114.7,116.9,112.7,116.55,115.9,114.32,7861589,8987.42,19193,2596854,33.03,Metals
2020-12-31,NMDC, EQ, 31-Dec-2020,115.9,117.0,117.85,114.0,114.05,114.45,115.39,16414606,18941.18,50429,5909900,36.0,Metals
2021-01-01,NMDC, EQ, 01-Jan-2021,114.45,114.9,117.0,114.6,116.3,116.35,115.81,6356019,7361.12,20970,2575155,40.52,Metals
2021-01-04,NMDC, EQ, 04-Jan-2021,116.35,118.05,123.15,117.5,123.1,122.4,121.23,20098842,24365.7,71497,4349215,21.64,Metals
2021-01-05,NMDC, EQ, 05-Jan-2021,122.4,122.35,122.4,119.45,120.95,120.95,120.83,9415603,11376.58,33646,2569376,27.29,Metals
2021-01-06,NMDC, EQ, 06-Jan-2021,120.95,122.0,126.4,121.25,123.4,123.25,124.17,19998927,24832.18,51378,3697942,18.49,Metals
2021-01-07,NMDC, EQ, 07-Jan-2021,123.25,126.0,128.7,125.3,128.3,127.95,127.31,18971512,24151.9,63743,3970902,20.93,Metals
2021-01-08,NMDC, EQ, 08-Jan-2021,127.95,129.5,129.5,125.0,125.65,125.5,126.91,11402276,14470.4,32814,3259646,28.59,Metals
2021-01-11,NMDC, EQ, 11-Jan-2021,125.5,126.2,130.2,123.6,127.9,128.8,126.27,13216052,16687.63,103262,4809461,36.39,Metals
2021-01-12,NMDC, EQ, 12-Jan-2021,128.8,128.3,130.5,126.85,127.4,127.45,128.41,8516515,10935.74,26928,1654499,19.43,Metals
2021-01-13,NMDC, EQ, 13-Jan-2021,127.45,128.35,128.9,123.85,125.4,126.1,126.62,8442641,10690.22,33734,2119565,25.11,Metals
2021-01-14,NMDC, EQ, 14-Jan-2021,126.1,126.1,126.65,124.55,125.55,125.45,125.45,5095214,6392.19,14165,2117347,41.56,Metals
2021-01-15,NMDC, EQ, 15-Jan-2021,125.45,125.3,126.6,121.05,121.5,121.75,123.44,8860580,10937.69,36377,2915076,32.9,Metals
2021-01-18,NMDC, EQ, 18-Jan-2021,121.75,122.05,122.4,115.45,115.6,116.35,117.57,10866099,12775.11,46190,3586693,33.01,Metals
2021-01-19,NMDC, EQ, 19-Jan-2021,116.35,116.75,121.4,116.75,120.8,120.75,119.39,7496253,8949.75,25674,1751915,23.37,Metals
2021-01-20,NMDC, EQ, 20-Jan-2021,120.75,120.95,122.35,119.65,121.05,121.25,121.05,7394160,8950.96,28782,2310848,31.25,Metals
2021-01-21,NMDC, EQ, 21-Jan-2021,121.25,121.1,122.0,116.35,117.15,117.2,119.1,8130656,9683.49,28309,2148166,26.42,Metals
2021-01-22,NMDC, EQ, 22-Jan-2021,117.2,117.0,117.8,111.2,112.0,111.9,114.33,9077856,10379.12,37626,2518827,27.75,Metals
2021-01-25,NMDC, EQ, 25-Jan-2021,111.9,112.95,113.1,107.6,110.45,110.1,109.67,9389203,10297.52,32171,3089466,32.9,Metals
2021-01-27,NMDC, EQ, 27-Jan-2021,110.1,109.3,111.2,106.1,106.65,106.8,108.5,6122232,6642.8,27844,1640625,26.8,Metals
2021-01-28,NMDC, EQ, 28-Jan-2021,106.8,105.0,108.35,104.25,106.6,106.85,106.65,6983018,7447.3,21219,2047569,29.32,Metals
2021-01-29,NMDC, EQ, 29-Jan-2021,106.85,108.0,108.6,104.55,105.15,105.2,107.07,6829931,7313.13,18601,2463047,36.06,Metals
2021-02-01,NMDC, EQ, 01-Feb-2021,105.2,106.15,110.4,103.65,109.3,108.85,106.64,13683900,14592.43,43393,5046278,36.88,Metals
2021-02-02,NMDC, EQ, 02-Feb-2021,108.85,110.55,113.1,108.25,110.95,110.8,110.65,10784634,11933.0,40906,2823961,26.19,Metals
2021-02-03,NMDC, EQ, 03-Feb-2021,110.8,111.15,112.8,110.0,110.45,110.55,111.32,9386887,10449.65,27043,3421069,36.45,Metals
2021-02-04,NMDC, EQ, 04-Feb-2021,110.55,110.9,117.4,110.2,117.05,116.55,114.73,13790478,15821.99,51746,3910741,28.36,Metals
2021-02-05,NMDC, EQ, 05-Feb-2021,116.55,117.15,118.0,114.1,116.15,116.05,116.21,9067469,10537.48,34559,2058799,22.71,Metals
2021-02-08,NMDC, EQ, 08-Feb-2021,116.05,116.0,119.75,115.0,117.55,117.75,117.36,12388909,14539.35,38773,2910616,23.49,Metals
2021-02-09,NMDC, EQ, 09-Feb-2021,117.75,123.55,123.55,115.55,116.7,116.75,118.89,29284841,34815.9,122302,6318312,21.58,Metals
2021-02-10,NMDC, EQ, 10-Feb-2021,116.75,117.9,118.5,115.75,117.45,117.1,117.11,7087466,8299.83,25927,1382539,19.51,Metals
2021-02-11,NMDC, EQ, 11-Feb-2021,117.1,116.0,116.0,111.0,113.65,113.4,113.17,13605230,15396.94,66510,3108259,22.85,Metals
2021-02-12,NMDC, EQ, 12-Feb-2021,113.4,114.0,114.4,111.8,112.35,112.4,113.18,5456672,6175.75,19732,1210341,22.18,Metals
2021-02-15,NMDC, EQ, 15-Feb-2021,112.4,112.5,113.4,111.55,112.1,112.1,112.37,4950121,5562.54,18097,1510336,30.51,Metals
2021-02-16,NMDC, EQ, 16-Feb-2021,112.1,113.25,117.3,113.2,115.65,115.5,115.72,15826952,18314.4,60573,3864799,24.42,Metals
2021-02-17,NMDC, EQ, 17-Feb-2021,115.5,115.75,117.25,114.45,116.0,116.5,115.95,6996935,8112.92,28011,2015317,28.8,Metals
2021-02-18,NMDC, EQ, 18-Feb-2021,116.5,116.5,120.75,116.2,119.75,120.0,118.95,12513804,14885.75,46864,4362206,34.86,Metals
2021-02-19,NMDC, EQ, 19-Feb-2021,120.0,122.45,123.4,116.1,117.6,117.95,120.56,27892770,33627.64,120849,6523277,23.39,Metals
2021-02-22,NMDC, EQ, 22-Feb-2021,117.95,119.0,121.4,117.4,119.4,120.0,120.0,15388617,18465.91,63302,2969191,19.29,Metals
2021-02-23,NMDC, EQ, 23-Feb-2021,120.0,120.7,125.5,120.2,123.4,122.85,123.62,21475807,26548.28,87737,4893185,22.78,Metals
2021-02-24,NMDC, EQ, 24-Feb-2021,122.85,124.15,125.8,123.1,123.6,123.75,124.41,7366055,9164.47,30453,2486283,33.75,Metals
2021-02-25,NMDC, EQ, 25-Feb-2021,123.75,124.45,129.15,124.2,127.8,128.0,127.12,17691593,22490.43,56250,6549757,37.02,Metals
2021-02-26,NMDC, EQ, 26-Feb-2021,128.0,126.9,131.4,124.4,126.05,127.0,128.32,18775596,24092.11,79460,4132572,22.01,Metals
2021-03-01,NMDC, EQ, 01-Mar-2021,127.0,129.3,132.25,127.7,131.65,131.55,130.94,18238353,23880.7,70542,4633626,25.41,Metals
2021-03-02,NMDC, EQ, 02-Mar-2021,131.55,134.2,134.85,131.6,133.55,133.85,133.2,16681767,22220.91,65196,5121308,30.7,Metals
2021-03-03,NMDC, EQ, 03-Mar-2021,133.85,134.6,137.45,134.35,136.45,136.5,136.21,12134300,16527.62,48159,4070416,33.54,Metals
2021-03-04,NMDC, EQ, 04-Mar-2021,136.5,135.0,139.6,133.6,137.4,137.55,137.1,17266395,23671.69,53892,6044310,35.01,Metals
2021-03-05,NMDC, EQ, 05-Mar-2021,137.55,137.45,137.45,130.75,133.65,132.9,133.92,12183695,16315.94,47123,5105690,41.91,Metals
2021-03-08,NMDC, EQ, 08-Mar-2021,132.9,137.6,139.9,136.15,138.25,138.25,138.28,13296722,18386.63,52777,3730855,28.06,Metals
2021-03-09,NMDC, EQ, 09-Mar-2021,138.25,139.35,139.65,128.5,132.0,131.55,132.68,14633341,19414.96,63413,4242181,28.99,Metals
2021-03-10,NMDC, EQ, 10-Mar-2021,131.55,133.2,133.45,130.1,132.7,132.55,131.66,10076183,13266.48,39270,3224031,32.0,Metals
2021-03-12,NMDC, EQ, 12-Mar-2021,132.55,138.5,138.75,132.05,134.25,134.1,134.57,23322792,31384.85,96690,9775145,41.91,Metals
2021-03-15,NMDC, EQ, 15-Mar-2021,134.1,135.2,136.45,132.0,135.85,135.85,134.02,13966004,18716.58,49373,5765675,41.28,Metals
2021-03-16,NMDC, EQ, 16-Mar-2021,135.85,136.4,137.5,134.3,136.2,136.15,135.82,8053461,10938.43,30712,2872834,35.67,Metals
2021-03-17,NMDC, EQ, 17-Mar-2021,136.15,136.65,136.65,132.65,133.15,133.05,134.47,9254642,12444.56,37427,3591146,38.8,Metals
2021-03-18,NMDC, EQ, 18-Mar-2021,133.05,134.3,135.8,130.4,133.2,132.25,133.39,8380615,11178.52,30203,2766415,33.01,Metals
2021-03-19,NMDC, EQ, 19-Mar-2021,132.25,131.65,133.8,126.7,133.45,133.35,131.06,16511844,21640.98,52209,6396007,38.74,Metals
2021-03-22,NMDC, EQ, 22-Mar-2021,133.35,127.65,129.35,126.25,128.4,128.2,127.88,12364505,15812.25,51522,3698344,29.91,Metals
2021-03-23,NMDC, EQ, 23-Mar-2021,128.2,128.8,133.0,128.0,132.1,131.95,130.72,11918565,15580.37,37595,3869775,32.47,Metals
2021-03-24,NMDC, EQ, 24-Mar-2021,131.95,131.0,132.15,126.25,127.0,126.95,129.53,9375051,12143.24,27865,4300579,45.87,Metals
2021-03-25,NMDC, EQ, 25-Mar-2021,126.95,126.95,128.5,122.0,124.5,124.05,124.95,11022213,13772.33,31756,3923926,35.6,Metals
2021-03-26,NMDC, EQ, 26-Mar-2021,124.05,125.45,128.8,125.45,126.95,126.75,127.02,10675622,13559.98,27488,3397183,31.82,Metals
2021-03-30,NMDC, EQ, 30-Mar-2021,126.75,128.45,133.85,127.7,133.45,132.55,131.67,19986524,26316.85,52760,10266356,51.37,Metals
2021-03-31,NMDC, EQ, 31-Mar-2021,132.55,132.8,137.4,132.15,135.25,135.35,135.84,13889913,18867.58,55790,5059458,36.43,Metals
2021-04-01,NMDC, EQ, 01-Apr-2021,135.35,136.1,139.2,135.75,138.1,138.45,137.84,9626748,13269.8,40659,3553980,36.92,Metals
2021-04-05,NMDC, EQ, 05-Apr-2021,138.45,139.0,143.55,136.05,140.85,140.95,140.12,17943600,25142.82,73908,5277208,29.41,Metals
2021-04-06,NMDC, EQ, 06-Apr-2021,140.95,142.0,142.9,138.1,139.0,139.15,140.13,7192045,10078.29,29355,1975055,27.46,Metals
2021-04-07,NMDC, EQ, 07-Apr-2021,139.15,139.0,141.65,139.0,139.4,139.6,140.16,6476213,9077.09,22875,2563513,39.58,Metals
2021-04-08,NMDC, EQ, 08-Apr-2021,139.6,140.0,145.75,140.0,144.25,144.2,143.35,20237709,29011.08,65335,9161173,45.27,Metals
2021-04-09,NMDC, EQ, 09-Apr-2021,144.2,144.95,146.2,142.65,145.6,145.25,144.57,10099542,14601.37,38824,2908999,28.8,Metals
2021-04-12,NMDC, EQ, 12-Apr-2021,145.25,142.0,142.0,133.25,134.3,134.25,137.19,11342053,15560.4,47980,3903657,34.42,Metals
2021-04-13,NMDC, EQ, 13-Apr-2021,134.25,135.2,139.0,133.15,138.0,138.4,136.18,8403211,11443.33,26244,2729102,32.48,Metals
2021-04-15,NMDC, EQ, 15-Apr-2021,138.4,140.1,142.85,138.15,140.95,141.3,140.6,12210358,17167.67,40129,4408241,36.1,Metals
2021-04-16,NMDC, EQ, 16-Apr-2021,141.3,142.6,145.3,142.0,142.25,142.5,143.82,9276347,13341.07,34617,2827379,30.48,Metals
2021-04-19,NMDC, EQ, 19-Apr-2021,142.5,138.5,140.25,136.15,137.85,137.9,138.24,6234272,8618.19,22962,1975579,31.69,Metals
2021-04-20,NMDC, EQ, 20-Apr-2021,137.9,139.0,140.9,136.5,137.2,137.6,138.97,6705050,9318.16,33028,1755590,26.18,Metals
2021-04-22,NMDC, EQ, 22-Apr-2021,137.6,137.0,141.5,137.0,141.0,141.05,139.8,6648616,9294.46,23522,1723896,25.93,Metals
2021-04-23,NMDC, EQ, 23-Apr-2021,141.05,140.0,143.05,137.6,138.4,138.65,140.48,5326842,7482.98,26374,1113244,20.9,Metals
2021-04-26,NMDC, EQ, 26-Apr-2021,138.65,140.25,143.5,139.25,142.25,142.65,142.21,8949266,12726.82,33458,2453073,27.41,Metals
2021-04-27,NMDC, EQ, 27-Apr-2021,142.65,143.45,147.8,142.65,146.8,146.45,146.06,10850943,15848.59,46432,3071627,28.31,Metals
2021-04-28,NMDC, EQ, 28-Apr-2021,146.45,147.65,148.7,145.35,146.9,147.55,147.2,7948529,11700.53,42465,2015324,25.35,Metals
2021-04-29,NMDC, EQ, 29-Apr-2021,147.55,149.4,154.6,148.25,154.3,154.0,151.28,18121702,27414.38,86161,5007689,27.63,Metals
2021-04-30,NMDC, EQ, 30-Apr-2021,154.0,154.0,158.7,152.75,155.05,155.75,156.27,16674400,26056.68,73107,4593986,27.55,Metals
2021-05-03,NMDC, EQ, 03-May-2021,155.75,152.0,159.65,151.3,159.3,159.0,156.57,14432856,22597.7,61659,3396816,23.54,Metals
2021-05-04,NMDC, EQ, 04-May-2021,159.0,160.6,164.15,157.25,157.75,157.7,160.81,13034374,20960.65,61699,3247159,24.91,Metals
2021-05-05,NMDC, EQ, 05-May-2021,157.7,160.9,168.2,160.25,168.2,167.35,165.38,23596828,39023.67,116167,4769201,20.21,Metals
2021-05-06,NMDC, EQ, 06-May-2021,167.35,169.75,171.95,167.5,170.5,170.4,169.88,15314889,26016.5,73419,3425067,22.36,Metals
2021-05-07,NMDC, EQ, 07-May-2021,170.4,172.45,192.8,171.6,184.15,184.75,180.44,45244531,81641.24,167670,8784808,19.42,Metals
2021-05-10,NMDC, EQ, 10-May-2021,184.75,190.0,202.7,189.0,202.55,200.0,197.49,55317250,109246.75,274211,11070090,20.01,Metals
2021-05-11,NMDC, EQ, 11-May-2021,200.0,195.0,198.9,188.2,195.65,196.95,195.64,29623335,57955.91,145402,6128095,20.69,Metals
2021-05-12,NMDC, EQ, 12-May-2021,196.95,201.05,213.2,197.8,202.9,202.95,205.69,65379145,134478.4,306879,9753388,14.92,Metals
2021-05-14,NMDC, EQ, 14-May-2021,202.95,203.8,203.8,182.7,185.35,185.75,189.18,53001695,100270.65,253283,9881994,18.64,Metals
2021-05-17,NMDC, EQ, 17-May-2021,185.75,186.25,188.3,179.05,188.25,186.6,184.12,31913099,58757.8,154613,3999325,12.53,Metals
2021-05-18,NMDC, EQ, 18-May-2021,186.6,192.0,194.55,185.0,188.5,187.6,190.29,28417099,54073.95,135538,5496892,19.34,Metals
2021-05-19,NMDC, EQ, 19-May-2021,187.6,184.9,192.0,183.2,184.2,184.35,186.78,23234082,43396.38,104187,6894949,29.68,Metals
2021-05-20,NMDC, EQ, 20-May-2021,184.35,180.0,183.7,176.7,178.45,178.7,179.91,19475577,35038.2,85488,4745661,24.37,Metals
2021-05-21,NMDC, EQ, 21-May-2021,178.7,180.0,180.9,175.05,175.9,176.2,177.48,13545641,24041.07,60864,3510699,25.92,Metals
2021-05-24,NMDC, EQ, 24-May-2021,176.2,173.0,184.0,171.5,182.7,182.85,178.82,23212079,41506.92,98605,3710897,15.99,Metals
2021-05-25,NMDC, EQ, 25-May-2021,182.85,184.0,185.75,180.4,181.6,181.65,183.28,13922634,25517.16,56288,2623404,18.84,Metals
2021-05-26,NMDC, EQ, 26-May-2021,181.65,180.95,181.3,176.4,177.0,177.1,178.35,10649729,18993.36,50420,2115491,19.86,Metals
2021-05-27,NMDC, EQ, 27-May-2021,177.1,177.8,181.9,175.9,179.15,178.55,178.65,13258148,23685.45,48865,3483860,26.28,Metals
2021-05-28,NMDC, EQ, 28-May-2021,178.55,182.1,186.8,178.4,179.35,179.25,181.94,14922892,27149.98,66597,2605901,17.46,Metals
2021-05-31,NMDC, EQ, 31-May-2021,179.25,180.0,182.8,177.65,182.5,182.15,181.17,8633392,15641.34,40415,1614176,18.7,Metals
2021-06-01,NMDC, EQ, 01-Jun-2021,182.15,183.25,183.55,178.7,181.4,181.4,180.67,7241797,13083.78,31145,2187421,30.21,Metals
2021-06-02,NMDC, EQ, 02-Jun-2021,181.4,182.55,185.4,181.5,183.45,183.3,183.37,11409240,20921.39,48185,2662077,23.33,Metals
2021-06-03,NMDC, EQ, 03-Jun-2021,183.3,185.0,187.9,184.0,185.65,185.6,185.84,10524329,19558.88,45815,2665653,25.33,Metals
2021-06-04,NMDC, EQ, 04-Jun-2021,185.6,184.35,193.95,182.65,192.95,193.3,189.34,20663361,39124.33,83196,5059886,24.49,Metals
2021-06-07,NMDC, EQ, 07-Jun-2021,193.3,195.2,195.2,181.35,182.0,182.3,187.4,29156239,54639.57,138116,10357029,35.52,Metals
2021-06-08,NMDC, EQ, 08-Jun-2021,182.3,183.55,184.25,177.5,178.05,178.2,179.64,21329494,38315.29,111405,6143100,28.8,Metals
2021-06-09,NMDC, EQ, 09-Jun-2021,178.2,179.5,182.6,176.4,179.0,179.4,180.12,17864976,32178.18,75899,3928890,21.99,Metals
2021-06-10,NMDC, EQ, 10-Jun-2021,179.4,181.1,185.3,178.15,179.7,179.45,181.3,23692065,42953.43,97722,4548383,19.2,Metals
2021-06-11,NMDC, EQ, 11-Jun-2021,179.45,181.55,184.95,179.15,184.2,183.9,182.8,19327744,35330.59,80748,4586234,23.73,Metals
2021-06-14,NMDC, EQ, 14-Jun-2021,183.9,183.9,187.0,180.75,186.0,185.8,185.0,17591259,32544.29,77011,4099619,23.3,Metals
2021-06-15,NMDC, EQ, 15-Jun-2021,185.8,186.0,187.2,180.05,180.6,180.9,183.14,20234758,37057.2,83919,5537027,27.36,Metals
2021-06-16,NMDC, EQ, 16-Jun-2021,180.9,180.9,184.1,178.3,178.8,178.8,180.7,13943199,25195.3,57212,3565091,25.57,Metals
2021-06-17,NMDC, EQ, 17-Jun-2021,178.8,177.5,180.5,176.2,180.2,179.8,179.06,11746450,21032.64,58621,4057698,34.54,Metals
2021-06-18,NMDC, EQ, 18-Jun-2021,179.8,180.55,181.5,171.6,178.35,178.2,176.56,12721080,22459.92,56150,3273497,25.73,Metals
2021-06-21,NMDC, EQ, 21-Jun-2021,178.2,175.0,185.7,173.8,185.6,184.85,181.05,14565370,26370.1,68659,3672579,25.21,Metals
2021-06-22,NMDC, EQ, 22-Jun-2021,184.85,187.05,187.7,184.4,185.45,185.4,185.94,15071048,28022.87,74074,3624701,24.05,Metals
2021-06-23,NMDC, EQ, 23-Jun-2021,185.4,188.5,189.0,178.05,179.15,178.8,182.58,38483641,70264.67,172209,9978537,25.93,Metals
2021-06-24,NMDC, EQ, 24-Jun-2021,178.8,179.7,179.7,174.1,176.05,175.6,176.17,18092652,31873.38,93997,5591743,30.91,Metals
2021-06-25,NMDC, EQ, 25-Jun-2021,175.6,177.25,180.2,176.55,177.65,177.75,178.29,11222739,20009.31,51706,3218595,28.68,Metals
2021-06-28,NMDC, EQ, 28-Jun-2021,177.75,179.3,184.95,178.8,182.0,182.1,182.82,26011423,47555.37,105724,10047533,38.63,Metals
2021-06-29,NMDC, EQ, 29-Jun-2021,182.1,182.1,184.6,180.65,181.95,181.55,182.69,20225772,36950.34,67477,9795416,48.43,Metals
2021-06-30,NMDC, EQ, 30-Jun-2021,181.55,183.2,186.9,182.25,184.25,184.1,184.97,18420079,34071.71,78532,6252049,33.94,Metals
2021-07-01,NMDC, EQ, 01-Jul-2021,184.1,184.5,185.45,182.95,185.0,184.45,184.55,9535688,17597.71,44799,3950135,41.42,Metals
2021-07-02,NMDC, EQ, 02-Jul-2021,184.45,186.5,186.5,181.55,182.9,182.95,183.66,10022561,18407.47,55635,2897290,28.91,Metals
2021-07-05,NMDC, EQ, 05-Jul-2021,182.95,183.95,184.35,174.8,175.0,175.25,177.55,25354321,45016.14,110467,10047693,39.63,Metals
2021-07-06,NMDC, EQ, 06-Jul-2021,175.25,171.3,175.5,168.25,168.45,169.45,171.59,66406347,113944.78,156459,27288408,41.09,Metals
2021-07-07,NMDC, EQ, 07-Jul-2021,169.45,166.0,168.6,166.0,168.55,168.25,167.36,54716097,91573.24,120812,32825546,59.99,Metals
2021-07-08,NMDC, EQ, 08-Jul-2021,168.25,168.05,169.85,166.15,167.15,167.1,168.39,31976361,53846.24,71649,17689229,55.32,Metals
2021-07-09,NMDC, EQ, 09-Jul-2021,167.1,167.45,168.0,165.65,167.35,167.55,167.37,18176720,30422.03,63792,8957419,49.28,Metals
2021-07-12,NMDC, EQ, 12-Jul-2021,167.55,168.0,168.6,165.25,165.55,165.65,167.22,16944426,28333.63,55961,11158282,65.85,Metals
2021-07-13,NMDC, EQ, 13-Jul-2021,165.65,167.0,174.7,165.7,174.3,171.8,170.67,36047460,61520.79,79595,18529477,51.4,Metals
2021-07-14,NMDC, EQ, 14-Jul-2021,171.8,176.0,177.0,171.3,171.7,172.05,174.08,38504197,67029.11,135637,16471372,42.78,Metals
2021-07-15,NMDC, EQ, 15-Jul-2021,172.05,172.8,173.45,171.55,173.2,172.65,172.72,10462808,18071.23,50833,6127651,58.57,Metals
2021-07-16,NMDC, EQ, 16-Jul-2021,172.65,173.2,179.75,172.1,178.3,178.7,177.1,44051841,78017.97,139065,23077440,52.39,Metals
2021-07-19,NMDC, EQ, 19-Jul-2021,178.7,176.9,179.25,172.5,175.15,174.85,176.36,16371993,28873.59,60295,6843274,41.8,Metals
2021-07-20,NMDC, EQ, 20-Jul-2021,174.85,175.15,175.25,170.25,171.45,171.55,172.1,10257006,17651.87,49694,3966647,38.67,Metals
2021-07-22,NMDC, EQ, 22-Jul-2021,171.55,174.45,176.5,171.1,176.3,175.6,173.81,15038858,26138.84,49889,6257019,41.61,Metals
2021-07-23,NMDC, EQ, 23-Jul-2021,175.6,177.0,179.1,172.65,173.9,173.5,175.84,48051196,84495.53,97645,24514646,51.02,Metals
2021-07-26,NMDC, EQ, 26-Jul-2021,173.5,173.6,176.4,172.55,174.7,174.8,175.07,14408458,25225.26,37698,5993991,41.6,Metals
2021-07-27,NMDC, EQ, 27-Jul-2021,174.8,175.4,177.6,173.7,174.0,174.55,175.63,14964268,26281.24,43683,7431148,49.66,Metals
2021-07-28,NMDC, EQ, 28-Jul-2021,174.55,174.9,175.95,171.35,173.95,174.2,173.64,13690549,23771.65,35621,7169827,52.37,Metals
2021-07-29,NMDC, EQ, 29-Jul-2021,174.2,175.3,184.8,174.4,182.4,182.75,180.75,42443883,76716.53,172835,18655152,43.95,Metals
2021-07-30,NMDC, EQ, 30-Jul-2021,182.75,182.8,186.5,180.6,181.2,181.2,182.94,23398157,42804.95,92599,8039178,34.36,Metals
2021-08-02,NMDC, EQ, 02-Aug-2021,181.2,182.35,183.5,177.15,180.0,180.15,180.61,16329970,29493.98,67563,6277891,38.44,Metals
2021-08-03,NMDC, EQ, 03-Aug-2021,180.15,180.15,182.8,178.0,181.15,181.15,180.36,10832085,19537.09,49633,3193295,29.48,Metals
2021-08-04,NMDC, EQ, 04-Aug-2021,181.15,181.45,184.25,178.5,179.0,179.2,181.09,11180045,20246.0,55257,2825936,25.28,Metals
2021-08-05,NMDC, EQ, 05-Aug-2021,179.2,178.4,181.0,174.45,179.95,180.05,177.58,14268611,25338.39,66622,3520363,24.67,Metals
2021-08-06,NMDC, EQ, 06-Aug-2021,180.05,180.5,181.8,177.95,178.4,178.35,179.8,9815661,17648.21,40985,2854778,29.08,Metals
2021-08-09,NMDC, EQ, 09-Aug-2021,178.35,179.4,179.4,173.55,174.8,174.45,176.55,9807826,17316.13,41562,3487423,35.56,Metals
2021-08-10,NMDC, EQ, 10-Aug-2021,174.45,174.5,175.4,167.05,168.0,168.4,170.68,10010560,17086.42,60054,3468056,34.64,Metals
2021-08-11,NMDC, EQ, 11-Aug-2021,168.4,169.5,172.8,166.95,171.4,171.8,170.31,13635608,23222.53,56920,4196007,30.77,Metals
2021-08-12,NMDC, EQ, 12-Aug-2021,171.8,172.75,175.0,170.25,174.25,173.45,172.65,9256188,15981.09,39242,2853802,30.83,Metals
2021-08-13,NMDC, EQ, 13-Aug-2021,173.45,175.0,175.0,169.0,171.25,171.75,171.92,18564254,31915.07,75272,4435169,23.89,Metals
2021-08-16,NMDC, EQ, 16-Aug-2021,171.75,171.0,175.45,170.15,172.25,172.4,172.94,10185374,17614.65,40439,3307065,32.47,Metals
2021-08-17,NMDC, EQ, 17-Aug-2021,172.4,172.0,173.2,166.0,167.2,167.5,168.68,13589981,22923.17,63183,4630791,34.08,Metals
2021-08-18,NMDC, EQ, 18-Aug-2021,167.5,168.2,168.5,165.8,166.45,166.95,167.09,8443554,14108.53,41517,2614449,30.96,Metals
2021-08-20,NMDC, EQ, 20-Aug-2021,166.95,161.85,161.85,150.3,150.35,151.0,155.43,29132391,45279.39,162270,9688306,33.26,Metals
2021-08-23,NMDC, EQ, 23-Aug-2021,151.0,152.6,154.7,145.25,146.8,146.8,149.46,14983019,22393.05,65895,5056577,33.75,Metals
2021-08-24,NMDC, EQ, 24-Aug-2021,146.8,149.0,155.4,148.3,155.2,154.75,152.51,14609609,22280.41,66148,4789881,32.79,Metals
2021-08-25,NMDC, EQ, 25-Aug-2021,154.75,156.9,157.9,153.55,156.0,156.25,155.99,11989428,18702.62,57626,4478360,37.35,Metals
2021-08-26,NMDC, EQ, 26-Aug-2021,156.25,155.25,157.45,147.9,148.85,148.55,151.27,43757434,66192.01,112596,28487813,65.1,Metals
2021-08-27,NMDC, EQ, 27-Aug-2021,148.55,150.5,155.0,150.25,152.6,152.2,153.07,30427758,46574.54,76934,14763753,48.52,Metals
2021-08-30,NMDC, EQ, 30-Aug-2021,152.2,154.0,156.0,153.6,155.55,155.55,155.11,14597197,22641.94,37427,8002474,54.82,Metals
2021-08-31,NMDC, EQ, 31-Aug-2021,155.55,156.0,156.75,153.0,154.05,154.05,154.74,12714721,19674.45,39342,6075058,47.78,Metals
2021-09-01,NMDC, EQ, 01-Sep-2021,154.05,154.0,154.0,150.0,152.4,152.2,151.47,13022242,19725.31,57365,4232566,32.5,Metals
2021-09-02,NMDC, EQ, 02-Sep-2021,152.2,151.9,154.25,151.05,153.7,153.3,152.93,8038319,12292.77,29222,3054375,38.0,Metals
2021-09-03,NMDC, EQ, 03-Sep-2021,153.3,152.8,156.75,152.8,154.55,154.6,154.83,9312192,14418.29,36970,3346426,35.94,Metals
2021-09-06,NMDC, EQ, 06-Sep-2021,154.6,154.0,155.9,151.3,153.5,153.65,153.32,11129362,17064.0,51964,3304479,29.69,Metals
2021-09-07,NMDC, EQ, 07-Sep-2021,153.65,153.5,154.7,151.0,151.4,151.35,152.25,7429559,11311.22,34556,2147482,28.9,Metals
2021-09-08,NMDC, EQ, 08-Sep-2021,151.35,152.4,152.9,150.95,152.5,152.25,152.12,5531744,8414.9,29071,2215742,40.06,Metals
2021-09-09,NMDC, EQ, 09-Sep-2021,152.25,152.0,153.3,151.3,151.95,152.0,152.18,5629258,8566.6,26901,2232059,39.65,Metals
2021-09-13,NMDC, EQ, 13-Sep-2021,152.0,152.0,152.65,150.2,151.6,151.55,151.2,5501523,8318.31,28118,2156995,39.21,Metals
2021-09-14,NMDC, EQ, 14-Sep-2021,151.55,152.1,153.7,151.1,151.95,151.9,152.06,7857856,11948.31,35240,3371919,42.91,Metals
2021-09-15,NMDC, EQ, 15-Sep-2021,151.9,152.1,154.5,151.6,154.25,154.25,153.05,7901117,12093.04,37868,3637439,46.04,Metals
2021-09-16,NMDC, EQ, 16-Sep-2021,154.25,154.0,154.7,151.7,152.15,152.1,152.84,6898371,10543.72,36073,3570744,51.76,Metals
2021-09-17,NMDC, EQ, 17-Sep-2021,152.1,152.0,152.1,146.05,147.95,147.4,147.84,20729611,30646.5,90358,11412647,55.05,Metals
2021-09-20,NMDC, EQ, 20-Sep-2021,147.4,143.2,143.2,135.0,135.1,136.0,139.42,22877537,31895.51,129203,9772702,42.72,Metals
2021-09-21,NMDC, EQ, 21-Sep-2021,136.0,136.0,138.75,133.55,138.25,138.1,136.56,15301311,20894.93,70335,5309473,34.7,Metals
2021-09-22,NMDC, EQ, 22-Sep-2021,138.1,139.0,145.7,137.35,144.65,144.6,142.0,20171139,28642.13,94024,7121756,35.31,Metals
2021-09-23,NMDC, EQ, 23-Sep-2021,144.6,146.75,146.75,142.0,142.85,142.9,143.94,10725591,15438.81,58715,3675417,34.27,Metals
2021-09-24,NMDC, EQ, 24-Sep-2021,142.9,143.6,145.05,139.3,139.85,140.0,141.63,10274492,14551.4,55790,2599250,25.3,Metals
2021-09-27,NMDC, EQ, 27-Sep-2021,140.0,140.95,141.35,138.6,139.45,139.85,139.95,7831476,10960.29,39426,2828600,36.12,Metals
2021-09-28,NMDC, EQ, 28-Sep-2021,139.85,140.05,142.9,139.15,140.55,140.5,140.86,9755704,13741.47,52465,4041925,41.43,Metals
2021-09-29,NMDC, EQ, 29-Sep-2021,140.5,139.05,144.85,139.05,143.0,142.9,142.39,13337719,18992.23,66034,5074298,38.04,Metals
2021-09-30,NMDC, EQ, 30-Sep-2021,142.9,145.25,148.4,142.65,143.0,143.0,144.81,18633153,26983.09,98531,5066862,27.19,Metals
2021-10-01,NMDC, EQ, 01-Oct-2021,143.0,142.3,145.4,140.95,143.8,143.65,143.62,11422428,16405.14,53901,3796399,33.24,Metals
2021-10-04,NMDC, EQ, 04-Oct-2021,143.65,144.8,148.7,143.1,148.4,148.4,146.18,15790438,23083.11,71972,6052744,38.33,Metals
2021-10-05,NMDC, EQ, 05-Oct-2021,148.4,148.0,149.55,146.1,146.4,146.65,147.56,16333090,24101.0,73577,6256060,38.3,Metals
2021-10-06,NMDC, EQ, 06-Oct-2021,146.65,147.5,148.85,142.8,143.0,143.35,145.61,10206727,14862.22,46327,4450391,43.6,Metals
2021-10-07,NMDC, EQ, 07-Oct-2021,143.35,144.85,146.15,143.45,144.55,144.35,144.62,7219473,10440.86,29733,3228012,44.71,Metals
2021-10-08,NMDC, EQ, 08-Oct-2021,144.35,145.45,149.05,144.35,145.2,145.6,146.2,9488844,13873.01,43946,3073413,32.39,Metals
2021-10-11,NMDC, EQ, 11-Oct-2021,145.6,146.4,154.0,146.0,154.0,153.05,150.87,27537045,41546.24,121352,11106430,40.33,Metals
2021-10-12,NMDC, EQ, 12-Oct-2021,153.05,154.8,154.8,149.3,152.0,151.6,151.72,17011149,25808.61,87430,5608746,32.97,Metals
2021-10-13,NMDC, EQ, 13-Oct-2021,151.6,151.6,155.0,150.4,151.6,151.6,152.94,15148397,23167.75,66895,6336547,41.83,Metals
2021-10-14,NMDC, EQ, 14-Oct-2021,151.6,152.8,154.4,152.3,153.25,153.55,153.38,9832276,15081.16,50861,4531275,46.09,Metals
2021-10-18,NMDC, EQ, 18-Oct-2021,153.55,155.6,159.6,155.25,157.55,157.55,157.58,23800882,37505.32,105994,8157498,34.27,Metals
2021-10-19,NMDC, EQ, 19-Oct-2021,157.55,158.95,158.95,151.5,152.3,152.35,155.23,14926631,23170.89,57374,5219732,34.97,Metals
2021-10-20,NMDC, EQ, 20-Oct-2021,152.35,152.5,152.85,148.15,149.4,149.15,149.94,12128714,18185.41,67869,4861484,40.08,Metals
2021-10-21,NMDC, EQ, 21-Oct-2021,149.15,150.0,150.3,144.2,146.15,145.95,146.86,14743150,21652.5,61194,6977967,47.33,Metals
2021-10-22,NMDC, EQ, 22-Oct-2021,145.95,146.6,147.0,141.0,142.25,142.5,143.42,9951415,14272.25,59187,4017796,40.37,Metals
2021-10-25,NMDC, EQ, 25-Oct-2021,142.5,143.0,143.95,138.8,140.0,140.5,141.27,8351888,11798.95,55308,2852246,34.15,Metals
2021-10-26,NMDC, EQ, 26-Oct-2021,140.5,140.8,143.3,139.75,142.95,142.55,141.38,10074890,14243.94,53235,4756322,47.21,Metals
2021-10-27,NMDC, EQ, 27-Oct-2021,142.55,143.0,143.95,140.0,140.4,140.3,141.95,9398554,13341.55,41476,3875599,41.24,Metals
2021-10-28,NMDC, EQ, 28-Oct-2021,140.3,140.3,142.25,133.1,134.9,134.55,137.96,27413882,37820.55,79283,17528737,63.94,Metals
2021-10-29,NMDC, EQ, 29-Oct-2021,134.55,133.7,144.8,133.6,142.95,143.15,141.62,38951500,55161.94,129510,16105473,41.35,Metals
2021-11-01,NMDC, EQ, 01-Nov-2021,143.15,144.0,146.65,143.4,145.8,145.65,145.1,13789878,20008.87,58433,5214317,37.81,Metals
2021-11-02,NMDC, EQ, 02-Nov-2021,145.65,145.5,145.5,141.6,142.1,141.85,142.55,11077501,15791.07,51128,3948421,35.64,Metals
2021-11-03,NMDC, EQ, 03-Nov-2021,141.85,142.45,143.35,141.0,141.7,141.9,142.05,7969183,11320.3,28631,3995221,50.13,Metals
2021-11-08,NMDC, EQ, 08-Nov-2021,142.35,144.0,146.1,141.65,145.2,145.25,144.27,7561559,10909.29,31714,3469269,45.88,Metals
2021-11-09,NMDC, EQ, 09-Nov-2021,145.25,146.0,148.5,144.8,147.55,147.8,146.8,10674592,15670.48,47402,4598040,43.07,Metals
2021-11-10,NMDC, EQ, 10-Nov-2021,147.8,146.65,147.05,144.0,144.4,144.25,144.82,7895109,11433.98,34918,3483002,44.12,Metals
2021-11-11,NMDC, EQ, 11-Nov-2021,144.25,145.1,145.8,142.8,144.75,144.65,144.41,7541905,10891.15,46115,2703362,35.84,Metals
2021-11-12,NMDC, EQ, 12-Nov-2021,144.65,147.0,147.65,142.25,142.9,143.05,143.87,11385732,16380.18,62663,3383121,29.71,Metals
2021-11-15,NMDC, EQ, 15-Nov-2021,143.05,143.8,143.95,140.0,140.3,140.2,141.55,5969923,8450.36,37283,2818336,47.21,Metals
2021-11-16,NMDC, EQ, 16-Nov-2021,140.2,141.0,141.9,138.5,138.8,139.45,140.48,5535853,7776.63,32204,2212185,39.96,Metals
2021-11-17,NMDC, EQ, 17-Nov-2021,139.45,139.0,140.55,137.35,138.15,138.2,139.1,8126177,11303.66,42909,3846626,47.34,Metals
2021-11-18,NMDC, EQ, 18-Nov-2021,138.2,138.25,139.25,135.3,135.85,135.8,136.8,8122655,11111.91,49118,3640512,44.82,Metals
2021-11-22,NMDC, EQ, 22-Nov-2021,135.8,136.45,137.2,133.15,136.2,135.6,135.14,8155718,11021.35,49471,2633879,32.29,Metals
2021-11-23,NMDC, EQ, 23-Nov-2021,135.6,136.3,143.6,136.15,141.9,142.25,140.9,25553102,36003.77,110500,6642019,25.99,Metals
2021-11-24,NMDC, EQ, 24-Nov-2021,142.25,143.25,144.75,141.5,142.1,143.0,143.43,10436743,14969.57,39169,3752442,35.95,Metals
2021-11-25,NMDC, EQ, 25-Nov-2021,143.0,142.8,143.65,141.35,143.2,143.0,142.67,6664853,9508.48,29974,2437374,36.57,Metals
2021-11-26,NMDC, EQ, 26-Nov-2021,143.0,140.5,142.75,135.5,135.8,135.9,138.52,10098003,13987.82,50933,3832390,37.95,Metals
2021-11-29,NMDC, EQ, 29-Nov-2021,135.9,136.0,138.0,130.8,135.15,134.95,135.33,9892425,13387.16,43079,3358625,33.95,Metals
2021-11-30,NMDC, EQ, 30-Nov-2021,134.95,135.5,137.7,132.4,132.65,132.85,134.98,7521233,10152.32,50110,3106522,41.3,Metals
2021-12-01,NMDC, EQ, 01-Dec-2021,132.85,132.85,138.5,132.75,137.55,137.6,135.66,11464138,15552.09,48116,5187900,45.25,Metals
2021-12-02,NMDC, EQ, 02-Dec-2021,137.6,137.75,142.3,135.8,142.3,141.6,139.48,25288901,35273.48,60094,16037488,63.42,Metals
2021-12-03,NMDC, EQ, 03-Dec-2021,141.6,143.5,147.5,142.6,145.85,145.95,145.37,29920870,43496.38,109083,9532665,31.86,Metals
2021-12-06,NMDC, EQ, 06-Dec-2021,145.95,145.0,145.0,141.5,143.4,142.95,143.61,23988384,34449.25,95079,9315799,38.83,Metals
2021-12-07,NMDC, EQ, 07-Dec-2021,142.95,144.9,146.3,144.05,145.55,145.3,145.37,13172576,19148.33,47247,4875474,37.01,Metals
2021-12-08,NMDC, EQ, 08-Dec-2021,145.3,146.0,147.5,146.0,147.0,146.95,146.85,10506147,15427.9,44847,4896678,46.61,Metals
2021-12-09,NMDC, EQ, 09-Dec-2021,146.95,147.2,148.2,146.25,147.2,147.05,147.18,11384949,16756.46,41863,5667398,49.78,Metals
2021-12-10,NMDC, EQ, 10-Dec-2021,147.05,147.0,148.45,146.6,148.15,147.9,147.55,10477407,15459.23,39175,5517289,52.66,Metals
2021-12-13,NMDC, EQ, 13-Dec-2021,147.9,149.4,150.1,146.7,147.65,147.5,148.03,14981099,22176.64,55756,6890328,45.99,Metals
2021-12-14,NMDC, EQ, 14-Dec-2021,147.5,138.8,140.35,137.5,138.6,138.65,138.75,16673360,23133.93,80415,6695193,40.16,Metals
2021-12-15,NMDC, EQ, 15-Dec-2021,138.65,139.0,141.4,137.65,137.9,137.85,139.23,9044645,12592.83,45246,2585483,28.59,Metals
2021-12-16,NMDC, EQ, 16-Dec-2021,137.85,138.9,139.0,135.25,136.7,136.45,136.73,6137597,8391.81,32751,2421566,39.45,Metals
2021-12-17,NMDC, EQ, 17-Dec-2021,136.45,136.5,136.9,134.2,135.1,134.95,135.35,6104584,8262.44,35465,2213360,36.26,Metals
2021-12-20,NMDC, EQ, 20-Dec-2021,134.95,133.7,133.7,127.9,130.4,130.5,130.56,11466406,14969.99,52717,4923627,42.94,Metals
2021-12-21,NMDC, EQ, 21-Dec-2021,130.5,125.0,134.8,125.0,133.45,133.3,133.26,9059473,12072.53,37471,3281013,36.22,Metals
2021-12-22,NMDC, EQ, 22-Dec-2021,133.3,134.4,134.7,132.85,134.25,133.95,133.72,4563582,6102.42,28592,1772817,38.85,Metals
2021-12-23,NMDC, EQ, 23-Dec-2021,133.95,134.75,137.0,134.5,134.8,134.95,135.52,4780545,6478.57,21856,1536704,32.14,Metals
2021-12-24,NMDC, EQ, 24-Dec-2021,134.95,135.9,135.9,131.8,132.6,132.6,132.9,3530507,4691.92,23459,1401263,39.69,Metals
2021-12-27,NMDC, EQ, 27-Dec-2021,132.6,132.5,134.05,130.5,132.0,132.5,132.52,4469638,5923.12,24952,1297963,29.04,Metals
2021-12-28,NMDC, EQ, 28-Dec-2021,132.5,133.25,133.45,132.4,132.75,132.7,132.9,3055856,4061.37,16765,1236171,40.45,Metals
2021-12-29,NMDC, EQ, 29-Dec-2021,132.7,131.7,133.45,130.7,131.5,131.4,131.7,4708795,6201.52,27015,1805199,38.34,Metals
2021-12-30,NMDC, EQ, 30-Dec-2021,131.4,132.0,132.1,129.8,131.6,131.4,131.08,12168630,15951.11,41892,6148417,50.53,Metals
2021-12-31,NMDC, EQ, 31-Dec-2021,131.4,131.6,134.4,131.15,133.5,133.3,133.06,4296127,5716.51,20433,1847902,43.01,Metals
2022-01-03,NMDC, EQ, 03-Jan-2022,133.3,134.4,135.6,133.6,134.8,135.3,134.68,3891035,5240.57,23568,1521002,39.09,Metals
2022-01-04,NMDC, EQ, 04-Jan-2022,135.3,136.0,136.5,134.35,135.85,135.8,135.49,3950622,5352.82,21801,1517016,38.4,Metals
2022-01-05,NMDC, EQ, 05-Jan-2022,135.8,135.8,138.9,135.25,138.45,138.6,137.57,4986657,6860.09,26965,2219050,44.5,Metals
2022-01-06,NMDC, EQ, 06-Jan-2022,138.6,138.3,139.75,137.65,138.6,138.65,138.73,5541434,7687.43,33288,2119260,38.24,Metals
2022-01-07,NMDC, EQ, 07-Jan-2022,138.65,139.5,139.65,136.9,138.55,138.65,138.42,3356602,4646.15,20103,1053394,31.38,Metals
2022-01-10,NMDC, EQ, 10-Jan-2022,138.65,140.05,141.2,139.3,140.2,139.95,140.17,5261751,7375.51,43633,2676159,50.86,Metals
2022-01-11,NMDC, EQ, 11-Jan-2022,139.95,140.0,140.4,136.1,136.5,136.45,137.69,5432123,7479.56,31104,2791428,51.39,Metals
2022-01-12,NMDC, EQ, 12-Jan-2022,136.45,139.0,142.25,138.05,141.1,141.3,141.1,11254966,15881.18,68069,3158900,28.07,Metals
2022-01-13,NMDC, EQ, 13-Jan-2022,141.3,142.1,146.45,141.0,145.9,146.05,144.73,12199243,17656.16,61055,5300455,43.45,Metals
2022-01-14,NMDC, EQ, 14-Jan-2022,146.05,145.15,146.9,144.3,145.5,145.95,145.47,5211695,7581.57,31400,1833716,35.18,Metals
2022-01-17,NMDC, EQ, 17-Jan-2022,145.95,146.4,146.4,143.5,144.7,144.8,144.57,4563962,6598.29,27543,1343374,29.43,Metals
2022-01-18,NMDC, EQ, 18-Jan-2022,144.8,145.3,145.65,139.7,140.4,140.05,142.17,6137008,8724.9,39236,2853048,46.49,Metals
2022-01-19,NMDC, EQ, 19-Jan-2022,140.05,140.35,143.1,139.8,141.9,141.6,141.61,4575686,6479.7,24762,1314678,28.73,Metals
2022-01-20,NMDC, EQ, 20-Jan-2022,141.6,142.0,144.95,141.35,143.3,143.25,143.36,6232345,8934.83,33228,2268929,36.41,Metals
2022-01-21,NMDC, EQ, 21-Jan-2022,143.25,143.0,143.3,138.4,140.0,139.75,140.65,4784547,6729.41,28586,1807984,37.79,Metals
2022-01-24,NMDC, EQ, 24-Jan-2022,139.75,139.75,139.75,133.05,133.55,133.95,135.39,6822893,9237.6,42570,2567755,37.63,Metals
2022-01-25,NMDC, EQ, 25-Jan-2022,133.95,133.65,137.35,132.8,135.8,135.65,135.52,4762403,6454.15,31920,1611105,33.83,Metals
2022-01-27,NMDC, EQ, 27-Jan-2022,135.65,135.0,136.55,132.8,134.85,134.2,134.19,10404432,13961.31,40522,5689261,54.68,Metals
2022-01-28,NMDC, EQ, 28-Jan-2022,134.2,136.35,141.15,135.0,138.45,138.1,138.4,9852710,13636.29,39495,3610259,36.64,Metals
2022-01-31,NMDC, EQ, 31-Jan-2022,138.1,140.3,141.35,138.1,139.5,138.95,139.46,6614820,9224.82,32844,1784222,26.97,Metals
2022-02-01,NMDC, EQ, 01-Feb-2022,138.95,140.9,146.0,138.7,145.3,145.5,143.22,11744700,16820.7,58923,4420030,37.63,Metals
2022-02-02,NMDC, EQ, 02-Feb-2022,145.5,146.5,151.2,145.3,150.5,150.5,148.34,19662509,29168.29,77028,10572352,53.77,Metals
2022-02-03,NMDC, EQ, 03-Feb-2022,150.5,150.75,154.95,149.8,153.3,153.95,153.28,26764867,41024.34,90102,9964288,37.23,Metals
2022-02-04,NMDC, EQ, 04-Feb-2022,153.95,154.4,155.45,152.6,153.2,153.4,154.02,12957277,19956.2,52916,5498142,42.43,Metals
2022-02-07,NMDC, EQ, 07-Feb-2022,153.4,153.9,155.95,152.5,153.7,153.95,154.46,11987318,18515.46,110538,6017821,50.2,Metals
2022-02-08,NMDC, EQ, 08-Feb-2022,153.95,154.5,155.35,150.35,153.05,153.4,152.55,12326734,18804.54,44416,5117481,41.52,Metals
2022-02-09,NMDC, EQ, 09-Feb-2022,153.4,153.0,157.65,152.8,155.5,155.7,155.11,17521097,27176.34,66157,7435561,42.44,Metals
2022-02-10,NMDC, EQ, 10-Feb-2022,155.7,156.25,160.5,156.1,159.0,159.3,159.26,18433104,29356.14,113401,8496700,46.09,Metals
2022-02-11,NMDC, EQ, 11-Feb-2022,159.3,158.9,161.4,157.1,157.85,158.15,159.26,15004288,23896.51,70616,6994853,46.62,Metals
2022-02-14,NMDC, EQ, 14-Feb-2022,158.15,156.0,157.3,152.0,152.35,152.75,155.03,13314771,20642.13,71848,6933693,52.08,Metals
2022-02-15,NMDC, EQ, 15-Feb-2022,152.75,153.25,153.25,144.1,149.4,149.3,147.54,17659797,26056.08,77035,5585159,31.63,Metals
2022-02-16,NMDC, EQ, 16-Feb-2022,149.3,151.95,154.45,149.05,152.4,152.7,152.32,13525671,20602.42,59577,5206806,38.5,Metals
2022-02-17,NMDC, EQ, 17-Feb-2022,152.7,147.9,148.0,144.0,144.6,144.65,146.01,12454932,18185.87,60513,4263400,34.23,Metals
2022-02-18,NMDC, EQ, 18-Feb-2022,144.65,144.6,145.7,141.55,142.1,142.15,143.23,6234795,8930.37,36720,2000976,32.09,Metals
2022-02-21,NMDC, EQ, 21-Feb-2022,142.15,141.0,143.4,139.65,140.2,140.05,141.16,4899102,6915.45,31453,1505506,30.73,Metals
2022-02-22,NMDC, EQ, 22-Feb-2022,140.05,137.0,140.5,135.9,140.25,140.05,138.27,11506176,15909.44,71634,4964452,43.15,Metals
2022-02-23,NMDC, EQ, 23-Feb-2022,140.05,141.4,144.7,140.75,142.45,142.75,143.13,10043690,14375.04,52466,5442664,54.19,Metals
2022-02-24,NMDC, EQ, 24-Feb-2022,142.75,139.0,140.5,133.8,134.85,134.45,137.43,12259007,16847.71,70215,5059349,41.27,Metals
2022-02-25,NMDC, EQ, 25-Feb-2022,134.45,139.0,142.0,138.2,141.1,141.0,140.57,10771799,15141.97,70064,4314435,40.05,Metals
2022-02-28,NMDC, EQ, 28-Feb-2022,141.0,140.9,144.2,139.4,143.1,143.15,142.46,6903025,9833.8,39946,1997523,28.94,Metals
2022-03-02,NMDC, EQ, 02-Mar-2022,143.15,143.9,151.7,142.7,150.8,151.1,149.38,18826666,28123.35,93593,7269769,38.61,Metals
2022-03-03,NMDC, EQ, 03-Mar-2022,151.1,155.0,156.4,151.7,152.8,152.6,153.56,11783592,18094.4,62501,3497618,29.68,Metals
2022-03-04,NMDC, EQ, 04-Mar-2022,152.6,151.25,153.75,147.6,147.7,148.1,150.99,8997783,13585.37,73178,2727901,30.32,Metals
2022-03-07,NMDC, EQ, 07-Mar-2022,148.1,146.65,153.85,146.6,153.35,153.05,150.68,12226489,18422.54,67023,4304124,35.2,Metals
2022-03-08,NMDC, EQ, 08-Mar-2022,153.05,155.0,155.0,149.0,152.7,153.25,151.9,14939858,22693.5,76350,5524358,36.98,Metals
2022-03-09,NMDC, EQ, 09-Mar-2022,153.25,154.9,155.0,152.0,152.7,152.8,153.38,7255636,11128.76,52553,2533395,34.92,Metals
2022-03-10,NMDC, EQ, 10-Mar-2022,152.8,153.25,154.0,150.3,152.9,153.25,152.03,8762674,13322.05,48566,2801301,31.97,Metals
2022-03-11,NMDC, EQ, 11-Mar-2022,153.25,153.0,158.0,152.85,157.0,157.3,156.7,16491139,25842.29,85934,4579017,27.77,Metals
2022-03-14,NMDC, EQ, 14-Mar-2022,157.3,157.3,159.4,153.6,156.0,156.25,156.81,12958038,20319.71,48194,5531175,42.69,Metals
2022-03-15,NMDC, EQ, 15-Mar-2022,156.25,153.7,154.75,146.75,147.35,147.55,149.91,12900904,19340.2,84952,5800806,44.96,Metals
2022-03-16,NMDC, EQ, 16-Mar-2022,147.55,149.0,153.0,148.85,150.25,150.55,150.36,6639475,9983.32,40013,2204483,33.2,Metals
2022-03-17,NMDC, EQ, 17-Mar-2022,150.55,151.95,152.85,150.4,151.0,151.3,151.36,13084269,19803.85,41739,8141081,62.22,Metals
2022-03-21,NMDC, EQ, 21-Mar-2022,151.3,152.25,153.8,151.0,151.45,151.55,152.66,5530874,8443.25,30077,1572703,28.43,Metals
2022-03-22,NMDC, EQ, 22-Mar-2022,151.55,152.8,154.75,150.6,151.5,151.65,152.7,7452076,11379.2,41565,1545942,20.75,Metals
2022-03-23,NMDC, EQ, 23-Mar-2022,151.65,153.0,153.55,149.0,151.15,151.1,151.22,8419192,12731.18,41389,3255977,38.67,Metals
2022-03-24,NMDC, EQ, 24-Mar-2022,151.1,151.65,157.95,151.15,156.9,157.1,156.11,17976962,28064.7,86571,6128504,34.09,Metals
2022-03-25,NMDC, EQ, 25-Mar-2022,157.1,158.0,160.8,156.7,156.9,157.15,158.63,13676831,21695.07,68538,3116874,22.79,Metals
2022-03-28,NMDC, EQ, 28-Mar-2022,157.15,158.0,163.05,156.4,161.7,161.4,160.26,16335732,26179.31,86838,5329398,32.62,Metals
2022-03-29,NMDC, EQ, 29-Mar-2022,161.4,162.4,162.85,158.3,158.55,158.9,159.81,8152926,13029.18,40981,2751768,33.75,Metals
2022-03-30,NMDC, EQ, 30-Mar-2022,158.9,159.7,161.75,155.95,158.9,159.2,158.59,10592813,16798.67,55014,3745732,35.36,Metals
2022-03-31,NMDC, EQ, 31-Mar-2022,159.2,157.1,163.55,157.1,162.3,162.55,162.37,12425011,20174.67,57282,4787573,38.53,Metals
2022-04-01,NMDC, EQ, 01-Apr-2022,162.55,163.75,166.95,163.3,166.3,166.55,165.42,12053939,19939.44,64754,4081317,33.86,Metals
2022-04-04,NMDC, EQ, 04-Apr-2022,166.55,167.75,171.1,167.0,170.45,170.25,169.47,14057775,23823.18,75589,6150105,43.75,Metals
2022-04-05,NMDC, EQ, 05-Apr-2022,170.25,171.15,171.4,168.05,168.55,168.6,169.62,9234649,15663.91,40706,3234431,35.02,Metals
2022-04-06,NMDC, EQ, 06-Apr-2022,168.6,167.5,174.35,167.1,172.2,172.15,172.0,15095764,25964.19,69593,5745224,38.06,Metals
2022-04-07,NMDC, EQ, 07-Apr-2022,172.15,173.0,173.55,169.55,171.0,170.6,171.32,11002668,18849.29,43524,4833809,43.93,Metals
2022-04-08,NMDC, EQ, 08-Apr-2022,170.6,171.5,175.0,171.15,174.5,174.45,173.58,9333973,16201.96,55749,4304456,46.12,Metals
2022-04-11,NMDC, EQ, 11-Apr-2022,174.45,174.5,175.35,172.8,174.0,173.9,173.95,8669856,15081.09,69281,4384109,50.57,Metals
2022-04-12,NMDC, EQ, 12-Apr-2022,173.9,173.2,173.55,167.5,169.5,169.65,170.08,7327273,12462.54,39436,3205963,43.75,Metals
2022-04-13,NMDC, EQ, 13-Apr-2022,169.65,169.7,172.0,167.2,167.5,167.6,168.88,7634454,12892.98,35681,3849916,50.43,Metals
2022-04-18,NMDC, EQ, 18-Apr-2022,167.6,168.0,169.7,165.7,168.4,168.25,167.9,5505568,9243.64,29613,1775851,32.26,Metals
2022-04-19,NMDC, EQ, 19-Apr-2022,168.25,169.55,173.75,167.4,167.55,169.2,171.9,12122210,20837.91,71304,3886647,32.06,Metals
2022-04-20,NMDC, EQ, 20-Apr-2022,169.2,170.7,171.6,168.3,170.45,170.0,170.18,9664161,16446.56,53892,4525583,46.83,Metals
2022-04-21,NMDC, EQ, 21-Apr-2022,170.0,169.95,170.6,166.85,169.75,169.95,169.07,6565198,11099.72,43547,3103747,47.28,Metals
2022-04-22,NMDC, EQ, 22-Apr-2022,169.95,167.95,170.7,166.45,167.2,166.9,168.3,3893247,6552.48,27537,1317446,33.84,Metals
2022-04-25,NMDC, EQ, 25-Apr-2022,166.9,163.0,163.45,157.4,159.45,158.9,159.82,11358487,18153.33,56132,3828512,33.71,Metals
2022-04-26,NMDC, EQ, 26-Apr-2022,158.9,160.0,161.5,159.0,160.5,160.5,160.09,5167049,8271.75,27723,1565932,30.31,Metals
2022-04-27,NMDC, EQ, 27-Apr-2022,160.5,160.0,163.15,158.5,159.8,160.05,160.43,6493312,10417.51,33309,2551369,39.29,Metals
2022-04-28,NMDC, EQ, 28-Apr-2022,160.05,161.5,163.75,160.0,162.95,162.75,161.84,5920809,9582.1,34351,2506634,42.34,Metals
2022-04-29,NMDC, EQ, 29-Apr-2022,162.75,163.0,164.7,159.95,160.5,160.65,162.22,3326172,5395.57,19364,901916,27.12,Metals
2022-05-02,NMDC, EQ, 02-May-2022,160.65,159.0,161.2,157.55,160.0,160.35,159.52,4202666,6704.24,29315,1351607,32.16,Metals
2022-05-04,NMDC, EQ, 04-May-2022,160.35,162.0,162.0,155.5,156.7,156.65,158.89,4973223,7901.96,30227,1831130,36.82,Metals
2022-05-05,NMDC, EQ, 05-May-2022,156.65,158.3,160.85,156.35,157.85,157.0,158.73,5346066,8485.73,25988,2041480,38.19,Metals
2022-05-06,NMDC, EQ, 06-May-2022,157.0,155.0,156.6,150.8,152.65,152.45,153.75,7326417,11264.32,36076,2586978,35.31,Metals
2022-05-09,NMDC, EQ, 09-May-2022,152.45,150.5,150.8,146.75,148.6,148.2,148.52,6755633,10033.72,38982,2146318,31.77,Metals
2022-05-10,NMDC, EQ, 10-May-2022,148.2,146.8,148.85,140.05,141.15,140.85,144.38,7932757,11453.58,45763,2555252,32.21,Metals
2022-05-11,NMDC, EQ, 11-May-2022,140.85,142.4,144.95,140.05,143.4,142.7,142.49,8374050,11932.22,59246,1927605,23.02,Metals
2022-05-12,NMDC, EQ, 12-May-2022,142.7,141.9,142.4,136.0,138.0,137.6,138.56,8268733,11456.82,63438,2429966,29.39,Metals
2022-05-13,NMDC, EQ, 13-May-2022,137.6,140.5,141.5,135.35,136.25,136.1,138.61,6134994,8503.64,43593,2307563,37.61,Metals
2022-05-16,NMDC, EQ, 16-May-2022,136.1,138.0,139.4,136.0,138.7,137.85,137.82,4144073,5711.46,38427,1039994,25.1,Metals
2022-05-17,NMDC, EQ, 17-May-2022,137.85,139.0,144.4,139.0,144.15,143.8,142.3,6806129,9685.25,46637,1424663,20.93,Metals
2022-05-18,NMDC, EQ, 18-May-2022,143.8,144.5,144.5,141.5,143.0,142.55,142.62,5465029,7794.12,35281,2255056,41.26,Metals
2022-05-19,NMDC, EQ, 19-May-2022,142.55,139.0,141.0,137.75,140.55,140.1,139.34,5341120,7442.08,30753,2370802,44.39,Metals
2022-05-20,NMDC, EQ, 20-May-2022,140.1,143.5,146.85,142.75,146.7,146.45,144.63,5902406,8536.69,35476,1345309,22.79,Metals
2022-05-23,NMDC, EQ, 23-May-2022,146.45,136.8,136.8,124.5,129.25,128.15,130.59,27930966,36475.5,175622,11320617,40.53,Metals
2022-05-24,NMDC, EQ, 24-May-2022,128.15,130.0,131.2,125.55,126.45,126.4,128.15,9033569,11576.1,51999,2958424,32.75,Metals
2022-05-25,NMDC, EQ, 25-May-2022,126.4,127.85,127.85,120.05,121.1,121.05,122.35,10822649,13241.35,91098,4297695,39.71,Metals
2022-05-26,NMDC, EQ, 26-May-2022,121.05,123.0,126.85,119.2,125.45,125.9,123.29,14656422,18069.86,89356,4658702,31.79,Metals
2022-05-27,NMDC, EQ, 27-May-2022,125.9,124.0,126.55,122.7,124.65,124.95,124.41,9726582,12101.3,47685,2557650,26.3,Metals
2022-05-30,NMDC, EQ, 30-May-2022,124.95,126.0,126.35,123.05,123.75,123.9,124.06,8776448,10887.83,56886,4109983,46.83,Metals
2022-05-31,NMDC, EQ, 31-May-2022,123.9,123.9,127.65,123.1,126.3,126.1,125.68,7115522,8942.6,35805,2336072,32.83,Metals
2022-06-01,NMDC, EQ, 01-Jun-2022,126.1,127.4,127.6,125.1,126.55,126.45,126.25,7019912,8862.64,33970,2874100,40.94,Metals
2022-06-02,NMDC, EQ, 02-Jun-2022,126.45,127.0,129.25,125.3,127.8,127.8,126.86,8010864,10162.98,35011,3294593,41.13,Metals
2022-06-03,NMDC, EQ, 03-Jun-2022,127.8,129.55,129.65,126.25,126.75,126.85,127.92,5734677,7335.95,27068,1852453,32.3,Metals
2022-06-06,NMDC, EQ, 06-Jun-2022,126.85,123.95,125.2,121.2,124.85,124.6,123.16,12245178,15081.04,73201,4140588,33.81,Metals
2022-06-07,NMDC, EQ, 07-Jun-2022,124.6,124.5,125.7,121.35,122.9,122.7,123.39,10694231,13195.77,45720,3989366,37.3,Metals
2022-06-08,NMDC, EQ, 08-Jun-2022,122.7,123.6,124.75,122.2,123.7,123.65,123.48,6628378,8184.59,29059,2710382,40.89,Metals
2022-06-09,NMDC, EQ, 09-Jun-2022,123.65,123.65,123.85,120.75,122.0,122.0,121.95,6914647,8432.74,31744,2810141,40.64,Metals
2022-06-10,NMDC, EQ, 10-Jun-2022,122.0,120.8,120.8,118.05,119.65,119.5,119.22,9807584,11692.26,50419,3568434,36.38,Metals
2022-06-13,NMDC, EQ, 13-Jun-2022,119.5,118.25,118.25,113.1,114.35,114.0,114.97,8234965,9467.84,47888,3067618,37.25,Metals
2022-06-14,NMDC, EQ, 14-Jun-2022,114.0,114.0,116.45,112.85,113.75,113.75,114.45,7457456,8535.41,31583,2049968,27.49,Metals
2022-06-15,NMDC, EQ, 15-Jun-2022,113.75,114.8,115.1,113.45,114.3,114.05,114.11,4357037,4971.74,25852,1639031,37.62,Metals
2022-06-16,NMDC, EQ, 16-Jun-2022,114.05,115.25,115.45,107.6,108.1,108.0,110.73,8991298,9955.68,50912,2984967,33.2,Metals
2022-06-17,NMDC, EQ, 17-Jun-2022,108.0,107.9,110.3,106.25,109.05,108.6,108.79,6868768,7472.66,36099,1624933,23.66,Metals
2022-06-20,NMDC, EQ, 20-Jun-2022,108.6,108.9,108.9,101.55,104.9,104.6,103.99,10583236,11005.23,50561,2721901,25.72,Metals
2022-06-21,NMDC, EQ, 21-Jun-2022,104.6,105.6,109.05,104.45,108.5,108.55,106.92,6467754,6915.36,30373,1293686,20.0,Metals
2022-06-22,NMDC, EQ, 22-Jun-2022,108.55,107.75,107.85,102.3,103.2,102.85,103.68,9970496,10337.35,54358,4216869,42.29,Metals
2022-06-23,NMDC, EQ, 23-Jun-2022,102.85,102.85,105.5,101.65,105.25,105.0,103.84,7913807,8217.37,34730,2834760,35.82,Metals
2022-06-24,NMDC, EQ, 24-Jun-2022,105.0,105.85,108.25,104.65,107.5,107.55,106.85,6550530,6999.54,24663,2354788,35.95,Metals
2022-06-27,NMDC, EQ, 27-Jun-2022,107.55,109.4,111.9,108.1,111.2,111.25,109.7,8793506,9646.63,34616,3242807,36.88,Metals
2022-06-28,NMDC, EQ, 28-Jun-2022,111.25,111.65,112.05,109.45,110.9,111.25,111.02,10346469,11487.03,44331,3302007,31.91,Metals
2022-06-29,NMDC, EQ, 29-Jun-2022,111.25,110.1,111.15,109.0,109.55,109.5,109.83,8707037,9562.94,30718,3392388,38.96,Metals
2022-06-30,NMDC, EQ, 30-Jun-2022,109.5,109.5,110.65,107.2,108.0,108.2,108.65,4858068,5278.13,23613,1407489,28.97,Metals
2022-07-01,NMDC, EQ, 01-Jul-2022,108.2,107.15,110.0,106.35,109.85,109.65,108.2,5571985,6028.68,23889,1798216,32.27,Metals
2022-07-04,NMDC, EQ, 04-Jul-2022,109.65,107.2,109.1,106.85,108.9,108.7,107.82,6626959,7144.87,30927,1818371,27.44,Metals
2022-07-05,NMDC, EQ, 05-Jul-2022,108.7,109.5,111.35,108.25,108.4,108.6,109.75,5922685,6500.03,27337,1183236,19.98,Metals
2022-07-06,NMDC, EQ, 06-Jul-2022,108.6,107.8,107.8,103.55,106.7,106.25,105.11,14821697,15579.66,53073,6712093,45.29,Metals
2022-07-07,NMDC, EQ, 07-Jul-2022,106.25,108.0,111.0,106.0,111.0,109.7,108.15,11881032,12849.18,38875,4838143,40.72,Metals
2022-07-08,NMDC, EQ, 08-Jul-2022,109.7,110.55,110.95,108.3,108.8,108.95,109.48,9563239,10469.82,52374,2880594,30.12,Metals
2022-07-11,NMDC, EQ, 11-Jul-2022,108.95,107.75,110.7,107.4,109.0,109.0,108.83,11325767,12326.0,41532,4330058,38.23,Metals
2022-07-12,NMDC, EQ, 12-Jul-2022,109.0,107.35,107.35,101.75,103.15,103.2,103.41,27097460,28021.58,115362,10344535,38.18,Metals
2022-07-13,NMDC, EQ, 13-Jul-2022,103.2,103.8,106.15,102.65,105.3,105.55,104.23,14387357,14996.55,48733,4635984,32.22,Metals
2022-07-14,NMDC, EQ, 14-Jul-2022,105.55,105.5,105.8,101.05,101.75,101.65,102.77,15167164,15587.55,55252,7340920,48.4,Metals
2022-07-15,NMDC, EQ, 15-Jul-2022,101.65,101.0,102.4,99.6,99.9,99.9,100.6,13900296,13983.53,68161,6039010,43.45,Metals
2022-07-18,NMDC, EQ, 18-Jul-2022,99.9,100.5,103.5,100.5,103.25,103.3,102.74,9729498,9996.29,42794,2613376,26.86,Metals
2022-07-19,NMDC, EQ, 19-Jul-2022,103.3,102.95,104.7,102.65,103.7,103.85,103.84,8150636,8463.83,46192,3300313,40.49,Metals
2022-07-20,NMDC, EQ, 20-Jul-2022,103.85,104.65,105.6,103.75,103.9,103.95,104.66,8848008,9260.16,38800,3221152,36.41,Metals
2022-07-21,NMDC, EQ, 21-Jul-2022,103.95,103.9,104.75,103.4,104.5,104.4,104.15,5202059,5417.91,22108,1690862,32.5,Metals
2022-07-22,NMDC, EQ, 22-Jul-2022,104.4,104.85,105.45,103.4,104.0,104.05,104.23,6034914,6290.19,24022,2512967,41.64,Metals
2022-07-25,NMDC, EQ, 25-Jul-2022,104.05,104.5,106.15,103.55,105.55,105.65,104.98,7442192,7812.8,31083,2624895,35.27,Metals
2022-07-26,NMDC, EQ, 26-Jul-2022,105.65,105.9,106.6,103.9,104.0,104.15,104.79,7792775,8165.95,30641,2492235,31.98,Metals
2022-07-27,NMDC, EQ, 27-Jul-2022,104.15,104.5,104.85,102.9,104.35,104.5,103.99,5068290,5270.44,20502,1526101,30.11,Metals
2022-07-28,NMDC, EQ, 28-Jul-2022,104.5,105.5,107.0,104.45,105.45,105.6,105.53,7798340,8229.71,27651,2394454,30.7,Metals
2022-07-29,NMDC, EQ, 29-Jul-2022,105.6,107.0,109.3,106.15,107.75,107.8,107.97,11705128,12637.49,39993,3978910,33.99,Metals
2022-08-01,NMDC, EQ, 01-Aug-2022,107.8,108.75,108.75,107.0,107.7,107.7,107.6,6896038,7420.29,26142,3151870,45.71,Metals
2022-08-02,NMDC, EQ, 02-Aug-2022,107.7,107.0,107.75,105.5,107.05,107.45,106.72,10240640,10928.36,37523,3370992,32.92,Metals
2022-08-03,NMDC, EQ, 03-Aug-2022,107.45,107.05,108.3,104.25,106.0,106.0,105.97,11509717,12196.63,37544,4828345,41.95,Metals
2022-08-04,NMDC, EQ, 04-Aug-2022,106.0,106.5,108.75,105.35,107.4,107.4,107.19,20484990,21958.56,57150,7331240,35.79,Metals
2022-08-05,NMDC, EQ, 05-Aug-2022,107.4,108.0,112.4,107.75,112.0,110.9,110.77,147390192,163262.56,130933,92426115,62.71,Metals
2022-08-10,NMDC, EQ, 10-Aug-2022,113.1,113.3,117.05,112.0,116.0,116.0,115.21,26428618,30448.55,91148,11339575,42.91,Metals
2022-08-11,NMDC, EQ, 11-Aug-2022,116.0,118.0,118.0,115.5,115.9,115.8,116.61,18692373,21796.93,51231,8405875,44.97,Metals
2022-08-12,NMDC, EQ, 12-Aug-2022,115.8,115.7,118.15,115.3,116.95,116.9,117.17,15915166,18647.82,52763,7642686,48.02,Metals
2022-08-16,NMDC, EQ, 16-Aug-2022,116.9,116.45,118.05,114.95,117.1,116.95,116.95,13649134,15963.11,51150,6730690,49.31,Metals
2022-08-17,NMDC, EQ, 17-Aug-2022,116.95,116.7,117.2,115.5,116.05,116.05,116.4,14913343,17358.79,40612,6735175,45.16,Metals
2022-08-18,NMDC, EQ, 18-Aug-2022,116.05,115.5,117.15,115.35,116.95,116.9,116.19,13408623,15579.81,36121,6747998,50.33,Metals
2022-08-19,NMDC, EQ, 19-Aug-2022,116.9,115.75,117.5,115.55,115.8,116.0,116.29,14675044,17065.61,32291,7943053,54.13,Metals
2022-08-22,NMDC, EQ, 22-Aug-2022,116.0,114.4,115.4,112.1,112.8,112.7,113.58,20100046,22828.93,66680,9351401,46.52,Metals
2022-08-23,NMDC, EQ, 23-Aug-2022,112.7,111.95,120.0,111.7,119.5,119.2,117.3,29096034,34130.29,82527,10964562,37.68,Metals
2022-08-24,NMDC, EQ, 24-Aug-2022,119.2,119.95,123.45,118.3,120.65,120.65,121.2,22093543,26778.43,81563,6364028,28.8,Metals
2022-08-25,NMDC, EQ, 25-Aug-2022,120.65,121.85,124.6,121.2,122.1,122.05,123.01,18771146,23090.18,69143,5689855,30.31,Metals
2022-08-26,NMDC, EQ, 26-Aug-2022,122.05,123.5,125.0,122.5,123.3,122.95,123.74,13721287,16978.53,51520,3852198,28.07,Metals
2022-08-29,NMDC, EQ, 29-Aug-2022,122.95,119.55,124.1,119.55,123.7,123.85,122.66,10572905,12968.99,41907,3207708,30.34,Metals
2022-08-30,NMDC, EQ, 30-Aug-2022,123.85,124.0,125.25,121.95,122.45,122.25,122.92,9508127,11687.84,38701,3736887,39.3,Metals
2022-09-01,NMDC, EQ, 01-Sep-2022,122.25,121.8,122.8,121.25,122.2,122.15,121.98,6187244,7547.08,36220,2895122,46.79,Metals
2022-09-02,NMDC, EQ, 02-Sep-2022,122.15,121.65,122.35,119.9,122.0,122.0,121.31,9173479,11128.63,38070,4294022,46.81,Metals
2022-09-05,NMDC, EQ, 05-Sep-2022,122.0,121.95,123.85,121.4,122.4,122.5,122.82,4320100,5306.02,22727,1239885,28.7,Metals
2022-09-06,NMDC, EQ, 06-Sep-2022,122.5,123.1,123.4,121.7,121.95,122.0,122.16,9458501,11554.11,35102,5759602,60.89,Metals
2022-09-07,NMDC, EQ, 07-Sep-2022,122.0,121.9,124.0,121.15,123.85,123.9,123.41,5735933,7078.56,31666,2341706,40.83,Metals
2022-09-08,NMDC, EQ, 08-Sep-2022,123.9,124.7,125.15,122.15,122.65,122.35,123.09,6157103,7578.98,26776,3041451,49.4,Metals
2022-09-09,NMDC, EQ, 09-Sep-2022,122.35,123.5,125.15,123.05,123.95,123.95,124.0,6375012,7904.86,31044,3217718,50.47,Metals
2022-09-12,NMDC, EQ, 12-Sep-2022,123.95,124.9,126.8,124.5,126.4,126.5,125.59,8590251,10788.65,34825,4140203,48.2,Metals
2022-09-13,NMDC, EQ, 13-Sep-2022,126.5,127.35,127.5,125.25,125.55,125.5,126.14,8177899,10315.46,33198,4925050,60.22,Metals
2022-09-14,NMDC, EQ, 14-Sep-2022,125.5,124.35,129.0,123.55,127.1,127.1,126.76,12162109,15416.18,42422,4955558,40.75,Metals
2022-09-15,NMDC, EQ, 15-Sep-2022,127.1,127.65,127.65,124.75,126.1,125.65,125.5,5559373,6976.95,26266,2128307,38.28,Metals
2022-09-16,NMDC, EQ, 16-Sep-2022,125.65,126.0,128.35,124.9,125.75,125.15,125.91,24958559,31424.32,59637,15491078,62.07,Metals
2022-09-19,NMDC, EQ, 19-Sep-2022,125.15,125.75,127.15,124.5,126.1,126.1,126.27,5905922,7457.36,24750,1933226,32.73,Metals
2022-09-20,NMDC, EQ, 20-Sep-2022,126.1,126.75,129.0,126.5,127.25,127.3,127.99,7909856,10124.0,45316,2347924,29.68,Metals
2022-09-21,NMDC, EQ, 21-Sep-2022,127.3,127.6,130.3,127.3,128.55,128.75,129.06,9558882,12336.63,46176,3487724,36.49,Metals
2022-09-22,NMDC, EQ, 22-Sep-2022,128.75,128.35,131.75,128.0,131.15,131.35,130.38,10998017,14339.76,49660,4159734,37.82,Metals
2022-09-23,NMDC, EQ, 23-Sep-2022,131.35,131.45,132.7,127.2,127.45,127.9,129.26,7059234,9124.59,35304,2647420,37.5,Metals
2022-09-26,NMDC, EQ, 26-Sep-2022,127.9,125.8,125.8,120.6,122.4,122.75,122.95,11402262,14019.24,61290,4856309,42.59,Metals
2022-09-27,NMDC, EQ, 27-Sep-2022,122.75,122.1,124.85,121.9,124.5,124.25,123.53,5250969,6486.38,29011,1666248,31.73,Metals
2022-09-28,NMDC, EQ, 28-Sep-2022,124.25,123.1,124.3,121.9,122.35,122.2,123.14,3733069,4596.72,20562,1179595,31.6,Metals
2022-09-29,NMDC, EQ, 29-Sep-2022,122.2,123.5,125.7,122.8,125.15,125.15,124.21,7180927,8919.13,38724,2729460,38.01,Metals
2022-09-30,NMDC, EQ, 30-Sep-2022,125.15,125.05,128.95,124.8,127.55,127.75,127.48,6804482,8674.32,26694,2255424,33.15,Metals
2022-10-03,NMDC, EQ, 03-Oct-2022,127.75,127.7,128.05,125.05,126.0,125.75,126.84,3049816,3868.42,16081,1036762,33.99,Metals
2022-10-04,NMDC, EQ, 04-Oct-2022,125.75,129.0,130.2,127.1,130.05,129.7,128.7,4599943,5920.33,20458,1942536,42.23,Metals
2022-10-06,NMDC, EQ, 06-Oct-2022,129.7,130.35,133.25,130.15,132.85,132.9,132.21,7927842,10481.22,32306,2776363,35.02,Metals
2022-10-07,NMDC, EQ, 07-Oct-2022,132.9,133.55,135.6,131.8,135.5,134.85,133.53,7198173,9611.45,28823,2881381,40.03,Metals
2022-10-10,NMDC, EQ, 10-Oct-2022,134.85,133.75,136.8,132.85,136.25,136.25,135.23,6788964,9181.05,31783,2459351,36.23,Metals
2022-10-11,NMDC, EQ, 11-Oct-2022,136.25,137.45,137.45,130.35,130.65,130.85,133.59,7855978,10494.75,36030,2744877,34.94,Metals
2022-10-12,NMDC, EQ, 12-Oct-2022,130.85,132.05,134.7,129.4,130.5,130.6,131.78,8018814,10567.21,36187,1921778,23.97,Metals
2022-10-13,NMDC, EQ, 13-Oct-2022,130.6,130.95,131.5,126.0,129.0,129.0,128.15,14964175,19177.29,44046,5290150,35.35,Metals
2022-10-14,NMDC, EQ, 14-Oct-2022,129.0,133.0,134.0,130.75,132.35,132.35,132.44,9507250,12591.84,36974,2595673,27.3,Metals
2022-10-17,NMDC, EQ, 17-Oct-2022,132.35,132.55,133.95,130.35,133.25,133.4,132.77,7663933,10175.78,27314,3194063,41.68,Metals
2022-10-18,NMDC, EQ, 18-Oct-2022,133.4,134.75,134.75,131.0,131.55,131.8,132.09,6749699,8915.5,22757,3851366,57.06,Metals
2022-10-19,NMDC, EQ, 19-Oct-2022,131.8,131.55,133.0,130.2,131.3,131.3,131.48,4914629,6461.68,22040,2135074,43.44,Metals
2022-10-20,NMDC, EQ, 20-Oct-2022,131.3,130.55,133.05,130.1,133.0,132.6,131.84,5702166,7517.91,29811,3046478,53.43,Metals
2022-10-21,NMDC, EQ, 21-Oct-2022,132.6,132.6,136.75,129.0,130.55,130.35,133.35,19379206,25841.96,56639,7769836,40.09,Metals
2022-10-24,NMDC, EQ, 24-Oct-2022,130.35,132.5,132.5,130.4,130.8,130.95,131.37,2511358,3299.16,13720,1714632,68.28,Metals
2022-10-25,NMDC, EQ, 25-Oct-2022,130.95,130.75,132.4,128.15,131.0,130.75,130.54,22889414,29879.44,61564,15513198,67.77,Metals
2022-10-27,NMDC, EQ, 27-Oct-2022,130.75,92.25,109.05,92.25,104.6,104.3,104.05,38603184,40168.16,111208,10471847,27.13,Metals
2022-10-28,NMDC, EQ, 28-Oct-2022,104.3,104.5,104.5,100.4,101.2,100.95,101.83,23127744,23551.29,90632,13763354,59.51,Metals
2022-10-31,NMDC, EQ, 31-Oct-2022,100.95,101.8,101.8,98.6,99.45,99.75,99.53,12694109,12633.84,56183,5590117,44.04,Metals
2022-11-01,NMDC, EQ, 01-Nov-2022,99.75,100.0,104.85,98.8,104.7,104.6,103.27,20441518,21110.23,66177,7666747,37.51,Metals
2022-11-02,NMDC, EQ, 02-Nov-2022,104.6,105.15,110.15,104.5,109.0,109.25,108.43,26845055,29108.2,98367,8426869,31.39,Metals
2022-11-03,NMDC, EQ, 03-Nov-2022,109.25,108.55,112.9,108.2,110.4,110.6,110.88,18365972,20364.46,67756,3560275,19.39,Metals
2022-11-04,NMDC, EQ, 04-Nov-2022,110.6,111.1,112.45,110.35,111.65,111.7,111.48,8710673,9710.87,33992,2050733,23.54,Metals
2022-11-07,NMDC, EQ, 07-Nov-2022,111.7,112.95,114.6,111.8,114.4,114.35,113.58,8031653,9122.2,34141,2453474,30.55,Metals
2022-11-09,NMDC, EQ, 09-Nov-2022,114.35,114.95,114.95,112.55,113.7,113.75,113.8,6026375,6857.93,33413,1982806,32.9,Metals
2022-11-10,NMDC, EQ, 10-Nov-2022,113.75,113.1,114.4,112.0,112.75,112.7,113.12,3548097,4013.57,23915,1036492,29.21,Metals
2022-11-11,NMDC, EQ, 11-Nov-2022,112.7,113.7,114.8,112.8,113.55,113.7,113.85,5461544,6218.19,22817,2470813,45.24,Metals
2022-11-14,NMDC, EQ, 14-Nov-2022,113.7,114.2,115.0,112.9,113.3,113.55,113.74,5507120,6263.7,26755,2671777,48.51,Metals
2022-11-15,NMDC, EQ, 15-Nov-2022,113.55,110.0,111.95,107.8,108.95,109.0,109.23,14027300,15321.9,68419,4225010,30.12,Metals
2022-11-16,NMDC, EQ, 16-Nov-2022,109.0,108.0,110.05,106.05,107.45,107.45,108.17,7479962,8091.3,37020,2483034,33.2,Metals
2022-11-17,NMDC, EQ, 17-Nov-2022,107.45,106.95,107.0,104.5,106.0,105.65,105.74,8867549,9376.92,38996,4038417,45.54,Metals
2022-11-18,NMDC, EQ, 18-Nov-2022,105.65,106.9,111.5,106.5,111.1,111.1,110.02,20121459,22137.27,74564,4833925,24.02,Metals
2022-11-21,NMDC, EQ, 21-Nov-2022,111.1,113.5,115.95,112.05,115.0,115.25,114.57,20667397,23678.39,83087,5336897,25.82,Metals
2022-11-22,NMDC, EQ, 22-Nov-2022,115.25,115.4,117.65,114.55,116.7,116.9,116.48,11022814,12839.24,48687,3172538,28.78,Metals
2022-11-23,NMDC, EQ, 23-Nov-2022,116.9,116.85,118.75,116.2,118.35,118.35,117.72,7279078,8569.17,31070,2904759,39.91,Metals
2022-11-24,NMDC, EQ, 24-Nov-2022,118.35,118.6,119.7,116.05,117.0,117.05,117.79,7057469,8313.04,33059,2287609,32.41,Metals
2022-11-25,NMDC, EQ, 25-Nov-2022,117.05,117.25,118.65,117.25,118.3,118.3,118.08,4020520,4747.3,21724,1460893,36.34,Metals
2022-11-28,NMDC, EQ, 28-Nov-2022,118.3,117.85,118.5,116.45,117.0,117.05,116.98,4135967,4838.14,24107,1388872,33.58,Metals
2022-11-29,NMDC, EQ, 29-Nov-2022,117.05,117.5,119.15,116.55,117.15,117.15,117.61,8351373,9822.41,32564,2359317,28.25,Metals
2022-11-30,NMDC, EQ, 30-Nov-2022,117.15,117.75,118.9,117.15,117.85,117.7,118.09,6145438,7257.1,27930,2791647,45.43,Metals
2022-12-01,NMDC, EQ, 01-Dec-2022,117.7,119.25,121.5,118.4,119.8,119.9,120.07,11200511,13447.92,57345,4449654,39.73,Metals
2022-12-02,NMDC, EQ, 02-Dec-2022,119.9,120.65,121.45,119.55,119.9,119.9,120.41,5539673,6670.13,34670,1832195,33.07,Metals
2022-12-05,NMDC, EQ, 05-Dec-2022,119.9,120.9,123.05,120.45,122.95,122.75,121.99,7731152,9431.43,42953,3616588,46.78,Metals
2022-12-06,NMDC, EQ, 06-Dec-2022,122.75,122.95,122.95,119.35,120.4,120.9,120.66,5568090,6718.59,26988,2244711,40.31,Metals
2022-12-07,NMDC, EQ, 07-Dec-2022,120.9,120.8,121.2,119.5,119.9,119.95,120.14,3083027,3703.81,21653,1151986,37.37,Metals
2022-12-08,NMDC, EQ, 08-Dec-2022,119.95,120.0,124.65,120.0,124.25,124.35,122.85,9924057,12191.86,52795,4166158,41.98,Metals
2022-12-09,NMDC, EQ, 09-Dec-2022,124.35,125.0,125.9,120.9,121.9,122.15,123.44,7666978,9463.86,36359,2725517,35.55,Metals
2022-12-12,NMDC, EQ, 12-Dec-2022,122.15,121.8,124.7,120.0,124.1,124.3,123.08,5223470,6429.23,26704,1945092,37.24,Metals
2022-12-13,NMDC, EQ, 13-Dec-2022,124.3,124.4,124.75,122.6,123.2,123.8,123.39,3755670,4633.99,26747,1727786,46.0,Metals
2022-12-14,NMDC, EQ, 14-Dec-2022,123.8,123.8,125.9,123.25,125.2,125.25,124.86,5880449,7342.5,30123,2536936,43.14,Metals
2022-12-15,NMDC, EQ, 15-Dec-2022,125.25,125.8,126.75,124.5,124.6,124.85,125.52,5670766,7117.88,40188,2701600,47.64,Metals
2022-12-16,NMDC, EQ, 16-Dec-2022,124.85,124.0,124.95,122.1,123.2,123.55,123.5,5140489,6348.42,30694,2328638,45.3,Metals
2022-12-19,NMDC, EQ, 19-Dec-2022,123.55,123.8,124.4,123.0,123.95,123.95,123.71,4222584,5223.9,26236,2125848,50.34,Metals
2022-12-20,NMDC, EQ, 20-Dec-2022,123.95,123.65,123.85,120.2,121.25,121.45,121.37,4924278,5976.53,27294,1673729,33.99,Metals
2022-12-21,NMDC, EQ, 21-Dec-2022,121.45,121.7,122.9,118.45,118.9,119.0,120.46,6227640,7501.67,36715,2895198,46.49,Metals
2022-12-22,NMDC, EQ, 22-Dec-2022,119.0,119.7,120.4,116.5,117.0,116.9,117.57,5925054,6965.98,34805,2649251,44.71,Metals
2022-12-23,NMDC, EQ, 23-Dec-2022,116.9,115.55,116.8,111.2,111.55,111.55,113.54,10346019,11746.93,49697,5281994,51.05,Metals
2022-12-26,NMDC, EQ, 26-Dec-2022,111.55,111.75,116.3,111.6,116.0,115.85,114.85,8598666,9875.48,39090,3046488,35.43,Metals
2022-12-27,NMDC, EQ, 27-Dec-2022,115.85,117.5,120.55,117.15,119.85,119.5,119.46,12069299,14417.56,53255,4697214,38.92,Metals
2022-12-28,NMDC, EQ, 28-Dec-2022,119.5,119.45,120.4,118.5,119.8,119.6,119.22,7162547,8539.53,30097,3266136,45.6,Metals
2022-12-29,NMDC, EQ, 29-Dec-2022,119.6,118.8,120.0,118.3,119.95,119.75,119.33,6838644,8160.86,32258,3356640,49.08,Metals
2022-12-30,NMDC, EQ, 30-Dec-2022,119.75,120.25,123.7,120.05,123.3,123.05,122.38,8435259,10323.42,36673,3383140,40.11,Metals
2023-01-02,NMDC, EQ, 02-Jan-2023,123.05,124.2,126.4,124.05,126.0,126.05,125.43,10340948,12970.79,45200,3974462,38.43,Metals
2023-01-03,NMDC, EQ, 03-Jan-2023,126.05,126.45,127.55,125.0,125.5,125.6,126.01,7606291,9584.58,42028,3002236,39.47,Metals
2023-01-04,NMDC, EQ, 04-Jan-2023,125.6,124.75,125.6,121.0,121.85,121.6,122.61,7233527,8868.73,38964,2219490,30.68,Metals
2023-01-05,NMDC, EQ, 05-Jan-2023,121.6,122.25,122.5,120.2,122.15,121.85,121.44,7666467,9309.83,34192,2850154,37.18,Metals
2023-01-06,NMDC, EQ, 06-Jan-2023,121.85,122.0,124.4,121.25,121.95,121.8,122.7,7570928,9289.71,40296,2512229,33.18,Metals
2023-01-09,NMDC, EQ, 09-Jan-2023,121.8,122.95,124.45,122.55,123.45,123.7,123.56,3772690,4661.55,25700,1558881,41.32,Metals
2023-01-10,NMDC, EQ, 10-Jan-2023,123.7,123.9,125.0,122.6,123.0,123.05,123.42,5594377,6904.53,28817,2308512,41.26,Metals
2023-01-11,NMDC, EQ, 11-Jan-2023,123.05,123.75,128.95,123.45,128.6,128.4,127.48,17874788,22785.91,88438,5965793,33.38,Metals
2023-01-12,NMDC, EQ, 12-Jan-2023,128.4,129.3,129.3,126.7,128.6,128.5,128.1,9270184,11875.14,59551,4425309,47.74,Metals
2023-01-13,NMDC, EQ, 13-Jan-2023,128.5,129.15,131.8,128.65,130.75,131.1,130.64,10268748,13415.36,60312,3441401,33.51,Metals
2023-01-16,NMDC, EQ, 16-Jan-2023,131.1,129.9,130.9,126.65,127.75,127.55,127.74,9224371,11783.61,45135,3169099,34.36,Metals
2023-01-17,NMDC, EQ, 17-Jan-2023,127.55,128.1,128.1,125.15,125.85,125.9,126.34,4608420,5822.37,26566,1836415,39.85,Metals
2023-01-18,NMDC, EQ, 18-Jan-2023,125.9,125.9,128.85,125.7,128.35,128.4,127.21,7938423,10098.36,38175,2718142,34.24,Metals
2023-01-19,NMDC, EQ, 19-Jan-2023,128.4,127.9,129.5,127.25,129.1,129.15,128.71,6737056,8671.44,35634,3038987,45.11,Metals
2023-01-20,NMDC, EQ, 20-Jan-2023,129.15,129.0,130.1,127.05,127.55,127.45,128.56,5613550,7216.91,31767,3094405,55.12,Metals
2023-01-23,NMDC, EQ, 23-Jan-2023,127.45,127.8,129.25,125.2,125.3,125.4,126.6,5284774,6690.36,35385,2386538,45.16,Metals
2023-01-24,NMDC, EQ, 24-Jan-2023,125.4,126.05,126.05,123.45,124.4,124.45,124.55,5046101,6284.8,28648,2049077,40.61,Metals
2023-01-25,NMDC, EQ, 25-Jan-2023,124.45,124.4,125.5,123.1,123.8,123.85,124.11,7045182,8743.69,33530,3800377,53.94,Metals
2023-01-27,NMDC, EQ, 27-Jan-2023,123.85,124.25,125.0,120.8,122.85,122.95,122.56,4443937,5446.47,23652,1339868,30.15,Metals
2023-01-30,NMDC, EQ, 30-Jan-2023,122.95,123.55,125.85,121.55,122.85,122.4,123.1,8539756,10512.47,39639,3602250,42.18,Metals
2023-01-31,NMDC, EQ, 31-Jan-2023,122.4,123.45,125.45,122.6,123.7,123.15,123.77,6372688,7887.47,40934,3811635,59.81,Metals
2023-02-01,NMDC, EQ, 01-Feb-2023,123.15,124.9,124.95,118.8,120.95,120.95,122.76,7048520,8652.51,33818,3226515,45.78,Metals
2023-02-02,NMDC, EQ, 02-Feb-2023,120.95,120.8,122.15,118.3,119.75,119.6,119.78,4782144,5727.94,35299,1913572,40.01,Metals
2023-02-03,NMDC, EQ, 03-Feb-2023,119.6,120.75,121.0,116.5,118.4,118.65,118.01,4783408,5644.89,26576,1657078,34.64,Metals
2023-02-06,NMDC, EQ, 06-Feb-2023,118.65,118.65,120.1,118.1,119.0,119.05,119.21,3097875,3693.02,22140,1155728,37.31,Metals
2023-02-07,NMDC, EQ, 07-Feb-2023,119.05,119.65,119.65,115.75,117.7,117.7,117.02,5540403,6483.61,36442,2011543,36.31,Metals
2023-02-08,NMDC, EQ, 08-Feb-2023,117.7,118.3,121.1,117.45,120.4,120.45,119.63,3734331,4467.25,24663,1272468,34.07,Metals
2023-02-09,NMDC, EQ, 09-Feb-2023,120.45,120.9,122.0,119.25,119.85,119.9,120.15,2702948,3247.46,19937,911075,33.71,Metals
2023-02-10,NMDC, EQ, 10-Feb-2023,119.9,119.9,119.9,118.3,118.95,118.8,118.91,2189875,2603.91,19696,914761,41.77,Metals
2023-02-13,NMDC, EQ, 13-Feb-2023,118.8,118.95,120.0,117.9,117.95,118.3,118.85,4023212,4781.69,25986,1890714,47.0,Metals
2023-02-14,NMDC, EQ, 14-Feb-2023,118.3,118.9,119.2,114.15,115.7,115.95,115.59,8035098,9287.62,44418,2893272,36.01,Metals
2023-02-15,NMDC, EQ, 15-Feb-2023,115.95,116.0,120.65,115.8,118.4,118.25,118.82,12586329,14955.47,67309,2030631,16.13,Metals
2023-02-16,NMDC, EQ, 16-Feb-2023,118.25,118.9,121.9,118.5,121.8,121.55,120.46,7855848,9463.25,30192,3006961,38.28,Metals
2023-02-17,NMDC, EQ, 17-Feb-2023,121.55,121.7,123.75,120.5,121.15,121.2,122.0,7974534,9729.05,43420,2538650,31.83,Metals
2023-02-20,NMDC, EQ, 20-Feb-2023,121.2,122.15,122.15,118.0,118.95,118.7,119.13,8203135,9772.51,44122,4323472,52.71,Metals
2023-02-21,NMDC, EQ, 21-Feb-2023,118.7,119.65,122.95,119.0,119.2,119.3,120.82,13277632,16041.79,64911,4249590,32.01,Metals
2023-02-22,NMDC, EQ, 22-Feb-2023,119.3,119.15,119.4,115.2,115.75,115.65,116.47,11799944,13743.3,68391,6667919,56.51,Metals
2023-02-23,NMDC, EQ, 23-Feb-2023,115.65,116.25,117.8,114.25,117.6,117.05,115.82,14966598,17333.6,53825,6591751,44.04,Metals
2023-02-24,NMDC, EQ, 24-Feb-2023,117.05,114.85,115.15,111.55,112.25,112.0,112.94,13504258,15251.88,51913,5078871,37.61,Metals
2023-02-27,NMDC, EQ, 27-Feb-2023,112.0,112.45,112.5,110.25,111.95,112.1,111.74,12916468,14433.06,43212,5404309,41.84,Metals
2023-02-28,NMDC, EQ, 28-Feb-2023,112.1,112.35,113.05,110.05,110.85,111.1,111.53,17861464,19920.43,48798,12157247,68.06,Metals
2023-03-01,NMDC, EQ, 01-Mar-2023,111.1,111.9,114.95,111.45,114.6,114.6,113.32,9602052,10881.21,40740,5354418,55.76,Metals
2023-03-02,NMDC, EQ, 02-Mar-2023,114.6,114.0,115.5,113.65,113.75,113.9,114.35,5655525,6467.05,24455,2732839,48.32,Metals
2023-03-03,NMDC, EQ, 03-Mar-2023,113.9,114.5,114.9,113.0,113.4,113.45,113.94,8208895,9353.21,32501,5120757,62.38,Metals
2023-03-06,NMDC, EQ, 06-Mar-2023,113.45,113.75,114.5,111.45,114.45,114.1,113.5,12879700,14618.01,31004,6905734,53.62,Metals
2023-03-08,NMDC, EQ, 08-Mar-2023,114.1,113.5,114.85,113.1,114.55,114.45,114.31,8823136,10085.85,37843,4685736,53.11,Metals
2023-03-09,NMDC, EQ, 09-Mar-2023,114.45,115.0,115.75,113.9,114.25,114.15,114.89,7642580,8780.34,34080,4530539,59.28,Metals
2023-03-10,NMDC, EQ, 10-Mar-2023,114.15,113.5,114.7,112.05,114.55,114.5,113.73,6150409,6994.74,28495,2938161,47.77,Metals
2023-03-13,NMDC, EQ, 13-Mar-2023,114.5,115.0,116.2,113.75,114.65,114.45,114.96,9814561,11282.38,35234,5539538,56.44,Metals
2023-03-14,NMDC, EQ, 14-Mar-2023,114.45,114.8,118.1,114.6,116.3,116.4,116.51,14888428,17346.56,84830,5288013,35.52,Metals
2023-03-15,NMDC, EQ, 15-Mar-2023,116.4,117.55,117.85,116.4,116.6,117.0,117.18,5724305,6707.67,30177,2571037,44.91,Metals
2023-03-16,NMDC, EQ, 16-Mar-2023,117.0,115.8,116.0,112.6,113.45,113.15,113.64,7868885,8942.14,57303,3203338,40.71,Metals
2023-03-17,NMDC, EQ, 17-Mar-2023,113.15,114.1,115.6,113.95,115.15,115.05,114.86,9294332,10675.3,30892,6299038,67.77,Metals
2023-03-20,NMDC, EQ, 20-Mar-2023,115.05,113.0,114.95,111.05,112.75,112.7,112.24,7843367,8803.26,41919,3917837,49.95,Metals
2023-03-21,NMDC, EQ, 21-Mar-2023,112.7,113.9,113.95,110.9,111.35,111.35,111.67,9565523,10682.09,41722,4555052,47.62,Metals
2023-03-22,NMDC, EQ, 22-Mar-2023,111.35,111.9,113.2,111.2,111.75,111.85,112.38,9280957,10430.15,39442,5070097,54.63,Metals
2023-03-23,NMDC, EQ, 23-Mar-2023,111.85,111.1,111.95,110.75,110.95,110.95,111.35,4105180,4571.26,21480,1872336,45.61,Metals
2023-03-24,NMDC, EQ, 24-Mar-2023,110.95,111.55,111.6,108.0,108.15,108.35,109.39,8024934,8778.61,35562,3678240,45.84,Metals
2023-03-27,NMDC, EQ, 27-Mar-2023,108.35,108.5,109.65,107.1,108.35,107.4,108.35,6437816,6975.44,33679,3217292,49.97,Metals
2023-03-28,NMDC, EQ, 28-Mar-2023,107.4,108.05,108.4,106.25,106.8,106.8,107.2,6402231,6863.14,35718,3510715,54.84,Metals
2023-03-29,NMDC, EQ, 29-Mar-2023,106.8,107.0,111.0,105.65,110.25,110.2,108.57,9015949,9788.45,36256,4894414,54.29,Metals
2023-03-31,NMDC, EQ, 31-Mar-2023,110.2,110.75,112.25,110.6,111.55,111.55,111.54,6277222,7001.7,35400,3351655,53.39,Metals
2023-04-03,NMDC, EQ, 03-Apr-2023,111.55,112.0,113.15,110.6,111.55,111.4,111.48,10551058,11761.81,54047,6601685,62.57,Metals
2023-04-05,NMDC, EQ, 05-Apr-2023,111.4,111.55,112.2,109.0,111.55,111.6,111.1,5620733,6244.74,27698,2417509,43.01,Metals
2023-04-06,NMDC, EQ, 06-Apr-2023,111.6,111.1,111.85,110.5,111.1,111.0,111.03,5084490,5645.23,27774,2812244,55.31,Metals
2023-04-10,NMDC, EQ, 10-Apr-2023,111.0,111.05,111.7,110.2,110.9,110.85,110.94,2898983,3216.08,18138,1153462,39.79,Metals
2023-04-11,NMDC, EQ, 11-Apr-2023,110.85,111.05,113.55,110.7,113.5,113.35,112.32,5007912,5625.03,26712,2362270,47.17,Metals
2023-04-12,NMDC, EQ, 12-Apr-2023,113.35,114.0,114.6,112.85,113.0,113.25,113.61,7681119,8726.33,35974,3936004,51.24,Metals
2023-04-13,NMDC, EQ, 13-Apr-2023,113.25,113.2,113.3,111.1,111.3,111.3,111.66,4187273,4675.71,23458,1999466,47.75,Metals
2023-04-17,NMDC, EQ, 17-Apr-2023,111.3,111.2,112.1,110.7,111.55,111.45,111.42,3789010,4221.84,29775,2314211,61.08,Metals
2023-04-18,NMDC, EQ, 18-Apr-2023,111.45,111.85,112.6,111.5,112.25,112.3,112.2,2730949,3064.23,20611,1440351,52.74,Metals
2023-04-19,NMDC, EQ, 19-Apr-2023,112.3,112.5,114.6,112.2,113.1,113.3,113.85,8027414,9139.12,41163,2917571,36.35,Metals
2023-04-20,NMDC, EQ, 20-Apr-2023,113.3,113.85,113.85,111.85,112.25,112.2,112.48,6172049,6942.29,22893,3681134,59.64,Metals
2023-04-21,NMDC, EQ, 21-Apr-2023,112.2,111.95,112.0,107.65,109.85,109.85,108.94,12632391,13762.0,49951,5277270,41.78,Metals
2023-04-24,NMDC, EQ, 24-Apr-2023,109.85,109.85,110.45,107.95,109.95,109.85,109.51,4861319,5323.76,23565,2107703,43.36,Metals
2023-04-25,NMDC, EQ, 25-Apr-2023,109.85,109.7,110.25,108.6,108.8,108.8,109.3,5620717,6143.18,30919,3117973,55.47,Metals
2023-04-26,NMDC, EQ, 26-Apr-2023,108.8,109.0,109.15,108.05,108.45,108.45,108.5,4232262,4592.21,22102,2093917,49.48,Metals
2023-04-27,NMDC, EQ, 27-Apr-2023,108.45,109.0,109.0,108.2,108.65,108.6,108.61,3051898,3314.63,15394,1375721,45.08,Metals
2023-04-28,NMDC, EQ, 28-Apr-2023,108.6,109.0,109.4,108.25,108.6,108.5,108.65,5409823,5877.87,30753,3156703,58.35,Metals
2023-05-02,NMDC, EQ, 02-May-2023,108.5,108.9,110.4,108.65,109.85,109.85,109.58,7249819,7944.36,28084,3475094,47.93,Metals
2023-05-03,NMDC, EQ, 03-May-2023,109.85,109.85,110.3,108.5,110.2,110.15,109.86,5396767,5928.84,24913,2689917,49.84,Metals
2023-05-04,NMDC, EQ, 04-May-2023,110.15,111.0,111.8,110.65,111.3,111.25,111.38,8230765,9167.16,28371,4598105,55.86,Metals
2023-05-05,NMDC, EQ, 05-May-2023,111.25,111.25,111.3,108.0,108.35,108.25,108.84,9591556,10439.47,40490,5801763,60.49,Metals
2023-05-08,NMDC, EQ, 08-May-2023,108.25,109.0,109.35,107.55,108.5,108.45,108.56,6156443,6683.57,43293,3612997,58.69,Metals
2023-05-09,NMDC, EQ, 09-May-2023,108.45,108.9,110.0,108.75,109.45,109.5,109.53,9499811,10404.73,25056,6202037,65.29,Metals
2023-05-10,NMDC, EQ, 10-May-2023,109.5,109.5,110.1,108.1,108.7,108.6,108.69,4100432,4456.92,26639,2115123,51.58,Metals
2023-05-11,NMDC, EQ, 11-May-2023,108.6,109.25,109.3,107.75,108.1,108.0,108.54,6864968,7451.02,28034,4300535,62.64,Metals
2023-05-12,NMDC, EQ, 12-May-2023,108.0,108.15,108.35,106.55,106.8,106.7,107.19,6032202,6466.12,32216,3768354,62.47,Metals
2023-05-15,NMDC, EQ, 15-May-2023,106.7,107.05,107.9,105.3,107.15,106.75,106.77,9679036,10334.12,36301,6037011,62.37,Metals
2023-05-16,NMDC, EQ, 16-May-2023,106.75,107.5,107.95,106.7,107.1,107.0,107.12,5834370,6249.57,25899,3429999,58.79,Metals
2023-05-17,NMDC, EQ, 17-May-2023,107.0,107.2,107.6,105.65,106.2,106.1,106.33,7915778,8417.2,38797,4907426,62.0,Metals
2023-05-18,NMDC, EQ, 18-May-2023,106.1,106.9,106.95,104.45,104.8,104.8,105.58,9026028,9529.68,39321,4437568,49.16,Metals
2023-05-19,NMDC, EQ, 19-May-2023,104.8,105.2,105.8,103.75,105.75,105.65,104.91,5332799,5594.74,29904,2471286,46.34,Metals
2023-05-22,NMDC, EQ, 22-May-2023,105.65,105.65,106.95,104.8,105.4,105.15,105.69,7707496,8145.97,36517,4392587,56.99,Metals
2023-05-23,NMDC, EQ, 23-May-2023,105.15,105.5,106.7,105.5,106.0,105.75,106.12,7794772,8271.87,30399,4115284,52.8,Metals
2023-05-24,NMDC, EQ, 24-May-2023,105.75,107.1,107.15,104.9,105.1,105.1,105.61,8403809,8875.55,34555,3764500,44.8,Metals
2023-05-25,NMDC, EQ, 25-May-2023,105.1,105.15,105.45,103.85,104.55,104.3,104.31,10199436,10638.6,46324,6354077,62.3,Metals
2023-05-26,NMDC, EQ, 26-May-2023,104.3,104.5,106.85,104.35,106.5,106.5,106.04,10066252,10674.45,38173,6407593,63.65,Metals
2023-05-29,NMDC, EQ, 29-May-2023,106.5,107.0,107.8,106.3,106.85,106.9,107.2,10337943,11082.5,34950,6257950,60.53,Metals
2023-05-30,NMDC, EQ, 30-May-2023,106.9,106.9,107.8,106.45,107.25,107.2,107.27,6457849,6927.11,21872,3969460,61.47,Metals
2023-05-31,NMDC, EQ, 31-May-2023,107.2,106.9,107.1,105.35,106.9,106.8,106.42,6739068,7171.99,26882,3933638,58.37,Metals
2023-06-01,NMDC, EQ, 01-Jun-2023,106.8,106.5,107.5,106.5,107.0,106.9,107.04,10151216,10865.63,18854,7928402,78.1,Metals
2023-06-02,NMDC, EQ, 02-Jun-2023,106.9,107.0,109.3,106.9,109.2,108.9,108.4,9429711,10221.35,44269,5988009,63.5,Metals
2023-06-05,NMDC, EQ, 05-Jun-2023,108.9,110.0,110.3,108.9,108.9,109.0,109.34,7096659,7759.75,29041,3754946,52.91,Metals
2023-06-06,NMDC, EQ, 06-Jun-2023,109.0,109.1,109.5,108.7,109.05,109.2,109.09,6536444,7130.4,18498,4061914,62.14,Metals
2023-06-07,NMDC, EQ, 07-Jun-2023,109.2,109.3,109.85,109.1,109.4,109.5,109.48,6481805,7096.58,22939,4259092,65.71,Metals
2023-06-08,NMDC, EQ, 08-Jun-2023,109.5,109.8,110.5,108.4,108.6,108.6,109.46,6747808,7386.45,30895,3428362,50.81,Metals
2023-06-09,NMDC, EQ, 09-Jun-2023,108.6,108.85,108.85,106.6,107.75,107.55,107.44,5403104,5805.1,21998,2388991,44.22,Metals
2023-06-12,NMDC, EQ, 12-Jun-2023,107.55,107.95,108.6,107.0,108.0,108.0,108.01,3346097,3614.04,19486,1638158,48.96,Metals
2023-06-13,NMDC, EQ, 13-Jun-2023,108.0,108.35,109.65,108.25,108.7,108.75,109.02,8074157,8802.06,30279,5033819,62.34,Metals
2023-06-14,NMDC, EQ, 14-Jun-2023,108.75,109.45,110.3,108.75,108.9,108.95,109.27,6186356,6759.98,23522,3673948,59.39,Metals
2023-06-15,NMDC, EQ, 15-Jun-2023,108.95,109.1,109.35,107.5,107.7,107.75,108.2,5495904,5946.79,30177,3690176,67.14,Metals
2023-06-16,NMDC, EQ, 16-Jun-2023,107.75,107.95,108.45,106.8,107.0,107.0,107.45,11153214,11983.8,31141,8165060,73.21,Metals
2023-06-19,NMDC, EQ, 19-Jun-2023,107.0,107.2,107.7,106.05,106.25,106.15,106.65,10068518,10738.27,35072,7229561,71.8,Metals
2023-06-20,NMDC, EQ, 20-Jun-2023,106.15,106.3,108.2,106.2,107.35,107.2,107.33,7834279,8408.89,26560,4021558,51.33,Metals
2023-06-21,NMDC, EQ, 21-Jun-2023,107.2,107.8,107.8,106.2,106.8,106.75,106.76,6017163,6423.72,23759,3543053,58.88,Metals
2023-06-22,NMDC, EQ, 22-Jun-2023,106.75,106.35,107.0,105.25,105.8,105.75,106.07,6195147,6571.48,31396,3308452,53.4,Metals
2023-06-23,NMDC, EQ, 23-Jun-2023,105.75,105.7,105.7,104.4,104.75,104.7,104.85,5907664,6194.42,29405,3087750,52.27,Metals
2023-06-26,NMDC, EQ, 26-Jun-2023,104.7,104.8,105.05,103.8,104.9,104.8,104.29,6045536,6304.83,27335,3532443,58.43,Metals
2023-06-27,NMDC, EQ, 27-Jun-2023,104.8,105.0,105.9,104.25,104.5,104.5,105.02,8339738,8758.61,26590,5149217,61.74,Metals
2023-06-28,NMDC, EQ, 28-Jun-2023,104.5,104.9,105.6,104.3,104.6,104.5,104.88,9115622,9560.44,56076,5955922,65.34,Metals
2023-06-30,NMDC, EQ, 30-Jun-2023,104.5,104.95,105.5,104.15,104.75,104.65,104.6,12041250,12595.14,35056,8471468,70.35,Metals
2023-07-03,NMDC, EQ, 03-Jul-2023,104.65,106.0,107.7,105.7,107.6,107.5,107.09,11197683,11991.3,38381,4904411,43.8,Metals
2023-07-04,NMDC, EQ, 04-Jul-2023,107.5,108.0,108.05,106.5,107.1,107.1,107.24,6392944,6855.79,26518,3030214,47.4,Metals
2023-07-05,NMDC, EQ, 05-Jul-2023,107.1,107.1,107.75,106.8,107.5,107.5,107.33,3950681,4240.45,26695,2074502,52.51,Metals
2023-07-06,NMDC, EQ, 06-Jul-2023,107.5,107.5,107.55,106.45,107.1,107.05,106.89,6442281,6886.44,23022,3535318,54.88,Metals
2023-07-07,NMDC, EQ, 07-Jul-2023,107.05,106.95,107.95,106.65,106.8,106.9,107.18,4902143,5254.03,17851,2191950,44.71,Metals
2023-07-10,NMDC, EQ, 10-Jul-2023,106.9,107.15,108.7,106.4,107.75,107.8,107.76,9691435,10443.66,31274,4959134,51.17,Metals
2023-07-11,NMDC, EQ, 11-Jul-2023,107.8,107.9,108.45,107.5,108.0,108.0,107.97,6505660,7024.14,26445,3879264,59.63,Metals
2023-07-12,NMDC, EQ, 12-Jul-2023,108.0,108.5,112.15,108.1,111.75,111.6,110.32,23222078,25618.91,78549,13003287,56.0,Metals
2023-07-13,NMDC, EQ, 13-Jul-2023,111.6,112.75,113.5,110.2,111.35,111.45,112.01,15217619,17045.09,58220,6043377,39.71,Metals
2023-07-14,NMDC, EQ, 14-Jul-2023,111.45,112.3,113.2,111.1,113.0,113.0,112.3,9610924,10793.54,32423,5084141,52.9,Metals
2023-07-17,NMDC, EQ, 17-Jul-2023,113.0,114.0,114.65,113.25,113.35,113.5,114.03,9975892,11375.32,39040,5210923,52.24,Metals
2023-07-18,NMDC, EQ, 18-Jul-2023,113.5,113.75,113.95,110.85,111.6,111.4,111.97,8333077,9330.58,33142,3634151,43.61,Metals
2023-07-19,NMDC, EQ, 19-Jul-2023,111.4,112.3,112.45,111.05,111.75,111.75,111.84,4978101,5567.71,25390,2187098,43.93,Metals
2023-07-20,NMDC, EQ, 20-Jul-2023,111.75,112.55,112.55,110.9,111.0,111.0,111.33,5783711,6438.73,25699,3404761,58.87,Metals
2023-07-21,NMDC, EQ, 21-Jul-2023,111.0,110.9,111.7,110.25,111.2,111.0,111.05,4393122,4878.44,18806,1952721,44.45,Metals
2023-07-24,NMDC, EQ, 24-Jul-2023,111.0,110.95,111.5,110.35,110.95,111.0,110.86,4365899,4840.16,19996,2013895,46.13,Metals
2023-07-25,NMDC, EQ, 25-Jul-2023,111.0,111.9,112.75,111.05,112.0,112.2,112.16,8377896,9396.93,25467,4645976,55.46,Metals
2023-07-26,NMDC, EQ, 26-Jul-2023,112.2,112.95,113.0,112.1,112.45,112.4,112.62,5248371,5910.52,21351,2782035,53.01,Metals
2023-07-27,NMDC, EQ, 27-Jul-2023,112.4,113.0,113.55,112.0,112.3,112.2,112.72,5122272,5773.84,22951,2380986,46.48,Metals
2023-07-28,NMDC, EQ, 28-Jul-2023,112.2,112.0,112.75,110.9,112.55,112.55,111.96,7932940,8881.82,27141,4213781,53.12,Metals
2023-07-31,NMDC, EQ, 31-Jul-2023,112.55,113.1,117.55,112.8,117.2,117.25,115.78,24224643,28047.99,84356,12962550,53.51,Metals
2023-08-01,NMDC, EQ, 01-Aug-2023,117.25,118.05,118.7,116.5,116.9,116.85,117.45,12911087,15163.66,49735,6067415,46.99,Metals
2023-08-02,NMDC, EQ, 02-Aug-2023,116.85,116.9,117.0,112.2,113.85,113.75,114.54,11923679,13657.68,53561,5989730,50.23,Metals
2023-08-03,NMDC, EQ, 03-Aug-2023,113.75,114.05,114.75,112.45,113.35,113.15,113.37,9357966,10609.2,36428,4645250,49.64,Metals
2023-08-04,NMDC, EQ, 04-Aug-2023,113.15,113.7,114.45,113.1,113.4,113.25,113.77,5558205,6323.42,24034,2668269,48.01,Metals
2023-08-07,NMDC, EQ, 07-Aug-2023,113.25,113.75,113.95,111.9,112.7,112.6,112.61,9200632,10360.58,22876,5824407,63.3,Metals
2023-08-08,NMDC, EQ, 08-Aug-2023,112.6,112.7,113.2,110.9,111.4,111.3,111.63,6796305,7586.64,32677,3692657,54.33,Metals
2023-08-09,NMDC, EQ, 09-Aug-2023,111.3,111.8,112.9,111.1,112.75,112.65,112.17,5927389,6648.7,23519,3072002,51.83,Metals
2023-08-10,NMDC, EQ, 10-Aug-2023,112.65,112.65,114.65,112.5,113.65,113.7,113.86,9950511,11329.39,38555,4167613,41.88,Metals
2023-08-11,NMDC, EQ, 11-Aug-2023,113.7,114.2,114.35,112.3,113.5,113.75,113.09,9393256,10622.86,27105,3808047,40.54,Metals
2023-08-14,NMDC, EQ, 14-Aug-2023,113.75,115.0,119.15,112.8,118.8,118.7,116.77,34905277,40760.15,120785,14220337,40.74,Metals
2023-08-16,NMDC, EQ, 16-Aug-2023,118.7,118.75,119.1,116.25,117.3,117.25,117.33,14601680,17131.85,52428,6179600,42.32,Metals
2023-08-17,NMDC, EQ, 17-Aug-2023,117.25,117.0,117.9,115.5,116.6,116.7,116.81,10476234,12237.72,44194,4417314,42.17,Metals
2023-08-18,NMDC, EQ, 18-Aug-2023,116.7,116.95,117.5,114.4,115.25,115.25,115.58,9207687,10642.45,47903,4562033,49.55,Metals
2023-08-21,NMDC, EQ, 21-Aug-2023,115.25,116.0,118.8,115.35,118.5,118.5,117.53,12936523,15204.51,52031,5830826,45.07,Metals
2023-08-22,NMDC, EQ, 22-Aug-2023,118.5,118.75,121.2,118.2,121.0,120.9,119.89,18115119,21718.63,60814,7824528,43.19,Metals
2023-08-23,NMDC, EQ, 23-Aug-2023,120.9,122.0,124.1,121.6,122.2,122.35,123.02,20300037,24973.65,67945,8038274,39.6,Metals
2023-08-24,NMDC, EQ, 24-Aug-2023,122.35,123.35,123.35,120.55,121.0,121.05,121.57,10323206,12550.14,34095,5605551,54.3,Metals
2023-08-25,NMDC, EQ, 25-Aug-2023,121.05,120.95,121.35,119.0,119.35,119.4,120.06,6689036,8030.64,29446,3405184,50.91,Metals
2023-08-28,NMDC, EQ, 28-Aug-2023,119.4,120.7,122.6,119.6,122.55,122.35,121.74,11874613,14456.31,39718,4730499,39.84,Metals
2023-08-29,NMDC, EQ, 29-Aug-2023,122.35,123.2,124.2,122.55,122.85,122.8,123.25,12496387,15401.82,45869,6039821,48.33,Metals
2023-08-30,NMDC, EQ, 30-Aug-2023,122.8,124.3,124.3,123.0,123.7,123.55,123.72,12138529,15017.4,38178,6802059,56.04,Metals
2023-08-31,NMDC, EQ, 31-Aug-2023,123.55,121.3,123.65,120.95,123.2,123.05,122.32,10590565,12953.95,32527,5220431,49.29,Metals
2023-09-01,NMDC, EQ, 01-Sep-2023,123.05,123.05,130.9,122.6,130.65,130.5,127.52,39389920,50230.11,109939,23767748,60.34,Metals
2023-09-04,NMDC, EQ, 04-Sep-2023,130.5,133.1,140.25,133.0,137.8,138.0,137.26,46708960,64114.05,166038,16650123,35.65,Metals
2023-09-05,NMDC, EQ, 05-Sep-2023,138.0,138.9,144.0,136.5,143.6,143.3,140.35,28895943,40554.04,97791,11535200,39.92,Metals
2023-09-06,NMDC, EQ, 06-Sep-2023,143.3,143.2,143.9,138.95,142.05,142.1,141.25,17576444,24826.58,61613,7836486,44.59,Metals
2023-09-07,NMDC, EQ, 07-Sep-2023,142.1,142.0,143.7,141.1,142.75,142.9,142.7,10187240,14537.59,45432,4684712,45.99,Metals
2023-09-08,NMDC, EQ, 08-Sep-2023,142.9,143.0,145.6,141.75,142.65,142.4,143.25,13572409,19442.22,51940,6069292,44.72,Metals
2023-09-11,NMDC, EQ, 11-Sep-2023,142.4,143.0,146.75,141.5,144.3,144.5,144.42,18030900,26039.89,61981,7706030,42.74,Metals
2023-09-12,NMDC, EQ, 12-Sep-2023,144.5,145.4,146.0,135.75,136.6,136.5,139.33,19286946,26872.34,88467,8748148,45.36,Metals
2023-09-13,NMDC, EQ, 13-Sep-2023,136.5,137.0,142.85,135.65,142.25,142.2,139.79,14712519,20566.59,71155,4692749,31.9,Metals
2023-09-14,NMDC, EQ, 14-Sep-2023,142.2,143.05,150.9,142.8,150.6,150.2,148.55,38840906,57697.12,132386,12264818,31.58,Metals
2023-09-15,NMDC, EQ, 15-Sep-2023,150.2,152.85,154.25,148.85,149.3,149.9,150.87,27031700,40781.84,95573,11892771,44.0,Metals
2023-09-18,NMDC, EQ, 18-Sep-2023,149.9,149.9,149.9,147.4,149.0,148.85,148.65,10032071,14912.9,45093,5517801,55.0,Metals
2023-09-20,NMDC, EQ, 20-Sep-2023,148.85,148.0,151.55,146.25,147.8,148.05,148.37,13760530,20416.39,57153,6265420,45.53,Metals
2023-09-21,NMDC, EQ, 21-Sep-2023,148.05,146.95,147.5,143.0,144.0,143.95,145.0,12189559,17674.45,50821,5303389,43.51,Metals
2023-09-22,NMDC, EQ, 22-Sep-2023,143.95,144.0,145.05,141.1,143.4,143.2,143.07,10121010,14479.93,47354,4915340,48.57,Metals
2023-09-25,NMDC, EQ, 25-Sep-2023,143.2,143.2,144.25,141.8,142.8,143.1,142.85,9505679,13578.83,33472,4794384,50.44,Metals
2023-09-26,NMDC, EQ, 26-Sep-2023,143.1,143.05,146.85,142.25,143.45,143.05,144.64,13813437,19980.12,50277,4786331,34.65,Metals
2023-09-27,NMDC, EQ, 27-Sep-2023,143.05,143.25,143.75,141.4,142.4,142.45,142.35,9193858,13087.3,32835,5042606,54.85,Metals
2023-09-28,NMDC, EQ, 28-Sep-2023,142.45,142.95,144.35,141.5,142.0,141.9,142.77,7998765,11419.48,37425,4501791,56.28,Metals
2023-09-29,NMDC, EQ, 29-Sep-2023,141.9,143.35,148.95,143.3,148.1,147.95,146.88,14406278,21160.39,54010,5621223,39.02,Metals
2023-10-03,NMDC, EQ, 03-Oct-2023,147.95,149.6,149.95,147.25,147.85,148.05,148.42,12861454,19089.24,59437,5285989,41.1,Metals
2023-10-04,NMDC, EQ, 04-Oct-2023,148.05,148.0,149.25,143.65,145.9,145.8,146.77,14848217,21793.17,51060,6737284,45.37,Metals
2023-10-05,NMDC, EQ, 05-Oct-2023,145.8,146.9,148.55,145.75,146.6,146.2,147.12,9110789,13403.42,36815,4401786,48.31,Metals
2023-10-06,NMDC, EQ, 06-Oct-2023,146.2,147.1,147.7,145.6,145.75,145.8,146.39,5076844,7431.96,28217,2378983,46.86,Metals
2023-10-09,NMDC, EQ, 09-Oct-2023,145.8,144.0,144.0,140.65,142.75,143.15,142.73,9180199,13102.52,37809,3716719,40.49,Metals
2023-10-10,NMDC, EQ, 10-Oct-2023,143.15,143.25,151.15,143.25,151.0,150.25,147.67,16441933,24279.1,65572,7175118,43.64,Metals
2023-10-11,NMDC, EQ, 11-Oct-2023,150.25,152.3,153.8,149.7,150.1,150.3,151.55,23202583,35163.37,90152,8936379,38.51,Metals
2023-10-12,NMDC, EQ, 12-Oct-2023,150.3,151.5,159.9,150.95,158.45,159.0,157.8,58650451,92551.3,201446,15283706,26.06,Metals
2023-10-13,NMDC, EQ, 13-Oct-2023,159.0,158.0,164.1,156.8,160.0,159.9,161.03,35909080,57823.6,122462,11675059,32.51,Metals
2023-10-16,NMDC, EQ, 16-Oct-2023,159.9,161.4,165.75,160.2,165.25,165.25,164.15,30250871,49655.49,134167,8401670,27.77,Metals
2023-10-17,NMDC, EQ, 17-Oct-2023,165.25,166.15,167.55,164.0,165.1,165.2,165.73,19281455,31955.01,85786,8671940,44.98,Metals
2023-10-18,NMDC, EQ, 18-Oct-2023,165.2,165.2,166.5,160.25,161.45,161.65,162.55,14161636,23020.4,69157,6327135,44.68,Metals
2023-10-19,NMDC, EQ, 19-Oct-2023,161.65,160.25,164.05,158.85,162.6,163.4,161.81,11181525,18092.98,53720,3872228,34.63,Metals
2023-10-20,NMDC, EQ, 20-Oct-2023,163.4,162.4,162.5,156.1,158.4,158.05,158.58,13350167,21171.28,66148,5856866,43.87,Metals
2023-10-23,NMDC, EQ, 23-Oct-2023,158.05,158.0,158.8,150.4,151.3,151.15,153.38,17270778,26490.29,70572,8782952,50.85,Metals
2023-10-25,NMDC, EQ, 25-Oct-2023,151.15,152.85,154.75,150.6,152.75,152.95,153.04,18234386,27906.17,56406,10718095,58.78,Metals
2023-10-26,NMDC, EQ, 26-Oct-2023,152.95,151.0,152.8,149.2,152.65,152.05,150.56,9474292,14264.61,46868,4226256,44.61,Metals
2023-10-27,NMDC, EQ, 27-Oct-2023,152.05,153.0,155.85,152.4,154.5,154.4,154.4,9872315,15243.06,42469,4637189,46.97,Metals
2023-10-30,NMDC, EQ, 30-Oct-2023,154.4,154.4,156.3,152.5,156.0,155.9,154.7,6267611,9696.16,40039,2500805,39.9,Metals
2023-10-31,NMDC, EQ, 31-Oct-2023,155.9,157.0,157.65,153.6,154.15,154.2,155.05,8601461,13336.95,39159,4428976,51.49,Metals
2023-11-01,NMDC, EQ, 01-Nov-2023,154.2,154.3,155.3,152.75,153.35,153.65,154.11,4580234,7058.46,28147,2185163,47.71,Metals
2023-11-02,NMDC, EQ, 02-Nov-2023,153.65,154.55,160.5,154.1,159.75,159.9,158.08,11208581,17718.74,56847,4254935,37.96,Metals
2023-11-03,NMDC, EQ, 03-Nov-2023,159.9,161.25,161.25,158.3,159.5,159.45,159.54,8355761,13331.01,42381,2986451,35.74,Metals
2023-11-06,NMDC, EQ, 06-Nov-2023,159.45,160.65,162.25,159.45,160.3,160.35,160.67,7589638,12194.33,45893,2967270,39.1,Metals
2023-11-07,NMDC, EQ, 07-Nov-2023,160.35,160.5,164.55,160.4,163.3,163.05,163.07,16025618,26133.22,66863,9100070,56.78,Metals
2023-11-08,NMDC, EQ, 08-Nov-2023,163.05,164.3,165.0,161.85,162.3,162.4,163.02,6344587,10342.78,32561,3278763,51.68,Metals
2023-11-09,NMDC, EQ, 09-Nov-2023,162.4,162.6,164.9,161.7,162.8,163.05,163.24,6653234,10860.8,31969,3149213,47.33,Metals
2023-11-10,NMDC, EQ, 10-Nov-2023,163.05,162.45,169.6,161.45,168.85,168.7,167.32,24358320,40756.51,94168,10466839,42.97,Metals
2023-11-12,NMDC, EQ, 12-Nov-2023,168.7,172.75,173.0,170.4,173.0,172.35,172.07,6258547,10768.84,41046,3844576,61.43,Metals
2023-11-13,NMDC, EQ, 13-Nov-2023,172.35,172.95,177.8,170.1,175.3,175.25,175.24,26009145,45579.31,101730,10575459,40.66,Metals
2023-11-15,NMDC, EQ, 15-Nov-2023,175.25,174.75,175.0,166.75,170.2,169.8,169.91,29953255,50894.25,119122,10500987,35.06,Metals
2023-11-16,NMDC, EQ, 16-Nov-2023,169.8,170.95,171.95,168.1,169.1,168.9,169.64,11296315,19162.86,55442,4985779,44.14,Metals
2023-11-17,NMDC, EQ, 17-Nov-2023,168.9,168.9,170.6,168.0,168.85,168.9,169.08,6972351,11788.98,39642,3573244,51.25,Metals
2023-11-20,NMDC, EQ, 20-Nov-2023,168.9,170.8,173.0,169.1,170.8,170.7,170.71,13004346,22199.33,67353,4496818,34.58,Metals
2023-11-21,NMDC, EQ, 21-Nov-2023,170.7,171.85,172.25,167.15,169.55,169.7,170.09,12152333,20670.46,57617,5415547,44.56,Metals
2023-11-22,NMDC, EQ, 22-Nov-2023,169.7,170.0,171.7,168.3,170.95,171.5,170.36,11250935,19167.5,55213,6065469,53.91,Metals
2023-11-23,NMDC, EQ, 23-Nov-2023,171.5,173.0,174.0,170.9,172.7,172.4,172.77,11461061,19801.21,46846,5756217,50.22,Metals
2023-11-24,NMDC, EQ, 24-Nov-2023,172.4,174.4,177.35,172.45,173.95,173.2,175.5,23647741,41502.64,94779,6904551,29.2,Metals
2023-11-28,NMDC, EQ, 28-Nov-2023,173.2,174.5,182.4,173.75,181.7,181.65,179.13,22160056,39696.28,106928,8852816,39.95,Metals
2023-11-29,NMDC, EQ, 29-Nov-2023,181.65,182.95,183.5,178.5,180.5,180.5,180.12,15281581,27525.53,67956,7108744,46.52,Metals
2023-11-30,NMDC, EQ, 30-Nov-2023,180.5,180.3,182.5,176.7,182.0,181.5,180.35,17530805,31616.84,83806,9205364,52.51,Metals
2023-12-01,NMDC, EQ, 01-Dec-2023,181.5,182.95,184.7,181.1,182.35,182.05,182.83,10849741,19837.06,54283,4960794,45.72,Metals
2023-12-04,NMDC, EQ, 04-Dec-2023,182.05,185.3,186.0,183.3,184.0,184.05,184.53,10564340,19494.62,51253,4677745,44.28,Metals
2023-12-05,NMDC, EQ, 05-Dec-2023,184.05,185.0,186.2,180.7,182.85,183.0,183.57,8905796,16348.12,56107,4296912,48.25,Metals
2023-12-06,NMDC, EQ, 06-Dec-2023,183.0,183.0,186.95,181.55,184.4,184.3,184.1,9598557,17670.66,51675,4278630,44.58,Metals
2023-12-07,NMDC, EQ, 07-Dec-2023,184.3,184.3,185.4,182.95,183.8,184.1,184.24,5872440,10819.68,43370,2914818,49.64,Metals
2023-12-08,NMDC, EQ, 08-Dec-2023,184.1,185.0,189.0,180.9,183.15,183.6,185.61,12271442,22776.77,69376,3849556,31.37,Metals
2023-12-11,NMDC, EQ, 11-Dec-2023,183.6,184.0,185.35,181.5,184.3,184.8,184.09,5279653,9719.17,51801,2098816,39.75,Metals
2023-12-12,NMDC, EQ, 12-Dec-2023,184.8,185.5,186.9,182.3,183.0,183.05,184.61,5588910,10317.71,44026,2496743,44.67,Metals
2023-12-13,NMDC, EQ, 13-Dec-2023,183.05,184.7,191.9,184.35,191.1,191.65,189.49,21932990,41561.77,124709,6925711,31.58,Metals
2023-12-14,NMDC, EQ, 14-Dec-2023,191.65,194.5,195.55,191.15,192.0,191.85,193.06,19475251,37599.18,98938,9934084,51.01,Metals
2023-12-15,NMDC, EQ, 15-Dec-2023,191.85,194.8,197.8,193.95,194.5,194.95,195.72,13229093,25891.9,79076,5687758,42.99,Metals
2023-12-18,NMDC, EQ, 18-Dec-2023,194.95,194.95,197.25,191.3,195.85,195.55,195.45,9564809,18694.31,41679,4404080,46.04,Metals
2023-12-19,NMDC, EQ, 19-Dec-2023,195.55,195.55,197.0,192.0,193.8,193.6,194.07,7001726,13588.01,45371,3368597,48.11,Metals
2023-12-20,NMDC, EQ, 20-Dec-2023,193.6,194.75,198.65,181.85,182.9,183.4,191.7,16317195,31280.14,104324,5219919,31.99,Metals
2023-12-21,NMDC, EQ, 21-Dec-2023,183.4,181.0,194.65,179.9,193.55,193.65,190.18,24520581,46632.25,114329,4789581,19.53,Metals
2023-12-22,NMDC, EQ, 22-Dec-2023,193.65,196.45,197.35,191.75,194.85,195.4,195.07,13696123,26716.82,73414,4212771,30.76,Metals
2023-12-26,NMDC, EQ, 26-Dec-2023,195.4,195.75,204.95,194.85,202.2,201.85,201.94,31256241,63119.88,135132,10614623,33.96,Metals
2023-12-27,NMDC, EQ, 27-Dec-2023,201.85,203.6,203.95,198.35,201.25,201.45,201.81,11050354,22300.59,58935,4367729,39.53,Metals
2023-12-28,NMDC, EQ, 28-Dec-2023,201.45,202.65,207.45,201.2,206.8,207.15,205.59,26020759,53495.79,99140,12460678,47.89,Metals
2023-12-29,NMDC, EQ, 29-Dec-2023,207.15,208.65,212.65,203.7,209.25,209.65,208.03,22811186,47453.34,89018,7809115,34.23,Metals
2024-01-01,NMDC, EQ, 01-Jan-2024,209.65,210.9,214.9,209.25,211.8,211.45,212.69,17205283,36594.32,86681,7161815,41.63,Metals
2024-01-02,NMDC, EQ, 02-Jan-2024,211.45,213.05,220.0,210.55,217.4,217.75,216.95,35438178,76883.43,170812,10302165,29.07,Metals
2024-01-03,NMDC, EQ, 03-Jan-2024,217.75,217.65,219.55,213.0,216.6,217.4,216.97,15118202,32802.6,84092,6866145,45.42,Metals
2024-01-04,NMDC, EQ, 04-Jan-2024,217.4,219.05,224.5,219.05,223.8,223.55,222.59,19777700,44023.6,106680,8438424,42.67,Metals
2024-01-05,NMDC, EQ, 05-Jan-2024,223.55,223.0,227.3,220.1,222.65,222.7,223.74,15321761,34281.17,96782,6377024,41.62,Metals
2024-01-08,NMDC, EQ, 08-Jan-2024,222.7,223.65,223.85,214.5,216.3,215.2,218.15,15331775,33445.9,91027,6787331,44.27,Metals
2024-01-09,NMDC, EQ, 09-Jan-2024,215.2,219.0,220.65,216.5,217.3,217.5,218.17,10157907,22161.89,103230,4721042,46.48,Metals
2024-01-10,NMDC, EQ, 10-Jan-2024,217.5,216.5,216.5,209.6,211.5,210.85,211.67,18479321,39115.82,130053,9122319,49.37,Metals
2024-01-11,NMDC, EQ, 11-Jan-2024,210.85,212.45,213.4,209.2,209.4,209.6,211.22,8585574,18134.59,68652,3878544,45.18,Metals
2024-01-12,NMDC, EQ, 12-Jan-2024,209.6,210.9,213.2,208.55,211.3,211.35,211.14,9323708,19686.23,64121,4273147,45.83,Metals
2024-01-15,NMDC, EQ, 15-Jan-2024,211.35,214.5,214.9,208.4,208.9,209.4,210.59,13498753,28427.04,81226,7056905,52.28,Metals
2024-01-16,NMDC, EQ, 16-Jan-2024,209.4,209.8,214.0,205.4,212.85,212.75,210.67,17724461,37339.43,106449,5761062,32.5,Metals
2024-01-17,NMDC, EQ, 17-Jan-2024,212.75,209.85,211.3,205.05,207.2,206.4,208.65,15042898,31387.04,94602,5900125,39.22,Metals
2024-01-18,NMDC, EQ, 18-Jan-2024,206.4,206.4,208.75,196.6,204.25,203.6,201.8,18673883,37684.32,117450,6644421,35.58,Metals
2024-01-19,NMDC, EQ, 19-Jan-2024,203.6,206.55,211.35,204.65,210.6,210.85,207.75,12839714,26674.9,85858,4068938,31.69,Metals
2024-01-20,NMDC, EQ, 20-Jan-2024,210.85,212.65,217.75,210.45,213.5,212.85,214.67,15781744,33878.36,69540,6339776,40.17,Metals
2024-01-23,NMDC, EQ, 23-Jan-2024,212.85,214.75,215.9,201.5,203.25,202.45,208.09,19849632,41305.25,120417,8481548,42.73,Metals
2024-01-24,NMDC, EQ, 24-Jan-2024,202.45,204.9,212.5,203.45,212.5,211.8,210.03,17860496,37511.7,93193,7298512,40.86,Metals
2024-01-25,NMDC, EQ, 25-Jan-2024,211.8,213.7,217.7,212.2,217.25,217.15,215.96,18203331,39311.66,98964,7564638,41.56,Metals
2024-01-29,NMDC, EQ, 29-Jan-2024,217.15,219.55,222.0,217.4,221.1,220.95,220.34,16993127,37442.74,111786,7596552,44.7,Metals
2024-01-30,NMDC, EQ, 30-Jan-2024,220.95,221.85,223.45,219.05,220.3,219.7,221.66,8836773,19587.9,63174,3310364,37.46,Metals
2024-01-31,NMDC, EQ, 31-Jan-2024,219.7,220.5,221.95,218.4,220.0,219.85,220.07,7226123,15902.45,62054,3329628,46.08,Metals
2024-02-01,NMDC, EQ, 01-Feb-2024,219.85,222.0,226.7,218.7,226.65,225.4,222.57,15572060,34658.86,77200,7898104,50.72,Metals
2024-02-02,NMDC, EQ, 02-Feb-2024,225.4,229.3,237.5,227.7,236.7,235.55,232.48,38931640,90508.48,188465,13307265,34.18,Metals
2024-02-05,NMDC, EQ, 05-Feb-2024,235.55,240.0,247.0,237.2,241.15,241.45,242.96,31533886,76614.61,175338,11659635,36.97,Metals
2024-02-06,NMDC, EQ, 06-Feb-2024,241.45,242.25,244.5,235.0,242.95,243.55,239.05,19947040,47683.86,118658,8379510,42.01,Metals
2024-02-07,NMDC, EQ, 07-Feb-2024,243.55,246.4,247.05,240.0,244.0,243.45,243.99,17390780,42432.42,94515,8206813,47.19,Metals
2024-02-08,NMDC, EQ, 08-Feb-2024,243.45,244.75,246.4,240.55,244.35,244.4,244.31,9122867,22287.71,59863,3599063,39.45,Metals
2024-02-09,NMDC, EQ, 09-Feb-2024,244.4,244.35,245.1,233.75,241.5,241.5,239.2,12829576,30687.73,78884,4504704,35.11,Metals
2024-02-12,NMDC, EQ, 12-Feb-2024,241.5,240.75,244.7,228.2,229.55,230.05,235.11,15712800,36942.63,93785,6306033,40.13,Metals
2024-02-13,NMDC, EQ, 13-Feb-2024,230.05,234.5,234.5,224.15,227.75,226.8,227.26,16234568,36895.47,87511,5864559,36.12,Metals
2024-02-14,NMDC, EQ, 14-Feb-2024,226.8,225.4,237.3,223.3,235.8,235.55,231.23,15165547,35067.04,97829,4099418,27.03,Metals
2024-02-15,NMDC, EQ, 15-Feb-2024,235.55,248.8,252.4,243.0,246.6,246.95,248.08,62514312,155085.89,277457,14870248,23.79,Metals
2024-02-16,NMDC, EQ, 16-Feb-2024,246.95,248.0,248.0,241.15,243.9,244.35,244.55,19945452,48775.72,128160,8425628,42.24,Metals
2024-02-19,NMDC, EQ, 19-Feb-2024,244.35,245.8,250.4,244.6,247.0,246.3,247.75,13178844,32651.2,78993,5140988,39.01,Metals
2024-02-20,NMDC, EQ, 20-Feb-2024,246.3,248.25,248.6,239.2,241.45,240.95,243.51,18676448,45479.85,94694,7703079,41.24,Metals
2024-02-21,NMDC, EQ, 21-Feb-2024,240.95,244.75,244.75,231.3,232.8,232.6,236.9,21207611,50241.59,118027,8846406,41.71,Metals
2024-02-22,NMDC, EQ, 22-Feb-2024,232.6,235.0,239.6,231.3,239.35,239.0,236.83,17900592,42394.48,92611,5474840,30.58,Metals
2024-02-23,NMDC, EQ, 23-Feb-2024,239.0,240.85,240.85,236.0,238.7,238.3,238.96,16207227,38728.14,101911,8716118,53.78,Metals
2024-02-26,NMDC, EQ, 26-Feb-2024,238.3,238.15,239.2,233.3,235.25,234.95,235.68,15031734,35426.04,69174,9280230,61.74,Metals
2024-02-27,NMDC, EQ, 27-Feb-2024,234.95,229.5,231.3,222.4,225.1,225.05,226.24,20882512,47243.63,114662,12042335,57.67,Metals
2024-02-28,NMDC, EQ, 28-Feb-2024,225.05,227.0,229.4,222.0,222.45,223.05,225.82,19209923,43379.39,74415,10220710,53.21,Metals
2024-02-29,NMDC, EQ, 29-Feb-2024,223.05,224.0,229.6,221.25,225.95,225.9,225.87,163840023,370063.77,187356,101981381,62.24,Metals
2024-03-01,NMDC, EQ, 01-Mar-2024,225.9,227.4,234.55,227.1,231.95,231.05,230.9,15383312,35520.67,74832,5936120,38.59,Metals
2024-03-02,NMDC, EQ, 02-Mar-2024,231.05,232.0,234.95,231.8,234.7,234.7,234.07,1334521,3123.7,10333,733425,54.96,Metals
2024-03-04,NMDC, EQ, 04-Mar-2024,234.7,236.5,241.9,233.85,240.1,240.05,238.29,16560917,39463.72,83415,6905277,41.7,Metals
2024-03-05,NMDC, EQ, 05-Mar-2024,240.05,239.9,243.5,239.05,243.15,242.65,241.72,13956064,33734.36,77283,7110827,50.95,Metals
2024-03-06,NMDC, EQ, 06-Mar-2024,242.65,242.95,245.2,235.6,240.9,240.95,239.82,13136957,31504.42,77702,6151510,46.83,Metals
2024-03-07,NMDC, EQ, 07-Mar-2024,240.95,238.5,243.8,237.25,238.25,238.8,240.4,15014187,36093.63,109718,8441704,56.22,Metals
2024-03-11,NMDC, EQ, 11-Mar-2024,238.8,235.0,237.5,228.3,229.0,228.85,232.16,14771036,34291.95,88068,6096098,41.27,Metals
2024-03-12,NMDC, EQ, 12-Mar-2024,228.85,229.0,230.95,221.05,223.85,223.5,224.77,15751013,35404.34,91796,7404928,47.01,Metals
2024-03-13,NMDC, EQ, 13-Mar-2024,223.5,223.0,224.15,203.4,204.3,205.45,211.98,22198771,47057.87,130991,9525180,42.91,Metals
2024-03-14,NMDC, EQ, 14-Mar-2024,205.45,203.5,208.5,197.15,202.2,201.95,202.54,29307739,59359.55,149598,12517976,42.71,Metals
2024-03-15,NMDC, EQ, 15-Mar-2024,201.95,202.9,204.5,190.35,197.45,198.35,196.9,25254158,49724.49,155986,10390650,41.14,Metals
2024-03-18,NMDC, EQ, 18-Mar-2024,198.35,198.4,204.45,195.05,202.6,202.7,200.32,19441508,38945.64,109171,7909124,40.68,Metals
2024-03-19,NMDC, EQ, 19-Mar-2024,202.7,202.7,208.65,199.7,200.2,200.3,203.82,23792218,48492.69,151804,6581403,27.66,Metals
2024-03-20,NMDC, EQ, 20-Mar-2024,200.3,202.4,206.45,201.5,204.8,205.8,204.56,23329319,47721.88,97750,11872845,50.89,Metals
2024-03-21,NMDC, EQ, 21-Mar-2024,205.8,205.7,209.1,204.8,208.5,207.8,206.92,16136822,33389.74,80014,6961951,43.14,Metals
2024-03-22,NMDC, EQ, 22-Mar-2024,207.8,206.0,206.7,202.0,203.95,203.7,204.05,17870784,36464.47,72286,8586425,48.05,Metals
2024-03-26,NMDC, EQ, 26-Mar-2024,203.7,202.5,206.2,201.95,203.5,203.45,203.95,12249411,24983.27,62220,6384187,52.12,Metals
2024-03-27,NMDC, EQ, 27-Mar-2024,203.45,204.2,205.15,198.5,199.45,199.0,201.36,9483396,19095.73,68068,4923163,51.91,Metals
2024-03-28,NMDC, EQ, 28-Mar-2024,199.0,200.85,203.65,200.05,202.05,201.75,202.28,11957017,24186.2,65812,7018080,58.69,Metals
2024-04-01,NMDC, EQ, 01-Apr-2024,201.75,204.8,213.2,203.3,212.55,212.6,210.02,19948715,41896.44,102442,6745619,33.81,Metals
2024-04-02,NMDC, EQ, 02-Apr-2024,212.6,212.0,216.6,210.0,215.2,215.7,213.35,19478121,41556.06,88254,7699256,39.53,Metals
2024-04-03,NMDC, EQ, 03-Apr-2024,215.7,215.7,220.75,214.1,218.0,217.7,218.33,16690310,36439.45,88865,7202097,43.15,Metals
2024-04-04,NMDC, EQ, 04-Apr-2024,217.7,220.45,220.7,212.95,217.5,216.8,216.22,10629488,22982.68,80324,4342755,40.86,Metals
2024-04-05,NMDC, EQ, 05-Apr-2024,216.8,216.7,219.7,214.1,217.85,217.9,217.29,6377983,13858.56,42895,2320474,36.38,Metals
2024-04-08,NMDC, EQ, 08-Apr-2024,217.9,219.65,225.2,217.15,224.15,224.1,221.96,18465554,40985.23,78794,7465189,40.43,Metals
2024-04-09,NMDC, EQ, 09-Apr-2024,224.1,224.2,229.15,223.25,227.85,228.0,227.02,15094230,34266.74,95967,5048072,33.44,Metals
2024-04-10,NMDC, EQ, 10-Apr-2024,228.0,230.0,244.45,228.75,240.8,241.1,239.99,47579341,114185.99,244163,12909473,27.13,Metals
2024-04-12,NMDC, EQ, 12-Apr-2024,241.1,240.7,243.3,238.1,238.25,238.9,240.4,15838383,38074.87,106667,7065505,44.61,Metals
2024-04-15,NMDC, EQ, 15-Apr-2024,238.9,233.55,246.7,231.6,241.4,240.9,240.3,25312385,60825.23,144186,7487460,29.58,Metals
2024-04-16,NMDC, EQ, 16-Apr-2024,240.9,239.9,245.55,236.15,240.7,240.45,241.85,13464749,32564.64,80540,4993448,37.09,Metals
2024-04-18,NMDC, EQ, 18-Apr-2024,240.45,241.5,246.85,233.6,236.95,235.2,240.72,18579972,44725.84,104232,8514070,45.82,Metals
2024-04-19,NMDC, EQ, 19-Apr-2024,235.2,232.0,237.5,229.35,235.4,235.65,234.1,11718178,27432.83,65913,3739063,31.91,Metals
2024-04-22,NMDC, EQ, 22-Apr-2024,235.65,238.0,240.75,236.5,238.05,237.8,238.2,5953216,14180.41,39259,1835016,30.82,Metals
2024-04-23,NMDC, EQ, 23-Apr-2024,237.8,239.0,239.15,233.95,234.3,234.65,235.85,7298431,17213.04,54016,3316538,45.44,Metals
2024-04-24,NMDC, EQ, 24-Apr-2024,234.65,236.0,249.15,235.7,247.75,248.1,244.37,32168850,78609.98,151086,9983026,31.03,Metals
2024-04-25,NMDC, EQ, 25-Apr-2024,248.1,249.9,253.0,246.7,252.5,252.25,250.42,23367304,58516.02,118090,8042060,34.42,Metals
2024-04-26,NMDC, EQ, 26-Apr-2024,252.25,254.0,259.5,253.35,257.75,257.95,256.78,18237366,46830.02,104239,6008872,32.95,Metals
2024-04-29,NMDC, EQ, 29-Apr-2024,257.95,260.75,261.5,253.6,254.8,254.9,255.9,9688830,24794.17,69801,4388652,45.3,Metals
2024-04-30,NMDC, EQ, 30-Apr-2024,254.9,260.0,260.65,254.05,254.5,254.4,257.42,10527601,27100.09,59128,4010767,38.1,Metals
2024-05-02,NMDC, EQ, 02-May-2024,254.4,254.0,260.4,252.2,259.0,258.5,258.03,14420844,37209.59,80286,6765675,46.92,Metals
2024-05-03,NMDC, EQ, 03-May-2024,258.5,258.5,269.9,258.15,269.0,268.95,265.44,38974667,103455.08,167897,13682907,35.11,Metals
2024-05-06,NMDC, EQ, 06-May-2024,268.95,271.7,273.2,258.0,268.5,269.4,266.74,26525706,70755.1,131852,7422852,27.98,Metals
2024-05-07,NMDC, EQ, 07-May-2024,269.4,270.5,270.5,258.25,261.15,260.8,263.35,20081243,52884.53,107927,9292546,46.27,Metals
2024-05-08,NMDC, EQ, 08-May-2024,260.8,258.25,268.4,258.25,266.75,266.8,265.98,11543112,30702.06,77745,4076193,35.31,Metals
2024-05-09,NMDC, EQ, 09-May-2024,266.8,267.0,268.1,251.85,253.75,253.0,258.21,10986791,28368.93,96548,4864420,44.28,Metals
2024-05-10,NMDC, EQ, 10-May-2024,253.0,253.0,257.0,248.45,255.95,255.4,254.18,9447020,24012.24,51166,2998954,31.74,Metals
2024-05-13,NMDC, EQ, 13-May-2024,255.4,255.4,257.1,246.2,256.1,255.75,251.67,8631620,21723.25,57562,2960574,34.3,Metals
2024-05-14,NMDC, EQ, 14-May-2024,255.75,256.55,266.3,256.55,264.5,265.05,263.08,11115912,29243.44,79462,3471940,31.23,Metals
2024-05-15,NMDC, EQ, 15-May-2024,265.05,265.5,269.45,265.2,267.75,267.3,267.27,8577348,22924.45,63925,3269223,38.11,Metals
2024-05-16,NMDC, EQ, 16-May-2024,267.3,269.4,271.65,261.4,265.1,265.0,266.63,11009983,29355.41,82286,4612770,41.9,Metals
2024-05-17,NMDC, EQ, 17-May-2024,265.0,266.0,277.7,265.05,277.1,276.65,274.05,16792856,46021.1,98622,6118690,36.44,Metals
2024-05-18,NMDC, EQ, 18-May-2024,276.65,278.0,281.45,278.0,279.05,280.15,280.1,3129040,8764.35,18919,1524463,48.72,Metals
2024-05-21,NMDC, EQ, 21-May-2024,280.15,281.05,286.35,279.15,282.65,282.2,283.43,13473517,38187.52,107558,5480544,40.68,Metals
2024-05-22,NMDC, EQ, 22-May-2024,282.2,284.8,285.0,270.65,274.0,273.2,275.86,19119026,52740.95,108738,9530701,49.85,Metals
2024-05-23,NMDC, EQ, 23-May-2024,273.2,273.85,274.1,263.65,266.0,266.05,266.81,13589767,36259.48,83793,5274436,38.81,Metals
2024-05-24,NMDC, EQ, 24-May-2024,266.05,267.0,271.25,266.55,267.35,267.9,269.08,7687611,20686.15,79782,2809025,36.54,Metals
2024-05-27,NMDC, EQ, 27-May-2024,267.9,270.15,270.15,261.7,263.0,262.6,264.54,10049267,26584.67,73469,3605392,35.88,Metals
2024-05-28,NMDC, EQ, 28-May-2024,262.6,258.0,265.65,257.7,258.7,258.85,260.54,17938456,46737.59,95046,5452899,30.4,Metals
2024-05-29,NMDC, EQ, 29-May-2024,258.85,257.0,260.15,254.35,257.9,258.15,257.53,11084059,28545.12,69764,5068268,45.73,Metals
2024-05-30,NMDC, EQ, 30-May-2024,258.15,258.0,258.15,248.2,250.5,249.45,252.14,10123573,25525.58,78976,4265181,42.13,Metals
2024-05-31,NMDC, EQ, 31-May-2024,249.45,252.8,261.85,250.2,260.0,260.15,257.94,24596856,63444.39,111452,12771365,51.92,Metals
2024-06-03,NMDC, EQ, 03-Jun-2024,260.15,273.0,273.1,262.8,269.0,267.9,267.16,15343724,40992.44,166825,7830808,51.04,Metals
2024-06-04,NMDC, EQ, 04-Jun-2024,267.9,267.9,267.9,211.15,237.75,237.3,243.72,32014391,78024.42,252360,13540531,42.3,Metals
2024-06-05,NMDC, EQ, 05-Jun-2024,237.3,240.0,247.0,223.85,244.3,244.8,236.65,17659231,41790.81,126063,6315047,35.76,Metals
2024-06-06,NMDC, EQ, 06-Jun-2024,244.8,249.7,257.5,247.0,252.95,252.2,252.98,9585788,24249.84,97205,2888338,30.13,Metals
2024-06-07,NMDC, EQ, 07-Jun-2024,252.2,255.5,259.8,253.2,258.05,258.5,257.7,8317059,21432.82,55290,2535152,30.48,Metals
2024-06-10,NMDC, EQ, 10-Jun-2024,258.5,259.0,259.0,253.85,254.8,254.7,256.0,5191811,13291.06,44534,1841973,35.48,Metals
2024-06-11,NMDC, EQ, 11-Jun-2024,254.7,254.9,261.45,252.5,255.95,255.25,257.37,6642572,17096.25,57031,2286483,34.42,Metals
2024-06-12,NMDC, EQ, 12-Jun-2024,255.25,256.5,263.95,255.35,263.95,263.1,261.17,9493539,24794.24,78104,3867101,40.73,Metals
2024-06-13,NMDC, EQ, 13-Jun-2024,263.1,267.4,268.1,262.65,265.3,265.35,265.54,8338914,22142.78,64515,3428548,41.12,Metals
2024-06-14,NMDC, EQ, 14-Jun-2024,265.35,265.35,268.7,263.1,266.85,267.4,266.72,6373405,16999.43,53442,2957994,46.41,Metals
2024-06-18,NMDC, EQ, 18-Jun-2024,267.4,268.6,270.85,265.35,266.3,265.95,267.39,7466397,19964.75,63017,3629649,48.61,Metals
2024-06-19,NMDC, EQ, 19-Jun-2024,265.95,267.05,268.1,260.55,262.2,262.1,263.56,5470537,14418.36,48602,2204230,40.29,Metals
2024-06-20,NMDC, EQ, 20-Jun-2024,262.1,262.0,275.6,259.25,273.5,273.25,271.69,22534993,61225.02,122534,6884850,30.55,Metals
2024-06-21,NMDC, EQ, 21-Jun-2024,273.25,275.0,275.2,268.05,269.7,269.7,271.28,9563807,25944.71,69942,3868123,40.45,Metals
2024-06-24,NMDC, EQ, 24-Jun-2024,269.7,267.45,267.7,262.1,265.0,264.0,264.93,6577928,17426.64,61970,2395504,36.42,Metals
2024-06-25,NMDC, EQ, 25-Jun-2024,264.0,266.55,267.3,255.6,258.0,258.05,260.07,9792700,25467.5,66623,4342980,44.35,Metals
2024-06-26,NMDC, EQ, 26-Jun-2024,258.05,255.9,256.0,248.25,249.4,249.25,250.9,19495243,48913.46,154533,10528937,54.01,Metals
2024-06-27,NMDC, EQ, 27-Jun-2024,249.25,250.0,253.4,241.25,246.85,245.5,246.33,19985477,49230.9,156705,10546086,52.77,Metals
2024-06-28,NMDC, EQ, 28-Jun-2024,245.5,246.85,250.9,245.45,246.9,246.05,247.48,12936396,32014.65,60265,7740407,59.83,Metals
2024-07-01,NMDC, EQ, 01-Jul-2024,246.05,245.0,252.25,244.66,252.25,251.6,250.0,24400033,61000.68,222675,13474144,55.22,Metals
2024-07-02,NMDC, EQ, 02-Jul-2024,251.6,251.6,252.15,242.4,244.7,244.35,246.43,23920837,58948.74,166690,13261387,55.44,Metals
2024-07-03,NMDC, EQ, 03-Jul-2024,244.35,246.9,252.3,246.11,251.1,251.22,249.68,11558134,28858.12,76977,4401536,38.08,Metals
2024-07-04,NMDC, EQ, 04-Jul-2024,251.22,253.5,255.4,250.83,251.7,251.61,252.57,13292695,33572.84,64902,6304577,47.43,Metals
2024-07-05,NMDC, EQ, 05-Jul-2024,251.61,250.0,254.0,249.0,252.28,252.28,251.44,14121287,35506.52,63151,8229139,58.27,Metals
2024-07-08,NMDC, EQ, 08-Jul-2024,252.28,253.19,253.4,249.5,250.31,250.13,251.26,8898452,22358.59,63084,4582642,51.5,Metals
2024-07-09,NMDC, EQ, 09-Jul-2024,250.13,251.0,254.19,250.01,251.24,251.32,252.4,10409892,26274.07,80903,4699003,45.14,Metals
2024-07-10,NMDC, EQ, 10-Jul-2024,251.32,251.5,252.6,239.57,245.07,244.91,244.05,12405644,30276.41,115458,5363606,43.24,Metals
2024-07-11,NMDC, EQ, 11-Jul-2024,244.91,246.05,247.3,244.25,246.49,246.19,245.75,7005866,17217.25,46787,3048698,43.52,Metals
2024-07-12,NMDC, EQ, 12-Jul-2024,246.19,247.21,248.88,244.2,246.1,246.26,247.03,4846292,11971.84,46391,2013259,41.54,Metals
2024-07-15,NMDC, EQ, 15-Jul-2024,246.26,247.0,248.25,243.64,247.49,247.12,246.79,5920050,14609.85,52742,2626751,44.37,Metals
2024-07-16,NMDC, EQ, 16-Jul-2024,247.12,248.0,250.72,246.16,247.01,246.72,248.58,6724913,16716.98,62857,2870668,42.69,Metals
2024-07-18,NMDC, EQ, 18-Jul-2024,246.72,246.4,246.4,240.71,241.95,241.9,242.82,6314659,15333.56,66649,2936865,46.51,Metals
2024-07-19,NMDC, EQ, 19-Jul-2024,241.9,241.85,241.85,228.01,228.4,228.76,232.42,11559080,26866.06,98192,4951149,42.83,Metals
2024-07-22,NMDC, EQ, 22-Jul-2024,228.76,228.0,235.6,225.0,234.0,233.89,232.86,6988560,16273.56,105608,2950188,42.21,Metals
2024-07-23,NMDC, EQ, 23-Jul-2024,233.89,234.9,236.2,220.88,234.5,234.67,231.88,13033258,30221.47,96366,5036080,38.64,Metals
2024-07-24,NMDC, EQ, 24-Jul-2024,234.67,234.4,237.45,231.78,233.1,232.73,234.25,5686076,13319.64,76945,2143658,37.7,Metals
2024-07-25,NMDC, EQ, 25-Jul-2024,232.73,229.99,234.95,227.54,230.2,229.87,230.56,10759754,24807.28,65855,4969512,46.19,Metals
2024-07-26,NMDC, EQ, 26-Jul-2024,229.87,232.45,239.32,232.06,237.9,238.55,237.06,8395880,19903.6,53088,3271742,38.97,Metals
2024-07-29,NMDC, EQ, 29-Jul-2024,238.55,240.1,245.98,239.25,244.28,244.19,243.44,10284790,25037.76,99523,5174109,50.31,Metals
2024-07-30,NMDC, EQ, 30-Jul-2024,244.19,242.8,244.86,240.4,242.59,243.03,243.12,5002321,12161.73,65551,2028531,40.55,Metals
2024-07-31,NMDC, EQ, 31-Jul-2024,243.03,244.5,245.94,240.91,241.27,241.61,242.22,6566727,15905.7,51958,3324550,50.63,Metals
2024-08-01,NMDC, EQ, 01-Aug-2024,241.61,242.7,249.14,241.4,243.0,242.73,245.82,12713711,31253.17,85924,3645996,28.68,Metals
2024-08-02,NMDC, EQ, 02-Aug-2024,242.73,239.8,240.25,234.55,236.0,235.91,237.41,5617281,13336.16,57847,1875804,33.39,Metals
2024-08-05,NMDC, EQ, 05-Aug-2024,235.91,230.97,231.39,221.61,224.15,224.29,226.04,8532218,19286.59,95371,3173618,37.2,Metals
2024-08-06,NMDC, EQ, 06-Aug-2024,224.29,224.75,231.48,221.86,223.11,222.74,227.03,6109979,13871.73,58976,2447377,40.06,Metals
2024-08-07,NMDC, EQ, 07-Aug-2024,222.74,226.0,229.65,224.13,229.4,228.57,227.0,7046166,15994.97,42450,3469855,49.24,Metals
2024-08-08,NMDC, EQ, 08-Aug-2024,228.57,229.2,229.74,221.91,222.81,222.49,225.71,6163968,13912.47,67247,2545296,41.29,Metals
2024-08-09,NMDC, EQ, 09-Aug-2024,222.49,225.0,226.2,218.52,221.5,221.53,221.53,7529898,16681.07,62239,2846589,37.8,Metals
2024-08-12,NMDC, EQ, 12-Aug-2024,221.53,219.0,230.7,217.11,230.05,229.63,225.68,9658768,21798.26,71820,2866542,29.68,Metals
2024-08-13,NMDC, EQ, 13-Aug-2024,229.63,234.95,234.95,223.11,223.9,224.46,228.66,14257716,32602.02,88624,3636192,25.5,Metals
2024-08-14,NMDC, EQ, 14-Aug-2024,224.46,225.01,225.74,210.06,211.0,210.94,214.59,23596240,50635.23,163248,6352950,26.92,Metals
2024-08-16,NMDC, EQ, 16-Aug-2024,210.94,215.0,218.0,210.15,217.1,217.45,213.75,15202847,32496.77,81817,4628982,30.45,Metals
2024-08-19,NMDC, EQ, 19-Aug-2024,217.45,219.7,221.21,217.2,220.2,219.86,219.06,6989544,15311.22,60495,2279304,32.61,Metals
2024-08-20,NMDC, EQ, 20-Aug-2024,219.86,220.85,225.36,219.65,225.0,224.58,222.17,9908370,22013.03,74461,4167204,42.06,Metals
2024-08-21,NMDC, EQ, 21-Aug-2024,224.58,225.0,227.4,222.1,222.8,222.67,223.87,10108460,22629.55,60010,4845453,47.93,Metals
2024-08-22,NMDC, EQ, 22-Aug-2024,222.67,224.5,227.89,223.76,226.25,226.34,225.79,7702784,17392.43,63987,2783472,36.14,Metals
2024-08-23,NMDC, EQ, 23-Aug-2024,226.34,226.9,226.9,221.4,221.9,221.76,223.58,4688481,10482.59,53423,2228148,47.52,Metals
2024-08-26,NMDC, EQ, 26-Aug-2024,221.76,223.0,230.2,221.76,229.2,229.22,226.29,8423452,19061.3,66812,3183627,37.79,Metals
2024-08-27,NMDC, EQ, 27-Aug-2024,229.22,230.05,233.1,228.83,229.54,229.65,230.52,7506640,17304.35,63754,2605464,34.71,Metals
2024-08-28,NMDC, EQ, 28-Aug-2024,229.65,230.0,230.9,225.81,226.3,226.23,227.57,5284320,12025.58,65697,2766219,52.35,Metals
2024-08-29,NMDC, EQ, 29-Aug-2024,226.23,225.77,226.71,220.55,223.7,223.92,223.58,5523974,12350.66,59736,2349652,42.54,Metals
2024-08-30,NMDC, EQ, 30-Aug-2024,223.92,224.5,226.16,222.07,223.4,222.66,223.36,6171301,13784.38,55787,3575377,57.94,Metals
2024-09-02,NMDC, EQ, 02-Sep-2024,222.66,221.0,221.79,214.5,217.1,216.41,217.01,11598432,25169.46,126428,5637181,48.6,Metals
2024-09-03,NMDC, EQ, 03-Sep-2024,216.41,215.0,217.41,213.83,214.9,214.98,215.63,8338138,17979.55,95122,4178878,50.12,Metals
2024-09-04,NMDC, EQ, 04-Sep-2024,214.98,212.98,214.97,209.12,211.3,211.09,211.39,10341353,21860.4,113249,5594776,54.1,Metals
2024-09-05,NMDC, EQ, 05-Sep-2024,211.09,211.95,213.57,210.75,212.69,212.7,212.19,6331145,13433.9,114882,3363363,53.12,Metals
2024-09-06,NMDC, EQ, 06-Sep-2024,212.7,212.7,212.7,207.39,211.35,210.98,210.27,8668953,18228.46,102983,4288312,49.47,Metals
2024-09-09,NMDC, EQ, 09-Sep-2024,210.98,210.98,211.4,204.9,208.3,207.67,206.8,8130579,16813.98,85522,3148108,38.72,Metals
2024-09-10,NMDC, EQ, 10-Sep-2024,207.67,207.8,212.2,207.8,210.7,210.93,210.33,6975219,14671.13,118647,3045206,43.66,Metals
2024-09-11,NMDC, EQ, 11-Sep-2024,210.93,210.5,212.0,205.71,207.3,206.79,208.87,5943141,12413.21,86194,2487764,41.86,Metals
2024-09-12,NMDC, EQ, 12-Sep-2024,206.79,209.0,216.8,208.5,216.0,215.48,213.03,12680003,27011.61,88746,4758962,37.53,Metals
2024-09-13,NMDC, EQ, 13-Sep-2024,215.48,216.85,221.9,216.01,220.56,220.69,220.29,14241696,31373.65,138412,5953694,41.8,Metals
2024-09-16,NMDC, EQ, 16-Sep-2024,220.69,221.7,223.5,218.56,219.69,219.1,221.09,8214628,18161.6,80884,3689382,44.91,Metals
2024-09-17,NMDC, EQ, 17-Sep-2024,219.1,218.68,219.43,213.64,214.52,214.66,215.41,4781521,10299.97,91983,2019685,42.24,Metals
2024-09-18,NMDC, EQ, 18-Sep-2024,214.66,214.1,214.28,209.45,212.4,212.12,211.88,6951954,14729.72,75226,2980981,42.88,Metals
2024-09-19,NMDC, EQ, 19-Sep-2024,212.12,212.68,215.02,205.68,214.0,212.38,210.09,9429431,19810.54,95358,3875786,41.1,Metals
2024-09-20,NMDC, EQ, 20-Sep-2024,212.38,214.0,218.3,211.82,213.1,212.54,214.74,14316486,30742.77,132405,6520581,45.55,Metals
2024-09-23,NMDC, EQ, 23-Sep-2024,212.54,213.19,216.0,212.15,216.0,215.39,214.79,5902902,12679.13,80368,2929092,49.62,Metals
2024-09-24,NMDC, EQ, 24-Sep-2024,215.39,218.9,225.63,218.05,224.1,223.93,223.85,23607013,52845.35,207479,6656536,28.2,Metals
2024-09-25,NMDC, EQ, 25-Sep-2024,223.93,225.8,229.2,224.8,225.7,225.8,227.19,14742106,33492.66,143581,5080351,34.46,Metals
2024-09-26,NMDC, EQ, 26-Sep-2024,225.8,225.75,235.26,221.89,233.55,234.29,230.39,27222191,62716.47,171528,13152313,48.31,Metals
2024-09-27,NMDC, EQ, 27-Sep-2024,234.29,237.19,239.8,234.3,235.0,235.18,236.72,17801016,42138.75,152749,8277297,46.5,Metals
2024-09-30,NMDC, EQ, 30-Sep-2024,235.18,243.0,247.2,240.1,244.21,244.91,244.99,44963225,110153.16,258111,13481615,29.98,Metals
2024-10-01,NMDC, EQ, 01-Oct-2024,244.91,244.75,247.4,239.4,244.0,244.53,243.86,16310833,39775.74,109600,5383303,33.0,Metals
2024-10-03,NMDC, EQ, 03-Oct-2024,244.53,238.13,245.4,236.74,239.0,239.4,241.28,15024610,36252.1,97454,5887638,39.19,Metals
2024-10-04,NMDC, EQ, 04-Oct-2024,239.4,238.0,242.0,234.1,237.25,236.56,238.31,8931385,21284.53,66516,3025273,33.87,Metals
2024-10-07,NMDC, EQ, 07-Oct-2024,236.56,238.25,241.72,225.15,229.0,228.74,230.35,13245690,30510.97,81225,5313014,40.11,Metals
2024-10-08,NMDC, EQ, 08-Oct-2024,228.74,224.0,224.22,211.0,219.79,218.99,218.3,31173719,68052.05,170879,9262813,29.71,Metals
2024-10-09,NMDC, EQ, 09-Oct-2024,218.99,221.68,228.35,214.25,223.69,224.18,222.69,24239286,53977.77,149405,9085130,37.48,Metals
2024-10-10,NMDC, EQ, 10-Oct-2024,224.18,225.5,231.17,225.35,226.6,226.36,227.83,9323940,21242.43,68005,3070357,32.93,Metals
2024-10-11,NMDC, EQ, 11-Oct-2024,226.36,226.36,235.54,226.36,234.04,233.68,233.0,15861599,36956.91,136432,6006742,37.87,Metals
2024-10-14,NMDC, EQ, 14-Oct-2024,233.68,234.0,239.0,233.84,236.49,237.05,236.31,10587852,25019.89,117833,4756505,44.92,Metals
2024-10-15,NMDC, EQ, 15-Oct-2024,237.05,238.0,238.13,231.17,231.75,232.08,232.75,7233905,16836.6,77737,3270165,45.21,Metals
2024-10-16,NMDC, EQ, 16-Oct-2024,232.08,232.0,234.06,229.76,231.61,231.4,231.53,9649158,22340.95,83484,5394774,55.91,Metals
2024-10-17,NMDC, EQ, 17-Oct-2024,231.4,232.95,232.95,222.04,224.37,224.02,225.29,10499236,23653.87,74868,3123135,29.75,Metals
2024-10-18,NMDC, EQ, 18-Oct-2024,224.02,222.65,232.4,219.65,231.5,231.44,229.0,10451906,23934.37,76585,3140292,30.05,Metals
2024-10-21,NMDC, EQ, 21-Oct-2024,231.44,231.5,233.8,224.5,225.14,225.59,227.52,5993096,13635.47,78481,2268893,37.86,Metals
2024-10-22,NMDC, EQ, 22-Oct-2024,225.59,225.0,226.27,214.1,215.49,215.41,219.54,6708806,14728.42,84257,2212702,32.98,Metals
2024-10-23,NMDC, EQ, 23-Oct-2024,215.41,220.0,225.29,217.4,218.0,218.28,220.88,16197632,35777.63,151523,4879021,30.12,Metals
2024-10-24,NMDC, EQ, 24-Oct-2024,218.28,217.0,220.4,215.03,217.5,215.85,217.13,5692765,12360.83,64867,2152201,37.81,Metals
2024-10-25,NMDC, EQ, 25-Oct-2024,215.85,216.49,219.17,210.0,217.05,217.83,215.6,17076134,36816.85,149029,7845259,45.94,Metals
2024-10-28,NMDC, EQ, 28-Oct-2024,217.83,218.9,229.15,215.05,228.49,227.96,225.78,13846751,31263.27,98835,4783754,34.55,Metals
2024-10-29,NMDC, EQ, 29-Oct-2024,227.96,227.2,228.75,216.61,225.7,226.14,222.87,11123633,24791.16,126928,3147504,28.3,Metals
2024-10-30,NMDC, EQ, 30-Oct-2024,226.14,224.6,228.14,223.55,224.4,224.26,226.09,3834927,8670.5,33578,1387483,36.18,Metals
2024-10-31,NMDC, EQ, 31-Oct-2024,224.26,224.35,225.09,218.65,221.7,221.87,222.12,10793925,23975.28,77439,3299188,30.57,Metals
2024-11-01,NMDC, EQ, 01-Nov-2024,221.87,223.5,224.88,221.7,222.4,222.84,223.37,946019,2113.09,11902,383980,40.59,Metals
2024-11-04,NMDC, EQ, 04-Nov-2024,222.84,224.68,227.5,222.15,226.8,226.5,225.25,15111791,34039.61,94393,4109835,27.2,Metals
2024-11-05,NMDC, EQ, 05-Nov-2024,226.5,226.46,236.5,226.3,234.98,234.73,232.69,22370552,52053.13,126729,7155271,31.99,Metals
2024-11-06,NMDC, EQ, 06-Nov-2024,234.73,237.74,241.8,230.3,241.4,241.06,236.37,17292612,40875.33,94997,5352622,30.95,Metals
2024-11-07,NMDC, EQ, 07-Nov-2024,241.06,242.0,244.25,237.75,238.95,238.91,240.07,12059042,28950.03,62054,5389150,44.69,Metals
2024-11-08,NMDC, EQ, 08-Nov-2024,238.91,239.98,246.24,231.43,234.31,235.97,239.46,23074306,55253.69,127416,7747204,33.58,Metals
2024-11-11,NMDC, EQ, 11-Nov-2024,235.97,234.39,234.79,227.05,233.5,232.93,231.35,12894822,29832.57,86573,5095191,39.51,Metals
2024-11-12,NMDC, EQ, 12-Nov-2024,232.93,232.0,232.27,222.8,224.0,224.76,227.51,31593557,71879.42,201781,10299415,32.6,Metals
2024-11-13,NMDC, EQ, 13-Nov-2024,224.76,224.69,226.7,220.5,223.7,223.21,223.73,15471635,34614.04,104939,5717208,36.95,Metals
2024-11-14,NMDC, EQ, 14-Nov-2024,223.21,223.71,228.5,218.1,218.64,218.8,221.92,9987841,22164.85,77825,2923515,29.27,Metals
2024-11-18,NMDC, EQ, 18-Nov-2024,218.8,220.06,229.4,219.16,222.26,222.71,224.21,15886590,35618.73,98086,5059887,31.85,Metals
2024-11-19,NMDC, EQ, 19-Nov-2024,222.71,223.75,225.3,219.5,220.34,221.22,222.86,11375355,25351.39,79915,4543856,39.94,Metals
2024-11-21,NMDC, EQ, 21-Nov-2024,221.22,222.96,223.0,215.21,218.35,217.63,218.17,8908125,19435.3,76900,2950388,33.12,Metals
2024-11-22,NMDC, EQ, 22-Nov-2024,217.63,219.0,222.3,218.31,220.8,220.77,219.99,8459522,18609.83,51309,3571689,42.22,Metals
2024-11-25,NMDC, EQ, 25-Nov-2024,220.77,225.0,228.15,223.8,226.85,226.8,226.26,14835642,33567.4,108521,7983694,53.81,Metals
2024-11-26,NMDC, EQ, 26-Nov-2024,226.8,227.0,228.8,225.43,226.59,226.72,227.02,7656323,17381.21,62622,3471146,45.34,Metals
2024-11-27,NMDC, EQ, 27-Nov-2024,226.72,226.59,229.35,225.64,227.75,227.72,227.49,5955020,13546.99,40856,2555409,42.91,Metals
2024-11-28,NMDC, EQ, 28-Nov-2024,227.72,228.95,230.8,226.85,228.15,227.73,228.27,6002458,13702.05,39280,2466420,41.09,Metals
2024-11-29,NMDC, EQ, 29-Nov-2024,227.73,228.5,232.19,227.21,230.0,230.07,230.02,9310752,21416.91,63750,4775566,51.29,Metals
2024-12-02,NMDC, EQ, 02-Dec-2024,230.07,231.94,232.51,229.52,231.8,231.75,231.0,4508686,10414.88,34292,1962322,43.52,Metals
2024-12-03,NMDC, EQ, 03-Dec-2024,231.75,232.45,236.14,231.99,235.2,235.68,234.89,5906253,13873.39,61424,2640321,44.7,Metals
2024-12-04,NMDC, EQ, 04-Dec-2024,235.68,236.55,237.0,232.73,234.44,234.07,234.45,4887248,11458.06,36862,2536791,51.91,Metals
2024-12-05,NMDC, EQ, 05-Dec-2024,234.07,235.55,236.5,233.7,235.26,235.16,235.15,4034064,9485.99,28842,1706702,42.31,Metals
2024-12-06,NMDC, EQ, 06-Dec-2024,235.16,235.94,239.5,234.45,239.25,238.66,237.57,7750240,18412.17,53050,4278046,55.2,Metals
2024-12-09,NMDC, EQ, 09-Dec-2024,238.66,239.45,242.34,235.72,241.5,241.53,238.79,13124074,31339.09,62923,7503877,57.18,Metals
2024-12-10,NMDC, EQ, 10-Dec-2024,241.53,242.15,248.49,242.15,244.0,243.97,245.33,18568275,45553.68,87374,9133627,49.19,Metals
2024-12-11,NMDC, EQ, 11-Dec-2024,243.97,244.0,246.15,240.06,240.75,241.15,243.65,12335990,30056.03,75204,6424264,52.08,Metals
2024-12-12,NMDC, EQ, 12-Dec-2024,241.15,241.6,242.0,237.69,240.55,240.79,239.8,6371811,15279.8,51339,2488214,39.05,Metals
2024-12-13,NMDC, EQ, 13-Dec-2024,240.79,237.0,238.5,229.21,233.75,233.73,232.15,17080907,39653.29,109243,5733187,33.56,Metals
2024-12-16,NMDC, EQ, 16-Dec-2024,233.73,233.75,234.7,230.5,232.75,232.64,232.26,5769969,13401.18,42918,2897127,50.21,Metals
2024-12-17,NMDC, EQ, 17-Dec-2024,232.64,232.45,233.95,227.0,227.5,227.51,229.81,5636882,12953.99,50693,2962203,52.55,Metals
2024-12-18,NMDC, EQ, 18-Dec-2024,227.51,227.5,228.75,211.3,213.95,213.63,216.16,35588867,76929.99,234875,12436904,34.95,Metals
2024-12-19,NMDC, EQ, 19-Dec-2024,213.63,212.5,215.9,209.71,213.46,214.12,213.95,13035087,27888.62,77419,4971344,38.14,Metals
2024-12-20,NMDC, EQ, 20-Dec-2024,214.12,214.5,219.24,211.1,212.74,213.15,215.87,19165092,41371.9,112083,8375337,43.7,Metals
2024-12-23,NMDC, EQ, 23-Dec-2024,213.15,215.5,217.75,208.09,214.3,214.06,213.42,20221063,43155.0,118727,7988785,39.51,Metals
2024-12-24,NMDC, EQ, 24-Dec-2024,214.06,214.5,215.2,210.06,212.6,212.44,211.86,13333795,28249.21,86754,5771061,43.28,Metals
2024-12-26,NMDC, EQ, 26-Dec-2024,212.44,214.89,216.38,213.25,214.71,214.45,214.33,9561077,20492.67,65987,4502123,47.09,Metals
2024-12-27,NMDC, EQ, 27-Dec-2024,214.45,71.84,72.1,69.13,69.45,69.32,70.49,33184338,23392.12,150162,12102982,36.47,Metals
2024-12-30,NMDC, EQ, 30-Dec-2024,69.32,69.45,69.65,66.51,67.3,66.88,67.36,39389278,26533.51,143303,18849978,47.86,Metals
2024-12-31,NMDC, EQ, 31-Dec-2024,66.88,66.85,67.82,65.55,65.74,65.92,66.52,38155586,25382.3,101627,21407975,56.11,Metals
2025-01-01,NMDC, EQ, 01-Jan-2025,65.92,66.28,66.28,65.0,66.09,65.98,65.65,21999690,14443.15,73884,7422822,33.74,Metals
2025-01-02,NMDC, EQ, 02-Jan-2025,65.98,65.98,67.89,65.92,67.76,67.69,67.01,30423550,20386.59,81983,11091280,36.46,Metals
2025-01-03,NMDC, EQ, 03-Jan-2025,67.69,67.94,68.59,67.45,67.7,67.66,67.97,19978769,13578.6,62426,7466552,37.37,Metals
2025-01-06,NMDC, EQ, 06-Jan-2025,67.66,67.89,67.89,64.71,65.0,64.9,65.76,22191351,14593.63,80755,9295834,41.89,Metals
2025-01-07,NMDC, EQ, 07-Jan-2025,64.9,65.0,66.45,64.01,65.62,65.97,65.59,38761765,25423.63,74386,12921945,33.34,Metals
2025-01-08,NMDC, EQ, 08-Jan-2025,65.97,65.97,66.57,64.81,66.0,66.0,65.59,31517108,20673.46,66199,13869026,44.0,Metals
2025-01-09,NMDC, EQ, 09-Jan-2025,66.0,66.0,66.09,64.55,64.85,64.77,65.18,14824626,9662.04,48905,6227206,42.01,Metals
2025-01-10,NMDC, EQ, 10-Jan-2025,64.77,64.77,65.43,62.85,63.05,63.04,63.65,16248992,10342.17,61991,7056112,43.42,Metals
2025-01-13,NMDC, EQ, 13-Jan-2025,63.04,62.12,62.57,59.7,60.06,60.0,60.97,27510117,16772.98,91893,12887393,46.85,Metals
2025-01-14,NMDC, EQ, 14-Jan-2025,60.0,60.0,63.61,60.0,63.5,63.36,62.44,40674327,25396.55,81624,20031335,49.25,Metals
2025-01-15,NMDC, EQ, 15-Jan-2025,63.36,64.0,65.05,62.94,63.07,63.21,63.88,22377655,14295.32,62599,8441031,37.72,Metals
2025-01-16,NMDC, EQ, 16-Jan-2025,63.21,64.11,65.99,64.0,65.7,65.68,65.37,30305626,19811.05,72505,15279419,50.42,Metals
2025-01-17,NMDC, EQ, 17-Jan-2025,65.68,65.59,67.12,64.75,66.58,66.63,65.98,26506821,17490.42,63624,11553152,43.59,Metals
2025-01-20,NMDC, EQ, 20-Jan-2025,66.63,67.19,68.09,65.72,67.14,67.11,67.16,27802226,18672.37,67342,11722930,42.17,Metals
2025-01-21,NMDC, EQ, 21-Jan-2025,67.11,67.25,68.14,65.96,66.28,66.3,66.75,32761209,21869.03,69018,14725606,44.95,Metals
2025-01-22,NMDC, EQ, 22-Jan-2025,66.3,66.4,67.01,63.82,65.75,65.69,65.09,28101558,18290.92,86555,11568633,41.17,Metals
2025-01-23,NMDC, EQ, 23-Jan-2025,65.69,65.5,69.06,64.92,67.98,68.09,67.84,36174380,24541.46,94619,11382974,31.47,Metals
2025-01-24,NMDC, EQ, 24-Jan-2025,68.09,68.09,68.45,66.4,66.8,66.77,67.26,20736866,13947.72,46812,7809290,37.66,Metals
2025-01-27,NMDC, EQ, 27-Jan-2025,66.77,65.95,65.99,64.0,64.15,64.43,65.1,13695938,8916.2,57251,3937946,28.75,Metals
2025-01-28,NMDC, EQ, 28-Jan-2025,64.43,64.6,65.48,62.91,64.15,63.89,64.13,17269379,11074.69,71119,4185630,24.24,Metals
2025-01-29,NMDC, EQ, 29-Jan-2025,63.89,64.2,66.0,64.15,65.9,65.76,65.43,14177669,9277.07,40536,3475176,24.51,Metals
2025-01-30,NMDC, EQ, 30-Jan-2025,65.76,65.81,66.38,64.23,64.95,65.04,65.27,16385610,10694.76,46441,5109804,31.18,Metals
2025-01-31,NMDC, EQ, 31-Jan-2025,65.04,65.0,66.3,63.9,66.08,66.1,65.53,15982195,10472.93,47913,4827438,30.21,Metals
2025-02-01,NMDC, EQ, 01-Feb-2025,66.1,65.8,66.79,64.05,64.31,64.38,65.39,14471957,9463.11,48855,4087573,28.24,Metals
2025-02-03,NMDC, EQ, 03-Feb-2025,64.38,63.21,63.45,60.62,62.31,62.29,61.84,22975253,14207.87,81106,7837301,34.11,Metals
2025-02-04,NMDC, EQ, 04-Feb-2025,62.29,62.9,64.45,62.85,64.0,63.99,63.81,10065010,6422.06,35632,3110617,30.91,Metals
2025-02-05,NMDC, EQ, 05-Feb-2025,63.99,64.47,65.65,64.2,65.3,65.14,65.19,15215384,9918.5,50623,6406345,42.1,Metals
2025-02-06,NMDC, EQ, 06-Feb-2025,65.14,65.97,65.97,63.91,65.2,65.13,64.95,28483272,18498.53,59690,7346089,25.79,Metals
2025-02-07,NMDC, EQ, 07-Feb-2025,65.13,65.45,67.2,65.34,66.63,66.66,66.46,36994940,24585.85,81188,9891995,26.74,Metals
2025-02-10,NMDC, EQ, 10-Feb-2025,66.66,66.85,66.9,63.83,64.03,64.12,64.66,17442057,11277.71,57493,6456257,37.02,Metals
2025-02-11,NMDC, EQ, 11-Feb-2025,64.12,64.46,64.46,61.02,61.75,61.5,62.08,19356222,12016.94,69239,8203658,42.38,Metals
2025-02-12,NMDC, EQ, 12-Feb-2025,61.5,61.54,63.42,60.14,63.05,62.91,61.79,26450865,16344.44,76052,8197297,30.99,Metals
2025-02-13,NMDC, EQ, 13-Feb-2025,62.91,63.0,64.4,62.51,63.31,63.18,63.68,13322870,8484.45,45043,4040646,30.33,Metals
2025-02-14,NMDC, EQ, 14-Feb-2025,63.18,63.81,64.7,61.3,61.84,61.93,62.4,16824284,10498.23,55287,4342873,25.81,Metals
2025-02-17,NMDC, EQ, 17-Feb-2025,61.93,61.51,62.75,60.38,62.46,62.56,62.03,15735076,9760.38,66112,4053655,25.76,Metals
2025-02-18,NMDC, EQ, 18-Feb-2025,62.56,62.6,63.27,60.92,63.0,63.07,61.95,19156564,11867.55,72669,6381647,33.31,Metals
2025-02-19,NMDC, EQ, 19-Feb-2025,63.07,62.7,65.17,62.11,65.0,64.95,64.44,17999735,11599.91,65289,6406216,35.59,Metals
2025-02-20,NMDC, EQ, 20-Feb-2025,64.95,65.0,67.4,64.6,67.09,67.12,66.5,22692394,15090.13,59195,10880149,47.95,Metals
2025-02-21,NMDC, EQ, 21-Feb-2025,67.12,67.1,68.14,66.3,67.4,67.73,67.34,21758577,14652.14,86837,6684724,30.72,Metals
2025-02-24,NMDC, EQ, 24-Feb-2025,67.73,67.0,67.05,65.51,66.15,66.06,66.17,14696915,9725.53,66412,4405670,29.98,Metals
2025-02-25,NMDC, EQ, 25-Feb-2025,66.06,66.06,66.8,64.72,64.88,64.81,65.5,11145339,7300.06,55290,3286617,29.49,Metals
2025-02-27,NMDC, EQ, 27-Feb-2025,64.81,65.1,65.4,64.1,65.01,65.19,64.77,13567524,8787.16,40970,5204241,38.36,Metals
2025-02-28,NMDC, EQ, 28-Feb-2025,65.19,64.3,64.39,61.84,62.65,62.48,62.74,29187533,18313.17,68900,14428737,49.43,Metals
2025-03-03,NMDC, EQ, 03-Mar-2025,62.48,62.71,63.35,61.09,63.31,63.06,62.42,15912361,9932.99,50508,4480697,28.16,Metals
2025-03-04,NMDC, EQ, 04-Mar-2025,63.06,62.6,63.63,61.14,62.17,62.27,62.39,23007590,14354.55,59065,6569181,28.55,Metals
2025-03-05,NMDC, EQ, 05-Mar-2025,62.27,62.45,65.6,62.24,65.5,65.44,64.4,35187796,22660.2,78606,17216919,48.93,Metals
2025-03-06,NMDC, EQ, 06-Mar-2025,65.44,66.02,67.64,65.55,66.7,66.9,66.76,23440671,15649.02,65416,9987799,42.61,Metals
2025-03-07,NMDC, EQ, 07-Mar-2025,66.9,66.85,68.18,66.33,66.87,67.13,67.44,20227573,13642.42,51279,9768800,48.29,Metals
2025-03-10,NMDC, EQ, 10-Mar-2025,67.13,67.8,68.5,65.4,65.64,65.93,66.93,27188563,18196.3,63773,11967461,44.02,Metals
2025-03-11,NMDC, EQ, 11-Mar-2025,65.93,64.7,65.65,63.71,65.65,65.18,64.76,20081328,13004.28,47610,5437188,27.08,Metals
2025-03-12,NMDC, EQ, 12-Mar-2025,65.18,65.6,66.3,63.26,64.75,64.79,64.8,26201008,16977.37,54812,12335029,47.08,Metals
2025-03-13,NMDC, EQ, 13-Mar-2025,64.79,65.25,65.35,63.64,63.8,63.8,64.39,14456872,9309.34,45832,5025842,34.76,Metals
2025-03-17,NMDC, EQ, 17-Mar-2025,63.8,64.56,65.48,64.11,65.15,64.91,64.85,19708095,12780.11,50657,7902463,40.1,Metals
2025-03-18,NMDC, EQ, 18-Mar-2025,64.91,66.06,66.9,65.66,66.88,66.77,66.35,30965779,20545.56,69227,13794334,44.55,Metals
2025-03-19,NMDC, EQ, 19-Mar-2025,66.77,67.64,69.19,66.75,69.09,68.78,67.71,40126978,27168.71,81221,19301728,48.1,Metals
2025-03-20,NMDC, EQ, 20-Mar-2025,68.78,70.07,70.3,67.93,68.83,68.79,68.89,38783316,26716.47,74537,18474030,47.63,Metals
2025-03-21,NMDC, EQ, 21-Mar-2025,68.79,66.64,67.6,66.16,67.5,67.51,67.14,31798886,21349.74,63658,14107036,44.36,Metals
2025-03-24,NMDC, EQ, 24-Mar-2025,67.51,68.2,70.49,67.67,69.7,69.53,69.11,37067380,25617.03,84160,17297312,46.66,Metals
2025-03-25,NMDC, EQ, 25-Mar-2025,69.53,69.7,69.88,68.0,68.25,68.19,68.87,25114038,17295.25,65575,10844349,43.18,Metals
2025-03-26,NMDC, EQ, 26-Mar-2025,68.19,68.2,68.7,67.35,67.6,67.75,67.85,23133011,15695.17,53268,9100149,39.34,Metals
2025-03-27,NMDC, EQ, 27-Mar-2025,67.75,67.0,68.74,67.0,68.69,68.55,68.19,16130834,10999.06,46491,8111721,50.29,Metals
2025-03-28,NMDC, EQ, 28-Mar-2025,68.55,68.5,69.49,68.25,68.75,68.89,68.96,20124046,13877.19,54310,9869014,49.04,Metals
2025-04-01,NMDC, EQ, 01-Apr-2025,68.89,68.01,70.47,67.62,69.71,69.77,69.48,28098477,19522.63,101378,14036342,49.95,Metals
2025-04-02,NMDC, EQ, 02-Apr-2025,69.77,69.99,70.32,67.91,70.15,70.21,69.49,19242568,13372.29,71241,7695444,39.99,Metals
2025-04-03,NMDC, EQ, 03-Apr-2025,70.21,69.1,70.98,69.0,70.51,70.43,70.29,23258770,16348.63,62534,9452380,40.64,Metals
2025-04-04,NMDC, EQ, 04-Apr-2025,70.43,69.99,70.03,64.66,65.45,65.02,66.37,37205154,24691.93,111366,17777157,47.78,Metals
2025-04-07,NMDC, EQ, 07-Apr-2025,65.02,59.99,62.45,59.6,61.54,61.3,60.84,40391466,24572.59,133746,16191335,40.09,Metals
2025-04-08,NMDC, EQ, 08-Apr-2025,61.3,63.0,63.72,60.81,61.69,61.57,61.89,30791131,19057.87,86970,12990083,42.19,Metals
2025-04-09,NMDC, EQ, 09-Apr-2025,61.57,61.57,61.78,59.53,61.22,61.31,60.51,40534055,24525.35,115414,17625878,43.48,Metals
2025-04-11,NMDC, EQ, 11-Apr-2025,61.31,63.0,63.28,62.23,63.0,62.91,62.79,19971049,12539.71,57820,8023138,40.17,Metals
2025-04-15,NMDC, EQ, 15-Apr-2025,62.91,64.04,65.33,63.55,65.33,65.14,64.6,19668115,12706.0,66876,8043442,40.9,Metals
2025-04-16,NMDC, EQ, 16-Apr-2025,65.14,65.5,66.1,64.7,65.75,65.74,65.42,19304641,12629.29,48684,6511338,33.73,Metals
2025-04-17,NMDC, EQ, 17-Apr-2025,65.74,65.74,66.39,65.2,65.95,65.87,65.88,13062706,8606.05,34819,4127236,31.6,Metals
2025-04-21,NMDC, EQ, 21-Apr-2025,65.87,66.45,68.14,65.91,67.86,67.83,67.38,14029930,9452.8,47109,5890061,41.98,Metals
2025-04-22,NMDC, EQ, 22-Apr-2025,67.83,68.35,68.65,67.6,68.0,67.96,68.05,11733604,7984.37,34863,4679997,39.89,Metals
2025-04-23,NMDC, EQ, 23-Apr-2025,67.96,68.1,68.64,66.35,68.04,68.11,67.31,33095946,22276.14,82747,17132504,51.77,Metals
2025-04-24,NMDC, EQ, 24-Apr-2025,68.11,67.97,69.1,67.63,68.05,68.02,68.34,22714754,15522.3,101002,12670785,55.78,Metals
2025-04-25,NMDC, EQ, 25-Apr-2025,68.02,68.35,68.64,64.3,65.0,64.95,65.54,53680926,35183.97,112213,31061936,57.86,Metals
2025-04-28,NMDC, EQ, 28-Apr-2025,64.95,64.95,66.35,64.64,65.76,65.71,65.63,13627031,8943.08,36493,5899743,43.29,Metals
2025-04-29,NMDC, EQ, 29-Apr-2025,65.71,65.72,66.89,65.4,65.7,65.57,65.93,13822971,9113.58,40443,5917068,42.81,Metals
2025-04-30,NMDC, EQ, 30-Apr-2025,65.57,65.14,65.97,64.32,64.64,64.79,65.2,13726917,8950.43,45220,5665179,41.27,Metals
2025-05-02,NMDC, EQ, 02-May-2025,64.79,65.43,67.24,64.9,65.3,65.24,66.06,29491097,19480.47,59868,8015497,27.18,Metals
2025-05-05,NMDC, EQ, 05-May-2025,65.24,65.8,66.45,64.83,66.05,65.95,65.85,12558361,8270.2,45227,4736950,37.72,Metals
2025-05-06,NMDC, EQ, 06-May-2025,65.95,66.01,66.2,64.1,64.33,64.36,65.08,11560536,7523.77,39084,5091338,44.04,Metals
2025-05-07,NMDC, EQ, 07-May-2025,64.36,63.07,66.0,63.0,65.62,65.74,65.17,16952789,11048.53,42027,6185600,36.49,Metals
2025-05-08,NMDC, EQ, 08-May-2025,65.74,65.98,66.29,63.3,63.5,63.79,64.7,19370506,12533.46,52672,10307353,53.21,Metals
2025-05-09,NMDC, EQ, 09-May-2025,63.79,62.0,64.67,62.0,64.3,64.29,63.71,22840112,14552.27,58972,8512897,37.27,Metals
2025-05-12,NMDC, EQ, 12-May-2025,64.29,67.05,68.2,66.17,68.15,68.08,67.22,26920155,18094.82,53763,14030349,52.12,Metals
2025-05-13,NMDC, EQ, 13-May-2025,68.08,68.0,68.44,67.06,67.3,67.21,67.63,16900869,11430.61,40763,8170090,48.34,Metals
2025-05-14,NMDC, EQ, 14-May-2025,67.21,67.5,70.45,67.45,69.7,70.04,69.4,36683674,25459.47,76309,14813469,40.38,Metals
2025-05-15,NMDC, EQ, 15-May-2025,70.04,70.04,70.8,69.4,69.91,70.06,70.05,24328812,17042.65,52339,10653941,43.79,Metals
2025-05-16,NMDC, EQ, 16-May-2025,70.06,70.06,70.85,69.72,70.34,70.27,70.2,12156913,8533.86,38834,4343632,35.73,Metals
2025-05-19,NMDC, EQ, 19-May-2025,70.27,70.27,71.32,69.55,70.19,70.26,70.5,19353220,13644.66,65407,8554373,44.2,Metals
2025-05-20,NMDC, EQ, 20-May-2025,70.26,70.8,71.2,69.12,69.45,69.28,70.13,17798697,12482.12,45077,8949346,50.28,Metals
2025-05-21,NMDC, EQ, 21-May-2025,69.28,69.5,70.29,69.06,70.2,70.15,69.85,11838095,8268.39,33126,5561363,46.98,Metals
2025-05-22,NMDC, EQ, 22-May-2025,70.15,70.0,71.9,69.35,71.9,71.19,70.77,45935782,32508.98,57654,19890517,43.3,Metals
2025-05-23,NMDC, EQ, 23-May-2025,71.19,72.15,73.1,71.23,72.47,72.49,72.27,25709758,18580.79,64078,10755448,41.83,Metals
2025-05-26,NMDC, EQ, 26-May-2025,72.49,72.96,73.53,72.57,73.29,73.24,73.14,16139243,11804.0,48396,7306933,45.27,Metals
2025-05-27,NMDC, EQ, 27-May-2025,73.24,73.25,73.69,72.1,72.85,72.74,72.63,15514993,11268.81,54147,6613536,42.63,Metals
2025-05-28,NMDC, EQ, 28-May-2025,72.74,71.8,72.25,70.51,70.78,70.86,71.2,32551122,23175.13,67753,9453148,29.04,Metals
2025-05-29,NMDC, EQ, 29-May-2025,70.86,71.4,72.9,71.22,72.62,72.29,71.9,18027840,12962.0,43980,7898194,43.81,Metals
2025-05-30,NMDC, EQ, 30-May-2025,72.29,72.48,72.73,70.11,71.1,71.17,71.06,34601014,24586.18,57386,19192618,55.47,Metals
2025-06-02,NMDC, EQ, 02-Jun-2025,71.17,71.1,71.78,70.04,70.8,70.77,70.84,17803152,12612.21,39677,8041227,45.17,Metals
2025-06-03,NMDC, EQ, 03-Jun-2025,70.77,70.98,72.18,70.59,70.69,70.69,71.37,22429626,16008.69,50645,10828893,48.28,Metals
2025-06-04,NMDC, EQ, 04-Jun-2025,70.69,70.0,70.66,69.05,70.4,70.35,69.9,25238482,17641.38,58043,11371794,45.06,Metals
2025-06-05,NMDC, EQ, 05-Jun-2025,70.35,70.76,71.48,70.5,70.86,70.8,70.96,17431886,12369.43,52324,8666907,49.72,Metals
2025-06-06,NMDC, EQ, 06-Jun-2025,70.8,71.09,72.85,70.93,72.46,72.49,72.16,25941860,18719.35,64890,10238071,39.47,Metals
2025-06-09,NMDC, EQ, 09-Jun-2025,72.49,73.0,74.71,72.67,74.15,74.0,74.01,28416839,21030.97,73686,12826548,45.14,Metals
2025-06-10,NMDC, EQ, 10-Jun-2025,74.0,74.54,75.17,73.96,74.28,74.33,74.43,26573478,19779.06,72884,12988446,48.88,Metals
2025-06-11,NMDC, EQ, 11-Jun-2025,74.33,74.8,75.07,73.84,73.91,73.95,74.34,18264283,13577.68,48580,7764130,42.51,Metals
2025-06-12,NMDC, EQ, 12-Jun-2025,73.95,74.0,74.4,72.21,72.3,72.42,73.28,14014646,10270.21,53571,6258289,44.66,Metals
2025-06-13,NMDC, EQ, 13-Jun-2025,72.42,71.0,71.65,70.0,70.5,70.37,70.71,29308480,20723.83,69326,15616994,53.28,Metals
2025-06-16,NMDC, EQ, 16-Jun-2025,70.37,70.2,70.66,68.23,70.5,70.51,69.53,17980333,12502.42,54371,5354987,29.78,Metals
2025-06-17,NMDC, EQ, 17-Jun-2025,70.51,70.5,70.51,68.5,68.6,68.63,69.28,15918691,11029.0,55508,7034306,44.19,Metals
2025-06-18,NMDC, EQ, 18-Jun-2025,68.63,69.4,69.4,68.09,68.34,68.5,68.52,16361735,11210.94,42516,8529579,52.13,Metals
2025-06-19,NMDC, EQ, 19-Jun-2025,68.5,68.5,68.68,66.8,67.2,67.04,67.39,19333109,13027.81,83721,8766898,45.35,Metals
2025-06-20,NMDC, EQ, 20-Jun-2025,67.04,67.34,68.29,67.14,67.9,67.94,67.85,19902519,13504.3,39028,11323985,56.9,Metals
2025-06-23,NMDC, EQ, 23-Jun-2025,67.94,67.7,68.59,67.34,68.13,68.0,67.93,9544020,6483.63,32321,3590440,37.62,Metals
2025-06-24,NMDC, EQ, 24-Jun-2025,68.0,69.25,70.25,68.91,69.5,69.47,69.56,15172857,10554.83,49909,6454455,42.54,Metals
2025-06-25,NMDC, EQ, 25-Jun-2025,69.47,69.92,69.95,68.85,69.08,69.02,69.26,10400058,7203.59,36343,5126223,49.29,Metals
2025-06-26,NMDC, EQ, 26-Jun-2025,69.02,69.2,70.73,69.11,70.46,70.55,69.91,31206909,21816.79,71322,16656694,53.38,Metals
2025-06-27,NMDC, EQ, 27-Jun-2025,70.55,71.0,72.43,69.66,69.99,69.91,70.91,26727126,18952.53,73956,9787914,36.62,Metals
2025-06-30,NMDC, EQ, 30-Jun-2025,69.91,70.54,70.59,69.75,69.98,70.0,70.18,10582703,7427.02,36708,5216119,49.29,Metals
2025-07-01,NMDC, EQ, 01-Jul-2025,70.0,69.88,69.88,67.57,67.95,67.95,68.12,50233525,34217.53,111410,25644408,51.05,Metals
2025-07-02,NMDC, EQ, 02-Jul-2025,67.95,68.0,68.35,67.0,68.06,68.02,67.66,27279877,18456.6,70509,10170748,37.28,Metals
2025-07-03,NMDC, EQ, 03-Jul-2025,68.02,68.25,69.66,68.16,69.05,69.06,69.06,36535369,25232.81,67006,16694163,45.69,Metals
2025-07-04,NMDC, EQ, 04-Jul-2025,69.06,69.24,69.48,68.3,68.7,68.78,68.91,11370389,7835.14,34300,3843910,33.81,Metals
2025-07-07,NMDC, EQ, 07-Jul-2025,68.78,68.95,68.95,67.93,68.3,68.29,68.24,12318954,8406.33,44900,5031543,40.84,Metals
2025-07-08,NMDC, EQ, 08-Jul-2025,68.29,68.5,68.84,67.76,68.31,68.29,68.25,12636004,8624.45,43925,6580825,52.08,Metals
2025-07-09,NMDC, EQ, 09-Jul-2025,68.29,68.33,68.45,67.15,67.88,67.9,67.73,17220015,11663.17,50862,6798017,39.48,Metals
2025-07-10,NMDC, EQ, 10-Jul-2025,67.9,68.28,68.99,68.09,68.68,68.69,68.5,14475951,9915.97,36813,6742029,46.57,Metals
2025-07-11,NMDC, EQ, 11-Jul-2025,68.69,69.0,70.65,68.8,69.02,69.05,69.61,35517748,24723.02,81225,15467944,43.55,Metals
2025-07-14,NMDC, EQ, 14-Jul-2025,69.05,69.0,70.07,68.56,69.1,69.07,69.17,25588770,17699.78,60198,14170211,55.38,Metals
2025-07-15,NMDC, EQ, 15-Jul-2025,69.07,69.23,69.53,67.81,68.08,67.98,68.13,34113955,23241.19,80225,22024001,64.56,Metals
2025-07-16,NMDC, EQ, 16-Jul-2025,67.98,68.42,68.95,67.75,68.6,68.64,68.51,28137527,19278.19,42675,16729912,59.46,Metals
2025-07-17,NMDC, EQ, 17-Jul-2025,68.64,69.09,69.75,68.78,69.47,69.56,69.3,23708702,16431.25,59201,11003511,46.41,Metals
2025-07-18,NMDC, EQ, 18-Jul-2025,69.56,69.82,71.64,69.7,71.34,71.44,70.76,58872250,41659.72,143403,26526971,45.06,Metals
2025-07-21,NMDC, EQ, 21-Jul-2025,71.44,71.9,72.6,71.63,71.88,71.91,72.04,28351406,20425.0,70875,13705776,48.34,Metals
2025-07-22,NMDC, EQ, 22-Jul-2025,71.91,72.0,72.89,71.5,72.2,72.14,72.15,25688403,18533.8,57995,12091963,47.07,Metals
2025-07-23,NMDC, EQ, 23-Jul-2025,72.14,72.25,73.2,71.71,73.02,72.98,72.54,35372242,25658.3,61459,14371866,40.63,Metals
2025-07-24,NMDC, EQ, 24-Jul-2025,72.98,73.1,73.6,72.5,72.7,72.75,72.97,16880176,12317.9,44008,7487214,44.36,Metals
2025-07-25,NMDC, EQ, 25-Jul-2025,72.75,72.9,72.9,71.25,71.3,71.65,71.83,24279155,17439.94,70051,13378552,55.1,Metals
2025-07-28,NMDC, EQ, 28-Jul-2025,71.65,71.69,71.77,70.57,70.95,71.02,71.1,15276433,10862.13,67678,8648173,56.61,Metals
2025-07-29,NMDC, EQ, 29-Jul-2025,71.02,70.47,71.95,70.37,71.82,71.8,71.33,10501708,7491.17,31478,5082293,48.39,Metals
2025-07-30,NMDC, EQ, 30-Jul-2025,71.8,71.8,72.29,71.32,71.9,72.06,71.97,10931756,7867.9,31843,6095963,55.76,Metals
2025-07-31,NMDC, EQ, 31-Jul-2025,72.06,71.0,71.57,70.5,70.7,70.79,70.96,17526771,12436.87,38969,11060654,63.11,Metals
2025-08-01,NMDC, EQ, 01-Aug-2025,70.79,71.13,72.79,70.3,70.45,70.46,71.37,13011037,9286.55,35206,4498566,34.57,Metals
2025-08-04,NMDC, EQ, 04-Aug-2025,70.46,70.89,72.98,70.53,72.3,71.82,72.03,25992461,18721.7,58951,13738261,52.85,Metals
2025-08-05,NMDC, EQ, 05-Aug-2025,71.82,71.75,72.75,71.43,71.95,71.92,72.03,13259948,9551.12,42776,5780988,43.6,Metals
2025-08-06,NMDC, EQ, 06-Aug-2025,71.92,72.0,72.41,71.09,71.85,71.86,71.71,8319031,5965.87,29808,4308956,51.8,Metals
2025-08-07,NMDC, EQ, 07-Aug-2025,71.86,71.25,71.78,70.04,71.56,71.5,70.98,11539382,8190.66,39710,5841673,50.62,Metals
2025-08-08,NMDC, EQ, 08-Aug-2025,71.5,71.61,71.81,70.7,70.93,71.07,71.21,10081656,7179.54,27820,5443311,53.99,Metals
2025-08-11,NMDC, EQ, 11-Aug-2025,71.07,71.2,71.77,70.35,70.51,70.65,70.91,7423594,5264.25,37405,2534135,34.14,Metals
2025-08-12,NMDC, EQ, 12-Aug-2025,70.65,70.74,71.52,70.18,70.8,70.94,70.9,10403379,7376.43,32588,4478920,43.05,Metals
2025-08-13,NMDC, EQ, 13-Aug-2025,70.94,72.0,73.0,71.14,72.64,72.58,72.26,33410015,24142.51,68491,16399380,49.09,Metals
2025-08-14,NMDC, EQ, 14-Aug-2025,72.58,72.29,72.29,69.0,69.5,69.4,69.58,34242659,23826.13,77011,13901897,40.6,Metals
2025-08-18,NMDC, EQ, 18-Aug-2025,69.4,70.22,70.4,69.3,69.59,69.58,69.73,13221295,9218.63,39860,6021834,45.55,Metals
2025-08-19,NMDC, EQ, 19-Aug-2025,69.58,69.75,70.8,69.48,70.7,70.72,70.39,20465260,14406.21,38703,11576977,56.57,Metals
2025-08-20,NMDC, EQ, 20-Aug-2025,70.72,70.71,72.38,70.5,71.77,71.82,71.73,29770419,21355.28,45829,10572200,35.51,Metals
2025-08-21,NMDC, EQ, 21-Aug-2025,71.82,72.39,72.72,71.19,71.28,71.36,71.7,14855972,10651.37,50828,6416280,43.19,Metals
2025-08-22,NMDC, EQ, 22-Aug-2025,71.36,71.29,71.5,70.05,70.15,70.16,70.66,8184283,5783.35,27316,3766685,46.02,Metals
2025-08-25,NMDC, EQ, 25-Aug-2025,70.16,70.8,71.3,70.29,70.68,70.68,70.85,7985002,5657.04,35851,3929488,49.21,Metals
2025-08-26,NMDC, EQ, 26-Aug-2025,70.68,70.59,70.69,69.47,69.92,69.88,69.89,19958636,13948.79,52029,14055780,70.42,Metals
2025-08-28,NMDC, EQ, 28-Aug-2025,69.88,69.55,69.75,68.56,68.95,68.73,69.16,15165740,10488.85,51256,9375180,61.82,Metals
2025-08-29,NMDC, EQ, 29-Aug-2025,68.73,68.93,69.5,68.19,68.85,68.8,68.83,19089863,13139.87,75305,11450241,59.98,Metals
2025-09-01,NMDC, EQ, 01-Sep-2025,68.8,69.0,69.73,68.83,69.63,69.62,69.44,11003546,7641.37,24193,6153614,55.92,Metals
2025-09-02,NMDC, EQ, 02-Sep-2025,69.62,70.18,73.14,69.79,72.9,72.8,71.89,46543595,33457.97,72128,20452575,43.94,Metals
2025-09-03,NMDC, EQ, 03-Sep-2025,72.8,73.16,74.5,73.16,74.2,74.29,73.97,34305181,25377.23,73640,16302806,47.52,Metals
2025-09-04,NMDC, EQ, 04-Sep-2025,74.29,74.9,74.9,73.01,73.43,73.43,73.55,17518719,12885.85,39842,8241605,47.04,Metals
2025-09-05,NMDC, EQ, 05-Sep-2025,73.43,73.55,74.69,72.82,74.58,74.53,73.83,16821803,12419.85,41258,6885189,40.93,Metals
2025-09-08,NMDC, EQ, 08-Sep-2025,74.53,75.1,75.51,74.35,74.35,74.51,74.91,15940641,11940.83,51591,7024640,44.07,Metals
2025-09-09,NMDC, EQ, 09-Sep-2025,74.51,75.0,75.09,73.61,74.6,74.66,74.37,39250424,29190.56,52354,19764824,50.36,Metals
2025-09-10,NMDC, EQ, 10-Sep-2025,74.66,75.25,75.45,74.31,75.28,75.28,75.04,19334369,14508.01,57998,10414099,53.86,Metals
2025-09-11,NMDC, EQ, 11-Sep-2025,75.28,75.51,76.48,75.0,75.86,75.87,75.81,19643352,14892.46,58367,9285148,47.27,Metals
2025-09-12,NMDC, EQ, 12-Sep-2025,75.87,76.0,76.78,75.39,76.35,76.47,75.99,29848592,22683.23,52210,14822928,49.66,Metals
2025-09-15,NMDC, EQ, 15-Sep-2025,76.47,76.8,76.94,75.3,75.49,75.51,76.17,15014701,11436.84,53980,6583652,43.85,Metals
2025-09-16,NMDC, EQ, 16-Sep-2025,75.51,75.7,75.8,75.02,75.53,75.44,75.43,11888159,8967.37,36889,6331372,53.26,Metals
2025-09-17,NMDC, EQ, 17-Sep-2025,75.44,75.58,76.43,75.26,75.62,75.69,75.78,11497372,8712.36,46584,5796521,50.42,Metals
2025-09-18,NMDC, EQ, 18-Sep-2025,75.69,75.69,77.1,75.48,77.0,76.73,76.26,16353475,12471.36,45187,8295530,50.73,Metals
2025-09-19,NMDC, EQ, 19-Sep-2025,76.73,76.88,77.73,76.4,76.6,76.53,77.07,29974960,23102.32,69891,18970428,63.29,Metals
2025-09-22,NMDC, EQ, 22-Sep-2025,76.53,76.68,77.57,76.25,76.88,76.86,77.01,21600325,16633.94,47529,11589634,53.65,Metals
2025-09-23,NMDC, EQ, 23-Sep-2025,76.86,76.88,78.38,76.51,78.3,78.1,77.67,32011480,24862.28,71922,15627659,48.82,Metals
2025-09-24,NMDC, EQ, 24-Sep-2025,78.1,78.35,78.45,76.75,77.15,77.2,77.66,26152793,20310.84,88237,14785070,56.53,Metals
2025-09-25,NMDC, EQ, 25-Sep-2025,77.2,77.4,78.0,76.23,76.34,76.38,76.95,20472893,15753.89,49570,12465864,60.89,Metals
2025-09-26,NMDC, EQ, 26-Sep-2025,76.38,76.24,76.45,74.82,75.05,74.99,75.52,24363080,18397.79,68599,12844550,52.72,Metals
2025-09-29,NMDC, EQ, 29-Sep-2025,74.99,75.24,76.2,74.54,75.0,75.03,75.22,15751009,11848.12,57249,8144769,51.71,Metals
2025-09-30,NMDC, EQ, 30-Sep-2025,75.03,75.45,76.6,75.25,76.58,76.35,75.91,32158354,24411.31,84155,15348126,47.73,Metals
2025-10-01,NMDC, EQ, 01-Oct-2025,76.35,76.58,77.3,75.51,76.25,76.16,76.22,16301242,12425.48,45880,7879015,48.33,Metals
2025-10-03,NMDC, EQ, 03-Oct-2025,76.16,76.61,77.98,76.09,77.17,77.1,77.12,31195027,24058.02,70900,15465709,49.58,Metals
2025-10-06,NMDC, EQ, 06-Oct-2025,77.1,77.59,77.7,75.64,76.13,76.06,76.31,12328968,9408.37,43839,5449612,44.2,Metals
2025-10-07,NMDC, EQ, 07-Oct-2025,76.06,76.1,76.89,75.64,76.07,76.09,76.14,12906646,9826.88,56541,6020429,46.65,Metals
2025-10-08,NMDC, EQ, 08-Oct-2025,76.09,76.5,77.4,75.84,76.3,76.23,76.54,21657726,16576.04,57291,9879615,45.62,Metals
2025-10-09,NMDC, EQ, 09-Oct-2025,76.23,76.49,79.24,76.49,78.82,78.8,78.34,33869311,26534.63,91154,13121155,38.74,Metals
2025-10-10,NMDC, EQ, 10-Oct-2025,78.8,78.94,79.11,76.63,77.15,77.13,77.2,24502958,18916.83,69127,9937409,40.56,Metals
2025-10-13,NMDC, EQ, 13-Oct-2025,77.13,77.0,77.35,76.35,77.15,77.15,76.86,10600238,8147.57,39793,4815437,45.43,Metals
2025-10-14,NMDC, EQ, 14-Oct-2025,77.15,77.34,77.77,75.74,75.96,76.13,76.58,17196512,13168.95,53208,9292339,54.04,Metals
2025-10-15,NMDC, EQ, 15-Oct-2025,76.13,76.01,77.13,75.82,76.7,76.71,76.63,16267362,12465.13,38851,10601676,65.17,Metals
2025-10-16,NMDC, EQ, 16-Oct-2025,76.71,76.81,76.85,75.66,75.81,75.88,76.04,7993203,6078.13,28061,3313467,41.45,Metals
2025-10-17,NMDC, EQ, 17-Oct-2025,75.88,75.9,76.18,74.62,74.85,74.91,75.37,10435903,7865.65,38991,4095858,39.25,Metals
2025-10-20,NMDC, EQ, 20-Oct-2025,74.91,75.44,75.75,74.43,75.31,75.24,75.12,10515886,7899.41,44415,5374557,51.11,Metals
2025-10-21,NMDC, EQ, 21-Oct-2025,75.24,75.8,76.19,75.31,75.69,75.61,75.65,3318059,2510.02,17601,1786338,53.84,Metals
2025-10-23,NMDC, EQ, 23-Oct-2025,75.61,75.49,75.49,72.88,74.25,74.19,73.91,20156523,14898.35,61381,7876900,39.08,Metals
2025-10-24,NMDC, EQ, 24-Oct-2025,74.19,74.75,75.25,74.07,74.15,74.19,74.68,16392360,12242.47,38958,6490171,39.59,Metals
2025-10-27,NMDC, EQ, 27-Oct-2025,74.19,74.5,75.23,73.89,74.43,74.37,74.36,13500697,10039.27,30994,6046702,44.79,Metals
2025-10-28,NMDC, EQ, 28-Oct-2025,74.37,74.22,75.0,74.2,74.61,74.63,74.59,9718669,7249.09,35243,4376175,45.03,Metals
2025-10-29,NMDC, EQ, 29-Oct-2025,74.63,75.25,77.65,74.67,76.65,76.7,76.6,39446606,30217.79,88607,11166131,28.31,Metals
2025-10-30,NMDC, EQ, 30-Oct-2025,76.7,76.46,77.1,75.61,75.96,75.89,76.14,11611890,8841.66,44447,4273617,36.8,Metals
2025-10-31,NMDC, EQ, 31-Oct-2025,75.89,75.55,76.24,75.13,75.7,75.79,75.7,12203341,9238.23,41734,5817835,47.67,Metals
2025-11-03,NMDC, EQ, 03-Nov-2025,75.79,75.8,76.8,75.3,75.95,75.92,76.16,17607267,13408.99,46912,6163820,35.01,Metals
2025-11-04,NMDC, EQ, 04-Nov-2025,75.92,75.8,75.8,74.1,74.33,74.27,74.54,15769204,11754.77,45163,6691495,42.43,Metals
2025-11-06,NMDC, EQ, 06-Nov-2025,74.27,74.2,74.33,72.6,73.2,73.12,73.24,11864374,8689.31,46989,5920719,49.9,Metals
2025-11-07,NMDC, EQ, 07-Nov-2025,73.12,72.51,74.38,72.41,74.2,74.24,73.48,12084844,8879.92,43840,4484452,37.11,Metals
2025-11-10,NMDC, EQ, 10-Nov-2025,74.24,74.25,76.5,74.24,75.19,75.08,75.7,34560732,26161.79,59052,10768604,31.16,Metals
2025-11-11,NMDC, EQ, 11-Nov-2025,75.08,75.2,76.0,74.3,75.95,75.79,75.37,19958566,15042.81,33549,6587837,33.01,Metals
2025-11-12,NMDC, EQ, 12-Nov-2025,75.79,76.2,77.42,76.0,77.0,77.18,76.95,38795708,29853.05,52884,15269652,39.36,Metals
2025-11-13,NMDC, EQ, 13-Nov-2025,77.18,77.5,78.64,77.08,77.15,77.39,77.97,42475486,33119.6,75890,19359219,45.58,Metals
2025-11-14,NMDC, EQ, 14-Nov-2025,77.39,77.4,77.4,75.78,76.5,76.55,76.53,14182276,10854.24,39956,5515564,38.89,Metals
2025-11-17,NMDC, EQ, 17-Nov-2025,76.55,76.5,77.35,76.35,76.52,76.54,76.76,15567147,11949.19,38243,7539537,48.43,Metals
2025-11-18,NMDC, EQ, 18-Nov-2025,76.54,76.48,76.48,74.93,75.74,75.72,75.57,15218821,11501.53,41584,5617903,36.91,Metals
2025-11-19,NMDC, EQ, 19-Nov-2025,75.72,75.5,75.95,75.0,75.27,75.26,75.38,9109693,6866.46,30097,5070875,55.66,Metals
2025-11-20,NMDC, EQ, 20-Nov-2025,75.26,75.23,75.34,73.91,74.4,74.46,74.49,24164668,18001.36,54966,14408396,59.63,Metals
2025-11-21,NMDC, EQ, 21-Nov-2025,74.46,74.0,74.2,73.21,73.3,73.51,73.66,23896675,17602.31,49663,10966719,45.89,Metals
2025-11-24,NMDC, EQ, 24-Nov-2025,73.51,73.51,73.81,72.26,72.45,72.54,72.79,21985740,16003.51,52985,13982407,63.6,Metals
2025-11-25,NMDC, EQ, 25-Nov-2025,72.54,72.57,73.1,72.24,72.5,72.7,72.67,12512694,9093.38,36165,6023762,48.14,Metals
2025-11-26,NMDC, EQ, 26-Nov-2025,72.7,73.6,74.45,72.89,74.28,74.29,73.99,13223415,9783.45,40085,6339410,47.94,Metals
2025-11-27,NMDC, EQ, 27-Nov-2025,74.29,74.9,75.15,73.7,74.33,74.21,74.25,10707179,7950.6,50578,4285653,40.03,Metals
2025-11-28,NMDC, EQ, 28-Nov-2025,74.21,74.4,75.03,73.5,73.9,73.92,74.12,16024318,11876.57,38404,7502050,46.82,Metals
2025-12-01,NMDC, EQ, 01-Dec-2025,73.92,74.2,75.75,73.87,75.45,75.39,75.02,24997800,18752.56,44254,11705460,46.83,Metals
2025-12-02,NMDC, EQ, 02-Dec-2025,75.39,75.69,77.05,75.45,76.02,76.09,76.24,31583291,24078.06,70626,16162192,51.17,Metals
2025-12-03,NMDC, EQ, 03-Dec-2025,76.09,76.43,76.9,75.6,76.11,76.05,76.21,11892197,9063.3,33155,5085146,42.76,Metals
2025-12-04,NMDC, EQ, 04-Dec-2025,76.05,76.18,77.14,75.81,75.9,75.97,76.43,11526558,8810.24,37782,4824572,41.86,Metals
2025-12-05,NMDC, EQ, 05-Dec-2025,75.97,75.97,76.59,74.8,76.36,76.46,75.9,17203665,13057.46,45904,9395793,54.62,Metals
2025-12-08,NMDC, EQ, 08-Dec-2025,76.46,76.35,76.49,74.15,74.5,74.66,75.08,14039842,10541.56,66953,7755711,55.24,Metals
2025-12-09,NMDC, EQ, 09-Dec-2025,74.66,74.45,75.21,73.22,74.78,74.83,74.23,10618027,7882.07,29670,4311091,40.6,Metals
2025-12-10,NMDC, EQ, 10-Dec-2025,74.83,74.83,75.47,74.18,74.29,74.41,74.73,6555698,4899.03,34223,2562429,39.09,Metals
2025-12-11,NMDC, EQ, 11-Dec-2025,74.41,74.41,75.55,74.41,75.24,75.31,75.21,7313230,5500.35,32562,2993433,40.93,Metals
2025-12-12,NMDC, EQ, 12-Dec-2025,75.31,75.99,78.05,75.5,77.98,77.94,77.38,22392662,17326.42,51886,11069863,49.44,Metals
2025-12-15,NMDC, EQ, 15-Dec-2025,77.94,78.0,78.9,77.53,78.42,78.55,78.25,20700200,16197.75,50961,10161184,49.09,Metals
2025-12-16,NMDC, EQ, 16-Dec-2025,78.55,78.4,78.59,76.66,76.95,77.15,77.23,11468902,8857.76,36522,5157493,44.97,Metals
2025-12-17,NMDC, EQ, 17-Dec-2025,77.15,77.0,77.82,76.82,77.17,77.28,77.36,8628268,6675.12,31928,3829859,44.39,Metals
2025-12-18,NMDC, EQ, 18-Dec-2025,77.28,77.11,77.45,76.25,76.45,76.51,76.87,8848338,6801.55,36586,4047581,45.74,Metals
2025-12-19,NMDC, EQ, 19-Dec-2025,76.51,76.51,76.75,75.72,76.3,76.3,76.2,9994984,7616.46,26825,5249335,52.52,Metals
2025-12-22,NMDC, EQ, 22-Dec-2025,76.3,76.65,78.7,76.5,78.55,78.52,78.07,17008841,13279.51,46668,8747788,51.43,Metals
2025-12-23,NMDC, EQ, 23-Dec-2025,78.52,79.12,82.3,78.85,81.55,81.53,80.98,77610652,62847.14,184431,31010302,39.96,Metals
2025-12-24,NMDC, EQ, 24-Dec-2025,81.53,82.4,82.49,81.07,81.23,81.43,81.67,27923038,22804.15,77723,13195601,47.26,Metals
2025-12-26,NMDC, EQ, 26-Dec-2025,81.43,81.7,83.25,81.37,82.54,82.61,82.6,26105816,21563.07,67418,10783335,41.31,Metals
2025-12-29,NMDC, EQ, 29-Dec-2025,82.61,83.5,84.15,80.33,81.0,80.84,81.91,50793078,41602.22,117824,25206605,49.63,Metals
2025-12-30,NMDC, EQ, 30-Dec-2025,80.84,80.9,83.79,80.6,83.43,83.41,82.72,40418456,33433.65,113652,17207735,42.57,Metals
2025-12-31,NMDC, EQ, 31-Dec-2025,83.41,84.0,84.64,82.9,83.0,83.17,83.5,31290373,26128.7,69319,13451993,42.99,Metals
2026-01-01,NMDC, EQ, 01-Jan-2026,83.17,83.17,84.0,82.21,84.0,83.66,83.15,17474087,14529.4,39287,8425305,48.22,Metals
2026-01-02,NMDC, EQ, 02-Jan-2026,83.66,84.11,84.96,83.83,84.46,84.53,84.4,27683548,23364.04,56022,13377976,48.32,Metals
2026-01-05,NMDC, EQ, 05-Jan-2026,84.53,85.0,85.25,83.22,83.9,83.91,84.17,27034891,22754.14,68712,12287163,45.45,Metals
2026-01-06,NMDC, EQ, 06-Jan-2026,83.91,83.95,84.85,83.1,83.84,83.87,83.95,19631972,16480.9,75143,9294494,47.34,Metals
2026-01-07,NMDC, EQ, 07-Jan-2026,83.87,83.85,86.4,83.75,86.15,86.16,85.59,41093776,35171.95,96277,15566714,37.88,Metals
2026-01-08,NMDC, EQ, 08-Jan-2026,86.16,86.3,86.72,81.3,81.45,81.59,82.91,50811580,42129.5,137175,22788985,44.85,Metals
2026-01-09,NMDC, EQ, 09-Jan-2026,81.59,81.59,82.54,78.77,80.73,80.48,80.64,59337663,47849.87,100417,18920999,31.89,Metals
2026-01-12,NMDC, EQ, 12-Jan-2026,80.48,80.82,82.05,79.15,81.93,81.76,80.5,21694778,17464.58,58604,6610201,30.47,Metals
2026-01-13,NMDC, EQ, 13-Jan-2026,81.76,82.16,82.47,81.1,82.05,82.12,81.94,14953959,12253.09,55072,5882963,39.34,Metals
2026-01-14,NMDC, EQ, 14-Jan-2026,82.12,82.1,84.14,81.81,83.7,83.85,83.56,28795078,24061.43,81559,12100237,42.02,Metals
2026-01-16,NMDC, EQ, 16-Jan-2026,83.85,83.85,84.05,82.31,82.48,82.74,83.06,20585800,17097.86,59708,10845096,52.68,Metals
2026-01-19,NMDC, EQ, 19-Jan-2026,82.74,82.74,82.74,80.73,81.19,81.39,81.56,18976405,15477.9,63294,9412750,49.6,Metals
2026-01-20,NMDC, EQ, 20-Jan-2026,81.39,81.39,81.95,78.32,78.32,78.84,79.89,18241676,14572.4,56275,6986888,38.3,Metals
2026-01-21,NMDC, EQ, 21-Jan-2026,78.84,78.41,79.53,77.03,78.85,78.64,78.43,20666906,16208.65,59656,5553312,26.87,Metals
2026-01-22,NMDC, EQ, 22-Jan-2026,78.64,79.03,80.45,77.84,78.25,78.23,78.77,18249016,14374.25,65163,8155592,44.69,Metals
2026-01-23,NMDC, EQ, 23-Jan-2026,78.23,78.0,78.65,76.05,76.19,76.36,77.32,19489454,15069.74,61454,8351548,42.85,Metals
2026-01-27,NMDC, EQ, 27-Jan-2026,76.36,77.36,79.37,76.42,79.3,78.84,78.01,28155161,21962.75,161058,14943391,53.08,Metals
2026-01-28,NMDC, EQ, 28-Jan-2026,78.84,79.37,81.86,78.62,81.6,81.52,80.79,32245504,26050.66,134162,14300299,44.35,Metals
2026-01-29,NMDC, EQ, 29-Jan-2026,81.52,81.8,85.05,81.77,84.61,84.6,84.06,71597178,60185.63,194067,35162032,49.11,Metals
2026-01-30,NMDC, EQ, 30-Jan-2026,84.6,83.5,83.5,79.87,81.0,81.21,81.02,44472018,36029.49,106942,17440923,39.22,Metals
2026-02-01,NMDC, EQ, 01-Feb-2026,81.21,80.0,83.4,78.65,80.29,80.38,81.19,33762048,27413.05,84807,8302212,24.59,Metals
2026-02-02,NMDC, EQ, 02-Feb-2026,80.38,80.74,81.9,78.42,81.9,81.44,80.17,18052520,14472.93,55485,6149187,34.06,Metals
2026-02-03,NMDC, EQ, 03-Feb-2026,81.44,83.9,84.5,80.81,81.43,81.65,81.87,35389808,28973.6,90248,13959098,39.44,Metals
2026-02-04,NMDC, EQ, 04-Feb-2026,81.65,81.69,86.39,81.65,85.69,85.88,84.82,73789115,62584.55,160837,30372326,41.16,Metals
2026-02-05,NMDC, EQ, 05-Feb-2026,85.88,86.13,86.14,83.41,84.69,84.6,84.43,36179651,30548.01,70977,14513217,40.11,Metals
2026-02-06,NMDC, EQ, 06-Feb-2026,84.6,84.5,85.37,83.13,83.8,84.08,84.08,28578193,24027.51,61168,13022280,45.57,Metals
2026-02-09,NMDC, EQ, 09-Feb-2026,84.08,85.0,85.62,83.8,84.49,84.47,84.6,26901417,22757.91,64030,13103745,48.71,Metals
2026-02-10,NMDC, EQ, 10-Feb-2026,84.47,85.1,85.64,83.26,85.06,85.07,84.81,46795269,39687.18,82075,17262237,36.89,Metals
2026-02-11,NMDC, EQ, 11-Feb-2026,85.07,85.5,86.07,84.41,85.59,85.46,85.22,36201965,30850.73,57046,14736344,40.71,Metals
2026-02-12,NMDC, EQ, 12-Feb-2026,85.46,85.9,86.08,84.41,84.86,84.74,85.21,28926197,24649.28,52733,15278907,52.82,Metals
2026-02-13,NMDC, EQ, 13-Feb-2026,84.74,81.5,81.9,79.16,79.43,79.43,80.44,31361483,25226.65,88314,13667037,43.58,Metals
2026-02-16,NMDC, EQ, 16-Feb-2026,79.43,79.32,80.64,78.45,80.27,80.46,79.61,15298184,12179.46,45966,5381542,35.18,Metals
2026-02-17,NMDC, EQ, 17-Feb-2026,80.46,80.39,80.39,78.55,78.96,79.03,79.17,14967133,11849.83,40771,5741807,38.36,Metals
2026-02-18,NMDC, EQ, 18-Feb-2026,79.03,79.39,80.3,78.86,80.09,80.09,79.79,12495946,9969.92,40685,5252589,42.03,Metals
2026-02-19,NMDC, EQ, 19-Feb-2026,80.09,80.5,81.05,78.73,78.88,79.22,80.01,17807737,14248.23,35951,8307400,46.65,Metals
2026-02-20,NMDC, EQ, 20-Feb-2026,79.22,79.0,80.35,78.47,79.99,80.13,79.79,31810356,25380.58,45635,12924112,40.63,Metals
2026-02-23,NMDC, EQ, 23-Feb-2026,80.13,81.0,81.0,78.1,78.93,78.91,79.06,17173430,13576.98,52067,7707845,44.88,Metals
2026-02-24,NMDC, EQ, 24-Feb-2026,78.91,79.0,81.05,78.51,80.85,80.8,80.22,28891427,23176.76,84043,16361895,56.63,Metals
2026-02-25,NMDC, EQ, 25-Feb-2026,80.8,81.0,82.14,80.4,81.78,81.86,81.53,26680650,21753.58,143613,13682881,51.28,Metals
2026-02-26,NMDC, EQ, 26-Feb-2026,81.86,82.31,83.56,81.73,82.45,82.56,82.81,29910648,24769.8,62956,10166036,33.99,Metals
2026-02-27,NMDC, EQ, 27-Feb-2026,82.56,82.31,83.26,80.75,81.44,81.74,82.29,16829779,13848.5,39366,5472088,32.51,Metals
2026-03-02,NMDC, EQ, 02-Mar-2026,81.74,78.98,82.2,78.85,81.29,81.26,80.93,22982057,18599.02,57806,8916335,38.8,Metals
2026-03-04,NMDC, EQ, 04-Mar-2026,81.26,80.0,80.38,76.0,76.5,76.71,77.47,31337830,24277.39,90986,12522126,39.96,Metals
2026-03-05,NMDC, EQ, 05-Mar-2026,76.71,77.49,79.49,77.36,78.54,78.44,78.42,20259988,15888.14,57428,6255916,30.88,Metals
2026-03-06,NMDC, EQ, 06-Mar-2026,78.44,78.0,81.91,77.95,79.89,79.79,80.21,32383963,25975.19,76180,11283382,34.84,Metals
2026-03-09,NMDC, EQ, 09-Mar-2026,79.79,79.0,79.37,76.49,79.15,79.13,78.33,27385520,21450.85,64070,10399525,37.97,Metals
2026-03-10,NMDC, EQ, 10-Mar-2026,79.13,80.1,80.65,79.13,79.81,79.67,79.65,17656054,14063.88,40875,7033625,39.84,Metals
2026-03-11,NMDC, EQ, 11-Mar-2026,79.67,80.05,81.09,79.45,79.57,79.73,80.36,13889368,11161.05,37751,5191034,37.37,Metals
2026-03-12,NMDC, EQ, 12-Mar-2026,79.73,79.3,81.6,77.54,80.85,80.87,79.96,20967907,16765.16,57765,7005931,33.41,Metals
2026-03-13,NMDC, EQ, 13-Mar-2026,80.87,80.4,81.25,78.25,78.59,78.59,79.29,21709925,17212.88,61473,8327494,38.36,Metals
2026-03-16,NMDC, EQ, 16-Mar-2026,78.59,78.59,78.96,76.61,77.38,77.56,77.74,17446342,13562.05,50319,5426978,31.11,Metals
2026-03-17,NMDC, EQ, 17-Mar-2026,77.56,78.2,79.5,76.91,78.9,79.22,78.24,22084741,17279.65,53458,6273596,28.41,Metals
2026-03-18,NMDC, EQ, 18-Mar-2026,79.22,79.22,79.98,78.26,79.49,79.49,79.23,15877573,12580.15,45727,4482811,28.23,Metals
2026-03-19,NMDC, EQ, 19-Mar-2026,79.49,78.2,78.9,77.5,78.1,77.94,78.13,22414516,17513.31,43272,6130170,27.35,Metals
2026-03-20,NMDC, EQ, 20-Mar-2026,77.94,78.01,81.32,78.01,79.5,79.78,80.29,39390638,31625.77,77760,16932521,42.99,Metals
2026-03-23,NMDC, EQ, 23-Mar-2026,79.78,78.75,78.76,74.55,74.98,75.09,75.65,35184834,26617.95,90051,15311984,43.52,Metals
2026-03-24,NMDC, EQ, 24-Mar-2026,75.09,77.45,77.45,74.92,76.74,76.77,76.17,22852797,17406.19,55736,9285922,40.63,Metals
2026-03-25,NMDC, EQ, 25-Mar-2026,76.77,77.32,78.74,77.25,77.71,77.85,78.07,21760094,16987.14,52310,9392416,43.16,Metals
2026-03-27,NMDC, EQ, 27-Mar-2026,77.85,77.59,78.29,76.55,77.3,77.2,77.62,25794674,20020.58,71408,13150411,50.98,Metals
2026-03-30,NMDC, EQ, 30-Mar-2026,77.2,76.5,78.42,76.09,76.3,76.27,77.21,20168817,15572.48,56950,7969434,39.51,Metals
2026-04-01,NMDC, EQ, 01-Apr-2026,76.27,78.56,79.48,77.74,78.24,78.17,78.52,27161656,21328.37,68052,15027166,55.32,Metals
2026-04-02,NMDC, EQ, 02-Apr-2026,78.17,78.0,78.5,75.61,78.0,78.08,77.08,27259464,21011.53,81723,8946987,32.82,Metals
2026-04-06,NMDC, EQ, 06-Apr-2026,78.08,78.68,82.29,78.02,81.59,81.4,80.8,52439160,42370.95,104168,14738170,28.11,Metals
2026-04-07,NMDC, EQ, 07-Apr-2026,81.4,80.98,81.91,80.62,81.75,81.74,81.5,13939494,11360.99,47183,3924157,28.15,Metals
2026-04-08,NMDC, EQ, 08-Apr-2026,81.74,83.25,84.3,82.6,83.08,82.91,83.15,23422589,19475.74,57195,9446228,40.33,Metals
2026-04-09,NMDC, EQ, 09-Apr-2026,82.91,83.0,85.0,82.51,84.46,84.44,84.31,25196614,21243.03,60660,9891370,39.26,Metals
2026-04-10,NMDC, EQ, 10-Apr-2026,84.44,85.0,86.3,83.91,85.06,85.07,84.88,23342535,19813.6,65337,8608105,36.88,Metals
2026-04-13,NMDC, EQ, 13-Apr-2026,85.07,83.75,86.4,83.12,85.7,85.81,85.27,29197819,24897.91,68323,14186415,48.59,Metals
2026-04-15,NMDC, EQ, 15-Apr-2026,85.81,87.0,87.97,86.63,87.02,87.17,87.3,21574292,18833.5,67855,9780654,45.33,Metals
2026-04-16,NMDC, EQ, 16-Apr-2026,87.17,87.6,88.66,85.85,87.25,87.16,87.26,40443893,35291.16,104574,18422915,45.55,Metals
2026-04-17,NMDC, EQ, 17-Apr-2026,87.16,87.5,90.15,87.26,89.78,89.78,89.09,41324296,36817.26,140564,19320546,46.75,Metals
2026-04-20,NMDC, EQ, 20-Apr-2026,89.78,89.9,90.17,88.13,88.92,88.9,89.25,30415217,27146.35,141524,17021408,55.96,Metals
2026-04-21,NMDC, EQ, 21-Apr-2026,88.9,89.83,89.94,87.42,88.43,88.47,88.61,24339172,21566.03,80021,11980476,49.22,Metals
2026-04-22,NMDC, EQ, 22-Apr-2026,88.47,88.43,89.95,88.05,88.75,88.59,88.93,18410428,16372.45,49837,7499192,40.73,Metals
2026-04-23,NMDC, EQ, 23-Apr-2026,88.59,88.41,88.54,86.63,87.4,87.31,87.23,25119407,21911.43,59206,11197345,44.58,Metals
2026-04-24,NMDC, EQ, 24-Apr-2026,87.31,87.5,89.99,86.7,89.35,89.29,88.75,34794839,30880.9,107154,13740478,39.49,Metals
2026-04-27,NMDC, EQ, 27-Apr-2026,89.29,90.25,91.2,89.81,90.39,90.42,90.66,37668047,34151.4,102198,19715521,52.34,Metals
2026-04-28,NMDC, EQ, 28-Apr-2026,90.42,90.84,91.86,90.55,91.33,90.9,91.13,29317759,26717.87,64710,15308583,52.22,Metals
2026-04-29,NMDC, EQ, 29-Apr-2026,90.9,91.5,92.77,89.93,91.69,91.73,91.56,27064617,24779.44,83256,11485742,42.44,Metals
2026-04-30,NMDC, EQ, 30-Apr-2026,91.73,92.04,92.07,89.75,90.4,90.37,90.41,23931554,21635.73,118162,11970935,50.02,Metals
2026-05-04,NMDC, EQ, 04-May-2026,90.37,91.0,91.71,88.3,89.01,89.09,89.48,19723503,17647.99,52039,8214963,41.65,Metals
2026-05-05,NMDC, EQ, 05-May-2026,89.09,89.0,89.64,87.96,88.88,88.83,88.77,12339321,10953.0,55250,5649621,45.79,Metals
2026-05-06,NMDC, EQ, 06-May-2026,88.83,90.0,90.85,88.5,89.2,89.18,89.49,14607779,13071.78,56829,5655608,38.72,Metals
2026-05-07,NMDC, EQ, 07-May-2026,89.18,89.7,90.89,89.14,90.05,90.14,90.4,19540926,17664.3,62743,9674099,49.51,Metals
2026-05-08,NMDC, EQ, 08-May-2026,90.14,90.05,90.5,88.67,88.75,88.8,89.23,12944581,11549.89,45804,6226793,48.1,Metals
2026-05-11,NMDC, EQ, 11-May-2026,88.8,88.01,88.3,86.59,86.95,86.79,87.39,13097856,11446.14,68710,5474443,41.8,Metals
2026-05-12,NMDC, EQ, 12-May-2026,86.79,86.62,88.47,86.38,86.68,86.62,87.28,14380728,12551.5,58930,6640651,46.18,Metals
2026-05-13,NMDC, EQ, 13-May-2026,86.62,86.5,91.8,86.42,91.19,91.11,90.12,42008503,37859.0,112945,19122127,45.52,Metals
2026-05-14,NMDC, EQ, 14-May-2026,91.11,92.0,93.78,91.63,93.35,93.21,92.83,39823561,36967.23,107187,13851849,34.78,Metals
2026-05-15,NMDC, EQ, 15-May-2026,93.21,93.62,94.25,91.14,91.38,91.41,92.67,23322409,21612.11,74867,8485346,36.38,Metals
2026-05-18,NMDC, EQ, 18-May-2026,91.41,90.87,90.87,88.28,90.15,90.14,89.41,14568803,13025.95,68891,5321903,36.53,Metals
2026-05-19,NMDC, EQ, 19-May-2026,90.14,90.29,90.55,88.76,88.84,89.02,89.45,14073570,12589.02,45964,6722848,47.77,Metals
2026-05-20,NMDC, EQ, 20-May-2026,89.02,88.5,89.24,86.69,88.43,88.48,87.81,18893927,16589.84,92008,7187454,38.04,Metals
2026-05-21,NMDC, EQ, 21-May-2026,88.48,89.2,89.65,87.9,88.06,88.16,88.69,11605971,10293.62,45611,5553821,47.85,Metals
2026-05-22,NMDC, EQ, 22-May-2026,88.16,88.49,88.49,87.29,87.95,87.85,87.76,15440319,13550.23,51743,8566654,55.48,Metals
2026-05-25,NMDC, EQ, 25-May-2026,87.85,88.51,90.43,88.51,90.25,90.19,89.72,15033928,13489.18,43966,7516782,50.0,Metals
2026-05-26,NMDC, EQ, 26-May-2026,90.19,90.5,91.06,89.58,90.73,90.67,90.29,17202008,15531.16,55918,6594723,38.34,Metals
2026-05-27,NMDC, EQ, 27-May-2026,90.67,91.25,92.78,91.13,92.37,92.28,92.1,24144878,22238.64,65291,8461138,35.04,Metals
2026-05-29,NMDC, EQ, 29-May-2026,92.28,93.0,93.05,87.39,88.4,87.99,89.33,50736815,45324.6,114880,31254027,61.6,Metals
2026-06-01,NMDC, EQ, 01-Jun-2026,87.99,89.1,93.7,87.5,93.55,92.37,90.69,73822842,66950.05,130941,19901524,26.96,Metals
2026-06-02,NMDC, EQ, 02-Jun-2026,92.37,92.79,97.24,92.3,95.0,95.31,95.64,102137637,97685.48,244905,24240181,23.73,Metals
2026-06-03,NMDC, EQ, 03-Jun-2026,95.31,96.1,97.49,95.07,96.0,96.04,96.24,48441070,46621.21,105736,15515893,32.03,Metals
2026-06-04,NMDC, EQ, 04-Jun-2026,96.04,95.81,97.35,94.34,94.65,94.7,95.6,30790125,29436.44,73424,11489522,37.32,Metals
2026-06-05,NMDC, EQ, 05-Jun-2026,94.7,94.99,95.01,91.61,92.5,92.9,93.03,40684291,37846.63,101290,17991059,44.22,Metals
2026-06-08,NMDC, EQ, 08-Jun-2026,92.9,91.15,92.01,89.01,89.21,89.59,90.62,25424714,23039.66,85054,10591488,41.66,Metals
2026-06-09,NMDC, EQ, 09-Jun-2026,89.59,90.18,90.77,89.2,90.09,90.04,89.9,32876138,29556.2,64478,16639455,50.61,Metals
2026-06-10,NMDC, EQ, 10-Jun-2026,90.04,90.0,90.25,87.91,88.57,88.45,88.91,29633090,26346.4,67315,11804640,39.84,Metals
2026-06-11,NMDC, EQ, 11-Jun-2026,88.45,87.86,88.99,87.45,88.75,88.47,88.32,20240371,17877.3,60171,7794203,38.51,Metals
2026-06-12,NMDC, EQ, 12-Jun-2026,88.47,90.0,91.3,89.62,90.72,90.93,90.5,17620294,15947.12,45518,7004779,39.75,Metals
2026-06-15,NMDC, EQ, 15-Jun-2026,90.93,91.96,91.97,88.2,88.47,88.47,89.92,28942335,26025.18,83848,15154909,52.36,Metals
2026-06-16,NMDC, EQ, 16-Jun-2026,88.47,88.47,88.85,87.09,88.08,88.09,87.94,23070064,20286.79,69998,11217772,48.62,Metals
2026-06-17,NMDC, EQ, 17-Jun-2026,88.09,88.15,88.75,87.46,88.05,88.0,88.07,15439175,13597.77,55547,6756761,43.76,Metals
2026-06-18,NMDC, EQ, 18-Jun-2026,88.0,88.09,89.17,87.92,88.48,88.53,88.46,14118728,12490.1,45149,6562085,46.48,Metals
2026-06-19,NMDC, EQ, 19-Jun-2026,88.53,88.5,89.25,88.08,88.58,88.42,88.64,20685578,18335.13,53170,11888145,57.47,Metals
2026-06-22,NMDC, EQ, 22-Jun-2026,88.42,88.85,89.1,87.76,88.06,88.19,88.46,17362832,15358.46,46795,8936141,51.47,Metals
2026-06-23,NMDC, EQ, 23-Jun-2026,88.19,88.0,88.17,84.07,85.0,85.26,85.73,49914855,42794.18,91407,24404729,48.89,Metals
2026-06-24,NMDC, EQ, 24-Jun-2026,85.26,85.26,86.76,84.0,85.63,85.7,85.52,36638678,31333.22,93364,19642717,53.61,Metals
2026-06-25,NMDC, EQ, 25-Jun-2026,85.7,85.9,86.25,84.48,84.74,84.94,85.04,22750846,19347.1,49986,12223326,53.73,Metals
2026-06-29,NMDC, EQ, 29-Jun-2026,84.94,85.0,85.69,84.31,85.4,85.45,85.16,43129313,36727.34,123700,31578043,73.22,Metals
2026-06-30,NMDC, EQ, 30-Jun-2026,85.45,85.45,86.09,83.92,85.2,85.16,84.84,41478341,35190.18,89338,20777870,50.09,Metals
2026-07-01,NMDC, EQ, 01-Jul-2026,85.16,85.16,85.62,83.51,84.2,84.3,84.32,25551074,21545.88,50935,15858312,62.07,Metals
2026-07-02,NMDC, EQ, 02-Jul-2026,84.3,85.29,86.55,85.02,85.75,85.57,85.88,14105748,12114.09,52062,6357806,45.07,Metals
2026-07-03,NMDC, EQ, 03-Jul-2026,85.57,86.52,86.93,85.3,85.42,85.4,86.07,13887336,11953.51,51373,6055352,43.6,Metals
2026-07-06,NMDC, EQ, 06-Jul-2026,85.4,85.73,85.73,84.35,84.66,85.07,84.88,17753459,15069.71,93864,10205041,57.48,Metals
2026-07-07,NMDC, EQ, 07-Jul-2026,85.07,84.91,84.91,83.88,84.34,84.35,84.33,15687966,13229.26,49680,8201634,52.28,Metals
2026-07-08,NMDC, EQ, 08-Jul-2026,84.35,83.5,85.0,83.19,83.8,83.74,84.14,11968786,10069.94,49932,5628461,47.03,Metals
2026-07-09,NMDC, EQ, 09-Jul-2026,83.74,84.0,84.79,83.0,84.26,84.42,84.39,11211470,9461.27,26934,5296815,47.24,Metals
2026-07-10,NMDC, EQ, 10-Jul-2026,84.42,85.0,86.05,84.61,84.86,84.92,85.21,14104343,12018.91,70401,7239506,51.33,Metals
2026-07-13,NMDC, EQ, 13-Jul-2026,84.92,84.01,84.3,83.31,84.24,84.13,83.83,23088111,19354.06,54458,13442293,58.22,Metals
2026-07-14,NMDC, EQ, 14-Jul-2026,84.13,84.0,85.95,83.82,84.86,84.99,85.04,24646208,20959.45,90188,13366937,54.24,Metals
2026-07-15,NMDC, EQ, 15-Jul-2026,84.99,84.99,85.62,84.62,84.76,84.89,85.06,11975753,10187.06,72066,7147119,59.68,Metals
2026-07-16,NMDC, EQ, 16-Jul-2026,84.89,85.0,85.19,83.75,84.16,84.08,84.37,14607540,12323.89,50390,6553606,44.86,Metals
2026-07-17,NMDC, EQ, 17-Jul-2026,84.08,84.15,84.49,82.71,83.2,83.22,83.26,22681426,18883.68,56242,11359282,50.08,Metals
2026-07-20,NMDC, EQ, 20-Jul-2026,83.22,83.75,84.9,83.27,83.84,83.85,84.1,22347504,18795.09,56160,14412102,64.49,Metals
2026-07-21,NMDC, EQ, 21-Jul-2026,83.85,83.85,84.44,83.03,83.96,83.93,83.81,14251390,11944.09,45965,6126903,42.99,Metals
2026-07-22,NMDC, EQ, 22-Jul-2026,83.93,84.44,84.75,83.13,83.35,83.34,83.76,12894573,10799.94,72449,6774521,52.54,Metals
2026-07-23,NMDC, EQ, 23-Jul-2026,83.34,83.35,83.83,82.24,82.6,82.64,82.88,10665371,8839.25,45286,5196914,48.73,Metals
2026-07-24,NMDC, EQ, 24-Jul-2026,82.64,82.35,83.69,81.77,83.6,83.56,82.69,16131661,13339.98,52681,8487067,52.61,Metals
2026-07-27,NMDC, EQ, 27-Jul-2026,83.56,84.0,84.41,83.31,83.57,83.52,83.82,11291198,9464.14,31870,6340410,56.15,Metals
2026-07-28,NMDC, EQ, 28-Jul-2026,83.52,83.54,84.33,83.01,84.06,83.92,83.71,16206608,13566.5,44071,8080578,49.86,Metals
2026-07-29,NMDC, EQ, 29-Jul-2026,83.92,83.75,86.45,83.75,85.98,85.85,85.85,24493891,21028.22,55147,12247750,50.0,Metals
2026-07-30,NMDC, EQ, 30-Jul-2026,85.85,85.85,86.09,84.71,85.15,85.01,85.21,12760135,10872.84,62217,7244018,56.77,Metals
2026-07-31,NMDC, EQ, 31-Jul-2026,85.01,85.5,85.6,84.69,85.05,85.04,85.02,12787764,10871.99,64788,7330625,57.33,Metals
2026-08-03,NMDC, EQ, 03-Aug-2026,85.04,85.6,85.84,83.05,83.8,83.8,84.07,18494856,15548.34,65761,10234312,55.34,Metals
2026-08-04,NMDC, EQ, 04-Aug-2026,83.8,84.2,84.7,83.23,84.2,84.2,84.14,19524046,16427.97,51386,10205792,52.27,Metals
2026-08-05,NMDC, EQ, 05-Aug-2026,84.2,85.0,85.8,84.42,85.8,85.8,85.03,20532109,17458.29,58330,11250538,54.79,Metals
2026-08-06,NMDC, EQ, 06-Aug-2026,85.8,86.32,87.19,85.66,86.2,86.2,86.44,26097300,22559.65,126102,12183145,46.68,Metals
2026-08-07,NMDC, EQ, 07-Aug-2026,86.2,85.9,86.0,84.9,84.92,84.92,85.15,9354641,7965.49,42358,4824862,51.58,Metals
2026-08-10,NMDC, EQ, 10-Aug-2026,84.92,84.96,86.99,84.71,85.48,85.48,85.92,21296974,18298.14,71736,7690140,36.11,Metals
2026-08-11,NMDC, EQ, 11-Aug-2026,85.48,85.5,86.44,84.81,85.45,85.45,85.34,14097831,12031.41,44027,8038965,57.02,Metals
2026-08-12,NMDC, EQ, 12-Aug-2026,85.45,85.87,86.07,84.89,85.9,85.9,85.38,18266091,15596.09,41891,11518531,63.06,Metals
2026-08-13,NMDC, EQ, 13-Aug-2026,85.9,85.89,85.89,84.59,85.0,85.0,85.02,10993967,9346.71,44945,6493681,59.07,Metals
2026-08-14,NMDC, EQ, 14-Aug-2026,85.0,85.33,85.35,83.14,84.4,84.4,83.97,18589633,15610.13,51692,7715649,41.51,Metals
2026-08-17,NMDC, EQ, 17-Aug-2026,84.4,83.1,85.5,81.05,85.5,85.5,83.06,40748162,33844.47,99179,15006585,36.83,Metals
2026-08-18,NMDC, EQ, 18-Aug-2026,85.5,85.03,85.41,83.1,84.19,84.19,84.12,18390025,15470.02,52009,8621251,46.88,Metals
2026-08-19,NMDC, EQ, 19-Aug-2026,84.19,84.01,84.06,82.86,83.35,83.35,83.35,20291366,16912.59,64672,10744931,52.95,Metals
2026-08-20,NMDC, EQ, 20-Aug-2026,83.35,83.88,85.15,83.5,83.95,83.95,84.26,16534911,13932.25,38127,7771354,47.0,Metals
2026-08-21,NMDC, EQ, 21-Aug-2026,83.95,84.19,85.43,83.49,84.61,84.61,84.53,18876961,15955.88,54070,8623259,45.68,Metals
