Date,SYMBOL,SERIES,DATE1,PREV_CLOSE,OPEN_PRICE,HIGH_PRICE,LOW_PRICE,LAST_PRICE,CLOSE_PRICE,AVG_PRICE,TTL_TRD_QNTY,TURNOVER_LACS,NO_OF_TRADES,DELIV_QTY,DELIV_PER,SECTOR
2019-08-23,OFSS, EQ, 23-Aug-2019,2909.0,2909.75,3047.9,2883.3,3018.8,3016.45,2995.0,55119,1650.81,7019,17232,31.26,Others
2019-10-01,OFSS, EQ, 01-Oct-2019,3173.4,3125.65,3149.05,3054.0,3065.0,3080.15,3101.09,44901,1392.42,3145,26324,58.63,Others
2019-10-03,OFSS, EQ, 03-Oct-2019,3080.15,3054.0,3143.0,3054.0,3102.0,3084.05,3092.23,9920,306.75,1631,2976,30.0,Others
2019-10-04,OFSS, EQ, 04-Oct-2019,3084.05,3099.0,3160.0,3035.3,3137.0,3068.25,3095.01,26917,833.08,3395,8628,32.05,Others
2019-10-07,OFSS, EQ, 07-Oct-2019,3068.25,3083.6,3150.0,3000.0,3068.0,3075.15,3049.39,15024,458.14,2087,3670,24.43,Others
2019-10-09,OFSS, EQ, 09-Oct-2019,3075.15,3070.0,3120.0,3032.0,3120.0,3099.85,3075.38,9016,277.28,2637,5087,56.42,Others
2019-10-10,OFSS, EQ, 10-Oct-2019,3099.85,3088.8,3140.0,3054.0,3095.0,3074.75,3096.08,6238,193.13,1689,2609,41.82,Others
2019-10-11,OFSS, EQ, 11-Oct-2019,3074.75,3079.0,3124.0,3054.85,3116.4,3111.55,3093.72,6958,215.26,1378,3208,46.11,Others
2019-10-14,OFSS, EQ, 14-Oct-2019,3111.55,3076.05,3124.55,3067.05,3098.0,3093.55,3095.59,6630,205.24,1770,3285,49.55,Others
2019-10-15,OFSS, EQ, 15-Oct-2019,3093.55,3095.0,3150.0,3087.65,3145.0,3143.35,3129.19,10403,325.53,2399,5378,51.7,Others
2019-10-16,OFSS, EQ, 16-Oct-2019,3143.35,3141.2,3170.0,3112.0,3149.0,3152.95,3154.14,8145,256.9,2380,4900,60.16,Others
2019-10-17,OFSS, EQ, 17-Oct-2019,3152.95,3152.95,3168.0,3049.9,3082.55,3090.2,3112.71,11468,356.97,2115,5942,51.81,Others
2019-10-18,OFSS, EQ, 18-Oct-2019,3090.2,3082.0,3129.8,3055.0,3064.0,3070.25,3090.97,20425,631.33,4253,11299,55.32,Others
2019-10-22,OFSS, EQ, 22-Oct-2019,3070.25,3095.0,3114.4,3070.0,3109.0,3106.95,3105.88,8980,278.91,1532,5145,57.29,Others
2019-10-23,OFSS, EQ, 23-Oct-2019,3106.95,3103.0,3105.0,3045.0,3056.0,3055.3,3060.44,16535,506.04,3893,10020,60.6,Others
2019-10-24,OFSS, EQ, 24-Oct-2019,3055.3,3069.7,3080.0,3040.0,3075.0,3064.85,3062.96,13957,427.5,2311,9011,64.56,Others
2019-10-25,OFSS, EQ, 25-Oct-2019,3064.85,3064.85,3092.0,3040.0,3065.0,3065.45,3062.09,8116,248.52,2003,5178,63.8,Others
2019-10-27,OFSS, EQ, 27-Oct-2019,3065.45,3099.45,3099.45,3060.0,3090.0,3071.65,3072.41,716,22.0,198,616,86.03,Others
2019-10-29,OFSS, EQ, 29-Oct-2019,3071.65,3075.0,3099.0,3045.5,3094.9,3088.75,3078.34,10547,324.67,3144,5163,48.95,Others
2019-10-30,OFSS, EQ, 30-Oct-2019,3088.75,3088.75,3140.0,3058.5,3108.5,3110.45,3102.46,13047,404.78,4590,7010,53.73,Others
2019-10-31,OFSS, EQ, 31-Oct-2019,3110.45,3101.1,3180.05,3100.0,3149.45,3140.5,3127.24,32447,1014.7,6398,23064,71.08,Others
2019-11-01,OFSS, EQ, 01-Nov-2019,3140.5,3149.0,3240.0,3140.0,3168.0,3173.35,3195.25,23292,744.24,3569,10972,47.11,Others
2019-11-04,OFSS, EQ, 04-Nov-2019,3173.35,3174.0,3233.95,3104.0,3130.6,3130.7,3146.87,21309,670.57,3290,11422,53.6,Others
2019-11-05,OFSS, EQ, 05-Nov-2019,3130.7,3146.35,3161.0,3125.0,3131.0,3130.4,3132.85,6608,207.02,1222,4955,74.98,Others
2019-11-06,OFSS, EQ, 06-Nov-2019,3130.4,3112.1,3150.0,3109.8,3130.0,3132.4,3131.69,6307,197.52,2174,4357,69.08,Others
2019-11-07,OFSS, EQ, 07-Nov-2019,3132.4,3148.05,3148.05,3110.0,3111.1,3120.55,3130.81,6257,195.89,1436,3936,62.91,Others
2019-11-08,OFSS, EQ, 08-Nov-2019,3120.55,3134.9,3145.4,3109.7,3119.35,3126.1,3126.65,7250,226.68,1351,4807,66.3,Others
2019-11-11,OFSS, EQ, 11-Nov-2019,3126.1,3126.1,3187.8,3101.5,3142.0,3119.0,3143.45,10710,336.66,2841,6203,57.92,Others
2019-11-13,OFSS, EQ, 13-Nov-2019,3119.0,3110.0,3154.15,3106.0,3110.0,3130.1,3129.89,65881,2062.0,4811,61564,93.45,Others
2019-11-14,OFSS, EQ, 14-Nov-2019,3130.1,3123.0,3123.0,3020.0,3055.0,3058.8,3048.7,29286,892.84,4550,19359,66.1,Others
2019-11-15,OFSS, EQ, 15-Nov-2019,3058.8,3026.65,3078.85,3026.65,3060.0,3061.25,3063.28,7094,217.31,1073,3944,55.6,Others
2019-11-18,OFSS, EQ, 18-Nov-2019,3061.25,3051.0,3085.0,3040.0,3063.7,3055.95,3059.54,5729,175.28,1351,3352,58.51,Others
2019-11-19,OFSS, EQ, 19-Nov-2019,3055.95,3063.95,3079.0,3040.0,3045.3,3056.4,3055.94,6817,208.32,1260,4864,71.35,Others
2019-11-20,OFSS, EQ, 20-Nov-2019,3056.4,3050.0,3098.0,3033.5,3060.0,3064.55,3054.61,14701,449.06,4404,11635,79.14,Others
2019-11-21,OFSS, EQ, 21-Nov-2019,3064.55,3065.0,3065.0,2926.2,2963.0,2965.2,3000.71,34951,1048.78,6347,25114,71.85,Others
2019-11-22,OFSS, EQ, 22-Nov-2019,2965.2,2979.6,2988.35,2905.9,2918.0,2910.3,2927.82,16267,476.27,2332,10596,65.14,Others
2019-11-25,OFSS, EQ, 25-Nov-2019,2910.3,2935.0,2963.55,2886.15,2925.55,2933.1,2930.54,35190,1031.26,2273,29871,84.88,Others
2019-11-26,OFSS, EQ, 26-Nov-2019,2933.1,2940.0,2970.0,2902.0,2918.0,2911.5,2931.86,8627,252.93,2796,4766,55.25,Others
2019-11-27,OFSS, EQ, 27-Nov-2019,2911.5,2932.9,2941.7,2917.25,2930.0,2930.9,2930.0,5119,149.99,1043,3562,69.58,Others
2019-11-28,OFSS, EQ, 28-Nov-2019,2930.9,2943.0,2948.4,2911.05,2946.95,2934.65,2929.53,4410,129.19,1048,2084,47.26,Others
2019-11-29,OFSS, EQ, 29-Nov-2019,2934.65,2932.7,2948.1,2910.0,2940.0,2931.25,2928.99,6897,202.01,1614,4772,69.19,Others
2019-12-02,OFSS, EQ, 02-Dec-2019,2931.25,2924.15,2975.0,2912.0,2955.0,2965.95,2949.08,7461,220.03,1597,4465,59.84,Others
2019-12-03,OFSS, EQ, 03-Dec-2019,2965.95,2971.5,2985.0,2950.0,2966.5,2964.4,2964.21,4888,144.89,1423,3468,70.95,Others
2019-12-04,OFSS, EQ, 04-Dec-2019,2964.4,2950.0,3025.0,2911.1,2963.0,2986.8,2953.21,10408,307.37,3540,5643,54.22,Others
2019-12-05,OFSS, EQ, 05-Dec-2019,2986.8,2989.0,2989.0,2941.0,2941.0,2951.05,2958.42,3264,96.56,798,1742,53.37,Others
2019-12-06,OFSS, EQ, 06-Dec-2019,2951.05,2945.45,2974.75,2915.0,2920.0,2939.9,2929.03,13508,395.65,2332,9620,71.22,Others
2019-12-09,OFSS, EQ, 09-Dec-2019,2939.9,2941.5,2969.8,2917.0,2959.95,2952.3,2950.86,4509,133.05,1206,2164,47.99,Others
2019-12-10,OFSS, EQ, 10-Dec-2019,2952.3,2943.4,2963.95,2891.2,2891.3,2899.2,2922.61,5078,148.41,1339,2729,53.74,Others
2019-12-11,OFSS, EQ, 11-Dec-2019,2899.2,2907.5,2933.5,2905.05,2917.25,2920.25,2920.01,15290,446.47,2851,13161,86.08,Others
2019-12-12,OFSS, EQ, 12-Dec-2019,2920.25,2920.0,2950.0,2336.2,2913.0,2915.9,2775.08,41904,1162.87,6300,10503,25.06,Others
2019-12-13,OFSS, EQ, 13-Dec-2019,2915.9,2928.5,2949.8,2890.0,2930.0,2933.1,2937.16,54755,1608.24,3342,50824,92.82,Others
2019-12-16,OFSS, EQ, 16-Dec-2019,2933.1,2920.0,2943.4,2875.05,2880.3,2889.6,2911.31,5138,149.58,916,3041,59.19,Others
2019-12-17,OFSS, EQ, 17-Dec-2019,2889.6,2905.0,2980.0,2892.05,2968.0,2950.85,2933.14,9281,272.22,1219,6377,68.71,Others
2019-12-18,OFSS, EQ, 18-Dec-2019,2950.85,2951.5,2959.9,2895.05,2940.2,2947.55,2948.35,12268,361.7,3117,9714,79.18,Others
2019-12-19,OFSS, EQ, 19-Dec-2019,2947.55,2945.2,2950.35,2905.5,2918.0,2920.0,2919.93,5963,174.12,1648,3498,58.66,Others
2019-12-20,OFSS, EQ, 20-Dec-2019,2920.0,2928.4,2946.0,2875.0,2878.3,2886.6,2896.11,16537,478.93,1995,12623,76.33,Others
2019-12-23,OFSS, EQ, 23-Dec-2019,2886.6,2888.3,2913.35,2871.0,2899.5,2890.6,2890.61,21776,629.46,2021,17646,81.03,Others
2019-12-24,OFSS, EQ, 24-Dec-2019,2890.6,2905.0,2924.95,2864.0,2879.0,2875.65,2893.82,7511,217.35,1204,4843,64.48,Others
2019-12-26,OFSS, EQ, 26-Dec-2019,2875.65,2891.3,2904.0,2814.0,2835.9,2830.9,2853.7,9290,265.11,1798,5581,60.08,Others
2019-12-27,OFSS, EQ, 27-Dec-2019,2830.9,2838.0,2855.0,2732.25,2740.0,2743.4,2775.7,30304,841.15,4218,20665,68.19,Others
2019-12-30,OFSS, EQ, 30-Dec-2019,2743.4,2757.3,2787.95,2741.25,2747.0,2748.95,2759.48,26150,721.6,3059,17420,66.62,Others
2019-12-31,OFSS, EQ, 31-Dec-2019,2748.95,2758.5,2772.3,2734.4,2739.0,2739.65,2744.37,11385,312.45,1284,7706,67.69,Others
2020-01-01,OFSS, EQ, 01-Jan-2020,2739.65,2739.65,2755.0,2730.0,2737.05,2736.15,2745.84,8229,225.96,849,6266,76.15,Others
2020-01-02,OFSS, EQ, 02-Jan-2020,2736.15,2737.05,2752.05,2710.0,2723.0,2721.95,2730.43,10577,288.8,2314,6944,65.65,Others
2020-01-03,OFSS, EQ, 03-Jan-2020,2721.95,2721.95,2750.0,2712.0,2715.0,2717.1,2729.45,14038,383.16,1888,7827,55.76,Others
2020-01-06,OFSS, EQ, 06-Jan-2020,2717.1,2717.1,2717.1,2658.2,2688.0,2688.55,2676.89,10889,291.49,2026,6658,61.14,Others
2020-01-07,OFSS, EQ, 07-Jan-2020,2688.55,2676.1,2736.2,2661.5,2673.95,2669.4,2687.14,8925,239.83,1862,4760,53.33,Others
2020-01-08,OFSS, EQ, 08-Jan-2020,2669.4,2694.25,2760.0,2670.0,2759.0,2747.7,2714.35,46756,1269.12,6837,33166,70.93,Others
2020-01-09,OFSS, EQ, 09-Jan-2020,2747.7,2759.9,2864.0,2710.5,2750.0,2751.6,2782.28,71278,1983.15,11900,32588,45.72,Others
2020-01-10,OFSS, EQ, 10-Jan-2020,2751.6,2755.0,2869.9,2752.0,2845.1,2854.95,2837.21,40065,1136.73,8206,19794,49.4,Others
2020-01-13,OFSS, EQ, 13-Jan-2020,2854.95,2874.9,3040.0,2853.55,2949.9,2955.2,2973.3,61138,1817.81,6631,35539,58.13,Others
2020-01-14,OFSS, EQ, 14-Jan-2020,2955.2,2943.0,2998.0,2921.9,2949.0,2957.15,2959.6,42910,1269.97,5475,27808,64.81,Others
2020-01-15,OFSS, EQ, 15-Jan-2020,2957.15,2957.15,2969.0,2934.45,2957.0,2956.5,2951.5,26211,773.62,1484,22014,83.99,Others
2020-01-16,OFSS, EQ, 16-Jan-2020,2956.5,2960.0,2974.9,2820.7,2850.1,2881.4,2914.41,21932,639.19,6702,14735,67.18,Others
2020-01-17,OFSS, EQ, 17-Jan-2020,2881.4,2866.05,2956.45,2859.4,2917.0,2907.25,2909.7,25493,741.77,3488,14926,58.55,Others
2020-01-20,OFSS, EQ, 20-Jan-2020,2907.25,2925.0,2948.4,2899.95,2920.0,2919.2,2925.21,9924,290.3,1463,7185,72.4,Others
2020-01-21,OFSS, EQ, 21-Jan-2020,2919.2,2944.9,2974.9,2912.0,2950.0,2949.6,2949.1,12687,374.15,2672,3619,28.53,Others
2020-01-22,OFSS, EQ, 22-Jan-2020,2949.6,2955.0,2968.95,2917.6,2953.0,2954.0,2954.74,114222,3374.96,1981,108862,95.31,Others
2020-01-23,OFSS, EQ, 23-Jan-2020,2954.0,2955.0,3004.15,2940.0,2976.0,2974.55,2965.08,26022,771.57,2659,17884,68.73,Others
2020-01-24,OFSS, EQ, 24-Jan-2020,2974.55,2964.0,2999.0,2956.0,2991.0,2989.2,2985.3,8169,243.87,1395,4966,60.79,Others
2020-01-27,OFSS, EQ, 27-Jan-2020,2989.2,2960.55,2984.9,2931.0,2931.2,2954.95,2959.89,10068,298.0,2417,6005,59.64,Others
2020-01-28,OFSS, EQ, 28-Jan-2020,2954.95,2940.0,2961.35,2902.0,2915.0,2914.8,2927.04,8905,260.65,1695,6406,71.94,Others
2020-01-29,OFSS, EQ, 29-Jan-2020,2914.8,2930.0,2959.9,2878.05,2880.0,2901.85,2922.87,10059,294.01,1720,7093,70.51,Others
2020-01-30,OFSS, EQ, 30-Jan-2020,2901.85,2900.45,2910.0,2813.45,2845.0,2864.6,2871.69,8386,240.82,2007,5860,69.88,Others
2020-01-31,OFSS, EQ, 31-Jan-2020,2864.6,2890.0,2950.5,2821.0,2925.05,2940.55,2914.57,21990,640.92,4342,15887,72.25,Others
2020-02-01,OFSS, EQ, 01-Feb-2020,2940.55,2919.9,3033.0,2905.0,2933.55,2971.2,2971.73,41128,1222.21,4653,30031,73.02,Others
2020-02-03,OFSS, EQ, 03-Feb-2020,2971.2,2953.55,3120.45,2920.0,3050.05,3081.25,3054.2,25660,783.71,3311,20453,79.71,Others
2020-02-04,OFSS, EQ, 04-Feb-2020,3081.25,3086.25,3150.0,2980.0,2994.95,2992.75,3036.14,29006,880.66,5793,18926,65.25,Others
2020-02-05,OFSS, EQ, 05-Feb-2020,2992.75,3020.0,3069.0,2961.0,2970.0,2981.6,3019.24,21506,649.32,4913,13498,62.76,Others
2020-02-06,OFSS, EQ, 06-Feb-2020,2981.6,3008.0,3027.0,2890.0,2905.0,2905.8,2951.34,15272,450.73,3370,10459,68.48,Others
2020-02-07,OFSS, EQ, 07-Feb-2020,2905.8,2909.0,2968.0,2883.0,2899.8,2897.35,2916.44,11801,344.17,2764,6524,55.28,Others
2020-02-10,OFSS, EQ, 10-Feb-2020,2897.35,2899.25,2968.15,2880.1,2942.95,2943.1,2938.35,14423,423.8,3989,7846,54.4,Others
2020-02-11,OFSS, EQ, 11-Feb-2020,2943.1,2972.1,2980.0,2882.3,2906.95,2900.1,2915.23,23284,678.78,5549,16157,69.39,Others
2020-02-12,OFSS, EQ, 12-Feb-2020,2900.1,2858.1,2925.0,2858.1,2904.95,2896.7,2902.61,17563,509.79,4539,12705,72.34,Others
2020-02-13,OFSS, EQ, 13-Feb-2020,2896.7,2896.65,2949.9,2889.05,2897.5,2903.0,2920.21,6186,180.64,1395,3867,62.51,Others
2020-02-14,OFSS, EQ, 14-Feb-2020,2903.0,2711.0,2920.15,2711.0,2881.0,2884.3,2847.9,19474,554.6,2519,7181,36.87,Others
2020-02-17,OFSS, EQ, 17-Feb-2020,2884.3,2885.0,2929.55,2868.0,2870.6,2878.35,2891.12,3936,113.79,908,2146,54.52,Others
2020-02-18,OFSS, EQ, 18-Feb-2020,2878.35,2885.8,2899.55,2855.0,2860.0,2859.65,2866.45,4879,139.85,1260,3821,78.32,Others
2020-02-19,OFSS, EQ, 19-Feb-2020,2859.65,2866.5,2890.0,2845.0,2846.1,2848.95,2859.88,6125,175.17,2045,4857,79.3,Others
2020-02-20,OFSS, EQ, 20-Feb-2020,2848.95,2849.1,2881.95,2800.0,2815.0,2812.45,2836.93,17773,504.21,3082,13655,76.83,Others
2020-02-24,OFSS, EQ, 24-Feb-2020,2812.45,2810.05,2851.45,2762.05,2788.0,2777.85,2802.47,5483,153.66,1593,3350,61.1,Others
2020-02-25,OFSS, EQ, 25-Feb-2020,2777.85,2782.35,2802.1,2768.0,2777.5,2785.0,2790.19,8808,245.76,1280,6687,75.92,Others
2020-02-26,OFSS, EQ, 26-Feb-2020,2785.0,2780.0,2780.0,2720.05,2732.5,2741.95,2753.91,26109,719.02,2274,23732,90.9,Others
2020-02-27,OFSS, EQ, 27-Feb-2020,2741.95,2785.0,2789.75,2710.3,2710.9,2727.65,2748.88,12585,345.95,1747,6872,54.6,Others
2020-02-28,OFSS, EQ, 28-Feb-2020,2727.65,2677.0,2705.0,2630.0,2651.25,2648.4,2663.44,9695,258.22,2361,6437,66.4,Others
2020-03-02,OFSS, EQ, 02-Mar-2020,2648.4,2650.05,2730.0,2640.0,2689.95,2695.75,2681.91,39764,1066.44,3214,32698,82.23,Others
2020-03-03,OFSS, EQ, 03-Mar-2020,2695.75,2689.95,2720.0,2640.1,2653.65,2660.55,2667.46,20414,544.54,2929,6008,29.43,Others
2020-03-04,OFSS, EQ, 04-Mar-2020,2660.55,2660.55,2709.75,2590.0,2590.1,2600.25,2645.02,23586,623.85,3361,10266,43.53,Others
2020-03-05,OFSS, EQ, 05-Mar-2020,2600.25,2630.0,2630.0,2570.0,2575.0,2582.65,2594.62,21286,552.29,2113,17120,80.43,Others
2020-03-06,OFSS, EQ, 06-Mar-2020,2582.65,2550.0,2600.0,2525.85,2545.0,2546.55,2560.09,45868,1174.26,6605,36198,78.92,Others
2020-03-09,OFSS, EQ, 09-Mar-2020,2546.55,2525.5,2586.55,2386.8,2428.0,2425.05,2442.56,13471,329.04,3217,8450,62.73,Others
2020-03-11,OFSS, EQ, 11-Mar-2020,2425.05,2449.0,2460.0,2309.1,2352.1,2376.6,2374.37,36379,863.77,6366,15814,43.47,Others
2020-03-12,OFSS, EQ, 12-Mar-2020,2376.6,2300.0,2343.55,2055.0,2194.0,2177.8,2205.9,58097,1281.56,9228,42102,72.47,Others
2020-03-13,OFSS, EQ, 13-Mar-2020,2177.8,2000.0,2251.1,1964.95,2215.0,2199.45,2157.36,110289,2379.33,4288,99527,90.24,Others
2020-03-16,OFSS, EQ, 16-Mar-2020,2199.45,2199.45,2199.45,2000.0,2000.0,2009.65,2159.24,81211,1753.54,3979,74724,92.01,Others
2020-03-17,OFSS, EQ, 17-Mar-2020,2009.65,2010.0,2059.15,1990.0,1990.0,2015.45,2028.77,20484,415.57,5104,13881,67.77,Others
2020-03-18,OFSS, EQ, 18-Mar-2020,2015.45,2078.0,2084.0,1884.5,1911.0,1917.5,1953.79,31503,615.5,7191,20536,65.19,Others
2020-03-19,OFSS, EQ, 19-Mar-2020,1917.5,1919.0,1919.0,1725.0,1790.0,1765.4,1791.88,66872,1198.27,7035,50847,76.04,Others
2020-03-20,OFSS, EQ, 20-Mar-2020,1765.4,1782.1,1950.0,1782.1,1880.0,1879.35,1875.85,21518,403.64,4363,13356,62.07,Others
2020-03-23,OFSS, EQ, 23-Mar-2020,1879.35,1566.05,1823.9,1506.0,1600.0,1575.65,1619.25,27579,446.57,3350,21923,79.49,Others
2020-03-24,OFSS, EQ, 24-Mar-2020,1575.65,1602.1,1676.15,1562.25,1585.0,1591.95,1612.03,17779,286.6,2482,11986,67.42,Others
2020-03-25,OFSS, EQ, 25-Mar-2020,1591.95,1561.0,1650.0,1561.0,1650.0,1627.75,1606.82,55613,893.6,2322,45602,82.0,Others
2020-03-26,OFSS, EQ, 26-Mar-2020,1627.75,1660.0,1790.75,1659.55,1767.0,1745.8,1713.54,65131,1116.05,4922,53221,81.71,Others
2020-03-27,OFSS, EQ, 27-Mar-2020,1745.8,1790.0,1852.0,1751.5,1812.0,1799.35,1809.72,42125,762.34,4320,31132,73.9,Others
2020-03-30,OFSS, EQ, 30-Mar-2020,1799.35,1745.8,1987.85,1732.85,1935.0,1943.0,1931.85,40601,784.35,5356,19820,48.82,Others
2020-03-31,OFSS, EQ, 31-Mar-2020,1943.0,2014.95,2041.0,1973.2,2028.0,2023.65,2001.1,43622,872.92,7101,32964,75.57,Others
2020-04-01,OFSS, EQ, 01-Apr-2020,2023.65,2060.0,2060.0,1888.25,1925.0,1921.0,1936.3,24749,479.21,10950,16445,66.45,Others
2020-04-03,OFSS, EQ, 03-Apr-2020,1921.0,1920.0,2209.2,1875.0,2022.05,2034.15,2063.91,42499,877.14,9402,16698,39.29,Others
2020-04-07,OFSS, EQ, 07-Apr-2020,2034.15,2065.25,2143.55,2021.75,2073.85,2077.9,2073.75,51682,1071.75,10831,37702,72.95,Others
2020-04-08,OFSS, EQ, 08-Apr-2020,2077.9,2049.0,2175.2,2026.0,2060.1,2096.05,2075.64,28005,581.28,7501,18231,65.1,Others
2020-04-09,OFSS, EQ, 09-Apr-2020,2096.05,2095.0,2194.7,2090.05,2150.0,2145.25,2158.48,12316,265.84,2886,6794,55.16,Others
2020-04-13,OFSS, EQ, 13-Apr-2020,2145.25,2140.0,2194.0,2083.25,2185.0,2188.15,2153.79,14110,303.9,1830,6843,64.07,Others
2020-04-15,OFSS, EQ, 15-Apr-2020,2188.15,2150.0,2280.0,2150.0,2245.0,2239.55,2237.72,27387,612.84,6374,16180,59.08,Others
2020-04-16,OFSS, EQ, 16-Apr-2020,2239.55,2239.0,2261.4,2180.0,2199.0,2197.3,2220.29,14847,329.65,5015,8876,59.78,Others
2020-04-17,OFSS, EQ, 17-Apr-2020,2197.3,2275.0,2290.0,2150.25,2159.0,2167.1,2178.12,232052,5054.36,8448,219934,94.78,Others
2020-04-20,OFSS, EQ, 20-Apr-2020,2167.1,2167.0,2187.9,2025.0,2052.0,2035.3,2058.95,149543,3079.01,8796,128186,85.72,Others
2020-04-21,OFSS, EQ, 21-Apr-2020,2035.3,2036.0,2089.0,1971.15,2040.0,2040.0,2046.63,29775,609.38,5331,18745,62.96,Others
2020-04-22,OFSS, EQ, 22-Apr-2020,2040.0,2040.0,2069.9,1986.8,2009.4,2005.25,2008.19,32621,655.09,3700,26154,80.18,Others
2020-04-23,OFSS, EQ, 23-Apr-2020,2005.25,2037.0,2069.95,2022.0,2039.0,2032.2,2038.53,39188,798.86,5785,34233,87.36,Others
2020-04-24,OFSS, EQ, 24-Apr-2020,2032.2,2020.6,2064.95,2020.05,2037.95,2036.55,2038.09,65359,1332.07,4931,57711,88.3,Others
2020-04-27,OFSS, EQ, 27-Apr-2020,2036.55,2065.0,2128.4,2054.3,2125.9,2114.6,2105.78,288169,6068.2,4186,279492,96.99,Others
2020-04-28,OFSS, EQ, 28-Apr-2020,2114.6,2144.8,2254.95,2135.0,2210.0,2239.15,2204.62,67440,1486.8,7527,38758,57.47,Others
2020-04-29,OFSS, EQ, 29-Apr-2020,2239.15,2218.0,2425.0,2214.25,2394.0,2385.7,2379.19,96746,2301.77,10579,39947,41.29,Others
2020-04-30,OFSS, EQ, 30-Apr-2020,2385.7,2450.0,2450.0,2320.15,2333.15,2346.85,2387.77,41818,998.52,6325,23383,55.92,Others
2020-05-04,OFSS, EQ, 04-May-2020,2346.85,2249.0,2385.0,2214.6,2292.7,2311.1,2293.38,30123,690.83,5678,16984,56.38,Others
2020-05-05,OFSS, EQ, 05-May-2020,2311.1,2320.0,2375.0,2311.15,2351.4,2343.5,2348.44,22634,531.55,2590,14788,65.34,Others
2020-05-06,OFSS, EQ, 06-May-2020,2343.5,2396.95,2425.0,2349.75,2406.1,2400.95,2390.44,52906,1264.69,6692,32443,61.32,Others
2020-05-07,OFSS, EQ, 07-May-2020,2400.95,2376.5,2510.0,2375.35,2500.0,2496.9,2468.14,112656,2780.51,9359,78305,69.51,Others
2020-05-08,OFSS, EQ, 08-May-2020,2496.9,2535.25,2584.95,2430.0,2450.0,2452.15,2530.03,80764,2043.35,9762,38182,47.28,Others
2020-05-11,OFSS, EQ, 11-May-2020,2452.15,2510.0,2579.0,2470.0,2500.0,2490.4,2499.33,195856,4895.08,11419,162228,82.83,Others
2020-05-12,OFSS, EQ, 12-May-2020,2490.4,2520.0,2555.7,2481.2,2549.0,2541.35,2527.63,106452,2690.71,9148,80312,75.44,Others
2020-05-13,OFSS, EQ, 13-May-2020,2541.35,2599.0,2604.95,2511.0,2525.0,2527.65,2535.75,50861,1289.71,8883,31928,62.78,Others
2020-05-14,OFSS, EQ, 14-May-2020,2527.65,2528.05,2565.0,2511.0,2540.0,2526.3,2527.96,82740,2091.63,5067,71700,86.66,Others
2020-05-15,OFSS, EQ, 15-May-2020,2526.3,2547.0,2635.0,2547.0,2597.95,2593.55,2593.82,77793,2017.81,6476,30371,39.04,Others
2020-05-18,OFSS, EQ, 18-May-2020,2593.55,2650.0,2650.0,2566.0,2594.0,2585.05,2598.81,50531,1313.2,5726,25912,51.28,Others
2020-05-19,OFSS, EQ, 19-May-2020,2585.05,2480.0,2480.0,2385.0,2408.0,2417.8,2443.11,36740,897.6,4718,11835,32.21,Others
2020-05-20,OFSS, EQ, 20-May-2020,2417.8,2395.0,2441.2,2295.0,2350.0,2338.6,2342.35,41912,981.73,5970,19567,46.69,Others
2020-05-21,OFSS, EQ, 21-May-2020,2338.6,2338.6,2371.5,2338.6,2354.0,2351.9,2354.77,37354,879.6,5948,21986,58.86,Others
2020-05-22,OFSS, EQ, 22-May-2020,2351.9,2332.0,2366.65,2325.0,2360.0,2358.9,2354.19,22986,541.13,2111,15301,66.57,Others
2020-05-26,OFSS, EQ, 26-May-2020,2358.9,2365.0,2386.45,2340.0,2348.0,2356.5,2359.65,14164,334.22,1634,7966,56.24,Others
2020-05-27,OFSS, EQ, 27-May-2020,2356.5,2365.0,2420.9,2321.35,2403.0,2415.75,2358.16,108899,2568.02,3951,91240,83.78,Others
2020-05-28,OFSS, EQ, 28-May-2020,2415.75,2412.0,2499.95,2412.0,2497.95,2493.05,2471.56,48841,1207.13,3093,38510,78.85,Others
2020-05-29,OFSS, EQ, 29-May-2020,2493.05,2505.0,2545.0,2480.0,2494.95,2491.8,2508.4,20245,507.83,2702,8300,41.0,Others
2020-06-01,OFSS, EQ, 01-Jun-2020,2491.8,2506.7,2614.95,2460.0,2600.0,2563.2,2514.65,38466,967.29,3850,25629,66.63,Others
2020-06-02,OFSS, EQ, 02-Jun-2020,2563.2,2599.9,2599.9,2490.8,2574.0,2575.25,2567.74,65618,1684.9,3359,51596,78.63,Others
2020-06-03,OFSS, EQ, 03-Jun-2020,2575.25,2584.0,2603.85,2480.75,2489.45,2499.95,2527.45,28404,717.9,4154,13492,47.5,Others
2020-06-04,OFSS, EQ, 04-Jun-2020,2499.95,2522.95,2530.0,2480.05,2504.0,2506.4,2508.27,13708,343.83,2720,5458,39.82,Others
2020-06-05,OFSS, EQ, 05-Jun-2020,2506.4,2504.0,2558.0,2504.0,2540.0,2537.5,2535.13,20526,520.36,2548,13758,67.03,Others
2020-06-08,OFSS, EQ, 08-Jun-2020,2537.5,2552.0,2610.0,2515.0,2585.0,2596.35,2571.83,63259,1626.91,6719,40826,64.54,Others
2020-06-09,OFSS, EQ, 09-Jun-2020,2596.35,2608.0,2633.2,2545.25,2599.0,2592.6,2603.32,37789,983.77,5794,16340,43.24,Others
2020-06-10,OFSS, EQ, 10-Jun-2020,2592.6,2588.0,2620.0,2552.25,2580.0,2585.35,2600.07,10394,270.25,1469,3309,31.84,Others
2020-06-11,OFSS, EQ, 11-Jun-2020,2585.35,2580.0,2610.0,2556.95,2586.2,2585.7,2587.37,12095,312.94,2109,3920,32.41,Others
2020-06-12,OFSS, EQ, 12-Jun-2020,2585.7,2500.0,2595.4,2500.0,2580.0,2578.0,2571.15,38819,998.09,6255,29083,74.92,Others
2020-06-15,OFSS, EQ, 15-Jun-2020,2578.0,2563.0,2761.0,2558.45,2730.0,2744.65,2686.16,72949,1959.53,10889,25254,34.62,Others
2020-06-16,OFSS, EQ, 16-Jun-2020,2744.65,2771.0,2900.0,2771.0,2880.0,2882.55,2838.62,89205,2532.19,9767,28115,31.52,Others
2020-06-17,OFSS, EQ, 17-Jun-2020,2882.55,2822.1,2978.0,2822.1,2865.0,2856.7,2890.44,63861,1845.86,9824,18912,29.61,Others
2020-06-18,OFSS, EQ, 18-Jun-2020,2856.7,2839.05,2856.7,2725.0,2734.75,2736.6,2761.64,40358,1114.54,7461,19712,48.84,Others
2020-06-19,OFSS, EQ, 19-Jun-2020,2736.6,2742.0,2790.0,2560.0,2582.0,2591.85,2624.34,153909,4039.1,12724,110706,71.93,Others
2020-06-22,OFSS, EQ, 22-Jun-2020,2591.85,2607.0,2658.7,2570.1,2654.0,2639.05,2610.21,48743,1272.29,8417,22714,46.6,Others
2020-06-23,OFSS, EQ, 23-Jun-2020,2639.05,2615.0,2810.0,2615.0,2710.0,2713.05,2733.24,89426,2444.23,12416,35957,40.21,Others
2020-06-24,OFSS, EQ, 24-Jun-2020,2713.05,2713.05,2770.0,2650.0,2701.0,2710.55,2698.34,55754,1504.43,9666,25832,46.33,Others
2020-06-25,OFSS, EQ, 25-Jun-2020,2710.55,2704.0,2749.1,2635.05,2680.0,2662.9,2677.35,77943,2086.81,14480,40448,51.89,Others
2020-06-26,OFSS, EQ, 26-Jun-2020,2662.9,2700.0,2790.3,2700.0,2742.0,2737.25,2752.15,58726,1616.22,9383,20127,34.27,Others
2020-06-29,OFSS, EQ, 29-Jun-2020,2737.25,2727.95,2894.95,2706.7,2863.0,2851.0,2817.42,80497,2267.94,11953,30196,37.51,Others
2020-06-30,OFSS, EQ, 30-Jun-2020,2851.0,2878.95,2950.0,2821.95,2860.0,2863.75,2900.53,67444,1956.23,8004,21527,31.92,Others
2020-07-01,OFSS, EQ, 01-Jul-2020,2863.75,2833.0,2927.0,2773.05,2855.2,2849.65,2829.35,86430,2445.41,13679,47099,54.49,Others
2020-07-02,OFSS, EQ, 02-Jul-2020,2849.65,2867.95,2885.2,2827.05,2850.0,2865.75,2855.37,89338,2550.93,4500,70622,79.05,Others
2020-07-03,OFSS, EQ, 03-Jul-2020,2865.75,2866.4,2915.0,2828.0,2856.6,2864.95,2874.42,22903,658.33,2985,6674,29.14,Others
2020-07-06,OFSS, EQ, 06-Jul-2020,2864.95,2865.0,2892.95,2840.0,2845.0,2857.6,2867.75,16390,470.02,1999,6840,41.73,Others
2020-07-07,OFSS, EQ, 07-Jul-2020,2857.6,2857.0,2881.95,2840.6,2870.0,2869.45,2866.15,19301,553.2,2850,9550,49.48,Others
2020-07-08,OFSS, EQ, 08-Jul-2020,2869.45,2899.0,2899.0,2831.05,2832.55,2849.55,2865.18,29559,846.92,1644,7820,26.46,Others
2020-07-09,OFSS, EQ, 09-Jul-2020,2849.55,2899.9,2899.9,2762.75,2785.05,2793.1,2803.87,31368,879.52,4601,16753,53.41,Others
2020-07-10,OFSS, EQ, 10-Jul-2020,2793.1,2766.0,2825.0,2736.0,2769.9,2757.65,2758.7,28813,794.86,5470,16341,56.71,Others
2020-07-13,OFSS, EQ, 13-Jul-2020,2757.65,2765.0,2845.0,2732.35,2838.0,2818.15,2778.44,40064,1113.16,6240,17936,44.77,Others
2020-07-14,OFSS, EQ, 14-Jul-2020,2818.15,2792.0,2920.0,2785.0,2910.15,2903.2,2866.64,63779,1828.31,5505,35331,55.4,Others
2020-07-15,OFSS, EQ, 15-Jul-2020,2903.2,2905.25,3045.0,2903.65,2990.0,2981.9,2993.61,102875,3079.67,13941,38607,37.53,Others
2020-07-16,OFSS, EQ, 16-Jul-2020,2981.9,3001.0,3199.0,2990.0,3170.0,3153.0,3074.71,93129,2863.45,10618,44469,47.75,Others
2020-07-17,OFSS, EQ, 17-Jul-2020,3153.0,3181.0,3185.1,3083.3,3102.0,3096.05,3113.98,31564,982.9,5067,11688,37.03,Others
2020-07-20,OFSS, EQ, 20-Jul-2020,3096.05,3102.0,3215.0,3060.0,3150.0,3191.35,3158.06,36145,1141.48,5706,14422,39.9,Others
2020-07-21,OFSS, EQ, 21-Jul-2020,3191.35,3184.1,3220.0,3101.0,3120.0,3120.45,3138.43,50295,1578.47,6075,30233,60.11,Others
2020-07-22,OFSS, EQ, 22-Jul-2020,3120.45,3143.2,3146.6,3053.0,3072.7,3068.6,3083.74,18660,575.43,4425,10438,55.94,Others
2020-07-23,OFSS, EQ, 23-Jul-2020,3068.6,3086.95,3102.25,3016.05,3038.95,3043.55,3070.64,14014,430.32,2191,7023,50.11,Others
2020-07-24,OFSS, EQ, 24-Jul-2020,3043.55,3058.0,3058.0,2965.0,2992.05,3007.9,2998.69,31015,930.04,5176,16327,52.64,Others
2020-07-27,OFSS, EQ, 27-Jul-2020,3007.9,3000.0,3080.7,2920.0,2999.0,3016.35,2995.32,74551,2233.04,9150,24374,32.69,Others
2020-07-28,OFSS, EQ, 28-Jul-2020,3016.35,3016.0,3054.95,2982.85,3047.0,3019.55,3019.07,30328,915.62,6217,15361,50.65,Others
2020-07-29,OFSS, EQ, 29-Jul-2020,3019.55,3034.9,3045.9,2975.0,2989.6,2987.8,3009.72,22878,688.56,4389,10527,46.01,Others
2020-07-30,OFSS, EQ, 30-Jul-2020,2987.8,3007.8,3008.0,2950.0,2955.0,2977.55,2974.34,39609,1178.11,8766,22753,57.44,Others
2020-07-31,OFSS, EQ, 31-Jul-2020,2977.55,2977.55,2977.55,2919.0,2938.0,2937.9,2940.49,13944,410.02,3248,7565,54.25,Others
2020-08-03,OFSS, EQ, 03-Aug-2020,2937.9,2965.0,2979.45,2880.0,2949.0,2947.7,2942.88,36467,1073.18,6185,18706,51.3,Others
2020-08-04,OFSS, EQ, 04-Aug-2020,2947.7,2974.95,2976.5,2936.55,2967.0,2965.2,2962.08,71590,2120.55,5696,56096,78.36,Others
2020-08-05,OFSS, EQ, 05-Aug-2020,2965.2,2967.0,3010.0,2944.0,2950.35,2962.4,2965.43,33885,1004.84,3976,10544,31.12,Others
2020-08-06,OFSS, EQ, 06-Aug-2020,2962.4,2944.0,2987.6,2944.0,2958.4,2955.75,2959.58,13478,398.89,3355,6678,49.55,Others
2020-08-07,OFSS, EQ, 07-Aug-2020,2955.75,2985.0,2985.0,2918.6,2929.0,2929.7,2943.91,28463,837.93,5792,17378,61.05,Others
2020-08-10,OFSS, EQ, 10-Aug-2020,2929.7,2950.0,3010.0,2942.15,2974.0,2979.5,2979.76,41916,1248.99,6773,20809,49.64,Others
2020-08-11,OFSS, EQ, 11-Aug-2020,2979.5,2993.1,2993.1,2922.0,2967.05,2959.95,2956.8,50896,1504.89,7811,25237,49.59,Others
2020-08-12,OFSS, EQ, 12-Aug-2020,2959.95,3110.0,3150.0,2988.0,3035.7,3034.45,3039.13,512205,15566.58,30986,392381,76.61,Others
2020-08-13,OFSS, EQ, 13-Aug-2020,3034.45,3064.0,3068.0,3011.0,3040.0,3040.8,3053.1,64029,1954.87,9896,47763,74.6,Others
2020-08-14,OFSS, EQ, 14-Aug-2020,3040.8,3060.0,3060.0,2989.55,3009.6,3019.65,3023.07,31488,951.9,5605,19358,61.48,Others
2020-08-17,OFSS, EQ, 17-Aug-2020,3019.65,3067.0,3067.3,3030.3,3050.1,3055.55,3053.02,38375,1171.6,6567,23473,61.17,Others
2020-08-18,OFSS, EQ, 18-Aug-2020,3055.55,3075.0,3106.35,3054.05,3056.0,3064.4,3073.71,51454,1581.55,9943,37927,73.71,Others
2020-08-19,OFSS, EQ, 19-Aug-2020,3064.4,3087.95,3087.95,3036.85,3049.8,3048.35,3053.76,44294,1352.63,9191,33139,74.82,Others
2020-08-20,OFSS, EQ, 20-Aug-2020,3048.35,3048.35,3070.0,3026.0,3030.0,3042.95,3044.84,20898,636.31,4905,12745,60.99,Others
2020-08-21,OFSS, EQ, 21-Aug-2020,3042.95,3061.0,3066.95,3028.0,3042.55,3040.9,3044.49,16907,514.73,3962,10396,61.49,Others
2020-08-24,OFSS, EQ, 24-Aug-2020,3040.9,3065.0,3083.85,3041.0,3079.85,3071.5,3074.89,30094,925.36,6013,18480,61.41,Others
2020-08-25,OFSS, EQ, 25-Aug-2020,3071.5,3084.9,3099.95,3039.0,3058.6,3054.8,3056.72,16099,492.1,2692,9090,56.46,Others
2020-08-26,OFSS, EQ, 26-Aug-2020,3054.8,3068.0,3086.0,3035.15,3039.0,3043.45,3067.23,94471,2897.65,6922,75185,79.59,Others
2020-08-27,OFSS, EQ, 27-Aug-2020,3043.45,3069.95,3200.0,3040.0,3045.25,3050.25,3101.3,305358,9470.06,27025,141383,46.3,Others
2020-08-28,OFSS, EQ, 28-Aug-2020,3050.25,3074.4,3079.0,3026.0,3032.0,3042.15,3045.31,29854,909.15,5525,17949,60.12,Others
2020-08-31,OFSS, EQ, 31-Aug-2020,3042.15,3060.0,3076.65,2969.2,3020.0,3032.55,3025.31,42217,1277.2,9545,23941,56.71,Others
2020-09-01,OFSS, EQ, 01-Sep-2020,3032.55,3010.0,3060.85,2970.0,2979.85,2971.75,3000.16,56772,1703.25,7372,35572,62.66,Others
2020-09-02,OFSS, EQ, 02-Sep-2020,2971.75,2980.0,3023.15,2950.1,2960.0,2959.9,2983.2,29518,880.58,6151,17919,60.71,Others
2020-09-03,OFSS, EQ, 03-Sep-2020,2959.9,2979.9,3003.0,2925.0,2940.0,2935.45,2958.07,28656,847.67,7174,16860,58.84,Others
2020-09-04,OFSS, EQ, 04-Sep-2020,2935.45,2910.0,3019.5,2907.0,2990.0,2980.75,2985.81,58865,1757.6,13086,32310,54.89,Others
2020-09-07,OFSS, EQ, 07-Sep-2020,2980.75,3020.0,3050.0,2960.0,2962.0,2965.35,2994.97,27860,834.4,4563,15206,54.58,Others
2020-09-08,OFSS, EQ, 08-Sep-2020,2965.35,2984.55,3020.95,2950.0,2955.85,2966.15,2985.3,31933,953.3,6240,15913,49.83,Others
2020-09-09,OFSS, EQ, 09-Sep-2020,2966.15,2957.0,2977.7,2903.0,2919.6,2922.8,2924.75,35628,1042.03,9618,23779,66.74,Others
2020-09-10,OFSS, EQ, 10-Sep-2020,2922.8,2928.0,2999.9,2920.0,2930.0,2929.75,2954.75,33976,1003.91,6677,19216,56.56,Others
2020-09-11,OFSS, EQ, 11-Sep-2020,2929.75,2941.0,2970.0,2881.05,2914.65,2906.6,2916.34,44541,1298.97,9070,26586,59.69,Others
2020-09-14,OFSS, EQ, 14-Sep-2020,2906.6,2965.0,3040.8,2961.0,2989.65,2988.2,3014.04,154005,4641.78,16993,106393,69.08,Others
2020-09-15,OFSS, EQ, 15-Sep-2020,2988.2,3049.0,3071.9,2981.0,3013.75,3024.9,3021.99,89585,2707.25,13235,43808,48.9,Others
2020-09-16,OFSS, EQ, 16-Sep-2020,3024.9,3050.0,3054.95,2963.0,2987.8,2989.4,2995.61,57590,1725.17,8877,36158,62.79,Others
2020-09-17,OFSS, EQ, 17-Sep-2020,2989.4,2950.15,3020.0,2950.15,3000.0,2996.95,2999.86,64014,1920.33,7968,49462,77.27,Others
2020-09-18,OFSS, EQ, 18-Sep-2020,2996.95,3014.6,3042.9,2970.0,2995.3,2990.7,2999.5,232709,6980.11,14876,196330,84.37,Others
2020-09-21,OFSS, EQ, 21-Sep-2020,2990.7,3020.0,3185.0,3010.0,3028.0,3045.95,3101.93,304904,9457.9,39325,79007,25.91,Others
2020-09-22,OFSS, EQ, 22-Sep-2020,3045.95,3064.0,3084.0,2941.0,3040.05,3054.4,3026.36,96012,2905.67,13017,44998,46.87,Others
2020-09-23,OFSS, EQ, 23-Sep-2020,3054.4,3060.0,3147.95,3010.0,3044.0,3047.4,3083.41,149062,4596.2,18780,60899,40.85,Others
2020-09-24,OFSS, EQ, 24-Sep-2020,3047.4,3069.45,3069.45,2950.1,2956.0,2961.5,2977.83,63433,1888.93,10341,24529,38.67,Others
2020-09-25,OFSS, EQ, 25-Sep-2020,2961.5,3013.1,3013.1,2956.2,2987.5,2987.95,2979.04,63545,1893.03,15446,33423,52.6,Others
2020-09-28,OFSS, EQ, 28-Sep-2020,2987.95,2989.0,3054.7,2989.0,3045.0,3039.0,3038.6,30208,917.9,5260,12020,39.79,Others
2020-09-29,OFSS, EQ, 29-Sep-2020,3039.0,3047.8,3097.8,3045.65,3076.1,3078.65,3082.28,71760,2211.84,9941,32096,44.73,Others
2020-09-30,OFSS, EQ, 30-Sep-2020,3078.65,3076.0,3100.0,3028.55,3070.9,3072.55,3070.77,34241,1051.46,4908,19638,57.35,Others
2020-10-01,OFSS, EQ, 01-Oct-2020,3072.55,3095.0,3095.05,3022.0,3046.95,3040.95,3057.75,17647,539.6,2540,9294,52.67,Others
2020-10-05,OFSS, EQ, 05-Oct-2020,3040.95,3050.0,3089.45,3003.6,3012.0,3024.1,3060.52,107994,3305.18,6375,88247,81.71,Others
2020-10-06,OFSS, EQ, 06-Oct-2020,3024.1,3032.0,3059.0,3006.0,3038.65,3033.9,3030.75,11878,359.99,2007,5759,48.48,Others
2020-10-07,OFSS, EQ, 07-Oct-2020,3033.9,3037.0,3054.0,3000.0,3002.1,3007.85,3024.62,12235,370.06,2472,7577,61.93,Others
2020-10-08,OFSS, EQ, 08-Oct-2020,3007.85,3060.0,3079.75,3037.45,3050.0,3059.55,3062.09,65570,2007.81,11200,41173,62.79,Others
2020-10-09,OFSS, EQ, 09-Oct-2020,3059.55,3061.4,3091.0,3049.7,3072.0,3073.75,3063.85,242036,7415.62,5526,223378,92.29,Others
2020-10-12,OFSS, EQ, 12-Oct-2020,3073.75,3050.0,3135.05,3040.0,3042.15,3046.85,3082.1,40796,1257.37,6961,19862,48.69,Others
2020-10-13,OFSS, EQ, 13-Oct-2020,3046.85,3050.0,3144.0,3030.0,3049.0,3058.3,3058.89,155491,4756.3,8456,122996,79.1,Others
2020-10-14,OFSS, EQ, 14-Oct-2020,3058.3,3054.2,3223.75,3045.15,3150.0,3145.95,3132.45,347057,10871.37,26455,172894,49.82,Others
2020-10-15,OFSS, EQ, 15-Oct-2020,3145.95,3220.0,3301.0,3150.0,3165.0,3207.65,3235.37,446595,14448.98,36612,179017,40.08,Others
2020-10-16,OFSS, EQ, 16-Oct-2020,3207.65,3180.0,3298.0,3163.0,3276.0,3270.65,3213.57,334348,10744.52,17413,236425,70.71,Others
2020-10-19,OFSS, EQ, 19-Oct-2020,3270.65,3289.8,3345.0,3289.8,3299.95,3302.75,3309.26,112869,3735.13,11361,57642,51.07,Others
2020-10-20,OFSS, EQ, 20-Oct-2020,3302.75,3306.1,3315.4,3225.0,3257.0,3257.35,3255.93,60842,1980.97,8208,33447,54.97,Others
2020-10-21,OFSS, EQ, 21-Oct-2020,3257.35,3281.0,3308.0,3212.2,3227.0,3232.9,3266.16,106370,3474.21,8005,80342,75.53,Others
2020-10-22,OFSS, EQ, 22-Oct-2020,3232.9,3227.0,3395.0,3165.85,3375.0,3367.7,3263.78,223349,7289.62,19505,165121,73.93,Others
2020-10-23,OFSS, EQ, 23-Oct-2020,3367.7,3399.0,3400.0,3295.0,3315.0,3310.85,3322.28,85763,2849.29,10900,57848,67.45,Others
2020-10-26,OFSS, EQ, 26-Oct-2020,3310.85,3367.0,3369.0,3251.05,3262.5,3258.25,3287.51,36364,1195.47,5593,20644,56.77,Others
2020-10-27,OFSS, EQ, 27-Oct-2020,3258.25,3260.0,3260.0,3164.45,3211.35,3218.6,3216.62,57016,1833.99,7694,21064,36.94,Others
2020-10-28,OFSS, EQ, 28-Oct-2020,3218.6,3234.0,3234.0,3155.0,3185.25,3175.2,3181.62,23478,746.98,4554,11004,46.87,Others
2020-10-29,OFSS, EQ, 29-Oct-2020,3175.2,3175.2,3175.95,3076.0,3100.0,3101.55,3105.96,54133,1681.35,9947,28176,52.05,Others
2020-10-30,OFSS, EQ, 30-Oct-2020,3101.55,3102.0,3166.0,3091.05,3152.45,3143.6,3124.63,28396,887.27,6295,13752,48.43,Others
2020-11-02,OFSS, EQ, 02-Nov-2020,3143.6,3150.0,3174.15,3115.0,3145.1,3144.75,3143.02,19598,615.97,5798,11664,59.52,Others
2020-11-03,OFSS, EQ, 03-Nov-2020,3144.75,3050.0,3150.0,3011.0,3101.1,3102.45,3072.74,72407,2224.88,13497,28643,39.56,Others
2020-11-04,OFSS, EQ, 04-Nov-2020,3102.45,3120.0,3148.0,3062.0,3073.0,3079.85,3093.05,21033,650.56,2869,9822,46.7,Others
2020-11-05,OFSS, EQ, 05-Nov-2020,3079.85,3079.85,3143.35,3051.0,3068.0,3066.35,3088.33,25826,797.59,3543,15297,59.23,Others
2020-11-06,OFSS, EQ, 06-Nov-2020,3066.35,3090.0,3090.0,3021.5,3078.0,3075.75,3066.36,25480,781.31,4515,12709,49.88,Others
2020-11-09,OFSS, EQ, 09-Nov-2020,3075.75,3075.0,3141.75,3075.0,3102.45,3097.7,3110.99,29413,915.04,4052,17465,59.38,Others
2020-11-10,OFSS, EQ, 10-Nov-2020,3097.7,3124.8,3124.8,3050.0,3085.0,3068.3,3078.51,33862,1042.45,6010,22263,65.75,Others
2020-11-11,OFSS, EQ, 11-Nov-2020,3068.3,3083.4,3091.8,3053.0,3080.0,3078.15,3073.8,19477,598.68,5632,11260,57.81,Others
2020-11-12,OFSS, EQ, 12-Nov-2020,3078.15,3080.0,3107.25,3070.05,3090.0,3088.75,3089.04,41556,1283.68,6207,20971,50.46,Others
2020-11-13,OFSS, EQ, 13-Nov-2020,3088.75,3100.0,3100.0,3075.0,3090.0,3085.05,3086.76,27465,847.78,9128,17753,64.64,Others
2020-11-14,OFSS, EQ, 14-Nov-2020,3085.05,3139.85,3144.7,3100.0,3100.0,3107.6,3112.35,3801,118.3,746,2456,64.61,Others
2020-11-17,OFSS, EQ, 17-Nov-2020,3107.6,3090.0,3111.9,3050.0,3074.0,3068.65,3066.64,65036,1994.42,13007,46899,72.11,Others
2020-11-18,OFSS, EQ, 18-Nov-2020,3068.65,3050.05,3173.0,3045.25,3070.0,3083.0,3092.65,71325,2205.83,10149,35034,49.12,Others
2020-11-19,OFSS, EQ, 19-Nov-2020,3083.0,3060.5,3089.55,3045.0,3053.85,3052.0,3059.53,32609,997.68,5179,23166,71.04,Others
2020-11-20,OFSS, EQ, 20-Nov-2020,3052.0,3059.0,3067.15,3025.0,3036.0,3035.0,3044.83,26325,801.55,5524,19590,74.42,Others
2020-11-23,OFSS, EQ, 23-Nov-2020,3035.0,3036.0,3059.55,3010.0,3021.9,3026.4,3023.82,36907,1116.0,5949,23168,62.77,Others
2020-11-24,OFSS, EQ, 24-Nov-2020,3026.4,3060.0,3060.0,3001.1,3019.0,3017.45,3017.19,51732,1560.85,8485,32370,62.57,Others
2020-11-25,OFSS, EQ, 25-Nov-2020,3017.45,3035.0,3063.55,3010.0,3010.75,3018.5,3036.94,30261,919.01,6145,17062,56.38,Others
2020-11-26,OFSS, EQ, 26-Nov-2020,3018.5,3020.0,3045.05,3008.0,3021.0,3014.9,3023.66,17312,523.46,3018,8778,50.7,Others
2020-11-27,OFSS, EQ, 27-Nov-2020,3014.9,3030.05,3065.7,3010.1,3010.15,3040.15,3043.32,58187,1770.81,5680,42655,73.31,Others
2020-12-01,OFSS, EQ, 01-Dec-2020,3040.15,3065.0,3065.0,3011.05,3018.0,3018.0,3022.38,52116,1575.14,10613,37119,71.22,Others
2020-12-02,OFSS, EQ, 02-Dec-2020,3018.0,3024.1,3037.5,2998.0,3015.1,3016.45,3015.32,50780,1531.18,9768,24738,48.72,Others
2020-12-03,OFSS, EQ, 03-Dec-2020,3016.45,3025.0,3073.45,3018.0,3050.05,3052.05,3053.13,83946,2562.98,7862,63643,75.81,Others
2020-12-04,OFSS, EQ, 04-Dec-2020,3052.05,3068.0,3068.0,3022.25,3042.0,3042.3,3042.13,47866,1456.15,5928,33824,70.66,Others
2020-12-07,OFSS, EQ, 07-Dec-2020,3042.3,3065.0,3068.95,3035.0,3053.0,3051.1,3046.32,62618,1907.54,5525,49604,79.22,Others
2020-12-08,OFSS, EQ, 08-Dec-2020,3051.1,3070.0,3137.0,3049.05,3117.0,3118.05,3113.8,152547,4750.01,14411,99919,65.5,Others
2020-12-09,OFSS, EQ, 09-Dec-2020,3118.05,3137.9,3190.05,3127.9,3156.4,3159.1,3160.18,130251,4116.17,9813,97314,74.71,Others
2020-12-10,OFSS, EQ, 10-Dec-2020,3159.1,3166.0,3166.0,3086.0,3140.0,3133.3,3124.73,44636,1394.75,9077,23442,52.52,Others
2020-12-11,OFSS, EQ, 11-Dec-2020,3133.3,3154.95,3154.95,3111.05,3130.0,3131.9,3133.85,35009,1097.13,5213,23373,66.76,Others
2020-12-14,OFSS, EQ, 14-Dec-2020,3131.9,3168.95,3170.0,3120.0,3120.0,3133.45,3135.23,37811,1185.46,3702,28631,75.72,Others
2020-12-15,OFSS, EQ, 15-Dec-2020,3133.45,3138.4,3150.0,3099.25,3130.0,3133.6,3132.2,81649,2557.41,6091,68849,84.32,Others
2020-12-16,OFSS, EQ, 16-Dec-2020,3133.6,3149.1,3149.1,3105.0,3112.0,3112.15,3122.84,65304,2039.34,5391,55367,84.78,Others
2020-12-17,OFSS, EQ, 17-Dec-2020,3112.15,3134.9,3159.0,3102.5,3130.4,3134.35,3135.96,27785,871.33,3917,14042,50.54,Others
2020-12-18,OFSS, EQ, 18-Dec-2020,3134.35,3139.35,3192.35,3106.4,3167.0,3167.6,3132.92,114155,3576.38,8911,89198,78.14,Others
2020-12-21,OFSS, EQ, 21-Dec-2020,3167.6,3180.0,3197.35,3063.25,3100.0,3102.1,3135.15,59729,1872.59,7464,31644,52.98,Others
2020-12-22,OFSS, EQ, 22-Dec-2020,3102.1,3091.0,3137.0,3031.55,3119.0,3112.8,3082.09,24201,745.9,4009,10675,44.11,Others
2020-12-23,OFSS, EQ, 23-Dec-2020,3112.8,3139.0,3157.85,3098.45,3139.0,3144.1,3127.91,65530,2049.72,6326,40392,61.64,Others
2020-12-24,OFSS, EQ, 24-Dec-2020,3144.1,3159.6,3272.0,3151.0,3220.0,3220.0,3228.73,137758,4447.83,13569,75841,55.05,Others
2020-12-28,OFSS, EQ, 28-Dec-2020,3220.0,3230.0,3245.0,3160.45,3196.55,3181.9,3212.7,131011,4208.99,16248,78872,60.2,Others
2020-12-29,OFSS, EQ, 29-Dec-2020,3181.9,3195.0,3252.5,3195.0,3213.8,3212.4,3223.83,69539,2241.82,10605,29968,43.1,Others
2020-12-30,OFSS, EQ, 30-Dec-2020,3212.4,3228.75,3238.5,3202.0,3220.2,3225.15,3218.27,32849,1057.17,4816,21491,65.42,Others
2020-12-31,OFSS, EQ, 31-Dec-2020,3225.15,3225.0,3238.05,3186.0,3215.0,3212.5,3208.14,41960,1346.13,8497,23720,56.53,Others
2021-01-01,OFSS, EQ, 01-Jan-2021,3212.5,3192.0,3250.0,3192.0,3237.0,3242.85,3234.35,32142,1039.59,3418,19597,60.97,Others
2021-01-04,OFSS, EQ, 04-Jan-2021,3242.85,3255.0,3410.0,3250.2,3372.05,3370.55,3362.51,181968,6118.69,22872,79818,43.86,Others
2021-01-05,OFSS, EQ, 05-Jan-2021,3370.55,3372.0,3469.0,3355.5,3440.0,3448.5,3426.92,126841,4346.74,15292,64868,51.14,Others
2021-01-06,OFSS, EQ, 06-Jan-2021,3448.5,3448.5,3480.0,3333.3,3370.05,3364.95,3390.71,65935,2235.66,11835,34523,52.36,Others
2021-01-07,OFSS, EQ, 07-Jan-2021,3364.95,3398.25,3420.0,3310.0,3321.0,3325.15,3370.68,54859,1849.12,10431,33241,60.59,Others
2021-01-08,OFSS, EQ, 08-Jan-2021,3325.15,3368.45,3368.45,3305.55,3340.0,3342.4,3339.15,103532,3457.09,8603,80659,77.91,Others
2021-01-11,OFSS, EQ, 11-Jan-2021,3342.4,3410.0,3429.9,3330.05,3350.15,3353.0,3356.42,120399,4041.09,13727,81034,67.3,Others
2021-01-12,OFSS, EQ, 12-Jan-2021,3353.0,3369.0,3535.0,3333.0,3461.0,3464.65,3471.79,236200,8200.37,25619,110023,46.58,Others
2021-01-13,OFSS, EQ, 13-Jan-2021,3464.65,3497.0,3542.0,3461.0,3465.0,3481.3,3501.03,107329,3757.62,11657,59480,55.42,Others
2021-01-14,OFSS, EQ, 14-Jan-2021,3481.3,3508.1,3515.45,3420.0,3440.0,3439.45,3452.73,44550,1538.19,6762,23069,51.78,Others
2021-01-15,OFSS, EQ, 15-Jan-2021,3439.45,3463.9,3463.9,3355.55,3370.0,3379.8,3396.71,45784,1555.15,9005,27147,59.29,Others
2021-01-18,OFSS, EQ, 18-Jan-2021,3379.8,3390.0,3390.0,3254.1,3285.0,3308.4,3301.1,69955,2309.28,10991,42898,61.32,Others
2021-01-19,OFSS, EQ, 19-Jan-2021,3308.4,3340.0,3405.0,3305.0,3375.0,3362.9,3338.76,43406,1449.22,9236,23068,53.14,Others
2021-01-20,OFSS, EQ, 20-Jan-2021,3362.9,3380.0,3415.4,3312.85,3344.95,3345.05,3381.42,55328,1870.87,8607,32939,59.53,Others
2021-01-21,OFSS, EQ, 21-Jan-2021,3345.05,3367.9,3399.95,3340.0,3350.0,3349.95,3354.98,59441,1994.23,5717,46237,77.79,Others
2021-01-22,OFSS, EQ, 22-Jan-2021,3349.95,3350.0,3388.0,3285.0,3324.0,3314.65,3314.28,43624,1445.82,7317,31146,71.4,Others
2021-01-25,OFSS, EQ, 25-Jan-2021,3314.65,3350.0,3350.0,3267.0,3295.0,3315.95,3288.96,42369,1393.5,8517,25337,59.8,Others
2021-01-27,OFSS, EQ, 27-Jan-2021,3315.95,3283.45,3340.55,3210.0,3270.0,3253.85,3244.6,76931,2496.1,10773,40053,52.06,Others
2021-01-28,OFSS, EQ, 28-Jan-2021,3253.85,3221.9,3283.95,3211.05,3260.4,3269.95,3252.86,17738,576.99,3462,11182,63.04,Others
2021-01-29,OFSS, EQ, 29-Jan-2021,3269.95,3322.9,3322.9,3201.0,3217.5,3218.55,3227.85,78976,2549.23,6737,58810,74.47,Others
2021-02-01,OFSS, EQ, 01-Feb-2021,3218.55,3218.0,3280.75,3183.0,3250.0,3249.15,3243.12,38306,1242.31,5612,25718,67.14,Others
2021-02-02,OFSS, EQ, 02-Feb-2021,3249.15,3289.0,3329.0,3210.05,3279.65,3280.8,3281.75,32943,1081.11,5940,14953,45.39,Others
2021-02-03,OFSS, EQ, 03-Feb-2021,3280.8,3299.75,3347.0,3252.0,3307.1,3305.15,3309.59,37822,1251.75,4800,14980,39.61,Others
2021-02-04,OFSS, EQ, 04-Feb-2021,3305.15,3321.75,3344.0,3281.0,3285.0,3300.25,3319.61,16158,536.38,2755,9040,55.95,Others
2021-02-05,OFSS, EQ, 05-Feb-2021,3300.25,3324.0,3324.9,3282.0,3291.95,3293.1,3299.75,18239,601.84,2923,10931,59.93,Others
2021-02-08,OFSS, EQ, 08-Feb-2021,3293.1,3320.0,3348.0,3230.0,3241.0,3237.8,3266.11,60437,1973.94,14121,32524,53.81,Others
2021-02-09,OFSS, EQ, 09-Feb-2021,3237.8,3263.95,3267.75,3212.0,3242.8,3230.95,3241.68,26432,856.84,3674,16602,62.81,Others
2021-02-10,OFSS, EQ, 10-Feb-2021,3230.95,3242.8,3247.15,3184.25,3204.0,3197.8,3210.43,68172,2188.62,5048,54931,80.58,Others
2021-02-11,OFSS, EQ, 11-Feb-2021,3197.8,3201.0,3228.0,3190.0,3220.0,3216.95,3211.6,19425,623.85,3492,9098,46.84,Others
2021-02-12,OFSS, EQ, 12-Feb-2021,3216.95,3230.0,3230.0,3190.0,3191.3,3195.7,3205.46,28282,906.57,4648,18961,67.04,Others
2021-02-15,OFSS, EQ, 15-Feb-2021,3195.7,3227.5,3238.95,3162.0,3167.55,3168.5,3192.19,50776,1620.87,4949,40697,80.15,Others
2021-02-16,OFSS, EQ, 16-Feb-2021,3168.5,3170.0,3190.15,3121.0,3137.0,3134.7,3148.27,53701,1690.65,6151,39996,74.48,Others
2021-02-17,OFSS, EQ, 17-Feb-2021,3134.7,3149.0,3149.9,3065.0,3103.0,3090.55,3106.14,69727,2165.82,5540,52690,75.57,Others
2021-02-18,OFSS, EQ, 18-Feb-2021,3090.55,3120.0,3120.0,3050.0,3070.0,3069.7,3077.66,78656,2420.77,10024,65142,82.82,Others
2021-02-19,OFSS, EQ, 19-Feb-2021,3069.7,3085.75,3085.75,3044.1,3054.1,3049.35,3061.73,26720,818.09,3444,17593,65.84,Others
2021-02-22,OFSS, EQ, 22-Feb-2021,3049.35,3074.0,3132.2,2931.05,2992.0,2971.9,3049.39,158730,4840.3,15064,114918,72.4,Others
2021-02-23,OFSS, EQ, 23-Feb-2021,2971.9,3004.9,3023.4,2980.45,3010.0,3006.3,3001.5,27359,821.18,3601,15530,56.76,Others
2021-02-24,OFSS, EQ, 24-Feb-2021,3006.3,3036.5,3048.7,2995.0,3040.0,3037.6,3016.96,17567,529.99,2940,11050,62.9,Others
2021-02-25,OFSS, EQ, 25-Feb-2021,3037.6,3050.75,3150.0,3005.1,3020.0,3018.95,3041.51,134862,4101.84,9111,102279,75.84,Others
2021-02-26,OFSS, EQ, 26-Feb-2021,3018.95,3005.5,3058.0,2982.15,3033.0,3043.6,3014.1,37277,1123.57,5524,21794,58.47,Others
2021-03-01,OFSS, EQ, 01-Mar-2021,3043.6,3050.0,3168.75,3050.0,3155.9,3152.75,3133.06,85714,2685.47,12347,56713,66.17,Others
2021-03-02,OFSS, EQ, 02-Mar-2021,3152.75,3170.0,3248.75,3170.0,3195.0,3197.85,3203.1,89148,2855.5,11140,59351,66.58,Others
2021-03-03,OFSS, EQ, 03-Mar-2021,3197.85,3206.1,3330.0,3182.25,3230.2,3228.15,3261.57,101246,3302.21,10191,42378,41.86,Others
2021-03-04,OFSS, EQ, 04-Mar-2021,3228.15,3235.0,3280.0,3190.0,3241.0,3252.35,3252.57,42301,1375.87,6509,23624,55.85,Others
2021-03-05,OFSS, EQ, 05-Mar-2021,3252.35,3279.65,3279.65,3195.0,3200.0,3204.05,3229.92,93581,3022.59,7260,70140,74.95,Others
2021-03-08,OFSS, EQ, 08-Mar-2021,3204.05,3280.0,3280.0,3175.0,3215.0,3216.8,3219.39,118220,3805.96,4440,101203,85.61,Others
2021-03-09,OFSS, EQ, 09-Mar-2021,3216.8,3228.0,3242.25,3200.0,3208.0,3221.4,3221.08,70687,2276.89,3863,58465,82.71,Others
2021-03-10,OFSS, EQ, 10-Mar-2021,3221.4,3226.2,3270.7,3192.0,3200.0,3201.55,3222.92,30154,971.84,4549,14323,47.5,Others
2021-03-12,OFSS, EQ, 12-Mar-2021,3201.55,3195.0,3240.0,3155.0,3187.0,3194.05,3203.88,44753,1433.83,3887,31985,71.47,Others
2021-03-15,OFSS, EQ, 15-Mar-2021,3194.05,3200.1,3216.4,3115.5,3150.0,3149.75,3149.42,51716,1628.75,5389,33608,64.99,Others
2021-03-16,OFSS, EQ, 16-Mar-2021,3149.75,3149.75,3294.55,3149.75,3260.0,3257.55,3218.19,240323,7734.04,12248,188551,78.46,Others
2021-03-17,OFSS, EQ, 17-Mar-2021,3257.55,3285.2,3440.0,3151.0,3194.0,3206.9,3350.26,487790,16342.22,33780,119269,24.45,Others
2021-03-18,OFSS, EQ, 18-Mar-2021,3206.9,3260.0,3275.0,3056.2,3125.0,3119.5,3152.45,96127,3030.36,11669,27582,28.69,Others
2021-03-19,OFSS, EQ, 19-Mar-2021,3119.5,3125.0,3280.0,3022.5,3177.0,3205.15,3156.05,119891,3783.82,11601,49925,41.64,Others
2021-03-22,OFSS, EQ, 22-Mar-2021,3205.15,3225.0,3255.55,3182.4,3229.0,3222.55,3223.73,57361,1849.17,10573,24109,42.03,Others
2021-03-23,OFSS, EQ, 23-Mar-2021,3222.55,3223.0,3296.5,3192.15,3202.0,3202.4,3235.15,68753,2224.26,6557,32284,46.96,Others
2021-03-24,OFSS, EQ, 24-Mar-2021,3202.4,3200.0,3254.95,3185.0,3185.3,3193.4,3217.13,46789,1505.26,5337,13425,28.69,Others
2021-03-25,OFSS, EQ, 25-Mar-2021,3193.4,3210.2,3210.2,3119.0,3159.0,3149.15,3145.71,36078,1134.91,6568,15757,43.67,Others
2021-03-26,OFSS, EQ, 26-Mar-2021,3149.15,3159.0,3188.75,3071.9,3109.0,3124.15,3115.34,75736,2359.44,9036,39467,52.11,Others
2021-03-30,OFSS, EQ, 30-Mar-2021,3124.15,3125.0,3747.0,3105.45,3467.0,3356.75,3326.72,381370,12687.12,24351,253909,66.58,Others
2021-03-31,OFSS, EQ, 31-Mar-2021,3356.75,3350.0,3365.35,3190.0,3199.0,3198.95,3251.25,248064,8065.19,24963,100655,40.58,Others
2021-04-01,OFSS, EQ, 01-Apr-2021,3198.95,3230.0,3270.0,3185.0,3209.8,3209.1,3233.7,110273,3565.9,10142,49007,44.44,Others
2021-04-05,OFSS, EQ, 05-Apr-2021,3209.1,3230.0,3240.0,3172.45,3197.8,3196.1,3208.78,103398,3317.82,12903,45413,43.92,Others
2021-04-06,OFSS, EQ, 06-Apr-2021,3196.1,3214.0,3317.8,3180.9,3304.3,3288.35,3247.93,156186,5072.81,20281,71833,45.99,Others
2021-04-07,OFSS, EQ, 07-Apr-2021,3288.35,3320.85,3480.0,3275.85,3326.0,3317.15,3349.63,131841,4416.18,15477,51667,39.19,Others
2021-04-08,OFSS, EQ, 08-Apr-2021,3317.15,3330.0,3526.95,3320.5,3499.4,3490.85,3454.49,296046,10226.89,25714,115760,39.1,Others
2021-04-09,OFSS, EQ, 09-Apr-2021,3490.85,3500.0,3570.0,3470.1,3519.0,3512.2,3522.57,142455,5018.08,23211,61905,43.46,Others
2021-04-12,OFSS, EQ, 12-Apr-2021,3512.2,3485.0,3498.45,3294.45,3335.0,3336.85,3421.14,138072,4723.64,17841,66587,48.23,Others
2021-04-13,OFSS, EQ, 13-Apr-2021,3336.85,3380.0,3408.55,3253.25,3300.0,3294.6,3327.39,86785,2887.68,14914,30791,35.48,Others
2021-04-15,OFSS, EQ, 15-Apr-2021,3294.6,3294.6,3339.95,3180.0,3300.0,3283.1,3250.87,63872,2076.39,9693,22528,35.27,Others
2021-04-16,OFSS, EQ, 16-Apr-2021,3283.1,3300.4,3421.95,3300.4,3375.05,3366.25,3371.1,87205,2939.77,12349,33030,37.88,Others
2021-04-19,OFSS, EQ, 19-Apr-2021,3366.25,3210.0,3404.0,3210.0,3381.0,3381.25,3332.47,73169,2438.34,9875,29201,39.91,Others
2021-04-20,OFSS, EQ, 20-Apr-2021,3381.25,3365.0,3402.75,3246.0,3280.1,3296.85,3338.93,47588,1588.93,7323,18974,39.87,Others
2021-04-22,OFSS, EQ, 22-Apr-2021,3296.85,3296.0,3367.15,3233.95,3270.0,3279.65,3300.92,53040,1750.81,8356,16907,31.88,Others
2021-04-23,OFSS, EQ, 23-Apr-2021,3279.65,3285.0,3318.8,3239.0,3268.8,3266.95,3289.57,43420,1428.33,4837,16257,37.44,Others
2021-04-26,OFSS, EQ, 26-Apr-2021,3266.95,3308.0,3321.0,3253.1,3303.1,3307.55,3290.76,59514,1958.46,7753,25355,42.6,Others
2021-04-27,OFSS, EQ, 27-Apr-2021,3307.55,3310.0,3434.8,3305.0,3375.1,3401.45,3397.32,163311,5548.19,12711,72539,44.42,Others
2021-04-28,OFSS, EQ, 28-Apr-2021,3401.45,3440.0,3590.0,3423.4,3551.0,3553.25,3519.38,221627,7799.9,24471,116163,52.41,Others
2021-04-29,OFSS, EQ, 29-Apr-2021,3553.25,3589.9,3609.3,3445.2,3469.0,3469.5,3536.2,93539,3307.73,10414,41053,43.89,Others
2021-04-30,OFSS, EQ, 30-Apr-2021,3469.5,3470.0,3568.95,3438.0,3465.2,3478.55,3514.95,80880,2842.89,8910,30565,37.79,Others
2021-05-03,OFSS, EQ, 03-May-2021,3478.55,3470.0,3550.0,3456.5,3490.0,3480.05,3504.0,73296,2568.3,8825,39396,53.75,Others
2021-05-04,OFSS, EQ, 04-May-2021,3480.05,3498.4,3529.95,3455.0,3490.0,3473.3,3485.93,85717,2988.04,5254,64668,75.44,Others
2021-05-05,OFSS, EQ, 05-May-2021,3473.3,3495.0,3569.95,3495.0,3556.05,3544.8,3527.69,57520,2029.12,5786,30258,52.6,Others
2021-05-06,OFSS, EQ, 06-May-2021,3544.8,3564.0,3595.0,3474.0,3486.0,3487.45,3516.22,189190,6652.34,17298,101395,53.59,Others
2021-05-07,OFSS, EQ, 07-May-2021,3487.45,3525.0,3590.0,3476.65,3553.75,3565.1,3543.9,153900,5454.06,13050,80200,52.11,Others
2021-05-10,OFSS, EQ, 10-May-2021,3565.1,3611.0,3720.0,3600.9,3640.0,3650.6,3677.81,268752,9884.2,27971,139449,51.89,Others
2021-05-11,OFSS, EQ, 11-May-2021,3650.6,3630.0,3794.0,3605.25,3770.0,3759.65,3734.75,267788,10001.22,28982,119701,44.7,Others
2021-05-12,OFSS, EQ, 12-May-2021,3759.65,3770.0,3795.0,3685.05,3702.0,3697.35,3714.48,141366,5251.01,17673,75829,53.64,Others
2021-05-14,OFSS, EQ, 14-May-2021,3697.35,3747.0,3747.0,3659.0,3690.0,3694.4,3698.52,159660,5905.06,13902,90423,56.63,Others
2021-05-17,OFSS, EQ, 17-May-2021,3694.4,3540.0,3560.0,3490.2,3522.95,3520.05,3519.46,232739,8191.16,13858,174905,75.15,Others
2021-05-18,OFSS, EQ, 18-May-2021,3520.05,3544.0,3578.85,3495.85,3541.0,3542.55,3531.62,92059,3251.18,10804,55298,60.07,Others
2021-05-19,OFSS, EQ, 19-May-2021,3542.55,3505.0,3570.0,3505.0,3536.8,3541.7,3542.08,52782,1869.58,5449,32972,62.47,Others
2021-05-20,OFSS, EQ, 20-May-2021,3541.7,3556.0,3640.0,3524.45,3634.0,3623.05,3587.99,97218,3488.17,9951,51021,52.48,Others
2021-05-21,OFSS, EQ, 21-May-2021,3623.05,3669.7,3689.95,3630.0,3650.0,3659.7,3662.98,130557,4782.27,8846,92516,70.86,Others
2021-05-24,OFSS, EQ, 24-May-2021,3659.7,3670.0,3722.35,3620.5,3701.95,3705.65,3673.33,74666,2742.73,6522,44319,59.36,Others
2021-05-25,OFSS, EQ, 25-May-2021,3705.65,3708.0,3710.0,3560.0,3592.0,3595.15,3612.29,79118,2857.97,10652,34551,43.67,Others
2021-05-26,OFSS, EQ, 26-May-2021,3595.15,3620.0,3620.0,3501.0,3514.4,3510.3,3531.24,67978,2400.47,7870,36723,54.02,Others
2021-05-27,OFSS, EQ, 27-May-2021,3510.3,3501.3,3570.0,3420.3,3488.15,3487.75,3497.29,523243,18299.33,37742,384736,73.53,Others
2021-05-28,OFSS, EQ, 28-May-2021,3487.75,3520.0,3555.6,3489.4,3524.4,3525.3,3519.62,59521,2094.91,6053,33396,56.11,Others
2021-05-31,OFSS, EQ, 31-May-2021,3525.3,3525.3,3569.55,3460.0,3482.0,3473.1,3511.57,80168,2815.16,8756,42990,53.62,Others
2021-06-01,OFSS, EQ, 01-Jun-2021,3473.1,3480.0,3528.05,3473.0,3510.0,3510.8,3507.35,58779,2061.58,7236,30795,52.39,Others
2021-06-02,OFSS, EQ, 02-Jun-2021,3510.8,3528.0,3559.65,3498.2,3530.0,3528.3,3525.55,52655,1856.38,8641,27819,52.83,Others
2021-06-03,OFSS, EQ, 03-Jun-2021,3528.3,3544.85,3558.75,3520.05,3525.0,3532.8,3536.77,35957,1271.72,4765,21116,58.73,Others
2021-06-04,OFSS, EQ, 04-Jun-2021,3532.8,3547.95,3554.4,3504.55,3513.0,3514.95,3529.94,36178,1277.06,5553,19143,52.91,Others
2021-06-07,OFSS, EQ, 07-Jun-2021,3514.95,3515.0,3574.95,3485.25,3542.0,3557.55,3532.77,71579,2528.72,6826,40320,56.33,Others
2021-06-08,OFSS, EQ, 08-Jun-2021,3557.55,3574.0,3625.0,3542.65,3566.0,3574.95,3580.86,62264,2229.59,6660,29389,47.2,Others
2021-06-09,OFSS, EQ, 09-Jun-2021,3574.95,3594.0,3594.0,3489.0,3509.95,3502.6,3526.45,75148,2650.06,7540,43736,58.2,Others
2021-06-10,OFSS, EQ, 10-Jun-2021,3502.6,3530.0,3552.0,3510.0,3544.55,3544.9,3535.23,43502,1537.9,3392,32023,73.61,Others
2021-06-11,OFSS, EQ, 11-Jun-2021,3544.9,3560.0,3739.9,3546.5,3689.9,3689.35,3684.11,403564,14867.76,28908,169740,42.06,Others
2021-06-14,OFSS, EQ, 14-Jun-2021,3689.35,3690.0,3717.25,3575.05,3675.0,3675.95,3631.43,133568,4850.43,14285,66279,49.62,Others
2021-06-15,OFSS, EQ, 15-Jun-2021,3675.95,3708.4,3794.0,3683.9,3733.0,3749.35,3762.28,186676,7023.28,19414,97018,51.97,Others
2021-06-16,OFSS, EQ, 16-Jun-2021,3749.35,3748.95,3748.95,3675.6,3710.0,3701.25,3704.47,54121,2004.89,5998,20026,37.0,Others
2021-06-17,OFSS, EQ, 17-Jun-2021,3701.25,3695.0,3695.0,3554.85,3589.0,3581.75,3605.0,159299,5742.74,22048,91087,57.18,Others
2021-06-18,OFSS, EQ, 18-Jun-2021,3581.75,3609.7,3670.0,3524.0,3540.0,3536.4,3579.5,118288,4234.12,15978,58346,49.33,Others
2021-06-21,OFSS, EQ, 21-Jun-2021,3536.4,3536.4,3630.0,3490.7,3596.85,3598.5,3570.37,38584,1377.59,5287,17320,44.89,Others
2021-06-22,OFSS, EQ, 22-Jun-2021,3598.5,3618.5,3626.35,3555.0,3560.0,3558.85,3578.0,55314,1979.14,7155,28223,51.02,Others
2021-06-23,OFSS, EQ, 23-Jun-2021,3558.85,3595.0,3603.0,3541.2,3576.3,3584.25,3565.52,52020,1854.78,6822,29152,56.04,Others
2021-06-24,OFSS, EQ, 24-Jun-2021,3584.25,3614.5,3635.0,3543.25,3600.0,3597.85,3596.25,61577,2214.46,9472,26044,42.3,Others
2021-06-25,OFSS, EQ, 25-Jun-2021,3597.85,3600.0,3644.0,3585.0,3635.0,3633.05,3614.67,52475,1896.8,11903,30602,58.32,Others
2021-06-28,OFSS, EQ, 28-Jun-2021,3633.05,3636.0,3647.4,3580.0,3589.95,3593.95,3600.09,47391,1706.12,8455,28202,59.51,Others
2021-06-29,OFSS, EQ, 29-Jun-2021,3593.95,3605.0,3610.95,3562.5,3574.0,3574.5,3576.48,55797,1995.57,8624,39881,71.48,Others
2021-06-30,OFSS, EQ, 30-Jun-2021,3574.5,3592.4,3673.4,3575.0,3649.95,3651.5,3632.52,73686,2676.66,9223,40961,55.59,Others
2021-07-01,OFSS, EQ, 01-Jul-2021,3651.5,3659.0,3659.0,3601.4,3620.0,3620.3,3622.83,33174,1201.84,4497,14361,43.29,Others
2021-07-02,OFSS, EQ, 02-Jul-2021,3620.3,3653.2,3695.0,3602.5,3630.0,3624.3,3632.61,81776,2970.61,8967,45956,56.2,Others
2021-07-05,OFSS, EQ, 05-Jul-2021,3624.3,3660.0,3674.95,3588.0,3598.0,3597.2,3618.55,100997,3654.63,13808,78667,77.89,Others
2021-07-06,OFSS, EQ, 06-Jul-2021,3597.2,3609.9,3759.0,3598.5,3740.0,3741.05,3699.69,189068,6994.93,17729,96803,51.2,Others
2021-07-07,OFSS, EQ, 07-Jul-2021,3741.05,3750.0,3832.0,3700.0,3703.0,3720.9,3754.91,131335,4931.51,16301,50678,38.59,Others
2021-07-08,OFSS, EQ, 08-Jul-2021,3720.9,3724.95,3845.0,3701.25,3794.0,3766.3,3780.16,214221,8097.9,25965,90291,42.15,Others
2021-07-09,OFSS, EQ, 09-Jul-2021,3766.3,3788.0,3980.3,3782.3,3933.0,3943.95,3903.82,443417,17310.19,38909,111079,25.05,Others
2021-07-12,OFSS, EQ, 12-Jul-2021,3943.95,3963.7,3983.75,3860.0,3890.0,3900.8,3909.28,128747,5033.08,18004,56763,44.09,Others
2021-07-13,OFSS, EQ, 13-Jul-2021,3900.8,3923.95,4074.85,3905.6,4005.1,4010.8,4019.18,403314,16209.93,37512,126077,31.26,Others
2021-07-14,OFSS, EQ, 14-Jul-2021,4010.8,4060.0,4171.0,4030.0,4160.3,4150.75,4112.04,306261,12593.58,32763,110536,36.09,Others
2021-07-15,OFSS, EQ, 15-Jul-2021,4150.75,4180.0,4198.0,4068.3,4088.0,4093.9,4135.63,252444,10440.16,25819,134414,53.25,Others
2021-07-16,OFSS, EQ, 16-Jul-2021,4093.9,4125.0,4160.0,4004.0,4028.5,4019.4,4071.85,101916,4149.87,14481,47701,46.8,Others
2021-07-19,OFSS, EQ, 19-Jul-2021,4019.4,4050.0,4121.0,4006.0,4070.0,4072.15,4066.94,155649,6330.15,19971,66208,42.54,Others
2021-07-20,OFSS, EQ, 20-Jul-2021,4072.15,4105.55,4177.8,3945.0,3948.1,3957.55,4072.88,473056,19266.98,39414,252106,53.29,Others
2021-07-22,OFSS, EQ, 22-Jul-2021,3957.55,4027.0,4095.0,3995.0,4043.0,4051.7,4045.68,120814,4887.75,18353,62045,51.36,Others
2021-07-23,OFSS, EQ, 23-Jul-2021,4051.7,4075.0,4099.0,4000.5,4014.0,4012.1,4040.61,44992,1817.95,7376,19893,44.21,Others
2021-07-26,OFSS, EQ, 26-Jul-2021,4012.1,4041.55,4170.0,4015.0,4127.0,4137.65,4126.79,211537,8729.69,21080,92133,43.55,Others
2021-07-27,OFSS, EQ, 27-Jul-2021,4137.65,4169.7,4219.95,4120.75,4180.1,4170.5,4157.6,126597,5263.4,14063,63599,50.24,Others
2021-07-28,OFSS, EQ, 28-Jul-2021,4170.5,4200.0,4449.0,4110.3,4326.0,4373.3,4319.45,507343,21914.44,56338,181215,35.72,Others
2021-07-29,OFSS, EQ, 29-Jul-2021,4373.3,4520.0,4650.0,4352.3,4425.0,4384.8,4524.8,791581,35817.47,101626,311125,39.3,Others
2021-07-30,OFSS, EQ, 30-Jul-2021,4384.8,4429.9,4454.75,4240.15,4313.05,4315.45,4310.61,255026,10993.18,31114,103127,40.44,Others
2021-08-02,OFSS, EQ, 02-Aug-2021,4315.45,4368.95,4375.0,4257.0,4275.1,4285.8,4293.3,90971,3905.66,13489,38213,42.01,Others
2021-08-03,OFSS, EQ, 03-Aug-2021,4285.8,4319.0,4332.0,4255.0,4280.0,4280.35,4286.18,95784,4105.47,16695,51317,53.58,Others
2021-08-04,OFSS, EQ, 04-Aug-2021,4280.35,4272.0,4318.0,4258.6,4305.0,4286.4,4291.48,75884,3256.54,11092,35599,46.91,Others
2021-08-05,OFSS, EQ, 05-Aug-2021,4286.4,4319.0,4411.3,4255.0,4408.0,4401.55,4357.57,210048,9152.99,28902,84949,40.44,Others
2021-08-06,OFSS, EQ, 06-Aug-2021,4401.55,4411.0,4467.0,4380.65,4400.05,4419.8,4427.62,120053,5315.49,18682,57535,47.92,Others
2021-08-09,OFSS, EQ, 09-Aug-2021,4419.8,4435.0,4496.75,4365.0,4475.0,4458.0,4437.44,110691,4911.85,17955,50713,45.81,Others
2021-08-10,OFSS, EQ, 10-Aug-2021,4458.0,4490.0,4530.0,4449.95,4525.1,4501.5,4488.76,166547,7475.89,22332,89041,53.46,Others
2021-08-11,OFSS, EQ, 11-Aug-2021,4501.5,4481.0,4509.95,4365.0,4430.0,4447.35,4444.04,119334,5303.25,22727,55381,46.41,Others
2021-08-12,OFSS, EQ, 12-Aug-2021,4447.35,4468.0,4709.9,4454.3,4700.0,4671.25,4593.64,277121,12729.94,34220,137033,49.45,Others
2021-08-13,OFSS, EQ, 13-Aug-2021,4671.25,4692.0,4789.0,4591.65,4610.0,4618.45,4713.4,288057,13577.27,36490,114203,39.65,Others
2021-08-16,OFSS, EQ, 16-Aug-2021,4618.45,4654.2,4718.2,4593.0,4605.0,4618.3,4640.15,114044,5291.81,19126,45250,39.68,Others
2021-08-17,OFSS, EQ, 17-Aug-2021,4618.3,4633.0,4690.0,4580.15,4595.0,4605.45,4633.78,156584,7255.76,29312,70016,44.71,Others
2021-08-18,OFSS, EQ, 18-Aug-2021,4605.45,4642.95,4654.0,4505.0,4505.0,4524.65,4576.83,100904,4618.2,17538,47030,46.61,Others
2021-08-20,OFSS, EQ, 20-Aug-2021,4524.65,4490.45,4513.65,4365.6,4426.95,4438.95,4429.89,157011,6955.42,28994,68651,43.72,Others
2021-08-23,OFSS, EQ, 23-Aug-2021,4438.95,4490.0,4524.0,4325.1,4417.0,4414.65,4407.47,125872,5547.78,22690,67564,53.68,Others
2021-08-24,OFSS, EQ, 24-Aug-2021,4414.65,4440.0,4610.0,4419.6,4570.2,4585.9,4548.14,205106,9328.52,31412,75502,36.81,Others
2021-08-25,OFSS, EQ, 25-Aug-2021,4585.9,4590.0,4747.0,4590.0,4722.0,4711.5,4672.39,216114,10097.69,34345,91464,42.32,Others
2021-08-26,OFSS, EQ, 26-Aug-2021,4711.5,4708.2,4825.0,4655.1,4720.0,4739.0,4747.13,253529,12035.36,34473,85392,33.68,Others
2021-08-27,OFSS, EQ, 27-Aug-2021,4739.0,4750.5,4824.35,4714.0,4775.0,4763.55,4767.99,249784,11909.69,24492,127233,50.94,Others
2021-08-30,OFSS, EQ, 30-Aug-2021,4763.55,4806.0,4860.0,4703.0,4719.0,4713.85,4769.85,163009,7775.29,19632,67481,41.4,Others
2021-08-31,OFSS, EQ, 31-Aug-2021,4713.85,4713.85,4762.1,4607.0,4708.55,4699.55,4688.88,192573,9029.52,25521,95718,49.7,Others
2021-09-01,OFSS, EQ, 01-Sep-2021,4699.55,4741.65,4745.95,4631.4,4648.0,4653.5,4677.72,124401,5819.13,14482,58839,47.3,Others
2021-09-02,OFSS, EQ, 02-Sep-2021,4653.5,4653.5,4756.75,4650.0,4709.85,4717.6,4704.25,129169,6076.43,15364,54401,42.12,Others
2021-09-03,OFSS, EQ, 03-Sep-2021,4717.6,4744.95,4807.0,4684.1,4730.0,4749.0,4747.96,176060,8359.26,21027,73518,41.76,Others
2021-09-06,OFSS, EQ, 06-Sep-2021,4749.0,4769.9,4849.5,4718.05,4815.2,4818.0,4800.34,258567,12412.1,26605,84168,32.55,Others
2021-09-07,OFSS, EQ, 07-Sep-2021,4818.0,4849.0,4872.4,4724.0,4735.0,4743.0,4784.44,111882,5352.93,16018,51978,46.46,Others
2021-09-08,OFSS, EQ, 08-Sep-2021,4743.0,4748.0,4792.5,4691.45,4716.0,4711.2,4729.12,138138,6532.71,18122,48863,35.37,Others
2021-09-09,OFSS, EQ, 09-Sep-2021,4711.2,4732.45,4807.1,4694.1,4786.0,4767.55,4757.13,200165,9522.1,17910,114358,57.13,Others
2021-09-13,OFSS, EQ, 13-Sep-2021,4767.55,4797.3,4899.55,4754.35,4840.1,4856.05,4847.03,219792,10653.38,23296,75328,34.27,Others
2021-09-14,OFSS, EQ, 14-Sep-2021,4856.05,4889.0,4899.95,4825.0,4827.9,4832.9,4857.62,114390,5556.63,14250,51016,44.6,Others
2021-09-15,OFSS, EQ, 15-Sep-2021,4832.9,4865.0,4931.55,4806.15,4855.15,4866.85,4867.09,178264,8676.26,19843,70165,39.36,Others
2021-09-16,OFSS, EQ, 16-Sep-2021,4866.85,4886.25,4910.8,4801.0,4810.0,4807.3,4840.43,131055,6343.63,15466,65710,50.14,Others
2021-09-17,OFSS, EQ, 17-Sep-2021,4807.3,4849.25,4849.25,4721.7,4760.0,4790.8,4771.3,300913,14357.48,25854,200529,66.64,Others
2021-09-20,OFSS, EQ, 20-Sep-2021,4790.8,4786.55,4815.0,4690.0,4709.0,4694.65,4740.3,90924,4310.07,12906,33889,37.27,Others
2021-09-21,OFSS, EQ, 21-Sep-2021,4694.65,4694.65,4713.0,4606.6,4680.0,4668.9,4664.91,99480,4640.65,14737,47300,47.55,Others
2021-09-22,OFSS, EQ, 22-Sep-2021,4668.9,4700.0,4733.0,4633.1,4681.4,4672.9,4690.64,114862,5387.76,17296,54066,47.07,Others
2021-09-23,OFSS, EQ, 23-Sep-2021,4672.9,4715.0,4730.0,4663.05,4709.95,4698.05,4698.73,96759,4546.45,18331,47696,49.29,Others
2021-09-24,OFSS, EQ, 24-Sep-2021,4698.05,4715.0,4849.0,4680.0,4700.0,4710.4,4766.72,254974,12153.9,31184,78008,30.59,Others
2021-09-27,OFSS, EQ, 27-Sep-2021,4710.4,4714.95,4739.9,4549.1,4566.0,4584.85,4608.36,143564,6615.95,24918,73378,51.11,Others
2021-09-28,OFSS, EQ, 28-Sep-2021,4584.85,4575.0,4617.6,4480.0,4580.0,4578.25,4555.89,73541,3350.44,12209,29064,39.52,Others
2021-09-29,OFSS, EQ, 29-Sep-2021,4578.25,4550.0,4591.55,4427.9,4577.0,4533.65,4510.64,647138,29190.09,45064,345812,53.44,Others
2021-09-30,OFSS, EQ, 30-Sep-2021,4533.65,4571.0,4648.45,4530.0,4539.0,4555.95,4579.68,148890,6818.68,15486,59783,40.15,Others
2021-10-01,OFSS, EQ, 01-Oct-2021,4555.95,4550.0,4550.0,4485.05,4514.0,4512.25,4513.93,56021,2528.75,9182,25739,45.95,Others
2021-10-04,OFSS, EQ, 04-Oct-2021,4512.25,4534.0,4633.9,4493.1,4610.0,4622.25,4593.24,116287,5341.34,15350,55932,48.1,Others
2021-10-05,OFSS, EQ, 05-Oct-2021,4622.25,4622.25,4720.0,4571.2,4695.05,4703.05,4662.11,106387,4959.88,16613,37091,34.86,Others
2021-10-06,OFSS, EQ, 06-Oct-2021,4703.05,4739.9,4760.0,4626.8,4633.1,4660.25,4699.96,142811,6712.06,15247,70728,49.53,Others
2021-10-07,OFSS, EQ, 07-Oct-2021,4660.25,4670.1,4772.25,4629.45,4735.0,4742.7,4729.77,188073,8895.42,20766,67409,35.84,Others
2021-10-08,OFSS, EQ, 08-Oct-2021,4742.7,4764.95,4855.9,4730.75,4790.0,4789.65,4809.7,235977,11349.79,27103,103956,44.05,Others
2021-10-11,OFSS, EQ, 11-Oct-2021,4789.65,4780.0,4780.95,4665.65,4753.85,4745.05,4729.65,86184,4076.2,13574,30820,35.76,Others
2021-10-12,OFSS, EQ, 12-Oct-2021,4745.05,4740.0,4769.45,4672.4,4765.0,4737.45,4715.12,78441,3698.59,11425,29331,37.39,Others
2021-10-13,OFSS, EQ, 13-Oct-2021,4737.45,4780.0,4781.4,4700.0,4752.4,4743.8,4728.24,97935,4630.6,14542,42753,43.65,Others
2021-10-14,OFSS, EQ, 14-Oct-2021,4743.8,4799.6,4897.7,4711.65,4764.0,4777.7,4789.97,437602,20961.0,43020,191932,43.86,Others
2021-10-18,OFSS, EQ, 18-Oct-2021,4777.7,4777.1,4826.45,4713.6,4730.9,4729.45,4764.99,88730,4227.97,14302,41640,46.93,Others
2021-10-19,OFSS, EQ, 19-Oct-2021,4729.45,4760.0,5145.0,4744.9,4920.0,4944.0,4980.29,1105420,55053.14,110722,336342,30.43,Others
2021-10-20,OFSS, EQ, 20-Oct-2021,4944.0,4949.9,4977.0,4666.55,4693.0,4684.5,4786.38,315975,15123.76,41999,128192,40.57,Others
2021-10-21,OFSS, EQ, 21-Oct-2021,4684.5,4735.0,4735.0,4505.5,4550.0,4544.4,4570.4,318021,14534.84,33654,157601,49.56,Others
2021-10-22,OFSS, EQ, 22-Oct-2021,4544.4,4540.0,4680.4,4491.05,4545.0,4548.8,4573.75,147504,6746.46,21183,59434,40.29,Others
2021-10-25,OFSS, EQ, 25-Oct-2021,4548.8,4593.3,4593.3,4339.45,4448.0,4450.75,4426.98,154946,6859.44,18277,55248,35.66,Others
2021-10-26,OFSS, EQ, 26-Oct-2021,4450.75,4465.0,4625.0,4455.45,4539.0,4544.35,4542.82,102115,4638.9,14835,27024,26.46,Others
2021-10-27,OFSS, EQ, 27-Oct-2021,4544.35,4570.0,4714.0,4505.45,4651.25,4663.5,4628.07,164552,7615.58,19195,59181,35.96,Others
2021-10-28,OFSS, EQ, 28-Oct-2021,4663.5,4485.0,4568.6,4258.05,4410.0,4431.05,4409.04,533554,23524.63,63135,170903,32.03,Others
2021-10-29,OFSS, EQ, 29-Oct-2021,4431.05,4438.0,4487.75,4361.0,4405.0,4424.5,4430.77,161515,7156.36,20386,63391,39.25,Others
2021-11-01,OFSS, EQ, 01-Nov-2021,4424.5,4485.0,4485.0,4350.0,4414.0,4409.4,4418.28,80040,3536.39,9631,27301,34.11,Others
2021-11-02,OFSS, EQ, 02-Nov-2021,4409.4,4447.1,4478.35,4380.0,4396.2,4402.25,4413.01,129909,5732.9,19442,70155,54.0,Others
2021-11-03,OFSS, EQ, 03-Nov-2021,4402.25,4427.95,4437.0,4380.0,4410.0,4409.55,4408.39,85117,3752.29,7751,43819,51.48,Others
2021-11-08,OFSS, EQ, 08-Nov-2021,4427.05,4400.0,4543.25,4400.0,4477.0,4477.5,4463.38,91560,4086.67,11156,46483,50.77,Others
2021-11-09,OFSS, EQ, 09-Nov-2021,4477.5,4480.0,4540.0,4425.1,4430.0,4440.35,4460.3,49611,2212.8,8430,26600,53.62,Others
2021-11-10,OFSS, EQ, 10-Nov-2021,4440.35,4438.0,4515.0,4404.95,4485.45,4490.15,4478.61,133754,5990.32,29007,86475,64.65,Others
2021-11-11,OFSS, EQ, 11-Nov-2021,4490.15,4478.7,4494.5,4450.4,4469.95,4465.75,4465.22,84528,3774.36,10108,59190,70.02,Others
2021-11-12,OFSS, EQ, 12-Nov-2021,4465.75,4425.25,4513.1,4425.25,4443.0,4450.3,4461.49,98135,4378.28,13212,60481,61.63,Others
2021-11-15,OFSS, EQ, 15-Nov-2021,4450.3,4460.0,4477.0,4435.55,4463.7,4456.7,4459.28,52209,2328.15,8449,26904,51.53,Others
2021-11-16,OFSS, EQ, 16-Nov-2021,4456.7,4482.95,4507.6,4450.55,4452.15,4466.6,4482.0,94444,4232.98,11309,49701,52.62,Others
2021-11-17,OFSS, EQ, 17-Nov-2021,4466.6,4469.95,4529.8,4454.35,4478.0,4476.35,4490.08,56975,2558.22,10557,16236,28.5,Others
2021-11-18,OFSS, EQ, 18-Nov-2021,4476.35,4495.0,4500.0,4315.0,4360.65,4375.7,4383.46,123300,5404.8,12177,59826,48.52,Others
2021-11-22,OFSS, EQ, 22-Nov-2021,4375.7,4360.0,4413.95,4199.0,4258.0,4247.65,4277.24,100904,4315.91,15925,41897,41.52,Others
2021-11-23,OFSS, EQ, 23-Nov-2021,4247.65,4239.95,4275.0,4144.0,4234.1,4240.7,4234.5,78585,3327.68,13381,31404,39.96,Others
2021-11-24,OFSS, EQ, 24-Nov-2021,4240.7,4250.05,4288.0,4120.95,4142.9,4159.4,4198.61,81572,3424.89,14679,34381,42.15,Others
2021-11-25,OFSS, EQ, 25-Nov-2021,4159.4,4174.85,4209.25,4131.2,4189.0,4180.65,4174.06,73837,3082.0,12983,28033,37.97,Others
2021-11-26,OFSS, EQ, 26-Nov-2021,4180.65,4176.0,4225.0,4105.75,4175.0,4181.8,4181.35,116337,4864.46,18372,56930,48.94,Others
2021-11-29,OFSS, EQ, 29-Nov-2021,4181.8,4127.0,4250.0,4055.0,4194.4,4209.55,4175.0,158414,6613.79,20529,53537,33.8,Others
2021-11-30,OFSS, EQ, 30-Nov-2021,4209.55,4200.0,4267.9,4188.95,4224.0,4235.2,4235.65,96075,4069.4,14906,48830,50.82,Others
2021-12-01,OFSS, EQ, 01-Dec-2021,4235.2,4235.1,4259.9,4125.05,4131.5,4134.6,4176.72,72456,3026.28,11795,36787,50.77,Others
2021-12-02,OFSS, EQ, 02-Dec-2021,4134.6,4138.0,4207.55,4135.05,4187.65,4186.45,4175.54,40469,1689.8,6292,17405,43.01,Others
2021-12-03,OFSS, EQ, 03-Dec-2021,4186.45,4185.0,4223.8,4144.25,4165.0,4158.05,4180.23,77115,3223.59,9560,42817,55.52,Others
2021-12-06,OFSS, EQ, 06-Dec-2021,4158.05,4183.0,4190.0,4094.7,4110.45,4104.75,4146.3,39760,1648.57,5693,24143,60.72,Others
2021-12-07,OFSS, EQ, 07-Dec-2021,4104.75,4130.0,4202.1,4114.05,4164.0,4171.8,4161.31,64232,2672.9,7279,39577,61.62,Others
2021-12-08,OFSS, EQ, 08-Dec-2021,4171.8,4189.0,4267.0,4187.55,4222.05,4227.35,4235.64,36850,1560.83,5690,11606,31.5,Others
2021-12-09,OFSS, EQ, 09-Dec-2021,4227.35,4260.0,4271.3,4205.05,4229.0,4224.4,4227.43,52465,2217.92,7493,24523,46.74,Others
2021-12-10,OFSS, EQ, 10-Dec-2021,4224.4,4239.0,4375.0,4236.05,4304.75,4307.4,4309.6,135380,5834.34,15181,36042,26.62,Others
2021-12-13,OFSS, EQ, 13-Dec-2021,4307.4,4400.0,4400.0,4271.35,4305.0,4288.85,4343.14,106583,4629.05,11766,54169,50.82,Others
2021-12-14,OFSS, EQ, 14-Dec-2021,4288.85,4274.0,4329.8,4250.2,4320.0,4298.35,4288.61,152238,6528.89,15792,55474,36.44,Others
2021-12-15,OFSS, EQ, 15-Dec-2021,4298.35,4298.5,4329.9,4163.4,4181.0,4184.6,4224.64,56435,2384.18,7110,26798,47.48,Others
2021-12-16,OFSS, EQ, 16-Dec-2021,4184.6,4200.0,4228.0,4172.25,4196.0,4188.9,4198.84,55514,2330.94,8853,30138,54.29,Others
2021-12-17,OFSS, EQ, 17-Dec-2021,4188.9,4214.4,4225.15,4108.05,4119.0,4131.75,4167.62,108030,4502.28,13415,53594,49.61,Others
2021-12-20,OFSS, EQ, 20-Dec-2021,4131.75,4121.0,4121.0,3908.0,3973.5,3980.7,4001.41,77115,3085.69,13143,31997,41.49,Others
2021-12-21,OFSS, EQ, 21-Dec-2021,3980.7,4000.0,4079.55,4000.0,4020.25,4028.95,4045.54,37798,1529.13,6992,17252,45.64,Others
2021-12-22,OFSS, EQ, 22-Dec-2021,4028.95,4060.0,4067.9,3979.8,4000.0,3995.8,4012.4,55108,2211.15,7942,31297,56.79,Others
2021-12-23,OFSS, EQ, 23-Dec-2021,3995.8,3995.8,4029.85,3980.5,3995.0,3993.7,4001.29,81378,3256.17,7175,51690,63.52,Others
2021-12-24,OFSS, EQ, 24-Dec-2021,3993.7,4013.55,4020.0,3888.0,3892.0,3905.65,3939.24,93348,3677.21,11992,55942,59.93,Others
2021-12-27,OFSS, EQ, 27-Dec-2021,3905.65,3909.9,3935.95,3817.0,3916.05,3920.65,3903.65,129840,5068.49,10324,67871,52.27,Others
2021-12-28,OFSS, EQ, 28-Dec-2021,3920.65,3935.95,3973.9,3935.0,3965.05,3961.8,3953.43,78311,3095.97,5862,47955,61.24,Others
2021-12-29,OFSS, EQ, 29-Dec-2021,3961.8,3975.0,3992.85,3921.25,3933.95,3936.8,3961.48,93844,3717.62,7749,48874,52.08,Others
2021-12-30,OFSS, EQ, 30-Dec-2021,3936.8,3960.0,3976.8,3930.85,3960.1,3956.2,3959.08,60421,2392.12,6226,27413,45.37,Others
2021-12-31,OFSS, EQ, 31-Dec-2021,3956.2,3948.0,4015.0,3948.0,3965.0,3961.2,3984.01,102073,4066.6,9966,51783,50.73,Others
2022-01-03,OFSS, EQ, 03-Jan-2022,3961.2,3965.0,4030.95,3965.0,4024.0,4020.85,4012.03,79157,3175.8,7224,46814,59.14,Others
2022-01-04,OFSS, EQ, 04-Jan-2022,4020.85,4029.85,4099.5,4005.45,4098.0,4085.45,4065.6,121982,4959.3,14966,52711,43.21,Others
2022-01-05,OFSS, EQ, 05-Jan-2022,4085.45,4103.5,4129.1,4030.0,4043.0,4043.7,4056.3,91269,3702.14,11569,47484,52.03,Others
2022-01-06,OFSS, EQ, 06-Jan-2022,4043.7,4030.0,4039.85,3976.75,4010.0,4010.8,4006.46,42911,1719.21,7561,20091,46.82,Others
2022-01-07,OFSS, EQ, 07-Jan-2022,4010.8,4013.0,4056.3,3975.75,3993.0,4000.3,4015.62,39877,1601.31,7988,15454,38.75,Others
2022-01-10,OFSS, EQ, 10-Jan-2022,4000.3,4040.1,4114.9,3972.4,4075.0,4084.75,4065.13,106736,4338.95,14003,42819,40.12,Others
2022-01-11,OFSS, EQ, 11-Jan-2022,4084.75,4088.0,4157.0,4057.9,4152.0,4142.5,4128.31,110401,4557.69,11492,50506,45.75,Others
2022-01-12,OFSS, EQ, 12-Jan-2022,4142.5,4190.0,4215.65,4143.0,4193.45,4198.15,4190.4,119184,4994.29,12299,53250,44.68,Others
2022-01-13,OFSS, EQ, 13-Jan-2022,4198.15,4225.0,4230.0,4107.65,4151.4,4155.5,4150.36,79394,3295.14,11621,30192,38.03,Others
2022-01-14,OFSS, EQ, 14-Jan-2022,4155.5,4167.65,4167.65,4090.0,4095.0,4098.0,4111.49,52848,2172.84,7567,20030,37.9,Others
2022-01-17,OFSS, EQ, 17-Jan-2022,4098.0,4100.0,4124.8,4063.25,4069.0,4073.65,4079.13,63285,2581.48,7954,41874,66.17,Others
2022-01-18,OFSS, EQ, 18-Jan-2022,4073.65,4069.15,4105.7,3965.0,3986.7,3979.05,4022.15,86962,3497.74,13503,51230,58.91,Others
2022-01-19,OFSS, EQ, 19-Jan-2022,3979.05,3975.0,4052.75,3948.4,4002.0,3996.15,3988.03,92557,3691.2,17114,43137,46.61,Others
2022-01-20,OFSS, EQ, 20-Jan-2022,3996.15,3850.0,3896.75,3691.75,3700.0,3698.65,3742.25,523089,19575.31,57163,243113,46.48,Others
2022-01-21,OFSS, EQ, 21-Jan-2022,3698.65,3695.0,3749.9,3660.0,3674.0,3674.15,3698.59,186782,6908.3,20274,79837,42.74,Others
2022-01-24,OFSS, EQ, 24-Jan-2022,3674.15,3695.5,3695.5,3471.0,3520.0,3508.65,3539.49,241332,8541.93,28468,137512,56.98,Others
2022-01-25,OFSS, EQ, 25-Jan-2022,3508.65,3515.0,3517.0,3411.2,3484.0,3483.8,3480.0,197396,6869.37,23890,110592,56.03,Others
2022-01-27,OFSS, EQ, 27-Jan-2022,3483.8,3450.05,3475.0,3346.4,3424.0,3419.55,3392.55,182500,6191.41,22772,99133,54.32,Others
2022-01-28,OFSS, EQ, 28-Jan-2022,3419.55,3460.0,3508.0,3390.1,3410.45,3414.2,3418.69,326583,11164.87,21396,176679,54.1,Others
2022-01-31,OFSS, EQ, 31-Jan-2022,3414.2,3463.95,3535.9,3437.45,3510.8,3515.25,3492.33,150517,5256.56,14913,78197,51.95,Others
2022-02-01,OFSS, EQ, 01-Feb-2022,3515.25,3564.4,3584.85,3515.3,3560.4,3571.5,3549.66,87745,3114.65,13772,29073,33.13,Others
2022-02-02,OFSS, EQ, 02-Feb-2022,3571.5,3589.0,3760.0,3562.9,3741.75,3742.35,3694.29,255051,9422.31,30780,85588,33.56,Others
2022-02-03,OFSS, EQ, 03-Feb-2022,3742.35,3742.35,3834.0,3620.0,3701.0,3713.35,3773.09,217010,8187.99,24687,73210,33.74,Others
2022-02-04,OFSS, EQ, 04-Feb-2022,3713.35,3700.0,3731.9,3611.2,3620.0,3625.25,3662.66,118473,4339.26,18508,43945,37.09,Others
2022-02-07,OFSS, EQ, 07-Feb-2022,3625.25,3625.0,3670.0,3556.05,3590.05,3590.4,3592.17,89772,3224.76,12432,32767,36.5,Others
2022-02-08,OFSS, EQ, 08-Feb-2022,3590.4,3618.55,3624.0,3511.0,3585.9,3587.75,3562.55,98169,3497.32,16482,40123,40.87,Others
2022-02-09,OFSS, EQ, 09-Feb-2022,3587.75,3585.75,3755.0,3580.15,3750.0,3723.6,3683.97,114845,4230.85,17172,45189,39.35,Others
2022-02-10,OFSS, EQ, 10-Feb-2022,3723.6,3760.0,3790.0,3686.25,3704.45,3709.55,3725.38,174699,6508.21,17939,81383,46.58,Others
2022-02-11,OFSS, EQ, 11-Feb-2022,3709.55,3671.0,3704.85,3622.0,3667.0,3671.85,3668.87,69983,2567.59,11260,29235,41.77,Others
2022-02-14,OFSS, EQ, 14-Feb-2022,3671.85,3600.05,3647.85,3505.0,3517.95,3520.4,3587.57,74736,2681.21,9356,26354,35.26,Others
2022-02-15,OFSS, EQ, 15-Feb-2022,3520.4,3559.0,3714.0,3513.7,3686.0,3684.4,3633.42,113018,4106.41,13651,32769,28.99,Others
2022-02-16,OFSS, EQ, 16-Feb-2022,3684.4,3686.0,3731.6,3652.0,3660.0,3671.9,3693.36,49341,1822.34,7317,17534,35.54,Others
2022-02-17,OFSS, EQ, 17-Feb-2022,3671.9,3685.0,3691.2,3585.0,3591.0,3610.65,3627.14,40528,1470.01,5459,13753,33.93,Others
2022-02-18,OFSS, EQ, 18-Feb-2022,3610.65,3588.7,3645.25,3577.0,3598.2,3602.45,3614.45,39396,1423.95,4966,14026,35.6,Others
2022-02-21,OFSS, EQ, 21-Feb-2022,3602.45,3599.9,3602.45,3513.3,3523.65,3525.75,3550.64,39843,1414.68,7106,15195,38.14,Others
2022-02-22,OFSS, EQ, 22-Feb-2022,3525.75,3500.1,3525.75,3382.6,3466.25,3474.55,3453.04,85029,2936.09,12983,34217,40.24,Others
2022-02-23,OFSS, EQ, 23-Feb-2022,3474.55,3474.55,3543.7,3461.55,3507.1,3513.25,3512.08,49314,1731.95,6173,19996,40.55,Others
2022-02-24,OFSS, EQ, 24-Feb-2022,3513.25,3440.0,3440.0,3306.0,3340.0,3329.6,3371.59,111434,3757.1,14141,50591,45.4,Others
2022-02-25,OFSS, EQ, 25-Feb-2022,3329.6,3385.0,3492.9,3375.55,3414.5,3409.3,3420.51,80980,2769.93,10098,39540,48.83,Others
2022-02-28,OFSS, EQ, 28-Feb-2022,3409.3,3409.3,3427.9,3350.0,3396.95,3389.55,3392.91,71307,2419.38,7909,38386,53.83,Others
2022-03-02,OFSS, EQ, 02-Mar-2022,3389.55,3389.7,3424.0,3350.1,3380.0,3370.05,3378.66,63625,2149.67,11429,29188,45.88,Others
2022-03-03,OFSS, EQ, 03-Mar-2022,3370.05,3410.0,3437.05,3362.75,3381.3,3380.55,3402.53,61376,2088.34,9690,26241,42.75,Others
2022-03-04,OFSS, EQ, 04-Mar-2022,3380.55,3364.0,3403.75,3327.4,3350.05,3346.1,3356.79,48268,1620.25,8057,20419,42.3,Others
2022-03-07,OFSS, EQ, 07-Mar-2022,3346.1,3340.0,3382.95,3272.35,3350.75,3351.9,3338.65,79976,2670.12,11653,36062,45.09,Others
2022-03-08,OFSS, EQ, 08-Mar-2022,3351.9,3376.0,3447.95,3341.0,3430.55,3427.5,3389.31,71432,2421.05,9581,35453,49.63,Others
2022-03-09,OFSS, EQ, 09-Mar-2022,3427.5,3449.95,3469.0,3410.25,3427.0,3421.05,3438.24,57674,1982.97,8553,29675,51.45,Others
2022-03-10,OFSS, EQ, 10-Mar-2022,3421.05,3459.85,3511.0,3411.0,3460.0,3470.8,3465.63,97853,3391.23,11627,44012,44.98,Others
2022-03-11,OFSS, EQ, 11-Mar-2022,3470.8,3471.0,3512.0,3438.0,3469.0,3468.55,3483.13,131900,4594.25,8541,97859,74.19,Others
2022-03-14,OFSS, EQ, 14-Mar-2022,3468.55,3470.0,3539.0,3460.0,3515.4,3523.7,3505.88,74228,2602.35,9071,41967,56.54,Others
2022-03-15,OFSS, EQ, 15-Mar-2022,3523.7,3545.0,3547.0,3442.0,3455.0,3456.4,3472.02,54540,1893.64,8240,26096,47.85,Others
2022-03-16,OFSS, EQ, 16-Mar-2022,3456.4,3483.0,3544.45,3460.85,3535.95,3533.3,3504.41,83723,2934.0,11752,55785,66.63,Others
2022-03-17,OFSS, EQ, 17-Mar-2022,3533.3,3570.0,3572.3,3502.0,3572.3,3553.55,3538.86,114134,4039.04,12384,77068,67.52,Others
2022-03-21,OFSS, EQ, 21-Mar-2022,3553.55,3572.0,3595.0,3535.0,3547.95,3545.3,3547.41,49645,1761.11,7706,30710,61.86,Others
2022-03-22,OFSS, EQ, 22-Mar-2022,3545.3,3549.0,3610.2,3538.55,3600.0,3597.3,3577.98,129177,4621.92,8608,81525,63.11,Others
2022-03-23,OFSS, EQ, 23-Mar-2022,3597.3,3609.0,3662.35,3551.05,3574.85,3559.6,3619.71,118421,4286.5,12009,69149,58.39,Others
2022-03-24,OFSS, EQ, 24-Mar-2022,3559.6,3560.0,3637.0,3560.0,3625.9,3628.1,3602.65,80582,2903.09,15358,45449,56.4,Others
2022-03-25,OFSS, EQ, 25-Mar-2022,3628.1,3640.0,3647.2,3561.05,3588.1,3580.9,3594.18,91414,3285.59,9383,43912,48.04,Others
2022-03-28,OFSS, EQ, 28-Mar-2022,3580.9,3580.9,3598.9,3488.0,3508.0,3501.35,3524.71,109741,3868.05,11139,45519,41.48,Others
2022-03-29,OFSS, EQ, 29-Mar-2022,3501.35,3529.95,3543.95,3475.1,3484.2,3482.35,3495.51,92908,3247.61,11358,62619,67.4,Others
2022-03-30,OFSS, EQ, 30-Mar-2022,3482.35,3552.35,3562.5,3490.0,3547.0,3551.75,3531.63,99049,3498.05,16849,51426,51.92,Others
2022-03-31,OFSS, EQ, 31-Mar-2022,3551.75,3559.0,3602.1,3551.75,3574.75,3587.75,3575.19,73869,2640.96,7596,44658,60.46,Others
2022-04-01,OFSS, EQ, 01-Apr-2022,3587.75,3580.0,3663.95,3575.0,3590.0,3587.55,3616.93,103160,3731.22,10897,62470,60.56,Others
2022-04-04,OFSS, EQ, 04-Apr-2022,3587.55,3619.0,3704.6,3593.5,3666.8,3668.85,3650.24,106382,3883.2,10826,57204,53.77,Others
2022-04-05,OFSS, EQ, 05-Apr-2022,3668.85,3700.0,3720.0,3654.6,3674.0,3676.55,3684.3,57256,2109.48,7846,27144,47.41,Others
2022-04-06,OFSS, EQ, 06-Apr-2022,3676.55,3670.0,3709.0,3635.45,3685.0,3685.05,3677.34,48463,1782.15,7282,24888,51.35,Others
2022-04-07,OFSS, EQ, 07-Apr-2022,3685.05,3688.9,3750.0,3677.4,3710.0,3709.6,3722.05,124440,4631.72,15915,71366,57.35,Others
2022-04-08,OFSS, EQ, 08-Apr-2022,3709.6,3710.0,3733.85,3690.0,3704.0,3700.2,3708.25,69148,2564.18,7690,45441,65.72,Others
2022-04-11,OFSS, EQ, 11-Apr-2022,3700.2,3702.0,3717.05,3675.0,3687.0,3692.1,3693.82,45065,1664.62,7317,23131,51.33,Others
2022-04-12,OFSS, EQ, 12-Apr-2022,3692.1,3699.0,3702.0,3595.0,3598.0,3603.5,3635.68,80560,2928.91,9338,50428,62.6,Others
2022-04-13,OFSS, EQ, 13-Apr-2022,3603.5,3625.0,3632.2,3559.0,3569.55,3568.15,3593.28,38516,1383.99,6279,15340,39.83,Others
2022-04-18,OFSS, EQ, 18-Apr-2022,3568.15,3500.05,3615.55,3500.05,3600.0,3587.15,3550.64,67614,2400.73,8607,29737,43.98,Others
2022-04-19,OFSS, EQ, 19-Apr-2022,3587.15,3611.0,3649.8,3510.0,3525.0,3565.35,3599.42,78505,2825.72,7774,51126,65.12,Others
2022-04-20,OFSS, EQ, 20-Apr-2022,3565.35,3569.0,3584.1,3510.15,3520.0,3518.5,3536.98,31572,1116.69,4920,12072,38.24,Others
2022-04-21,OFSS, EQ, 21-Apr-2022,3518.5,3520.2,3555.95,3520.2,3540.0,3532.95,3537.12,26777,947.13,3515,13204,49.31,Others
2022-04-22,OFSS, EQ, 22-Apr-2022,3532.95,3534.9,3544.9,3480.0,3489.85,3485.65,3513.22,42995,1510.51,5109,20236,47.07,Others
2022-04-25,OFSS, EQ, 25-Apr-2022,3485.65,3480.0,3501.35,3411.0,3467.0,3483.45,3463.15,110774,3836.27,10792,65371,59.01,Others
2022-04-26,OFSS, EQ, 26-Apr-2022,3483.45,3509.95,3559.4,3509.95,3539.0,3546.0,3532.3,59907,2116.09,5503,38391,64.08,Others
2022-04-27,OFSS, EQ, 27-Apr-2022,3546.0,3538.2,3560.0,3490.05,3500.0,3504.0,3513.72,72240,2538.31,8538,46825,64.82,Others
2022-04-28,OFSS, EQ, 28-Apr-2022,3504.0,3510.0,3547.2,3486.7,3540.0,3526.75,3515.23,52029,1828.94,6302,22443,43.14,Others
2022-04-29,OFSS, EQ, 29-Apr-2022,3526.75,3530.0,3584.85,3528.05,3584.0,3561.25,3558.03,41186,1465.41,5413,24706,59.99,Others
2022-05-02,OFSS, EQ, 02-May-2022,3561.25,3540.0,3557.05,3487.5,3514.0,3503.55,3510.49,47471,1666.46,8803,23120,48.7,Others
2022-05-04,OFSS, EQ, 04-May-2022,3503.55,3501.05,3543.85,3399.0,3427.0,3431.25,3475.18,66527,2311.93,7607,33314,50.08,Others
2022-05-05,OFSS, EQ, 05-May-2022,3431.25,3478.35,3528.0,3430.45,3490.5,3489.2,3482.8,143921,5012.48,13433,68087,47.31,Others
2022-05-06,OFSS, EQ, 06-May-2022,3489.2,3450.0,3544.9,3430.0,3520.0,3517.1,3485.33,147407,5137.62,16240,67440,45.75,Others
2022-05-09,OFSS, EQ, 09-May-2022,3517.1,3517.0,3649.0,3456.75,3577.0,3563.95,3576.85,201931,7222.78,19381,64892,32.14,Others
2022-05-10,OFSS, EQ, 10-May-2022,3563.95,3585.0,3623.95,3550.0,3570.0,3571.3,3583.43,120733,4326.38,12753,70627,58.5,Others
2022-05-11,OFSS, EQ, 11-May-2022,3571.3,3605.0,3605.0,3485.0,3555.0,3534.95,3532.95,139456,4926.91,14568,79700,57.15,Others
2022-05-12,OFSS, EQ, 12-May-2022,3534.95,3500.55,3545.55,3470.15,3501.95,3500.1,3514.38,125825,4421.97,16427,64339,51.13,Others
2022-05-13,OFSS, EQ, 13-May-2022,3500.1,3394.7,3395.0,3220.0,3240.0,3230.7,3269.82,259290,8478.31,30804,104073,40.14,Others
2022-05-16,OFSS, EQ, 16-May-2022,3230.7,3279.9,3279.9,3101.0,3165.0,3151.95,3147.75,151483,4768.3,21872,43813,28.92,Others
2022-05-17,OFSS, EQ, 17-May-2022,3151.95,3193.0,3280.0,3135.8,3274.0,3267.0,3224.77,81976,2643.54,11017,29054,35.44,Others
2022-05-18,OFSS, EQ, 18-May-2022,3267.0,3267.1,3336.1,3215.0,3220.0,3223.5,3266.47,88759,2899.29,10648,45505,51.27,Others
2022-05-19,OFSS, EQ, 19-May-2022,3223.5,3170.0,3177.5,3080.0,3092.0,3091.1,3120.78,79353,2476.43,11697,42031,52.97,Others
2022-05-20,OFSS, EQ, 20-May-2022,3091.1,3126.0,3229.65,3111.0,3224.0,3217.45,3166.69,64394,2039.16,8036,25204,39.14,Others
2022-05-23,OFSS, EQ, 23-May-2022,3217.45,3224.0,3275.0,3204.55,3221.1,3223.85,3237.24,46212,1495.99,6624,18241,39.47,Others
2022-05-24,OFSS, EQ, 24-May-2022,3223.85,3238.95,3238.95,3151.15,3170.0,3175.35,3181.45,37132,1181.34,5436,15794,42.53,Others
2022-05-25,OFSS, EQ, 25-May-2022,3175.35,3151.0,3179.95,3066.0,3089.8,3082.95,3103.52,80312,2492.5,10876,50613,63.02,Others
2022-05-26,OFSS, EQ, 26-May-2022,3082.95,3118.95,3122.8,3017.6,3120.0,3096.65,3068.04,57140,1753.08,9778,21377,37.41,Others
2022-05-27,OFSS, EQ, 27-May-2022,3096.65,3150.0,3188.95,3113.0,3185.0,3171.35,3145.26,45155,1420.24,6077,19208,42.54,Others
2022-05-30,OFSS, EQ, 30-May-2022,3171.35,3185.5,3299.95,3185.5,3298.0,3286.05,3267.97,43495,1421.4,7988,20707,47.61,Others
2022-05-31,OFSS, EQ, 31-May-2022,3286.05,3305.0,3309.0,3265.95,3298.1,3293.85,3287.63,105704,3475.16,10832,70386,66.59,Others
2022-06-01,OFSS, EQ, 01-Jun-2022,3293.85,3307.45,3359.9,3270.05,3285.0,3284.35,3328.51,98099,3265.23,10791,50064,51.03,Others
2022-06-02,OFSS, EQ, 02-Jun-2022,3284.35,3299.75,3339.0,3273.9,3308.0,3318.0,3307.34,42896,1418.72,6243,15437,35.99,Others
2022-06-03,OFSS, EQ, 03-Jun-2022,3318.0,3359.95,3394.4,3267.75,3280.0,3283.7,3348.81,59291,1985.54,7256,15597,26.31,Others
2022-06-06,OFSS, EQ, 06-Jun-2022,3283.7,3297.0,3307.0,3222.0,3290.0,3288.25,3261.93,44612,1455.21,7549,13376,29.98,Others
2022-06-07,OFSS, EQ, 07-Jun-2022,3288.25,3270.0,3307.0,3232.25,3280.0,3280.1,3262.41,45245,1476.08,5062,23026,50.89,Others
2022-06-08,OFSS, EQ, 08-Jun-2022,3280.1,3309.75,3309.75,3225.0,3232.0,3240.85,3259.21,52567,1713.27,7489,24530,46.66,Others
2022-06-09,OFSS, EQ, 09-Jun-2022,3240.85,3235.9,3246.95,3194.55,3203.0,3208.45,3212.69,61587,1978.6,8218,34804,56.51,Others
2022-06-10,OFSS, EQ, 10-Jun-2022,3208.45,3190.25,3195.0,3131.0,3175.3,3176.55,3162.99,84560,2674.63,15424,41572,49.16,Others
2022-06-13,OFSS, EQ, 13-Jun-2022,3176.55,3110.0,3141.55,3065.5,3086.0,3075.85,3108.21,68591,2131.95,9203,37895,55.25,Others
2022-06-14,OFSS, EQ, 14-Jun-2022,3075.85,3082.5,3200.0,3048.35,3055.0,3060.15,3098.93,76300,2364.48,8549,40468,53.04,Others
2022-06-15,OFSS, EQ, 15-Jun-2022,3060.15,3089.9,3114.65,3075.0,3075.05,3084.1,3098.36,57478,1780.87,5479,30057,52.29,Others
2022-06-16,OFSS, EQ, 16-Jun-2022,3084.1,3119.95,3134.9,3020.0,3025.0,3025.2,3065.17,62985,1930.6,8895,31057,49.31,Others
2022-06-17,OFSS, EQ, 17-Jun-2022,3025.2,3024.95,3024.95,2950.0,2991.0,2991.65,2981.99,77717,2317.51,10068,46276,59.54,Others
2022-06-20,OFSS, EQ, 20-Jun-2022,2991.65,3033.0,3033.0,2957.4,2984.4,2989.1,2984.31,61270,1828.49,8787,28754,46.93,Others
2022-06-21,OFSS, EQ, 21-Jun-2022,2989.1,3011.0,3120.0,3005.15,3110.0,3102.1,3073.1,56267,1729.14,11890,24534,43.6,Others
2022-06-22,OFSS, EQ, 22-Jun-2022,3102.1,3075.0,3106.3,3028.35,3037.15,3035.6,3062.28,62663,1918.92,6930,37387,59.66,Others
2022-06-23,OFSS, EQ, 23-Jun-2022,3035.6,3042.65,3119.0,3041.15,3111.0,3098.55,3070.72,47978,1473.27,9535,14687,30.61,Others
2022-06-24,OFSS, EQ, 24-Jun-2022,3098.55,3140.0,3147.7,3098.75,3121.25,3121.35,3127.12,73362,2294.12,10242,31334,42.71,Others
2022-06-27,OFSS, EQ, 27-Jun-2022,3121.35,3160.0,3200.3,3147.25,3158.6,3157.1,3173.62,88214,2799.58,8388,45800,51.92,Others
2022-06-28,OFSS, EQ, 28-Jun-2022,3157.1,3139.0,3151.95,3111.05,3129.0,3134.55,3129.18,111940,3502.8,16801,60993,54.49,Others
2022-06-29,OFSS, EQ, 29-Jun-2022,3134.55,3110.0,3159.9,3108.0,3125.0,3135.85,3141.59,77347,2429.93,7359,46926,60.67,Others
2022-06-30,OFSS, EQ, 30-Jun-2022,3135.85,3135.0,3152.15,3083.0,3110.0,3098.3,3112.56,61852,1925.18,7335,35421,57.27,Others
2022-07-01,OFSS, EQ, 01-Jul-2022,3098.3,3090.25,3123.9,3044.25,3064.05,3059.15,3060.92,61691,1888.31,5360,40800,66.14,Others
2022-07-04,OFSS, EQ, 04-Jul-2022,3059.15,3075.0,3075.25,3021.55,3048.0,3046.9,3043.07,28635,871.38,5248,16373,57.18,Others
2022-07-05,OFSS, EQ, 05-Jul-2022,3046.9,3062.9,3081.55,3039.6,3055.0,3051.45,3059.49,58897,1801.95,6896,41159,69.88,Others
2022-07-06,OFSS, EQ, 06-Jul-2022,3051.45,3052.0,3110.55,3042.8,3107.95,3095.0,3061.21,46283,1416.82,6325,28443,61.45,Others
2022-07-07,OFSS, EQ, 07-Jul-2022,3095.0,3110.0,3178.0,3100.4,3135.0,3134.75,3143.0,50719,1594.1,8568,20613,40.64,Others
2022-07-08,OFSS, EQ, 08-Jul-2022,3134.75,3135.05,3220.0,3135.05,3214.95,3204.05,3196.22,84113,2688.44,19215,30048,35.72,Others
2022-07-11,OFSS, EQ, 11-Jul-2022,3204.05,3182.05,3248.7,3164.05,3219.65,3212.25,3205.05,53375,1710.7,9326,20474,38.36,Others
2022-07-12,OFSS, EQ, 12-Jul-2022,3212.25,3199.8,3249.0,3153.35,3156.0,3160.8,3196.2,70484,2252.81,11211,38846,55.11,Others
2022-07-13,OFSS, EQ, 13-Jul-2022,3160.8,3160.0,3216.95,3146.05,3198.0,3200.75,3189.48,47687,1520.97,7710,19566,41.03,Others
2022-07-14,OFSS, EQ, 14-Jul-2022,3200.75,3208.65,3214.0,3150.0,3187.25,3171.4,3185.0,42210,1344.39,7847,22603,53.55,Others
2022-07-15,OFSS, EQ, 15-Jul-2022,3171.4,3171.4,3196.6,3109.05,3120.0,3119.05,3128.93,41657,1303.42,5405,28343,68.04,Others
2022-07-18,OFSS, EQ, 18-Jul-2022,3119.05,3138.65,3213.45,3130.1,3208.5,3206.25,3185.54,69415,2211.24,8462,32752,47.18,Others
2022-07-19,OFSS, EQ, 19-Jul-2022,3206.25,3215.0,3268.2,3200.0,3239.9,3236.0,3233.93,88982,2877.61,14387,34996,39.33,Others
2022-07-20,OFSS, EQ, 20-Jul-2022,3236.0,3275.0,3276.0,3233.7,3251.0,3258.8,3256.65,117834,3837.45,15642,53057,45.03,Others
2022-07-21,OFSS, EQ, 21-Jul-2022,3258.8,3275.0,3277.75,3171.6,3202.55,3198.1,3219.29,133142,4286.22,16789,48858,36.7,Others
2022-07-22,OFSS, EQ, 22-Jul-2022,3198.1,3214.9,3244.6,3187.7,3231.55,3233.4,3225.84,94180,3038.1,6887,63513,67.44,Others
2022-07-25,OFSS, EQ, 25-Jul-2022,3233.4,3234.35,3253.35,3213.1,3230.0,3228.45,3234.25,60053,1942.27,7739,28374,47.25,Others
2022-07-26,OFSS, EQ, 26-Jul-2022,3228.45,3225.0,3243.45,3080.0,3094.0,3091.75,3140.65,83574,2624.76,13653,51018,61.05,Others
2022-07-27,OFSS, EQ, 27-Jul-2022,3091.75,3099.0,3100.0,3034.2,3050.0,3050.45,3052.56,145075,4428.5,16024,87545,60.34,Others
2022-07-28,OFSS, EQ, 28-Jul-2022,3050.45,3077.05,3108.65,3066.05,3104.75,3102.6,3086.04,139828,4315.14,18684,86205,61.65,Others
2022-07-29,OFSS, EQ, 29-Jul-2022,3102.6,3123.0,3195.0,3118.75,3146.9,3144.05,3153.16,83924,2646.26,10678,44812,53.4,Others
2022-08-01,OFSS, EQ, 01-Aug-2022,3144.05,3170.0,3190.0,3136.7,3165.75,3160.75,3159.12,90086,2845.93,12346,41907,46.52,Others
2022-08-02,OFSS, EQ, 02-Aug-2022,3160.75,3160.0,3349.4,3150.7,3282.0,3296.4,3264.78,451603,14743.85,40178,160878,35.62,Others
2022-08-03,OFSS, EQ, 03-Aug-2022,3296.4,3296.4,3342.85,3255.1,3319.7,3325.6,3313.05,210211,6964.4,23017,105618,50.24,Others
2022-08-04,OFSS, EQ, 04-Aug-2022,3325.6,3328.0,3363.0,3232.05,3313.0,3319.75,3306.61,125559,4151.75,19365,54962,43.77,Others
2022-08-05,OFSS, EQ, 05-Aug-2022,3319.75,3310.0,3424.95,3295.0,3373.2,3365.85,3377.04,194240,6559.56,22210,84216,43.36,Others
2022-08-10,OFSS, EQ, 10-Aug-2022,3372.45,3378.95,3387.75,3325.2,3332.0,3337.6,3343.52,39199,1310.63,7147,18046,46.04,Others
2022-08-11,OFSS, EQ, 11-Aug-2022,3337.6,3358.2,3419.45,3345.0,3406.0,3408.3,3394.98,99926,3392.46,16145,54241,54.28,Others
2022-08-12,OFSS, EQ, 12-Aug-2022,3408.3,3412.0,3412.0,3356.0,3375.0,3377.7,3375.11,48279,1629.47,8406,25289,52.38,Others
2022-08-16,OFSS, EQ, 16-Aug-2022,3377.7,3399.9,3399.9,3334.95,3352.0,3341.85,3363.46,51581,1734.9,7851,21683,42.04,Others
2022-08-17,OFSS, EQ, 17-Aug-2022,3341.85,3359.3,3389.0,3333.85,3367.0,3371.3,3369.16,55222,1860.52,8789,20415,36.97,Others
2022-08-18,OFSS, EQ, 18-Aug-2022,3371.3,3375.0,3379.9,3326.05,3350.05,3347.7,3346.7,62023,2075.73,11148,30781,49.63,Others
2022-08-19,OFSS, EQ, 19-Aug-2022,3347.7,3351.0,3375.0,3325.1,3339.0,3338.1,3347.92,52683,1763.78,7517,27700,52.58,Others
2022-08-22,OFSS, EQ, 22-Aug-2022,3338.1,3334.9,3334.9,3272.0,3279.85,3288.3,3292.34,53666,1766.87,7831,28225,52.59,Others
2022-08-23,OFSS, EQ, 23-Aug-2022,3288.3,3266.0,3287.25,3246.0,3250.0,3249.15,3256.3,57951,1887.06,7885,39772,68.63,Others
2022-08-24,OFSS, EQ, 24-Aug-2022,3249.15,3250.0,3266.3,3201.0,3240.0,3242.7,3238.36,28565,925.04,5405,10471,36.66,Others
2022-08-25,OFSS, EQ, 25-Aug-2022,3242.7,3259.8,3262.0,3216.0,3225.0,3221.8,3244.23,40800,1323.65,4923,25043,61.38,Others
2022-08-26,OFSS, EQ, 26-Aug-2022,3221.8,3226.9,3259.0,3218.0,3228.8,3229.25,3235.76,53770,1739.87,5431,35007,65.11,Others
2022-08-29,OFSS, EQ, 29-Aug-2022,3229.25,3189.05,3209.9,3140.0,3153.9,3154.15,3177.34,170257,5409.65,10527,80938,47.54,Others
2022-08-30,OFSS, EQ, 30-Aug-2022,3154.15,3167.6,3184.3,3158.5,3174.0,3169.85,3169.79,109110,3458.56,9688,84627,77.56,Others
2022-09-01,OFSS, EQ, 01-Sep-2022,3169.85,3169.0,3178.65,3097.2,3114.0,3104.05,3120.63,111906,3492.17,17101,72150,64.47,Others
2022-09-02,OFSS, EQ, 02-Sep-2022,3104.05,3136.1,3160.0,3116.4,3148.55,3147.7,3141.07,42039,1320.48,6552,20171,47.98,Others
2022-09-05,OFSS, EQ, 05-Sep-2022,3147.7,3148.0,3174.0,3115.0,3116.8,3123.55,3143.26,61418,1930.53,9596,33275,54.18,Others
2022-09-06,OFSS, EQ, 06-Sep-2022,3123.55,3144.0,3144.05,3077.15,3096.0,3091.8,3093.6,102043,3156.8,10709,66259,64.93,Others
2022-09-07,OFSS, EQ, 07-Sep-2022,3091.8,3090.0,3101.8,3064.25,3075.9,3074.65,3077.82,160666,4945.01,12217,116877,72.75,Others
2022-09-08,OFSS, EQ, 08-Sep-2022,3074.65,3092.0,3168.0,3092.0,3143.45,3140.0,3142.39,100885,3170.2,13678,40318,39.96,Others
2022-09-09,OFSS, EQ, 09-Sep-2022,3140.0,3168.0,3190.0,3108.85,3164.45,3171.95,3149.5,103349,3254.97,13367,54293,52.53,Others
2022-09-12,OFSS, EQ, 12-Sep-2022,3171.95,3190.0,3220.0,3180.0,3211.9,3208.5,3205.51,84569,2710.87,11724,40419,47.79,Others
2022-09-13,OFSS, EQ, 13-Sep-2022,3208.5,3238.7,3238.7,3192.7,3211.0,3204.95,3209.08,51166,1641.96,6189,28868,56.42,Others
2022-09-14,OFSS, EQ, 14-Sep-2022,3204.95,3160.0,3175.0,3125.0,3138.9,3140.2,3153.34,92285,2910.06,11436,50910,55.17,Others
2022-09-15,OFSS, EQ, 15-Sep-2022,3140.2,3156.7,3156.7,3096.7,3114.95,3109.7,3116.25,60425,1882.99,8152,34401,56.93,Others
2022-09-16,OFSS, EQ, 16-Sep-2022,3109.7,3115.0,3115.05,3025.0,3042.45,3036.5,3050.77,164868,5029.74,20341,103532,62.8,Others
2022-09-19,OFSS, EQ, 19-Sep-2022,3036.5,3047.9,3057.95,2992.3,2999.95,2999.35,3017.25,104666,3158.04,12413,55125,52.67,Others
2022-09-20,OFSS, EQ, 20-Sep-2022,2999.35,3028.0,3049.0,3010.0,3016.05,3018.7,3035.46,88726,2693.24,10041,54851,61.82,Others
2022-09-21,OFSS, EQ, 21-Sep-2022,3018.7,3025.4,3040.5,3000.05,3013.0,3013.0,3015.14,62697,1890.41,12140,37961,60.55,Others
2022-09-22,OFSS, EQ, 22-Sep-2022,3013.0,3010.0,3030.0,2990.45,3015.0,3010.1,3006.17,48473,1457.18,8872,21187,43.71,Others
2022-09-23,OFSS, EQ, 23-Sep-2022,3010.1,3010.1,3046.0,2987.1,2991.4,2993.7,3008.63,64776,1948.87,11731,28964,44.71,Others
2022-09-26,OFSS, EQ, 26-Sep-2022,2993.7,2993.7,2993.7,2921.15,2964.95,2955.45,2954.56,65619,1938.76,10622,31339,47.76,Others
2022-09-27,OFSS, EQ, 27-Sep-2022,2955.45,2990.0,3020.0,2962.25,3004.55,2997.1,2990.18,71022,2123.68,10283,37904,53.37,Others
2022-09-28,OFSS, EQ, 28-Sep-2022,2997.1,2989.9,2993.0,2940.1,2946.0,2949.9,2965.84,87997,2609.85,14480,43984,49.98,Others
2022-09-29,OFSS, EQ, 29-Sep-2022,2949.9,2985.0,2985.0,2927.85,2954.0,2949.9,2944.29,86801,2555.67,11625,54053,62.27,Others
2022-09-30,OFSS, EQ, 30-Sep-2022,2949.9,2938.5,2990.0,2925.55,2980.0,2982.5,2962.63,50552,1497.67,10848,28100,55.59,Others
2022-10-03,OFSS, EQ, 03-Oct-2022,2982.5,2985.0,2996.95,2909.9,2930.0,2921.75,2951.07,66371,1958.66,9867,39676,59.78,Others
2022-10-04,OFSS, EQ, 04-Oct-2022,2921.75,2989.8,3019.9,2953.0,2996.0,2995.2,2996.77,106794,3200.38,12576,62909,58.91,Others
2022-10-06,OFSS, EQ, 06-Oct-2022,2995.2,3019.0,3055.0,2998.05,3039.0,3038.55,3029.94,91589,2775.09,11501,45753,49.95,Others
2022-10-07,OFSS, EQ, 07-Oct-2022,3038.55,3038.55,3044.8,2956.5,2969.1,2968.0,2975.61,135898,4043.8,19863,87980,64.74,Others
2022-10-10,OFSS, EQ, 10-Oct-2022,2968.0,2942.0,2983.95,2925.75,2969.0,2965.1,2966.51,83613,2480.39,9651,42344,50.64,Others
2022-10-11,OFSS, EQ, 11-Oct-2022,2965.1,2979.95,2982.7,2904.0,2905.0,2909.15,2929.96,105554,3092.69,14568,59786,56.64,Others
2022-10-12,OFSS, EQ, 12-Oct-2022,2909.15,2901.0,2947.0,2901.0,2929.0,2917.45,2924.31,99300,2903.84,11233,43103,43.41,Others
2022-10-13,OFSS, EQ, 13-Oct-2022,2917.45,2935.0,2935.0,2905.2,2926.45,2929.95,2918.1,52621,1535.53,7161,27899,53.02,Others
2022-10-14,OFSS, EQ, 14-Oct-2022,2929.95,2974.95,2985.0,2942.25,2944.1,2947.3,2966.93,77922,2311.89,9796,35648,45.75,Others
2022-10-17,OFSS, EQ, 17-Oct-2022,2947.3,2956.5,2956.5,2930.25,2932.0,2940.25,2943.45,58493,1721.71,6767,31892,54.52,Others
2022-10-18,OFSS, EQ, 18-Oct-2022,2940.25,2955.0,2978.75,2940.25,2945.25,2949.2,2952.4,98240,2900.44,10423,64808,65.97,Others
2022-10-19,OFSS, EQ, 19-Oct-2022,2949.2,2963.1,2977.3,2945.25,2960.0,2955.5,2958.06,84685,2505.03,8626,54669,64.56,Others
2022-10-20,OFSS, EQ, 20-Oct-2022,2955.5,2895.0,2936.9,2886.6,2920.0,2920.05,2919.61,127944,3735.46,11905,81198,63.46,Others
2022-10-21,OFSS, EQ, 21-Oct-2022,2920.05,2934.7,2934.7,2912.25,2919.95,2916.8,2918.37,62441,1822.26,7870,37642,60.28,Others
2022-10-24,OFSS, EQ, 24-Oct-2022,2916.8,2949.0,2950.0,2925.05,2938.0,2935.6,2935.4,10019,294.1,1650,7261,72.47,Others
2022-10-25,OFSS, EQ, 25-Oct-2022,2935.6,2932.5,2932.5,2912.25,2915.0,2915.0,2919.49,91366,2667.42,9245,68511,74.99,Others
2022-10-27,OFSS, EQ, 27-Oct-2022,2915.0,2920.5,2921.45,2883.25,2905.0,2904.85,2898.36,102897,2982.33,11621,69280,67.33,Others
2022-10-28,OFSS, EQ, 28-Oct-2022,2904.85,2909.45,2923.95,2885.5,2891.8,2892.9,2906.38,43795,1272.85,6545,25456,58.13,Others
2022-10-31,OFSS, EQ, 31-Oct-2022,2892.9,2900.0,2923.95,2892.85,2920.0,2912.85,2915.67,64732,1887.37,7061,39415,60.89,Others
2022-11-01,OFSS, EQ, 01-Nov-2022,2912.85,2912.1,2925.0,2909.5,2925.0,2921.35,2920.26,126806,3703.07,8171,89300,70.42,Others
2022-11-02,OFSS, EQ, 02-Nov-2022,2921.35,2929.9,2999.0,2924.25,2983.9,2980.2,2959.27,184041,5446.27,16164,109477,59.49,Others
2022-11-03,OFSS, EQ, 03-Nov-2022,2980.2,2970.0,2993.6,2969.0,2975.0,2975.35,2976.17,56876,1692.73,7195,33931,59.66,Others
2022-11-04,OFSS, EQ, 04-Nov-2022,2975.35,2977.0,3024.0,2960.25,3004.25,3007.1,2995.7,112898,3382.09,12206,72581,64.29,Others
2022-11-07,OFSS, EQ, 07-Nov-2022,3007.1,3021.65,3029.0,2987.25,3026.5,3022.55,3007.53,56218,1690.78,8244,29361,52.23,Others
2022-11-09,OFSS, EQ, 09-Nov-2022,3022.55,3031.0,3044.9,3014.25,3032.0,3027.65,3032.27,58542,1775.15,6574,37767,64.51,Others
2022-11-10,OFSS, EQ, 10-Nov-2022,3027.65,3011.0,3049.9,3011.0,3036.45,3036.5,3036.15,55235,1677.02,10302,28319,51.27,Others
2022-11-11,OFSS, EQ, 11-Nov-2022,3036.5,3065.35,3100.65,3065.35,3081.0,3079.65,3082.65,82452,2541.71,10437,40816,49.5,Others
2022-11-14,OFSS, EQ, 14-Nov-2022,3079.65,3095.05,3116.85,3081.2,3100.0,3102.0,3101.89,49664,1540.52,7465,21821,43.94,Others
2022-11-15,OFSS, EQ, 15-Nov-2022,3102.0,3114.85,3118.25,3067.6,3101.4,3100.6,3089.3,50639,1564.39,6744,29676,58.6,Others
2022-11-16,OFSS, EQ, 16-Nov-2022,3100.6,3100.0,3121.65,3077.25,3077.25,3081.9,3100.13,49164,1524.15,7925,29072,59.13,Others
2022-11-17,OFSS, EQ, 17-Nov-2022,3081.9,3070.0,3092.85,3069.25,3085.15,3086.85,3081.36,17143,528.24,3253,6974,40.68,Others
2022-11-18,OFSS, EQ, 18-Nov-2022,3086.85,3098.0,3098.0,3065.25,3072.25,3075.1,3074.16,38611,1186.96,4814,24848,64.35,Others
2022-11-21,OFSS, EQ, 21-Nov-2022,3075.1,3068.0,3081.7,3045.25,3064.9,3064.35,3058.88,50953,1558.59,8084,33076,64.91,Others
2022-11-22,OFSS, EQ, 22-Nov-2022,3064.35,3062.75,3093.0,3047.25,3073.2,3084.9,3063.75,27919,855.37,3628,14891,53.34,Others
2022-11-23,OFSS, EQ, 23-Nov-2022,3084.9,3087.7,3100.0,3053.25,3060.0,3055.7,3062.36,63300,1938.48,7574,41856,66.12,Others
2022-11-24,OFSS, EQ, 24-Nov-2022,3055.7,3071.0,3071.0,3036.25,3044.0,3045.75,3048.78,55421,1689.66,4959,28949,52.23,Others
2022-11-25,OFSS, EQ, 25-Nov-2022,3045.75,3059.8,3065.55,3039.25,3049.0,3049.35,3048.11,81318,2478.66,5438,57535,70.75,Others
2022-11-28,OFSS, EQ, 28-Nov-2022,3049.35,3065.0,3139.0,3050.05,3100.0,3093.1,3108.52,133579,4152.34,12812,63583,47.6,Others
2022-11-29,OFSS, EQ, 29-Nov-2022,3093.1,3100.0,3130.0,3085.0,3088.0,3094.7,3111.93,70957,2208.14,8672,36922,52.03,Others
2022-11-30,OFSS, EQ, 30-Nov-2022,3094.7,3114.7,3138.0,3093.5,3111.0,3107.85,3113.8,73155,2277.9,8639,43398,59.32,Others
2022-12-01,OFSS, EQ, 01-Dec-2022,3107.85,3124.0,3150.0,3106.05,3127.95,3122.0,3130.92,201602,6311.99,12172,144367,71.61,Others
2022-12-02,OFSS, EQ, 02-Dec-2022,3122.0,3128.95,3295.0,3125.05,3215.0,3218.8,3240.2,539699,17487.3,49898,120898,22.4,Others
2022-12-05,OFSS, EQ, 05-Dec-2022,3218.8,3237.55,3240.0,3160.0,3175.0,3176.0,3184.84,113358,3610.27,14547,46383,40.92,Others
2022-12-06,OFSS, EQ, 06-Dec-2022,3176.0,3165.05,3168.0,3120.25,3126.0,3132.85,3137.73,89589,2811.06,10165,46026,51.37,Others
2022-12-07,OFSS, EQ, 07-Dec-2022,3132.85,3135.0,3148.55,3095.25,3102.0,3108.85,3109.48,64361,2001.29,7390,33262,51.68,Others
2022-12-08,OFSS, EQ, 08-Dec-2022,3108.85,3122.05,3122.05,3093.0,3093.35,3098.0,3100.37,29490,914.3,5491,14012,47.51,Others
2022-12-09,OFSS, EQ, 09-Dec-2022,3098.0,3114.7,3118.05,3027.0,3050.0,3046.95,3065.59,101440,3109.73,6700,64227,63.32,Others
2022-12-12,OFSS, EQ, 12-Dec-2022,3046.95,3050.0,3058.85,3024.25,3035.0,3037.15,3035.3,38694,1174.48,5505,19559,50.55,Others
2022-12-13,OFSS, EQ, 13-Dec-2022,3037.15,3061.95,3103.1,3040.0,3085.1,3094.5,3074.25,48387,1487.54,8536,22371,46.23,Others
2022-12-14,OFSS, EQ, 14-Dec-2022,3094.5,3103.9,3124.95,3075.0,3101.15,3094.25,3095.73,42703,1321.97,5642,15036,35.21,Others
2022-12-15,OFSS, EQ, 15-Dec-2022,3094.25,3101.9,3101.9,3035.25,3039.0,3042.3,3052.61,45147,1378.16,4883,26508,58.71,Others
2022-12-16,OFSS, EQ, 16-Dec-2022,3042.3,3030.0,3050.0,3015.0,3028.0,3018.85,3024.75,64718,1957.56,8355,41212,63.68,Others
2022-12-19,OFSS, EQ, 19-Dec-2022,3018.85,3038.95,3038.95,2990.25,3002.0,2999.7,3000.31,62592,1877.95,13369,36573,58.43,Others
2022-12-20,OFSS, EQ, 20-Dec-2022,2999.7,2999.0,3035.95,2988.25,3017.25,3020.95,3009.38,46391,1396.08,7166,22137,47.72,Others
2022-12-21,OFSS, EQ, 21-Dec-2022,3020.95,3027.0,3053.3,3017.25,3024.0,3024.4,3036.07,90372,2743.76,7351,63630,70.41,Others
2022-12-22,OFSS, EQ, 22-Dec-2022,3024.4,3027.0,3038.7,2998.25,3020.0,3007.6,3012.12,54368,1637.63,5337,30506,56.11,Others
2022-12-23,OFSS, EQ, 23-Dec-2022,3007.6,2994.0,3027.95,2978.25,3008.0,2986.85,2989.78,76114,2275.64,6818,43664,57.37,Others
2022-12-26,OFSS, EQ, 26-Dec-2022,2986.85,2987.05,3008.0,2977.25,2999.95,3003.7,2996.23,29909,896.14,4900,14301,47.82,Others
2022-12-27,OFSS, EQ, 27-Dec-2022,3003.7,3014.95,3025.0,2993.05,3013.85,3016.45,3006.76,33573,1009.46,4736,13860,41.28,Others
2022-12-28,OFSS, EQ, 28-Dec-2022,3016.45,3005.05,3012.7,2989.25,2997.95,3002.95,3001.35,24164,725.25,3760,13502,55.88,Others
2022-12-29,OFSS, EQ, 29-Dec-2022,3002.95,2990.0,3003.0,2985.25,3003.0,2994.8,2992.04,35704,1068.28,4727,18077,50.63,Others
2022-12-30,OFSS, EQ, 30-Dec-2022,2994.8,3010.0,3039.0,3004.7,3025.0,3023.35,3023.86,35457,1072.17,4803,15995,45.11,Others
2023-01-02,OFSS, EQ, 02-Jan-2023,3023.35,3010.1,3031.25,3009.0,3028.0,3024.0,3018.75,19052,575.13,3276,7702,40.43,Others
2023-01-03,OFSS, EQ, 03-Jan-2023,3024.0,3015.0,3035.55,2995.0,3000.0,2999.55,3009.75,92085,2771.53,7506,65449,71.07,Others
2023-01-04,OFSS, EQ, 04-Jan-2023,2999.55,3011.0,3027.6,2986.25,3009.0,3014.4,3002.25,53699,1612.18,5657,32248,60.05,Others
2023-01-05,OFSS, EQ, 05-Jan-2023,3014.4,3029.5,3029.5,2991.7,3004.0,3006.85,3001.84,26234,787.5,5743,14256,54.34,Others
2023-01-06,OFSS, EQ, 06-Jan-2023,3006.85,2993.1,3014.05,2984.25,3003.0,2996.3,3001.14,67998,2040.71,5441,51989,76.46,Others
2023-01-09,OFSS, EQ, 09-Jan-2023,2996.3,3019.95,3035.15,2993.25,3003.1,3006.8,3017.23,82557,2490.93,6603,63595,77.03,Others
2023-01-10,OFSS, EQ, 10-Jan-2023,3006.8,3007.0,3026.85,2995.0,3023.0,3019.9,3005.78,177423,5332.94,7082,157110,88.55,Others
2023-01-11,OFSS, EQ, 11-Jan-2023,3019.9,3021.75,3062.8,3012.1,3046.3,3048.6,3040.97,61076,1857.3,9190,26035,42.63,Others
2023-01-12,OFSS, EQ, 12-Jan-2023,3048.6,3054.95,3059.95,3026.5,3055.15,3054.45,3044.53,32402,986.49,5048,17727,54.71,Others
2023-01-13,OFSS, EQ, 13-Jan-2023,3054.45,3062.0,3110.0,3045.05,3094.0,3083.6,3088.19,84766,2617.73,7477,48193,56.85,Others
2023-01-16,OFSS, EQ, 16-Jan-2023,3083.6,3089.95,3150.0,3071.95,3091.9,3094.3,3114.61,94826,2953.46,10400,29040,30.62,Others
2023-01-17,OFSS, EQ, 17-Jan-2023,3094.3,3102.0,3134.9,3077.65,3129.0,3130.5,3113.02,41330,1286.61,6818,19547,47.29,Others
2023-01-18,OFSS, EQ, 18-Jan-2023,3130.5,3138.0,3149.85,3102.75,3110.0,3114.65,3126.3,49938,1561.21,6866,21766,43.59,Others
2023-01-19,OFSS, EQ, 19-Jan-2023,3114.65,3120.0,3148.4,3087.1,3093.9,3095.45,3109.15,93054,2893.19,11205,37712,40.53,Others
2023-01-20,OFSS, EQ, 20-Jan-2023,3095.45,3096.05,3110.0,3031.45,3043.55,3042.65,3078.97,82127,2528.66,9640,48464,59.01,Others
2023-01-23,OFSS, EQ, 23-Jan-2023,3042.65,3060.0,3104.85,3042.0,3100.0,3094.25,3081.93,51064,1573.76,8835,22057,43.19,Others
2023-01-24,OFSS, EQ, 24-Jan-2023,3094.25,3110.5,3194.0,3096.15,3108.3,3119.85,3144.43,156333,4915.78,16565,45985,29.41,Others
2023-01-25,OFSS, EQ, 25-Jan-2023,3119.85,3112.5,3117.45,3068.55,3094.0,3083.5,3083.17,55872,1722.63,7399,31617,56.59,Others
2023-01-27,OFSS, EQ, 27-Jan-2023,3083.5,3086.25,3124.8,3032.55,3055.0,3051.55,3061.95,43453,1330.51,10884,23826,54.83,Others
2023-01-30,OFSS, EQ, 30-Jan-2023,3051.55,3035.15,3079.95,3019.5,3071.0,3054.65,3058.04,40027,1224.04,9326,21352,53.34,Others
2023-01-31,OFSS, EQ, 31-Jan-2023,3054.65,3068.0,3068.0,3013.8,3044.75,3046.9,3035.98,53244,1616.48,9775,31282,58.75,Others
2023-02-01,OFSS, EQ, 01-Feb-2023,3046.9,3049.0,3086.5,3012.25,3020.5,3025.7,3047.36,39909,1216.17,7218,19691,49.34,Others
2023-02-02,OFSS, EQ, 02-Feb-2023,3025.7,3027.9,3130.0,3023.9,3110.0,3112.05,3099.88,77350,2397.76,13719,30291,39.16,Others
2023-02-03,OFSS, EQ, 03-Feb-2023,3112.05,3127.65,3169.0,3086.2,3120.0,3123.7,3109.43,55908,1738.42,8305,18023,32.24,Others
2023-02-06,OFSS, EQ, 06-Feb-2023,3123.7,3123.7,3144.7,3102.1,3129.5,3124.3,3127.11,38093,1191.21,7136,17829,46.8,Others
2023-02-07,OFSS, EQ, 07-Feb-2023,3124.3,3130.0,3179.0,3130.0,3170.0,3171.4,3158.21,87963,2778.06,11136,44999,51.16,Others
2023-02-08,OFSS, EQ, 08-Feb-2023,3171.4,3180.0,3193.3,3165.75,3166.75,3169.6,3173.09,62686,1989.09,8957,35487,56.61,Others
2023-02-09,OFSS, EQ, 09-Feb-2023,3169.6,3174.0,3209.6,3161.35,3189.0,3190.9,3193.29,103972,3320.13,14053,54899,52.8,Others
2023-02-10,OFSS, EQ, 10-Feb-2023,3190.9,3186.25,3212.0,3162.5,3172.0,3176.6,3186.39,49742,1584.97,6939,22642,45.52,Others
2023-02-13,OFSS, EQ, 13-Feb-2023,3176.6,3177.0,3177.0,3102.6,3115.0,3123.05,3136.2,63299,1985.18,6265,29301,46.29,Others
2023-02-14,OFSS, EQ, 14-Feb-2023,3123.05,3135.85,3168.0,3117.7,3150.0,3144.7,3145.48,25373,798.1,4387,8696,34.27,Others
2023-02-15,OFSS, EQ, 15-Feb-2023,3144.7,3141.15,3174.65,3129.6,3165.5,3165.05,3154.54,23904,754.06,4562,10402,43.52,Others
2023-02-16,OFSS, EQ, 16-Feb-2023,3165.05,3171.75,3234.95,3170.0,3212.0,3221.5,3216.36,74927,2409.92,9335,30085,40.15,Others
2023-02-17,OFSS, EQ, 17-Feb-2023,3221.5,3220.0,3238.0,3187.55,3226.95,3231.65,3222.84,78707,2536.6,5921,49012,62.27,Others
2023-02-20,OFSS, EQ, 20-Feb-2023,3231.65,3243.85,3281.05,3225.05,3230.05,3239.15,3258.68,163396,5324.55,16941,69128,42.31,Others
2023-02-21,OFSS, EQ, 21-Feb-2023,3239.15,3249.95,3264.2,3195.0,3200.0,3200.6,3228.73,44319,1430.94,8797,15833,35.73,Others
2023-02-22,OFSS, EQ, 22-Feb-2023,3200.6,3165.15,3202.0,3142.3,3161.0,3164.85,3157.22,121696,3842.21,6028,19231,15.8,Others
2023-02-23,OFSS, EQ, 23-Feb-2023,3164.85,3170.8,3182.15,3145.85,3150.05,3153.25,3164.78,56707,1794.65,6499,32691,57.65,Others
2023-02-24,OFSS, EQ, 24-Feb-2023,3153.25,3153.9,3175.25,3139.1,3150.0,3147.9,3160.97,34721,1097.52,7109,13271,38.22,Others
2023-02-27,OFSS, EQ, 27-Feb-2023,3147.9,3130.0,3175.0,3130.0,3161.0,3159.45,3158.57,109019,3443.44,11536,73840,67.73,Others
2023-02-28,OFSS, EQ, 28-Feb-2023,3159.45,3168.25,3189.9,3147.05,3156.0,3169.1,3166.61,67186,2127.52,10528,44102,65.64,Others
2023-03-01,OFSS, EQ, 01-Mar-2023,3169.1,3169.1,3188.0,3142.2,3160.0,3162.75,3165.9,26858,850.3,4232,14073,52.4,Others
2023-03-02,OFSS, EQ, 02-Mar-2023,3162.75,3159.05,3159.95,3124.0,3152.2,3147.45,3140.68,36718,1153.19,5239,19234,52.38,Others
2023-03-03,OFSS, EQ, 03-Mar-2023,3147.45,3155.55,3184.5,3143.95,3168.0,3153.2,3162.17,95563,3021.86,4633,82941,86.79,Others
2023-03-06,OFSS, EQ, 06-Mar-2023,3153.2,3179.0,3249.9,3160.15,3239.6,3236.5,3227.31,98909,3192.1,8028,65377,66.1,Others
2023-03-08,OFSS, EQ, 08-Mar-2023,3236.5,3215.05,3258.7,3215.05,3239.35,3236.2,3237.85,72077,2333.74,6808,42639,59.16,Others
2023-03-09,OFSS, EQ, 09-Mar-2023,3236.2,3248.7,3259.0,3215.1,3220.35,3227.1,3241.4,47498,1539.6,5612,25465,53.61,Others
2023-03-10,OFSS, EQ, 10-Mar-2023,3227.1,3219.95,3248.0,3182.75,3247.5,3242.2,3224.95,58113,1874.12,6570,32265,55.52,Others
2023-03-13,OFSS, EQ, 13-Mar-2023,3242.2,3247.5,3274.0,3170.35,3187.0,3182.95,3216.58,51761,1664.93,8581,19220,37.13,Others
2023-03-14,OFSS, EQ, 14-Mar-2023,3182.95,3161.1,3229.0,3150.2,3159.9,3164.2,3180.27,60663,1929.25,8707,17545,28.92,Others
2023-03-15,OFSS, EQ, 15-Mar-2023,3164.2,3169.95,3206.0,3156.35,3200.75,3200.15,3193.64,50536,1613.94,8497,25642,50.74,Others
2023-03-16,OFSS, EQ, 16-Mar-2023,3200.15,3205.0,3241.3,3194.2,3200.0,3205.4,3205.99,54494,1747.07,7750,24680,45.29,Others
2023-03-17,OFSS, EQ, 17-Mar-2023,3205.4,3212.0,3266.6,3199.95,3239.9,3237.8,3241.5,119929,3887.49,14835,63071,52.59,Others
2023-03-20,OFSS, EQ, 20-Mar-2023,3237.8,3235.0,3258.0,3188.25,3210.0,3228.65,3210.94,59504,1910.64,7300,31199,52.43,Others
2023-03-21,OFSS, EQ, 21-Mar-2023,3228.65,3228.5,3228.5,3176.25,3181.0,3181.9,3190.62,69046,2203.0,9982,26711,38.69,Others
2023-03-22,OFSS, EQ, 22-Mar-2023,3181.9,3197.8,3226.5,3186.0,3205.0,3211.7,3205.37,32319,1035.94,4673,12942,40.04,Others
2023-03-23,OFSS, EQ, 23-Mar-2023,3211.7,3190.05,3207.2,3183.25,3183.25,3184.9,3192.76,25051,799.82,2952,15297,61.06,Others
2023-03-24,OFSS, EQ, 24-Mar-2023,3184.9,3184.9,3221.8,3184.85,3200.0,3201.15,3204.76,84758,2716.29,7678,25692,30.31,Others
2023-03-27,OFSS, EQ, 27-Mar-2023,3201.15,3200.0,3230.0,3199.25,3216.25,3219.1,3219.13,52315,1684.09,5094,26995,51.6,Others
2023-03-28,OFSS, EQ, 28-Mar-2023,3219.1,3230.0,3230.0,3200.25,3213.05,3212.6,3209.72,41047,1317.49,5552,26832,65.37,Others
2023-03-29,OFSS, EQ, 29-Mar-2023,3212.6,3215.95,3239.9,3203.25,3226.3,3232.9,3218.17,36645,1179.3,5215,20222,55.18,Others
2023-03-31,OFSS, EQ, 31-Mar-2023,3232.9,3250.0,3323.8,3238.1,3277.65,3263.75,3283.78,102810,3376.05,11018,52123,50.7,Others
2023-04-03,OFSS, EQ, 03-Apr-2023,3263.75,3329.95,3329.95,3265.55,3275.0,3274.95,3285.34,72954,2396.78,8556,35873,49.17,Others
2023-04-05,OFSS, EQ, 05-Apr-2023,3274.95,3261.3,3276.2,3251.25,3265.95,3265.95,3264.46,56625,1848.5,6160,32276,57.0,Others
2023-04-06,OFSS, EQ, 06-Apr-2023,3265.95,3255.25,3270.0,3225.05,3260.0,3254.55,3247.34,41000,1331.41,4212,15810,38.56,Others
2023-04-10,OFSS, EQ, 10-Apr-2023,3254.55,3269.95,3309.65,3247.25,3305.0,3303.85,3286.28,30292,995.48,3773,14841,48.99,Others
2023-04-11,OFSS, EQ, 11-Apr-2023,3303.85,3303.85,3303.85,3259.25,3284.55,3284.15,3280.95,48645,1596.02,7251,24098,49.54,Others
2023-04-12,OFSS, EQ, 12-Apr-2023,3284.15,3284.15,3324.6,3269.25,3311.2,3312.5,3305.17,32989,1090.34,4089,17513,53.09,Others
2023-04-13,OFSS, EQ, 13-Apr-2023,3312.5,3287.25,3317.0,3285.25,3307.25,3301.75,3300.73,44906,1482.23,5448,31412,69.95,Others
2023-04-17,OFSS, EQ, 17-Apr-2023,3301.75,3274.85,3330.0,3227.85,3273.25,3281.15,3281.27,95981,3149.4,12289,38354,39.96,Others
2023-04-18,OFSS, EQ, 18-Apr-2023,3281.15,3272.55,3309.95,3257.25,3295.0,3299.3,3277.07,41355,1355.23,6107,15840,38.3,Others
2023-04-19,OFSS, EQ, 19-Apr-2023,3299.3,3272.05,3319.0,3272.05,3289.95,3289.85,3293.65,61477,2024.84,10387,19012,30.93,Others
2023-04-20,OFSS, EQ, 20-Apr-2023,3289.85,3289.0,3315.0,3265.25,3285.4,3296.4,3283.01,45575,1496.23,7523,19340,42.44,Others
2023-04-21,OFSS, EQ, 21-Apr-2023,3296.4,3288.05,3349.6,3280.2,3305.0,3309.2,3315.89,76393,2533.11,10190,34038,44.56,Others
2023-04-24,OFSS, EQ, 24-Apr-2023,3309.2,3311.2,3426.1,3304.0,3410.3,3417.35,3382.06,138882,4697.08,18237,65749,47.34,Others
2023-04-25,OFSS, EQ, 25-Apr-2023,3417.35,3430.0,3436.0,3394.0,3415.1,3419.05,3418.51,98058,3352.12,12062,61244,62.46,Others
2023-04-26,OFSS, EQ, 26-Apr-2023,3419.05,3419.1,3475.0,3401.0,3462.0,3467.25,3454.9,96144,3321.67,10107,54586,56.78,Others
2023-04-27,OFSS, EQ, 27-Apr-2023,3467.25,3500.0,3529.8,3446.25,3505.0,3500.35,3491.36,184059,6426.16,19535,65841,35.77,Others
2023-04-28,OFSS, EQ, 28-Apr-2023,3500.35,3530.9,3590.95,3525.0,3573.9,3561.85,3569.32,180372,6438.05,18417,94832,52.58,Others
2023-05-02,OFSS, EQ, 02-May-2023,3561.85,3624.75,3638.95,3591.0,3638.8,3633.15,3617.98,208187,7532.16,16883,109523,52.61,Others
2023-05-03,OFSS, EQ, 03-May-2023,3633.15,3635.0,3664.3,3615.25,3648.0,3646.8,3641.21,132572,4827.22,12041,75390,56.87,Others
2023-05-04,OFSS, EQ, 04-May-2023,3646.8,3650.0,3707.5,3639.25,3680.0,3692.9,3676.49,143850,5288.63,12502,91312,63.48,Others
2023-05-05,OFSS, EQ, 05-May-2023,3692.9,3708.0,3708.4,3649.25,3670.0,3665.9,3670.76,96134,3528.85,12574,51739,53.82,Others
2023-05-08,OFSS, EQ, 08-May-2023,3665.9,3687.95,3722.5,3673.3,3706.0,3707.6,3700.57,175952,6511.22,15398,98920,56.22,Others
2023-05-09,OFSS, EQ, 09-May-2023,3707.6,3432.35,3512.9,3417.25,3436.9,3437.25,3450.77,357783,12346.25,26288,157459,44.01,Others
2023-05-10,OFSS, EQ, 10-May-2023,3437.25,3453.95,3500.0,3419.25,3495.0,3492.6,3465.38,146223,5067.19,15105,73885,50.53,Others
2023-05-11,OFSS, EQ, 11-May-2023,3492.6,3510.95,3566.0,3500.1,3548.45,3549.85,3542.9,130052,4607.62,16797,56588,43.51,Others
2023-05-12,OFSS, EQ, 12-May-2023,3549.85,3535.05,3558.05,3517.6,3553.0,3551.45,3543.01,61128,2165.77,5892,36310,59.4,Others
2023-05-15,OFSS, EQ, 15-May-2023,3551.45,3550.25,3561.0,3510.0,3545.0,3536.1,3528.68,98438,3473.57,9522,63900,64.91,Others
2023-05-16,OFSS, EQ, 16-May-2023,3536.1,3534.0,3564.95,3520.0,3550.5,3549.65,3545.07,68414,2425.32,5729,36729,53.69,Others
2023-05-17,OFSS, EQ, 17-May-2023,3549.65,3554.2,3565.0,3500.0,3560.0,3560.85,3536.77,66501,2351.99,7495,34908,52.49,Others
2023-05-18,OFSS, EQ, 18-May-2023,3560.85,3565.2,3580.95,3501.0,3515.0,3508.35,3544.3,48639,1723.91,6207,23295,47.89,Others
2023-05-19,OFSS, EQ, 19-May-2023,3508.35,3536.4,3567.0,3519.0,3549.0,3550.1,3546.93,78456,2782.78,7253,35752,45.57,Others
2023-05-22,OFSS, EQ, 22-May-2023,3550.1,3562.0,3579.55,3525.0,3579.0,3575.55,3565.6,45194,1611.44,6509,22342,49.44,Others
2023-05-23,OFSS, EQ, 23-May-2023,3575.55,3582.0,3614.85,3541.0,3566.0,3564.75,3581.84,108752,3895.32,10597,46543,42.8,Others
2023-05-24,OFSS, EQ, 24-May-2023,3564.75,3545.0,3600.0,3543.1,3569.0,3573.1,3585.01,58951,2113.4,7911,32735,55.53,Others
2023-05-25,OFSS, EQ, 25-May-2023,3573.1,3565.05,3581.0,3533.5,3572.0,3565.7,3558.74,54613,1943.53,5299,31559,57.79,Others
2023-05-26,OFSS, EQ, 26-May-2023,3565.7,3550.15,3622.95,3550.15,3588.0,3596.8,3594.53,108661,3905.85,11608,45994,42.33,Others
2023-05-29,OFSS, EQ, 29-May-2023,3596.8,3604.95,3615.0,3564.0,3571.0,3574.65,3580.41,30589,1095.21,4115,12352,40.38,Others
2023-05-30,OFSS, EQ, 30-May-2023,3574.65,3571.0,3597.0,3562.05,3589.4,3589.1,3581.3,24968,894.18,4099,12634,50.6,Others
2023-05-31,OFSS, EQ, 31-May-2023,3589.1,3589.1,3642.0,3573.25,3615.05,3633.6,3622.59,73757,2671.91,9344,40902,55.46,Others
2023-06-01,OFSS, EQ, 01-Jun-2023,3633.6,3650.0,3656.0,3610.0,3621.0,3616.55,3639.52,28380,1032.9,5138,14404,50.75,Others
2023-06-02,OFSS, EQ, 02-Jun-2023,3616.55,3611.55,3657.0,3602.2,3625.0,3613.55,3626.33,26268,952.57,4895,10493,39.95,Others
2023-06-05,OFSS, EQ, 05-Jun-2023,3613.55,3649.7,3655.0,3601.4,3633.0,3629.3,3625.47,58938,2136.78,7188,27754,47.09,Others
2023-06-06,OFSS, EQ, 06-Jun-2023,3629.3,3628.0,3640.0,3546.2,3557.5,3551.45,3569.25,54025,1928.29,7006,27927,51.69,Others
2023-06-07,OFSS, EQ, 07-Jun-2023,3551.45,3579.9,3613.95,3563.3,3594.5,3592.85,3595.57,38921,1399.43,6787,16323,41.94,Others
2023-06-08,OFSS, EQ, 08-Jun-2023,3592.85,3575.1,3589.95,3535.0,3538.65,3541.2,3552.52,47318,1680.98,7912,21274,44.96,Others
2023-06-09,OFSS, EQ, 09-Jun-2023,3541.2,3519.25,3572.9,3519.25,3538.95,3540.95,3539.52,43799,1550.27,6245,14844,33.89,Others
2023-06-12,OFSS, EQ, 12-Jun-2023,3540.95,3530.05,3603.75,3523.25,3592.0,3595.8,3583.1,45035,1613.65,6456,22084,49.04,Others
2023-06-13,OFSS, EQ, 13-Jun-2023,3595.8,3626.2,3840.0,3613.3,3786.05,3797.5,3762.94,411994,15503.1,35138,118303,28.71,Others
2023-06-14,OFSS, EQ, 14-Jun-2023,3797.5,3797.5,3900.0,3770.6,3876.1,3884.45,3848.28,334785,12883.47,31134,123550,36.9,Others
2023-06-15,OFSS, EQ, 15-Jun-2023,3884.45,3900.0,3926.9,3838.25,3850.1,3851.9,3887.19,117884,4582.38,15725,36486,30.95,Others
2023-06-16,OFSS, EQ, 16-Jun-2023,3851.9,3910.0,3972.95,3842.2,3870.05,3869.9,3912.87,264914,10365.75,31785,64160,24.22,Others
2023-06-19,OFSS, EQ, 19-Jun-2023,3869.9,3875.05,3899.0,3825.4,3875.05,3864.35,3854.65,101423,3909.5,13540,35696,35.2,Others
2023-06-20,OFSS, EQ, 20-Jun-2023,3864.35,3869.75,3942.0,3861.1,3924.95,3911.65,3903.33,92030,3592.24,13912,28796,31.29,Others
2023-06-21,OFSS, EQ, 21-Jun-2023,3911.65,3931.0,3944.0,3885.05,3900.0,3908.1,3910.52,59057,2309.43,8821,26236,44.42,Others
2023-06-22,OFSS, EQ, 22-Jun-2023,3908.1,3910.95,3910.95,3842.9,3854.0,3853.85,3868.51,47769,1847.95,7594,13759,28.8,Others
2023-06-23,OFSS, EQ, 23-Jun-2023,3853.85,3860.0,3860.0,3746.1,3803.0,3813.25,3799.76,80101,3043.65,10748,16679,20.82,Others
2023-06-26,OFSS, EQ, 26-Jun-2023,3813.25,3809.95,3853.25,3788.65,3830.0,3827.35,3820.16,50325,1922.5,7080,21239,42.2,Others
2023-06-27,OFSS, EQ, 27-Jun-2023,3827.35,3829.95,3844.6,3795.4,3804.9,3805.0,3812.29,54750,2087.23,5560,34719,63.41,Others
2023-06-28,OFSS, EQ, 28-Jun-2023,3805.0,3819.65,3850.0,3782.3,3848.5,3835.25,3823.84,77611,2967.72,9109,43834,56.48,Others
2023-06-30,OFSS, EQ, 30-Jun-2023,3835.25,3850.0,3896.85,3825.05,3863.0,3858.65,3867.93,46432,1795.96,6453,20207,43.52,Others
2023-07-03,OFSS, EQ, 03-Jul-2023,3858.65,3887.9,3887.9,3799.0,3814.9,3817.15,3825.0,35091,1342.23,6213,13214,37.66,Others
2023-07-04,OFSS, EQ, 04-Jul-2023,3817.15,3829.9,3845.55,3774.7,3820.0,3832.95,3807.62,45135,1718.57,8492,18676,41.38,Others
2023-07-05,OFSS, EQ, 05-Jul-2023,3832.95,3842.7,3889.65,3814.6,3874.0,3862.9,3862.88,43576,1683.29,6393,18851,43.26,Others
2023-07-06,OFSS, EQ, 06-Jul-2023,3862.9,3862.9,3896.0,3835.0,3876.25,3868.3,3865.17,73895,2856.17,8160,46274,62.62,Others
2023-07-07,OFSS, EQ, 07-Jul-2023,3868.3,3834.0,3912.0,3795.0,3800.0,3806.4,3851.32,49379,1901.74,7522,15852,32.1,Others
2023-07-10,OFSS, EQ, 10-Jul-2023,3806.4,3835.0,3835.0,3737.25,3757.8,3753.1,3772.49,29984,1131.14,5147,10883,36.3,Others
2023-07-11,OFSS, EQ, 11-Jul-2023,3753.1,3754.0,3849.8,3754.0,3834.0,3834.1,3824.11,56127,2146.36,8783,26462,47.15,Others
2023-07-12,OFSS, EQ, 12-Jul-2023,3834.1,3849.95,3849.95,3771.0,3797.85,3809.25,3804.47,41533,1580.11,6685,15387,37.05,Others
2023-07-13,OFSS, EQ, 13-Jul-2023,3809.25,3814.95,3911.0,3800.3,3842.8,3843.9,3867.94,75040,2902.51,10341,23354,31.12,Others
2023-07-14,OFSS, EQ, 14-Jul-2023,3843.9,3860.0,4029.95,3848.8,4020.7,4021.5,3969.28,256422,10178.11,27079,95904,37.4,Others
2023-07-17,OFSS, EQ, 17-Jul-2023,4021.5,4042.0,4048.2,3940.0,3949.65,3951.1,3996.79,80778,3228.53,11355,27745,34.35,Others
2023-07-18,OFSS, EQ, 18-Jul-2023,3951.1,3951.1,3971.9,3886.25,3919.65,3916.7,3919.53,46590,1826.11,7200,15198,32.62,Others
2023-07-19,OFSS, EQ, 19-Jul-2023,3916.7,3935.0,3975.0,3898.0,3951.0,3957.1,3946.34,66658,2630.55,7945,20345,30.52,Others
2023-07-20,OFSS, EQ, 20-Jul-2023,3957.1,3957.1,3957.1,3912.0,3933.0,3928.3,3929.9,20815,818.01,3969,7912,38.01,Others
2023-07-21,OFSS, EQ, 21-Jul-2023,3928.3,3900.0,3922.15,3827.0,3851.1,3856.55,3877.98,32657,1266.43,6349,11449,35.06,Others
2023-07-24,OFSS, EQ, 24-Jul-2023,3856.55,3830.0,3888.0,3795.0,3840.0,3850.85,3836.62,59290,2274.73,10061,22932,38.68,Others
2023-07-25,OFSS, EQ, 25-Jul-2023,3850.85,3840.05,3882.2,3821.15,3849.0,3844.2,3847.72,40059,1541.36,9199,17305,43.2,Others
2023-07-26,OFSS, EQ, 26-Jul-2023,3844.2,3887.9,3887.9,3780.0,3781.55,3797.95,3819.12,49789,1901.5,9627,21833,43.85,Others
2023-07-27,OFSS, EQ, 27-Jul-2023,3797.95,3790.0,3833.3,3779.25,3779.25,3789.5,3805.26,55924,2128.06,6613,17997,32.18,Others
2023-07-28,OFSS, EQ, 28-Jul-2023,3789.5,3817.95,3870.8,3790.05,3850.0,3818.85,3829.87,34614,1325.67,5761,10549,30.48,Others
2023-07-31,OFSS, EQ, 31-Jul-2023,3818.85,3825.0,3898.9,3825.0,3888.85,3886.0,3877.48,76102,2950.84,13122,43403,57.03,Others
2023-08-01,OFSS, EQ, 01-Aug-2023,3886.0,3905.95,3905.95,3854.05,3870.05,3870.0,3876.23,28963,1122.67,4899,10892,37.61,Others
2023-08-02,OFSS, EQ, 02-Aug-2023,3870.0,3862.25,3916.05,3813.1,3836.45,3852.05,3875.32,89352,3462.68,17871,37671,42.16,Others
2023-08-03,OFSS, EQ, 03-Aug-2023,3852.05,3840.1,3865.0,3795.3,3808.2,3816.75,3823.19,32590,1245.98,7177,11736,36.01,Others
2023-08-04,OFSS, EQ, 04-Aug-2023,3816.75,3821.9,3956.3,3821.85,3878.0,3883.3,3907.11,80029,3126.82,11997,25216,31.51,Others
2023-08-07,OFSS, EQ, 07-Aug-2023,3883.3,3870.0,3964.0,3860.1,3953.7,3952.6,3936.51,65975,2597.11,7096,36264,54.97,Others
2023-08-08,OFSS, EQ, 08-Aug-2023,3952.6,3964.0,3978.75,3925.1,3950.0,3950.8,3955.71,37790,1494.86,6084,16916,44.76,Others
2023-08-09,OFSS, EQ, 09-Aug-2023,3950.8,3964.85,3988.0,3924.55,3985.0,3979.95,3968.6,38219,1516.76,6371,17423,45.59,Others
2023-08-10,OFSS, EQ, 10-Aug-2023,3979.95,3989.95,3989.95,3936.25,3974.0,3971.05,3957.64,32249,1276.3,5951,16412,50.89,Others
2023-08-11,OFSS, EQ, 11-Aug-2023,3971.05,3971.05,3994.0,3941.0,3968.9,3958.4,3974.05,53114,2110.78,11496,32329,60.87,Others
2023-08-14,OFSS, EQ, 14-Aug-2023,3958.4,3931.0,3994.0,3909.9,3983.15,3985.6,3961.79,29656,1174.91,5831,12174,41.05,Others
2023-08-16,OFSS, EQ, 16-Aug-2023,3985.6,3995.0,4144.8,3983.15,4095.0,4099.05,4080.25,334662,13655.06,44212,91382,27.31,Others
2023-08-17,OFSS, EQ, 17-Aug-2023,4099.05,4109.8,4110.0,4017.65,4050.4,4054.65,4058.95,44321,1798.97,8172,17066,38.51,Others
2023-08-18,OFSS, EQ, 18-Aug-2023,4054.65,4059.9,4078.7,3967.25,3997.15,3997.05,4015.87,56735,2278.41,8910,26137,46.07,Others
2023-08-21,OFSS, EQ, 21-Aug-2023,3997.05,4000.0,4044.0,3980.1,3995.65,3998.0,4017.54,39955,1605.21,7530,16316,40.84,Others
2023-08-22,OFSS, EQ, 22-Aug-2023,3998.0,4020.0,4024.0,3947.25,3958.9,3955.65,3973.74,40271,1600.27,5628,21075,52.33,Others
2023-08-23,OFSS, EQ, 23-Aug-2023,3955.65,3958.0,3983.9,3947.25,3955.25,3957.65,3961.09,17865,707.65,3165,9287,51.98,Others
2023-08-24,OFSS, EQ, 24-Aug-2023,3957.65,3970.0,4040.9,3951.25,4016.7,4014.3,4006.09,58226,2332.58,7200,22632,38.87,Others
2023-08-25,OFSS, EQ, 25-Aug-2023,4014.3,4001.0,4025.0,3955.95,3959.25,3964.1,3980.66,40961,1630.52,4334,18598,45.4,Others
2023-08-28,OFSS, EQ, 28-Aug-2023,3964.1,3997.8,4014.0,3923.25,4000.0,4001.6,3979.95,62216,2476.17,9895,32595,52.39,Others
2023-08-29,OFSS, EQ, 29-Aug-2023,4001.6,4001.55,4029.95,3991.25,4000.0,4004.5,4003.69,35715,1429.92,5227,17547,49.13,Others
2023-08-30,OFSS, EQ, 30-Aug-2023,4004.5,4024.95,4059.6,4002.2,4039.0,4039.3,4035.43,33692,1359.62,5212,15756,46.76,Others
2023-08-31,OFSS, EQ, 31-Aug-2023,4039.3,4060.0,4136.7,4039.4,4105.55,4109.3,4107.28,101611,4173.45,12260,41090,40.44,Others
2023-09-01,OFSS, EQ, 01-Sep-2023,4109.3,4110.0,4166.8,4091.0,4131.0,4136.25,4139.97,68916,2853.1,9680,27129,39.37,Others
2023-09-04,OFSS, EQ, 04-Sep-2023,4136.25,4164.0,4172.2,4097.05,4135.9,4140.1,4134.71,59674,2467.35,8031,25500,42.73,Others
2023-09-05,OFSS, EQ, 05-Sep-2023,4140.1,4138.0,4235.0,4120.15,4210.0,4204.25,4198.64,94411,3963.98,13013,35078,37.15,Others
2023-09-06,OFSS, EQ, 06-Sep-2023,4204.25,4210.0,4233.95,4190.05,4201.0,4206.9,4206.18,41809,1758.56,6149,22084,52.82,Others
2023-09-07,OFSS, EQ, 07-Sep-2023,4206.9,4209.9,4286.9,4176.8,4258.7,4270.45,4246.42,113060,4801.0,16122,50615,44.77,Others
2023-09-08,OFSS, EQ, 08-Sep-2023,4270.45,4290.0,4363.55,4254.5,4346.2,4347.75,4308.54,98861,4259.46,12909,50193,50.77,Others
2023-09-11,OFSS, EQ, 11-Sep-2023,4347.75,4369.8,4528.45,4347.85,4391.85,4396.55,4430.56,221371,9807.98,22973,91491,41.33,Others
2023-09-12,OFSS, EQ, 12-Sep-2023,4396.55,4425.0,4425.0,4227.25,4281.0,4288.35,4298.84,98548,4236.42,13634,34196,34.7,Others
2023-09-13,OFSS, EQ, 13-Sep-2023,4288.35,4198.95,4234.6,4097.25,4209.0,4209.5,4176.82,170029,7101.81,20495,36190,21.28,Others
2023-09-14,OFSS, EQ, 14-Sep-2023,4209.5,4231.7,4298.0,4220.0,4270.4,4272.7,4266.87,42072,1795.16,7030,12580,29.9,Others
2023-09-15,OFSS, EQ, 15-Sep-2023,4272.7,4270.0,4398.3,4270.0,4309.0,4298.95,4331.41,132363,5733.19,20846,39747,30.03,Others
2023-09-18,OFSS, EQ, 18-Sep-2023,4298.95,4319.85,4332.6,4241.7,4260.0,4253.85,4285.14,51861,2222.32,8995,22530,43.44,Others
2023-09-20,OFSS, EQ, 20-Sep-2023,4253.85,4253.0,4253.0,4179.25,4218.0,4220.85,4206.44,43088,1812.47,8177,13828,32.09,Others
2023-09-21,OFSS, EQ, 21-Sep-2023,4220.85,4200.0,4284.15,4195.25,4250.0,4254.4,4249.68,61231,2602.12,10315,26802,43.77,Others
2023-09-22,OFSS, EQ, 22-Sep-2023,4254.4,4254.4,4281.85,4187.25,4195.0,4195.3,4219.38,32518,1372.06,6341,11887,36.56,Others
2023-09-25,OFSS, EQ, 25-Sep-2023,4195.3,4195.35,4217.4,4117.25,4140.0,4133.25,4147.41,83454,3461.18,6913,54372,65.15,Others
2023-09-26,OFSS, EQ, 26-Sep-2023,4133.25,4132.05,4218.85,4125.25,4130.05,4132.45,4159.23,40156,1670.18,6754,15126,37.67,Others
2023-09-27,OFSS, EQ, 27-Sep-2023,4132.45,4142.0,4182.0,4128.2,4165.0,4166.5,4161.99,50810,2114.71,4649,32680,64.32,Others
2023-09-28,OFSS, EQ, 28-Sep-2023,4166.5,4189.9,4198.9,4059.25,4079.0,4067.3,4101.35,53648,2200.29,5981,28195,52.56,Others
2023-09-29,OFSS, EQ, 29-Sep-2023,4067.3,4061.25,4145.0,4059.25,4122.0,4110.85,4103.63,30688,1259.32,5737,9968,32.48,Others
2023-10-03,OFSS, EQ, 03-Oct-2023,4110.85,4120.0,4158.0,4064.75,4085.0,4087.15,4115.81,151067,6217.62,6250,131854,87.28,Others
2023-10-04,OFSS, EQ, 04-Oct-2023,4087.15,4085.0,4108.7,4003.25,4050.0,4041.85,4042.95,63830,2580.61,11038,35473,55.57,Others
2023-10-05,OFSS, EQ, 05-Oct-2023,4041.85,4062.0,4084.95,4001.0,4015.0,4017.4,4029.33,55061,2218.59,12082,26643,48.39,Others
2023-10-06,OFSS, EQ, 06-Oct-2023,4017.4,4045.0,4108.75,4020.1,4105.0,4102.2,4063.14,35954,1460.86,6404,15735,43.76,Others
2023-10-09,OFSS, EQ, 09-Oct-2023,4102.2,4094.0,4171.75,4069.25,4072.5,4093.25,4122.43,73679,3037.36,14905,19862,26.96,Others
2023-10-10,OFSS, EQ, 10-Oct-2023,4093.25,4099.9,4185.0,4063.25,4169.95,4161.6,4150.51,38847,1612.35,7854,13147,33.84,Others
2023-10-11,OFSS, EQ, 11-Oct-2023,4161.6,4180.0,4263.6,4141.25,4142.1,4161.9,4212.03,72167,3039.69,13528,27819,38.55,Others
2023-10-12,OFSS, EQ, 12-Oct-2023,4161.9,4162.0,4250.0,4080.05,4100.0,4099.2,4124.25,65810,2714.17,9414,31949,48.55,Others
2023-10-13,OFSS, EQ, 13-Oct-2023,4099.2,4077.25,4138.0,4073.25,4089.25,4100.15,4097.74,34317,1406.22,5111,9533,27.78,Others
2023-10-16,OFSS, EQ, 16-Oct-2023,4100.15,4115.0,4147.45,4089.25,4109.95,4106.5,4119.52,44509,1833.56,6195,16806,37.76,Others
2023-10-17,OFSS, EQ, 17-Oct-2023,4106.5,4144.0,4185.0,4119.7,4175.55,4170.5,4160.98,57563,2395.19,10025,26878,46.69,Others
2023-10-18,OFSS, EQ, 18-Oct-2023,4170.5,4190.0,4204.9,4105.95,4105.95,4132.1,4139.87,69555,2879.49,9231,29673,42.66,Others
2023-10-19,OFSS, EQ, 19-Oct-2023,4132.1,4071.0,4071.0,3969.25,4013.1,4011.45,4023.95,145790,5866.52,15444,62328,42.75,Others
2023-10-20,OFSS, EQ, 20-Oct-2023,4011.45,4012.3,4029.9,3897.0,3928.05,3926.8,3945.5,62782,2477.07,9489,26811,42.7,Others
2023-10-23,OFSS, EQ, 23-Oct-2023,3926.8,3925.0,3980.0,3901.2,3938.0,3933.9,3948.61,110883,4378.33,13890,58196,52.48,Others
2023-10-25,OFSS, EQ, 25-Oct-2023,3933.9,3938.0,3985.0,3913.05,3957.5,3959.55,3954.87,59838,2366.51,13106,24908,41.63,Others
2023-10-26,OFSS, EQ, 26-Oct-2023,3959.55,3950.0,3950.0,3868.8,3920.0,3902.6,3897.48,46324,1805.47,7977,19586,42.28,Others
2023-10-27,OFSS, EQ, 27-Oct-2023,3902.6,3955.0,3955.0,3897.25,3939.0,3932.55,3920.71,70373,2759.12,12087,43878,62.35,Others
2023-10-30,OFSS, EQ, 30-Oct-2023,3932.55,3949.0,3968.85,3877.6,3880.0,3885.3,3899.14,39290,1531.97,6455,19303,49.13,Others
2023-10-31,OFSS, EQ, 31-Oct-2023,3885.3,3904.0,3920.55,3869.25,3872.0,3877.65,3885.57,26556,1031.85,4966,14988,56.44,Others
2023-11-01,OFSS, EQ, 01-Nov-2023,3877.65,3879.95,3949.1,3871.25,3920.0,3916.05,3914.67,55212,2161.37,7606,28945,52.43,Others
2023-11-02,OFSS, EQ, 02-Nov-2023,3916.05,3937.1,3944.9,3890.0,3919.0,3909.2,3914.44,67360,2636.77,6426,46799,69.48,Others
2023-11-03,OFSS, EQ, 03-Nov-2023,3909.2,3920.2,3987.35,3920.2,3935.0,3933.9,3950.95,21661,855.81,4033,10516,48.55,Others
2023-11-06,OFSS, EQ, 06-Nov-2023,3933.9,3967.95,4000.3,3945.0,4000.3,3981.6,3980.68,28210,1122.95,6071,14968,53.06,Others
2023-11-07,OFSS, EQ, 07-Nov-2023,3981.6,3999.0,4000.0,3932.05,3981.95,3960.95,3964.62,131536,5214.91,6704,111904,85.07,Others
2023-11-08,OFSS, EQ, 08-Nov-2023,3960.95,3986.0,4089.4,3930.0,4067.0,4080.25,4053.95,50869,2062.2,9388,15595,30.66,Others
2023-11-09,OFSS, EQ, 09-Nov-2023,4080.25,4100.0,4110.0,4046.8,4061.85,4060.55,4063.11,44854,1822.47,6756,29606,66.01,Others
2023-11-10,OFSS, EQ, 10-Nov-2023,4060.55,4032.05,4074.0,4005.05,4034.35,4019.15,4038.33,32003,1292.39,6867,14915,46.61,Others
2023-11-12,OFSS, EQ, 12-Nov-2023,4019.15,4019.0,4075.05,4018.0,4035.0,4032.4,4043.43,5858,236.86,1264,2794,47.7,Others
2023-11-13,OFSS, EQ, 13-Nov-2023,4032.4,4034.95,4043.9,3987.05,3991.0,3998.25,4005.88,17715,709.64,4239,6886,38.87,Others
2023-11-15,OFSS, EQ, 15-Nov-2023,3998.25,4024.95,4065.0,4012.0,4055.6,4051.45,4040.29,55792,2254.16,8781,28386,50.88,Others
2023-11-16,OFSS, EQ, 16-Nov-2023,4051.45,4052.4,4150.2,4015.2,4138.0,4139.7,4102.78,81374,3338.59,12783,27033,33.22,Others
2023-11-17,OFSS, EQ, 17-Nov-2023,4139.7,4149.9,4253.85,4140.0,4182.0,4180.0,4202.74,110286,4635.04,17270,26445,23.98,Others
2023-11-20,OFSS, EQ, 20-Nov-2023,4180.0,4180.05,4244.75,4175.0,4202.85,4195.0,4205.89,52712,2217.01,11212,23845,45.24,Others
2023-11-21,OFSS, EQ, 21-Nov-2023,4195.0,4240.0,4252.75,4144.5,4154.9,4153.7,4198.03,63142,2650.72,12159,25381,40.2,Others
2023-11-22,OFSS, EQ, 22-Nov-2023,4153.7,4140.0,4185.0,4046.35,4079.7,4082.85,4097.86,72957,2989.68,11815,29817,40.87,Others
2023-11-23,OFSS, EQ, 23-Nov-2023,4082.85,4100.0,4134.4,4063.3,4095.0,4095.05,4093.56,31868,1304.54,6792,10605,33.28,Others
2023-11-24,OFSS, EQ, 24-Nov-2023,4095.05,4100.0,4120.0,4019.5,4027.95,4031.15,4052.53,38581,1563.51,7868,18001,46.66,Others
2023-11-28,OFSS, EQ, 28-Nov-2023,4031.15,4049.9,4049.9,3957.75,4008.0,4025.9,4003.35,139291,5576.31,17277,88051,63.21,Others
2023-11-29,OFSS, EQ, 29-Nov-2023,4025.9,4026.55,4043.8,3991.05,4039.9,4022.75,4013.9,79365,3185.63,14772,38677,48.73,Others
2023-11-30,OFSS, EQ, 30-Nov-2023,4022.75,4039.0,4133.0,3989.0,4048.0,4011.0,4020.97,797448,32065.18,30273,633915,79.49,Others
2023-12-01,OFSS, EQ, 01-Dec-2023,4011.0,4031.0,4080.0,4004.0,4039.0,4043.3,4033.41,47294,1907.56,8360,18820,39.79,Others
2023-12-04,OFSS, EQ, 04-Dec-2023,4043.3,4075.0,4075.0,4025.05,4055.0,4052.0,4051.44,83675,3390.04,11018,45304,54.14,Others
2023-12-05,OFSS, EQ, 05-Dec-2023,4052.0,4071.9,4071.9,3968.0,4036.0,4031.3,4008.94,153560,6156.13,17111,77720,50.61,Others
2023-12-06,OFSS, EQ, 06-Dec-2023,4031.3,4070.0,4152.45,4038.8,4113.1,4111.25,4096.81,192204,7874.24,25282,89658,46.65,Others
2023-12-07,OFSS, EQ, 07-Dec-2023,4111.25,4125.0,4162.0,4083.05,4140.25,4134.15,4130.9,103999,4296.1,13630,55106,52.99,Others
2023-12-08,OFSS, EQ, 08-Dec-2023,4134.15,4140.0,4180.0,4110.0,4133.0,4131.35,4146.13,102079,4232.33,14509,50563,49.53,Others
2023-12-11,OFSS, EQ, 11-Dec-2023,4131.35,4115.0,4242.45,4115.0,4207.2,4212.95,4203.76,136966,5757.72,17927,44328,32.36,Others
2023-12-12,OFSS, EQ, 12-Dec-2023,4212.95,4199.15,4265.95,4096.2,4118.0,4108.8,4184.59,143663,6011.7,22928,51732,36.01,Others
2023-12-13,OFSS, EQ, 13-Dec-2023,4108.8,4078.5,4135.0,4044.35,4095.0,4069.95,4072.78,162177,6605.11,29165,87591,54.01,Others
2023-12-14,OFSS, EQ, 14-Dec-2023,4069.95,4114.8,4219.9,4110.0,4188.0,4166.0,4180.09,160580,6712.39,23899,65202,40.6,Others
2023-12-15,OFSS, EQ, 15-Dec-2023,4166.0,4207.7,4374.95,4178.25,4361.9,4360.75,4322.3,399090,17249.85,48766,135301,33.9,Others
2023-12-18,OFSS, EQ, 18-Dec-2023,4360.75,4379.85,4397.4,4327.4,4379.95,4375.3,4369.56,179741,7853.89,16650,70307,39.12,Others
2023-12-19,OFSS, EQ, 19-Dec-2023,4375.3,4370.0,4387.95,4339.4,4363.65,4373.7,4363.34,56375,2459.83,9042,27181,48.21,Others
2023-12-20,OFSS, EQ, 20-Dec-2023,4373.7,4383.7,4397.55,4167.1,4179.9,4187.1,4304.68,190164,8185.95,26467,89874,47.26,Others
2023-12-21,OFSS, EQ, 21-Dec-2023,4187.1,4130.0,4220.0,4120.0,4199.8,4197.0,4183.01,70907,2966.05,12990,21634,30.51,Others
2023-12-22,OFSS, EQ, 22-Dec-2023,4197.0,4220.0,4234.95,4151.0,4214.5,4212.15,4195.94,74717,3135.08,12722,27815,37.23,Others
2023-12-26,OFSS, EQ, 26-Dec-2023,4212.15,4239.9,4243.95,4149.6,4157.0,4158.7,4182.16,145162,6070.91,9913,102194,70.4,Others
2023-12-27,OFSS, EQ, 27-Dec-2023,4158.7,4167.0,4200.0,4157.5,4196.0,4194.5,4175.17,125786,5251.79,8045,98227,78.09,Others
2023-12-28,OFSS, EQ, 28-Dec-2023,4194.5,4210.95,4210.95,4175.0,4209.0,4197.55,4194.84,50195,2105.6,7040,22748,45.32,Others
2023-12-29,OFSS, EQ, 29-Dec-2023,4197.55,4194.9,4257.45,4175.15,4230.0,4212.8,4205.69,180409,7587.44,15525,122104,67.68,Others
2024-01-01,OFSS, EQ, 01-Jan-2024,4212.8,4300.0,4358.0,4280.0,4316.0,4338.85,4328.97,363086,15717.87,34737,180189,49.63,Others
2024-01-02,OFSS, EQ, 02-Jan-2024,4338.85,4349.9,4508.0,4340.0,4471.7,4466.55,4444.48,339737,15099.53,43881,107413,31.62,Others
2024-01-03,OFSS, EQ, 03-Jan-2024,4466.55,4498.0,4498.0,4326.0,4335.65,4337.4,4388.01,139559,6123.86,20455,59402,42.56,Others
2024-01-04,OFSS, EQ, 04-Jan-2024,4337.4,4330.0,4377.95,4307.25,4342.1,4337.7,4344.36,154455,6710.07,13865,92687,60.01,Others
2024-01-05,OFSS, EQ, 05-Jan-2024,4337.7,4379.9,4566.55,4354.7,4458.65,4457.65,4491.33,496114,22282.11,50289,178346,35.95,Others
2024-01-08,OFSS, EQ, 08-Jan-2024,4457.65,4488.0,4491.0,4333.0,4354.8,4351.65,4392.55,99905,4388.37,15553,46416,46.46,Others
2024-01-09,OFSS, EQ, 09-Jan-2024,4351.65,4414.0,4437.85,4330.0,4334.0,4348.85,4382.36,96627,4234.54,16361,42597,44.08,Others
2024-01-10,OFSS, EQ, 10-Jan-2024,4348.85,4379.75,4379.75,4291.0,4337.0,4334.15,4323.48,93121,4026.07,12483,36540,39.24,Others
2024-01-11,OFSS, EQ, 11-Jan-2024,4334.15,4374.8,4393.4,4321.25,4336.9,4327.1,4353.89,94549,4116.56,11394,55709,58.92,Others
2024-01-12,OFSS, EQ, 12-Jan-2024,4327.1,4384.9,4700.0,4380.05,4680.0,4656.75,4574.75,639005,29232.91,68264,200704,31.41,Others
2024-01-15,OFSS, EQ, 15-Jan-2024,4656.75,4700.0,5105.5,4681.95,5078.5,5070.55,4947.2,1316780,65143.75,122015,462321,35.11,Others
2024-01-16,OFSS, EQ, 16-Jan-2024,5070.55,5050.0,5060.0,4865.5,4928.2,4912.9,4936.53,315994,15599.14,37141,89995,28.48,Others
2024-01-17,OFSS, EQ, 17-Jan-2024,4912.9,4868.0,5109.9,4822.55,5078.7,5086.2,5019.68,676853,33975.88,60858,254590,37.61,Others
2024-01-18,OFSS, EQ, 18-Jan-2024,5086.2,5594.8,6622.8,5594.8,6479.6,6545.5,6193.29,5287747,327485.6,300382,882262,16.69,Others
2024-01-19,OFSS, EQ, 19-Jan-2024,6545.5,6501.0,7173.4,6422.1,6880.05,6877.1,6889.72,5015168,345530.78,459950,337008,6.72,Others
2024-01-20,OFSS, EQ, 20-Jan-2024,6877.1,6949.95,6980.0,6622.0,6698.0,6700.5,6761.63,439220,29698.45,51930,67577,15.39,Others
2024-01-23,OFSS, EQ, 23-Jan-2024,6700.5,6690.0,6690.0,6411.0,6486.0,6489.5,6494.73,493230,32033.94,60071,162466,32.94,Others
2024-01-24,OFSS, EQ, 24-Jan-2024,6489.5,6486.05,6729.4,6460.0,6629.0,6602.35,6606.59,438774,28988.01,50363,122992,28.03,Others
2024-01-25,OFSS, EQ, 25-Jan-2024,6602.35,6661.0,7059.0,6650.0,6695.0,6707.3,6822.54,809697,55241.9,85589,180291,22.27,Others
2024-01-29,OFSS, EQ, 29-Jan-2024,6707.3,6722.2,6757.85,6582.6,6634.5,6631.5,6653.68,200607,13347.74,27166,78822,39.29,Others
2024-01-30,OFSS, EQ, 30-Jan-2024,6631.5,6648.2,6749.0,6411.0,6419.4,6441.55,6534.81,221779,14492.85,28838,115778,52.2,Others
2024-01-31,OFSS, EQ, 31-Jan-2024,6441.55,6444.0,6557.9,6402.05,6521.0,6521.1,6491.26,151480,9832.96,22803,70074,46.26,Others
2024-02-01,OFSS, EQ, 01-Feb-2024,6521.1,6521.0,6521.1,6381.0,6450.0,6443.15,6441.26,103305,6654.15,16149,52639,50.95,Others
2024-02-02,OFSS, EQ, 02-Feb-2024,6443.15,6489.0,6707.95,6440.25,6593.85,6564.1,6564.45,200406,13155.56,25615,87129,43.48,Others
2024-02-05,OFSS, EQ, 05-Feb-2024,6564.1,6586.0,6820.0,6567.75,6618.0,6616.6,6692.47,232016,15527.61,27210,87426,37.68,Others
2024-02-06,OFSS, EQ, 06-Feb-2024,6616.6,6698.0,7099.9,6620.0,7045.0,7034.9,6947.57,508020,35295.05,55539,167897,33.05,Others
2024-02-07,OFSS, EQ, 07-Feb-2024,7034.9,7090.0,7130.0,6850.5,7025.95,7023.7,6984.66,199421,13928.88,27545,54002,27.08,Others
2024-02-08,OFSS, EQ, 08-Feb-2024,7023.7,7069.9,7362.0,7000.45,7258.0,7233.15,7235.93,390965,28289.94,51845,110066,28.15,Others
2024-02-09,OFSS, EQ, 09-Feb-2024,7233.15,7270.05,7590.0,7075.0,7485.0,7525.75,7366.52,416579,30687.37,57881,112268,26.95,Others
2024-02-12,OFSS, EQ, 12-Feb-2024,7525.75,7525.0,7599.0,7136.1,7195.65,7198.8,7368.96,253151,18654.59,31812,101323,40.02,Others
2024-02-13,OFSS, EQ, 13-Feb-2024,7198.8,7199.95,7753.1,7198.8,7685.0,7700.85,7547.77,467045,35251.48,63702,73632,15.77,Others
2024-02-14,OFSS, EQ, 14-Feb-2024,7700.85,7583.35,7848.0,7455.45,7825.0,7765.85,7659.15,296784,22731.13,41072,65644,22.12,Others
2024-02-15,OFSS, EQ, 15-Feb-2024,7765.85,7835.0,8130.0,7620.0,7786.55,7811.8,7882.28,444322,35022.71,60016,115922,26.09,Others
2024-02-16,OFSS, EQ, 16-Feb-2024,7811.8,7880.0,7992.45,7760.0,7880.0,7917.5,7888.26,219218,17292.49,28636,83674,38.17,Others
2024-02-19,OFSS, EQ, 19-Feb-2024,7917.5,7919.95,8027.0,7744.8,7854.0,7817.35,7897.37,176152,13911.38,33656,60474,34.33,Others
2024-02-20,OFSS, EQ, 20-Feb-2024,7817.35,7849.0,7922.0,7700.0,7810.3,7796.25,7796.99,126862,9891.41,23526,43761,34.49,Others
2024-02-21,OFSS, EQ, 21-Feb-2024,7796.25,7801.9,7890.0,7707.85,7748.0,7752.85,7803.62,111685,8715.48,21035,43690,39.12,Others
2024-02-22,OFSS, EQ, 22-Feb-2024,7752.85,7768.85,7934.2,7634.0,7900.8,7909.15,7809.63,227277,17749.49,38212,100489,44.21,Others
2024-02-23,OFSS, EQ, 23-Feb-2024,7909.15,8001.0,8189.45,7873.6,7893.0,7890.3,8024.64,372633,29902.46,54823,99640,26.74,Others
2024-02-26,OFSS, EQ, 26-Feb-2024,7890.3,7905.0,7974.0,7763.85,7883.0,7886.75,7866.24,132941,10457.46,29886,43359,32.62,Others
2024-02-27,OFSS, EQ, 27-Feb-2024,7886.75,7948.2,8014.9,7814.0,7860.0,7849.75,7894.05,132516,10460.88,24619,44939,33.91,Others
2024-02-28,OFSS, EQ, 28-Feb-2024,7849.75,7859.95,7898.25,7622.85,7631.0,7649.35,7725.65,162364,12543.67,29976,60254,37.11,Others
2024-02-29,OFSS, EQ, 29-Feb-2024,7649.35,7630.0,7713.0,7582.6,7700.0,7673.0,7647.08,184882,14138.08,28109,85498,46.24,Others
2024-03-01,OFSS, EQ, 01-Mar-2024,7673.0,7724.95,7840.0,7635.0,7709.9,7710.05,7708.68,81008,6244.64,14471,31739,39.18,Others
2024-03-02,OFSS, EQ, 02-Mar-2024,7710.05,7769.95,7800.0,7725.45,7730.1,7759.5,7764.24,7087,550.25,1565,3576,50.46,Others
2024-03-04,OFSS, EQ, 04-Mar-2024,7759.5,7776.95,7850.0,7701.55,7774.55,7780.8,7762.68,122205,9486.38,21718,50883,41.64,Others
2024-03-05,OFSS, EQ, 05-Mar-2024,7780.8,7774.6,7799.0,7630.8,7725.3,7735.45,7703.21,74394,5730.73,16448,30285,40.71,Others
2024-03-06,OFSS, EQ, 06-Mar-2024,7735.45,7690.0,8070.0,7602.55,8060.0,8006.3,7867.12,229935,18089.25,35957,80925,35.19,Others
2024-03-07,OFSS, EQ, 07-Mar-2024,8006.3,8084.0,8385.0,7954.1,8279.0,8301.8,8230.25,457762,37674.96,65016,80454,17.58,Others
2024-03-11,OFSS, EQ, 11-Mar-2024,8301.8,8472.35,8472.35,8058.05,8111.85,8103.45,8187.28,216571,17731.27,42319,65819,30.39,Others
2024-03-12,OFSS, EQ, 12-Mar-2024,8103.45,8324.95,8619.2,8190.0,8260.0,8270.4,8384.06,1196903,100349.11,163313,185882,15.53,Others
2024-03-13,OFSS, EQ, 13-Mar-2024,8270.4,8370.0,8416.9,7960.0,8030.0,8033.15,8194.58,484645,39714.61,73659,109318,22.56,Others
2024-03-14,OFSS, EQ, 14-Mar-2024,8033.15,8000.0,8499.0,7905.0,8471.95,8470.2,8286.91,411117,34068.89,61815,71829,17.47,Others
2024-03-15,OFSS, EQ, 15-Mar-2024,8470.2,8470.2,8483.95,8145.0,8446.0,8453.3,8359.12,503281,42069.87,74476,179151,35.6,Others
2024-03-18,OFSS, EQ, 18-Mar-2024,8453.3,8480.0,8698.0,8305.0,8602.0,8614.1,8515.5,435341,37071.46,64584,86201,19.8,Others
2024-03-19,OFSS, EQ, 19-Mar-2024,8614.1,8600.0,8645.0,8249.6,8290.0,8274.75,8424.02,405472,34157.05,57386,111173,27.42,Others
2024-03-20,OFSS, EQ, 20-Mar-2024,8274.75,8300.0,8370.7,8128.75,8251.0,8241.8,8243.95,291971,24069.94,46527,62018,21.24,Others
2024-03-21,OFSS, EQ, 21-Mar-2024,8241.8,8321.05,8450.0,8263.1,8410.3,8410.2,8364.06,247898,20734.34,39853,83524,33.69,Others
2024-03-22,OFSS, EQ, 22-Mar-2024,8410.2,8292.1,8448.0,8140.0,8375.0,8378.95,8335.93,288085,24014.58,44764,59221,20.56,Others
2024-03-26,OFSS, EQ, 26-Mar-2024,8378.95,8350.0,8810.0,8300.0,8729.05,8764.3,8636.71,505302,43641.46,60816,111680,22.1,Others
2024-03-27,OFSS, EQ, 27-Mar-2024,8764.3,8795.0,8888.0,8729.05,8805.0,8802.25,8813.22,304430,26830.08,45259,64440,21.17,Others
2024-03-28,OFSS, EQ, 28-Mar-2024,8802.25,8802.25,8894.0,8722.25,8761.0,8774.1,8816.82,243381,21458.46,31467,66952,27.51,Others
2024-04-01,OFSS, EQ, 01-Apr-2024,8774.1,8799.0,9023.0,8780.05,8950.0,8949.65,8954.75,238495,21356.63,42417,69131,28.99,Others
2024-04-02,OFSS, EQ, 02-Apr-2024,8949.65,8860.0,8950.0,8750.0,8825.0,8826.2,8829.3,205259,18122.94,31865,78285,38.14,Others
2024-04-03,OFSS, EQ, 03-Apr-2024,8826.2,8826.2,8947.0,8767.55,8850.0,8838.3,8873.57,148508,13177.96,24225,51840,34.91,Others
2024-04-04,OFSS, EQ, 04-Apr-2024,8838.3,8909.95,8939.95,8702.0,8825.0,8794.05,8806.19,150707,13271.55,29937,52817,35.05,Others
2024-04-05,OFSS, EQ, 05-Apr-2024,8794.05,8765.0,8821.5,8750.1,8799.7,8775.45,8788.34,104436,9178.19,17383,43275,41.44,Others
2024-04-08,OFSS, EQ, 08-Apr-2024,8775.45,8850.0,8864.0,8545.25,8580.0,8563.1,8649.07,210012,18164.09,29930,100094,47.66,Others
2024-04-09,OFSS, EQ, 09-Apr-2024,8563.1,8593.0,8757.0,8370.05,8395.05,8390.4,8520.77,230661,19654.1,36003,86001,37.28,Others
2024-04-10,OFSS, EQ, 10-Apr-2024,8390.4,8425.0,8474.7,8287.55,8325.15,8330.65,8372.9,175896,14727.6,29146,72378,41.15,Others
2024-04-12,OFSS, EQ, 12-Apr-2024,8330.65,8311.0,8349.85,8190.0,8200.0,8204.2,8251.64,280609,23154.85,41691,145628,51.9,Others
2024-04-15,OFSS, EQ, 15-Apr-2024,8204.2,8200.0,8216.75,8037.0,8050.0,8057.55,8133.33,202507,16470.56,30733,78352,38.69,Others
2024-04-16,OFSS, EQ, 16-Apr-2024,8057.55,8013.0,8081.35,7840.7,7855.0,7858.4,7947.51,200925,15968.54,32356,75163,37.41,Others
2024-04-18,OFSS, EQ, 18-Apr-2024,7858.4,7898.0,7989.85,7702.6,7746.35,7725.95,7815.95,324760,25383.08,44724,114215,35.17,Others
2024-04-19,OFSS, EQ, 19-Apr-2024,7725.95,7661.0,7710.8,7526.25,7601.2,7602.75,7622.38,310748,23686.4,42574,110047,35.41,Others
2024-04-22,OFSS, EQ, 22-Apr-2024,7602.75,7660.0,7680.85,7333.0,7525.8,7538.5,7491.46,377745,28298.6,53449,122956,32.55,Others
2024-04-23,OFSS, EQ, 23-Apr-2024,7538.5,7620.0,7641.95,7320.0,7329.2,7346.75,7414.78,423409,31394.84,49957,150846,35.63,Others
2024-04-24,OFSS, EQ, 24-Apr-2024,7346.75,7381.9,7499.0,7339.3,7375.0,7358.8,7410.07,334626,24796.03,47837,149540,44.69,Others
2024-04-25,OFSS, EQ, 25-Apr-2024,7358.8,7151.3,7578.5,7111.0,7179.0,7143.05,7283.39,1100513,80154.61,115739,306128,27.82,Others
2024-04-26,OFSS, EQ, 26-Apr-2024,7143.05,7150.0,7525.0,7140.0,7466.0,7490.6,7379.5,771387,56924.5,80417,286151,37.1,Others
2024-04-29,OFSS, EQ, 29-Apr-2024,7490.6,7590.0,7590.0,7380.0,7450.0,7451.65,7472.53,252212,18846.63,42912,85777,34.01,Others
2024-04-30,OFSS, EQ, 30-Apr-2024,7451.65,7500.95,7659.3,7402.15,7574.0,7598.65,7571.68,424873,32170.04,47926,185975,43.77,Others
2024-05-02,OFSS, EQ, 02-May-2024,7598.65,7615.0,7775.0,7595.05,7760.0,7760.25,7702.37,301938,23256.4,43450,130667,43.28,Others
2024-05-03,OFSS, EQ, 03-May-2024,7760.25,7844.0,7844.0,7710.0,7780.0,7780.7,7767.34,339722,26387.37,34502,176208,51.87,Others
2024-05-06,OFSS, EQ, 06-May-2024,7780.7,7870.0,7907.0,7801.0,7850.0,7860.5,7858.38,314006,24675.78,26599,170799,54.39,Others
2024-05-07,OFSS, EQ, 07-May-2024,7860.5,7725.0,7805.0,7560.2,7660.0,7667.65,7687.45,381686,29341.9,41516,164557,43.11,Others
2024-05-08,OFSS, EQ, 08-May-2024,7667.65,7625.05,7732.35,7620.0,7643.5,7642.75,7668.76,135120,10362.03,23224,57514,42.57,Others
2024-05-09,OFSS, EQ, 09-May-2024,7642.75,7642.75,7700.0,7540.15,7568.0,7560.15,7587.01,145232,11018.77,26813,80032,55.11,Others
2024-05-10,OFSS, EQ, 10-May-2024,7560.15,7570.0,7608.45,7434.0,7595.0,7580.75,7535.68,119050,8971.22,16990,51734,43.46,Others
2024-05-13,OFSS, EQ, 13-May-2024,7580.75,7580.0,7763.95,7517.15,7742.0,7751.8,7652.66,136013,10408.61,23352,54214,39.86,Others
2024-05-14,OFSS, EQ, 14-May-2024,7751.8,7784.65,7870.0,7666.05,7788.4,7829.65,7804.39,136326,10639.41,21189,69116,50.7,Others
2024-05-15,OFSS, EQ, 15-May-2024,7829.65,7849.85,7964.95,7756.5,7769.95,7780.35,7858.28,115498,9076.16,20415,44977,38.94,Others
2024-05-16,OFSS, EQ, 16-May-2024,7780.35,7779.95,7984.0,7770.9,7885.0,7891.75,7906.18,154700,12230.85,24851,55838,36.09,Others
2024-05-17,OFSS, EQ, 17-May-2024,7891.75,7894.95,7913.7,7770.0,7777.0,7786.0,7815.28,97219,7597.93,16812,47317,48.67,Others
2024-05-18,OFSS, EQ, 18-May-2024,7786.0,7840.0,7850.0,7770.05,7804.05,7787.85,7799.01,6853,534.47,1436,3257,47.53,Others
2024-05-21,OFSS, EQ, 21-May-2024,7787.85,7825.0,7827.0,7649.95,7660.25,7669.35,7708.08,69252,5338.0,17887,30499,44.04,Others
2024-05-22,OFSS, EQ, 22-May-2024,7669.35,7669.95,7755.95,7609.0,7644.05,7653.85,7670.43,90367,6931.54,16916,40595,44.92,Others
2024-05-23,OFSS, EQ, 23-May-2024,7653.85,7655.0,7700.1,7605.0,7630.4,7627.6,7649.71,91772,7020.3,14532,49422,53.85,Others
2024-05-24,OFSS, EQ, 24-May-2024,7627.6,7627.6,7675.95,7531.0,7531.0,7542.4,7571.12,73891,5594.38,13805,36408,49.27,Others
2024-05-27,OFSS, EQ, 27-May-2024,7542.4,7584.65,7690.0,7475.0,7555.0,7597.55,7563.98,112088,8478.32,17302,43349,38.67,Others
2024-05-28,OFSS, EQ, 28-May-2024,7597.55,7574.9,7629.9,7525.25,7551.0,7556.25,7561.47,65923,4984.75,12229,33173,50.32,Others
2024-05-29,OFSS, EQ, 29-May-2024,7556.25,7506.25,7582.6,7500.25,7555.0,7552.9,7554.0,116498,8800.26,14702,81583,70.03,Others
2024-05-30,OFSS, EQ, 30-May-2024,7552.9,7549.7,7565.45,7382.0,7445.0,7421.45,7466.9,218846,16341.01,31817,146463,66.93,Others
2024-05-31,OFSS, EQ, 31-May-2024,7421.45,7450.0,7497.0,7368.05,7465.0,7454.95,7423.97,162147,12037.74,24674,99362,61.28,Others
2024-06-03,OFSS, EQ, 03-Jun-2024,7454.95,7526.0,7621.95,7425.75,7565.0,7563.3,7529.98,88251,6645.28,19153,32394,36.71,Others
2024-06-04,OFSS, EQ, 04-Jun-2024,7563.3,7580.0,7580.0,7022.55,7320.0,7290.75,7306.8,279924,20453.5,38962,150363,53.72,Others
2024-06-05,OFSS, EQ, 05-Jun-2024,7290.75,7321.0,7807.95,7290.75,7705.0,7729.05,7686.53,165910,12752.72,28605,73371,44.22,Others
2024-06-06,OFSS, EQ, 06-Jun-2024,7729.05,7749.85,8199.0,7742.45,8182.9,8171.85,8036.61,312109,25082.99,43272,111264,35.65,Others
2024-06-07,OFSS, EQ, 07-Jun-2024,8171.85,8200.0,8507.65,8199.0,8400.0,8406.3,8417.21,319142,26862.84,47985,91230,28.59,Others
2024-06-10,OFSS, EQ, 10-Jun-2024,8406.3,8310.1,8474.4,8137.0,8375.05,8406.25,8309.49,184342,15317.89,23496,67495,36.61,Others
2024-06-11,OFSS, EQ, 11-Jun-2024,8406.25,8400.0,8539.0,8367.55,8415.05,8438.25,8472.1,118275,10020.38,24615,33294,28.15,Others
2024-06-12,OFSS, EQ, 12-Jun-2024,8438.25,8624.95,8935.0,8624.95,8754.0,8742.85,8808.67,639358,56318.97,71964,101116,15.82,Others
2024-06-13,OFSS, EQ, 13-Jun-2024,8742.85,8835.0,9760.0,8802.0,9700.0,9658.0,9414.26,2375475,223633.36,212074,253496,10.67,Others
2024-06-14,OFSS, EQ, 14-Jun-2024,9658.0,9658.0,9793.5,9445.4,9509.75,9510.7,9583.76,770138,73808.17,83711,188322,24.45,Others
2024-06-18,OFSS, EQ, 18-Jun-2024,9510.7,9550.0,9879.0,9522.25,9650.5,9641.85,9710.03,623177,60510.7,73814,167627,26.9,Others
2024-06-19,OFSS, EQ, 19-Jun-2024,9641.85,9695.0,9975.0,9533.65,9830.0,9833.35,9816.62,602326,59128.07,83349,70064,11.63,Others
2024-06-20,OFSS, EQ, 20-Jun-2024,9833.35,9830.1,9925.0,9701.0,9753.2,9735.8,9791.61,239347,23435.93,35676,79035,33.02,Others
2024-06-21,OFSS, EQ, 21-Jun-2024,9735.8,9815.3,9965.3,9690.05,9720.9,9738.9,9809.82,301582,29584.64,37414,105674,35.04,Others
2024-06-24,OFSS, EQ, 24-Jun-2024,9738.9,9660.05,9810.45,9605.0,9786.0,9782.05,9734.04,178150,17341.2,25707,77438,43.47,Others
2024-06-25,OFSS, EQ, 25-Jun-2024,9782.05,9782.1,9819.45,9692.85,9722.0,9727.05,9750.69,122156,11911.06,17285,55932,45.79,Others
2024-06-26,OFSS, EQ, 26-Jun-2024,9727.05,9770.0,9770.4,9460.6,9475.0,9492.1,9556.11,177017,16915.94,28680,70325,39.73,Others
2024-06-27,OFSS, EQ, 27-Jun-2024,9492.1,9476.0,9909.2,9449.0,9895.0,9854.8,9694.4,501309,48598.88,65737,271166,54.09,Others
2024-06-28,OFSS, EQ, 28-Jun-2024,9854.8,9875.0,10050.0,9688.5,9884.0,9882.25,9867.47,498811,49220.03,46981,257365,51.6,Others
2024-07-01,OFSS, EQ, 01-Jul-2024,9882.25,9905.2,10420.0,9890.15,10199.0,10194.25,10239.73,883013,90418.13,101329,320327,36.28,Others
2024-07-02,OFSS, EQ, 02-Jul-2024,10194.25,10261.0,10342.8,10082.0,10244.0,10234.7,10229.54,236562,24199.21,40561,62155,26.27,Others
2024-07-03,OFSS, EQ, 03-Jul-2024,10234.7,10250.1,10448.7,10231.0,10416.0,10431.25,10361.06,220559,22852.24,38406,70436,31.94,Others
2024-07-04,OFSS, EQ, 04-Jul-2024,10431.25,10431.25,10529.95,10375.0,10430.2,10436.75,10467.15,220337,23063.01,33450,77445,35.15,Others
2024-07-05,OFSS, EQ, 05-Jul-2024,10436.75,10488.0,10488.0,10370.05,10434.0,10425.45,10422.87,85779,8940.63,16674,31919,37.21,Others
2024-07-08,OFSS, EQ, 08-Jul-2024,10425.45,10478.9,10500.0,10320.85,10336.1,10360.35,10390.19,83115,8635.81,19969,28404,34.17,Others
2024-07-09,OFSS, EQ, 09-Jul-2024,10360.35,10386.0,10424.95,10233.0,10360.0,10368.9,10334.79,100783,10415.71,23620,40500,40.19,Others
2024-07-10,OFSS, EQ, 10-Jul-2024,10368.9,10300.0,10373.55,10051.0,10249.0,10250.5,10209.31,174464,17811.58,32693,76768,44.0,Others
2024-07-11,OFSS, EQ, 11-Jul-2024,10250.5,10340.0,10350.0,10032.35,10152.6,10151.95,10157.31,154221,15664.7,25082,74128,48.07,Others
2024-07-12,OFSS, EQ, 12-Jul-2024,10151.95,10290.0,10709.95,10128.2,10520.0,10556.85,10497.07,485528,50966.22,75838,174129,35.86,Others
2024-07-15,OFSS, EQ, 15-Jul-2024,10556.85,10691.95,11169.2,10582.5,10925.0,10922.75,10953.79,813652,89125.7,102177,291666,35.85,Others
2024-07-16,OFSS, EQ, 16-Jul-2024,10922.75,10950.0,11240.0,10925.0,11076.0,11092.6,11090.91,504778,55984.49,59720,196657,38.96,Others
2024-07-18,OFSS, EQ, 18-Jul-2024,11092.6,11044.05,11204.2,10827.35,10955.0,10941.95,10935.78,486345,53185.6,62624,228604,47.0,Others
2024-07-19,OFSS, EQ, 19-Jul-2024,10941.95,11220.0,11225.0,10699.6,10877.0,10822.3,10908.43,552895,60312.18,63977,281740,50.96,Others
2024-07-22,OFSS, EQ, 22-Jul-2024,10822.3,10700.0,11055.0,10616.0,10848.0,10804.05,10860.53,249350,27080.74,44538,94592,37.94,Others
2024-07-23,OFSS, EQ, 23-Jul-2024,10804.05,10849.95,11065.45,10370.0,11045.0,10990.45,10869.96,270163,29366.62,52073,94198,34.87,Others
2024-07-24,OFSS, EQ, 24-Jul-2024,10990.45,11039.0,11395.95,11001.0,11150.0,11108.4,11224.13,541750,60806.75,78338,162971,30.08,Others
2024-07-25,OFSS, EQ, 25-Jul-2024,11108.4,10800.0,11370.0,10720.4,11095.8,11084.1,11075.64,807903,89480.4,102389,163862,20.28,Others
2024-07-26,OFSS, EQ, 26-Jul-2024,11084.1,11200.0,11320.0,11051.0,11065.0,11093.65,11169.49,341053,38093.9,55761,139644,40.94,Others
2024-07-29,OFSS, EQ, 29-Jul-2024,11093.65,11203.65,11443.6,11097.5,11260.6,11294.45,11284.3,386712,43637.73,50934,163743,42.34,Others
2024-07-30,OFSS, EQ, 30-Jul-2024,11294.45,11300.0,11300.0,11065.0,11083.0,11104.8,11156.85,141253,15759.39,25645,44578,31.56,Others
2024-07-31,OFSS, EQ, 31-Jul-2024,11104.8,11112.0,11202.1,10942.0,11054.45,11044.85,11054.03,221107,24441.23,28865,108963,49.28,Others
2024-08-01,OFSS, EQ, 01-Aug-2024,11044.85,11180.2,11222.95,10802.55,10900.0,10910.9,10997.45,237189,26084.74,35805,95484,40.26,Others
2024-08-02,OFSS, EQ, 02-Aug-2024,10910.9,10800.8,10848.6,10328.3,10390.05,10389.6,10571.45,245538,25956.94,45541,94124,38.33,Others
2024-08-05,OFSS, EQ, 05-Aug-2024,10389.6,9910.65,10227.45,9605.05,9850.35,9882.6,9879.53,318616,31477.75,53154,81550,25.6,Others
2024-08-06,OFSS, EQ, 06-Aug-2024,9882.6,10144.8,10276.75,9758.8,9830.0,9799.25,10053.31,192285,19331.0,35401,51143,26.6,Others
2024-08-07,OFSS, EQ, 07-Aug-2024,9799.25,9990.0,10098.0,9951.0,10075.0,10038.6,10032.45,136542,13698.51,22255,58784,43.05,Others
2024-08-08,OFSS, EQ, 08-Aug-2024,10038.6,10119.0,10420.0,9960.65,10101.0,10061.35,10176.17,236879,24105.2,39252,81559,34.43,Others
2024-08-09,OFSS, EQ, 09-Aug-2024,10061.35,10263.45,10590.0,10263.45,10575.0,10564.1,10485.4,340538,35706.76,52263,114546,33.64,Others
2024-08-12,OFSS, EQ, 12-Aug-2024,10564.1,10605.2,10785.2,10455.05,10748.0,10734.55,10627.94,319404,33946.05,37127,167346,52.39,Others
2024-08-13,OFSS, EQ, 13-Aug-2024,10734.55,10829.0,10945.0,10600.0,10718.0,10732.0,10793.97,440334,47529.53,57271,220584,50.09,Others
2024-08-14,OFSS, EQ, 14-Aug-2024,10732.0,10786.5,10897.0,10606.9,10633.0,10632.15,10753.57,415397,44670.0,33543,249919,60.16,Others
2024-08-16,OFSS, EQ, 16-Aug-2024,10632.15,10799.8,11007.0,10760.1,10900.0,10898.45,10928.5,435583,47602.69,45675,271504,62.33,Others
2024-08-19,OFSS, EQ, 19-Aug-2024,10898.45,10969.3,11135.9,10900.0,10930.0,10944.15,11008.25,201063,22133.53,24789,90709,45.11,Others
2024-08-20,OFSS, EQ, 20-Aug-2024,10944.15,11030.0,11124.4,10950.8,11028.3,11056.7,11045.66,222688,24597.37,28490,116359,52.25,Others
2024-08-21,OFSS, EQ, 21-Aug-2024,11056.7,11098.0,11198.0,11001.35,11150.45,11158.0,11131.9,223275,24854.74,23082,119982,53.74,Others
2024-08-22,OFSS, EQ, 22-Aug-2024,11158.0,11224.0,11307.0,11020.0,11110.0,11106.05,11141.5,258898,28845.12,26217,154965,59.86,Others
2024-08-23,OFSS, EQ, 23-Aug-2024,11106.05,11161.6,11161.6,10900.0,10931.35,10931.5,10961.24,197480,21646.25,19876,116797,59.14,Others
2024-08-26,OFSS, EQ, 26-Aug-2024,10931.5,11049.0,11187.15,10995.8,11000.0,11007.45,11068.31,235922,26112.58,26596,126945,53.81,Others
2024-08-27,OFSS, EQ, 27-Aug-2024,11007.45,11044.7,11048.95,10833.75,10936.25,10950.1,10939.41,186166,20365.46,25418,103681,55.69,Others
2024-08-28,OFSS, EQ, 28-Aug-2024,10950.1,10954.55,11142.75,10894.95,10999.5,11020.5,11037.96,335216,37001.01,40133,191571,57.15,Others
2024-08-29,OFSS, EQ, 29-Aug-2024,11020.5,10999.0,11009.0,10762.0,11000.0,10807.75,10834.79,349528,37870.62,35885,190366,54.46,Others
2024-08-30,OFSS, EQ, 30-Aug-2024,10807.75,10888.8,11266.95,10727.8,10799.95,10988.7,11009.1,3031738,333767.0,136666,2120660,69.95,Others
2024-09-02,OFSS, EQ, 02-Sep-2024,10988.7,10874.05,11024.0,10720.75,10925.2,10937.75,10885.82,248927,27097.74,38559,102390,41.13,Others
2024-09-03,OFSS, EQ, 03-Sep-2024,10937.75,10980.0,11575.0,10928.2,11470.0,11455.25,11357.32,498450,56610.58,62481,104781,21.02,Others
2024-09-04,OFSS, EQ, 04-Sep-2024,11455.25,11349.0,11350.0,11133.0,11237.0,11224.0,11239.17,207209,23288.58,34744,48579,23.44,Others
2024-09-05,OFSS, EQ, 05-Sep-2024,11224.0,11299.9,11319.0,11160.15,11271.0,11267.1,11251.17,140806,15842.33,27813,47734,33.9,Others
2024-09-06,OFSS, EQ, 06-Sep-2024,11267.1,11250.05,11333.0,10805.45,10864.0,10847.8,11027.83,158478,17476.68,29803,59098,37.29,Others
2024-09-09,OFSS, EQ, 09-Sep-2024,10847.8,10850.0,11024.2,10759.4,10950.25,10922.45,10903.98,138898,15145.41,26507,54443,39.2,Others
2024-09-10,OFSS, EQ, 10-Sep-2024,10922.45,11300.0,11449.8,11030.0,11260.0,11257.3,11251.27,359537,40452.47,50268,85161,23.69,Others
2024-09-11,OFSS, EQ, 11-Sep-2024,11257.3,11402.0,11566.6,11214.95,11412.5,11362.65,11406.65,286214,32647.43,40927,67530,23.59,Others
2024-09-12,OFSS, EQ, 12-Sep-2024,11362.65,11507.1,11717.0,11477.25,11595.7,11575.6,11610.15,341188,39612.43,41703,82034,24.04,Others
2024-09-13,OFSS, EQ, 13-Sep-2024,11575.6,11639.0,12313.55,11590.35,12235.0,12261.9,12052.11,700341,84405.84,76831,176087,25.14,Others
2024-09-16,OFSS, EQ, 16-Sep-2024,12261.9,12250.0,12360.0,11982.15,12260.0,12239.1,12201.12,377298,46034.59,46920,111509,29.55,Others
2024-09-17,OFSS, EQ, 17-Sep-2024,12239.1,12250.0,12619.0,12219.25,12265.0,12280.45,12430.81,450197,55963.16,64594,95327,21.17,Others
2024-09-18,OFSS, EQ, 18-Sep-2024,12280.45,12299.0,12299.0,11075.25,11240.0,11259.5,11467.29,856150,98177.19,114088,170046,19.86,Others
2024-09-19,OFSS, EQ, 19-Sep-2024,11259.5,11547.6,11549.95,10651.25,10900.0,11043.95,11009.52,888273,97794.59,101560,189144,21.29,Others
2024-09-20,OFSS, EQ, 20-Sep-2024,11043.95,11115.0,11411.25,11012.2,11340.0,11371.6,11296.47,561495,63429.14,67804,242725,43.23,Others
2024-09-23,OFSS, EQ, 23-Sep-2024,11371.6,11395.0,11533.3,11271.6,11360.0,11430.9,11430.74,255526,29208.52,29584,130846,51.21,Others
2024-09-24,OFSS, EQ, 24-Sep-2024,11430.9,11400.0,11673.0,11351.3,11638.5,11630.0,11564.5,256723,29688.72,27233,127263,49.57,Others
2024-09-25,OFSS, EQ, 25-Sep-2024,11630.0,11627.05,11663.3,11091.05,11189.9,11187.9,11297.71,327212,36967.47,37980,128260,39.2,Others
2024-09-26,OFSS, EQ, 26-Sep-2024,11187.9,11230.95,11353.0,11220.8,11283.95,11279.65,11291.03,249828,28208.16,28146,149746,59.94,Others
2024-09-27,OFSS, EQ, 27-Sep-2024,11279.65,11417.0,11645.0,11326.8,11440.0,11392.8,11467.17,223731,25655.62,25580,93222,41.67,Others
2024-09-30,OFSS, EQ, 30-Sep-2024,11392.8,11392.0,11487.0,11265.55,11450.0,11458.7,11391.69,105479,12015.84,21328,56014,53.1,Others
2024-10-01,OFSS, EQ, 01-Oct-2024,11458.7,11400.1,11497.0,11316.15,11427.8,11442.65,11412.42,54125,6176.97,12193,20641,38.14,Others
2024-10-03,OFSS, EQ, 03-Oct-2024,11442.65,11280.0,11492.9,11060.0,11196.7,11173.75,11212.11,149736,16788.56,28764,76568,51.14,Others
2024-10-04,OFSS, EQ, 04-Oct-2024,11173.75,11171.7,11437.7,10901.0,10941.5,10951.2,11156.8,191185,21330.12,24746,90928,47.56,Others
2024-10-07,OFSS, EQ, 07-Oct-2024,10951.2,11050.0,11153.95,10784.0,10938.15,10944.4,10976.71,252254,27689.2,26733,143218,56.78,Others
2024-10-08,OFSS, EQ, 08-Oct-2024,10944.4,10980.0,11249.0,10723.0,11249.0,11199.1,11023.19,123076,13566.9,23114,53322,43.32,Others
2024-10-09,OFSS, EQ, 09-Oct-2024,11199.1,11262.0,11755.6,11261.95,11635.55,11653.05,11604.11,181836,21100.45,36181,74914,41.2,Others
2024-10-10,OFSS, EQ, 10-Oct-2024,11653.05,11733.85,11845.0,11313.05,11513.4,11466.65,11620.05,188860,21945.63,30897,84781,44.89,Others
2024-10-11,OFSS, EQ, 11-Oct-2024,11466.65,11468.0,11699.0,11401.2,11566.0,11556.4,11538.64,87217,10063.66,15344,28236,32.37,Others
2024-10-14,OFSS, EQ, 14-Oct-2024,11556.4,11584.95,11800.0,11515.5,11750.0,11731.45,11656.36,69155,8060.95,15364,27122,39.22,Others
2024-10-15,OFSS, EQ, 15-Oct-2024,11731.45,11834.95,11881.85,11725.0,11786.2,11817.3,11821.84,128502,15191.31,21539,74338,57.85,Others
2024-10-16,OFSS, EQ, 16-Oct-2024,11817.3,11730.0,11816.9,11518.3,11589.8,11571.95,11607.44,208236,24170.87,37122,110785,53.2,Others
2024-10-17,OFSS, EQ, 17-Oct-2024,11571.95,11589.95,11699.0,11378.95,11506.0,11502.45,11536.64,95010,10960.96,21243,45378,47.76,Others
2024-10-18,OFSS, EQ, 18-Oct-2024,11502.45,11473.7,11599.0,11301.05,11590.0,11583.6,11509.07,77607,8931.85,18072,34507,44.46,Others
2024-10-21,OFSS, EQ, 21-Oct-2024,11583.6,11627.0,11659.0,11152.0,11175.0,11196.5,11362.26,108502,12328.28,21782,55766,51.4,Others
2024-10-22,OFSS, EQ, 22-Oct-2024,11196.5,11250.0,11390.0,10814.1,10890.7,10890.55,11157.37,156820,17496.99,34643,79706,50.83,Others
2024-10-23,OFSS, EQ, 23-Oct-2024,10890.55,10899.0,11402.95,10872.1,11210.0,11214.15,11234.51,192175,21589.91,40005,92751,48.26,Others
2024-10-24,OFSS, EQ, 24-Oct-2024,11214.15,11278.0,11365.0,10570.3,10730.0,10682.4,11003.7,204311,22481.76,36208,89803,43.95,Others
2024-10-25,OFSS, EQ, 25-Oct-2024,10682.4,10475.0,11154.7,10428.85,10889.0,10888.05,10928.08,432097,47219.91,66281,144356,33.41,Others
2024-10-28,OFSS, EQ, 28-Oct-2024,10888.05,10869.2,11131.6,10787.3,10943.3,10990.3,11002.42,102138,11237.65,18899,45239,44.29,Others
2024-10-29,OFSS, EQ, 29-Oct-2024,10990.3,11075.7,11080.0,10681.0,10919.85,10990.4,10869.69,72733,7905.85,17558,24136,33.18,Others
2024-10-30,OFSS, EQ, 30-Oct-2024,10990.4,11086.9,11500.0,10995.0,11260.0,11267.0,11300.51,123787,13988.57,30246,45698,36.92,Others
2024-10-31,OFSS, EQ, 31-Oct-2024,11267.0,11267.0,11294.7,10644.0,10920.0,10886.5,10846.77,218143,23661.48,48005,78342,35.91,Others
2024-11-01,OFSS, EQ, 01-Nov-2024,10886.5,10886.5,11099.0,10775.0,10840.9,10822.35,10854.72,14599,1584.68,3203,5919,40.54,Others
2024-11-04,OFSS, EQ, 04-Nov-2024,10822.35,10823.25,10940.4,10725.15,10804.7,10842.8,10832.61,98808,10703.49,19300,50463,51.07,Others
2024-11-05,OFSS, EQ, 05-Nov-2024,10842.8,10840.0,10949.95,10775.0,10939.0,10938.35,10857.95,79690,8652.7,22100,37969,47.65,Others
2024-11-06,OFSS, EQ, 06-Nov-2024,10938.35,11083.55,11600.0,11038.1,11560.0,11561.0,11412.13,145380,16590.96,30677,43757,30.1,Others
2024-11-07,OFSS, EQ, 07-Nov-2024,11561.0,11600.0,11665.2,11250.0,11383.55,11423.3,11433.71,73472,8400.58,18886,31638,43.06,Others
2024-11-08,OFSS, EQ, 08-Nov-2024,11423.3,11410.0,11749.95,11410.0,11510.0,11518.15,11593.13,97671,11323.13,22128,39331,40.27,Others
2024-11-11,OFSS, EQ, 11-Nov-2024,11518.15,11500.0,11985.0,11397.85,11930.0,11932.8,11861.76,160844,19078.93,38383,73085,45.44,Others
2024-11-12,OFSS, EQ, 12-Nov-2024,11932.8,11989.0,12141.95,11783.15,11860.1,11855.75,11904.02,150298,17891.51,31729,70462,46.88,Others
2024-11-13,OFSS, EQ, 13-Nov-2024,11855.75,11840.05,11977.55,11681.6,11750.0,11762.15,11805.14,94042,11101.79,26028,41825,44.47,Others
2024-11-14,OFSS, EQ, 14-Nov-2024,11762.15,11729.95,12004.5,11700.1,11830.0,11768.55,11829.82,108716,12860.91,28996,49286,45.33,Others
2024-11-18,OFSS, EQ, 18-Nov-2024,11768.55,11800.45,11844.9,11009.4,11265.0,11272.25,11489.92,179726,20650.37,33019,69653,38.76,Others
2024-11-19,OFSS, EQ, 19-Nov-2024,11272.25,11275.0,11562.55,11096.55,11114.0,11169.05,11359.88,127844,14522.93,31356,63440,49.62,Others
2024-11-21,OFSS, EQ, 21-Nov-2024,11169.05,11126.0,11280.45,11020.0,11111.0,11141.9,11172.11,86133,9622.87,19963,32051,37.21,Others
2024-11-22,OFSS, EQ, 22-Nov-2024,11141.9,11249.95,11598.95,11249.95,11550.1,11516.4,11479.71,146976,16872.42,29961,69145,47.05,Others
2024-11-25,OFSS, EQ, 25-Nov-2024,11516.4,11780.0,12022.0,11630.0,11955.3,11958.25,11891.14,254970,30318.85,41912,163575,64.15,Others
2024-11-26,OFSS, EQ, 26-Nov-2024,11958.25,11958.0,11994.15,11678.8,11739.95,11742.4,11779.64,65699,7739.1,15559,29803,45.36,Others
2024-11-27,OFSS, EQ, 27-Nov-2024,11742.4,11775.0,11949.85,11729.15,11780.0,11868.75,11856.68,70895,8405.8,19503,35996,50.77,Others
2024-11-28,OFSS, EQ, 28-Nov-2024,11868.75,11860.0,11860.0,11471.35,11700.0,11658.1,11639.78,95980,11171.86,22722,33662,35.07,Others
2024-11-29,OFSS, EQ, 29-Nov-2024,11658.1,11700.0,11836.0,11615.05,11699.0,11696.45,11712.08,72200,8456.12,19162,36915,51.13,Others
2024-12-02,OFSS, EQ, 02-Dec-2024,11696.45,11695.0,12299.0,11670.9,12292.0,12266.5,12102.65,115769,14011.12,23808,51787,44.73,Others
2024-12-03,OFSS, EQ, 03-Dec-2024,12266.5,12346.2,12599.0,12276.05,12528.4,12524.85,12468.46,120278,14996.81,28177,49065,40.79,Others
2024-12-04,OFSS, EQ, 04-Dec-2024,12524.85,12565.0,12691.1,12332.2,12410.0,12417.6,12452.13,102920,12815.73,27852,43938,42.69,Others
2024-12-05,OFSS, EQ, 05-Dec-2024,12417.6,12460.0,12550.25,12290.3,12445.0,12440.9,12439.31,118244,14708.74,20110,75131,63.54,Others
2024-12-06,OFSS, EQ, 06-Dec-2024,12440.9,12440.9,12849.95,12440.9,12606.85,12579.5,12656.32,125428,15874.57,26934,55317,44.1,Others
2024-12-09,OFSS, EQ, 09-Dec-2024,12579.5,12640.0,12715.8,12503.25,12575.1,12585.0,12600.54,71243,8977.0,16746,43830,61.52,Others
2024-12-10,OFSS, EQ, 10-Dec-2024,12585.0,12150.0,12375.0,11874.65,12295.0,12245.25,12165.76,261653,31832.08,51100,72097,27.55,Others
2024-12-11,OFSS, EQ, 11-Dec-2024,12245.25,12200.0,12347.9,12105.0,12205.15,12246.9,12215.0,73779,9012.11,20232,30700,41.61,Others
2024-12-12,OFSS, EQ, 12-Dec-2024,12246.9,12260.5,12395.75,12057.85,12100.0,12095.35,12177.84,75811,9232.14,19342,36376,47.98,Others
2024-12-13,OFSS, EQ, 13-Dec-2024,12095.35,12092.8,12308.0,12055.0,12275.5,12283.8,12200.89,102224,12472.23,24503,45970,44.97,Others
2024-12-16,OFSS, EQ, 16-Dec-2024,12283.8,12300.25,12564.95,12299.0,12449.95,12456.0,12466.38,99486,12402.3,25770,49844,50.1,Others
2024-12-17,OFSS, EQ, 17-Dec-2024,12456.0,12461.9,12577.85,12370.8,12379.9,12430.05,12455.2,81786,10186.61,20256,48170,58.9,Others
2024-12-18,OFSS, EQ, 18-Dec-2024,12430.05,12418.1,12549.75,12234.0,12415.0,12376.5,12433.83,74827,9303.86,14197,36254,48.45,Others
2024-12-19,OFSS, EQ, 19-Dec-2024,12376.5,12055.45,12924.0,11995.0,12800.0,12830.4,12485.36,556116,69433.06,42324,407031,73.19,Others
2024-12-20,OFSS, EQ, 20-Dec-2024,12830.4,12949.15,12983.55,12168.05,12299.0,12247.55,12461.87,132859,16556.72,30571,50885,38.3,Others
2024-12-23,OFSS, EQ, 23-Dec-2024,12247.55,12398.9,12398.9,12142.15,12257.0,12269.55,12254.87,314554,38548.18,19865,259660,82.55,Others
2024-12-24,OFSS, EQ, 24-Dec-2024,12269.55,12300.0,12453.3,12225.0,12295.0,12299.5,12293.5,183934,22611.93,16528,134380,73.06,Others
2024-12-26,OFSS, EQ, 26-Dec-2024,12299.5,12299.9,12423.3,12070.05,12358.25,12279.6,12214.71,132983,16243.48,17275,68292,51.35,Others
2024-12-27,OFSS, EQ, 27-Dec-2024,12279.6,12335.0,12784.75,12297.6,12645.0,12646.6,12595.11,131029,16503.25,31024,37474,28.6,Others
2024-12-30,OFSS, EQ, 30-Dec-2024,12646.6,12659.95,13220.0,12586.0,12850.15,12945.45,12796.84,296573,37951.97,59278,187454,63.21,Others
2024-12-31,OFSS, EQ, 31-Dec-2024,12945.45,12861.05,12888.0,12330.05,12800.0,12789.45,12696.43,202577,25720.05,37288,101037,49.88,Others
2025-01-01,OFSS, EQ, 01-Jan-2025,12789.45,12789.45,12879.95,12520.55,12608.05,12630.4,12632.31,71597,9044.36,20361,20555,28.71,Others
2025-01-02,OFSS, EQ, 02-Jan-2025,12630.4,12690.0,12764.5,12610.1,12650.0,12648.35,12693.67,116848,14832.3,27681,57551,49.25,Others
2025-01-03,OFSS, EQ, 03-Jan-2025,12648.35,12710.0,12798.85,12430.25,12452.0,12518.05,12572.63,112999,14206.95,27940,39242,34.73,Others
2025-01-06,OFSS, EQ, 06-Jan-2025,12518.05,12444.0,12560.0,11950.0,12016.8,12001.15,12157.24,91120,11077.68,22618,34807,38.2,Others
2025-01-07,OFSS, EQ, 07-Jan-2025,12001.15,12031.8,12220.0,12031.8,12139.0,12146.85,12157.32,56206,6833.14,15421,20567,36.59,Others
2025-01-08,OFSS, EQ, 08-Jan-2025,12146.85,12119.0,12119.0,11557.35,11960.0,11979.85,11802.73,230698,27228.67,36348,111549,48.35,Others
2025-01-09,OFSS, EQ, 09-Jan-2025,11979.85,11979.85,11989.95,11650.0,11685.0,11727.05,11814.19,92192,10891.74,18351,41241,44.73,Others
2025-01-10,OFSS, EQ, 10-Jan-2025,11727.05,11660.0,11888.9,11402.2,11455.95,11451.35,11578.62,96024,11118.25,22809,28399,29.57,Others
2025-01-13,OFSS, EQ, 13-Jan-2025,11451.35,11339.75,11399.95,10785.0,10857.6,10846.85,11066.84,122849,13595.5,28383,37956,30.9,Others
2025-01-14,OFSS, EQ, 14-Jan-2025,10846.85,10909.95,11007.05,10584.1,10700.0,10747.1,10748.28,147770,15882.74,41682,62917,42.58,Others
2025-01-15,OFSS, EQ, 15-Jan-2025,10747.1,10750.0,10828.9,10445.6,10593.9,10550.35,10586.25,186595,19753.42,34539,60276,32.3,Others
2025-01-16,OFSS, EQ, 16-Jan-2025,10550.35,10000.0,10954.55,9880.0,10200.0,10189.85,10207.12,929106,94834.99,134368,237245,25.53,Others
2025-01-17,OFSS, EQ, 17-Jan-2025,10189.85,10064.55,10262.95,9975.0,10036.1,10027.15,10074.54,191124,19254.86,32609,53115,27.79,Others
2025-01-20,OFSS, EQ, 20-Jan-2025,10027.15,9999.05,10074.05,9745.0,9952.6,10017.5,9900.16,227279,22500.99,40091,83113,36.57,Others
2025-01-21,OFSS, EQ, 21-Jan-2025,10017.5,10017.5,10265.0,9728.3,9738.0,9765.9,9949.3,155630,15484.09,30980,48436,31.12,Others
2025-01-22,OFSS, EQ, 22-Jan-2025,9765.9,9895.95,10034.95,9480.0,9592.0,9593.2,9679.75,268514,25991.49,40891,110398,41.11,Others
2025-01-23,OFSS, EQ, 23-Jan-2025,9593.2,9670.0,10230.0,9650.05,10040.05,10056.7,10058.58,320690,32256.86,60431,79785,24.88,Others
2025-01-24,OFSS, EQ, 24-Jan-2025,10056.7,10058.5,10125.5,9766.45,9810.0,9805.65,9939.23,112936,11224.97,27890,31431,27.83,Others
2025-01-27,OFSS, EQ, 27-Jan-2025,9805.65,9705.0,9790.0,9261.7,9279.45,9299.0,9426.76,194147,18301.77,38644,71740,36.95,Others
2025-01-28,OFSS, EQ, 28-Jan-2025,9299.0,9235.0,9372.0,8941.0,9256.0,9246.5,9151.54,231027,21142.53,39708,71112,30.78,Others
2025-01-29,OFSS, EQ, 29-Jan-2025,9246.5,9300.9,9625.0,9300.9,9547.0,9536.5,9525.75,182919,17424.41,35404,55983,30.61,Others
2025-01-30,OFSS, EQ, 30-Jan-2025,9536.5,9536.05,9611.5,8960.0,9000.0,8994.6,9228.4,278975,25744.92,44626,77375,27.74,Others
2025-01-31,OFSS, EQ, 31-Jan-2025,8994.6,9059.05,9288.0,9019.85,9149.95,9122.05,9149.77,155215,14201.82,27529,62341,40.16,Others
2025-02-01,OFSS, EQ, 01-Feb-2025,9122.05,9100.0,9181.25,8209.85,8899.0,8893.25,8880.55,134594,11952.69,24875,27659,20.55,Others
2025-02-03,OFSS, EQ, 03-Feb-2025,8893.25,8838.1,9241.0,8630.1,9200.0,9208.6,9039.45,146156,13211.7,30701,47864,32.75,Others
2025-02-04,OFSS, EQ, 04-Feb-2025,9208.6,9220.9,9370.0,9056.5,9240.0,9223.6,9219.66,108194,9975.12,27633,35328,32.65,Others
2025-02-05,OFSS, EQ, 05-Feb-2025,9223.6,9245.0,9448.15,9245.0,9289.05,9312.15,9378.23,117659,11034.33,30112,59090,50.22,Others
2025-02-06,OFSS, EQ, 06-Feb-2025,9312.15,9384.8,9476.4,9231.5,9289.05,9273.65,9356.4,102307,9572.25,27266,49856,48.73,Others
2025-02-07,OFSS, EQ, 07-Feb-2025,9273.65,9333.95,9514.9,9222.6,9433.0,9452.7,9396.91,111132,10442.98,28061,46102,41.48,Others
2025-02-10,OFSS, EQ, 10-Feb-2025,9452.7,9430.1,9471.7,9242.0,9270.0,9288.2,9320.06,77774,7248.58,26115,35052,45.07,Others
2025-02-11,OFSS, EQ, 11-Feb-2025,9288.2,9250.0,9339.25,9022.8,9130.1,9135.0,9170.04,79790,7316.77,20584,30551,38.29,Others
2025-02-12,OFSS, EQ, 12-Feb-2025,9135.0,9174.0,9174.0,8901.0,9044.85,9044.3,9008.95,106087,9557.33,30630,30698,28.94,Others
2025-02-13,OFSS, EQ, 13-Feb-2025,9044.3,9000.0,9194.5,8919.0,8981.0,9002.65,9037.23,61745,5580.04,17322,20934,33.9,Others
2025-02-14,OFSS, EQ, 14-Feb-2025,9002.65,9100.0,9122.2,8810.0,8905.0,8962.95,8936.32,73852,6599.65,19250,27211,36.85,Others
2025-02-17,OFSS, EQ, 17-Feb-2025,8962.95,8910.0,8962.0,8674.15,8792.35,8797.15,8786.01,116078,10198.62,28472,52409,45.15,Others
2025-02-18,OFSS, EQ, 18-Feb-2025,8797.15,8800.0,8888.0,8626.85,8695.45,8756.7,8730.24,126590,11051.62,30665,41235,32.57,Others
2025-02-19,OFSS, EQ, 19-Feb-2025,8756.7,8726.05,8923.85,8700.0,8799.0,8793.4,8810.01,53084,4676.71,16810,19122,36.02,Others
2025-02-20,OFSS, EQ, 20-Feb-2025,8793.4,8779.0,8834.85,8625.0,8720.0,8679.8,8720.5,117119,10213.36,24677,66760,57.0,Others
2025-02-21,OFSS, EQ, 21-Feb-2025,8679.8,8686.0,8724.4,8282.0,8389.0,8405.0,8423.93,185897,15659.84,43164,56316,30.29,Others
2025-02-24,OFSS, EQ, 24-Feb-2025,8405.0,8348.55,8379.0,8190.0,8359.0,8333.25,8282.38,101181,8380.2,20827,40005,39.54,Others
2025-02-25,OFSS, EQ, 25-Feb-2025,8333.25,8325.0,8356.15,8181.0,8189.0,8208.9,8246.84,80633,6649.68,20358,29019,35.99,Others
2025-02-27,OFSS, EQ, 27-Feb-2025,8208.9,8210.05,8258.0,8025.5,8093.1,8082.25,8085.52,110023,8895.94,29801,47661,43.32,Others
2025-02-28,OFSS, EQ, 28-Feb-2025,8082.25,8000.0,8002.5,7545.0,7759.0,7763.9,7718.68,240082,18531.17,42419,119225,49.66,Others
2025-03-03,OFSS, EQ, 03-Mar-2025,7763.9,7801.75,7887.0,7558.05,7828.35,7836.8,7706.32,146378,11280.36,32536,66475,45.41,Others
2025-03-04,OFSS, EQ, 04-Mar-2025,7836.8,7790.0,7920.05,7620.5,7634.0,7634.45,7733.53,138586,10717.58,30797,62125,44.83,Others
2025-03-05,OFSS, EQ, 05-Mar-2025,7634.45,7635.75,8000.0,7635.75,7905.0,7920.45,7901.09,199318,15748.3,41055,75196,37.73,Others
2025-03-06,OFSS, EQ, 06-Mar-2025,7920.45,8050.0,8080.0,7778.0,7797.0,7824.9,7877.67,156271,12310.52,33686,73996,47.35,Others
2025-03-07,OFSS, EQ, 07-Mar-2025,7824.9,7752.0,7769.95,7527.0,7538.0,7569.1,7605.39,307003,23348.78,53132,110172,35.89,Others
2025-03-10,OFSS, EQ, 10-Mar-2025,7569.1,7566.75,7606.6,7360.0,7390.0,7388.3,7468.31,186586,13934.82,30934,80002,42.88,Others
2025-03-11,OFSS, EQ, 11-Mar-2025,7388.3,7235.0,7564.0,7201.4,7540.0,7532.6,7450.76,190559,14198.1,35334,73509,38.58,Others
2025-03-12,OFSS, EQ, 12-Mar-2025,7532.6,7528.0,7542.45,7131.9,7305.0,7296.2,7261.97,230330,16726.5,31835,84942,36.88,Others
2025-03-13,OFSS, EQ, 13-Mar-2025,7296.2,7370.0,7464.05,7281.4,7322.95,7328.0,7361.01,145595,10717.26,34887,55256,37.95,Others
2025-03-17,OFSS, EQ, 17-Mar-2025,7328.0,7343.0,7490.0,7340.5,7478.0,7481.7,7427.08,219002,16265.45,18900,163186,74.51,Others
2025-03-18,OFSS, EQ, 18-Mar-2025,7481.7,7510.7,7620.0,7470.25,7590.35,7584.55,7562.77,100562,7605.27,17661,47835,47.57,Others
2025-03-19,OFSS, EQ, 19-Mar-2025,7584.55,7599.95,7694.0,7377.75,7676.9,7674.85,7550.25,151859,11465.74,28889,60493,39.83,Others
2025-03-20,OFSS, EQ, 20-Mar-2025,7674.85,7793.5,7838.0,7531.65,7590.0,7578.8,7628.76,326426,24902.25,45513,185360,56.78,Others
2025-03-21,OFSS, EQ, 21-Mar-2025,7578.8,7500.0,7705.8,7451.0,7644.8,7644.4,7632.32,228080,17407.8,35836,108927,47.76,Others
2025-03-24,OFSS, EQ, 24-Mar-2025,7644.4,7770.0,8048.0,7610.0,7955.0,7961.15,7903.09,234142,18504.46,39542,86474,36.93,Others
2025-03-25,OFSS, EQ, 25-Mar-2025,7961.15,8048.1,8151.0,7795.4,7950.0,7963.95,7979.59,267380,21335.83,43820,90492,33.84,Others
2025-03-26,OFSS, EQ, 26-Mar-2025,7963.95,7999.95,8055.55,7828.5,7868.0,7889.05,7954.27,112028,8911.01,18741,47018,41.97,Others
2025-03-27,OFSS, EQ, 27-Mar-2025,7889.05,7774.0,8018.3,7774.0,7861.0,7866.25,7890.79,286752,22626.98,37124,158979,55.44,Others
2025-03-28,OFSS, EQ, 28-Mar-2025,7866.25,7930.0,7936.95,7690.0,7820.0,7850.9,7837.34,152932,11985.8,35113,69566,45.49,Others
2025-04-01,OFSS, EQ, 01-Apr-2025,7850.9,7709.0,7800.0,7567.0,7605.0,7585.35,7649.29,141821,10848.3,32465,66351,46.79,Others
2025-04-02,OFSS, EQ, 02-Apr-2025,7585.35,7616.0,7787.3,7590.0,7754.0,7766.85,7697.47,156132,12018.21,26286,58564,37.51,Others
2025-04-03,OFSS, EQ, 03-Apr-2025,7766.85,7679.95,7679.95,7500.0,7615.0,7581.3,7576.45,174309,13206.43,25251,75287,43.19,Others
2025-04-04,OFSS, EQ, 04-Apr-2025,7581.3,7555.0,7638.95,7451.15,7550.0,7521.55,7526.44,179350,13498.68,27998,88210,49.18,Others
2025-04-07,OFSS, EQ, 07-Apr-2025,7521.55,7235.0,7349.0,7038.0,7330.1,7294.15,7186.46,182758,13133.83,33110,87458,47.85,Others
2025-04-08,OFSS, EQ, 08-Apr-2025,7294.15,7425.0,7578.0,7240.0,7560.0,7545.95,7455.14,147706,11011.69,24374,58843,39.84,Others
2025-04-09,OFSS, EQ, 09-Apr-2025,7545.95,7502.45,7548.65,7309.6,7398.6,7401.1,7402.62,111108,8224.91,22483,41473,37.33,Others
2025-04-11,OFSS, EQ, 11-Apr-2025,7401.1,7600.0,7649.95,7511.15,7596.0,7579.85,7578.97,116992,8866.79,19861,49618,42.41,Others
2025-04-15,OFSS, EQ, 15-Apr-2025,7579.85,7652.0,7818.5,7621.0,7807.0,7796.0,7733.33,138731,10728.53,29379,78253,56.41,Others
2025-04-16,OFSS, EQ, 16-Apr-2025,7796.0,7825.0,7952.5,7765.5,7940.0,7882.5,7825.7,115104,9007.7,22061,48391,42.04,Others
2025-04-17,OFSS, EQ, 17-Apr-2025,7882.5,7831.0,7998.0,7817.0,7935.5,7950.0,7941.46,174520,13859.44,36598,86256,49.42,Others
2025-04-21,OFSS, EQ, 21-Apr-2025,7950.0,7969.5,8311.5,7960.5,8147.0,8132.5,8216.19,410248,33706.75,62404,192598,46.95,Others
2025-04-22,OFSS, EQ, 22-Apr-2025,8132.5,8169.0,8245.0,8012.5,8190.0,8183.0,8177.96,103304,8448.16,23536,34633,33.53,Others
2025-04-23,OFSS, EQ, 23-Apr-2025,8183.0,8295.0,8655.0,8266.5,8650.0,8617.5,8492.22,296818,25206.44,53331,98595,33.22,Others
2025-04-24,OFSS, EQ, 24-Apr-2025,8617.5,8699.0,8819.0,8675.5,8720.0,8765.5,8734.93,337156,29450.36,47502,154310,45.77,Others
2025-04-25,OFSS, EQ, 25-Apr-2025,8765.5,8820.0,8865.0,8460.0,8582.0,8604.0,8645.99,279186,24138.39,54252,97903,35.07,Others
2025-04-28,OFSS, EQ, 28-Apr-2025,8604.0,8770.0,8833.0,8480.0,8798.0,8755.0,8689.9,255169,22173.92,46507,66622,26.11,Others
2025-04-29,OFSS, EQ, 29-Apr-2025,8755.0,8830.0,8899.5,8750.0,8840.0,8837.5,8824.83,146372,12917.08,27321,58841,40.2,Others
2025-04-30,OFSS, EQ, 30-Apr-2025,8837.5,8840.0,8895.0,8660.0,8690.5,8721.5,8775.91,146668,12871.45,33053,77722,52.99,Others
2025-05-02,OFSS, EQ, 02-May-2025,8721.5,8800.0,8883.5,8650.5,8699.0,8693.5,8722.36,175757,15330.15,33192,96339,54.81,Others
2025-05-05,OFSS, EQ, 05-May-2025,8693.5,8800.0,8801.0,8570.0,8655.0,8634.5,8663.87,156874,13591.36,28830,73474,46.84,Others
2025-05-06,OFSS, EQ, 06-May-2025,8634.5,8693.5,8780.0,8361.5,8376.0,8384.0,8486.46,167625,14225.42,29786,80497,48.02,Others
2025-05-07,OFSS, EQ, 07-May-2025,8384.0,8261.5,8544.0,8238.0,8537.5,8531.5,8455.27,173152,14640.46,28423,70862,40.92,Others
2025-05-08,OFSS, EQ, 08-May-2025,8531.5,8320.0,8397.5,8091.0,8111.0,8156.0,8266.16,190579,15753.56,32078,66971,35.14,Others
2025-05-09,OFSS, EQ, 09-May-2025,8156.0,7950.0,8115.0,7933.5,8015.0,7993.5,8008.29,108057,8653.51,23924,48989,45.34,Others
2025-05-12,OFSS, EQ, 12-May-2025,7993.5,8239.5,8744.5,8179.0,8705.0,8714.0,8529.53,268271,22882.25,38011,105391,39.29,Others
2025-05-13,OFSS, EQ, 13-May-2025,8714.0,8671.0,8674.0,8456.0,8481.0,8478.0,8535.4,139262,11886.57,32148,53715,38.57,Others
2025-05-14,OFSS, EQ, 14-May-2025,8478.0,8520.5,8583.5,8409.5,8531.0,8504.0,8513.19,102099,8691.88,23978,45154,44.23,Others
2025-05-15,OFSS, EQ, 15-May-2025,8504.0,8560.0,8575.0,8440.0,8542.0,8551.0,8520.06,88914,7575.52,19962,32173,36.18,Others
2025-05-16,OFSS, EQ, 16-May-2025,8551.0,8585.0,8730.0,8508.0,8689.0,8696.5,8645.66,123530,10679.98,22965,53894,43.63,Others
2025-05-19,OFSS, EQ, 19-May-2025,8696.5,8745.0,8745.0,8600.5,8622.5,8621.0,8660.34,80085,6935.63,16502,32322,40.36,Others
2025-05-20,OFSS, EQ, 20-May-2025,8621.0,8688.0,8740.0,8414.5,8465.0,8436.5,8582.57,117869,10116.18,23066,50089,42.5,Others
2025-05-21,OFSS, EQ, 21-May-2025,8436.5,8491.5,8499.5,8309.0,8379.0,8383.5,8394.33,81061,6804.53,22321,35564,43.87,Others
2025-05-22,OFSS, EQ, 22-May-2025,8383.5,8305.5,8339.5,8196.5,8299.5,8294.0,8268.74,123383,10202.22,20521,65782,53.32,Others
2025-05-23,OFSS, EQ, 23-May-2025,8294.0,8306.0,8548.0,8306.0,8356.0,8366.5,8439.21,122684,10353.56,23167,36937,30.11,Others
2025-05-26,OFSS, EQ, 26-May-2025,8366.5,8370.0,8485.0,8369.0,8470.0,8451.5,8438.15,50840,4289.96,12169,16187,31.84,Others
2025-05-27,OFSS, EQ, 27-May-2025,8451.5,8470.0,8498.0,8365.0,8405.0,8402.5,8421.31,95286,8024.33,17214,39823,41.79,Others
2025-05-28,OFSS, EQ, 28-May-2025,8402.5,8477.5,8608.5,8435.0,8515.0,8516.0,8515.72,136774,11647.29,22976,58882,43.05,Others
2025-05-29,OFSS, EQ, 29-May-2025,8516.0,8600.0,8661.0,8478.5,8519.0,8499.5,8538.29,129537,11060.25,19709,58653,45.28,Others
2025-05-30,OFSS, EQ, 30-May-2025,8499.5,8530.0,8590.0,8418.0,8442.0,8462.5,8494.81,159983,13590.25,27397,90135,56.34,Others
2025-06-02,OFSS, EQ, 02-Jun-2025,8462.5,8449.0,8449.0,8325.5,8375.5,8396.5,8391.14,76519,6420.82,17540,34069,44.52,Others
2025-06-03,OFSS, EQ, 03-Jun-2025,8396.5,8412.0,8470.0,8267.0,8360.0,8369.5,8349.5,98051,8186.77,20326,46885,47.82,Others
2025-06-04,OFSS, EQ, 04-Jun-2025,8369.5,8414.0,8741.5,8391.0,8670.0,8665.5,8637.09,334256,28870.0,46078,94213,28.19,Others
2025-06-05,OFSS, EQ, 05-Jun-2025,8665.5,8680.0,8885.0,8643.0,8735.0,8740.0,8783.56,224359,19706.7,35957,82573,36.8,Others
2025-06-06,OFSS, EQ, 06-Jun-2025,8740.0,8776.5,8810.0,8666.5,8800.0,8786.0,8760.93,95387,8356.78,17885,34527,36.2,Others
2025-06-09,OFSS, EQ, 09-Jun-2025,8786.0,8849.5,9200.0,8829.5,9170.0,9161.5,9092.5,313597,28513.8,49470,103399,32.97,Others
2025-06-10,OFSS, EQ, 10-Jun-2025,9161.5,9200.0,9520.0,9150.0,9520.0,9492.0,9389.82,393134,36914.56,51886,87576,22.28,Others
2025-06-11,OFSS, EQ, 11-Jun-2025,9492.0,9547.5,9617.0,9301.0,9443.0,9429.5,9431.32,261322,24646.11,42451,70740,27.07,Others
2025-06-12,OFSS, EQ, 12-Jun-2025,9429.5,9545.0,9569.5,9313.5,9390.0,9407.0,9444.39,229439,21669.11,36440,61406,26.76,Others
2025-06-13,OFSS, EQ, 13-Jun-2025,9407.0,9299.0,9685.0,9223.0,9487.0,9478.5,9521.42,302596,28811.44,51238,65142,21.53,Others
2025-06-16,OFSS, EQ, 16-Jun-2025,9478.5,9504.5,9732.0,9413.5,9676.0,9683.0,9619.88,236103,22712.83,34710,51508,21.82,Others
2025-06-17,OFSS, EQ, 17-Jun-2025,9683.0,9700.0,9775.0,9632.0,9709.0,9732.5,9714.03,165669,16093.14,26760,48853,29.49,Others
2025-06-18,OFSS, EQ, 18-Jun-2025,9732.5,9739.0,9766.5,9600.0,9644.5,9656.0,9682.67,110969,10744.77,18486,33537,30.22,Others
2025-06-19,OFSS, EQ, 19-Jun-2025,9656.0,9660.0,9669.0,9300.0,9330.0,9327.0,9393.41,165782,15572.59,28535,47336,28.55,Others
2025-06-20,OFSS, EQ, 20-Jun-2025,9327.0,9374.0,9448.5,9298.0,9399.5,9395.5,9377.89,147147,13799.28,22557,54805,37.25,Others
2025-06-23,OFSS, EQ, 23-Jun-2025,9395.5,9349.5,9349.5,9131.0,9144.5,9160.0,9236.11,158976,14683.21,28802,56758,35.7,Others
2025-06-24,OFSS, EQ, 24-Jun-2025,9160.0,9255.0,9297.0,9140.5,9145.0,9157.0,9209.94,145896,13436.93,25535,41180,28.23,Others
2025-06-25,OFSS, EQ, 25-Jun-2025,9157.0,9227.0,9339.0,9164.0,9179.5,9177.5,9228.47,120007,11074.81,23640,44893,37.41,Others
2025-06-26,OFSS, EQ, 26-Jun-2025,9177.5,9230.0,9230.0,8990.0,9071.0,9074.5,9081.96,149946,13618.04,29066,49677,33.13,Others
2025-06-27,OFSS, EQ, 27-Jun-2025,9074.5,9094.5,9208.0,8941.0,9050.5,8991.0,9012.71,562109,50661.23,63964,420241,74.76,Others
2025-06-30,OFSS, EQ, 30-Jun-2025,8991.0,9089.5,9090.0,8930.0,8979.0,8986.0,8990.59,138155,12420.95,30575,71412,51.69,Others
2025-07-01,OFSS, EQ, 01-Jul-2025,8986.0,9060.0,9148.0,8922.0,8960.0,8957.5,9029.51,140579,12693.6,23554,46089,32.79,Others
2025-07-02,OFSS, EQ, 02-Jul-2025,8957.5,8957.5,9075.5,8850.0,8930.5,8942.5,8947.05,155550,13917.13,22425,62072,39.9,Others
2025-07-03,OFSS, EQ, 03-Jul-2025,8942.5,8960.0,9120.0,8959.5,9020.0,9030.0,9047.32,114608,10368.95,18629,36634,31.96,Others
2025-07-04,OFSS, EQ, 04-Jul-2025,9030.0,9089.0,9124.0,8960.0,9107.0,9109.0,9061.14,96079,8705.85,17561,26156,27.22,Others
2025-07-07,OFSS, EQ, 07-Jul-2025,9109.0,9099.5,9099.5,8992.0,9014.0,9005.0,9034.62,61737,5577.7,12064,25482,41.28,Others
2025-07-08,OFSS, EQ, 08-Jul-2025,9005.0,9000.5,9072.5,8912.5,8994.0,9006.5,8988.84,82817,7444.29,15803,25169,30.39,Others
2025-07-09,OFSS, EQ, 09-Jul-2025,9006.5,9028.0,9029.5,8910.0,8930.0,8938.5,8956.57,60569,5424.9,12976,28780,47.52,Others
2025-07-10,OFSS, EQ, 10-Jul-2025,8938.5,8906.5,8946.5,8714.0,8785.0,8777.0,8805.52,146167,12870.76,25322,57169,39.11,Others
2025-07-11,OFSS, EQ, 11-Jul-2025,8777.0,8708.0,8866.0,8531.5,8642.0,8636.0,8671.68,183731,15932.56,29162,79665,43.36,Others
2025-07-14,OFSS, EQ, 14-Jul-2025,8636.0,8640.0,8759.5,8505.5,8721.0,8733.5,8662.8,113607,9841.55,21575,40867,35.97,Others
2025-07-15,OFSS, EQ, 15-Jul-2025,8733.5,8725.0,8864.0,8685.0,8785.0,8775.0,8782.19,75259,6609.39,15737,24580,32.66,Others
2025-07-16,OFSS, EQ, 16-Jul-2025,8775.0,8775.0,8858.0,8740.0,8800.0,8814.5,8809.94,76256,6718.11,14941,28541,37.43,Others
2025-07-17,OFSS, EQ, 17-Jul-2025,8814.5,8855.0,8893.0,8734.5,8735.0,8745.0,8798.52,69691,6131.78,12868,27380,39.29,Others
2025-07-18,OFSS, EQ, 18-Jul-2025,8745.0,8777.0,8844.5,8691.5,8790.0,8790.5,8780.32,92192,8094.75,17778,27492,29.82,Others
2025-07-21,OFSS, EQ, 21-Jul-2025,8790.5,8790.0,8865.0,8663.0,8835.0,8821.0,8790.13,62012,5450.93,13439,17039,27.48,Others
2025-07-22,OFSS, EQ, 22-Jul-2025,8821.0,8841.5,8860.0,8675.0,8714.0,8707.5,8730.6,69573,6074.14,15003,30574,43.95,Others
2025-07-23,OFSS, EQ, 23-Jul-2025,8707.5,8735.0,8815.0,8663.5,8767.5,8779.0,8749.27,79754,6977.9,15511,20874,26.17,Others
2025-07-24,OFSS, EQ, 24-Jul-2025,8779.0,8947.5,8987.0,8758.0,8931.0,8939.0,8894.02,475675,42306.62,82884,139299,29.28,Others
2025-07-25,OFSS, EQ, 25-Jul-2025,8939.0,8950.0,9034.5,8575.0,8598.0,8609.0,8792.6,173750,15277.14,33163,51059,29.39,Others
2025-07-28,OFSS, EQ, 28-Jul-2025,8609.0,8645.0,8769.5,8509.0,8631.0,8681.0,8675.64,147286,12778.01,31873,57638,39.13,Others
2025-07-29,OFSS, EQ, 29-Jul-2025,8681.0,8681.0,8720.0,8580.0,8645.0,8664.5,8650.74,67051,5800.41,17733,19220,28.66,Others
2025-07-30,OFSS, EQ, 30-Jul-2025,8664.5,8699.0,8699.5,8542.5,8560.0,8570.0,8613.22,72342,6230.97,13323,22433,31.01,Others
2025-07-31,OFSS, EQ, 31-Jul-2025,8570.0,8500.0,8569.5,8445.5,8453.5,8475.0,8503.09,150964,12836.6,35317,70263,46.54,Others
2025-08-01,OFSS, EQ, 01-Aug-2025,8475.0,8475.0,8492.5,8340.0,8350.0,8378.5,8407.21,124824,10494.21,24119,60873,48.77,Others
2025-08-04,OFSS, EQ, 04-Aug-2025,8378.5,8355.5,8590.0,8319.5,8558.5,8569.5,8477.93,77907,6604.9,18978,29635,38.04,Others
2025-08-05,OFSS, EQ, 05-Aug-2025,8569.5,8585.0,8607.5,8487.5,8589.0,8575.0,8555.35,49503,4235.16,13064,16594,33.52,Others
2025-08-06,OFSS, EQ, 06-Aug-2025,8575.0,8576.0,8599.5,8420.5,8498.0,8517.0,8506.4,81885,6965.47,23158,31459,38.42,Others
2025-08-07,OFSS, EQ, 07-Aug-2025,8517.0,8475.0,8590.0,8430.5,8590.0,8571.5,8512.41,65889,5608.74,13725,22432,34.05,Others
2025-08-08,OFSS, EQ, 08-Aug-2025,8571.5,8627.5,8627.5,8387.5,8387.5,8424.0,8491.38,47453,4029.42,12357,21105,44.48,Others
2025-08-11,OFSS, EQ, 11-Aug-2025,8424.0,8409.0,8459.0,8363.0,8405.0,8403.5,8419.29,28768,2422.06,8367,8699,30.24,Others
2025-08-12,OFSS, EQ, 12-Aug-2025,8403.5,8411.0,8639.0,8409.0,8520.5,8513.5,8562.57,102518,8778.18,27666,25049,24.43,Others
2025-08-13,OFSS, EQ, 13-Aug-2025,8513.5,8588.0,8617.0,8465.5,8570.5,8594.5,8555.23,70550,6035.72,15424,26767,37.94,Others
2025-08-14,OFSS, EQ, 14-Aug-2025,8594.5,8585.0,8718.5,8570.0,8580.0,8586.5,8633.42,83210,7183.87,19336,24996,30.04,Others
2025-08-18,OFSS, EQ, 18-Aug-2025,8586.5,8660.0,8665.5,8517.0,8584.5,8552.5,8587.54,39039,3352.49,11096,14577,37.34,Others
2025-08-19,OFSS, EQ, 19-Aug-2025,8552.5,8619.0,8636.0,8491.0,8613.0,8597.0,8579.43,53315,4574.13,12944,15283,28.67,Others
2025-08-20,OFSS, EQ, 20-Aug-2025,8597.0,8550.0,8848.0,8550.0,8745.0,8763.0,8751.57,146307,12804.16,26071,60550,41.39,Others
2025-08-21,OFSS, EQ, 21-Aug-2025,8763.0,8810.0,8860.0,8681.0,8715.0,8699.0,8748.68,100872,8824.96,17404,37837,37.51,Others
2025-08-22,OFSS, EQ, 22-Aug-2025,8699.0,8744.0,8744.0,8610.0,8632.0,8624.0,8664.07,34763,3011.89,10745,10322,29.69,Others
2025-08-25,OFSS, EQ, 25-Aug-2025,8624.0,8670.5,8932.0,8670.5,8751.0,8750.5,8845.3,203962,18041.04,37638,44244,21.69,Others
2025-08-26,OFSS, EQ, 26-Aug-2025,8750.5,8720.5,8759.5,8505.0,8505.0,8530.5,8633.46,80298,6932.5,18324,27607,34.38,Others
2025-08-28,OFSS, EQ, 28-Aug-2025,8530.5,8540.0,8565.5,8335.5,8354.0,8370.5,8438.58,101080,8529.72,25591,44163,43.69,Others
2025-08-29,OFSS, EQ, 29-Aug-2025,8370.5,8310.5,8455.0,8274.0,8325.0,8293.5,8367.14,79570,6657.73,18182,26456,33.25,Others
2025-09-01,OFSS, EQ, 01-Sep-2025,8293.5,8331.0,8514.0,8325.0,8500.0,8472.5,8443.98,138605,11703.77,19503,68726,49.58,Others
2025-09-02,OFSS, EQ, 02-Sep-2025,8472.5,8480.0,8542.0,8390.0,8487.5,8476.5,8483.38,65922,5592.41,12464,23355,35.43,Others
2025-09-03,OFSS, EQ, 03-Sep-2025,8476.5,8500.0,8546.5,8380.5,8443.0,8412.5,8424.38,102667,8649.06,15297,48217,46.96,Others
2025-09-04,OFSS, EQ, 04-Sep-2025,8412.5,8475.0,8518.0,8270.5,8297.0,8293.5,8370.96,119181,9976.6,15971,52236,43.83,Others
2025-09-05,OFSS, EQ, 05-Sep-2025,8293.5,8347.0,8395.0,8141.5,8272.0,8280.0,8269.61,84450,6983.69,20352,19497,23.09,Others
2025-09-08,OFSS, EQ, 08-Sep-2025,8280.0,8340.0,8398.0,8266.5,8300.0,8300.5,8339.27,62155,5183.27,12952,18511,29.78,Others
2025-09-09,OFSS, EQ, 09-Sep-2025,8300.5,8359.5,8428.0,8330.0,8428.0,8413.0,8384.66,80671,6763.99,15433,26423,32.75,Others
2025-09-10,OFSS, EQ, 10-Sep-2025,8413.0,8913.0,9301.0,8820.0,9300.0,9264.5,9130.21,1529853,139678.8,156757,258970,16.93,Others
2025-09-11,OFSS, EQ, 11-Sep-2025,9264.5,9950.0,9950.0,9044.0,9158.0,9137.5,9318.51,1573471,146624.02,194260,256870,16.33,Others
2025-09-12,OFSS, EQ, 12-Sep-2025,9137.5,9160.0,9187.0,8926.0,8960.0,8979.0,8992.87,368777,33163.64,47869,64057,17.37,Others
2025-09-15,OFSS, EQ, 15-Sep-2025,8979.0,8975.0,9000.0,8866.0,8960.0,8970.5,8941.94,120921,10812.68,17451,23382,19.34,Others
2025-09-16,OFSS, EQ, 16-Sep-2025,8970.5,8971.0,9169.0,8968.5,9135.5,9142.5,9080.5,162517,14757.35,21028,58359,35.91,Others
2025-09-17,OFSS, EQ, 17-Sep-2025,9142.5,9165.0,9210.0,9101.5,9118.0,9125.0,9148.96,115640,10579.86,17871,45168,39.06,Others
2025-09-18,OFSS, EQ, 18-Sep-2025,9125.0,9149.0,9200.0,9055.0,9190.0,9175.0,9142.41,108710,9938.71,14826,46014,42.33,Others
2025-09-19,OFSS, EQ, 19-Sep-2025,9175.0,9195.0,9215.0,9001.5,9032.5,9018.0,9097.62,193760,17627.56,26878,79002,40.77,Others
2025-09-22,OFSS, EQ, 22-Sep-2025,9018.0,8900.0,9115.5,8860.5,9060.0,9056.5,9014.66,145431,13110.11,23994,33454,23.0,Others
2025-09-23,OFSS, EQ, 23-Sep-2025,9056.5,9098.0,9211.5,9035.0,9110.0,9104.0,9112.46,130689,11908.99,19855,40894,31.29,Others
2025-09-24,OFSS, EQ, 24-Sep-2025,9104.0,9088.0,9108.0,8955.0,9050.0,9061.5,9028.9,122602,11069.61,23147,33153,27.04,Others
2025-09-25,OFSS, EQ, 25-Sep-2025,9061.5,9061.5,9124.5,8884.5,8911.0,8909.0,8973.8,89964,8073.19,14997,28908,32.13,Others
2025-09-26,OFSS, EQ, 26-Sep-2025,8909.0,8888.0,8909.0,8500.0,8545.0,8515.0,8654.71,133987,11596.19,25329,39357,29.37,Others
2025-09-29,OFSS, EQ, 29-Sep-2025,8515.0,8570.5,8598.5,8425.5,8450.0,8453.5,8492.67,108039,9175.39,21558,32747,30.31,Others
2025-09-30,OFSS, EQ, 30-Sep-2025,8453.5,8461.0,8510.5,8310.0,8400.5,8403.0,8406.3,111001,9331.08,18167,56893,51.25,Others
2025-10-01,OFSS, EQ, 01-Oct-2025,8403.0,8400.0,8755.0,8377.0,8735.0,8724.0,8569.74,176760,15147.88,32925,47311,26.77,Others
2025-10-03,OFSS, EQ, 03-Oct-2025,8724.0,8724.0,8984.0,8641.0,8941.0,8962.0,8853.86,209851,18579.9,31362,102859,49.02,Others
2025-10-06,OFSS, EQ, 06-Oct-2025,8962.0,8939.0,9110.0,8900.0,9090.0,9093.5,9049.74,110924,10038.34,18534,31693,28.57,Others
2025-10-07,OFSS, EQ, 07-Oct-2025,9093.5,9090.0,9365.0,9083.5,9325.0,9332.5,9250.66,204283,18897.53,28637,98283,48.11,Others
2025-10-08,OFSS, EQ, 08-Oct-2025,9332.5,9270.0,9315.0,9103.0,9181.0,9189.5,9197.2,165216,15195.25,19569,78065,47.25,Others
2025-10-09,OFSS, EQ, 09-Oct-2025,9189.5,9220.0,9382.0,9184.5,9299.5,9311.5,9305.87,187532,17451.48,18244,107201,57.16,Others
2025-10-10,OFSS, EQ, 10-Oct-2025,9311.5,9380.0,9380.0,9181.0,9201.0,9213.0,9261.18,133863,12397.29,17266,70926,52.98,Others
2025-10-13,OFSS, EQ, 13-Oct-2025,9213.0,9190.0,9274.0,9076.5,9185.0,9197.0,9176.68,215451,19771.25,23988,96189,44.65,Others
2025-10-14,OFSS, EQ, 14-Oct-2025,9197.0,9197.5,9280.0,8921.0,8924.5,8950.0,9045.11,134209,12139.36,17986,49101,36.59,Others
2025-10-15,OFSS, EQ, 15-Oct-2025,8950.0,8974.5,9073.0,8730.5,8780.0,8757.0,8852.9,152247,13478.28,23526,48432,31.81,Others
2025-10-16,OFSS, EQ, 16-Oct-2025,8757.0,8790.5,8848.0,8752.0,8811.0,8796.5,8799.45,103843,9137.61,17377,36041,34.71,Others
2025-10-17,OFSS, EQ, 17-Oct-2025,8796.5,8810.5,8837.0,8721.0,8755.0,8780.5,8776.82,121533,10666.74,20098,51209,42.14,Others
2025-10-20,OFSS, EQ, 20-Oct-2025,8780.5,8745.0,8754.0,8550.0,8578.0,8585.5,8621.6,225848,19471.72,32297,84585,37.45,Others
2025-10-21,OFSS, EQ, 21-Oct-2025,8585.5,8620.0,8670.0,8601.0,8625.0,8620.5,8631.93,15929,1374.98,3863,7918,49.71,Others
2025-10-23,OFSS, EQ, 23-Oct-2025,8620.5,8730.5,8740.0,8520.5,8525.0,8532.0,8592.07,209610,18009.83,29292,116378,55.52,Others
2025-10-24,OFSS, EQ, 24-Oct-2025,8532.0,8570.0,8609.5,8505.0,8569.0,8565.0,8555.94,108451,9279.0,23112,44139,40.7,Others
2025-10-27,OFSS, EQ, 27-Oct-2025,8565.0,8639.0,8714.5,8580.0,8700.0,8695.5,8668.13,203519,17641.29,24767,112457,55.26,Others
2025-10-28,OFSS, EQ, 28-Oct-2025,8695.5,8720.0,8720.0,8521.0,8624.5,8601.5,8602.34,148260,12753.82,23920,69173,46.66,Others
2025-10-29,OFSS, EQ, 29-Oct-2025,8601.5,8621.0,8706.5,8610.0,8660.0,8659.5,8662.81,91011,7884.11,10953,46347,50.92,Others
2025-10-30,OFSS, EQ, 30-Oct-2025,8659.5,8665.0,8695.0,8591.0,8611.0,8612.5,8614.47,75010,6461.71,10943,36627,48.83,Others
2025-10-31,OFSS, EQ, 31-Oct-2025,8612.5,8633.5,8637.0,8500.0,8525.0,8515.0,8551.75,111369,9524.0,24980,63091,56.65,Others
2025-11-03,OFSS, EQ, 03-Nov-2025,8515.0,8459.0,8470.0,8310.0,8418.0,8407.0,8377.51,155670,13041.28,31068,61768,39.68,Others
2025-11-04,OFSS, EQ, 04-Nov-2025,8407.0,8420.0,8425.0,8290.0,8333.0,8325.0,8345.73,85461,7132.34,13585,48684,56.97,Others
2025-11-06,OFSS, EQ, 06-Nov-2025,8325.0,8325.5,8357.5,8199.5,8210.0,8212.5,8250.71,76986,6351.89,14577,35530,46.15,Others
2025-11-07,OFSS, EQ, 07-Nov-2025,8212.5,8210.0,8210.0,8036.0,8080.0,8076.5,8088.84,91422,7394.98,17191,32977,36.07,Others
2025-11-10,OFSS, EQ, 10-Nov-2025,8076.5,8141.5,8254.5,8087.0,8190.0,8176.5,8178.1,78362,6408.52,13942,26385,33.67,Others
2025-11-11,OFSS, EQ, 11-Nov-2025,8176.5,8176.5,8264.0,8168.5,8248.0,8242.0,8212.94,74067,6083.08,12154,26966,36.41,Others
2025-11-12,OFSS, EQ, 12-Nov-2025,8242.0,8300.0,8430.0,8271.5,8393.0,8394.0,8372.76,104111,8716.97,17576,42836,41.14,Others
2025-11-13,OFSS, EQ, 13-Nov-2025,8394.0,8380.5,8410.0,8286.5,8294.5,8303.5,8350.7,57121,4770.0,10736,28957,50.69,Others
2025-11-14,OFSS, EQ, 14-Nov-2025,8303.5,8296.0,8296.0,8159.0,8220.0,8223.5,8223.93,71224,5857.41,13925,31807,44.66,Others
2025-11-17,OFSS, EQ, 17-Nov-2025,8223.5,8276.5,8349.0,8240.0,8300.0,8286.5,8298.48,63753,5290.53,11597,30499,47.84,Others
2025-11-18,OFSS, EQ, 18-Nov-2025,8286.5,8282.0,8290.0,8157.5,8175.0,8177.5,8209.11,63320,5198.01,11494,30316,47.88,Others
2025-11-19,OFSS, EQ, 19-Nov-2025,8177.5,8189.0,8372.0,8165.0,8341.0,8333.0,8313.05,144973,12051.68,20336,58219,40.16,Others
2025-11-20,OFSS, EQ, 20-Nov-2025,8333.0,8400.0,8514.5,8345.0,8368.0,8372.5,8435.16,133670,11275.27,21137,36599,27.38,Others
2025-11-21,OFSS, EQ, 21-Nov-2025,8372.5,8330.5,8371.5,8150.0,8160.0,8169.5,8240.42,84765,6984.99,17609,32920,38.84,Others
2025-11-24,OFSS, EQ, 24-Nov-2025,8169.5,8175.0,8275.0,8113.0,8160.0,8146.5,8163.38,272790,22268.88,24357,169856,62.27,Others
2025-11-25,OFSS, EQ, 25-Nov-2025,8146.5,8200.0,8222.0,8060.0,8092.0,8084.0,8099.73,79913,6472.74,14388,37857,47.37,Others
2025-11-26,OFSS, EQ, 26-Nov-2025,8084.0,8120.0,8220.0,8076.0,8188.0,8177.5,8169.85,167920,13718.8,18724,99817,59.44,Others
2025-11-27,OFSS, EQ, 27-Nov-2025,8177.5,8199.0,8276.0,8115.0,8149.5,8150.5,8171.46,197830,16165.6,22253,123392,62.37,Others
2025-11-28,OFSS, EQ, 28-Nov-2025,8150.5,8122.5,8265.0,8087.5,8102.0,8107.0,8114.4,91091,7391.49,11068,49447,54.28,Others
2025-12-01,OFSS, EQ, 01-Dec-2025,8107.0,8149.5,8190.0,8110.0,8185.5,8149.5,8152.92,82563,6731.3,12197,49692,60.19,Others
2025-12-02,OFSS, EQ, 02-Dec-2025,8149.5,8149.5,8196.5,8065.0,8107.0,8099.0,8109.12,93379,7572.22,13543,61371,65.72,Others
2025-12-03,OFSS, EQ, 03-Dec-2025,8099.0,8124.0,8190.0,8042.5,8075.0,8075.5,8093.68,120259,9733.38,17216,66227,55.07,Others
2025-12-04,OFSS, EQ, 04-Dec-2025,8075.5,8091.0,8225.0,8058.5,8175.0,8191.5,8179.13,76182,6231.03,13318,28676,37.64,Others
2025-12-05,OFSS, EQ, 05-Dec-2025,8191.5,8220.0,8279.0,8158.0,8210.0,8219.0,8220.2,89963,7395.13,13175,28681,31.88,Others
2025-12-08,OFSS, EQ, 08-Dec-2025,8219.0,8255.0,8264.0,7879.0,8012.5,8026.0,8012.49,149195,11954.23,25473,62648,41.99,Others
2025-12-09,OFSS, EQ, 09-Dec-2025,8026.0,7970.5,8088.5,7915.5,8062.0,8062.0,8007.8,82888,6637.51,13474,24166,29.16,Others
2025-12-10,OFSS, EQ, 10-Dec-2025,8062.0,8064.0,8117.0,7832.0,7849.0,7870.0,7960.24,106562,8482.59,18733,40934,38.41,Others
2025-12-11,OFSS, EQ, 11-Dec-2025,7870.0,7712.5,8036.5,7524.5,8006.0,8005.0,7867.28,264718,20826.11,44273,33161,12.53,Others
2025-12-12,OFSS, EQ, 12-Dec-2025,8005.0,7975.5,8023.5,7891.5,7991.0,7990.0,7961.52,96155,7655.4,15229,24518,25.5,Others
2025-12-15,OFSS, EQ, 15-Dec-2025,7990.0,7995.0,8010.0,7933.5,7960.0,7967.5,7966.11,49684,3957.88,9987,17499,35.22,Others
2025-12-16,OFSS, EQ, 16-Dec-2025,7967.5,7949.0,7958.5,7785.0,7800.0,7828.5,7852.09,107137,8412.49,12865,41570,38.8,Others
2025-12-17,OFSS, EQ, 17-Dec-2025,7828.5,7800.0,7861.5,7667.5,7689.5,7712.5,7754.24,81864,6347.93,13256,31185,38.09,Others
2025-12-18,OFSS, EQ, 18-Dec-2025,7712.5,7668.0,7763.0,7595.5,7633.5,7662.5,7679.16,119072,9143.73,14189,39133,32.86,Others
2025-12-19,OFSS, EQ, 19-Dec-2025,7662.5,7720.0,7843.5,7640.0,7806.0,7823.5,7744.11,102445,7933.46,14432,39060,38.13,Others
2025-12-22,OFSS, EQ, 22-Dec-2025,7823.5,7900.0,7930.5,7813.5,7851.5,7860.5,7873.17,78936,6214.77,13628,36739,46.54,Others
2025-12-23,OFSS, EQ, 23-Dec-2025,7860.5,7896.0,7896.0,7755.0,7820.0,7817.0,7798.87,101671,7929.18,14815,38400,37.77,Others
2025-12-24,OFSS, EQ, 24-Dec-2025,7817.0,7820.0,7851.0,7764.0,7781.0,7782.0,7803.48,54134,4224.34,11448,24391,45.06,Others
2025-12-26,OFSS, EQ, 26-Dec-2025,7782.0,7750.0,7800.5,7726.5,7758.5,7777.0,7764.09,89564,6953.83,11687,50604,56.5,Others
2025-12-29,OFSS, EQ, 29-Dec-2025,7777.0,7780.5,7790.0,7624.5,7698.0,7691.0,7688.43,122553,9422.4,18124,61260,49.99,Others
2025-12-30,OFSS, EQ, 30-Dec-2025,7691.0,7660.0,7717.5,7601.0,7625.0,7626.5,7635.21,139152,10624.55,27382,81585,58.63,Others
2025-12-31,OFSS, EQ, 31-Dec-2025,7626.5,7659.5,7715.0,7611.0,7698.0,7687.0,7678.37,54251,4165.59,9579,26056,48.03,Others
2026-01-01,OFSS, EQ, 01-Jan-2026,7687.0,7699.5,7714.0,7642.0,7685.0,7687.5,7678.7,48035,3688.46,8064,25082,52.22,Others
2026-01-02,OFSS, EQ, 02-Jan-2026,7687.5,7686.0,7741.0,7655.0,7740.0,7731.5,7702.45,54875,4226.72,8403,27373,49.88,Others
2026-01-05,OFSS, EQ, 05-Jan-2026,7731.5,7735.0,7743.5,7630.0,7679.0,7677.0,7672.16,104098,7986.57,12248,55100,52.93,Others
2026-01-06,OFSS, EQ, 06-Jan-2026,7677.0,7641.0,7701.0,7574.5,7582.5,7593.0,7638.62,160627,12269.69,23908,78284,48.74,Others
2026-01-07,OFSS, EQ, 07-Jan-2026,7593.0,7582.5,7841.0,7553.5,7837.5,7832.5,7752.46,123199,9550.95,18001,51744,42.0,Others
2026-01-08,OFSS, EQ, 08-Jan-2026,7832.5,7833.0,7869.0,7570.0,7575.0,7594.0,7675.77,151580,11634.93,23886,76229,50.29,Others
2026-01-09,OFSS, EQ, 09-Jan-2026,7594.0,7594.0,7644.5,7521.0,7609.5,7597.5,7588.69,123509,9372.71,18128,52304,42.35,Others
2026-01-12,OFSS, EQ, 12-Jan-2026,7597.5,7599.0,7603.5,7454.5,7600.0,7584.0,7547.39,85550,6456.79,15746,29095,34.01,Others
2026-01-13,OFSS, EQ, 13-Jan-2026,7584.0,7609.5,7705.5,7582.0,7685.0,7696.0,7636.74,105308,8042.1,14180,45802,43.49,Others
2026-01-14,OFSS, EQ, 14-Jan-2026,7696.0,7700.5,7700.5,7510.0,7529.0,7531.0,7585.69,100564,7628.47,13826,43932,43.69,Others
2026-01-16,OFSS, EQ, 16-Jan-2026,7531.0,7584.5,8011.0,7546.5,7944.0,7959.5,7868.24,381617,30026.54,47325,106012,27.78,Others
2026-01-19,OFSS, EQ, 19-Jan-2026,7959.5,7965.0,8022.5,7886.5,7970.0,7990.5,7954.61,148585,11819.36,21868,43215,29.08,Others
2026-01-20,OFSS, EQ, 20-Jan-2026,7990.5,7975.0,8008.0,7794.0,7797.0,7825.0,7915.88,167450,13255.14,27868,68927,41.16,Others
2026-01-21,OFSS, EQ, 21-Jan-2026,7825.0,7750.0,7806.0,7538.5,7699.5,7673.5,7660.92,161634,12382.64,24331,45150,27.93,Others
2026-01-22,OFSS, EQ, 22-Jan-2026,7673.5,7845.0,8013.5,7841.0,7912.5,7897.0,7918.89,326204,25831.73,42795,79198,24.28,Others
2026-01-23,OFSS, EQ, 23-Jan-2026,7897.0,7882.5,8044.0,7845.0,7940.0,7956.0,7980.4,174884,13956.44,28107,77469,44.3,Others
2026-01-27,OFSS, EQ, 27-Jan-2026,7956.0,7979.0,8089.5,7925.0,8054.5,8006.0,8004.78,133152,10658.53,26353,59715,44.85,Others
2026-01-28,OFSS, EQ, 28-Jan-2026,8006.0,8049.0,8073.5,7935.5,8048.0,8012.5,7988.05,83252,6650.21,15429,36520,43.87,Others
2026-01-29,OFSS, EQ, 29-Jan-2026,8012.5,8020.0,8020.0,7753.0,7831.0,7837.5,7842.64,128041,10041.79,21165,55404,43.27,Others
2026-01-30,OFSS, EQ, 30-Jan-2026,7837.5,7830.5,7830.5,7688.0,7741.0,7760.0,7736.45,100253,7756.02,15839,53023,52.89,Others
2026-02-01,OFSS, EQ, 01-Feb-2026,7760.0,7722.0,7823.5,7611.5,7780.0,7754.5,7727.24,57764,4463.56,8823,15375,26.62,Others
2026-02-02,OFSS, EQ, 02-Feb-2026,7754.5,7850.0,7850.5,7637.5,7735.5,7734.5,7694.96,99623,7665.95,15001,49382,49.57,Others
2026-02-03,OFSS, EQ, 03-Feb-2026,7734.5,7920.0,8015.5,7805.5,7808.5,7826.5,7895.29,87430,6902.85,15769,35878,41.04,Others
2026-02-04,OFSS, EQ, 04-Feb-2026,7826.5,7690.0,7690.0,7465.5,7509.0,7517.5,7521.87,217399,16352.46,31463,105510,48.53,Others
2026-02-05,OFSS, EQ, 05-Feb-2026,7517.5,7497.0,7542.0,7410.0,7440.0,7450.5,7470.61,92851,6936.54,14019,47820,51.5,Others
2026-02-06,OFSS, EQ, 06-Feb-2026,7450.5,7350.0,7400.0,7145.0,7261.0,7264.0,7210.54,266523,19217.74,34073,108953,40.88,Others
2026-02-09,OFSS, EQ, 09-Feb-2026,7264.0,7398.0,7399.0,7252.5,7266.0,7269.5,7285.43,78522,5720.66,15118,26743,34.06,Others
2026-02-10,OFSS, EQ, 10-Feb-2026,7269.5,7299.5,7369.5,7256.0,7323.5,7342.0,7342.1,125045,9180.93,17710,62574,50.04,Others
2026-02-11,OFSS, EQ, 11-Feb-2026,7342.0,7350.0,7379.5,7200.0,7214.5,7217.5,7261.97,74734,5427.16,14725,34417,46.05,Others
2026-02-12,OFSS, EQ, 12-Feb-2026,7217.5,7165.0,7184.5,6731.5,6759.0,6764.0,6881.57,370703,25510.19,53037,146759,39.59,Others
2026-02-13,OFSS, EQ, 13-Feb-2026,6764.0,6648.0,6711.0,6400.0,6630.0,6639.0,6573.42,437097,28732.21,49763,114071,26.1,Others
2026-02-16,OFSS, EQ, 16-Feb-2026,6639.0,6639.0,6758.5,6609.0,6693.0,6699.0,6692.71,155949,10437.22,24407,59541,38.18,Others
2026-02-17,OFSS, EQ, 17-Feb-2026,6699.0,6698.0,6912.0,6672.5,6844.0,6845.0,6828.47,215007,14681.68,25259,40991,19.06,Others
2026-02-18,OFSS, EQ, 18-Feb-2026,6845.0,6877.5,6877.5,6674.0,6700.0,6714.5,6731.89,151155,10175.6,23507,55013,36.4,Others
2026-02-19,OFSS, EQ, 19-Feb-2026,6714.5,6750.0,6799.5,6625.0,6628.0,6652.0,6712.16,140373,9422.05,18172,33387,23.78,Others
2026-02-20,OFSS, EQ, 20-Feb-2026,6652.0,6650.0,6694.0,6593.0,6634.0,6642.5,6654.27,91354,6078.94,14033,31191,34.14,Others
2026-02-23,OFSS, EQ, 23-Feb-2026,6642.5,6645.0,6699.0,6566.5,6659.5,6669.5,6631.3,123441,8185.74,18670,57090,46.25,Others
2026-02-24,OFSS, EQ, 24-Feb-2026,6669.5,6605.0,6646.5,6399.5,6465.0,6454.0,6481.36,212873,13797.06,31382,91992,43.21,Others
2026-02-25,OFSS, EQ, 25-Feb-2026,6454.0,6519.0,6670.0,6519.0,6631.0,6612.0,6582.02,148595,9780.55,21713,53987,36.33,Others
2026-02-26,OFSS, EQ, 26-Feb-2026,6612.0,6651.0,6880.0,6631.0,6870.0,6856.5,6813.92,254463,17338.9,28351,74087,29.12,Others
2026-02-27,OFSS, EQ, 27-Feb-2026,6856.5,6904.0,6985.0,6835.0,6897.0,6932.0,6930.84,257521,17848.38,31340,108316,42.06,Others
2026-03-02,OFSS, EQ, 02-Mar-2026,6932.0,6755.0,6980.5,6755.0,6860.0,6848.0,6860.77,106501,7306.78,20032,36525,34.3,Others
2026-03-04,OFSS, EQ, 04-Mar-2026,6848.0,6799.5,6890.5,6771.5,6827.0,6832.0,6834.06,122604,8378.83,17277,41374,33.75,Others
2026-03-05,OFSS, EQ, 05-Mar-2026,6832.0,6860.5,6886.0,6739.0,6781.0,6789.5,6810.6,102857,7005.18,14833,43180,41.98,Others
2026-03-06,OFSS, EQ, 06-Mar-2026,6789.5,6761.0,6914.0,6690.0,6725.0,6718.0,6778.85,91716,6217.29,17881,30748,33.53,Others
2026-03-09,OFSS, EQ, 09-Mar-2026,6718.0,6650.0,6732.0,6569.5,6722.5,6712.5,6663.27,94042,6266.27,14486,33424,35.54,Others
2026-03-10,OFSS, EQ, 10-Mar-2026,6712.5,6770.5,6840.5,6724.0,6825.0,6824.0,6785.63,103676,7035.07,14544,46603,44.95,Others
2026-03-11,OFSS, EQ, 11-Mar-2026,6824.0,6924.0,6995.5,6745.0,6798.0,6792.0,6845.63,183088,12533.53,28246,38795,21.19,Others
2026-03-12,OFSS, EQ, 12-Mar-2026,6792.0,6796.0,6796.0,6667.0,6698.0,6694.5,6716.33,82424,5535.87,18107,25352,30.76,Others
2026-03-13,OFSS, EQ, 13-Mar-2026,6694.5,6677.0,6686.0,6500.0,6528.0,6526.0,6568.35,96014,6306.53,19576,35285,36.75,Others
2026-03-16,OFSS, EQ, 16-Mar-2026,6526.0,6516.0,6525.0,6317.0,6382.0,6414.0,6414.24,124430,7981.24,19963,40473,32.53,Others
2026-03-17,OFSS, EQ, 17-Mar-2026,6414.0,6450.0,6450.0,6234.5,6299.0,6302.0,6309.71,163871,10339.78,23846,33210,20.27,Others
2026-03-18,OFSS, EQ, 18-Mar-2026,6302.0,6315.0,6666.0,6314.5,6600.0,6594.5,6588.75,321179,21161.67,36828,52958,16.49,Others
2026-03-19,OFSS, EQ, 19-Mar-2026,6594.5,6501.0,6539.5,6340.0,6386.0,6368.5,6415.75,113659,7292.08,17124,32882,28.93,Others
2026-03-20,OFSS, EQ, 20-Mar-2026,6368.5,6450.0,6675.0,6440.0,6594.5,6580.0,6585.69,200334,13193.38,27619,55925,27.92,Others
2026-03-23,OFSS, EQ, 23-Mar-2026,6580.0,6490.0,6535.0,6401.0,6440.0,6445.0,6482.57,118364,7673.02,25125,33376,28.2,Others
2026-03-24,OFSS, EQ, 24-Mar-2026,6445.0,6610.0,6675.0,6468.0,6575.0,6605.5,6588.97,167921,11064.26,24844,63875,38.04,Others
2026-03-25,OFSS, EQ, 25-Mar-2026,6605.5,6594.5,6709.0,6554.5,6605.0,6599.0,6633.02,168716,11190.96,23068,62486,37.04,Others
2026-03-27,OFSS, EQ, 27-Mar-2026,6599.0,6800.0,7062.0,6800.0,6949.0,6947.0,6945.11,980855,68121.5,115220,195865,19.97,Others
2026-03-30,OFSS, EQ, 30-Mar-2026,6947.0,6810.5,6861.5,6681.0,6698.5,6731.0,6769.57,272945,18477.21,35675,80160,29.37,Others
2026-04-01,OFSS, EQ, 01-Apr-2026,6731.0,6950.0,7023.0,6836.0,6868.5,6883.0,6946.54,155077,10772.49,26486,38264,24.67,Others
2026-04-02,OFSS, EQ, 02-Apr-2026,6883.0,6800.0,7019.5,6705.0,6975.0,6992.5,6901.91,157651,10880.93,25750,46675,29.61,Others
2026-04-06,OFSS, EQ, 06-Apr-2026,6992.5,6999.5,7054.0,6943.0,7005.0,7017.0,7004.58,97867,6855.18,18630,25605,26.16,Others
2026-04-07,OFSS, EQ, 07-Apr-2026,7017.0,6988.5,7210.0,6943.0,7196.0,7192.0,7151.55,153224,10957.88,22891,27957,18.25,Others
2026-04-08,OFSS, EQ, 08-Apr-2026,7192.0,7292.0,7335.0,7144.0,7190.0,7180.0,7195.47,172022,12377.79,22707,59077,34.34,Others
2026-04-09,OFSS, EQ, 09-Apr-2026,7180.0,7188.0,7246.5,7085.5,7205.0,7217.5,7165.73,136188,9758.86,18799,42759,31.4,Others
2026-04-10,OFSS, EQ, 10-Apr-2026,7217.5,7279.5,7279.5,7093.0,7242.0,7253.5,7188.53,151932,10921.67,20881,51270,33.75,Others
2026-04-13,OFSS, EQ, 13-Apr-2026,7253.5,7200.5,7211.5,7077.0,7160.0,7164.5,7161.53,68906,4934.73,12272,18510,26.86,Others
2026-04-15,OFSS, EQ, 15-Apr-2026,7164.5,7298.0,7565.5,7264.5,7550.0,7542.5,7491.04,191551,14349.17,28960,57835,30.19,Others
2026-04-16,OFSS, EQ, 16-Apr-2026,7542.5,7650.0,7791.5,7590.0,7762.5,7776.0,7705.59,211647,16308.66,27488,64819,30.63,Others
2026-04-17,OFSS, EQ, 17-Apr-2026,7776.0,7795.0,8020.0,7716.0,8001.5,7992.5,7942.76,175320,13925.24,25594,59591,33.99,Others
2026-04-20,OFSS, EQ, 20-Apr-2026,7992.5,8063.5,8175.0,7917.5,8080.0,8082.5,8057.45,271398,21867.77,34163,132036,48.65,Others
2026-04-21,OFSS, EQ, 21-Apr-2026,8082.5,8130.0,8167.5,7885.0,7980.0,7931.0,8030.67,215428,17300.31,37582,73627,34.18,Others
2026-04-22,OFSS, EQ, 22-Apr-2026,7931.0,7878.0,8168.0,7837.0,8130.0,8126.5,8030.45,439033,35256.32,47927,136422,31.07,Others
2026-04-23,OFSS, EQ, 23-Apr-2026,8126.5,8430.0,8900.0,8261.0,8760.0,8791.5,8663.22,2646355,229259.55,218490,403140,15.23,Others
2026-04-24,OFSS, EQ, 24-Apr-2026,8791.5,8820.0,9013.5,8752.5,8995.0,8949.0,8843.48,590278,52201.1,64555,199988,33.88,Others
2026-04-27,OFSS, EQ, 27-Apr-2026,8949.0,9050.0,9490.0,9010.0,9345.0,9360.0,9335.2,843945,78783.98,95305,150685,17.85,Others
2026-04-28,OFSS, EQ, 28-Apr-2026,9360.0,9400.0,9624.5,9380.0,9613.0,9570.0,9516.62,591393,56280.61,64968,181113,30.62,Others
2026-04-29,OFSS, EQ, 29-Apr-2026,9570.0,9585.5,9810.0,9575.0,9658.0,9688.0,9694.02,473232,45875.23,57427,158815,33.56,Others
2026-04-30,OFSS, EQ, 30-Apr-2026,9688.0,9715.0,9825.0,9611.0,9736.0,9726.5,9735.07,360954,35139.13,46264,119448,33.09,Others
2026-05-04,OFSS, EQ, 04-May-2026,9726.5,9885.5,9898.0,9645.0,9720.0,9730.0,9789.52,347883,34056.07,32383,184268,52.97,Others
2026-05-05,OFSS, EQ, 05-May-2026,9730.0,9770.0,9860.0,9654.5,9710.0,9707.0,9763.27,245385,23957.59,34750,85625,34.89,Others
2026-05-06,OFSS, EQ, 06-May-2026,9707.0,9794.0,9804.0,9650.0,9700.0,9694.5,9700.06,250721,24320.09,36314,125011,49.86,Others
2026-05-07,OFSS, EQ, 07-May-2026,9694.5,9475.0,9547.5,9410.0,9500.0,9498.5,9493.75,310150,29444.86,38459,159517,51.43,Others
2026-05-08,OFSS, EQ, 08-May-2026,9498.5,9500.5,9580.0,9301.0,9330.0,9345.5,9414.62,198264,18665.8,36689,91773,46.29,Others
2026-05-11,OFSS, EQ, 11-May-2026,9345.5,9395.0,9401.5,9190.0,9205.0,9239.5,9258.61,126412,11704.0,20866,53943,42.67,Others
2026-05-12,OFSS, EQ, 12-May-2026,9239.5,9201.0,9235.0,8985.0,9000.0,9010.5,9101.97,165795,15090.62,29017,68275,41.18,Others
2026-05-13,OFSS, EQ, 13-May-2026,9010.5,9000.0,9090.0,8910.0,8921.0,8928.5,9001.67,115580,10404.13,26934,41479,35.89,Others
2026-05-14,OFSS, EQ, 14-May-2026,8928.5,8930.0,8960.0,8646.5,8916.0,8904.5,8793.22,169127,14871.7,33174,50153,29.65,Others
2026-05-15,OFSS, EQ, 15-May-2026,8904.5,8904.0,9200.0,8904.0,9020.0,9015.0,9076.94,309380,28082.25,41273,67103,21.69,Others
2026-05-18,OFSS, EQ, 18-May-2026,9015.0,9015.0,9464.5,8949.5,9455.0,9408.5,9274.56,332444,30832.73,50093,76566,23.03,Others
2026-05-19,OFSS, EQ, 19-May-2026,9408.5,9465.0,9999.0,9465.0,9675.0,9646.0,9770.96,446973,43673.54,58278,96321,21.55,Others
2026-05-20,OFSS, EQ, 20-May-2026,9646.0,9640.0,9915.0,9597.5,9735.0,9703.5,9763.23,306099,29885.16,53771,88332,28.86,Others
2026-05-21,OFSS, EQ, 21-May-2026,9703.5,9808.0,9819.5,9652.0,9729.0,9730.5,9743.72,136752,13324.73,20692,46123,33.73,Others
2026-05-22,OFSS, EQ, 22-May-2026,9730.5,9770.0,9770.0,9454.5,9518.0,9525.0,9536.98,200614,19132.51,37633,82637,41.19,Others
2026-05-25,OFSS, EQ, 25-May-2026,9525.0,9530.0,9837.5,9500.0,9730.0,9703.0,9713.85,184137,17886.79,34565,60820,33.03,Others
2026-05-26,OFSS, EQ, 26-May-2026,9703.0,9711.5,9917.0,9594.0,9903.0,9882.0,9811.28,259841,25493.74,36441,99288,38.21,Others
2026-05-27,OFSS, EQ, 27-May-2026,9882.0,9950.0,10380.5,9911.0,10305.0,10299.5,10202.01,450281,45937.69,65947,107590,23.89,Others
2026-05-29,OFSS, EQ, 29-May-2026,10299.5,10345.5,10584.5,9900.0,9967.0,9964.0,10123.49,682054,69047.64,76346,389433,57.1,Others
2026-06-01,OFSS, EQ, 01-Jun-2026,9964.0,10069.0,10291.0,10063.0,10175.0,10191.0,10188.34,362417,36924.28,49739,159881,44.12,Others
2026-06-02,OFSS, EQ, 02-Jun-2026,10191.0,10290.0,10475.5,10176.5,10365.0,10344.5,10321.57,528415,54540.73,65383,252444,47.77,Others
2026-06-03,OFSS, EQ, 03-Jun-2026,10344.5,10300.0,10300.5,9933.5,9960.0,9997.5,10092.4,235347,23752.15,39671,93590,39.77,Others
2026-06-04,OFSS, EQ, 04-Jun-2026,9997.5,9875.0,10209.0,9775.0,10098.0,10098.0,10061.85,277226,27894.08,35298,104763,37.79,Others
2026-06-05,OFSS, EQ, 05-Jun-2026,10098.0,10175.0,10198.0,9908.5,9968.5,9936.5,10032.57,197221,19786.34,30282,85882,43.55,Others
2026-06-08,OFSS, EQ, 08-Jun-2026,9936.5,9800.0,10000.0,9689.0,9704.0,9756.0,9861.17,160714,15848.28,24938,70664,43.97,Others
2026-06-09,OFSS, EQ, 09-Jun-2026,9756.0,9841.0,9862.0,9434.0,9661.0,9639.5,9594.21,252133,24190.18,38187,111181,44.1,Others
2026-06-10,OFSS, EQ, 10-Jun-2026,9639.5,9701.5,9757.0,9440.0,9494.5,9470.0,9558.64,147749,14122.8,24180,54293,36.75,Others
2026-06-11,OFSS, EQ, 11-Jun-2026,9470.0,9349.5,9439.0,9050.0,9293.0,9265.5,9244.66,385982,35682.71,55099,69195,17.93,Others
2026-06-12,OFSS, EQ, 12-Jun-2026,9265.5,9350.0,9409.0,9226.5,9365.0,9327.5,9321.19,149536,13938.54,22083,41677,27.87,Others
2026-06-15,OFSS, EQ, 15-Jun-2026,9327.5,9500.0,9517.0,9350.5,9382.5,9373.0,9427.28,111550,10516.13,15670,43777,39.24,Others
2026-06-16,OFSS, EQ, 16-Jun-2026,9373.0,9425.0,9580.5,9357.0,9500.0,9500.5,9474.65,257188,24367.67,23794,114595,44.56,Others
2026-06-17,OFSS, EQ, 17-Jun-2026,9500.5,9545.0,9609.0,9380.0,9428.5,9444.5,9439.8,151082,14261.84,21781,62699,41.5,Others
2026-06-18,OFSS, EQ, 18-Jun-2026,9444.5,9480.0,9482.5,9306.5,9430.0,9399.5,9375.59,116249,10899.03,17607,41350,35.57,Others
2026-06-19,OFSS, EQ, 19-Jun-2026,9399.5,9200.0,9695.0,9127.5,9669.0,9638.5,9486.41,254329,24126.69,32099,85840,33.75,Others
2026-06-22,OFSS, EQ, 22-Jun-2026,9638.5,9700.0,9849.5,9668.0,9715.0,9731.5,9771.93,253004,24723.38,30754,88081,34.81,Others
2026-06-23,OFSS, EQ, 23-Jun-2026,9731.5,9720.0,9925.0,9614.0,9864.0,9862.5,9818.14,262646,25786.96,32406,109518,41.7,Others
2026-06-24,OFSS, EQ, 24-Jun-2026,9862.5,9903.0,10510.0,9874.5,10490.0,10468.5,10240.5,743926,76181.77,83180,249614,33.55,Others
2026-06-25,OFSS, EQ, 25-Jun-2026,10468.5,10504.0,11035.0,10411.0,10955.0,10974.5,10840.09,1072182,116225.46,123511,463990,43.28,Others
2026-06-29,OFSS, EQ, 29-Jun-2026,10974.5,10974.5,11055.0,10770.0,10880.0,10874.5,10902.51,468469,51074.9,74894,189608,40.47,Others
2026-06-30,OFSS, EQ, 30-Jun-2026,10874.5,10874.5,10950.0,10710.0,10730.5,10775.5,10819.61,264308,28597.11,42392,117505,44.46,Others
2026-07-01,OFSS, EQ, 01-Jul-2026,10775.5,10665.0,11130.0,10550.0,10860.0,10863.0,10899.02,310310,33820.75,48342,97476,31.41,Others
2026-07-02,OFSS, EQ, 02-Jul-2026,10863.0,10971.0,11275.0,10952.0,10962.0,10986.0,11093.78,356692,39570.63,52256,89349,25.05,Others
2026-07-03,OFSS, EQ, 03-Jul-2026,10986.0,11000.0,11279.0,10936.0,11260.0,11248.0,11164.91,307902,34376.97,44339,113230,36.77,Others
2026-07-06,OFSS, EQ, 06-Jul-2026,11248.0,11260.0,11360.0,11043.0,11100.0,11071.0,11160.57,121818,13595.58,21048,50299,41.29,Others
2026-07-07,OFSS, EQ, 07-Jul-2026,11071.0,11159.0,11230.0,11045.0,11131.0,11097.0,11127.71,153695,17102.74,20813,50509,32.86,Others
2026-07-08,OFSS, EQ, 08-Jul-2026,11097.0,11101.0,11192.0,10932.0,10984.0,11002.0,11044.27,156666,17302.61,26842,66091,42.19,Others
2026-07-09,OFSS, EQ, 09-Jul-2026,11002.0,11003.0,11245.0,10780.0,11168.0,11134.0,11045.5,268180,29621.83,37283,118931,44.35,Others
2026-07-10,OFSS, EQ, 10-Jul-2026,11134.0,11340.0,11685.0,11249.0,11650.0,11651.0,11501.72,462353,53178.54,57426,164118,35.5,Others
2026-07-13,OFSS, EQ, 13-Jul-2026,11651.0,11625.0,11958.0,11549.0,11730.0,11746.0,11791.71,475460,56064.87,62001,153598,32.31,Others
2026-07-14,OFSS, EQ, 14-Jul-2026,11746.0,11740.0,11886.0,11607.0,11650.0,11646.0,11716.09,243706,28552.82,35161,95708,39.27,Others
2026-07-15,OFSS, EQ, 15-Jul-2026,11646.0,11650.0,11800.0,11553.0,11668.0,11625.0,11685.36,247577,28930.28,40864,102628,41.45,Others
2026-07-16,OFSS, EQ, 16-Jul-2026,11625.0,11670.0,11825.0,11635.0,11699.0,11681.0,11723.4,254721,29861.95,29260,127214,49.94,Others
2026-07-17,OFSS, EQ, 17-Jul-2026,11681.0,11709.0,11850.0,11337.0,11799.0,11771.0,11642.2,299599,34879.93,38665,123872,41.35,Others
2026-07-20,OFSS, EQ, 20-Jul-2026,11771.0,11800.0,11979.0,11544.0,11606.0,11620.0,11666.99,395465,46138.87,44688,200588,50.72,Others
2026-07-21,OFSS, EQ, 21-Jul-2026,11620.0,11615.0,11731.0,11577.0,11659.0,11632.0,11629.49,184454,21451.06,26595,83176,45.09,Others
2026-07-22,OFSS, EQ, 22-Jul-2026,11632.0,11632.0,11642.0,10737.0,10777.0,10851.0,11245.97,407161,45789.21,60636,158491,38.93,Others
2026-07-23,OFSS, EQ, 23-Jul-2026,10851.0,11299.0,11395.0,9937.0,10785.0,10843.0,10689.07,3404237,363881.31,431331,826141,24.27,Others
2026-07-24,OFSS, EQ, 24-Jul-2026,10843.0,10688.0,10930.0,10549.0,10610.0,10652.0,10707.17,452845,48486.9,66088,61018,13.47,Others
2026-07-27,OFSS, EQ, 27-Jul-2026,10652.0,10760.0,11189.0,10665.0,11098.0,11089.0,11050.3,460067,50838.77,66048,105874,23.01,Others
2026-07-28,OFSS, EQ, 28-Jul-2026,11089.0,11181.0,11475.0,11170.0,11320.0,11334.0,11341.95,469607,53262.6,60964,137000,29.17,Others
2026-07-29,OFSS, EQ, 29-Jul-2026,11334.0,11401.0,11695.0,11368.0,11398.0,11427.0,11550.79,337103,38938.07,54319,92445,27.42,Others
2026-07-30,OFSS, EQ, 30-Jul-2026,11427.0,11424.0,11497.0,11082.0,11158.0,11136.0,11276.94,221089,24932.07,32616,75021,33.93,Others
2026-07-31,OFSS, EQ, 31-Jul-2026,11136.0,11100.0,11270.0,10882.0,11200.0,11186.0,11142.27,294348,32797.06,45894,93437,31.74,Others
2026-08-03,OFSS, EQ, 03-Aug-2026,11186.0,11186.0,11484.0,11160.0,11332.0,11332.0,11363.66,164111,18649.01,24078,63604,38.76,Others
2026-08-04,OFSS, EQ, 04-Aug-2026,11332.0,11425.0,11685.0,11425.0,11600.0,11600.0,11579.06,257150,29775.54,33360,81094,31.54,Others
2026-08-05,OFSS, EQ, 05-Aug-2026,11600.0,11650.0,11810.0,11528.0,11759.0,11759.0,11707.15,238725,27947.9,34415,96447,40.4,Others
2026-08-06,OFSS, EQ, 06-Aug-2026,11759.0,11800.0,11898.0,11642.0,11735.0,11735.0,11748.81,225914,26542.21,27739,120197,53.2,Others
2026-08-07,OFSS, EQ, 07-Aug-2026,11735.0,11650.0,11857.0,11572.0,11805.0,11805.0,11714.5,186998,21905.88,26868,70274,37.58,Others
2026-08-10,OFSS, EQ, 10-Aug-2026,11805.0,11805.0,11912.0,11653.0,11890.0,11890.0,11755.64,122766,14431.93,19821,46050,37.51,Others
2026-08-11,OFSS, EQ, 11-Aug-2026,11890.0,11900.0,11968.0,11675.0,11896.0,11896.0,11798.3,241198,28457.26,33923,123883,51.36,Others
2026-08-12,OFSS, EQ, 12-Aug-2026,11896.0,11851.0,11899.0,11532.0,11679.0,11679.0,11696.98,244704,28622.98,45191,132201,54.02,Others
2026-08-13,OFSS, EQ, 13-Aug-2026,11679.0,11650.0,11686.0,11350.0,11420.0,11420.0,11495.57,116582,13401.77,22445,50361,43.2,Others
2026-08-14,OFSS, EQ, 14-Aug-2026,11420.0,11449.0,11850.0,11318.0,11828.0,11828.0,11650.37,258662,30135.08,33197,107988,41.75,Others
2026-08-17,OFSS, EQ, 17-Aug-2026,11828.0,11815.0,11920.0,11742.0,11789.0,11789.0,11837.09,128403,15199.18,22890,55418,43.16,Others
2026-08-18,OFSS, EQ, 18-Aug-2026,11789.0,11751.0,11840.0,11614.0,11623.0,11623.0,11748.18,111496,13098.75,16128,57836,51.87,Others
2026-08-19,OFSS, EQ, 19-Aug-2026,11623.0,11703.0,11854.0,11640.0,11774.0,11774.0,11728.54,233633,27401.74,47955,127487,54.57,Others
2026-08-20,OFSS, EQ, 20-Aug-2026,11774.0,11825.0,11917.0,11680.0,11826.0,11826.0,11848.07,188774,22366.08,27533,75580,40.04,Others
2026-08-21,OFSS, EQ, 21-Aug-2026,11826.0,11850.0,11870.0,11650.0,11724.0,11724.0,11738.57,110088,12922.76,18917,43552,39.56,Others
