Date,SYMBOL,SERIES,DATE1,PREV_CLOSE,OPEN_PRICE,HIGH_PRICE,LOW_PRICE,LAST_PRICE,CLOSE_PRICE,AVG_PRICE,TTL_TRD_QNTY,TURNOVER_LACS,NO_OF_TRADES,DELIV_QTY,DELIV_PER,SECTOR
2019-08-23,PIIND, EQ, 23-Aug-2019,1145.05,1150.0,1152.2,1132.25,1146.5,1144.9,1140.35,189632,2162.47,5209,149033,78.59,Chemicals
2019-10-01,PIIND, EQ, 01-Oct-2019,1307.05,1307.05,1317.0,1235.95,1269.75,1258.75,1289.46,331661,4276.64,13926,250587,75.56,Chemicals
2019-10-03,PIIND, EQ, 03-Oct-2019,1258.75,1260.0,1308.0,1241.05,1306.95,1299.9,1278.36,92331,1180.33,8934,57494,62.27,Chemicals
2019-10-04,PIIND, EQ, 04-Oct-2019,1299.9,1308.0,1312.0,1255.35,1259.0,1278.8,1282.3,61700,791.18,7066,34856,56.49,Chemicals
2019-10-07,PIIND, EQ, 07-Oct-2019,1278.8,1270.0,1300.75,1253.3,1278.15,1281.55,1283.16,63812,818.81,5264,27804,43.57,Chemicals
2019-10-09,PIIND, EQ, 09-Oct-2019,1281.55,1280.0,1316.0,1280.0,1310.0,1308.3,1303.72,145780,1900.57,4742,121454,83.31,Chemicals
2019-10-10,PIIND, EQ, 10-Oct-2019,1308.3,1310.1,1316.45,1280.25,1285.0,1287.9,1297.78,52831,685.63,4807,30443,57.62,Chemicals
2019-10-11,PIIND, EQ, 11-Oct-2019,1287.9,1294.0,1335.8,1281.0,1325.0,1324.1,1317.39,166368,2191.72,6577,110625,66.49,Chemicals
2019-10-14,PIIND, EQ, 14-Oct-2019,1324.1,1332.4,1354.0,1326.15,1336.0,1339.0,1337.21,200034,2674.88,7939,108930,54.46,Chemicals
2019-10-15,PIIND, EQ, 15-Oct-2019,1339.0,1340.0,1340.0,1305.0,1312.2,1316.95,1317.85,236691,3119.22,7100,211382,89.31,Chemicals
2019-10-16,PIIND, EQ, 16-Oct-2019,1316.95,1312.0,1327.0,1311.0,1317.95,1315.05,1317.66,114646,1510.65,4615,97320,84.89,Chemicals
2019-10-17,PIIND, EQ, 17-Oct-2019,1315.05,1312.0,1319.0,1305.0,1313.0,1314.35,1313.38,92947,1220.75,3503,74215,79.85,Chemicals
2019-10-18,PIIND, EQ, 18-Oct-2019,1314.35,1317.9,1317.9,1258.15,1276.0,1278.55,1290.18,213593,2755.73,18757,137567,64.41,Chemicals
2019-10-22,PIIND, EQ, 22-Oct-2019,1278.55,1286.55,1335.0,1285.0,1335.0,1323.2,1316.44,147358,1939.89,10332,109989,74.64,Chemicals
2019-10-23,PIIND, EQ, 23-Oct-2019,1323.2,1331.45,1350.0,1316.0,1346.0,1335.2,1332.83,51387,684.9,5337,29049,56.53,Chemicals
2019-10-24,PIIND, EQ, 24-Oct-2019,1335.2,1380.0,1448.7,1379.65,1430.0,1426.7,1421.72,539258,7666.75,32335,199805,37.05,Chemicals
2019-10-25,PIIND, EQ, 25-Oct-2019,1426.7,1429.85,1435.6,1360.0,1370.0,1369.85,1388.15,124354,1726.21,10694,72507,58.31,Chemicals
2019-10-27,PIIND, EQ, 27-Oct-2019,1369.85,1385.7,1430.0,1384.95,1417.85,1419.65,1412.7,34530,487.8,2837,16474,47.71,Chemicals
2019-10-29,PIIND, EQ, 29-Oct-2019,1419.65,1408.0,1417.0,1372.25,1400.8,1403.65,1393.82,175232,2442.42,14902,97097,55.41,Chemicals
2019-10-30,PIIND, EQ, 30-Oct-2019,1403.65,1410.0,1420.0,1382.5,1410.0,1400.7,1404.05,171026,2401.3,10180,135213,79.06,Chemicals
2019-10-31,PIIND, EQ, 31-Oct-2019,1400.7,1409.45,1441.0,1398.0,1422.7,1428.5,1419.63,95659,1358.01,10609,61643,64.44,Chemicals
2019-11-01,PIIND, EQ, 01-Nov-2019,1428.5,1432.85,1432.85,1385.0,1385.0,1388.25,1405.68,121109,1702.4,8914,89640,74.02,Chemicals
2019-11-04,PIIND, EQ, 04-Nov-2019,1388.25,1393.9,1405.3,1305.55,1381.05,1387.45,1388.65,69046,958.8,5484,26560,38.47,Chemicals
2019-11-05,PIIND, EQ, 05-Nov-2019,1387.45,1389.5,1420.15,1369.0,1385.65,1385.4,1395.65,93176,1300.41,10602,45279,48.6,Chemicals
2019-11-06,PIIND, EQ, 06-Nov-2019,1385.4,1389.8,1404.75,1383.0,1383.4,1387.95,1395.13,73779,1029.31,6717,47366,64.2,Chemicals
2019-11-07,PIIND, EQ, 07-Nov-2019,1387.95,1390.0,1404.75,1385.0,1398.0,1396.05,1394.53,49370,688.48,4867,23091,46.77,Chemicals
2019-11-08,PIIND, EQ, 08-Nov-2019,1396.05,1395.0,1415.0,1389.05,1400.0,1400.25,1403.28,71407,1002.04,6157,42670,59.76,Chemicals
2019-11-11,PIIND, EQ, 11-Nov-2019,1400.25,1405.95,1417.7,1396.05,1415.5,1414.3,1409.48,117479,1655.85,8515,93879,79.91,Chemicals
2019-11-13,PIIND, EQ, 13-Nov-2019,1414.3,1417.0,1424.0,1400.0,1416.5,1416.15,1413.43,104851,1481.99,7147,84075,80.19,Chemicals
2019-11-14,PIIND, EQ, 14-Nov-2019,1416.15,1419.0,1447.15,1405.0,1440.0,1426.7,1417.82,194745,2761.13,7135,159306,81.8,Chemicals
2019-11-15,PIIND, EQ, 15-Nov-2019,1426.7,1433.75,1445.0,1421.0,1435.0,1434.85,1430.99,73911,1057.66,6758,49679,67.21,Chemicals
2019-11-18,PIIND, EQ, 18-Nov-2019,1434.85,1434.85,1443.9,1408.0,1416.0,1426.0,1425.15,45322,645.9,4139,23393,51.62,Chemicals
2019-11-19,PIIND, EQ, 19-Nov-2019,1426.0,1420.05,1472.65,1407.0,1459.5,1456.3,1446.78,94643,1369.27,7362,42342,44.74,Chemicals
2019-11-20,PIIND, EQ, 20-Nov-2019,1456.3,1465.4,1468.0,1443.55,1445.0,1449.05,1455.27,50464,734.39,4270,27828,55.14,Chemicals
2019-11-21,PIIND, EQ, 21-Nov-2019,1449.05,1454.0,1454.0,1414.45,1428.0,1428.65,1427.31,116213,1658.72,13707,80244,69.05,Chemicals
2019-11-22,PIIND, EQ, 22-Nov-2019,1428.65,1437.0,1437.0,1393.05,1399.0,1403.25,1412.71,46106,651.34,4302,30939,67.1,Chemicals
2019-11-25,PIIND, EQ, 25-Nov-2019,1403.25,1405.0,1415.0,1394.0,1402.0,1401.0,1403.3,80765,1133.37,6979,55310,68.48,Chemicals
2019-11-26,PIIND, EQ, 26-Nov-2019,1401.0,1409.75,1409.75,1391.1,1400.0,1397.5,1399.1,166143,2324.51,17475,125557,75.57,Chemicals
2019-11-27,PIIND, EQ, 27-Nov-2019,1397.5,1404.7,1480.8,1400.05,1480.8,1473.25,1454.37,262895,3823.47,14410,155084,58.99,Chemicals
2019-11-28,PIIND, EQ, 28-Nov-2019,1473.25,1487.0,1502.15,1445.85,1475.0,1482.85,1481.44,224068,3319.44,11684,115888,51.72,Chemicals
2019-11-29,PIIND, EQ, 29-Nov-2019,1482.85,1479.0,1500.0,1461.2,1484.0,1481.85,1489.17,112524,1675.68,8815,64829,57.61,Chemicals
2019-12-02,PIIND, EQ, 02-Dec-2019,1481.85,1482.0,1523.95,1468.0,1515.0,1506.55,1497.49,141347,2116.66,7027,99398,70.32,Chemicals
2019-12-03,PIIND, EQ, 03-Dec-2019,1506.55,1515.9,1515.9,1472.0,1474.0,1479.1,1485.66,60722,902.12,8159,38288,63.05,Chemicals
2019-12-04,PIIND, EQ, 04-Dec-2019,1479.1,1479.0,1501.0,1470.05,1495.5,1497.2,1489.83,65302,972.89,6556,47800,73.2,Chemicals
2019-12-05,PIIND, EQ, 05-Dec-2019,1497.2,1497.2,1505.65,1480.0,1480.35,1483.3,1489.02,51611,768.5,8975,34381,66.62,Chemicals
2019-12-06,PIIND, EQ, 06-Dec-2019,1483.3,1489.75,1498.0,1472.4,1487.55,1493.8,1492.25,58995,880.35,4533,40455,68.57,Chemicals
2019-12-09,PIIND, EQ, 09-Dec-2019,1493.8,1499.1,1505.0,1480.8,1484.5,1484.3,1495.56,61579,920.95,6083,43554,70.73,Chemicals
2019-12-10,PIIND, EQ, 10-Dec-2019,1484.3,1493.0,1494.7,1436.4,1444.0,1447.65,1461.51,47740,697.73,6573,27592,57.8,Chemicals
2019-12-11,PIIND, EQ, 11-Dec-2019,1447.65,1442.2,1502.15,1442.2,1484.0,1486.35,1483.77,111046,1647.67,10348,67873,61.12,Chemicals
2019-12-12,PIIND, EQ, 12-Dec-2019,1486.35,1492.75,1496.0,1455.5,1460.0,1461.25,1474.04,355966,5247.1,5207,337645,94.85,Chemicals
2019-12-13,PIIND, EQ, 13-Dec-2019,1461.25,1469.9,1490.0,1462.35,1476.0,1479.35,1471.83,52748,776.36,5563,33090,62.73,Chemicals
2019-12-16,PIIND, EQ, 16-Dec-2019,1479.35,1485.0,1523.95,1473.0,1489.9,1485.9,1498.59,118920,1782.12,12186,68526,57.62,Chemicals
2019-12-17,PIIND, EQ, 17-Dec-2019,1485.9,1492.95,1506.0,1481.0,1499.0,1498.2,1496.87,153818,2302.45,7602,94285,61.3,Chemicals
2019-12-18,PIIND, EQ, 18-Dec-2019,1498.2,1498.2,1498.2,1475.0,1485.0,1483.65,1488.26,29452,438.32,2773,14893,50.57,Chemicals
2019-12-19,PIIND, EQ, 19-Dec-2019,1483.65,1494.75,1495.0,1465.0,1472.5,1467.6,1472.29,42474,625.34,3129,30851,72.64,Chemicals
2019-12-20,PIIND, EQ, 20-Dec-2019,1467.6,1467.6,1487.6,1466.55,1477.0,1476.85,1477.1,119739,1768.66,5623,86235,72.02,Chemicals
2019-12-23,PIIND, EQ, 23-Dec-2019,1476.85,1486.6,1486.6,1470.0,1472.5,1471.0,1472.37,64022,942.64,4362,52444,81.92,Chemicals
2019-12-24,PIIND, EQ, 24-Dec-2019,1471.0,1479.5,1479.5,1445.2,1455.0,1453.25,1460.35,88724,1295.68,3940,64014,72.15,Chemicals
2019-12-26,PIIND, EQ, 26-Dec-2019,1453.25,1462.95,1469.0,1457.5,1460.05,1463.75,1463.62,37436,547.92,4098,29288,78.23,Chemicals
2019-12-27,PIIND, EQ, 27-Dec-2019,1463.75,1474.0,1484.2,1455.0,1460.0,1460.3,1468.12,66298,973.33,3657,47704,71.95,Chemicals
2019-12-30,PIIND, EQ, 30-Dec-2019,1460.3,1467.75,1473.95,1450.0,1450.05,1452.35,1457.32,49632,723.3,6205,25487,51.35,Chemicals
2019-12-31,PIIND, EQ, 31-Dec-2019,1452.35,1459.95,1465.6,1441.55,1445.0,1445.9,1457.49,53752,783.43,10062,31427,58.47,Chemicals
2020-01-01,PIIND, EQ, 01-Jan-2020,1445.9,1450.9,1459.2,1443.55,1451.0,1451.2,1452.68,23503,341.42,1903,14143,60.18,Chemicals
2020-01-02,PIIND, EQ, 02-Jan-2020,1451.2,1454.4,1457.7,1422.1,1438.0,1440.65,1439.98,70833,1019.98,12092,36533,51.58,Chemicals
2020-01-03,PIIND, EQ, 03-Jan-2020,1440.65,1441.9,1453.0,1430.0,1442.0,1444.3,1445.06,38530,556.78,4022,22782,59.13,Chemicals
2020-01-06,PIIND, EQ, 06-Jan-2020,1444.3,1444.0,1444.0,1386.05,1418.0,1419.65,1420.77,100586,1429.1,10771,64646,64.27,Chemicals
2020-01-07,PIIND, EQ, 07-Jan-2020,1419.65,1396.0,1419.6,1374.0,1416.1,1410.25,1405.21,324873,4565.16,17389,235678,72.54,Chemicals
2020-01-08,PIIND, EQ, 08-Jan-2020,1410.25,1405.9,1459.0,1391.05,1439.75,1440.95,1435.69,100206,1438.65,12046,45291,45.2,Chemicals
2020-01-09,PIIND, EQ, 09-Jan-2020,1440.95,1450.1,1464.0,1439.0,1448.95,1445.15,1450.23,96389,1397.86,8095,69682,72.29,Chemicals
2020-01-10,PIIND, EQ, 10-Jan-2020,1445.15,1445.0,1452.85,1421.2,1430.2,1430.9,1442.14,163623,2359.68,4366,143050,87.43,Chemicals
2020-01-13,PIIND, EQ, 13-Jan-2020,1430.9,1439.75,1464.0,1425.05,1464.0,1459.1,1452.74,36469,529.8,3642,21739,59.61,Chemicals
2020-01-14,PIIND, EQ, 14-Jan-2020,1459.1,1465.0,1484.2,1454.85,1470.0,1471.0,1470.21,142860,2100.34,8917,122833,85.98,Chemicals
2020-01-15,PIIND, EQ, 15-Jan-2020,1471.0,1479.5,1479.5,1436.05,1460.0,1456.75,1457.73,168579,2457.42,5452,142354,84.44,Chemicals
2020-01-16,PIIND, EQ, 16-Jan-2020,1456.75,1460.0,1475.0,1444.0,1468.0,1465.95,1463.28,112844,1651.23,8661,95422,84.56,Chemicals
2020-01-17,PIIND, EQ, 17-Jan-2020,1465.95,1465.95,1473.75,1430.2,1437.0,1437.95,1457.55,346969,5057.25,10098,303074,87.35,Chemicals
2020-01-20,PIIND, EQ, 20-Jan-2020,1437.95,1446.55,1454.0,1420.0,1422.0,1428.45,1442.63,250374,3611.97,5423,227448,90.84,Chemicals
2020-01-21,PIIND, EQ, 21-Jan-2020,1428.45,1422.0,1453.0,1417.9,1439.0,1443.45,1431.54,245541,3515.01,4388,224847,91.57,Chemicals
2020-01-22,PIIND, EQ, 22-Jan-2020,1443.45,1449.2,1454.65,1435.7,1441.5,1444.5,1447.5,27934,404.34,3573,11784,42.19,Chemicals
2020-01-23,PIIND, EQ, 23-Jan-2020,1444.5,1451.6,1486.0,1445.0,1475.0,1476.85,1477.88,147411,2178.55,12262,75381,51.14,Chemicals
2020-01-24,PIIND, EQ, 24-Jan-2020,1476.85,1471.1,1503.6,1471.1,1498.0,1498.9,1492.88,171938,2566.84,12675,139386,81.07,Chemicals
2020-01-27,PIIND, EQ, 27-Jan-2020,1498.9,1498.0,1548.9,1485.0,1543.0,1536.2,1521.5,165444,2517.24,11543,100965,61.03,Chemicals
2020-01-28,PIIND, EQ, 28-Jan-2020,1536.2,1545.75,1579.0,1545.75,1574.0,1572.2,1567.85,206631,3239.66,13920,110327,53.39,Chemicals
2020-01-29,PIIND, EQ, 29-Jan-2020,1572.2,1582.0,1587.9,1522.05,1531.1,1538.6,1549.6,120181,1862.33,16230,63744,53.04,Chemicals
2020-01-30,PIIND, EQ, 30-Jan-2020,1538.6,1539.75,1547.6,1503.8,1538.0,1525.7,1520.11,114098,1734.42,13330,84594,74.14,Chemicals
2020-01-31,PIIND, EQ, 31-Jan-2020,1525.7,1539.85,1595.0,1528.0,1540.0,1556.85,1564.41,309452,4841.1,13367,206008,66.57,Chemicals
2020-02-01,PIIND, EQ, 01-Feb-2020,1556.85,1556.8,1566.5,1471.6,1471.6,1501.3,1520.03,102475,1557.65,3977,74525,72.73,Chemicals
2020-02-03,PIIND, EQ, 03-Feb-2020,1501.3,1480.0,1565.0,1471.65,1549.0,1549.1,1531.32,89584,1371.81,7440,52823,58.96,Chemicals
2020-02-04,PIIND, EQ, 04-Feb-2020,1549.1,1550.0,1577.2,1536.0,1550.0,1548.85,1552.94,84131,1306.5,11389,56566,67.24,Chemicals
2020-02-05,PIIND, EQ, 05-Feb-2020,1548.85,1539.95,1552.95,1515.0,1528.5,1532.65,1534.13,209409,3212.62,7737,174009,83.1,Chemicals
2020-02-06,PIIND, EQ, 06-Feb-2020,1532.65,1532.65,1550.05,1526.0,1546.05,1545.7,1539.37,104977,1615.98,12302,73800,70.3,Chemicals
2020-02-07,PIIND, EQ, 07-Feb-2020,1545.7,1555.3,1615.0,1552.0,1600.0,1598.5,1597.36,230550,3682.71,27050,105825,45.9,Chemicals
2020-02-10,PIIND, EQ, 10-Feb-2020,1598.5,1608.45,1629.0,1560.5,1561.1,1566.5,1577.2,157542,2484.75,8539,111375,70.7,Chemicals
2020-02-11,PIIND, EQ, 11-Feb-2020,1566.5,1572.0,1581.9,1540.25,1553.0,1551.95,1561.29,302950,4729.93,18740,215704,71.2,Chemicals
2020-02-12,PIIND, EQ, 12-Feb-2020,1551.95,1559.8,1578.1,1535.1,1555.0,1557.1,1562.61,102033,1594.38,8353,57711,56.56,Chemicals
2020-02-13,PIIND, EQ, 13-Feb-2020,1557.1,1584.0,1590.0,1542.0,1545.0,1545.05,1552.84,177334,2753.71,8622,118774,66.98,Chemicals
2020-02-14,PIIND, EQ, 14-Feb-2020,1545.05,1546.0,1554.45,1530.0,1548.9,1549.65,1542.91,266410,4110.47,10827,207225,77.78,Chemicals
2020-02-17,PIIND, EQ, 17-Feb-2020,1549.65,1559.05,1567.8,1530.0,1538.05,1541.0,1551.38,291537,4522.86,5020,260374,89.31,Chemicals
2020-02-18,PIIND, EQ, 18-Feb-2020,1541.0,1531.0,1544.15,1501.0,1538.5,1537.6,1514.94,182677,2767.45,13569,132149,72.34,Chemicals
2020-02-19,PIIND, EQ, 19-Feb-2020,1537.6,1547.2,1584.75,1530.15,1543.75,1548.1,1556.41,319953,4979.79,16131,249576,78.0,Chemicals
2020-02-20,PIIND, EQ, 20-Feb-2020,1548.1,1552.0,1564.0,1535.85,1555.5,1555.6,1551.22,251545,3902.02,23316,185153,73.61,Chemicals
2020-02-24,PIIND, EQ, 24-Feb-2020,1555.6,1546.0,1555.0,1528.05,1545.2,1543.05,1544.53,87521,1351.79,5651,64197,73.35,Chemicals
2020-02-25,PIIND, EQ, 25-Feb-2020,1543.05,1546.0,1558.0,1531.65,1546.0,1541.95,1547.04,182148,2817.91,14875,83613,45.9,Chemicals
2020-02-26,PIIND, EQ, 26-Feb-2020,1541.95,1545.0,1553.9,1531.25,1536.0,1542.4,1547.67,190146,2942.82,10203,155104,81.57,Chemicals
2020-02-27,PIIND, EQ, 27-Feb-2020,1542.4,1544.9,1544.9,1516.05,1529.0,1525.9,1527.43,183525,2803.22,8785,154421,84.14,Chemicals
2020-02-28,PIIND, EQ, 28-Feb-2020,1525.9,1518.15,1542.95,1438.0,1505.0,1531.25,1496.69,384595,5756.19,17937,280090,72.83,Chemicals
2020-03-02,PIIND, EQ, 02-Mar-2020,1531.25,1545.0,1550.0,1435.6,1539.8,1521.95,1526.87,103485,1580.08,8761,58307,56.34,Chemicals
2020-03-03,PIIND, EQ, 03-Mar-2020,1521.95,1530.0,1580.0,1527.0,1570.0,1548.1,1543.49,131783,2034.06,10729,90922,68.99,Chemicals
2020-03-04,PIIND, EQ, 04-Mar-2020,1548.1,1560.0,1578.0,1545.1,1578.0,1575.65,1568.8,169828,2664.26,9471,94990,55.93,Chemicals
2020-03-05,PIIND, EQ, 05-Mar-2020,1575.65,1586.0,1589.85,1541.15,1560.8,1562.2,1559.54,93190,1453.33,17597,55302,59.34,Chemicals
2020-03-06,PIIND, EQ, 06-Mar-2020,1562.2,1500.0,1586.7,1475.0,1580.0,1574.3,1546.14,85764,1326.03,7265,41861,48.81,Chemicals
2020-03-09,PIIND, EQ, 09-Mar-2020,1574.3,1549.0,1565.0,1495.0,1501.3,1521.45,1521.26,159708,2429.57,19601,101055,63.27,Chemicals
2020-03-11,PIIND, EQ, 11-Mar-2020,1521.45,1519.7,1537.65,1497.05,1500.0,1509.45,1518.95,83862,1273.82,9486,54567,65.07,Chemicals
2020-03-12,PIIND, EQ, 12-Mar-2020,1509.45,1461.0,1489.15,1317.7,1347.0,1348.6,1375.97,367579,5057.77,29130,265966,72.36,Chemicals
2020-03-13,PIIND, EQ, 13-Mar-2020,1348.6,1200.0,1363.0,1199.95,1349.0,1350.0,1329.29,375163,4987.01,15204,271707,72.42,Chemicals
2020-03-16,PIIND, EQ, 16-Mar-2020,1350.0,1300.0,1345.0,1254.55,1280.0,1302.65,1300.25,216229,2811.53,10052,171858,79.48,Chemicals
2020-03-17,PIIND, EQ, 17-Mar-2020,1302.65,1281.0,1360.0,1255.0,1260.0,1274.2,1289.65,127641,1646.12,9972,69979,54.82,Chemicals
2020-03-18,PIIND, EQ, 18-Mar-2020,1274.2,1276.0,1351.4,1147.2,1300.0,1261.15,1234.18,248278,3064.2,8677,158842,63.98,Chemicals
2020-03-19,PIIND, EQ, 19-Mar-2020,1261.15,1185.25,1244.4,1132.35,1179.95,1192.35,1195.68,247951,2964.71,25216,161854,65.28,Chemicals
2020-03-20,PIIND, EQ, 20-Mar-2020,1192.35,1171.15,1272.25,1155.1,1203.0,1200.95,1202.43,201821,2426.75,12526,108008,53.52,Chemicals
2020-03-23,PIIND, EQ, 23-Mar-2020,1200.95,1036.05,1179.7,1000.5,1065.0,1063.45,1069.84,348808,3731.69,16264,277434,79.54,Chemicals
2020-03-24,PIIND, EQ, 24-Mar-2020,1063.45,1070.0,1106.55,1000.0,1031.0,1010.05,1045.34,236961,2477.04,12223,172014,72.59,Chemicals
2020-03-25,PIIND, EQ, 25-Mar-2020,1010.05,980.0,1107.95,970.1,1085.0,1078.75,1040.63,172411,1794.16,20857,92638,53.73,Chemicals
2020-03-26,PIIND, EQ, 26-Mar-2020,1078.75,1095.2,1169.0,1062.65,1131.0,1133.55,1117.19,232085,2592.82,24502,157874,68.02,Chemicals
2020-03-27,PIIND, EQ, 27-Mar-2020,1133.55,1199.0,1199.0,1070.75,1090.0,1081.9,1116.28,215743,2408.3,28772,156214,72.41,Chemicals
2020-03-30,PIIND, EQ, 30-Mar-2020,1081.9,1050.0,1107.35,1010.9,1065.0,1079.1,1064.93,274061,2918.56,13985,234557,85.59,Chemicals
2020-03-31,PIIND, EQ, 31-Mar-2020,1079.1,1085.05,1198.7,1071.9,1181.0,1170.05,1110.55,435099,4832.01,13180,389479,89.52,Chemicals
2020-04-01,PIIND, EQ, 01-Apr-2020,1170.05,1177.3,1275.0,1168.0,1183.6,1195.15,1215.03,284017,3450.89,24665,138285,48.69,Chemicals
2020-04-03,PIIND, EQ, 03-Apr-2020,1195.15,1192.0,1192.0,1153.0,1179.0,1177.8,1170.27,82806,969.05,12466,45492,54.94,Chemicals
2020-04-07,PIIND, EQ, 07-Apr-2020,1177.8,1202.0,1347.8,1202.0,1305.0,1312.55,1299.1,153679,1996.45,16383,87951,57.23,Chemicals
2020-04-08,PIIND, EQ, 08-Apr-2020,1312.55,1307.65,1399.0,1271.4,1385.25,1385.4,1367.93,234301,3205.07,12754,177754,75.87,Chemicals
2020-04-09,PIIND, EQ, 09-Apr-2020,1385.4,1421.95,1475.0,1376.0,1376.0,1406.7,1439.54,158967,2288.39,28454,97411,61.28,Chemicals
2020-04-13,PIIND, EQ, 13-Apr-2020,1406.7,1397.0,1397.0,1315.15,1370.0,1361.9,1348.65,120244,1621.67,4786,81375,79.36,Chemicals
2020-04-15,PIIND, EQ, 15-Apr-2020,1361.9,1376.0,1420.0,1376.0,1406.0,1401.0,1401.3,130885,1834.09,24650,112088,85.64,Chemicals
2020-04-16,PIIND, EQ, 16-Apr-2020,1401.0,1410.0,1472.9,1355.25,1460.0,1454.1,1433.19,172700,2475.12,25843,137922,79.86,Chemicals
2020-04-17,PIIND, EQ, 17-Apr-2020,1454.1,1495.0,1498.55,1405.0,1438.0,1418.05,1433.1,212978,3052.18,11560,181915,85.41,Chemicals
2020-04-20,PIIND, EQ, 20-Apr-2020,1418.05,1370.0,1460.0,1370.0,1440.0,1441.4,1428.98,86141,1230.94,10108,67102,77.9,Chemicals
2020-04-21,PIIND, EQ, 21-Apr-2020,1441.4,1392.5,1462.0,1387.0,1400.0,1400.2,1399.08,200896,2810.7,14946,180306,89.75,Chemicals
2020-04-22,PIIND, EQ, 22-Apr-2020,1400.2,1402.0,1490.0,1375.0,1478.95,1476.65,1438.67,212556,3057.98,22078,132397,62.29,Chemicals
2020-04-23,PIIND, EQ, 23-Apr-2020,1476.65,1489.15,1550.0,1477.3,1516.0,1513.4,1519.78,416675,6332.55,24063,127353,30.56,Chemicals
2020-04-24,PIIND, EQ, 24-Apr-2020,1513.4,1500.0,1531.9,1461.5,1476.0,1481.05,1509.81,79769,1204.36,9018,43999,55.16,Chemicals
2020-04-27,PIIND, EQ, 27-Apr-2020,1481.05,1487.0,1540.8,1486.4,1496.0,1503.35,1521.53,171994,2616.94,10434,84307,49.02,Chemicals
2020-04-28,PIIND, EQ, 28-Apr-2020,1503.35,1522.95,1530.0,1481.05,1489.45,1489.5,1503.18,145324,2184.48,10929,71191,48.99,Chemicals
2020-04-29,PIIND, EQ, 29-Apr-2020,1489.5,1499.0,1540.35,1499.0,1532.95,1524.75,1519.11,167469,2544.03,8276,117148,69.95,Chemicals
2020-04-30,PIIND, EQ, 30-Apr-2020,1524.75,1540.95,1604.7,1532.7,1583.0,1589.55,1575.17,414142,6523.44,25812,187418,45.25,Chemicals
2020-05-04,PIIND, EQ, 04-May-2020,1589.55,1550.0,1566.45,1491.2,1505.0,1514.6,1526.26,136664,2085.84,11719,69735,51.03,Chemicals
2020-05-05,PIIND, EQ, 05-May-2020,1514.6,1534.9,1546.6,1514.1,1530.25,1526.1,1528.66,94088,1438.29,9806,59391,63.12,Chemicals
2020-05-06,PIIND, EQ, 06-May-2020,1526.1,1549.0,1574.0,1511.0,1550.0,1544.85,1550.55,225054,3489.57,17105,109143,48.5,Chemicals
2020-05-07,PIIND, EQ, 07-May-2020,1544.85,1544.0,1574.9,1512.0,1536.0,1528.25,1545.82,252615,3904.96,15036,191661,75.87,Chemicals
2020-05-08,PIIND, EQ, 08-May-2020,1528.25,1546.15,1557.55,1527.55,1536.0,1532.1,1542.02,113864,1755.81,3600,90927,79.86,Chemicals
2020-05-11,PIIND, EQ, 11-May-2020,1532.1,1540.0,1554.25,1512.1,1524.0,1519.4,1533.84,91880,1409.29,16106,59363,64.61,Chemicals
2020-05-12,PIIND, EQ, 12-May-2020,1519.4,1524.9,1539.0,1510.0,1511.0,1512.85,1521.8,94437,1437.14,10125,57146,60.51,Chemicals
2020-05-13,PIIND, EQ, 13-May-2020,1512.85,1544.0,1558.0,1505.0,1517.95,1514.25,1518.68,221335,3361.38,6384,172489,77.93,Chemicals
2020-05-14,PIIND, EQ, 14-May-2020,1514.25,1515.05,1550.0,1484.75,1545.0,1531.1,1510.82,90492,1367.17,7796,53487,59.11,Chemicals
2020-05-15,PIIND, EQ, 15-May-2020,1531.1,1545.0,1545.0,1476.0,1483.75,1486.0,1502.92,102520,1540.8,16185,65978,64.36,Chemicals
2020-05-18,PIIND, EQ, 18-May-2020,1486.0,1492.0,1493.75,1425.55,1450.35,1451.95,1446.6,190998,2762.98,13588,145393,76.12,Chemicals
2020-05-19,PIIND, EQ, 19-May-2020,1451.95,1455.2,1509.75,1450.0,1475.45,1473.7,1487.02,200544,2982.13,16740,145201,72.4,Chemicals
2020-05-20,PIIND, EQ, 20-May-2020,1473.7,1482.0,1512.0,1450.05,1475.0,1486.4,1491.19,190790,2845.04,13242,134543,70.52,Chemicals
2020-05-21,PIIND, EQ, 21-May-2020,1486.4,1486.0,1530.0,1475.6,1495.0,1494.0,1506.46,122991,1852.81,12424,80801,65.7,Chemicals
2020-05-22,PIIND, EQ, 22-May-2020,1494.0,1499.0,1521.0,1491.0,1510.15,1512.3,1510.02,91594,1383.09,5440,61281,66.91,Chemicals
2020-05-26,PIIND, EQ, 26-May-2020,1512.3,1514.0,1597.0,1512.5,1590.25,1578.85,1564.43,288732,4517.02,19161,192756,66.76,Chemicals
2020-05-27,PIIND, EQ, 27-May-2020,1578.85,1592.0,1603.95,1527.75,1554.0,1546.95,1559.96,228867,3570.22,33274,114137,49.87,Chemicals
2020-05-28,PIIND, EQ, 28-May-2020,1546.95,1563.0,1603.0,1557.55,1600.0,1586.45,1579.08,103424,1633.15,10856,58448,56.51,Chemicals
2020-05-29,PIIND, EQ, 29-May-2020,1586.45,1592.3,1650.0,1525.2,1533.85,1539.2,1598.44,442836,7078.48,42835,254290,57.42,Chemicals
2020-06-01,PIIND, EQ, 01-Jun-2020,1539.2,1572.0,1592.4,1553.05,1584.0,1578.9,1574.42,199562,3141.94,26649,111691,55.97,Chemicals
2020-06-02,PIIND, EQ, 02-Jun-2020,1578.9,1588.4,1596.0,1540.0,1556.0,1557.5,1576.23,124655,1964.85,17173,57856,46.41,Chemicals
2020-06-03,PIIND, EQ, 03-Jun-2020,1557.5,1569.15,1578.0,1522.8,1548.0,1538.6,1547.12,116078,1795.87,16270,51732,44.57,Chemicals
2020-06-04,PIIND, EQ, 04-Jun-2020,1538.6,1548.0,1573.95,1522.0,1550.1,1552.7,1550.96,169374,2626.92,23071,79396,46.88,Chemicals
2020-06-05,PIIND, EQ, 05-Jun-2020,1552.7,1570.0,1639.0,1555.0,1633.0,1617.9,1592.2,549884,8755.27,34789,296351,53.89,Chemicals
2020-06-08,PIIND, EQ, 08-Jun-2020,1617.9,1644.0,1647.9,1565.0,1584.15,1593.85,1600.13,216095,3457.8,21238,138502,64.09,Chemicals
2020-06-09,PIIND, EQ, 09-Jun-2020,1593.85,1593.85,1606.0,1575.05,1598.0,1593.45,1592.03,277022,4410.26,8804,234451,84.63,Chemicals
2020-06-10,PIIND, EQ, 10-Jun-2020,1593.45,1599.0,1635.0,1593.7,1621.15,1630.65,1622.53,227260,3687.37,10783,135719,59.72,Chemicals
2020-06-11,PIIND, EQ, 11-Jun-2020,1630.65,1630.65,1631.15,1589.0,1600.0,1598.1,1602.48,285550,4575.89,13536,222161,77.8,Chemicals
2020-06-12,PIIND, EQ, 12-Jun-2020,1598.1,1550.0,1618.0,1550.0,1594.95,1599.45,1591.48,188524,3000.32,13199,132645,70.36,Chemicals
2020-06-15,PIIND, EQ, 15-Jun-2020,1599.45,1600.0,1611.0,1574.75,1587.0,1580.65,1589.02,245597,3902.59,12174,202567,82.48,Chemicals
2020-06-16,PIIND, EQ, 16-Jun-2020,1580.65,1602.1,1689.0,1590.0,1610.0,1619.4,1644.39,689903,11344.72,49824,354355,51.36,Chemicals
2020-06-17,PIIND, EQ, 17-Jun-2020,1619.4,1619.0,1619.0,1573.95,1582.4,1584.7,1588.91,310377,4931.62,44676,220460,71.03,Chemicals
2020-06-18,PIIND, EQ, 18-Jun-2020,1584.7,1585.0,1585.0,1540.0,1542.1,1552.25,1557.59,283077,4409.17,24884,225032,79.49,Chemicals
2020-06-19,PIIND, EQ, 19-Jun-2020,1552.25,1556.0,1567.0,1501.35,1547.0,1553.2,1533.32,359630,5514.27,27736,222999,62.01,Chemicals
2020-06-22,PIIND, EQ, 22-Jun-2020,1553.2,1565.0,1565.0,1507.1,1535.0,1538.85,1529.15,236095,3610.24,21212,112232,47.54,Chemicals
2020-06-23,PIIND, EQ, 23-Jun-2020,1538.85,1540.0,1552.0,1520.05,1537.0,1539.0,1537.89,279930,4305.0,21852,193041,68.96,Chemicals
2020-06-24,PIIND, EQ, 24-Jun-2020,1539.0,1550.0,1560.0,1520.0,1530.6,1528.95,1534.69,188550,2893.66,13272,109951,58.31,Chemicals
2020-06-25,PIIND, EQ, 25-Jun-2020,1528.95,1533.6,1564.45,1522.25,1555.1,1538.1,1538.94,231775,3566.87,9744,165911,71.58,Chemicals
2020-06-26,PIIND, EQ, 26-Jun-2020,1538.1,1558.95,1573.0,1540.5,1545.0,1550.85,1558.51,185532,2891.53,17838,131482,70.87,Chemicals
2020-06-29,PIIND, EQ, 29-Jun-2020,1550.85,1555.0,1555.1,1520.5,1521.5,1524.75,1530.36,74892,1146.12,5133,51133,68.28,Chemicals
2020-06-30,PIIND, EQ, 30-Jun-2020,1524.75,1531.65,1537.7,1500.0,1505.05,1503.95,1513.66,156721,2372.23,15141,108359,69.14,Chemicals
2020-07-01,PIIND, EQ, 01-Jul-2020,1503.95,1515.0,1554.7,1500.0,1532.3,1533.95,1534.32,322172,4943.14,18955,172011,53.39,Chemicals
2020-07-02,PIIND, EQ, 02-Jul-2020,1533.95,1544.0,1597.0,1540.5,1559.0,1561.95,1576.49,260055,4099.73,19281,135946,52.28,Chemicals
2020-07-03,PIIND, EQ, 03-Jul-2020,1561.95,1567.6,1608.9,1567.6,1573.2,1576.3,1588.38,321437,5105.65,26601,210930,65.62,Chemicals
2020-07-06,PIIND, EQ, 06-Jul-2020,1576.3,1583.2,1667.3,1581.05,1634.8,1637.9,1636.98,428509,7014.59,42425,236155,55.11,Chemicals
2020-07-07,PIIND, EQ, 07-Jul-2020,1637.9,1644.95,1680.0,1642.0,1666.0,1665.6,1666.65,256306,4271.73,26113,148885,58.09,Chemicals
2020-07-08,PIIND, EQ, 08-Jul-2020,1665.6,1676.15,1730.0,1653.0,1681.0,1662.75,1694.6,284646,4823.6,18211,147935,51.97,Chemicals
2020-07-09,PIIND, EQ, 09-Jul-2020,1662.75,1673.85,1738.9,1650.0,1732.0,1726.5,1692.86,203569,3446.14,13248,74128,36.41,Chemicals
2020-07-10,PIIND, EQ, 10-Jul-2020,1726.5,1720.1,1789.8,1706.65,1770.4,1758.15,1759.42,297193,5228.88,20312,133401,44.89,Chemicals
2020-07-13,PIIND, EQ, 13-Jul-2020,1758.15,1780.6,1784.95,1672.75,1699.0,1695.65,1712.18,295980,5067.71,29577,179889,60.78,Chemicals
2020-07-14,PIIND, EQ, 14-Jul-2020,1695.65,1674.0,1746.85,1672.0,1727.25,1728.65,1703.59,257717,4390.44,16841,129067,50.08,Chemicals
2020-07-15,PIIND, EQ, 15-Jul-2020,1728.65,1740.0,1748.35,1686.25,1699.0,1701.6,1720.41,165632,2849.55,12959,108975,65.79,Chemicals
2020-07-16,PIIND, EQ, 16-Jul-2020,1701.6,1680.0,1709.4,1661.95,1678.0,1671.65,1680.16,158295,2659.61,13303,91185,57.6,Chemicals
2020-07-17,PIIND, EQ, 17-Jul-2020,1671.65,1685.65,1713.0,1669.0,1688.8,1678.85,1695.26,122450,2075.85,8946,82259,67.18,Chemicals
2020-07-20,PIIND, EQ, 20-Jul-2020,1678.85,1680.3,1723.8,1680.3,1701.0,1701.05,1700.04,122988,2090.84,10189,74749,60.78,Chemicals
2020-07-21,PIIND, EQ, 21-Jul-2020,1701.05,1711.0,1717.2,1677.0,1694.75,1685.55,1689.83,263961,4460.49,14260,219700,83.23,Chemicals
2020-07-22,PIIND, EQ, 22-Jul-2020,1685.55,1694.0,1718.5,1680.0,1685.0,1696.0,1700.49,97157,1652.15,9665,31457,32.38,Chemicals
2020-07-23,PIIND, EQ, 23-Jul-2020,1696.0,1695.0,1838.0,1684.0,1787.0,1791.45,1781.04,526323,9374.05,44457,195345,37.12,Chemicals
2020-07-24,PIIND, EQ, 24-Jul-2020,1791.45,1787.0,1810.0,1752.0,1803.0,1798.2,1782.28,193223,3443.77,17870,110432,57.15,Chemicals
2020-07-27,PIIND, EQ, 27-Jul-2020,1798.2,1798.2,1827.0,1758.0,1772.0,1768.8,1789.51,186695,3340.93,19856,92687,49.65,Chemicals
2020-07-28,PIIND, EQ, 28-Jul-2020,1768.8,1779.0,1779.0,1752.5,1767.0,1759.55,1760.21,73178,1288.08,8941,35961,49.14,Chemicals
2020-07-29,PIIND, EQ, 29-Jul-2020,1759.55,1774.0,1804.0,1767.6,1781.0,1776.8,1781.17,110367,1965.82,17102,62599,56.72,Chemicals
2020-07-30,PIIND, EQ, 30-Jul-2020,1776.8,1791.2,1802.5,1755.3,1759.0,1758.35,1778.16,134497,2391.57,12396,89986,66.91,Chemicals
2020-07-31,PIIND, EQ, 31-Jul-2020,1758.35,1761.0,1788.5,1757.05,1769.95,1760.55,1770.21,128649,2277.36,13746,90332,70.22,Chemicals
2020-08-03,PIIND, EQ, 03-Aug-2020,1760.55,1769.95,1867.4,1769.95,1838.0,1840.4,1826.23,288922,5276.39,24318,116884,40.46,Chemicals
2020-08-04,PIIND, EQ, 04-Aug-2020,1840.4,1845.0,1870.0,1815.0,1840.0,1834.65,1840.49,201462,3707.89,22666,94292,46.8,Chemicals
2020-08-05,PIIND, EQ, 05-Aug-2020,1834.65,1955.0,1960.0,1890.4,1899.95,1896.15,1912.15,737932,14110.34,65203,353044,47.84,Chemicals
2020-08-06,PIIND, EQ, 06-Aug-2020,1896.15,1904.9,2054.9,1904.9,2031.65,2035.75,1998.34,852162,17029.08,78557,390387,45.81,Chemicals
2020-08-07,PIIND, EQ, 07-Aug-2020,2035.75,2079.0,2160.0,1938.0,1950.0,1946.4,2017.57,892157,17999.91,88119,479350,53.73,Chemicals
2020-08-10,PIIND, EQ, 10-Aug-2020,1946.4,1974.5,1988.7,1911.45,1924.95,1927.45,1939.09,269636,5228.49,49670,173521,64.35,Chemicals
2020-08-11,PIIND, EQ, 11-Aug-2020,1927.45,1935.1,1952.95,1895.0,1900.0,1904.55,1921.3,267733,5143.95,35715,186252,69.57,Chemicals
2020-08-12,PIIND, EQ, 12-Aug-2020,1904.55,1896.0,1934.45,1868.0,1869.85,1870.9,1887.28,223933,4226.25,39415,137608,61.45,Chemicals
2020-08-13,PIIND, EQ, 13-Aug-2020,1870.9,1880.05,1917.95,1880.05,1904.95,1902.0,1900.83,251795,4786.2,34442,168948,67.1,Chemicals
2020-08-14,PIIND, EQ, 14-Aug-2020,1902.0,1907.95,1968.95,1907.95,1942.0,1939.6,1946.4,506839,9865.13,30685,334873,66.07,Chemicals
2020-08-17,PIIND, EQ, 17-Aug-2020,1939.6,1945.5,1953.8,1889.0,1931.0,1924.05,1921.26,203038,3900.89,24087,126409,62.26,Chemicals
2020-08-18,PIIND, EQ, 18-Aug-2020,1924.05,1928.0,1985.5,1928.0,1965.0,1961.8,1964.61,219835,4318.9,23463,129848,59.07,Chemicals
2020-08-19,PIIND, EQ, 19-Aug-2020,1961.8,1973.0,1978.8,1943.55,1962.0,1962.4,1958.98,92797,1817.88,15919,53425,57.57,Chemicals
2020-08-20,PIIND, EQ, 20-Aug-2020,1962.4,1962.0,1972.0,1925.65,1943.5,1949.8,1950.38,223310,4355.39,24011,105313,47.16,Chemicals
2020-08-21,PIIND, EQ, 21-Aug-2020,1949.8,1975.0,2024.9,1970.0,1980.0,1988.7,2001.37,302831,6060.77,22744,142405,47.02,Chemicals
2020-08-24,PIIND, EQ, 24-Aug-2020,1988.7,2008.0,2089.0,1994.0,2075.0,2061.55,2059.38,399207,8221.17,59130,226185,56.66,Chemicals
2020-08-25,PIIND, EQ, 25-Aug-2020,2061.55,2060.0,2097.5,2005.5,2060.0,2045.85,2046.3,265556,5434.08,41393,164952,62.12,Chemicals
2020-08-26,PIIND, EQ, 26-Aug-2020,2045.85,2046.0,2070.1,2007.6,2016.0,2015.6,2027.19,122691,2487.18,13752,76977,62.74,Chemicals
2020-08-27,PIIND, EQ, 27-Aug-2020,2015.6,2026.15,2026.15,1975.3,1990.0,1991.05,1993.64,162855,3246.74,22835,88690,54.46,Chemicals
2020-08-28,PIIND, EQ, 28-Aug-2020,1991.05,2000.2,2000.2,1959.0,1964.95,1967.05,1973.56,223050,4402.03,20872,160280,71.86,Chemicals
2020-08-31,PIIND, EQ, 31-Aug-2020,1967.05,1975.0,1990.0,1806.1,1858.0,1838.5,1878.76,356520,6698.16,48997,222666,62.46,Chemicals
2020-09-01,PIIND, EQ, 01-Sep-2020,1838.5,1835.0,1891.45,1810.0,1875.0,1860.05,1859.34,315880,5873.29,30641,217695,68.92,Chemicals
2020-09-02,PIIND, EQ, 02-Sep-2020,1860.05,1877.8,1930.0,1865.05,1912.8,1912.45,1914.14,353023,6757.35,43432,264778,75.0,Chemicals
2020-09-03,PIIND, EQ, 03-Sep-2020,1912.45,1922.95,1926.45,1880.0,1895.0,1885.15,1893.41,179220,3393.37,26306,125768,70.18,Chemicals
2020-09-04,PIIND, EQ, 04-Sep-2020,1885.15,1870.0,1900.9,1849.1,1880.0,1883.45,1874.36,165058,3093.77,22159,99075,60.02,Chemicals
2020-09-07,PIIND, EQ, 07-Sep-2020,1883.45,1899.0,1900.0,1825.0,1884.4,1879.45,1853.34,118810,2201.95,23111,57811,48.66,Chemicals
2020-09-08,PIIND, EQ, 08-Sep-2020,1879.45,1879.5,1908.0,1851.55,1890.0,1896.35,1887.82,194546,3672.68,24720,108285,55.66,Chemicals
2020-09-09,PIIND, EQ, 09-Sep-2020,1896.35,1880.0,1898.0,1855.1,1880.0,1886.3,1881.94,256659,4830.17,21847,179787,70.05,Chemicals
2020-09-10,PIIND, EQ, 10-Sep-2020,1886.3,1890.1,1922.4,1890.1,1905.0,1911.05,1908.92,159470,3044.16,22173,92831,58.21,Chemicals
2020-09-11,PIIND, EQ, 11-Sep-2020,1911.05,1915.15,1915.2,1846.45,1865.0,1868.1,1867.13,463340,8651.14,39075,335166,72.34,Chemicals
2020-09-14,PIIND, EQ, 14-Sep-2020,1868.1,1885.0,1949.3,1879.0,1920.0,1923.8,1927.17,480593,9261.84,52177,336771,70.07,Chemicals
2020-09-15,PIIND, EQ, 15-Sep-2020,1923.8,1930.0,2025.0,1925.0,2020.15,2012.1,1991.7,353500,7040.67,50077,200986,56.86,Chemicals
2020-09-16,PIIND, EQ, 16-Sep-2020,2012.1,2027.4,2070.0,1965.0,2054.65,2052.8,2025.38,602291,12198.69,60024,313293,52.02,Chemicals
2020-09-17,PIIND, EQ, 17-Sep-2020,2052.8,2052.0,2052.75,2015.95,2033.0,2030.85,2034.24,117806,2396.45,17650,65893,55.93,Chemicals
2020-09-18,PIIND, EQ, 18-Sep-2020,2030.85,2045.0,2059.9,1992.15,2000.0,2036.5,2035.72,1084043,22068.04,51963,720176,66.43,Chemicals
2020-09-21,PIIND, EQ, 21-Sep-2020,2036.5,2018.95,2052.0,1926.6,1938.0,1943.65,2004.64,343924,6894.43,32876,217299,63.18,Chemicals
2020-09-22,PIIND, EQ, 22-Sep-2020,1943.65,1937.0,1977.45,1860.95,1900.0,1896.05,1911.32,345116,6596.28,48930,194350,56.31,Chemicals
2020-09-23,PIIND, EQ, 23-Sep-2020,1896.05,1910.2,1926.9,1862.0,1896.0,1891.5,1892.69,156481,2961.7,16609,78003,49.85,Chemicals
2020-09-24,PIIND, EQ, 24-Sep-2020,1891.5,1870.0,1918.15,1870.0,1892.0,1892.15,1900.22,386660,7347.4,23323,290490,75.13,Chemicals
2020-09-25,PIIND, EQ, 25-Sep-2020,1892.15,1902.15,1925.6,1890.0,1897.0,1914.35,1909.13,320863,6125.68,23418,156600,48.81,Chemicals
2020-09-28,PIIND, EQ, 28-Sep-2020,1914.35,1911.0,1982.0,1897.95,1945.0,1945.05,1931.67,778230,15032.87,31293,435106,55.91,Chemicals
2020-09-29,PIIND, EQ, 29-Sep-2020,1945.05,1955.15,2010.0,1936.85,1985.0,1987.5,1989.61,278656,5544.17,24139,153170,54.97,Chemicals
2020-09-30,PIIND, EQ, 30-Sep-2020,1987.5,1990.0,1999.0,1945.4,1962.0,1971.5,1968.31,126961,2498.99,16157,63582,50.08,Chemicals
2020-10-01,PIIND, EQ, 01-Oct-2020,1971.5,1972.0,1999.1,1933.0,1956.0,1945.3,1960.28,95828,1878.5,12329,46684,48.72,Chemicals
2020-10-05,PIIND, EQ, 05-Oct-2020,1945.3,1966.3,2054.95,1966.3,2039.95,2019.55,2029.24,224047,4546.45,32318,92219,41.16,Chemicals
2020-10-06,PIIND, EQ, 06-Oct-2020,2019.55,2042.0,2080.0,2035.6,2043.9,2044.7,2059.09,338911,6978.5,61995,238765,70.45,Chemicals
2020-10-07,PIIND, EQ, 07-Oct-2020,2044.7,2049.75,2076.0,2005.9,2033.15,2042.7,2051.85,154581,3171.77,25190,82433,53.33,Chemicals
2020-10-08,PIIND, EQ, 08-Oct-2020,2042.7,2045.0,2067.8,2020.0,2040.0,2039.75,2048.06,117274,2401.84,25053,73602,62.76,Chemicals
2020-10-09,PIIND, EQ, 09-Oct-2020,2039.75,2050.0,2065.25,2013.0,2021.0,2020.9,2039.48,160788,3279.25,28579,91825,57.11,Chemicals
2020-10-12,PIIND, EQ, 12-Oct-2020,2020.9,2030.0,2065.0,2012.5,2035.05,2030.8,2034.35,157473,3203.56,20182,98386,62.48,Chemicals
2020-10-13,PIIND, EQ, 13-Oct-2020,2030.8,2039.0,2052.15,2008.55,2020.5,2022.7,2026.38,146004,2958.6,28965,96416,66.04,Chemicals
2020-10-14,PIIND, EQ, 14-Oct-2020,2022.7,2033.0,2050.0,2016.1,2040.0,2037.9,2034.59,193273,3932.31,41101,97437,50.41,Chemicals
2020-10-15,PIIND, EQ, 15-Oct-2020,2037.9,2049.95,2050.0,2009.25,2030.0,2023.65,2024.67,224675,4548.92,38941,150381,66.93,Chemicals
2020-10-16,PIIND, EQ, 16-Oct-2020,2023.65,2033.75,2109.9,2030.1,2090.0,2081.45,2063.24,487387,10055.98,41701,236843,48.59,Chemicals
2020-10-19,PIIND, EQ, 19-Oct-2020,2081.45,2101.15,2159.9,2081.45,2130.0,2145.7,2128.99,458826,9768.37,54064,217824,47.47,Chemicals
2020-10-20,PIIND, EQ, 20-Oct-2020,2145.7,2130.0,2165.0,2087.0,2150.0,2129.55,2105.33,294338,6196.79,31180,176759,60.05,Chemicals
2020-10-21,PIIND, EQ, 21-Oct-2020,2129.55,2159.3,2199.85,2120.0,2181.1,2181.9,2181.36,476709,10398.74,56526,245006,51.4,Chemicals
2020-10-22,PIIND, EQ, 22-Oct-2020,2181.9,2181.9,2225.0,2144.2,2149.65,2154.95,2170.25,418168,9075.29,45263,222672,53.25,Chemicals
2020-10-23,PIIND, EQ, 23-Oct-2020,2154.95,2150.0,2202.4,2142.5,2157.5,2157.85,2167.46,208651,4522.43,28424,103554,49.63,Chemicals
2020-10-26,PIIND, EQ, 26-Oct-2020,2157.85,2159.2,2170.0,2060.0,2090.0,2098.35,2133.18,401093,8556.04,36917,283161,70.6,Chemicals
2020-10-27,PIIND, EQ, 27-Oct-2020,2098.35,2102.0,2189.0,2072.0,2142.05,2141.75,2132.37,363198,7744.72,63778,141167,38.87,Chemicals
2020-10-28,PIIND, EQ, 28-Oct-2020,2141.75,2151.05,2186.85,2090.0,2117.85,2114.55,2152.37,193401,4162.71,23725,90212,46.65,Chemicals
2020-10-29,PIIND, EQ, 29-Oct-2020,2114.55,2178.7,2220.2,2141.15,2161.0,2158.15,2160.97,480368,10380.59,51679,218062,45.39,Chemicals
2020-10-30,PIIND, EQ, 30-Oct-2020,2158.15,2155.0,2239.0,2143.0,2199.0,2197.2,2185.49,532989,11648.43,59198,272620,51.15,Chemicals
2020-11-02,PIIND, EQ, 02-Nov-2020,2197.2,2199.0,2263.0,2198.75,2235.0,2229.15,2236.55,462988,10354.95,45812,259911,56.14,Chemicals
2020-11-03,PIIND, EQ, 03-Nov-2020,2229.15,2236.0,2245.0,2191.55,2239.7,2223.1,2223.0,327455,7279.34,36817,224737,68.63,Chemicals
2020-11-04,PIIND, EQ, 04-Nov-2020,2223.1,2223.0,2298.0,2219.4,2280.0,2273.95,2262.01,375259,8488.39,22872,235146,62.66,Chemicals
2020-11-05,PIIND, EQ, 05-Nov-2020,2273.95,2280.0,2343.95,2280.0,2286.0,2305.0,2312.62,283159,6548.4,35798,164517,58.1,Chemicals
2020-11-06,PIIND, EQ, 06-Nov-2020,2305.0,2296.25,2331.8,2286.35,2312.0,2315.85,2317.39,394287,9137.15,63207,257134,65.21,Chemicals
2020-11-09,PIIND, EQ, 09-Nov-2020,2315.85,2335.0,2360.05,2318.5,2318.55,2323.95,2337.51,282533,6604.23,26048,173660,61.47,Chemicals
2020-11-10,PIIND, EQ, 10-Nov-2020,2323.95,2325.0,2344.4,2218.6,2262.0,2253.3,2263.87,308413,6982.08,30961,176951,57.37,Chemicals
2020-11-11,PIIND, EQ, 11-Nov-2020,2253.3,2262.55,2325.0,2262.55,2286.0,2287.3,2302.11,1116577,25704.81,84743,607026,54.36,Chemicals
2020-11-12,PIIND, EQ, 12-Nov-2020,2287.3,2296.15,2329.8,2272.75,2310.0,2295.75,2290.46,381115,8729.29,42258,235329,61.75,Chemicals
2020-11-13,PIIND, EQ, 13-Nov-2020,2295.75,2295.75,2350.0,2281.6,2327.0,2339.55,2322.01,334330,7763.19,51184,208220,62.28,Chemicals
2020-11-14,PIIND, EQ, 14-Nov-2020,2339.55,2337.25,2350.0,2337.25,2348.2,2346.75,2346.18,16489,386.86,2382,8600,52.16,Chemicals
2020-11-17,PIIND, EQ, 17-Nov-2020,2346.75,2348.2,2420.0,2338.55,2388.1,2379.4,2390.87,607854,14533.01,68448,417121,68.62,Chemicals
2020-11-18,PIIND, EQ, 18-Nov-2020,2379.4,2379.8,2467.0,2379.8,2438.95,2445.65,2420.72,921529,22307.66,35917,694338,75.35,Chemicals
2020-11-19,PIIND, EQ, 19-Nov-2020,2445.65,2430.0,2474.85,2340.1,2354.5,2350.8,2415.39,429833,10382.14,31633,234904,54.65,Chemicals
2020-11-20,PIIND, EQ, 20-Nov-2020,2350.8,2364.7,2449.0,2360.25,2440.7,2432.05,2419.14,589682,14265.24,98501,345586,58.61,Chemicals
2020-11-23,PIIND, EQ, 23-Nov-2020,2432.05,2432.0,2517.0,2393.05,2412.2,2421.55,2452.16,991023,24301.43,101953,580656,58.59,Chemicals
2020-11-24,PIIND, EQ, 24-Nov-2020,2421.55,2422.5,2466.0,2326.0,2350.0,2359.6,2391.68,943648,22569.07,103160,574752,60.91,Chemicals
2020-11-25,PIIND, EQ, 25-Nov-2020,2359.6,2360.2,2374.0,2190.05,2208.0,2227.75,2239.64,871481,19518.08,122151,490923,56.33,Chemicals
2020-11-26,PIIND, EQ, 26-Nov-2020,2227.75,2220.0,2294.0,2206.3,2275.0,2272.65,2248.28,482781,10854.26,55766,289737,60.01,Chemicals
2020-11-27,PIIND, EQ, 27-Nov-2020,2272.65,2285.0,2353.65,2142.0,2212.8,2208.4,2216.56,8566231,189875.55,258141,6257355,73.05,Chemicals
2020-12-01,PIIND, EQ, 01-Dec-2020,2208.4,2282.9,2348.0,2252.6,2314.0,2332.8,2304.93,852245,19643.62,91772,543262,63.74,Chemicals
2020-12-02,PIIND, EQ, 02-Dec-2020,2332.8,2326.3,2328.0,2258.05,2300.0,2301.4,2293.29,444979,10204.67,46082,226261,50.85,Chemicals
2020-12-03,PIIND, EQ, 03-Dec-2020,2301.4,2331.75,2350.0,2279.0,2344.95,2333.5,2311.98,433819,10029.81,34605,226741,52.27,Chemicals
2020-12-04,PIIND, EQ, 04-Dec-2020,2333.5,2332.5,2378.7,2295.0,2360.0,2369.75,2344.92,505417,11851.64,43533,260805,51.6,Chemicals
2020-12-07,PIIND, EQ, 07-Dec-2020,2369.75,2345.0,2399.25,2332.75,2390.0,2360.9,2351.88,342050,8044.6,33469,235247,68.78,Chemicals
2020-12-08,PIIND, EQ, 08-Dec-2020,2360.9,2650.0,2650.0,2350.0,2353.0,2356.95,2418.52,660923,15984.57,95847,303658,45.94,Chemicals
2020-12-09,PIIND, EQ, 09-Dec-2020,2356.95,2350.0,2397.95,2309.0,2334.85,2329.4,2337.56,272136,6361.35,22457,131829,48.44,Chemicals
2020-12-10,PIIND, EQ, 10-Dec-2020,2329.4,2334.8,2336.35,2302.6,2320.0,2317.1,2314.5,129081,2987.58,10918,72364,56.06,Chemicals
2020-12-11,PIIND, EQ, 11-Dec-2020,2317.1,2317.1,2373.85,2281.0,2315.5,2305.0,2338.05,338616,7917.0,26991,198356,58.58,Chemicals
2020-12-14,PIIND, EQ, 14-Dec-2020,2305.0,2316.4,2364.0,2290.0,2344.0,2335.95,2338.8,324162,7581.5,31805,217307,67.04,Chemicals
2020-12-15,PIIND, EQ, 15-Dec-2020,2335.95,2340.0,2368.95,2315.0,2355.0,2347.9,2342.34,304439,7131.01,20756,191137,62.78,Chemicals
2020-12-16,PIIND, EQ, 16-Dec-2020,2347.9,2360.0,2378.2,2282.0,2288.0,2292.1,2309.07,313387,7236.31,48586,202389,64.58,Chemicals
2020-12-17,PIIND, EQ, 17-Dec-2020,2292.1,2292.6,2313.35,2241.0,2265.0,2264.95,2278.71,373473,8510.36,30915,271639,72.73,Chemicals
2020-12-18,PIIND, EQ, 18-Dec-2020,2264.95,2275.25,2360.0,2227.0,2277.8,2292.15,2309.52,1345227,31068.23,70249,751653,55.88,Chemicals
2020-12-21,PIIND, EQ, 21-Dec-2020,2292.15,2287.8,2313.65,2192.6,2234.0,2225.75,2257.27,344478,7775.78,35044,187457,54.42,Chemicals
2020-12-22,PIIND, EQ, 22-Dec-2020,2225.75,2235.0,2269.0,2168.0,2226.35,2224.95,2206.39,283889,6263.7,38661,147471,51.95,Chemicals
2020-12-23,PIIND, EQ, 23-Dec-2020,2224.95,2227.0,2245.0,2209.9,2221.5,2218.9,2222.88,162673,3616.03,16530,89572,55.06,Chemicals
2020-12-24,PIIND, EQ, 24-Dec-2020,2218.9,2234.9,2262.45,2210.0,2225.0,2227.0,2231.73,135757,3029.73,15383,62381,45.95,Chemicals
2020-12-28,PIIND, EQ, 28-Dec-2020,2227.0,2250.0,2250.0,2218.85,2225.0,2224.55,2230.11,131514,2932.91,11424,74686,56.79,Chemicals
2020-12-29,PIIND, EQ, 29-Dec-2020,2224.55,2247.0,2247.0,2190.5,2211.1,2211.25,2207.6,183762,4056.72,23183,83805,45.61,Chemicals
2020-12-30,PIIND, EQ, 30-Dec-2020,2211.25,2221.3,2230.0,2200.0,2205.0,2209.9,2208.5,111539,2463.34,16457,56253,50.43,Chemicals
2020-12-31,PIIND, EQ, 31-Dec-2020,2209.9,2214.9,2224.75,2190.15,2194.0,2195.05,2201.23,270369,5951.45,25291,178643,66.07,Chemicals
2021-01-01,PIIND, EQ, 01-Jan-2021,2195.05,2204.0,2279.9,2197.1,2269.0,2264.5,2244.73,210803,4731.96,17465,103283,49.0,Chemicals
2021-01-04,PIIND, EQ, 04-Jan-2021,2264.5,2275.0,2299.0,2251.8,2259.95,2258.6,2271.57,324319,7367.13,27291,193482,59.66,Chemicals
2021-01-05,PIIND, EQ, 05-Jan-2021,2258.6,2263.0,2270.0,2245.05,2250.0,2250.35,2255.98,343002,7738.06,26303,239399,69.8,Chemicals
2021-01-06,PIIND, EQ, 06-Jan-2021,2250.35,2260.35,2290.0,2216.2,2230.0,2229.15,2256.92,640965,14466.04,36589,404723,63.14,Chemicals
2021-01-07,PIIND, EQ, 07-Jan-2021,2229.15,2241.0,2259.7,2180.0,2188.0,2187.6,2204.71,711511,15686.74,34235,592054,83.21,Chemicals
2021-01-08,PIIND, EQ, 08-Jan-2021,2187.6,2197.0,2359.0,2192.85,2335.0,2339.65,2296.19,831643,19096.1,80357,415365,49.95,Chemicals
2021-01-11,PIIND, EQ, 11-Jan-2021,2339.65,2363.9,2400.0,2284.0,2327.0,2332.4,2332.12,336860,7855.98,41730,166637,49.47,Chemicals
2021-01-12,PIIND, EQ, 12-Jan-2021,2332.4,2332.0,2332.0,2280.8,2288.0,2285.75,2295.96,328349,7538.75,32856,208517,63.5,Chemicals
2021-01-13,PIIND, EQ, 13-Jan-2021,2285.75,2290.0,2303.85,2251.55,2256.0,2256.55,2271.11,413318,9386.92,33250,279303,67.58,Chemicals
2021-01-14,PIIND, EQ, 14-Jan-2021,2256.55,2250.0,2256.4,2218.2,2244.0,2239.35,2238.14,251062,5619.13,30054,175465,69.89,Chemicals
2021-01-15,PIIND, EQ, 15-Jan-2021,2239.35,2240.0,2298.0,2219.05,2239.0,2238.65,2256.96,297883,6723.09,32630,155165,52.09,Chemicals
2021-01-18,PIIND, EQ, 18-Jan-2021,2238.65,2238.65,2242.4,2168.95,2200.0,2203.55,2200.27,318348,7004.53,32682,213310,67.01,Chemicals
2021-01-19,PIIND, EQ, 19-Jan-2021,2203.55,2210.2,2249.45,2205.0,2234.0,2230.2,2216.71,207879,4608.08,30003,133376,64.16,Chemicals
2021-01-20,PIIND, EQ, 20-Jan-2021,2230.2,2230.5,2245.0,2203.15,2215.0,2218.65,2220.6,244528,5429.99,35275,156945,64.18,Chemicals
2021-01-21,PIIND, EQ, 21-Jan-2021,2218.65,2225.3,2243.65,2212.0,2212.0,2216.5,2225.67,268787,5982.3,21311,194129,72.22,Chemicals
2021-01-22,PIIND, EQ, 22-Jan-2021,2216.5,2216.0,2222.25,2150.0,2158.85,2154.8,2170.7,352362,7648.72,35583,233621,66.3,Chemicals
2021-01-25,PIIND, EQ, 25-Jan-2021,2154.8,2154.0,2163.5,2062.6,2130.55,2130.4,2122.59,227396,4826.68,30489,123100,54.13,Chemicals
2021-01-27,PIIND, EQ, 27-Jan-2021,2130.4,2130.0,2150.25,2068.0,2093.45,2093.4,2101.34,204925,4306.18,23911,99638,48.62,Chemicals
2021-01-28,PIIND, EQ, 28-Jan-2021,2093.4,2075.0,2081.8,2030.0,2067.1,2069.65,2061.52,200506,4133.47,26994,114516,57.11,Chemicals
2021-01-29,PIIND, EQ, 29-Jan-2021,2069.65,2086.1,2116.35,1987.5,2050.95,2018.7,2017.72,509795,10286.26,50540,305060,59.84,Chemicals
2021-02-01,PIIND, EQ, 01-Feb-2021,2018.7,2046.05,2048.95,1991.05,2000.0,1999.25,2009.41,386676,7769.92,39079,248640,64.3,Chemicals
2021-02-02,PIIND, EQ, 02-Feb-2021,1999.25,2019.25,2088.45,1981.0,2075.0,2063.6,2025.13,730737,14798.38,54137,446989,61.17,Chemicals
2021-02-03,PIIND, EQ, 03-Feb-2021,2063.6,2154.0,2304.0,2145.1,2249.3,2250.15,2247.25,1990754,44737.22,113244,1156927,58.12,Chemicals
2021-02-04,PIIND, EQ, 04-Feb-2021,2250.15,2269.0,2339.9,2188.0,2248.0,2251.7,2251.31,1232639,27750.57,73630,624177,50.64,Chemicals
2021-02-05,PIIND, EQ, 05-Feb-2021,2251.7,2258.0,2294.0,2217.05,2244.0,2246.5,2245.45,296164,6650.23,30137,164782,55.64,Chemicals
2021-02-08,PIIND, EQ, 08-Feb-2021,2246.5,2254.0,2290.0,2223.0,2238.0,2236.9,2243.17,298374,6693.03,26027,137495,46.08,Chemicals
2021-02-09,PIIND, EQ, 09-Feb-2021,2236.9,2253.85,2254.9,2200.0,2224.0,2222.8,2228.29,538995,12010.37,26885,418525,77.65,Chemicals
2021-02-10,PIIND, EQ, 10-Feb-2021,2222.8,2230.0,2241.65,2203.0,2230.0,2229.55,2221.49,150288,3338.63,18675,70851,47.14,Chemicals
2021-02-11,PIIND, EQ, 11-Feb-2021,2229.55,2225.0,2242.0,2208.2,2233.0,2228.2,2225.16,94325,2098.89,9703,43290,45.89,Chemicals
2021-02-12,PIIND, EQ, 12-Feb-2021,2228.2,2234.0,2259.0,2215.0,2224.5,2225.0,2239.98,135102,3026.26,13416,68792,50.92,Chemicals
2021-02-15,PIIND, EQ, 15-Feb-2021,2225.0,2235.0,2260.0,2200.0,2207.0,2211.2,2230.88,255157,5692.24,20543,181669,71.2,Chemicals
2021-02-16,PIIND, EQ, 16-Feb-2021,2211.2,2217.2,2259.5,2210.25,2230.5,2226.7,2234.42,293562,6559.42,27773,211813,72.15,Chemicals
2021-02-17,PIIND, EQ, 17-Feb-2021,2226.7,2225.0,2250.0,2212.95,2217.0,2223.1,2225.49,503596,11207.47,21457,420010,83.4,Chemicals
2021-02-18,PIIND, EQ, 18-Feb-2021,2223.1,2229.0,2294.35,2217.15,2266.9,2267.5,2253.99,391250,8818.73,21763,213930,54.68,Chemicals
2021-02-19,PIIND, EQ, 19-Feb-2021,2267.5,2277.05,2289.65,2242.95,2259.0,2260.6,2266.77,163921,3715.72,18208,82675,50.44,Chemicals
2021-02-22,PIIND, EQ, 22-Feb-2021,2260.6,2269.35,2269.5,2218.0,2231.95,2234.9,2236.04,136301,3047.74,17589,87073,63.88,Chemicals
2021-02-23,PIIND, EQ, 23-Feb-2021,2234.9,2236.0,2270.0,2235.0,2253.0,2259.1,2250.82,223161,5022.95,21351,153489,68.78,Chemicals
2021-02-24,PIIND, EQ, 24-Feb-2021,2259.1,2263.0,2263.2,2207.0,2254.9,2252.3,2235.85,79895,1786.33,5778,38023,47.59,Chemicals
2021-02-25,PIIND, EQ, 25-Feb-2021,2252.3,2241.0,2280.0,2211.0,2214.4,2216.45,2224.46,398066,8854.84,27651,243664,61.21,Chemicals
2021-02-26,PIIND, EQ, 26-Feb-2021,2216.45,2200.0,2243.6,2137.1,2140.2,2177.1,2193.86,332076,7285.29,28143,213558,64.31,Chemicals
2021-03-01,PIIND, EQ, 01-Mar-2021,2177.1,2150.85,2196.0,2150.85,2175.95,2174.7,2171.95,236941,5146.24,23111,162554,68.61,Chemicals
2021-03-02,PIIND, EQ, 02-Mar-2021,2174.7,2184.0,2320.0,2170.15,2273.6,2275.2,2270.59,651820,14800.13,50700,352677,54.11,Chemicals
2021-03-03,PIIND, EQ, 03-Mar-2021,2275.2,2286.3,2330.0,2270.0,2290.0,2279.25,2297.81,389444,8948.69,24677,219944,56.48,Chemicals
2021-03-04,PIIND, EQ, 04-Mar-2021,2279.25,2273.0,2327.8,2228.15,2268.0,2268.15,2269.29,338416,7679.63,25357,162163,47.92,Chemicals
2021-03-05,PIIND, EQ, 05-Mar-2021,2268.15,2270.0,2357.95,2228.05,2239.95,2263.3,2301.47,758946,17466.89,46764,390159,51.41,Chemicals
2021-03-08,PIIND, EQ, 08-Mar-2021,2263.3,2264.3,2302.1,2245.1,2270.0,2268.4,2272.33,179847,4086.71,14343,101030,56.18,Chemicals
2021-03-09,PIIND, EQ, 09-Mar-2021,2268.4,2285.9,2293.25,2251.85,2266.0,2280.8,2273.3,202692,4607.81,13500,129968,64.12,Chemicals
2021-03-10,PIIND, EQ, 10-Mar-2021,2280.8,2280.0,2305.0,2266.25,2290.0,2289.85,2290.01,112612,2578.83,11726,66322,58.89,Chemicals
2021-03-12,PIIND, EQ, 12-Mar-2021,2289.85,2300.0,2314.5,2233.35,2241.0,2248.45,2272.77,99943,2271.48,11164,57952,57.99,Chemicals
2021-03-15,PIIND, EQ, 15-Mar-2021,2248.45,2250.0,2251.35,2193.3,2245.0,2234.7,2217.0,146902,3256.82,12116,71029,48.35,Chemicals
2021-03-16,PIIND, EQ, 16-Mar-2021,2234.7,2237.55,2270.0,2220.0,2228.0,2237.4,2241.48,160126,3589.19,15566,88674,55.38,Chemicals
2021-03-17,PIIND, EQ, 17-Mar-2021,2237.4,2235.0,2257.0,2211.0,2231.0,2241.5,2230.68,154696,3450.78,11282,85764,55.44,Chemicals
2021-03-18,PIIND, EQ, 18-Mar-2021,2241.5,2254.7,2258.0,2142.9,2170.0,2163.4,2190.26,177634,3890.64,14801,96679,54.43,Chemicals
2021-03-19,PIIND, EQ, 19-Mar-2021,2163.4,2145.0,2305.5,2123.0,2300.0,2278.9,2248.02,520752,11706.59,21408,303122,58.21,Chemicals
2021-03-22,PIIND, EQ, 22-Mar-2021,2278.9,2289.0,2310.75,2245.0,2293.25,2297.95,2279.56,254354,5798.15,30401,134386,52.83,Chemicals
2021-03-23,PIIND, EQ, 23-Mar-2021,2297.95,2290.1,2327.95,2290.0,2300.0,2301.65,2313.98,434174,10046.68,27511,338228,77.9,Chemicals
2021-03-24,PIIND, EQ, 24-Mar-2021,2301.65,2285.0,2320.05,2282.35,2300.0,2305.05,2308.18,218205,5036.57,16200,145079,66.49,Chemicals
2021-03-25,PIIND, EQ, 25-Mar-2021,2305.05,2300.0,2314.9,2255.0,2299.0,2294.3,2288.24,246052,5630.27,24408,145108,58.97,Chemicals
2021-03-26,PIIND, EQ, 26-Mar-2021,2294.3,2304.3,2327.2,2265.0,2266.0,2272.75,2280.16,198453,4525.05,14757,119481,60.21,Chemicals
2021-03-30,PIIND, EQ, 30-Mar-2021,2272.75,2275.0,2303.2,2270.1,2270.9,2275.2,2292.87,231739,5313.48,15008,171403,73.96,Chemicals
2021-03-31,PIIND, EQ, 31-Mar-2021,2275.2,2275.5,2300.0,2228.0,2244.0,2258.15,2262.02,205626,4651.31,16827,102204,49.7,Chemicals
2021-04-01,PIIND, EQ, 01-Apr-2021,2258.15,2254.2,2304.0,2233.65,2249.85,2249.8,2258.7,179555,4055.6,24262,109216,60.83,Chemicals
2021-04-05,PIIND, EQ, 05-Apr-2021,2249.8,2247.0,2255.55,2205.6,2209.0,2211.45,2222.87,129132,2870.44,13267,73670,57.05,Chemicals
2021-04-06,PIIND, EQ, 06-Apr-2021,2211.45,2219.1,2343.0,2201.85,2332.0,2306.35,2257.24,334376,7547.66,24694,164016,49.05,Chemicals
2021-04-07,PIIND, EQ, 07-Apr-2021,2306.35,2340.0,2455.0,2323.95,2417.8,2422.7,2397.54,1638970,39295.01,88304,757840,46.24,Chemicals
2021-04-08,PIIND, EQ, 08-Apr-2021,2422.7,2411.1,2547.0,2400.7,2523.0,2520.65,2510.1,1021389,25637.86,66064,483341,47.32,Chemicals
2021-04-09,PIIND, EQ, 09-Apr-2021,2520.65,2530.0,2669.0,2511.2,2560.0,2558.65,2590.37,748753,19395.5,44219,274468,36.66,Chemicals
2021-04-12,PIIND, EQ, 12-Apr-2021,2558.65,2500.1,2522.45,2355.5,2460.9,2465.55,2451.18,369897,9066.86,38231,119878,32.41,Chemicals
2021-04-13,PIIND, EQ, 13-Apr-2021,2465.55,2415.0,2549.35,2381.05,2449.0,2446.85,2481.08,378242,9384.47,29985,150758,39.86,Chemicals
2021-04-15,PIIND, EQ, 15-Apr-2021,2446.85,2446.85,2510.0,2357.5,2405.0,2378.05,2422.47,387011,9375.21,27156,168036,43.42,Chemicals
2021-04-16,PIIND, EQ, 16-Apr-2021,2378.05,2400.0,2510.0,2396.75,2482.9,2495.35,2471.86,527928,13049.66,35170,227210,43.04,Chemicals
2021-04-19,PIIND, EQ, 19-Apr-2021,2495.35,2431.35,2500.0,2404.0,2486.1,2477.9,2471.62,209267,5172.29,20275,79979,38.22,Chemicals
2021-04-20,PIIND, EQ, 20-Apr-2021,2477.9,2486.0,2598.0,2438.55,2560.0,2542.0,2513.33,526983,13244.82,28073,224245,42.55,Chemicals
2021-04-22,PIIND, EQ, 22-Apr-2021,2542.0,2539.0,2637.0,2536.0,2575.15,2576.65,2590.45,788610,20428.55,44006,417175,52.9,Chemicals
2021-04-23,PIIND, EQ, 23-Apr-2021,2576.65,2576.4,2602.15,2503.05,2534.95,2522.55,2547.81,304231,7751.23,27673,143878,47.29,Chemicals
2021-04-26,PIIND, EQ, 26-Apr-2021,2522.55,2561.0,2561.0,2494.95,2505.05,2509.0,2524.47,233762,5901.26,13715,91685,39.22,Chemicals
2021-04-27,PIIND, EQ, 27-Apr-2021,2509.0,2499.95,2620.0,2487.15,2602.05,2609.2,2585.97,407603,10540.5,24726,132344,32.47,Chemicals
2021-04-28,PIIND, EQ, 28-Apr-2021,2609.2,2629.35,2629.35,2542.15,2554.9,2564.6,2575.17,263166,6776.96,20260,97178,36.93,Chemicals
2021-04-29,PIIND, EQ, 29-Apr-2021,2564.6,2568.0,2605.2,2545.65,2564.95,2572.9,2573.06,190906,4912.12,18768,60875,31.89,Chemicals
2021-04-30,PIIND, EQ, 30-Apr-2021,2572.9,2551.65,2596.8,2499.05,2505.0,2511.65,2550.35,312484,7969.45,13523,203054,64.98,Chemicals
2021-05-03,PIIND, EQ, 03-May-2021,2511.65,2519.0,2552.8,2493.65,2515.0,2515.85,2519.87,154162,3884.69,12768,72557,47.07,Chemicals
2021-05-04,PIIND, EQ, 04-May-2021,2515.85,2517.15,2572.7,2470.0,2510.0,2489.5,2531.44,250300,6336.19,15820,104631,41.8,Chemicals
2021-05-05,PIIND, EQ, 05-May-2021,2489.5,2510.0,2699.9,2483.55,2699.0,2672.4,2610.22,571790,14924.96,29458,204020,35.68,Chemicals
2021-05-06,PIIND, EQ, 06-May-2021,2672.4,2707.0,2709.2,2607.25,2664.85,2664.1,2646.07,424676,11237.21,27871,151394,35.65,Chemicals
2021-05-07,PIIND, EQ, 07-May-2021,2664.1,2695.0,2695.0,2539.9,2557.5,2558.7,2620.45,250440,6562.65,21360,93182,37.21,Chemicals
2021-05-10,PIIND, EQ, 10-May-2021,2558.7,2581.7,2730.35,2561.0,2671.1,2676.05,2676.18,623888,16696.35,41942,214802,34.43,Chemicals
2021-05-11,PIIND, EQ, 11-May-2021,2676.05,2641.0,2734.0,2631.9,2694.0,2698.65,2676.71,366833,9819.04,24807,169177,46.12,Chemicals
2021-05-12,PIIND, EQ, 12-May-2021,2698.65,2710.0,2715.0,2660.0,2667.0,2678.6,2674.76,229608,6141.47,17086,124438,54.2,Chemicals
2021-05-14,PIIND, EQ, 14-May-2021,2678.6,2683.4,2795.0,2644.95,2701.0,2697.45,2725.7,788764,21499.32,56401,165677,21.0,Chemicals
2021-05-17,PIIND, EQ, 17-May-2021,2697.45,2719.0,2723.95,2670.55,2689.45,2700.4,2702.01,381925,10319.66,28129,213946,56.02,Chemicals
2021-05-18,PIIND, EQ, 18-May-2021,2700.4,2715.15,2770.0,2697.75,2747.1,2741.5,2745.03,364422,10003.49,20177,128217,35.18,Chemicals
2021-05-19,PIIND, EQ, 19-May-2021,2741.5,2600.0,2610.0,2543.75,2575.0,2571.3,2572.33,1626166,41830.42,115336,653987,40.22,Chemicals
2021-05-20,PIIND, EQ, 20-May-2021,2571.3,2599.85,2640.0,2567.3,2591.0,2586.55,2600.5,1403443,36496.56,57986,708940,50.51,Chemicals
2021-05-21,PIIND, EQ, 21-May-2021,2586.55,2615.5,2615.7,2555.35,2559.0,2565.45,2584.95,669931,17317.37,31285,408845,61.03,Chemicals
2021-05-24,PIIND, EQ, 24-May-2021,2565.45,2567.8,2581.45,2521.0,2551.8,2549.3,2543.55,548795,13958.88,19192,378101,68.9,Chemicals
2021-05-25,PIIND, EQ, 25-May-2021,2549.3,2559.0,2575.9,2533.05,2567.0,2563.0,2558.45,213171,5453.87,18295,120056,56.32,Chemicals
2021-05-26,PIIND, EQ, 26-May-2021,2563.0,2576.2,2587.15,2552.25,2556.1,2559.45,2565.32,132947,3410.51,10576,50404,37.91,Chemicals
2021-05-27,PIIND, EQ, 27-May-2021,2559.45,2561.7,2636.0,2531.1,2610.0,2612.65,2599.69,951662,24740.25,58563,602859,63.35,Chemicals
2021-05-28,PIIND, EQ, 28-May-2021,2612.65,2614.0,2638.9,2590.8,2599.0,2606.3,2610.94,229962,6004.16,12616,133534,58.07,Chemicals
2021-05-31,PIIND, EQ, 31-May-2021,2606.3,2618.0,2628.0,2580.0,2615.0,2614.95,2613.34,243342,6359.34,16871,142049,58.37,Chemicals
2021-06-01,PIIND, EQ, 01-Jun-2021,2614.95,2628.0,2634.05,2586.55,2606.55,2613.6,2619.95,240381,6297.86,9172,152080,63.27,Chemicals
2021-06-02,PIIND, EQ, 02-Jun-2021,2613.6,2613.6,2696.75,2601.05,2664.95,2670.5,2664.18,461967,12307.62,31395,273423,59.19,Chemicals
2021-06-03,PIIND, EQ, 03-Jun-2021,2670.5,2683.0,2690.45,2656.6,2666.05,2676.45,2674.1,194210,5193.37,19749,131123,67.52,Chemicals
2021-06-04,PIIND, EQ, 04-Jun-2021,2676.45,2689.95,2717.0,2650.0,2712.0,2710.1,2684.31,189368,5083.22,14969,84792,44.78,Chemicals
2021-06-07,PIIND, EQ, 07-Jun-2021,2710.1,2730.0,2736.95,2680.05,2687.5,2696.25,2702.63,167237,4519.8,15814,80309,48.02,Chemicals
2021-06-08,PIIND, EQ, 08-Jun-2021,2696.25,2705.0,2865.0,2690.2,2851.0,2821.9,2765.36,1034642,28611.58,57091,536732,51.88,Chemicals
2021-06-09,PIIND, EQ, 09-Jun-2021,2821.9,2850.0,2850.0,2752.1,2810.0,2812.15,2809.49,320196,8995.88,36465,143458,44.8,Chemicals
2021-06-10,PIIND, EQ, 10-Jun-2021,2812.15,2828.0,2889.2,2803.5,2829.0,2832.75,2837.59,421096,11948.97,33953,244038,57.95,Chemicals
2021-06-11,PIIND, EQ, 11-Jun-2021,2832.75,2849.0,2885.6,2821.0,2828.0,2835.35,2846.16,185561,5281.36,19390,80522,43.39,Chemicals
2021-06-14,PIIND, EQ, 14-Jun-2021,2835.35,2827.0,2849.9,2779.05,2801.9,2798.9,2812.32,175889,4946.55,19401,106067,60.3,Chemicals
2021-06-15,PIIND, EQ, 15-Jun-2021,2798.9,2826.0,2928.65,2804.4,2885.0,2882.9,2883.04,451675,13021.97,32550,138633,30.69,Chemicals
2021-06-16,PIIND, EQ, 16-Jun-2021,2882.9,2906.0,2906.0,2830.0,2895.0,2895.1,2881.65,223347,6436.07,17359,122137,54.68,Chemicals
2021-06-17,PIIND, EQ, 17-Jun-2021,2895.1,2895.0,2914.2,2758.95,2852.1,2859.8,2882.7,147198,4243.28,21099,72044,48.94,Chemicals
2021-06-18,PIIND, EQ, 18-Jun-2021,2859.8,2865.9,2874.9,2772.05,2860.0,2853.2,2843.24,333538,9483.3,28570,195489,58.61,Chemicals
2021-06-21,PIIND, EQ, 21-Jun-2021,2853.2,2794.95,2849.45,2786.0,2812.0,2809.55,2812.47,118426,3330.69,13446,48574,41.02,Chemicals
2021-06-22,PIIND, EQ, 22-Jun-2021,2809.55,2835.0,2838.6,2780.2,2798.9,2789.35,2804.66,130653,3664.37,16243,83002,63.53,Chemicals
2021-06-23,PIIND, EQ, 23-Jun-2021,2789.35,2820.0,2886.0,2763.0,2849.0,2849.35,2836.31,284430,8067.31,25580,100204,35.23,Chemicals
2021-06-24,PIIND, EQ, 24-Jun-2021,2849.35,2850.0,2891.0,2810.0,2831.5,2829.55,2851.64,208624,5949.22,20618,90709,43.48,Chemicals
2021-06-25,PIIND, EQ, 25-Jun-2021,2829.55,2847.0,2914.95,2822.05,2898.9,2899.55,2884.74,277623,8008.7,33405,102053,36.76,Chemicals
2021-06-28,PIIND, EQ, 28-Jun-2021,2899.55,2910.0,2960.6,2887.1,2939.8,2939.9,2940.2,262290,7711.84,22958,126674,48.3,Chemicals
2021-06-29,PIIND, EQ, 29-Jun-2021,2939.9,2945.0,2959.0,2883.1,2900.0,2902.65,2917.11,193258,5637.55,26351,101004,52.26,Chemicals
2021-06-30,PIIND, EQ, 30-Jun-2021,2902.65,2903.35,2935.1,2878.5,2921.25,2910.4,2905.32,178449,5184.52,16670,83141,46.59,Chemicals
2021-07-01,PIIND, EQ, 01-Jul-2021,2910.4,2926.0,2935.0,2895.0,2920.0,2915.15,2914.82,149844,4367.69,16235,94803,63.27,Chemicals
2021-07-02,PIIND, EQ, 02-Jul-2021,2915.15,2917.8,3036.65,2915.15,3025.0,3027.15,2989.27,723253,21619.97,37396,325129,44.95,Chemicals
2021-07-05,PIIND, EQ, 05-Jul-2021,3027.15,3049.0,3049.0,2974.55,3007.0,3005.7,3001.33,202654,6082.32,16186,84749,41.82,Chemicals
2021-07-06,PIIND, EQ, 06-Jul-2021,3005.7,2993.0,3027.0,2965.0,2976.9,2975.7,2992.19,129363,3870.79,12966,49722,38.44,Chemicals
2021-07-07,PIIND, EQ, 07-Jul-2021,2975.7,2990.0,3013.9,2965.8,2991.85,3000.1,2995.02,138062,4134.99,15968,70342,50.95,Chemicals
2021-07-08,PIIND, EQ, 08-Jul-2021,3000.1,3008.0,3024.0,2939.05,2947.45,2944.75,2964.01,189769,5624.78,19897,102082,53.79,Chemicals
2021-07-09,PIIND, EQ, 09-Jul-2021,2944.75,2958.65,3015.0,2947.45,3000.7,2992.15,2992.26,153516,4593.6,19732,34670,22.58,Chemicals
2021-07-12,PIIND, EQ, 12-Jul-2021,2992.15,3014.0,3017.05,2947.55,2960.0,2971.5,2975.74,97564,2903.25,14097,35181,36.06,Chemicals
2021-07-13,PIIND, EQ, 13-Jul-2021,2971.5,2974.9,2975.0,2943.6,2955.5,2957.85,2956.8,137022,4051.47,13207,72371,52.82,Chemicals
2021-07-14,PIIND, EQ, 14-Jul-2021,2957.85,2975.0,2993.0,2939.7,2963.15,2962.15,2965.09,146564,4345.76,14173,76400,52.13,Chemicals
2021-07-15,PIIND, EQ, 15-Jul-2021,2962.15,2964.9,3019.0,2952.0,2959.0,2959.9,2976.27,137516,4092.85,13222,42483,30.89,Chemicals
2021-07-16,PIIND, EQ, 16-Jul-2021,2959.9,2959.9,2998.0,2949.3,2969.95,2973.0,2965.57,342439,10155.28,10868,274051,80.03,Chemicals
2021-07-19,PIIND, EQ, 19-Jul-2021,2973.0,2965.0,3200.0,2954.0,3168.0,3161.95,3093.28,1028420,31811.91,62239,284128,27.63,Chemicals
2021-07-20,PIIND, EQ, 20-Jul-2021,3161.95,3170.1,3309.75,3074.35,3084.05,3088.2,3204.9,1381353,44270.94,90004,243848,17.65,Chemicals
2021-07-22,PIIND, EQ, 22-Jul-2021,3088.2,3110.35,3134.55,2968.1,3008.55,3002.0,3023.48,733130,22166.02,43073,412544,56.27,Chemicals
2021-07-23,PIIND, EQ, 23-Jul-2021,3002.0,3030.0,3130.0,3012.55,3025.05,3026.0,3062.06,536188,16418.41,36994,112477,20.98,Chemicals
2021-07-26,PIIND, EQ, 26-Jul-2021,3026.0,3015.0,3169.95,3012.65,3084.9,3075.35,3100.06,860834,26686.33,53437,316763,36.8,Chemicals
2021-07-27,PIIND, EQ, 27-Jul-2021,3075.35,3099.0,3117.6,2983.05,3009.0,3001.85,3034.82,393973,11956.36,33011,168093,42.67,Chemicals
2021-07-28,PIIND, EQ, 28-Jul-2021,3001.85,3004.0,3017.6,2893.35,2970.0,2956.7,2941.24,473234,13918.96,30630,241886,51.11,Chemicals
2021-07-29,PIIND, EQ, 29-Jul-2021,2956.7,2976.0,2994.6,2910.8,2952.0,2947.25,2941.7,219410,6454.37,16489,94379,43.01,Chemicals
2021-07-30,PIIND, EQ, 30-Jul-2021,2947.25,2962.8,3007.1,2919.0,2956.0,2950.2,2967.62,530557,15744.89,44830,197706,37.26,Chemicals
2021-08-02,PIIND, EQ, 02-Aug-2021,2950.2,2960.0,3375.0,2956.0,3312.0,3316.5,3187.89,2764540,88130.61,143055,554874,20.07,Chemicals
2021-08-03,PIIND, EQ, 03-Aug-2021,3316.5,3312.0,3379.0,3201.0,3307.0,3329.1,3287.78,1208713,39739.83,86830,284313,23.52,Chemicals
2021-08-04,PIIND, EQ, 04-Aug-2021,3329.1,3301.95,3318.0,3122.2,3143.9,3139.55,3198.81,730525,23368.14,53352,233207,31.92,Chemicals
2021-08-05,PIIND, EQ, 05-Aug-2021,3139.55,3165.0,3237.65,3142.05,3208.0,3229.1,3189.28,686800,21903.99,69496,226274,32.95,Chemicals
2021-08-06,PIIND, EQ, 06-Aug-2021,3229.1,3201.4,3213.8,3136.05,3152.0,3144.1,3151.83,338138,10657.52,23312,149396,44.18,Chemicals
2021-08-09,PIIND, EQ, 09-Aug-2021,3144.1,3145.0,3179.8,3122.3,3138.0,3133.55,3145.74,308870,9716.24,20147,153158,49.59,Chemicals
2021-08-10,PIIND, EQ, 10-Aug-2021,3133.55,3159.0,3169.0,3066.0,3105.1,3105.35,3111.95,262094,8156.24,24381,124633,47.55,Chemicals
2021-08-11,PIIND, EQ, 11-Aug-2021,3105.35,3110.0,3115.35,3024.9,3084.7,3066.85,3056.16,331808,10140.59,24869,164994,49.73,Chemicals
2021-08-12,PIIND, EQ, 12-Aug-2021,3066.85,3083.0,3153.15,3080.05,3137.75,3123.2,3118.55,316308,9864.22,27316,121424,38.39,Chemicals
2021-08-13,PIIND, EQ, 13-Aug-2021,3123.2,3137.75,3188.95,3131.15,3136.0,3141.9,3159.79,281908,8907.69,31788,100216,35.55,Chemicals
2021-08-16,PIIND, EQ, 16-Aug-2021,3141.9,3130.5,3199.95,3110.7,3121.0,3119.3,3154.15,252193,7954.54,24467,90560,35.91,Chemicals
2021-08-17,PIIND, EQ, 17-Aug-2021,3119.3,3133.0,3224.5,3109.3,3203.0,3210.4,3171.4,343132,10882.1,42582,206960,60.31,Chemicals
2021-08-18,PIIND, EQ, 18-Aug-2021,3210.4,3215.0,3238.65,3170.0,3188.0,3183.05,3193.68,149876,4786.56,17427,73915,49.32,Chemicals
2021-08-20,PIIND, EQ, 20-Aug-2021,3183.05,3181.0,3213.35,3148.8,3173.0,3182.2,3177.32,178169,5661.0,24167,53659,30.12,Chemicals
2021-08-23,PIIND, EQ, 23-Aug-2021,3182.2,3183.25,3196.0,3061.05,3100.0,3089.8,3106.86,135612,4213.28,15890,44500,32.81,Chemicals
2021-08-24,PIIND, EQ, 24-Aug-2021,3089.8,3122.25,3154.0,3080.0,3145.0,3147.75,3123.65,152458,4762.25,16563,60401,39.62,Chemicals
2021-08-25,PIIND, EQ, 25-Aug-2021,3147.75,3160.0,3166.2,3091.1,3145.0,3132.45,3118.67,252526,7875.45,22376,137708,54.53,Chemicals
2021-08-26,PIIND, EQ, 26-Aug-2021,3132.45,3140.0,3168.3,3092.1,3140.0,3138.65,3120.05,212501,6630.15,15038,111133,52.3,Chemicals
2021-08-27,PIIND, EQ, 27-Aug-2021,3138.65,3120.0,3212.7,3107.05,3188.6,3193.3,3172.14,143034,4537.23,13818,45182,31.59,Chemicals
2021-08-30,PIIND, EQ, 30-Aug-2021,3193.3,3201.0,3389.6,3201.0,3296.5,3317.9,3315.65,742568,24620.94,55729,304243,40.97,Chemicals
2021-08-31,PIIND, EQ, 31-Aug-2021,3317.9,3315.85,3426.4,3272.0,3415.05,3394.0,3354.83,549536,18435.99,39052,224053,40.77,Chemicals
2021-09-01,PIIND, EQ, 01-Sep-2021,3394.0,3424.4,3456.95,3329.0,3377.0,3375.15,3389.5,282747,9583.71,31754,139499,49.34,Chemicals
2021-09-02,PIIND, EQ, 02-Sep-2021,3375.15,3375.0,3426.0,3342.45,3370.35,3371.65,3386.65,171213,5798.39,23455,69166,40.4,Chemicals
2021-09-03,PIIND, EQ, 03-Sep-2021,3371.65,3370.4,3430.0,3365.0,3410.0,3422.85,3402.74,302024,10277.09,44013,130513,43.21,Chemicals
2021-09-06,PIIND, EQ, 06-Sep-2021,3422.85,3437.7,3451.55,3370.0,3410.0,3410.2,3400.62,152359,5181.14,20482,55520,36.44,Chemicals
2021-09-07,PIIND, EQ, 07-Sep-2021,3410.2,3408.5,3408.5,3315.1,3372.0,3365.35,3359.2,260888,8763.75,30264,111311,42.67,Chemicals
2021-09-08,PIIND, EQ, 08-Sep-2021,3365.35,3390.4,3494.7,3356.55,3387.95,3380.8,3419.39,460399,15742.82,38975,121110,26.31,Chemicals
2021-09-09,PIIND, EQ, 09-Sep-2021,3380.8,3380.5,3449.0,3356.0,3402.0,3407.05,3410.73,193843,6611.45,22300,56684,29.24,Chemicals
2021-09-13,PIIND, EQ, 13-Sep-2021,3407.05,3414.0,3453.85,3360.7,3436.35,3447.75,3425.0,338997,11610.65,25399,164691,48.58,Chemicals
2021-09-14,PIIND, EQ, 14-Sep-2021,3447.75,3447.0,3534.9,3445.0,3480.0,3497.6,3503.02,482388,16898.17,39956,146912,30.46,Chemicals
2021-09-15,PIIND, EQ, 15-Sep-2021,3497.6,3499.9,3499.9,3432.1,3465.0,3460.95,3468.5,217558,7546.0,28043,117155,53.85,Chemicals
2021-09-16,PIIND, EQ, 16-Sep-2021,3460.95,3460.0,3497.95,3434.0,3448.9,3453.95,3462.39,110978,3842.5,13180,43578,39.27,Chemicals
2021-09-17,PIIND, EQ, 17-Sep-2021,3453.95,3474.9,3482.6,3385.0,3460.0,3464.25,3448.85,363319,12530.33,28738,179316,49.35,Chemicals
2021-09-20,PIIND, EQ, 20-Sep-2021,3464.25,3400.0,3443.95,3224.0,3295.0,3247.0,3317.33,384377,12751.05,49350,207773,54.05,Chemicals
2021-09-21,PIIND, EQ, 21-Sep-2021,3247.0,3276.0,3350.0,3179.25,3316.0,3299.85,3243.3,314109,10187.5,38721,140429,44.71,Chemicals
2021-09-22,PIIND, EQ, 22-Sep-2021,3299.85,3300.0,3300.0,3208.95,3271.0,3271.65,3250.74,382368,12429.78,44988,206750,54.07,Chemicals
2021-09-23,PIIND, EQ, 23-Sep-2021,3271.65,3295.1,3316.45,3252.0,3269.0,3266.35,3274.49,214366,7019.4,21627,120201,56.07,Chemicals
2021-09-24,PIIND, EQ, 24-Sep-2021,3266.35,3272.15,3284.6,3151.0,3201.0,3203.85,3201.4,375803,12030.94,36225,210441,56.0,Chemicals
2021-09-27,PIIND, EQ, 27-Sep-2021,3203.85,3214.75,3247.15,3138.05,3149.0,3149.2,3164.4,364109,11521.86,35977,250347,68.76,Chemicals
2021-09-28,PIIND, EQ, 28-Sep-2021,3149.2,3174.0,3174.0,3100.1,3118.0,3114.55,3136.86,287815,9028.36,22702,182630,63.45,Chemicals
2021-09-29,PIIND, EQ, 29-Sep-2021,3114.55,3110.0,3268.95,3105.0,3248.75,3243.55,3223.33,979437,31570.53,50711,587013,59.93,Chemicals
2021-09-30,PIIND, EQ, 30-Sep-2021,3243.55,3243.55,3273.4,3142.0,3168.0,3178.35,3180.15,337770,10741.6,35953,158456,46.91,Chemicals
2021-10-01,PIIND, EQ, 01-Oct-2021,3178.35,3170.0,3179.25,3091.0,3100.0,3100.45,3117.15,432354,13477.14,28966,278967,64.52,Chemicals
2021-10-04,PIIND, EQ, 04-Oct-2021,3100.45,3109.8,3206.75,3093.85,3176.45,3173.1,3146.11,410941,12928.65,37721,196887,47.91,Chemicals
2021-10-05,PIIND, EQ, 05-Oct-2021,3173.1,3173.0,3219.45,3132.55,3175.0,3175.2,3176.93,272267,8649.72,18749,125933,46.25,Chemicals
2021-10-06,PIIND, EQ, 06-Oct-2021,3175.2,3179.8,3225.0,3148.3,3175.0,3183.5,3192.86,326080,10411.27,24265,148071,45.41,Chemicals
2021-10-07,PIIND, EQ, 07-Oct-2021,3183.5,3201.2,3254.95,3183.0,3235.0,3243.05,3225.52,284015,9160.96,28633,105066,36.99,Chemicals
2021-10-08,PIIND, EQ, 08-Oct-2021,3243.05,3251.8,3323.95,3221.0,3279.0,3282.35,3278.66,360393,11816.06,34916,170890,47.42,Chemicals
2021-10-11,PIIND, EQ, 11-Oct-2021,3282.35,3304.0,3333.8,3223.1,3244.0,3254.55,3291.94,292541,9630.27,21596,176035,60.17,Chemicals
2021-10-12,PIIND, EQ, 12-Oct-2021,3254.55,3265.0,3355.0,3254.65,3314.0,3312.0,3314.8,409385,13570.31,30949,200447,48.96,Chemicals
2021-10-13,PIIND, EQ, 13-Oct-2021,3312.0,3340.0,3349.0,3285.45,3335.2,3337.4,3317.54,225208,7471.35,24607,118364,52.56,Chemicals
2021-10-14,PIIND, EQ, 14-Oct-2021,3337.4,3338.0,3367.8,3300.85,3310.0,3314.25,3332.49,146446,4880.29,20572,83188,56.8,Chemicals
2021-10-18,PIIND, EQ, 18-Oct-2021,3314.25,3314.0,3406.9,3306.35,3333.5,3329.85,3352.18,348603,11685.8,38865,198095,56.83,Chemicals
2021-10-19,PIIND, EQ, 19-Oct-2021,3329.85,3333.5,3367.0,3233.6,3236.1,3260.95,3291.14,206821,6806.77,19397,94015,45.46,Chemicals
2021-10-20,PIIND, EQ, 20-Oct-2021,3260.95,3235.0,3249.9,3015.2,3049.0,3054.85,3077.26,542766,16702.33,56737,219114,40.37,Chemicals
2021-10-21,PIIND, EQ, 21-Oct-2021,3054.85,3083.0,3157.6,3010.0,3122.0,3135.2,3106.55,761938,23669.97,47784,343732,45.11,Chemicals
2021-10-22,PIIND, EQ, 22-Oct-2021,3135.2,3139.0,3144.95,3010.2,3037.0,3031.2,3051.75,175511,5356.16,18935,77571,44.2,Chemicals
2021-10-25,PIIND, EQ, 25-Oct-2021,3031.2,3054.0,3054.0,2865.0,3018.95,2999.35,2980.58,517853,15435.03,34444,252343,48.73,Chemicals
2021-10-26,PIIND, EQ, 26-Oct-2021,2999.35,3021.0,3070.6,2906.0,3045.0,3035.9,2981.38,401894,11981.97,51894,167415,41.66,Chemicals
2021-10-27,PIIND, EQ, 27-Oct-2021,3035.9,3038.0,3065.65,2957.35,2968.25,2967.2,2999.58,276901,8305.86,19619,165916,59.92,Chemicals
2021-10-28,PIIND, EQ, 28-Oct-2021,2967.2,2993.55,2993.55,2895.0,2967.0,2952.5,2950.8,320931,9470.02,31310,161467,50.31,Chemicals
2021-10-29,PIIND, EQ, 29-Oct-2021,2952.5,2973.75,3020.0,2912.0,3000.0,2999.95,2987.04,211146,6307.02,26424,108771,51.51,Chemicals
2021-11-01,PIIND, EQ, 01-Nov-2021,2999.95,2997.0,3012.3,2946.0,3005.0,2998.7,2979.34,160708,4788.04,19523,76939,47.88,Chemicals
2021-11-02,PIIND, EQ, 02-Nov-2021,2998.7,2825.0,2834.4,2752.0,2782.0,2781.9,2793.5,1683765,47035.89,128428,678707,40.31,Chemicals
2021-11-03,PIIND, EQ, 03-Nov-2021,2781.9,2805.0,2823.6,2703.0,2730.0,2731.75,2752.0,782105,21523.49,77490,415309,53.1,Chemicals
2021-11-08,PIIND, EQ, 08-Nov-2021,2767.7,2799.0,2799.0,2700.9,2750.0,2748.95,2730.18,345912,9444.01,29885,186452,53.9,Chemicals
2021-11-09,PIIND, EQ, 09-Nov-2021,2748.95,2750.0,2794.5,2746.3,2787.05,2785.95,2775.82,552743,15343.17,24511,383220,69.33,Chemicals
2021-11-10,PIIND, EQ, 10-Nov-2021,2785.95,2780.0,2810.0,2755.55,2792.7,2797.65,2783.04,257233,7158.91,27108,152451,59.27,Chemicals
2021-11-11,PIIND, EQ, 11-Nov-2021,2797.65,2785.0,2785.0,2729.45,2747.2,2749.3,2752.38,242561,6676.2,27012,145280,59.89,Chemicals
2021-11-12,PIIND, EQ, 12-Nov-2021,2749.3,2769.9,2784.0,2733.0,2746.0,2737.85,2745.8,262891,7218.46,19433,179454,68.26,Chemicals
2021-11-15,PIIND, EQ, 15-Nov-2021,2737.85,2758.65,2935.95,2749.05,2880.0,2889.8,2852.32,1237334,35292.68,69846,613283,49.56,Chemicals
2021-11-16,PIIND, EQ, 16-Nov-2021,2889.8,2905.0,2932.9,2882.0,2911.0,2922.55,2907.45,283136,8232.03,27361,131874,46.58,Chemicals
2021-11-17,PIIND, EQ, 17-Nov-2021,2922.55,2920.0,2924.2,2864.0,2882.0,2897.2,2901.83,208118,6039.22,16644,111266,53.46,Chemicals
2021-11-18,PIIND, EQ, 18-Nov-2021,2897.2,2880.0,2905.7,2835.0,2892.0,2870.75,2870.1,202219,5803.88,17689,102566,50.72,Chemicals
2021-11-22,PIIND, EQ, 22-Nov-2021,2870.75,2885.9,2924.7,2785.0,2865.0,2872.0,2871.83,507513,14574.9,41329,227235,44.77,Chemicals
2021-11-23,PIIND, EQ, 23-Nov-2021,2872.0,2862.0,2932.8,2829.7,2920.0,2921.95,2900.15,238853,6927.1,19348,88766,37.16,Chemicals
2021-11-24,PIIND, EQ, 24-Nov-2021,2921.95,2930.0,2974.0,2861.2,2880.5,2899.0,2935.01,278739,8181.02,21368,80910,29.03,Chemicals
2021-11-25,PIIND, EQ, 25-Nov-2021,2899.0,2890.95,3031.9,2864.8,2992.55,2997.8,2971.18,462081,13729.25,30439,200065,43.3,Chemicals
2021-11-26,PIIND, EQ, 26-Nov-2021,2997.8,2991.3,3013.7,2876.0,2922.0,2933.05,2932.68,235616,6909.86,22190,72016,30.56,Chemicals
2021-11-29,PIIND, EQ, 29-Nov-2021,2933.05,2900.1,2980.75,2841.8,2947.35,2954.7,2929.08,245770,7198.79,21485,119289,48.54,Chemicals
2021-11-30,PIIND, EQ, 30-Nov-2021,2954.7,2967.0,3031.0,2842.7,2850.0,2869.5,2929.87,789349,23126.89,43462,452652,57.34,Chemicals
2021-12-01,PIIND, EQ, 01-Dec-2021,2869.5,2870.0,2951.8,2870.0,2929.9,2943.1,2917.44,221968,6475.79,22336,112935,50.88,Chemicals
2021-12-02,PIIND, EQ, 02-Dec-2021,2943.1,2944.45,3044.95,2893.2,2950.0,2953.25,2966.2,416066,12341.36,36731,125842,30.25,Chemicals
2021-12-03,PIIND, EQ, 03-Dec-2021,2953.25,2970.0,2970.0,2872.0,2877.0,2891.55,2916.02,277433,8090.01,19852,156941,56.57,Chemicals
2021-12-06,PIIND, EQ, 06-Dec-2021,2891.55,2904.0,2906.95,2833.15,2851.7,2852.8,2871.69,128756,3697.47,12696,50500,39.22,Chemicals
2021-12-07,PIIND, EQ, 07-Dec-2021,2852.8,2860.0,2918.0,2857.8,2904.7,2902.75,2896.66,112950,3271.78,10517,42883,37.97,Chemicals
2021-12-08,PIIND, EQ, 08-Dec-2021,2902.75,2895.0,2955.8,2890.1,2939.2,2944.3,2938.42,105285,3093.72,15612,43343,41.17,Chemicals
2021-12-09,PIIND, EQ, 09-Dec-2021,2944.3,2944.35,2964.5,2915.6,2925.65,2936.15,2939.15,197500,5804.82,12102,42238,21.39,Chemicals
2021-12-10,PIIND, EQ, 10-Dec-2021,2936.15,2950.0,2957.6,2900.1,2919.0,2915.4,2922.92,63692,1861.67,5741,21131,33.18,Chemicals
2021-12-13,PIIND, EQ, 13-Dec-2021,2915.4,2930.0,2950.0,2891.0,2905.0,2903.5,2915.48,104417,3044.26,9135,47741,45.72,Chemicals
2021-12-14,PIIND, EQ, 14-Dec-2021,2903.5,2890.0,2963.0,2876.05,2962.0,2952.4,2931.86,176434,5172.79,12944,55633,31.53,Chemicals
2021-12-15,PIIND, EQ, 15-Dec-2021,2952.4,2964.0,3106.5,2916.7,3075.0,3087.55,3060.44,823364,25198.57,40977,370588,45.01,Chemicals
2021-12-16,PIIND, EQ, 16-Dec-2021,3087.55,3087.55,3100.0,3036.0,3042.0,3046.0,3060.15,195791,5991.51,19821,62145,31.74,Chemicals
2021-12-17,PIIND, EQ, 17-Dec-2021,3046.0,3060.0,3060.0,2940.8,2957.25,2966.3,2990.4,189959,5680.53,16662,73555,38.72,Chemicals
2021-12-20,PIIND, EQ, 20-Dec-2021,2966.3,2930.15,2939.0,2762.45,2846.0,2841.4,2837.73,188486,5348.72,16945,73852,39.18,Chemicals
2021-12-21,PIIND, EQ, 21-Dec-2021,2841.4,2894.95,2950.95,2856.35,2887.8,2882.65,2910.5,701081,20404.97,34124,113850,16.24,Chemicals
2021-12-22,PIIND, EQ, 22-Dec-2021,2882.65,2911.0,2976.85,2886.0,2952.0,2946.85,2934.39,185503,5443.37,20973,81259,43.8,Chemicals
2021-12-23,PIIND, EQ, 23-Dec-2021,2946.85,2977.0,2991.8,2922.45,2944.4,2940.05,2953.25,115822,3420.52,15593,59611,51.47,Chemicals
2021-12-24,PIIND, EQ, 24-Dec-2021,2940.05,2960.0,2960.0,2890.0,2897.0,2902.9,2916.04,167585,4886.84,11816,105289,62.83,Chemicals
2021-12-27,PIIND, EQ, 27-Dec-2021,2902.9,2909.0,2931.8,2865.85,2899.0,2891.5,2903.34,180928,5252.95,13513,98621,54.51,Chemicals
2021-12-28,PIIND, EQ, 28-Dec-2021,2891.5,2920.25,3029.9,2906.2,3000.0,3001.5,2981.28,287634,8575.18,25285,83421,29.0,Chemicals
2021-12-29,PIIND, EQ, 29-Dec-2021,3001.5,3000.0,3020.3,2977.5,3010.0,3000.8,2997.93,123288,3696.09,10364,59450,48.22,Chemicals
2021-12-30,PIIND, EQ, 30-Dec-2021,3000.8,3000.0,3035.55,2971.1,2985.0,2990.2,2992.15,185532,5551.39,21349,81945,44.17,Chemicals
2021-12-31,PIIND, EQ, 31-Dec-2021,2990.2,2980.05,3048.0,2980.05,3032.0,3034.2,3021.35,126185,3812.49,13806,55784,44.21,Chemicals
2022-01-03,PIIND, EQ, 03-Jan-2022,3034.2,3035.0,3108.0,3007.0,3044.0,3051.75,3069.84,201183,6175.99,20410,78554,39.05,Chemicals
2022-01-04,PIIND, EQ, 04-Jan-2022,3051.75,3050.0,3062.4,2997.65,3010.0,3013.9,3013.58,136534,4114.57,14696,66710,48.86,Chemicals
2022-01-05,PIIND, EQ, 05-Jan-2022,3013.9,3027.25,3051.85,2961.2,2990.0,2993.2,3015.29,314219,9474.61,21388,212815,67.73,Chemicals
2022-01-06,PIIND, EQ, 06-Jan-2022,2993.2,2970.0,2988.9,2930.0,2947.0,2954.3,2953.05,173758,5131.16,13246,120925,69.59,Chemicals
2022-01-07,PIIND, EQ, 07-Jan-2022,2954.3,2969.8,2969.8,2916.8,2949.5,2949.05,2946.74,330943,9752.02,27791,215216,65.03,Chemicals
2022-01-10,PIIND, EQ, 10-Jan-2022,2949.05,2949.05,2949.05,2881.15,2890.0,2887.35,2899.41,384955,11161.43,27379,256878,66.73,Chemicals
2022-01-11,PIIND, EQ, 11-Jan-2022,2887.35,2889.9,2912.0,2857.0,2862.0,2866.9,2886.34,284934,8224.16,22813,172937,60.69,Chemicals
2022-01-12,PIIND, EQ, 12-Jan-2022,2866.9,2875.0,2886.1,2817.4,2870.0,2871.7,2857.73,816910,23345.06,72658,497962,60.96,Chemicals
2022-01-13,PIIND, EQ, 13-Jan-2022,2871.7,2894.75,2894.75,2814.45,2831.0,2832.3,2833.5,495708,14045.89,35096,335553,67.69,Chemicals
2022-01-14,PIIND, EQ, 14-Jan-2022,2832.3,2830.0,2835.9,2791.25,2804.0,2802.25,2807.59,368513,10346.35,29766,248804,67.52,Chemicals
2022-01-17,PIIND, EQ, 17-Jan-2022,2802.25,2802.25,2819.25,2775.0,2794.0,2796.1,2797.32,274417,7676.33,19428,163927,59.74,Chemicals
2022-01-18,PIIND, EQ, 18-Jan-2022,2796.1,2814.9,2814.9,2705.4,2713.8,2713.1,2753.02,323427,8904.01,43181,209154,64.67,Chemicals
2022-01-19,PIIND, EQ, 19-Jan-2022,2713.1,2714.0,2722.0,2668.25,2697.0,2692.8,2693.51,386650,10414.46,26590,260109,67.27,Chemicals
2022-01-20,PIIND, EQ, 20-Jan-2022,2692.8,2700.0,2712.35,2664.9,2674.0,2678.4,2691.3,161540,4347.52,22453,86359,53.46,Chemicals
2022-01-21,PIIND, EQ, 21-Jan-2022,2678.4,2660.0,2676.9,2575.0,2588.0,2593.55,2621.84,338562,8876.55,43448,188049,55.54,Chemicals
2022-01-24,PIIND, EQ, 24-Jan-2022,2593.55,2588.0,2588.0,2412.65,2489.6,2477.65,2481.2,609192,15115.3,56057,310225,50.92,Chemicals
2022-01-25,PIIND, EQ, 25-Jan-2022,2477.65,2470.0,2494.95,2394.4,2434.0,2427.9,2425.57,560760,13601.64,50180,343321,61.22,Chemicals
2022-01-27,PIIND, EQ, 27-Jan-2022,2427.9,2425.0,2425.0,2333.55,2376.0,2373.5,2366.66,516832,12231.66,63328,271598,52.55,Chemicals
2022-01-28,PIIND, EQ, 28-Jan-2022,2373.5,2374.05,2407.7,2360.0,2376.0,2367.35,2376.65,531926,12642.0,45047,319610,60.09,Chemicals
2022-01-31,PIIND, EQ, 31-Jan-2022,2367.35,2386.25,2485.0,2386.25,2440.0,2433.5,2440.18,734221,17916.28,39219,496998,67.69,Chemicals
2022-02-01,PIIND, EQ, 01-Feb-2022,2433.5,2452.45,2467.85,2371.0,2445.7,2437.65,2407.45,512872,12347.16,46286,237667,46.34,Chemicals
2022-02-02,PIIND, EQ, 02-Feb-2022,2437.65,2456.0,2541.85,2451.0,2524.0,2519.9,2501.17,388310,9712.29,42160,136266,35.09,Chemicals
2022-02-03,PIIND, EQ, 03-Feb-2022,2519.9,2530.0,2537.3,2453.95,2490.0,2490.2,2492.79,275530,6868.38,28899,130105,47.22,Chemicals
2022-02-04,PIIND, EQ, 04-Feb-2022,2490.2,2485.0,2591.95,2443.35,2553.0,2552.2,2525.95,1024598,25880.87,65358,473889,46.25,Chemicals
2022-02-07,PIIND, EQ, 07-Feb-2022,2552.2,2552.2,2643.95,2549.25,2602.0,2605.05,2592.89,661733,17158.04,56147,281868,42.6,Chemicals
2022-02-08,PIIND, EQ, 08-Feb-2022,2605.05,2617.65,2684.4,2586.55,2653.0,2664.0,2648.64,431625,11432.2,38620,153910,35.66,Chemicals
2022-02-09,PIIND, EQ, 09-Feb-2022,2664.0,2663.95,2683.95,2618.0,2648.55,2642.25,2638.01,249787,6589.41,20084,120199,48.12,Chemicals
2022-02-10,PIIND, EQ, 10-Feb-2022,2642.25,2661.8,2661.8,2589.45,2612.75,2625.25,2624.74,203281,5335.6,22454,109654,53.94,Chemicals
2022-02-11,PIIND, EQ, 11-Feb-2022,2625.25,2619.0,2623.35,2527.05,2553.0,2554.15,2567.89,286000,7344.18,33245,150770,52.72,Chemicals
2022-02-14,PIIND, EQ, 14-Feb-2022,2554.15,2475.0,2573.3,2460.0,2540.15,2540.95,2540.42,464411,11797.98,18649,347370,74.8,Chemicals
2022-02-15,PIIND, EQ, 15-Feb-2022,2540.95,2540.0,2628.2,2532.0,2598.0,2608.6,2584.09,205578,5312.32,18859,71865,34.96,Chemicals
2022-02-16,PIIND, EQ, 16-Feb-2022,2608.6,2609.0,2635.0,2584.85,2590.0,2596.4,2610.96,101111,2639.97,11334,38573,38.15,Chemicals
2022-02-17,PIIND, EQ, 17-Feb-2022,2596.4,2615.9,2647.4,2580.35,2611.95,2609.9,2622.8,291657,7649.59,22289,164153,56.28,Chemicals
2022-02-18,PIIND, EQ, 18-Feb-2022,2609.9,2587.15,2615.0,2551.3,2563.15,2587.5,2589.66,221417,5733.94,22358,129806,58.63,Chemicals
2022-02-21,PIIND, EQ, 21-Feb-2022,2587.5,2572.1,2582.8,2493.6,2495.05,2505.6,2524.91,324809,8201.14,21223,187061,57.59,Chemicals
2022-02-22,PIIND, EQ, 22-Feb-2022,2505.6,2450.0,2508.0,2390.6,2492.1,2494.9,2471.35,458493,11330.95,29213,293264,63.96,Chemicals
2022-02-23,PIIND, EQ, 23-Feb-2022,2494.9,2508.0,2558.0,2500.2,2522.45,2534.6,2535.78,196422,4980.83,19330,82961,42.24,Chemicals
2022-02-24,PIIND, EQ, 24-Feb-2022,2534.6,2465.0,2487.95,2376.05,2401.9,2391.25,2436.48,277640,6764.64,28841,122265,44.04,Chemicals
2022-02-25,PIIND, EQ, 25-Feb-2022,2391.25,2430.05,2505.0,2420.0,2474.9,2478.0,2471.74,143366,3543.64,15136,45346,31.63,Chemicals
2022-02-28,PIIND, EQ, 28-Feb-2022,2478.0,2450.0,2504.85,2416.1,2484.85,2468.35,2466.57,180277,4446.65,19928,92296,51.2,Chemicals
2022-03-02,PIIND, EQ, 02-Mar-2022,2468.35,2468.45,2525.85,2442.75,2520.0,2516.75,2497.35,200591,5009.45,26218,89987,44.86,Chemicals
2022-03-03,PIIND, EQ, 03-Mar-2022,2516.75,2505.0,2541.6,2452.4,2472.0,2472.15,2506.26,143912,3606.81,20771,68824,47.82,Chemicals
2022-03-04,PIIND, EQ, 04-Mar-2022,2472.15,2469.95,2473.9,2412.0,2440.0,2440.2,2445.08,130886,3200.26,18308,58190,44.46,Chemicals
2022-03-07,PIIND, EQ, 07-Mar-2022,2440.2,2400.0,2427.9,2351.3,2402.2,2406.3,2389.28,180365,4309.42,22656,86162,47.77,Chemicals
2022-03-08,PIIND, EQ, 08-Mar-2022,2406.3,2416.75,2454.05,2366.45,2435.0,2439.8,2411.44,155314,3745.31,28956,80565,51.87,Chemicals
2022-03-09,PIIND, EQ, 09-Mar-2022,2439.8,2459.0,2527.9,2435.0,2520.0,2509.05,2484.04,225502,5601.56,31914,134679,59.72,Chemicals
2022-03-10,PIIND, EQ, 10-Mar-2022,2509.05,2549.95,2598.85,2531.9,2544.95,2545.45,2560.94,291519,7465.63,33910,150301,51.56,Chemicals
2022-03-11,PIIND, EQ, 11-Mar-2022,2545.45,2550.0,2588.75,2528.2,2587.4,2580.7,2572.39,203962,5246.69,21500,114212,56.0,Chemicals
2022-03-14,PIIND, EQ, 14-Mar-2022,2580.7,2601.6,2693.8,2545.55,2677.95,2679.7,2645.82,360414,9535.91,30605,157163,43.61,Chemicals
2022-03-15,PIIND, EQ, 15-Mar-2022,2679.7,2690.0,2735.9,2616.85,2640.0,2649.15,2678.84,384555,10301.6,38639,172047,44.74,Chemicals
2022-03-16,PIIND, EQ, 16-Mar-2022,2649.15,2662.05,2734.4,2662.05,2725.05,2728.6,2708.03,202536,5484.75,15822,102818,50.77,Chemicals
2022-03-17,PIIND, EQ, 17-Mar-2022,2728.6,2770.0,2828.0,2759.6,2822.65,2815.35,2802.56,473978,13283.5,33169,304830,64.31,Chemicals
2022-03-21,PIIND, EQ, 21-Mar-2022,2815.35,2821.0,2860.0,2774.5,2782.0,2784.05,2813.42,253393,7129.0,23423,147167,58.08,Chemicals
2022-03-22,PIIND, EQ, 22-Mar-2022,2784.05,2784.05,2793.55,2725.0,2786.0,2777.75,2756.68,214161,5903.74,28204,126649,59.14,Chemicals
2022-03-23,PIIND, EQ, 23-Mar-2022,2777.75,2790.0,2810.05,2686.55,2729.0,2740.7,2724.07,317187,8640.4,30932,151109,47.64,Chemicals
2022-03-24,PIIND, EQ, 24-Mar-2022,2740.7,2731.0,2782.4,2690.0,2753.8,2751.65,2758.36,127876,3527.28,15408,62309,48.73,Chemicals
2022-03-25,PIIND, EQ, 25-Mar-2022,2751.65,2773.0,2814.45,2742.65,2794.2,2795.45,2785.98,215298,5998.15,21041,101489,47.14,Chemicals
2022-03-28,PIIND, EQ, 28-Mar-2022,2795.45,2814.0,2819.7,2722.2,2758.0,2750.0,2755.4,130688,3600.98,18258,36584,27.99,Chemicals
2022-03-29,PIIND, EQ, 29-Mar-2022,2750.0,2761.0,2864.5,2753.35,2833.0,2837.6,2839.18,367845,10443.8,32506,117021,31.81,Chemicals
2022-03-30,PIIND, EQ, 30-Mar-2022,2837.6,2850.0,2862.95,2795.0,2850.0,2851.25,2834.17,290427,8231.21,26230,153386,52.81,Chemicals
2022-03-31,PIIND, EQ, 31-Mar-2022,2851.25,2862.0,2885.4,2810.65,2815.0,2819.65,2842.81,297420,8455.1,29081,100123,33.66,Chemicals
2022-04-01,PIIND, EQ, 01-Apr-2022,2819.65,2840.0,2872.85,2800.0,2855.55,2858.7,2842.56,264718,7524.76,22298,160395,60.59,Chemicals
2022-04-04,PIIND, EQ, 04-Apr-2022,2858.7,2859.95,2891.0,2840.05,2858.0,2863.85,2869.87,83296,2390.49,13655,37024,44.45,Chemicals
2022-04-05,PIIND, EQ, 05-Apr-2022,2863.85,2880.95,2938.7,2850.0,2901.1,2912.35,2903.58,210693,6117.64,23808,94902,45.04,Chemicals
2022-04-06,PIIND, EQ, 06-Apr-2022,2912.35,2900.0,2909.4,2869.65,2896.0,2894.0,2888.78,117386,3391.03,18537,57314,48.83,Chemicals
2022-04-07,PIIND, EQ, 07-Apr-2022,2894.0,2895.0,2934.5,2850.05,2857.95,2861.45,2894.3,225694,6532.27,25725,121629,53.89,Chemicals
2022-04-08,PIIND, EQ, 08-Apr-2022,2861.45,2860.25,2960.0,2860.25,2919.0,2919.9,2929.8,235249,6892.33,25336,86316,36.69,Chemicals
2022-04-11,PIIND, EQ, 11-Apr-2022,2919.9,2928.0,2960.0,2905.0,2918.0,2914.0,2936.74,133969,3934.32,20086,63747,47.58,Chemicals
2022-04-12,PIIND, EQ, 12-Apr-2022,2914.0,2920.0,3018.95,2880.0,2991.8,2999.8,2984.59,515019,15371.21,45124,174123,33.81,Chemicals
2022-04-13,PIIND, EQ, 13-Apr-2022,2999.8,3011.0,3035.9,2935.0,2939.5,2942.45,2965.55,169099,5014.71,15394,53013,31.35,Chemicals
2022-04-18,PIIND, EQ, 18-Apr-2022,2942.45,2942.95,2946.2,2833.0,2918.25,2923.2,2890.32,287214,8301.4,31842,125045,43.54,Chemicals
2022-04-19,PIIND, EQ, 19-Apr-2022,2923.2,2923.0,2983.45,2850.75,2870.0,2889.5,2919.79,230703,6736.04,14421,120561,52.26,Chemicals
2022-04-20,PIIND, EQ, 20-Apr-2022,2889.5,2889.6,2920.0,2860.7,2866.5,2874.0,2891.61,153701,4444.43,22700,66186,43.06,Chemicals
2022-04-21,PIIND, EQ, 21-Apr-2022,2874.0,2869.95,2885.05,2851.5,2874.45,2876.3,2872.11,164550,4726.06,14133,98929,60.12,Chemicals
2022-04-22,PIIND, EQ, 22-Apr-2022,2876.3,2877.9,2913.25,2854.0,2875.0,2878.4,2884.14,177013,5105.3,20257,79625,44.98,Chemicals
2022-04-25,PIIND, EQ, 25-Apr-2022,2878.4,2836.0,2898.0,2804.0,2869.65,2855.85,2859.61,116631,3335.19,11883,45629,39.12,Chemicals
2022-04-26,PIIND, EQ, 26-Apr-2022,2855.85,2887.55,2905.65,2865.1,2888.5,2889.0,2883.65,95915,2765.85,14141,38673,40.32,Chemicals
2022-04-27,PIIND, EQ, 27-Apr-2022,2889.0,2870.0,2870.0,2825.0,2845.0,2845.6,2847.4,92996,2647.97,12392,42387,45.58,Chemicals
2022-04-28,PIIND, EQ, 28-Apr-2022,2845.6,2863.15,2925.8,2841.9,2893.1,2898.5,2893.82,163953,4744.5,13514,72747,44.37,Chemicals
2022-04-29,PIIND, EQ, 29-Apr-2022,2898.5,2898.5,2926.35,2835.1,2839.9,2847.95,2882.74,133758,3855.9,16274,69810,52.19,Chemicals
2022-05-02,PIIND, EQ, 02-May-2022,2847.95,2840.0,2874.85,2822.6,2864.0,2866.4,2849.85,110519,3149.62,14477,57007,51.58,Chemicals
2022-05-04,PIIND, EQ, 04-May-2022,2866.4,2884.05,2896.75,2728.95,2805.0,2775.1,2795.8,172318,4817.68,15815,79974,46.41,Chemicals
2022-05-05,PIIND, EQ, 05-May-2022,2775.1,2810.0,2831.7,2724.2,2741.05,2735.1,2765.92,71065,1965.6,10072,21642,30.45,Chemicals
2022-05-06,PIIND, EQ, 06-May-2022,2735.1,2713.1,2725.0,2591.1,2610.0,2620.3,2633.05,238864,6289.4,28658,116592,48.81,Chemicals
2022-05-09,PIIND, EQ, 09-May-2022,2620.3,2615.0,2633.2,2549.35,2551.25,2560.9,2581.06,154279,3982.03,16959,69022,44.74,Chemicals
2022-05-10,PIIND, EQ, 10-May-2022,2560.9,2545.25,2614.4,2463.35,2489.0,2478.95,2521.43,276468,6970.95,23218,153865,55.65,Chemicals
2022-05-11,PIIND, EQ, 11-May-2022,2478.95,2509.0,2529.9,2420.1,2460.4,2461.15,2460.48,140602,3459.49,20018,56856,40.44,Chemicals
2022-05-12,PIIND, EQ, 12-May-2022,2461.15,2411.0,2500.75,2385.0,2432.0,2410.7,2431.55,270846,6585.75,30966,119078,43.97,Chemicals
2022-05-13,PIIND, EQ, 13-May-2022,2410.7,2440.0,2473.95,2368.05,2380.5,2382.0,2409.2,198669,4786.34,22845,86347,43.46,Chemicals
2022-05-16,PIIND, EQ, 16-May-2022,2382.0,2415.0,2455.0,2364.55,2402.35,2401.8,2421.86,212055,5135.68,18415,100058,47.18,Chemicals
2022-05-17,PIIND, EQ, 17-May-2022,2401.8,2432.35,2541.95,2397.0,2500.0,2518.25,2474.5,213343,5279.17,19818,84000,39.37,Chemicals
2022-05-18,PIIND, EQ, 18-May-2022,2518.25,2567.7,2641.8,2550.1,2630.0,2626.85,2602.4,664905,17303.47,55393,150353,22.61,Chemicals
2022-05-19,PIIND, EQ, 19-May-2022,2626.85,2579.9,2719.7,2560.15,2670.0,2666.65,2671.83,577814,15438.21,48349,123929,21.45,Chemicals
2022-05-20,PIIND, EQ, 20-May-2022,2666.65,2689.0,2689.0,2604.1,2620.8,2618.35,2634.61,244158,6432.6,32235,96833,39.66,Chemicals
2022-05-23,PIIND, EQ, 23-May-2022,2618.35,2621.2,2711.7,2596.05,2633.5,2644.3,2666.76,292104,7789.71,19998,124367,42.58,Chemicals
2022-05-24,PIIND, EQ, 24-May-2022,2644.3,2644.35,2673.6,2603.0,2632.75,2632.75,2637.29,162668,4290.03,19263,66253,40.73,Chemicals
2022-05-25,PIIND, EQ, 25-May-2022,2632.75,2630.1,2660.0,2561.05,2577.0,2579.1,2592.35,263092,6820.27,30250,70111,26.65,Chemicals
2022-05-26,PIIND, EQ, 26-May-2022,2579.1,2579.1,2624.0,2520.0,2610.0,2612.1,2586.68,156973,4060.38,21822,48956,31.19,Chemicals
2022-05-27,PIIND, EQ, 27-May-2022,2612.1,2624.95,2688.45,2615.35,2666.0,2675.95,2673.44,163837,4380.09,24008,76792,46.87,Chemicals
2022-05-30,PIIND, EQ, 30-May-2022,2675.95,2698.0,2747.1,2675.0,2726.0,2718.5,2709.11,155983,4225.75,13601,55073,35.31,Chemicals
2022-05-31,PIIND, EQ, 31-May-2022,2718.5,2719.0,2816.4,2719.0,2786.0,2758.35,2757.34,1141897,31485.93,37469,776863,68.03,Chemicals
2022-06-01,PIIND, EQ, 01-Jun-2022,2758.35,2775.0,2788.0,2702.45,2730.15,2732.3,2738.72,114636,3139.56,12391,41370,36.09,Chemicals
2022-06-02,PIIND, EQ, 02-Jun-2022,2732.3,2715.0,2728.0,2641.0,2693.0,2702.4,2673.82,444318,11880.27,46516,176850,39.8,Chemicals
2022-06-03,PIIND, EQ, 03-Jun-2022,2702.4,2731.85,2747.65,2680.0,2681.7,2687.45,2710.13,254519,6897.79,16760,122651,48.19,Chemicals
2022-06-06,PIIND, EQ, 06-Jun-2022,2687.45,2699.25,2707.65,2621.35,2672.2,2679.3,2668.87,305635,8157.02,29785,151221,49.48,Chemicals
2022-06-07,PIIND, EQ, 07-Jun-2022,2679.3,2640.3,2650.0,2575.0,2593.8,2599.05,2607.52,410045,10691.99,32236,213774,52.13,Chemicals
2022-06-08,PIIND, EQ, 08-Jun-2022,2599.05,2623.0,2674.55,2550.0,2590.95,2598.15,2614.1,295517,7725.12,25020,126748,42.89,Chemicals
2022-06-09,PIIND, EQ, 09-Jun-2022,2598.15,2560.5,2616.95,2560.5,2600.0,2590.8,2590.82,172434,4467.46,15219,92054,53.39,Chemicals
2022-06-10,PIIND, EQ, 10-Jun-2022,2590.8,2580.0,2604.6,2541.6,2576.0,2578.15,2584.36,121121,3130.2,24917,53109,43.85,Chemicals
2022-06-13,PIIND, EQ, 13-Jun-2022,2578.15,2566.15,2599.5,2537.1,2595.0,2593.2,2578.02,186971,4820.16,19172,57860,30.95,Chemicals
2022-06-14,PIIND, EQ, 14-Jun-2022,2593.2,2585.0,2600.95,2526.35,2538.35,2541.1,2563.58,187257,4800.48,21474,67238,35.91,Chemicals
2022-06-15,PIIND, EQ, 15-Jun-2022,2541.1,2538.35,2608.0,2532.1,2583.9,2594.05,2573.89,152287,3919.7,11043,79554,52.24,Chemicals
2022-06-16,PIIND, EQ, 16-Jun-2022,2594.05,2594.9,2624.8,2505.05,2532.0,2534.3,2562.08,221656,5679.0,22420,100478,45.33,Chemicals
2022-06-17,PIIND, EQ, 17-Jun-2022,2534.3,2500.1,2532.95,2460.2,2475.0,2473.3,2490.15,271931,6771.48,19707,145750,53.6,Chemicals
2022-06-20,PIIND, EQ, 20-Jun-2022,2473.3,2496.0,2496.2,2442.1,2469.0,2468.5,2466.52,105586,2604.3,14163,41463,39.27,Chemicals
2022-06-21,PIIND, EQ, 21-Jun-2022,2468.5,2486.75,2559.75,2469.25,2554.0,2548.0,2534.08,91061,2307.55,12897,34152,37.5,Chemicals
2022-06-22,PIIND, EQ, 22-Jun-2022,2548.0,2548.0,2548.0,2459.35,2484.0,2484.95,2499.18,159966,3997.84,25261,74322,46.46,Chemicals
2022-06-23,PIIND, EQ, 23-Jun-2022,2484.95,2484.95,2564.4,2480.1,2515.55,2519.65,2526.11,214775,5425.45,19910,107155,49.89,Chemicals
2022-06-24,PIIND, EQ, 24-Jun-2022,2519.65,2530.0,2562.35,2512.0,2549.3,2548.25,2542.49,82007,2085.02,14304,33861,41.29,Chemicals
2022-06-27,PIIND, EQ, 27-Jun-2022,2548.25,2578.0,2631.35,2560.4,2614.0,2610.85,2608.02,168381,4391.41,22537,97188,57.72,Chemicals
2022-06-28,PIIND, EQ, 28-Jun-2022,2610.85,2595.0,2648.0,2582.05,2632.1,2626.25,2623.57,185465,4865.8,15947,76027,40.99,Chemicals
2022-06-29,PIIND, EQ, 29-Jun-2022,2626.25,2609.35,2659.15,2572.55,2580.1,2581.35,2608.17,178670,4660.01,30783,99463,55.67,Chemicals
2022-06-30,PIIND, EQ, 30-Jun-2022,2581.35,2566.0,2603.4,2540.0,2542.15,2559.5,2575.73,199611,5141.44,29162,110153,55.18,Chemicals
2022-07-01,PIIND, EQ, 01-Jul-2022,2559.5,2559.5,2590.25,2511.95,2576.1,2580.6,2558.42,79059,2022.66,12217,31829,40.26,Chemicals
2022-07-04,PIIND, EQ, 04-Jul-2022,2580.6,2595.0,2670.0,2553.65,2650.0,2650.5,2610.47,111809,2918.74,12604,50118,44.82,Chemicals
2022-07-05,PIIND, EQ, 05-Jul-2022,2650.5,2650.5,2675.0,2615.5,2658.0,2646.05,2649.21,196315,5200.79,17840,103953,52.95,Chemicals
2022-07-06,PIIND, EQ, 06-Jul-2022,2646.05,2655.0,2718.0,2635.3,2709.9,2703.55,2681.44,131390,3523.15,17794,49857,37.95,Chemicals
2022-07-07,PIIND, EQ, 07-Jul-2022,2703.55,2730.0,2792.95,2710.0,2787.1,2783.85,2767.07,163775,4531.76,15785,62683,38.27,Chemicals
2022-07-08,PIIND, EQ, 08-Jul-2022,2783.85,2760.0,2780.0,2717.4,2750.2,2752.35,2754.43,127693,3517.22,12117,41441,32.45,Chemicals
2022-07-11,PIIND, EQ, 11-Jul-2022,2752.35,2752.35,2806.0,2730.0,2784.0,2793.45,2782.5,84725,2357.47,8066,27117,32.01,Chemicals
2022-07-12,PIIND, EQ, 12-Jul-2022,2793.45,2788.0,2848.0,2750.0,2830.1,2833.0,2805.23,197037,5527.35,18446,83209,42.23,Chemicals
2022-07-13,PIIND, EQ, 13-Jul-2022,2833.0,2850.0,2937.5,2848.45,2931.2,2929.9,2912.44,531064,15466.9,38964,176768,33.29,Chemicals
2022-07-14,PIIND, EQ, 14-Jul-2022,2929.9,2932.5,2955.0,2857.7,2880.0,2871.3,2894.19,252588,7310.38,19113,117549,46.54,Chemicals
2022-07-15,PIIND, EQ, 15-Jul-2022,2871.3,2899.65,2960.0,2880.2,2950.1,2953.25,2929.03,202422,5928.99,18553,88649,43.79,Chemicals
2022-07-18,PIIND, EQ, 18-Jul-2022,2953.25,2964.9,2989.9,2936.25,2964.95,2965.1,2956.99,120850,3573.53,12107,45994,38.06,Chemicals
2022-07-19,PIIND, EQ, 19-Jul-2022,2965.1,2958.05,2975.8,2910.45,2955.0,2950.85,2951.57,107177,3163.41,11167,48388,45.15,Chemicals
2022-07-20,PIIND, EQ, 20-Jul-2022,2950.85,2966.0,3005.0,2922.05,2946.0,2950.15,2965.51,169795,5035.28,21686,66772,39.33,Chemicals
2022-07-21,PIIND, EQ, 21-Jul-2022,2950.15,2960.0,3070.0,2946.5,3060.0,3061.3,3026.41,399094,12078.23,35648,184087,46.13,Chemicals
2022-07-22,PIIND, EQ, 22-Jul-2022,3061.3,3068.0,3076.65,2975.25,2997.0,2995.05,3012.61,195735,5896.72,17342,70963,36.25,Chemicals
2022-07-25,PIIND, EQ, 25-Jul-2022,2995.05,3010.0,3079.0,2972.0,3062.0,3062.25,3039.03,264105,8026.22,21570,89621,33.93,Chemicals
2022-07-26,PIIND, EQ, 26-Jul-2022,3062.25,3063.0,3077.25,3025.0,3032.0,3040.25,3050.22,238283,7268.15,34556,128957,54.12,Chemicals
2022-07-27,PIIND, EQ, 27-Jul-2022,3040.25,3044.0,3086.85,3034.9,3065.9,3066.75,3061.22,131669,4030.68,13995,50309,38.21,Chemicals
2022-07-28,PIIND, EQ, 28-Jul-2022,3066.75,3085.0,3095.0,3040.75,3070.0,3065.8,3074.11,142192,4371.14,15755,51255,36.05,Chemicals
2022-07-29,PIIND, EQ, 29-Jul-2022,3065.8,3065.8,3134.6,3065.0,3084.1,3089.9,3097.05,246084,7621.33,19170,74832,30.41,Chemicals
2022-08-01,PIIND, EQ, 01-Aug-2022,3089.9,3113.85,3150.0,3070.75,3085.0,3083.55,3106.33,211282,6563.11,17414,91916,43.5,Chemicals
2022-08-02,PIIND, EQ, 02-Aug-2022,3083.55,3083.45,3091.7,3030.1,3037.5,3044.35,3051.17,183169,5588.8,18092,99982,54.58,Chemicals
2022-08-03,PIIND, EQ, 03-Aug-2022,3044.35,3038.0,3071.2,2990.9,3027.5,3028.5,3031.28,191307,5799.05,17708,77737,40.63,Chemicals
2022-08-04,PIIND, EQ, 04-Aug-2022,3028.5,3125.0,3209.0,3073.0,3151.0,3140.45,3136.83,1570055,49249.93,124947,255228,16.26,Chemicals
2022-08-05,PIIND, EQ, 05-Aug-2022,3140.45,3150.0,3263.85,3099.35,3237.55,3245.3,3209.82,582673,18702.73,51128,157118,26.97,Chemicals
2022-08-10,PIIND, EQ, 10-Aug-2022,3223.6,3223.6,3291.0,3218.95,3270.0,3276.45,3267.55,364847,11921.56,40176,140325,38.46,Chemicals
2022-08-11,PIIND, EQ, 11-Aug-2022,3276.45,3285.1,3321.3,3281.3,3294.95,3293.1,3300.39,181043,5975.12,20757,96919,53.53,Chemicals
2022-08-12,PIIND, EQ, 12-Aug-2022,3293.1,3285.05,3369.0,3251.8,3338.0,3350.85,3346.58,199206,6666.58,21987,76600,38.45,Chemicals
2022-08-16,PIIND, EQ, 16-Aug-2022,3350.85,3352.0,3429.85,3344.55,3390.0,3389.95,3405.38,250390,8526.74,33497,136482,54.51,Chemicals
2022-08-17,PIIND, EQ, 17-Aug-2022,3389.95,3417.7,3440.7,3390.0,3425.5,3429.9,3425.48,230648,7900.81,32292,137561,59.64,Chemicals
2022-08-18,PIIND, EQ, 18-Aug-2022,3429.9,3429.9,3474.0,3401.8,3434.0,3423.45,3433.21,155825,5349.8,16957,64490,41.39,Chemicals
2022-08-19,PIIND, EQ, 19-Aug-2022,3423.45,3446.6,3447.65,3311.0,3329.0,3320.65,3354.7,163033,5469.27,24444,76454,46.89,Chemicals
2022-08-22,PIIND, EQ, 22-Aug-2022,3320.65,3334.95,3422.0,3259.75,3383.0,3379.0,3361.48,322299,10834.01,27982,98405,30.53,Chemicals
2022-08-23,PIIND, EQ, 23-Aug-2022,3379.0,3365.0,3428.0,3320.0,3332.0,3331.95,3378.65,375429,12684.44,34578,140757,37.49,Chemicals
2022-08-24,PIIND, EQ, 24-Aug-2022,3331.95,3325.0,3397.35,3300.0,3390.0,3384.45,3365.48,212242,7142.95,29273,102591,48.34,Chemicals
2022-08-25,PIIND, EQ, 25-Aug-2022,3384.45,3417.3,3437.0,3389.95,3400.0,3399.1,3414.84,168783,5763.67,15965,91231,54.05,Chemicals
2022-08-26,PIIND, EQ, 26-Aug-2022,3399.1,3419.45,3425.6,3362.4,3381.65,3376.4,3390.07,121533,4120.06,16905,66586,54.79,Chemicals
2022-08-29,PIIND, EQ, 29-Aug-2022,3376.4,3261.0,3394.75,3261.0,3347.3,3348.3,3358.33,154229,5179.52,17571,79703,51.68,Chemicals
2022-08-30,PIIND, EQ, 30-Aug-2022,3348.3,3375.0,3449.0,3352.75,3440.2,3436.2,3419.81,177853,6082.24,20623,100422,56.46,Chemicals
2022-09-01,PIIND, EQ, 01-Sep-2022,3436.2,3432.9,3504.85,3401.05,3418.35,3422.8,3448.8,278603,9608.46,29643,152915,54.89,Chemicals
2022-09-02,PIIND, EQ, 02-Sep-2022,3422.8,3428.0,3439.75,3351.55,3367.6,3361.9,3386.9,85948,2910.97,10303,32416,37.72,Chemicals
2022-09-05,PIIND, EQ, 05-Sep-2022,3361.9,3361.9,3379.8,3321.6,3335.0,3327.8,3342.57,91265,3050.6,9568,42466,46.53,Chemicals
2022-09-06,PIIND, EQ, 06-Sep-2022,3327.8,3348.2,3348.2,3250.0,3265.0,3265.15,3278.54,235384,7717.16,20780,137870,58.57,Chemicals
2022-09-07,PIIND, EQ, 07-Sep-2022,3265.15,3260.0,3284.4,3227.0,3247.15,3257.8,3257.25,198314,6459.59,19013,104626,52.76,Chemicals
2022-09-08,PIIND, EQ, 08-Sep-2022,3257.8,3258.05,3306.95,3227.25,3243.0,3242.45,3260.09,208233,6788.59,14071,122798,58.97,Chemicals
2022-09-09,PIIND, EQ, 09-Sep-2022,3242.45,3250.0,3285.0,3225.5,3242.0,3241.4,3250.85,114191,3712.17,9479,53014,46.43,Chemicals
2022-09-12,PIIND, EQ, 12-Sep-2022,3241.4,3257.65,3309.0,3244.95,3272.0,3272.2,3268.1,248024,8105.68,23988,146061,58.89,Chemicals
2022-09-13,PIIND, EQ, 13-Sep-2022,3272.2,3282.1,3342.0,3211.1,3220.8,3263.9,3292.35,281990,9284.11,22296,181150,64.24,Chemicals
2022-09-14,PIIND, EQ, 14-Sep-2022,3263.9,3219.9,3337.9,3205.05,3282.0,3294.95,3298.83,278680,9193.17,24910,131716,47.26,Chemicals
2022-09-15,PIIND, EQ, 15-Sep-2022,3294.95,3298.0,3367.3,3260.0,3270.0,3278.9,3296.6,196239,6469.21,24143,86835,44.25,Chemicals
2022-09-16,PIIND, EQ, 16-Sep-2022,3278.9,3259.4,3296.3,3116.3,3145.0,3136.0,3161.63,539542,17058.33,25256,353696,65.55,Chemicals
2022-09-19,PIIND, EQ, 19-Sep-2022,3136.0,3118.1,3165.95,3068.05,3135.95,3129.45,3130.01,138162,4324.48,14678,50024,36.21,Chemicals
2022-09-20,PIIND, EQ, 20-Sep-2022,3129.45,3149.0,3191.5,3131.15,3171.3,3178.55,3161.76,206781,6537.91,20419,109453,52.93,Chemicals
2022-09-21,PIIND, EQ, 21-Sep-2022,3178.55,3180.0,3185.3,3122.1,3144.5,3153.6,3158.16,156383,4938.83,19643,81538,52.14,Chemicals
2022-09-22,PIIND, EQ, 22-Sep-2022,3153.6,3153.6,3171.95,3081.0,3161.85,3158.4,3132.81,249991,7831.74,18801,132455,52.98,Chemicals
2022-09-23,PIIND, EQ, 23-Sep-2022,3158.4,3160.0,3183.65,3016.7,3048.05,3058.25,3072.81,275690,8471.44,31447,111239,40.35,Chemicals
2022-09-26,PIIND, EQ, 26-Sep-2022,3058.25,3016.4,3049.3,2935.0,3010.0,3009.65,3003.48,267690,8040.01,35369,117304,43.82,Chemicals
2022-09-27,PIIND, EQ, 27-Sep-2022,3009.65,3047.9,3050.0,2984.85,3015.3,3022.5,3014.39,141173,4255.51,19315,67500,47.81,Chemicals
2022-09-28,PIIND, EQ, 28-Sep-2022,3022.5,3015.3,3015.3,2954.0,2965.0,2967.9,2967.69,413284,12265.0,28157,316276,76.53,Chemicals
2022-09-29,PIIND, EQ, 29-Sep-2022,2967.9,2982.75,3016.0,2955.25,2985.0,2989.6,2984.41,242782,7245.6,31664,140695,57.95,Chemicals
2022-09-30,PIIND, EQ, 30-Sep-2022,2989.6,2974.55,3014.9,2958.05,3000.0,2998.35,2991.67,151913,4544.74,22062,85077,56.0,Chemicals
2022-10-03,PIIND, EQ, 03-Oct-2022,2998.35,2978.3,3041.8,2950.0,2955.65,2964.8,2994.66,205113,6142.44,27313,82433,40.19,Chemicals
2022-10-04,PIIND, EQ, 04-Oct-2022,2964.8,3019.95,3089.95,3001.05,3035.0,3035.45,3044.5,262179,7982.04,21040,140500,53.59,Chemicals
2022-10-06,PIIND, EQ, 06-Oct-2022,3035.45,3050.65,3108.9,3040.65,3054.1,3067.65,3074.89,184761,5681.2,31976,105551,57.13,Chemicals
2022-10-07,PIIND, EQ, 07-Oct-2022,3067.65,3070.0,3098.75,3035.0,3050.0,3055.15,3062.57,138221,4233.12,18328,67987,49.19,Chemicals
2022-10-10,PIIND, EQ, 10-Oct-2022,3055.15,3029.0,3056.65,2971.15,2983.5,2984.5,3007.68,146853,4416.87,20889,83057,56.56,Chemicals
2022-10-11,PIIND, EQ, 11-Oct-2022,2984.5,2989.65,3014.1,2950.0,2950.05,2964.5,2987.95,163241,4877.56,21275,82275,50.4,Chemicals
2022-10-12,PIIND, EQ, 12-Oct-2022,2964.5,2968.9,3022.3,2950.05,3000.0,3006.1,2983.89,152359,4546.23,20118,78945,51.82,Chemicals
2022-10-13,PIIND, EQ, 13-Oct-2022,3006.1,3004.95,3029.55,2981.1,2997.0,2994.25,3002.65,114173,3428.21,14538,59462,52.08,Chemicals
2022-10-14,PIIND, EQ, 14-Oct-2022,2994.25,3024.0,3042.45,3002.2,3017.25,3014.6,3022.85,353643,10690.1,15359,244244,69.07,Chemicals
2022-10-17,PIIND, EQ, 17-Oct-2022,3014.6,3024.0,3098.6,3006.75,3069.8,3058.8,3067.25,521182,15985.93,27829,361638,69.39,Chemicals
2022-10-18,PIIND, EQ, 18-Oct-2022,3058.8,3074.1,3100.0,3038.0,3090.0,3088.95,3063.78,293883,9003.93,17364,207553,70.62,Chemicals
2022-10-19,PIIND, EQ, 19-Oct-2022,3088.95,3105.2,3219.75,3102.45,3171.85,3164.75,3132.16,476486,14924.3,23494,272287,57.14,Chemicals
2022-10-20,PIIND, EQ, 20-Oct-2022,3164.75,3167.5,3167.5,3105.0,3144.0,3140.5,3125.58,231266,7228.4,12541,155494,67.24,Chemicals
2022-10-21,PIIND, EQ, 21-Oct-2022,3140.5,3156.25,3172.85,3078.4,3100.0,3109.7,3112.26,189980,5912.67,15913,123898,65.22,Chemicals
2022-10-24,PIIND, EQ, 24-Oct-2022,3109.7,3141.75,3141.8,3112.2,3125.0,3121.85,3126.26,14332,448.05,2184,7253,50.61,Chemicals
2022-10-25,PIIND, EQ, 25-Oct-2022,3121.85,3115.0,3149.6,3107.2,3125.0,3125.35,3125.98,139090,4347.93,11269,99326,71.41,Chemicals
2022-10-27,PIIND, EQ, 27-Oct-2022,3125.35,3140.0,3235.1,3130.35,3220.05,3206.3,3196.57,293976,9397.14,23950,167255,56.89,Chemicals
2022-10-28,PIIND, EQ, 28-Oct-2022,3206.3,3210.0,3240.0,3180.55,3208.1,3213.25,3217.55,189584,6099.96,14532,117947,62.21,Chemicals
2022-10-31,PIIND, EQ, 31-Oct-2022,3213.25,3228.0,3288.4,3220.0,3244.75,3241.95,3251.63,180775,5878.14,20162,111610,61.74,Chemicals
2022-11-01,PIIND, EQ, 01-Nov-2022,3241.95,3241.95,3325.0,3235.6,3305.0,3309.05,3280.17,270957,8887.85,22314,167411,61.79,Chemicals
2022-11-02,PIIND, EQ, 02-Nov-2022,3309.05,3317.05,3319.2,3232.5,3260.0,3257.85,3266.11,240776,7864.02,12701,168939,70.16,Chemicals
2022-11-03,PIIND, EQ, 03-Nov-2022,3257.85,3255.0,3284.25,3230.0,3248.0,3245.55,3245.35,165807,5381.02,13011,122360,73.8,Chemicals
2022-11-04,PIIND, EQ, 04-Nov-2022,3245.55,3250.15,3309.0,3222.05,3300.0,3302.3,3258.6,218208,7110.53,19205,156217,71.59,Chemicals
2022-11-07,PIIND, EQ, 07-Nov-2022,3302.3,3318.85,3356.3,3283.2,3333.0,3297.15,3311.17,244968,8111.32,26746,138829,56.67,Chemicals
2022-11-09,PIIND, EQ, 09-Nov-2022,3297.15,3450.0,3698.45,3410.05,3621.4,3623.7,3610.53,3743111,135145.99,179833,973900,26.02,Chemicals
2022-11-10,PIIND, EQ, 10-Nov-2022,3623.7,3625.0,3675.0,3451.0,3500.0,3494.5,3543.22,740442,26235.49,73398,138172,18.66,Chemicals
2022-11-11,PIIND, EQ, 11-Nov-2022,3494.5,3551.1,3560.0,3381.3,3443.9,3434.95,3447.17,486943,16785.74,38134,188436,38.7,Chemicals
2022-11-14,PIIND, EQ, 14-Nov-2022,3434.95,3443.9,3499.0,3386.25,3398.0,3400.5,3429.98,469107,16090.28,34483,274956,58.61,Chemicals
2022-11-15,PIIND, EQ, 15-Nov-2022,3400.5,3400.5,3469.45,3385.0,3430.35,3427.85,3426.88,240379,8237.5,30768,87710,36.49,Chemicals
2022-11-16,PIIND, EQ, 16-Nov-2022,3427.85,3445.0,3558.0,3344.25,3380.0,3379.25,3442.9,768981,26475.28,64584,172281,22.4,Chemicals
2022-11-17,PIIND, EQ, 17-Nov-2022,3379.25,3390.0,3443.6,3354.9,3372.2,3371.5,3407.29,421304,14355.05,31061,95487,22.66,Chemicals
2022-11-18,PIIND, EQ, 18-Nov-2022,3371.5,3390.0,3401.05,3289.95,3295.0,3299.0,3316.86,323763,10738.75,28948,150326,46.43,Chemicals
2022-11-21,PIIND, EQ, 21-Nov-2022,3299.0,3309.95,3350.0,3288.05,3333.0,3326.45,3317.45,208297,6910.16,22226,52704,25.3,Chemicals
2022-11-22,PIIND, EQ, 22-Nov-2022,3326.45,3335.0,3370.0,3320.05,3338.0,3335.1,3348.22,235589,7888.03,21136,111445,47.3,Chemicals
2022-11-23,PIIND, EQ, 23-Nov-2022,3335.1,3351.45,3395.55,3351.45,3386.0,3376.25,3378.09,257306,8692.02,25600,114268,44.41,Chemicals
2022-11-24,PIIND, EQ, 24-Nov-2022,3376.25,3386.0,3405.45,3352.15,3388.2,3389.65,3383.08,217101,7344.71,16159,97104,44.73,Chemicals
2022-11-25,PIIND, EQ, 25-Nov-2022,3389.65,3404.9,3409.6,3374.25,3380.0,3384.05,3389.2,126449,4285.61,11759,60138,47.56,Chemicals
2022-11-28,PIIND, EQ, 28-Nov-2022,3384.05,3400.0,3454.9,3384.1,3418.0,3421.95,3421.5,242658,8302.54,25756,126662,52.2,Chemicals
2022-11-29,PIIND, EQ, 29-Nov-2022,3421.95,3439.1,3462.0,3369.65,3374.25,3375.0,3403.13,178210,6064.72,29669,94398,52.97,Chemicals
2022-11-30,PIIND, EQ, 30-Nov-2022,3375.0,3395.0,3515.0,3381.85,3493.1,3492.95,3468.51,661698,22951.07,30985,432441,65.35,Chemicals
2022-12-01,PIIND, EQ, 01-Dec-2022,3492.95,3510.0,3524.65,3460.0,3475.0,3499.0,3495.41,337159,11785.1,22230,221928,65.82,Chemicals
2022-12-02,PIIND, EQ, 02-Dec-2022,3499.0,3500.0,3510.95,3412.0,3475.95,3485.6,3450.09,409378,14123.91,25797,161733,39.51,Chemicals
2022-12-05,PIIND, EQ, 05-Dec-2022,3485.6,3470.0,3535.0,3466.05,3472.5,3481.6,3492.3,237757,8303.2,25284,124403,52.32,Chemicals
2022-12-06,PIIND, EQ, 06-Dec-2022,3481.6,3488.0,3495.0,3433.05,3450.0,3456.45,3455.36,141845,4901.26,15589,75602,53.3,Chemicals
2022-12-07,PIIND, EQ, 07-Dec-2022,3456.45,3442.0,3495.0,3434.0,3460.3,3467.65,3464.97,145367,5036.93,15484,77365,53.22,Chemicals
2022-12-08,PIIND, EQ, 08-Dec-2022,3467.65,3488.5,3504.4,3443.3,3479.0,3475.05,3471.79,143911,4996.29,16920,74174,51.54,Chemicals
2022-12-09,PIIND, EQ, 09-Dec-2022,3475.05,3475.1,3512.95,3427.5,3455.05,3452.85,3471.15,138028,4791.16,13032,59263,42.94,Chemicals
2022-12-12,PIIND, EQ, 12-Dec-2022,3452.85,3466.55,3508.95,3434.05,3488.0,3486.25,3482.48,259695,9043.84,30355,97943,37.71,Chemicals
2022-12-13,PIIND, EQ, 13-Dec-2022,3486.25,3511.5,3511.5,3441.0,3480.3,3490.7,3479.25,168041,5846.57,21294,90019,53.57,Chemicals
2022-12-14,PIIND, EQ, 14-Dec-2022,3490.7,3499.9,3630.0,3484.5,3542.25,3542.3,3563.54,701827,25009.86,44452,214840,30.61,Chemicals
2022-12-15,PIIND, EQ, 15-Dec-2022,3542.3,3550.0,3569.95,3461.0,3488.95,3489.75,3496.72,165964,5803.3,15221,58964,35.53,Chemicals
2022-12-16,PIIND, EQ, 16-Dec-2022,3489.75,3555.0,3602.95,3500.1,3525.0,3520.2,3539.17,1006701,35628.88,63507,320683,31.85,Chemicals
2022-12-19,PIIND, EQ, 19-Dec-2022,3520.2,3546.0,3567.95,3499.0,3560.75,3558.5,3530.33,369644,13049.67,33239,179876,48.66,Chemicals
2022-12-20,PIIND, EQ, 20-Dec-2022,3558.5,3564.9,3566.25,3500.0,3530.0,3531.25,3526.77,193648,6829.52,17097,87373,45.12,Chemicals
2022-12-21,PIIND, EQ, 21-Dec-2022,3531.25,3548.95,3592.1,3505.0,3520.2,3524.75,3552.75,247380,8788.8,22183,79355,32.08,Chemicals
2022-12-22,PIIND, EQ, 22-Dec-2022,3524.75,3550.0,3574.8,3475.1,3525.0,3520.9,3502.9,302316,10589.83,21303,163930,54.22,Chemicals
2022-12-23,PIIND, EQ, 23-Dec-2022,3520.9,3500.0,3514.0,3445.0,3495.0,3459.6,3478.04,167218,5815.91,16496,62371,37.3,Chemicals
2022-12-26,PIIND, EQ, 26-Dec-2022,3459.6,3483.15,3500.0,3400.0,3487.0,3482.95,3465.55,182546,6326.22,15877,65427,35.84,Chemicals
2022-12-27,PIIND, EQ, 27-Dec-2022,3482.95,3493.0,3540.0,3476.15,3480.0,3481.35,3495.84,165972,5802.11,14216,80044,48.23,Chemicals
2022-12-28,PIIND, EQ, 28-Dec-2022,3481.35,3478.0,3493.0,3442.0,3449.9,3452.7,3459.94,253604,8774.56,12684,168364,66.39,Chemicals
2022-12-29,PIIND, EQ, 29-Dec-2022,3452.7,3440.05,3452.0,3403.8,3427.1,3415.55,3417.95,160096,5472.0,18314,90014,56.23,Chemicals
2022-12-30,PIIND, EQ, 30-Dec-2022,3415.55,3425.6,3458.35,3406.2,3427.85,3419.9,3429.53,119554,4100.14,13796,52957,44.3,Chemicals
2023-01-02,PIIND, EQ, 02-Jan-2023,3419.9,3427.85,3440.4,3395.0,3405.15,3411.05,3411.66,155154,5293.32,14008,72857,46.96,Chemicals
2023-01-03,PIIND, EQ, 03-Jan-2023,3411.05,3433.4,3463.95,3402.5,3417.8,3413.1,3430.83,274348,9412.41,22811,109753,40.01,Chemicals
2023-01-04,PIIND, EQ, 04-Jan-2023,3413.1,3429.0,3444.15,3315.6,3335.05,3340.5,3371.84,305563,10303.1,28666,178213,58.32,Chemicals
2023-01-05,PIIND, EQ, 05-Jan-2023,3340.5,3344.95,3368.25,3312.65,3321.5,3328.25,3336.8,194133,6477.82,25050,111733,57.55,Chemicals
2023-01-06,PIIND, EQ, 06-Jan-2023,3328.25,3328.25,3350.6,3273.3,3280.5,3288.15,3302.68,149030,4921.98,12926,82767,55.54,Chemicals
2023-01-09,PIIND, EQ, 09-Jan-2023,3288.15,3304.6,3335.95,3293.4,3319.0,3317.85,3305.8,211000,6975.24,30188,150333,71.25,Chemicals
2023-01-10,PIIND, EQ, 10-Jan-2023,3317.85,3339.4,3354.8,3281.0,3288.0,3289.75,3297.52,275726,9092.11,24539,183061,66.39,Chemicals
2023-01-11,PIIND, EQ, 11-Jan-2023,3289.75,3300.0,3309.95,3242.1,3271.0,3273.3,3270.19,141360,4622.75,16690,79297,56.1,Chemicals
2023-01-12,PIIND, EQ, 12-Jan-2023,3273.3,3275.6,3302.4,3269.35,3300.0,3292.65,3292.2,114488,3769.17,16344,61131,53.4,Chemicals
2023-01-13,PIIND, EQ, 13-Jan-2023,3292.65,3302.0,3309.35,3245.5,3262.0,3262.1,3260.21,168346,5488.44,22957,110615,65.71,Chemicals
2023-01-16,PIIND, EQ, 16-Jan-2023,3262.1,3271.75,3283.1,3220.0,3230.0,3229.6,3236.97,126768,4103.44,16071,88200,69.58,Chemicals
2023-01-17,PIIND, EQ, 17-Jan-2023,3229.6,3230.0,3284.4,3230.0,3265.0,3269.05,3262.46,126545,4128.48,17633,61194,48.36,Chemicals
2023-01-18,PIIND, EQ, 18-Jan-2023,3269.05,3286.25,3286.25,3232.0,3250.0,3249.9,3247.68,97926,3180.32,18158,52800,53.92,Chemicals
2023-01-19,PIIND, EQ, 19-Jan-2023,3249.9,3245.0,3258.2,3224.1,3248.8,3249.25,3235.48,128521,4158.27,11788,93120,72.46,Chemicals
2023-01-20,PIIND, EQ, 20-Jan-2023,3249.25,3248.0,3270.8,3222.55,3235.8,3238.15,3245.84,75378,2446.65,15869,38597,51.2,Chemicals
2023-01-23,PIIND, EQ, 23-Jan-2023,3238.15,3239.95,3244.9,3119.05,3124.0,3128.85,3156.18,382748,12080.21,37873,266405,69.6,Chemicals
2023-01-24,PIIND, EQ, 24-Jan-2023,3128.85,3128.85,3151.85,3029.8,3040.0,3035.65,3063.47,322012,9864.74,35318,205842,63.92,Chemicals
2023-01-25,PIIND, EQ, 25-Jan-2023,3035.65,3035.0,3035.65,2966.7,2977.0,2974.15,2984.75,365308,10903.53,27159,262548,71.87,Chemicals
2023-01-27,PIIND, EQ, 27-Jan-2023,2974.15,2965.05,2991.05,2935.05,2957.0,2957.95,2964.86,256366,7600.9,31441,157935,61.61,Chemicals
2023-01-30,PIIND, EQ, 30-Jan-2023,2957.95,2958.0,2973.25,2899.0,2969.95,2945.95,2941.29,419682,12344.07,25206,332385,79.2,Chemicals
2023-01-31,PIIND, EQ, 31-Jan-2023,2945.95,2950.0,3025.0,2949.95,3016.0,2997.35,2996.64,437101,13098.35,31515,285427,65.3,Chemicals
2023-02-01,PIIND, EQ, 01-Feb-2023,2997.35,3019.0,3084.95,2987.5,3029.65,3028.9,3057.05,428612,13102.9,29779,302555,70.59,Chemicals
2023-02-02,PIIND, EQ, 02-Feb-2023,3028.9,2995.0,3037.0,2993.8,2999.8,3000.4,3014.51,280866,8466.74,36286,182489,64.97,Chemicals
2023-02-03,PIIND, EQ, 03-Feb-2023,3000.4,3005.95,3059.95,2979.9,3015.55,3028.1,3027.64,237640,7194.88,27129,125550,52.83,Chemicals
2023-02-06,PIIND, EQ, 06-Feb-2023,3028.1,3028.1,3063.35,2991.0,3062.0,3055.95,3022.94,183706,5553.31,24691,95946,52.23,Chemicals
2023-02-07,PIIND, EQ, 07-Feb-2023,3055.95,3025.0,3068.65,3024.35,3051.0,3044.65,3042.46,148860,4529.01,15361,79660,53.51,Chemicals
2023-02-08,PIIND, EQ, 08-Feb-2023,3044.65,3063.6,3175.0,3042.0,3167.1,3154.05,3128.8,306707,9596.24,23174,161966,52.81,Chemicals
2023-02-09,PIIND, EQ, 09-Feb-2023,3154.05,3154.05,3207.95,3154.05,3199.75,3194.2,3183.59,144495,4600.13,14151,79121,54.76,Chemicals
2023-02-10,PIIND, EQ, 10-Feb-2023,3194.2,3207.2,3221.95,3114.2,3139.85,3133.6,3153.43,81806,2579.69,9721,31277,38.23,Chemicals
2023-02-13,PIIND, EQ, 13-Feb-2023,3133.6,3150.15,3178.35,3076.55,3102.4,3114.55,3113.33,202872,6316.08,23565,91281,44.99,Chemicals
2023-02-14,PIIND, EQ, 14-Feb-2023,3114.55,3100.0,3124.95,3013.7,3050.0,3034.7,3058.87,306398,9372.31,33904,117004,38.19,Chemicals
2023-02-15,PIIND, EQ, 15-Feb-2023,3034.7,3112.05,3255.0,3066.0,3124.0,3121.95,3146.89,2438491,76736.6,170745,348182,14.28,Chemicals
2023-02-16,PIIND, EQ, 16-Feb-2023,3121.95,3154.5,3412.15,3149.85,3375.0,3377.05,3327.43,3007423,100069.76,173593,531072,17.66,Chemicals
2023-02-17,PIIND, EQ, 17-Feb-2023,3377.05,3372.05,3414.85,3272.65,3290.0,3292.4,3325.63,717698,23867.98,51042,132684,18.49,Chemicals
2023-02-20,PIIND, EQ, 20-Feb-2023,3292.4,3295.0,3345.6,3245.25,3335.5,3336.45,3312.13,423559,14028.82,36779,120056,28.34,Chemicals
2023-02-21,PIIND, EQ, 21-Feb-2023,3336.45,3340.0,3352.45,3240.0,3270.05,3269.05,3283.17,390076,12806.86,30010,132350,33.93,Chemicals
2023-02-22,PIIND, EQ, 22-Feb-2023,3269.05,3265.0,3265.0,3179.1,3231.0,3231.05,3226.7,325964,10517.87,26485,139628,42.84,Chemicals
2023-02-23,PIIND, EQ, 23-Feb-2023,3231.05,3237.0,3248.45,3151.0,3165.0,3160.7,3184.3,309963,9870.16,30913,143673,46.35,Chemicals
2023-02-24,PIIND, EQ, 24-Feb-2023,3160.7,3176.55,3184.45,3099.4,3115.0,3114.75,3127.88,327584,10246.42,34605,175073,53.44,Chemicals
2023-02-27,PIIND, EQ, 27-Feb-2023,3114.75,3082.25,3120.75,3013.0,3051.0,3032.6,3044.4,259645,7904.64,19331,120612,46.45,Chemicals
2023-02-28,PIIND, EQ, 28-Feb-2023,3032.6,3051.6,3131.95,3010.0,3095.0,3099.55,3085.41,512177,15802.78,37389,254613,49.71,Chemicals
2023-03-01,PIIND, EQ, 01-Mar-2023,3099.55,3115.9,3149.9,3066.1,3140.0,3136.0,3110.14,293899,9140.66,29262,161804,55.05,Chemicals
2023-03-02,PIIND, EQ, 02-Mar-2023,3136.0,3147.8,3160.9,3080.9,3091.4,3087.9,3115.3,387741,12079.3,27050,260300,67.13,Chemicals
2023-03-03,PIIND, EQ, 03-Mar-2023,3087.9,3100.0,3135.0,3075.35,3101.15,3101.65,3100.03,205838,6381.04,23558,87514,42.52,Chemicals
2023-03-06,PIIND, EQ, 06-Mar-2023,3101.65,3121.05,3130.0,3086.0,3099.0,3097.0,3107.15,150901,4688.72,19873,85453,56.63,Chemicals
2023-03-08,PIIND, EQ, 08-Mar-2023,3097.0,3098.0,3127.6,3075.15,3120.35,3121.2,3100.1,156287,4845.06,18686,72870,46.63,Chemicals
2023-03-09,PIIND, EQ, 09-Mar-2023,3121.2,3124.0,3169.95,3089.6,3094.8,3098.2,3134.59,187330,5872.03,27170,71297,38.06,Chemicals
2023-03-10,PIIND, EQ, 10-Mar-2023,3098.2,3070.0,3113.4,3039.0,3097.45,3107.75,3071.62,209966,6449.36,30745,125417,59.73,Chemicals
2023-03-13,PIIND, EQ, 13-Mar-2023,3107.75,3122.0,3122.05,2998.8,3015.0,3015.95,3047.6,316942,9659.14,31190,179699,56.7,Chemicals
2023-03-14,PIIND, EQ, 14-Mar-2023,3015.95,3019.0,3069.85,2972.0,3048.0,3044.15,3013.39,262804,7919.32,29534,118107,44.94,Chemicals
2023-03-15,PIIND, EQ, 15-Mar-2023,3044.15,3063.55,3066.95,2981.0,3005.0,2991.15,3015.83,207569,6259.93,22151,105598,50.87,Chemicals
2023-03-16,PIIND, EQ, 16-Mar-2023,2991.15,3003.25,3006.15,2946.0,2977.8,2972.3,2969.21,204643,6076.28,34632,103569,50.61,Chemicals
2023-03-17,PIIND, EQ, 17-Mar-2023,2972.3,3000.0,3039.85,2957.3,2990.0,2980.05,2990.89,574780,17191.06,28878,393375,68.44,Chemicals
2023-03-20,PIIND, EQ, 20-Mar-2023,2980.05,3029.95,3029.95,2885.25,2915.2,2907.05,2919.75,237049,6921.25,27840,104263,43.98,Chemicals
2023-03-21,PIIND, EQ, 21-Mar-2023,2907.05,2915.85,2953.95,2911.0,2948.9,2944.3,2933.64,131063,3844.91,12557,56179,42.86,Chemicals
2023-03-22,PIIND, EQ, 22-Mar-2023,2944.3,2956.25,3029.0,2956.25,2995.35,2983.6,2996.77,305801,9164.16,42751,132354,43.28,Chemicals
2023-03-23,PIIND, EQ, 23-Mar-2023,2983.6,2985.0,3008.2,2945.05,2960.0,2956.8,2969.03,112955,3353.67,17334,41324,36.58,Chemicals
2023-03-24,PIIND, EQ, 24-Mar-2023,2956.8,2971.6,2975.35,2914.8,2929.0,2934.1,2933.7,148338,4351.8,16901,55308,37.29,Chemicals
2023-03-27,PIIND, EQ, 27-Mar-2023,2934.1,2945.0,2960.0,2910.05,2932.75,2925.25,2936.59,97383,2859.74,13100,37388,38.39,Chemicals
2023-03-28,PIIND, EQ, 28-Mar-2023,2925.25,2932.75,2939.7,2868.9,2900.0,2903.7,2891.91,278224,8045.99,33984,126888,45.61,Chemicals
2023-03-29,PIIND, EQ, 29-Mar-2023,2903.7,2900.0,2957.0,2885.45,2949.65,2937.9,2914.73,269861,7865.72,28259,152538,56.52,Chemicals
2023-03-31,PIIND, EQ, 31-Mar-2023,2937.9,2957.15,3035.65,2949.65,3031.7,3030.2,3020.05,342203,10334.71,28608,243154,71.06,Chemicals
2023-04-03,PIIND, EQ, 03-Apr-2023,3030.2,3050.1,3050.1,2935.05,2976.0,2976.3,2973.17,234727,6978.83,28621,114428,48.75,Chemicals
2023-04-05,PIIND, EQ, 05-Apr-2023,2976.3,2983.4,3035.4,2968.85,3032.0,3028.9,3013.05,168969,5091.11,21371,68496,40.54,Chemicals
2023-04-06,PIIND, EQ, 06-Apr-2023,3028.9,3032.1,3043.1,2996.0,3034.85,3028.1,3025.93,196262,5938.74,17897,105934,53.98,Chemicals
2023-04-10,PIIND, EQ, 10-Apr-2023,3028.1,3034.8,3074.5,3018.65,3030.25,3039.35,3050.13,133628,4075.83,18489,47226,35.34,Chemicals
2023-04-11,PIIND, EQ, 11-Apr-2023,3039.35,3030.15,3066.85,3012.4,3039.0,3041.4,3041.18,101508,3087.04,17742,36740,36.19,Chemicals
2023-04-12,PIIND, EQ, 12-Apr-2023,3041.4,3057.4,3112.55,3000.0,3032.0,3032.5,3035.21,707501,21474.13,31751,380304,53.75,Chemicals
2023-04-13,PIIND, EQ, 13-Apr-2023,3032.5,3037.5,3042.55,3015.0,3034.0,3031.55,3022.68,776915,23483.64,28349,466497,60.04,Chemicals
2023-04-17,PIIND, EQ, 17-Apr-2023,3031.55,3025.0,3063.6,2997.2,3047.0,3041.65,3030.07,594545,18015.11,33336,291500,49.03,Chemicals
2023-04-18,PIIND, EQ, 18-Apr-2023,3041.65,3051.0,3162.0,3049.05,3157.35,3153.3,3121.74,556638,17376.79,52784,102328,18.38,Chemicals
2023-04-19,PIIND, EQ, 19-Apr-2023,3153.3,3172.15,3194.75,3131.0,3148.0,3153.5,3164.59,495487,15680.11,49699,181822,36.7,Chemicals
2023-04-20,PIIND, EQ, 20-Apr-2023,3153.5,3153.5,3177.8,3140.95,3160.0,3159.75,3161.67,158024,4996.2,16095,88208,55.82,Chemicals
2023-04-21,PIIND, EQ, 21-Apr-2023,3159.75,3174.0,3210.0,3145.6,3191.2,3189.9,3183.97,189436,6031.58,19536,71758,37.88,Chemicals
2023-04-24,PIIND, EQ, 24-Apr-2023,3189.9,3188.0,3188.0,3095.35,3109.0,3112.95,3134.72,296084,9281.42,20757,106890,36.1,Chemicals
2023-04-25,PIIND, EQ, 25-Apr-2023,3112.95,3112.0,3113.0,3070.55,3095.45,3098.1,3094.87,686796,21255.42,21355,368668,53.68,Chemicals
2023-04-26,PIIND, EQ, 26-Apr-2023,3098.1,3085.05,3118.0,3015.0,3065.8,3071.05,3061.92,293780,8995.31,28398,125986,42.88,Chemicals
2023-04-27,PIIND, EQ, 27-Apr-2023,3071.05,3071.95,3076.5,3051.1,3060.05,3065.7,3063.36,176549,5408.33,15173,98925,56.03,Chemicals
2023-04-28,PIIND, EQ, 28-Apr-2023,3065.7,3240.0,3462.25,3240.0,3377.0,3384.5,3352.12,2940105,98555.78,164898,641431,21.82,Chemicals
2023-05-02,PIIND, EQ, 02-May-2023,3384.5,3370.0,3434.4,3351.5,3405.0,3404.1,3399.95,420865,14309.2,49486,116744,27.74,Chemicals
2023-05-03,PIIND, EQ, 03-May-2023,3404.1,3401.0,3435.0,3376.5,3419.0,3425.7,3410.64,277341,9459.1,30853,151576,54.65,Chemicals
2023-05-04,PIIND, EQ, 04-May-2023,3425.7,3433.0,3480.95,3417.2,3429.9,3426.3,3446.99,306626,10569.36,30047,122687,40.01,Chemicals
2023-05-05,PIIND, EQ, 05-May-2023,3426.3,3426.3,3455.0,3407.75,3449.45,3443.2,3431.92,133228,4572.28,12716,52413,39.34,Chemicals
2023-05-08,PIIND, EQ, 08-May-2023,3443.2,3456.95,3471.85,3425.05,3450.0,3451.4,3443.36,252511,8694.87,17714,137895,54.61,Chemicals
2023-05-09,PIIND, EQ, 09-May-2023,3451.4,3451.4,3507.3,3441.05,3450.0,3460.1,3473.82,242035,8407.86,22499,128030,52.9,Chemicals
2023-05-10,PIIND, EQ, 10-May-2023,3460.1,3460.1,3489.6,3431.75,3450.0,3447.65,3460.46,154475,5345.55,16483,48543,31.42,Chemicals
2023-05-11,PIIND, EQ, 11-May-2023,3447.65,3470.05,3474.4,3406.2,3420.0,3413.65,3428.22,224912,7710.49,27940,144787,64.37,Chemicals
2023-05-12,PIIND, EQ, 12-May-2023,3413.65,3432.35,3457.2,3393.3,3400.95,3401.35,3422.72,207903,7115.95,23890,109876,52.85,Chemicals
2023-05-15,PIIND, EQ, 15-May-2023,3401.35,3400.0,3413.6,3362.0,3380.95,3370.7,3382.64,252782,8550.7,25779,167620,66.31,Chemicals
2023-05-16,PIIND, EQ, 16-May-2023,3370.7,3380.95,3388.35,3348.5,3356.85,3352.55,3362.77,241522,8121.83,22254,146548,60.68,Chemicals
2023-05-17,PIIND, EQ, 17-May-2023,3352.55,3353.5,3365.0,3301.15,3319.0,3318.0,3320.54,182364,6055.46,21509,107867,59.15,Chemicals
2023-05-18,PIIND, EQ, 18-May-2023,3318.0,3339.6,3340.6,3241.4,3262.0,3256.15,3279.1,211081,6921.55,32207,106812,50.6,Chemicals
2023-05-19,PIIND, EQ, 19-May-2023,3256.15,3188.0,3409.3,3165.1,3260.0,3274.3,3277.2,852032,27922.79,71351,188771,22.16,Chemicals
2023-05-22,PIIND, EQ, 22-May-2023,3274.3,3279.9,3326.35,3256.45,3315.0,3318.05,3298.62,392567,12949.29,29641,232850,59.31,Chemicals
2023-05-23,PIIND, EQ, 23-May-2023,3318.05,3335.0,3405.0,3304.95,3377.45,3375.25,3369.0,305994,10308.95,20877,175643,57.4,Chemicals
2023-05-24,PIIND, EQ, 24-May-2023,3375.25,3385.85,3430.0,3355.0,3415.0,3418.85,3406.63,383061,13049.49,22746,234098,61.11,Chemicals
2023-05-25,PIIND, EQ, 25-May-2023,3418.85,3436.4,3468.0,3404.0,3409.0,3413.0,3440.38,298884,10282.73,19832,147465,49.34,Chemicals
2023-05-26,PIIND, EQ, 26-May-2023,3413.0,3434.4,3498.0,3383.85,3498.0,3478.55,3452.83,361049,12466.4,20537,231814,64.21,Chemicals
2023-05-29,PIIND, EQ, 29-May-2023,3478.55,3506.7,3529.45,3454.0,3493.05,3500.2,3509.37,487629,17112.71,25989,348341,71.44,Chemicals
2023-05-30,PIIND, EQ, 30-May-2023,3500.2,3500.0,3519.85,3463.1,3465.45,3471.95,3495.28,263996,9227.39,23810,141590,53.63,Chemicals
2023-05-31,PIIND, EQ, 31-May-2023,3471.95,3491.45,3646.9,3465.45,3629.95,3616.8,3604.49,2061711,74314.18,78718,1434421,69.57,Chemicals
2023-06-01,PIIND, EQ, 01-Jun-2023,3616.8,3645.0,3645.0,3506.1,3513.8,3519.55,3553.5,258530,9186.86,33913,136685,52.87,Chemicals
2023-06-02,PIIND, EQ, 02-Jun-2023,3519.55,3538.1,3561.85,3467.95,3482.0,3481.7,3490.91,292937,10226.17,29636,187156,63.89,Chemicals
2023-06-05,PIIND, EQ, 05-Jun-2023,3481.7,3490.0,3539.0,3485.0,3525.0,3534.8,3519.42,161528,5684.84,21935,83656,51.79,Chemicals
2023-06-06,PIIND, EQ, 06-Jun-2023,3534.8,3540.0,3600.0,3520.15,3595.35,3587.0,3574.38,241109,8618.14,26837,132112,54.79,Chemicals
2023-06-07,PIIND, EQ, 07-Jun-2023,3587.0,3599.7,3698.0,3580.1,3682.0,3679.4,3662.33,379723,13906.71,35479,166966,43.97,Chemicals
2023-06-08,PIIND, EQ, 08-Jun-2023,3679.4,3724.0,3824.85,3620.0,3637.9,3631.45,3724.53,638261,23772.19,52306,134365,21.05,Chemicals
2023-06-09,PIIND, EQ, 09-Jun-2023,3631.45,3556.0,3667.5,3552.55,3610.05,3619.9,3629.96,336757,12224.16,25520,135228,40.16,Chemicals
2023-06-12,PIIND, EQ, 12-Jun-2023,3619.9,3639.0,3769.8,3633.75,3740.0,3736.8,3734.73,680960,25432.0,69612,142536,20.93,Chemicals
2023-06-13,PIIND, EQ, 13-Jun-2023,3736.8,3761.9,3774.15,3735.05,3760.0,3761.45,3754.45,217820,8177.93,20614,104138,47.81,Chemicals
2023-06-14,PIIND, EQ, 14-Jun-2023,3761.45,3769.35,3831.6,3725.0,3824.0,3821.15,3797.78,328223,12465.19,26485,175372,53.43,Chemicals
2023-06-15,PIIND, EQ, 15-Jun-2023,3821.15,3832.0,3869.8,3818.95,3844.9,3854.7,3847.82,234009,9004.25,24649,120434,51.47,Chemicals
2023-06-16,PIIND, EQ, 16-Jun-2023,3854.7,3870.0,3933.0,3840.0,3905.0,3904.45,3905.97,439922,17183.22,28400,269050,61.16,Chemicals
2023-06-19,PIIND, EQ, 19-Jun-2023,3904.45,3928.95,3939.75,3828.85,3860.0,3854.0,3861.6,210766,8138.93,22065,79233,37.59,Chemicals
2023-06-20,PIIND, EQ, 20-Jun-2023,3854.0,3849.0,3888.95,3831.9,3880.0,3879.95,3858.02,240900,9293.97,21510,134614,55.88,Chemicals
2023-06-21,PIIND, EQ, 21-Jun-2023,3879.95,3900.0,4011.15,3859.75,3997.15,3972.45,3932.47,223923,8805.71,23742,106503,47.56,Chemicals
2023-06-22,PIIND, EQ, 22-Jun-2023,3972.45,3996.0,3998.85,3846.9,3872.0,3866.25,3892.4,252898,9843.81,30200,76798,30.37,Chemicals
2023-06-23,PIIND, EQ, 23-Jun-2023,3866.25,3862.0,3867.85,3792.75,3807.9,3807.4,3822.28,409182,15640.07,36622,177189,43.3,Chemicals
2023-06-26,PIIND, EQ, 26-Jun-2023,3807.4,3807.95,3864.0,3800.0,3830.5,3850.8,3835.4,133085,5104.35,15477,63731,47.89,Chemicals
2023-06-27,PIIND, EQ, 27-Jun-2023,3850.8,3860.2,3871.0,3805.0,3834.8,3838.05,3836.08,159228,6108.11,14913,91417,57.41,Chemicals
2023-06-28,PIIND, EQ, 28-Jun-2023,3838.05,3845.9,3908.9,3831.1,3880.0,3877.1,3881.99,208993,8113.09,17176,117260,56.11,Chemicals
2023-06-30,PIIND, EQ, 30-Jun-2023,3877.1,3897.5,3935.6,3869.15,3912.65,3921.75,3899.88,269390,10505.9,27566,149436,55.47,Chemicals
2023-07-03,PIIND, EQ, 03-Jul-2023,3921.75,3939.6,3939.6,3851.7,3879.35,3861.75,3893.19,186180,7248.33,21435,82003,44.05,Chemicals
2023-07-04,PIIND, EQ, 04-Jul-2023,3861.75,3862.0,3916.9,3830.0,3850.0,3843.55,3868.91,158023,6113.77,16526,67955,43.0,Chemicals
2023-07-05,PIIND, EQ, 05-Jul-2023,3843.55,3863.8,3868.65,3833.05,3860.0,3857.05,3850.61,108370,4172.9,14406,58486,53.97,Chemicals
2023-07-06,PIIND, EQ, 06-Jul-2023,3857.05,3879.0,3879.0,3822.0,3860.0,3854.0,3849.09,223292,8594.71,24620,129282,57.9,Chemicals
2023-07-07,PIIND, EQ, 07-Jul-2023,3854.0,3854.0,3854.0,3715.0,3769.0,3765.7,3769.76,522517,19697.65,51598,281578,53.89,Chemicals
2023-07-10,PIIND, EQ, 10-Jul-2023,3765.7,3766.0,3795.25,3674.85,3675.1,3679.3,3709.5,158486,5879.04,17435,71487,45.11,Chemicals
2023-07-11,PIIND, EQ, 11-Jul-2023,3679.3,3665.0,3684.55,3575.0,3673.0,3657.05,3619.58,613167,22194.07,53688,326157,53.19,Chemicals
2023-07-12,PIIND, EQ, 12-Jul-2023,3657.05,3668.6,3675.0,3592.8,3662.95,3659.45,3627.99,807610,29300.01,50495,544162,67.38,Chemicals
2023-07-13,PIIND, EQ, 13-Jul-2023,3659.45,3684.25,3749.45,3593.0,3613.0,3610.6,3654.85,401181,14662.55,35228,154288,38.46,Chemicals
2023-07-14,PIIND, EQ, 14-Jul-2023,3610.6,3614.5,3668.7,3585.0,3634.9,3631.35,3616.33,340524,12314.47,28130,211652,62.15,Chemicals
2023-07-17,PIIND, EQ, 17-Jul-2023,3631.35,3649.9,3699.9,3622.2,3685.0,3686.7,3674.63,276725,10168.62,23222,166519,60.17,Chemicals
2023-07-18,PIIND, EQ, 18-Jul-2023,3686.7,3710.7,3710.85,3620.0,3645.0,3641.5,3641.82,195842,7132.21,15268,117611,60.05,Chemicals
2023-07-19,PIIND, EQ, 19-Jul-2023,3641.5,3660.65,3676.95,3637.05,3650.0,3645.95,3649.06,148985,5436.55,13501,91292,61.28,Chemicals
2023-07-20,PIIND, EQ, 20-Jul-2023,3645.95,3665.0,3669.5,3632.55,3640.0,3644.95,3644.81,104749,3817.91,10252,62153,59.34,Chemicals
2023-07-21,PIIND, EQ, 21-Jul-2023,3644.95,3635.0,3697.75,3635.0,3670.3,3675.0,3671.98,141263,5187.16,19007,60038,42.5,Chemicals
2023-07-24,PIIND, EQ, 24-Jul-2023,3675.0,3680.0,3694.15,3607.1,3632.0,3631.2,3645.4,146776,5350.57,19185,80100,54.57,Chemicals
2023-07-25,PIIND, EQ, 25-Jul-2023,3631.2,3630.0,3648.7,3546.2,3573.0,3573.35,3579.2,288187,10314.78,23757,172687,59.92,Chemicals
2023-07-26,PIIND, EQ, 26-Jul-2023,3573.35,3580.0,3611.8,3561.8,3608.95,3592.75,3585.2,224131,8035.54,21317,128876,57.5,Chemicals
2023-07-27,PIIND, EQ, 27-Jul-2023,3592.75,3608.95,3634.25,3536.25,3555.0,3557.5,3574.12,271062,9688.07,21311,152290,56.18,Chemicals
2023-07-28,PIIND, EQ, 28-Jul-2023,3557.5,3575.0,3598.7,3540.05,3590.0,3586.95,3571.74,273446,9766.79,27109,175306,64.11,Chemicals
2023-07-31,PIIND, EQ, 31-Jul-2023,3586.95,3455.0,3635.0,3455.0,3616.6,3615.7,3592.93,233903,8403.98,26937,103844,44.4,Chemicals
2023-08-01,PIIND, EQ, 01-Aug-2023,3615.7,3629.9,3685.0,3573.05,3665.95,3660.1,3629.4,353977,12847.24,25053,185915,52.52,Chemicals
2023-08-02,PIIND, EQ, 02-Aug-2023,3660.1,3670.85,3693.2,3634.25,3684.5,3684.7,3665.58,190868,6996.41,25433,96342,50.48,Chemicals
2023-08-03,PIIND, EQ, 03-Aug-2023,3684.7,3708.9,3725.0,3630.1,3670.0,3682.75,3676.61,194587,7154.21,25170,65907,33.87,Chemicals
2023-08-04,PIIND, EQ, 04-Aug-2023,3682.75,3682.75,3734.0,3682.75,3691.3,3701.75,3705.97,177255,6569.01,28451,92233,52.03,Chemicals
2023-08-07,PIIND, EQ, 07-Aug-2023,3701.75,3725.85,3787.0,3720.0,3785.05,3778.35,3763.59,180832,6805.77,21503,66257,36.64,Chemicals
2023-08-08,PIIND, EQ, 08-Aug-2023,3778.35,3794.95,3860.0,3771.75,3840.0,3850.75,3825.14,345942,13232.78,40275,127568,36.88,Chemicals
2023-08-09,PIIND, EQ, 09-Aug-2023,3850.75,3859.95,3892.0,3803.9,3878.5,3882.25,3864.83,315374,12188.65,24936,124176,39.37,Chemicals
2023-08-10,PIIND, EQ, 10-Aug-2023,3882.25,3987.0,3987.0,3830.95,3871.75,3877.45,3889.36,1228431,47778.13,84415,457399,37.23,Chemicals
2023-08-11,PIIND, EQ, 11-Aug-2023,3877.45,3858.05,3891.55,3817.05,3848.0,3851.0,3859.84,454344,17536.97,44784,267977,58.98,Chemicals
2023-08-14,PIIND, EQ, 14-Aug-2023,3851.0,3859.45,3872.2,3742.0,3747.95,3753.2,3769.74,229681,8658.38,28022,114179,49.71,Chemicals
2023-08-16,PIIND, EQ, 16-Aug-2023,3753.2,3777.0,3830.0,3733.2,3823.05,3820.95,3801.65,291985,11100.25,27354,140745,48.2,Chemicals
2023-08-17,PIIND, EQ, 17-Aug-2023,3820.95,3830.95,3875.95,3818.0,3826.0,3831.2,3846.96,216803,8340.32,27174,113189,52.21,Chemicals
2023-08-18,PIIND, EQ, 18-Aug-2023,3831.2,3855.0,3855.0,3736.1,3759.65,3760.2,3773.74,244213,9215.97,21018,125318,51.32,Chemicals
2023-08-21,PIIND, EQ, 21-Aug-2023,3760.2,3760.2,3765.0,3725.25,3726.3,3731.3,3739.6,152487,5702.41,19326,87489,57.37,Chemicals
2023-08-22,PIIND, EQ, 22-Aug-2023,3731.3,3749.9,3749.9,3670.0,3677.55,3677.9,3699.86,189478,7010.42,21396,98424,51.94,Chemicals
2023-08-23,PIIND, EQ, 23-Aug-2023,3677.9,3701.9,3718.8,3673.05,3687.95,3690.5,3694.4,245688,9076.71,29304,148368,60.39,Chemicals
2023-08-24,PIIND, EQ, 24-Aug-2023,3690.5,3690.5,3727.95,3675.0,3675.0,3682.2,3698.56,162981,6027.95,16044,94734,58.13,Chemicals
2023-08-25,PIIND, EQ, 25-Aug-2023,3682.2,3684.95,3700.0,3622.0,3625.25,3638.6,3646.6,177867,6486.1,22394,108643,61.08,Chemicals
2023-08-28,PIIND, EQ, 28-Aug-2023,3638.6,3642.0,3673.0,3625.0,3635.0,3632.2,3641.58,212173,7726.44,14373,145629,68.64,Chemicals
2023-08-29,PIIND, EQ, 29-Aug-2023,3632.2,3655.85,3765.0,3618.85,3715.95,3703.1,3719.28,371015,13799.1,32925,148493,40.02,Chemicals
2023-08-30,PIIND, EQ, 30-Aug-2023,3703.1,3729.8,3740.0,3679.15,3695.6,3701.45,3703.89,167293,6196.35,14842,90533,54.12,Chemicals
2023-08-31,PIIND, EQ, 31-Aug-2023,3701.45,3725.65,3742.5,3596.65,3621.0,3628.3,3643.63,784759,28593.72,37545,570104,72.65,Chemicals
2023-09-01,PIIND, EQ, 01-Sep-2023,3628.3,3650.0,3650.0,3603.1,3637.7,3621.1,3627.28,240027,8706.46,13949,165231,68.84,Chemicals
2023-09-04,PIIND, EQ, 04-Sep-2023,3621.1,3644.8,3655.0,3594.0,3626.5,3629.8,3620.65,142768,5169.13,20127,74672,52.3,Chemicals
2023-09-05,PIIND, EQ, 05-Sep-2023,3629.8,3635.0,3668.95,3600.0,3614.65,3609.4,3617.66,339080,12266.75,23870,220520,65.03,Chemicals
2023-09-06,PIIND, EQ, 06-Sep-2023,3609.4,3614.95,3665.0,3600.0,3622.95,3615.2,3627.84,287063,10414.2,21587,183936,64.08,Chemicals
2023-09-07,PIIND, EQ, 07-Sep-2023,3615.2,3620.0,3670.0,3616.35,3656.4,3648.9,3634.32,417461,15171.88,29696,251473,60.24,Chemicals
2023-09-08,PIIND, EQ, 08-Sep-2023,3648.9,3664.95,3677.35,3633.05,3656.95,3655.5,3649.75,127980,4670.94,13326,63208,49.39,Chemicals
2023-09-11,PIIND, EQ, 11-Sep-2023,3655.5,3675.0,3688.1,3642.0,3681.6,3677.7,3661.33,201967,7394.67,18520,123950,61.37,Chemicals
2023-09-12,PIIND, EQ, 12-Sep-2023,3677.7,3670.0,3713.55,3588.0,3610.95,3604.15,3632.08,221164,8032.85,20751,118363,53.52,Chemicals
2023-09-13,PIIND, EQ, 13-Sep-2023,3604.15,3597.0,3645.0,3565.4,3641.0,3637.4,3608.63,127594,4604.4,14524,53703,42.09,Chemicals
2023-09-14,PIIND, EQ, 14-Sep-2023,3637.4,3640.05,3697.0,3635.1,3652.1,3657.2,3661.57,187725,6873.68,21919,100337,53.45,Chemicals
2023-09-15,PIIND, EQ, 15-Sep-2023,3657.2,3674.45,3681.0,3622.0,3627.0,3631.65,3638.04,279903,10182.99,20162,187054,66.83,Chemicals
2023-09-18,PIIND, EQ, 18-Sep-2023,3631.65,3550.0,3620.0,3532.2,3583.0,3590.35,3580.99,458818,16430.22,37356,210015,45.77,Chemicals
2023-09-20,PIIND, EQ, 20-Sep-2023,3590.35,3566.0,3596.45,3496.0,3498.0,3501.5,3521.06,339193,11943.19,35133,210586,62.08,Chemicals
2023-09-21,PIIND, EQ, 21-Sep-2023,3501.5,3500.0,3500.95,3440.0,3450.1,3445.85,3464.21,330208,11439.11,28811,205831,62.33,Chemicals
2023-09-22,PIIND, EQ, 22-Sep-2023,3445.85,3445.85,3479.6,3410.0,3412.0,3415.6,3428.17,400689,13736.31,30700,246225,61.45,Chemicals
2023-09-25,PIIND, EQ, 25-Sep-2023,3415.6,3415.6,3438.05,3381.0,3393.9,3393.2,3401.79,382424,13009.28,35504,206948,54.11,Chemicals
2023-09-26,PIIND, EQ, 26-Sep-2023,3393.2,3403.95,3430.0,3396.1,3413.0,3406.35,3410.65,242797,8280.96,21496,152248,62.71,Chemicals
2023-09-27,PIIND, EQ, 27-Sep-2023,3406.35,3413.95,3467.05,3378.05,3462.0,3454.15,3417.75,253803,8674.35,20743,120598,47.52,Chemicals
2023-09-28,PIIND, EQ, 28-Sep-2023,3454.15,3462.0,3467.8,3376.0,3408.0,3395.15,3431.37,360497,12370.0,27159,217293,60.28,Chemicals
2023-09-29,PIIND, EQ, 29-Sep-2023,3395.15,3420.05,3479.6,3406.8,3456.0,3453.0,3447.2,143143,4934.43,15770,63068,44.06,Chemicals
2023-10-03,PIIND, EQ, 03-Oct-2023,3453.0,3453.0,3453.0,3400.0,3413.35,3414.65,3416.06,196751,6721.12,19977,116769,59.35,Chemicals
2023-10-04,PIIND, EQ, 04-Oct-2023,3414.65,3400.1,3416.45,3380.7,3394.0,3394.15,3398.75,164978,5607.19,26249,99785,60.48,Chemicals
2023-10-05,PIIND, EQ, 05-Oct-2023,3394.15,3408.7,3416.9,3376.0,3387.0,3385.95,3400.07,158919,5403.35,14301,107400,67.58,Chemicals
2023-10-06,PIIND, EQ, 06-Oct-2023,3385.95,3408.95,3440.9,3393.05,3411.0,3420.7,3409.21,122175,4165.21,15361,69825,57.15,Chemicals
2023-10-09,PIIND, EQ, 09-Oct-2023,3420.7,3402.05,3440.55,3365.1,3415.0,3422.85,3409.31,121797,4152.44,15827,58372,47.93,Chemicals
2023-10-10,PIIND, EQ, 10-Oct-2023,3422.85,3445.25,3476.9,3416.75,3464.85,3460.85,3454.24,110323,3810.82,15986,44247,40.11,Chemicals
2023-10-11,PIIND, EQ, 11-Oct-2023,3460.85,3480.0,3522.0,3477.1,3489.85,3488.3,3502.47,247589,8671.74,33345,142561,57.58,Chemicals
2023-10-12,PIIND, EQ, 12-Oct-2023,3488.3,3507.85,3513.9,3472.65,3495.0,3485.95,3489.92,111881,3904.56,13332,57381,51.29,Chemicals
2023-10-13,PIIND, EQ, 13-Oct-2023,3485.95,3481.0,3494.9,3454.3,3480.0,3481.15,3482.44,132213,4604.23,11202,99386,75.17,Chemicals
2023-10-16,PIIND, EQ, 16-Oct-2023,3481.15,3510.0,3533.35,3479.7,3501.8,3500.05,3507.34,186370,6536.63,16140,101439,54.43,Chemicals
2023-10-17,PIIND, EQ, 17-Oct-2023,3500.05,3522.75,3543.0,3500.0,3528.35,3535.65,3525.5,151140,5328.44,15710,101958,67.46,Chemicals
2023-10-18,PIIND, EQ, 18-Oct-2023,3535.65,3538.0,3538.7,3490.7,3506.0,3508.35,3509.23,78158,2742.75,11321,37965,48.57,Chemicals
2023-10-19,PIIND, EQ, 19-Oct-2023,3508.35,3490.8,3524.2,3465.0,3493.9,3500.45,3491.4,83871,2928.27,14395,39809,47.46,Chemicals
2023-10-20,PIIND, EQ, 20-Oct-2023,3500.45,3500.4,3509.9,3445.5,3466.0,3467.2,3473.98,111257,3865.04,14959,64502,57.98,Chemicals
2023-10-23,PIIND, EQ, 23-Oct-2023,3467.2,3467.25,3479.85,3391.6,3408.0,3406.0,3433.5,156985,5390.08,24450,73339,46.72,Chemicals
2023-10-25,PIIND, EQ, 25-Oct-2023,3406.0,3406.0,3435.65,3321.0,3340.0,3334.5,3364.38,293489,9874.07,30745,189498,64.57,Chemicals
2023-10-26,PIIND, EQ, 26-Oct-2023,3334.5,3333.1,3333.1,3271.05,3295.0,3290.3,3290.5,327822,10786.99,39228,196833,60.04,Chemicals
2023-10-27,PIIND, EQ, 27-Oct-2023,3290.3,3305.0,3362.2,3304.85,3324.0,3315.3,3329.3,167643,5581.35,20489,104908,62.58,Chemicals
2023-10-30,PIIND, EQ, 30-Oct-2023,3315.3,3328.95,3365.0,3296.05,3359.0,3351.6,3326.97,117438,3907.13,14971,52938,45.08,Chemicals
2023-10-31,PIIND, EQ, 31-Oct-2023,3351.6,3373.55,3410.3,3362.25,3393.0,3401.25,3394.86,154112,5231.89,20288,98328,63.8,Chemicals
2023-11-01,PIIND, EQ, 01-Nov-2023,3401.25,3393.0,3409.95,3355.0,3378.0,3380.55,3376.52,266407,8995.29,25087,192648,72.31,Chemicals
2023-11-02,PIIND, EQ, 02-Nov-2023,3380.55,3402.0,3420.35,3380.05,3405.55,3410.75,3406.19,123532,4207.73,19660,69489,56.25,Chemicals
2023-11-03,PIIND, EQ, 03-Nov-2023,3410.75,3429.9,3503.75,3419.85,3473.0,3489.2,3472.46,168171,5839.68,22355,89099,52.98,Chemicals
2023-11-06,PIIND, EQ, 06-Nov-2023,3489.2,3415.1,3526.95,3381.2,3474.85,3481.45,3467.18,335423,11629.72,30678,144017,42.94,Chemicals
2023-11-07,PIIND, EQ, 07-Nov-2023,3481.45,3490.0,3523.35,3471.7,3510.0,3514.5,3501.66,158696,5556.99,20389,65813,41.47,Chemicals
2023-11-08,PIIND, EQ, 08-Nov-2023,3514.5,3534.0,3605.0,3518.45,3577.0,3579.1,3570.75,316185,11290.17,32846,83095,26.28,Chemicals
2023-11-09,PIIND, EQ, 09-Nov-2023,3579.1,3664.95,3737.5,3555.0,3639.85,3647.85,3653.55,1560879,57027.52,101675,477182,30.57,Chemicals
2023-11-10,PIIND, EQ, 10-Nov-2023,3647.85,3675.0,3739.0,3590.3,3692.0,3687.35,3692.0,674266,24893.88,53534,271218,40.22,Chemicals
2023-11-12,PIIND, EQ, 12-Nov-2023,3687.35,3714.45,3734.3,3705.0,3722.0,3716.9,3720.5,53137,1976.96,6150,24414,45.95,Chemicals
2023-11-13,PIIND, EQ, 13-Nov-2023,3716.9,3731.65,3731.65,3640.85,3669.0,3670.7,3667.84,237635,8716.08,15934,124102,52.22,Chemicals
2023-11-15,PIIND, EQ, 15-Nov-2023,3670.7,3694.85,3719.95,3665.0,3709.35,3716.8,3708.8,215887,8006.83,29364,126865,58.76,Chemicals
2023-11-16,PIIND, EQ, 16-Nov-2023,3716.8,3715.0,3725.0,3670.0,3685.0,3681.8,3691.2,249147,9196.52,21202,153708,61.69,Chemicals
2023-11-17,PIIND, EQ, 17-Nov-2023,3681.8,3694.0,3768.0,3674.0,3721.4,3726.5,3736.59,236652,8842.7,21038,110561,46.72,Chemicals
2023-11-20,PIIND, EQ, 20-Nov-2023,3726.5,3726.5,3731.0,3675.0,3682.5,3689.35,3700.2,136505,5050.96,16835,61579,45.11,Chemicals
2023-11-21,PIIND, EQ, 21-Nov-2023,3689.35,3707.95,3711.45,3665.05,3667.0,3680.0,3687.37,120594,4446.75,15133,54718,45.37,Chemicals
2023-11-22,PIIND, EQ, 22-Nov-2023,3680.0,3680.0,3712.0,3640.85,3648.0,3648.85,3675.63,134195,4932.51,14326,47047,35.06,Chemicals
2023-11-23,PIIND, EQ, 23-Nov-2023,3648.85,3651.5,3783.0,3651.5,3753.95,3758.2,3729.84,695533,25942.29,64378,360527,51.83,Chemicals
2023-11-24,PIIND, EQ, 24-Nov-2023,3758.2,3780.0,3805.0,3741.0,3750.0,3765.5,3784.22,447648,16939.99,42241,218322,48.77,Chemicals
2023-11-28,PIIND, EQ, 28-Nov-2023,3765.5,3765.5,3765.5,3680.0,3740.0,3740.35,3727.1,301275,11228.83,41627,166617,55.3,Chemicals
2023-11-29,PIIND, EQ, 29-Nov-2023,3740.35,3764.95,3789.8,3718.5,3770.0,3782.15,3765.44,184260,6938.2,21208,86863,47.14,Chemicals
2023-11-30,PIIND, EQ, 30-Nov-2023,3782.15,3780.0,3794.95,3756.25,3775.9,3770.9,3772.77,422345,15934.11,36052,280663,66.45,Chemicals
2023-12-01,PIIND, EQ, 01-Dec-2023,3770.9,3788.95,3822.0,3760.2,3821.0,3816.85,3806.11,248448,9456.19,21138,161545,65.02,Chemicals
2023-12-04,PIIND, EQ, 04-Dec-2023,3816.85,3842.75,3869.95,3816.85,3867.8,3864.8,3849.35,176006,6775.08,20731,93596,53.18,Chemicals
2023-12-05,PIIND, EQ, 05-Dec-2023,3864.8,3866.0,3902.95,3793.8,3827.25,3816.55,3832.27,462196,17712.59,30151,319595,69.15,Chemicals
2023-12-06,PIIND, EQ, 06-Dec-2023,3816.55,3816.4,3920.0,3800.0,3861.0,3862.1,3870.72,323837,12534.81,30646,157308,48.58,Chemicals
2023-12-07,PIIND, EQ, 07-Dec-2023,3862.1,3887.0,3887.25,3822.0,3839.0,3844.0,3845.81,115395,4437.87,14153,67917,58.86,Chemicals
2023-12-08,PIIND, EQ, 08-Dec-2023,3844.0,3865.0,3887.9,3804.65,3835.1,3843.5,3837.08,474651,18212.71,17590,383432,80.78,Chemicals
2023-12-11,PIIND, EQ, 11-Dec-2023,3843.5,3843.5,3899.0,3832.25,3878.9,3869.45,3873.53,221981,8598.51,19924,134495,60.59,Chemicals
2023-12-12,PIIND, EQ, 12-Dec-2023,3869.45,3890.45,3893.65,3451.0,3484.0,3484.0,3598.98,1490344,53637.24,123864,587254,39.4,Chemicals
2023-12-13,PIIND, EQ, 13-Dec-2023,3484.0,3545.0,3575.0,3347.1,3425.0,3426.85,3423.51,3437251,117674.77,261177,1550783,45.12,Chemicals
2023-12-14,PIIND, EQ, 14-Dec-2023,3426.85,3466.0,3473.95,3316.55,3362.0,3364.5,3375.07,2557032,86301.7,140854,1417555,55.44,Chemicals
2023-12-15,PIIND, EQ, 15-Dec-2023,3364.5,3395.0,3444.0,3365.3,3400.0,3400.7,3401.75,1488926,50649.5,111130,820026,55.08,Chemicals
2023-12-18,PIIND, EQ, 18-Dec-2023,3400.7,3401.0,3424.95,3380.5,3414.0,3414.8,3404.63,488134,16619.16,35667,263884,54.06,Chemicals
2023-12-19,PIIND, EQ, 19-Dec-2023,3414.8,3415.0,3424.85,3370.85,3395.0,3393.95,3392.61,580769,19703.25,38625,394251,67.88,Chemicals
2023-12-20,PIIND, EQ, 20-Dec-2023,3393.95,3412.0,3463.0,3353.6,3366.25,3370.55,3418.46,1127059,38528.06,72062,725319,64.36,Chemicals
2023-12-21,PIIND, EQ, 21-Dec-2023,3370.55,3351.0,3428.0,3329.55,3420.2,3424.95,3410.05,487463,16622.74,36323,313952,64.41,Chemicals
2023-12-22,PIIND, EQ, 22-Dec-2023,3424.95,3447.0,3447.8,3403.3,3430.0,3427.95,3430.84,327130,11223.31,28633,196705,60.13,Chemicals
2023-12-26,PIIND, EQ, 26-Dec-2023,3427.95,3446.95,3466.05,3430.0,3462.0,3451.85,3449.23,220989,7622.42,24751,124280,56.24,Chemicals
2023-12-27,PIIND, EQ, 27-Dec-2023,3451.85,3458.0,3480.0,3433.0,3457.0,3462.8,3458.22,293268,10141.84,20493,187088,63.79,Chemicals
2023-12-28,PIIND, EQ, 28-Dec-2023,3462.8,3479.9,3491.0,3446.9,3485.0,3484.8,3465.87,291684,10109.38,22861,180110,61.75,Chemicals
2023-12-29,PIIND, EQ, 29-Dec-2023,3484.8,3491.95,3521.95,3466.05,3511.0,3515.9,3503.06,257567,9022.72,24142,146351,56.82,Chemicals
2024-01-01,PIIND, EQ, 01-Jan-2024,3515.9,3529.0,3543.85,3470.0,3473.2,3478.65,3491.66,415257,14499.35,28419,299024,72.01,Chemicals
2024-01-02,PIIND, EQ, 02-Jan-2024,3478.65,3500.0,3505.0,3439.8,3485.0,3486.05,3480.61,229908,8002.21,21585,108071,47.01,Chemicals
2024-01-03,PIIND, EQ, 03-Jan-2024,3486.05,3487.0,3493.7,3455.25,3468.95,3463.85,3477.55,212693,7396.5,19882,140106,65.87,Chemicals
2024-01-04,PIIND, EQ, 04-Jan-2024,3463.85,3470.0,3479.75,3418.85,3435.8,3438.05,3435.76,368739,12668.99,33344,270985,73.49,Chemicals
2024-01-05,PIIND, EQ, 05-Jan-2024,3438.05,3458.0,3472.1,3437.0,3451.0,3460.5,3451.74,295652,10205.15,29806,177081,59.9,Chemicals
2024-01-08,PIIND, EQ, 08-Jan-2024,3460.5,3473.0,3473.0,3400.0,3405.0,3405.2,3427.96,242934,8327.69,18611,169825,69.91,Chemicals
2024-01-09,PIIND, EQ, 09-Jan-2024,3405.2,3459.75,3459.75,3418.6,3437.0,3440.95,3434.57,519003,17825.51,28911,384290,74.04,Chemicals
2024-01-10,PIIND, EQ, 10-Jan-2024,3440.95,3440.0,3470.4,3417.0,3451.0,3459.4,3447.45,177985,6135.95,25821,85892,48.26,Chemicals
2024-01-11,PIIND, EQ, 11-Jan-2024,3459.4,3459.4,3507.0,3446.0,3482.0,3485.55,3492.44,310541,10845.47,21490,216719,69.79,Chemicals
2024-01-12,PIIND, EQ, 12-Jan-2024,3485.55,3508.4,3508.5,3432.0,3446.2,3451.3,3459.9,308832,10685.29,20850,192382,62.29,Chemicals
2024-01-15,PIIND, EQ, 15-Jan-2024,3451.3,3490.0,3490.0,3427.8,3465.0,3461.7,3456.41,286426,9900.07,24451,220022,76.82,Chemicals
2024-01-16,PIIND, EQ, 16-Jan-2024,3461.7,3463.0,3486.3,3448.1,3483.0,3481.15,3468.96,330164,11453.26,22118,252690,76.53,Chemicals
2024-01-17,PIIND, EQ, 17-Jan-2024,3481.15,3469.0,3469.0,3401.35,3413.0,3420.9,3442.66,274487,9449.65,28721,188825,68.79,Chemicals
2024-01-18,PIIND, EQ, 18-Jan-2024,3420.9,3413.0,3420.0,3330.3,3358.0,3356.3,3375.0,458137,15462.14,35489,296437,64.7,Chemicals
2024-01-19,PIIND, EQ, 19-Jan-2024,3356.3,3377.9,3432.0,3366.0,3398.0,3405.4,3410.41,212327,7241.21,18271,149790,70.55,Chemicals
2024-01-20,PIIND, EQ, 20-Jan-2024,3405.4,3426.0,3428.55,3380.0,3385.0,3382.4,3390.85,117042,3968.72,7191,88312,75.45,Chemicals
2024-01-23,PIIND, EQ, 23-Jan-2024,3382.4,3382.4,3395.7,3251.8,3280.0,3278.9,3299.56,469762,15500.07,37125,316877,67.45,Chemicals
2024-01-24,PIIND, EQ, 24-Jan-2024,3278.9,3297.0,3316.95,3258.85,3281.65,3282.7,3285.41,192710,6331.31,23279,105547,54.77,Chemicals
2024-01-25,PIIND, EQ, 25-Jan-2024,3282.7,3278.0,3300.0,3220.0,3249.8,3241.95,3251.72,241567,7855.09,27888,127594,52.82,Chemicals
2024-01-29,PIIND, EQ, 29-Jan-2024,3241.95,3252.0,3308.8,3248.0,3300.0,3293.15,3273.2,218314,7145.84,16765,128522,58.87,Chemicals
2024-01-30,PIIND, EQ, 30-Jan-2024,3293.15,3291.05,3318.6,3260.8,3269.0,3265.8,3279.91,205904,6753.48,15800,132740,64.47,Chemicals
2024-01-31,PIIND, EQ, 31-Jan-2024,3265.8,3265.8,3390.0,3254.55,3376.1,3372.65,3350.45,291997,9783.21,21588,176760,60.53,Chemicals
2024-02-01,PIIND, EQ, 01-Feb-2024,3372.65,3372.65,3417.2,3353.05,3412.0,3411.15,3391.64,287023,9734.78,17322,189327,65.96,Chemicals
2024-02-02,PIIND, EQ, 02-Feb-2024,3411.15,3446.0,3446.0,3368.25,3374.3,3376.25,3402.7,174194,5927.31,17903,109803,63.03,Chemicals
2024-02-05,PIIND, EQ, 05-Feb-2024,3376.25,3366.0,3389.85,3264.0,3275.0,3281.95,3325.15,408128,13570.87,29490,287504,70.44,Chemicals
2024-02-06,PIIND, EQ, 06-Feb-2024,3281.95,3283.05,3337.9,3264.0,3320.0,3314.45,3309.59,264320,8747.92,20151,187650,70.99,Chemicals
2024-02-07,PIIND, EQ, 07-Feb-2024,3314.45,3335.0,3357.25,3291.0,3325.0,3329.65,3332.6,267012,8898.44,17615,171820,64.35,Chemicals
2024-02-08,PIIND, EQ, 08-Feb-2024,3329.65,3343.0,3474.95,3342.8,3465.0,3455.75,3442.04,871825,30008.6,59760,515555,59.14,Chemicals
2024-02-09,PIIND, EQ, 09-Feb-2024,3455.75,3469.45,3510.0,3426.0,3487.05,3484.35,3467.74,737224,25565.0,54702,440088,59.7,Chemicals
2024-02-12,PIIND, EQ, 12-Feb-2024,3484.35,3499.0,3499.0,3369.4,3391.0,3403.45,3417.43,769165,26285.68,64812,221307,28.77,Chemicals
2024-02-13,PIIND, EQ, 13-Feb-2024,3403.45,3439.95,3470.95,3364.05,3415.0,3423.35,3420.96,861084,29457.33,56989,430186,49.96,Chemicals
2024-02-14,PIIND, EQ, 14-Feb-2024,3423.35,3418.05,3456.95,3378.65,3418.55,3418.15,3418.15,504758,17253.36,32648,322460,63.88,Chemicals
2024-02-15,PIIND, EQ, 15-Feb-2024,3418.15,3440.55,3610.0,3440.55,3580.5,3567.6,3547.56,1141777,40505.18,107158,488780,42.81,Chemicals
2024-02-16,PIIND, EQ, 16-Feb-2024,3567.6,3575.0,3662.55,3575.0,3650.0,3645.3,3636.8,904620,32899.26,64990,588194,65.02,Chemicals
2024-02-19,PIIND, EQ, 19-Feb-2024,3645.3,3668.85,3680.0,3620.0,3673.6,3667.95,3660.9,298793,10938.5,37612,203714,68.18,Chemicals
2024-02-20,PIIND, EQ, 20-Feb-2024,3667.95,3655.0,3695.0,3650.25,3688.0,3683.4,3671.54,304952,11196.43,30345,190687,62.53,Chemicals
2024-02-21,PIIND, EQ, 21-Feb-2024,3683.4,3698.0,3704.95,3656.55,3688.0,3683.0,3683.0,305505,11251.75,24159,209364,68.53,Chemicals
2024-02-22,PIIND, EQ, 22-Feb-2024,3683.0,3681.0,3697.95,3632.55,3675.2,3680.85,3674.39,141410,5195.96,21455,92062,65.1,Chemicals
2024-02-23,PIIND, EQ, 23-Feb-2024,3680.85,3695.0,3702.5,3660.0,3684.0,3674.7,3678.99,169837,6248.29,19346,110743,65.21,Chemicals
2024-02-26,PIIND, EQ, 26-Feb-2024,3674.7,3650.05,3712.0,3647.45,3690.0,3694.9,3692.2,183126,6761.39,24530,101952,55.67,Chemicals
2024-02-27,PIIND, EQ, 27-Feb-2024,3694.9,3693.0,3701.85,3647.0,3674.0,3672.25,3676.26,181113,6658.19,20870,117177,64.7,Chemicals
2024-02-28,PIIND, EQ, 28-Feb-2024,3672.25,3652.3,3685.95,3610.15,3617.75,3634.15,3663.23,253832,9298.45,19467,170207,67.05,Chemicals
2024-02-29,PIIND, EQ, 29-Feb-2024,3634.15,3600.0,3697.0,3576.8,3692.0,3672.7,3642.71,419847,15293.82,30819,275844,65.7,Chemicals
2024-03-01,PIIND, EQ, 01-Mar-2024,3672.7,3673.25,3699.15,3646.5,3684.0,3678.45,3673.23,95030,3490.67,12927,52862,55.63,Chemicals
2024-03-02,PIIND, EQ, 02-Mar-2024,3678.45,3670.0,3715.0,3657.0,3693.0,3688.0,3686.77,11175,412.0,1091,7051,63.1,Chemicals
2024-03-04,PIIND, EQ, 04-Mar-2024,3688.0,3688.05,3715.0,3610.0,3618.0,3617.25,3667.81,203432,7461.5,19801,116161,57.1,Chemicals
2024-03-05,PIIND, EQ, 05-Mar-2024,3617.25,3635.0,3651.25,3609.3,3625.9,3632.3,3633.97,194009,7050.23,17617,116605,60.1,Chemicals
2024-03-06,PIIND, EQ, 06-Mar-2024,3632.3,3622.75,3659.9,3580.45,3656.0,3653.0,3632.11,263511,9571.0,25284,169173,64.2,Chemicals
2024-03-07,PIIND, EQ, 07-Mar-2024,3653.0,3655.15,3714.35,3617.05,3632.9,3626.0,3659.13,298793,10933.23,33391,182894,61.21,Chemicals
2024-03-11,PIIND, EQ, 11-Mar-2024,3626.0,3629.95,3769.7,3620.6,3650.0,3652.1,3688.24,502597,18537.0,50558,247556,49.26,Chemicals
2024-03-12,PIIND, EQ, 12-Mar-2024,3652.1,3652.1,3666.75,3577.5,3635.0,3639.95,3629.28,334401,12136.36,23804,215302,64.38,Chemicals
2024-03-13,PIIND, EQ, 13-Mar-2024,3639.95,3650.0,3655.35,3545.15,3575.0,3580.8,3585.68,440223,15785.01,31669,308827,70.15,Chemicals
2024-03-14,PIIND, EQ, 14-Mar-2024,3580.8,3575.05,3663.95,3533.0,3650.0,3650.4,3621.48,169209,6127.87,17971,105876,62.57,Chemicals
2024-03-15,PIIND, EQ, 15-Mar-2024,3650.4,3636.5,3659.8,3612.85,3639.2,3649.15,3645.95,336173,12256.71,28009,264095,78.56,Chemicals
2024-03-18,PIIND, EQ, 18-Mar-2024,3649.15,3649.15,3744.6,3621.1,3730.05,3730.6,3698.47,264945,9798.91,26355,165904,62.62,Chemicals
2024-03-19,PIIND, EQ, 19-Mar-2024,3730.6,3740.0,3764.9,3681.75,3682.0,3702.5,3716.95,461938,17169.99,27781,341802,73.99,Chemicals
2024-03-20,PIIND, EQ, 20-Mar-2024,3702.5,3726.55,3726.55,3618.3,3634.95,3635.3,3639.03,410676,14944.6,36996,298392,72.66,Chemicals
2024-03-21,PIIND, EQ, 21-Mar-2024,3635.3,3650.0,3767.8,3640.4,3746.1,3751.1,3736.7,311473,11638.82,28596,187927,60.33,Chemicals
2024-03-22,PIIND, EQ, 22-Mar-2024,3751.1,3731.0,3802.45,3731.0,3798.0,3791.15,3783.31,166913,6314.83,19363,98352,58.92,Chemicals
2024-03-26,PIIND, EQ, 26-Mar-2024,3791.15,3800.35,3845.0,3749.95,3796.2,3795.7,3782.77,357673,13529.95,26988,221211,61.85,Chemicals
2024-03-27,PIIND, EQ, 27-Mar-2024,3795.7,3819.9,3878.0,3774.05,3870.0,3834.9,3833.68,1442884,55315.62,67634,1076244,74.59,Chemicals
2024-03-28,PIIND, EQ, 28-Mar-2024,3834.9,3865.0,3905.9,3801.0,3880.0,3867.55,3858.83,405269,15638.64,38074,267930,66.11,Chemicals
2024-04-01,PIIND, EQ, 01-Apr-2024,3867.55,3887.5,3900.0,3801.0,3895.35,3888.15,3853.8,254124,9793.44,28842,108508,42.7,Chemicals
2024-04-02,PIIND, EQ, 02-Apr-2024,3888.15,3913.45,3938.0,3840.65,3855.0,3856.45,3875.15,356689,13822.25,32768,214727,60.2,Chemicals
2024-04-03,PIIND, EQ, 03-Apr-2024,3856.45,3856.45,3928.0,3826.95,3899.2,3896.6,3899.64,475766,18553.14,47366,315913,66.4,Chemicals
2024-04-04,PIIND, EQ, 04-Apr-2024,3896.6,3901.8,3909.95,3806.3,3825.8,3815.05,3845.23,246895,9493.67,32290,156686,63.46,Chemicals
2024-04-05,PIIND, EQ, 05-Apr-2024,3815.05,3834.4,3894.0,3803.0,3878.95,3869.8,3863.96,258919,10004.52,36227,150630,58.18,Chemicals
2024-04-08,PIIND, EQ, 08-Apr-2024,3869.8,3899.95,3975.1,3836.35,3969.0,3959.7,3906.33,542288,21183.54,47843,195303,36.01,Chemicals
2024-04-09,PIIND, EQ, 09-Apr-2024,3959.7,4022.55,4040.0,3842.45,3907.05,3905.75,3925.31,344997,13542.2,27906,108046,31.32,Chemicals
2024-04-10,PIIND, EQ, 10-Apr-2024,3905.75,3854.0,3893.65,3831.25,3860.0,3860.55,3865.18,521517,20157.58,55944,317736,60.93,Chemicals
2024-04-12,PIIND, EQ, 12-Apr-2024,3860.55,3871.7,3915.9,3829.15,3829.15,3860.25,3877.41,289594,11228.75,33723,188002,64.92,Chemicals
2024-04-15,PIIND, EQ, 15-Apr-2024,3860.25,3765.0,3818.1,3731.0,3791.0,3797.0,3783.9,637710,24130.29,52365,393650,61.73,Chemicals
2024-04-16,PIIND, EQ, 16-Apr-2024,3797.0,3784.25,3833.1,3737.0,3741.2,3742.25,3790.49,255347,9678.89,24468,165032,64.63,Chemicals
2024-04-18,PIIND, EQ, 18-Apr-2024,3742.25,3740.0,3795.5,3700.0,3730.0,3716.55,3747.67,244652,9168.75,25161,150506,61.52,Chemicals
2024-04-19,PIIND, EQ, 19-Apr-2024,3716.55,3655.05,3735.0,3655.05,3709.95,3709.25,3708.43,135250,5015.65,19399,63066,46.63,Chemicals
2024-04-22,PIIND, EQ, 22-Apr-2024,3709.25,3732.95,3800.0,3681.5,3710.0,3715.35,3733.43,220589,8235.54,17959,135331,61.35,Chemicals
2024-04-23,PIIND, EQ, 23-Apr-2024,3715.35,3734.9,3734.9,3674.35,3688.7,3691.5,3694.4,241564,8924.33,22054,174920,72.41,Chemicals
2024-04-24,PIIND, EQ, 24-Apr-2024,3691.5,3695.1,3763.9,3692.3,3740.0,3754.85,3727.63,131696,4909.14,16497,69172,52.52,Chemicals
2024-04-25,PIIND, EQ, 25-Apr-2024,3754.85,3772.25,3778.95,3721.65,3750.0,3756.05,3744.08,169348,6340.53,16082,101365,59.86,Chemicals
2024-04-26,PIIND, EQ, 26-Apr-2024,3756.05,3765.0,3781.0,3740.0,3770.1,3771.25,3765.45,166814,6281.3,15921,106309,63.73,Chemicals
2024-04-29,PIIND, EQ, 29-Apr-2024,3771.25,3789.0,3842.45,3732.0,3740.0,3744.65,3763.65,348716,13124.46,23696,226088,64.83,Chemicals
2024-04-30,PIIND, EQ, 30-Apr-2024,3744.65,3765.0,3765.0,3592.0,3640.0,3654.1,3650.14,807822,29486.67,72064,412056,51.01,Chemicals
2024-05-02,PIIND, EQ, 02-May-2024,3654.1,3654.1,3687.15,3627.0,3640.0,3640.9,3647.34,211272,7705.8,25428,131451,62.22,Chemicals
2024-05-03,PIIND, EQ, 03-May-2024,3640.9,3640.95,3655.95,3560.0,3611.65,3594.25,3611.97,318934,11519.82,26690,230715,72.34,Chemicals
2024-05-06,PIIND, EQ, 06-May-2024,3594.25,3611.55,3637.35,3576.75,3580.0,3592.9,3600.86,366585,13200.23,27913,234504,63.97,Chemicals
2024-05-07,PIIND, EQ, 07-May-2024,3592.9,3586.0,3599.85,3497.0,3515.9,3507.5,3522.4,424012,14935.39,17693,277963,65.56,Chemicals
2024-05-08,PIIND, EQ, 08-May-2024,3507.5,3485.0,3544.7,3475.0,3536.95,3519.75,3503.8,638388,22367.86,19504,553272,86.67,Chemicals
2024-05-09,PIIND, EQ, 09-May-2024,3519.75,3532.0,3590.0,3504.9,3522.25,3517.15,3536.61,314013,11105.42,23394,199805,63.63,Chemicals
2024-05-10,PIIND, EQ, 10-May-2024,3517.15,3526.55,3570.4,3504.15,3555.15,3562.6,3550.31,106309,3774.3,17189,45826,43.11,Chemicals
2024-05-13,PIIND, EQ, 13-May-2024,3562.6,3550.05,3675.15,3547.6,3648.75,3658.75,3626.48,292527,10608.43,31906,117536,40.18,Chemicals
2024-05-14,PIIND, EQ, 14-May-2024,3658.75,3651.0,3685.0,3586.2,3654.0,3667.6,3642.14,150107,5467.11,21419,64097,42.7,Chemicals
2024-05-15,PIIND, EQ, 15-May-2024,3667.6,3749.9,3749.9,3605.8,3645.95,3664.4,3655.61,392757,14357.67,32451,190485,48.5,Chemicals
2024-05-16,PIIND, EQ, 16-May-2024,3664.4,3627.0,3652.2,3575.7,3611.0,3608.3,3599.58,341995,12310.39,25420,207285,60.61,Chemicals
2024-05-17,PIIND, EQ, 17-May-2024,3608.3,3604.05,3636.95,3521.1,3590.0,3576.8,3573.8,1180397,42185.01,79894,682502,57.82,Chemicals
2024-05-18,PIIND, EQ, 18-May-2024,3576.8,3596.0,3604.9,3560.4,3584.9,3579.75,3582.21,23832,853.71,3592,8687,36.45,Chemicals
2024-05-21,PIIND, EQ, 21-May-2024,3579.75,3598.0,3604.0,3546.75,3600.0,3584.95,3580.77,221518,7932.06,26869,94792,42.79,Chemicals
2024-05-22,PIIND, EQ, 22-May-2024,3584.95,3613.0,3724.5,3592.05,3690.1,3699.75,3675.87,1036788,38110.99,81783,307149,29.63,Chemicals
2024-05-23,PIIND, EQ, 23-May-2024,3699.75,3699.0,3699.0,3638.0,3649.95,3659.5,3664.82,277511,10170.28,27919,139168,50.15,Chemicals
2024-05-24,PIIND, EQ, 24-May-2024,3659.5,3674.0,3674.0,3595.2,3633.0,3630.9,3633.14,241469,8772.9,36024,125211,51.85,Chemicals
2024-05-27,PIIND, EQ, 27-May-2024,3630.9,3649.0,3718.45,3592.15,3614.0,3615.4,3649.2,613741,22396.65,84995,234674,38.24,Chemicals
2024-05-28,PIIND, EQ, 28-May-2024,3615.4,3625.95,3641.95,3590.55,3618.0,3617.75,3619.53,316871,11469.25,25965,210213,66.34,Chemicals
2024-05-29,PIIND, EQ, 29-May-2024,3617.75,3604.0,3604.0,3561.35,3570.25,3578.55,3580.98,297942,10669.23,30617,206633,69.35,Chemicals
2024-05-30,PIIND, EQ, 30-May-2024,3578.55,3563.0,3578.5,3527.0,3547.0,3557.25,3555.54,222203,7900.51,25698,127303,57.29,Chemicals
2024-05-31,PIIND, EQ, 31-May-2024,3557.25,3557.25,3578.0,3511.4,3560.75,3539.7,3537.47,1252747,44315.57,72983,734172,58.6,Chemicals
2024-06-03,PIIND, EQ, 03-Jun-2024,3539.7,3584.0,3680.0,3565.0,3650.0,3645.75,3641.62,437923,15947.48,53715,182040,41.57,Chemicals
2024-06-04,PIIND, EQ, 04-Jun-2024,3645.75,3595.0,3655.0,3523.85,3593.0,3594.25,3588.4,804255,28859.91,50322,475465,59.12,Chemicals
2024-06-05,PIIND, EQ, 05-Jun-2024,3594.25,3540.0,3711.1,3441.05,3670.0,3666.1,3651.39,597639,21822.16,51863,334757,56.01,Chemicals
2024-06-06,PIIND, EQ, 06-Jun-2024,3666.1,3694.0,3694.0,3632.55,3645.0,3651.6,3652.2,377890,13801.3,33860,231154,61.17,Chemicals
2024-06-07,PIIND, EQ, 07-Jun-2024,3651.6,3616.05,3652.5,3614.0,3646.0,3642.6,3634.95,324844,11807.92,18531,239635,73.77,Chemicals
2024-06-10,PIIND, EQ, 10-Jun-2024,3642.6,3585.0,3663.1,3550.0,3635.0,3640.5,3608.91,823158,29707.02,70303,202029,24.54,Chemicals
2024-06-11,PIIND, EQ, 11-Jun-2024,3640.5,3600.0,3664.25,3594.6,3612.8,3607.1,3616.85,502872,18188.1,29942,327007,65.03,Chemicals
2024-06-12,PIIND, EQ, 12-Jun-2024,3607.1,3629.95,3645.6,3590.1,3628.7,3635.05,3615.47,372099,13453.13,22956,267195,71.81,Chemicals
2024-06-13,PIIND, EQ, 13-Jun-2024,3635.05,3649.0,3658.7,3620.0,3642.0,3638.2,3636.99,149504,5437.45,20913,88142,58.96,Chemicals
2024-06-14,PIIND, EQ, 14-Jun-2024,3638.2,3638.2,3657.1,3625.1,3641.95,3639.0,3637.13,296027,10766.89,21603,170631,57.64,Chemicals
2024-06-18,PIIND, EQ, 18-Jun-2024,3639.0,3662.55,3669.3,3644.05,3662.9,3660.9,3656.33,216884,7929.99,18422,138329,63.78,Chemicals
2024-06-19,PIIND, EQ, 19-Jun-2024,3660.9,3667.65,3705.0,3638.5,3650.0,3650.6,3673.89,261310,9600.23,22014,101582,38.87,Chemicals
2024-06-20,PIIND, EQ, 20-Jun-2024,3650.6,3687.9,3805.0,3657.65,3779.8,3774.95,3754.14,805768,30249.64,68111,281949,34.99,Chemicals
2024-06-21,PIIND, EQ, 21-Jun-2024,3774.95,3800.75,3805.9,3725.0,3736.1,3753.7,3756.96,548454,20605.18,35008,365276,66.6,Chemicals
2024-06-24,PIIND, EQ, 24-Jun-2024,3753.7,3753.0,3825.0,3684.95,3800.5,3803.1,3774.25,491338,18544.31,43507,126617,25.77,Chemicals
2024-06-25,PIIND, EQ, 25-Jun-2024,3803.1,3810.0,3824.8,3725.35,3798.0,3784.4,3772.56,324872,12256.0,25348,185181,57.0,Chemicals
2024-06-26,PIIND, EQ, 26-Jun-2024,3784.4,3780.0,3795.0,3755.55,3782.0,3775.95,3779.88,310213,11725.67,28165,208913,67.35,Chemicals
2024-06-27,PIIND, EQ, 27-Jun-2024,3775.95,3950.0,3950.0,3811.05,3829.1,3819.55,3858.3,1255442,48438.75,86809,513696,40.92,Chemicals
2024-06-28,PIIND, EQ, 28-Jun-2024,3819.55,3834.0,3864.6,3785.6,3802.95,3798.75,3822.62,172804,6605.64,24189,87122,50.42,Chemicals
2024-07-01,PIIND, EQ, 01-Jul-2024,3798.75,3799.5,3844.0,3768.85,3820.1,3815.65,3824.35,244926,9366.83,23695,124788,50.95,Chemicals
2024-07-02,PIIND, EQ, 02-Jul-2024,3815.65,3826.6,3845.85,3728.0,3764.0,3756.65,3774.69,293408,11075.24,27390,157512,53.68,Chemicals
2024-07-03,PIIND, EQ, 03-Jul-2024,3756.65,3780.0,3804.95,3761.05,3788.0,3797.35,3784.41,329727,12478.22,25422,235696,71.48,Chemicals
2024-07-04,PIIND, EQ, 04-Jul-2024,3797.35,3797.35,3817.0,3770.0,3790.5,3790.8,3792.92,250912,9516.89,25827,148967,59.37,Chemicals
2024-07-05,PIIND, EQ, 05-Jul-2024,3790.8,3784.5,3806.95,3775.0,3793.0,3788.5,3789.48,193684,7339.62,22933,133279,68.81,Chemicals
2024-07-08,PIIND, EQ, 08-Jul-2024,3788.5,3765.15,3795.1,3730.1,3774.0,3756.75,3756.17,475219,17850.02,47191,158630,33.38,Chemicals
2024-07-09,PIIND, EQ, 09-Jul-2024,3756.75,3800.0,3913.3,3789.2,3859.7,3863.2,3867.97,620574,24003.6,53953,252043,40.61,Chemicals
2024-07-10,PIIND, EQ, 10-Jul-2024,3863.2,3857.0,3863.2,3780.0,3840.0,3845.7,3830.05,168976,6471.86,19440,70823,41.91,Chemicals
2024-07-11,PIIND, EQ, 11-Jul-2024,3845.7,3845.7,3869.05,3806.25,3850.05,3862.15,3845.79,125448,4824.47,15712,71899,57.31,Chemicals
2024-07-12,PIIND, EQ, 12-Jul-2024,3862.15,3868.3,3922.2,3844.6,3900.55,3901.3,3877.4,459175,17804.05,28117,333989,72.74,Chemicals
2024-07-15,PIIND, EQ, 15-Jul-2024,3901.3,3925.7,3925.7,3840.0,3880.0,3866.85,3866.76,255409,9876.06,28289,84424,33.05,Chemicals
2024-07-16,PIIND, EQ, 16-Jul-2024,3866.85,3867.0,3915.95,3860.0,3883.6,3880.6,3893.27,221307,8616.08,20840,131563,59.45,Chemicals
2024-07-18,PIIND, EQ, 18-Jul-2024,3880.6,3894.0,3928.3,3849.05,3905.0,3905.0,3893.02,330915,12882.6,20391,212446,64.2,Chemicals
2024-07-19,PIIND, EQ, 19-Jul-2024,3905.0,3905.0,3920.6,3812.0,3812.0,3835.3,3848.75,254837,9808.04,26849,148756,58.37,Chemicals
2024-07-22,PIIND, EQ, 22-Jul-2024,3835.3,3849.95,4032.0,3777.0,4031.8,4008.1,3972.08,829609,32952.77,76848,342167,41.24,Chemicals
2024-07-23,PIIND, EQ, 23-Jul-2024,4008.1,4020.0,4058.3,3831.15,4019.0,4025.35,3968.63,504040,20003.47,51332,207232,41.11,Chemicals
2024-07-24,PIIND, EQ, 24-Jul-2024,4025.35,4025.35,4032.0,3951.35,4000.0,4008.15,3995.61,194039,7753.04,21380,98069,50.54,Chemicals
2024-07-25,PIIND, EQ, 25-Jul-2024,4008.15,3910.0,4031.0,3910.0,4010.0,4008.1,3993.57,199590,7970.77,25021,87610,43.89,Chemicals
2024-07-26,PIIND, EQ, 26-Jul-2024,4008.1,4025.85,4214.5,4010.0,4214.5,4207.0,4158.97,756611,31467.21,78683,372445,49.23,Chemicals
2024-07-29,PIIND, EQ, 29-Jul-2024,4207.0,4208.25,4429.05,4208.25,4400.0,4396.85,4371.31,942602,41204.03,96486,396783,42.09,Chemicals
2024-07-30,PIIND, EQ, 30-Jul-2024,4396.85,4400.0,4413.0,4351.45,4371.85,4384.85,4391.74,264458,11614.3,28658,149803,56.65,Chemicals
2024-07-31,PIIND, EQ, 31-Jul-2024,4384.85,4384.8,4467.05,4352.9,4427.0,4430.75,4430.53,359197,15914.33,30106,182881,50.91,Chemicals
2024-08-01,PIIND, EQ, 01-Aug-2024,4430.75,4440.35,4453.8,4369.3,4425.95,4412.65,4402.03,313317,13792.3,26614,175613,56.05,Chemicals
2024-08-02,PIIND, EQ, 02-Aug-2024,4412.65,4369.95,4405.85,4251.45,4255.0,4278.9,4323.03,274124,11850.46,22869,167609,61.14,Chemicals
2024-08-05,PIIND, EQ, 05-Aug-2024,4278.9,4220.0,4293.0,4185.15,4203.9,4210.6,4232.55,611759,25893.01,56152,317821,51.95,Chemicals
2024-08-06,PIIND, EQ, 06-Aug-2024,4210.6,4228.7,4329.1,4224.2,4285.0,4264.75,4278.26,425329,18196.68,31403,231076,54.33,Chemicals
2024-08-07,PIIND, EQ, 07-Aug-2024,4264.75,4410.0,4458.3,4325.9,4440.0,4422.2,4405.17,891155,39256.86,54985,466956,52.4,Chemicals
2024-08-08,PIIND, EQ, 08-Aug-2024,4422.2,4460.0,4550.0,4391.5,4452.0,4457.25,4489.78,462552,20767.57,40550,224059,48.44,Chemicals
2024-08-09,PIIND, EQ, 09-Aug-2024,4457.25,4600.0,4600.0,4465.35,4490.0,4487.7,4515.75,362962,16390.47,46726,153210,42.21,Chemicals
2024-08-12,PIIND, EQ, 12-Aug-2024,4487.7,4484.85,4517.85,4365.75,4431.0,4441.0,4440.97,535220,23768.95,59173,202613,37.86,Chemicals
2024-08-13,PIIND, EQ, 13-Aug-2024,4441.0,4464.0,4464.0,4360.1,4365.0,4373.25,4401.88,262457,11553.05,28198,160197,61.04,Chemicals
2024-08-14,PIIND, EQ, 14-Aug-2024,4373.25,4370.0,4372.75,4294.0,4346.6,4334.3,4330.66,170694,7392.17,15521,110176,64.55,Chemicals
2024-08-16,PIIND, EQ, 16-Aug-2024,4334.3,4390.0,4440.0,4303.0,4433.6,4436.5,4388.03,216065,9481.0,29231,122974,56.92,Chemicals
2024-08-19,PIIND, EQ, 19-Aug-2024,4436.5,4450.0,4468.4,4296.65,4336.0,4323.6,4342.21,672783,29213.63,60302,367156,54.57,Chemicals
2024-08-20,PIIND, EQ, 20-Aug-2024,4323.6,4325.0,4350.0,4257.0,4324.0,4327.25,4300.04,263570,11333.63,24900,176425,66.94,Chemicals
2024-08-21,PIIND, EQ, 21-Aug-2024,4327.25,4327.0,4404.45,4305.7,4366.05,4368.6,4365.25,287238,12538.66,23910,179212,62.39,Chemicals
2024-08-22,PIIND, EQ, 22-Aug-2024,4368.6,4369.0,4497.1,4366.05,4416.0,4428.05,4441.9,315079,13995.48,33156,147964,46.96,Chemicals
2024-08-23,PIIND, EQ, 23-Aug-2024,4428.05,4450.0,4456.8,4375.2,4424.95,4420.5,4407.12,229345,10107.51,18858,116605,50.84,Chemicals
2024-08-26,PIIND, EQ, 26-Aug-2024,4420.5,4449.25,4486.4,4392.75,4400.0,4405.15,4417.24,333893,14748.87,26496,207964,62.28,Chemicals
2024-08-27,PIIND, EQ, 27-Aug-2024,4405.15,4405.0,4489.35,4383.7,4444.0,4458.55,4457.1,221607,9877.24,20590,114120,51.5,Chemicals
2024-08-28,PIIND, EQ, 28-Aug-2024,4458.55,4458.0,4520.0,4421.45,4500.1,4509.1,4483.09,200315,8980.3,26979,101058,50.45,Chemicals
2024-08-29,PIIND, EQ, 29-Aug-2024,4509.1,4520.0,4526.95,4438.45,4469.0,4463.45,4478.92,177012,7928.22,23170,69915,39.5,Chemicals
2024-08-30,PIIND, EQ, 30-Aug-2024,4463.45,4472.25,4524.5,4460.5,4503.5,4495.45,4494.43,446335,20060.19,22916,310021,69.46,Chemicals
2024-09-02,PIIND, EQ, 02-Sep-2024,4495.45,4524.9,4610.0,4493.4,4575.0,4577.85,4562.91,365406,16673.15,43019,148695,40.69,Chemicals
2024-09-03,PIIND, EQ, 03-Sep-2024,4577.85,4609.95,4630.45,4522.5,4542.35,4539.8,4562.38,255560,11659.63,25067,120202,47.03,Chemicals
2024-09-04,PIIND, EQ, 04-Sep-2024,4539.8,4499.9,4590.0,4476.6,4511.3,4501.8,4522.18,231198,10455.19,17320,146552,63.39,Chemicals
2024-09-05,PIIND, EQ, 05-Sep-2024,4501.8,4532.0,4559.95,4490.2,4513.5,4509.95,4515.16,149739,6760.95,24056,93404,62.38,Chemicals
2024-09-06,PIIND, EQ, 06-Sep-2024,4509.95,4513.0,4660.95,4483.35,4606.0,4613.25,4593.73,613140,28165.97,52002,218140,35.58,Chemicals
2024-09-09,PIIND, EQ, 09-Sep-2024,4613.25,4613.25,4644.15,4565.7,4598.1,4617.25,4612.17,476792,21990.44,49986,226603,47.53,Chemicals
2024-09-10,PIIND, EQ, 10-Sep-2024,4617.25,4610.05,4701.0,4610.05,4694.8,4690.65,4666.4,355228,16576.38,36398,225888,63.59,Chemicals
2024-09-11,PIIND, EQ, 11-Sep-2024,4690.65,4694.0,4748.9,4610.55,4624.0,4623.45,4680.77,275743,12906.91,26006,147235,53.4,Chemicals
2024-09-12,PIIND, EQ, 12-Sep-2024,4623.45,4654.15,4691.2,4606.65,4644.9,4643.6,4646.81,113201,5260.23,14395,60918,53.81,Chemicals
2024-09-13,PIIND, EQ, 13-Sep-2024,4643.6,4649.5,4691.0,4636.55,4668.0,4660.25,4660.66,191350,8918.18,22697,118744,62.06,Chemicals
2024-09-16,PIIND, EQ, 16-Sep-2024,4660.25,4675.0,4699.1,4621.0,4677.95,4656.5,4654.24,240974,11215.52,31161,77371,32.11,Chemicals
2024-09-17,PIIND, EQ, 17-Sep-2024,4656.5,4675.0,4716.95,4611.55,4680.0,4692.8,4670.96,127428,5952.12,20866,60292,47.31,Chemicals
2024-09-18,PIIND, EQ, 18-Sep-2024,4692.8,4700.0,4704.95,4598.2,4640.9,4654.9,4640.1,151912,7048.87,19600,70114,46.15,Chemicals
2024-09-19,PIIND, EQ, 19-Sep-2024,4654.9,4660.0,4739.35,4607.4,4665.0,4668.55,4671.27,311213,14537.6,29154,180425,57.97,Chemicals
2024-09-20,PIIND, EQ, 20-Sep-2024,4668.55,4688.0,4804.05,4646.25,4735.45,4716.0,4740.65,606322,28743.63,44364,376473,62.09,Chemicals
2024-09-23,PIIND, EQ, 23-Sep-2024,4716.0,4746.6,4746.65,4665.0,4701.0,4689.65,4702.75,264910,12458.05,32250,136171,51.4,Chemicals
2024-09-24,PIIND, EQ, 24-Sep-2024,4689.65,4700.0,4765.95,4585.85,4601.85,4617.25,4680.52,258155,12083.0,36546,122510,47.46,Chemicals
2024-09-25,PIIND, EQ, 25-Sep-2024,4617.25,4615.5,4638.4,4522.65,4599.0,4620.5,4587.5,147428,6763.25,20227,58394,39.61,Chemicals
2024-09-26,PIIND, EQ, 26-Sep-2024,4620.5,4619.65,4640.8,4580.0,4582.0,4624.05,4614.96,143490,6622.01,26220,76921,53.61,Chemicals
2024-09-27,PIIND, EQ, 27-Sep-2024,4624.05,4635.0,4681.0,4590.05,4650.5,4652.95,4652.32,149874,6972.61,24141,83511,55.72,Chemicals
2024-09-30,PIIND, EQ, 30-Sep-2024,4652.95,4652.95,4721.0,4631.75,4670.0,4655.75,4663.07,280666,13087.66,44213,154738,55.13,Chemicals
2024-10-01,PIIND, EQ, 01-Oct-2024,4655.75,4686.0,4741.05,4655.75,4740.0,4731.35,4711.14,100017,4711.94,19221,49046,49.04,Chemicals
2024-10-03,PIIND, EQ, 03-Oct-2024,4731.35,4726.95,4759.0,4621.8,4678.0,4660.45,4680.28,179079,8381.4,22838,93319,52.11,Chemicals
2024-10-04,PIIND, EQ, 04-Oct-2024,4660.45,4652.1,4724.3,4570.55,4594.1,4587.25,4622.46,148187,6849.89,24281,69539,46.93,Chemicals
2024-10-07,PIIND, EQ, 07-Oct-2024,4587.25,4590.0,4625.0,4475.05,4495.0,4497.5,4523.78,265529,12011.96,40414,104026,39.18,Chemicals
2024-10-08,PIIND, EQ, 08-Oct-2024,4497.5,4490.05,4591.95,4472.8,4586.75,4570.7,4547.66,103413,4702.87,18516,47880,46.3,Chemicals
2024-10-09,PIIND, EQ, 09-Oct-2024,4570.7,4600.45,4618.8,4549.0,4594.35,4605.25,4589.02,74766,3431.03,12989,31628,42.3,Chemicals
2024-10-10,PIIND, EQ, 10-Oct-2024,4605.25,4615.5,4657.6,4525.05,4565.0,4561.85,4586.04,61746,2831.7,12226,24962,40.43,Chemicals
2024-10-11,PIIND, EQ, 11-Oct-2024,4561.85,4572.5,4591.95,4495.35,4527.0,4523.6,4529.62,72674,3291.86,14111,31623,43.51,Chemicals
2024-10-14,PIIND, EQ, 14-Oct-2024,4523.6,4543.45,4582.0,4480.15,4554.6,4564.75,4542.16,176217,8004.06,26271,81889,46.47,Chemicals
2024-10-15,PIIND, EQ, 15-Oct-2024,4564.75,4564.75,4564.75,4504.5,4541.05,4557.9,4546.84,73650,3348.74,12772,38836,52.73,Chemicals
2024-10-16,PIIND, EQ, 16-Oct-2024,4557.9,4560.0,4612.35,4528.0,4570.0,4588.05,4577.94,217235,9944.9,30960,123371,56.79,Chemicals
2024-10-17,PIIND, EQ, 17-Oct-2024,4588.05,4618.9,4618.9,4447.55,4466.95,4463.0,4513.01,92938,4194.3,15442,43406,46.7,Chemicals
2024-10-18,PIIND, EQ, 18-Oct-2024,4463.0,4459.95,4590.8,4407.05,4560.0,4560.7,4511.99,246269,11111.64,28041,57185,23.22,Chemicals
2024-10-21,PIIND, EQ, 21-Oct-2024,4560.7,4560.9,4635.1,4366.05,4410.0,4400.1,4487.08,288710,12954.63,45371,84443,29.25,Chemicals
2024-10-22,PIIND, EQ, 22-Oct-2024,4400.1,4385.7,4449.0,4303.2,4326.3,4319.0,4361.87,155241,6771.4,20127,87917,56.63,Chemicals
2024-10-23,PIIND, EQ, 23-Oct-2024,4319.0,4260.0,4411.2,4259.0,4337.5,4352.15,4333.99,219517,9513.84,26128,63160,28.77,Chemicals
2024-10-24,PIIND, EQ, 24-Oct-2024,4352.15,4334.05,4375.3,4299.1,4321.8,4320.9,4335.71,96061,4164.93,22504,49921,51.97,Chemicals
2024-10-25,PIIND, EQ, 25-Oct-2024,4320.9,4339.9,4363.9,4270.95,4350.7,4327.65,4318.9,74395,3213.05,17981,35605,47.86,Chemicals
2024-10-28,PIIND, EQ, 28-Oct-2024,4327.65,4334.95,4386.15,4311.3,4359.85,4359.75,4346.48,122396,5319.92,21399,38070,31.1,Chemicals
2024-10-29,PIIND, EQ, 29-Oct-2024,4359.75,4363.1,4420.05,4288.9,4418.95,4410.95,4357.85,64743,2821.41,14951,22507,34.76,Chemicals
2024-10-30,PIIND, EQ, 30-Oct-2024,4410.95,4439.6,4520.6,4405.5,4488.0,4495.55,4485.89,189151,8485.1,28842,90832,48.02,Chemicals
2024-10-31,PIIND, EQ, 31-Oct-2024,4495.55,4562.0,4563.2,4438.05,4488.0,4488.5,4479.24,152629,6836.61,26066,78061,51.14,Chemicals
2024-11-01,PIIND, EQ, 01-Nov-2024,4488.5,4488.5,4526.4,4391.25,4525.0,4503.75,4504.12,13158,592.65,2610,5176,39.34,Chemicals
2024-11-04,PIIND, EQ, 04-Nov-2024,4503.75,4503.75,4503.75,4414.6,4470.5,4463.65,4463.12,284281,12687.8,52298,143878,50.61,Chemicals
2024-11-05,PIIND, EQ, 05-Nov-2024,4463.65,4475.0,4558.1,4441.2,4540.0,4537.9,4478.55,289330,12957.79,22355,217051,75.02,Chemicals
2024-11-06,PIIND, EQ, 06-Nov-2024,4537.9,4553.4,4624.3,4549.5,4615.9,4614.2,4599.86,151768,6981.12,24645,82529,54.38,Chemicals
2024-11-07,PIIND, EQ, 07-Nov-2024,4614.2,4636.0,4712.45,4589.05,4670.0,4694.5,4671.2,220510,10300.47,29577,103775,47.06,Chemicals
2024-11-08,PIIND, EQ, 08-Nov-2024,4694.5,4709.95,4715.0,4532.0,4561.0,4562.45,4579.8,166782,7638.28,17903,87738,52.61,Chemicals
2024-11-11,PIIND, EQ, 11-Nov-2024,4562.45,4570.0,4619.8,4466.15,4595.7,4599.7,4560.56,190338,8680.47,28368,77938,40.95,Chemicals
2024-11-12,PIIND, EQ, 12-Nov-2024,4599.7,4604.9,4648.35,4516.0,4526.55,4548.9,4580.76,247900,11355.71,33106,146914,59.26,Chemicals
2024-11-13,PIIND, EQ, 13-Nov-2024,4548.9,4545.0,4553.35,4400.95,4499.15,4446.15,4445.76,174456,7755.89,40631,89861,51.51,Chemicals
2024-11-14,PIIND, EQ, 14-Nov-2024,4446.15,4349.15,4349.15,4045.85,4250.0,4265.25,4188.58,1612326,67533.6,146045,573182,35.55,Chemicals
2024-11-18,PIIND, EQ, 18-Nov-2024,4265.25,4260.0,4265.0,4138.8,4176.0,4191.95,4193.66,595995,24994.03,80950,334345,56.1,Chemicals
2024-11-19,PIIND, EQ, 19-Nov-2024,4191.95,4192.0,4209.95,4121.3,4122.0,4148.8,4165.74,281992,11747.04,39166,151634,53.77,Chemicals
2024-11-21,PIIND, EQ, 21-Nov-2024,4148.8,4135.0,4179.7,4073.6,4145.0,4138.7,4124.16,247603,10211.55,29852,127606,51.54,Chemicals
2024-11-22,PIIND, EQ, 22-Nov-2024,4138.7,4138.7,4181.0,4091.7,4124.7,4116.65,4124.8,203652,8400.25,21226,128090,62.9,Chemicals
2024-11-25,PIIND, EQ, 25-Nov-2024,4116.65,4124.7,4215.4,4112.5,4131.0,4125.1,4138.29,434804,17993.44,36153,246403,56.67,Chemicals
2024-11-26,PIIND, EQ, 26-Nov-2024,4125.1,4151.95,4159.95,4095.2,4109.0,4103.8,4118.4,57126,2352.68,9922,23966,41.95,Chemicals
2024-11-27,PIIND, EQ, 27-Nov-2024,4103.8,4103.8,4144.45,4067.05,4096.55,4099.7,4107.99,130156,5346.79,18120,78461,60.28,Chemicals
2024-11-28,PIIND, EQ, 28-Nov-2024,4099.7,4150.0,4150.05,4033.0,4040.5,4042.55,4075.24,207012,8436.25,29669,110003,53.14,Chemicals
2024-11-29,PIIND, EQ, 29-Nov-2024,4042.55,4046.05,4083.9,4042.55,4066.65,4065.5,4066.59,122795,4993.57,18987,77217,62.88,Chemicals
2024-12-02,PIIND, EQ, 02-Dec-2024,4065.5,4090.0,4105.0,4032.0,4090.6,4095.2,4072.58,195686,7969.48,24030,122452,62.58,Chemicals
2024-12-03,PIIND, EQ, 03-Dec-2024,4095.2,4115.0,4163.0,4097.0,4137.0,4138.1,4133.19,171818,7101.57,22360,112652,65.56,Chemicals
2024-12-04,PIIND, EQ, 04-Dec-2024,4138.1,4144.7,4267.45,4093.55,4172.1,4177.45,4183.52,376181,15737.62,51759,133266,35.43,Chemicals
2024-12-05,PIIND, EQ, 05-Dec-2024,4177.45,4178.0,4178.0,4116.0,4135.0,4135.9,4140.89,114597,4745.34,18362,52353,45.68,Chemicals
2024-12-06,PIIND, EQ, 06-Dec-2024,4135.9,4145.15,4145.15,4096.3,4140.0,4139.25,4128.46,142896,5899.4,26855,80554,56.37,Chemicals
2024-12-09,PIIND, EQ, 09-Dec-2024,4139.25,4119.0,4131.05,4052.0,4062.5,4060.6,4082.04,140384,5730.53,21915,90915,64.76,Chemicals
2024-12-10,PIIND, EQ, 10-Dec-2024,4060.6,4035.0,4137.7,4032.2,4137.0,4114.3,4097.18,216738,8880.14,33392,121936,56.26,Chemicals
2024-12-11,PIIND, EQ, 11-Dec-2024,4114.3,4125.0,4141.05,4093.7,4112.0,4102.3,4105.53,251423,10322.25,26829,190177,75.64,Chemicals
2024-12-12,PIIND, EQ, 12-Dec-2024,4102.3,4118.2,4128.95,4003.05,4055.25,4051.7,4041.81,382520,15460.74,37000,229979,60.12,Chemicals
2024-12-13,PIIND, EQ, 13-Dec-2024,4051.7,4061.25,4078.0,3953.6,3997.55,3997.0,4003.73,478835,19171.24,52938,275420,57.52,Chemicals
2024-12-16,PIIND, EQ, 16-Dec-2024,3997.0,3961.05,4015.95,3944.35,3952.0,3955.95,3969.27,524843,20832.45,49693,344013,65.55,Chemicals
2024-12-17,PIIND, EQ, 17-Dec-2024,3955.95,3969.0,3969.9,3880.0,3881.05,3891.7,3918.37,390716,15309.71,34265,252857,64.72,Chemicals
2024-12-18,PIIND, EQ, 18-Dec-2024,3891.7,3916.95,3941.9,3860.1,3882.4,3884.3,3885.22,362093,14068.1,28387,209158,57.76,Chemicals
2024-12-19,PIIND, EQ, 19-Dec-2024,3884.3,3881.3,3895.65,3825.05,3891.1,3873.6,3858.04,325168,12545.12,34469,188421,57.95,Chemicals
2024-12-20,PIIND, EQ, 20-Dec-2024,3873.6,3880.0,3904.35,3801.0,3827.8,3813.75,3830.87,395750,15160.66,38212,216698,54.76,Chemicals
2024-12-23,PIIND, EQ, 23-Dec-2024,3813.75,3813.75,3850.55,3789.0,3802.5,3800.4,3810.41,168172,6408.04,24377,97861,58.19,Chemicals
2024-12-24,PIIND, EQ, 24-Dec-2024,3800.4,3800.4,3806.35,3751.85,3790.0,3789.15,3783.46,257439,9740.1,24822,173771,67.5,Chemicals
2024-12-26,PIIND, EQ, 26-Dec-2024,3789.15,3792.35,3799.85,3728.0,3733.05,3746.0,3751.24,588710,22083.9,24885,463213,78.68,Chemicals
2024-12-27,PIIND, EQ, 27-Dec-2024,3746.0,3746.0,3753.3,3711.15,3740.1,3744.25,3733.71,388326,14498.95,25345,282631,72.78,Chemicals
2024-12-30,PIIND, EQ, 30-Dec-2024,3744.25,3744.9,3767.8,3675.6,3749.85,3736.15,3726.15,523817,19518.18,59906,260598,49.75,Chemicals
2024-12-31,PIIND, EQ, 31-Dec-2024,3736.15,3722.1,3732.85,3676.35,3690.0,3685.65,3705.38,428992,15895.79,48802,277377,64.66,Chemicals
2025-01-01,PIIND, EQ, 01-Jan-2025,3685.65,3690.0,3700.2,3647.3,3700.0,3691.25,3678.75,92935,3418.85,15785,44429,47.81,Chemicals
2025-01-02,PIIND, EQ, 02-Jan-2025,3691.25,3700.0,3730.0,3661.25,3730.0,3719.35,3699.66,181694,6722.06,24713,117252,64.53,Chemicals
2025-01-03,PIIND, EQ, 03-Jan-2025,3719.35,3729.95,3734.05,3626.05,3673.0,3668.4,3674.8,451532,16592.89,48768,335883,74.39,Chemicals
2025-01-06,PIIND, EQ, 06-Jan-2025,3668.4,3670.0,3687.3,3581.2,3619.75,3600.2,3617.86,381910,13816.98,59298,254431,66.62,Chemicals
2025-01-07,PIIND, EQ, 07-Jan-2025,3600.2,3623.9,3635.0,3585.95,3595.0,3592.85,3599.21,417142,15013.83,31632,318012,76.24,Chemicals
2025-01-08,PIIND, EQ, 08-Jan-2025,3592.85,3616.2,3652.85,3574.3,3635.0,3630.45,3629.72,569680,20677.8,73958,392956,68.98,Chemicals
2025-01-09,PIIND, EQ, 09-Jan-2025,3630.45,3635.0,3731.25,3630.45,3667.0,3659.85,3684.98,388008,14298.01,45536,173357,44.68,Chemicals
2025-01-10,PIIND, EQ, 10-Jan-2025,3659.85,3680.0,3700.0,3601.0,3615.95,3614.5,3628.4,315893,11461.85,25150,180412,57.11,Chemicals
2025-01-13,PIIND, EQ, 13-Jan-2025,3614.5,3602.0,3610.0,3395.0,3398.85,3400.3,3472.85,376760,13084.29,43006,197773,52.49,Chemicals
2025-01-14,PIIND, EQ, 14-Jan-2025,3400.3,3412.8,3507.95,3412.8,3465.0,3463.2,3468.98,223455,7751.62,36471,122732,54.92,Chemicals
2025-01-15,PIIND, EQ, 15-Jan-2025,3463.2,3485.75,3486.3,3440.0,3453.0,3459.35,3459.39,191829,6636.11,25477,125716,65.54,Chemicals
2025-01-16,PIIND, EQ, 16-Jan-2025,3459.35,3482.0,3505.55,3444.1,3477.0,3480.45,3481.23,202745,7058.02,20817,135287,66.73,Chemicals
2025-01-17,PIIND, EQ, 17-Jan-2025,3480.45,3482.3,3565.65,3479.05,3557.0,3550.9,3542.49,187757,6651.28,23057,102902,54.81,Chemicals
2025-01-20,PIIND, EQ, 20-Jan-2025,3550.9,3623.95,3623.95,3536.0,3594.95,3597.45,3582.28,163715,5864.72,26200,82798,50.57,Chemicals
2025-01-21,PIIND, EQ, 21-Jan-2025,3597.45,3616.95,3620.0,3504.0,3521.0,3519.85,3539.29,187358,6631.14,23654,110826,59.15,Chemicals
2025-01-22,PIIND, EQ, 22-Jan-2025,3519.85,3523.65,3561.9,3465.5,3502.3,3500.65,3498.77,194028,6788.6,36289,119180,61.42,Chemicals
2025-01-23,PIIND, EQ, 23-Jan-2025,3500.65,3522.55,3570.95,3482.65,3527.1,3526.65,3533.11,103745,3665.43,20063,54511,52.54,Chemicals
2025-01-24,PIIND, EQ, 24-Jan-2025,3526.65,3510.0,3544.55,3481.25,3503.0,3501.6,3506.42,250360,8778.68,39878,138671,55.39,Chemicals
2025-01-27,PIIND, EQ, 27-Jan-2025,3501.6,3501.6,3515.0,3357.0,3359.8,3373.3,3405.1,304672,10374.38,35394,163168,53.56,Chemicals
2025-01-28,PIIND, EQ, 28-Jan-2025,3373.3,3373.3,3415.75,3333.3,3336.35,3347.9,3372.47,199980,6744.27,24590,107952,53.98,Chemicals
2025-01-29,PIIND, EQ, 29-Jan-2025,3347.9,3350.0,3438.3,3327.5,3425.0,3425.2,3395.99,126453,4294.33,18505,62156,49.15,Chemicals
2025-01-30,PIIND, EQ, 30-Jan-2025,3425.2,3435.0,3479.95,3425.2,3452.0,3456.6,3458.92,256135,8859.5,46230,105504,41.19,Chemicals
2025-01-31,PIIND, EQ, 31-Jan-2025,3456.6,3469.0,3502.65,3387.05,3486.05,3483.75,3469.15,342427,11879.32,38714,195543,57.11,Chemicals
2025-02-01,PIIND, EQ, 01-Feb-2025,3483.75,3500.0,3541.5,3431.5,3499.1,3481.7,3496.45,108705,3800.82,16713,32732,30.11,Chemicals
2025-02-03,PIIND, EQ, 03-Feb-2025,3481.7,3476.1,3692.5,3476.1,3630.05,3619.45,3639.97,1156135,42083.01,107868,427504,36.98,Chemicals
2025-02-04,PIIND, EQ, 04-Feb-2025,3619.45,3609.05,3609.05,3528.0,3570.0,3574.45,3563.18,218062,7769.95,22850,120109,55.08,Chemicals
2025-02-05,PIIND, EQ, 05-Feb-2025,3574.45,3600.0,3638.55,3537.4,3598.0,3596.8,3585.96,358394,12851.88,36123,231071,64.47,Chemicals
2025-02-06,PIIND, EQ, 06-Feb-2025,3596.8,3600.0,3664.9,3569.5,3639.0,3641.45,3640.18,415667,15131.04,41890,251569,60.52,Chemicals
2025-02-07,PIIND, EQ, 07-Feb-2025,3641.45,3528.35,3582.35,3451.0,3536.0,3543.85,3531.74,1266192,44718.61,93894,672031,53.07,Chemicals
2025-02-10,PIIND, EQ, 10-Feb-2025,3543.85,3538.5,3599.95,3475.0,3525.0,3524.2,3526.06,191736,6760.73,31948,88908,46.37,Chemicals
2025-02-11,PIIND, EQ, 11-Feb-2025,3524.2,3500.0,3500.0,3375.75,3420.0,3419.6,3417.21,407211,13915.26,48405,230432,56.59,Chemicals
2025-02-12,PIIND, EQ, 12-Feb-2025,3419.6,3430.0,3440.6,3315.3,3350.9,3356.65,3352.6,341176,11438.28,48841,187617,54.99,Chemicals
2025-02-13,PIIND, EQ, 13-Feb-2025,3356.65,3378.7,3378.7,3220.0,3227.4,3226.65,3274.2,522317,17101.69,62589,312583,59.85,Chemicals
2025-02-14,PIIND, EQ, 14-Feb-2025,3226.65,3227.9,3249.8,3140.0,3160.0,3162.8,3189.42,218261,6961.26,35554,103831,47.57,Chemicals
2025-02-17,PIIND, EQ, 17-Feb-2025,3162.8,3135.0,3189.95,3101.25,3116.0,3118.6,3133.98,418973,13130.53,55709,257153,61.38,Chemicals
2025-02-18,PIIND, EQ, 18-Feb-2025,3118.6,3115.5,3179.05,3097.6,3154.4,3165.6,3146.65,138881,4370.09,21122,60873,43.83,Chemicals
2025-02-19,PIIND, EQ, 19-Feb-2025,3165.6,3159.0,3211.95,3110.0,3206.35,3203.5,3182.08,179722,5718.9,31053,104517,58.15,Chemicals
2025-02-20,PIIND, EQ, 20-Feb-2025,3203.5,3192.2,3229.95,3152.7,3203.4,3189.05,3178.72,464132,14753.46,61891,347931,74.96,Chemicals
2025-02-21,PIIND, EQ, 21-Feb-2025,3189.05,3189.05,3237.05,3118.85,3145.0,3145.4,3151.33,349942,11027.81,44132,220121,62.9,Chemicals
2025-02-24,PIIND, EQ, 24-Feb-2025,3145.4,3134.2,3138.4,3081.35,3102.85,3090.45,3097.81,142386,4410.85,22096,68251,47.93,Chemicals
2025-02-25,PIIND, EQ, 25-Feb-2025,3090.45,3092.05,3118.7,3065.0,3074.6,3084.8,3095.07,220228,6816.22,28797,144724,65.72,Chemicals
2025-02-27,PIIND, EQ, 27-Feb-2025,3084.8,3084.8,3097.95,3000.0,3012.0,3012.45,3027.32,378209,11449.59,55117,251249,66.43,Chemicals
2025-02-28,PIIND, EQ, 28-Feb-2025,3012.45,3012.45,3032.0,2962.55,3010.0,3013.95,3007.6,627755,18880.38,54184,422354,67.28,Chemicals
2025-03-03,PIIND, EQ, 03-Mar-2025,3013.95,3017.2,3029.3,2951.1,3004.2,2987.1,2977.43,260732,7763.1,35024,143049,54.86,Chemicals
2025-03-04,PIIND, EQ, 04-Mar-2025,2987.1,2980.0,3051.25,2964.95,3044.0,3040.7,3028.03,156264,4731.71,27287,69730,44.62,Chemicals
2025-03-05,PIIND, EQ, 05-Mar-2025,3040.7,3035.0,3156.45,3025.1,3150.0,3145.35,3106.52,310633,9649.88,27388,191928,61.79,Chemicals
2025-03-06,PIIND, EQ, 06-Mar-2025,3145.35,3150.0,3265.25,3148.05,3251.3,3255.6,3206.44,348644,11179.07,50426,187125,53.67,Chemicals
2025-03-07,PIIND, EQ, 07-Mar-2025,3255.6,3195.0,3312.05,3044.7,3225.0,3219.1,3198.5,1416296,45300.2,122033,404201,28.54,Chemicals
2025-03-10,PIIND, EQ, 10-Mar-2025,3219.1,3225.0,3292.05,3205.05,3260.0,3253.65,3252.57,381671,12414.11,38379,218500,57.25,Chemicals
2025-03-11,PIIND, EQ, 11-Mar-2025,3253.65,3250.0,3365.0,3200.0,3365.0,3353.9,3312.48,339583,11248.62,46451,141089,41.55,Chemicals
2025-03-12,PIIND, EQ, 12-Mar-2025,3353.9,3372.8,3433.9,3281.15,3330.0,3333.65,3346.91,166349,5567.55,25458,59029,35.49,Chemicals
2025-03-13,PIIND, EQ, 13-Mar-2025,3333.65,3354.15,3360.4,3280.1,3295.0,3297.3,3321.68,210443,6990.23,28891,120507,57.26,Chemicals
2025-03-17,PIIND, EQ, 17-Mar-2025,3297.3,3271.0,3381.0,3270.75,3370.95,3373.25,3344.12,141132,4719.62,16827,69189,49.02,Chemicals
2025-03-18,PIIND, EQ, 18-Mar-2025,3373.25,3374.0,3449.85,3355.4,3425.0,3418.25,3402.19,243592,8287.47,36836,113795,46.72,Chemicals
2025-03-19,PIIND, EQ, 19-Mar-2025,3418.25,3440.45,3440.45,3380.0,3400.0,3404.95,3402.57,227139,7728.57,29552,136449,60.07,Chemicals
2025-03-20,PIIND, EQ, 20-Mar-2025,3404.95,3400.1,3443.8,3389.25,3424.9,3422.55,3413.45,178326,6087.07,29240,87902,49.29,Chemicals
2025-03-21,PIIND, EQ, 21-Mar-2025,3422.55,3444.8,3484.0,3411.55,3457.0,3456.7,3456.64,284840,9845.88,32711,182931,64.22,Chemicals
2025-03-24,PIIND, EQ, 24-Mar-2025,3456.7,3456.7,3519.9,3454.95,3489.5,3492.5,3494.04,107888,3769.65,17055,53628,49.71,Chemicals
2025-03-25,PIIND, EQ, 25-Mar-2025,3492.5,3515.65,3520.0,3413.8,3442.2,3441.6,3444.0,169163,5825.98,18099,106099,62.72,Chemicals
2025-03-26,PIIND, EQ, 26-Mar-2025,3441.6,3463.95,3464.1,3420.05,3433.55,3428.05,3440.41,109293,3760.13,19712,59344,54.3,Chemicals
2025-03-27,PIIND, EQ, 27-Mar-2025,3428.05,3399.9,3514.0,3390.0,3500.0,3482.65,3469.11,427342,14824.96,42860,284874,66.66,Chemicals
2025-03-28,PIIND, EQ, 28-Mar-2025,3482.65,3507.35,3523.95,3408.2,3428.85,3428.2,3443.09,338808,11665.46,31244,248969,73.48,Chemicals
2025-04-01,PIIND, EQ, 01-Apr-2025,3428.2,3420.0,3508.0,3412.0,3454.0,3450.4,3463.2,289559,10028.0,19345,228762,79.0,Chemicals
2025-04-02,PIIND, EQ, 02-Apr-2025,3450.4,3445.05,3510.0,3403.65,3497.15,3501.6,3473.46,180181,6258.52,24469,115094,63.88,Chemicals
2025-04-03,PIIND, EQ, 03-Apr-2025,3501.6,3470.0,3477.9,3415.0,3450.05,3453.35,3438.69,535423,18411.55,38332,398185,74.37,Chemicals
2025-04-04,PIIND, EQ, 04-Apr-2025,3453.35,3440.0,3440.0,3292.0,3325.95,3315.45,3331.53,430413,14339.35,37240,304562,70.76,Chemicals
2025-04-07,PIIND, EQ, 07-Apr-2025,3315.45,3060.0,3270.0,3051.0,3255.0,3242.05,3227.49,330450,10665.24,43236,191220,57.87,Chemicals
2025-04-08,PIIND, EQ, 08-Apr-2025,3242.05,3259.65,3313.0,3230.15,3287.35,3277.1,3278.3,246889,8093.77,18292,186163,75.4,Chemicals
2025-04-09,PIIND, EQ, 09-Apr-2025,3277.1,3250.1,3300.0,3215.05,3282.35,3294.8,3260.81,127031,4142.24,15530,74290,58.48,Chemicals
2025-04-11,PIIND, EQ, 11-Apr-2025,3294.8,3420.0,3699.0,3420.0,3618.95,3607.45,3551.61,1520004,53984.69,105861,388690,25.57,Chemicals
2025-04-15,PIIND, EQ, 15-Apr-2025,3607.45,3664.0,3664.4,3565.0,3597.0,3589.4,3590.34,542128,19464.26,39535,360605,66.52,Chemicals
2025-04-16,PIIND, EQ, 16-Apr-2025,3589.4,3574.2,3672.1,3574.1,3644.4,3641.6,3640.59,369433,13449.53,23452,226461,61.3,Chemicals
2025-04-17,PIIND, EQ, 17-Apr-2025,3641.6,3641.6,3655.0,3612.1,3630.1,3645.3,3640.9,78387,2853.99,13781,39704,50.65,Chemicals
2025-04-21,PIIND, EQ, 21-Apr-2025,3645.3,3645.3,3710.0,3621.1,3672.0,3683.9,3664.82,208161,7628.72,21275,123240,59.2,Chemicals
2025-04-22,PIIND, EQ, 22-Apr-2025,3683.9,3694.5,3742.5,3675.3,3714.0,3699.5,3713.18,215267,7993.25,33331,115781,53.78,Chemicals
2025-04-23,PIIND, EQ, 23-Apr-2025,3699.5,3717.0,3729.0,3630.0,3661.9,3656.7,3660.43,169104,6189.93,20920,86012,50.86,Chemicals
2025-04-24,PIIND, EQ, 24-Apr-2025,3656.7,3656.6,3678.3,3609.1,3670.2,3658.4,3640.67,238189,8671.68,21080,131084,55.03,Chemicals
2025-04-25,PIIND, EQ, 25-Apr-2025,3658.4,3670.0,3692.4,3520.0,3585.0,3583.9,3589.05,110845,3978.28,16516,49438,44.6,Chemicals
2025-04-28,PIIND, EQ, 28-Apr-2025,3583.9,3565.0,3659.0,3540.3,3645.7,3649.2,3637.11,78944,2871.28,16722,38138,48.31,Chemicals
2025-04-29,PIIND, EQ, 29-Apr-2025,3649.2,3645.7,3694.1,3621.6,3645.0,3647.7,3650.81,138901,5071.01,13430,83040,59.78,Chemicals
2025-04-30,PIIND, EQ, 30-Apr-2025,3647.7,3663.0,3672.5,3614.3,3626.0,3640.2,3643.26,203428,7411.41,24424,145624,71.59,Chemicals
2025-05-02,PIIND, EQ, 02-May-2025,3640.2,3640.2,3737.9,3624.2,3706.3,3709.9,3681.04,249028,9166.82,29103,151577,60.87,Chemicals
2025-05-05,PIIND, EQ, 05-May-2025,3709.9,3711.9,3738.8,3672.6,3679.1,3680.0,3708.1,180654,6698.83,21529,97693,54.08,Chemicals
2025-05-06,PIIND, EQ, 06-May-2025,3680.0,3663.1,3711.2,3615.0,3629.8,3630.3,3660.77,94993,3477.48,18283,48714,51.28,Chemicals
2025-05-07,PIIND, EQ, 07-May-2025,3630.3,3551.2,3687.9,3551.2,3651.3,3658.1,3631.7,141319,5132.28,17595,76560,54.18,Chemicals
2025-05-08,PIIND, EQ, 08-May-2025,3658.1,3651.3,3668.8,3587.4,3607.5,3611.4,3639.94,325795,11858.73,24474,213689,65.59,Chemicals
2025-05-09,PIIND, EQ, 09-May-2025,3611.4,3550.0,3657.9,3550.0,3637.7,3639.7,3623.77,108129,3918.35,13250,50622,46.82,Chemicals
2025-05-12,PIIND, EQ, 12-May-2025,3639.7,3685.2,3739.0,3654.2,3725.0,3708.4,3698.17,206683,7643.48,21288,119028,57.59,Chemicals
2025-05-13,PIIND, EQ, 13-May-2025,3708.4,3731.5,3731.5,3630.0,3638.4,3638.6,3654.01,253553,9264.86,29717,165933,65.44,Chemicals
2025-05-14,PIIND, EQ, 14-May-2025,3638.6,3635.0,3660.0,3607.2,3657.4,3651.0,3639.35,115213,4193.0,19553,67466,58.56,Chemicals
2025-05-15,PIIND, EQ, 15-May-2025,3651.0,3652.0,3733.6,3622.0,3702.0,3691.3,3666.57,181586,6657.98,25988,107917,59.43,Chemicals
2025-05-16,PIIND, EQ, 16-May-2025,3691.3,3712.0,3789.0,3652.9,3770.2,3769.7,3724.47,602501,22440.0,52497,347390,57.66,Chemicals
2025-05-19,PIIND, EQ, 19-May-2025,3769.7,3795.0,3795.0,3719.2,3768.1,3759.0,3760.95,350829,13194.49,35645,174851,49.84,Chemicals
2025-05-20,PIIND, EQ, 20-May-2025,3759.0,3701.0,3834.9,3701.0,3727.4,3730.2,3769.47,890551,33569.09,67458,383194,43.03,Chemicals
2025-05-21,PIIND, EQ, 21-May-2025,3730.2,3698.1,3719.8,3534.1,3705.3,3709.9,3664.1,480623,17610.52,48406,165258,34.38,Chemicals
2025-05-22,PIIND, EQ, 22-May-2025,3709.9,3700.0,3701.1,3608.0,3667.9,3644.4,3641.79,226597,8252.19,25382,132368,58.42,Chemicals
2025-05-23,PIIND, EQ, 23-May-2025,3644.4,3630.4,3694.0,3630.1,3675.0,3680.8,3675.31,114905,4223.12,23900,61443,53.47,Chemicals
2025-05-26,PIIND, EQ, 26-May-2025,3680.8,3703.5,3705.5,3660.0,3682.3,3683.6,3684.79,109213,4024.28,12732,55378,50.71,Chemicals
2025-05-27,PIIND, EQ, 27-May-2025,3683.6,3690.0,3796.1,3664.2,3750.0,3752.0,3749.44,360398,13512.91,44403,155413,43.12,Chemicals
2025-05-28,PIIND, EQ, 28-May-2025,3752.0,3790.0,3865.0,3738.3,3865.0,3855.5,3829.44,459662,17602.46,39159,231281,50.32,Chemicals
2025-05-29,PIIND, EQ, 29-May-2025,3855.5,3885.0,3895.7,3840.1,3867.0,3875.5,3865.57,442076,17088.76,36545,274340,62.06,Chemicals
2025-05-30,PIIND, EQ, 30-May-2025,3875.5,3877.9,3920.0,3804.8,3830.0,3823.7,3831.62,582201,22307.75,39480,418147,71.82,Chemicals
2025-06-02,PIIND, EQ, 02-Jun-2025,3823.7,3823.7,3837.2,3756.0,3820.0,3827.9,3804.93,140233,5335.77,23319,80636,57.5,Chemicals
2025-06-03,PIIND, EQ, 03-Jun-2025,3827.9,3829.9,3894.3,3802.3,3816.0,3812.1,3839.88,204115,7837.77,31618,123192,60.35,Chemicals
2025-06-04,PIIND, EQ, 04-Jun-2025,3812.1,3812.1,4015.0,3785.5,3965.0,3970.3,3963.48,1213676,48103.8,115512,598919,49.35,Chemicals
2025-06-05,PIIND, EQ, 05-Jun-2025,3970.3,3955.0,3965.0,3895.1,3907.5,3904.4,3918.29,222681,8725.29,31673,117312,52.68,Chemicals
2025-06-06,PIIND, EQ, 06-Jun-2025,3904.4,3904.4,3939.0,3853.1,3888.2,3897.9,3906.91,206437,8065.31,33118,95952,46.48,Chemicals
2025-06-09,PIIND, EQ, 09-Jun-2025,3897.9,3922.0,3949.5,3894.8,3932.0,3935.8,3924.05,105853,4153.72,22410,57675,54.49,Chemicals
2025-06-10,PIIND, EQ, 10-Jun-2025,3935.8,3936.1,3959.9,3915.9,3920.0,3924.3,3930.39,110771,4353.73,17637,75240,67.92,Chemicals
2025-06-11,PIIND, EQ, 11-Jun-2025,3924.3,3920.0,3985.0,3919.8,3967.2,3975.0,3954.41,261045,10322.8,33916,171660,65.76,Chemicals
2025-06-12,PIIND, EQ, 12-Jun-2025,3975.0,3989.0,3994.8,3930.0,3930.0,3948.3,3962.91,141194,5595.38,16212,77835,55.13,Chemicals
2025-06-13,PIIND, EQ, 13-Jun-2025,3948.3,3850.0,3981.8,3850.0,3973.0,3972.6,3953.44,268722,10623.76,31076,194941,72.54,Chemicals
2025-06-16,PIIND, EQ, 16-Jun-2025,3972.6,4055.9,4172.9,4025.0,4150.0,4146.5,4133.58,1216279,50275.86,101925,272349,22.39,Chemicals
2025-06-17,PIIND, EQ, 17-Jun-2025,4146.5,4101.0,4198.0,4101.0,4168.0,4172.3,4175.16,399557,16682.14,30685,200594,50.2,Chemicals
2025-06-18,PIIND, EQ, 18-Jun-2025,4172.3,4145.1,4170.0,4126.0,4127.3,4138.7,4142.0,234637,9718.67,22411,163703,69.77,Chemicals
2025-06-19,PIIND, EQ, 19-Jun-2025,4138.7,4138.7,4162.0,4095.0,4109.8,4108.4,4130.01,142988,5905.42,23942,83071,58.1,Chemicals
2025-06-20,PIIND, EQ, 20-Jun-2025,4108.4,4080.0,4140.0,4062.0,4108.0,4121.5,4117.03,390758,16087.61,28624,230518,58.99,Chemicals
2025-06-23,PIIND, EQ, 23-Jun-2025,4121.5,4067.0,4164.8,4066.6,4151.0,4152.2,4114.12,209809,8631.8,21986,103949,49.54,Chemicals
2025-06-24,PIIND, EQ, 24-Jun-2025,4152.2,4180.0,4189.0,4145.0,4175.2,4175.2,4173.07,241403,10073.92,23169,142832,59.17,Chemicals
2025-06-25,PIIND, EQ, 25-Jun-2025,4175.2,4170.2,4249.8,4149.9,4180.8,4168.0,4201.09,266925,11213.76,35275,121347,45.46,Chemicals
2025-06-26,PIIND, EQ, 26-Jun-2025,4168.0,4170.0,4170.0,4108.0,4140.0,4138.4,4134.66,248892,10290.84,46553,155164,62.34,Chemicals
2025-06-27,PIIND, EQ, 27-Jun-2025,4138.4,4120.0,4167.0,4112.1,4160.8,4157.3,4149.58,135043,5603.72,23087,86205,63.84,Chemicals
2025-06-30,PIIND, EQ, 30-Jun-2025,4157.3,4170.0,4193.8,4058.7,4112.0,4104.7,4093.94,305594,12510.85,47137,205446,67.23,Chemicals
2025-07-01,PIIND, EQ, 01-Jul-2025,4104.7,4110.0,4174.4,4085.6,4146.0,4154.3,4152.13,116357,4831.3,14838,64198,55.17,Chemicals
2025-07-02,PIIND, EQ, 02-Jul-2025,4154.3,4135.1,4173.9,4103.0,4173.0,4167.8,4140.84,112267,4648.8,20273,68124,60.68,Chemicals
2025-07-03,PIIND, EQ, 03-Jul-2025,4167.8,4189.0,4260.0,4161.0,4236.0,4238.6,4230.52,185912,7865.05,27324,108470,58.34,Chemicals
2025-07-04,PIIND, EQ, 04-Jul-2025,4238.6,4249.9,4274.1,4191.7,4216.8,4220.0,4235.81,127365,5394.94,16604,49429,38.81,Chemicals
2025-07-07,PIIND, EQ, 07-Jul-2025,4220.0,4220.0,4220.0,4136.9,4171.6,4162.1,4163.91,93141,3878.31,13947,56979,61.17,Chemicals
2025-07-08,PIIND, EQ, 08-Jul-2025,4162.1,4154.0,4179.9,4125.0,4150.0,4148.5,4151.62,204381,8485.12,21060,171925,84.12,Chemicals
2025-07-09,PIIND, EQ, 09-Jul-2025,4148.5,4130.0,4193.0,4126.0,4169.0,4168.4,4169.52,92807,3869.6,15864,57141,61.57,Chemicals
2025-07-10,PIIND, EQ, 10-Jul-2025,4168.4,4145.1,4178.8,4030.0,4043.7,4041.9,4065.69,278360,11317.27,37943,132660,47.66,Chemicals
2025-07-11,PIIND, EQ, 11-Jul-2025,4041.9,4042.9,4068.0,4026.5,4050.1,4044.8,4049.07,204123,8265.08,20207,133326,65.32,Chemicals
2025-07-14,PIIND, EQ, 14-Jul-2025,4044.8,4011.9,4061.7,3975.4,4051.1,4050.1,4037.77,184800,7461.8,28098,109160,59.07,Chemicals
2025-07-15,PIIND, EQ, 15-Jul-2025,4050.1,4059.9,4179.0,4059.9,4173.0,4172.0,4140.46,126010,5217.39,19085,64394,51.1,Chemicals
2025-07-16,PIIND, EQ, 16-Jul-2025,4172.0,4150.0,4159.4,4085.2,4092.9,4104.4,4122.37,145054,5979.67,30447,106797,73.63,Chemicals
2025-07-17,PIIND, EQ, 17-Jul-2025,4104.4,4116.5,4145.3,4073.9,4124.0,4135.8,4118.47,124033,5108.27,23588,64446,51.96,Chemicals
2025-07-18,PIIND, EQ, 18-Jul-2025,4135.8,4125.0,4152.0,4086.2,4120.0,4120.9,4125.7,78543,3240.45,14123,49148,62.57,Chemicals
2025-07-21,PIIND, EQ, 21-Jul-2025,4120.9,4110.0,4184.0,4095.1,4180.4,4173.1,4160.24,63568,2644.58,10947,35330,55.58,Chemicals
2025-07-22,PIIND, EQ, 22-Jul-2025,4173.1,4197.5,4197.5,4057.0,4083.0,4080.0,4090.3,156149,6386.96,19784,87312,55.92,Chemicals
2025-07-23,PIIND, EQ, 23-Jul-2025,4080.0,4080.0,4089.1,4018.0,4066.1,4074.4,4051.01,55530,2249.53,11944,25319,45.6,Chemicals
2025-07-24,PIIND, EQ, 24-Jul-2025,4074.4,4070.0,4123.8,4063.0,4100.0,4113.9,4100.27,72784,2984.34,10925,46014,63.22,Chemicals
2025-07-25,PIIND, EQ, 25-Jul-2025,4113.9,4089.2,4114.8,4030.6,4105.0,4092.1,4075.48,73472,2994.34,14215,37836,51.5,Chemicals
2025-07-28,PIIND, EQ, 28-Jul-2025,4092.1,4086.4,4165.0,4054.6,4086.4,4113.0,4126.21,124615,5141.87,17351,74729,59.97,Chemicals
2025-07-29,PIIND, EQ, 29-Jul-2025,4113.0,4086.4,4258.0,4039.7,4254.0,4249.5,4210.91,221479,9326.27,33963,73814,33.33,Chemicals
2025-07-30,PIIND, EQ, 30-Jul-2025,4249.5,4257.0,4330.0,4249.5,4320.0,4324.2,4304.9,249591,10744.64,34553,93851,37.6,Chemicals
2025-07-31,PIIND, EQ, 31-Jul-2025,4324.2,4240.0,4315.0,4175.0,4240.0,4250.9,4227.31,265735,11233.44,33397,106793,40.19,Chemicals
2025-08-01,PIIND, EQ, 01-Aug-2025,4250.9,4275.0,4275.0,4152.1,4152.3,4190.2,4213.6,94332,3974.78,17614,40114,42.52,Chemicals
2025-08-04,PIIND, EQ, 04-Aug-2025,4190.2,4190.0,4190.1,4067.7,4138.0,4138.0,4122.66,159262,6565.83,23239,72979,45.82,Chemicals
2025-08-05,PIIND, EQ, 05-Aug-2025,4138.0,4145.0,4149.0,4091.3,4118.0,4109.3,4113.9,91475,3763.19,16892,47366,51.78,Chemicals
2025-08-06,PIIND, EQ, 06-Aug-2025,4109.3,4120.0,4128.1,4066.0,4070.0,4084.9,4087.55,67607,2763.47,12870,36153,53.48,Chemicals
2025-08-07,PIIND, EQ, 07-Aug-2025,4084.9,4065.0,4100.3,3957.1,4028.4,4023.8,4025.11,179302,7217.1,23090,79408,44.29,Chemicals
2025-08-08,PIIND, EQ, 08-Aug-2025,4023.8,4015.0,4027.8,3904.3,3909.2,3919.1,3962.58,101833,4035.21,18776,55501,54.5,Chemicals
2025-08-11,PIIND, EQ, 11-Aug-2025,3919.1,3875.0,3904.0,3781.2,3850.0,3853.7,3846.97,367193,14125.8,51106,164297,44.74,Chemicals
2025-08-12,PIIND, EQ, 12-Aug-2025,3853.7,3857.6,3883.5,3811.1,3856.9,3837.9,3845.77,283903,10918.26,26788,154646,54.47,Chemicals
2025-08-13,PIIND, EQ, 13-Aug-2025,3837.9,3802.0,3879.0,3754.0,3780.0,3772.7,3802.28,1197821,45544.51,98227,639143,53.36,Chemicals
2025-08-14,PIIND, EQ, 14-Aug-2025,3772.7,3772.7,3844.9,3664.1,3670.5,3690.2,3742.6,660958,24737.04,49082,395130,59.78,Chemicals
2025-08-18,PIIND, EQ, 18-Aug-2025,3690.2,3700.0,3779.0,3681.0,3770.8,3750.4,3742.24,161048,6026.8,21630,77031,47.83,Chemicals
2025-08-19,PIIND, EQ, 19-Aug-2025,3750.4,3770.8,3792.9,3738.0,3779.0,3765.0,3766.22,143908,5419.89,13278,88831,61.73,Chemicals
2025-08-20,PIIND, EQ, 20-Aug-2025,3765.0,3770.0,3821.9,3742.5,3807.9,3796.8,3792.03,65999,2502.7,12109,20896,31.66,Chemicals
2025-08-21,PIIND, EQ, 21-Aug-2025,3796.8,3796.8,3882.8,3774.9,3875.0,3869.8,3838.91,162383,6233.74,17193,77703,47.85,Chemicals
2025-08-22,PIIND, EQ, 22-Aug-2025,3869.8,3869.7,3882.7,3838.4,3876.0,3865.1,3862.87,60860,2350.94,10256,27237,44.75,Chemicals
2025-08-25,PIIND, EQ, 25-Aug-2025,3865.1,3866.0,3917.8,3844.0,3889.5,3896.2,3898.34,130508,5087.64,24360,71237,54.58,Chemicals
2025-08-26,PIIND, EQ, 26-Aug-2025,3896.2,3898.0,3898.0,3774.7,3788.8,3787.2,3808.62,312272,11893.26,27141,183171,58.66,Chemicals
2025-08-28,PIIND, EQ, 28-Aug-2025,3787.2,3788.9,3806.1,3700.0,3719.7,3708.8,3739.36,161470,6037.94,22318,92731,57.43,Chemicals
2025-08-29,PIIND, EQ, 29-Aug-2025,3708.8,3701.1,3732.0,3685.3,3699.7,3694.8,3706.87,113988,4225.38,15626,72065,63.22,Chemicals
2025-09-01,PIIND, EQ, 01-Sep-2025,3694.8,3713.2,3775.0,3696.0,3765.0,3767.7,3732.38,86430,3225.9,12402,42207,48.83,Chemicals
2025-09-02,PIIND, EQ, 02-Sep-2025,3767.7,3791.0,3791.0,3736.6,3748.1,3753.2,3759.59,70356,2645.1,10111,37931,53.91,Chemicals
2025-09-03,PIIND, EQ, 03-Sep-2025,3753.2,3753.2,3782.5,3715.0,3754.5,3757.7,3746.83,241421,9045.64,17360,181770,75.29,Chemicals
2025-09-04,PIIND, EQ, 04-Sep-2025,3757.7,3783.0,3797.6,3723.3,3741.0,3741.2,3747.89,253977,9518.78,22977,190890,75.16,Chemicals
2025-09-05,PIIND, EQ, 05-Sep-2025,3741.2,3747.5,3760.0,3652.2,3655.0,3664.0,3698.61,184860,6837.25,23331,98101,53.07,Chemicals
2025-09-08,PIIND, EQ, 08-Sep-2025,3664.0,3668.4,3729.4,3654.0,3687.0,3697.7,3698.92,113535,4199.57,14229,70809,62.37,Chemicals
2025-09-09,PIIND, EQ, 09-Sep-2025,3697.7,3695.1,3715.2,3649.0,3708.0,3695.5,3680.71,105943,3899.45,12008,60371,56.98,Chemicals
2025-09-10,PIIND, EQ, 10-Sep-2025,3695.5,3705.3,3755.0,3684.7,3710.0,3707.2,3729.02,227001,8464.91,18118,148294,65.33,Chemicals
2025-09-11,PIIND, EQ, 11-Sep-2025,3707.2,3705.9,3765.2,3704.4,3744.8,3741.1,3745.24,187933,7038.54,17611,129735,69.03,Chemicals
2025-09-12,PIIND, EQ, 12-Sep-2025,3741.1,3764.4,3776.9,3697.9,3712.4,3701.0,3731.81,80690,3011.2,12658,42210,52.31,Chemicals
2025-09-15,PIIND, EQ, 15-Sep-2025,3701.0,3708.5,3731.2,3699.2,3729.3,3723.1,3718.44,55316,2056.89,7745,20718,37.45,Chemicals
2025-09-16,PIIND, EQ, 16-Sep-2025,3723.1,3723.1,3738.8,3699.1,3715.0,3711.8,3714.05,125306,4653.92,14863,80865,64.53,Chemicals
2025-09-17,PIIND, EQ, 17-Sep-2025,3711.8,3721.2,3810.0,3714.5,3768.9,3753.0,3774.26,204080,7702.5,23251,86217,42.25,Chemicals
2025-09-18,PIIND, EQ, 18-Sep-2025,3753.0,3776.0,3776.0,3652.0,3700.0,3705.7,3697.8,272282,10068.44,26281,131228,48.2,Chemicals
2025-09-19,PIIND, EQ, 19-Sep-2025,3705.7,3728.2,3769.2,3708.0,3740.0,3731.2,3735.68,569442,21272.53,43036,395584,69.47,Chemicals
2025-09-22,PIIND, EQ, 22-Sep-2025,3731.2,3745.0,3745.0,3661.2,3670.0,3668.9,3690.71,133893,4941.6,18026,82455,61.58,Chemicals
2025-09-23,PIIND, EQ, 23-Sep-2025,3668.9,3668.9,3681.0,3592.8,3632.1,3625.8,3626.41,184263,6682.13,20824,100831,54.72,Chemicals
2025-09-24,PIIND, EQ, 24-Sep-2025,3625.8,3632.0,3644.8,3593.0,3625.0,3629.0,3619.79,142580,5161.1,22254,80787,56.66,Chemicals
2025-09-25,PIIND, EQ, 25-Sep-2025,3629.0,3638.0,3646.2,3563.3,3581.5,3573.2,3588.64,78675,2823.36,14120,46329,58.89,Chemicals
2025-09-26,PIIND, EQ, 26-Sep-2025,3573.2,3573.2,3593.9,3478.1,3490.0,3487.6,3502.55,185817,6508.34,23920,103636,55.77,Chemicals
2025-09-29,PIIND, EQ, 29-Sep-2025,3487.6,3509.0,3593.0,3471.0,3488.0,3492.3,3499.02,127227,4451.7,20151,66328,52.13,Chemicals
2025-09-30,PIIND, EQ, 30-Sep-2025,3492.3,3505.9,3543.7,3479.9,3510.0,3513.5,3504.85,244113,8555.8,24089,167349,68.55,Chemicals
2025-10-01,PIIND, EQ, 01-Oct-2025,3513.5,3520.0,3594.4,3484.0,3562.2,3584.1,3566.78,91418,3260.68,13834,40608,44.42,Chemicals
2025-10-03,PIIND, EQ, 03-Oct-2025,3584.1,3570.0,3628.6,3562.2,3621.1,3617.0,3610.76,149389,5394.08,22760,89414,59.85,Chemicals
2025-10-06,PIIND, EQ, 06-Oct-2025,3617.0,3570.0,3689.4,3536.9,3630.0,3630.4,3619.9,212445,7690.29,21994,92420,43.5,Chemicals
2025-10-07,PIIND, EQ, 07-Oct-2025,3630.4,3622.2,3643.4,3563.9,3588.0,3582.8,3589.0,502253,18025.85,56720,358962,71.47,Chemicals
2025-10-08,PIIND, EQ, 08-Oct-2025,3582.8,3605.0,3605.0,3483.0,3500.0,3497.6,3511.76,293884,10320.5,28671,201531,68.58,Chemicals
2025-10-09,PIIND, EQ, 09-Oct-2025,3497.6,3510.0,3549.0,3505.1,3529.2,3531.7,3526.2,211896,7471.87,12741,173084,81.68,Chemicals
2025-10-10,PIIND, EQ, 10-Oct-2025,3531.7,3528.0,3606.5,3524.0,3563.9,3564.6,3568.09,335525,11971.84,35549,191195,56.98,Chemicals
2025-10-13,PIIND, EQ, 13-Oct-2025,3564.6,3524.7,3597.3,3503.2,3546.5,3544.7,3542.24,584774,20714.09,42462,382266,65.37,Chemicals
2025-10-14,PIIND, EQ, 14-Oct-2025,3544.7,3566.4,3575.0,3518.3,3562.0,3555.0,3553.54,195195,6936.33,30536,128741,65.96,Chemicals
2025-10-15,PIIND, EQ, 15-Oct-2025,3555.0,3572.6,3572.6,3542.7,3555.0,3555.3,3555.32,93641,3329.24,10222,62904,67.18,Chemicals
2025-10-16,PIIND, EQ, 16-Oct-2025,3555.3,3550.0,3577.0,3529.3,3542.3,3550.3,3553.93,84701,3010.22,17352,43102,50.89,Chemicals
2025-10-17,PIIND, EQ, 17-Oct-2025,3550.3,3542.5,3594.0,3513.1,3573.0,3573.1,3565.97,173104,6172.84,39121,94387,54.53,Chemicals
2025-10-20,PIIND, EQ, 20-Oct-2025,3573.1,3540.0,3589.7,3512.1,3532.1,3534.1,3554.29,150890,5363.06,21349,92000,60.97,Chemicals
2025-10-21,PIIND, EQ, 21-Oct-2025,3534.1,3535.0,3544.9,3520.0,3526.0,3527.1,3531.95,10057,355.21,2600,5870,58.4,Chemicals
2025-10-23,PIIND, EQ, 23-Oct-2025,3527.1,3536.1,3591.2,3527.7,3539.0,3541.2,3563.08,174294,6210.24,26769,88446,50.75,Chemicals
2025-10-24,PIIND, EQ, 24-Oct-2025,3541.2,3551.0,3589.0,3520.0,3581.0,3583.2,3555.58,246229,8754.86,26643,158962,64.56,Chemicals
2025-10-27,PIIND, EQ, 27-Oct-2025,3583.2,3607.5,3652.8,3562.4,3601.9,3610.0,3625.95,204327,7408.79,28839,85775,41.98,Chemicals
2025-10-28,PIIND, EQ, 28-Oct-2025,3610.0,3628.1,3629.7,3557.1,3584.9,3587.2,3585.06,106072,3802.74,15261,48608,45.83,Chemicals
2025-10-29,PIIND, EQ, 29-Oct-2025,3587.2,3590.1,3622.1,3586.2,3600.1,3604.9,3600.7,243244,8758.48,12734,190253,78.21,Chemicals
2025-10-30,PIIND, EQ, 30-Oct-2025,3604.9,3604.9,3627.0,3571.1,3593.9,3595.8,3590.85,72591,2606.64,14050,41980,57.83,Chemicals
2025-10-31,PIIND, EQ, 31-Oct-2025,3595.8,3593.7,3614.9,3554.1,3578.5,3577.4,3578.61,125096,4476.69,17960,87028,69.57,Chemicals
2025-11-03,PIIND, EQ, 03-Nov-2025,3577.4,3566.7,3699.0,3566.7,3695.0,3685.3,3662.37,218765,8011.99,25924,90083,41.18,Chemicals
2025-11-04,PIIND, EQ, 04-Nov-2025,3685.3,3705.0,3714.9,3616.8,3672.4,3683.3,3671.82,157073,5767.44,15385,54996,35.01,Chemicals
2025-11-06,PIIND, EQ, 06-Nov-2025,3683.3,3685.8,3775.0,3679.4,3740.0,3750.1,3742.88,338796,12680.74,38113,120861,35.67,Chemicals
2025-11-07,PIIND, EQ, 07-Nov-2025,3750.1,3759.8,3792.9,3722.0,3768.0,3758.3,3757.29,146865,5518.15,16071,65301,44.46,Chemicals
2025-11-10,PIIND, EQ, 10-Nov-2025,3758.3,3768.1,3832.9,3745.7,3814.0,3820.5,3801.78,136496,5189.27,14579,59131,43.32,Chemicals
2025-11-11,PIIND, EQ, 11-Nov-2025,3820.5,3819.9,3819.9,3750.0,3772.1,3786.8,3782.91,149809,5667.15,14511,73459,49.04,Chemicals
2025-11-12,PIIND, EQ, 12-Nov-2025,3786.8,3750.0,3750.0,3568.0,3580.0,3588.9,3626.32,1207676,43794.16,110084,740348,61.3,Chemicals
2025-11-13,PIIND, EQ, 13-Nov-2025,3588.9,3588.9,3590.0,3511.0,3575.7,3572.5,3548.39,541697,19221.52,57354,249138,45.99,Chemicals
2025-11-14,PIIND, EQ, 14-Nov-2025,3572.5,3571.0,3571.0,3512.0,3563.0,3560.5,3549.29,167191,5934.1,16303,86804,51.92,Chemicals
2025-11-17,PIIND, EQ, 17-Nov-2025,3560.5,3576.3,3582.0,3528.0,3545.0,3542.6,3545.77,84301,2989.12,11380,40575,48.13,Chemicals
2025-11-18,PIIND, EQ, 18-Nov-2025,3542.6,3536.0,3554.9,3452.7,3460.0,3458.3,3478.34,219418,7632.11,20750,121235,55.25,Chemicals
2025-11-19,PIIND, EQ, 19-Nov-2025,3458.3,3458.3,3463.6,3415.2,3431.6,3439.9,3430.21,200324,6871.54,15176,151409,75.58,Chemicals
2025-11-20,PIIND, EQ, 20-Nov-2025,3439.9,3460.0,3483.8,3430.0,3440.1,3441.1,3443.63,288764,9943.95,24448,231558,80.19,Chemicals
2025-11-21,PIIND, EQ, 21-Nov-2025,3441.1,3441.1,3459.9,3415.8,3435.0,3427.4,3435.93,353690,12152.53,33173,229597,64.91,Chemicals
2025-11-24,PIIND, EQ, 24-Nov-2025,3427.4,3434.5,3442.0,3385.2,3430.3,3425.1,3413.74,545491,18621.62,44045,302680,55.49,Chemicals
2025-11-25,PIIND, EQ, 25-Nov-2025,3425.1,3425.0,3480.0,3406.3,3478.0,3448.5,3442.3,198913,6847.19,17817,84745,42.6,Chemicals
2025-11-26,PIIND, EQ, 26-Nov-2025,3448.5,3450.5,3451.9,3412.9,3440.0,3438.1,3427.73,144038,4937.23,12339,53442,37.1,Chemicals
2025-11-27,PIIND, EQ, 27-Nov-2025,3438.1,3436.3,3459.5,3421.1,3436.0,3432.2,3432.77,111897,3841.17,19993,75204,67.21,Chemicals
2025-11-28,PIIND, EQ, 28-Nov-2025,3432.2,3450.0,3453.4,3391.1,3395.0,3395.6,3409.3,92982,3170.03,13380,54255,58.35,Chemicals
2025-12-01,PIIND, EQ, 01-Dec-2025,3395.6,3409.5,3410.5,3357.0,3388.9,3388.9,3380.13,112178,3791.76,17287,63111,56.26,Chemicals
2025-12-02,PIIND, EQ, 02-Dec-2025,3388.9,3388.1,3388.1,3342.6,3370.0,3374.0,3365.22,319415,10749.01,24639,220321,68.98,Chemicals
2025-12-03,PIIND, EQ, 03-Dec-2025,3374.0,3380.0,3403.1,3365.8,3366.7,3374.6,3383.55,92926,3144.2,12497,49375,53.13,Chemicals
2025-12-04,PIIND, EQ, 04-Dec-2025,3374.6,3370.0,3416.9,3370.0,3409.0,3409.7,3401.35,120547,4100.22,11756,86509,71.76,Chemicals
2025-12-05,PIIND, EQ, 05-Dec-2025,3409.7,3415.0,3432.1,3378.7,3395.4,3396.1,3408.59,91272,3111.09,12395,50517,55.35,Chemicals
2025-12-08,PIIND, EQ, 08-Dec-2025,3396.1,3386.9,3396.0,3301.0,3331.0,3329.7,3332.85,86752,2891.32,12115,57319,66.07,Chemicals
2025-12-09,PIIND, EQ, 09-Dec-2025,3329.7,3300.1,3354.8,3260.2,3353.0,3343.0,3311.49,223733,7408.9,25070,102421,45.78,Chemicals
2025-12-10,PIIND, EQ, 10-Dec-2025,3343.0,3326.4,3412.0,3326.4,3361.0,3347.4,3372.47,104539,3525.55,15842,36563,34.98,Chemicals
2025-12-11,PIIND, EQ, 11-Dec-2025,3347.4,3358.0,3390.0,3331.0,3382.0,3376.0,3365.91,60739,2044.42,10995,27794,45.76,Chemicals
2025-12-12,PIIND, EQ, 12-Dec-2025,3376.0,3350.0,3414.8,3266.0,3316.0,3311.1,3304.13,679482,22450.96,42390,382158,56.24,Chemicals
2025-12-15,PIIND, EQ, 15-Dec-2025,3311.1,3308.0,3308.0,3236.8,3243.5,3245.4,3260.18,216300,7051.77,22420,99309,45.91,Chemicals
2025-12-16,PIIND, EQ, 16-Dec-2025,3245.4,3240.0,3274.5,3222.0,3254.0,3259.3,3246.88,184939,6004.74,17680,93799,50.72,Chemicals
2025-12-17,PIIND, EQ, 17-Dec-2025,3259.3,3247.9,3252.4,3183.6,3198.3,3206.2,3208.76,212931,6832.44,18651,126243,59.29,Chemicals
2025-12-18,PIIND, EQ, 18-Dec-2025,3206.2,3200.0,3222.3,3174.0,3212.0,3213.8,3200.26,181121,5796.34,12890,106809,58.97,Chemicals
2025-12-19,PIIND, EQ, 19-Dec-2025,3213.8,3212.0,3258.9,3204.3,3258.0,3249.6,3236.85,239968,7767.4,14214,137450,57.28,Chemicals
2025-12-22,PIIND, EQ, 22-Dec-2025,3249.6,3269.5,3274.7,3234.0,3269.9,3266.9,3257.89,65566,2136.07,10950,29575,45.11,Chemicals
2025-12-23,PIIND, EQ, 23-Dec-2025,3266.9,3266.9,3277.0,3223.4,3249.1,3238.4,3252.56,148650,4834.93,15921,88456,59.51,Chemicals
2025-12-24,PIIND, EQ, 24-Dec-2025,3238.4,3239.7,3257.2,3210.1,3215.0,3218.2,3231.29,74555,2409.09,11717,37801,50.7,Chemicals
2025-12-26,PIIND, EQ, 26-Dec-2025,3218.2,3215.0,3267.5,3203.6,3232.0,3235.1,3243.26,153416,4975.68,17096,65423,42.64,Chemicals
2025-12-29,PIIND, EQ, 29-Dec-2025,3235.1,3235.1,3253.0,3218.2,3231.7,3240.7,3236.14,87261,2823.89,7930,41952,48.08,Chemicals
2025-12-30,PIIND, EQ, 30-Dec-2025,3240.7,3240.7,3240.7,3175.7,3188.0,3183.9,3198.68,173275,5542.51,33216,104989,60.59,Chemicals
2025-12-31,PIIND, EQ, 31-Dec-2025,3183.9,3184.0,3258.0,3184.0,3235.0,3238.2,3229.19,119246,3850.69,11256,80303,67.34,Chemicals
2026-01-01,PIIND, EQ, 01-Jan-2026,3238.2,3255.0,3255.0,3200.0,3239.9,3219.1,3217.11,42718,1374.29,6362,18787,43.98,Chemicals
2026-01-02,PIIND, EQ, 02-Jan-2026,3219.1,3219.1,3263.1,3188.0,3249.0,3256.6,3229.06,110402,3564.95,16353,56110,50.82,Chemicals
2026-01-05,PIIND, EQ, 05-Jan-2026,3256.6,3259.9,3274.7,3236.5,3261.0,3263.6,3258.32,80761,2631.45,8618,43666,54.07,Chemicals
2026-01-06,PIIND, EQ, 06-Jan-2026,3263.6,3274.0,3285.0,3238.0,3275.0,3275.5,3258.64,168307,5484.51,17049,105866,62.9,Chemicals
2026-01-07,PIIND, EQ, 07-Jan-2026,3275.5,3275.5,3301.0,3252.4,3290.0,3283.8,3277.35,147590,4837.05,16370,84846,57.49,Chemicals
2026-01-08,PIIND, EQ, 08-Jan-2026,3283.8,3295.9,3332.7,3233.0,3240.0,3245.5,3276.14,135476,4438.38,15634,66838,49.34,Chemicals
2026-01-09,PIIND, EQ, 09-Jan-2026,3245.5,3210.0,3260.5,3172.4,3209.9,3201.4,3200.16,149731,4791.63,16674,74064,49.46,Chemicals
2026-01-12,PIIND, EQ, 12-Jan-2026,3201.4,3190.0,3269.0,3177.1,3256.0,3256.4,3208.25,434046,13925.28,26433,89437,20.61,Chemicals
2026-01-13,PIIND, EQ, 13-Jan-2026,3256.4,3269.0,3274.3,3225.0,3250.0,3267.0,3259.55,135336,4411.34,11164,75440,55.74,Chemicals
2026-01-14,PIIND, EQ, 14-Jan-2026,3267.0,3255.0,3293.1,3242.6,3284.8,3287.6,3276.19,132172,4330.21,12170,80444,60.86,Chemicals
2026-01-16,PIIND, EQ, 16-Jan-2026,3287.6,3270.0,3304.7,3245.3,3292.8,3267.9,3272.18,126854,4150.89,16299,73941,58.29,Chemicals
2026-01-19,PIIND, EQ, 19-Jan-2026,3267.9,3261.6,3271.7,3186.8,3215.0,3221.0,3220.54,106511,3430.23,12762,55643,52.24,Chemicals
2026-01-20,PIIND, EQ, 20-Jan-2026,3221.0,3220.8,3236.4,3146.1,3164.9,3153.2,3190.01,219336,6996.84,22521,127548,58.15,Chemicals
2026-01-21,PIIND, EQ, 21-Jan-2026,3153.2,3131.0,3175.0,3082.8,3103.3,3112.7,3129.94,432839,13547.62,30446,234483,54.17,Chemicals
2026-01-22,PIIND, EQ, 22-Jan-2026,3112.7,3115.4,3198.7,3115.4,3155.2,3170.4,3168.3,244436,7744.46,28319,133535,54.63,Chemicals
2026-01-23,PIIND, EQ, 23-Jan-2026,3170.4,3170.0,3190.8,3144.2,3178.6,3175.4,3174.19,172534,5476.56,15779,94121,54.55,Chemicals
2026-01-27,PIIND, EQ, 27-Jan-2026,3175.4,3175.4,3194.2,3126.0,3175.0,3157.2,3153.2,215795,6804.45,22454,121586,56.34,Chemicals
2026-01-28,PIIND, EQ, 28-Jan-2026,3157.2,3157.8,3239.8,3157.2,3220.0,3220.8,3200.6,87885,2812.85,14516,38794,44.14,Chemicals
2026-01-29,PIIND, EQ, 29-Jan-2026,3220.8,3202.5,3208.5,3087.1,3168.9,3159.0,3132.96,210959,6609.25,23123,67456,31.98,Chemicals
2026-01-30,PIIND, EQ, 30-Jan-2026,3159.0,3130.1,3217.9,3130.0,3171.0,3195.4,3191.26,185708,5926.43,19950,101776,54.8,Chemicals
2026-02-01,PIIND, EQ, 01-Feb-2026,3195.4,3195.4,3202.1,3052.0,3082.0,3098.0,3116.27,206645,6439.62,16009,100889,48.82,Chemicals
2026-02-02,PIIND, EQ, 02-Feb-2026,3098.0,3066.4,3103.3,3011.0,3100.0,3091.4,3052.78,335538,10243.23,28457,191054,56.94,Chemicals
2026-02-03,PIIND, EQ, 03-Feb-2026,3091.4,3225.9,3400.0,3155.0,3180.0,3167.5,3240.09,495072,16040.76,48854,198235,40.04,Chemicals
2026-02-04,PIIND, EQ, 04-Feb-2026,3167.5,3167.5,3199.0,3143.3,3143.5,3156.1,3166.58,98921,3132.42,16290,51841,52.41,Chemicals
2026-02-05,PIIND, EQ, 05-Feb-2026,3156.1,3168.0,3168.0,3109.0,3150.0,3141.8,3141.29,214116,6726.0,23662,131550,61.44,Chemicals
2026-02-06,PIIND, EQ, 06-Feb-2026,3141.8,3120.0,3137.4,3089.6,3125.1,3129.3,3116.0,67954,2117.45,9137,31640,46.56,Chemicals
2026-02-09,PIIND, EQ, 09-Feb-2026,3129.3,3123.8,3228.9,3123.8,3214.0,3216.0,3171.78,160744,5098.45,18245,67785,42.17,Chemicals
2026-02-10,PIIND, EQ, 10-Feb-2026,3216.0,3230.0,3230.0,3150.0,3171.0,3190.6,3181.69,350115,11139.59,25070,192920,55.1,Chemicals
2026-02-11,PIIND, EQ, 11-Feb-2026,3190.6,3195.0,3301.7,3138.0,3255.0,3281.1,3244.54,528541,17148.73,43211,210624,39.85,Chemicals
2026-02-12,PIIND, EQ, 12-Feb-2026,3281.1,3282.4,3286.5,3150.0,3163.7,3222.3,3238.84,363590,11776.1,30392,169255,46.55,Chemicals
2026-02-13,PIIND, EQ, 13-Feb-2026,3222.3,3035.0,3243.5,3035.0,3167.8,3150.6,3164.02,1327261,41994.77,80161,481262,36.26,Chemicals
2026-02-16,PIIND, EQ, 16-Feb-2026,3150.6,3089.7,3167.4,3021.7,3050.0,3054.5,3059.18,600277,18363.56,49701,312772,52.1,Chemicals
2026-02-17,PIIND, EQ, 17-Feb-2026,3054.5,3068.1,3084.0,3015.0,3084.0,3064.7,3053.87,287746,8787.4,27850,140162,48.71,Chemicals
2026-02-18,PIIND, EQ, 18-Feb-2026,3064.7,3065.4,3102.0,3022.0,3023.0,3028.7,3047.11,170173,5185.35,14316,88154,51.8,Chemicals
2026-02-19,PIIND, EQ, 19-Feb-2026,3028.7,3033.8,3045.6,2990.1,3019.9,3016.4,3016.89,288791,8712.5,22594,123304,42.7,Chemicals
2026-02-20,PIIND, EQ, 20-Feb-2026,3016.4,3025.0,3071.8,3010.1,3050.0,3048.0,3047.09,282164,8597.79,25257,151472,53.68,Chemicals
2026-02-23,PIIND, EQ, 23-Feb-2026,3048.0,3057.5,3135.5,3048.0,3123.0,3119.5,3094.44,286156,8854.92,24641,140887,49.23,Chemicals
2026-02-24,PIIND, EQ, 24-Feb-2026,3119.5,3109.9,3120.9,3085.1,3107.5,3107.2,3102.64,161311,5004.91,14098,77637,48.13,Chemicals
2026-02-25,PIIND, EQ, 25-Feb-2026,3107.2,3107.2,3113.8,3069.0,3100.0,3093.5,3092.12,123132,3807.39,13799,78627,63.86,Chemicals
2026-02-26,PIIND, EQ, 26-Feb-2026,3093.5,3099.9,3148.0,3094.1,3140.0,3134.2,3123.76,94505,2952.11,10624,38723,40.97,Chemicals
2026-02-27,PIIND, EQ, 27-Feb-2026,3134.2,3139.9,3159.3,3090.0,3100.0,3117.3,3118.49,384811,12000.28,25979,233785,60.75,Chemicals
2026-03-02,PIIND, EQ, 02-Mar-2026,3117.3,2982.3,3106.5,2982.1,3105.0,3099.4,3074.42,314065,9655.67,26283,193751,61.69,Chemicals
2026-03-04,PIIND, EQ, 04-Mar-2026,3099.4,3050.0,3088.2,3033.4,3052.5,3063.5,3061.85,221228,6773.67,24904,121603,54.97,Chemicals
2026-03-05,PIIND, EQ, 05-Mar-2026,3063.5,3058.7,3102.4,3042.0,3070.0,3089.0,3075.1,137124,4216.69,17075,60292,43.97,Chemicals
2026-03-06,PIIND, EQ, 06-Mar-2026,3089.0,3055.0,3127.0,3055.0,3085.9,3079.6,3089.36,111123,3432.99,14427,58772,52.89,Chemicals
2026-03-09,PIIND, EQ, 09-Mar-2026,3079.6,3010.2,3070.0,3001.0,3032.0,3033.2,3028.26,399673,12103.15,21484,227043,56.81,Chemicals
2026-03-10,PIIND, EQ, 10-Mar-2026,3033.2,3048.2,3099.6,3046.2,3066.0,3083.6,3082.47,140106,4318.72,16668,83135,59.34,Chemicals
2026-03-11,PIIND, EQ, 11-Mar-2026,3083.6,3077.0,3113.6,3003.0,3020.0,3012.3,3040.8,145806,4433.68,13959,53643,36.79,Chemicals
2026-03-12,PIIND, EQ, 12-Mar-2026,3012.3,2981.1,2997.2,2940.1,2940.1,2952.4,2966.79,196476,5829.02,17803,111244,56.62,Chemicals
2026-03-13,PIIND, EQ, 13-Mar-2026,2952.4,2940.1,2958.0,2840.1,2900.0,2896.3,2886.94,339128,9790.42,31702,100681,29.69,Chemicals
2026-03-16,PIIND, EQ, 16-Mar-2026,2896.3,2900.0,2902.8,2844.0,2881.9,2890.1,2875.52,135128,3885.64,20013,55536,41.1,Chemicals
2026-03-17,PIIND, EQ, 17-Mar-2026,2890.1,2901.0,2939.1,2882.0,2900.0,2893.0,2902.46,186935,5425.72,17206,107130,57.31,Chemicals
2026-03-18,PIIND, EQ, 18-Mar-2026,2893.0,2895.1,2958.2,2866.3,2928.7,2927.6,2921.94,200637,5862.5,27180,94634,47.17,Chemicals
2026-03-19,PIIND, EQ, 19-Mar-2026,2927.6,2893.6,2913.5,2865.3,2899.0,2890.9,2891.19,95404,2758.31,12326,38606,40.47,Chemicals
2026-03-20,PIIND, EQ, 20-Mar-2026,2890.9,2907.9,2947.4,2884.0,2921.0,2909.5,2914.37,519308,15134.58,34514,283397,54.57,Chemicals
2026-03-23,PIIND, EQ, 23-Mar-2026,2909.5,2866.0,2890.0,2750.1,2755.7,2762.6,2810.49,163588,4597.63,19388,77009,47.07,Chemicals
2026-03-24,PIIND, EQ, 24-Mar-2026,2762.6,2800.0,2810.0,2751.0,2776.9,2759.0,2779.75,349594,9717.84,35227,199645,57.11,Chemicals
2026-03-25,PIIND, EQ, 25-Mar-2026,2759.0,2769.5,2943.0,2769.5,2904.0,2905.4,2904.49,224146,6510.31,24166,56604,25.25,Chemicals
2026-03-27,PIIND, EQ, 27-Mar-2026,2905.4,2865.0,2897.0,2800.0,2812.0,2810.8,2833.61,390243,11057.95,31603,195883,50.2,Chemicals
2026-03-30,PIIND, EQ, 30-Mar-2026,2810.8,2740.0,2791.6,2700.0,2719.5,2718.8,2732.82,316633,8653.01,22228,131346,41.48,Chemicals
2026-04-01,PIIND, EQ, 01-Apr-2026,2718.8,2758.7,2851.0,2758.7,2848.9,2844.9,2824.09,244047,6892.1,19936,128886,52.81,Chemicals
2026-04-02,PIIND, EQ, 02-Apr-2026,2844.9,2800.0,2852.0,2724.0,2792.7,2797.2,2768.42,233203,6456.04,29904,117917,50.56,Chemicals
2026-04-06,PIIND, EQ, 06-Apr-2026,2797.2,2805.4,2845.0,2762.0,2837.1,2837.7,2807.77,191729,5383.32,16941,93559,48.8,Chemicals
2026-04-07,PIIND, EQ, 07-Apr-2026,2837.7,2830.0,2850.0,2791.7,2846.4,2825.0,2818.36,432552,12190.85,27250,238196,55.07,Chemicals
2026-04-08,PIIND, EQ, 08-Apr-2026,2825.0,2924.0,2938.1,2871.2,2876.0,2877.0,2906.08,279838,8132.32,12780,178074,63.63,Chemicals
2026-04-09,PIIND, EQ, 09-Apr-2026,2877.0,2885.4,2893.4,2808.0,2893.4,2880.7,2853.0,437619,12485.26,37048,228154,52.14,Chemicals
2026-04-10,PIIND, EQ, 10-Apr-2026,2880.7,2892.7,2964.7,2892.7,2946.0,2952.1,2942.28,152419,4484.59,13923,66662,43.74,Chemicals
2026-04-13,PIIND, EQ, 13-Apr-2026,2952.1,2910.0,2952.5,2850.0,2915.9,2909.4,2916.06,124551,3631.99,10872,52995,42.55,Chemicals
2026-04-15,PIIND, EQ, 15-Apr-2026,2909.4,2915.1,3089.0,2915.1,3060.0,3042.1,3005.1,529398,15908.95,44801,248684,46.97,Chemicals
2026-04-16,PIIND, EQ, 16-Apr-2026,3042.1,3097.7,3136.9,3035.1,3109.0,3112.2,3096.07,370603,11474.14,24736,167850,45.29,Chemicals
2026-04-17,PIIND, EQ, 17-Apr-2026,3112.2,3120.0,3182.0,3104.8,3122.5,3139.7,3141.52,467006,14671.1,32244,228106,48.84,Chemicals
2026-04-20,PIIND, EQ, 20-Apr-2026,3139.7,3120.0,3156.9,3021.0,3026.1,3037.0,3080.5,240900,7420.93,18723,106062,44.03,Chemicals
2026-04-21,PIIND, EQ, 21-Apr-2026,3037.0,3037.0,3100.0,3012.5,3032.0,3021.3,3054.28,214653,6556.1,16014,94083,43.83,Chemicals
2026-04-22,PIIND, EQ, 22-Apr-2026,3021.3,3025.0,3072.0,3000.1,3058.0,3057.3,3046.45,225701,6875.86,19419,100522,44.54,Chemicals
2026-04-23,PIIND, EQ, 23-Apr-2026,3057.3,3047.3,3089.9,3036.1,3076.0,3069.6,3072.92,140137,4306.29,16813,58410,41.68,Chemicals
2026-04-24,PIIND, EQ, 24-Apr-2026,3069.6,3071.1,3134.8,3070.0,3075.0,3081.2,3101.88,528353,16388.87,28258,263043,49.79,Chemicals
2026-04-27,PIIND, EQ, 27-Apr-2026,3081.2,3083.3,3123.8,3075.1,3092.0,3083.6,3095.2,178541,5526.21,20290,71390,39.99,Chemicals
2026-04-28,PIIND, EQ, 28-Apr-2026,3083.6,3078.5,3152.0,3065.0,3127.0,3097.6,3113.35,486707,15152.9,40595,232785,47.83,Chemicals
2026-04-29,PIIND, EQ, 29-Apr-2026,3097.6,3135.8,3180.0,3083.1,3090.7,3091.1,3123.66,289695,9049.09,21585,130430,45.02,Chemicals
2026-04-30,PIIND, EQ, 30-Apr-2026,3091.1,3090.0,3090.0,3015.6,3080.0,3054.8,3045.88,200677,6112.37,17892,115776,57.69,Chemicals
2026-05-04,PIIND, EQ, 04-May-2026,3054.8,3065.3,3124.8,3030.4,3047.9,3047.5,3056.41,211103,6452.16,24970,125470,59.44,Chemicals
2026-05-05,PIIND, EQ, 05-May-2026,3047.5,3028.7,3035.0,2992.0,3015.0,3014.3,3009.17,179768,5409.52,20765,78311,43.56,Chemicals
2026-05-06,PIIND, EQ, 06-May-2026,3014.3,3025.0,3094.0,3021.1,3078.0,3071.0,3070.4,315117,9675.35,27167,162596,51.6,Chemicals
2026-05-07,PIIND, EQ, 07-May-2026,3071.0,3087.6,3121.0,3072.5,3099.0,3101.5,3104.63,247712,7690.54,19907,144534,58.35,Chemicals
2026-05-08,PIIND, EQ, 08-May-2026,3101.5,3099.0,3134.7,3067.5,3103.6,3110.8,3103.32,164302,5098.81,17159,79082,48.13,Chemicals
2026-05-11,PIIND, EQ, 11-May-2026,3110.8,3101.0,3110.0,3055.0,3100.0,3090.8,3086.81,111486,3441.36,14830,44201,39.65,Chemicals
2026-05-12,PIIND, EQ, 12-May-2026,3090.8,3088.8,3088.8,2991.0,2995.3,2997.6,3027.12,166680,5045.61,15691,72423,43.45,Chemicals
2026-05-13,PIIND, EQ, 13-May-2026,2997.6,2998.7,3098.3,2998.7,3050.5,3051.0,3063.85,219907,6737.63,27158,104518,47.53,Chemicals
2026-05-14,PIIND, EQ, 14-May-2026,3051.0,3064.8,3169.2,3060.5,3120.9,3103.6,3121.73,489760,15288.96,35727,162062,33.09,Chemicals
2026-05-15,PIIND, EQ, 15-May-2026,3103.6,3130.0,3148.0,3087.1,3119.9,3114.9,3124.66,218651,6832.09,20225,118500,54.2,Chemicals
2026-05-18,PIIND, EQ, 18-May-2026,3114.9,3117.9,3141.6,3043.9,3101.9,3096.3,3106.37,266716,8285.19,20324,117204,43.94,Chemicals
2026-05-19,PIIND, EQ, 19-May-2026,3096.3,3096.5,3194.1,3093.8,3120.4,3124.6,3150.55,359092,11313.37,25299,152988,42.6,Chemicals
2026-05-20,PIIND, EQ, 20-May-2026,3124.6,2950.0,2950.0,2860.1,2890.0,2901.2,2906.89,2199076,63924.64,106363,730475,33.22,Chemicals
2026-05-21,PIIND, EQ, 21-May-2026,2901.2,2898.5,2898.5,2700.0,2750.7,2740.5,2766.68,1677319,46406.01,96162,510126,30.41,Chemicals
2026-05-22,PIIND, EQ, 22-May-2026,2740.5,2750.9,2821.3,2742.0,2780.1,2781.0,2781.38,696886,19383.05,29923,211283,30.32,Chemicals
2026-05-25,PIIND, EQ, 25-May-2026,2781.0,2794.9,2858.0,2786.8,2845.9,2849.0,2829.32,297399,8414.37,19841,105999,35.64,Chemicals
2026-05-26,PIIND, EQ, 26-May-2026,2849.0,2845.8,2859.4,2810.0,2841.9,2837.9,2832.86,173447,4913.52,13252,68135,39.28,Chemicals
2026-05-27,PIIND, EQ, 27-May-2026,2837.9,2844.0,2863.7,2831.0,2847.9,2847.3,2848.65,96895,2760.19,10847,38388,39.62,Chemicals
2026-05-29,PIIND, EQ, 29-May-2026,2847.3,2855.9,2874.0,2750.0,2795.0,2775.0,2780.37,1148826,31941.65,42096,767522,66.81,Chemicals
2026-06-01,PIIND, EQ, 01-Jun-2026,2775.0,2789.8,2789.8,2691.1,2707.3,2702.6,2731.84,248652,6792.78,22569,139994,56.3,Chemicals
2026-06-02,PIIND, EQ, 02-Jun-2026,2702.6,2671.5,2749.6,2657.2,2736.2,2739.8,2718.01,635004,17259.48,42717,396225,62.4,Chemicals
2026-06-03,PIIND, EQ, 03-Jun-2026,2739.8,2731.0,2755.2,2690.1,2741.0,2738.3,2723.2,305817,8328.0,13411,166014,54.29,Chemicals
2026-06-04,PIIND, EQ, 04-Jun-2026,2738.3,2730.0,2742.9,2696.0,2724.9,2707.5,2716.35,360916,9803.75,26125,182538,50.58,Chemicals
2026-06-05,PIIND, EQ, 05-Jun-2026,2707.5,2710.1,2768.2,2710.1,2730.0,2717.9,2737.26,100881,2761.38,12062,38638,38.3,Chemicals
2026-06-08,PIIND, EQ, 08-Jun-2026,2717.9,2702.0,2727.0,2663.4,2685.2,2680.8,2693.73,209228,5636.03,26409,110545,52.83,Chemicals
2026-06-09,PIIND, EQ, 09-Jun-2026,2680.8,2695.0,2874.0,2692.5,2865.5,2866.4,2822.91,1648437,46533.82,123306,555817,33.72,Chemicals
2026-06-10,PIIND, EQ, 10-Jun-2026,2866.4,2866.4,2880.0,2796.7,2804.5,2807.7,2833.86,373601,10587.33,24897,121676,32.57,Chemicals
2026-06-11,PIIND, EQ, 11-Jun-2026,2807.7,2800.0,2819.7,2772.2,2806.6,2801.2,2794.32,250645,7003.81,23188,113303,45.2,Chemicals
2026-06-12,PIIND, EQ, 12-Jun-2026,2801.2,2815.0,2859.4,2811.6,2846.6,2841.7,2831.82,415063,11753.82,27676,212601,51.22,Chemicals
2026-06-15,PIIND, EQ, 15-Jun-2026,2841.7,2855.0,2921.9,2830.0,2835.0,2834.5,2859.08,238690,6824.35,16203,110901,46.46,Chemicals
2026-06-16,PIIND, EQ, 16-Jun-2026,2834.5,2850.0,2904.4,2827.2,2883.0,2878.0,2882.05,402479,11599.66,25290,188890,46.93,Chemicals
2026-06-17,PIIND, EQ, 17-Jun-2026,2878.0,2878.0,2893.1,2821.7,2833.2,2835.2,2844.68,226807,6451.94,28581,101971,44.96,Chemicals
2026-06-18,PIIND, EQ, 18-Jun-2026,2835.2,2835.2,2856.6,2830.2,2848.0,2846.0,2841.93,185856,5281.91,14220,105766,56.91,Chemicals
2026-06-19,PIIND, EQ, 19-Jun-2026,2846.0,2839.9,2845.9,2781.7,2812.3,2803.6,2802.08,258029,7230.18,20026,148528,57.56,Chemicals
2026-06-22,PIIND, EQ, 22-Jun-2026,2803.6,2805.5,2842.7,2800.4,2807.0,2805.6,2814.91,215282,6059.99,15984,137835,64.03,Chemicals
2026-06-23,PIIND, EQ, 23-Jun-2026,2805.6,2807.0,2828.0,2757.6,2764.5,2767.0,2791.95,163992,4578.58,16322,68049,41.5,Chemicals
2026-06-24,PIIND, EQ, 24-Jun-2026,2767.0,2767.0,2772.8,2732.9,2759.0,2746.8,2748.41,205952,5660.4,14952,107896,52.39,Chemicals
2026-06-25,PIIND, EQ, 25-Jun-2026,2746.8,2769.0,2788.5,2670.0,2679.9,2684.9,2740.23,490261,13434.29,21732,286594,58.46,Chemicals
2026-06-29,PIIND, EQ, 29-Jun-2026,2684.9,2684.9,2695.7,2553.3,2567.7,2559.8,2588.14,649573,16811.86,52497,385389,59.33,Chemicals
2026-06-30,PIIND, EQ, 30-Jun-2026,2559.8,2568.0,2587.9,2541.0,2560.4,2555.1,2564.38,489196,12544.84,38606,269542,55.1,Chemicals
2026-07-01,PIIND, EQ, 01-Jul-2026,2555.1,2580.0,2588.3,2558.0,2578.0,2575.0,2573.9,195861,5041.27,30019,118454,60.48,Chemicals
2026-07-02,PIIND, EQ, 02-Jul-2026,2575.0,2585.0,2615.0,2584.7,2613.3,2608.5,2606.15,209191,5451.84,20012,125877,60.17,Chemicals
2026-07-03,PIIND, EQ, 03-Jul-2026,2608.5,2619.0,2659.9,2603.0,2651.0,2646.1,2631.78,358617,9438.0,38268,186970,52.14,Chemicals
2026-07-06,PIIND, EQ, 06-Jul-2026,2646.1,2646.1,2685.0,2641.0,2682.6,2676.5,2661.64,298658,7949.2,16294,196116,65.67,Chemicals
2026-07-07,PIIND, EQ, 07-Jul-2026,2676.5,2682.0,2682.0,2635.7,2648.0,2652.3,2651.68,150628,3994.17,12364,89741,59.58,Chemicals
2026-07-08,PIIND, EQ, 08-Jul-2026,2652.3,2649.9,2649.9,2551.7,2578.9,2572.3,2591.99,155183,4022.33,17376,69618,44.86,Chemicals
2026-07-09,PIIND, EQ, 09-Jul-2026,2572.3,2586.0,2612.0,2573.3,2602.1,2597.5,2597.82,135177,3511.65,13357,66177,48.96,Chemicals
2026-07-10,PIIND, EQ, 10-Jul-2026,2597.5,2596.0,2628.0,2595.9,2609.0,2607.4,2615.66,188072,4919.33,21163,119284,63.42,Chemicals
2026-07-13,PIIND, EQ, 13-Jul-2026,2607.4,2602.0,2602.0,2566.0,2572.5,2569.0,2576.15,133250,3432.72,11787,64096,48.1,Chemicals
2026-07-14,PIIND, EQ, 14-Jul-2026,2569.0,2571.4,2571.5,2527.0,2541.8,2537.2,2537.15,371827,9433.82,28553,223432,60.09,Chemicals
2026-07-15,PIIND, EQ, 15-Jul-2026,2537.2,2556.0,2635.0,2548.6,2634.9,2619.3,2604.28,200162,5212.77,15364,85418,42.67,Chemicals
2026-07-16,PIIND, EQ, 16-Jul-2026,2619.3,2625.0,2643.0,2618.0,2637.0,2631.8,2630.52,170705,4490.42,15684,107793,63.15,Chemicals
2026-07-17,PIIND, EQ, 17-Jul-2026,2631.8,2631.8,2640.0,2612.8,2620.0,2623.8,2624.18,79566,2087.96,9348,44796,56.3,Chemicals
2026-07-20,PIIND, EQ, 20-Jul-2026,2623.8,2632.0,2682.9,2628.0,2662.2,2657.4,2663.85,159266,4242.6,14854,58732,36.88,Chemicals
2026-07-21,PIIND, EQ, 21-Jul-2026,2657.4,2665.4,2698.0,2657.4,2676.3,2681.8,2682.88,121813,3268.1,10914,56288,46.21,Chemicals
2026-07-22,PIIND, EQ, 22-Jul-2026,2681.8,2699.0,2756.9,2653.7,2690.5,2697.6,2718.26,374117,10169.47,31792,126190,33.73,Chemicals
2026-07-23,PIIND, EQ, 23-Jul-2026,2697.6,2691.0,2753.0,2673.2,2735.5,2742.6,2730.93,314337,8584.33,28667,182989,58.21,Chemicals
2026-07-24,PIIND, EQ, 24-Jul-2026,2742.6,2706.0,2773.3,2703.3,2727.7,2731.2,2749.06,239371,6580.46,22190,78458,32.78,Chemicals
2026-07-27,PIIND, EQ, 27-Jul-2026,2731.2,2751.0,2765.9,2735.6,2742.0,2742.6,2750.64,72244,1987.17,9212,33335,46.14,Chemicals
2026-07-28,PIIND, EQ, 28-Jul-2026,2742.6,2751.0,2751.2,2698.8,2705.0,2706.6,2716.62,140120,3806.53,17717,58795,41.96,Chemicals
2026-07-29,PIIND, EQ, 29-Jul-2026,2706.6,2716.6,2761.0,2713.0,2747.3,2753.9,2738.45,260551,7135.07,15260,171490,65.82,Chemicals
2026-07-30,PIIND, EQ, 30-Jul-2026,2753.9,2754.0,2783.0,2718.0,2780.0,2777.3,2758.27,124403,3431.37,13525,55468,44.59,Chemicals
2026-07-31,PIIND, EQ, 31-Jul-2026,2777.3,2778.8,2781.3,2740.0,2757.2,2751.2,2753.44,100436,2765.44,12813,58181,57.93,Chemicals
2026-08-03,PIIND, EQ, 03-Aug-2026,2751.2,2754.6,2845.0,2746.6,2793.0,2793.0,2817.78,276209,7782.95,20396,125589,45.47,Chemicals
2026-08-04,PIIND, EQ, 04-Aug-2026,2793.0,2806.5,2840.0,2785.5,2785.5,2785.5,2817.36,152536,4297.49,12191,65218,42.76,Chemicals
2026-08-05,PIIND, EQ, 05-Aug-2026,2785.5,2792.3,2825.6,2781.6,2810.0,2810.0,2805.18,235586,6608.61,27299,136455,57.92,Chemicals
2026-08-06,PIIND, EQ, 06-Aug-2026,2810.0,2819.0,2819.0,2779.1,2796.0,2796.0,2794.8,93539,2614.23,8269,56408,60.3,Chemicals
2026-08-07,PIIND, EQ, 07-Aug-2026,2796.0,2778.4,2796.6,2751.2,2774.6,2774.6,2769.0,85234,2360.13,7552,36283,42.57,Chemicals
2026-08-10,PIIND, EQ, 10-Aug-2026,2774.6,2788.4,2788.4,2742.5,2751.6,2751.6,2764.08,122080,3374.39,12547,60703,49.72,Chemicals
2026-08-11,PIIND, EQ, 11-Aug-2026,2751.6,2752.0,2783.5,2711.6,2730.0,2730.0,2746.04,221971,6095.42,17290,112912,50.87,Chemicals
2026-08-12,PIIND, EQ, 12-Aug-2026,2730.0,2700.5,2700.6,2457.0,2483.0,2483.0,2549.85,2138051,54517.13,118397,662122,30.97,Chemicals
2026-08-13,PIIND, EQ, 13-Aug-2026,2483.0,2483.9,2507.0,2474.4,2494.3,2494.3,2488.27,352284,8765.79,23908,116630,33.11,Chemicals
2026-08-14,PIIND, EQ, 14-Aug-2026,2494.3,2478.8,2505.0,2461.0,2490.1,2490.1,2489.87,352632,8780.07,25144,188478,53.45,Chemicals
2026-08-17,PIIND, EQ, 17-Aug-2026,2490.1,2490.1,2490.2,2461.1,2472.0,2472.0,2479.37,128211,3178.82,10772,58427,45.57,Chemicals
2026-08-18,PIIND, EQ, 18-Aug-2026,2472.0,2490.0,2545.0,2458.6,2515.0,2515.0,2487.38,623898,15518.7,25472,408274,65.44,Chemicals
2026-08-19,PIIND, EQ, 19-Aug-2026,2515.0,2521.7,2523.2,2488.2,2505.0,2505.0,2503.77,262916,6582.81,12394,166926,63.49,Chemicals
2026-08-20,PIIND, EQ, 20-Aug-2026,2505.0,2510.0,2522.5,2482.5,2482.5,2482.5,2503.18,96187,2407.74,8057,34914,36.3,Chemicals
2026-08-21,PIIND, EQ, 21-Aug-2026,2482.5,2500.0,2511.0,2482.5,2496.8,2496.8,2498.67,111661,2790.04,8436,46660,41.79,Chemicals
