Date,SYMBOL,SERIES,DATE1,PREV_CLOSE,OPEN_PRICE,HIGH_PRICE,LOW_PRICE,LAST_PRICE,CLOSE_PRICE,AVG_PRICE,TTL_TRD_QNTY,TURNOVER_LACS,NO_OF_TRADES,DELIV_QTY,DELIV_PER
2019-08-23,SRF, EQ, 23-Aug-2019,2787.75,2790.1,2832.0,2753.0,2815.0,2809.85,2792.0,361708,10098.89,25005,90297,24.96
2019-10-01,SRF, EQ, 01-Oct-2019,2751.95,2745.0,2760.0,2652.05,2673.25,2683.0,2708.26,358647,9713.1,36618,95544,26.64
2019-10-03,SRF, EQ, 03-Oct-2019,2683.0,2678.95,2749.15,2642.15,2725.5,2731.0,2711.35,206802,5607.12,12652,41123,19.89
2019-10-04,SRF, EQ, 04-Oct-2019,2731.0,2730.0,2769.0,2659.85,2679.0,2667.95,2719.31,206571,5617.3,13386,37869,18.33
2019-10-07,SRF, EQ, 07-Oct-2019,2667.95,2670.05,2690.95,2637.55,2651.0,2650.7,2663.32,106393,2833.59,6890,17071,16.05
2019-10-09,SRF, EQ, 09-Oct-2019,2650.7,2650.5,2760.0,2650.1,2755.0,2748.7,2721.95,212995,5797.62,14146,58074,27.27
2019-10-10,SRF, EQ, 10-Oct-2019,2748.7,2745.5,2789.0,2722.25,2739.9,2743.4,2754.34,171990,4737.19,12956,27444,15.96
2019-10-11,SRF, EQ, 11-Oct-2019,2743.4,2739.5,2746.0,2686.0,2690.0,2693.95,2711.75,161988,4392.7,15675,55047,33.98
2019-10-14,SRF, EQ, 14-Oct-2019,2693.95,2699.0,2713.45,2595.2,2611.95,2612.65,2656.78,424743,11284.49,20939,170196,40.07
2019-10-15,SRF, EQ, 15-Oct-2019,2612.65,2625.0,2669.85,2588.0,2621.35,2624.65,2632.29,557839,14683.96,30975,188910,33.86
2019-10-16,SRF, EQ, 16-Oct-2019,2624.65,2635.0,2648.25,2590.0,2632.0,2633.95,2626.08,340303,8936.64,16217,120410,35.38
2019-10-17,SRF, EQ, 17-Oct-2019,2633.95,2635.0,2688.4,2618.0,2672.2,2677.9,2655.1,273860,7271.27,18719,56821,20.75
2019-10-18,SRF, EQ, 18-Oct-2019,2677.9,2677.9,2721.95,2664.5,2693.7,2693.7,2701.0,181485,4901.9,10831,47313,26.07
2019-10-22,SRF, EQ, 22-Oct-2019,2693.7,2694.9,2749.0,2694.9,2712.6,2713.8,2725.82,134036,3653.59,7000,20886,15.58
2019-10-23,SRF, EQ, 23-Oct-2019,2713.8,2716.55,2893.0,2703.0,2836.0,2825.35,2829.07,584155,16526.16,31773,56485,9.67
2019-10-24,SRF, EQ, 24-Oct-2019,2825.35,2840.0,2879.0,2835.0,2851.0,2846.05,2857.2,267804,7651.69,16325,87258,32.58
2019-10-25,SRF, EQ, 25-Oct-2019,2846.05,2851.0,2930.0,2835.0,2849.1,2851.1,2885.37,501355,14465.93,29686,109078,21.76
2019-10-27,SRF, EQ, 27-Oct-2019,2851.1,2872.0,2874.0,2842.0,2851.0,2853.3,2858.71,17405,497.56,1610,2887,16.59
2019-10-29,SRF, EQ, 29-Oct-2019,2853.3,2862.9,2948.0,2783.05,2784.0,2819.6,2867.9,348293,9988.68,30014,123587,35.48
2019-10-30,SRF, EQ, 30-Oct-2019,2819.6,2808.5,2814.95,2715.0,2799.5,2796.15,2770.33,855803,23708.58,45020,383518,44.81
2019-10-31,SRF, EQ, 31-Oct-2019,2796.15,2799.9,2920.0,2757.95,2900.0,2896.25,2843.03,647862,18418.89,27522,142487,21.99
2019-11-01,SRF, EQ, 01-Nov-2019,2896.25,2895.55,2925.3,2860.0,2902.0,2902.6,2896.49,307775,8914.67,16775,47837,15.54
2019-11-04,SRF, EQ, 04-Nov-2019,2902.6,2902.0,2975.0,2870.8,2941.0,2929.9,2926.41,613224,17945.42,36828,69762,11.38
2019-11-05,SRF, EQ, 05-Nov-2019,2929.9,2900.0,3064.7,2890.0,2956.0,2957.45,2961.81,1150812,34084.87,57808,213807,18.58
2019-11-06,SRF, EQ, 06-Nov-2019,2957.45,2955.0,3128.35,2931.6,3070.0,3067.1,3065.62,1433435,43943.63,73740,206528,14.41
2019-11-07,SRF, EQ, 07-Nov-2019,3067.1,3079.0,3165.0,3039.0,3152.95,3148.75,3107.12,720917,22399.73,42693,120139,16.66
2019-11-08,SRF, EQ, 08-Nov-2019,3148.75,3148.0,3225.0,3119.6,3141.9,3139.45,3176.08,799344,25387.81,60206,150804,18.87
2019-11-11,SRF, EQ, 11-Nov-2019,3139.45,3135.3,3197.75,3129.4,3157.5,3154.75,3161.62,361518,11429.84,22335,75592,20.91
2019-11-13,SRF, EQ, 13-Nov-2019,3154.75,3170.0,3190.0,3130.0,3146.0,3144.7,3167.32,354111,11215.83,20101,42950,12.13
2019-11-14,SRF, EQ, 14-Nov-2019,3144.7,3150.0,3190.0,3130.0,3161.15,3159.7,3165.82,316254,10012.03,15917,18527,5.86
2019-11-15,SRF, EQ, 15-Nov-2019,3159.7,3178.0,3244.85,3158.2,3214.0,3215.7,3217.08,517635,16652.74,25197,38749,7.49
2019-11-18,SRF, EQ, 18-Nov-2019,3215.7,3237.95,3245.7,3182.75,3206.0,3206.35,3212.89,307592,9882.6,18101,55583,18.07
2019-11-19,SRF, EQ, 19-Nov-2019,3206.35,3218.0,3226.35,3185.2,3208.0,3200.55,3202.65,128761,4123.77,7010, 18330, 14.24
2019-11-20,SRF, EQ, 20-Nov-2019,3200.55,3200.0,3272.9,3200.0,3220.1,3220.35,3240.89,379707,12305.89,20791, 36104, 9.51
2019-11-21,SRF, EQ, 21-Nov-2019,3220.35,3228.0,3230.35,3133.9,3147.5,3143.75,3165.93,221528,7013.42,17517,64494,29.11
2019-11-22,SRF, EQ, 22-Nov-2019,3143.75,3148.0,3174.95,3090.2,3127.5,3124.05,3129.67,329812,10322.03,18372,49741,15.08
2019-11-25,SRF, EQ, 25-Nov-2019,3124.05,3143.55,3161.75,3132.1,3161.75,3152.25,3148.05,175925,5538.22,8406,36637,20.83
2019-11-26,SRF, EQ, 26-Nov-2019,3152.25,3165.0,3177.3,3105.0,3132.0,3121.45,3145.15,181703,5714.82,9888, 27977, 15.40
2019-11-27,SRF, EQ, 27-Nov-2019,3121.45,3130.0,3173.0,3117.85,3169.1,3164.9,3148.17,183074,5763.48,10727,43928,23.99
2019-11-28,SRF, EQ, 28-Nov-2019,3164.9,3183.6,3239.95,3132.5,3235.95,3224.95,3194.2,375030,11979.2,19075,55239,14.73
2019-11-29,SRF, EQ, 29-Nov-2019,3224.95,3213.2,3222.95,3180.0,3199.6,3201.65,3200.42,144089,4611.45,7222,23759,16.49
2019-12-02,SRF, EQ, 02-Dec-2019,3201.65,3201.0,3250.0,3175.0,3242.0,3237.45,3224.18,232151,7484.97,25336, 37124, 15.99
2019-12-03,SRF, EQ, 03-Dec-2019,3237.45,3229.95,3247.65,3190.0,3201.45,3205.95,3211.81,160863,5166.61,10405,13600,8.45
2019-12-04,SRF, EQ, 04-Dec-2019,3205.95,3197.0,3216.95,3173.9,3187.1,3192.8,3193.71,144637,4619.29,6764,20011,13.84
2019-12-05,SRF, EQ, 05-Dec-2019,3192.8,3196.9,3256.8,3180.2,3238.05,3241.2,3227.51,253799,8191.38,14190,39252,15.47
2019-12-06,SRF, EQ, 06-Dec-2019,3241.2,3233.5,3253.75,3217.7,3220.9,3230.1,3233.3,197189,6375.71,11702,44943,22.79
2019-12-09,SRF, EQ, 09-Dec-2019,3230.1,3210.0,3285.75,3206.6,3236.95,3244.45,3259.59,339250,11058.16,17556,33423,9.85
2019-12-10,SRF, EQ, 10-Dec-2019,3244.45,3243.0,3275.4,3222.0,3237.5,3238.4,3253.69,232926,7578.68,13043,33127,14.22
2019-12-11,SRF, EQ, 11-Dec-2019,3238.4,3240.0,3274.0,3230.0,3259.45,3268.55,3255.69,163175,5312.48,8739,31481,19.29
2019-12-12,SRF, EQ, 12-Dec-2019,3268.55,3265.0,3323.45,3257.0,3306.0,3309.15,3301.88,300081,9908.31,16027,36392,12.13
2019-12-13,SRF, EQ, 13-Dec-2019,3309.15,3305.8,3342.95,3291.0,3297.1,3303.0,3314.49,289853,9607.16,12894,74801,25.81
2019-12-16,SRF, EQ, 16-Dec-2019,3303.0,3303.0,3326.2,3259.2,3268.2,3268.4,3295.62,113547,3742.08,6312,10242,9.02
2019-12-17,SRF, EQ, 17-Dec-2019,3268.4,3269.5,3285.0,3225.2,3242.0,3240.3,3249.34,114897,3733.4,6881,17022,14.82
2019-12-18,SRF, EQ, 18-Dec-2019,3240.3,3238.8,3249.45,3204.0,3237.0,3228.7,3226.12,114104,3681.13,5481,23478,20.58
2019-12-19,SRF, EQ, 19-Dec-2019,3228.7,3236.9,3345.75,3233.8,3344.9,3329.5,3315.88,605095,20064.22,29184,44614,7.37
2019-12-20,SRF, EQ, 20-Dec-2019,3329.5,3330.5,3344.9,3309.3,3311.3,3326.5,3325.46,234143,7786.33,10250,17855,7.63
2019-12-23,SRF, EQ, 23-Dec-2019,3326.5,3322.9,3395.95,3301.0,3341.1,3357.2,3362.03,473685,15925.42,26228,72892,15.39
2019-12-24,SRF, EQ, 24-Dec-2019,3357.2,3346.95,3372.0,3322.0,3328.0,3329.45,3344.17,187274,6262.77,10641,23494,12.55
2019-12-26,SRF, EQ, 26-Dec-2019,3329.45,3321.1,3426.6,3321.1,3419.0,3413.6,3391.46,556181,18862.65,25335,99502,17.89
2019-12-27,SRF, EQ, 27-Dec-2019,3413.6,3413.8,3449.0,3391.3,3415.0,3420.8,3419.57,386492,13216.36,16514,57217,14.8
2019-12-30,SRF, EQ, 30-Dec-2019,3420.8,3412.2,3456.45,3405.1,3410.0,3415.3,3428.98,274454,9410.96,12306,32568,11.87
2019-12-31,SRF, EQ, 31-Dec-2019,3415.3,3414.5,3450.0,3401.05,3430.1,3436.1,3429.27,189423,6495.83,11140,28599,15.1
2020-01-01,SRF, EQ, 01-Jan-2020,3436.1,3431.5,3453.0,3425.3,3441.0,3439.55,3439.71,106572,3665.77,4662,15352,14.41
2020-01-02,SRF, EQ, 02-Jan-2020,3439.55,3441.0,3469.5,3435.0,3458.2,3463.3,3456.5,152503,5271.26,7288,26664,17.48
2020-01-03,SRF, EQ, 03-Jan-2020,3463.3,3458.2,3475.85,3435.3,3470.0,3452.65,3448.8,121856,4202.57,5751,12306,10.1
2020-01-06,SRF, EQ, 06-Jan-2020,3452.65,3450.0,3450.0,3384.05,3404.15,3408.7,3411.9,149865,5113.24,7576,10899,7.27
2020-01-07,SRF, EQ, 07-Jan-2020,3408.7,3415.5,3449.0,3388.1,3412.0,3417.7,3415.8,153859,5255.51,9188,30994,20.14
2020-01-08,SRF, EQ, 08-Jan-2020,3417.7,3388.0,3492.55,3381.0,3465.45,3465.55,3436.14,199106,6841.55,14381,39029,19.6
2020-01-09,SRF, EQ, 09-Jan-2020,3465.55,3474.9,3516.0,3458.2,3500.0,3496.15,3494.85,265052,9263.17,13175,26788,10.11
2020-01-10,SRF, EQ, 10-Jan-2020,3496.15,3518.0,3518.0,3480.0,3500.0,3495.2,3495.93,190271,6651.74,11048,45092,23.7
2020-01-13,SRF, EQ, 13-Jan-2020,3495.2,3502.0,3543.6,3501.25,3540.0,3540.1,3533.4,219847,7768.07,10771,51337,23.35
2020-01-14,SRF, EQ, 14-Jan-2020,3540.1,3521.2,3562.45,3521.2,3539.2,3541.5,3543.21,141070,4998.41,6703,34783,24.66
2020-01-15,SRF, EQ, 15-Jan-2020,3541.5,3520.0,3580.5,3520.0,3570.5,3571.65,3553.37,133263,4735.33,7701,28951,21.72
2020-01-16,SRF, EQ, 16-Jan-2020,3571.65,3562.0,3596.8,3560.05,3579.0,3574.9,3580.54,104381,3737.4,6106,16393,15.7
2020-01-17,SRF, EQ, 17-Jan-2020,3574.9,3578.9,3655.0,3571.0,3636.8,3622.7,3620.82,194926,7057.92,12721, 31996, 16.41
2020-01-20,SRF, EQ, 20-Jan-2020,3622.7,3635.0,3644.85,3602.0,3615.0,3616.15,3620.08,84046,3042.54,6760,13347,15.88
2020-01-21,SRF, EQ, 21-Jan-2020,3616.15,3615.0,3647.0,3602.1,3613.0,3609.6,3621.86,94049,3406.32,6886,13903,14.78
2020-01-22,SRF, EQ, 22-Jan-2020,3609.6,3629.0,3638.6,3600.9,3606.15,3610.4,3622.2,91319,3307.76,9687,19816,21.7
2020-01-23,SRF, EQ, 23-Jan-2020,3610.4,3611.0,3663.0,3607.4,3641.1,3636.8,3642.61,164428,5989.47,15206,28440,17.3
2020-01-24,SRF, EQ, 24-Jan-2020,3636.8,3625.2,3726.75,3625.2,3664.15,3660.35,3686.26,292983,10800.12,19519,47171,16.1
2020-01-27,SRF, EQ, 27-Jan-2020,3660.35,3650.0,3712.55,3645.85,3686.85,3673.6,3684.04,152848,5630.99,10000,22288,14.58
2020-01-28,SRF, EQ, 28-Jan-2020,3673.6,3689.7,3785.0,3683.3,3780.95,3764.85,3737.37,307537,11493.79,20129,58253,18.94
2020-01-29,SRF, EQ, 29-Jan-2020,3764.85,3780.95,3803.85,3751.0,3751.0,3766.3,3777.93,283928,10726.59,24568,75414,26.56
2020-01-30,SRF, EQ, 30-Jan-2020,3766.3,3769.5,3824.0,3741.75,3816.0,3802.25,3774.86,153634,5799.46,8404,26118,17.0
2020-01-31,SRF, EQ, 31-Jan-2020,3802.25,3816.0,3861.0,3772.0,3776.0,3784.05,3821.44,314532,12019.66,21987,54388,17.29
2020-02-01,SRF, EQ, 01-Feb-2020,3784.05,3776.0,3807.5,3670.5,3680.35,3688.15,3738.36,145433,5436.8,9044,36824,25.32
2020-02-03,SRF, EQ, 03-Feb-2020,3688.15,3688.15,3814.05,3688.15,3800.0,3789.4,3753.67,237855,8928.29,17865,29617,12.45
2020-02-04,SRF, EQ, 04-Feb-2020,3789.4,3849.95,3900.0,3641.3,3768.0,3740.9,3737.82,1067773,39911.39,62364,209769,19.65
2020-02-05,SRF, EQ, 05-Feb-2020,3740.9,3800.0,3997.75,3775.0,3980.55,3987.05,3919.48,1029851,40364.84,69190,211764,20.56
2020-02-06,SRF, EQ, 06-Feb-2020,3987.05,3990.0,4055.0,3977.05,4011.1,4008.6,4018.52,630944,25354.64,43983,191557,30.36
2020-02-07,SRF, EQ, 07-Feb-2020,4008.6,3999.1,4124.0,3984.65,4122.0,4109.9,4076.74,421283,17174.61,31417,69740,16.55
2020-02-10,SRF, EQ, 10-Feb-2020,4109.9,4122.0,4173.5,4090.0,4128.75,4134.3,4137.06,508442,21034.53,30990,93815,18.45
2020-02-11,SRF, EQ, 11-Feb-2020,4134.3,4153.0,4195.05,4106.0,4165.0,4158.75,4147.05,263795,10939.7,16839,28667,10.87
2020-02-12,SRF, EQ, 12-Feb-2020,4158.75,4164.0,4183.65,4139.1,4167.0,4163.55,4161.13,160355,6672.58,10651,21942,13.68
2020-02-13,SRF, EQ, 13-Feb-2020,4163.55,4160.0,4170.0,4120.2,4154.8,4149.15,4146.49,192562,7984.56,9983,34619,17.98
2020-02-14,SRF, EQ, 14-Feb-2020,4149.15,4150.0,4230.0,4149.15,4190.0,4192.95,4198.66,279059,11716.75,15586, 24104, 8.64
2020-02-17,SRF, EQ, 17-Feb-2020,4192.95,4201.0,4217.0,4141.0,4157.2,4152.15,4177.96,169852,7096.35,12837,29596,17.42
2020-02-18,SRF, EQ, 18-Feb-2020,4152.15,4157.2,4174.8,4122.45,4165.0,4163.8,4155.92,245271,10193.27,11096,79216,32.3
2020-02-19,SRF, EQ, 19-Feb-2020,4163.8,4165.0,4180.0,4143.8,4162.0,4162.15,4161.66,146542,6098.58,9219, 41642, 28.42
2020-02-20,SRF, EQ, 20-Feb-2020,4162.15,4170.0,4260.0,4155.0,4161.0,4166.8,4207.85,317946,13378.69,23229,49538,15.58
2020-02-24,SRF, EQ, 24-Feb-2020,4166.8,4135.55,4160.0,4050.05,4065.95,4062.1,4101.15,190614,7817.36,12410,43061,22.59
2020-02-25,SRF, EQ, 25-Feb-2020,4062.1,4069.5,4138.15,4032.95,4117.0,4119.75,4089.8,247233,10111.35,13508,43909,17.76
2020-02-26,SRF, EQ, 26-Feb-2020,4119.75,4108.0,4165.5,4099.15,4127.3,4125.1,4133.63,208945,8637.01,13176,41281,19.76
2020-02-27,SRF, EQ, 27-Feb-2020,4125.1,4124.8,4171.45,4091.0,4145.75,4143.7,4123.52,166847,6879.98,10996,31275,18.74
2020-02-28,SRF, EQ, 28-Feb-2020,4143.7,4076.0,4098.95,3846.05,3935.0,3893.8,3938.52,501905,19767.61,29543,143519,28.59
2020-03-02,SRF, EQ, 02-Mar-2020,3893.8,4000.0,4019.0,3885.45,3915.1,3907.4,3971.72,279388,11096.5,16751,49344,17.66
2020-03-03,SRF, EQ, 03-Mar-2020,3907.4,3944.0,4005.9,3875.0,3995.0,3996.95,3945.39,229186,9042.28,13331,42413,18.51
2020-03-04,SRF, EQ, 04-Mar-2020,3996.95,3972.1,4015.95,3889.9,3976.1,3956.75,3938.06,256544,10102.86,17991,68952,26.88
2020-03-05,SRF, EQ, 05-Mar-2020,3956.75,3978.0,4009.3,3913.05,3931.0,3930.9,3948.8,211976,8370.51,12991,79703,37.6
2020-03-06,SRF, EQ, 06-Mar-2020,3930.9,3850.0,3917.7,3740.15,3904.0,3887.35,3817.47,488703,18656.11,30528,125774,25.74
2020-03-09,SRF, EQ, 09-Mar-2020,3887.35,3840.0,3845.95,3688.05,3722.0,3726.7,3748.55,318940,11955.63,28173,65799,20.63
2020-03-11,SRF, EQ, 11-Mar-2020,3726.7,3665.1,3754.7,3640.0,3723.95,3718.2,3715.33,294837,10954.17,28344,68701,23.3
2020-03-12,SRF, EQ, 12-Mar-2020,3718.2,3598.0,3629.7,3327.6,3382.45,3371.55,3440.86,521780,17953.72,34373,158045,30.29
2020-03-13,SRF, EQ, 13-Mar-2020,3371.55,3065.0,3591.15,2900.35,3556.6,3557.5,3433.11,311755,10702.88,32185,88050,28.24
2020-03-16,SRF, EQ, 16-Mar-2020,3557.5,3498.05,3498.05,3125.1,3140.95,3147.95,3261.49,306873,10008.62,30596,83324,27.15
2020-03-17,SRF, EQ, 17-Mar-2020,3147.95,3155.0,3355.0,3103.25,3242.2,3244.45,3278.33,260626,8544.18,25134,52982,20.33
2020-03-18,SRF, EQ, 18-Mar-2020,3244.45,3260.25,3338.8,2937.55,2959.35,2961.1,3063.59,304557,9330.36,28395,75272,24.72
2020-03-19,SRF, EQ, 19-Mar-2020,2961.1,2751.0,3077.5,2686.55,2918.0,2936.6,2917.52,480334,14013.86,42231,114422,23.82
2020-03-20,SRF, EQ, 20-Mar-2020,2936.6,2930.0,3299.9,2862.0,3299.9,3216.85,3067.69,329879,10119.67,30543,75699,22.95
2020-03-23,SRF, EQ, 23-Mar-2020,3216.85,2901.0,3049.0,2605.05,2748.95,2686.55,2830.78,225599,6386.21,21185,94688,41.97
2020-03-24,SRF, EQ, 24-Mar-2020,2686.55,2944.9,2955.0,2635.15,2720.0,2718.5,2773.06,254769,7064.89,28063,77098,30.26
2020-03-25,SRF, EQ, 25-Mar-2020,2718.5,2718.5,2835.0,2467.65,2688.95,2777.95,2703.69,236924,6405.68,30677,46926,19.81
2020-03-26,SRF, EQ, 26-Mar-2020,2777.95,2766.7,2880.0,2660.0,2764.95,2771.5,2803.98,334854,9389.25,36713,138642,41.4
2020-03-27,SRF, EQ, 27-Mar-2020,2771.5,2825.0,2869.2,2682.05,2710.0,2727.0,2756.99,301089,8301.0,35371,115704,38.43
2020-03-30,SRF, EQ, 30-Mar-2020,2727.0,2650.0,2834.0,2550.0,2797.5,2797.5,2765.24,353218,9767.32,42927,155674,44.07
2020-03-31,SRF, EQ, 31-Mar-2020,2797.5,2890.0,2897.0,2745.1,2781.75,2783.3,2786.22,218027,6074.7,28984,88369,40.53
2020-04-01,SRF, EQ, 01-Apr-2020,2783.3,2800.65,2817.85,2620.0,2650.0,2654.95,2715.51,247051,6708.69,32420,83454,33.78
2020-04-03,SRF, EQ, 03-Apr-2020,2654.95,2635.0,2767.6,2562.1,2673.0,2668.35,2665.78,411310,10964.61,37525,130667,31.77
2020-04-07,SRF, EQ, 07-Apr-2020,2668.35,2748.0,2926.95,2702.0,2880.0,2885.7,2830.07,391612,11082.88,42950,134472,34.34
2020-04-08,SRF, EQ, 08-Apr-2020,2885.7,2870.0,3122.95,2812.3,2999.85,2996.75,3004.54,511257,15360.91,51821,188742,36.92
2020-04-09,SRF, EQ, 09-Apr-2020,2996.75,3048.0,3278.0,3030.9,3250.05,3237.75,3151.97,442464,13946.32,46569,131640,29.75
2020-04-13,SRF, EQ, 13-Apr-2020,3237.75,3250.0,3425.0,3180.0,3422.0,3384.15,3325.54,426656,14188.61,33491,119648,30.79
2020-04-15,SRF, EQ, 15-Apr-2020,3384.15,3443.9,3479.9,3252.0,3358.0,3337.2,3395.89,399510,13566.91,33465,132315,33.12
2020-04-16,SRF, EQ, 16-Apr-2020,3337.2,3324.0,3449.0,3257.0,3420.0,3414.1,3367.68,382068,12866.83,31544,139269,36.45
2020-04-17,SRF, EQ, 17-Apr-2020,3414.1,3500.0,3509.8,3340.15,3410.0,3407.1,3409.65,322558,10998.1,32126,141125,43.75
2020-04-20,SRF, EQ, 20-Apr-2020,3407.1,3410.0,3433.9,3303.35,3326.0,3340.55,3351.08,190389,6380.09,20751,56244,29.54
2020-04-21,SRF, EQ, 21-Apr-2020,3340.55,3280.0,3326.85,3235.65,3297.0,3306.65,3288.12,208989,6871.81,20389,53617,25.66
2020-04-22,SRF, EQ, 22-Apr-2020,3306.65,3300.0,3464.85,3285.35,3459.9,3442.8,3387.57,249066,8437.28,24179,60671,24.36
2020-04-23,SRF, EQ, 23-Apr-2020,3442.8,3470.8,3696.15,3460.0,3659.9,3642.95,3607.36,515641,18601.04,42770,79893,15.49
2020-04-24,SRF, EQ, 24-Apr-2020,3642.95,3602.0,3660.8,3470.0,3488.0,3488.05,3566.39,273907,9768.59,27818,63780,23.29
2020-04-27,SRF, EQ, 27-Apr-2020,3488.05,3557.0,3642.8,3522.0,3595.0,3589.6,3592.75,296197,10641.63,29627,71438,24.12
2020-04-28,SRF, EQ, 28-Apr-2020,3589.6,3645.0,3760.0,3599.0,3687.0,3684.9,3705.63,638368,23655.53,52751,76539,11.99
2020-04-29,SRF, EQ, 29-Apr-2020,3684.9,3682.0,3739.0,3615.1,3650.0,3665.6,3686.61,256897,9470.78,25597,52048,20.26
2020-04-30,SRF, EQ, 30-Apr-2020,3665.6,3686.75,3772.0,3686.75,3709.8,3718.75,3728.59,207392,7732.8,23306,42555,20.52
2020-05-04,SRF, EQ, 04-May-2020,3718.75,3650.0,3691.7,3580.8,3624.55,3640.55,3636.68,229759,8355.61,21014,33926,14.77
2020-05-05,SRF, EQ, 05-May-2020,3640.55,3658.0,3729.0,3625.6,3670.0,3649.9,3686.57,269826,9947.31,26935,47221,17.5
2020-05-06,SRF, EQ, 06-May-2020,3649.9,3701.0,3727.75,3634.65,3646.1,3655.05,3678.68,218872,8051.6,19315,26982,12.33
2020-05-07,SRF, EQ, 07-May-2020,3655.05,3650.05,3689.0,3543.1,3591.4,3593.45,3596.87,416157,14968.65,30566,94953,22.82
2020-05-08,SRF, EQ, 08-May-2020,3593.45,3660.0,3660.0,3582.05,3585.4,3595.1,3620.9,112960,4090.17,9878,18965,16.79
2020-05-11,SRF, EQ, 11-May-2020,3595.1,3632.6,3655.0,3555.5,3571.9,3576.85,3608.61,180501,6513.59,20761,56578,31.34
2020-05-12,SRF, EQ, 12-May-2020,3576.85,3566.9,3588.3,3471.0,3530.0,3537.35,3533.92,267040,9436.98,22109,72457,27.13
2020-05-13,SRF, EQ, 13-May-2020,3537.35,3640.0,3719.9,3593.35,3610.0,3605.8,3659.66,285649,10453.79,24729,57205,20.03
2020-05-14,SRF, EQ, 14-May-2020,3605.8,3587.0,3670.0,3555.2,3658.0,3651.6,3638.48,189999,6913.07,14055,44655,23.5
2020-05-15,SRF, EQ, 15-May-2020,3651.6,3666.0,3688.5,3558.25,3588.0,3596.05,3607.31,197824,7136.12,16116,51062,25.81
2020-05-18,SRF, EQ, 18-May-2020,3596.05,3590.0,3590.0,3397.0,3419.95,3423.2,3477.63,158874,5525.06,15271,47233,29.73
2020-05-19,SRF, EQ, 19-May-2020,3423.2,3450.1,3500.0,3306.0,3325.2,3325.35,3410.95,267636,9128.94,26828,81419,30.42
2020-05-20,SRF, EQ, 20-May-2020,3325.35,3335.0,3409.2,3325.55,3380.0,3379.95,3380.93,192605,6511.84,12309,65233,33.87
2020-05-21,SRF, EQ, 21-May-2020,3379.95,3385.0,3455.95,3345.5,3369.7,3370.45,3398.03,163349,5550.64,21198,57643,35.29
2020-05-22,SRF, EQ, 22-May-2020,3370.45,3360.0,3430.0,3324.0,3376.0,3379.95,3379.62,159425,5387.95,16932,39565,24.82
2020-05-26,SRF, EQ, 26-May-2020,3379.95,3400.0,3481.2,3368.0,3425.0,3452.45,3433.08,150024,5150.44,12598,30121,20.08
2020-05-27,SRF, EQ, 27-May-2020,3452.45,3460.0,3460.0,3401.05,3419.0,3426.2,3426.94,100305,3437.4,15961,31279,31.18
2020-05-28,SRF, EQ, 28-May-2020,3426.2,3425.2,3460.0,3370.0,3399.0,3409.4,3406.38,134076,4567.13,12041,24081,17.96
2020-05-29,SRF, EQ, 29-May-2020,3409.4,3395.0,3544.0,3375.0,3490.0,3487.15,3474.76,277105,9628.73,20763,80346,28.99
2020-06-01,SRF, EQ, 01-Jun-2020,3487.15,3520.0,3734.3,3511.8,3709.0,3707.15,3655.4,313811,11471.04,20611,48171,15.35
2020-06-02,SRF, EQ, 02-Jun-2020,3707.15,3707.7,3758.8,3650.0,3689.0,3679.8,3704.93,147348,5459.14,13542,32039,21.74
2020-06-03,SRF, EQ, 03-Jun-2020,3679.8,3700.0,3738.8,3605.65,3652.95,3651.25,3657.6,201066,7354.19,18381,61944,30.81
2020-06-04,SRF, EQ, 04-Jun-2020,3651.25,3651.25,3844.5,3622.3,3844.35,3798.05,3729.16,589995,22001.88,38978,116706,19.78
2020-06-05,SRF, EQ, 05-Jun-2020,3798.05,3790.0,3790.0,3637.0,3650.0,3650.3,3687.66,712370,26269.76,53596,132261,18.57
2020-06-08,SRF, EQ, 08-Jun-2020,3650.3,3680.0,3755.0,3611.0,3680.0,3697.15,3703.72,471468,17461.88,41238,100607,21.34
2020-06-09,SRF, EQ, 09-Jun-2020,3697.15,3692.0,3723.75,3630.15,3649.0,3654.75,3681.15,296068,10898.71,23595,92943,31.39
2020-06-10,SRF, EQ, 10-Jun-2020,3654.75,3670.0,3716.2,3631.0,3650.0,3641.55,3666.38,213234,7817.97,15700,46041,21.59
2020-06-11,SRF, EQ, 11-Jun-2020,3641.55,3649.0,3736.95,3592.0,3625.4,3625.7,3674.29,420774,15460.47,35977,71538,17.0
2020-06-12,SRF, EQ, 12-Jun-2020,3625.7,3550.0,3694.4,3529.2,3680.1,3683.0,3634.05,232589,8452.41,23457,47294,20.33
2020-06-15,SRF, EQ, 15-Jun-2020,3683.0,3699.1,3724.5,3600.05,3615.0,3615.2,3649.52,203633,7431.64,15175,42077,20.66
2020-06-16,SRF, EQ, 16-Jun-2020,3615.2,3667.95,3697.8,3545.5,3610.0,3615.25,3628.87,356425,12934.22,19433,129153,36.24
2020-06-17,SRF, EQ, 17-Jun-2020,3615.25,3615.0,3673.2,3566.4,3612.0,3621.25,3629.78,293368,10648.62,16431,125857,42.9
2020-06-18,SRF, EQ, 18-Jun-2020,3621.25,3615.0,3654.95,3580.0,3605.0,3604.75,3611.27,244315,8822.88,16063,131813,53.95
2020-06-19,SRF, EQ, 19-Jun-2020,3604.75,3615.0,3660.0,3597.7,3614.0,3614.15,3626.12,281420,10204.62,19884,112782,40.08
2020-06-22,SRF, EQ, 22-Jun-2020,3614.15,3618.15,3656.0,3608.0,3619.0,3618.2,3625.17,115805,4198.12,10472,36568,31.58
2020-06-23,SRF, EQ, 23-Jun-2020,3618.2,3650.0,3748.0,3576.45,3715.0,3715.2,3690.05,329272,12150.29,26713,83858,25.47
2020-06-24,SRF, EQ, 24-Jun-2020,3715.2,3738.0,3757.15,3582.05,3602.0,3601.35,3653.39,351709,12849.29,27439,128292,36.48
2020-06-25,SRF, EQ, 25-Jun-2020,3601.35,3601.35,3644.85,3562.0,3616.8,3615.15,3615.94,178996,6472.39,13564,38936,21.75
2020-06-26,SRF, EQ, 26-Jun-2020,3615.15,3640.0,3664.95,3586.55,3600.0,3602.0,3623.39,175971,6376.11,13010,54237,30.82
2020-06-29,SRF, EQ, 29-Jun-2020,3602.0,3600.0,3639.95,3584.05,3605.0,3603.5,3616.92,111410,4029.61,12234,34069,30.58
2020-06-30,SRF, EQ, 30-Jun-2020,3603.5,3610.0,3652.0,3575.1,3607.0,3605.7,3614.11,87548,3164.08,6665,28323,32.35
2020-07-01,SRF, EQ, 01-Jul-2020,3605.7,3607.0,3628.15,3585.0,3602.5,3597.95,3608.27,101975,3679.53,7107,21179,20.77
2020-07-02,SRF, EQ, 02-Jul-2020,3597.95,3609.5,3710.0,3609.0,3654.0,3654.2,3666.9,352012,12907.93,23565,62493,17.75
2020-07-03,SRF, EQ, 03-Jul-2020,3654.2,3655.35,3685.35,3630.0,3645.0,3643.4,3650.77,63209,2307.61,5451,16078,25.44
2020-07-06,SRF, EQ, 06-Jul-2020,3643.4,3655.0,3879.9,3655.0,3875.0,3850.3,3804.53,872617,33198.98,57924,168520,19.31
2020-07-07,SRF, EQ, 07-Jul-2020,3850.3,3875.0,3922.3,3811.1,3823.4,3831.0,3859.47,278262,10739.43,21155,44894,16.13
2020-07-08,SRF, EQ, 08-Jul-2020,3831.0,3870.0,4043.55,3860.1,3905.15,3900.6,3978.88,921868,36680.03,69312,101264,10.98
2020-07-09,SRF, EQ, 09-Jul-2020,3900.6,3910.0,3960.0,3840.0,3903.0,3890.65,3889.51,218709,8506.7,17160,42100,19.25
2020-07-10,SRF, EQ, 10-Jul-2020,3890.65,3840.0,3962.0,3840.0,3890.6,3894.65,3919.24,200421,7854.97,16929,30821,15.38
2020-07-13,SRF, EQ, 13-Jul-2020,3894.65,3916.6,3940.95,3816.05,3840.0,3840.65,3861.55,195859,7563.19,17471,62428,31.87
2020-07-14,SRF, EQ, 14-Jul-2020,3840.65,3795.6,3893.95,3790.0,3795.6,3804.05,3828.72,208161,7969.9,17501,65432,31.43
2020-07-15,SRF, EQ, 15-Jul-2020,3804.05,3830.0,3857.95,3762.0,3786.0,3793.4,3813.49,147082,5608.96,12299,42593,28.96
2020-07-16,SRF, EQ, 16-Jul-2020,3793.4,3800.0,3835.1,3761.55,3813.3,3814.45,3798.61,120625,4582.07,10148,23660,19.61
2020-07-17,SRF, EQ, 17-Jul-2020,3814.45,3820.0,3872.5,3794.05,3810.0,3813.3,3822.25,143497,5484.82,14229,48058,33.49
2020-07-20,SRF, EQ, 20-Jul-2020,3813.3,3839.0,3914.15,3817.15,3845.55,3849.3,3871.14,199323,7716.07,16132,32766,16.44
2020-07-21,SRF, EQ, 21-Jul-2020,3849.3,3875.0,3896.25,3772.0,3807.0,3806.15,3819.63,121214,4629.93,11302,37466,30.91
2020-07-22,SRF, EQ, 22-Jul-2020,3806.15,3833.9,3870.0,3770.0,3805.85,3812.9,3817.74,171782,6558.19,13399,30051,17.49
2020-07-23,SRF, EQ, 23-Jul-2020,3812.9,3822.0,3883.95,3800.4,3837.0,3841.3,3845.01,202667,7792.57,13261,32412,15.99
2020-07-24,SRF, EQ, 24-Jul-2020,3841.3,3830.0,3878.0,3772.25,3794.8,3790.0,3810.4,155507,5925.43,13507,40129,25.81
2020-07-27,SRF, EQ, 27-Jul-2020,3790.0,3809.0,3830.6,3722.1,3765.0,3765.7,3762.23,148454,5585.18,12234,34814,23.45
2020-07-28,SRF, EQ, 28-Jul-2020,3765.7,3777.85,3810.0,3760.15,3769.35,3770.9,3781.8,83783,3168.51,6458,16339,19.5
2020-07-29,SRF, EQ, 29-Jul-2020,3770.9,3795.0,3948.45,3772.0,3947.7,3934.85,3896.12,411919,16048.86,29192,99699,24.2
2020-07-30,SRF, EQ, 30-Jul-2020,3934.85,3974.0,4030.0,3726.9,3753.35,3760.2,3901.24,937199,36562.41,63718,142470,15.2
2020-07-31,SRF, EQ, 31-Jul-2020,3760.2,3788.0,3886.25,3756.0,3782.3,3793.15,3815.79,333517,12726.29,26470,41341,12.4
2020-08-03,SRF, EQ, 03-Aug-2020,3793.15,3785.0,3878.8,3785.0,3840.0,3833.4,3828.2,228660,8753.56,16296,49242,21.54
2020-08-04,SRF, EQ, 04-Aug-2020,3833.4,3850.0,3890.0,3796.7,3813.15,3811.4,3830.15,137037,5248.72,14572,39523,28.84
2020-08-05,SRF, EQ, 05-Aug-2020,3811.4,3819.0,3901.7,3815.0,3822.05,3819.2,3855.08,263517,10158.79,17505,72655,27.57
2020-08-06,SRF, EQ, 06-Aug-2020,3819.2,3849.5,3860.0,3790.85,3829.0,3831.05,3829.11,203169,7779.56,17713,62109,30.57
2020-08-07,SRF, EQ, 07-Aug-2020,3831.05,3840.0,4122.95,3830.55,4078.0,4081.35,4020.16,1011129,40649.04,68385,195142,19.3
2020-08-10,SRF, EQ, 10-Aug-2020,4081.35,4120.0,4276.65,4063.6,4227.5,4221.55,4179.31,834885,34892.44,60484,88088,10.55
2020-08-11,SRF, EQ, 11-Aug-2020,4221.55,4224.0,4307.95,4150.0,4155.0,4159.4,4218.48,546339,23047.23,38113,51177,9.37
2020-08-12,SRF, EQ, 12-Aug-2020,4159.4,4140.0,4238.0,4095.35,4147.0,4148.5,4172.9,302073,12605.2,26238,38556,12.76
2020-08-13,SRF, EQ, 13-Aug-2020,4148.5,4171.1,4235.0,4145.0,4200.0,4206.05,4192.21,328144,13756.47,27255,83319,25.39
2020-08-14,SRF, EQ, 14-Aug-2020,4206.05,4225.0,4273.1,4135.0,4170.0,4174.6,4211.19,322353,13574.91,23539,76931,23.87
2020-08-17,SRF, EQ, 17-Aug-2020,4174.6,4189.0,4215.0,4122.1,4145.0,4142.3,4160.29,171876,7150.54,17579,51942,30.22
2020-08-18,SRF, EQ, 18-Aug-2020,4142.3,4141.0,4331.25,4120.0,4289.9,4282.35,4264.45,485139,20688.5,35115,60979,12.57
2020-08-19,SRF, EQ, 19-Aug-2020,4282.35,4295.0,4359.0,4272.4,4299.0,4295.05,4320.17,351148,15170.2,26064,63983,18.22
2020-08-20,SRF, EQ, 20-Aug-2020,4295.05,4275.0,4350.0,4225.75,4246.0,4252.35,4288.41,282558,12117.25,23468,40973,14.5
2020-08-21,SRF, EQ, 21-Aug-2020,4252.35,4275.0,4388.95,4267.3,4284.6,4286.45,4341.2,391120,16979.29,32588,54412,13.91
2020-08-24,SRF, EQ, 24-Aug-2020,4286.45,4300.5,4439.15,4300.5,4343.75,4333.2,4372.7,495774,21678.72,42942,52340,10.56
2020-08-25,SRF, EQ, 25-Aug-2020,4333.2,4358.0,4410.0,4262.1,4289.0,4276.25,4327.49,303304,13125.44,25150,49510,16.32
2020-08-26,SRF, EQ, 26-Aug-2020,4276.25,4298.0,4329.0,4210.4,4254.75,4256.65,4264.31,185977,7930.64,14726,48746,26.21
2020-08-27,SRF, EQ, 27-Aug-2020,4256.65,4280.0,4323.9,4227.1,4234.0,4238.3,4276.18,209252,8947.99,20759,53569,25.6
2020-08-28,SRF, EQ, 28-Aug-2020,4238.3,4259.9,4276.0,4210.0,4214.0,4226.0,4243.53,146907,6234.04,10966,24430,16.63
2020-08-31,SRF, EQ, 31-Aug-2020,4226.0,4234.0,4270.95,4013.75,4052.0,4053.9,4113.62,241469,9933.12,23332,53815,22.29
2020-09-01,SRF, EQ, 01-Sep-2020,4053.9,4065.0,4151.95,4035.9,4141.95,4112.75,4094.13,201156,8235.58,16546,38061,18.92
2020-09-02,SRF, EQ, 02-Sep-2020,4112.75,4139.9,4291.95,4121.4,4230.0,4218.2,4229.61,273542,11569.77,25659,69441,25.39
2020-09-03,SRF, EQ, 03-Sep-2020,4218.2,4243.0,4340.0,4214.05,4312.55,4323.9,4279.38,278934,11936.64,24089,49040,17.58
2020-09-04,SRF, EQ, 04-Sep-2020,4323.9,4248.75,4374.8,4167.05,4210.0,4202.05,4278.64,370105,15835.45,31196,51003,13.78
2020-09-07,SRF, EQ, 07-Sep-2020,4202.05,4203.0,4281.7,4150.5,4195.0,4196.85,4211.42,225831,9510.7,17566,40144,17.78
2020-09-08,SRF, EQ, 08-Sep-2020,4196.85,4200.0,4227.4,4105.2,4114.0,4132.05,4174.64,182208,7606.52,11344,72803,39.96
2020-09-09,SRF, EQ, 09-Sep-2020,4132.05,4108.0,4137.95,4035.0,4132.85,4123.55,4090.79,206441,8445.08,23322,71403,34.59
2020-09-10,SRF, EQ, 10-Sep-2020,4123.55,4160.0,4220.0,4093.05,4120.0,4118.0,4147.1,174907,7253.57,17902,37044,21.18
2020-09-11,SRF, EQ, 11-Sep-2020,4118.0,4140.8,4219.0,4115.0,4208.0,4206.05,4162.55,209268,8710.89,19809,36935,17.65
2020-09-14,SRF, EQ, 14-Sep-2020,4206.05,4234.45,4369.95,4223.0,4335.2,4330.3,4313.97,380624,16420.0,30403,101376,26.63
2020-09-15,SRF, EQ, 15-Sep-2020,4330.3,4384.0,4384.0,4278.0,4316.55,4316.45,4326.62,222690,9634.94,20357,40080,18.0
2020-09-16,SRF, EQ, 16-Sep-2020,4316.45,4348.0,4384.0,4320.15,4340.0,4346.75,4351.27,178290,7757.88,20410,34224,19.2
2020-09-17,SRF, EQ, 17-Sep-2020,4346.75,4320.0,4475.0,4311.05,4404.0,4392.65,4426.74,485723,21501.69,42036,58175,11.98
2020-09-18,SRF, EQ, 18-Sep-2020,4392.65,4424.0,4443.4,4287.5,4323.0,4317.95,4345.49,487825,21198.38,35141,194512,39.87
2020-09-21,SRF, EQ, 21-Sep-2020,4317.95,4320.15,4351.2,4133.25,4139.9,4159.4,4243.78,167969,7128.24,18905,34093,20.3
2020-09-22,SRF, EQ, 22-Sep-2020,4159.4,4150.55,4184.85,4005.9,4121.0,4126.55,4088.75,218609,8938.38,23291,48873,22.36
2020-09-23,SRF, EQ, 23-Sep-2020,4126.55,4136.0,4183.85,4044.0,4113.0,4117.0,4116.7,117776,4848.49,12792,23923,20.31
2020-09-24,SRF, EQ, 24-Sep-2020,4117.0,4098.0,4100.9,3993.6,4010.0,4005.65,4031.59,182973,7376.72,19139,48919,26.74
2020-09-25,SRF, EQ, 25-Sep-2020,4005.65,4032.0,4111.95,4026.0,4104.25,4084.2,4075.07,123270,5023.34,12950,24877,20.18
2020-09-28,SRF, EQ, 28-Sep-2020,4084.2,4138.6,4207.7,4104.25,4197.6,4169.15,4153.22,137476,5709.68,12031,37004,26.92
2020-09-29,SRF, EQ, 29-Sep-2020,4169.15,4260.0,4329.75,4069.1,4132.0,4135.45,4184.0,656558,27470.36,43462,90406,13.77
2020-09-30,SRF, EQ, 30-Sep-2020,4135.45,4136.0,4172.55,4101.9,4124.0,4130.1,4135.02,133335,5513.42,11393,43547,32.66
2020-10-01,SRF, EQ, 01-Oct-2020,4130.1,4159.6,4192.95,4101.1,4115.0,4113.45,4134.49,121716,5032.34,10730,34321,28.2
2020-10-05,SRF, EQ, 05-Oct-2020,4113.45,4124.7,4174.9,4093.0,4134.0,4127.4,4132.94,172375,7124.16,12621,40423,23.45
2020-10-06,SRF, EQ, 06-Oct-2020,4127.4,4146.8,4182.9,4117.0,4127.4,4125.55,4146.79,157193,6518.46,17784,73919,47.02
2020-10-07,SRF, EQ, 07-Oct-2020,4125.55,4125.55,4199.0,4100.0,4156.0,4156.3,4159.4,131772,5480.93,13957,35360,26.83
2020-10-08,SRF, EQ, 08-Oct-2020,4156.3,4174.0,4296.1,4170.7,4255.45,4263.0,4241.89,304357,12910.49,31079,75543,24.82
2020-10-09,SRF, EQ, 09-Oct-2020,4263.0,4267.5,4298.0,4211.15,4264.95,4266.75,4259.26,162337,6914.36,12053,38955,24.0
2020-10-12,SRF, EQ, 12-Oct-2020,4266.75,4288.05,4407.0,4255.05,4380.85,4372.95,4353.71,458060,19942.58,28783,108797,23.75
2020-10-13,SRF, EQ, 13-Oct-2020,4372.95,4372.0,4432.45,4331.35,4380.0,4384.25,4380.28,375906,16465.75,25678,80592,21.44
2020-10-14,SRF, EQ, 14-Oct-2020,4384.25,4380.0,4408.75,4289.6,4356.35,4371.75,4346.44,370762,16114.96,21311,157087,42.37
2020-10-15,SRF, EQ, 15-Oct-2020,4371.75,4357.0,4467.95,4330.1,4337.0,4351.7,4394.52,438766,19281.67,25701,147802,33.69
2020-10-16,SRF, EQ, 16-Oct-2020,4351.7,4414.0,4507.15,4390.0,4461.7,4450.95,4437.66,430760,19115.65,27071,69345,16.1
2020-10-19,SRF, EQ, 19-Oct-2020,4450.95,4486.6,4525.0,4392.0,4455.05,4450.65,4448.38,293290,13046.64,19436,90266,30.78
2020-10-20,SRF, EQ, 20-Oct-2020,4450.65,4455.6,4524.5,4440.15,4490.0,4485.4,4476.32,192555,8619.38,16468,35547,18.46
2020-10-21,SRF, EQ, 21-Oct-2020,4485.4,4492.0,4551.15,4390.0,4425.0,4438.65,4486.61,231313,10378.11,19001,43529,18.82
2020-10-22,SRF, EQ, 22-Oct-2020,4438.65,4439.9,4454.4,4340.0,4376.8,4375.65,4381.59,154632,6775.34,15073,53825,34.81
2020-10-23,SRF, EQ, 23-Oct-2020,4375.65,4399.7,4447.0,4377.7,4425.1,4422.55,4416.04,115110,5083.3,11009,24014,20.86
2020-10-26,SRF, EQ, 26-Oct-2020,4422.55,4425.0,4443.95,4298.2,4330.0,4338.65,4354.51,74684,3252.12,7630,14031,18.79
2020-10-27,SRF, EQ, 27-Oct-2020,4338.65,4330.0,4400.0,4290.05,4377.3,4381.2,4365.2,104071,4542.91,11467,22406,21.53
2020-10-28,SRF, EQ, 28-Oct-2020,4381.2,4379.0,4466.55,4350.0,4379.05,4372.45,4408.37,141268,6227.62,16420,35600,25.2
2020-10-29,SRF, EQ, 29-Oct-2020,4372.45,4349.9,4472.0,4325.0,4460.0,4438.4,4412.64,144393,6371.55,13599,28760,19.92
2020-10-30,SRF, EQ, 30-Oct-2020,4438.4,4464.9,4557.3,4347.2,4390.0,4416.8,4438.08,348338,15459.52,32604,92116,26.44
2020-11-02,SRF, EQ, 02-Nov-2020,4416.8,4416.8,4460.0,4348.75,4425.0,4402.65,4389.26,143892,6315.8,16606,48887,33.97
2020-11-03,SRF, EQ, 03-Nov-2020,4402.65,4430.2,4444.9,4334.15,4400.0,4393.8,4381.53,116245,5093.31,11563,29406,25.3
2020-11-04,SRF, EQ, 04-Nov-2020,4393.8,4400.0,4459.0,4355.0,4443.25,4443.15,4406.74,157063,6921.35,12363,19620,12.49
2020-11-05,SRF, EQ, 05-Nov-2020,4443.15,4590.0,4887.45,4492.0,4868.0,4867.0,4747.96,1465504,69581.52,113742,185249,12.64
2020-11-06,SRF, EQ, 06-Nov-2020,4867.0,4867.0,5074.0,4853.0,4930.65,4966.9,4996.42,1244337,62172.33,99155,191162,15.36
2020-11-09,SRF, EQ, 09-Nov-2020,4966.9,4966.95,5100.0,4932.05,5100.0,5055.25,5000.87,279137,13959.27,25111,37994,13.61
2020-11-10,SRF, EQ, 10-Nov-2020,5055.25,5099.0,5122.0,4932.15,4984.0,4984.65,5024.27,239183,12017.21,22387,38212,15.98
2020-11-11,SRF, EQ, 11-Nov-2020,4984.65,4978.15,5039.5,4935.35,4990.2,5004.95,4978.53,169259,8426.62,15966,38454,22.72
2020-11-12,SRF, EQ, 12-Nov-2020,5004.95,5004.95,5125.0,4985.8,5100.0,5084.65,5070.3,269147,13646.55,25546,44278,16.45
2020-11-13,SRF, EQ, 13-Nov-2020,5084.65,5040.05,5152.0,5040.05,5135.0,5137.05,5100.42,169351,8637.62,17597,32492,19.19
2020-11-14,SRF, EQ, 14-Nov-2020,5137.05,5142.0,5160.0,5111.9,5120.0,5135.35,5145.96,21620,1112.56,1987,8643,39.98
2020-11-17,SRF, EQ, 17-Nov-2020,5135.35,5135.5,5178.25,5035.5,5054.0,5062.0,5081.22,233538,11866.58,23647,99833,42.75
2020-11-18,SRF, EQ, 18-Nov-2020,5062.0,5050.0,5084.2,5009.0,5028.1,5028.0,5039.22,150095,7563.62,15310,70844,47.2
2020-11-19,SRF, EQ, 19-Nov-2020,5028.0,5013.0,5215.0,4957.7,5060.0,5053.8,5130.63,484419,24853.75,38897,141545,29.22
2020-11-20,SRF, EQ, 20-Nov-2020,5053.8,5051.1,5174.15,5031.65,5095.6,5087.15,5106.3,183116,9350.46,17686,33446,18.26
2020-11-23,SRF, EQ, 23-Nov-2020,5087.15,5101.25,5175.0,5074.3,5171.4,5159.05,5136.14,135908,6980.42,13454,42135,31.0
2020-11-24,SRF, EQ, 24-Nov-2020,5159.05,5174.0,5367.2,5160.05,5351.0,5332.6,5299.97,439124,23273.43,41748,116599,26.55
2020-11-25,SRF, EQ, 25-Nov-2020,5332.6,5345.0,5353.0,5082.4,5119.55,5105.75,5160.33,276061,14245.67,29289,86653,31.39
2020-11-26,SRF, EQ, 26-Nov-2020,5105.75,5139.0,5166.0,5026.4,5067.05,5076.1,5074.05,233949,11870.68,20002,72592,31.03
2020-11-27,SRF, EQ, 27-Nov-2020,5076.1,5090.0,5192.0,5030.0,5126.0,5133.65,5112.83,495836,25351.24,36433,331541,66.87
2020-12-01,SRF, EQ, 01-Dec-2020,5133.65,5179.5,5179.5,5066.35,5098.95,5098.0,5116.18,116811,5976.27,12706,38158,32.67
2020-12-02,SRF, EQ, 02-Dec-2020,5098.0,5108.0,5242.2,5091.9,5235.0,5212.75,5168.13,208526,10776.89,18031,38650,18.53
2020-12-03,SRF, EQ, 03-Dec-2020,5212.75,5235.0,5325.0,5217.05,5259.9,5266.65,5267.14,208526,10983.36,17477,42860,20.55
2020-12-04,SRF, EQ, 04-Dec-2020,5266.65,5259.0,5347.4,5229.4,5335.05,5332.9,5294.77,131550,6965.26,12896,32577,24.76
2020-12-07,SRF, EQ, 07-Dec-2020,5332.9,5337.9,5424.0,5332.9,5351.6,5367.3,5380.12,157050,8449.48,15733,33150,21.11
2020-12-08,SRF, EQ, 08-Dec-2020,5367.3,5384.8,5427.95,5312.25,5346.0,5345.7,5371.79,124339,6679.23,12661,29269,23.54
2020-12-09,SRF, EQ, 09-Dec-2020,5345.7,5353.0,5447.95,5353.0,5424.6,5424.35,5412.88,159758,8647.51,19179,38260,23.95
2020-12-10,SRF, EQ, 10-Dec-2020,5424.35,5409.0,5419.0,5280.0,5323.0,5314.35,5335.19,121245,6468.65,12096,35699,29.44
2020-12-11,SRF, EQ, 11-Dec-2020,5314.35,5330.6,5374.95,5239.9,5269.05,5267.95,5298.19,100993,5350.8,10102,26034,25.78
2020-12-14,SRF, EQ, 14-Dec-2020,5267.95,5299.0,5348.45,5240.3,5316.0,5311.8,5292.29,134670,7127.13,15846,38872,28.86
2020-12-15,SRF, EQ, 15-Dec-2020,5311.8,5308.0,5341.35,5200.05,5235.0,5216.25,5232.85,215034,11252.4,22641,89263,41.51
2020-12-16,SRF, EQ, 16-Dec-2020,5216.25,5255.55,5357.8,5222.0,5340.0,5343.05,5308.49,196024,10405.91,16221,40251,20.53
2020-12-17,SRF, EQ, 17-Dec-2020,5343.05,5312.0,5584.0,5312.0,5539.95,5529.6,5502.57,471701,25955.68,44402,75810,16.07
2020-12-18,SRF, EQ, 18-Dec-2020,5529.6,5560.0,5614.65,5498.2,5522.95,5559.3,5556.33,343302,19074.99,20225,142710,41.57
2020-12-21,SRF, EQ, 21-Dec-2020,5559.3,5460.0,5540.0,5220.9,5269.8,5278.95,5405.59,188452,10186.94,21774,52477,27.85
2020-12-22,SRF, EQ, 22-Dec-2020,5278.95,5337.0,5413.1,5108.45,5384.5,5389.5,5291.79,241041,12755.37,23874,43300,17.96
2020-12-23,SRF, EQ, 23-Dec-2020,5389.5,5381.95,5567.0,5352.0,5551.9,5532.2,5462.25,109941,6005.25,10570,20469,18.62
2020-12-24,SRF, EQ, 24-Dec-2020,5532.2,5569.8,5643.75,5456.05,5490.1,5482.75,5540.15,180071,9976.21,16103,24889,13.82
2020-12-28,SRF, EQ, 28-Dec-2020,5482.75,5520.0,5537.2,5450.5,5508.0,5505.35,5494.48,98372,5405.03,9295,12904,13.12
2020-12-29,SRF, EQ, 29-Dec-2020,5505.35,5530.0,5565.0,5460.8,5480.0,5485.8,5517.05,136022,7504.4,12260,12905,9.49
2020-12-30,SRF, EQ, 30-Dec-2020,5485.8,5500.0,5591.45,5480.0,5526.0,5516.95,5529.22,186725,10324.43,18169,28895,15.47
2020-12-31,SRF, EQ, 31-Dec-2020,5516.95,5535.0,5589.95,5487.25,5557.6,5573.9,5538.16,136310,7549.06,12411,34023,24.96
2021-01-01,SRF, EQ, 01-Jan-2021,5573.9,5550.0,5730.0,5549.0,5730.0,5681.2,5637.6,183896,10367.32,14400,28705,15.61
2021-01-04,SRF, EQ, 04-Jan-2021,5681.2,5715.0,5723.15,5625.0,5689.95,5687.1,5683.07,177035,10061.01,15578,56837,32.1
2021-01-05,SRF, EQ, 05-Jan-2021,5687.1,5675.0,5718.95,5590.0,5689.0,5695.25,5657.68,110797,6268.54,10770,19274,17.4
2021-01-06,SRF, EQ, 06-Jan-2021,5695.25,5701.0,5794.7,5646.0,5694.8,5701.45,5732.83,190537,10923.16,16827,18842,9.89
2021-01-07,SRF, EQ, 07-Jan-2021,5701.45,5739.9,5785.0,5684.5,5705.8,5709.6,5742.02,91740,5267.73,9461,20212,22.03
2021-01-08,SRF, EQ, 08-Jan-2021,5709.6,5765.0,5965.0,5724.7,5938.0,5916.95,5848.16,218155,12758.05,21994,65973,30.24
2021-01-11,SRF, EQ, 11-Jan-2021,5916.95,5919.0,6030.9,5867.0,5932.0,5921.05,5938.15,244522,14520.08,19091,82445,33.72
2021-01-12,SRF, EQ, 12-Jan-2021,5921.05,5931.7,6002.8,5888.8,5935.0,5929.4,5939.25,147776,8776.78,15776,26870,18.18
2021-01-13,SRF, EQ, 13-Jan-2021,5929.4,5949.0,6039.3,5844.6,6020.0,6008.95,5952.26,160915,9578.08,14266,23913,14.86
2021-01-14,SRF, EQ, 14-Jan-2021,6008.95,6034.0,6035.0,5893.05,5965.0,5979.55,5971.31,108940,6505.14,11340,19423,17.83
2021-01-15,SRF, EQ, 15-Jan-2021,5979.55,5971.0,6070.5,5800.0,5825.0,5829.15,5914.1,188109,11124.96,18486,39200,20.84
2021-01-18,SRF, EQ, 18-Jan-2021,5829.15,5840.0,5849.95,5640.0,5727.0,5736.3,5719.28,178095,10185.75,20115,63547,35.68
2021-01-19,SRF, EQ, 19-Jan-2021,5736.3,5797.3,5860.0,5775.0,5828.0,5828.35,5828.31,132597,7728.16,11656,65393,49.32
2021-01-20,SRF, EQ, 20-Jan-2021,5828.35,5858.0,5926.0,5781.0,5879.1,5865.95,5865.39,162852,9551.9,18577,67348,41.36
2021-01-21,SRF, EQ, 21-Jan-2021,5865.95,5895.3,5962.0,5578.2,5671.2,5772.6,5878.38,347500,20427.38,25607,147735,42.51
2021-01-22,SRF, EQ, 22-Jan-2021,5772.6,5695.5,5734.95,5347.0,5413.65,5405.3,5444.66,718734,39132.64,92541,245552,34.16
2021-01-25,SRF, EQ, 25-Jan-2021,5405.3,5523.9,5523.9,5240.0,5381.9,5387.35,5392.12,327101,17637.68,31993,99859,30.53
2021-01-27,SRF, EQ, 27-Jan-2021,5387.35,5394.0,5460.0,5325.05,5365.0,5361.7,5388.8,223452,12041.38,29391,100269,44.87
2021-01-28,SRF, EQ, 28-Jan-2021,5361.7,5315.0,5494.9,5315.0,5369.0,5370.55,5422.09,310852,16854.67,36391,110663,35.6
2021-01-29,SRF, EQ, 29-Jan-2021,5370.55,5405.0,5438.95,5319.0,5349.0,5369.95,5387.86,195391,10527.39,22598,84139,43.06
2021-02-01,SRF, EQ, 01-Feb-2021,5369.95,5390.0,5539.7,5296.0,5486.1,5490.95,5437.5,343680,18687.62,36085,169195,49.23
2021-02-02,SRF, EQ, 02-Feb-2021,5490.95,5540.0,5581.3,5430.0,5460.0,5449.55,5503.12,246981,13591.66,29608,118693,48.06
2021-02-03,SRF, EQ, 03-Feb-2021,5449.55,5469.8,5722.95,5469.8,5620.0,5619.95,5597.01,346699,19404.76,31887,133859,38.61
2021-02-04,SRF, EQ, 04-Feb-2021,5619.95,5650.0,5740.0,5566.95,5712.0,5710.7,5672.88,154386,8758.14,18019,43357,28.08
2021-02-05,SRF, EQ, 05-Feb-2021,5710.7,5710.7,5714.35,5550.0,5559.0,5567.9,5613.89,129729,7282.84,16195,42036,32.4
2021-02-08,SRF, EQ, 08-Feb-2021,5567.9,5589.0,5673.6,5568.0,5642.0,5634.95,5616.33,93425,5247.06,12158,26381,28.24
2021-02-09,SRF, EQ, 09-Feb-2021,5634.95,5634.0,5693.7,5508.0,5543.7,5527.1,5598.05,124387,6963.25,15072,41620,33.46
2021-02-10,SRF, EQ, 10-Feb-2021,5527.1,5559.0,5596.0,5490.0,5535.05,5535.1,5549.33,156448,8681.81,15012,73925,47.25
2021-02-11,SRF, EQ, 11-Feb-2021,5535.1,5550.0,5705.95,5510.0,5690.0,5676.8,5630.19,159278,8967.66,22221,52599,33.02
2021-02-12,SRF, EQ, 12-Feb-2021,5676.8,5676.8,5757.9,5570.0,5638.85,5615.9,5669.02,154628,8765.89,18604,38414,24.84
2021-02-15,SRF, EQ, 15-Feb-2021,5615.9,5634.95,5725.0,5610.3,5625.25,5622.2,5668.23,123535,7002.24,20193,49694,40.23
2021-02-16,SRF, EQ, 16-Feb-2021,5622.2,5632.0,5820.0,5625.0,5779.0,5787.6,5720.85,172931,9893.13,20390,45544,26.34
2021-02-17,SRF, EQ, 17-Feb-2021,5787.6,5782.0,5842.5,5650.0,5684.95,5686.15,5755.02,215848,12422.09,19629,40089,18.57
2021-02-18,SRF, EQ, 18-Feb-2021,5686.15,5700.0,5729.95,5625.1,5656.15,5680.6,5680.67,75821,4307.14,10669,21563,28.44
2021-02-19,SRF, EQ, 19-Feb-2021,5680.6,5658.95,5708.25,5419.55,5533.0,5517.6,5562.64,185580,10323.14,25996,64072,34.53
2021-02-22,SRF, EQ, 22-Feb-2021,5517.6,5543.2,5569.0,5285.4,5359.95,5355.15,5395.34,206509,11141.86,25355,73485,35.58
2021-02-23,SRF, EQ, 23-Feb-2021,5355.15,5385.0,5453.95,5370.0,5420.95,5410.7,5412.42,85858,4646.99,11266,23596,27.48
2021-02-24,SRF, EQ, 24-Feb-2021,5410.7,5415.0,5535.0,5390.0,5505.0,5480.45,5432.41,42649,2316.87,5467,17056,39.99
2021-02-25,SRF, EQ, 25-Feb-2021,5480.45,5505.0,5595.0,5400.0,5537.0,5540.35,5487.99,210737,11565.22,20658,86503,41.05
2021-02-26,SRF, EQ, 26-Feb-2021,5540.35,5425.0,5540.95,5315.05,5424.0,5437.95,5420.95,329200,17845.77,30628,152546,46.34
2021-03-01,SRF, EQ, 01-Mar-2021,5437.95,5438.0,5519.4,5388.6,5421.0,5421.75,5439.95,109665,5965.72,13681,36417,33.21
2021-03-02,SRF, EQ, 02-Mar-2021,5421.75,5450.0,5550.0,5421.0,5544.0,5501.8,5467.9,119790,6550.0,15322,58093,48.5
2021-03-03,SRF, EQ, 03-Mar-2021,5501.8,5535.0,5739.0,5535.0,5700.0,5690.8,5641.78,181759,10254.45,19268,50880,27.99
2021-03-04,SRF, EQ, 04-Mar-2021,5690.8,5660.0,5740.05,5605.55,5739.0,5714.85,5679.9,121743,6914.88,13213,30251,24.85
2021-03-05,SRF, EQ, 05-Mar-2021,5714.85,5750.0,5820.5,5560.7,5620.0,5624.45,5689.43,184392,10490.85,20753,46585,25.26
2021-03-08,SRF, EQ, 08-Mar-2021,5624.45,5659.0,5729.55,5600.05,5668.9,5663.25,5660.16,96092,5438.96,13591,29188,30.38
2021-03-09,SRF, EQ, 09-Mar-2021,5663.25,5678.8,5704.85,5570.0,5609.05,5624.35,5641.93,87933,4961.12,10509,33623,38.24
2021-03-10,SRF, EQ, 10-Mar-2021,5624.35,5636.15,5692.7,5604.7,5646.0,5658.6,5643.34,65597,3701.86,11020,29104,44.37
2021-03-12,SRF, EQ, 12-Mar-2021,5658.6,5661.0,5720.0,5580.6,5590.0,5599.0,5640.63,116215,6555.26,17675,38556,33.18
2021-03-15,SRF, EQ, 15-Mar-2021,5599.0,5625.0,5625.0,5481.0,5558.6,5534.65,5526.55,110711,6118.5,15143,48009,43.36
2021-03-16,SRF, EQ, 16-Mar-2021,5534.65,5590.0,5590.0,5481.0,5514.9,5503.25,5513.15,79326,4373.36,9486,38140,48.08
2021-03-17,SRF, EQ, 17-Mar-2021,5503.25,5500.0,5514.9,5375.1,5404.55,5404.7,5431.38,101716,5524.58,13531,39416,38.75
2021-03-18,SRF, EQ, 18-Mar-2021,5404.7,5479.0,5480.0,5268.0,5283.0,5284.95,5315.32,209957,11159.88,15858,113180,53.91
2021-03-19,SRF, EQ, 19-Mar-2021,5284.95,5225.0,5400.0,5131.05,5262.0,5314.65,5286.33,283241,14973.06,26288,123240,43.51
2021-03-22,SRF, EQ, 22-Mar-2021,5314.65,5270.0,5322.75,5234.05,5285.0,5281.0,5274.5,91631,4833.07,17509,34826,38.01
2021-03-23,SRF, EQ, 23-Mar-2021,5281.0,5281.0,5367.6,5267.55,5320.0,5339.35,5315.13,154029,8186.84,14787,67952,44.12
2021-03-24,SRF, EQ, 24-Mar-2021,5339.35,5301.25,5356.8,5286.05,5290.2,5306.7,5327.85,93292,4970.46,11743,39479,42.32
2021-03-25,SRF, EQ, 25-Mar-2021,5306.7,5306.7,5318.95,5238.75,5250.0,5253.05,5276.2,96649,5099.4,10705,28740,29.74
2021-03-26,SRF, EQ, 26-Mar-2021,5253.05,5270.1,5345.8,5225.0,5287.85,5273.25,5289.72,77754,4112.97,9449,23761,30.56
2021-03-30,SRF, EQ, 30-Mar-2021,5273.25,5300.0,5420.95,5285.6,5420.0,5402.25,5368.4,153794,8256.27,14461,65646,42.68
2021-03-31,SRF, EQ, 31-Mar-2021,5402.25,5450.0,5450.0,5331.3,5400.0,5410.8,5399.78,214425,11578.47,14783,136287,63.56
2021-04-01,SRF, EQ, 01-Apr-2021,5410.8,5449.5,5774.75,5436.05,5740.0,5741.35,5657.27,431901,24433.81,46169,76244,17.65
2021-04-05,SRF, EQ, 05-Apr-2021,5741.35,5770.0,5770.0,5580.0,5655.1,5652.2,5660.97,143188,8105.83,15585,19850,13.86
2021-04-06,SRF, EQ, 06-Apr-2021,5652.2,5668.0,6162.15,5611.15,6110.0,6111.65,5966.69,579329,34566.78,58421,142078,24.52
2021-04-07,SRF, EQ, 07-Apr-2021,6111.65,6114.8,6246.0,6034.0,6199.0,6189.75,6151.78,469668,28892.95,46747,80030,17.04
2021-04-08,SRF, EQ, 08-Apr-2021,6189.75,6199.0,6364.6,6130.0,6231.05,6205.75,6209.93,306052,19005.61,32908,89406,29.21
2021-04-09,SRF, EQ, 09-Apr-2021,6205.75,6180.3,6363.55,6152.4,6268.8,6259.35,6267.39,213233,13364.15,27504,49054,23.0
2021-04-12,SRF, EQ, 12-Apr-2021,6259.35,6200.0,6219.95,5905.0,6175.0,6122.95,6080.16,186751,11354.76,23643,27375,14.66
2021-04-13,SRF, EQ, 13-Apr-2021,6122.95,6135.0,6330.0,6027.95,6090.0,6052.8,6172.64,210942,13020.7,28879,37733,17.89
2021-04-15,SRF, EQ, 15-Apr-2021,6052.8,6105.55,6129.95,5940.0,6000.0,5997.85,6012.04,212540,12777.99,23973,100395,47.24
2021-04-16,SRF, EQ, 16-Apr-2021,5997.85,5997.85,6160.0,5988.0,6139.3,6127.25,6099.01,154684,9434.19,20211,35046,22.66
2021-04-19,SRF, EQ, 19-Apr-2021,6127.25,6025.55,6262.75,5960.15,6230.0,6236.05,6159.88,218041,13431.05,23705,51863,23.79
2021-04-20,SRF, EQ, 20-Apr-2021,6236.05,6270.0,6289.55,6052.75,6156.0,6150.5,6170.69,172396,10638.02,25336,64985,37.7
2021-04-22,SRF, EQ, 22-Apr-2021,6150.5,6120.0,6197.95,6070.15,6100.05,6108.55,6117.46,113999,6973.84,15144,37158,32.6
2021-04-23,SRF, EQ, 23-Apr-2021,6108.55,6100.0,6210.8,6099.95,6162.1,6170.9,6154.06,163918,10087.62,22594,45987,28.05
2021-04-26,SRF, EQ, 26-Apr-2021,6170.9,6202.0,6402.3,6115.2,6216.0,6203.2,6202.16,137823,8548.0,17992,26976,19.57
2021-04-27,SRF, EQ, 27-Apr-2021,6203.2,6204.0,6453.25,6201.05,6447.05,6434.85,6371.65,337803,21523.61,32172,95459,28.26
2021-04-28,SRF, EQ, 28-Apr-2021,6434.85,6479.0,6528.55,6384.05,6390.1,6422.5,6467.66,259728,16798.32,25845,81233,31.28
2021-04-29,SRF, EQ, 29-Apr-2021,6422.5,6440.0,6542.45,6398.7,6459.0,6440.2,6454.64,130265,8408.14,16784,27956,21.46
2021-04-30,SRF, EQ, 30-Apr-2021,6440.2,6421.1,6590.0,6386.35,6455.1,6431.1,6477.58,214303,13881.64,29860,51710,24.13
2021-05-03,SRF, EQ, 03-May-2021,6431.1,6430.0,6579.85,6370.0,6565.0,6530.1,6515.76,142570,9289.51,17633,32176,22.57
2021-05-04,SRF, EQ, 04-May-2021,6530.1,6570.0,6813.9,6520.0,6732.75,6708.5,6690.99,475971,31847.19,48414,100424,21.1
2021-05-05,SRF, EQ, 05-May-2021,6708.5,6808.0,6999.0,6653.6,6902.3,6836.65,6776.62,661029,44795.42,71821,88554,13.4
2021-05-06,SRF, EQ, 06-May-2021,6836.65,6900.0,6988.0,6709.25,6760.0,6863.15,6859.66,362719,24881.28,40434,104973,28.94
2021-05-07,SRF, EQ, 07-May-2021,6863.15,6730.0,6730.0,6225.0,6277.0,6279.15,6339.46,1359690,86197.03,144582,389031,28.61
2021-05-10,SRF, EQ, 10-May-2021,6279.15,6300.0,6342.2,6253.3,6310.0,6299.4,6297.49,297671,18745.8,32904,91051,30.59
2021-05-11,SRF, EQ, 11-May-2021,6299.4,6299.4,6449.5,6268.1,6288.4,6294.5,6364.88,405113,25784.95,51016,113487,28.01
2021-05-12,SRF, EQ, 12-May-2021,6294.5,6225.0,6379.85,6181.2,6299.95,6280.05,6315.11,319990,20207.72,50898,118321,36.98
2021-05-14,SRF, EQ, 14-May-2021,6280.05,6345.0,6374.75,6218.35,6278.95,6259.5,6304.15,171874,10835.2,19229,45278,26.34
2021-05-17,SRF, EQ, 17-May-2021,6259.5,6298.0,6397.0,6260.05,6371.3,6366.65,6339.31,143037,9067.55,16502,40000,27.96
2021-05-18,SRF, EQ, 18-May-2021,6366.65,6395.0,6486.0,6372.05,6412.65,6427.35,6430.63,189327,12174.91,17900,41308,21.82
2021-05-19,SRF, EQ, 19-May-2021,6427.35,6444.0,6482.65,6400.05,6410.8,6413.95,6429.84,68745,4420.19,7791,16304,23.72
2021-05-20,SRF, EQ, 20-May-2021,6413.95,6455.55,6509.9,6380.6,6421.0,6436.9,6447.77,131823,8499.64,14865,26067,19.77
2021-05-21,SRF, EQ, 21-May-2021,6436.9,6422.1,6530.0,6422.1,6459.95,6451.8,6479.61,98965,6412.55,10452,24835,25.09
2021-05-24,SRF, EQ, 24-May-2021,6451.8,6454.0,6523.3,6378.0,6387.05,6409.55,6460.0,81690,5277.17,11157,25487,31.2
2021-05-25,SRF, EQ, 25-May-2021,6409.55,6400.0,6538.4,6400.0,6451.0,6429.9,6477.69,218221,14135.68,24647,37330,17.11
2021-05-26,SRF, EQ, 26-May-2021,6429.9,6437.0,6516.45,6415.0,6440.8,6441.05,6466.42,121737,7872.03,11771,43375,35.63
2021-05-27,SRF, EQ, 27-May-2021,6441.05,6484.8,6525.0,6381.0,6490.0,6499.4,6468.88,157038,10158.6,16707,64430,41.03
2021-05-28,SRF, EQ, 28-May-2021,6499.4,6499.4,6589.0,6471.05,6501.15,6515.5,6516.16,106422,6934.63,12962,34070,32.01
2021-05-31,SRF, EQ, 31-May-2021,6515.5,6513.3,6590.9,6495.0,6518.65,6513.15,6537.58,90431,5912.0,10304,27645,30.57
2021-06-01,SRF, EQ, 01-Jun-2021,6513.15,6556.0,6571.1,6461.7,6556.85,6558.6,6522.97,96335,6283.9,12349,31776,32.98
2021-06-02,SRF, EQ, 02-Jun-2021,6558.6,6536.85,6669.0,6480.4,6531.55,6528.85,6570.94,168117,11046.87,16888,61896,36.82
2021-06-03,SRF, EQ, 03-Jun-2021,6528.85,6561.1,6609.95,6521.0,6574.75,6586.25,6575.34,90208,5931.48,10071,37696,41.79
2021-06-04,SRF, EQ, 04-Jun-2021,6586.25,6586.25,6652.05,6584.75,6630.0,6623.45,6613.87,87374,5778.8,10080,28505,32.62
2021-06-07,SRF, EQ, 07-Jun-2021,6623.45,6629.45,6719.0,6610.1,6665.05,6686.25,6661.81,98494,6561.49,11907,38907,39.5
2021-06-08,SRF, EQ, 08-Jun-2021,6686.25,6685.6,7045.85,6675.1,7020.0,6997.8,6943.26,472928,32836.6,57245,119615,25.29
2021-06-09,SRF, EQ, 09-Jun-2021,6997.8,7045.0,7089.95,6900.0,6951.0,6983.45,7009.6,307224,21535.16,30120,102939,33.51
2021-06-10,SRF, EQ, 10-Jun-2021,6983.45,6980.0,7109.75,6922.15,7089.95,7075.75,7057.49,156878,11071.65,22843,62776,40.02
2021-06-11,SRF, EQ, 11-Jun-2021,7075.75,7071.5,7160.0,7030.0,7070.0,7065.1,7084.71,304262,21556.08,24815,198278,65.17
2021-06-14,SRF, EQ, 14-Jun-2021,7065.1,7037.0,7065.1,6966.75,6975.5,6983.75,7005.14,91708,6424.27,9994,30961,33.76
2021-06-15,SRF, EQ, 15-Jun-2021,6983.75,6975.55,7190.0,6975.0,7131.05,7149.7,7128.18,191343,13639.28,18913,51285,26.8
2021-06-16,SRF, EQ, 16-Jun-2021,7149.7,7170.1,7208.0,7084.6,7131.0,7147.05,7156.9,119492,8551.93,16641,23656,19.8
2021-06-17,SRF, EQ, 17-Jun-2021,7147.05,7128.0,7200.0,7072.95,7140.0,7134.85,7142.28,124514,8893.14,14529,42667,34.27
2021-06-18,SRF, EQ, 18-Jun-2021,7134.85,7189.0,7189.0,6933.1,7075.45,7069.2,7057.29,195083,13767.57,19553,93394,47.87
2021-06-21,SRF, EQ, 21-Jun-2021,7069.2,7035.0,7035.0,6906.0,6939.0,6933.2,6946.87,123782,8598.97,15708,48730,39.37
2021-06-22,SRF, EQ, 22-Jun-2021,6933.2,6960.0,7050.0,6948.5,6990.0,6982.65,6986.54,75622,5283.36,13048,20237,26.76
2021-06-23,SRF, EQ, 23-Jun-2021,6982.65,7010.0,7047.0,6880.0,6920.0,6904.75,6949.01,79553,5528.14,9488,22713,28.55
2021-06-24,SRF, EQ, 24-Jun-2021,6904.75,6932.8,6973.7,6867.3,6908.0,6936.2,6917.25,74095,5125.34,8833,32858,44.35
2021-06-25,SRF, EQ, 25-Jun-2021,6936.2,6975.0,7117.9,6923.7,7040.0,7046.55,7033.14,106862,7515.75,12148,29706,27.8
2021-06-28,SRF, EQ, 28-Jun-2021,7046.55,7090.0,7144.3,7045.0,7080.1,7118.65,7104.21,63198,4489.72,6283,14585,23.08
2021-06-29,SRF, EQ, 29-Jun-2021,7118.65,7129.8,7195.95,7059.8,7095.95,7081.9,7121.96,85691,6102.88,14467,31172,36.38
2021-06-30,SRF, EQ, 30-Jun-2021,7081.9,7094.0,7310.0,7094.0,7280.0,7275.7,7244.83,211855,15348.53,24051,54852,25.89
2021-07-01,SRF, EQ, 01-Jul-2021,7275.7,7325.0,7406.0,7251.0,7363.7,7347.7,7330.72,182879,13406.36,19605,39204,21.44
2021-07-02,SRF, EQ, 02-Jul-2021,7347.7,7395.0,7530.0,7350.0,7499.95,7496.0,7465.46,209002,15602.96,24132,62364,29.84
2021-07-05,SRF, EQ, 05-Jul-2021,7496.0,7519.95,7546.75,7438.15,7492.85,7493.2,7494.12,80626,6042.21,12702,24574,30.48
2021-07-06,SRF, EQ, 06-Jul-2021,7493.2,7492.85,7595.0,7481.35,7545.2,7539.95,7544.73,81112,6119.68,11724,20953,25.83
2021-07-07,SRF, EQ, 07-Jul-2021,7539.95,7530.0,7610.0,7506.25,7568.0,7577.5,7564.84,79372,6004.37,15125,27434,34.56
2021-07-08,SRF, EQ, 08-Jul-2021,7577.5,7543.55,7640.0,7452.2,7552.85,7544.05,7565.07,104903,7935.98,15541,22710,21.65
2021-07-09,SRF, EQ, 09-Jul-2021,7544.05,7555.0,7620.0,7515.0,7606.3,7603.6,7562.64,76576,5791.17,11344,18801,24.55
2021-07-12,SRF, EQ, 12-Jul-2021,7603.6,7605.0,7634.8,7565.0,7588.0,7581.9,7592.84,64160,4871.56,13772,31276,48.75
2021-07-13,SRF, EQ, 13-Jul-2021,7581.9,7602.2,7628.0,7554.05,7602.0,7603.7,7591.53,53694,4076.2,10135,24625,45.86
2021-07-14,SRF, EQ, 14-Jul-2021,7603.7,7600.0,7638.25,7562.5,7589.8,7581.05,7601.8,43525,3308.68,7065,12441,28.58
2021-07-15,SRF, EQ, 15-Jul-2021,7581.05,7589.8,7699.8,7588.55,7675.0,7674.05,7658.0,72648,5563.39,11841,26293,36.19
2021-07-16,SRF, EQ, 16-Jul-2021,7674.05,7720.0,7799.95,7638.0,7775.0,7761.85,7732.77,91419,7069.22,13258,23356,25.55
2021-07-19,SRF, EQ, 19-Jul-2021,7761.85,7749.8,7874.85,7656.45,7860.0,7844.3,7784.18,138363,10770.43,23520,32490,23.48
2021-07-20,SRF, EQ, 20-Jul-2021,7844.3,7827.0,7854.95,7681.0,7775.9,7796.95,7772.1,103679,8058.04,16748,22959,22.14
2021-07-22,SRF, EQ, 22-Jul-2021,7796.95,7814.35,7939.95,7814.35,7910.2,7907.2,7895.56,92340,7290.76,14216,24531,26.57
2021-07-23,SRF, EQ, 23-Jul-2021,7907.2,7929.0,7969.0,7875.0,7900.0,7901.9,7921.78,62374,4941.13,10770,17473,28.01
2021-07-26,SRF, EQ, 26-Jul-2021,7901.9,7902.0,8006.65,7743.15,7830.0,7834.35,7891.45,115168,9088.42,20333,29011,25.19
2021-07-27,SRF, EQ, 27-Jul-2021,7834.35,7877.0,7882.8,7621.9,7652.0,7660.2,7739.51,110833,8577.93,21245,38927,35.12
2021-07-28,SRF, EQ, 28-Jul-2021,7660.2,7640.0,8114.05,7570.3,7740.0,7728.0,7838.71,852480,66823.48,91738,127131,14.91
2021-07-29,SRF, EQ, 29-Jul-2021,7728.0,7800.0,8110.0,7665.0,7934.0,7931.65,7907.9,424080,33535.82,58527,52432,12.36
2021-07-30,SRF, EQ, 30-Jul-2021,7931.65,8000.0,8724.8,7931.65,8665.0,8658.7,8557.64,1302448,111458.82,137448,126713,9.73
2021-08-02,SRF, EQ, 02-Aug-2021,8658.7,8660.0,9074.55,8655.55,9020.0,9004.95,8939.12,630805,56388.43,91291,123942,19.65
2021-08-03,SRF, EQ, 03-Aug-2021,9004.95,8950.0,9090.0,8752.15,9087.0,9040.0,8949.55,670910,60043.42,96845,138065,20.58
2021-08-04,SRF, EQ, 04-Aug-2021,9040.0,9060.0,9134.95,8970.1,9000.0,9033.35,9045.71,251827,22779.54,31366,51544,20.47
2021-08-05,SRF, EQ, 05-Aug-2021,9033.35,9040.0,9040.0,8891.1,8994.9,8987.0,8953.41,165496,14817.54,27614,53478,32.31
2021-08-06,SRF, EQ, 06-Aug-2021,8987.0,8980.0,9044.8,8846.95,8904.45,8906.1,8917.37,156118,13921.62,20045,56670,36.3
2021-08-09,SRF, EQ, 09-Aug-2021,8906.1,8905.55,9100.0,8905.55,8940.0,8956.1,8999.22,138197,12436.65,20688,30426,22.02
2021-08-10,SRF, EQ, 10-Aug-2021,8956.1,9000.15,9035.45,8794.5,8866.0,8861.15,8929.03,149683,13365.24,21985,44041,29.42
2021-08-11,SRF, EQ, 11-Aug-2021,8861.15,8890.0,8965.2,8704.0,8732.4,8763.0,8800.2,168755,14850.79,31631,69573,41.23
2021-08-12,SRF, EQ, 12-Aug-2021,8763.0,8740.0,8911.85,8610.0,8800.2,8804.1,8816.82,185907,16391.09,21801,81154,43.65
2021-08-13,SRF, EQ, 13-Aug-2021,8804.1,8873.45,8990.0,8804.55,8845.0,8856.6,8897.71,181689,16166.15,35839,57448,31.62
2021-08-16,SRF, EQ, 16-Aug-2021,8856.6,8891.35,8933.5,8780.65,8800.0,8792.9,8849.68,106965,9466.06,24240,28072,26.24
2021-08-17,SRF, EQ, 17-Aug-2021,8792.9,8839.95,9230.0,8775.05,9178.0,9117.3,8984.01,258582,23231.03,47618,80142,30.99
2021-08-18,SRF, EQ, 18-Aug-2021,9117.3,9198.0,9280.0,8951.75,8985.0,8983.55,9105.64,226826,20653.96,37747,55177,24.33
2021-08-20,SRF, EQ, 20-Aug-2021,8983.55,8980.0,9016.65,8715.05,8880.0,8889.1,8923.69,151757,13542.33,27876,37318,24.59
2021-08-23,SRF, EQ, 23-Aug-2021,8889.1,9277.9,9279.0,8905.0,8959.95,8971.0,9014.47,286945,25866.58,46321,62224,21.68
2021-08-24,SRF, EQ, 24-Aug-2021,8971.0,8995.0,9089.9,8906.0,8974.0,8982.8,8988.94,158897,14283.16,27183,50596,31.84
2021-08-25,SRF, EQ, 25-Aug-2021,8982.8,9039.8,9067.95,8930.25,8935.0,8944.2,8991.93,105308,9469.22,18447,34669,32.92
2021-08-26,SRF, EQ, 26-Aug-2021,8944.2,8939.8,9150.0,8890.1,9109.75,9063.15,8995.22,132950,11959.14,18794,44425,33.41
2021-08-27,SRF, EQ, 27-Aug-2021,9063.15,9125.0,9450.0,9011.0,9440.0,9423.55,9298.48,525505,48863.98,69897,88298,16.8
2021-08-30,SRF, EQ, 30-Aug-2021,9423.55,9500.0,9878.9,9415.15,9726.0,9713.1,9700.46,675208,65498.3,76178,178383,26.42
2021-08-31,SRF, EQ, 31-Aug-2021,9713.1,9799.0,10345.0,9775.0,10185.0,10139.75,10066.73,972455,97894.4,137733,189917,19.53
2021-09-01,SRF, EQ, 01-Sep-2021,10139.75,10300.0,10313.0,9825.1,9944.95,9929.9,9981.33,549006,54798.08,93626,181058,32.98
2021-09-02,SRF, EQ, 02-Sep-2021,9929.9,9960.0,10249.95,9950.0,10143.0,10170.9,10092.3,289563,29223.57,53106,87773,30.31
2021-09-03,SRF, EQ, 03-Sep-2021,10170.9,10199.0,10380.0,10082.0,10340.0,10341.45,10245.21,311209,31884.02,51978,84935,27.29
2021-09-06,SRF, EQ, 06-Sep-2021,10341.45,10380.0,10403.45,10207.45,10229.0,10230.45,10285.88,237687,24448.21,35590,130839,55.05
2021-09-07,SRF, EQ, 07-Sep-2021,10230.45,10278.1,10339.95,10138.8,10143.0,10154.85,10192.13,188828,19245.6,32560,86833,45.99
2021-09-08,SRF, EQ, 08-Sep-2021,10154.85,10213.9,10244.0,10001.0,10185.0,10171.9,10138.31,186443,18902.16,31428,69423,37.24
2021-09-09,SRF, EQ, 09-Sep-2021,10171.9,10200.0,10375.0,10154.15,10312.9,10329.45,10268.58,390936,40143.57,47900,178597,45.68
2021-09-13,SRF, EQ, 13-Sep-2021,10329.45,10351.0,10748.0,10268.6,10735.0,10685.5,10531.01,430094,45293.24,64543,134813,31.35
2021-09-14,SRF, EQ, 14-Sep-2021,10685.5,10817.85,10821.0,10611.35,10654.65,10676.4,10694.45,258514,27646.66,40113,113725,43.99
2021-09-15,SRF, EQ, 15-Sep-2021,10676.4,10742.35,11299.95,10679.0,11200.3,11224.6,11120.94,589262,65531.49,87094,180713,30.67
2021-09-16,SRF, EQ, 16-Sep-2021,11224.6,11221.0,11378.2,11066.1,11319.0,11324.75,11236.64,300889,33809.8,48720,98373,32.69
2021-09-17,SRF, EQ, 17-Sep-2021,11324.75,11340.0,11369.5,11042.0,11118.8,11099.05,11180.19,313218,35018.38,48641,165577,52.86
2021-09-20,SRF, EQ, 20-Sep-2021,11099.05,11099.0,11099.0,10520.0,10529.7,10607.4,10767.23,350343,37722.23,55535,160510,45.82
2021-09-21,SRF, EQ, 21-Sep-2021,10607.4,10610.35,10830.25,10533.0,10694.0,10664.25,10645.92,295200,31426.75,45164,124805,42.28
2021-09-22,SRF, EQ, 22-Sep-2021,10664.25,10742.05,10907.9,10695.05,10741.3,10730.7,10770.0,230838,24861.26,41554,113712,49.26
2021-09-23,SRF, EQ, 23-Sep-2021,10730.7,10909.0,11133.0,10785.75,11004.0,10998.85,10952.52,259560,28428.35,51981,108573,41.83
2021-09-24,SRF, EQ, 24-Sep-2021,10998.85,11060.7,11097.95,10850.0,11016.0,11014.05,10993.74,190158,20905.47,30772,74511,39.18
2021-09-27,SRF, EQ, 27-Sep-2021,11014.05,11202.0,11268.75,10995.0,11125.0,11126.95,11128.87,325623,36238.17,45486,150446,46.2
2021-09-28,SRF, EQ, 28-Sep-2021,11126.95,11179.9,11179.9,10750.05,10930.0,10921.95,10954.12,243974,26725.2,42560,99050,40.6
2021-09-29,SRF, EQ, 29-Sep-2021,10921.95,11030.0,11255.0,10880.15,11167.05,11195.45,11155.78,316140,35267.88,47893,123113,38.94
2021-09-30,SRF, EQ, 30-Sep-2021,11195.45,11250.0,11336.9,11036.55,11318.0,11279.1,11182.31,330005,36902.18,57705,154975,46.96
2021-10-01,SRF, EQ, 01-Oct-2021,11279.1,11325.0,11325.0,11000.0,11075.1,11089.7,11094.6,277347,30770.55,41570,115521,41.65
2021-10-04,SRF, EQ, 04-Oct-2021,11089.7,11133.7,11620.1,11117.3,11575.05,11557.0,11366.27,468220,53219.16,59974,225814,48.23
2021-10-05,SRF, EQ, 05-Oct-2021,11557.0,11578.0,11692.4,11455.0,11515.0,11488.15,11541.43,302761,34942.94,45248,124293,41.05
2021-10-06,SRF, EQ, 06-Oct-2021,11488.15,11521.35,11670.0,11366.5,11385.05,11399.3,11501.92,361454,41574.15,45041,160560,44.42
2021-10-07,SRF, EQ, 07-Oct-2021,11399.3,11508.2,11690.0,11453.3,11615.0,11576.7,11572.17,237315,27462.5,32990,98661,41.57
2021-10-08,SRF, EQ, 08-Oct-2021,11576.7,11638.0,12050.0,11577.1,11958.9,11943.9,11894.6,600093,71378.66,65527,266876,44.47
2021-10-11,SRF, EQ, 11-Oct-2021,11943.9,12078.8,12523.9,11940.6,12110.0,12044.0,12174.97,554406,67498.75,82660,280111,50.52
2021-10-12,SRF, EQ, 12-Oct-2021,12044.0,12140.0,12600.0,12100.0,12560.0,12456.85,12371.26,672819,83236.16,92101,294239,43.73
2021-10-13,SRF, EQ, 13-Oct-2021,12456.85,2538.0,2538.0,2401.0,2408.0,2405.6,2454.31,1731530,42497.08,150951,713743,41.22
2021-10-14,SRF, EQ, 14-Oct-2021,2405.6,2424.0,2458.0,2404.0,2411.0,2410.9,2432.35,769502,18717.0,69779,312076,40.56
2021-10-18,SRF, EQ, 18-Oct-2021,2410.9,2439.65,2444.95,2327.85,2329.95,2333.3,2367.13,1018333,24105.24,103049,481090,47.24
2021-10-19,SRF, EQ, 19-Oct-2021,2333.3,2337.8,2374.0,2295.0,2303.0,2307.65,2331.58,825693,19251.68,67997,393330,47.64
2021-10-20,SRF, EQ, 20-Oct-2021,2307.65,2301.0,2303.0,2175.65,2215.0,2209.1,2231.0,1691384,37734.8,143876,779935,46.11
2021-10-21,SRF, EQ, 21-Oct-2021,2209.1,2223.0,2278.0,2176.0,2277.0,2268.85,2244.15,1309633,29390.17,83017,588704,44.95
2021-10-22,SRF, EQ, 22-Oct-2021,2268.85,2277.1,2325.0,2206.0,2219.15,2217.55,2273.68,896101,20374.43,53149,283159,31.6
2021-10-25,SRF, EQ, 25-Oct-2021,2217.55,2230.0,2257.7,2079.95,2082.6,2101.5,2161.68,2013324,43521.7,153051,345200,17.15
2021-10-26,SRF, EQ, 26-Oct-2021,2101.5,2069.45,2171.95,2065.0,2112.05,2110.6,2106.44,1925640,40562.46,119314,742302,38.55
2021-10-27,SRF, EQ, 27-Oct-2021,2110.6,2115.0,2160.0,2102.15,2142.7,2144.8,2130.3,1690899,36021.24,87700,909559,53.79
2021-10-28,SRF, EQ, 28-Oct-2021,2144.8,2155.55,2170.0,2109.2,2129.05,2120.2,2133.69,1291921,27565.54,64318,766623,59.34
2021-10-29,SRF, EQ, 29-Oct-2021,2120.2,2120.0,2169.0,2087.1,2123.0,2117.3,2126.6,1218461,25911.83,61188,557403,45.75
2021-11-01,SRF, EQ, 01-Nov-2021,2117.3,2130.0,2142.65,2080.0,2130.0,2122.1,2106.9,953721,20093.91,48523,497366,52.15
2021-11-02,SRF, EQ, 02-Nov-2021,2122.1,2140.5,2140.5,2097.05,2110.0,2110.65,2114.15,614345,12988.17,53361,318375,51.82
2021-11-03,SRF, EQ, 03-Nov-2021,2110.65,2118.0,2128.45,2056.0,2079.0,2080.1,2087.66,791011,16513.61,46323,387077,48.93
2021-11-08,SRF, EQ, 08-Nov-2021,2099.25,2100.0,2142.0,2072.9,2136.0,2127.55,2099.93,1074704,22568.05,46406,680182,63.29
2021-11-09,SRF, EQ, 09-Nov-2021,2127.55,2148.0,2227.0,2145.95,2176.6,2172.45,2189.28,1688961,36976.04,107229,630177,37.31
2021-11-10,SRF, EQ, 10-Nov-2021,2172.45,2175.0,2175.0,2125.05,2147.0,2146.6,2146.11,629894,13518.2,43351,247511,39.29
2021-11-11,SRF, EQ, 11-Nov-2021,2146.6,2157.0,2157.0,2100.1,2133.0,2125.6,2123.32,635400,13491.59,45621,276365,43.49
2021-11-12,SRF, EQ, 12-Nov-2021,2125.6,2159.0,2207.4,2125.05,2156.0,2154.9,2156.54,1747671,37689.26,98884,730782,41.81
2021-11-15,SRF, EQ, 15-Nov-2021,2154.9,2174.9,2204.65,2165.2,2196.25,2192.9,2188.6,1026161,22458.54,49643,457713,44.6
2021-11-16,SRF, EQ, 16-Nov-2021,2192.9,2204.0,2213.85,2176.85,2183.0,2190.0,2196.11,986146,21656.83,65517,570017,57.8
2021-11-17,SRF, EQ, 17-Nov-2021,2190.0,2183.0,2200.95,2144.25,2153.45,2157.55,2169.19,869570,18862.58,47849,469591,54.0
2021-11-18,SRF, EQ, 18-Nov-2021,2157.55,2159.0,2244.7,2154.05,2179.35,2187.9,2205.05,1984968,43769.44,126427,658218,33.16
2021-11-22,SRF, EQ, 22-Nov-2021,2187.9,2215.0,2215.0,2043.9,2098.95,2093.9,2095.26,2459397,51530.75,141200,1007136,40.95
2021-11-23,SRF, EQ, 23-Nov-2021,2093.9,2090.0,2217.15,2042.8,2193.0,2191.7,2176.11,2245983,48875.13,137885,867459,38.62
2021-11-24,SRF, EQ, 24-Nov-2021,2191.7,2209.0,2249.95,2113.65,2125.0,2140.55,2192.05,1886355,41349.78,94694,855568,45.36
2021-11-25,SRF, EQ, 25-Nov-2021,2140.55,2140.55,2198.25,2132.05,2192.9,2184.8,2178.22,1755041,38228.59,106263,786903,44.84
2021-11-26,SRF, EQ, 26-Nov-2021,2184.8,2160.0,2160.0,2080.6,2088.0,2091.05,2115.77,855393,18098.11,58318,406866,47.56
2021-11-29,SRF, EQ, 29-Nov-2021,2091.05,2055.0,2086.8,1973.1,2064.0,2056.2,2047.49,1362057,27888.03,92308,547455,40.19
2021-11-30,SRF, EQ, 30-Nov-2021,2056.2,2079.0,2172.45,1977.45,1998.9,2005.85,2021.62,19073002,385583.71,293136,10352754,54.28
2021-12-01,SRF, EQ, 01-Dec-2021,2005.85,2032.55,2098.05,1994.0,2021.0,2016.7,2037.21,1502267,30604.27,78521,567449,37.77
2021-12-02,SRF, EQ, 02-Dec-2021,2016.7,2035.85,2093.0,2012.25,2090.0,2089.7,2058.88,1161648,23916.98,55137,472505,40.68
2021-12-03,SRF, EQ, 03-Dec-2021,2089.7,2090.0,2120.0,2070.0,2086.5,2084.2,2092.46,626496,13109.19,34660,155649,24.84
2021-12-06,SRF, EQ, 06-Dec-2021,2084.2,2080.0,2107.7,2052.25,2059.0,2057.65,2077.68,360997,7500.38,24077,95758,26.53
2021-12-07,SRF, EQ, 07-Dec-2021,2057.65,2074.0,2099.95,2036.8,2093.0,2088.85,2071.54,611232,12661.89,33760,254355,41.61
2021-12-08,SRF, EQ, 08-Dec-2021,2088.85,2104.5,2139.0,2095.7,2125.0,2124.8,2123.06,549828,11673.16,36356,191033,34.74
2021-12-09,SRF, EQ, 09-Dec-2021,2124.8,2130.0,2141.0,2115.0,2131.0,2133.45,2128.06,317527,6757.18,14906,132910,41.86
2021-12-10,SRF, EQ, 10-Dec-2021,2133.45,2133.45,2156.0,2122.45,2146.0,2148.85,2141.08,397700,8515.07,19160,145243,36.52
2021-12-13,SRF, EQ, 13-Dec-2021,2148.85,2155.0,2179.9,2145.55,2147.35,2149.45,2162.93,383648,8298.04,25019,157575,41.07
2021-12-14,SRF, EQ, 14-Dec-2021,2149.45,2154.45,2174.65,2142.7,2161.65,2155.85,2156.32,368847,7953.52,24680,161694,43.84
2021-12-15,SRF, EQ, 15-Dec-2021,2155.85,2159.0,2177.7,2107.05,2156.8,2159.2,2138.39,786329,16814.81,39467,244863,31.14
2021-12-16,SRF, EQ, 16-Dec-2021,2159.2,2184.8,2235.7,2162.0,2232.7,2216.4,2197.2,872308,19166.38,44622,309744,35.51
2021-12-17,SRF, EQ, 17-Dec-2021,2216.4,2230.0,2242.0,2153.3,2161.2,2164.55,2203.93,1548050,34117.92,64634,538088,34.76
2021-12-20,SRF, EQ, 20-Dec-2021,2164.55,2116.0,2145.0,2029.55,2065.6,2074.65,2065.6,653629,13501.34,46551,234930,35.94
2021-12-21,SRF, EQ, 21-Dec-2021,2074.65,2093.45,2190.85,2082.35,2170.1,2172.85,2148.01,752135,16155.95,39475,261556,34.78
2021-12-22,SRF, EQ, 22-Dec-2021,2172.85,2174.0,2314.0,2170.0,2307.2,2306.0,2270.12,2460901,55865.42,143025,510811,20.76
2021-12-23,SRF, EQ, 23-Dec-2021,2306.0,2323.65,2341.45,2301.0,2318.0,2322.45,2323.58,1336372,31051.73,70581,382815,28.65
2021-12-24,SRF, EQ, 24-Dec-2021,2322.45,2323.05,2350.4,2291.0,2312.3,2315.95,2323.73,877618,20393.49,44801,253079,28.84
2021-12-27,SRF, EQ, 27-Dec-2021,2315.95,2321.0,2369.9,2292.5,2345.55,2344.0,2345.8,940361,22059.02,53279,174673,18.58
2021-12-28,SRF, EQ, 28-Dec-2021,2344.0,2355.5,2393.95,2350.0,2391.55,2389.15,2375.54,744414,17683.88,38437,219835,29.53
2021-12-29,SRF, EQ, 29-Dec-2021,2389.15,2393.0,2409.95,2377.0,2385.4,2391.7,2392.21,516093,12346.01,34359,111264,21.56
2021-12-30,SRF, EQ, 30-Dec-2021,2391.7,2384.0,2415.0,2371.7,2409.0,2403.55,2396.64,547990,13133.37,31022,239061,43.63
2021-12-31,SRF, EQ, 31-Dec-2021,2403.55,2408.0,2428.15,2405.2,2418.0,2420.1,2418.85,348706,8434.68,18807,132422,37.98
2022-01-03,SRF, EQ, 03-Jan-2022,2420.1,2420.1,2444.0,2406.05,2413.0,2412.5,2424.57,385132,9337.78,30249,180026,46.74
2022-01-04,SRF, EQ, 04-Jan-2022,2412.5,2412.5,2437.95,2368.0,2431.5,2429.25,2408.5,423163,10191.87,27776,182595,43.15
2022-01-05,SRF, EQ, 05-Jan-2022,2429.25,2428.0,2440.0,2371.0,2435.0,2416.6,2406.47,578855,13929.97,35967,253080,43.72
2022-01-06,SRF, EQ, 06-Jan-2022,2416.6,2385.0,2450.0,2381.0,2411.0,2410.5,2418.03,594570,14376.85,54286,177671,29.88
2022-01-07,SRF, EQ, 07-Jan-2022,2410.5,2430.05,2533.95,2350.0,2495.0,2504.95,2448.69,2348058,57496.65,128153,437213,18.62
2022-01-10,SRF, EQ, 10-Jan-2022,2504.95,2520.0,2550.8,2485.7,2520.75,2530.25,2526.75,811329,20500.28,54849,196749,24.25
2022-01-11,SRF, EQ, 11-Jan-2022,2530.25,2530.25,2565.0,2522.45,2531.25,2532.85,2543.0,573897,14594.2,49282,173154,30.17
2022-01-12,SRF, EQ, 12-Jan-2022,2532.85,2540.15,2635.75,2507.6,2620.0,2626.1,2585.62,1090603,28198.86,68442,389035,35.67
2022-01-13,SRF, EQ, 13-Jan-2022,2626.1,2630.0,2669.8,2610.5,2652.55,2656.8,2642.25,800652,21155.26,48798,290479,36.28
2022-01-14,SRF, EQ, 14-Jan-2022,2656.8,2654.0,2680.0,2641.4,2650.55,2652.7,2660.3,452448,12036.46,36434,162399,35.89
2022-01-17,SRF, EQ, 17-Jan-2022,2652.7,2655.0,2679.3,2612.7,2638.0,2640.45,2635.42,662580,17461.75,44270,276818,41.78
2022-01-18,SRF, EQ, 18-Jan-2022,2640.45,2655.7,2669.6,2593.05,2616.45,2615.15,2641.33,616685,16288.7,52931,266530,43.22
2022-01-19,SRF, EQ, 19-Jan-2022,2615.15,2617.0,2623.5,2525.1,2554.0,2556.9,2561.2,728794,18665.89,60704,326174,44.76
2022-01-20,SRF, EQ, 20-Jan-2022,2556.9,2550.55,2575.0,2536.0,2566.5,2567.75,2561.94,289339,7412.68,33541,90880,31.41
2022-01-21,SRF, EQ, 21-Jan-2022,2567.75,2540.0,2555.55,2468.05,2477.65,2476.8,2504.71,589520,14765.77,46232,262095,44.46
2022-01-24,SRF, EQ, 24-Jan-2022,2476.8,2478.5,2484.95,2350.0,2362.1,2369.7,2393.86,1072181,25666.49,61403,485795,45.31
2022-01-25,SRF, EQ, 25-Jan-2022,2369.7,2330.65,2523.8,2295.0,2429.0,2470.5,2437.23,2246592,54754.62,148346,598323,26.63
2022-01-27,SRF, EQ, 27-Jan-2022,2470.5,2415.0,2425.0,2268.55,2355.05,2349.05,2339.75,1878619,43954.92,144814,535623,28.51
2022-01-28,SRF, EQ, 28-Jan-2022,2349.05,2390.0,2484.15,2387.3,2403.9,2401.35,2429.68,1112061,27019.54,100495,327726,29.47
2022-01-31,SRF, EQ, 31-Jan-2022,2401.35,2415.0,2455.0,2361.0,2403.0,2406.8,2402.51,758878,18232.16,68136,224699,29.61
2022-02-01,SRF, EQ, 01-Feb-2022,2406.8,2424.05,2485.0,2366.1,2445.0,2447.2,2410.72,812910,19596.98,55883,280286,34.48
2022-02-02,SRF, EQ, 02-Feb-2022,2447.2,2460.6,2494.0,2440.8,2450.15,2453.5,2471.58,498572,12322.62,41971,153237,30.74
2022-02-03,SRF, EQ, 03-Feb-2022,2453.5,2475.0,2488.05,2425.0,2432.85,2439.8,2464.8,625410,15415.09,45878,289479,46.29
2022-02-04,SRF, EQ, 04-Feb-2022,2439.8,2426.0,2474.8,2426.0,2435.95,2435.9,2451.33,348955,8554.05,44135,126956,36.38
2022-02-07,SRF, EQ, 07-Feb-2022,2435.9,2444.8,2521.85,2410.15,2450.0,2450.8,2474.96,1243759,30782.57,87321,377976,30.39
2022-02-08,SRF, EQ, 08-Feb-2022,2450.8,2462.25,2548.0,2429.0,2535.0,2531.3,2491.8,1232058,30700.48,71697,484384,39.32
2022-02-09,SRF, EQ, 09-Feb-2022,2531.3,2549.9,2594.0,2543.4,2580.7,2583.8,2574.92,811882,20905.34,59873,332581,40.96
2022-02-10,SRF, EQ, 10-Feb-2022,2583.8,2598.8,2611.85,2550.1,2579.95,2584.55,2581.9,698527,18035.28,53380,346370,49.59
2022-02-11,SRF, EQ, 11-Feb-2022,2584.55,2560.0,2578.95,2460.6,2473.6,2476.55,2513.1,792095,19906.17,72425,370701,46.8
2022-02-14,SRF, EQ, 14-Feb-2022,2476.55,2410.0,2460.0,2335.05,2340.15,2345.65,2386.95,556722,13288.7,52502,186449,33.49
2022-02-15,SRF, EQ, 15-Feb-2022,2345.65,2380.0,2503.45,2357.95,2496.85,2493.75,2432.5,664010,16152.02,53722,188709,28.42
2022-02-16,SRF, EQ, 16-Feb-2022,2493.75,2518.0,2520.0,2447.3,2453.55,2462.65,2483.89,358576,8906.62,24927,76827,21.43
2022-02-17,SRF, EQ, 17-Feb-2022,2462.65,2478.0,2495.9,2424.7,2430.0,2432.8,2462.53,446606,10997.79,37216,164907,36.92
2022-02-18,SRF, EQ, 18-Feb-2022,2432.8,2406.5,2447.95,2375.0,2379.0,2382.95,2409.61,386111,9303.76,27585,146771,38.01
2022-02-21,SRF, EQ, 21-Feb-2022,2382.95,2350.0,2406.95,2334.0,2376.0,2375.4,2371.07,394657,9357.57,33775,120914,30.64
2022-02-22,SRF, EQ, 22-Feb-2022,2375.4,2300.1,2383.15,2300.1,2364.05,2375.55,2348.27,548655,12883.89,52318,219499,40.01
2022-02-23,SRF, EQ, 23-Feb-2022,2375.55,2400.0,2434.0,2381.0,2396.0,2396.4,2405.15,448332,10783.07,36629,189196,42.2
2022-02-24,SRF, EQ, 24-Feb-2022,2396.4,2302.0,2370.4,2259.25,2269.8,2271.4,2306.29,736393,16983.38,58420,309542,42.03
2022-02-25,SRF, EQ, 25-Feb-2022,2271.4,2355.0,2435.9,2332.55,2424.5,2424.9,2403.65,949775,22829.25,58375,426171,44.87
2022-02-28,SRF, EQ, 28-Feb-2022,2424.9,2408.0,2408.0,2335.35,2389.0,2383.65,2370.79,1157729,27447.34,62842,611197,52.79
2022-03-02,SRF, EQ, 02-Mar-2022,2383.65,2379.0,2419.0,2330.1,2350.0,2349.55,2363.36,710813,16799.04,41217,374772,52.72
2022-03-03,SRF, EQ, 03-Mar-2022,2349.55,2380.0,2392.6,2326.3,2345.95,2343.75,2352.44,376606,8859.45,38618,172672,45.85
2022-03-04,SRF, EQ, 04-Mar-2022,2343.75,2316.0,2339.0,2225.0,2233.0,2234.35,2279.97,636562,14513.43,70670,245870,38.62
2022-03-07,SRF, EQ, 07-Mar-2022,2234.35,2190.0,2190.0,2106.0,2154.2,2153.3,2151.52,721602,15525.4,54999,335934,46.55
2022-03-08,SRF, EQ, 08-Mar-2022,2153.3,2149.0,2195.0,2114.1,2192.0,2189.75,2157.66,747807,16135.17,65477,333985,44.66
2022-03-09,SRF, EQ, 09-Mar-2022,2189.75,2220.0,2243.95,2191.0,2228.05,2223.8,2217.75,716268,15885.0,46712,285810,39.9
2022-03-10,SRF, EQ, 10-Mar-2022,2223.8,2300.0,2304.0,2247.0,2278.0,2284.7,2279.48,631055,14384.79,48713,260230,41.24
2022-03-11,SRF, EQ, 11-Mar-2022,2284.7,2278.0,2279.0,2234.35,2250.0,2250.75,2254.19,802073,18080.23,42553,415394,51.79
2022-03-14,SRF, EQ, 14-Mar-2022,2250.75,2242.0,2475.0,2240.2,2352.05,2355.4,2328.42,839106,19537.95,54851,237842,28.34
2022-03-15,SRF, EQ, 15-Mar-2022,2355.4,2368.0,2436.65,2360.05,2412.1,2420.0,2406.41,1467575,35315.85,111269,548406,37.37
2022-03-16,SRF, EQ, 16-Mar-2022,2420.0,2477.3,2477.3,2421.0,2470.0,2469.2,2453.61,781770,19181.61,52097,254911,32.61
2022-03-17,SRF, EQ, 17-Mar-2022,2469.2,2488.0,2596.3,2485.1,2585.1,2588.2,2552.9,1593596,40682.99,79627,871453,54.68
2022-03-21,SRF, EQ, 21-Mar-2022,2588.2,2615.4,2658.95,2582.15,2607.8,2605.45,2623.16,1055088,27676.65,81387,448926,42.55
2022-03-22,SRF, EQ, 22-Mar-2022,2605.45,2613.95,2653.95,2560.4,2634.95,2630.45,2610.71,729721,19050.93,57651,246680,33.8
2022-03-23,SRF, EQ, 23-Mar-2022,2630.45,2658.0,2673.5,2553.0,2566.15,2595.2,2619.11,588552,15414.83,53670,136464,23.19
2022-03-24,SRF, EQ, 24-Mar-2022,2595.2,2533.0,2623.95,2530.0,2607.0,2608.1,2583.56,834422,21557.77,64803,325617,39.02
2022-03-25,SRF, EQ, 25-Mar-2022,2608.1,2620.0,2627.6,2600.0,2615.3,2614.55,2612.06,251144,6560.04,24509,99664,39.68
2022-03-28,SRF, EQ, 28-Mar-2022,2614.55,2616.0,2637.6,2565.05,2603.0,2605.75,2596.76,443424,11514.65,37372,166640,37.58
2022-03-29,SRF, EQ, 29-Mar-2022,2605.75,2607.2,2679.95,2602.1,2613.0,2621.25,2636.29,837632,22082.44,64603,247244,29.52
2022-03-30,SRF, EQ, 30-Mar-2022,2621.25,2650.0,2734.6,2626.8,2705.9,2705.85,2699.6,2954341,79755.48,100290,1450482,49.1
2022-03-31,SRF, EQ, 31-Mar-2022,2705.85,2732.85,2732.85,2645.25,2689.0,2679.35,2689.85,918574,24708.28,53740,309908,33.74
2022-04-01,SRF, EQ, 01-Apr-2022,2679.35,2690.0,2715.0,2612.85,2625.8,2621.85,2648.14,1104351,29244.8,53359,602474,54.55
2022-04-04,SRF, EQ, 04-Apr-2022,2621.85,2650.0,2667.5,2620.15,2640.0,2636.3,2642.11,502552,13277.99,38953,204365,40.67
2022-04-05,SRF, EQ, 05-Apr-2022,2636.3,2651.0,2755.65,2633.05,2707.0,2709.5,2700.25,1116588,30150.66,67540,421222,37.72
2022-04-06,SRF, EQ, 06-Apr-2022,2709.5,2700.0,2712.0,2660.0,2684.8,2684.7,2683.88,636435,17081.13,60493,309644,48.65
2022-04-07,SRF, EQ, 07-Apr-2022,2684.7,2680.0,2735.9,2662.0,2691.0,2688.6,2702.17,655014,17699.61,53501,272879,41.66
2022-04-08,SRF, EQ, 08-Apr-2022,2688.6,2697.0,2773.35,2686.2,2750.0,2747.6,2739.23,1579463,43265.09,79134,816383,51.69
2022-04-11,SRF, EQ, 11-Apr-2022,2747.6,2759.95,2763.6,2690.3,2699.0,2698.9,2719.28,463269,12597.59,41368,162008,34.97
2022-04-12,SRF, EQ, 12-Apr-2022,2698.9,2700.0,2710.0,2595.05,2639.65,2635.75,2647.08,893233,23644.56,74765,269127,30.13
2022-04-13,SRF, EQ, 13-Apr-2022,2635.75,2648.0,2677.5,2597.45,2613.0,2611.05,2627.31,491749,12919.75,43280,221598,45.06
2022-04-18,SRF, EQ, 18-Apr-2022,2611.05,2595.0,2643.6,2519.6,2622.0,2615.75,2565.11,955240,24502.93,64313,328694,34.41
2022-04-19,SRF, EQ, 19-Apr-2022,2615.75,2634.0,2656.45,2480.0,2494.55,2528.95,2586.05,552389,14285.03,38674,251779,45.58
2022-04-20,SRF, EQ, 20-Apr-2022,2528.95,2520.0,2617.65,2501.65,2546.5,2542.65,2559.75,929202,23785.23,61905,287642,30.96
2022-04-21,SRF, EQ, 21-Apr-2022,2542.65,2560.45,2584.3,2531.3,2547.0,2547.4,2547.97,531946,13553.85,30951,263851,49.6
2022-04-22,SRF, EQ, 22-Apr-2022,2547.4,2510.0,2534.9,2475.0,2483.0,2489.35,2501.14,614298,15364.46,49165,297343,48.4
2022-04-25,SRF, EQ, 25-Apr-2022,2489.35,2468.0,2488.0,2424.0,2443.7,2434.75,2451.47,641367,15722.91,51724,189175,29.5
2022-04-26,SRF, EQ, 26-Apr-2022,2434.75,2474.0,2542.45,2463.6,2517.0,2514.55,2506.08,631406,15823.55,53250,267053,42.29
2022-04-27,SRF, EQ, 27-Apr-2022,2514.55,2500.0,2520.0,2451.0,2483.0,2483.6,2477.28,309632,7670.46,23654,119096,38.46
2022-04-28,SRF, EQ, 28-Apr-2022,2483.6,2510.0,2531.95,2466.55,2513.55,2511.95,2498.97,373688,9338.37,26114,175355,46.93
2022-04-29,SRF, EQ, 29-Apr-2022,2511.95,2545.0,2550.95,2497.1,2520.0,2512.7,2528.7,388136,9814.79,27496,180689,46.55
2022-05-02,SRF, EQ, 02-May-2022,2512.7,2484.95,2512.65,2467.05,2500.0,2504.8,2492.89,222731,5552.44,22373,74494,33.45
2022-05-04,SRF, EQ, 04-May-2022,2504.8,2505.05,2521.9,2395.0,2400.0,2403.0,2439.95,347557,8480.23,37242,154053,44.32
2022-05-05,SRF, EQ, 05-May-2022,2403.0,2411.3,2482.95,2386.05,2410.0,2394.3,2430.73,425837,10350.96,33183,152179,35.74
2022-05-06,SRF, EQ, 06-May-2022,2394.3,2345.0,2384.35,2286.8,2305.0,2301.05,2312.29,527997,12208.81,49957,248843,47.13
2022-05-09,SRF, EQ, 09-May-2022,2301.05,2275.0,2276.75,2212.1,2219.0,2224.3,2246.96,1144796,25723.15,76312,604857,52.84
2022-05-10,SRF, EQ, 10-May-2022,2224.3,2280.0,2295.05,2100.0,2104.0,2113.15,2187.12,2412934,52773.72,186144,710148,29.43
2022-05-11,SRF, EQ, 11-May-2022,2113.15,2162.0,2275.0,2149.9,2244.0,2234.25,2224.97,3174932,70641.35,152375,1006374,31.7
2022-05-12,SRF, EQ, 12-May-2022,2234.25,2230.0,2234.2,2166.1,2202.0,2194.35,2193.07,1100400,24132.57,72661,422884,38.43
2022-05-13,SRF, EQ, 13-May-2022,2194.35,2228.0,2294.75,2217.5,2230.8,2231.6,2264.31,1293512,29289.07,83310,386557,29.88
2022-05-16,SRF, EQ, 16-May-2022,2231.6,2249.95,2265.35,2200.0,2248.75,2243.4,2232.89,704383,15728.07,55043,247148,35.09
2022-05-17,SRF, EQ, 17-May-2022,2243.4,2290.0,2347.6,2260.05,2326.0,2334.3,2310.11,807853,18662.31,53930,218677,27.07
2022-05-18,SRF, EQ, 18-May-2022,2334.3,2349.5,2385.85,2333.0,2352.0,2348.15,2358.3,601249,14179.26,39047,250225,41.62
2022-05-19,SRF, EQ, 19-May-2022,2348.15,2300.0,2343.45,2275.0,2342.0,2331.8,2313.63,578956,13394.87,41046,264879,45.75
2022-05-20,SRF, EQ, 20-May-2022,2331.8,2379.95,2383.8,2313.0,2340.0,2337.7,2343.41,462403,10836.0,35055,173713,37.57
2022-05-23,SRF, EQ, 23-May-2022,2337.7,2355.0,2398.0,2296.8,2303.0,2306.05,2356.31,689093,16237.17,50428,241671,35.07
2022-05-24,SRF, EQ, 24-May-2022,2306.05,2358.0,2360.95,2300.0,2340.0,2339.9,2326.15,720316,16755.65,55559,272645,37.85
2022-05-25,SRF, EQ, 25-May-2022,2339.9,2349.8,2354.0,2222.0,2240.0,2235.95,2282.12,898715,20509.71,73897,403432,44.89
2022-05-26,SRF, EQ, 26-May-2022,2235.95,2240.0,2285.8,2187.15,2279.0,2270.7,2233.47,791107,17669.16,52848,303731,38.39
2022-05-27,SRF, EQ, 27-May-2022,2270.7,2285.05,2374.85,2285.0,2365.0,2362.0,2354.93,609138,14344.76,36920,194834,31.99
2022-05-30,SRF, EQ, 30-May-2022,2362.0,2385.65,2475.0,2380.05,2455.05,2450.05,2447.24,679917,16639.22,43077,245711,36.14
2022-05-31,SRF, EQ, 31-May-2022,2450.05,2455.0,2495.95,2437.65,2460.0,2464.05,2467.09,896763,22123.95,43722,427900,47.72
2022-06-01,SRF, EQ, 01-Jun-2022,2464.05,2457.0,2493.0,2381.1,2399.0,2397.45,2425.68,465902,11301.3,37276,200798,43.1
2022-06-02,SRF, EQ, 02-Jun-2022,2397.45,2397.0,2408.0,2350.0,2388.3,2387.2,2373.87,387619,9201.56,31877,155452,40.1
2022-06-03,SRF, EQ, 03-Jun-2022,2387.2,2401.0,2440.0,2365.1,2375.0,2373.95,2404.02,527296,12676.28,34931,215230,40.82
2022-06-06,SRF, EQ, 06-Jun-2022,2373.95,2375.0,2393.95,2331.0,2381.0,2381.65,2365.21,211388,4999.77,17753,49549,23.44
2022-06-07,SRF, EQ, 07-Jun-2022,2381.65,2372.0,2377.9,2313.0,2329.0,2332.1,2342.21,324522,7601.0,21217,151499,46.68
2022-06-08,SRF, EQ, 08-Jun-2022,2332.1,2336.7,2350.0,2246.0,2250.4,2260.7,2292.62,645154,14790.93,49957,261560,40.54
2022-06-09,SRF, EQ, 09-Jun-2022,2260.7,2233.0,2306.3,2201.65,2299.0,2298.5,2255.19,790621,17830.03,56056,226756,28.68
2022-06-10,SRF, EQ, 10-Jun-2022,2298.5,2289.0,2316.45,2233.35,2305.0,2304.55,2280.32,523250,11931.77,40195,158242,30.24
2022-06-13,SRF, EQ, 13-Jun-2022,2304.55,2241.5,2287.75,2236.95,2270.0,2263.25,2258.54,448704,10134.15,30836,133115,29.67
2022-06-14,SRF, EQ, 14-Jun-2022,2263.25,2255.0,2318.65,2248.05,2270.0,2267.95,2282.83,364548,8322.0,28877,84591,23.2
2022-06-15,SRF, EQ, 15-Jun-2022,2267.95,2294.0,2308.95,2265.55,2286.95,2292.15,2290.69,283024,6483.19,22948,79492,28.09
2022-06-16,SRF, EQ, 16-Jun-2022,2292.15,2327.95,2343.0,2170.4,2183.95,2188.15,2242.08,591420,13260.09,38122,152609,25.8
2022-06-17,SRF, EQ, 17-Jun-2022,2188.15,2165.0,2206.45,2128.55,2193.3,2181.85,2180.87,805720,17571.72,79566,344861,42.8
2022-06-20,SRF, EQ, 20-Jun-2022,2181.85,2181.1,2206.95,2080.7,2143.0,2135.6,2130.13,855567,18224.66,84856,295273,34.51
2022-06-21,SRF, EQ, 21-Jun-2022,2135.6,2160.0,2239.0,2160.0,2226.85,2226.25,2211.47,389446,8612.48,28470,92808,23.83
2022-06-22,SRF, EQ, 22-Jun-2022,2226.25,2219.95,2219.95,2158.0,2168.05,2168.3,2176.78,396618,8633.5,28693,116398,29.35
2022-06-23,SRF, EQ, 23-Jun-2022,2168.3,2168.3,2212.0,2158.4,2205.55,2207.0,2190.15,355541,7786.89,29101,105788,29.75
2022-06-24,SRF, EQ, 24-Jun-2022,2207.0,2220.0,2283.95,2211.0,2280.0,2277.95,2252.16,344118,7750.08,24951,106197,30.86
2022-06-27,SRF, EQ, 27-Jun-2022,2277.95,2310.0,2315.95,2283.85,2300.0,2302.25,2299.98,295880,6805.19,21696,131609,44.48
2022-06-28,SRF, EQ, 28-Jun-2022,2302.25,2296.6,2311.15,2273.7,2296.0,2298.5,2297.12,256337,5888.38,16559,96141,37.51
2022-06-29,SRF, EQ, 29-Jun-2022,2298.5,2262.0,2297.8,2262.0,2279.95,2286.65,2282.85,369665,8438.89,30175,195099,52.78
2022-06-30,SRF, EQ, 30-Jun-2022,2286.65,2286.65,2306.15,2237.2,2247.9,2252.2,2259.92,524573,11854.91,41287,299219,57.04
2022-07-01,SRF, EQ, 01-Jul-2022,2252.2,2230.0,2239.75,2133.05,2161.4,2161.65,2168.08,809031,17540.41,72336,302709,37.42
2022-07-04,SRF, EQ, 04-Jul-2022,2161.65,2136.05,2189.0,2115.0,2174.0,2180.25,2151.9,750456,16149.04,62793,346712,46.2
2022-07-05,SRF, EQ, 05-Jul-2022,2180.25,2184.0,2188.0,2042.1,2046.0,2052.7,2105.03,1574839,33150.77,105213,670279,42.56
2022-07-06,SRF, EQ, 06-Jul-2022,2052.7,2041.0,2067.0,2002.2,2058.2,2059.2,2029.96,1972692,40044.94,121096,727462,36.88
2022-07-07,SRF, EQ, 07-Jul-2022,2059.2,2084.9,2110.2,2044.1,2072.0,2072.85,2075.59,883128,18330.16,62507,285114,32.28
2022-07-08,SRF, EQ, 08-Jul-2022,2072.85,2098.0,2183.0,2055.0,2176.05,2175.5,2137.75,2001690,42791.04,99325,576100,28.78
2022-07-11,SRF, EQ, 11-Jul-2022,2175.5,2168.95,2208.6,2145.55,2181.05,2186.2,2181.57,885089,19308.84,50984,245718,27.76
2022-07-12,SRF, EQ, 12-Jul-2022,2186.2,2178.0,2219.4,2160.0,2191.0,2199.75,2189.61,654145,14323.25,39497,189873,29.03
2022-07-13,SRF, EQ, 13-Jul-2022,2199.75,2210.0,2239.0,2201.9,2218.0,2224.3,2223.8,731366,16264.11,41570,290586,39.73
2022-07-14,SRF, EQ, 14-Jul-2022,2224.3,2231.5,2246.0,2186.0,2214.0,2209.15,2219.33,394815,8762.23,30383,150860,38.21
2022-07-15,SRF, EQ, 15-Jul-2022,2209.15,2215.0,2267.95,2215.0,2257.95,2261.45,2245.98,457591,10277.38,31644,147771,32.29
2022-07-18,SRF, EQ, 18-Jul-2022,2261.45,2278.4,2319.5,2262.0,2310.0,2308.5,2292.73,401934,9215.24,26151,158776,39.5
2022-07-19,SRF, EQ, 19-Jul-2022,2308.5,2303.0,2340.0,2291.05,2330.0,2331.95,2325.05,388188,9025.56,22801,140395,36.17
2022-07-20,SRF, EQ, 20-Jul-2022,2331.95,2350.0,2353.2,2275.0,2290.0,2286.5,2313.68,445676,10311.51,28748,116936,26.24
2022-07-21,SRF, EQ, 21-Jul-2022,2286.5,2300.95,2350.0,2279.55,2340.95,2343.5,2323.17,537382,12484.3,35596,201955,37.58
2022-07-22,SRF, EQ, 22-Jul-2022,2343.5,2381.0,2410.0,2272.55,2292.0,2290.55,2344.86,2315918,54305.02,127992,439653,18.98
2022-07-25,SRF, EQ, 25-Jul-2022,2290.55,2302.7,2405.0,2299.85,2378.0,2383.45,2376.67,1918499,45596.37,88448,361176,18.83
2022-07-26,SRF, EQ, 26-Jul-2022,2383.45,2400.1,2443.2,2347.0,2360.05,2366.35,2395.54,1680465,40256.15,87928,345035,20.53
2022-07-27,SRF, EQ, 27-Jul-2022,2366.35,2376.95,2414.0,2342.7,2403.0,2405.25,2385.7,717439,17115.93,41072,191435,26.68
2022-07-28,SRF, EQ, 28-Jul-2022,2405.25,2425.0,2429.75,2396.45,2421.9,2420.8,2416.76,476366,11512.63,25333,179583,37.7
2022-07-29,SRF, EQ, 29-Jul-2022,2420.8,2435.0,2448.9,2406.35,2426.0,2428.3,2426.36,419953,10189.57,28029,188499,44.89
2022-08-01,SRF, EQ, 01-Aug-2022,2428.3,2439.0,2457.8,2422.15,2453.0,2453.5,2442.28,336004,8206.15,25461,137433,40.9
2022-08-02,SRF, EQ, 02-Aug-2022,2453.5,2469.9,2476.95,2440.0,2444.9,2453.95,2455.3,514318,12628.05,32476,217283,42.25
2022-08-03,SRF, EQ, 03-Aug-2022,2453.95,2450.0,2466.1,2422.15,2444.0,2450.4,2443.87,262699,6420.02,27068,113372,43.16
2022-08-04,SRF, EQ, 04-Aug-2022,2450.4,2453.15,2473.9,2403.0,2451.75,2453.9,2440.43,572891,13981.0,33250,262829,45.88
2022-08-05,SRF, EQ, 05-Aug-2022,2453.9,2458.7,2514.7,2435.0,2493.0,2498.55,2484.15,624730,15519.21,47191,191887,30.72
2022-08-10,SRF, EQ, 10-Aug-2022,2480.9,2487.5,2508.0,2414.05,2435.7,2436.8,2451.1,538054,13188.22,35644,153786,28.58
2022-08-11,SRF, EQ, 11-Aug-2022,2436.8,2460.0,2463.3,2410.55,2430.9,2429.6,2430.45,388083,9432.18,31605,145718,37.55
2022-08-12,SRF, EQ, 12-Aug-2022,2429.6,2418.0,2460.0,2412.2,2441.0,2438.45,2441.0,374776,9148.27,30816,138898,37.06
2022-08-16,SRF, EQ, 16-Aug-2022,2438.45,2450.0,2525.0,2450.0,2495.0,2493.85,2499.8,746824,18669.14,45371,269461,36.08
2022-08-17,SRF, EQ, 17-Aug-2022,2493.85,2501.25,2505.7,2462.35,2490.5,2486.65,2485.94,471778,11728.13,28472,236297,50.09
2022-08-18,SRF, EQ, 18-Aug-2022,2486.65,2479.9,2539.8,2471.0,2515.0,2519.3,2515.98,761670,19163.49,50563,294867,38.71
2022-08-19,SRF, EQ, 19-Aug-2022,2519.3,2525.0,2535.25,2440.0,2440.0,2455.1,2485.6,414275,10297.22,29239,154863,37.38
2022-08-22,SRF, EQ, 22-Aug-2022,2455.1,2454.0,2454.0,2359.45,2390.0,2393.45,2399.37,436531,10473.98,44879,147033,33.68
2022-08-23,SRF, EQ, 23-Aug-2022,2393.45,2345.0,2443.45,2338.65,2430.35,2415.65,2398.65,375652,9010.58,30098,97830,26.04
2022-08-24,SRF, EQ, 24-Aug-2022,2415.65,2415.0,2423.6,2362.0,2378.5,2381.5,2386.73,329163,7856.24,36549,153178,46.54
2022-08-25,SRF, EQ, 25-Aug-2022,2381.5,2400.0,2414.2,2363.2,2374.0,2371.5,2393.15,330710,7914.4,36730,140862,42.59
2022-08-26,SRF, EQ, 26-Aug-2022,2371.5,2395.0,2427.25,2380.05,2407.95,2401.55,2407.22,363251,8744.25,25771,123828,34.09
2022-08-29,SRF, EQ, 29-Aug-2022,2401.55,2350.0,2434.85,2325.1,2425.0,2419.4,2401.1,448403,10766.59,34478,168236,37.52
2022-08-30,SRF, EQ, 30-Aug-2022,2419.4,2444.95,2555.0,2435.15,2538.0,2543.4,2522.67,1348808,34025.94,73720,550048,40.78
2022-09-01,SRF, EQ, 01-Sep-2022,2543.4,2514.65,2683.0,2511.4,2669.0,2666.35,2637.12,2165693,57111.91,120444,752052,34.73
2022-09-02,SRF, EQ, 02-Sep-2022,2666.35,2687.0,2690.5,2591.15,2604.9,2603.4,2640.29,613538,16199.18,43212,156460,25.5
2022-09-05,SRF, EQ, 05-Sep-2022,2603.4,2618.0,2627.15,2575.0,2604.4,2601.2,2598.44,345524,8978.25,23354,91280,26.42
2022-09-06,SRF, EQ, 06-Sep-2022,2601.2,2613.0,2657.9,2606.8,2617.2,2621.0,2633.48,641014,16880.99,39070,234164,36.53
2022-09-07,SRF, EQ, 07-Sep-2022,2621.0,2614.0,2636.75,2588.0,2625.0,2620.5,2616.16,695991,18208.27,26705,397595,57.13
2022-09-08,SRF, EQ, 08-Sep-2022,2620.5,2648.0,2666.0,2622.0,2643.8,2648.45,2644.72,469966,12429.3,32388,217659,46.31
2022-09-09,SRF, EQ, 09-Sep-2022,2648.45,2659.8,2666.0,2620.1,2635.0,2639.25,2637.62,310925,8201.01,18301,133872,43.06
2022-09-12,SRF, EQ, 12-Sep-2022,2639.25,2658.8,2739.6,2647.0,2730.2,2727.2,2708.28,1056499,28613.0,52963,328328,31.08
2022-09-13,SRF, EQ, 13-Sep-2022,2727.2,2744.05,2848.9,2728.1,2829.0,2826.05,2814.52,1716707,48317.04,92282,400239,23.31
2022-09-14,SRF, EQ, 14-Sep-2022,2826.05,2789.85,2865.0,2772.25,2823.0,2822.4,2837.14,1159487,32896.24,64699,476565,41.1
2022-09-15,SRF, EQ, 15-Sep-2022,2822.4,2838.0,2844.9,2787.05,2819.7,2820.75,2817.08,550290,15502.11,45421,263578,47.9
2022-09-16,SRF, EQ, 16-Sep-2022,2820.75,2817.1,2840.8,2656.45,2699.95,2703.95,2725.98,1013229,27620.46,59584,458940,45.29
2022-09-19,SRF, EQ, 19-Sep-2022,2703.95,2710.1,2736.0,2647.2,2690.0,2682.45,2686.14,638431,17149.18,48793,283976,44.48
2022-09-20,SRF, EQ, 20-Sep-2022,2682.45,2705.0,2734.95,2672.65,2681.0,2682.4,2702.88,559328,15117.96,31644,252683,45.18
2022-09-21,SRF, EQ, 21-Sep-2022,2682.4,2679.95,2733.15,2615.15,2625.0,2627.3,2667.43,846724,22585.77,55636,356408,42.09
2022-09-22,SRF, EQ, 22-Sep-2022,2627.3,2620.0,2642.4,2556.0,2625.0,2622.3,2597.58,649145,16862.05,49676,189258,29.15
2022-09-23,SRF, EQ, 23-Sep-2022,2622.3,2620.0,2630.35,2564.05,2569.75,2572.35,2594.2,488174,12664.22,40884,183389,37.57
2022-09-26,SRF, EQ, 26-Sep-2022,2572.35,2550.1,2555.0,2470.2,2520.0,2514.15,2512.29,709395,17822.06,61427,316653,44.64
2022-09-27,SRF, EQ, 27-Sep-2022,2514.15,2533.0,2557.1,2474.0,2500.0,2487.8,2505.35,523698,13120.47,38841,188217,35.94
2022-09-28,SRF, EQ, 28-Sep-2022,2487.8,2465.0,2512.95,2463.6,2469.0,2480.75,2492.51,424207,10573.39,38335,207608,48.94
2022-09-29,SRF, EQ, 29-Sep-2022,2480.75,2520.0,2595.0,2493.3,2554.1,2543.85,2540.94,1169528,29716.96,80850,411505,35.19
2022-09-30,SRF, EQ, 30-Sep-2022,2543.85,2555.0,2555.0,2411.45,2508.0,2503.45,2474.63,1724728,42680.56,102622,556365,32.26
2022-10-03,SRF, EQ, 03-Oct-2022,2503.45,2505.0,2563.5,2462.2,2488.0,2478.9,2512.36,646784,16249.54,43077,193500,29.92
2022-10-04,SRF, EQ, 04-Oct-2022,2478.9,2520.0,2555.0,2485.0,2539.2,2545.65,2530.27,690454,17470.36,54158,316186,45.79
2022-10-06,SRF, EQ, 06-Oct-2022,2545.65,2547.0,2598.0,2533.25,2573.0,2575.05,2568.4,656151,16852.59,69130,266881,40.67
2022-10-07,SRF, EQ, 07-Oct-2022,2575.05,2584.0,2599.9,2550.4,2555.0,2560.4,2571.19,477073,12266.44,52523,117932,24.72
2022-10-10,SRF, EQ, 10-Oct-2022,2560.4,2539.2,2550.0,2511.2,2542.8,2540.9,2534.86,305852,7752.92,32189,106911,34.96
2022-10-11,SRF, EQ, 11-Oct-2022,2540.9,2561.25,2569.5,2485.0,2493.95,2501.7,2527.1,477697,12071.88,39375,221183,46.3
2022-10-12,SRF, EQ, 12-Oct-2022,2501.7,2519.15,2539.85,2480.05,2520.25,2529.2,2508.18,442504,11098.8,34754,172592,39.0
2022-10-13,SRF, EQ, 13-Oct-2022,2529.2,2526.0,2529.95,2464.2,2488.0,2496.85,2493.89,418090,10426.71,26926,163508,39.11
2022-10-14,SRF, EQ, 14-Oct-2022,2496.85,2549.0,2551.35,2491.05,2502.9,2496.6,2524.39,281480,7105.64,19867,87228,30.99
2022-10-17,SRF, EQ, 17-Oct-2022,2496.6,2496.6,2571.5,2480.05,2554.0,2550.95,2540.14,477988,12141.58,29619,139919,29.27
2022-10-18,SRF, EQ, 18-Oct-2022,2550.95,2565.0,2584.85,2558.15,2564.0,2564.2,2568.25,448673,11523.03,30901,243001,54.16
2022-10-19,SRF, EQ, 19-Oct-2022,2564.2,2577.0,2594.7,2535.0,2580.55,2580.6,2574.35,479569,12345.78,28458,205086,42.76
2022-10-20,SRF, EQ, 20-Oct-2022,2580.6,2575.0,2585.0,2548.05,2581.0,2576.1,2568.35,369894,9500.17,22043,188401,50.93
2022-10-21,SRF, EQ, 21-Oct-2022,2576.1,2595.0,2613.0,2524.2,2544.0,2540.5,2572.29,489326,12586.88,29445,106262,21.72
2022-10-24,SRF, EQ, 24-Oct-2022,2540.5,2588.0,2588.0,2535.2,2544.0,2547.5,2554.71,62203,1589.11,5668,27125,43.61
2022-10-25,SRF, EQ, 25-Oct-2022,2547.5,2567.0,2567.0,2495.0,2500.7,2500.35,2507.55,680152,17055.15,39256,363026,53.37
2022-10-27,SRF, EQ, 27-Oct-2022,2500.35,2525.95,2533.45,2483.95,2499.75,2499.45,2501.06,530868,13277.33,36871,334722,63.05
2022-10-28,SRF, EQ, 28-Oct-2022,2499.45,2513.0,2519.0,2472.65,2490.0,2494.45,2491.2,385655,9607.43,22544,218728,56.72
2022-10-31,SRF, EQ, 31-Oct-2022,2494.45,2506.0,2565.0,2505.0,2557.0,2558.65,2544.74,493490,12558.04,44338,231081,46.83
2022-11-01,SRF, EQ, 01-Nov-2022,2558.65,2565.0,2639.7,2547.05,2612.6,2620.45,2603.38,595570,15504.97,43788,232819,39.09
2022-11-02,SRF, EQ, 02-Nov-2022,2620.45,2624.0,2625.0,2533.0,2544.7,2547.9,2559.89,826027,21145.36,54179,356229,43.13
2022-11-03,SRF, EQ, 03-Nov-2022,2547.9,2547.0,2587.95,2513.0,2547.0,2554.1,2548.58,1101948,28084.05,60206,355196,32.23
2022-11-04,SRF, EQ, 04-Nov-2022,2554.1,2540.0,2540.75,2442.0,2485.0,2482.2,2473.9,1557123,38521.69,100664,488164,31.35
2022-11-07,SRF, EQ, 07-Nov-2022,2482.2,2493.0,2506.55,2407.4,2428.0,2425.9,2436.36,857058,20881.03,66156,392802,45.83
2022-11-09,SRF, EQ, 09-Nov-2022,2425.9,2445.0,2445.0,2375.0,2388.0,2391.15,2412.48,751239,18123.47,63228,423134,56.32
2022-11-10,SRF, EQ, 10-Nov-2022,2391.15,2376.0,2378.65,2320.25,2345.05,2338.45,2345.77,673674,15802.86,66203,326233,48.43
2022-11-11,SRF, EQ, 11-Nov-2022,2338.45,2370.0,2412.05,2361.0,2388.0,2388.7,2388.48,504629,12052.96,41159,198015,39.24
2022-11-14,SRF, EQ, 14-Nov-2022,2388.7,2400.0,2405.0,2372.0,2378.0,2378.25,2380.6,572225,13622.42,50579,327947,57.31
2022-11-15,SRF, EQ, 15-Nov-2022,2378.25,2394.45,2409.0,2345.8,2406.0,2403.4,2376.48,495265,11769.86,42789,207303,41.86
2022-11-16,SRF, EQ, 16-Nov-2022,2403.4,2399.0,2399.0,2352.05,2370.0,2369.45,2365.07,674045,15941.61,53684,323859,48.05
2022-11-17,SRF, EQ, 17-Nov-2022,2369.45,2363.0,2363.0,2333.0,2336.0,2339.05,2347.5,530480,12452.99,30039,255198,48.11
2022-11-18,SRF, EQ, 18-Nov-2022,2339.05,2342.35,2348.4,2250.25,2275.8,2275.25,2284.91,1161638,26542.41,74052,561433,48.33
2022-11-21,SRF, EQ, 21-Nov-2022,2275.25,2266.0,2287.0,2237.7,2245.0,2246.35,2257.69,871972,19686.42,48099,585184,67.11
2022-11-22,SRF, EQ, 22-Nov-2022,2246.35,2243.0,2295.0,2240.05,2295.0,2288.8,2269.29,471061,10689.75,44631,173884,36.91
2022-11-23,SRF, EQ, 23-Nov-2022,2288.8,2305.4,2305.4,2270.5,2278.0,2280.75,2285.19,425775,9729.78,43491,224232,52.66
2022-11-24,SRF, EQ, 24-Nov-2022,2280.75,2295.0,2295.0,2250.1,2260.35,2259.45,2263.1,442467,10013.47,45177,226878,51.28
2022-11-25,SRF, EQ, 25-Nov-2022,2259.45,2278.0,2291.3,2242.35,2275.25,2278.7,2272.27,326915,7428.4,26075,125507,38.39
2022-11-28,SRF, EQ, 28-Nov-2022,2278.7,2288.0,2335.55,2280.1,2327.0,2325.55,2318.57,492455,11417.91,39095,177848,36.11
2022-11-29,SRF, EQ, 29-Nov-2022,2325.55,2327.0,2338.25,2313.35,2320.0,2320.95,2326.02,357100,8306.21,26782,120680,33.79
2022-11-30,SRF, EQ, 30-Nov-2022,2320.95,2320.4,2378.0,2319.2,2370.0,2365.7,2355.21,821107,19338.82,43508,512290,62.39
2022-12-01,SRF, EQ, 01-Dec-2022,2365.7,2370.95,2410.0,2349.0,2392.0,2398.55,2386.28,742826,17725.93,41441,370266,49.85
2022-12-02,SRF, EQ, 02-Dec-2022,2398.55,2398.5,2405.0,2360.0,2399.0,2398.6,2379.88,486483,11577.7,36887,227610,46.79
2022-12-05,SRF, EQ, 05-Dec-2022,2398.6,2413.4,2416.0,2373.2,2405.0,2399.05,2397.26,542347,13001.49,36455,297867,54.92
2022-12-06,SRF, EQ, 06-Dec-2022,2399.05,2400.0,2412.55,2365.0,2388.0,2385.6,2382.81,361751,8619.82,29800,187227,51.76
2022-12-07,SRF, EQ, 07-Dec-2022,2385.6,2395.95,2398.8,2365.0,2377.3,2373.2,2377.34,248230,5901.28,24220,104106,41.94
2022-12-08,SRF, EQ, 08-Dec-2022,2373.2,2385.0,2394.95,2368.0,2388.75,2384.6,2381.37,256931,6118.49,28627,123916,48.23
2022-12-09,SRF, EQ, 09-Dec-2022,2384.6,2392.0,2408.95,2339.0,2365.0,2365.5,2379.7,432919,10302.16,40499,133587,30.86
2022-12-12,SRF, EQ, 12-Dec-2022,2365.5,2363.8,2370.0,2326.35,2339.1,2336.1,2346.4,395435,9278.47,25703,130424,32.98
2022-12-13,SRF, EQ, 13-Dec-2022,2336.1,2354.0,2355.0,2315.0,2325.15,2330.8,2329.78,381931,8898.15,33382,221476,57.99
2022-12-14,SRF, EQ, 14-Dec-2022,2330.8,2342.5,2405.0,2336.4,2399.0,2399.95,2385.02,722113,17222.52,40343,353812,49.0
2022-12-15,SRF, EQ, 15-Dec-2022,2399.95,2410.0,2460.0,2376.55,2382.1,2400.7,2422.06,1131869,27414.58,63642,201898,17.84
2022-12-16,SRF, EQ, 16-Dec-2022,2400.7,2382.0,2382.0,2310.0,2320.05,2324.3,2331.51,980557,22861.78,71232,339866,34.66
2022-12-19,SRF, EQ, 19-Dec-2022,2324.3,2324.3,2325.0,2261.35,2321.0,2322.85,2297.87,629091,14455.68,43708,170707,27.14
2022-12-20,SRF, EQ, 20-Dec-2022,2322.85,2320.0,2325.0,2280.0,2322.75,2319.8,2300.9,386920,8902.66,26767,135682,35.07
2022-12-21,SRF, EQ, 21-Dec-2022,2319.8,2332.0,2348.95,2293.0,2295.0,2298.7,2323.47,375875,8733.35,29792,124502,33.12
2022-12-22,SRF, EQ, 22-Dec-2022,2298.7,2314.8,2324.75,2267.1,2292.25,2297.45,2292.86,631488,14479.14,38481,274410,43.45
2022-12-23,SRF, EQ, 23-Dec-2022,2297.45,2265.1,2296.95,2211.1,2220.0,2219.35,2254.8,651176,14682.72,45155,215132,33.04
2022-12-26,SRF, EQ, 26-Dec-2022,2219.35,2220.0,2322.8,2206.05,2298.0,2293.3,2289.97,500570,11462.88,29735,154032,30.77
2022-12-27,SRF, EQ, 27-Dec-2022,2293.3,2305.0,2348.0,2302.6,2324.95,2325.0,2332.77,583509,13611.93,42791,199002,34.1
2022-12-28,SRF, EQ, 28-Dec-2022,2325.0,2332.85,2337.3,2300.0,2303.9,2307.25,2318.46,323750,7506.01,28378,132350,40.88
2022-12-29,SRF, EQ, 29-Dec-2022,2307.25,2297.05,2319.45,2268.8,2280.0,2275.95,2284.57,987064,22550.14,68194,661233,66.99
2022-12-30,SRF, EQ, 30-Dec-2022,2275.95,2294.9,2314.35,2284.0,2294.6,2290.35,2297.13,232119,5332.08,15046,86175,37.13
2023-01-02,SRF, EQ, 02-Jan-2023,2290.35,2294.6,2308.0,2276.15,2293.0,2292.45,2292.54,321609,7373.02,24594,149900,46.61
2023-01-03,SRF, EQ, 03-Jan-2023,2292.45,2300.0,2312.0,2280.6,2302.8,2302.85,2297.1,741051,17022.71,45705,364218,49.15
2023-01-04,SRF, EQ, 04-Jan-2023,2302.85,2302.75,2309.0,2260.0,2264.5,2265.3,2276.82,396492,9027.42,23386,223572,56.39
2023-01-05,SRF, EQ, 05-Jan-2023,2265.3,2275.0,2281.95,2245.1,2271.0,2266.9,2262.91,266401,6028.41,22487,120698,45.31
2023-01-06,SRF, EQ, 06-Jan-2023,2266.9,2270.0,2274.0,2227.35,2237.65,2238.65,2246.25,328799,7385.65,26729,186348,56.68
2023-01-09,SRF, EQ, 09-Jan-2023,2238.65,2246.3,2256.6,2214.15,2232.0,2236.75,2233.9,468796,10472.44,42532,242446,51.72
2023-01-10,SRF, EQ, 10-Jan-2023,2236.75,2240.0,2275.0,2232.0,2270.0,2270.1,2261.11,446088,10086.52,27812,243881,54.67
2023-01-11,SRF, EQ, 11-Jan-2023,2270.1,2277.95,2277.95,2186.7,2195.5,2195.8,2208.76,683084,15087.68,50080,339978,49.77
2023-01-12,SRF, EQ, 12-Jan-2023,2195.8,2199.8,2229.8,2191.05,2221.5,2219.3,2215.13,563323,12478.35,37643,291503,51.75
2023-01-13,SRF, EQ, 13-Jan-2023,2219.3,2219.0,2224.2,2180.1,2197.05,2198.75,2199.47,339837,7474.63,29003,158798,46.73
2023-01-16,SRF, EQ, 16-Jan-2023,2198.75,2207.0,2207.75,2162.4,2174.15,2178.65,2176.21,550050,11970.22,43831,275587,50.1
2023-01-17,SRF, EQ, 17-Jan-2023,2178.65,2178.65,2191.15,2161.15,2191.15,2188.45,2177.8,336838,7335.65,23318,177665,52.74
2023-01-18,SRF, EQ, 18-Jan-2023,2188.45,2188.45,2190.8,2164.75,2168.0,2169.5,2172.45,378180,8215.77,36545,232414,61.46
2023-01-19,SRF, EQ, 19-Jan-2023,2169.5,2167.95,2169.45,2132.8,2138.9,2137.45,2142.7,404840,8674.51,32367,227550,56.21
2023-01-20,SRF, EQ, 20-Jan-2023,2137.45,2140.0,2144.9,2101.0,2107.0,2105.2,2117.4,393215,8325.93,32997,228472,58.1
2023-01-23,SRF, EQ, 23-Jan-2023,2105.2,2107.0,2118.7,2095.1,2117.0,2113.75,2108.43,401917,8474.12,27788,230027,57.23
2023-01-24,SRF, EQ, 24-Jan-2023,2113.75,2119.0,2138.95,2118.0,2127.0,2127.9,2128.87,540773,11512.34,17896,373105,68.99
2023-01-25,SRF, EQ, 25-Jan-2023,2127.9,2129.9,2140.0,2085.5,2139.0,2128.35,2115.24,506083,10704.85,37091,258858,51.15
2023-01-27,SRF, EQ, 27-Jan-2023,2128.35,2139.0,2152.5,2106.05,2135.25,2131.1,2126.84,471175,10021.12,33650,224455,47.64
2023-01-30,SRF, EQ, 30-Jan-2023,2131.1,2149.0,2194.0,2082.1,2184.5,2151.4,2131.37,642002,13683.41,45831,211759,32.98
2023-01-31,SRF, EQ, 31-Jan-2023,2151.4,2200.0,2236.0,2168.1,2183.05,2182.45,2199.84,1503351,33071.32,84877,614577,40.88
2023-02-01,SRF, EQ, 01-Feb-2023,2182.45,2200.0,2248.0,2182.8,2225.0,2224.65,2218.01,1054831,23396.25,76102,517337,49.04
2023-02-02,SRF, EQ, 02-Feb-2023,2224.65,2220.0,2231.0,2187.05,2211.0,2202.8,2205.94,487744,10759.32,37678,262635,53.85
2023-02-03,SRF, EQ, 03-Feb-2023,2202.8,2213.85,2229.5,2185.0,2201.55,2210.45,2205.56,352217,7768.36,34192,164754,46.78
2023-02-06,SRF, EQ, 06-Feb-2023,2210.45,2210.65,2222.0,2178.4,2220.0,2219.15,2206.41,541851,11955.45,28112,307305,56.71
2023-02-07,SRF, EQ, 07-Feb-2023,2219.15,2220.0,2221.9,2196.3,2204.15,2204.4,2206.18,372736,8223.23,25757,223996,60.1
2023-02-08,SRF, EQ, 08-Feb-2023,2204.4,2208.5,2217.0,2185.95,2198.0,2197.1,2200.77,442756,9744.06,20644,269413,60.85
2023-02-09,SRF, EQ, 09-Feb-2023,2197.1,2205.1,2239.9,2184.05,2223.0,2218.35,2207.02,683252,15079.47,26417,412859,60.43
2023-02-10,SRF, EQ, 10-Feb-2023,2218.35,2219.95,2304.0,2203.75,2288.95,2289.4,2265.09,1147275,25986.77,58860,534443,46.58
2023-02-13,SRF, EQ, 13-Feb-2023,2289.4,2295.8,2295.8,2210.0,2211.4,2216.4,2248.01,556723,12515.21,41823,217165,39.01
2023-02-14,SRF, EQ, 14-Feb-2023,2216.4,2216.0,2237.05,2206.6,2228.0,2226.85,2220.16,506924,11254.5,39753,210606,41.55
2023-02-15,SRF, EQ, 15-Feb-2023,2226.85,2226.85,2259.8,2220.6,2253.0,2255.3,2249.07,434256,9766.7,33801,147939,34.07
2023-02-16,SRF, EQ, 16-Feb-2023,2255.3,2258.0,2337.05,2258.0,2325.0,2326.2,2304.28,933259,21504.88,40016,463538,49.67
2023-02-17,SRF, EQ, 17-Feb-2023,2326.2,2310.0,2329.0,2305.35,2312.85,2318.85,2318.09,390304,9047.59,32564,202756,51.95
2023-02-20,SRF, EQ, 20-Feb-2023,2318.85,2320.0,2337.95,2300.0,2309.7,2312.35,2318.0,518037,12008.12,24510,326309,62.99
2023-02-21,SRF, EQ, 21-Feb-2023,2312.35,2317.0,2355.0,2312.0,2315.0,2318.2,2329.15,511136,11905.13,29790,235487,46.07
2023-02-22,SRF, EQ, 22-Feb-2023,2318.2,2300.05,2307.1,2244.7,2277.0,2274.3,2266.53,444547,10075.77,35352,233383,52.5
2023-02-23,SRF, EQ, 23-Feb-2023,2274.3,2285.0,2285.0,2232.85,2250.0,2242.7,2251.99,301133,6781.5,26607,120344,39.96
2023-02-24,SRF, EQ, 24-Feb-2023,2242.7,2253.95,2260.0,2215.0,2231.5,2224.5,2229.33,324464,7233.39,32778,160400,49.44
2023-02-27,SRF, EQ, 27-Feb-2023,2224.5,2224.5,2231.45,2161.45,2187.35,2191.9,2184.16,382292,8349.87,30501,181441,47.46
2023-02-28,SRF, EQ, 28-Feb-2023,2191.9,2190.75,2191.0,2154.05,2167.0,2168.55,2169.09,569085,12343.95,31968,349593,61.43
2023-03-01,SRF, EQ, 01-Mar-2023,2168.55,2184.05,2241.75,2184.05,2236.0,2235.45,2222.83,618814,13755.17,31898,287770,46.5
2023-03-02,SRF, EQ, 02-Mar-2023,2235.45,2223.3,2257.7,2222.0,2250.0,2247.0,2239.63,340417,7624.08,17719,193839,56.94
2023-03-03,SRF, EQ, 03-Mar-2023,2247.0,2255.6,2287.0,2245.6,2273.0,2271.95,2266.06,511341,11587.28,29725,320536,62.69
2023-03-06,SRF, EQ, 06-Mar-2023,2271.95,2280.0,2307.15,2275.1,2302.0,2300.35,2295.26,467292,10725.55,22100,292217,62.53
2023-03-08,SRF, EQ, 08-Mar-2023,2300.35,2280.3,2315.0,2268.05,2313.0,2307.4,2296.64,363490,8348.05,26993,210484,57.91
2023-03-09,SRF, EQ, 09-Mar-2023,2307.4,2318.4,2334.5,2290.0,2290.5,2300.55,2314.9,560192,12967.91,35627,312356,55.76
2023-03-10,SRF, EQ, 10-Mar-2023,2300.55,2279.8,2300.0,2273.05,2298.5,2292.55,2285.87,339874,7769.08,16376,191271,56.28
2023-03-13,SRF, EQ, 13-Mar-2023,2292.55,2300.0,2308.85,2272.55,2285.0,2281.6,2291.01,510226,11689.32,28079,333694,65.4
2023-03-14,SRF, EQ, 14-Mar-2023,2281.6,2281.6,2314.95,2261.0,2310.0,2305.4,2288.71,960492,21982.85,35248,643050,66.95
2023-03-15,SRF, EQ, 15-Mar-2023,2305.4,2319.85,2330.45,2263.0,2282.45,2272.4,2293.57,449004,10298.24,24013,256691,57.17
2023-03-16,SRF, EQ, 16-Mar-2023,2272.4,2282.4,2317.4,2263.0,2317.0,2309.65,2296.44,446515,10253.94,23308,260993,58.45
2023-03-17,SRF, EQ, 17-Mar-2023,2309.65,2321.2,2325.0,2298.3,2301.0,2307.55,2310.8,309283,7146.93,20930,164673,53.24
2023-03-20,SRF, EQ, 20-Mar-2023,2307.55,2299.0,2318.0,2290.25,2302.0,2303.35,2303.96,236668,5452.75,15415,115127,48.64
2023-03-21,SRF, EQ, 21-Mar-2023,2303.35,2303.35,2364.9,2298.55,2345.0,2349.35,2340.8,619952,14511.81,40952,324643,52.37
2023-03-22,SRF, EQ, 22-Mar-2023,2349.35,2352.05,2387.65,2346.0,2376.05,2381.25,2376.0,1042488,24769.53,26109,811086,77.8
2023-03-23,SRF, EQ, 23-Mar-2023,2381.25,2381.1,2404.15,2365.65,2383.3,2383.7,2385.63,448631,10702.69,31941,267206,59.56
2023-03-24,SRF, EQ, 24-Mar-2023,2383.7,2389.25,2397.6,2371.15,2371.15,2381.45,2384.43,300095,7155.55,23014,141671,47.21
2023-03-27,SRF, EQ, 27-Mar-2023,2381.45,2380.1,2401.9,2373.15,2384.0,2387.65,2390.83,388208,9281.41,24391,191844,49.42
2023-03-28,SRF, EQ, 28-Mar-2023,2387.65,2397.0,2399.0,2365.5,2373.0,2380.3,2376.23,551977,13116.26,22707,387111,70.13
2023-03-29,SRF, EQ, 29-Mar-2023,2380.3,2375.0,2412.0,2370.05,2401.0,2399.1,2397.51,313006,7504.35,22066,146495,46.8
2023-03-31,SRF, EQ, 31-Mar-2023,2399.1,2411.1,2433.4,2397.65,2403.0,2411.85,2416.5,585933,14159.08,30594,396832,67.73
2023-04-03,SRF, EQ, 03-Apr-2023,2411.85,2428.2,2429.0,2358.6,2363.0,2362.35,2379.54,1010208,24038.26,22641,800149,79.21
2023-04-05,SRF, EQ, 05-Apr-2023,2362.35,2365.0,2383.35,2354.4,2371.0,2376.15,2364.38,417181,9863.75,26795,261286,62.63
2023-04-06,SRF, EQ, 06-Apr-2023,2376.15,2371.1,2384.65,2358.0,2365.0,2369.3,2366.9,157067,3717.62,14201,88297,56.22
2023-04-10,SRF, EQ, 10-Apr-2023,2369.3,2375.0,2403.5,2365.0,2393.0,2389.7,2392.35,416941,9974.67,14724,310690,74.52
2023-04-11,SRF, EQ, 11-Apr-2023,2389.7,2398.0,2420.0,2375.5,2401.0,2398.6,2394.86,1001619,23987.37,38009,746846,74.56
2023-04-12,SRF, EQ, 12-Apr-2023,2398.6,2401.0,2428.25,2398.1,2421.05,2424.5,2415.71,598441,14456.58,26095,423200,70.72
2023-04-13,SRF, EQ, 13-Apr-2023,2424.5,2430.0,2454.0,2426.6,2436.1,2439.25,2440.37,864697,21101.8,52173,575803,66.59
2023-04-17,SRF, EQ, 17-Apr-2023,2439.25,2440.0,2467.55,2432.65,2453.0,2461.65,2448.81,565248,13841.84,34391,426911,75.53
2023-04-18,SRF, EQ, 18-Apr-2023,2461.65,2469.4,2486.9,2452.05,2481.5,2483.5,2474.47,573989,14203.19,32036,394862,68.79
2023-04-19,SRF, EQ, 19-Apr-2023,2483.5,2499.0,2499.0,2457.7,2471.9,2470.45,2470.39,431870,10668.89,32474,224255,51.93
2023-04-20,SRF, EQ, 20-Apr-2023,2470.45,2475.1,2489.95,2462.6,2471.8,2472.85,2474.14,257583,6372.98,19126,137799,53.5
2023-04-21,SRF, EQ, 21-Apr-2023,2472.85,2472.0,2484.2,2464.15,2475.0,2477.0,2476.06,153764,3807.3,11905,86897,56.51
2023-04-24,SRF, EQ, 24-Apr-2023,2477.0,2486.8,2502.0,2473.0,2499.0,2499.8,2489.56,204607,5093.82,13920,109376,53.46
2023-04-25,SRF, EQ, 25-Apr-2023,2499.8,2499.8,2505.6,2480.7,2490.0,2491.95,2496.14,238525,5953.93,16534,146042,61.23
2023-04-26,SRF, EQ, 26-Apr-2023,2491.95,2494.0,2500.95,2471.95,2490.0,2496.6,2488.29,412277,10258.64,23527,305340,74.06
2023-04-27,SRF, EQ, 27-Apr-2023,2496.6,2481.0,2503.5,2481.0,2499.95,2495.5,2494.27,133131,3320.65,12303,75577,56.77
2023-04-28,SRF, EQ, 28-Apr-2023,2495.5,2500.0,2545.0,2491.45,2534.6,2540.25,2522.51,484563,12223.17,25611,317553,65.53
2023-05-02,SRF, EQ, 02-May-2023,2540.25,2544.0,2563.45,2535.8,2547.0,2550.75,2551.09,229619,5857.78,24214,130381,56.78
2023-05-03,SRF, EQ, 03-May-2023,2550.75,2550.75,2574.0,2539.6,2563.1,2568.75,2555.11,258866,6614.31,23107,157093,60.69
2023-05-04,SRF, EQ, 04-May-2023,2568.75,2578.0,2578.0,2506.05,2549.0,2552.3,2532.8,609709,15442.72,32652,229322,37.61
2023-05-05,SRF, EQ, 05-May-2023,2552.3,2552.3,2559.3,2522.0,2525.3,2529.7,2540.93,247013,6276.44,19059,104724,42.4
2023-05-08,SRF, EQ, 08-May-2023,2529.7,2529.7,2557.95,2526.15,2548.0,2546.15,2549.12,435984,11113.78,30937,344071,78.92
2023-05-09,SRF, EQ, 09-May-2023,2546.15,2559.0,2636.0,2558.95,2589.0,2587.4,2604.26,1416918,36900.16,93309,479679,33.85
2023-05-10,SRF, EQ, 10-May-2023,2587.4,2573.0,2607.3,2555.3,2570.0,2571.25,2575.37,822520,21182.94,37564,475636,57.83
2023-05-11,SRF, EQ, 11-May-2023,2571.25,2595.0,2595.0,2555.0,2562.45,2560.95,2567.41,467001,11989.82,34153,289518,62.0
2023-05-12,SRF, EQ, 12-May-2023,2560.95,2561.0,2581.4,2531.0,2554.05,2552.75,2560.34,229255,5869.71,22367,88727,38.7
2023-05-15,SRF, EQ, 15-May-2023,2552.75,2554.0,2564.75,2516.45,2528.0,2531.0,2540.45,351737,8935.71,34755,181512,51.6
2023-05-16,SRF, EQ, 16-May-2023,2531.0,2531.0,2556.95,2528.1,2542.4,2542.65,2542.51,272719,6933.9,22768,132554,48.6
2023-05-17,SRF, EQ, 17-May-2023,2542.65,2549.0,2549.0,2453.0,2469.0,2471.35,2484.91,448214,11137.71,40292,161854,36.11
2023-05-18,SRF, EQ, 18-May-2023,2471.35,2490.0,2490.0,2424.9,2428.0,2428.6,2450.84,321325,7875.15,23618,154023,47.93
2023-05-19,SRF, EQ, 19-May-2023,2428.6,2420.0,2440.35,2400.0,2434.65,2436.3,2421.57,218613,5293.87,21885,103929,47.54
2023-05-22,SRF, EQ, 22-May-2023,2436.3,2440.6,2468.4,2410.5,2454.0,2458.6,2433.74,203806,4960.11,19829,81336,39.91
2023-05-23,SRF, EQ, 23-May-2023,2458.6,2466.0,2494.9,2453.6,2477.0,2470.8,2478.01,333461,8263.19,18979,160314,48.08
2023-05-24,SRF, EQ, 24-May-2023,2470.8,2467.2,2488.5,2444.05,2460.0,2449.9,2462.17,381373,9390.04,19191,208054,54.55
2023-05-25,SRF, EQ, 25-May-2023,2449.9,2449.85,2479.5,2446.8,2471.0,2473.55,2463.67,177816,4380.81,15066,78926,44.39
2023-05-26,SRF, EQ, 26-May-2023,2473.55,2471.0,2522.0,2465.0,2515.0,2515.4,2502.18,404790,10128.56,23977,250808,61.96
2023-05-29,SRF, EQ, 29-May-2023,2515.4,2525.45,2540.0,2510.05,2530.0,2534.35,2525.08,175879,4441.09,16082,80268,45.64
2023-05-30,SRF, EQ, 30-May-2023,2534.35,2539.5,2539.5,2507.75,2516.1,2529.1,2522.67,285307,7197.36,19477,195113,68.39
2023-05-31,SRF, EQ, 31-May-2023,2529.1,2510.05,2542.15,2496.0,2511.95,2519.75,2518.77,563991,14205.62,33599,350728,62.19
2023-06-01,SRF, EQ, 01-Jun-2023,2519.75,2503.0,2520.75,2473.7,2480.0,2478.55,2486.62,485845,12081.13,39493,335129,68.98
2023-06-02,SRF, EQ, 02-Jun-2023,2478.55,2485.95,2517.25,2470.05,2513.0,2512.6,2507.04,278737,6988.06,23839,141387,50.72
2023-06-05,SRF, EQ, 05-Jun-2023,2512.6,2512.6,2546.95,2512.05,2534.0,2532.2,2531.92,270365,6845.43,18338,145897,53.96
2023-06-06,SRF, EQ, 06-Jun-2023,2532.2,2536.0,2546.0,2512.15,2535.0,2533.1,2526.13,306301,7737.55,22417,202007,65.95
2023-06-07,SRF, EQ, 07-Jun-2023,2533.1,2541.3,2573.0,2531.0,2559.0,2567.35,2557.99,391452,10013.31,28492,223199,57.02
2023-06-08,SRF, EQ, 08-Jun-2023,2567.35,2576.95,2576.95,2502.0,2512.5,2513.95,2530.92,411072,10403.92,31488,224148,54.53
2023-06-09,SRF, EQ, 09-Jun-2023,2513.95,2526.0,2530.0,2417.25,2420.0,2429.7,2459.16,664621,16344.1,45468,414428,62.36
2023-06-12,SRF, EQ, 12-Jun-2023,2429.7,2420.0,2424.75,2320.25,2338.0,2337.85,2343.73,1574373,36899.02,157300,830632,52.76
2023-06-13,SRF, EQ, 13-Jun-2023,2337.85,2357.65,2379.5,2331.05,2346.5,2344.85,2346.87,963612,22614.74,67150,584775,60.69
2023-06-14,SRF, EQ, 14-Jun-2023,2344.85,2357.9,2368.9,2343.0,2353.95,2350.7,2354.29,453023,10665.48,25032,279880,61.78
2023-06-15,SRF, EQ, 15-Jun-2023,2350.7,2359.0,2385.0,2351.05,2366.0,2367.05,2371.25,678093,16079.25,32614,471104,69.47
2023-06-16,SRF, EQ, 16-Jun-2023,2367.05,2379.95,2404.9,2367.05,2397.8,2397.45,2392.76,418809,10021.1,28942,214575,51.23
2023-06-19,SRF, EQ, 19-Jun-2023,2397.45,2395.0,2418.0,2390.05,2406.0,2404.7,2405.28,281964,6782.02,21963,122370,43.4
2023-06-20,SRF, EQ, 20-Jun-2023,2404.7,2409.9,2416.5,2383.55,2408.95,2405.95,2398.61,404500,9702.38,18361,271917,67.22
2023-06-21,SRF, EQ, 21-Jun-2023,2405.95,2405.95,2418.7,2380.0,2390.0,2389.8,2394.21,484023,11588.52,33190,292800,60.49
2023-06-22,SRF, EQ, 22-Jun-2023,2389.8,2394.0,2415.0,2350.0,2357.0,2366.6,2376.91,410192,9749.91,27126,251688,61.36
2023-06-23,SRF, EQ, 23-Jun-2023,2366.6,2379.25,2379.25,2305.1,2311.0,2321.4,2333.36,678470,15831.18,35725,483178,71.22
2023-06-26,SRF, EQ, 26-Jun-2023,2321.4,2319.0,2349.4,2301.0,2349.4,2338.6,2323.48,385721,8962.17,35779,215564,55.89
2023-06-27,SRF, EQ, 27-Jun-2023,2338.6,2350.0,2353.2,2303.65,2305.0,2308.35,2318.79,482877,11196.92,45179,330569,68.46
2023-06-28,SRF, EQ, 28-Jun-2023,2308.35,2320.0,2332.0,2299.0,2314.0,2308.1,2311.56,527587,12195.48,32953,309932,58.75
2023-06-30,SRF, EQ, 30-Jun-2023,2308.1,2314.8,2330.0,2285.1,2292.15,2289.45,2295.17,625027,14345.45,55374,452285,72.36
2023-07-03,SRF, EQ, 03-Jul-2023,2289.45,2300.0,2307.85,2265.0,2275.0,2274.35,2275.52,1030599,23451.51,100163,808657,78.46
2023-07-04,SRF, EQ, 04-Jul-2023,2274.35,2299.0,2299.0,2271.6,2275.0,2274.4,2280.61,573277,13074.2,26803,395159,68.93
2023-07-05,SRF, EQ, 05-Jul-2023,2274.4,2274.5,2285.0,2220.0,2229.0,2224.65,2244.19,813062,18246.68,84742,545137,67.05
2023-07-06,SRF, EQ, 06-Jul-2023,2224.65,2210.1,2281.5,2210.1,2280.0,2275.5,2255.24,747694,16862.31,41649,446867,59.77
2023-07-07,SRF, EQ, 07-Jul-2023,2275.5,2281.0,2289.6,2220.25,2224.0,2223.2,2245.55,756374,16984.73,59520,390752,51.66
2023-07-10,SRF, EQ, 10-Jul-2023,2223.2,2223.0,2223.0,2181.0,2187.0,2187.8,2199.57,885168,19469.93,61724,564104,63.73
2023-07-11,SRF, EQ, 11-Jul-2023,2187.8,2190.0,2198.25,2158.3,2179.0,2175.35,2174.64,702317,15272.85,56375,407211,57.98
2023-07-12,SRF, EQ, 12-Jul-2023,2175.35,2185.0,2214.85,2154.55,2210.95,2210.2,2183.96,1015129,22170.04,63872,568482,56.0
2023-07-13,SRF, EQ, 13-Jul-2023,2210.2,2230.8,2230.8,2160.0,2173.9,2173.45,2192.07,1174350,25742.59,66905,754801,64.27
2023-07-14,SRF, EQ, 14-Jul-2023,2173.45,2188.0,2206.8,2178.05,2192.0,2187.5,2186.5,833850,18232.1,32882,575755,69.05
2023-07-17,SRF, EQ, 17-Jul-2023,2187.5,2200.9,2245.0,2192.2,2242.0,2239.15,2222.21,908206,20182.22,37338,533075,58.7
2023-07-18,SRF, EQ, 18-Jul-2023,2239.15,2248.7,2254.2,2217.55,2226.0,2226.0,2231.11,502144,11203.38,31389,235639,46.93
2023-07-19,SRF, EQ, 19-Jul-2023,2226.0,2226.0,2250.0,2220.05,2249.0,2241.25,2234.62,366692,8194.17,22832,185000,50.45
2023-07-20,SRF, EQ, 20-Jul-2023,2241.25,2255.0,2259.95,2236.05,2244.3,2242.6,2248.65,356230,8010.36,27875,174515,48.99
2023-07-21,SRF, EQ, 21-Jul-2023,2242.6,2226.85,2249.0,2194.0,2216.0,2212.75,2217.73,503609,11168.7,35410,239645,47.59
2023-07-24,SRF, EQ, 24-Jul-2023,2212.75,2228.05,2230.25,2131.3,2142.0,2144.35,2177.15,1884393,41026.01,99792,647646,34.37
2023-07-25,SRF, EQ, 25-Jul-2023,2144.35,2059.0,2183.0,2040.0,2153.3,2164.1,2127.83,2524900,53725.6,120861,757519,30.0
2023-07-26,SRF, EQ, 26-Jul-2023,2164.1,2148.0,2162.0,2110.0,2143.05,2144.3,2141.2,1695840,36311.31,93317,1104653,65.14
2023-07-27,SRF, EQ, 27-Jul-2023,2144.3,2156.8,2168.5,2140.05,2167.4,2162.15,2152.83,1194705,25719.99,49983,914918,76.58
2023-07-28,SRF, EQ, 28-Jul-2023,2162.15,2173.65,2187.9,2155.0,2170.0,2170.1,2169.94,370186,8032.8,26962,166957,45.1
2023-07-31,SRF, EQ, 31-Jul-2023,2170.1,2182.65,2187.9,2160.9,2168.0,2170.55,2170.41,577609,12536.5,38908,382342,66.19
2023-08-01,SRF, EQ, 01-Aug-2023,2170.55,2183.0,2258.85,2168.0,2250.0,2251.1,2218.66,1623153,36012.27,57376,870817,53.65
2023-08-02,SRF, EQ, 02-Aug-2023,2251.1,2253.0,2292.0,2233.0,2265.0,2265.4,2271.56,1539747,34976.31,77747,871536,56.6
2023-08-03,SRF, EQ, 03-Aug-2023,2265.4,2275.0,2275.0,2246.65,2257.0,2261.1,2257.41,403126,9100.2,25178,224223,55.62
2023-08-04,SRF, EQ, 04-Aug-2023,2261.1,2265.0,2280.0,2260.0,2265.35,2266.8,2271.34,305218,6932.54,30846,168077,55.07
2023-08-07,SRF, EQ, 07-Aug-2023,2266.8,2276.0,2295.0,2262.25,2286.0,2284.15,2286.03,454625,10392.89,32260,268743,59.11
2023-08-08,SRF, EQ, 08-Aug-2023,2284.15,2294.5,2294.5,2257.7,2272.35,2277.95,2274.25,551151,12534.56,34166,365485,66.31
2023-08-09,SRF, EQ, 09-Aug-2023,2277.95,2280.0,2312.8,2266.05,2300.0,2299.7,2293.28,404765,9282.37,26615,224424,55.45
2023-08-10,SRF, EQ, 10-Aug-2023,2299.7,2307.0,2312.0,2288.5,2293.0,2294.25,2299.41,597471,13738.29,28501,441184,73.84
2023-08-11,SRF, EQ, 11-Aug-2023,2294.25,2294.25,2314.0,2263.05,2292.0,2295.7,2296.26,414625,9520.87,32845,191903,46.28
2023-08-14,SRF, EQ, 14-Aug-2023,2295.7,2295.0,2296.5,2264.15,2286.0,2292.1,2283.36,253654,5791.83,18948,130950,51.63
2023-08-16,SRF, EQ, 16-Aug-2023,2292.1,2280.0,2305.55,2260.1,2296.25,2301.65,2284.87,389707,8904.29,21680,227758,58.44
2023-08-17,SRF, EQ, 17-Aug-2023,2301.65,2305.0,2313.7,2287.0,2292.0,2295.65,2302.6,258200,5945.31,29816,156442,60.59
2023-08-18,SRF, EQ, 18-Aug-2023,2295.65,2295.0,2297.5,2269.0,2280.0,2277.8,2279.25,306479,6985.43,20630,202507,66.08
2023-08-21,SRF, EQ, 21-Aug-2023,2277.8,2277.8,2307.35,2275.0,2297.3,2301.45,2299.83,257609,5924.58,36366,147540,57.27
2023-08-22,SRF, EQ, 22-Aug-2023,2301.45,2305.0,2323.0,2291.95,2301.0,2300.75,2300.28,180191,4144.89,19169,109940,61.01
2023-08-23,SRF, EQ, 23-Aug-2023,2300.75,2297.0,2333.0,2296.2,2310.35,2310.8,2316.9,420237,9736.49,37835,223237,53.12
2023-08-24,SRF, EQ, 24-Aug-2023,2310.8,2318.0,2334.0,2305.2,2310.0,2310.05,2322.93,345769,8031.97,15851,232719,67.3
2023-08-25,SRF, EQ, 25-Aug-2023,2310.05,2301.0,2319.7,2294.55,2310.1,2310.25,2309.42,270711,6251.84,14331,171389,63.31
2023-08-28,SRF, EQ, 28-Aug-2023,2310.25,2314.95,2318.9,2301.05,2312.95,2311.85,2309.33,227518,5254.13,13383,132462,58.22
2023-08-29,SRF, EQ, 29-Aug-2023,2311.85,2317.0,2387.0,2311.25,2376.0,2374.35,2364.71,1162898,27499.17,60558,455043,39.13
2023-08-30,SRF, EQ, 30-Aug-2023,2374.35,2387.0,2387.0,2361.4,2371.0,2369.35,2375.86,443739,10542.63,26046,246547,55.56
2023-08-31,SRF, EQ, 31-Aug-2023,2369.35,2385.0,2385.0,2350.25,2360.0,2356.5,2362.92,648345,15319.86,31556,421711,65.04
2023-09-01,SRF, EQ, 01-Sep-2023,2356.5,2356.2,2397.0,2352.0,2383.0,2384.05,2383.54,510493,12167.81,32641,296225,58.03
2023-09-04,SRF, EQ, 04-Sep-2023,2384.05,2390.0,2422.4,2375.0,2403.0,2411.45,2410.83,722079,17408.11,35677,351159,48.63
2023-09-05,SRF, EQ, 05-Sep-2023,2411.45,2419.0,2432.0,2406.1,2415.0,2419.55,2419.17,386564,9351.66,30819,226297,58.54
2023-09-06,SRF, EQ, 06-Sep-2023,2419.55,2425.0,2465.0,2411.2,2451.85,2454.0,2447.09,682571,16703.14,32222,400015,58.6
2023-09-07,SRF, EQ, 07-Sep-2023,2454.0,2455.9,2472.5,2448.55,2463.85,2463.05,2461.41,309914,7628.26,17001,210101,67.79
2023-09-08,SRF, EQ, 08-Sep-2023,2463.05,2469.9,2475.5,2438.0,2441.3,2440.3,2459.65,431834,10621.61,23391,291951,67.61
2023-09-11,SRF, EQ, 11-Sep-2023,2440.3,2441.0,2458.95,2425.55,2436.0,2436.8,2442.56,256721,6270.57,18503,146100,56.91
2023-09-12,SRF, EQ, 12-Sep-2023,2436.8,2448.95,2449.95,2365.0,2372.0,2374.15,2398.08,319884,7671.08,24232,125517,39.24
2023-09-13,SRF, EQ, 13-Sep-2023,2374.15,2365.0,2402.85,2360.3,2396.0,2395.65,2383.65,149596,3565.84,12416,55003,36.77
2023-09-14,SRF, EQ, 14-Sep-2023,2395.65,2389.0,2415.0,2375.5,2397.0,2399.4,2399.74,460211,11043.89,24686,173895,37.79
2023-09-15,SRF, EQ, 15-Sep-2023,2399.4,2406.95,2413.95,2366.8,2368.5,2370.5,2378.92,405072,9636.32,27919,260999,64.43
2023-09-18,SRF, EQ, 18-Sep-2023,2370.5,2341.0,2373.6,2321.75,2367.0,2368.7,2351.34,528852,12435.09,33993,232449,43.95
2023-09-20,SRF, EQ, 20-Sep-2023,2368.7,2365.0,2368.25,2311.9,2327.0,2319.85,2332.95,580839,13550.71,47277,388382,66.87
2023-09-21,SRF, EQ, 21-Sep-2023,2319.85,2327.0,2336.95,2304.0,2314.05,2315.65,2322.84,335304,7788.57,20168,194390,57.97
2023-09-22,SRF, EQ, 22-Sep-2023,2315.65,2322.0,2325.1,2260.05,2261.0,2264.55,2279.28,359377,8191.2,25607,157751,43.9
2023-09-25,SRF, EQ, 25-Sep-2023,2264.55,2270.0,2274.95,2230.15,2239.0,2238.4,2247.64,597945,13439.66,24166,415013,69.41
2023-09-26,SRF, EQ, 26-Sep-2023,2238.4,2242.0,2274.85,2233.55,2243.15,2239.95,2249.96,568665,12794.72,27421,325377,57.22
2023-09-27,SRF, EQ, 27-Sep-2023,2239.95,2248.0,2272.0,2228.05,2262.0,2261.7,2250.41,392260,8827.44,28623,181008,46.14
2023-09-28,SRF, EQ, 28-Sep-2023,2261.7,2270.0,2270.0,2224.25,2239.0,2232.3,2247.87,642092,14433.42,33624,409175,63.73
2023-09-29,SRF, EQ, 29-Sep-2023,2232.3,2246.0,2265.45,2226.45,2253.0,2249.4,2249.51,172256,3874.92,17679,80304,46.62
2023-10-03,SRF, EQ, 03-Oct-2023,2249.4,2258.0,2265.0,2233.05,2251.0,2255.5,2250.44,432577,9734.87,26567,306657,70.89
2023-10-04,SRF, EQ, 04-Oct-2023,2255.5,2250.0,2254.9,2220.0,2245.0,2247.1,2239.18,454546,10178.09,37577,296413,65.21
2023-10-05,SRF, EQ, 05-Oct-2023,2247.1,2247.15,2266.0,2238.45,2260.7,2261.3,2256.04,210258,4743.51,16757,116160,55.25
2023-10-06,SRF, EQ, 06-Oct-2023,2261.3,2264.9,2280.0,2238.0,2242.45,2245.55,2249.25,191139,4299.19,14214,81531,42.66
2023-10-09,SRF, EQ, 09-Oct-2023,2245.55,2228.0,2231.15,2198.0,2200.9,2206.4,2215.39,363638,8056.01,21613,212315,58.39
2023-10-10,SRF, EQ, 10-Oct-2023,2206.4,2222.95,2236.0,2199.75,2231.0,2230.35,2218.32,374416,8305.76,25271,231655,61.87
2023-10-11,SRF, EQ, 11-Oct-2023,2230.35,2241.0,2280.0,2238.8,2250.0,2250.0,2257.13,551311,12443.8,35028,317865,57.66
2023-10-12,SRF, EQ, 12-Oct-2023,2250.0,2266.95,2268.05,2251.0,2265.0,2264.6,2262.75,252564,5714.9,13068,142199,56.3
2023-10-13,SRF, EQ, 13-Oct-2023,2264.6,2260.0,2262.5,2234.9,2250.0,2255.45,2251.46,304818,6862.85,15882,211209,69.29
2023-10-16,SRF, EQ, 16-Oct-2023,2255.45,2240.05,2268.0,2240.0,2247.7,2253.4,2254.95,386468,8714.67,27868,278961,72.18
2023-10-17,SRF, EQ, 17-Oct-2023,2253.4,2258.0,2301.2,2248.0,2280.0,2276.55,2274.51,466647,10613.94,39582,234584,50.27
2023-10-18,SRF, EQ, 18-Oct-2023,2276.55,2288.0,2288.0,2225.35,2245.95,2246.3,2246.22,346382,7780.51,28786,193926,55.99
2023-10-19,SRF, EQ, 19-Oct-2023,2246.3,2240.0,2261.95,2217.8,2250.05,2254.45,2242.02,416271,9332.88,30828,184510,44.32
2023-10-20,SRF, EQ, 20-Oct-2023,2254.45,2251.0,2257.0,2228.0,2231.95,2234.0,2244.21,287602,6454.39,22636,168801,58.69
2023-10-23,SRF, EQ, 23-Oct-2023,2234.0,2220.1,2241.45,2168.2,2176.25,2172.65,2192.21,337697,7403.01,31873,152167,45.06
2023-10-25,SRF, EQ, 25-Oct-2023,2172.65,2178.75,2195.75,2140.0,2141.0,2143.75,2160.23,295526,6384.03,24547,163748,55.41
2023-10-26,SRF, EQ, 26-Oct-2023,2143.75,2137.85,2140.95,2082.25,2104.8,2106.35,2101.58,520179,10931.98,39658,223225,42.91
2023-10-27,SRF, EQ, 27-Oct-2023,2106.35,2120.05,2191.0,2096.0,2173.0,2175.1,2142.2,869519,18626.84,50969,260871,30.0
2023-10-30,SRF, EQ, 30-Oct-2023,2175.1,2172.95,2198.0,2154.0,2186.0,2181.4,2179.41,510094,11117.02,33135,230143,45.12
2023-10-31,SRF, EQ, 31-Oct-2023,2181.4,2180.0,2214.0,2171.0,2188.0,2195.3,2195.32,273868,6012.27,19351,115341,42.12
2023-11-01,SRF, EQ, 01-Nov-2023,2195.3,2190.0,2199.85,2160.05,2181.95,2183.4,2182.0,364774,7959.38,21113,216165,59.26
2023-11-02,SRF, EQ, 02-Nov-2023,2183.4,2190.0,2248.5,2190.0,2240.0,2238.45,2227.55,317319,7068.43,22666,116798,36.81
2023-11-03,SRF, EQ, 03-Nov-2023,2238.45,2252.0,2268.95,2235.8,2254.0,2253.35,2253.51,224509,5059.32,17651,91171,40.61
2023-11-06,SRF, EQ, 06-Nov-2023,2253.35,2290.35,2349.5,2260.05,2337.95,2337.2,2323.16,845207,19635.48,50862,479444,56.73
2023-11-07,SRF, EQ, 07-Nov-2023,2337.2,2337.95,2350.0,2321.75,2341.0,2341.2,2339.87,230686,5397.75,21300,112206,48.64
2023-11-08,SRF, EQ, 08-Nov-2023,2341.2,2349.0,2361.2,2335.35,2350.55,2352.6,2349.94,293823,6904.68,21728,172677,58.77
2023-11-09,SRF, EQ, 09-Nov-2023,2352.6,2356.15,2356.5,2330.1,2334.9,2337.35,2340.65,110366,2583.28,11811,51867,47.0
2023-11-10,SRF, EQ, 10-Nov-2023,2337.35,2328.0,2354.95,2315.1,2348.0,2351.2,2343.74,122114,2862.03,13753,56745,46.47
2023-11-12,SRF, EQ, 12-Nov-2023,2351.2,2368.0,2368.0,2342.0,2345.5,2348.05,2351.07,35217,827.98,4222,22788,64.71
2023-11-13,SRF, EQ, 13-Nov-2023,2348.05,2345.5,2358.0,2325.5,2333.85,2336.95,2340.2,106449,2491.12,12211,52721,49.53
2023-11-15,SRF, EQ, 15-Nov-2023,2336.95,2349.0,2364.5,2338.1,2358.15,2360.8,2355.78,256187,6035.2,21918,145046,56.62
2023-11-16,SRF, EQ, 16-Nov-2023,2360.8,2360.8,2365.95,2347.5,2349.0,2354.05,2354.58,179132,4217.81,11928,124039,69.24
2023-11-17,SRF, EQ, 17-Nov-2023,2354.05,2354.05,2378.85,2342.65,2355.95,2361.35,2366.0,249581,5905.1,20421,136409,54.66
2023-11-20,SRF, EQ, 20-Nov-2023,2361.35,2361.35,2362.0,2324.05,2331.0,2329.25,2335.52,119747,2796.71,11559,56891,47.51
2023-11-21,SRF, EQ, 21-Nov-2023,2329.25,2337.95,2358.6,2333.45,2353.0,2353.55,2347.86,105600,2479.34,9229,49857,47.21
2023-11-22,SRF, EQ, 22-Nov-2023,2353.55,2343.55,2368.45,2329.0,2337.0,2333.1,2345.92,110135,2583.68,11129,47702,43.31
2023-11-23,SRF, EQ, 23-Nov-2023,2333.1,2342.0,2364.1,2329.95,2363.85,2359.6,2350.15,138094,3245.42,13592,59089,42.79
2023-11-24,SRF, EQ, 24-Nov-2023,2359.6,2359.05,2383.25,2350.6,2354.0,2359.4,2367.85,272673,6456.49,25237,102855,37.72
2023-11-28,SRF, EQ, 28-Nov-2023,2359.4,2365.0,2365.0,2331.4,2353.25,2351.6,2348.28,262258,6158.56,39662,133570,50.93
2023-11-29,SRF, EQ, 29-Nov-2023,2351.6,2365.0,2365.0,2345.0,2350.0,2351.7,2355.36,169254,3986.53,21363,112659,66.56
2023-11-30,SRF, EQ, 30-Nov-2023,2351.7,2351.7,2375.0,2341.1,2373.45,2367.4,2359.9,554716,13090.76,27949,376679,67.9
2023-12-01,SRF, EQ, 01-Dec-2023,2367.4,2364.8,2445.0,2360.8,2405.0,2412.5,2417.77,1117033,27007.26,68382,489839,43.85
2023-12-04,SRF, EQ, 04-Dec-2023,2412.5,2435.0,2444.4,2412.85,2429.0,2427.45,2428.17,365372,8871.85,42144,223006,61.04
2023-12-05,SRF, EQ, 05-Dec-2023,2427.45,2427.95,2478.25,2423.35,2452.0,2455.45,2454.91,941927,23123.48,60811,406490,43.16
2023-12-06,SRF, EQ, 06-Dec-2023,2455.45,2468.95,2510.0,2442.8,2458.45,2452.1,2476.29,693194,17165.51,41267,267260,38.55
2023-12-07,SRF, EQ, 07-Dec-2023,2452.1,2460.0,2460.0,2435.85,2437.1,2442.2,2446.2,651430,15935.25,31469,486333,74.66
2023-12-08,SRF, EQ, 08-Dec-2023,2442.2,2450.05,2462.2,2396.25,2418.0,2423.1,2424.13,316577,7674.24,27475,151145,47.74
2023-12-11,SRF, EQ, 11-Dec-2023,2423.1,2425.0,2455.0,2415.6,2440.0,2431.75,2431.07,768537,18683.68,24189,576352,74.99
2023-12-12,SRF, EQ, 12-Dec-2023,2431.75,2440.0,2454.25,2359.2,2383.0,2378.5,2410.01,472046,11376.35,36638,240857,51.02
2023-12-13,SRF, EQ, 13-Dec-2023,2378.5,2395.0,2416.0,2378.0,2416.0,2411.55,2394.63,501631,12012.19,32023,315606,62.92
2023-12-14,SRF, EQ, 14-Dec-2023,2411.55,2427.0,2436.75,2399.25,2424.05,2421.4,2414.23,507202,12245.0,26192,337496,66.54
2023-12-15,SRF, EQ, 15-Dec-2023,2421.4,2415.0,2477.0,2415.0,2438.9,2439.75,2455.48,621693,15265.57,35340,284754,45.8
2023-12-18,SRF, EQ, 18-Dec-2023,2439.75,2439.75,2462.0,2431.0,2433.5,2437.95,2446.97,229075,5605.39,14077,119410,52.13
2023-12-19,SRF, EQ, 19-Dec-2023,2437.95,2445.0,2448.6,2415.0,2431.9,2430.15,2427.77,249747,6063.28,13829,144514,57.86
2023-12-20,SRF, EQ, 20-Dec-2023,2430.15,2442.3,2494.5,2358.7,2360.3,2371.1,2443.94,898142,21950.08,60854,316871,35.28
2023-12-21,SRF, EQ, 21-Dec-2023,2371.1,2360.0,2407.85,2344.6,2396.0,2396.0,2388.39,241109,5758.61,18664,80731,33.48
2023-12-22,SRF, EQ, 22-Dec-2023,2396.0,2409.85,2464.95,2395.45,2451.0,2454.25,2442.56,448639,10958.27,30587,230942,51.48
2023-12-26,SRF, EQ, 26-Dec-2023,2454.25,2463.9,2529.0,2461.3,2489.95,2491.05,2494.05,923702,23037.55,60935,256244,27.74
2023-12-27,SRF, EQ, 27-Dec-2023,2491.05,2506.6,2511.9,2460.15,2468.0,2471.05,2476.77,358521,8879.74,25155,160882,44.87
2023-12-28,SRF, EQ, 28-Dec-2023,2471.05,2466.0,2485.45,2460.85,2465.95,2466.8,2470.34,277494,6855.05,18917,131950,47.55
2023-12-29,SRF, EQ, 29-Dec-2023,2466.8,2470.0,2503.9,2455.2,2478.3,2479.25,2485.75,446931,11109.6,23630,222235,49.72
2024-01-01,SRF, EQ, 01-Jan-2024,2479.25,2488.75,2497.45,2460.0,2462.2,2467.7,2483.01,158733,3941.36,12008,63256,39.85
2024-01-02,SRF, EQ, 02-Jan-2024,2467.7,2482.95,2496.9,2424.8,2490.0,2488.3,2461.13,602156,14819.84,39819,243938,40.51
2024-01-03,SRF, EQ, 03-Jan-2024,2488.3,2488.15,2525.0,2464.85,2507.0,2506.35,2507.43,527559,13228.15,32641,216916,41.12
2024-01-04,SRF, EQ, 04-Jan-2024,2506.35,2509.0,2521.75,2487.15,2506.0,2506.05,2505.7,356989,8945.07,21733,199417,55.86
2024-01-05,SRF, EQ, 05-Jan-2024,2506.05,2511.0,2522.9,2461.0,2480.9,2480.6,2487.6,644040,16021.16,31446,404892,62.87
2024-01-08,SRF, EQ, 08-Jan-2024,2480.6,2468.0,2478.95,2385.0,2393.5,2395.7,2420.25,495983,12004.04,33272,252743,50.96
2024-01-09,SRF, EQ, 09-Jan-2024,2395.7,2397.8,2420.75,2304.65,2311.9,2311.35,2343.54,938885,22003.14,69606,468657,49.92
2024-01-10,SRF, EQ, 10-Jan-2024,2311.35,2311.0,2319.45,2281.0,2295.0,2294.9,2293.35,685064,15710.94,34057,446154,65.13
2024-01-11,SRF, EQ, 11-Jan-2024,2294.9,2305.0,2330.0,2295.0,2326.0,2325.25,2318.9,310878,7208.95,21351,168170,54.1
2024-01-12,SRF, EQ, 12-Jan-2024,2325.25,2340.0,2370.0,2331.0,2342.0,2343.95,2345.79,570104,13373.47,22357,370206,64.94
2024-01-15,SRF, EQ, 15-Jan-2024,2343.95,2351.7,2351.7,2320.7,2347.5,2347.2,2338.16,452044,10569.53,25383,269157,59.54
2024-01-16,SRF, EQ, 16-Jan-2024,2347.2,2350.0,2368.4,2343.75,2359.9,2358.15,2357.88,471010,11105.85,29738,288154,61.18
2024-01-17,SRF, EQ, 17-Jan-2024,2358.15,2348.85,2359.9,2305.0,2311.15,2309.6,2326.85,323931,7537.4,28021,200575,61.92
2024-01-18,SRF, EQ, 18-Jan-2024,2309.6,2316.6,2317.0,2261.15,2291.0,2294.05,2291.17,328660,7530.17,25139,165639,50.4
2024-01-19,SRF, EQ, 19-Jan-2024,2294.05,2315.0,2342.8,2297.6,2310.0,2309.0,2322.58,514147,11941.47,27588,311535,60.59
2024-01-20,SRF, EQ, 20-Jan-2024,2309.0,2315.0,2334.85,2287.0,2290.5,2289.55,2299.52,152834,3514.44,17137,95580,62.54
2024-01-23,SRF, EQ, 23-Jan-2024,2289.55,2294.95,2295.95,2235.5,2257.5,2254.05,2259.02,463257,10465.05,34988,243339,52.53
2024-01-24,SRF, EQ, 24-Jan-2024,2254.05,2271.9,2299.4,2255.5,2290.0,2284.95,2282.97,485502,11083.85,32245,251792,51.86
2024-01-25,SRF, EQ, 25-Jan-2024,2284.95,2296.0,2302.0,2263.4,2268.95,2268.9,2285.81,432584,9888.04,25554,240919,55.69
2024-01-29,SRF, EQ, 29-Jan-2024,2268.9,2270.0,2282.0,2230.0,2245.95,2246.6,2248.88,901880,20282.19,46805,628988,69.74
2024-01-30,SRF, EQ, 30-Jan-2024,2246.6,2250.0,2263.25,2210.0,2227.75,2222.35,2237.93,365829,8187.01,32634,166539,45.52
2024-01-31,SRF, EQ, 31-Jan-2024,2222.35,2215.0,2333.2,2215.0,2319.85,2325.1,2291.05,2855586,65422.91,98750,1201170,42.06
2024-02-01,SRF, EQ, 01-Feb-2024,2325.1,2320.0,2324.95,2279.0,2306.7,2308.45,2298.66,1374086,31585.59,37529,1020644,74.28
2024-02-02,SRF, EQ, 02-Feb-2024,2308.45,2324.9,2325.0,2302.0,2318.0,2318.65,2316.78,701436,16250.75,29962,484878,69.13
2024-02-05,SRF, EQ, 05-Feb-2024,2318.65,2315.0,2315.35,2245.0,2250.0,2251.1,2277.48,429402,9779.54,25535,262864,61.22
2024-02-06,SRF, EQ, 06-Feb-2024,2251.1,2250.0,2293.2,2249.2,2278.0,2283.75,2281.81,529792,12088.82,20254,375650,70.91
2024-02-07,SRF, EQ, 07-Feb-2024,2283.75,2295.05,2309.0,2263.05,2293.6,2295.05,2269.95,1464373,33240.47,30398,1247821,85.21
2024-02-08,SRF, EQ, 08-Feb-2024,2295.05,2299.95,2326.2,2283.05,2298.0,2295.9,2297.4,240843,5533.13,16860,127232,52.83
2024-02-09,SRF, EQ, 09-Feb-2024,2295.9,2304.0,2307.0,2263.9,2304.9,2298.55,2290.27,209506,4798.25,21795,81563,38.93
2024-02-12,SRF, EQ, 12-Feb-2024,2298.55,2303.0,2322.35,2266.7,2283.0,2286.5,2293.52,163430,3748.31,15454,63633,38.94
2024-02-13,SRF, EQ, 13-Feb-2024,2286.5,2299.0,2326.95,2258.25,2325.0,2323.35,2305.54,297034,6848.25,26301,141674,47.7
2024-02-14,SRF, EQ, 14-Feb-2024,2323.35,2314.05,2364.0,2297.7,2358.0,2358.15,2335.39,389910,9105.94,40629,194021,49.76
2024-02-15,SRF, EQ, 15-Feb-2024,2358.15,2370.0,2375.0,2346.7,2350.9,2350.55,2360.92,211040,4982.48,19693,90544,42.9
2024-02-16,SRF, EQ, 16-Feb-2024,2350.55,2355.75,2403.0,2351.75,2379.0,2380.1,2380.67,383890,9139.14,26747,207969,54.17
2024-02-19,SRF, EQ, 19-Feb-2024,2380.1,2380.0,2380.95,2344.45,2345.15,2347.05,2358.81,166063,3917.11,15120,85411,51.43
2024-02-20,SRF, EQ, 20-Feb-2024,2347.05,2347.05,2389.0,2325.3,2388.9,2383.2,2356.44,451789,10646.11,30062,262869,58.18
2024-02-21,SRF, EQ, 21-Feb-2024,2383.2,2399.0,2423.55,2384.35,2396.6,2398.95,2401.86,881154,21164.07,41018,492959,55.94
2024-02-22,SRF, EQ, 22-Feb-2024,2398.95,2408.95,2418.55,2367.1,2411.0,2409.0,2396.51,203280,4871.63,17161,90442,44.49
2024-02-23,SRF, EQ, 23-Feb-2024,2409.0,2418.0,2419.0,2381.75,2382.9,2385.8,2397.1,114496,2744.59,9677,53350,46.6
2024-02-26,SRF, EQ, 26-Feb-2024,2385.8,2393.95,2410.0,2373.75,2402.5,2400.55,2398.27,243435,5838.22,18689,130250,53.51
2024-02-27,SRF, EQ, 27-Feb-2024,2400.55,2400.55,2429.55,2364.0,2395.0,2392.75,2394.32,442182,10587.27,31618,191143,43.23
2024-02-28,SRF, EQ, 28-Feb-2024,2392.75,2396.6,2404.95,2354.95,2370.0,2371.0,2390.91,429664,10272.88,24634,275818,64.19
2024-02-29,SRF, EQ, 29-Feb-2024,2371.0,2370.05,2398.9,2341.9,2385.0,2389.65,2380.23,565867,13468.91,34704,412342,72.87
2024-03-01,SRF, EQ, 01-Mar-2024,2389.65,2389.65,2409.9,2380.5,2395.0,2397.35,2398.38,282374,6772.41,21424,167818,59.43
2024-03-02,SRF, EQ, 02-Mar-2024,2397.35,2402.55,2404.0,2383.35,2391.05,2394.7,2392.78,24916,596.19,1654,13948,55.98
2024-03-04,SRF, EQ, 04-Mar-2024,2394.7,2394.05,2403.0,2367.2,2376.0,2376.0,2377.31,139551,3317.56,16886,70165,50.28
2024-03-05,SRF, EQ, 05-Mar-2024,2376.0,2376.05,2412.4,2373.6,2390.0,2391.3,2397.29,241360,5786.09,22286,96945,40.17
2024-03-06,SRF, EQ, 06-Mar-2024,2391.3,2398.0,2416.0,2364.05,2410.0,2411.7,2391.57,232307,5555.8,22662,100770,43.38
2024-03-07,SRF, EQ, 07-Mar-2024,2411.7,2411.75,2464.4,2411.75,2441.3,2450.05,2447.76,653987,16008.04,62789,308368,47.15
2024-03-11,SRF, EQ, 11-Mar-2024,2450.05,2472.0,2491.0,2423.6,2444.9,2455.5,2453.44,436096,10699.33,39580,240398,55.13
2024-03-12,SRF, EQ, 12-Mar-2024,2455.5,2441.35,2459.2,2403.65,2430.5,2423.15,2431.03,242866,5904.16,20142,133611,55.01
2024-03-13,SRF, EQ, 13-Mar-2024,2423.15,2429.85,2462.0,2375.1,2381.1,2386.0,2407.06,442261,10645.49,37217,216771,49.01
2024-03-14,SRF, EQ, 14-Mar-2024,2386.0,2386.0,2436.0,2344.35,2422.6,2430.25,2411.54,383267,9242.62,34139,233780,61.0
2024-03-15,SRF, EQ, 15-Mar-2024,2430.25,2430.0,2449.9,2404.4,2428.0,2428.55,2427.19,378516,9187.32,34577,221076,58.41
2024-03-18,SRF, EQ, 18-Mar-2024,2428.55,2427.6,2479.7,2411.0,2463.0,2470.0,2462.38,563240,13869.1,35228,267888,47.56
2024-03-19,SRF, EQ, 19-Mar-2024,2470.0,2477.85,2480.0,2400.6,2425.05,2432.85,2433.35,380710,9263.99,25227,177379,46.59
2024-03-20,SRF, EQ, 20-Mar-2024,2432.85,2444.0,2464.7,2418.95,2463.0,2460.3,2444.42,205010,5011.31,18389,89192,43.51
2024-03-21,SRF, EQ, 21-Mar-2024,2460.3,2478.0,2549.85,2469.1,2537.4,2538.35,2510.18,1316007,33034.21,77131,631026,47.95
2024-03-22,SRF, EQ, 22-Mar-2024,2538.35,2556.0,2600.0,2532.0,2546.0,2550.95,2561.47,1205728,30884.33,70292,442017,36.66
2024-03-26,SRF, EQ, 26-Mar-2024,2550.95,2553.0,2598.0,2546.0,2585.0,2580.0,2585.64,687251,17769.82,42436,327474,47.65
2024-03-27,SRF, EQ, 27-Mar-2024,2580.0,2595.2,2597.0,2515.1,2532.0,2522.75,2558.91,1097897,28094.17,47077,765447,69.72
2024-03-28,SRF, EQ, 28-Mar-2024,2522.75,2516.45,2574.9,2503.3,2557.6,2560.25,2553.19,520691,13294.24,32827,274830,52.78
2024-04-01,SRF, EQ, 01-Apr-2024,2560.25,2559.9,2629.4,2552.05,2625.0,2616.6,2594.36,678813,17610.86,42648,319557,47.08
2024-04-02,SRF, EQ, 02-Apr-2024,2616.6,2632.85,2662.95,2600.05,2622.0,2621.8,2636.91,1308354,34500.08,81007,611375,46.73
2024-04-03,SRF, EQ, 03-Apr-2024,2621.8,2621.8,2642.9,2602.05,2621.0,2623.0,2628.97,367223,9654.19,35985,217954,59.35
2024-04-04,SRF, EQ, 04-Apr-2024,2623.0,2629.95,2637.5,2583.6,2601.0,2591.5,2608.95,319548,8336.85,32846,147878,46.28
2024-04-05,SRF, EQ, 05-Apr-2024,2591.5,2590.0,2616.0,2578.3,2593.0,2586.85,2595.9,342605,8893.68,27687,203749,59.47
2024-04-08,SRF, EQ, 08-Apr-2024,2586.85,2600.0,2617.95,2555.65,2614.2,2607.2,2587.52,286273,7407.36,21151,140406,49.05
2024-04-09,SRF, EQ, 09-Apr-2024,2607.2,2623.9,2623.9,2578.2,2588.0,2592.95,2597.0,254205,6601.7,19932,141310,55.59
2024-04-10,SRF, EQ, 10-Apr-2024,2592.95,2586.0,2687.5,2565.75,2645.0,2645.55,2649.56,1068326,28305.94,77367,416437,38.98
2024-04-12,SRF, EQ, 12-Apr-2024,2645.55,2645.0,2687.5,2625.55,2629.0,2632.3,2646.44,699830,18520.6,52159,378968,54.15
2024-04-15,SRF, EQ, 15-Apr-2024,2632.3,2580.0,2618.0,2526.75,2564.0,2557.35,2580.42,672725,17359.16,35755,377642,56.14
2024-04-16,SRF, EQ, 16-Apr-2024,2557.35,2532.2,2571.85,2511.0,2522.05,2518.25,2537.05,473443,12011.5,27833,291348,61.54
2024-04-18,SRF, EQ, 18-Apr-2024,2518.25,2537.9,2573.95,2517.05,2525.3,2529.95,2541.32,566417,14394.44,35622,308420,54.45
2024-04-19,SRF, EQ, 19-Apr-2024,2529.95,2495.0,2553.15,2480.0,2523.95,2529.05,2518.44,280298,7059.14,28965,113442,40.47
2024-04-22,SRF, EQ, 22-Apr-2024,2529.05,2552.95,2574.95,2531.7,2567.55,2565.1,2563.09,301008,7715.12,15860,178815,59.41
2024-04-23,SRF, EQ, 23-Apr-2024,2565.1,2568.0,2639.35,2560.9,2623.95,2617.4,2613.1,697381,18223.26,47964,375846,53.89
2024-04-24,SRF, EQ, 24-Apr-2024,2617.4,2634.9,2659.3,2610.0,2615.0,2619.2,2638.27,383408,10115.36,33114,200815,52.38
2024-04-25,SRF, EQ, 25-Apr-2024,2619.2,2619.2,2650.0,2601.15,2634.5,2638.9,2622.66,661465,17347.98,32536,484007,73.17
2024-04-26,SRF, EQ, 26-Apr-2024,2638.9,2625.0,2659.0,2621.0,2630.4,2640.8,2641.99,345768,9135.17,22676,218792,63.28
2024-04-29,SRF, EQ, 29-Apr-2024,2640.8,2649.95,2669.0,2611.0,2630.0,2636.25,2637.35,364006,9600.12,24284,212621,58.41
2024-04-30,SRF, EQ, 30-Apr-2024,2636.25,2636.25,2655.0,2614.5,2625.0,2621.05,2637.3,348452,9189.72,27043,205009,58.83
2024-05-02,SRF, EQ, 02-May-2024,2621.05,2621.05,2686.0,2621.05,2668.0,2669.05,2664.96,383008,10207.02,29487,196184,51.22
2024-05-03,SRF, EQ, 03-May-2024,2669.05,2688.9,2693.95,2535.0,2570.0,2567.65,2597.19,640886,16645.04,47674,319556,49.86
2024-05-06,SRF, EQ, 06-May-2024,2567.65,2578.55,2614.0,2559.0,2586.0,2587.6,2591.2,294624,7634.29,23813,100476,34.1
2024-05-07,SRF, EQ, 07-May-2024,2587.6,2540.0,2540.0,2388.75,2400.0,2416.85,2438.08,2274991,55466.17,116153,767389,33.73
2024-05-08,SRF, EQ, 08-May-2024,2416.85,2409.0,2427.6,2325.15,2340.0,2339.1,2360.69,1418023,33475.16,88778,657489,46.37
2024-05-09,SRF, EQ, 09-May-2024,2339.1,2341.0,2352.7,2280.25,2286.5,2291.35,2306.95,979132,22588.13,66125,521394,53.25
2024-05-10,SRF, EQ, 10-May-2024,2291.35,2302.0,2347.4,2256.0,2284.0,2278.05,2300.85,1259049,28968.88,62332,730461,58.02
2024-05-13,SRF, EQ, 13-May-2024,2278.05,2278.9,2297.5,2210.0,2230.4,2226.5,2229.95,896229,19985.44,51961,530134,59.15
2024-05-14,SRF, EQ, 14-May-2024,2226.5,2231.0,2299.0,2207.4,2286.8,2286.75,2247.73,749824,16854.03,43024,368723,49.17
2024-05-15,SRF, EQ, 15-May-2024,2286.75,2300.0,2319.0,2282.1,2290.0,2288.2,2305.47,680715,15693.7,40052,384920,56.55
2024-05-16,SRF, EQ, 16-May-2024,2288.2,2300.0,2309.9,2253.15,2274.0,2270.75,2271.44,512259,11635.67,36372,337482,65.88
2024-05-17,SRF, EQ, 17-May-2024,2270.75,2278.0,2287.45,2258.55,2280.65,2280.35,2273.92,321572,7312.31,30262,179121,55.7
2024-05-18,SRF, EQ, 18-May-2024,2280.35,2280.65,2289.75,2218.0,2284.9,2275.05,2272.74,50301,1143.21,4857,22881,45.49
2024-05-21,SRF, EQ, 21-May-2024,2275.05,2275.6,2299.8,2265.15,2287.0,2285.4,2286.96,451188,10318.47,41197,285151,63.2
2024-05-22,SRF, EQ, 22-May-2024,2285.4,2298.0,2308.0,2273.0,2293.0,2293.95,2292.11,301833,6918.35,32479,179445,59.45
2024-05-23,SRF, EQ, 23-May-2024,2293.95,2298.6,2309.5,2272.55,2309.5,2305.45,2295.71,278551,6394.72,25110,163206,58.59
2024-05-24,SRF, EQ, 24-May-2024,2305.45,2310.0,2326.8,2280.2,2292.55,2289.1,2301.29,210718,4849.23,26502,105128,49.89
2024-05-27,SRF, EQ, 27-May-2024,2289.1,2289.15,2318.1,2289.15,2315.85,2309.9,2307.03,314542,7256.59,23728,182791,58.11
2024-05-28,SRF, EQ, 28-May-2024,2309.9,2319.9,2324.9,2270.5,2280.0,2280.0,2289.03,351822,8053.31,26260,194772,55.36
2024-05-29,SRF, EQ, 29-May-2024,2280.0,2261.05,2281.85,2235.0,2239.0,2239.0,2256.24,424841,9585.44,32862,240597,56.63
2024-05-30,SRF, EQ, 30-May-2024,2239.0,2231.0,2242.75,2214.05,2227.8,2223.1,2226.69,372713,8299.16,29402,176655,47.4
2024-05-31,SRF, EQ, 31-May-2024,2223.1,2228.7,2234.15,2182.45,2204.95,2211.35,2214.2,1407561,31166.2,55005,1006175,71.48
2024-06-03,SRF, EQ, 03-Jun-2024,2211.35,2251.6,2272.0,2216.7,2260.6,2265.55,2243.08,412116,9244.1,35346,216798,52.61
2024-06-04,SRF, EQ, 04-Jun-2024,2265.55,2274.2,2274.2,2089.1,2195.5,2193.55,2184.14,543994,11881.6,51640,247175,45.44
2024-06-05,SRF, EQ, 05-Jun-2024,2193.55,2195.05,2302.95,2191.3,2289.0,2295.05,2273.63,434069,9869.1,34267,221288,50.98
2024-06-06,SRF, EQ, 06-Jun-2024,2295.05,2299.95,2312.0,2279.0,2298.5,2296.55,2296.62,304806,7000.23,30046,134412,44.1
2024-06-07,SRF, EQ, 07-Jun-2024,2296.55,2255.0,2316.95,2238.05,2313.0,2312.3,2289.51,508944,11652.33,38371,199188,39.14
2024-06-10,SRF, EQ, 10-Jun-2024,2312.3,2322.0,2369.9,2295.6,2350.15,2354.65,2346.15,747806,17544.63,40508,378345,50.59
2024-06-11,SRF, EQ, 11-Jun-2024,2354.65,2369.0,2372.5,2325.0,2332.2,2327.7,2343.94,329672,7727.31,30751,160151,48.58
2024-06-12,SRF, EQ, 12-Jun-2024,2327.7,2327.85,2373.05,2320.05,2366.0,2365.9,2358.37,965764,22776.25,37791,688957,71.34
2024-06-13,SRF, EQ, 13-Jun-2024,2365.9,2384.0,2408.0,2372.25,2401.0,2399.9,2393.72,610948,14624.38,42560,347019,56.8
2024-06-14,SRF, EQ, 14-Jun-2024,2399.9,2410.2,2414.2,2390.05,2396.65,2402.0,2401.91,405161,9731.6,35543,204812,50.55
2024-06-18,SRF, EQ, 18-Jun-2024,2402.0,2402.0,2431.25,2385.0,2425.0,2422.2,2405.16,223271,5370.03,18732,100874,45.18
2024-06-19,SRF, EQ, 19-Jun-2024,2422.2,2432.95,2440.0,2390.0,2415.65,2416.75,2414.12,434132,10480.48,30057,246326,56.74
2024-06-20,SRF, EQ, 20-Jun-2024,2416.75,2416.55,2509.95,2380.0,2497.1,2499.35,2479.48,1137819,28212.03,61886,334667,29.41
2024-06-21,SRF, EQ, 21-Jun-2024,2499.35,2499.35,2520.2,2450.05,2459.0,2460.05,2476.96,572663,14184.61,37614,294256,51.38
2024-06-24,SRF, EQ, 24-Jun-2024,2460.05,2459.0,2460.0,2412.1,2420.0,2420.25,2430.26,384858,9353.06,41599,201756,52.42
2024-06-25,SRF, EQ, 25-Jun-2024,2420.25,2429.0,2430.55,2381.0,2395.5,2393.85,2405.7,759796,18278.41,51835,484721,63.8
2024-06-26,SRF, EQ, 26-Jun-2024,2393.85,2398.5,2415.7,2376.3,2398.0,2398.8,2396.73,542766,13008.62,29616,341822,62.98
2024-06-27,SRF, EQ, 27-Jun-2024,2398.8,2398.0,2474.65,2395.0,2462.0,2458.85,2439.38,683147,16664.54,44292,267240,39.12
2024-06-28,SRF, EQ, 28-Jun-2024,2458.85,2449.05,2468.9,2409.8,2425.95,2436.05,2436.19,576004,14032.55,35846,337782,58.64
2024-07-01,SRF, EQ, 01-Jul-2024,2436.05,2426.05,2471.0,2415.7,2460.0,2462.4,2446.28,471598,11536.62,33645,268159,56.86
2024-07-02,SRF, EQ, 02-Jul-2024,2462.4,2465.0,2465.0,2370.0,2405.0,2393.7,2409.06,845955,20379.6,52991,448352,53.0
2024-07-03,SRF, EQ, 03-Jul-2024,2393.7,2403.8,2416.4,2369.95,2383.0,2381.5,2384.94,591324,14102.74,46741,379314,64.15
2024-07-04,SRF, EQ, 04-Jul-2024,2381.5,2390.0,2415.0,2371.75,2393.0,2390.25,2392.61,276779,6622.25,18541,139216,50.3
2024-07-05,SRF, EQ, 05-Jul-2024,2390.25,2390.05,2411.5,2372.8,2395.0,2400.75,2399.25,366450,8792.04,23462,230097,62.79
2024-07-08,SRF, EQ, 08-Jul-2024,2400.75,2401.0,2419.7,2357.05,2369.0,2368.3,2387.74,389677,9304.48,27415,193780,49.73
2024-07-09,SRF, EQ, 09-Jul-2024,2368.3,2387.4,2398.0,2370.05,2385.0,2392.0,2386.3,311651,7436.92,28698,188857,60.6
2024-07-10,SRF, EQ, 10-Jul-2024,2392.0,2399.0,2402.8,2354.55,2398.0,2399.95,2382.77,367639,8759.98,28827,157989,42.97
2024-07-11,SRF, EQ, 11-Jul-2024,2399.95,2406.0,2412.95,2375.3,2393.0,2392.0,2389.82,241513,5771.73,18360,131306,54.37
2024-07-12,SRF, EQ, 12-Jul-2024,2392.0,2393.5,2404.0,2375.3,2392.0,2390.25,2388.89,268806,6421.49,16125,158008,58.78
2024-07-15,SRF, EQ, 15-Jul-2024,2390.25,2390.25,2404.7,2377.0,2399.95,2395.7,2393.2,305636,7314.47,15848,186122,60.9
2024-07-16,SRF, EQ, 16-Jul-2024,2395.7,2399.0,2405.55,2376.05,2392.0,2394.6,2390.65,250031,5977.36,15341,144235,57.69
2024-07-18,SRF, EQ, 18-Jul-2024,2394.6,2394.0,2415.95,2376.7,2405.5,2404.5,2399.01,519892,12472.29,29962,333430,64.13
2024-07-19,SRF, EQ, 19-Jul-2024,2404.5,2410.0,2410.0,2331.05,2335.0,2342.6,2364.52,611272,14453.67,38197,348150,56.96
2024-07-22,SRF, EQ, 22-Jul-2024,2342.6,2315.0,2375.0,2309.3,2361.1,2367.55,2352.96,470369,11067.6,40261,239164,50.85
2024-07-23,SRF, EQ, 23-Jul-2024,2367.55,2378.9,2394.0,2283.1,2353.0,2361.05,2357.62,1467130,34589.31,103320,701134,47.79
2024-07-24,SRF, EQ, 24-Jul-2024,2361.05,2330.0,2379.95,2317.25,2366.0,2367.65,2348.83,1175151,27602.31,44814,690498,58.76
2024-07-25,SRF, EQ, 25-Jul-2024,2367.65,2345.0,2412.0,2342.3,2400.0,2399.8,2390.39,1150332,27497.37,36553,805677,70.04
2024-07-26,SRF, EQ, 26-Jul-2024,2399.8,2405.15,2476.0,2400.0,2459.0,2456.15,2439.86,1359673,33174.15,57316,889998,65.46
2024-07-29,SRF, EQ, 29-Jul-2024,2456.15,2471.85,2543.5,2466.15,2513.0,2509.05,2504.39,895078,22416.28,52823,513605,57.38
2024-07-30,SRF, EQ, 30-Jul-2024,2509.05,2510.05,2563.3,2500.05,2552.0,2552.35,2538.21,406480,10317.32,39853,200763,49.39
2024-07-31,SRF, EQ, 31-Jul-2024,2552.35,2560.0,2659.0,2557.3,2645.0,2644.9,2636.47,1734449,45728.23,105265,701008,40.42
2024-08-01,SRF, EQ, 01-Aug-2024,2644.9,2631.5,2653.55,2601.45,2615.45,2624.9,2621.69,810488,21248.47,42607,508468,62.74
2024-08-02,SRF, EQ, 02-Aug-2024,2624.9,2585.0,2618.65,2514.15,2526.9,2522.8,2570.87,460619,11841.92,32913,263070,57.11
2024-08-05,SRF, EQ, 05-Aug-2024,2522.8,2460.1,2504.55,2418.0,2500.5,2473.0,2468.55,1311990,32387.11,47327,868954,66.23
2024-08-06,SRF, EQ, 06-Aug-2024,2473.0,2497.15,2555.0,2481.65,2481.65,2488.95,2513.23,731638,18387.73,35540,421129,57.56
2024-08-07,SRF, EQ, 07-Aug-2024,2488.95,2507.0,2595.75,2488.95,2591.85,2590.1,2553.53,604727,15441.87,35369,313943,51.91
2024-08-08,SRF, EQ, 08-Aug-2024,2590.1,2615.0,2615.0,2531.0,2547.0,2537.1,2569.14,252629,6490.4,22812,117708,46.59
2024-08-09,SRF, EQ, 09-Aug-2024,2537.1,2560.0,2600.0,2538.0,2564.9,2553.65,2570.2,243182,6250.26,23167,114064,46.9
2024-08-12,SRF, EQ, 12-Aug-2024,2553.65,2553.55,2583.95,2525.35,2565.0,2568.5,2565.42,262274,6728.44,17158,105819,40.35
2024-08-13,SRF, EQ, 13-Aug-2024,2568.5,2592.2,2592.2,2512.2,2519.0,2521.05,2542.84,337336,8577.93,23991,155264,46.03
2024-08-14,SRF, EQ, 14-Aug-2024,2521.05,2525.0,2525.05,2445.05,2486.0,2491.75,2485.52,261492,6499.43,28735,88745,33.94
2024-08-16,SRF, EQ, 16-Aug-2024,2491.75,2519.95,2519.95,2470.45,2476.2,2481.2,2489.36,445311,11085.4,31498,325221,73.03
2024-08-19,SRF, EQ, 19-Aug-2024,2481.2,2492.0,2492.0,2451.6,2475.0,2476.15,2473.09,227333,5622.16,17354,115538,50.82
2024-08-20,SRF, EQ, 20-Aug-2024,2476.15,2476.15,2487.9,2452.35,2465.0,2473.5,2467.55,253516,6255.64,18656,131669,51.94
2024-08-21,SRF, EQ, 21-Aug-2024,2473.5,2473.5,2487.5,2458.45,2483.95,2480.15,2470.44,297048,7338.39,21561,187124,62.99
2024-08-22,SRF, EQ, 22-Aug-2024,2480.15,2491.0,2566.0,2488.3,2534.95,2533.1,2542.0,825960,20995.88,47178,219876,26.62
2024-08-23,SRF, EQ, 23-Aug-2024,2533.1,2558.0,2559.0,2480.5,2495.0,2490.65,2493.1,576226,14365.87,26372,382617,66.4
2024-08-26,SRF, EQ, 26-Aug-2024,2490.65,2490.65,2545.05,2486.65,2532.7,2538.55,2518.73,466741,11755.93,26274,320663,68.7
2024-08-27,SRF, EQ, 27-Aug-2024,2538.55,2557.0,2592.0,2541.5,2547.0,2555.6,2569.22,598139,15367.52,33043,250189,41.83
2024-08-28,SRF, EQ, 28-Aug-2024,2555.6,2565.0,2568.85,2518.0,2531.85,2539.05,2537.41,362347,9194.23,19029,218208,60.22
2024-08-29,SRF, EQ, 29-Aug-2024,2539.05,2538.0,2549.25,2503.95,2549.0,2540.35,2526.53,326129,8239.76,18144,209536,64.25
2024-08-30,SRF, EQ, 30-Aug-2024,2540.35,2539.0,2599.95,2539.0,2572.7,2564.6,2562.4,2180896,55883.37,53251,1442269,66.13
2024-09-02,SRF, EQ, 02-Sep-2024,2564.6,2579.9,2608.7,2561.0,2585.4,2590.3,2589.63,635476,16456.5,46177,212420,33.43
2024-09-03,SRF, EQ, 03-Sep-2024,2590.3,2599.0,2621.95,2575.45,2591.6,2586.0,2599.39,666148,17315.79,42182,311663,46.79
2024-09-04,SRF, EQ, 04-Sep-2024,2586.0,2570.05,2608.0,2541.8,2600.25,2602.3,2593.37,486482,12616.28,23513,303992,62.49
2024-09-05,SRF, EQ, 05-Sep-2024,2602.3,2603.0,2649.0,2603.0,2610.0,2618.5,2626.34,699368,18367.81,30254,381845,54.6
2024-09-06,SRF, EQ, 06-Sep-2024,2618.5,2618.55,2618.55,2501.2,2505.55,2509.05,2536.15,714721,18126.42,44974,369644,51.72
2024-09-09,SRF, EQ, 09-Sep-2024,2509.05,2499.3,2534.45,2464.85,2532.95,2529.15,2505.11,523188,13106.46,30516,293601,56.12
2024-09-10,SRF, EQ, 10-Sep-2024,2529.15,2527.5,2564.95,2525.0,2540.7,2536.15,2547.2,351145,8944.37,24573,216752,61.73
2024-09-11,SRF, EQ, 11-Sep-2024,2536.15,2549.0,2549.0,2476.85,2486.25,2482.4,2510.89,426132,10699.69,25319,262897,61.69
2024-09-12,SRF, EQ, 12-Sep-2024,2482.4,2499.0,2499.0,2470.6,2485.25,2488.2,2484.51,231262,5745.72,18782,108392,46.87
2024-09-13,SRF, EQ, 13-Sep-2024,2488.2,2504.0,2506.45,2460.8,2472.8,2466.4,2477.75,279878,6934.68,16952,182276,65.13
2024-09-16,SRF, EQ, 16-Sep-2024,2466.4,2459.8,2475.95,2433.2,2439.4,2436.9,2445.34,401767,9824.57,19376,253334,63.05
2024-09-17,SRF, EQ, 17-Sep-2024,2436.9,2436.9,2460.65,2401.1,2430.0,2431.15,2421.31,927267,22452.02,29415,677512,73.07
2024-09-18,SRF, EQ, 18-Sep-2024,2431.15,2425.5,2447.9,2372.6,2384.5,2388.35,2411.15,575364,13872.87,33101,231680,40.27
2024-09-19,SRF, EQ, 19-Sep-2024,2388.35,2395.1,2411.15,2360.3,2405.0,2402.0,2378.5,641706,15262.96,38597,374644,58.38
2024-09-20,SRF, EQ, 20-Sep-2024,2402.0,2410.0,2440.8,2403.0,2420.0,2419.7,2421.7,733741,17768.98,28522,525044,71.56
2024-09-23,SRF, EQ, 23-Sep-2024,2419.7,2435.0,2452.7,2411.2,2438.0,2439.95,2426.26,943175,22883.92,25976,668100,70.84
2024-09-24,SRF, EQ, 24-Sep-2024,2439.95,2441.0,2458.85,2426.5,2430.0,2432.5,2442.26,490479,11978.78,29266,356390,72.66
2024-09-25,SRF, EQ, 25-Sep-2024,2432.5,2432.5,2462.4,2414.25,2458.0,2451.75,2436.65,1055909,25728.86,30200,843538,79.89
2024-09-26,SRF, EQ, 26-Sep-2024,2451.75,2454.45,2477.15,2434.4,2450.0,2458.25,2454.85,994116,24404.04,31853,810440,81.52
2024-09-27,SRF, EQ, 27-Sep-2024,2458.25,2459.0,2498.85,2450.15,2485.0,2461.55,2464.9,3003981,74045.02,68552,2378146,79.17
2024-09-30,SRF, EQ, 30-Sep-2024,2461.55,2474.95,2519.95,2470.1,2495.0,2497.85,2497.25,520872,13007.48,41906,232080,44.56
2024-10-01,SRF, EQ, 01-Oct-2024,2497.85,2494.0,2494.0,2428.5,2475.05,2481.35,2463.52,724115,17838.75,35721,361811,49.97
2024-10-03,SRF, EQ, 03-Oct-2024,2481.35,2450.0,2499.5,2412.5,2421.75,2421.0,2451.55,358947,8799.75,32628,161180,44.9
2024-10-04,SRF, EQ, 04-Oct-2024,2421.0,2421.9,2434.0,2345.0,2350.0,2350.35,2381.8,450520,10730.49,37529,220402,48.92
2024-10-07,SRF, EQ, 07-Oct-2024,2350.35,2350.35,2366.95,2292.3,2303.1,2307.8,2318.99,327402,7592.4,32491,170049,51.94
2024-10-08,SRF, EQ, 08-Oct-2024,2307.8,2300.0,2345.0,2298.8,2337.0,2328.4,2327.3,314627,7322.33,22197,193073,61.37
2024-10-09,SRF, EQ, 09-Oct-2024,2328.4,2339.0,2357.05,2321.6,2328.45,2334.6,2339.46,375497,8784.59,26428,227340,60.54
2024-10-10,SRF, EQ, 10-Oct-2024,2334.6,2345.0,2364.95,2329.0,2343.9,2342.3,2343.32,303852,7120.23,19423,175116,57.63
2024-10-11,SRF, EQ, 11-Oct-2024,2342.3,2349.0,2365.65,2327.75,2351.45,2348.75,2350.72,216675,5093.42,16470,118916,54.88
2024-10-14,SRF, EQ, 14-Oct-2024,2348.75,2359.0,2363.6,2319.0,2340.85,2342.85,2337.85,317281,7417.56,21095,190173,59.94
2024-10-15,SRF, EQ, 15-Oct-2024,2342.85,2348.0,2355.0,2334.8,2351.05,2351.4,2348.81,288552,6777.53,20186,185790,64.39
2024-10-16,SRF, EQ, 16-Oct-2024,2351.4,2342.05,2358.2,2287.15,2302.0,2306.1,2325.35,1139467,26496.62,52266,726767,63.78
2024-10-17,SRF, EQ, 17-Oct-2024,2306.1,2206.3,2292.0,2206.3,2282.0,2262.95,2260.59,1243914,28119.74,58756,420727,33.82
2024-10-18,SRF, EQ, 18-Oct-2024,2262.95,2262.95,2333.35,2259.95,2325.0,2325.7,2306.22,601744,13877.55,42171,302831,50.33
2024-10-21,SRF, EQ, 21-Oct-2024,2325.7,2331.95,2336.0,2256.75,2280.0,2277.95,2282.23,1464849,33431.26,70593,1013176,69.17
2024-10-22,SRF, EQ, 22-Oct-2024,2277.95,2258.8,2288.0,2146.5,2203.9,2178.1,2197.68,837878,18413.89,67754,263004,31.39
2024-10-23,SRF, EQ, 23-Oct-2024,2178.1,2167.3,2329.9,2167.3,2237.8,2248.2,2264.81,1698381,38465.05,104856,567832,33.43
2024-10-24,SRF, EQ, 24-Oct-2024,2248.2,2210.0,2268.75,2158.45,2258.0,2257.3,2224.21,1241116,27605.08,82897,523672,42.19
2024-10-25,SRF, EQ, 25-Oct-2024,2257.3,2246.4,2257.55,2190.0,2209.9,2206.9,2213.13,720087,15936.45,55294,438677,60.92
2024-10-28,SRF, EQ, 28-Oct-2024,2206.9,2214.95,2269.95,2206.9,2265.0,2257.25,2250.55,405459,9125.08,44547,170225,41.98
2024-10-29,SRF, EQ, 29-Oct-2024,2257.25,2251.0,2275.0,2226.05,2261.4,2260.45,2251.81,227838,5130.47,23583,109513,48.07
2024-10-30,SRF, EQ, 30-Oct-2024,2260.45,2252.35,2282.55,2244.15,2263.0,2261.95,2263.51,480085,10866.79,36924,200876,41.84
2024-10-31,SRF, EQ, 31-Oct-2024,2261.95,2262.6,2267.2,2225.05,2240.4,2243.15,2240.47,402886,9026.56,33575,227256,56.41
2024-11-01,SRF, EQ, 01-Nov-2024,2243.15,2243.15,2259.95,2242.0,2253.5,2252.3,2252.14,19850,447.05,2612,9016,45.42
2024-11-04,SRF, EQ, 04-Nov-2024,2252.3,2249.0,2259.0,2220.25,2248.25,2246.7,2241.82,321161,7199.86,41544,142193,44.27
2024-11-05,SRF, EQ, 05-Nov-2024,2246.7,2242.0,2305.2,2235.5,2305.2,2299.15,2277.85,334191,7612.36,21663,194936,58.33
2024-11-06,SRF, EQ, 06-Nov-2024,2299.15,2334.5,2351.95,2301.0,2347.0,2343.05,2335.08,305081,7123.88,35334,131437,43.08
2024-11-07,SRF, EQ, 07-Nov-2024,2343.05,2350.0,2383.5,2336.55,2374.95,2378.45,2371.94,564529,13390.27,44253,357676,63.36
2024-11-08,SRF, EQ, 08-Nov-2024,2378.45,2389.0,2389.0,2285.0,2294.3,2305.95,2337.18,205396,4800.47,24326,88037,42.86
2024-11-11,SRF, EQ, 11-Nov-2024,2305.95,2295.25,2301.7,2258.15,2294.1,2294.2,2278.56,253339,5772.48,29295,88948,35.11
2024-11-12,SRF, EQ, 12-Nov-2024,2294.2,2298.05,2308.95,2238.5,2241.0,2253.05,2266.86,222545,5044.77,22838,68149,30.62
2024-11-13,SRF, EQ, 13-Nov-2024,2253.05,2230.0,2247.0,2187.75,2207.0,2197.9,2211.55,417811,9240.1,36057,236165,56.52
2024-11-14,SRF, EQ, 14-Nov-2024,2197.9,2195.0,2244.05,2191.0,2239.0,2235.2,2223.82,152578,3393.06,16707,55807,36.58
2024-11-18,SRF, EQ, 18-Nov-2024,2235.2,2238.0,2242.3,2171.85,2175.0,2179.35,2198.83,294619,6478.16,35354,154873,52.57
2024-11-19,SRF, EQ, 19-Nov-2024,2179.35,2186.0,2226.0,2185.0,2195.05,2199.5,2208.85,315906,6977.91,30699,204824,64.84
2024-11-21,SRF, EQ, 21-Nov-2024,2199.5,2180.0,2195.25,2133.95,2138.0,2143.65,2161.71,238869,5163.65,25539,112861,47.25
2024-11-22,SRF, EQ, 22-Nov-2024,2143.65,2135.5,2182.2,2126.85,2170.0,2163.25,2160.81,357851,7732.48,24628,189423,52.93
2024-11-25,SRF, EQ, 25-Nov-2024,2163.25,2190.1,2235.0,2185.5,2224.0,2223.55,2221.45,791995,17593.8,42992,512767,64.74
2024-11-26,SRF, EQ, 26-Nov-2024,2223.55,2223.6,2252.3,2223.6,2236.0,2234.65,2238.15,124184,2779.43,20323,53238,42.87
2024-11-27,SRF, EQ, 27-Nov-2024,2234.65,2250.3,2300.0,2225.0,2292.4,2296.6,2268.62,298675,6775.8,32084,116830,39.12
2024-11-28,SRF, EQ, 28-Nov-2024,2296.6,2299.3,2311.45,2254.5,2264.9,2262.4,2279.51,260810,5945.2,26049,117031,44.87
2024-11-29,SRF, EQ, 29-Nov-2024,2262.4,2265.0,2284.0,2250.55,2262.2,2265.0,2265.63,583686,13224.18,48800,389623,66.75
2024-12-02,SRF, EQ, 02-Dec-2024,2265.0,2264.95,2310.9,2245.1,2293.75,2296.95,2294.02,401509,9210.7,34241,229255,57.1
2024-12-03,SRF, EQ, 03-Dec-2024,2296.95,2297.0,2322.0,2287.75,2311.2,2311.25,2304.11,318080,7328.92,45742,195887,61.58
2024-12-04,SRF, EQ, 04-Dec-2024,2311.25,2311.3,2348.0,2311.3,2323.9,2333.7,2333.13,466142,10875.71,45455,294877,63.26
2024-12-05,SRF, EQ, 05-Dec-2024,2333.7,2325.05,2338.05,2305.55,2321.95,2319.75,2320.3,180013,4176.85,23333,100045,55.58
2024-12-06,SRF, EQ, 06-Dec-2024,2319.75,2319.95,2336.0,2286.4,2297.1,2294.7,2298.83,203158,4670.26,22367,128469,63.24
2024-12-09,SRF, EQ, 09-Dec-2024,2294.7,2290.0,2318.15,2257.8,2318.1,2302.35,2286.32,393791,9003.31,31852,229764,58.35
2024-12-10,SRF, EQ, 10-Dec-2024,2302.35,2320.0,2367.7,2295.0,2346.0,2343.6,2344.0,551490,12926.9,40976,280255,50.82
2024-12-11,SRF, EQ, 11-Dec-2024,2343.6,2355.0,2369.9,2332.55,2340.9,2336.45,2349.17,97773,2296.85,12753,44874,45.9
2024-12-12,SRF, EQ, 12-Dec-2024,2336.45,2345.0,2345.0,2294.05,2299.45,2298.8,2309.92,321800,7433.33,16645,185022,57.5
2024-12-13,SRF, EQ, 13-Dec-2024,2298.8,2300.0,2307.0,2257.55,2298.35,2296.7,2279.47,621830,14174.4,32077,377539,60.71
2024-12-16,SRF, EQ, 16-Dec-2024,2296.7,2300.0,2314.8,2287.5,2302.65,2306.45,2302.19,107599,2477.14,10593,53429,49.66
2024-12-17,SRF, EQ, 17-Dec-2024,2306.45,2306.6,2314.4,2268.3,2278.0,2280.0,2288.05,514460,11771.12,41165,340224,66.13
2024-12-18,SRF, EQ, 18-Dec-2024,2280.0,2280.0,2308.5,2266.75,2267.75,2272.05,2285.98,163735,3742.96,30074,78635,48.03
2024-12-19,SRF, EQ, 19-Dec-2024,2272.05,2249.95,2292.05,2202.05,2287.25,2283.95,2271.31,296346,6730.93,29037,155248,52.39
2024-12-20,SRF, EQ, 20-Dec-2024,2283.95,2292.0,2337.15,2266.15,2274.0,2277.6,2310.34,712404,16458.97,50809,378833,53.18
2024-12-23,SRF, EQ, 23-Dec-2024,2277.6,2280.0,2298.55,2250.55,2282.45,2286.55,2281.06,392750,8958.87,35961,238406,60.7
2024-12-24,SRF, EQ, 24-Dec-2024,2286.55,2286.5,2300.85,2259.9,2272.95,2277.85,2284.77,310188,7087.09,37507,182954,58.98
2024-12-26,SRF, EQ, 26-Dec-2024,2277.85,2279.5,2286.75,2240.2,2266.6,2262.15,2260.31,151734,3429.66,19907,71750,47.29
2024-12-27,SRF, EQ, 27-Dec-2024,2262.15,2274.0,2279.2,2251.1,2259.0,2264.45,2265.38,149646,3390.05,15745,82528,55.15
2024-12-30,SRF, EQ, 30-Dec-2024,2264.45,2265.0,2270.0,2196.85,2244.9,2255.15,2246.29,824666,18524.36,55081,460133,55.8
2024-12-31,SRF, EQ, 31-Dec-2024,2255.15,2255.05,2259.8,2205.0,2226.5,2237.95,2229.63,226673,5053.97,23228,111746,49.3
2025-01-01,SRF, EQ, 01-Jan-2025,2237.95,2237.0,2243.5,2209.2,2211.1,2211.3,2216.5,136970,3035.94,13798,80836,59.02
2025-01-02,SRF, EQ, 02-Jan-2025,2211.3,2228.3,2232.45,2200.45,2222.35,2224.75,2217.89,128080,2840.68,16755,54147,42.28
2025-01-03,SRF, EQ, 03-Jan-2025,2224.75,2234.0,2290.0,2216.05,2282.0,2284.9,2262.9,504499,11416.3,36194,272668,54.05
2025-01-06,SRF, EQ, 06-Jan-2025,2284.9,2296.25,2300.0,2260.0,2271.0,2277.45,2279.97,579516,13212.78,34372,372606,64.3
2025-01-07,SRF, EQ, 07-Jan-2025,2277.45,2271.0,2359.9,2271.0,2304.0,2308.45,2325.66,505414,11754.21,61663,183286,36.26
2025-01-08,SRF, EQ, 08-Jan-2025,2308.45,2298.1,2371.95,2298.1,2356.0,2350.95,2335.98,977298,22829.46,74604,490226,50.16
2025-01-09,SRF, EQ, 09-Jan-2025,2350.95,2500.0,2697.7,2480.0,2664.35,2673.9,2644.72,10340857,273486.89,391469,2759797,26.69
2025-01-10,SRF, EQ, 10-Jan-2025,2673.9,2527.05,2620.4,2512.4,2595.5,2601.1,2592.4,2152573,55803.27,114103,542154,25.19
2025-01-13,SRF, EQ, 13-Jan-2025,2601.1,2557.0,2597.5,2506.05,2525.0,2516.0,2538.03,773391,19628.87,57999,229895,29.73
2025-01-14,SRF, EQ, 14-Jan-2025,2516.0,2505.5,2545.15,2492.2,2512.0,2509.75,2519.5,289433,7292.27,35052,83804,28.95
2025-01-15,SRF, EQ, 15-Jan-2025,2509.75,2505.25,2529.25,2484.5,2497.4,2491.7,2499.14,311184,7776.92,33052,127142,40.86
2025-01-16,SRF, EQ, 16-Jan-2025,2491.7,2505.0,2595.85,2501.55,2585.95,2583.8,2566.09,445214,11424.57,39312,119177,26.77
2025-01-17,SRF, EQ, 17-Jan-2025,2583.8,2583.0,2632.65,2572.25,2603.05,2606.45,2608.25,543374,14172.56,45024,180861,33.28
2025-01-20,SRF, EQ, 20-Jan-2025,2606.45,2620.0,2632.0,2575.95,2620.05,2612.1,2601.06,420656,10941.53,31727,260934,62.03
2025-01-21,SRF, EQ, 21-Jan-2025,2612.1,2614.0,2632.0,2571.4,2576.0,2575.15,2600.37,337461,8775.23,32327,157793,46.76
2025-01-22,SRF, EQ, 22-Jan-2025,2575.15,2570.0,2587.2,2487.0,2515.7,2523.15,2514.86,486965,12246.49,40541,258909,53.17
2025-01-23,SRF, EQ, 23-Jan-2025,2523.15,2520.0,2617.6,2505.1,2588.35,2596.75,2584.61,448201,11584.25,42541,187765,41.89
2025-01-24,SRF, EQ, 24-Jan-2025,2596.75,2601.0,2614.1,2552.0,2582.0,2583.95,2578.14,260384,6713.05,33418,132861,51.03
2025-01-27,SRF, EQ, 27-Jan-2025,2583.95,2575.0,2628.0,2547.0,2565.0,2570.4,2596.69,651779,16924.67,63487,221178,33.93
2025-01-28,SRF, EQ, 28-Jan-2025,2570.4,2569.95,2620.95,2569.9,2601.0,2600.2,2599.33,773278,20100.04,49509,440195,56.93
2025-01-29,SRF, EQ, 29-Jan-2025,2600.2,2612.0,2677.9,2557.75,2657.0,2664.85,2629.57,921481,24230.99,81012,179596,19.49
2025-01-30,SRF, EQ, 30-Jan-2025,2664.85,2700.0,2849.0,2636.05,2821.7,2831.15,2759.23,3252957,89756.61,195858,635499,19.54
2025-01-31,SRF, EQ, 31-Jan-2025,2831.15,2840.0,2895.0,2782.0,2822.9,2809.85,2834.76,1649633,46763.14,103984,644753,39.08
2025-02-01,SRF, EQ, 01-Feb-2025,2809.85,2820.0,2862.45,2764.05,2829.9,2826.05,2816.76,409517,11535.13,33581,106244,25.94
2025-02-03,SRF, EQ, 03-Feb-2025,2826.05,2875.0,2970.0,2826.05,2968.0,2942.7,2914.14,2457417,71612.69,206655,1200927,48.87
2025-02-04,SRF, EQ, 04-Feb-2025,2942.7,2920.0,2980.0,2917.9,2960.0,2970.25,2956.9,1166529,34493.07,107054,578990,49.63
2025-02-05,SRF, EQ, 05-Feb-2025,2970.25,2965.25,2983.9,2932.5,2956.5,2958.75,2959.43,554628,16413.85,51455,273149,49.25
2025-02-06,SRF, EQ, 06-Feb-2025,2958.75,2935.0,2958.75,2874.8,2894.9,2894.3,2902.77,479146,13908.5,55897,240502,50.19
2025-02-07,SRF, EQ, 07-Feb-2025,2894.3,2909.5,2915.3,2852.6,2875.1,2879.95,2874.75,316963,9111.89,60260,162275,51.2
2025-02-10,SRF, EQ, 10-Feb-2025,2879.95,2899.0,2909.95,2843.05,2855.0,2856.05,2868.32,334621,9597.99,42909,124381,37.17
2025-02-11,SRF, EQ, 11-Feb-2025,2856.05,2860.0,2868.8,2771.65,2808.5,2812.15,2803.47,385518,10807.89,53209,178577,46.32
2025-02-12,SRF, EQ, 12-Feb-2025,2812.15,2795.0,2866.0,2752.45,2833.3,2828.35,2832.14,764079,21639.75,75754,362050,47.38
2025-02-13,SRF, EQ, 13-Feb-2025,2828.35,2856.0,2885.0,2810.0,2839.8,2841.45,2855.14,584788,16696.53,63680,305471,52.24
2025-02-14,SRF, EQ, 14-Feb-2025,2841.45,2849.0,2849.95,2723.6,2750.05,2752.25,2763.42,619621,17122.74,69143,320052,51.65
2025-02-17,SRF, EQ, 17-Feb-2025,2752.25,2750.0,2763.95,2707.45,2746.15,2747.8,2740.47,307026,8413.95,52730,156026,50.82
2025-02-18,SRF, EQ, 18-Feb-2025,2747.8,2749.25,2765.45,2726.75,2745.0,2741.1,2741.06,292273,8011.39,33500,190841,65.3
2025-02-19,SRF, EQ, 19-Feb-2025,2741.1,2738.6,2764.0,2711.8,2728.05,2728.0,2736.86,231538,6336.87,37362,119272,51.51
2025-02-20,SRF, EQ, 20-Feb-2025,2728.0,2714.0,2806.0,2707.05,2802.75,2795.9,2770.35,351713,9743.69,44828,181787,51.69
2025-02-21,SRF, EQ, 21-Feb-2025,2795.9,2796.0,2824.6,2754.0,2772.0,2778.9,2782.33,424887,11821.76,59430,211714,49.83
2025-02-24,SRF, EQ, 24-Feb-2025,2778.9,2772.0,2796.6,2740.4,2754.0,2759.35,2765.1,366653,10138.32,44502,169626,46.26
2025-02-25,SRF, EQ, 25-Feb-2025,2759.35,2756.6,2791.15,2720.1,2763.6,2768.05,2754.75,510161,14053.65,56942,320438,62.81
2025-02-27,SRF, EQ, 27-Feb-2025,2768.05,2798.0,2864.5,2795.75,2835.0,2854.0,2841.22,1514535,43031.27,143223,710079,46.88
2025-02-28,SRF, EQ, 28-Feb-2025,2854.0,2826.1,2831.0,2759.05,2795.55,2795.4,2791.25,1004086,28026.6,71515,628215,62.57
2025-03-03,SRF, EQ, 03-Mar-2025,2795.4,2790.1,2835.95,2725.25,2826.8,2826.7,2796.89,445987,12473.76,51707,215250,48.26
2025-03-04,SRF, EQ, 04-Mar-2025,2826.7,2819.9,2901.65,2782.15,2846.8,2853.3,2856.38,499754,14274.89,45501,195995,39.22
2025-03-05,SRF, EQ, 05-Mar-2025,2853.3,2853.3,2885.0,2834.15,2845.9,2844.85,2854.22,534732,15262.44,62478,247453,46.28
2025-03-06,SRF, EQ, 06-Mar-2025,2844.85,2859.95,2879.0,2822.95,2852.0,2851.6,2855.89,404634,11555.91,54368,214573,53.03
2025-03-07,SRF, EQ, 07-Mar-2025,2851.6,2860.9,2945.1,2847.1,2932.0,2935.35,2920.7,1417602,41403.9,76734,758048,53.47
2025-03-10,SRF, EQ, 10-Mar-2025,2935.35,2945.0,2964.85,2887.3,2923.2,2938.15,2929.72,863371,25294.36,58480,465147,53.88
2025-03-11,SRF, EQ, 11-Mar-2025,2938.15,2938.15,2950.0,2862.7,2944.65,2921.25,2894.28,787457,22791.24,67689,489924,62.22
2025-03-12,SRF, EQ, 12-Mar-2025,2921.25,2955.6,2969.95,2911.0,2957.0,2958.6,2939.24,750676,22064.18,42105,438843,58.46
2025-03-13,SRF, EQ, 13-Mar-2025,2958.6,2965.0,2969.0,2913.1,2946.0,2951.8,2939.98,522503,15361.49,30644,301399,57.68
2025-03-17,SRF, EQ, 17-Mar-2025,2951.8,2959.05,3029.85,2946.1,3023.5,3011.3,2995.43,882944,26447.95,79238,391114,44.3
2025-03-18,SRF, EQ, 18-Mar-2025,3011.3,3032.6,3038.5,2972.0,2988.95,2989.9,2996.55,562367,16851.62,37439,276561,49.18
2025-03-19,SRF, EQ, 19-Mar-2025,2989.9,3005.0,3032.5,2981.4,2996.05,3005.35,3007.54,650397,19560.95,42584,387172,59.53
2025-03-20,SRF, EQ, 20-Mar-2025,3005.35,3006.8,3038.0,2987.85,2990.0,2993.1,3002.04,682335,20484.0,41367,447567,65.59
2025-03-21,SRF, EQ, 21-Mar-2025,2993.1,3002.0,3051.9,2978.65,3021.25,3024.35,3027.21,701613,21239.27,47790,367932,52.44
2025-03-24,SRF, EQ, 24-Mar-2025,3024.35,3047.0,3054.9,2987.05,2991.8,2991.35,3006.92,473659,14242.54,40157,302877,63.94
2025-03-25,SRF, EQ, 25-Mar-2025,2991.35,3014.0,3014.0,2930.55,2936.3,2945.65,2953.22,556612,16438.0,37055,335248,60.23
2025-03-26,SRF, EQ, 26-Mar-2025,2945.65,2937.1,2968.5,2808.3,2898.0,2893.9,2920.9,779036,22754.9,40256,515911,66.22
2025-03-27,SRF, EQ, 27-Mar-2025,2893.9,2878.5,2959.0,2878.05,2957.0,2946.45,2916.76,847677,24724.73,61824,512954,60.51
2025-03-28,SRF, EQ, 28-Mar-2025,2946.45,2949.7,2990.1,2931.5,2939.4,2939.15,2952.77,299741,8850.66,30769,165633,55.26
2025-04-01,SRF, EQ, 01-Apr-2025,2939.15,2931.0,2937.95,2854.0,2880.0,2879.5,2884.85,603406,17407.34,44716,376220,62.35
2025-04-02,SRF, EQ, 02-Apr-2025,2879.5,2889.0,2987.0,2851.0,2973.65,2981.6,2927.91,715592,20951.87,51628,393661,55.01
2025-04-03,SRF, EQ, 03-Apr-2025,2981.6,2960.0,2960.0,2803.75,2900.0,2901.2,2868.02,1345843,38599.03,102360,540209,40.14
2025-04-04,SRF, EQ, 04-Apr-2025,2901.2,2888.1,2933.0,2822.0,2862.0,2854.85,2878.16,703507,20248.06,48599,338680,48.14
2025-04-07,SRF, EQ, 07-Apr-2025,2854.85,2570.2,2768.7,2570.2,2721.0,2715.2,2699.95,1368024,36935.95,67008,778538,56.91
2025-04-08,SRF, EQ, 08-Apr-2025,2715.2,2740.0,2806.25,2722.0,2756.05,2760.15,2762.9,626510,17309.82,54265,384891,61.43
2025-04-09,SRF, EQ, 09-Apr-2025,2760.15,2760.55,2774.95,2705.0,2730.95,2744.4,2739.96,367531,10070.19,44300,203933,55.49
2025-04-11,SRF, EQ, 11-Apr-2025,2744.4,2838.7,2968.4,2806.55,2938.7,2947.35,2910.9,1615027,47011.83,92088,824393,51.05
2025-04-15,SRF, EQ, 15-Apr-2025,2947.35,3005.0,3023.1,2945.0,3017.0,3007.2,2995.07,781388,23403.09,64518,426337,54.56
2025-04-16,SRF, EQ, 16-Apr-2025,3007.2,3011.9,3025.0,2982.0,2988.3,2991.6,3006.95,527369,15857.72,24669,398669,75.6
2025-04-17,SRF, EQ, 17-Apr-2025,2991.6,2972.0,3022.8,2971.1,2990.0,2990.4,2997.32,608478,18238.02,39579,356587,58.6
2025-04-21,SRF, EQ, 21-Apr-2025,2990.4,2990.4,3044.0,2976.9,3039.8,3029.3,2994.44,634268,18992.75,42389,430708,67.91
2025-04-22,SRF, EQ, 22-Apr-2025,3029.3,3050.0,3085.0,3007.0,3012.0,3015.0,3050.67,630973,19248.9,54931,246930,39.13
2025-04-23,SRF, EQ, 23-Apr-2025,3015.0,3022.5,3036.5,2969.7,3000.0,3000.6,2999.54,568241,17044.6,39840,328588,57.83
2025-04-24,SRF, EQ, 24-Apr-2025,3000.6,2981.0,3057.5,2975.1,3035.7,3038.5,3031.09,646223,19587.62,49023,325167,50.32
2025-04-25,SRF, EQ, 25-Apr-2025,3038.5,3051.8,3073.0,2943.0,2979.0,2968.1,2990.46,333048,9959.66,38016,143988,43.23
2025-04-28,SRF, EQ, 28-Apr-2025,2968.1,2950.0,3055.7,2950.0,3045.0,3040.3,3026.12,771565,23348.46,35675,492161,63.79
2025-04-29,SRF, EQ, 29-Apr-2025,3040.3,3055.0,3056.5,2996.0,3025.8,3020.5,3017.59,779242,23514.29,41820,513559,65.9
2025-04-30,SRF, EQ, 30-Apr-2025,3020.5,3020.4,3049.0,2995.5,3000.0,3008.9,3015.03,439545,13252.4,28054,270695,61.59
2025-05-02,SRF, EQ, 02-May-2025,3008.9,3009.0,3047.8,2965.8,2984.6,2970.2,3005.06,453383,13624.42,30118,236326,52.13
2025-05-05,SRF, EQ, 05-May-2025,2970.2,2983.0,3032.9,2977.0,2984.0,2980.6,2997.59,282980,8482.57,21666,169473,59.89
2025-05-06,SRF, EQ, 06-May-2025,2980.6,2980.6,2986.8,2918.0,2920.0,2928.1,2945.95,300291,8846.42,24400,161826,53.89
2025-05-07,SRF, EQ, 07-May-2025,2928.1,2916.0,3087.0,2905.0,3050.8,3055.7,3035.03,940206,28535.54,59878,413732,44.0
2025-05-08,SRF, EQ, 08-May-2025,3055.7,3060.0,3084.8,2928.7,2934.2,2952.8,3005.51,486574,14624.02,35220,260130,53.46
2025-05-09,SRF, EQ, 09-May-2025,2952.8,2880.0,3029.0,2876.1,3007.6,3004.3,2993.85,634185,18986.54,48399,216182,34.09
2025-05-12,SRF, EQ, 12-May-2025,3004.3,3056.0,3098.5,2947.5,3011.8,3014.5,3015.96,1132381,34152.16,73011,644543,56.92
2025-05-13,SRF, EQ, 13-May-2025,3014.5,3014.5,3014.5,2871.2,2924.9,2928.2,2931.94,1695420,49708.68,98732,650147,38.35
2025-05-14,SRF, EQ, 14-May-2025,2928.2,2925.0,2947.0,2860.0,2881.9,2882.6,2887.13,975213,28155.65,71752,528344,54.18
2025-05-15,SRF, EQ, 15-May-2025,2882.6,2875.0,2901.9,2849.0,2874.0,2876.6,2875.76,585591,16840.21,54321,312758,53.41
2025-05-16,SRF, EQ, 16-May-2025,2876.6,2890.0,2925.0,2877.0,2914.0,2914.9,2912.84,594192,17307.86,44063,326458,54.94
2025-05-19,SRF, EQ, 19-May-2025,2914.9,2919.0,3032.0,2914.9,2980.0,2977.0,2986.48,1085462,32417.13,63316,471140,43.4
2025-05-20,SRF, EQ, 20-May-2025,2977.0,3000.0,3015.0,2942.9,2950.3,2950.3,2991.26,911805,27274.47,42113,568342,62.33
2025-05-21,SRF, EQ, 21-May-2025,2950.3,2945.0,2993.0,2935.4,2955.0,2951.3,2968.62,684690,20325.82,41929,425980,62.22
2025-05-22,SRF, EQ, 22-May-2025,2951.3,2933.8,2951.4,2886.5,2901.0,2905.2,2907.71,372982,10845.24,40277,201139,53.93
2025-05-23,SRF, EQ, 23-May-2025,2905.2,2924.0,2949.0,2887.7,2898.0,2900.2,2902.34,882446,25611.59,40669,512599,58.09
2025-05-26,SRF, EQ, 26-May-2025,2900.2,2924.0,2924.0,2880.0,2890.6,2891.4,2904.19,616838,17914.15,43720,396530,64.28
2025-05-27,SRF, EQ, 27-May-2025,2891.4,2881.7,2907.9,2871.5,2885.0,2880.3,2883.28,335215,9665.2,32540,203715,60.77
2025-05-28,SRF, EQ, 28-May-2025,2880.3,2885.9,2927.7,2876.0,2890.0,2897.4,2904.51,342652,9952.37,26390,201153,58.7
2025-05-29,SRF, EQ, 29-May-2025,2897.4,2897.0,2905.0,2872.0,2895.0,2892.3,2885.72,284002,8195.51,29145,136761,48.15
2025-05-30,SRF, EQ, 30-May-2025,2892.3,2895.0,2899.9,2851.1,2862.0,2861.0,2866.36,1434127,41107.29,47776,1127543,78.62
2025-06-02,SRF, EQ, 02-Jun-2025,2861.0,2825.1,2903.7,2819.2,2899.5,2898.9,2867.52,566766,16252.12,39789,313301,55.28
2025-06-03,SRF, EQ, 03-Jun-2025,2898.9,2903.0,2984.5,2900.3,2951.0,2954.3,2955.73,832396,24603.34,48227,463806,55.72
2025-06-04,SRF, EQ, 04-Jun-2025,2954.3,2965.0,3058.7,2961.3,3053.5,3046.9,3021.35,1225479,37026.05,68584,716238,58.45
2025-06-05,SRF, EQ, 05-Jun-2025,3046.9,3057.0,3127.0,3028.3,3102.0,3106.7,3106.68,1208524,37545.0,70685,672842,55.67
2025-06-06,SRF, EQ, 06-Jun-2025,3106.7,3119.8,3139.0,3084.8,3119.0,3123.5,3120.48,749424,23385.6,46081,484535,64.65
2025-06-09,SRF, EQ, 09-Jun-2025,3123.5,3123.5,3149.6,3100.8,3122.0,3126.3,3128.82,528063,16522.13,26567,368672,69.82
2025-06-10,SRF, EQ, 10-Jun-2025,3126.3,3135.0,3169.9,3084.5,3084.6,3091.8,3121.07,435324,13586.76,31351,275816,63.36
2025-06-11,SRF, EQ, 11-Jun-2025,3091.8,3087.9,3099.6,3065.0,3091.8,3085.2,3074.64,740161,22757.29,47213,565637,76.42
2025-06-12,SRF, EQ, 12-Jun-2025,3085.2,3090.0,3124.8,3086.8,3100.0,3105.7,3104.94,463581,14393.89,32712,305397,65.88
2025-06-13,SRF, EQ, 13-Jun-2025,3105.7,3055.6,3121.4,3055.6,3108.3,3099.6,3100.38,296569,9194.78,17799,177026,59.69
2025-06-16,SRF, EQ, 16-Jun-2025,3099.6,3099.5,3130.0,3076.0,3104.7,3098.2,3096.61,279165,8644.64,30336,151127,54.14
2025-06-17,SRF, EQ, 17-Jun-2025,3098.2,3105.0,3132.2,3088.7,3088.9,3096.4,3107.92,732105,22753.22,37984,467741,63.89
2025-06-18,SRF, EQ, 18-Jun-2025,3096.4,3096.4,3141.8,3065.7,3065.7,3074.4,3087.4,562869,17377.99,35773,377735,67.11
2025-06-19,SRF, EQ, 19-Jun-2025,3074.4,3074.4,3092.4,2998.5,3001.9,3013.2,3025.76,337009,10197.08,23813,211729,62.83
2025-06-20,SRF, EQ, 20-Jun-2025,3013.2,3010.1,3050.7,3003.6,3013.1,3030.1,3027.03,755167,22859.13,45817,463791,61.42
2025-06-23,SRF, EQ, 23-Jun-2025,3030.1,3000.0,3050.0,3000.0,3037.0,3032.5,3033.8,407716,12369.29,35222,246798,60.53
2025-06-24,SRF, EQ, 24-Jun-2025,3032.5,3049.0,3088.8,3036.0,3056.0,3053.7,3058.63,424802,12993.12,39126,241942,56.95
2025-06-25,SRF, EQ, 25-Jun-2025,3053.7,3052.0,3104.9,3025.0,3079.0,3080.5,3080.04,841549,25920.07,45465,539181,64.07
2025-06-26,SRF, EQ, 26-Jun-2025,3080.5,3088.8,3146.5,3054.7,3139.0,3134.5,3108.36,942004,29280.88,80190,556939,59.12
2025-06-27,SRF, EQ, 27-Jun-2025,3134.5,3144.5,3188.3,3100.0,3155.0,3174.8,3166.01,2238985,70886.53,92857,1806863,80.7
2025-06-30,SRF, EQ, 30-Jun-2025,3174.8,3184.8,3251.8,3151.8,3236.0,3242.1,3221.34,710534,22888.75,64204,394799,55.56
2025-07-01,SRF, EQ, 01-Jul-2025,3242.1,3250.0,3250.0,3176.1,3200.9,3200.0,3201.14,374816,11998.39,37875,207544,55.37
2025-07-02,SRF, EQ, 02-Jul-2025,3200.0,3199.0,3281.6,3180.7,3252.8,3255.6,3254.21,815060,26523.74,57615,492845,60.47
2025-07-03,SRF, EQ, 03-Jul-2025,3255.6,3275.0,3288.9,3223.8,3224.2,3232.0,3252.53,438978,14277.9,53814,233679,53.23
2025-07-04,SRF, EQ, 04-Jul-2025,3232.0,3245.0,3266.9,3219.1,3232.9,3230.5,3235.01,321665,10405.88,40466,177769,55.27
2025-07-07,SRF, EQ, 07-Jul-2025,3230.5,3227.0,3246.9,3201.0,3243.1,3239.4,3236.64,218313,7066.01,27101,136760,62.64
2025-07-08,SRF, EQ, 08-Jul-2025,3239.4,3239.0,3297.2,3224.9,3285.5,3286.5,3269.24,426634,13947.69,44575,251573,58.97
2025-07-09,SRF, EQ, 09-Jul-2025,3286.5,3286.5,3294.9,3262.1,3280.5,3280.5,3280.9,345022,11319.82,56871,231031,66.96
2025-07-10,SRF, EQ, 10-Jul-2025,3280.5,3285.0,3325.0,3211.6,3257.0,3259.6,3256.85,337783,11001.08,51487,166736,49.36
2025-07-11,SRF, EQ, 11-Jul-2025,3259.6,3256.9,3265.7,3162.1,3167.5,3182.5,3200.5,238050,7618.78,32964,119510,50.2
2025-07-14,SRF, EQ, 14-Jul-2025,3182.5,3179.0,3204.8,3136.1,3158.6,3169.4,3168.5,317199,10050.46,31983,183534,57.86
2025-07-15,SRF, EQ, 15-Jul-2025,3169.4,3169.4,3235.0,3169.4,3216.4,3223.6,3205.63,350104,11223.05,28122,191262,54.63
2025-07-16,SRF, EQ, 16-Jul-2025,3223.6,3216.4,3250.0,3195.1,3200.0,3201.2,3224.04,296922,9572.87,27939,200005,67.36
2025-07-17,SRF, EQ, 17-Jul-2025,3201.2,3217.2,3240.0,3196.0,3196.0,3202.5,3210.87,278510,8942.61,29540,147343,52.9
2025-07-18,SRF, EQ, 18-Jul-2025,3202.5,3210.5,3221.7,3178.9,3181.5,3187.1,3197.67,254046,8123.55,29044,147037,57.88
2025-07-21,SRF, EQ, 21-Jul-2025,3187.1,3185.0,3209.0,3092.7,3120.2,3130.4,3147.78,492854,15513.97,56796,270839,54.95
2025-07-22,SRF, EQ, 22-Jul-2025,3130.4,3148.0,3150.0,3067.0,3150.0,3136.5,3118.14,539351,16817.74,39069,325181,60.29
2025-07-23,SRF, EQ, 23-Jul-2025,3136.5,3152.1,3222.1,3093.0,3206.4,3193.0,3163.59,1230831,38938.41,83090,449551,36.52
2025-07-24,SRF, EQ, 24-Jul-2025,3193.0,3190.0,3260.4,3140.5,3141.0,3150.4,3201.1,848712,27168.14,66859,347394,40.93
2025-07-25,SRF, EQ, 25-Jul-2025,3150.4,3124.9,3124.9,3033.8,3044.9,3040.8,3064.75,509398,15611.77,65391,224728,44.12
2025-07-28,SRF, EQ, 28-Jul-2025,3040.8,3030.0,3114.0,3014.0,3060.5,3056.6,3067.18,390517,11977.86,57166,178535,45.72
2025-07-29,SRF, EQ, 29-Jul-2025,3056.6,3045.0,3122.9,3042.1,3109.0,3110.0,3096.72,441091,13659.35,53132,261032,59.18
2025-07-30,SRF, EQ, 30-Jul-2025,3110.0,3109.8,3143.9,3077.9,3086.2,3086.5,3120.45,462805,14441.6,32497,274800,59.38
2025-07-31,SRF, EQ, 31-Jul-2025,3086.5,3000.0,3078.0,2965.3,3036.0,3040.8,3040.3,690148,20982.57,68293,320219,46.4
2025-08-01,SRF, EQ, 01-Aug-2025,3040.8,3036.0,3047.4,2974.3,2982.0,2985.2,3010.21,435961,13123.34,37654,255651,58.64
2025-08-04,SRF, EQ, 04-Aug-2025,2985.2,2965.1,3074.0,2965.1,3052.3,3050.4,3050.21,393203,11993.51,41297,195967,49.84
2025-08-05,SRF, EQ, 05-Aug-2025,3050.4,3060.0,3095.4,3032.0,3032.5,3042.8,3064.94,418104,12814.64,38005,208002,49.75
2025-08-06,SRF, EQ, 06-Aug-2025,3042.8,3040.0,3040.0,2950.0,2970.0,2968.9,2974.58,321329,9558.2,37515,145603,45.31
2025-08-07,SRF, EQ, 07-Aug-2025,2968.9,2965.0,2965.0,2875.0,2913.0,2904.1,2903.78,479056,13910.73,60823,211828,44.22
2025-08-08,SRF, EQ, 08-Aug-2025,2904.1,2886.0,2919.6,2844.9,2850.6,2861.2,2870.23,260157,7467.1,29917,158025,60.74
2025-08-11,SRF, EQ, 11-Aug-2025,2861.2,2840.0,2892.9,2820.0,2875.1,2880.0,2862.17,244526,6998.75,28603,108878,44.53
2025-08-12,SRF, EQ, 12-Aug-2025,2880.0,2880.0,2885.0,2832.2,2837.0,2846.2,2852.61,415408,11849.96,42370,290418,69.91
2025-08-13,SRF, EQ, 13-Aug-2025,2846.2,2859.9,2887.3,2845.3,2852.1,2855.2,2864.83,220747,6324.03,24955,115609,52.37
2025-08-14,SRF, EQ, 14-Aug-2025,2855.2,2852.1,2865.8,2830.5,2835.2,2841.9,2844.3,190742,5425.28,25011,100406,52.64
2025-08-18,SRF, EQ, 18-Aug-2025,2841.9,2860.0,2945.0,2848.1,2930.9,2929.7,2914.33,306279,8925.99,36441,147345,48.11
2025-08-19,SRF, EQ, 19-Aug-2025,2929.7,2930.0,2981.3,2911.6,2940.0,2929.6,2943.56,1004428,29565.92,43577,717460,71.43
2025-08-20,SRF, EQ, 20-Aug-2025,2929.6,2950.0,3014.5,2906.1,2922.0,2924.2,2934.93,733614,21531.02,44767,324235,44.2
2025-08-21,SRF, EQ, 21-Aug-2025,2924.2,2938.0,2938.0,2902.1,2913.0,2912.8,2918.53,306140,8934.78,21371,213185,69.64
2025-08-22,SRF, EQ, 22-Aug-2025,2912.8,2913.0,2937.5,2901.0,2918.0,2917.5,2920.94,313233,9149.34,22972,223770,71.44
2025-08-25,SRF, EQ, 25-Aug-2025,2917.5,2930.0,2954.0,2900.0,2910.0,2911.7,2932.16,355700,10429.68,21752,259062,72.83
2025-08-26,SRF, EQ, 26-Aug-2025,2911.7,2900.0,2914.6,2826.3,2839.6,2849.2,2873.19,939512,26993.99,47246,719684,76.6
2025-08-28,SRF, EQ, 28-Aug-2025,2849.2,2830.0,2858.4,2812.8,2850.0,2850.8,2842.99,363957,10347.28,34754,243702,66.96
2025-08-29,SRF, EQ, 29-Aug-2025,2850.8,2832.0,2869.9,2828.6,2852.0,2836.4,2845.33,537875,15304.3,39356,370385,68.86
2025-09-01,SRF, EQ, 01-Sep-2025,2836.4,2849.0,2902.8,2817.1,2900.0,2897.8,2881.91,220055,6341.78,23827,105171,47.79
2025-09-02,SRF, EQ, 02-Sep-2025,2897.8,2910.0,2934.0,2894.2,2901.5,2903.0,2910.5,382174,11123.16,41712,183931,48.13
2025-09-03,SRF, EQ, 03-Sep-2025,2903.0,2919.0,2952.8,2903.5,2949.0,2949.0,2935.86,382214,11221.27,31378,255478,66.84
2025-09-04,SRF, EQ, 04-Sep-2025,2949.0,2949.0,2962.9,2875.0,2887.8,2889.9,2913.01,238063,6934.79,19830,153520,64.49
2025-09-05,SRF, EQ, 05-Sep-2025,2889.9,2899.0,2899.0,2835.5,2853.5,2851.8,2858.26,132494,3787.02,16802,62932,47.5
2025-09-08,SRF, EQ, 08-Sep-2025,2851.8,2861.0,2905.0,2847.0,2885.0,2887.2,2883.76,155621,4487.73,24912,77952,50.09
2025-09-09,SRF, EQ, 09-Sep-2025,2887.2,2904.8,2939.0,2875.0,2926.0,2934.0,2909.54,312421,9090.01,29035,175783,56.26
2025-09-10,SRF, EQ, 10-Sep-2025,2934.0,2948.0,3001.9,2938.5,2975.0,2978.2,2968.6,287653,8539.28,23894,145819,50.69
2025-09-11,SRF, EQ, 11-Sep-2025,2978.2,2987.0,3008.7,2961.0,2985.2,2985.5,2980.93,166098,4951.26,19277,76188,45.87
2025-09-12,SRF, EQ, 12-Sep-2025,2985.5,2999.0,2999.0,2962.9,2979.9,2971.7,2979.15,380611,11338.99,20029,298983,78.55
2025-09-15,SRF, EQ, 15-Sep-2025,2971.7,2971.7,2985.0,2938.0,2951.3,2948.7,2962.21,150806,4467.19,17374,94477,62.65
2025-09-16,SRF, EQ, 16-Sep-2025,2948.7,2951.3,2965.0,2925.0,2951.9,2951.8,2945.25,175894,5180.53,20565,107001,60.83
2025-09-17,SRF, EQ, 17-Sep-2025,2951.8,2959.0,2985.5,2939.1,2941.0,2948.0,2966.68,337545,10013.89,24658,236964,70.2
2025-09-18,SRF, EQ, 18-Sep-2025,2948.0,2963.1,2965.0,2902.3,2935.0,2937.5,2929.54,451723,13233.39,42547,302121,66.88
2025-09-19,SRF, EQ, 19-Sep-2025,2937.5,2937.5,2958.9,2928.1,2947.9,2937.2,2939.05,254678,7485.11,25599,166206,65.26
2025-09-22,SRF, EQ, 22-Sep-2025,2937.2,2937.0,2958.5,2901.6,2915.0,2914.0,2938.05,149602,4395.38,16797,60993,40.77
2025-09-23,SRF, EQ, 23-Sep-2025,2914.0,2919.0,2936.5,2866.1,2910.5,2903.2,2894.22,256230,7415.87,21913,158950,62.03
2025-09-24,SRF, EQ, 24-Sep-2025,2903.2,2903.1,2916.0,2882.6,2912.0,2907.1,2904.49,165782,4815.12,20922,91956,55.47
2025-09-25,SRF, EQ, 25-Sep-2025,2907.1,2892.0,2919.9,2868.6,2873.0,2879.1,2891.83,237756,6875.51,26381,127768,53.74
2025-09-26,SRF, EQ, 26-Sep-2025,2879.1,2879.0,2879.9,2795.0,2799.0,2806.9,2828.07,138769,3924.49,23448,50430,36.34
2025-09-29,SRF, EQ, 29-Sep-2025,2806.9,2798.0,2850.8,2789.0,2814.7,2798.0,2805.81,221510,6215.14,24525,126418,57.07
2025-09-30,SRF, EQ, 30-Sep-2025,2798.0,2800.0,2836.5,2794.5,2823.6,2823.6,2816.13,210831,5937.27,33525,118004,55.97
2025-10-01,SRF, EQ, 01-Oct-2025,2823.6,2823.5,2916.1,2779.5,2907.0,2907.1,2864.88,391029,11202.51,36900,201188,51.45
2025-10-03,SRF, EQ, 03-Oct-2025,2907.1,2890.1,2925.3,2885.3,2918.0,2919.4,2904.31,526268,15284.46,28452,390535,74.21
2025-10-06,SRF, EQ, 06-Oct-2025,2919.4,2919.4,2951.5,2908.2,2942.7,2940.2,2938.39,252279,7412.95,30213,159190,63.1
2025-10-07,SRF, EQ, 07-Oct-2025,2940.2,2955.2,2974.0,2940.2,2967.1,2964.8,2957.32,199476,5899.15,24436,114979,57.64
2025-10-08,SRF, EQ, 08-Oct-2025,2964.8,2965.0,3021.7,2956.4,2968.3,2972.7,2978.34,774445,23065.6,38413,517978,66.88
2025-10-09,SRF, EQ, 09-Oct-2025,2972.7,2987.4,3005.0,2977.0,2999.8,2996.9,2993.45,160223,4796.2,26567,85833,53.57
2025-10-10,SRF, EQ, 10-Oct-2025,2996.9,3008.0,3031.0,2990.5,3005.1,3024.5,3007.02,733454,22055.11,24712,639843,87.24
2025-10-13,SRF, EQ, 13-Oct-2025,3024.5,3006.0,3061.4,2990.6,3048.7,3047.4,3032.92,207693,6299.17,30148,106195,51.13
2025-10-14,SRF, EQ, 14-Oct-2025,3047.4,3061.6,3066.0,3026.1,3045.0,3044.0,3045.95,328210,9997.12,22043,213864,65.16
2025-10-15,SRF, EQ, 15-Oct-2025,3044.0,3046.0,3128.8,3046.0,3082.9,3088.6,3088.5,677209,20915.58,29542,455331,67.24
2025-10-16,SRF, EQ, 16-Oct-2025,3088.6,3100.0,3205.8,3089.2,3200.5,3190.0,3169.81,632692,20055.16,50266,385403,60.91
2025-10-17,SRF, EQ, 17-Oct-2025,3190.0,3200.5,3210.0,3159.4,3165.0,3169.4,3188.07,166406,5305.14,23244,81898,49.22
2025-10-20,SRF, EQ, 20-Oct-2025,3169.4,3169.4,3207.4,3165.9,3180.0,3179.9,3188.95,178733,5699.71,30235,106829,59.77
2025-10-21,SRF, EQ, 21-Oct-2025,3179.9,3200.0,3200.9,3130.9,3141.6,3148.0,3164.5,30569,967.36,4567,11674,38.23
2025-10-23,SRF, EQ, 23-Oct-2025,3148.0,3149.9,3198.9,3060.1,3068.6,3077.4,3106.51,592097,18393.55,52623,360911,60.95
2025-10-24,SRF, EQ, 24-Oct-2025,3077.4,3077.4,3096.8,3033.4,3077.6,3082.0,3062.24,371337,11371.23,34468,225148,60.63
2025-10-27,SRF, EQ, 27-Oct-2025,3082.0,3096.0,3103.6,2985.1,3014.9,3019.4,3027.42,1370317,41485.22,62424,695704,50.77
2025-10-28,SRF, EQ, 28-Oct-2025,3019.4,3019.9,3042.8,2996.0,3030.0,3027.7,3022.12,781580,23620.3,59533,397573,50.87
2025-10-29,SRF, EQ, 29-Oct-2025,3027.7,3030.1,3080.0,3000.3,3013.0,3027.8,3036.14,399615,12132.88,29696,214638,53.71
2025-10-30,SRF, EQ, 30-Oct-2025,3027.8,3027.8,3032.9,2962.2,2977.0,2981.1,2982.64,396607,11829.34,34012,220618,55.63
2025-10-31,SRF, EQ, 31-Oct-2025,2981.1,2992.0,2992.0,2921.4,2933.9,2930.5,2946.07,464296,13678.47,44823,277691,59.81
2025-11-03,SRF, EQ, 03-Nov-2025,2930.5,2910.0,2976.0,2910.0,2974.9,2968.1,2943.74,543877,16010.35,47675,309430,56.89
2025-11-04,SRF, EQ, 04-Nov-2025,2968.1,2959.9,2983.8,2933.2,2942.0,2941.7,2949.73,154862,4568.01,23094,91869,59.32
2025-11-06,SRF, EQ, 06-Nov-2025,2941.7,2940.0,2949.4,2894.4,2897.0,2899.3,2912.98,232346,6768.19,23328,140570,60.5
2025-11-07,SRF, EQ, 07-Nov-2025,2899.3,2880.0,2909.6,2871.0,2899.9,2896.8,2883.4,278821,8039.53,24275,173531,62.24
2025-11-10,SRF, EQ, 10-Nov-2025,2896.8,2898.0,2915.0,2860.1,2905.0,2903.9,2887.38,325413,9395.92,30214,190442,58.52
2025-11-11,SRF, EQ, 11-Nov-2025,2903.9,2918.9,2938.1,2868.8,2934.7,2929.9,2904.02,510863,14835.56,34648,298700,58.47
2025-11-12,SRF, EQ, 12-Nov-2025,2929.9,2934.8,2951.5,2907.7,2951.5,2941.4,2925.88,522290,15281.58,31983,369587,70.76
2025-11-13,SRF, EQ, 13-Nov-2025,2941.4,2950.0,2965.0,2884.9,2889.0,2912.0,2921.42,332136,9703.09,26840,210458,63.37
2025-11-14,SRF, EQ, 14-Nov-2025,2912.0,2881.0,2882.4,2819.8,2835.9,2839.1,2844.4,820807,23347.04,45714,523214,63.74
2025-11-17,SRF, EQ, 17-Nov-2025,2839.1,2830.0,2852.3,2820.8,2833.8,2833.1,2834.91,474474,13450.91,38497,331816,69.93
2025-11-18,SRF, EQ, 18-Nov-2025,2833.1,2854.2,2854.2,2810.1,2815.0,2816.6,2826.91,434039,12269.91,40241,268999,61.98
2025-11-19,SRF, EQ, 19-Nov-2025,2816.6,2827.9,2834.9,2772.3,2788.0,2786.4,2788.63,580738,16194.62,41122,399128,68.73
2025-11-20,SRF, EQ, 20-Nov-2025,2786.4,2799.0,2876.0,2791.1,2850.2,2851.6,2840.79,1054257,29949.21,69998,633838,60.12
2025-11-21,SRF, EQ, 21-Nov-2025,2851.6,2851.6,2858.0,2822.7,2823.4,2838.4,2842.06,278651,7919.44,34002,156286,56.09
2025-11-24,SRF, EQ, 24-Nov-2025,2838.4,2838.4,2838.6,2793.4,2800.0,2807.5,2809.37,1292039,36298.18,44749,887987,68.73
2025-11-25,SRF, EQ, 25-Nov-2025,2807.5,2811.4,2828.7,2778.3,2798.4,2793.8,2800.74,437475,12252.54,35175,241198,55.13
2025-11-26,SRF, EQ, 26-Nov-2025,2793.8,2796.8,2825.3,2784.6,2809.5,2809.8,2808.86,413644,11618.7,25734,309345,74.79
2025-11-27,SRF, EQ, 27-Nov-2025,2809.8,2810.0,2864.2,2810.0,2834.9,2840.0,2841.33,555994,15797.64,37691,339096,60.99
2025-11-28,SRF, EQ, 28-Nov-2025,2840.0,2859.3,2954.8,2836.8,2933.0,2927.3,2923.31,1212051,35432.02,65088,377763,31.17
2025-12-01,SRF, EQ, 01-Dec-2025,2927.3,2927.3,2939.9,2896.0,2916.2,2923.0,2911.58,467183,13602.41,35840,279224,59.77
2025-12-02,SRF, EQ, 02-Dec-2025,2923.0,2922.0,2922.3,2848.8,2865.9,2859.5,2870.76,526048,15101.58,42563,300336,57.09
2025-12-03,SRF, EQ, 03-Dec-2025,2859.5,2848.2,2868.9,2822.6,2826.0,2830.0,2846.09,273168,7774.6,20576,166833,61.07
2025-12-04,SRF, EQ, 04-Dec-2025,2830.0,2820.0,2849.0,2815.3,2843.3,2840.1,2832.9,117234,3321.13,14089,61743,52.67
2025-12-05,SRF, EQ, 05-Dec-2025,2840.1,2850.9,2891.6,2828.3,2887.9,2885.4,2871.62,376436,10809.81,25011,238619,63.39
2025-12-08,SRF, EQ, 08-Dec-2025,2885.4,2885.0,2885.0,2805.1,2830.0,2831.9,2831.38,267772,7581.66,25673,162795,60.8
2025-12-09,SRF, EQ, 09-Dec-2025,2831.9,2830.0,2901.9,2808.7,2894.4,2894.8,2877.62,336135,9672.68,37015,149214,44.39
2025-12-10,SRF, EQ, 10-Dec-2025,2894.8,2908.5,2953.2,2901.5,2928.0,2931.7,2932.53,439194,12879.48,33209,244334,55.63
2025-12-11,SRF, EQ, 11-Dec-2025,2931.7,2938.7,2953.7,2919.3,2942.0,2943.7,2937.83,232626,6834.15,33480,110460,47.48
2025-12-12,SRF, EQ, 12-Dec-2025,2943.7,2931.0,3029.0,2931.0,3021.6,3023.6,2997.14,814099,24399.65,49109,504892,62.02
2025-12-15,SRF, EQ, 15-Dec-2025,3023.6,3023.6,3023.6,2984.9,3000.0,3001.0,3002.11,516076,15493.19,32287,360086,69.77
2025-12-16,SRF, EQ, 16-Dec-2025,3001.0,3001.0,3040.0,2994.5,3001.0,3015.7,3017.82,542238,16363.74,35475,346400,63.88
2025-12-17,SRF, EQ, 17-Dec-2025,3015.7,3002.0,3037.4,2993.3,3035.9,3033.3,3019.89,238180,7192.78,23204,130606,54.83
2025-12-18,SRF, EQ, 18-Dec-2025,3033.3,3033.3,3053.8,3016.1,3049.8,3050.7,3043.5,571930,17406.69,37695,374871,65.54
2025-12-19,SRF, EQ, 19-Dec-2025,3050.7,3059.9,3094.0,3030.0,3083.0,3090.3,3074.26,478720,14717.11,32129,280916,58.68
2025-12-22,SRF, EQ, 22-Dec-2025,3090.3,3090.3,3140.5,3075.7,3081.0,3091.6,3104.61,411318,12769.8,55628,226475,55.06
2025-12-23,SRF, EQ, 23-Dec-2025,3091.6,3056.1,3141.7,3055.8,3103.1,3111.7,3104.05,224198,6959.21,27829,127988,57.09
2025-12-24,SRF, EQ, 24-Dec-2025,3111.7,3105.2,3120.4,3083.3,3102.0,3098.2,3101.96,178249,5529.21,18316,104613,58.69
2025-12-26,SRF, EQ, 26-Dec-2025,3098.2,3105.0,3143.0,3093.9,3099.4,3101.6,3126.15,472293,14764.57,37087,248767,52.67
2025-12-29,SRF, EQ, 29-Dec-2025,3101.6,3101.6,3107.5,3051.0,3068.7,3075.9,3088.72,214660,6630.24,29577,136056,63.38
2025-12-30,SRF, EQ, 30-Dec-2025,3075.9,3084.9,3085.0,3004.3,3067.0,3038.3,3033.28,2049556,62168.72,77531,1573207,76.76
2025-12-31,SRF, EQ, 31-Dec-2025,3038.3,3040.2,3115.8,3040.2,3067.7,3075.0,3074.68,219075,6735.85,21138,119082,54.36
2026-01-01,SRF, EQ, 01-Jan-2026,3075.0,3077.9,3077.9,3050.3,3061.0,3057.3,3060.99,74758,2288.34,8905,35676,47.72
2026-01-02,SRF, EQ, 02-Jan-2026,3057.3,3060.0,3074.9,3042.0,3052.4,3059.5,3058.07,108406,3315.14,14038,65703,60.61
2026-01-05,SRF, EQ, 05-Jan-2026,3059.5,3059.5,3095.0,3050.0,3085.0,3089.3,3081.79,268940,8288.16,25327,167472,62.27
2026-01-06,SRF, EQ, 06-Jan-2026,3089.3,3094.9,3095.2,2955.0,3055.4,3051.4,3026.79,582002,17616.0,55170,311900,53.59
2026-01-07,SRF, EQ, 07-Jan-2026,3051.4,3051.5,3102.4,3037.8,3090.0,3097.6,3089.22,375703,11606.3,20963,253826,67.56
2026-01-08,SRF, EQ, 08-Jan-2026,3097.6,3097.4,3097.4,3035.7,3050.0,3042.3,3049.2,269895,8229.63,32607,155683,57.68
2026-01-09,SRF, EQ, 09-Jan-2026,3042.3,3040.0,3069.6,3000.8,3021.1,3023.2,3025.48,165278,5000.46,22128,73151,44.26
2026-01-12,SRF, EQ, 12-Jan-2026,3023.2,3001.1,3055.8,3001.1,3031.3,3046.0,3036.07,140741,4273.0,12225,53980,38.35
2026-01-13,SRF, EQ, 13-Jan-2026,3046.0,3044.9,3066.8,3024.0,3026.9,3039.6,3043.11,176473,5370.27,25433,111300,63.07
2026-01-14,SRF, EQ, 14-Jan-2026,3039.6,3003.0,3068.1,3003.0,3026.6,3032.0,3039.82,291875,8872.47,25111,179438,61.48
2026-01-16,SRF, EQ, 16-Jan-2026,3032.0,3039.8,3072.0,3010.0,3027.4,3027.4,3038.64,255342,7758.93,28074,150642,59.0
2026-01-19,SRF, EQ, 19-Jan-2026,3027.4,3001.0,3029.3,2939.9,2960.0,2962.5,2981.41,507707,15136.85,33888,350307,69.0
2026-01-20,SRF, EQ, 20-Jan-2026,2962.5,2970.0,2979.4,2833.0,2854.0,2883.2,2905.46,668685,19428.37,62645,263577,39.42
2026-01-21,SRF, EQ, 21-Jan-2026,2883.2,2802.6,2815.0,2661.6,2679.0,2676.9,2734.21,1969559,53851.96,139670,642638,32.63
2026-01-22,SRF, EQ, 22-Jan-2026,2676.9,2684.0,2754.0,2684.0,2733.8,2735.9,2725.97,753474,20539.45,59762,395423,52.48
2026-01-23,SRF, EQ, 23-Jan-2026,2735.9,2757.0,2757.0,2701.0,2722.0,2713.7,2716.01,406215,11032.83,33356,250796,61.74
2026-01-27,SRF, EQ, 27-Jan-2026,2713.7,2722.9,2734.8,2645.0,2685.0,2682.2,2680.88,326475,8752.4,36272,172340,52.79
2026-01-28,SRF, EQ, 28-Jan-2026,2682.2,2687.1,2837.0,2687.1,2835.0,2817.0,2769.97,607301,16822.07,44885,357052,58.79
2026-01-29,SRF, EQ, 29-Jan-2026,2817.0,2835.0,2835.0,2782.0,2815.0,2819.9,2810.79,881502,24777.16,29931,676273,76.72
2026-01-30,SRF, EQ, 30-Jan-2026,2819.9,2818.0,2840.4,2788.4,2806.1,2816.3,2814.46,426581,12005.95,30670,297460,69.73
2026-02-01,SRF, EQ, 01-Feb-2026,2816.3,2792.3,2881.5,2711.2,2729.9,2726.5,2818.06,202474,5705.83,17669,47354,23.39
2026-02-02,SRF, EQ, 02-Feb-2026,2726.5,2727.0,2806.6,2719.3,2803.0,2801.6,2761.17,149919,4139.52,18031,66549,44.39
2026-02-03,SRF, EQ, 03-Feb-2026,2801.6,2999.0,3081.7,2903.2,2916.4,2912.2,2961.68,811932,24046.79,48768,387210,47.69
2026-02-04,SRF, EQ, 04-Feb-2026,2912.2,2890.2,2943.9,2888.0,2926.0,2920.6,2921.39,254596,7437.75,19940,161751,63.53
2026-02-05,SRF, EQ, 05-Feb-2026,2920.6,2935.3,2937.9,2886.2,2907.6,2906.3,2905.62,97591,2835.63,9195,51899,53.18
2026-02-06,SRF, EQ, 06-Feb-2026,2906.3,2898.9,2919.8,2863.0,2900.0,2901.6,2888.13,137382,3967.77,14746,69188,50.36
2026-02-09,SRF, EQ, 09-Feb-2026,2901.6,2905.6,3013.9,2905.6,2984.6,2986.7,2974.12,403307,11994.85,34374,188244,46.68
2026-02-10,SRF, EQ, 10-Feb-2026,2986.7,3010.0,3014.9,2951.0,2951.0,2961.9,2972.05,220571,6555.48,21315,118059,53.52
2026-02-11,SRF, EQ, 11-Feb-2026,2961.9,2951.0,2959.9,2914.8,2933.7,2949.1,2940.64,149239,4388.59,18953,80377,53.86
2026-02-12,SRF, EQ, 12-Feb-2026,2949.1,2932.3,2937.4,2812.5,2842.5,2841.5,2858.85,395601,11309.64,36985,183035,46.27
2026-02-13,SRF, EQ, 13-Feb-2026,2841.5,2815.0,2841.0,2765.6,2833.0,2833.4,2821.77,196550,5546.18,17079,104194,53.01
2026-02-16,SRF, EQ, 16-Feb-2026,2833.4,2830.0,2852.1,2792.8,2845.0,2847.8,2839.42,110372,3133.93,12695,50526,45.78
2026-02-17,SRF, EQ, 17-Feb-2026,2847.8,2847.7,2883.1,2731.1,2735.8,2742.9,2797.95,595424,16659.64,38088,174615,29.33
2026-02-18,SRF, EQ, 18-Feb-2026,2742.9,2710.0,2744.3,2695.8,2735.0,2730.4,2727.01,449947,12270.08,24539,187444,41.66
2026-02-19,SRF, EQ, 19-Feb-2026,2730.4,2740.9,2741.0,2663.9,2672.9,2678.7,2687.56,550346,14790.89,30846,252616,45.9
2026-02-20,SRF, EQ, 20-Feb-2026,2678.7,2661.0,2715.5,2660.3,2690.0,2689.1,2694.46,449654,12115.76,26354,268294,59.67
2026-02-23,SRF, EQ, 23-Feb-2026,2689.1,2718.9,2718.9,2622.5,2625.1,2646.1,2657.92,464410,12343.66,26233,269575,58.05
2026-02-24,SRF, EQ, 24-Feb-2026,2646.1,2625.0,2632.0,2553.0,2591.0,2583.6,2587.55,602613,15592.9,36616,266046,44.15
2026-02-25,SRF, EQ, 25-Feb-2026,2583.6,2594.1,2619.3,2571.5,2613.0,2614.9,2596.8,377432,9801.14,22263,211287,55.98
2026-02-26,SRF, EQ, 26-Feb-2026,2614.9,2620.0,2628.8,2595.3,2622.0,2617.2,2613.04,441973,11548.95,24067,301413,68.2
2026-02-27,SRF, EQ, 27-Feb-2026,2617.2,2601.0,2615.2,2555.0,2566.0,2562.2,2577.15,655543,16894.32,33362,478630,73.01
2026-03-02,SRF, EQ, 02-Mar-2026,2562.2,2474.9,2553.0,2474.9,2534.4,2537.0,2531.41,215252,5448.91,26824,92133,42.8
2026-03-04,SRF, EQ, 04-Mar-2026,2537.0,2524.8,2542.2,2480.2,2540.4,2536.6,2524.58,378542,9556.61,28374,239722,63.33
2026-03-05,SRF, EQ, 05-Mar-2026,2536.6,2552.0,2577.7,2541.1,2571.0,2563.1,2560.46,456733,11694.48,30296,285559,62.52
2026-03-06,SRF, EQ, 06-Mar-2026,2563.1,2563.1,2649.0,2555.1,2625.0,2622.7,2618.07,371737,9732.35,34984,178941,48.14
2026-03-09,SRF, EQ, 09-Mar-2026,2622.7,2600.0,2600.0,2535.9,2550.1,2552.4,2553.71,272202,6951.25,33318,143354,52.66
2026-03-10,SRF, EQ, 10-Mar-2026,2552.4,2577.3,2605.5,2555.1,2600.0,2596.6,2586.52,246261,6369.59,21802,125237,50.86
2026-03-11,SRF, EQ, 11-Mar-2026,2596.6,2604.9,2608.5,2475.5,2493.0,2488.7,2523.15,617038,15568.8,57302,379990,61.58
2026-03-12,SRF, EQ, 12-Mar-2026,2488.7,2475.1,2636.8,2446.6,2615.1,2626.3,2570.18,1288113,33106.82,74331,570566,44.29
2026-03-13,SRF, EQ, 13-Mar-2026,2626.3,2609.9,2623.5,2491.3,2500.4,2499.7,2528.05,649413,16417.51,37574,326163,50.22
2026-03-16,SRF, EQ, 16-Mar-2026,2499.7,2484.9,2523.4,2425.9,2445.7,2449.0,2478.65,973496,24129.58,44424,546316,56.12
2026-03-17,SRF, EQ, 17-Mar-2026,2449.0,2449.0,2508.5,2439.9,2500.0,2498.0,2489.9,786987,19595.23,60336,475754,60.45
2026-03-18,SRF, EQ, 18-Mar-2026,2498.0,2498.0,2592.0,2482.5,2571.0,2569.4,2569.37,756135,19427.89,51463,444569,58.79
2026-03-19,SRF, EQ, 19-Mar-2026,2569.4,2505.3,2547.0,2467.6,2480.0,2478.8,2485.05,513483,12760.33,30293,271391,52.85
2026-03-20,SRF, EQ, 20-Mar-2026,2478.8,2486.0,2524.5,2445.3,2455.0,2454.5,2472.53,676836,16734.95,33666,344744,50.93
2026-03-23,SRF, EQ, 23-Mar-2026,2454.5,2440.0,2443.2,2381.0,2384.0,2391.5,2396.85,687490,16478.1,56882,402825,58.59
2026-03-24,SRF, EQ, 24-Mar-2026,2391.5,2470.0,2479.8,2386.9,2479.8,2471.6,2432.6,1285249,31264.93,60521,766260,59.62
2026-03-25,SRF, EQ, 25-Mar-2026,2471.6,2502.0,2581.8,2484.8,2574.3,2568.1,2539.88,847207,21518.0,37923,533409,62.96
2026-03-27,SRF, EQ, 27-Mar-2026,2568.1,2564.0,2564.0,2481.6,2493.8,2494.9,2511.47,599547,15057.46,37689,353348,58.94
2026-03-30,SRF, EQ, 30-Mar-2026,2494.9,2460.0,2475.0,2425.1,2440.0,2438.0,2445.28,796377,19473.68,35359,254713,31.98
2026-04-01,SRF, EQ, 01-Apr-2026,2438.0,2500.4,2587.9,2464.1,2560.4,2555.2,2548.18,656244,16722.29,49229,348856,53.16
2026-04-02,SRF, EQ, 02-Apr-2026,2555.2,2485.0,2485.0,2395.3,2419.0,2416.1,2419.46,715256,17305.32,48296,300123,41.96
2026-04-06,SRF, EQ, 06-Apr-2026,2416.1,2425.0,2443.6,2355.0,2434.4,2433.8,2394.33,1106561,26494.76,59867,535278,48.37
2026-04-07,SRF, EQ, 07-Apr-2026,2433.8,2418.0,2433.0,2361.0,2399.9,2396.0,2385.8,1004701,23970.17,45940,537223,53.47
2026-04-08,SRF, EQ, 08-Apr-2026,2396.0,2500.0,2506.0,2420.2,2440.0,2435.1,2454.75,894536,21958.59,40831,493611,55.18
2026-04-09,SRF, EQ, 09-Apr-2026,2435.1,2435.1,2451.0,2381.3,2402.0,2399.8,2411.27,764432,18432.51,38442,330508,43.24
2026-04-10,SRF, EQ, 10-Apr-2026,2399.8,2406.4,2479.4,2404.9,2470.2,2473.4,2450.97,766761,18793.06,30745,437155,57.01
2026-04-13,SRF, EQ, 13-Apr-2026,2473.4,2420.0,2479.6,2371.5,2440.2,2443.2,2444.82,688170,16824.49,38873,369686,53.72
2026-04-15,SRF, EQ, 15-Apr-2026,2443.2,2475.0,2509.5,2457.0,2497.5,2500.5,2485.3,551458,13705.38,31821,288883,52.39
2026-04-16,SRF, EQ, 16-Apr-2026,2500.5,2512.0,2521.7,2480.0,2506.0,2504.0,2503.08,238499,5969.81,17953,93659,39.27
2026-04-17,SRF, EQ, 17-Apr-2026,2504.0,2508.5,2525.0,2488.5,2498.5,2494.5,2504.02,277954,6960.02,18629,119758,43.09
2026-04-20,SRF, EQ, 20-Apr-2026,2494.5,2510.0,2510.0,2456.2,2463.0,2465.1,2476.15,349689,8658.83,30702,132170,37.8
2026-04-21,SRF, EQ, 21-Apr-2026,2465.1,2471.8,2499.9,2463.6,2464.1,2471.0,2478.36,460567,11414.51,17374,308311,66.94
2026-04-22,SRF, EQ, 22-Apr-2026,2471.0,2470.0,2507.0,2452.0,2496.5,2492.8,2486.91,326961,8131.24,19860,162101,49.58
2026-04-23,SRF, EQ, 23-Apr-2026,2492.8,2484.3,2549.9,2466.0,2539.0,2542.4,2527.02,950680,24023.84,38323,570789,60.04
2026-04-24,SRF, EQ, 24-Apr-2026,2542.4,2559.0,2563.7,2472.2,2494.5,2493.6,2508.12,411464,10320.01,30568,149610,36.36
2026-04-27,SRF, EQ, 27-Apr-2026,2493.6,2516.8,2549.0,2496.7,2505.0,2508.2,2520.34,341589,8609.22,21361,158812,46.49
2026-04-28,SRF, EQ, 28-Apr-2026,2508.2,2508.2,2544.8,2484.4,2529.8,2532.8,2515.34,306944,7720.7,21279,143787,46.84
2026-04-29,SRF, EQ, 29-Apr-2026,2532.8,2551.0,2604.0,2538.3,2548.0,2543.6,2573.57,350550,9021.66,22369,133135,37.98
2026-04-30,SRF, EQ, 30-Apr-2026,2543.6,2543.5,2543.5,2488.9,2525.0,2518.6,2512.54,413405,10386.97,25711,215964,52.24
2026-05-04,SRF, EQ, 04-May-2026,2518.6,2520.4,2565.0,2520.0,2558.0,2551.4,2544.17,280967,7148.27,27997,126601,45.06
2026-05-05,SRF, EQ, 05-May-2026,2551.4,2553.0,2567.8,2495.0,2536.2,2522.8,2522.44,554217,13979.77,40518,262363,47.34
2026-05-06,SRF, EQ, 06-May-2026,2522.8,2605.0,2762.0,2582.2,2725.0,2719.6,2683.92,4206668,112903.55,211709,1174075,27.91
2026-05-07,SRF, EQ, 07-May-2026,2719.6,2714.9,2780.0,2655.0,2775.4,2771.3,2747.49,796612,21886.87,71058,307876,38.65
2026-05-08,SRF, EQ, 08-May-2026,2771.3,2775.4,2819.3,2770.0,2778.0,2780.8,2791.41,516387,14414.47,43112,235160,45.54
2026-05-11,SRF, EQ, 11-May-2026,2780.8,2777.0,2832.1,2739.6,2800.0,2798.5,2800.17,596821,16712.03,42995,248493,41.64
2026-05-12,SRF, EQ, 12-May-2026,2798.5,2785.0,2800.0,2714.1,2725.1,2721.2,2758.49,475622,13119.97,29178,250114,52.59
2026-05-13,SRF, EQ, 13-May-2026,2721.2,2738.9,2756.3,2688.8,2693.0,2695.2,2703.83,642859,17381.83,34132,381125,59.29
2026-05-14,SRF, EQ, 14-May-2026,2695.2,2714.0,2739.9,2664.9,2729.8,2729.4,2712.07,270823,7344.92,24402,111382,41.13
2026-05-15,SRF, EQ, 15-May-2026,2729.4,2739.0,2740.1,2685.0,2690.0,2689.5,2702.58,345387,9334.35,24045,189340,54.82
2026-05-18,SRF, EQ, 18-May-2026,2689.5,2666.0,2685.0,2607.2,2648.5,2639.9,2634.04,227858,6001.87,18685,94090,41.29
2026-05-19,SRF, EQ, 19-May-2026,2639.9,2649.9,2668.8,2631.0,2632.0,2637.2,2647.43,226571,5998.3,15495,92630,40.88
2026-05-20,SRF, EQ, 20-May-2026,2637.2,2617.2,2622.1,2590.5,2610.2,2613.3,2610.61,342170,8932.74,22922,196108,57.31
2026-05-21,SRF, EQ, 21-May-2026,2613.3,2634.5,2648.9,2600.1,2627.0,2620.4,2617.92,459611,12032.26,37174,294245,64.02
2026-05-22,SRF, EQ, 22-May-2026,2620.4,2661.9,2688.0,2630.1,2651.0,2639.4,2649.25,521212,13808.19,24951,267598,51.34
2026-05-25,SRF, EQ, 25-May-2026,2639.4,2661.0,2724.0,2655.4,2724.0,2711.0,2690.2,170564,4588.52,13102,65131,38.19
2026-05-26,SRF, EQ, 26-May-2026,2711.0,2729.9,2772.9,2712.0,2749.4,2749.7,2752.14,704640,19392.66,28210,337283,47.87
2026-05-27,SRF, EQ, 27-May-2026,2749.7,2768.0,2776.4,2725.0,2727.8,2736.8,2747.37,222202,6104.71,17993,84097,37.85
2026-05-29,SRF, EQ, 29-May-2026,2736.8,2740.7,2759.0,2678.8,2711.0,2715.8,2711.79,2087600,56611.23,46728,1363557,65.32
2026-06-01,SRF, EQ, 01-Jun-2026,2715.8,2719.0,2719.0,2674.2,2700.0,2696.2,2693.3,362133,9753.32,27302,178179,49.2
2026-06-02,SRF, EQ, 02-Jun-2026,2696.2,2682.0,2752.8,2651.2,2745.4,2745.3,2711.05,503919,13661.49,31352,300386,59.61
2026-06-03,SRF, EQ, 03-Jun-2026,2745.3,2740.1,2758.0,2711.6,2712.0,2718.4,2728.44,530894,14485.11,14120,324397,61.1
2026-06-04,SRF, EQ, 04-Jun-2026,2718.4,2706.0,2739.0,2693.7,2725.0,2726.6,2725.04,316793,8632.72,16922,188728,59.57
2026-06-05,SRF, EQ, 05-Jun-2026,2726.6,2745.0,2745.0,2692.0,2702.1,2704.9,2715.36,162064,4400.62,14218,69494,42.88
2026-06-08,SRF, EQ, 08-Jun-2026,2704.9,2647.0,2690.3,2610.4,2662.1,2674.4,2667.57,605925,16163.45,33887,337433,55.69
2026-06-09,SRF, EQ, 09-Jun-2026,2674.4,2674.9,2733.6,2673.0,2688.1,2689.6,2702.04,463994,12537.28,25837,264948,57.1
2026-06-10,SRF, EQ, 10-Jun-2026,2689.6,2699.0,2754.8,2699.0,2739.9,2734.1,2735.56,482986,13212.35,29430,238225,49.32
2026-06-11,SRF, EQ, 11-Jun-2026,2734.1,2734.0,2734.0,2650.0,2654.9,2658.4,2686.38,552102,14831.55,29756,300804,54.48
2026-06-12,SRF, EQ, 12-Jun-2026,2658.4,2696.7,2748.0,2681.3,2724.7,2743.0,2711.4,245864,6666.36,12478,131152,53.34
2026-06-15,SRF, EQ, 15-Jun-2026,2743.0,2760.9,2768.9,2712.1,2728.8,2720.5,2731.8,496251,13556.58,32952,277470,55.91
2026-06-16,SRF, EQ, 16-Jun-2026,2720.5,2730.0,2784.0,2730.0,2752.8,2744.0,2759.82,687248,18966.81,37235,399646,58.15
2026-06-17,SRF, EQ, 17-Jun-2026,2744.0,2750.9,2760.0,2651.2,2715.0,2705.5,2697.09,499787,13479.7,28717,230759,46.17
2026-06-18,SRF, EQ, 18-Jun-2026,2705.5,2719.4,2727.2,2675.0,2702.2,2703.0,2699.13,356118,9612.08,18800,186167,52.28
2026-06-19,SRF, EQ, 19-Jun-2026,2703.0,2701.0,2719.8,2687.1,2712.0,2709.8,2708.73,321703,8714.06,23673,206224,64.1
2026-06-22,SRF, EQ, 22-Jun-2026,2709.8,2720.0,2748.8,2697.3,2720.1,2720.7,2713.23,473652,12851.26,40878,255995,54.05
2026-06-23,SRF, EQ, 23-Jun-2026,2720.7,2727.0,2777.0,2722.0,2738.0,2736.7,2751.37,856546,23566.78,46312,444428,51.89
2026-06-24,SRF, EQ, 24-Jun-2026,2736.7,2736.0,2775.5,2701.0,2767.7,2765.8,2753.2,247480,6813.61,17366,111320,44.98
2026-06-25,SRF, EQ, 25-Jun-2026,2765.8,2772.0,2775.0,2725.6,2732.0,2732.9,2751.86,398225,10958.59,21764,225736,56.69
2026-06-29,SRF, EQ, 29-Jun-2026,2732.9,2732.9,2738.4,2648.8,2670.0,2664.7,2681.42,988256,26499.26,58030,612177,61.95
2026-06-30,SRF, EQ, 30-Jun-2026,2664.7,2664.7,2781.5,2664.7,2743.0,2739.0,2739.65,773262,21184.64,46170,355391,45.96
2026-07-01,SRF, EQ, 01-Jul-2026,2739.0,2740.0,2752.6,2711.4,2726.5,2739.9,2732.67,338475,9249.41,25232,189910,56.11
2026-07-02,SRF, EQ, 02-Jul-2026,2739.9,2739.9,2812.0,2730.0,2800.1,2799.4,2787.02,563679,15709.84,39011,231083,41.0
2026-07-03,SRF, EQ, 03-Jul-2026,2799.4,2828.0,2832.0,2785.2,2795.0,2794.5,2803.72,509097,14273.67,26726,280235,55.05
2026-07-06,SRF, EQ, 06-Jul-2026,2794.5,2803.0,2859.5,2794.5,2830.0,2830.7,2835.42,448352,12712.66,33026,141549,31.57
2026-07-07,SRF, EQ, 07-Jul-2026,2830.7,2839.0,2848.8,2796.3,2811.3,2810.6,2811.43,243891,6856.82,15286,113838,46.68
2026-07-08,SRF, EQ, 08-Jul-2026,2810.6,2790.8,2804.0,2691.6,2712.0,2709.5,2759.65,556227,15349.89,32635,308920,55.54
2026-07-09,SRF, EQ, 09-Jul-2026,2709.5,2720.0,2792.5,2718.0,2763.9,2756.9,2752.48,201957,5558.82,18824,74036,36.66
2026-07-10,SRF, EQ, 10-Jul-2026,2756.9,2779.0,2799.9,2765.3,2773.4,2774.6,2780.18,104341,2900.87,10051,48482,46.46
2026-07-13,SRF, EQ, 13-Jul-2026,2774.6,2777.6,2780.4,2739.0,2743.9,2741.6,2749.41,122987,3381.42,11694,62673,50.96
2026-07-14,SRF, EQ, 14-Jul-2026,2741.6,2729.4,2759.9,2716.0,2740.1,2744.9,2731.16,397057,10844.25,38246,259969,65.47
2026-07-15,SRF, EQ, 15-Jul-2026,2744.9,2738.0,2819.0,2738.0,2779.5,2775.6,2789.99,339745,9478.84,28140,120294,35.41
2026-07-16,SRF, EQ, 16-Jul-2026,2775.6,2777.1,2916.0,2777.1,2890.0,2889.3,2873.83,1533270,44063.57,100447,530328,34.59
2026-07-17,SRF, EQ, 17-Jul-2026,2889.3,2899.2,2914.9,2853.0,2860.0,2874.7,2875.42,232559,6687.06,25001,93663,40.27
2026-07-20,SRF, EQ, 20-Jul-2026,2874.7,2869.9,2894.6,2845.9,2874.0,2871.7,2873.61,302818,8701.82,39201,180727,59.68
2026-07-21,SRF, EQ, 21-Jul-2026,2871.7,2886.4,2970.0,2866.8,2947.0,2939.0,2933.91,528797,15514.41,48257,191829,36.28
2026-07-22,SRF, EQ, 22-Jul-2026,2939.0,2952.9,2969.9,2815.0,2818.0,2867.2,2874.68,1576048,45306.34,99742,318932,20.24
2026-07-23,SRF, EQ, 23-Jul-2026,2867.2,2843.9,2865.3,2615.0,2622.5,2622.7,2703.9,2407250,65089.61,121309,762116,31.66
2026-07-24,SRF, EQ, 24-Jul-2026,2622.7,2672.9,2698.0,2635.8,2669.5,2664.7,2671.13,1246513,33295.97,71999,449229,36.04
2026-07-27,SRF, EQ, 27-Jul-2026,2664.7,2694.0,2694.3,2631.7,2639.0,2636.5,2653.06,1098350,29139.85,41632,778762,70.9
2026-07-28,SRF, EQ, 28-Jul-2026,2636.5,2656.6,2659.2,2611.0,2640.8,2633.4,2626.88,336758,8846.24,30840,167513,49.74
2026-07-29,SRF, EQ, 29-Jul-2026,2633.4,2646.0,2659.0,2628.0,2644.4,2643.8,2642.43,168487,4452.15,12549,82624,49.04
2026-07-30,SRF, EQ, 30-Jul-2026,2643.8,2640.0,2640.0,2595.7,2607.0,2604.8,2611.55,366977,9583.79,20743,240275,65.47
2026-07-31,SRF, EQ, 31-Jul-2026,2604.8,2614.8,2639.1,2597.8,2624.8,2622.5,2619.58,365175,9566.06,31465,201358,55.14
2026-08-03,SRF, EQ, 03-Aug-2026,2622.5,2630.0,2657.8,2625.0,2645.0,2645.0,2644.1,150758,3986.19,17658,75285,49.94
2026-08-04,SRF, EQ, 04-Aug-2026,2645.0,2663.0,2663.0,2611.0,2642.3,2642.3,2635.5,255133,6724.03,27490,141020,55.27
2026-08-05,SRF, EQ, 05-Aug-2026,2642.3,2646.3,2649.0,2618.0,2639.7,2639.7,2630.17,241199,6343.95,21720,130079,53.93
2026-08-06,SRF, EQ, 06-Aug-2026,2639.7,2649.0,2659.0,2620.2,2624.9,2624.9,2635.47,550578,14510.29,23329,351747,63.89
2026-08-07,SRF, EQ, 07-Aug-2026,2624.9,2624.9,2640.6,2610.0,2615.0,2615.0,2620.53,262181,6870.52,16080,168658,64.33
2026-08-10,SRF, EQ, 10-Aug-2026,2615.0,2625.0,2628.1,2593.3,2610.0,2610.0,2606.79,563401,14686.68,26169,341035,60.53
2026-08-11,SRF, EQ, 11-Aug-2026,2610.0,2610.0,2613.1,2550.0,2570.0,2570.0,2566.86,377687,9694.69,28035,207372,54.91
2026-08-12,SRF, EQ, 12-Aug-2026,2570.0,2570.1,2594.0,2552.0,2585.0,2585.0,2570.43,276269,7101.29,20243,134828,48.8
2026-08-13,SRF, EQ, 13-Aug-2026,2585.0,2580.0,2616.4,2556.0,2608.7,2608.7,2582.12,336289,8683.39,29545,145591,43.29
2026-08-14,SRF, EQ, 14-Aug-2026,2608.7,2609.0,2616.7,2587.6,2606.0,2606.0,2599.34,168380,4376.77,17759,95692,56.83
2026-08-17,SRF, EQ, 17-Aug-2026,2606.0,2600.0,2636.6,2595.1,2616.0,2616.0,2626.17,164908,4330.77,12488,79094,47.96
2026-08-18,SRF, EQ, 18-Aug-2026,2616.0,2603.4,2644.7,2603.4,2630.0,2630.0,2629.46,238565,6272.97,21227,119609,50.14
2026-08-19,SRF, EQ, 19-Aug-2026,2630.0,2624.4,2628.9,2562.3,2578.6,2578.6,2585.7,267803,6924.59,26103,138715,51.8
2026-08-20,SRF, EQ, 20-Aug-2026,2578.6,2595.0,2595.2,2570.0,2574.5,2574.5,2583.28,81501,2105.4,9469,36040,44.22
2026-08-21,SRF, EQ, 21-Aug-2026,2574.5,2576.4,2589.3,2568.2,2571.9,2571.9,2579.22,174387,4497.82,13409,108002,61.93
