SYMBOL,SERIES,DATE1,PREV_CLOSE,OPEN_PRICE,HIGH_PRICE,LOW_PRICE,LAST_PRICE,CLOSE_PRICE,AVG_PRICE,TTL_TRD_QNTY,TURNOVER_LACS,NO_OF_TRADES,DELIV_QTY,DELIV_PER
20MICRONS, EQ, 15-Nov-2019,35.9,35.6,36.25,35.55, 35.55,35.65,35.74,18102,6.47,233, 14217, 78.54
21STCENMGM, EQ, 15-Nov-2019,13.95,13.95,13.95,13.7, 13.95,13.95,13.94,37,0.01,16, 37, 100.00
3IINFOTECH, EQ, 15-Nov-2019,1.9,1.95,1.95,1.85, 1.95,1.9,1.9,1541420,29.25,643, 960638, 62.32
3MINDIA, EQ, 15-Nov-2019,22269.55,22300.0,22500.0,22070.05, 22250.00,22259.05,22353.88,1194,266.91,575, 690, 57.79
3PLAND, EQ, 15-Nov-2019,6.45,6.25,6.25,6.25, 6.25,6.25,6.25,525,0.03,3, 525, 100.00
5PAISA, EQ, 15-Nov-2019,155.3,154.95,161.3,151.3, 155.00,156.3,157.21,18202,28.62,596, 11746, 64.53
63MOONS, EQ, 15-Nov-2019,113.7,114.55,115.5,109.15, 109.95,110.35,111.93,152806,171.04,2370, 99167, 64.90
A2ZINFRA, EQ, 15-Nov-2019,9.8,8.65,9.55,8.65, 9.15,9.05,9.12,480512,43.84,916, 330008, 68.68
AARTIDRUGS, EQ, 15-Nov-2019,527.75,522.15,529.0,515.0, 526.50,525.1,523.15,12531,65.56,2513, 8522, 68.01
AARTIIND, EQ, 15-Nov-2019,799.0,808.0,818.0,801.0, 803.05,805.2,808.65,45710,369.64,2622, 27920, 61.08
AARVEEDEN, EQ, 15-Nov-2019,13.05,13.2,13.2,12.8, 13.10,12.9,13.01,6731,0.88,92, 4691, 69.69
AAVAS, EQ, 15-Nov-2019,1596.15,1615.0,1648.95,1600.0, 1617.80,1610.8,1621.15,119775,1941.74,2980, 102671, 85.72
ABB, EQ, 15-Nov-2019,1468.9,1471.9,1477.7,1455.3, 1472.00,1466.35,1466.15,52525,770.09,6663, 33334, 63.46
ABBOTINDIA, EQ, 15-Nov-2019,12043.25,12099.0,12450.0,12078.05, 12394.00,12365.0,12288.15,13691,1682.37,4431, 5582, 40.77
ABCAPITAL, EQ, 15-Nov-2019,80.25,80.0,82.7,79.5, 81.50,81.35,81.48,1748531,1424.66,13550, 671043, 38.38
ABFRL, EQ, 15-Nov-2019,208.0,209.3,215.0,205.65, 214.10,214.1,211.39,735422,1554.6,15182, 375890, 51.11
ABSLBANETF, EQ, 15-Nov-2019,324.9,320.0,320.0,309.2, 309.20,309.7,313.66,13,0.04,3, 13, 100.00
ACC, EQ, 15-Nov-2019,1486.9,1488.15,1505.85,1483.0, 1484.15,1485.55,1491.65,679292,10132.69,19148, 154098, 22.69
ACCELYA, EQ, 15-Nov-2019,1099.0,1100.5,1120.0,1053.0, 1081.00,1060.2,1081.62,11053,119.55,1432, 5612, 50.77
ACE, EQ, 15-Nov-2019,86.15,84.5,84.75,80.25, 83.50,83.25,83.05,131403,109.14,1277, 84238, 64.11
ADANIENT, EQ, 15-Nov-2019,202.3,202.0,205.0,200.8, 203.10,203.6,203.43,3314555,6742.76,19200, 460367, 13.89
ADANIGAS, EQ, 15-Nov-2019,147.4,147.5,147.85,146.05, 146.60,146.55,146.73,498918,732.08,2947, 315397, 63.22
ADANIGREEN, EQ, 15-Nov-2019,95.05,95.4,96.7,94.5, 95.85,95.5,95.64,1053101,1007.17,7830, 347713, 33.02
ADANIPORTS, EQ, 15-Nov-2019,369.1,369.1,370.9,365.5, 365.80,366.3,368.1,2362065,8694.79,42561, 1262202, 53.44
ADANIPOWER, EQ, 15-Nov-2019,61.8,61.6,62.3,60.5, 61.00,60.85,61.13,7044754,4306.26,19933, 1259640, 17.88
ADANITRANS, EQ, 15-Nov-2019,271.15,272.0,275.0,267.5, 268.00,268.95,270.38,156598,423.4,3789, 65072, 41.55
ADFFOODS, EQ, 15-Nov-2019,298.2,296.5,304.3,294.15, 301.90,302.35,300.89,74386,223.82,1280, 32515, 43.71
ADHUNIKIND, EQ, 15-Nov-2019,99.85,100.0,103.65,96.6, 101.00,99.45,98.6,64485,63.58,902, 38012, 58.95
ADORWELD, EQ, 15-Nov-2019,322.05,326.95,327.0,307.0, 307.20,309.6,313.21,16754,52.47,763, 9860, 58.85
ADROITINFO, EQ, 15-Nov-2019,9.75,10.2,10.2,9.3, 9.30,9.35,9.55,7611,0.73,19, 7411, 97.37
ADSL, EQ, 15-Nov-2019,17.3,17.3,18.5,15.75, 16.15,16.25,16.61,107291,17.82,683, 53422, 49.79
ADVANIHOTR, EQ, 15-Nov-2019,56.5,56.0,56.5,55.0, 55.20,55.2,55.67,2365,1.32,75, 1750, 74.00
ADVENZYMES, EQ, 15-Nov-2019,166.35,168.6,169.95,166.05, 167.00,166.8,167.7,49914,83.71,2139, 20451, 40.97
AEGISCHEM, EQ, 15-Nov-2019,179.2,177.0,179.75,170.3, 175.10,175.15,174.65,264683,462.28,6477, 131532, 49.69
AFFLE, EQ, 15-Nov-2019,1663.8,1677.0,1684.0,1620.0, 1640.10,1638.4,1650.7,206305,3405.48,16274, 58733, 28.47
AGARIND, EQ, 15-Nov-2019,114.2,119.0,119.55,112.0, 112.00,112.6,116.14,4604,5.35,58, 4386, 95.26
AGRITECH, EQ, 15-Nov-2019,44.5,44.5,44.85,41.5, 44.00,43.65,43.56,13007,5.67,311, 9747, 74.94
AGROPHOS, EQ, 15-Nov-2019,122.2,122.3,122.75,122.3, 122.75,122.6,122.53,376996,461.94,15911, 144212, 38.25
AHLEAST, EQ, 15-Nov-2019,178.25,180.0,182.95,172.0, 172.00,173.05,174.29,3994,6.96,175, 3556, 89.03
AHLUCONT, EQ, 15-Nov-2019,285.85,290.0,290.0,277.7, 278.00,278.45,280.3,4368,12.24,241, 3158, 72.30
AHLWEST, EQ, 15-Nov-2019,275.0,280.0,288.5,274.5, 274.50,274.95,278.49,1264,3.52,133, 708, 56.01
AIAENG, EQ, 15-Nov-2019,1641.8,1640.0,1655.0,1627.25, 1645.00,1647.25,1643.11,28737,472.18,3638, 22133, 77.02
AIONJSW, EQ, 15-Nov-2019,9.95,10.0,10.1,9.75, 9.90,9.85,9.91,32204,3.19,111, 24218, 75.20
AIRAN, EQ, 15-Nov-2019,10.9,11.4,11.4,10.75, 11.00,11.0,10.93,5230,0.57,57, 3264, 62.41
AJANTPHARM, EQ, 15-Nov-2019,975.55,969.95,979.0,966.95, 973.00,970.75,972.14,38426,373.55,2615, 12672, 32.98
AJMERA, EQ, 15-Nov-2019,123.1,121.25,124.8,121.0, 121.55,121.8,122.43,28297,34.64,1063, 10225, 36.13
AKASH, EQ, 15-Nov-2019,60.15,61.1,62.5,59.0, 62.45,62.45,61.25,2050,1.26,7, 0, 0.00
AKSHARCHEM, EQ, 15-Nov-2019,197.95,202.4,202.4,191.0, 193.85,194.1,195.26,6256,12.22,511, 3989, 63.76
AKSHOPTFBR, EQ, 15-Nov-2019,6.8,6.8,6.95,6.5, 6.55,6.55,6.64,380818,25.29,550, 226651, 59.52
AKZOINDIA, EQ, 15-Nov-2019,1930.15,1930.0,1945.45,1901.0, 1937.95,1930.7,1922.57,6796,130.66,1653, 3281, 48.28
ALANKIT, EQ, 15-Nov-2019,15.6,16.35,16.35,14.85, 14.85,14.85,15.15,71101,10.77,305, 57430, 80.77
ALBERTDAVD, EQ, 15-Nov-2019,414.8,441.25,479.0,422.2, 425.90,426.9,454.85,129341,588.31,5390, 61620, 47.64
ALBK, EQ, 15-Nov-2019,25.55,25.7,26.25,25.15, 25.50,25.6,25.8,1024135,264.24,3477, 283329, 27.67
ALEMBICLTD, EQ, 15-Nov-2019,54.8,55.5,55.55,51.6, 52.50,52.1,53.22,269569,143.46,5017, 151230, 56.10
ALICON, EQ, 15-Nov-2019,384.0,384.0,392.9,377.3, 377.50,377.5,383.79,910,3.49,385, 250, 27.47
ALKALI, EQ, 15-Nov-2019,43.0,42.2,43.5,41.3, 41.30,42.15,42.52,15681,6.67,239, 8140, 51.91
ALKEM, EQ, 15-Nov-2019,2021.25,2029.0,2075.0,2029.0, 2057.95,2058.25,2052.91,77156,1583.95,4156, 59085, 76.58
ALKYLAMINE, EQ, 15-Nov-2019,1019.55,1021.95,1030.0,1015.0, 1015.00,1015.7,1020.12,2781,28.37,348, 1753, 63.03
ALLCARGO, EQ, 15-Nov-2019,94.55,97.0,97.0,94.0, 95.00,94.75,95.67,96606,92.42,1928, 47619, 49.29
ALLSEC, EQ, 15-Nov-2019,283.15,276.6,285.05,276.6, 282.00,281.15,281.26,2423,6.81,121, 731, 30.17
ALMONDZ, EQ, 15-Nov-2019,9.25,9.7,9.7,9.7, 9.70,9.7,9.7,21,0.0,3, 21, 100.00
ALOKTEXT, EQ, 15-Nov-2019,1.95,2.0,2.0,2.0, 2.00,2.0,2.0,347898,6.96,164, 347898, 100.00
ALPA, EQ, 15-Nov-2019,16.95,17.0,17.0,15.65, 16.45,16.15,16.18,19308,3.12,133, 12662, 65.58
ALPHAGEO, EQ, 15-Nov-2019,169.7,168.0,172.5,164.1, 165.50,166.3,168.13,11866,19.95,405, 9278, 78.19
AMARAJABAT, EQ, 15-Nov-2019,748.3,750.0,754.2,742.0, 746.70,746.7,746.93,737320,5507.26,24134, 85821, 11.64
AMBER, EQ, 15-Nov-2019,978.2,986.0,994.15,972.0, 973.95,975.35,979.92,16609,162.75,1753, 7696, 46.34
AMBIKCO, EQ, 15-Nov-2019,889.65,895.0,896.95,882.2, 888.00,885.7,887.68,2717,24.12,326, 1842, 67.80
AMBUJACEM, EQ, 15-Nov-2019,200.55,200.3,202.25,199.0, 201.75,201.0,200.83,2190854,4399.8,22035, 931351, 42.51
AMDIND, EQ, 15-Nov-2019,16.9,17.5,17.5,16.3, 16.75,16.7,16.77,7151,1.2,67, 4203, 58.77
AMJLAND, EQ, 15-Nov-2019,18.55,18.35,19.2,18.25, 19.20,18.8,18.67,15893,2.97,103, 14581, 91.74
AMRUTANJAN, EQ, 15-Nov-2019,466.9,455.0,457.0,419.0, 425.00,423.1,434.44,99557,432.52,5353, 45245, 45.45
ANANTRAJ, EQ, 15-Nov-2019,33.0,34.4,35.35,33.8, 34.05,34.35,34.43,225790,77.75,1187, 161169, 71.38
ANDHRABANK, EQ, 15-Nov-2019,17.15,17.15,17.85,17.15, 17.25,17.25,17.44,925649,161.43,2505, 362043, 39.11
ANDHRSUGAR, EQ, 15-Nov-2019,298.3,298.0,300.25,285.5, 287.85,288.45,293.34,28896,84.76,1028, 21920, 75.86
ANSALAPI, EQ, 15-Nov-2019,5.3,5.05,5.25,5.05, 5.05,5.05,5.08,45129,2.29,124, 35446, 78.54
ANSALHSG, EQ, 15-Nov-2019,7.45,6.75,6.75,6.75, 6.75,6.75,6.75,22908,1.55,101, 22908, 100.00
ANUP, EQ, 15-Nov-2019,491.5,490.35,499.9,482.35, 491.00,489.4,489.57,16169,79.16,759, 12799, 79.16
APARINDS, EQ, 15-Nov-2019,493.25,497.65,502.1,485.0, 486.35,486.5,491.75,15239,74.94,1029, 10941, 71.80
APCL, EQ, 15-Nov-2019,157.15,153.4,156.4,149.0, 149.00,150.35,152.49,3806,5.8,164, 2488, 65.37
APCOTEXIND, EQ, 15-Nov-2019,162.35,161.0,162.7,160.1, 160.25,161.15,160.93,9477,15.25,296, 6563, 69.25
APEX, EQ, 15-Nov-2019,327.6,330.8,336.9,305.0, 315.00,313.5,321.32,482986,1551.94,11059, 129487, 26.81
APLAPOLLO, EQ, 15-Nov-2019,1493.1,1493.1,1520.0,1489.8, 1510.00,1510.95,1503.82,12123,182.31,1182, 8576, 70.74
APLLTD, EQ, 15-Nov-2019,565.25,565.95,569.95,555.75, 557.10,557.55,560.21,45291,253.72,1720, 36980, 81.65
APOLLO, EQ, 15-Nov-2019,77.5,75.25,80.0,70.35, 70.65,71.1,73.44,72321,53.11,1794, 46089, 63.73
APOLLOHOSP, EQ, 15-Nov-2019,1419.15,1437.45,1445.4,1380.0, 1396.00,1397.25,1410.26,1282545,18087.27,62965, 280352, 21.86
APOLLOPIPE, EQ, 15-Nov-2019,370.95,376.95,376.95,355.15, 358.80,356.9,361.46,8011,28.96,377, 5371, 67.05
APOLLOTYRE, EQ, 15-Nov-2019,162.7,164.0,169.6,163.85, 168.35,167.9,167.63,4085824,6848.88,34942, 620647, 15.19
APOLSINHOT, EQ, 15-Nov-2019,813.45,795.05,803.55,730.0, 735.00,739.5,755.42,1873,14.15,281, 1242, 66.31
APTECHT, EQ, 15-Nov-2019,162.6,163.9,165.7,158.1, 158.65,158.95,161.24,135618,218.66,2959, 51296, 37.82
ARCHIDPLY, EQ, 15-Nov-2019,28.05,27.8,28.3,25.85, 26.95,27.05,27.25,14044,3.83,292, 7437, 52.95
ARIES, EQ, 15-Nov-2019,68.35,68.9,69.9,68.35, 69.80,69.2,69.16,45095,31.19,781, 28217, 62.57
ARIHANT, EQ, 15-Nov-2019,31.9,31.0,32.4,28.75, 29.25,29.1,29.99,25464,7.64,309, 15812, 62.10
ARMANFIN, EQ, 15-Nov-2019,557.55,575.0,575.0,550.0, 559.95,560.75,558.05,2791,15.58,476, 1457, 52.20
AROGRANITE, EQ, 15-Nov-2019,38.4,38.05,40.0,37.65, 39.00,38.7,38.27,5109,1.96,111, 2991, 58.54
ARROWGREEN, EQ, 15-Nov-2019,54.8,52.1,57.3,52.1, 55.55,55.4,54.84,10492,5.75,252, 6950, 66.24
ARROWTEX, EQ, 15-Nov-2019,10.1,10.1,10.25,9.7, 9.90,9.9,9.91,11259,1.12,66, 7359, 65.36
ARSHIYA, EQ, 15-Nov-2019,17.4,17.4,17.8,16.6, 17.00,16.85,17.06,26975,4.6,144, 23776, 88.14
ARSSINFRA, EQ, 15-Nov-2019,24.75,25.7,25.7,23.65, 23.65,23.75,23.97,8251,1.98,301, 6067, 73.53
ARVIND, EQ, 15-Nov-2019,49.85,49.85,50.8,49.0, 49.00,49.15,49.69,690687,343.19,9502, 241851, 35.02
ARVINDFASN, EQ, 15-Nov-2019,385.9,385.05,386.95,358.75, 365.50,365.5,369.56,54823,202.6,3079, 37288, 68.02
ARVSMART, EQ, 15-Nov-2019,97.1,96.05,98.5,93.2, 95.00,94.35,95.11,6172,5.87,470, 4150, 67.24
ASAHIINDIA, EQ, 15-Nov-2019,195.15,196.7,202.05,195.35, 200.25,201.5,199.67,59112,118.03,673, 46131, 78.04
ASAHISONG, EQ, 15-Nov-2019,147.9,150.0,150.0,141.2, 144.00,143.55,144.4,3979,5.75,426, 3140, 78.91
ASAL, EQ, 15-Nov-2019,31.4,32.5,32.9,32.0, 32.00,32.0,32.34,3195,1.03,37, 2484, 77.75
ASHIANA, EQ, 15-Nov-2019,97.9,101.0,101.0,95.6, 98.40,97.95,97.39,41441,40.36,715, 31248, 75.40
ASHIMASYN, EQ, 15-Nov-2019,7.2,7.25,7.4,7.1, 7.25,7.25,7.28,27245,1.98,54, 26598, 97.63
ASHOKA, EQ, 15-Nov-2019,96.05,97.8,97.8,93.1, 94.50,94.4,94.67,430604,407.65,9598, 235051, 54.59
ASHOKLEY, EQ, 15-Nov-2019,79.0,82.9,83.4,78.9, 80.00,79.5,80.76,46353490,37432.94,140438, 9073921, 19.58
ASIANHOTNR, EQ, 15-Nov-2019,95.95,91.6,101.9,91.6, 95.10,95.1,97.95,438,0.43,119, 39, 8.90
ASIANPAINT, EQ, 15-Nov-2019,1771.85,1780.85,1784.0,1756.3, 1760.00,1760.7,1769.85,729613,12913.05,34367, 394186, 54.03
ASIANTILES, EQ, 15-Nov-2019,230.35,234.0,234.0,226.25, 229.40,227.25,229.09,88361,202.43,2307, 70464, 79.75
ASPINWALL, EQ, 15-Nov-2019,140.0,139.95,150.0,137.0, 137.00,137.15,145.64,2121,3.09,94, 1331, 62.75
ASTEC, EQ, 15-Nov-2019,368.1,370.15,375.5,365.0, 368.50,369.05,370.28,3595,13.31,255, 2502, 69.60
ASTERDM, EQ, 15-Nov-2019,152.85,153.6,157.6,142.45, 147.35,149.2,150.82,409256,617.24,14563, 262044, 64.03
ASTRAL, EQ, 15-Nov-2019,1085.55,1082.0,1097.55,1082.0, 1090.00,1087.5,1088.36,74733,813.36,2528, 63830, 85.41
ASTRAMICRO, EQ, 15-Nov-2019,78.85,78.5,80.25,76.0, 76.25,76.45,77.46,97329,75.39,1084, 77856, 79.99
ASTRAZEN, EQ, 15-Nov-2019,2648.8,2647.7,2689.0,2600.0, 2629.85,2622.85,2609.7,96947,2530.03,3858, 83073, 85.69
ASTRON, EQ, 15-Nov-2019,40.65,42.05,42.05,38.65, 38.75,38.8,39.32,534214,210.06,2183, 377116, 70.59
ATFL, EQ, 15-Nov-2019,584.65,583.1,590.0,562.0, 563.00,566.25,570.83,11440,65.3,919, 5628, 49.20
ATUL, EQ, 15-Nov-2019,3976.75,3997.0,4075.4,3974.05, 4020.00,4041.7,4020.24,24569,987.73,1452, 20151, 82.02
ATULAUTO, EQ, 15-Nov-2019,220.15,222.5,224.95,220.0, 223.00,221.55,221.99,11402,25.31,471, 6868, 60.24
AUBANK, EQ, 15-Nov-2019,836.05,820.0,826.7,787.7, 803.10,800.8,804.29,833257,6701.77,31242, 212776, 25.54
AURIONPRO, EQ, 15-Nov-2019,74.85,73.7,78.0,73.65, 77.20,77.15,76.83,5835,4.48,113, 4240, 72.66
AUROPHARMA, EQ, 15-Nov-2019,395.8,402.0,415.95,396.25, 410.20,410.25,406.45,8952221,36385.97,126229, 1434349, 16.02
AUSOMENT, EQ, 15-Nov-2019,27.85,33.0,33.4,27.4, 33.40,33.4,32.92,11466,3.78,94, 11002, 95.95
AUTOAXLES, EQ, 15-Nov-2019,800.55,803.0,839.9,803.0, 811.00,814.15,820.08,31401,257.51,2561, 16266, 51.80
AUTOIND, EQ, 15-Nov-2019,24.0,23.3,25.6,23.3, 25.10,25.1,24.79,45192,11.2,167, 35130, 77.73
AUTOLITIND, EQ, 15-Nov-2019,20.75,20.35,21.5,20.0, 20.80,20.8,20.61,2902,0.6,51, 2886, 99.45
AVADHSUGAR, EQ, 15-Nov-2019,252.75,253.0,253.65,242.25, 245.00,246.6,247.14,83075,205.31,1937, 43398, 52.24
AVANTIFEED, EQ, 15-Nov-2019,530.8,534.1,545.95,526.6, 542.00,539.55,537.85,859008,4620.14,30429, 230164, 26.79
AVTNPL, EQ, 15-Nov-2019,28.65,29.0,29.45,27.7, 29.00,28.8,28.7,68488,19.66,553, 41247, 60.23
AXISBANK, EQ, 15-Nov-2019,715.9,716.75,723.5,710.6, 716.20,716.9,716.16,9315652,66715.25,116585, 4218488, 45.28
AXISCADES, EQ, 15-Nov-2019,71.6,70.9,72.9,68.0, 68.50,69.8,71.03,150387,106.83,1283, 74228, 49.36
AXISGOLD, EQ, 15-Nov-2019,3366.55,3364.95,3365.0,3330.65, 3335.50,3335.7,3349.13,135,4.52,54, 83, 61.48
AXISNIFTY, EQ, 15-Nov-2019,1228.73,1234.65,1234.66,1230.0, 1230.00,1230.0,1232.07,18,0.22,6, 10, 55.56
AYMSYNTEX, EQ, 15-Nov-2019,30.5,30.5,31.5,30.5, 30.55,31.0,31.04,4466,1.39,36, 3745, 83.86
BAGFILMS, EQ, 15-Nov-2019,2.2,2.1,2.1,2.1, 2.10,2.1,2.1,35325,0.74,93, 35325, 100.00
BAJAJ-AUTO, EQ, 15-Nov-2019,3233.3,3240.0,3252.45,3200.0, 3204.10,3215.35,3232.38,311463,10067.66,16707, 120550, 38.70
BAJAJCON, EQ, 15-Nov-2019,241.3,242.9,247.0,240.5, 241.30,241.55,243.71,184208,448.94,5633, 112479, 61.06
BAJAJELEC, EQ, 15-Nov-2019,321.65,321.6,329.4,321.6, 326.30,326.5,326.59,106108,346.54,4700, 42698, 40.24
BAJAJFINSV, EQ, 15-Nov-2019,9061.85,9070.2,9140.0,9033.6, 9057.90,9057.85,9095.92,295919,26916.56,29859, 91036, 30.76
BAJAJHIND, EQ, 15-Nov-2019,6.6,6.7,7.05,6.35, 6.80,6.85,6.72,2359881,158.54,2645, 1142896, 48.43
BAJAJHLDNG, EQ, 15-Nov-2019,3716.25,3724.8,3738.8,3706.5, 3728.00,3720.05,3722.73,9304,346.36,1736, 6650, 71.47
BAJFINANCE, EQ, 15-Nov-2019,4210.55,4220.2,4247.25,4175.55, 4190.65,4187.6,4214.33,1193171,50284.14,61204, 425010, 35.62
BALAJITELE, EQ, 15-Nov-2019,59.65,59.7,60.05,56.75, 58.15,58.35,58.66,68052,39.92,741, 46083, 67.72
BALAMINES, EQ, 15-Nov-2019,357.75,358.85,363.85,344.0, 345.00,345.9,351.17,20256,71.13,1277, 12286, 60.65
BALAXI, EQ, 15-Nov-2019,78.0,75.0,75.0,74.1, 74.10,74.1,74.14,110,0.08,4, 110, 100.00
BALKRISIND, EQ, 15-Nov-2019,822.6,814.55,880.0,812.0, 860.05,862.95,858.42,2486380,21343.7,52424, 107152, 4.31
BALLARPUR, EQ, 15-Nov-2019,0.55,0.5,0.55,0.5, 0.55,0.5,0.51,1355137,6.86,434, 843074, 62.21
BALMLAWRIE, EQ, 15-Nov-2019,189.8,191.0,192.9,188.0, 190.50,190.45,190.17,86844,165.15,2224, 44992, 51.81
BALPHARMA, EQ, 15-Nov-2019,45.35,43.35,44.4,43.3, 43.30,43.55,43.56,8736,3.81,161, 5397, 61.78
BALRAMCHIN, EQ, 15-Nov-2019,146.75,147.0,149.85,146.35, 147.70,147.7,148.33,381578,566.01,4730, 160229, 41.99
BANARBEADS, EQ, 15-Nov-2019,31.1,32.45,32.45,30.8, 32.20,32.2,31.42,174,0.05,7, 137, 78.74
BANARISUG, EQ, 15-Nov-2019,1165.35,1160.0,1210.0,1145.95, 1207.00,1207.9,1168.87,1407,16.45,167, 1247, 88.63
BANCOINDIA, EQ, 15-Nov-2019,99.05,100.5,102.4,98.0, 99.60,99.65,101.06,61083,61.73,1580, 48589, 79.55
BANDHANBNK, EQ, 15-Nov-2019,557.55,560.75,569.0,556.2, 560.00,559.95,560.83,1634098,9164.48,41469, 1044781, 63.94
BANG, EQ, 15-Nov-2019,17.35,17.2,17.5,17.0, 17.00,17.0,17.28,4650,0.8,437, 288, 6.19
BANKBARODA, EQ, 15-Nov-2019,93.3,93.65,96.55,93.65, 94.30,94.3,95.11,34167904,32497.35,80096, 3018363, 8.83
BANKBEES, EQ, 15-Nov-2019,3132.8,3144.11,3179.33,3142.6, 3162.98,3171.51,3169.51,20577,652.19,888, 11051, 53.71
BANKINDIA, EQ, 15-Nov-2019,66.25,66.6,71.25,66.6, 69.50,69.35,69.74,19836274,13832.85,44589, 1774902, 8.95
BANSWRAS, EQ, 15-Nov-2019,89.1,91.75,101.85,86.4, 94.45,94.15,93.86,124516,116.87,2131, 50905, 40.88
BASF, EQ, 15-Nov-2019,964.05,965.0,974.7,943.0, 945.00,946.45,956.04,14362,137.31,1160, 9501, 66.15
BASML, EQ, 15-Nov-2019,133.2,131.55,132.0,121.05, 121.30,127.4,129.05,3204,4.13,59, 2677, 83.55
BATAINDIA, EQ, 15-Nov-2019,1711.15,1713.0,1743.85,1708.0, 1734.00,1731.4,1729.78,612436,10593.79,24851, 87102, 14.22
BAYERCROP, EQ, 15-Nov-2019,3320.7,3320.0,3445.0,3303.0, 3360.00,3366.45,3379.93,5650,190.97,1538, 2555, 45.22
BBL, EQ, 15-Nov-2019,858.8,858.95,869.95,848.0, 850.00,849.35,853.02,4887,41.69,329, 3937, 80.56
BBTC, EQ, 15-Nov-2019,1192.45,1182.0,1209.95,1165.0, 1170.00,1174.8,1190.55,87782,1045.09,5004, 23541, 26.82
BCG, EQ, 15-Nov-2019,3.25,3.1,3.25,2.95, 2.95,2.95,3.01,568403,17.08,284, 505760, 88.98
BCP, EQ, 15-Nov-2019,9.0,9.15,9.15,9.15, 9.15,9.15,9.15,12348,1.13,26, 12346, 99.98
BDL, EQ, 15-Nov-2019,339.05,341.7,343.95,332.3, 333.20,333.55,337.48,35220,118.86,2099, 17724, 50.32
BEARDSELL, EQ, 15-Nov-2019,10.55,10.55,10.55,9.5, 10.00,10.0,9.97,8404,0.84,107, 6968, 82.91
BEDMUTHA, EQ, 15-Nov-2019,12.25,12.25,12.25,11.95, 12.25,12.25,12.01,1949,0.23,17, 1949, 100.00
BEL, EQ, 15-Nov-2019,109.3,109.7,112.35,109.6, 111.00,111.25,111.11,5362733,5958.36,29727, 1944655, 36.26
BEML, EQ, 15-Nov-2019,949.6,952.9,974.9,946.55, 948.00,952.4,960.46,526593,5057.71,15543, 52424, 9.96
BEPL, EQ, 15-Nov-2019,48.7,49.8,50.4,48.2, 48.60,48.45,49.07,266778,130.9,1567, 143766, 53.89
BERGEPAINT, EQ, 15-Nov-2019,482.0,484.25,489.6,482.55, 487.00,487.3,487.73,1184307,5776.21,43029, 667414, 56.35
BFINVEST, EQ, 15-Nov-2019,320.3,315.0,324.8,310.25, 313.15,315.35,318.32,64220,204.43,2300, 22955, 35.74
BFUTILITIE, EQ, 15-Nov-2019,285.15,282.0,283.8,270.9, 271.00,272.65,275.99,143772,396.8,3323, 78303, 54.46
BGRENERGY, EQ, 15-Nov-2019,30.7,31.8,31.8,29.3, 30.00,29.95,30.14,53979,16.27,737, 32191, 59.64
BHAGERIA, EQ, 15-Nov-2019,103.15,104.75,105.0,98.55, 98.55,99.95,101.28,37533,38.01,1243, 31387, 83.63
BHAGYANGR, EQ, 15-Nov-2019,19.0,18.75,19.0,18.3, 19.00,18.95,18.8,7332,1.38,79, 5401, 73.66
BHAGYAPROP, EQ, 15-Nov-2019,19.75,20.0,20.0,19.55, 19.60,19.65,19.64,410,0.08,5, 410, 100.00
BHANDARI, EQ, 15-Nov-2019,1.15,1.2,1.2,1.1, 1.20,1.2,1.12,190999,2.15,107, 140393, 73.50
BHARATFORG, EQ, 15-Nov-2019,436.45,438.4,443.2,428.6, 439.00,439.8,436.03,2804725,12229.56,39038, 937173, 33.41
BHARATGEAR, EQ, 15-Nov-2019,75.45,77.95,79.75,74.95, 75.75,75.25,76.16,12287,9.36,371, 8745, 71.17
BHARATRAS, EQ, 15-Nov-2019,6599.05,6830.0,7020.0,6501.0, 6560.00,6567.65,6763.63,6294,425.7,1737, 3389, 53.84
BHARATWIRE, EQ, 15-Nov-2019,30.15,32.9,32.9,29.75, 30.10,30.0,30.1,9512,2.86,98, 6351, 66.77
BHARTIARTL, EQ, 15-Nov-2019,362.5,357.85,398.5,357.25, 396.00,393.05,384.9,55174490,212367.61,431042, 10115442, 18.33
BHEL, EQ, 15-Nov-2019,53.85,54.0,54.9,53.75, 54.20,54.2,54.23,10858135,5888.78,24990, 2506559, 23.08
BIGBLOC, EQ, 15-Nov-2019,24.75,24.7,25.0,23.5, 24.55,24.55,24.38,1343,0.33,27, 785, 58.45
BIL, EQ, 15-Nov-2019,163.0,168.9,170.75,158.0, 166.85,164.35,165.03,5788,9.55,160, 1165, 20.13
BINDALAGRO, EQ, 15-Nov-2019,10.25,10.4,10.75,9.7, 10.05,10.05,10.22,11318,1.16,102, 6576, 58.10
BIOCON, EQ, 15-Nov-2019,254.7,255.0,262.0,253.1, 257.30,257.25,257.67,1929705,4972.19,17943, 370462, 19.20
BIRLACABLE, EQ, 15-Nov-2019,63.4,61.0,66.55,60.7, 65.90,66.15,65.44,337071,220.56,3322, 106744, 31.67
BIRLACORPN, EQ, 15-Nov-2019,657.3,658.5,658.5,640.0, 645.10,645.3,647.2,49905,322.99,2865, 26914, 53.93
BIRLAMONEY, EQ, 15-Nov-2019,33.2,33.1,33.5,32.6, 32.75,32.9,33.03,53655,17.72,752, 30231, 56.34
BKMINDST, EQ, 15-Nov-2019,0.7,0.65,0.7,0.65, 0.70,0.7,0.69,60761,0.42,34, 56049, 92.25
BLBLIMITED, EQ, 15-Nov-2019,3.8,3.5,3.7,3.45, 3.60,3.5,3.55,5124,0.18,24, 4185, 81.67
BLISSGVS, EQ, 15-Nov-2019,137.55,138.85,140.9,136.8, 139.00,139.15,139.52,302951,422.66,2035, 180839, 59.69
BLKASHYAP, EQ, 15-Nov-2019,9.85,9.75,9.75,9.4, 9.40,9.4,9.43,24787,2.34,58, 18976, 76.56
BLS, EQ, 15-Nov-2019,64.4,65.95,65.95,57.5, 63.00,60.4,59.87,301561,180.55,1959, 207163, 68.70
BLUEDART, EQ, 15-Nov-2019,2173.1,2174.0,2199.0,2140.0, 2163.55,2151.9,2158.09,3021,65.2,615, 2069, 68.49
BLUESTARCO, EQ, 15-Nov-2019,798.15,802.0,825.0,790.0, 815.00,810.75,805.59,341944,2754.68,6786, 304588, 89.08
BODALCHEM, EQ, 15-Nov-2019,68.3,67.0,68.1,65.5, 67.00,66.9,66.8,158540,105.9,2128, 99826, 62.97
BOMDYEING, EQ, 15-Nov-2019,80.75,81.0,82.5,78.25, 78.90,79.0,79.8,1686176,1345.61,10366, 550136, 32.63
BOROSIL, EQ, 15-Nov-2019,192.6,193.1,195.5,187.4, 194.50,193.55,192.34,97828,188.16,2159, 50412, 51.53
BOSCHLTD, EQ, 15-Nov-2019,15195.95,15290.0,15385.95,14925.05, 15006.00,15048.65,15113.25,23230,3510.81,3643, 13438, 57.85
BPCL, EQ, 15-Nov-2019,514.65,513.95,513.95,504.0, 505.05,506.55,508.61,4165497,21186.26,52720, 1363066, 32.72
BPL, EQ, 15-Nov-2019,19.35,19.05,20.0,19.05, 19.15,19.2,19.52,62937,12.29,436, 40331, 64.08
BRIGADE, EQ, 15-Nov-2019,206.65,208.8,216.0,206.65, 213.50,213.55,210.99,138200,291.59,3769, 80550, 58.29
BRITANNIA, EQ, 15-Nov-2019,3230.8,3230.2,3260.0,3185.15, 3203.00,3195.55,3219.62,261412,8416.46,16380, 72311, 27.66
BRNL, EQ, 15-Nov-2019,60.7,60.0,62.95,60.0, 60.50,60.75,61.08,11137,6.8,1575, 801, 7.19
BROOKS, EQ, 15-Nov-2019,31.0,30.95,33.35,30.9, 31.50,31.6,32.32,25293,8.18,558, 14519, 57.40
BSE, EQ, 15-Nov-2019,503.95,505.0,508.95,495.65, 496.60,497.6,501.11,91248,457.25,6246, 67235, 73.68
BSL, EQ, 15-Nov-2019,30.25,31.65,31.65,28.75, 28.75,28.75,29.41,20855,6.13,186, 9359, 44.88
BSLGOLDETF, EQ, 15-Nov-2019,3530.0,3562.0,3562.0,3459.6, 3500.00,3500.0,3494.77,182,6.36,38, 89, 48.90
BSLNIFTY, EQ, 15-Nov-2019,129.35,130.26,130.35,129.86, 129.86,129.86,130.06,130,0.17,7, 80, 61.54
BSOFT, EQ, 15-Nov-2019,67.3,68.15,68.15,65.55, 65.65,65.95,66.64,213573,142.33,2847, 105716, 49.50
BUTTERFLY, EQ, 15-Nov-2019,190.2,191.8,192.0,186.7, 189.10,189.8,189.88,34383,65.29,968, 25358, 73.75
BYKE, EQ, 15-Nov-2019,19.35,19.4,19.8,18.5, 19.50,19.45,19.22,21138,4.06,295, 14331, 67.80
CADILAHC, EQ, 15-Nov-2019,234.25,234.85,237.3,230.7, 234.50,234.5,234.59,947260,2222.2,11585, 146491, 15.46
CAMLINFINE, EQ, 15-Nov-2019,59.15,59.1,61.1,59.0, 59.45,59.8,59.52,164084,97.66,1062, 100967, 61.53
CANBK, EQ, 15-Nov-2019,200.1,203.5,214.4,202.55, 206.00,205.2,208.7,21438479,44741.34,102626, 1064717, 4.97
CANFINHOME, EQ, 15-Nov-2019,378.6,379.95,389.0,378.05, 385.20,385.1,384.77,186620,718.05,6627, 69610, 37.30
CANTABIL, EQ, 15-Nov-2019,217.55,218.25,222.0,213.8, 222.00,220.05,218.83,28635,62.66,585, 15167, 52.97
CAPACITE, EQ, 15-Nov-2019,203.55,200.0,202.9,195.1, 196.40,196.75,198.94,30026,59.73,1490, 18375, 61.20
CAPLIPOINT, EQ, 15-Nov-2019,379.35,380.0,382.65,368.5, 369.10,370.1,373.08,55370,206.57,3189, 33424, 60.36
CARBORUNIV, EQ, 15-Nov-2019,310.25,310.9,312.9,308.25, 312.00,310.5,310.44,14835,46.05,353, 9691, 65.33
CAREERP, EQ, 15-Nov-2019,116.35,114.1,129.75,114.1, 125.00,126.7,123.81,61243,75.83,1036, 40263, 65.74
CARERATING, EQ, 15-Nov-2019,508.75,506.0,510.0,500.3, 503.95,503.95,504.61,96824,488.59,6796, 78930, 81.52
CASTROLIND, EQ, 15-Nov-2019,144.75,144.75,147.35,144.15, 144.80,144.9,145.64,852931,1242.24,6609, 169301, 19.85
CCHHL, EQ, 15-Nov-2019,3.45,3.5,3.55,3.3, 3.45,3.5,3.43,47634,1.63,64, 39696, 83.34
CCL, EQ, 15-Nov-2019,204.9,206.5,207.65,203.0, 204.00,203.85,204.24,97489,199.11,3572, 83274, 85.42
CDSL, EQ, 15-Nov-2019,223.05,223.1,228.0,221.0, 221.45,221.6,223.39,199320,445.27,4852, 105494, 52.93
CEATLTD, EQ, 15-Nov-2019,959.6,971.0,978.45,955.0, 958.00,958.7,967.27,60024,580.6,2613, 12266, 20.44
CEBBCO, EQ, 15-Nov-2019,12.85,14.1,15.4,13.95, 15.40,15.4,15.1,472109,71.3,2076, 182749, 38.71
CELEBRITY, EQ, 15-Nov-2019,6.45,6.75,6.75,6.75, 6.75,6.75,6.75,15928,1.08,21, 10823, 67.95
CENTENKA, EQ, 15-Nov-2019,183.35,183.85,184.05,179.5, 180.00,180.4,180.47,11432,20.63,375, 8462, 74.02
CENTEXT, EQ, 15-Nov-2019,2.75,2.85,2.85,2.7, 2.75,2.75,2.76,23453,0.65,67, 15724, 67.04
CENTRALBK, EQ, 15-Nov-2019,19.35,19.35,21.5,19.1, 21.10,21.0,20.94,1843396,385.95,5990, 579590, 31.44
CENTRUM, EQ, 15-Nov-2019,21.2,21.8,22.0,19.8, 21.40,21.75,21.26,726025,154.38,2013, 279474, 38.49
CENTUM, EQ, 15-Nov-2019,380.75,380.05,393.5,380.0, 380.00,385.75,387.01,935,3.62,78, 590, 63.10
CENTURYPLY, EQ, 15-Nov-2019,177.95,178.0,181.75,174.0, 175.95,175.0,178.6,561499,1002.83,13712, 259445, 46.21
CENTURYTEX, EQ, 15-Nov-2019,405.35,407.05,419.9,407.05, 417.00,416.05,414.49,1476606,6120.36,22880, 362029, 24.52
CERA, EQ, 15-Nov-2019,2440.15,2425.0,2527.0,2425.0, 2503.00,2489.7,2466.59,4924,121.45,833, 2984, 60.60
CEREBRAINT, EQ, 15-Nov-2019,19.25,20.4,21.85,19.45, 20.85,21.6,21.01,1516639,318.59,2421, 1246581, 82.19
CESC, EQ, 15-Nov-2019,759.15,759.0,769.9,748.0, 750.05,755.75,758.47,345704,2622.06,14295, 104524, 30.24
CESCVENT, EQ, 15-Nov-2019,306.7,304.75,313.75,300.6, 308.70,307.2,307.79,16950,52.17,991, 13221, 78.00
CGCL, EQ, 15-Nov-2019,191.5,188.55,199.0,187.1, 197.50,197.7,191.76,345044,661.65,7395, 46866, 13.58
CGPOWER, EQ, 15-Nov-2019,16.15,16.5,16.5,15.35, 15.50,15.45,15.72,916964,144.12,4004, 747168, 81.48
CHALET, EQ, 15-Nov-2019,342.6,349.65,349.85,326.4, 338.00,338.0,337.92,66125,223.45,5055, 53656, 81.14
CHAMBLFERT, EQ, 15-Nov-2019,160.6,161.7,163.0,154.15, 156.00,155.75,157.02,1165641,1830.25,16893, 544589, 46.72
CHEMFAB, EQ, 15-Nov-2019,168.55,174.0,174.0,168.3, 169.15,169.7,168.92,1669,2.82,48, 1493, 89.45
CHENNPETRO, EQ, 15-Nov-2019,141.1,140.5,143.35,139.15, 139.75,140.4,141.6,205104,290.43,2790, 149905, 73.09
CHOLAFIN, EQ, 15-Nov-2019,308.95,310.85,330.9,309.1, 330.85,329.15,322.29,5294094,17062.52,65917, 2314189, 43.71
CHOLAHLDNG, EQ, 15-Nov-2019,470.15,475.1,480.0,465.85, 476.45,478.8,475.41,13068,62.13,1419, 7693, 58.87
CIGNITITEC, EQ, 15-Nov-2019,308.8,312.0,314.5,305.05, 311.80,310.05,310.64,69392,215.56,1080, 49874, 71.87
CIMMCO, EQ, 15-Nov-2019,20.25,19.25,21.45,19.25, 20.60,20.5,20.69,28019,5.8,352, 10634, 37.95
CINELINE, EQ, 15-Nov-2019,34.3,33.7,34.5,31.55, 32.30,32.2,32.87,10257,3.37,157, 6925, 67.51
CIPLA, EQ, 15-Nov-2019,451.4,448.0,468.05,435.4, 462.20,463.25,451.09,10693852,48238.63,139803, 3740608, 34.98
CLEDUCATE, EQ, 15-Nov-2019,74.85,74.75,78.9,73.0, 77.00,77.0,76.65,7463,5.72,223, 4916, 65.87
CLNINDIA, EQ, 15-Nov-2019,308.55,309.1,310.7,303.6, 306.00,306.7,307.26,32749,100.63,852, 25621, 78.23
CMICABLES, EQ, 15-Nov-2019,65.95,63.15,63.15,62.7, 62.70,62.7,62.75,4739,2.97,65, 4673, 98.61
CNOVAPETRO, EQ, 15-Nov-2019,8.5,8.15,9.0,8.15, 8.20,8.2,8.3,2819,0.23,21, 1506, 53.42
COALINDIA, EQ, 15-Nov-2019,202.35,202.95,204.5,200.5, 200.95,201.15,202.13,4544919,9186.85,35523, 1804586, 39.71
COCHINSHIP, EQ, 15-Nov-2019,406.5,409.4,410.7,402.0, 404.00,403.65,404.55,62894,254.44,1953, 35032, 55.70
COFFEEDAY, EQ, 15-Nov-2019,43.55,45.7,45.7,45.7, 45.70,45.7,45.7,521828,238.48,887, 468847, 89.85
COLPAL, EQ, 15-Nov-2019,1547.2,1550.0,1589.95,1538.05, 1570.00,1578.9,1564.28,806638,12618.09,39748, 436470, 54.11
COMPINFO, EQ, 15-Nov-2019,8.6,9.25,10.3,8.0, 9.60,9.7,9.84,473960,46.63,1376, 207064, 43.69
COMPUSOFT, EQ, 15-Nov-2019,7.4,7.45,8.2,7.45, 7.80,7.75,7.69,58674,4.51,205, 46258, 78.84
CONCOR, EQ, 15-Nov-2019,575.4,576.1,581.7,568.25, 570.35,570.7,574.65,1025774,5894.6,18295, 586393, 57.17
CONFIPET, EQ, 15-Nov-2019,28.8,28.05,28.05,26.7, 26.80,26.9,27.21,280117,76.21,1706, 154990, 55.33
CONSOFINVT, EQ, 15-Nov-2019,38.0,37.0,38.9,37.0, 37.00,37.05,37.0,1431,0.53,14, 1430, 99.93
CONTROLPR, EQ, 15-Nov-2019,253.5,253.05,253.05,230.2, 234.95,235.65,244.57,23860,58.35,943, 14878, 62.36
CORALFINAC, EQ, 15-Nov-2019,10.9,10.8,11.5,10.55, 11.05,11.05,10.8,8523,0.92,67, 6279, 73.67
CORDSCABLE, EQ, 15-Nov-2019,42.1,43.0,45.0,41.45, 44.40,44.25,43.91,30988,13.61,864, 12886, 41.58
COROMANDEL, EQ, 15-Nov-2019,476.05,473.15,480.0,472.95, 479.90,476.55,476.12,55004,261.89,3707, 31841, 57.89
CORPBANK, EQ, 15-Nov-2019,15.75,16.8,18.9,16.2, 18.45,18.4,18.03,6593156,1188.9,15577, 1368697, 20.76
COSMOFILMS, EQ, 15-Nov-2019,234.05,239.85,239.85,225.1, 227.75,227.05,229.74,32897,75.58,865, 23999, 72.95
COUNCODOS, EQ, 15-Nov-2019,1.7,1.75,1.75,1.7, 1.70,1.7,1.74,5791,0.1,17, 4415, 76.24
COX&KINGS, EQ, 15-Nov-2019,1.6,1.55,1.55,1.55, 1.55,1.55,1.55,491857,7.62,512, 491857, 100.00
CPSEETF, EQ, 15-Nov-2019,24.01,24.02,24.06,23.82, 23.88,23.85,23.91,1468336,351.04,85245, 1039678, 70.81
CREATIVE, EQ, 15-Nov-2019,70.25,70.9,74.0,70.0, 71.00,71.1,71.59,21327,15.27,65, 14262, 66.87
CREDITACC, EQ, 15-Nov-2019,732.4,740.0,786.8,729.05, 771.60,773.15,764.19,258666,1976.69,13879, 130499, 50.45
CREST, EQ, 15-Nov-2019,95.25,94.75,99.5,92.0, 92.20,92.4,93.89,4281,4.02,131, 2867, 66.97
CRISIL, EQ, 15-Nov-2019,1422.45,1430.0,1490.7,1410.05, 1490.70,1481.1,1459.52,20768,303.11,3083, 13105, 63.10
CROMPTON, EQ, 15-Nov-2019,260.25,259.0,262.75,258.85, 260.00,260.05,260.06,926521,2409.47,5699, 843251, 91.01
CTE, EQ, 15-Nov-2019,28.0,27.1,28.95,27.1, 28.00,27.95,27.57,4738,1.31,91, 3458, 72.98
CUB, EQ, 15-Nov-2019,206.55,207.8,212.2,207.8, 211.40,211.25,210.79,874010,1842.34,17102, 595013, 68.08
CUBEXTUB, EQ, 15-Nov-2019,12.4,11.85,13.0,11.8, 12.65,12.65,12.02,3960,0.48,26, 2912, 73.54
CUMMINSIND, EQ, 15-Nov-2019,560.4,560.4,568.2,556.55, 562.10,563.6,563.2,224680,1265.39,8133, 56600, 25.19
CUPID, EQ, 15-Nov-2019,201.85,207.7,212.0,200.25, 202.05,202.0,205.49,93791,192.73,2694, 42085, 44.87
CYBERTECH, EQ, 15-Nov-2019,49.0,50.7,51.55,49.15, 49.60,49.85,50.6,23866,12.08,492, 11636, 48.76
CYIENT, EQ, 15-Nov-2019,399.7,401.95,401.95,395.0, 399.50,397.1,398.61,114548,456.6,10143, 79919, 69.77
DAAWAT, EQ, 15-Nov-2019,24.1,24.05,24.35,23.65, 24.00,24.05,24.0,415140,99.62,1775, 224464, 54.07
DABUR, EQ, 15-Nov-2019,462.55,464.5,466.6,460.05, 461.00,461.7,463.0,594085,2750.61,14392, 186451, 31.38
DALBHARAT, EQ, 15-Nov-2019,829.85,830.0,838.5,827.7, 833.00,829.8,833.23,81794,681.53,4038, 58591, 71.63
DALMIASUG, EQ, 15-Nov-2019,89.75,89.5,90.8,89.3, 90.00,90.05,89.91,48246,43.38,677, 29182, 60.49
DAMODARIND, EQ, 15-Nov-2019,26.0,28.7,28.7,25.55, 27.50,27.5,28.13,1550,0.44,15, 1457, 94.00
DATAMATICS, EQ, 15-Nov-2019,73.05,73.5,73.8,72.65, 73.40,73.45,73.2,20219,14.8,250, 17823, 88.15
DBCORP, EQ, 15-Nov-2019,143.1,142.95,143.1,141.3, 142.00,141.6,142.15,11827,16.81,769, 7732, 65.38
DBL, EQ, 15-Nov-2019,397.9,394.0,407.8,377.6, 398.00,398.05,396.45,354198,1404.24,11622, 121913, 34.42
DBREALTY, EQ, 15-Nov-2019,8.35,7.95,7.95,7.95, 7.95,7.95,7.95,58272,4.63,86, 58272, 100.00
DBSTOCKBRO, EQ, 15-Nov-2019,9.0,9.45,9.45,8.55, 9.45,9.35,9.31,2260,0.21,20, 1769, 78.27
DCAL, EQ, 15-Nov-2019,123.65,124.5,124.7,120.0, 121.20,121.25,121.6,129480,157.45,2631, 64298, 49.66
DCBBANK, EQ, 15-Nov-2019,182.65,183.5,184.3,181.0, 182.65,182.65,182.95,282538,516.9,17114, 151253, 53.53
DCMNVL, EQ, 15-Nov-2019,28.45,27.95,30.8,27.95, 30.00,29.8,29.19,5044,1.47,112, 4695, 93.08
DCMSHRIRAM, EQ, 15-Nov-2019,318.15,317.0,318.1,314.0, 317.20,316.5,315.94,38119,120.43,2496, 21711, 56.96
DCW, EQ, 15-Nov-2019,14.75,15.0,15.25,14.25, 14.40,14.4,14.48,250055,36.22,707, 170610, 68.23
DECCANCE, EQ, 15-Nov-2019,335.55,336.0,340.6,333.6, 339.80,337.0,336.51,5062,17.03,215, 4049, 79.99
DEEPAKFERT, EQ, 15-Nov-2019,94.55,94.75,97.4,94.65, 96.50,96.1,96.06,134831,129.52,2811, 45716, 33.91
DEEPAKNTR, EQ, 15-Nov-2019,356.95,357.95,358.9,352.05, 353.10,353.45,355.91,169093,601.81,6496, 84964, 50.25
DEEPIND, EQ, 15-Nov-2019,95.25,95.45,114.3,95.45, 107.20,108.4,109.31,618701,676.33,6515, 322466, 52.12
DELTACORP, EQ, 15-Nov-2019,189.85,191.0,194.0,188.9, 189.00,189.55,190.9,504936,963.93,11744, 231892, 45.93
DENORA, EQ, 15-Nov-2019,230.5,234.5,239.0,231.6, 232.50,232.55,235.59,2344,5.52,251, 1247, 53.20
DFMFOODS, EQ, 15-Nov-2019,245.65,245.05,247.85,245.05, 247.30,246.8,246.72,16497,40.7,214, 15011, 90.99
DGCONTENT, EQ, 15-Nov-2019,4.0,3.8,3.95,3.8, 3.90,3.8,3.8,266141,10.12,159, 263408, 98.97
DHAMPURSUG, EQ, 15-Nov-2019,190.25,191.8,193.0,187.05, 189.00,188.15,189.6,284877,540.12,4979, 110731, 38.87
DHANBANK, EQ, 15-Nov-2019,14.8,14.95,15.3,14.85, 15.05,14.95,15.02,273398,41.07,747, 161407, 59.04
DHANUKA, EQ, 15-Nov-2019,315.6,320.0,332.0,317.7, 327.00,327.3,326.65,67146,219.33,2672, 35135, 52.33
DHFL, EQ, 15-Nov-2019,24.4,23.2,23.2,23.2, 23.20,23.2,23.2,564631,130.99,2439, 555274, 98.34
DHUNINV, EQ, 15-Nov-2019,210.75,211.5,227.8,211.5, 224.00,222.0,217.06,816,1.77,166, 324, 39.71
DIAMONDYD, EQ, 15-Nov-2019,929.85,920.0,935.0,900.0, 920.00,915.6,918.97,3331,30.61,316, 1976, 59.32
DICIND, EQ, 15-Nov-2019,332.6,324.75,338.45,324.75, 326.25,327.8,328.65,674,2.22,60, 534, 79.23
DIGISPICE, EQ, 15-Nov-2019,6.05,5.85,6.35,5.85, 6.35,6.35,6.34,2867,0.18,13, 2867, 100.00
DISHTV, EQ, 15-Nov-2019,13.4,13.2,14.05,13.05, 13.85,13.55,13.49,39609379,5345.24,62910, 3913630, 9.88
DIVISLAB, EQ, 15-Nov-2019,1656.5,1645.0,1758.95,1627.0, 1741.05,1747.7,1716.82,2475371,42497.72,81252, 661936, 26.74
DIXON, EQ, 15-Nov-2019,3263.15,3285.0,3375.0,3251.0, 3292.00,3281.1,3321.68,116594,3872.88,20809, 51335, 44.03
DLF, EQ, 15-Nov-2019,208.9,210.0,215.6,208.35, 211.80,211.75,211.46,12386416,26192.9,68286, 2913272, 23.52
DLINKINDIA, EQ, 15-Nov-2019,91.65,90.5,94.0,90.5, 90.55,90.8,91.54,7247,6.63,547, 5292, 73.02
DMART, EQ, 15-Nov-2019,1920.0,1923.95,1936.8,1852.55, 1875.00,1870.85,1883.88,690423,13006.77,38795, 361977, 52.43
DOLAT, EQ, 15-Nov-2019,66.35,65.95,66.0,62.55, 63.00,63.3,64.21,78925,50.68,760, 56677, 71.81
DOLLAR, EQ, 15-Nov-2019,158.05,159.7,162.7,156.35, 157.60,157.7,159.17,10444,16.62,414, 6578, 62.98
DONEAR, EQ, 15-Nov-2019,30.1,30.2,31.9,29.35, 29.55,29.9,30.34,12510,3.8,217, 7476, 59.76
DPSCLTD, EQ, 15-Nov-2019,9.5,9.5,9.5,9.05, 9.05,9.05,9.15,9561,0.87,53, 8601, 89.96
DREDGECORP, EQ, 15-Nov-2019,318.15,320.05,324.6,315.65, 317.50,317.25,319.49,76264,243.66,2489, 27013, 35.42
DRREDDY, EQ, 15-Nov-2019,2734.05,2748.0,2748.0,2712.3, 2728.00,2730.8,2730.86,378845,10345.72,19828, 194631, 51.37
DSSL, EQ, 15-Nov-2019,21.95,24.1,26.3,23.55, 26.30,26.3,25.92,39521,10.25,242, 25925, 65.60
DTIL, EQ, 15-Nov-2019,184.1,188.0,195.0,170.1, 175.00,174.6,185.53,31004,57.52,1739, 13515, 43.59
DUCON, EQ, 15-Nov-2019,5.85,5.6,5.6,5.6, 5.60,5.6,5.6,13873,0.78,61, 12672, 91.34
DVL, EQ, 15-Nov-2019,68.25,67.35,71.55,67.3, 68.95,69.3,70.02,3781,2.65,143, 1788, 47.29
DWARKESH, EQ, 15-Nov-2019,25.05,25.35,25.4,24.95, 25.00,25.05,25.12,151831,38.14,551, 98772, 65.05
DYNAMATECH, EQ, 15-Nov-2019,1092.65,1082.0,1125.0,1070.0, 1125.00,1112.4,1103.5,3006,33.17,475, 1834, 61.01
DYNPRO, EQ, 15-Nov-2019,140.25,143.95,147.35,138.15, 145.80,144.95,142.92,15309,21.88,649, 12255, 80.05
EBANK, EQ, 15-Nov-2019,3632.99,3210.0,3734.43,3210.0, 3734.00,3734.0,3559.48,3,0.11,3, 2, 66.67
ECLERX, EQ, 15-Nov-2019,443.3,444.35,451.9,432.95, 433.10,434.95,438.69,19656,86.23,1624, 13771, 70.06
EDELWEISS, EQ, 15-Nov-2019,128.25,130.55,134.6,125.0, 128.00,129.15,130.83,4075390,5332.04,33584, 2085004, 51.16
EICHERMOT, EQ, 15-Nov-2019,21558.15,21850.0,21900.0,21241.3, 21275.00,21324.05,21543.71,119533,25751.84,28995, 34644, 28.98
EIDPARRY, EQ, 15-Nov-2019,187.85,184.7,202.2,183.5, 191.00,192.3,194.01,658140,1276.85,10146, 170344, 25.88
EIHAHOTELS, EQ, 15-Nov-2019,299.5,300.0,308.9,290.6, 290.80,292.4,296.5,2075,6.15,204, 1073, 51.71
EIHOTEL, EQ, 15-Nov-2019,150.9,151.5,151.5,147.5, 147.50,148.0,148.94,71913,107.11,2107, 41615, 57.87
EIMCOELECO, EQ, 15-Nov-2019,297.8,305.05,305.05,294.25, 305.00,305.0,299.41,180,0.54,20, 146, 81.11
EKC, EQ, 15-Nov-2019,25.15,24.6,24.9,23.25, 23.40,23.35,23.99,114765,27.53,1090, 96342, 83.95
ELECON, EQ, 15-Nov-2019,35.05,35.0,35.9,34.3, 34.70,34.75,34.8,31270,10.88,469, 24371, 77.94
ELECTCAST, EQ, 15-Nov-2019,12.65,13.15,13.15,12.8, 12.90,12.9,12.98,183093,23.77,367, 139820, 76.37
ELECTHERM, EQ, 15-Nov-2019,138.15,142.85,145.0,140.1, 142.50,141.1,142.92,4823,6.89,241, 2815, 58.37
ELGIEQUIP, EQ, 15-Nov-2019,261.95,257.65,265.9,257.65, 260.00,261.05,262.9,15016,39.48,803, 2480, 16.52
ELGIRUBCO, EQ, 15-Nov-2019,16.9,18.45,18.45,16.1, 17.00,16.9,16.61,5216,0.87,80, 3213, 61.60
EMAMILTD, EQ, 15-Nov-2019,319.0,322.3,322.3,312.1, 313.05,313.65,316.84,102497,324.75,4575, 62604, 61.08
EMAMIPAP, EQ, 15-Nov-2019,73.75,74.95,74.95,70.5, 70.55,70.7,71.61,1775,1.27,158, 1008, 56.79
EMKAY, EQ, 15-Nov-2019,72.95,71.0,76.85,68.0, 68.15,68.35,69.99,22104,15.47,584, 17453, 78.96
EMMBI, EQ, 15-Nov-2019,102.0,102.1,104.65,100.5, 101.00,101.4,102.06,11809,12.05,340, 6242, 52.86
ENDURANCE, EQ, 15-Nov-2019,1058.2,1035.0,1089.0,1035.0, 1077.00,1069.85,1058.64,11557,122.35,1253, 5216, 45.13
ENGINERSIN, EQ, 15-Nov-2019,104.15,104.2,105.3,101.8, 102.30,102.0,103.14,938650,968.15,7587, 478292, 50.96
ENIL, EQ, 15-Nov-2019,235.5,237.05,269.0,219.15, 240.00,248.45,239.8,128603,308.39,2011, 97959, 76.17
EON, EQ, 15-Nov-2019,17.75,16.9,16.9,16.9, 16.90,16.9,16.9,4273,0.72,44, 4253, 99.53
EQ30, EQ, 15-Nov-2019,347.65,345.85,345.85,345.85, 345.85,345.85,345.85,24,0.08,4, 24, 100.00
EQUITAS, EQ, 15-Nov-2019,84.6,84.6,87.35,84.25, 86.10,86.25,85.68,3861117,3308.27,24803, 1055136, 27.33
ERIS, EQ, 15-Nov-2019,415.0,418.0,423.5,409.5, 412.05,410.45,410.71,1648697,6771.34,5579, 1414513, 85.80
ESABINDIA, EQ, 15-Nov-2019,1238.8,1216.15,1250.1,1210.0, 1210.00,1224.4,1236.77,1809,22.37,316, 996, 55.06
ESCORTS, EQ, 15-Nov-2019,651.9,657.0,668.75,653.4, 658.00,658.3,661.88,1540010,10193.06,29057, 143141, 9.29
ESSELPACK, EQ, 15-Nov-2019,138.95,140.0,140.7,132.65, 134.20,134.95,135.02,97113,131.12,1630, 68565, 70.60
EUROTEXIND, EQ, 15-Nov-2019,11.75,11.3,11.3,11.3, 11.30,11.3,11.3,200,0.02,1, 200, 100.00
EVEREADY, EQ, 15-Nov-2019,50.55,49.2,53.0,49.2, 53.00,52.7,51.94,176275,91.55,1145, 130830, 74.22
EVERESTIND, EQ, 15-Nov-2019,282.15,284.65,286.05,266.0, 272.80,273.95,277.24,24966,69.22,1375, 14880, 59.60
EXCELINDUS, EQ, 15-Nov-2019,870.6,870.6,892.9,870.1, 870.55,871.35,877.94,7415,65.1,1108, 3568, 48.12
EXIDEIND, EQ, 15-Nov-2019,190.7,192.0,193.5,188.0, 189.05,190.2,191.66,1777249,3406.25,13056, 380541, 21.41
EXPLEOSOL, EQ, 15-Nov-2019,273.7,277.0,277.0,272.5, 272.60,273.25,273.82,528,1.45,29, 408, 77.27
FACT, EQ, 15-Nov-2019,40.65,41.0,41.0,39.5, 39.50,39.6,39.92,124519,49.71,1037, 65540, 52.63
FAIRCHEM, EQ, 15-Nov-2019,477.8,494.95,503.0,473.45, 475.50,475.75,485.04,14814,71.85,686, 8774, 59.23
FCL, EQ, 15-Nov-2019,28.75,31.0,31.5,29.35, 30.00,29.85,30.35,383685,116.45,1962, 233308, 60.81
FCONSUMER, EQ, 15-Nov-2019,23.55,23.55,23.65,22.6, 23.05,23.15,23.03,1976608,455.27,6977, 1004550, 50.82
FCSSOFT, EQ, 15-Nov-2019,0.2,0.2,0.25,0.2, 0.20,0.2,0.21,368355,0.78,150, 364262, 98.89
FDC, EQ, 15-Nov-2019,182.0,180.15,185.2,180.15, 184.50,184.0,183.92,252722,464.81,2757, 237850, 94.12
FEDERALBNK, EQ, 15-Nov-2019,84.5,84.5,85.4,82.9, 84.15,84.3,84.13,13130961,11046.93,40854, 4101200, 31.23
FEL, EQ, 15-Nov-2019,23.35,23.45,23.45,22.5, 22.55,22.6,22.91,149984,34.36,762, 92188, 61.47
FELDVR, EQ, 15-Nov-2019,22.4,23.65,23.65,21.5, 22.05,22.25,22.53,6195,1.4,78, 5242, 84.62
FIEMIND, EQ, 15-Nov-2019,346.95,361.0,371.0,357.2, 369.00,367.05,363.02,11691,42.44,617, 8832, 75.55
FILATEX, EQ, 15-Nov-2019,36.65,37.6,39.75,36.4, 36.55,37.0,37.16,228218,84.82,464, 199234, 87.30
FINCABLES, EQ, 15-Nov-2019,360.05,367.0,367.0,354.55, 355.00,355.3,358.01,32289,115.6,2291, 19214, 59.51
FINEORG, EQ, 15-Nov-2019,1926.0,1928.0,1972.0,1901.0, 1942.00,1944.5,1946.65,15972,310.92,2494, 5754, 36.03
FINPIPE, EQ, 15-Nov-2019,575.2,575.0,578.45,570.0, 570.00,570.25,572.07,19230,110.01,1246, 12448, 64.73
FLEXITUFF, EQ, 15-Nov-2019,3.65,3.5,3.75,3.5, 3.50,3.5,3.5,4668,0.16,31, 4668, 100.00
FLFL, EQ, 15-Nov-2019,395.05,395.0,403.0,383.05, 395.00,394.95,394.47,46024,181.55,1684, 21055, 45.75
FLUOROCHEM, EQ, 15-Nov-2019,602.1,592.3,597.0,539.05, 541.00,545.25,576.37,55469,319.71,3158, 43014, 77.55
FMGOETZE, EQ, 15-Nov-2019,583.8,590.0,594.0,583.25, 590.00,590.3,587.28,3732,21.92,158, 2734, 73.26
FMNL, EQ, 15-Nov-2019,30.1,29.1,29.9,28.6, 28.60,28.8,29.01,67560,19.6,223, 60199, 89.10
FORCEMOT, EQ, 15-Nov-2019,1050.95,1059.0,1080.05,1016.55, 1020.00,1028.7,1049.21,33358,349.99,3040, 17564, 52.65
FORTIS, EQ, 15-Nov-2019,156.2,158.25,161.0,129.0, 142.40,143.8,140.57,44526375,62590.65,190464, 15663760, 35.18
FOSECOIND, EQ, 15-Nov-2019,1341.45,1330.0,1348.4,1320.4, 1343.00,1331.7,1334.54,928,12.38,78, 661, 71.23
FRETAIL, EQ, 15-Nov-2019,344.45,345.0,345.85,323.6, 330.00,331.95,333.72,772620,2578.36,15390, 438964, 56.81
FSC, EQ, 15-Nov-2019,493.05,482.2,504.0,482.2, 500.00,499.7,497.58,16555,82.37,460, 12908, 77.97
FSL, EQ, 15-Nov-2019,40.75,40.55,42.0,40.55, 41.20,41.25,41.37,1236549,511.6,5954, 643014, 52.00
GABRIEL, EQ, 15-Nov-2019,115.05,120.0,122.95,115.2, 117.70,117.7,118.34,144936,171.52,5250, 54036, 37.28
GAEL, EQ, 15-Nov-2019,128.55,128.65,133.2,128.0, 133.00,131.6,130.83,56321,73.68,645, 40512, 71.93
GAIL, EQ, 15-Nov-2019,121.8,122.95,124.5,122.0, 124.30,124.3,123.56,9604176,11867.27,46868, 3350334, 34.88
GAL, EQ, 15-Nov-2019,1.95,1.95,1.95,1.9, 1.90,1.9,1.91,14802,0.28,22, 14021, 94.72
GALAXYSURF, EQ, 15-Nov-2019,1544.5,1543.9,1559.9,1518.15, 1559.90,1540.45,1539.26,160247,2466.62,8887, 150479, 93.90
GALLANTT, EQ, 15-Nov-2019,25.75,26.9,26.9,25.5, 25.85,25.8,25.82,5820,1.5,30, 3851, 66.17
GALLISPAT, EQ, 15-Nov-2019,20.4,21.0,21.0,19.0, 19.25,19.55,19.3,7957,1.54,77, 7475, 93.94
GAMMNINFRA, EQ, 15-Nov-2019,0.3,0.25,0.3,0.25, 0.30,0.3,0.28,163685,0.45,119, 162532, 99.30
GANDHITUBE, EQ, 15-Nov-2019,296.85,299.9,299.9,290.0, 293.45,291.55,292.92,839,2.46,80, 543, 64.72
GANECOS, EQ, 15-Nov-2019,259.55,258.0,259.85,248.55, 250.00,250.1,251.65,5952,14.98,189, 4603, 77.34
GANESHHOUC, EQ, 15-Nov-2019,33.5,33.05,33.9,31.6, 31.75,32.15,32.43,40790,13.23,765, 30510, 74.80
GANGESSECU, EQ, 15-Nov-2019,40.0,38.0,40.0,38.0, 40.00,40.0,39.72,856,0.34,8, 844, 98.60
GARDENSILK, EQ, 15-Nov-2019,10.95,11.0,11.2,10.8, 10.85,10.85,10.99,7062,0.78,64, 5368, 76.01
GARFIBRES, EQ, 15-Nov-2019,1150.9,1159.45,1159.45,1085.0, 1156.50,1140.7,1131.46,9688,109.62,954, 6232, 64.33
GATI, EQ, 15-Nov-2019,58.7,59.25,60.5,56.5, 56.65,57.5,58.38,529125,308.93,3062, 338640, 64.00
GAYAPROJ, EQ, 15-Nov-2019,96.75,95.5,100.2,92.1, 97.00,98.2,96.55,168031,162.24,6521, 129671, 77.17
GDL, EQ, 15-Nov-2019,83.25,81.1,89.5,81.0, 88.40,87.9,83.83,1432016,1200.52,12783, 1182791, 82.60
GEECEE, EQ, 15-Nov-2019,83.4,83.1,84.05,81.85, 82.20,83.25,82.45,1938,1.6,247, 1134, 58.51
GENESYS, EQ, 15-Nov-2019,72.55,72.55,75.0,71.0, 73.20,73.95,72.67,10856,7.89,423, 6666, 61.40
GENUSPAPER, EQ, 15-Nov-2019,4.95,5.0,5.1,4.95, 5.00,5.0,5.01,70083,3.51,97, 46712, 66.65
GENUSPOWER, EQ, 15-Nov-2019,23.8,23.9,24.0,23.35, 23.60,23.5,23.5,152536,35.84,308, 143149, 93.85
GEOJITFSL, EQ, 15-Nov-2019,29.25,29.7,29.8,28.85, 28.85,29.0,29.26,64568,18.89,373, 49309, 76.37
GEPIL, EQ, 15-Nov-2019,679.95,675.0,700.0,670.25, 679.00,686.65,687.94,26981,185.61,5787, 13471, 49.93
GESHIP, EQ, 15-Nov-2019,301.9,302.7,303.85,299.25, 303.00,301.75,300.98,126748,381.48,1210, 118247, 93.29
GET&D, EQ, 15-Nov-2019,177.45,177.45,181.05,173.15, 173.55,173.65,177.16,19493,34.53,1014, 11333, 58.14
GFLLIMITED, EQ, 15-Nov-2019,78.45,74.6,77.55,74.55, 74.55,74.55,74.78,48526,36.29,757, 45522, 93.81
GHCL, EQ, 15-Nov-2019,207.65,208.4,208.4,205.65, 206.70,206.6,206.55,49090,101.4,1342, 25909, 52.78
GICHSGFIN, EQ, 15-Nov-2019,152.85,154.0,154.0,147.25, 148.90,149.25,150.24,126437,189.96,2591, 45455, 35.95
GICRE, EQ, 15-Nov-2019,268.3,269.0,273.45,256.5, 257.65,258.25,262.98,448435,1179.31,11241, 129421, 28.86
GILLANDERS, EQ, 15-Nov-2019,30.0,30.0,30.0,28.0, 29.00,29.0,29.23,2171,0.63,93, 1696, 78.12
GILLETTE, EQ, 15-Nov-2019,7161.35,7203.0,7203.0,7100.0, 7105.00,7108.15,7122.78,4311,307.06,1913, 2635, 61.12
GINNIFILA, EQ, 15-Nov-2019,8.15,8.0,8.55,8.0, 8.25,8.3,8.4,19887,1.67,74, 14736, 74.10
GIPCL, EQ, 15-Nov-2019,67.2,67.95,67.95,65.6, 65.95,66.0,66.45,150535,100.02,1104, 124755, 82.87
GKWLIMITED, EQ, 15-Nov-2019,745.4,717.7,748.0,717.7, 740.00,740.0,736.49,117,0.86,11, 62, 52.99
GLAXO, EQ, 15-Nov-2019,1601.25,1600.0,1610.0,1595.2, 1603.30,1606.2,1603.35,44288,710.09,4154, 28606, 64.59
GLENMARK, EQ, 15-Nov-2019,282.05,297.8,306.0,290.1, 299.10,301.0,299.82,13094121,39258.28,136660, 1557227, 11.89
GLOBALVECT, EQ, 15-Nov-2019,51.55,52.95,52.95,48.0, 49.00,48.85,49.19,5429,2.67,182, 4606, 84.84
GLOBUSSPR, EQ, 15-Nov-2019,140.15,141.0,143.4,135.5, 136.00,137.75,139.42,133005,185.44,2639, 49278, 37.05
GMBREW, EQ, 15-Nov-2019,409.3,412.5,419.0,403.5, 404.00,406.4,409.89,39584,162.25,1587, 14095, 35.61
GMDCLTD, EQ, 15-Nov-2019,58.95,58.5,59.9,58.35, 59.90,59.6,59.26,98600,58.43,894, 71204, 72.22
GMMPFAUDLR, EQ, 15-Nov-2019,1641.55,1654.0,1727.5,1653.95, 1703.00,1704.4,1705.05,56791,968.31,6075, 23130, 40.73
GMRINFRA, EQ, 15-Nov-2019,21.0,20.95,22.05,20.8, 21.50,21.65,21.47,22899760,4915.48,16224, 8767722, 38.29
GNA, EQ, 15-Nov-2019,257.6,260.7,282.0,260.7, 273.50,271.6,272.8,110861,302.42,4146, 27483, 24.79
GNFC, EQ, 15-Nov-2019,193.2,193.9,195.9,191.5, 193.40,192.4,193.07,179532,346.62,7462, 67354, 37.52
GOCLCORP, EQ, 15-Nov-2019,283.05,278.55,284.75,278.55, 280.95,281.8,282.01,3947,11.13,202, 2969, 75.22
GODFRYPHLP, EQ, 15-Nov-2019,1262.0,1259.0,1268.0,1195.0, 1203.00,1218.05,1226.48,112996,1385.87,6914, 38426, 34.01
GODREJAGRO, EQ, 15-Nov-2019,474.4,475.0,476.0,468.1, 469.60,470.75,470.93,51402,242.07,2959, 36956, 71.90
GODREJCP, EQ, 15-Nov-2019,715.45,714.95,718.8,710.0, 710.60,710.65,713.01,547792,3905.81,22829, 288826, 52.73
GODREJIND, EQ, 15-Nov-2019,438.9,439.0,453.0,437.55, 445.00,444.1,446.46,161286,720.08,6867, 62911, 39.01
GODREJPROP, EQ, 15-Nov-2019,919.7,920.0,930.0,901.0, 907.20,906.6,913.31,130233,1189.43,10825, 51274, 39.37
GOKEX, EQ, 15-Nov-2019,78.65,79.95,80.3,76.8, 80.00,78.7,78.37,120559,94.48,2649, 81095, 67.27
GOKUL, EQ, 15-Nov-2019,12.8,13.0,13.0,12.2, 12.85,12.75,12.57,2743,0.34,35, 2669, 97.30
GOKULAGRO, EQ, 15-Nov-2019,13.25,13.2,13.9,13.0, 13.90,13.7,13.18,2489,0.33,25, 2383, 95.74
GOLDBEES, EQ, 15-Nov-2019,3384.15,3360.05,3383.9,3350.0, 3355.95,3353.85,3361.76,12316,414.03,1373, 8664, 70.35
GOLDIAM, EQ, 15-Nov-2019,131.7,132.95,136.4,131.0, 133.05,134.35,133.48,48671,64.97,1812, 23932, 49.17
GOLDSHARE, EQ, 15-Nov-2019,3390.25,3390.25,3394.95,3376.45, 3380.00,3378.05,3380.79,317,10.72,102, 240, 75.71
GOLDTECH, EQ, 15-Nov-2019,9.65,9.3,9.85,9.3, 9.45,9.45,9.41,6679,0.63,56, 4751, 71.13
GOODLUCK, EQ, 15-Nov-2019,54.35,53.5,53.5,45.4, 48.75,48.2,48.62,71592,34.81,1770, 37811, 52.81
GPIL, EQ, 15-Nov-2019,138.45,139.8,141.75,138.3, 140.00,138.95,139.66,20043,27.99,614, 12174, 60.74
GPPL, EQ, 15-Nov-2019,84.75,85.95,86.0,81.65, 83.45,83.45,84.31,109824,92.59,2120, 67621, 61.57
GPTINFRA, EQ, 15-Nov-2019,42.6,42.45,46.8,42.25, 42.25,43.1,43.88,3214,1.41,81, 2209, 68.73
GRANULES, EQ, 15-Nov-2019,124.0,124.85,126.2,122.5, 123.30,123.5,124.3,1049656,1304.75,9660, 507802, 48.38
GRAPHITE, EQ, 15-Nov-2019,304.7,304.0,307.6,296.7, 297.20,298.15,301.0,1191039,3585.04,19143, 326134, 27.38
GRASIM, EQ, 15-Nov-2019,733.95,735.0,768.0,724.8, 756.35,755.15,750.95,4573144,34341.9,75012, 920231, 20.12
GRAVITA, EQ, 15-Nov-2019,42.85,43.5,43.9,42.0, 43.30,42.95,42.83,26444,11.33,347, 16597, 62.76
GREAVESCOT, EQ, 15-Nov-2019,139.55,140.0,148.0,139.0, 139.65,139.7,142.8,1192524,1702.95,16993, 371047, 31.11
GREENLAM, EQ, 15-Nov-2019,967.45,985.0,987.0,960.05, 970.00,970.5,977.64,908,8.88,157, 490, 53.96
GREENPANEL, EQ, 15-Nov-2019,46.25,44.4,48.0,44.4, 45.80,45.65,46.49,197753,91.94,1146, 173030, 87.50
GREENPLY, EQ, 15-Nov-2019,165.35,161.5,167.7,160.95, 161.80,164.2,164.0,40249,66.01,2286, 15335, 38.10
GREENPOWER, EQ, 15-Nov-2019,1.75,1.8,1.8,1.7, 1.75,1.75,1.77,1071946,18.92,607, 651275, 60.76
GRINDWELL, EQ, 15-Nov-2019,598.35,598.0,603.0,594.5, 603.00,601.85,600.9,5445,32.72,445, 4368, 80.22
GROBTEA, EQ, 15-Nov-2019,312.3,312.3,314.8,286.1, 300.00,299.7,300.17,194,0.58,44, 68, 35.05
GRPLTD, EQ, 15-Nov-2019,820.0,810.1,834.95,750.4, 790.00,802.5,796.78,447,3.56,121, 295, 66.00
GRSE, EQ, 15-Nov-2019,217.3,218.9,227.8,216.9, 223.30,222.85,221.25,292219,646.53,7694, 119194, 40.79
GSCLCEMENT, EQ, 15-Nov-2019,18.8,18.35,19.05,18.0, 19.00,18.85,18.64,20820,3.88,246, 15941, 76.57
GSFC, EQ, 15-Nov-2019,72.45,72.45,72.85,71.5, 71.75,71.7,71.93,241602,173.78,4531, 122723, 50.80
GSKCONS, EQ, 15-Nov-2019,8868.55,8888.0,8986.0,8816.3, 8830.05,8842.85,8904.39,8490,755.98,2625, 4252, 50.08
GSPL, EQ, 15-Nov-2019,217.5,218.7,221.75,217.5, 220.00,220.1,220.11,385859,849.32,9573, 302667, 78.44
GSS, EQ, 15-Nov-2019,35.55,36.7,36.7,34.0, 34.50,34.7,35.03,12108,4.24,229, 7759, 64.08
GTL, EQ, 15-Nov-2019,1.35,1.4,1.4,1.35, 1.40,1.35,1.36,71446,0.97,54, 65406, 91.55
GTLINFRA, EQ, 15-Nov-2019,0.4,0.4,0.45,0.35, 0.45,0.45,0.4,3439626,13.85,427, 2127039, 61.84
GTNIND, EQ, 15-Nov-2019,5.8,5.3,5.9,5.3, 5.55,5.55,5.52,1973,0.11,39, 1936, 98.12
GTPL, EQ, 15-Nov-2019,66.0,66.05,66.8,65.3, 65.60,65.5,65.7,12257,8.05,372, 6537, 53.33
GUFICBIO, EQ, 15-Nov-2019,70.3,70.0,70.9,67.65, 67.90,68.0,68.44,33139,22.68,537, 25990, 78.43
GUJALKALI, EQ, 15-Nov-2019,414.5,414.0,425.0,411.3, 413.00,414.45,417.44,28934,120.78,1408, 14242, 49.22
GUJAPOLLO, EQ, 15-Nov-2019,130.4,130.1,130.1,125.3, 128.60,128.6,126.83,490,0.62,71, 262, 53.47
GUJGASLTD, EQ, 15-Nov-2019,196.7,197.9,198.0,193.2, 193.65,193.85,194.86,281857,549.24,7189, 192894, 68.44
GULFOILLUB, EQ, 15-Nov-2019,836.45,845.0,875.0,840.0, 870.00,870.0,867.6,11563,100.32,2087, 8225, 71.13
GULFPETRO, EQ, 15-Nov-2019,39.65,39.65,40.0,37.5, 40.00,39.3,38.95,11406,4.44,167, 9988, 87.57
GVKPIL, EQ, 15-Nov-2019,4.6,4.5,4.5,4.4, 4.40,4.4,4.41,1052496,46.45,795, 717846, 68.20
HAL, EQ, 15-Nov-2019,807.8,815.0,819.0,794.1, 794.10,804.3,808.28,16887,136.49,1748, 9907, 58.67
HARITASEAT, EQ, 15-Nov-2019,445.35,449.0,454.0,447.0, 450.00,449.7,449.18,1333,5.99,103, 1131, 84.85
HARRMALAYA, EQ, 15-Nov-2019,48.45,49.15,49.2,48.05, 48.25,48.15,48.36,24768,11.98,294, 17727, 71.57
HATHWAY, EQ, 15-Nov-2019,20.2,20.45,20.65,19.8, 19.95,19.85,20.21,198274,40.08,812, 128323, 64.72
HATSUN, EQ, 15-Nov-2019,589.15,592.0,605.0,580.0, 591.00,587.15,587.14,607276,3565.59,572, 606003, 99.79
HAVELLS, EQ, 15-Nov-2019,672.2,674.4,682.9,671.1, 671.60,672.85,675.89,549025,3710.79,17595, 166998, 30.42
HBLPOWER, EQ, 15-Nov-2019,16.1,16.2,16.7,15.7, 16.25,16.3,16.21,181539,29.43,824, 91903, 50.62
HCC, EQ, 15-Nov-2019,7.85,7.75,9.0,7.75, 8.75,8.75,8.39,3725778,312.52,7181, 2228936, 59.82
HCG, EQ, 15-Nov-2019,111.0,114.0,114.95,111.05, 114.95,113.1,113.01,13674,15.45,139, 11844, 86.62
HCL-INSYS, EQ, 15-Nov-2019,7.2,7.25,7.55,7.1, 7.50,7.4,7.4,303980,22.51,992, 179124, 58.93
HCLTECH, EQ, 15-Nov-2019,1147.8,1150.95,1159.8,1140.0, 1143.15,1142.3,1149.66,1530856,17599.63,39519, 1052656, 68.76
HDFC, EQ, 15-Nov-2019,2226.8,2220.1,2238.75,2208.0, 2226.00,2224.05,2222.09,3346325,74358.44,122637, 2147793, 64.18
HDFCAMC, EQ, 15-Nov-2019,3604.0,3625.0,3639.9,3483.1, 3486.00,3498.5,3522.21,925254,32589.38,89964, 434033, 46.91
HDFCBANK, EQ, 15-Nov-2019,1273.9,1283.85,1285.0,1271.1, 1279.75,1277.9,1279.78,4639506,59375.3,116607, 2357045, 50.80
HDFCLIFE, EQ, 15-Nov-2019,586.35,588.35,588.35,576.1, 578.45,577.5,581.63,1959586,11397.55,67797, 1084046, 55.32
HDFCMFGETF, EQ, 15-Nov-2019,3462.4,3461.8,3461.85,3437.7, 3445.00,3445.05,3446.26,2793,96.25,237, 2265, 81.10
HDFCNIFETF, EQ, 15-Nov-2019,1244.3,1331.4,1331.4,1246.72, 1253.79,1253.01,1252.97,1075,13.47,68, 753, 70.05
HDFCSENETF, EQ, 15-Nov-2019,4249.84,4279.23,4287.02,4229.41, 4229.41,4229.41,4267.15,21,0.9,14, 15, 71.43
HDIL, EQ, 15-Nov-2019,2.2,2.3,2.3,2.3, 2.30,2.3,2.3,308697,7.1,286, 308303, 99.87
HEG, EQ, 15-Nov-2019,1064.75,1030.0,1052.0,1012.0, 1025.05,1020.45,1030.16,440820,4541.16,24927, 111920, 25.39
HEIDELBERG, EQ, 15-Nov-2019,187.55,187.1,192.0,187.05, 188.00,188.95,189.62,169949,322.25,3115, 101282, 59.60
HERCULES, EQ, 15-Nov-2019,89.85,89.15,92.95,89.1, 91.70,92.05,91.67,11344,10.4,491, 8767, 77.28
HERITGFOOD, EQ, 15-Nov-2019,324.8,321.45,328.0,320.0, 324.00,322.2,322.4,8779,28.3,453, 4965, 56.56
HEROMOTOCO, EQ, 15-Nov-2019,2591.65,2600.0,2614.95,2530.25, 2541.25,2543.2,2572.09,682624,17557.69,33447, 321931, 47.16
HESTERBIO, EQ, 15-Nov-2019,1585.0,1600.05,1607.1,1581.2, 1600.00,1595.8,1589.51,3696,58.75,327, 2409, 65.18
HEXAWARE, EQ, 15-Nov-2019,333.5,334.0,338.1,334.0, 335.90,336.0,335.97,328807,1104.69,5201, 96081, 29.22
HFCL, EQ, 15-Nov-2019,17.75,17.65,17.85,17.2, 17.20,17.3,17.41,1277054,222.38,2290, 629952, 49.33
HGINFRA, EQ, 15-Nov-2019,242.2,249.9,270.7,245.05, 250.30,257.6,257.95,380231,980.82,12727, 103198, 27.14
HGS, EQ, 15-Nov-2019,623.85,628.95,630.0,610.1, 619.70,616.0,615.76,3054,18.81,372, 1712, 56.06
HIKAL, EQ, 15-Nov-2019,107.25,107.25,113.1,107.25, 112.25,112.05,111.72,192401,214.96,3840, 105585, 54.88
HIL, EQ, 15-Nov-2019,1206.35,1211.95,1246.0,1175.3, 1178.00,1179.15,1203.55,13260,159.59,1604, 7765, 58.56
HILTON, EQ, 15-Nov-2019,16.3,17.1,17.1,17.1, 17.10,17.1,17.1,38049,6.51,116, 28653, 75.31
HIMATSEIDE, EQ, 15-Nov-2019,132.3,132.95,134.3,130.4, 131.75,130.75,131.92,66073,87.16,1127, 36380, 55.06
HINDALCO, EQ, 15-Nov-2019,188.5,188.5,190.15,187.1, 187.70,187.75,188.57,4558349,8595.68,26253, 1048574, 23.00
HINDCOMPOS, EQ, 15-Nov-2019,173.0,171.0,178.0,171.0, 172.35,173.1,173.6,2224,3.86,250, 1606, 72.21
HINDCOPPER, EQ, 15-Nov-2019,38.65,38.55,38.6,37.15, 37.30,37.35,37.5,592353,222.14,2315, 324117, 54.72
HINDMOTORS, EQ, 15-Nov-2019,5.6,5.5,5.75,5.5, 5.75,5.7,5.64,56322,3.18,124, 51449, 91.35
HINDNATGLS, EQ, 15-Nov-2019,32.65,31.05,31.05,31.05, 31.05,31.05,31.05,1344,0.42,9, 1344, 100.00
HINDOILEXP, EQ, 15-Nov-2019,93.95,93.5,95.55,92.75, 93.50,93.8,93.97,143948,135.26,2221, 49238, 34.21
HINDPETRO, EQ, 15-Nov-2019,288.55,287.75,292.95,286.35, 289.50,290.2,289.95,2573038,7460.41,25267, 754278, 29.31
HINDUNILVR, EQ, 15-Nov-2019,2069.05,2062.25,2099.0,2050.55, 2057.45,2057.7,2072.11,958290,19856.81,55498, 532558, 55.57
HINDZINC, EQ, 15-Nov-2019,210.05,209.2,211.25,208.0, 208.35,208.3,209.32,350743,734.18,5770, 174653, 49.80
HIRECT, EQ, 15-Nov-2019,216.3,217.8,218.0,208.1, 209.05,209.85,211.6,40381,85.45,1816, 21545, 53.35
HISARMETAL, EQ, 15-Nov-2019,55.25,58.95,58.95,53.0, 53.50,53.55,55.38,5182,2.87,79, 2790, 53.84
HITECH, EQ, 15-Nov-2019,150.6,153.05,159.9,142.4, 145.00,144.85,149.82,31878,47.76,1057, 7357, 23.08
HITECHCORP, EQ, 15-Nov-2019,86.6,90.0,93.95,81.1, 90.05,91.25,89.58,5577,5.0,228, 4568, 81.91
HITECHGEAR, EQ, 15-Nov-2019,177.0,177.35,179.75,173.55, 179.75,179.6,177.12,5554,9.84,102, 4394, 79.11
HMVL, EQ, 15-Nov-2019,80.05,82.0,82.0,77.55, 78.00,78.35,78.86,6158,4.86,184, 1830, 29.72
HNGSNGBEES, EQ, 15-Nov-2019,3310.0,3400.0,3602.02,3340.0, 3520.00,3520.0,3453.31,204,7.04,59, 79, 38.73
HONAUT, EQ, 15-Nov-2019,27360.2,27399.0,27500.0,27005.0, 27164.00,27158.35,27191.17,8761,2382.22,499, 8374, 95.58
HONDAPOWER, EQ, 15-Nov-2019,1296.95,1297.7,1304.95,1226.25, 1240.05,1245.5,1256.06,7275,91.38,871, 3610, 49.62
HOTELEELA, EQ, 15-Nov-2019,7.6,7.55,7.65,7.5, 7.60,7.6,7.59,83057,6.3,216, 70695, 85.12
HOVS, EQ, 15-Nov-2019,54.25,55.0,56.0,48.85, 48.85,49.2,49.79,72099,35.9,1012, 37124, 51.49
HPL, EQ, 15-Nov-2019,42.9,43.25,43.25,41.3, 41.70,41.65,41.93,26013,10.91,781, 17724, 68.14
HSCL, EQ, 15-Nov-2019,64.25,64.9,65.0,63.55, 64.70,64.5,64.45,346336,223.2,3305, 192001, 55.44
HSIL, EQ, 15-Nov-2019,48.2,48.15,48.85,47.75, 47.75,47.75,47.98,109976,52.77,697, 94647, 86.06
HTMEDIA, EQ, 15-Nov-2019,16.1,15.9,16.4,15.5, 16.20,16.25,16.13,83528,13.47,279, 68776, 82.34
HUBTOWN, EQ, 15-Nov-2019,12.75,12.7,13.55,11.7, 12.35,12.85,12.45,199731,24.86,576, 149725, 74.96
HUDCO, EQ, 15-Nov-2019,42.9,43.5,44.5,42.8, 43.30,43.2,43.51,2764978,1203.05,10137, 869495, 31.45
IBMFNIFTY, EQ, 15-Nov-2019,116.39,116.3,118.9,116.3, 117.49,117.49,118.24,1425,1.68,46, 683, 47.93
IBREALEST, EQ, 15-Nov-2019,73.9,70.25,74.5,70.25, 73.00,72.65,72.45,4283379,3103.46,14537, 2032385, 47.45
IBULHSGFIN, EQ, 15-Nov-2019,211.35,212.4,218.85,207.5, 210.55,210.3,212.53,35716132,75905.98,295000, 2080652, 5.83
IBULISL, EQ, 15-Nov-2019,81.4,77.35,77.35,77.35, 77.35,77.35,77.35,19889,15.38,144, 19888, 99.99
IBVENTURES, EQ, 15-Nov-2019,148.7,146.9,151.5,141.5, 149.10,149.15,147.28,1092110,1608.42,14408, 641651, 58.75
ICICI500, EQ, 15-Nov-2019,156.53,157.3,157.48,156.25, 156.79,156.92,157.22,25609,40.26,32, 23745, 92.72
ICICIB22, EQ, 15-Nov-2019,34.87,35.11,35.16,34.75, 34.95,34.87,34.97,399590,139.72,3084, 319554, 79.97
ICICIBANK, EQ, 15-Nov-2019,498.65,497.85,509.7,496.0, 498.85,499.85,503.8,42074833,211974.67,276592, 20055878, 47.67
ICICIBANKN, EQ, 15-Nov-2019,308.99,310.0,312.25,309.33, 311.00,311.61,311.78,113391,353.53,72, 108617, 95.79
ICICIBANKP, EQ, 15-Nov-2019,169.81,172.0,172.85,170.4, 171.53,171.05,170.63,933,1.59,31, 910, 97.53
ICICIGI, EQ, 15-Nov-2019,1373.55,1380.0,1394.0,1370.1, 1376.95,1379.65,1383.16,385802,5336.24,27880, 250901, 65.03
ICICIGOLD, EQ, 15-Nov-2019,34.65,34.05,34.8,34.05, 34.60,34.55,34.62,29097,10.07,496, 27239, 93.61
ICICILIQ, EQ, 15-Nov-2019,1000.0,999.99,1000.0,999.99, 1000.00,999.99,1000.0,73199,731.99,48, 51828, 70.80
ICICILOVOL, EQ, 15-Nov-2019,92.66,94.37,94.37,91.5, 91.69,92.42,92.74,466,0.43,65, 422, 90.56
ICICIMCAP, EQ, 15-Nov-2019,64.34,64.5,65.3,64.5, 65.17,65.11,64.91,13889,9.02,79, 9547, 68.74
ICICINF100, EQ, 15-Nov-2019,127.97,130.0,130.0,128.74, 129.04,129.14,129.22,1862,2.41,30, 1045, 56.12
ICICINIFTY, EQ, 15-Nov-2019,124.72,125.0,126.2,122.0, 125.48,125.28,125.3,1146798,1436.97,4862, 942555, 82.19
ICICINV20, EQ, 15-Nov-2019,57.33,58.25,58.25,56.95, 56.95,57.09,57.4,2314,1.33,246, 2024, 87.47
ICICINXT50, EQ, 15-Nov-2019,28.46,28.85,28.85,28.28, 28.40,28.4,28.45,7137,2.03,209, 6271, 87.87
ICICIPRULI, EQ, 15-Nov-2019,525.4,526.4,527.5,520.05, 522.50,522.45,523.57,1882556,9856.46,56877, 1208353, 64.19
ICICISENSX, EQ, 15-Nov-2019,429.4,429.4,433.64,429.4, 430.95,430.95,430.88,454,1.96,29, 279, 61.45
ICIL, EQ, 15-Nov-2019,53.05,53.7,57.4,52.95, 53.10,53.45,54.67,207988,113.7,1875, 144874, 69.65
ICRA, EQ, 15-Nov-2019,2762.65,2835.0,2835.0,2725.2, 2725.20,2730.2,2752.26,385,10.6,149, 160, 41.56
IDBI, EQ, 15-Nov-2019,31.85,32.45,34.5,32.05, 33.00,32.9,33.57,11023619,3700.83,24185, 2028355, 18.40
IDBIGOLD, EQ, 15-Nov-2019,3539.0,3491.0,3523.0,3490.0, 3490.10,3490.0,3491.13,225,7.86,19, 217, 96.44
IDEA, EQ, 15-Nov-2019,2.95,2.7,3.9,2.4, 3.75,3.65,3.28,826173911,27113.97,165425, 174032058, 21.06
IDFC, EQ, 15-Nov-2019,34.5,34.55,34.9,33.65, 34.75,34.55,34.05,5499690,1872.72,2748, 4933770, 89.71
IDFCFIRSTB, EQ, 15-Nov-2019,41.7,41.95,42.5,41.65, 42.30,42.25,42.12,10302094,4339.59,15395, 3268741, 31.73
IDFNIFTYET, EQ, 15-Nov-2019,123.97,123.99,123.99,123.0, 123.00,123.0,123.5,6,0.01,2, 3, 50.00
IEX, EQ, 15-Nov-2019,143.6,142.5,143.5,141.6, 141.60,143.0,142.98,458535,655.63,1189, 436736, 95.25
IFBAGRO, EQ, 15-Nov-2019,422.85,424.9,429.5,413.1, 413.10,416.05,422.81,3767,15.93,316, 2214, 58.77
IFBIND, EQ, 15-Nov-2019,739.5,749.65,749.7,722.5, 730.00,729.2,734.89,5122,37.64,509, 2340, 45.69
IFCI, EQ, 15-Nov-2019,7.4,7.5,7.6,7.1, 7.20,7.2,7.29,1865490,135.91,2890, 1043770, 55.95
IFGLEXPOR, EQ, 15-Nov-2019,152.45,147.0,153.6,147.0, 147.10,148.65,148.47,467,0.69,35, 353, 75.59
IGARASHI, EQ, 15-Nov-2019,243.6,245.7,251.95,235.0, 237.00,237.85,240.95,40672,98.0,1659, 18712, 46.01
IGL, EQ, 15-Nov-2019,424.65,425.0,431.0,421.7, 424.00,423.25,426.8,2118008,9039.6,32138, 889501, 42.00
IGPL, EQ, 15-Nov-2019,138.0,136.1,145.75,136.1, 144.90,142.95,141.92,41274,58.58,1669, 17493, 42.38
IIFL, EQ, 15-Nov-2019,143.9,144.9,158.2,143.9, 156.45,154.75,152.67,755534,1153.48,11828, 246955, 32.69
IIFLSEC, EQ, 15-Nov-2019,25.8,25.7,26.45,25.25, 25.35,25.5,25.53,160846,41.07,1231, 149154, 92.73
IIFLWAM, EQ, 15-Nov-2019,1223.8,1223.3,1261.05,1215.0, 1230.00,1229.35,1233.32,12550,154.78,1664, 11866, 94.55
IMFA, EQ, 15-Nov-2019,192.15,190.0,199.85,188.0, 194.05,194.5,192.08,37999,72.99,496, 29991, 78.93
IMPAL, EQ, 15-Nov-2019,610.2,624.9,624.9,598.9, 602.95,601.35,602.85,5105,30.78,560, 4180, 81.88
INDBANK, EQ, 15-Nov-2019,7.6,7.55,7.6,6.2, 6.80,6.8,6.78,424543,28.79,1058, 202356, 47.66
INDHOTEL, EQ, 15-Nov-2019,155.25,155.0,157.9,152.2, 153.80,154.65,154.83,839257,1299.42,10486, 474429, 56.53
INDIACEM, EQ, 15-Nov-2019,82.2,81.55,83.4,80.5, 82.85,82.85,82.18,1751721,1439.6,4873, 1002292, 57.22
INDIAGLYCO, EQ, 15-Nov-2019,225.05,222.7,236.0,222.7, 229.60,229.15,232.04,166449,386.22,4389, 34503, 20.73
INDIAMART, EQ, 15-Nov-2019,1985.35,1999.95,2004.8,1909.0, 1926.00,1926.9,1941.85,41437,804.64,3767, 13619, 32.87
INDIANB, EQ, 15-Nov-2019,114.5,115.2,120.5,114.55, 116.80,116.8,118.09,2101034,2481.2,22579, 478026, 22.75
INDIANHUME, EQ, 15-Nov-2019,222.6,223.0,225.75,215.0, 217.00,215.8,218.86,24986,54.68,913, 18434, 73.78
INDIGO, EQ, 15-Nov-2019,1516.9,1510.0,1516.2,1456.15, 1464.35,1465.65,1474.63,1568300,23126.66,52288, 292130, 18.63
INDLMETER, EQ, 15-Nov-2019,23.25,23.25,23.25,22.1, 22.15,22.15,22.3,893,0.2,14, 891, 99.78
INDNIPPON, EQ, 15-Nov-2019,328.1,325.45,335.95,325.0, 329.00,325.7,329.26,3119,10.27,226, 2136, 68.48
INDOCO, EQ, 15-Nov-2019,144.45,145.45,145.95,140.5, 144.00,144.75,143.96,20182,29.05,1634, 13335, 66.07
INDORAMA, EQ, 15-Nov-2019,25.8,25.5,26.2,24.25, 24.55,25.3,25.46,14471,3.68,112, 11082, 76.58
INDOSTAR, EQ, 15-Nov-2019,180.8,180.2,183.6,179.55, 180.15,180.65,181.71,73494,133.55,1360, 59455, 80.90
INDOTECH, EQ, 15-Nov-2019,127.6,127.8,145.0,114.0, 114.20,117.7,131.63,202244,266.22,7055, 44571, 22.04
INDOTHAI, EQ, 15-Nov-2019,22.15,22.2,23.85,22.1, 23.20,22.15,22.5,1893,0.43,90, 1012, 53.46
INDOWIND, EQ, 15-Nov-2019,2.95,2.95,3.05,2.8, 2.90,2.85,2.87,45631,1.31,96, 37701, 82.62
INDRAMEDCO, EQ, 15-Nov-2019,43.55,43.7,44.5,42.8, 43.40,43.35,43.62,275316,120.08,1239, 192534, 69.93
INDSWFTLTD, EQ, 15-Nov-2019,3.7,3.85,3.85,3.65, 3.75,3.8,3.79,17725,0.67,69, 15169, 85.58
INDTERRAIN, EQ, 15-Nov-2019,69.0,69.45,71.1,67.7, 70.00,70.85,69.96,7273,5.09,158, 6322, 86.92
INDUSINDBK, EQ, 15-Nov-2019,1375.1,1377.1,1388.2,1345.7, 1358.00,1359.0,1366.45,4476838,61173.9,109261, 1356492, 30.30
INEOSSTYRO, EQ, 15-Nov-2019,674.95,666.15,679.5,666.0, 675.00,674.4,674.2,12679,85.48,225, 11191, 88.26
INFIBEAM, EQ, 15-Nov-2019,45.1,44.8,45.65,44.45, 44.50,45.1,44.95,728685,327.56,2321, 225916, 31.00
INFOBEAN, EQ, 15-Nov-2019,67.5,60.8,68.55,60.8, 67.00,67.0,67.38,1435,0.97,65, 1018, 70.94
INFRABEES, EQ, 15-Nov-2019,333.05,335.0,336.08,333.05, 333.05,335.23,335.48,162,0.54,20, 130, 80.25
INFRATEL, EQ, 15-Nov-2019,208.65,203.95,234.0,203.05, 228.90,227.15,221.03,20249326,44757.45,139771, 3123530, 15.43
INFY, EQ, 15-Nov-2019,705.3,709.05,712.95,702.3, 704.60,703.9,705.52,7362623,51944.72,122419, 4660400, 63.30
INGERRAND, EQ, 15-Nov-2019,611.7,618.0,623.0,609.9, 620.00,618.6,616.95,14608,90.12,530, 10971, 75.10
INOXLEISUR, EQ, 15-Nov-2019,360.35,360.35,360.35,356.5, 358.80,358.05,358.31,61038,218.71,3513, 30764, 50.40
INOXWIND, EQ, 15-Nov-2019,33.05,33.9,33.9,32.45, 33.50,33.15,33.13,50015,16.57,1249, 14837, 29.67
INSECTICID, EQ, 15-Nov-2019,547.7,552.75,554.6,519.7, 520.00,524.5,535.48,10210,54.67,1079, 6149, 60.23
INSPIRISYS, EQ, 15-Nov-2019,40.45,40.1,40.9,39.55, 39.90,39.9,39.98,8090,3.23,82, 6458, 79.83
INTELLECT, EQ, 15-Nov-2019,145.55,147.95,147.95,138.95, 145.10,145.45,143.62,298751,429.07,5494, 133000, 44.52
INTENTECH, EQ, 15-Nov-2019,29.0,29.0,30.65,28.5, 29.40,29.8,29.41,5251,1.54,37, 3742, 71.26
INVENTURE, EQ, 15-Nov-2019,12.9,13.0,13.1,12.8, 12.95,12.9,12.94,25090,3.25,56, 3095, 12.34
IOB, EQ, 15-Nov-2019,9.8,9.85,10.3,9.8, 9.85,9.9,10.03,969040,97.16,1874, 392692, 40.52
IOC, EQ, 15-Nov-2019,136.85,136.85,136.9,131.2, 131.55,131.7,132.95,11256676,14965.57,61354, 4035839, 35.85
IOLCP, EQ, 15-Nov-2019,196.5,197.0,201.4,182.15, 186.00,186.05,189.89,951038,1805.92,13126, 508796, 53.50
IPAPPM, EQ, 15-Nov-2019,307.05,303.0,309.9,301.3, 302.60,302.05,302.11,18953,57.26,470, 17302, 91.29
IPCALAB, EQ, 15-Nov-2019,1138.45,1137.9,1152.8,1109.0, 1114.70,1114.65,1128.63,263581,2974.84,16246, 196843, 74.68
IRB, EQ, 15-Nov-2019,71.8,71.95,72.6,70.6, 71.50,71.55,71.57,430723,308.27,4089, 119821, 27.82
IRCON, EQ, 15-Nov-2019,408.3,408.7,418.0,406.1, 410.00,408.6,411.25,80400,330.65,2722, 38202, 47.51
IRCTC, EQ, 15-Nov-2019,907.3,920.0,939.8,902.0, 934.50,928.2,923.39,3194038,29493.54,83968, 623255, 19.51
ISEC, EQ, 15-Nov-2019,315.45,315.95,318.15,310.75, 314.00,314.15,314.72,106685,335.76,4595, 65759, 61.64
ISMTLTD, EQ, 15-Nov-2019,4.0,4.0,4.1,3.85, 3.90,4.05,4.03,8526,0.34,26, 5675, 66.56
ITC, EQ, 15-Nov-2019,253.9,254.25,255.75,250.0, 250.65,250.65,251.81,16741465,42157.3,81190, 12029502, 71.85
ITDC, EQ, 15-Nov-2019,367.2,365.0,368.2,352.15, 353.60,354.65,360.32,82974,298.97,3667, 26720, 32.20
ITDCEM, EQ, 15-Nov-2019,54.15,53.95,54.0,51.5, 53.30,52.25,52.37,172126,90.14,1740, 99609, 57.87
ITI, EQ, 15-Nov-2019,85.95,86.0,88.6,85.55, 87.35,87.1,87.12,683847,595.75,7437, 151174, 22.11
IVC, EQ, 15-Nov-2019,3.75,3.8,3.8,3.55, 3.60,3.65,3.68,129026,4.75,150, 99343, 76.99
IVP, EQ, 15-Nov-2019,57.1,57.6,59.95,57.25, 59.95,59.95,58.9,841,0.5,12, 816, 97.03
IVZINGOLD, EQ, 15-Nov-2019,3431.0,3539.0,3539.0,3478.0, 3478.00,3478.0,3514.0,6,0.21,3, 4, 66.67
IVZINNIFTY, EQ, 15-Nov-2019,1276.6,1271.65,1271.65,1270.4, 1270.40,1270.4,1270.61,6,0.08,2, 6, 100.00
IZMO, EQ, 15-Nov-2019,32.7,32.5,33.5,31.1, 31.10,31.1,31.46,42661,13.42,153, 10237, 24.00
J&KBANK, EQ, 15-Nov-2019,30.6,30.7,31.9,30.7, 31.30,31.1,31.17,720702,224.68,4106, 395121, 54.82
JAGRAN, EQ, 15-Nov-2019,54.15,54.0,54.15,51.65, 52.00,51.95,52.11,1639999,854.55,7891, 1535006, 93.60
JAGSNPHARM, EQ, 15-Nov-2019,25.9,26.2,28.8,26.1, 26.70,26.55,26.79,7645,2.05,135, 5267, 68.89
JAIBALAJI, EQ, 15-Nov-2019,20.2,19.5,20.25,19.5, 20.00,20.0,19.94,3711,0.74,17, 3167, 85.34
JAICORPLTD, EQ, 15-Nov-2019,97.9,98.3,101.9,96.0, 99.05,99.25,99.1,2898112,2872.03,18153, 430510, 14.85
JAMNAAUTO, EQ, 15-Nov-2019,43.45,44.55,46.2,43.7, 45.80,45.45,45.0,1833624,825.06,9430, 742696, 40.50
JASH, EQ, 15-Nov-2019,138.8,139.45,141.0,137.0, 138.00,138.0,138.99,1260,1.75,12, 1015, 80.56
JAYAGROGN, EQ, 15-Nov-2019,131.25,130.5,134.8,129.1, 132.60,131.7,131.88,7214,9.51,362, 3069, 42.54
JAYBARMARU, EQ, 15-Nov-2019,223.1,230.55,237.0,218.7, 222.00,220.95,228.31,362894,828.51,5636, 64394, 17.74
JAYNECOIND, EQ, 15-Nov-2019,3.6,3.65,3.75,3.5, 3.65,3.65,3.65,11799,0.43,39, 9066, 76.84
JAYSREETEA, EQ, 15-Nov-2019,47.35,47.8,47.9,46.85, 47.05,47.05,47.29,39174,18.53,523, 24794, 63.29
JBCHEPHARM, EQ, 15-Nov-2019,396.35,395.95,399.0,392.0, 397.50,396.4,396.56,50857,201.68,1531, 32492, 63.89
JBFIND, EQ, 15-Nov-2019,7.05,7.0,7.1,6.8, 7.10,6.9,6.98,46861,3.27,102, 40692, 86.84
JBMA, EQ, 15-Nov-2019,227.05,229.65,237.0,226.1, 227.20,227.45,232.25,66772,155.08,1989, 21388, 32.03
JCHAC, EQ, 15-Nov-2019,1925.75,1914.8,1962.0,1890.0, 1905.00,1900.3,1904.79,2146,40.88,713, 1446, 67.38
JHS, EQ, 15-Nov-2019,16.0,15.9,16.65,15.5, 15.90,15.7,16.08,21402,3.44,386, 14427, 67.41
JINDALPOLY, EQ, 15-Nov-2019,228.8,230.1,231.9,226.05, 228.00,228.55,228.83,9753,22.32,415, 7179, 73.61
JINDALSAW, EQ, 15-Nov-2019,81.9,81.95,82.5,80.15, 80.30,80.35,81.01,254811,206.42,2089, 118301, 46.43
JINDALSTEL, EQ, 15-Nov-2019,139.65,141.2,145.9,139.8, 143.75,143.55,142.52,16318423,23257.72,74359, 1385236, 8.49
JINDRILL, EQ, 15-Nov-2019,79.1,79.9,79.9,77.0, 77.80,77.2,78.29,12184,9.54,197, 9136, 74.98
JINDWORLD, EQ, 15-Nov-2019,57.95,59.9,64.0,57.55, 63.80,62.75,59.59,225805,134.56,1857, 55251, 24.47
JISLDVREQS, EQ, 15-Nov-2019,10.25,9.85,10.0,9.75, 9.75,9.75,9.8,19796,1.94,135, 14993, 75.74
JISLJALEQS, EQ, 15-Nov-2019,13.3,12.65,12.85,12.65, 12.65,12.65,12.66,673629,85.3,1456, 620366, 92.09
JIYAECO, EQ, 15-Nov-2019,36.1,36.5,37.0,34.2, 34.70,34.75,35.4,186142,65.9,1311, 103975, 55.86
JKCEMENT, EQ, 15-Nov-2019,1160.1,1160.0,1164.55,1150.05, 1160.00,1160.2,1159.44,11851,137.41,1493, 6252, 52.76
JKIL, EQ, 15-Nov-2019,157.85,162.4,165.75,156.25, 159.75,160.05,161.25,687941,1109.32,6082, 437566, 63.61
JKLAKSHMI, EQ, 15-Nov-2019,300.15,303.0,303.95,295.65, 300.00,300.05,298.88,115376,344.84,7154, 93066, 80.66
JKPAPER, EQ, 15-Nov-2019,114.8,115.0,116.75,115.0, 115.00,115.15,115.44,312389,360.64,3411, 149969, 48.01
JKTYRE, EQ, 15-Nov-2019,72.05,71.7,72.8,70.15, 70.40,70.6,71.14,698679,497.07,5509, 268180, 38.38
JMA, EQ, 15-Nov-2019,23.6,23.5,25.2,23.3, 24.00,24.0,24.27,1246,0.3,15, 921, 73.92
JMCPROJECT, EQ, 15-Nov-2019,107.2,107.45,107.65,105.4, 106.05,106.2,106.62,235874,251.49,1376, 222310, 94.25
JMFINANCIL, EQ, 15-Nov-2019,89.85,91.25,94.8,89.0, 93.90,94.05,93.04,939542,874.15,13949, 409979, 43.64
JMTAUTOLTD, EQ, 15-Nov-2019,1.45,1.4,1.4,1.4, 1.40,1.4,1.4,13222,0.19,21, 13222, 100.00
JOCIL, EQ, 15-Nov-2019,105.3,109.55,109.85,102.4, 105.00,105.05,104.92,3598,3.78,73, 3398, 94.44
JPASSOCIAT, EQ, 15-Nov-2019,2.05,2.05,2.1,2.05, 2.10,2.1,2.07,4316090,89.22,1830, 2860463, 66.27
JPINFRATEC, EQ, 15-Nov-2019,1.25,1.25,1.25,1.2, 1.20,1.2,1.2,483318,5.81,216, 350975, 72.62
JPOLYINVST, EQ, 15-Nov-2019,11.55,11.0,12.1,11.0, 11.90,11.9,11.57,2629,0.3,18, 1827, 69.49
JPPOWER, EQ, 15-Nov-2019,1.15,1.15,1.2,1.1, 1.15,1.15,1.14,1633988,18.68,391, 1124124, 68.80
JSL, EQ, 15-Nov-2019,36.5,36.8,36.9,35.65, 35.85,35.7,36.07,211520,76.3,933, 103765, 49.06
JSLHISAR, EQ, 15-Nov-2019,68.9,70.0,71.5,68.1, 68.45,68.75,69.3,144143,99.9,1257, 80418, 55.79
JSWENERGY, EQ, 15-Nov-2019,70.4,71.0,72.5,69.3, 71.90,70.75,70.45,429071,302.27,3843, 255658, 59.58
JSWHL, EQ, 15-Nov-2019,2432.55,2412.0,2497.0,2412.0, 2497.00,2460.2,2451.96,581,14.25,100, 484, 83.30
JSWSTEEL, EQ, 15-Nov-2019,245.75,246.0,250.0,242.2, 244.60,244.75,245.68,5246862,12890.75,32611, 783683, 14.94
JTEKTINDIA, EQ, 15-Nov-2019,82.65,86.8,89.0,84.3, 85.40,85.1,86.11,122691,105.65,1803, 59064, 48.14
JUBILANT, EQ, 15-Nov-2019,503.2,500.0,509.45,490.15, 493.00,493.4,498.46,239043,1191.53,14417, 73624, 30.80
JUBLFOOD, EQ, 15-Nov-2019,1613.05,1620.0,1632.7,1610.45, 1621.85,1622.75,1622.06,572904,9292.84,20530, 115763, 20.21
JUBLINDS, EQ, 15-Nov-2019,98.25,98.05,99.9,97.0, 97.20,98.2,98.63,7343,7.24,185, 5524, 75.23
JUMPNET, EQ, 15-Nov-2019,73.9,74.25,74.75,72.2, 74.55,74.35,74.39,1299101,966.42,1254, 874276, 67.30
JUNIORBEES, EQ, 15-Nov-2019,292.77,294.45,294.45,291.08, 293.08,292.64,292.49,529405,1548.43,1641, 446524, 84.34
JUSTDIAL, EQ, 15-Nov-2019,514.3,514.3,525.75,500.2, 503.30,504.05,515.6,2574183,13272.6,46360, 209610, 8.14
JYOTHYLAB, EQ, 15-Nov-2019,176.2,176.95,182.95,175.05, 176.05,176.45,179.18,236256,423.32,4143, 85379, 36.14
KABRAEXTRU, EQ, 15-Nov-2019,66.5,67.0,67.0,66.25, 67.00,66.9,66.7,7202,4.8,136, 6520, 90.53
KAJARIACER, EQ, 15-Nov-2019,524.4,527.6,527.6,513.65, 520.40,518.25,517.49,146309,757.13,14231, 89610, 61.25
KAKATCEM, EQ, 15-Nov-2019,151.55,152.25,153.55,151.25, 151.25,151.35,151.79,2007,3.05,107, 1564, 77.93
KALPATPOWR, EQ, 15-Nov-2019,448.6,448.6,457.6,445.15, 446.30,449.35,451.85,51976,234.86,3446, 35135, 67.60
KAMATHOTEL, EQ, 15-Nov-2019,35.85,35.3,36.1,35.0, 36.10,35.5,35.29,15420,5.44,170, 10981, 71.21
KAMDHENU, EQ, 15-Nov-2019,102.1,100.95,104.0,98.55, 102.00,102.9,101.23,5608,5.68,145, 4156, 74.11
KANANIIND, EQ, 15-Nov-2019,2.9,3.05,3.15,2.9, 2.90,2.95,3.09,9743,0.3,22, 9735, 99.92
KANORICHEM, EQ, 15-Nov-2019,41.65,40.5,41.0,39.55, 39.70,39.75,40.11,51619,20.71,713, 44320, 85.86
KANSAINER, EQ, 15-Nov-2019,542.0,542.0,553.0,533.8, 549.50,550.85,544.8,276699,1507.45,10171, 208449, 75.33
KARDA, EQ, 15-Nov-2019,152.1,150.05,160.6,149.45, 150.80,151.2,154.06,110632,170.44,1548, 14244, 12.88
KARMAENG, EQ, 15-Nov-2019,9.25,9.4,10.15,9.4, 10.15,10.15,9.95,10249,1.02,46, 9429, 92.00
KARURVYSYA, EQ, 15-Nov-2019,58.45,58.7,59.05,57.5, 57.80,57.9,58.36,382145,223.02,3388, 221982, 58.09
KAYA, EQ, 15-Nov-2019,380.3,391.0,391.0,366.35, 367.20,370.45,375.9,7691,28.91,713, 4784, 62.20
KCP, EQ, 15-Nov-2019,62.35,62.15,62.85,58.6, 60.00,59.7,60.72,137309,83.38,1266, 109026, 79.40
KCPSUGIND, EQ, 15-Nov-2019,13.45,13.5,13.5,13.2, 13.30,13.3,13.3,64519,8.58,267, 42195, 65.40
KDDL, EQ, 15-Nov-2019,322.9,322.9,332.95,312.1, 312.10,320.85,323.18,814,2.63,52, 552, 67.81
KEC, EQ, 15-Nov-2019,278.1,279.8,284.0,278.4, 279.00,279.95,280.75,310413,871.48,7206, 166615, 53.68
KEI, EQ, 15-Nov-2019,536.2,537.9,543.5,528.65, 533.60,531.1,537.15,82328,442.23,4878, 50291, 61.09
KELLTONTEC, EQ, 15-Nov-2019,16.75,17.1,17.1,15.95, 15.95,15.95,16.22,103203,16.74,310, 74343, 72.04
KENNAMET, EQ, 15-Nov-2019,1009.2,1000.0,1019.45,966.0, 1000.00,999.9,996.98,13250,132.1,4052, 9869, 74.48
KESARENT, EQ, 15-Nov-2019,29.7,28.3,30.95,28.25, 29.00,28.55,28.59,5195,1.49,80, 3789, 72.94
KESORAMIND, EQ, 15-Nov-2019,59.8,62.8,63.45,60.3, 61.10,60.8,61.85,470685,291.12,4099, 183327, 38.95
KHADIM, EQ, 15-Nov-2019,210.5,211.0,216.2,208.95, 210.00,209.95,212.32,15367,32.63,907, 8967, 58.35
KICL, EQ, 15-Nov-2019,1566.45,1566.0,1593.95,1562.0, 1580.00,1581.6,1581.02,256,4.05,117, 147, 57.42
KILITCH, EQ, 15-Nov-2019,124.55,123.5,123.5,117.25, 117.65,118.3,119.26,21655,25.83,817, 14325, 66.15
KINGFA, EQ, 15-Nov-2019,619.85,634.95,641.0,620.5, 625.00,624.9,629.68,4333,27.28,199, 3386, 78.14
KIOCL, EQ, 15-Nov-2019,120.4,119.0,123.0,118.6, 119.95,119.6,120.29,18186,21.88,598, 13691, 75.28
KIRIINDUS, EQ, 15-Nov-2019,381.2,382.1,396.9,381.0, 386.25,386.45,389.34,142925,556.46,6573, 59419, 41.57
KIRLFER, EQ, 15-Nov-2019,60.95,60.2,63.8,60.1, 61.00,60.95,61.41,4483,2.75,48, 3368, 75.13
KIRLOSBROS, EQ, 15-Nov-2019,145.55,145.5,146.95,141.0, 141.50,142.85,143.64,9482,13.62,343, 7346, 77.47
KIRLOSENG, EQ, 15-Nov-2019,166.05,167.85,168.7,165.0, 165.00,165.1,165.87,14961,24.82,445, 8882, 59.37
KIRLOSIND, EQ, 15-Nov-2019,637.6,650.0,650.0,630.0, 630.00,632.05,636.88,418,2.66,112, 285, 68.18
KITEX, EQ, 15-Nov-2019,103.1,103.0,105.0,100.5, 101.75,100.8,102.06,64056,65.38,950, 32729, 51.09
KKCL, EQ, 15-Nov-2019,964.6,965.05,974.05,949.0, 950.05,956.95,957.23,1202,11.51,145, 1099, 91.43
KMSUGAR, EQ, 15-Nov-2019,6.7,6.8,6.8,6.5, 6.65,6.65,6.64,48132,3.2,145, 33847, 70.32
KNRCON, EQ, 15-Nov-2019,246.2,249.95,254.05,242.0, 243.15,244.95,248.3,232577,577.48,6054, 75329, 32.39
KOKUYOCMLN, EQ, 15-Nov-2019,71.75,71.95,71.95,70.05, 70.50,70.45,70.94,37604,26.68,544, 20403, 54.26
KOLTEPATIL, EQ, 15-Nov-2019,240.2,238.15,243.1,237.5, 239.50,238.45,240.03,23640,56.74,871, 13177, 55.74
KOPRAN, EQ, 15-Nov-2019,28.2,28.05,28.7,28.05, 28.40,28.5,28.47,17081,4.86,185, 10969, 64.22
KOTAKBANK, EQ, 15-Nov-2019,1597.6,1606.0,1629.0,1602.5, 1623.25,1622.75,1617.87,2068406,33464.1,66101, 1014639, 49.05
KOTAKBKETF, EQ, 15-Nov-2019,314.21,320.5,344.0,314.65, 317.25,317.38,317.18,670470,2126.61,489, 402824, 60.08
KOTAKGOLD, EQ, 15-Nov-2019,337.0,336.95,337.0,334.9, 336.00,335.85,336.4,18682,62.85,363, 16401, 87.79
KOTAKNIFTY, EQ, 15-Nov-2019,122.48,124.9,125.0,122.52, 123.07,123.09,123.01,896449,1102.76,341, 872993, 97.38
KOTAKNV20, EQ, 15-Nov-2019,58.47,58.98,58.98,57.97, 58.35,58.39,58.34,5475,3.19,133, 3512, 64.15
KOTAKPSUBK, EQ, 15-Nov-2019,237.08,240.0,247.0,238.5, 244.00,243.41,243.89,5505,13.43,300, 2692, 48.90
KOTARISUG, EQ, 15-Nov-2019,10.5,10.3,10.7,10.15, 10.55,10.55,10.45,9280,0.97,61, 7350, 79.20
KOTHARIPET, EQ, 15-Nov-2019,16.75,16.95,16.95,16.4, 16.40,16.45,16.48,6381,1.05,41, 5326, 83.47
KOTHARIPRO, EQ, 15-Nov-2019,61.45,64.9,64.9,60.15, 61.40,60.9,61.61,8663,5.34,189, 6310, 72.84
KPITTECH, EQ, 15-Nov-2019,92.95,92.15,95.3,90.3, 95.00,94.3,93.13,112074,104.37,3275, 77476, 69.13
KPRMILL, EQ, 15-Nov-2019,654.95,660.0,667.15,655.0, 655.50,659.05,660.85,13365,88.32,722, 10877, 81.38
KRBL, EQ, 15-Nov-2019,201.2,202.45,204.35,196.2, 197.45,197.4,199.71,65995,131.8,2470, 35957, 54.48
KREBSBIO, EQ, 15-Nov-2019,86.4,84.2,88.95,84.2, 88.90,88.9,87.19,138,0.12,4, 88, 63.77
KRIDHANINF, EQ, 15-Nov-2019,5.65,5.65,5.9,5.4, 5.70,5.65,5.71,174368,9.95,306, 129756, 74.42
KRISHANA, EQ, 15-Nov-2019,53.0,53.0,53.0,53.0, 53.00,53.0,53.0,100,0.05,1, 100, 100.00
KSB, EQ, 15-Nov-2019,701.95,704.9,708.4,695.75, 707.00,706.05,703.71,2558,18.0,310, 1628, 63.64
KSCL, EQ, 15-Nov-2019,527.0,527.5,535.7,525.35, 534.10,533.35,531.25,39976,212.37,2425, 16069, 40.20
KSK, EQ, 15-Nov-2019,0.6,0.55,0.6,0.55, 0.60,0.55,0.57,1111123,6.3,322, 823593, 74.12
KSL, EQ, 15-Nov-2019,214.5,213.05,220.4,213.0, 220.00,218.8,217.55,51175,111.33,1564, 30898, 60.38
KTIL, EQ, 15-Nov-2019,31.0,32.95,32.95,29.55, 30.20,30.2,30.05,2224,0.67,72, 2120, 95.32
KTKBANK, EQ, 15-Nov-2019,75.85,76.0,77.3,75.45, 77.00,76.7,76.75,640324,491.43,3850, 285528, 44.59
KUANTUM, EQ, 15-Nov-2019,470.55,475.05,475.05,410.0, 410.00,451.15,451.55,963,4.35,67, 937, 97.30
L&TFH, EQ, 15-Nov-2019,95.85,96.05,98.25,96.0, 97.65,97.6,97.4,7169522,6983.28,29398, 1699135, 23.70
LAKSHVILAS, EQ, 15-Nov-2019,18.2,18.15,19.1,17.8, 19.10,19.1,18.8,2358775,443.36,3528, 1500800, 63.63
LALPATHLAB, EQ, 15-Nov-2019,1588.2,1593.0,1620.0,1559.0, 1593.00,1602.3,1606.24,173557,2787.73,22693, 87588, 50.47
LAMBODHARA, EQ, 15-Nov-2019,31.9,32.5,33.1,32.1, 32.45,32.85,32.59,8299,2.7,198, 6454, 77.77
LAOPALA, EQ, 15-Nov-2019,148.2,149.3,149.85,142.6, 143.80,143.7,146.18,35561,51.98,1544, 26723, 75.15
LAURUSLABS, EQ, 15-Nov-2019,355.45,357.95,357.95,337.5, 342.20,342.1,345.24,109834,379.19,3870, 78920, 71.85
LAXMIMACH, EQ, 15-Nov-2019,3221.35,3227.85,3429.3,3191.0, 3395.00,3386.3,3332.16,16595,552.97,5499, 10206, 61.50
LEMONTREE, EQ, 15-Nov-2019,60.45,60.7,60.95,59.0, 59.20,59.4,59.97,381093,228.55,2929, 302818, 79.46
LFIC, EQ, 15-Nov-2019,51.7,49.3,55.25,49.3, 49.55,49.55,50.75,447,0.23,6, 366, 81.88
LGBBROSLTD, EQ, 15-Nov-2019,280.9,287.0,287.05,275.1, 278.00,278.35,282.53,2659,7.51,253, 1611, 60.59
LGBFORGE, EQ, 15-Nov-2019,2.35,2.4,2.4,2.25, 2.35,2.25,2.32,8897,0.21,24, 6246, 70.20
LIBAS, EQ, 15-Nov-2019,51.15,51.95,53.9,49.0, 52.75,52.75,52.05,52713,27.44,112, 32708, 62.05
LIBERTSHOE, EQ, 15-Nov-2019,130.4,131.4,132.7,126.45, 129.30,128.35,128.84,141128,181.83,2392, 49005, 34.72
LICHSGFIN, EQ, 15-Nov-2019,420.3,421.3,423.7,414.3, 415.45,415.3,418.67,1902529,7965.37,28287, 757107, 39.79
LICNETFGSC, EQ, 15-Nov-2019,20.98,21.58,21.58,20.01, 20.01,20.75,20.87,9996,2.09,57, 5129, 51.31
LICNETFN50, EQ, 15-Nov-2019,122.0,125.0,125.39,121.61, 121.65,122.49,122.62,351,0.43,45, 204, 58.12
LICNFNHGP, EQ, 15-Nov-2019,122.75,125.0,127.9,123.2, 123.20,123.2,127.0,27,0.03,12, 17, 62.96
LINCOLN, EQ, 15-Nov-2019,179.85,179.9,193.0,179.9, 182.90,182.75,186.33,85457,159.24,2519, 29899, 34.99
LINCPEN, EQ, 15-Nov-2019,186.15,190.0,190.05,180.0, 180.00,184.8,186.55,1649,3.08,228, 1352, 81.99
LINDEINDIA, EQ, 15-Nov-2019,596.3,591.0,603.0,591.0, 595.00,595.1,596.03,13832,82.44,603, 11551, 83.51
LIQUIDBEES, EQ, 15-Nov-2019,999.99,1008.0,1008.0,999.99, 999.99,999.99,1000.0,1824373,18243.71,3492, 595196, 32.62
LIQUIDETF, EQ, 15-Nov-2019,999.99,1000.0,1000.01,999.99, 1000.01,1000.0,999.99,9940,99.4,57, 8583, 86.35
LOKESHMACH, EQ, 15-Nov-2019,36.2,36.85,38.0,35.35, 36.40,36.4,36.22,63876,23.13,504, 16888, 26.44
LOTUSEYE, EQ, 15-Nov-2019,22.65,23.95,23.95,22.3, 22.90,22.9,22.87,1828,0.42,18, 1228, 67.18
LOVABLE, EQ, 15-Nov-2019,65.85,65.55,66.5,64.2, 64.50,64.6,65.02,5903,3.84,174, 3693, 62.56
LSIL, EQ, 15-Nov-2019,0.5,0.5,0.55,0.45, 0.50,0.5,0.5,1436529,7.22,233, 1085283, 75.55
LT, EQ, 15-Nov-2019,1380.45,1383.6,1392.7,1366.2, 1376.00,1377.65,1377.89,3409434,46978.25,101049, 1804748, 52.93
LTI, EQ, 15-Nov-2019,1630.4,1645.0,1699.0,1636.15, 1696.00,1690.8,1673.49,106475,1781.85,13134, 68833, 64.65
LTTS, EQ, 15-Nov-2019,1413.1,1414.5,1432.0,1414.0, 1420.00,1421.8,1421.15,78624,1117.36,8338, 53933, 68.60
LUMAXIND, EQ, 15-Nov-2019,1289.5,1289.5,1295.9,1258.1, 1260.10,1272.2,1280.69,1678,21.49,303, 1214, 72.35
LUMAXTECH, EQ, 15-Nov-2019,98.65,102.35,104.0,98.1, 101.00,98.9,100.49,11689,11.75,465, 4231, 36.20
LUPIN, EQ, 15-Nov-2019,738.35,739.85,747.8,731.55, 742.70,742.25,741.28,1106828,8204.65,19753, 317217, 28.66
LUXIND, EQ, 15-Nov-2019,1337.2,1346.0,1357.3,1310.0, 1313.00,1317.7,1326.81,53414,708.7,2554, 7966, 14.91
LYKALABS, EQ, 15-Nov-2019,16.75,16.75,17.55,16.5, 17.55,17.3,17.1,7570,1.29,182, 6249, 82.55
LYPSAGEMS, EQ, 15-Nov-2019,4.25,4.2,4.2,3.85, 4.00,3.95,3.89,42055,1.64,109, 35166, 83.62
M&M, EQ, 15-Nov-2019,578.45,583.75,590.85,579.75, 581.80,583.05,586.13,3063043,17953.57,55499, 1204048, 39.31
M&MFIN, EQ, 15-Nov-2019,328.35,328.95,331.05,322.3, 325.00,324.3,325.01,1328052,4316.34,26063, 542158, 40.82
M100, EQ, 15-Nov-2019,17.58,17.65,17.7,17.5, 17.50,17.56,17.61,23096,4.07,123, 21295, 92.20
M50, EQ, 15-Nov-2019,117.0,117.11,117.29,116.48, 116.71,116.92,117.05,2985,3.49,48, 1905, 63.82
MAANALU, EQ, 15-Nov-2019,60.05,62.0,63.3,60.25, 60.90,60.75,61.84,4272,2.64,120, 2781, 65.10
MADHAV, EQ, 15-Nov-2019,23.95,24.9,24.9,22.3, 23.30,23.35,23.48,6254,1.47,78, 4251, 67.97
MADHUCON, EQ, 15-Nov-2019,5.15,4.9,4.9,4.9, 4.90,4.9,4.9,8758,0.43,18, 8758, 100.00
MADRASFERT, EQ, 15-Nov-2019,19.35,19.35,19.5,19.25, 19.35,19.35,19.38,88963,17.24,245, 74552, 83.80
MAGADSUGAR, EQ, 15-Nov-2019,99.15,98.6,100.2,97.0, 100.10,99.6,98.63,9836,9.7,252, 6991, 71.08
MAGMA, EQ, 15-Nov-2019,43.05,43.9,44.35,39.9, 41.40,41.05,41.17,214011,88.1,4858, 166385, 77.75
MAHABANK, EQ, 15-Nov-2019,11.2,11.3,11.7,11.2, 11.40,11.4,11.52,524392,60.39,1264, 232767, 44.39
MAHASTEEL, EQ, 15-Nov-2019,149.35,151.95,159.85,146.7, 156.00,154.55,152.05,14332,21.79,321, 9489, 66.21
MAHESHWARI, EQ, 15-Nov-2019,240.75,242.2,248.25,231.5, 241.05,238.75,242.84,39586,96.13,632, 19387, 48.97
MAHINDCIE, EQ, 15-Nov-2019,143.95,144.35,147.55,143.0, 143.05,144.0,144.11,527336,759.94,1999, 490685, 93.05
MAHLIFE, EQ, 15-Nov-2019,394.95,395.0,397.75,390.3, 394.00,393.5,394.93,109529,432.57,4307, 100728, 91.96
MAHLOG, EQ, 15-Nov-2019,397.75,398.7,404.8,395.5, 395.55,397.0,399.87,88141,352.45,4283, 79837, 90.58
MAHSCOOTER, EQ, 15-Nov-2019,4821.45,4844.95,4855.0,4812.8, 4820.10,4822.65,4842.27,3491,169.04,356, 2481, 71.07
MAHSEAMLES, EQ, 15-Nov-2019,384.9,385.8,395.6,375.85, 378.20,378.65,387.25,36545,141.52,1442, 20329, 55.63
MAITHANALL, EQ, 15-Nov-2019,428.75,430.1,455.95,430.1, 454.50,450.4,444.72,41166,183.07,1394, 32534, 79.03
MAJESCO, EQ, 15-Nov-2019,405.9,406.0,414.2,400.55, 410.00,410.2,408.91,37357,152.76,4985, 27126, 72.61
MALUPAPER, EQ, 15-Nov-2019,22.25,21.75,22.35,21.15, 21.25,21.15,21.46,31379,6.73,280, 19310, 61.54
MAN50ETF, EQ, 15-Nov-2019,120.1,120.75,121.4,120.7, 120.75,120.75,120.91,109631,132.56,2141, 105337, 96.08
MANAKALUCO, EQ, 15-Nov-2019,4.6,4.55,5.35,4.5, 4.50,4.9,4.87,9263,0.45,23, 9061, 97.82
MANAKCOAT, EQ, 15-Nov-2019,3.95,4.1,4.1,3.85, 3.85,3.85,4.09,784,0.03,6, 784, 100.00
MANAKSIA, EQ, 15-Nov-2019,39.8,40.15,40.3,39.5, 39.75,40.05,40.01,19146,7.66,169, 15574, 81.34
MANAKSTEEL, EQ, 15-Nov-2019,9.9,10.8,10.8,9.8, 10.75,10.55,10.29,12122,1.25,108, 9137, 75.38
MANALIPETC, EQ, 15-Nov-2019,16.9,17.0,17.1,16.5, 16.80,16.7,16.9,150107,25.37,551, 106025, 70.63
MANAPPURAM, EQ, 15-Nov-2019,162.95,163.2,164.75,161.25, 162.00,161.95,162.89,1958227,3189.67,7483, 762968, 38.96
MANGCHEFER, EQ, 15-Nov-2019,29.15,29.45,29.45,28.8, 28.80,28.95,29.04,4745,1.38,68, 3845, 81.03
MANGLMCEM, EQ, 15-Nov-2019,297.95,307.0,307.0,289.95, 293.80,295.15,296.0,8910,26.37,519, 4464, 50.10
MANINDS, EQ, 15-Nov-2019,43.0,43.35,43.5,41.5, 42.25,42.25,42.35,30321,12.84,336, 16064, 52.98
MANINFRA, EQ, 15-Nov-2019,22.6,23.0,23.5,22.1, 22.55,22.55,22.69,112106,25.44,599, 90539, 80.76
MANUGRAPH, EQ, 15-Nov-2019,13.6,14.15,14.25,13.1, 14.20,14.0,13.66,8057,1.1,140, 3653, 45.34
MARALOVER, EQ, 15-Nov-2019,18.05,18.05,18.05,17.15, 17.15,17.15,17.21,6939,1.19,37, 4885, 70.40
MARATHON, EQ, 15-Nov-2019,77.75,80.25,80.55,77.1, 77.85,77.8,78.15,2067,1.62,49, 1600, 77.41
MARICO, EQ, 15-Nov-2019,356.55,357.45,357.5,353.1, 356.00,356.35,355.51,2293732,8154.51,51746, 1762158, 76.82
MARKSANS, EQ, 15-Nov-2019,14.25,14.25,14.6,14.15, 14.20,14.25,14.36,618545,88.8,1556, 207288, 33.51
MARUTI, EQ, 15-Nov-2019,7247.15,7300.0,7359.0,7116.2, 7140.00,7147.2,7248.07,1049492,76067.87,86228, 279058, 26.59
MASFIN, EQ, 15-Nov-2019,720.4,724.7,729.8,714.65, 720.00,719.3,724.81,160912,1166.31,784, 156735, 97.40
MASTEK, EQ, 15-Nov-2019,314.9,314.9,320.35,313.65, 317.50,317.25,318.02,19402,61.7,787, 10221, 52.68
MATRIMONY, EQ, 15-Nov-2019,486.7,500.0,548.95,481.7, 492.50,495.85,514.91,14607,75.21,1581, 4390, 30.05
MAWANASUG, EQ, 15-Nov-2019,32.4,31.5,32.2,30.95, 31.80,31.5,31.37,122552,38.44,816, 82111, 67.00
MAXINDIA, EQ, 15-Nov-2019,71.55,71.0,77.5,70.5, 76.00,75.4,74.02,404048,299.07,4769, 261532, 64.73
MAXVIL, EQ, 15-Nov-2019,38.05,38.45,39.3,37.6, 37.75,37.8,38.36,71019,27.25,775, 48437, 68.20
MAYURUNIQ, EQ, 15-Nov-2019,222.55,219.5,224.9,218.2, 221.05,223.9,222.72,23623,52.61,1819, 18811, 79.63
MAZDA, EQ, 15-Nov-2019,387.2,390.0,390.0,372.0, 386.00,380.25,381.73,10029,38.28,601, 2697, 26.89
MBAPL, EQ, 15-Nov-2019,70.05,73.85,74.0,73.85, 74.00,74.0,74.0,500,0.37,2, 500, 100.00
MCDHOLDING, EQ, 15-Nov-2019,17.7,17.8,18.4,17.35, 18.40,18.1,17.96,7428,1.33,81, 5488, 73.88
MCDOWELL-N, EQ, 15-Nov-2019,618.45,616.9,627.25,614.0, 624.00,624.5,621.59,785063,4879.84,21735, 321440, 40.94
MCLEODRUSS, EQ, 15-Nov-2019,6.95,6.75,7.25,6.65, 7.10,7.25,7.2,6487461,466.83,2902, 5778397, 89.07
MCX, EQ, 15-Nov-2019,1150.5,1156.25,1169.85,1141.1, 1157.10,1150.3,1156.62,240927,2786.62,11914, 82492, 34.24
MEGASOFT, EQ, 15-Nov-2019,6.65,6.5,7.25,6.4, 7.05,7.1,6.98,21719,1.52,64, 19490, 89.74
MEGH, EQ, 15-Nov-2019,55.2,55.4,56.25,53.3, 53.70,53.65,54.4,403113,219.31,2414, 199567, 49.51
MENONBE, EQ, 15-Nov-2019,54.95,54.95,57.0,54.0, 57.00,56.25,55.57,19568,10.87,383, 7307, 37.34
MEP, EQ, 15-Nov-2019,34.2,34.0,35.1,32.75, 32.90,33.0,33.47,80223,26.85,601, 53580, 66.79
METROPOLIS, EQ, 15-Nov-2019,1396.0,1395.0,1425.0,1363.8, 1380.00,1377.2,1391.27,30303,421.6,3436, 17052, 56.27
MFSL, EQ, 15-Nov-2019,479.35,480.0,486.0,473.45, 474.80,476.45,480.48,1369781,6581.53,28925, 537251, 39.22
MGL, EQ, 15-Nov-2019,1030.1,1029.0,1040.0,996.15, 1007.80,1001.15,1017.74,788824,8028.18,24275, 325626, 41.28
MHRIL, EQ, 15-Nov-2019,220.65,217.3,223.65,212.35, 215.20,215.7,217.46,48487,105.44,1630, 27461, 56.64
MIDHANI, EQ, 15-Nov-2019,170.65,171.65,173.95,167.15, 169.40,169.35,169.79,292432,496.52,4861, 88202, 30.16
MINDACORP, EQ, 15-Nov-2019,91.8,93.4,97.5,93.4, 97.00,96.45,96.02,363548,349.08,5668, 192337, 52.91
MINDAIND, EQ, 15-Nov-2019,336.65,334.6,343.7,331.7, 337.00,337.25,337.61,115359,389.47,5873, 66325, 57.49
MINDTECK, EQ, 15-Nov-2019,30.6,31.6,31.6,29.7, 31.10,31.0,30.62,3569,1.09,185, 2669, 74.78
MINDTREE, EQ, 15-Nov-2019,689.55,691.0,702.0,683.95, 690.25,693.25,693.95,295733,2052.25,13381, 66187, 22.38
MIRCELECTR, EQ, 15-Nov-2019,7.75,7.55,7.7,7.4, 7.40,7.4,7.42,145938,10.82,237, 114241, 78.28
MIRZAINT, EQ, 15-Nov-2019,58.05,57.4,58.45,56.45, 57.40,57.05,57.29,146948,84.18,1377, 90566, 61.63
MMFL, EQ, 15-Nov-2019,386.65,392.0,398.5,387.05, 396.95,394.2,393.82,2156,8.49,201, 1123, 52.09
MMTC, EQ, 15-Nov-2019,17.75,17.75,18.0,17.3, 18.00,17.75,17.65,686307,121.16,2018, 265583, 38.70
MOHOTAIND, EQ, 15-Nov-2019,7.7,7.7,7.8,7.35, 7.80,7.65,7.45,5775,0.43,69, 5744, 99.46
MOIL, EQ, 15-Nov-2019,147.55,142.05,142.8,139.55, 139.75,140.0,140.95,484921,683.51,5788, 247917, 51.13
MOLDTECH, EQ, 15-Nov-2019,50.35,51.0,51.0,48.2, 50.35,49.5,49.5,1938,0.96,28, 1821, 93.96
MOLDTKPAC, EQ, 15-Nov-2019,281.8,282.75,294.4,280.2, 285.00,285.85,288.53,26862,77.51,1097, 15499, 57.70
MONTECARLO, EQ, 15-Nov-2019,241.95,240.05,251.8,240.05, 242.50,247.1,244.81,17583,43.04,801, 11393, 64.80
MORARJEE, EQ, 15-Nov-2019,13.85,13.85,14.0,13.2, 13.20,13.4,13.66,313,0.04,9, 310, 99.04
MOREPENLAB, EQ, 15-Nov-2019,16.2,16.45,16.65,16.25, 16.35,16.3,16.39,222826,36.53,648, 119451, 53.61
MOTHERSUMI, EQ, 15-Nov-2019,136.35,137.65,138.6,133.85, 134.85,134.45,136.29,8618616,11746.41,52082, 2747300, 31.88
MOTILALOFS, EQ, 15-Nov-2019,699.5,712.45,740.6,701.0, 731.40,730.25,728.64,916269,6676.35,10836, 639059, 69.75
MOTOGENFIN, EQ, 15-Nov-2019,35.65,35.75,35.75,34.95, 35.00,35.0,35.02,55,0.02,5, 52, 94.55
MPHASIS, EQ, 15-Nov-2019,893.35,898.6,914.0,885.0, 907.00,907.1,895.74,129296,1158.16,10783, 80069, 61.93
MPSLTD, EQ, 15-Nov-2019,510.0,510.05,514.2,510.0, 510.00,510.25,510.19,4732,24.14,170, 4280, 90.45
MRF, EQ, 15-Nov-2019,63621.5,63749.05,64460.25,63312.3, 64079.95,63950.5,63950.76,3201,2047.06,2081, 822, 25.68
MRPL, EQ, 15-Nov-2019,48.3,48.1,48.55,47.55, 47.70,47.75,47.92,145505,69.73,1084, 77825, 53.49
MSPL, EQ, 15-Nov-2019,6.1,5.8,5.8,5.8, 5.80,5.8,5.8,3066,0.18,24, 3066, 100.00
MSTCLTD, EQ, 15-Nov-2019,157.05,154.5,164.7,152.1, 160.80,160.05,158.78,929246,1475.49,11049, 360854, 38.83
MTEDUCARE, EQ, 15-Nov-2019,18.45,17.6,18.9,17.55, 17.80,18.7,17.76,143070,25.41,337, 124581, 87.08
MUKANDENGG, EQ, 15-Nov-2019,12.1,12.7,12.7,11.2, 11.35,11.35,11.83,2553,0.3,43, 245, 9.60
MUKANDLTD, EQ, 15-Nov-2019,30.95,30.95,31.9,30.55, 31.25,31.05,30.99,7364,2.28,186, 5487, 74.51
MUKTAARTS, EQ, 15-Nov-2019,38.5,39.9,39.9,38.25, 39.05,38.95,39.51,20592,8.14,142, 17163, 83.35
MUNJALAU, EQ, 15-Nov-2019,45.0,49.2,49.4,47.2, 47.50,47.65,47.97,1153371,553.29,7627, 310131, 26.89
MUNJALSHOW, EQ, 15-Nov-2019,127.6,130.75,136.4,128.05, 129.05,129.95,131.86,25200,33.23,722, 12197, 48.40
MURUDCERA, EQ, 15-Nov-2019,16.15,16.1,17.25,16.0, 16.90,16.8,16.8,46446,7.8,407, 30826, 66.37
MUTHOOTCAP, EQ, 15-Nov-2019,458.3,472.15,472.2,449.95, 454.90,450.65,460.97,33077,152.47,434, 29675, 89.71
MUTHOOTFIN, EQ, 15-Nov-2019,711.5,711.0,714.0,700.0, 701.50,701.65,705.87,1477005,10425.69,64018, 471916, 31.95
N100, EQ, 15-Nov-2019,585.51,588.0,588.0,584.0, 584.00,585.03,586.61,7136,41.86,391, 5260, 73.71
NACLIND, EQ, 15-Nov-2019,26.6,26.8,26.9,26.05, 26.50,26.45,26.48,65844,17.43,141, 58653, 89.08
NAGREEKEXP, EQ, 15-Nov-2019,14.55,14.9,15.4,14.9, 15.40,14.95,14.95,557,0.08,8, 551, 98.92
NAHARCAP, EQ, 15-Nov-2019,78.7,77.3,77.5,75.5, 75.50,76.35,76.62,2192,1.68,41, 1660, 75.73
NAHARINDUS, EQ, 15-Nov-2019,24.8,25.3,25.3,23.55, 23.55,23.8,24.26,7116,1.73,406, 4129, 58.02
NAHARPOLY, EQ, 15-Nov-2019,36.45,35.75,37.25,35.6, 36.00,36.0,36.22,3635,1.32,44, 3400, 93.54
NAHARSPING, EQ, 15-Nov-2019,44.35,45.25,45.3,44.1, 44.15,44.25,44.69,8557,3.82,141, 6473, 75.65
NATCOPHARM, EQ, 15-Nov-2019,560.55,565.85,567.85,560.45, 565.30,565.05,564.8,110950,626.64,4538, 86646, 78.09
NATHBIOGEN, EQ, 15-Nov-2019,340.5,337.0,349.45,334.9, 335.00,337.7,341.08,18455,62.95,994, 14876, 80.61
NATIONALUM, EQ, 15-Nov-2019,42.15,42.1,42.55,41.65, 42.30,42.15,42.09,5004515,2106.29,12649, 1101761, 22.02
NAUKRI, EQ, 15-Nov-2019,2610.5,2626.8,2664.5,2595.55, 2646.95,2638.5,2638.57,287259,7579.54,35722, 187968, 65.44
NAVINFLUOR, EQ, 15-Nov-2019,901.1,901.1,947.85,894.1, 908.55,908.25,926.11,199961,1851.86,13694, 77734, 38.87
NAVKARCORP, EQ, 15-Nov-2019,35.15,35.55,36.5,33.2, 33.85,33.6,34.74,215366,74.81,1138, 126436, 58.71
NAVNETEDUL, EQ, 15-Nov-2019,97.85,98.25,100.0,98.25, 99.60,99.55,99.35,32394,32.18,1017, 19669, 60.72
NBCC, EQ, 15-Nov-2019,37.3,37.15,38.3,36.35, 37.50,37.4,37.21,16319699,6071.83,33720, 2811751, 17.23
NBIFIN, EQ, 15-Nov-2019,1410.05,1400.0,1409.7,1360.55, 1370.50,1371.85,1372.11,101,1.39,29, 54, 53.47
NBVENTURES, EQ, 15-Nov-2019,63.8,64.4,64.4,62.1, 62.65,62.45,63.3,77884,49.3,970, 63522, 81.56
NCC, EQ, 15-Nov-2019,54.7,54.9,56.9,54.65, 55.90,55.75,55.63,14190280,7894.46,32327, 1237782, 8.72
NCLIND, EQ, 15-Nov-2019,83.55,76.15,81.95,76.15, 77.00,77.05,78.47,424249,332.93,3397, 260475, 61.40
NDGL, EQ, 15-Nov-2019,569.0,569.0,569.0,550.0, 550.00,550.7,553.0,16,0.09,4, 16, 100.00
NDL, EQ, 15-Nov-2019,31.35,30.55,31.25,30.2, 30.20,30.45,30.63,22106,6.77,355, 16765, 75.84
NDTV, EQ, 15-Nov-2019,29.9,29.8,30.5,29.5, 30.00,29.85,29.96,9540,2.86,124, 6244, 65.45
NECCLTD, EQ, 15-Nov-2019,5.3,5.25,5.55,5.15, 5.25,5.35,5.34,49020,2.62,77, 31364, 63.98
NECLIFE, EQ, 15-Nov-2019,14.9,14.25,14.25,12.55, 12.65,12.75,13.01,379164,49.34,1882, 211272, 55.72
NELCAST, EQ, 15-Nov-2019,39.9,44.0,46.5,41.7, 44.10,44.15,44.74,587837,262.98,4585, 133853, 22.77
NELCO, EQ, 15-Nov-2019,238.8,236.95,242.95,235.0, 236.45,236.2,237.53,31149,73.99,917, 15654, 50.26
NEOGEN, EQ, 15-Nov-2019,368.8,371.1,378.0,361.0, 370.00,368.4,368.67,21386,78.84,1029, 13173, 61.60
NESCO, EQ, 15-Nov-2019,619.2,619.0,624.0,605.85, 607.40,609.75,613.82,47388,290.88,2576, 30751, 64.89
NESTLEIND, EQ, 15-Nov-2019,14231.35,14261.85,14437.0,14153.05, 14305.00,14295.55,14320.47,75837,10860.22,16678, 40016, 52.77
NETF, EQ, 15-Nov-2019,119.76,121.09,121.09,120.64, 120.64,120.64,120.68,11,0.01,2, 10, 90.91
NETFCONSUM, EQ, 15-Nov-2019,53.13,52.8,54.15,51.3, 53.25,53.44,53.56,1061,0.57,24, 735, 69.27
NETFDIVOPP, EQ, 15-Nov-2019,29.49,29.8,29.87,29.75, 29.75,29.75,29.75,283,0.08,8, 282, 99.65
NETFLTGILT, EQ, 15-Nov-2019,20.13,20.08,20.14,20.08, 20.14,20.14,20.13,981,0.2,7, 845, 86.14
NETFMID150, EQ, 15-Nov-2019,61.59,61.37,62.1,61.37, 61.87,61.58,61.8,120544,74.5,51, 35295, 29.28
NETFNIF100, EQ, 15-Nov-2019,123.03,124.62,124.62,123.5, 123.55,123.55,123.6,3754,4.64,8, 3731, 99.39
NETFNV20, EQ, 15-Nov-2019,582.34,586.0,588.5,584.0, 584.00,584.0,587.34,344,2.02,31, 308, 89.53
NETWORK18, EQ, 15-Nov-2019,22.6,22.5,23.9,22.5, 23.30,23.55,23.33,389421,90.84,1853, 232761, 59.77
NEULANDLAB, EQ, 15-Nov-2019,508.7,528.0,539.9,481.7, 484.00,486.35,514.46,162069,833.78,9764, 90747, 55.99
NEWGEN, EQ, 15-Nov-2019,185.95,189.7,194.0,187.5, 189.50,189.4,190.59,37524,71.52,2786, 24724, 65.89
NEXTMEDIA, EQ, 15-Nov-2019,10.55,10.3,11.6,10.25, 11.60,11.35,11.26,11230,1.26,79, 9672, 86.13
NFL, EQ, 15-Nov-2019,26.1,26.25,26.3,25.8, 25.90,25.85,26.03,149924,39.03,688, 88056, 58.73
NH, EQ, 15-Nov-2019,305.1,307.0,307.55,290.0, 292.05,293.2,299.26,325390,973.76,8786, 214221, 65.84
NHPC, EQ, 15-Nov-2019,23.55,23.6,23.7,23.3, 23.40,23.35,23.46,1640799,384.9,3139, 1003524, 61.16
NIACL, EQ, 15-Nov-2019,158.25,163.0,164.5,156.5, 159.50,158.35,161.55,793345,1281.65,10752, 417095, 52.57
NIFTYBEES, EQ, 15-Nov-2019,1255.46,1260.0,1266.9,1257.18, 1261.80,1260.44,1260.34,119054,1500.48,1455, 99885, 83.90
NIITLTD, EQ, 15-Nov-2019,102.55,102.3,103.25,101.35, 102.50,102.5,102.31,305380,312.43,3718, 170994, 55.99
NIITTECH, EQ, 15-Nov-2019,1504.7,1510.0,1520.0,1473.8, 1488.95,1491.1,1491.36,161514,2408.76,6563, 28648, 17.74
NILAINFRA, EQ, 15-Nov-2019,5.15,5.1,5.15,4.8, 5.10,5.05,4.96,333226,16.53,421, 172854, 51.87
NILASPACES, EQ, 15-Nov-2019,1.4,1.35,1.4,1.35, 1.35,1.35,1.35,20112,0.27,24, 19612, 97.51
NILKAMAL, EQ, 15-Nov-2019,1316.5,1327.05,1354.0,1315.25, 1329.00,1331.3,1334.55,29944,399.62,3712, 10533, 35.18
NIPPOBATRY, EQ, 15-Nov-2019,596.25,608.0,614.0,572.6, 585.00,582.45,587.69,30586,179.75,2357, 8365, 27.35
NITCO, EQ, 15-Nov-2019,22.95,23.0,23.2,22.6, 22.65,22.75,22.87,39524,9.04,240, 27467, 69.49
NITINSPIN, EQ, 15-Nov-2019,48.2,47.6,49.15,46.3, 48.50,48.5,48.19,36354,17.52,580, 24161, 66.46
NLCINDIA, EQ, 15-Nov-2019,54.4,54.25,54.8,54.2, 54.35,54.25,54.44,104354,56.81,1492, 61653, 59.08
NMDC, EQ, 15-Nov-2019,98.55,99.0,100.5,97.6, 99.45,99.7,99.15,2952358,2927.26,11390, 506238, 17.15
NOCIL, EQ, 15-Nov-2019,105.05,105.05,107.75,103.05, 105.40,105.75,105.78,933819,987.78,7260, 360268, 38.58
NPBET, EQ, 15-Nov-2019,171.2,172.41,173.05,165.29, 169.88,166.43,172.16,3335,5.74,18, 3331, 99.88
NRAIL, EQ, 15-Nov-2019,218.25,218.05,223.7,210.5, 213.95,211.7,213.76,8957,19.15,841, 4880, 54.48
NRBBEARING, EQ, 15-Nov-2019,98.0,98.45,101.6,98.4, 100.00,99.0,100.0,39491,39.49,756, 20925, 52.99
NSIL, EQ, 15-Nov-2019,816.9,800.45,825.05,800.45, 802.00,804.85,805.63,336,2.71,136, 139, 41.37
NTPC, EQ, 15-Nov-2019,118.55,118.55,118.85,116.95, 117.25,117.35,117.86,4650424,5480.9,29938, 2422151, 52.08
NUCLEUS, EQ, 15-Nov-2019,299.65,300.05,302.35,298.0, 298.05,299.15,299.77,3839,11.51,196, 3004, 78.25
NXTDIGITAL, EQ, 15-Nov-2019,317.4,330.05,349.0,330.05, 340.05,340.25,340.92,3833,13.07,309, 3114, 81.24
OAL, EQ, 15-Nov-2019,188.1,187.05,189.9,185.0, 185.30,185.8,186.6,3126,5.83,87, 2698, 86.31
OBEROIRLTY, EQ, 15-Nov-2019,516.25,516.0,518.4,508.0, 509.85,510.65,514.54,334534,1721.31,4912, 285723, 85.41
OCCL, EQ, 15-Nov-2019,979.9,989.85,999.95,970.0, 985.00,978.7,982.55,3362,33.03,256, 2782, 82.75
OFSS, EQ, 15-Nov-2019,3058.8,3026.65,3078.85,3026.65, 3060.00,3061.25,3063.28,7094,217.31,1073, 3944, 55.60
OIL, EQ, 15-Nov-2019,159.8,160.45,161.8,156.95, 161.60,160.3,158.87,677036,1075.64,9160, 337388, 49.83
OILCOUNTUB, EQ, 15-Nov-2019,6.1,6.1,6.25,5.85, 6.10,6.1,6.08,5957,0.36,50, 5593, 93.89
OISL, EQ, 15-Nov-2019,4.2,4.3,4.3,4.0, 4.05,4.0,4.03,27578,1.11,57, 16860, 61.14
OLECTRA, EQ, 15-Nov-2019,181.95,184.05,185.9,180.3, 180.30,180.9,183.68,26650,48.95,760, 17088, 64.12
OMAXAUTO, EQ, 15-Nov-2019,46.9,48.8,51.0,44.3, 49.00,49.2,49.1,14937,7.33,418, 8388, 56.16
OMAXE, EQ, 15-Nov-2019,183.95,184.95,185.0,181.9, 183.00,182.85,183.24,290546,532.4,2245, 114729, 39.49
OMMETALS, EQ, 15-Nov-2019,23.05,23.0,23.0,20.1, 20.60,20.85,21.12,141541,29.9,574, 102951, 72.74
ONELIFECAP, EQ, 15-Nov-2019,7.55,7.9,7.9,7.25, 7.60,7.9,7.84,1943,0.15,17, 1791, 92.18
ONEPOINT, EQ, 15-Nov-2019,11.45,11.15,11.35,11.15, 11.35,11.3,11.23,273,0.03,11, 273, 100.00
ONGC, EQ, 15-Nov-2019,136.2,137.3,138.8,135.15, 135.35,135.55,136.7,8390855,11470.43,50741, 2557122, 30.48
ONMOBILE, EQ, 15-Nov-2019,34.45,34.1,34.9,32.05, 32.35,32.4,32.97,181735,59.93,1228, 134233, 73.86
ONWARDTEC, EQ, 15-Nov-2019,69.0,69.0,69.95,69.0, 69.20,69.25,69.19,14186,9.81,127, 12910, 91.01
OPTOCIRCUI, EQ, 15-Nov-2019,3.9,3.8,3.85,3.75, 3.80,3.8,3.78,420488,15.89,304, 252892, 60.14
ORBTEXP, EQ, 15-Nov-2019,84.95,85.95,87.85,83.0, 84.00,84.6,85.56,3799,3.25,287, 1590, 41.85
ORICONENT, EQ, 15-Nov-2019,17.8,17.8,18.35,17.75, 18.00,18.0,17.92,24915,4.46,131, 20390, 81.84
ORIENTABRA, EQ, 15-Nov-2019,18.25,18.0,18.9,17.5, 18.30,18.05,18.14,7091,1.29,70, 4156, 58.61
ORIENTALTL, EQ, 15-Nov-2019,13.0,13.2,13.25,12.35, 12.50,12.45,12.96,55389,7.18,67, 50696, 91.53
ORIENTBANK, EQ, 15-Nov-2019,51.0,51.5,53.8,51.05, 52.20,52.3,52.84,1847374,976.21,13729, 346579, 18.76
ORIENTBELL, EQ, 15-Nov-2019,117.7,117.2,123.0,117.0, 122.30,121.25,119.79,8842,10.59,242, 6679, 75.54
ORIENTCEM, EQ, 15-Nov-2019,73.95,73.95,75.0,73.3, 74.10,73.9,74.09,84870,62.88,1291, 63135, 74.39
ORIENTELEC, EQ, 15-Nov-2019,189.85,190.0,191.5,186.2, 188.50,187.7,188.5,104803,197.55,4468, 67227, 64.15
ORIENTHOT, EQ, 15-Nov-2019,33.0,32.8,35.0,32.8, 33.55,33.55,34.05,32810,11.17,197, 25571, 77.94
ORIENTLTD, EQ, 15-Nov-2019,93.4,99.95,102.9,93.2, 95.70,95.75,96.7,155,0.15,12, 50, 32.26
ORIENTPPR, EQ, 15-Nov-2019,25.05,25.05,25.1,24.75, 24.95,24.85,24.92,176650,44.01,902, 113228, 64.10
ORIENTREF, EQ, 15-Nov-2019,214.1,212.1,217.0,209.7, 213.00,212.85,212.32,42294,89.8,1343, 31728, 75.02
ORISSAMINE, EQ, 15-Nov-2019,1321.95,1321.95,1321.95,1219.5, 1230.00,1227.7,1258.92,29437,370.59,4418, 9868, 33.52
ORTINLABSS, EQ, 15-Nov-2019,10.0,9.45,9.8,9.15, 9.15,9.2,9.41,32056,3.02,122, 27428, 85.56
OSWALAGRO, EQ, 15-Nov-2019,5.55,5.95,5.95,5.3, 5.35,5.4,5.46,4414,0.24,91, 2868, 64.98
PAGEIND, EQ, 15-Nov-2019,23583.9,23999.95,24694.3,23625.5, 23627.00,23761.75,24163.98,80450,19439.92,25984, 32015, 39.79
PAISALO, EQ, 15-Nov-2019,433.45,430.0,441.55,426.3, 430.00,432.55,434.15,8349,36.25,369, 3165, 37.91
PALASHSECU, EQ, 15-Nov-2019,27.6,29.2,29.2,26.0, 26.00,26.5,27.54,2085,0.57,33, 1084, 51.99
PANACEABIO, EQ, 15-Nov-2019,130.35,131.0,133.0,117.6, 119.90,120.0,123.27,74897,92.33,2277, 43262, 57.76
PANAMAPET, EQ, 15-Nov-2019,66.35,66.05,66.5,65.0, 65.00,65.05,65.83,51439,33.86,387, 48093, 93.50
PAPERPROD, EQ, 15-Nov-2019,248.45,252.0,252.0,247.1, 248.75,248.05,248.8,15797,39.3,350, 14796, 93.66
PARACABLES, EQ, 15-Nov-2019,8.85,8.8,9.05,8.65, 8.90,8.75,8.8,65425,5.76,158, 52934, 80.91
PARAGMILK, EQ, 15-Nov-2019,129.45,130.95,130.95,125.15, 125.95,126.3,127.61,246395,314.43,3877, 135872, 55.14
PARSVNATH, EQ, 15-Nov-2019,2.3,2.25,2.3,2.2, 2.25,2.25,2.25,127258,2.86,185, 94056, 73.91
PATELENG, EQ, 15-Nov-2019,13.75,13.2,14.4,13.15, 14.40,14.4,13.76,235957,32.46,478, 172334, 73.04
PATINTLOG, EQ, 15-Nov-2019,21.4,21.0,21.9,20.9, 21.50,21.15,21.24,8054,1.71,197, 4861, 60.36
PATSPINLTD, EQ, 15-Nov-2019,5.6,5.85,5.9,5.6, 5.85,5.85,5.87,1331,0.08,13, 1306, 98.12
PCJEWELLER, EQ, 15-Nov-2019,33.75,33.0,33.55,32.0, 32.15,32.15,32.55,6935783,2257.32,17798, 2723174, 39.26
PDMJEPAPER, EQ, 15-Nov-2019,14.85,14.95,15.2,14.7, 14.85,14.85,14.89,22422,3.34,148, 15560, 69.40
PDSMFL, EQ, 15-Nov-2019,317.35,317.05,325.0,309.0, 315.00,318.1,315.84,3137,9.91,388, 2061, 65.70
PEL, EQ, 15-Nov-2019,1758.1,1770.05,1790.0,1760.0, 1763.75,1766.95,1777.38,820115,14576.53,26309, 142643, 17.39
PENIND, EQ, 15-Nov-2019,27.8,28.05,29.5,27.15, 27.30,27.35,28.07,261185,73.3,1449, 117848, 45.12
PENINLAND, EQ, 15-Nov-2019,4.0,3.85,4.2,3.85, 4.20,4.2,4.03,230674,9.31,453, 139134, 60.32
PERSISTENT, EQ, 15-Nov-2019,665.35,666.05,672.0,633.85, 652.05,652.65,652.56,175381,1144.46,13183, 91524, 52.19
PETRONET, EQ, 15-Nov-2019,276.3,277.45,280.55,273.55, 277.95,277.95,276.39,3235494,8942.68,41441, 1799985, 55.63
PFC, EQ, 15-Nov-2019,111.9,111.5,112.35,109.75, 111.25,111.15,111.17,3149616,3501.35,10751, 573672, 18.21
PFIZER, EQ, 15-Nov-2019,4001.2,4011.0,4013.3,3974.65, 3979.35,3980.75,3996.64,46926,1875.46,2160, 39508, 84.19
PFOCUS, EQ, 15-Nov-2019,83.9,83.4,83.4,67.15, 67.15,67.15,69.02,299275,206.56,1090, 219310, 73.28
PFS, EQ, 15-Nov-2019,12.55,12.5,12.75,12.4, 12.60,12.5,12.59,425254,53.54,936, 236698, 55.66
PGEL, EQ, 15-Nov-2019,41.25,40.0,40.3,38.0, 39.25,38.65,39.12,117552,45.99,1594, 73347, 62.40
PGHH, EQ, 15-Nov-2019,10988.4,10999.0,11350.0,10862.9, 11132.25,11160.5,10959.25,14488,1587.78,1876, 12305, 84.93
PGHL, EQ, 15-Nov-2019,4292.95,4282.0,4338.35,4274.05, 4290.00,4301.2,4303.07,9431,405.82,2128, 5119, 54.28
PGIL, EQ, 15-Nov-2019,183.7,182.85,182.85,166.1, 166.15,166.8,169.22,15799,26.74,377, 10933, 69.20
PHILIPCARB, EQ, 15-Nov-2019,123.05,123.4,126.3,122.05, 124.90,125.1,124.46,802969,999.34,9770, 353649, 44.04
PHOENIXLTD, EQ, 15-Nov-2019,711.8,706.0,729.0,706.0, 711.60,713.4,714.93,36884,263.69,3248, 24219, 65.66
PIDILITIND, EQ, 15-Nov-2019,1344.4,1345.0,1345.0,1314.35, 1316.45,1316.65,1324.16,699645,9264.45,46737, 359053, 51.32
PIIND, EQ, 15-Nov-2019,1426.7,1433.75,1445.0,1421.0, 1435.00,1434.85,1430.99,73911,1057.66,6758, 49679, 67.21
PILANIINVS, EQ, 15-Nov-2019,1779.85,1880.0,1880.0,1769.2, 1771.00,1778.95,1784.86,3543,63.24,309, 459, 12.96
PILITA, EQ, 15-Nov-2019,5.65,5.9,6.0,5.75, 5.90,5.9,5.95,38564,2.29,136, 13563, 35.17
PIONDIST, EQ, 15-Nov-2019,140.9,142.4,142.4,135.1, 135.75,136.75,137.37,4196,5.76,195, 2134, 50.86
PIONEEREMB, EQ, 15-Nov-2019,25.15,26.9,26.9,24.3, 25.50,25.4,25.18,6266,1.58,580, 3231, 51.56
PITTIENG, EQ, 15-Nov-2019,41.85,41.1,47.3,41.05, 45.10,46.2,45.7,150336,68.7,2632, 65039, 43.26
PLASTIBLEN, EQ, 15-Nov-2019,174.65,174.75,178.05,172.7, 172.70,173.6,175.96,1654,2.91,92, 1421, 85.91
PNB, EQ, 15-Nov-2019,60.3,60.9,63.8,60.8, 62.00,61.9,62.51,38997998,24379.01,80992, 4689688, 12.03
PNBGILTS, EQ, 15-Nov-2019,27.85,27.75,28.05,27.6, 27.65,27.75,27.79,94530,26.27,440, 52645, 55.69
PNBHOUSING, EQ, 15-Nov-2019,541.5,544.4,548.0,525.0, 531.20,530.4,535.7,209665,1123.17,7528, 52610, 25.09
PNC, EQ, 15-Nov-2019,14.25,13.6,14.9,13.2, 14.65,14.65,13.88,20204,2.8,108, 11852, 58.66
PNCINFRA, EQ, 15-Nov-2019,182.95,187.0,197.45,183.3, 187.85,187.95,189.53,381549,723.15,6525, 146492, 38.39
PODDARMENT, EQ, 15-Nov-2019,173.0,175.0,180.0,174.1, 174.20,176.25,176.96,986,1.74,118, 709, 71.91
POKARNA, EQ, 15-Nov-2019,170.6,170.15,172.4,158.95, 158.95,160.5,165.85,97805,162.21,1317, 79176, 80.95
POLYCAB, EQ, 15-Nov-2019,896.0,908.4,938.85,895.0, 896.00,897.6,914.5,323967,2962.68,19758, 145509, 44.91
POLYMED, EQ, 15-Nov-2019,219.9,221.7,221.7,216.0, 217.00,217.75,219.4,80532,176.68,923, 73438, 91.19
POLYPLEX, EQ, 15-Nov-2019,493.35,502.45,503.0,495.05, 498.00,497.55,499.34,87176,435.31,2293, 51118, 58.64
PONNIERODE, EQ, 15-Nov-2019,155.05,153.0,160.0,139.55, 146.30,145.3,146.19,16900,24.71,1236, 7835, 46.36
POWERGRID, EQ, 15-Nov-2019,188.0,188.0,188.9,186.75, 187.35,187.65,187.87,10269025,19292.53,46897, 8436743, 82.16
POWERMECH, EQ, 15-Nov-2019,676.15,677.0,690.5,663.0, 663.05,667.9,677.03,2491,16.86,350, 2050, 82.30
PPAP, EQ, 15-Nov-2019,175.2,177.95,178.95,175.0, 175.00,175.95,176.76,6797,12.01,230, 4985, 73.34
PPL, EQ, 15-Nov-2019,78.65,78.5,79.5,77.6, 79.00,78.5,78.48,14063,11.04,959, 12785, 90.91
PRABHAT, EQ, 15-Nov-2019,88.25,87.75,89.0,87.3, 88.25,88.2,88.3,38359,33.87,254, 21576, 56.25
PRAENG, EQ, 15-Nov-2019,7.1,7.25,7.25,6.25, 6.75,6.75,6.78,10228,0.69,46, 6529, 63.83
PRAJIND, EQ, 15-Nov-2019,108.2,108.45,112.45,108.3, 111.45,111.4,110.67,916557,1014.31,11236, 311835, 34.02
PRAKASH, EQ, 15-Nov-2019,48.95,48.55,50.25,48.5, 49.45,49.25,49.22,311216,153.17,3278, 196613, 63.18
PRECAM, EQ, 15-Nov-2019,32.75,33.3,36.0,31.05, 36.00,36.0,34.74,313564,108.94,2136, 251531, 80.22
PRECOT, EQ, 15-Nov-2019,26.25,26.25,28.0,26.0, 28.00,28.0,26.4,505,0.13,14, 462, 91.49
PRECWIRE, EQ, 15-Nov-2019,157.4,156.1,157.9,153.4, 156.25,155.7,155.62,2300,3.58,257, 1571, 68.30
PREMEXPLN, EQ, 15-Nov-2019,160.15,159.0,159.7,152.8, 153.00,153.75,155.8,5123,7.98,310, 3675, 71.74
PREMIERPOL, EQ, 15-Nov-2019,19.65,19.4,19.4,17.65, 18.10,18.45,18.13,582,0.11,23, 286, 49.14
PRESSMN, EQ, 15-Nov-2019,20.4,20.35,21.55,19.6, 20.10,20.35,20.63,15589,3.22,107, 8456, 54.24
PRESTIGE, EQ, 15-Nov-2019,300.4,305.0,307.0,285.25, 288.00,288.45,294.6,210709,620.76,5041, 138136, 65.56
PRICOLLTD, EQ, 15-Nov-2019,34.5,36.5,36.85,34.1, 34.10,34.55,35.73,190692,68.13,1948, 104164, 54.62
PRIMESECU, EQ, 15-Nov-2019,47.75,49.6,49.6,45.5, 46.45,46.35,46.49,18839,8.76,263, 13366, 70.95
PRSMJOHNSN, EQ, 15-Nov-2019,71.55,72.25,74.8,68.3, 69.75,69.55,71.37,880586,628.44,6855, 374288, 42.50
PSB, EQ, 15-Nov-2019,18.1,18.1,18.75,18.0, 18.15,18.3,18.39,105959,19.49,608, 54387, 51.33
PSPPROJECT, EQ, 15-Nov-2019,529.1,537.95,542.4,522.25, 527.75,525.3,530.95,41080,218.11,1165, 20584, 50.11
PSUBNKBEES, EQ, 15-Nov-2019,261.6,262.0,273.98,261.6, 270.15,270.7,271.25,11529,31.27,168, 7987, 69.28
PTC, EQ, 15-Nov-2019,55.5,55.65,56.0,55.1, 55.15,55.3,55.44,331613,183.85,2734, 157320, 47.44
PTL, EQ, 15-Nov-2019,35.95,37.35,37.35,35.7, 36.25,35.9,36.12,4251,1.54,95, 3432, 80.73
PUNJABCHEM, EQ, 15-Nov-2019,513.9,523.9,524.0,511.5, 513.00,512.95,517.8,604,3.13,242, 157, 25.99
PURVA, EQ, 15-Nov-2019,60.05,61.1,62.9,60.05, 60.40,60.7,61.44,150662,92.57,1260, 102042, 67.73
PVR, EQ, 15-Nov-2019,1750.05,1760.0,1769.0,1730.0, 1733.60,1739.5,1751.68,182799,3202.05,9777, 33263, 18.20
QGOLDHALF, EQ, 15-Nov-2019,1685.0,1675.15,1689.8,1670.0, 1670.05,1670.6,1673.98,699,11.7,198, 304, 43.49
QNIFTY, EQ, 15-Nov-2019,1216.5,1222.0,1224.0,1222.0, 1223.50,1223.6,1222.94,25,0.31,4, 25, 100.00
QUESS, EQ, 15-Nov-2019,567.55,577.05,593.0,545.0, 551.25,550.75,572.16,308471,1764.94,12573, 123321, 39.98
QUICKHEAL, EQ, 15-Nov-2019,132.8,131.0,133.9,129.1, 129.75,129.85,130.98,95260,124.77,2160, 47549, 49.91
RADICO, EQ, 15-Nov-2019,314.35,314.85,319.7,303.25, 306.85,306.8,309.13,362895,1121.83,9257, 184338, 50.80
RADIOCITY, EQ, 15-Nov-2019,29.15,29.5,30.3,28.75, 30.00,29.95,29.59,47623,14.09,504, 29458, 61.86
RAIN, EQ, 15-Nov-2019,105.6,105.5,107.9,103.35, 105.00,104.65,105.2,1030538,1084.15,6138, 476446, 46.23
RAJESHEXPO, EQ, 15-Nov-2019,682.1,687.9,710.8,680.5, 700.00,700.6,691.11,202979,1402.82,8171, 53183, 26.20
RAJSREESUG, EQ, 15-Nov-2019,16.9,16.6,18.4,16.6, 17.50,17.8,17.44,3973,0.69,89, 3589, 90.33
RAJTV, EQ, 15-Nov-2019,43.55,41.05,44.5,41.05, 44.00,43.4,42.73,2730,1.17,84, 2075, 76.01
RALLIS, EQ, 15-Nov-2019,170.5,168.55,183.7,168.55, 174.50,174.9,178.33,1217437,2171.11,16981, 410773, 33.74
RAMANEWS, EQ, 15-Nov-2019,15.0,15.2,15.2,14.95, 15.05,15.05,15.01,4286,0.64,42, 3203, 74.73
RAMASTEEL, EQ, 15-Nov-2019,45.5,45.15,46.0,44.1, 44.60,44.95,44.76,17172,7.69,119, 12911, 75.19
RAMCOCEM, EQ, 15-Nov-2019,781.9,784.0,794.8,780.75, 783.70,784.6,787.67,100788,793.88,2893, 34643, 34.37
RAMCOIND, EQ, 15-Nov-2019,193.7,196.95,198.0,190.5, 190.50,191.45,195.52,51196,100.1,1007, 35131, 68.62
RAMCOSYS, EQ, 15-Nov-2019,146.35,147.5,149.6,145.85, 147.00,146.5,146.87,13557,19.91,569, 10312, 76.06
RAMKY, EQ, 15-Nov-2019,44.65,43.6,44.8,42.45, 42.45,42.6,42.93,36214,15.55,395, 29111, 80.39
RANASUG, EQ, 15-Nov-2019,2.8,2.85,3.35,2.85, 3.35,3.35,3.22,1667593,53.75,740, 1229174, 73.71
RANEENGINE, EQ, 15-Nov-2019,202.85,206.7,216.45,204.65, 212.95,210.85,212.26,2329,4.94,405, 1012, 43.45
RANEHOLDIN, EQ, 15-Nov-2019,771.2,765.1,799.9,763.0, 791.00,779.2,782.76,4865,38.08,448, 2993, 61.52
RATNAMANI, EQ, 15-Nov-2019,956.55,958.6,972.25,955.0, 955.90,959.1,965.28,4094,39.52,306, 2964, 72.40
RAYMOND, EQ, 15-Nov-2019,743.15,750.0,767.0,737.5, 743.00,742.0,752.38,819277,6164.08,21030, 107392, 13.11
RBL, EQ, 15-Nov-2019,490.25,497.0,514.0,495.95, 499.00,501.95,504.14,16773,84.56,1299, 2412, 14.38
RBLBANK, EQ, 15-Nov-2019,318.0,321.0,329.35,316.2, 317.60,317.9,322.71,10046670,32421.29,80318, 644312, 6.41
RCF, EQ, 15-Nov-2019,49.0,48.4,49.0,47.85, 48.00,48.1,48.5,608519,295.14,3460, 287182, 47.19
RCOM, EQ, 15-Nov-2019,0.6,0.6,0.6,0.55, 0.55,0.6,0.58,11010749,64.13,3183, 6930968, 62.95
RECLTD, EQ, 15-Nov-2019,135.1,135.2,136.25,133.1, 134.05,134.05,134.48,3942881,5302.26,27651, 1734649, 43.99
REDINGTON, EQ, 15-Nov-2019,114.85,116.0,116.0,111.4, 115.00,115.0,113.33,173028,196.09,4463, 119660, 69.16
REFEX, EQ, 15-Nov-2019,56.55,59.35,59.35,59.35, 59.35,59.35,59.35,12608,7.48,80, 12608, 100.00
RELAXO, EQ, 15-Nov-2019,547.8,546.7,550.0,540.1, 548.85,545.6,547.68,64611,353.86,5912, 37826, 58.54
RELCAPITAL, EQ, 15-Nov-2019,22.15,21.05,21.05,21.05, 21.05,21.05,21.05,240001,50.52,1011, 239501, 99.79
RELIANCE, EQ, 15-Nov-2019,1462.75,1465.65,1486.8,1463.15, 1466.80,1470.85,1476.84,7173674,105943.4,152000, 3241407, 45.18
RELIGARE, EQ, 15-Nov-2019,52.9,51.0,53.5,50.6, 53.00,52.55,52.06,315356,164.19,1830, 214606, 68.05
RELINFRA, EQ, 15-Nov-2019,40.15,40.15,41.2,38.15, 38.15,38.4,39.21,9689304,3798.81,24944, 4030906, 41.60
REMSONSIND, EQ, 15-Nov-2019,81.95,81.95,82.4,79.2, 82.00,80.7,81.82,8528,6.98,35, 2911, 34.13
RENUKA, EQ, 15-Nov-2019,9.55,9.65,9.8,9.15, 9.40,9.3,9.4,1226591,115.28,1872, 665295, 54.24
REPCOHOME, EQ, 15-Nov-2019,288.8,288.8,289.85,282.05, 282.90,283.5,285.73,31712,90.61,1731, 17996, 56.75
REPRO, EQ, 15-Nov-2019,620.9,630.6,636.6,620.0, 630.00,630.9,628.36,2382,14.97,217, 1619, 67.97
RESPONIND, EQ, 15-Nov-2019,92.4,92.7,93.0,85.15, 92.90,92.1,91.7,166753,152.92,3647, 6509, 3.90
REVATHI, EQ, 15-Nov-2019,373.2,343.05,403.0,343.05, 362.50,362.5,358.92,121,0.43,20, 77, 63.64
RGL, EQ, 15-Nov-2019,247.45,250.0,257.9,238.0, 239.70,241.1,244.67,1687,4.13,86, 1362, 80.74
RHFL, EQ, 15-Nov-2019,5.4,5.15,5.15,5.15, 5.15,5.15,5.15,55097,2.84,116, 55097, 100.00
RICOAUTO, EQ, 15-Nov-2019,44.5,47.0,49.9,46.2, 46.35,46.7,47.84,1561821,747.24,9161, 359525, 23.02
RIIL, EQ, 15-Nov-2019,301.65,304.0,316.8,295.6, 310.00,308.8,307.53,735696,2262.51,15606, 91463, 12.43
RITES, EQ, 15-Nov-2019,291.75,292.9,298.3,286.7, 295.45,295.2,293.19,540234,1583.89,15156, 196145, 36.31
RKDL, EQ, 15-Nov-2019,6.35,6.45,6.45,6.1, 6.30,6.25,6.27,1567,0.1,21, 867, 55.33
RKFORGE, EQ, 15-Nov-2019,285.35,287.3,290.0,282.6, 286.30,285.2,285.5,13032,37.21,411, 8940, 68.60
RMCL, EQ, 15-Nov-2019,3.6,3.45,3.7,3.45, 3.60,3.6,3.57,75952,2.71,118, 53347, 70.24
RML, EQ, 15-Nov-2019,235.35,239.95,257.0,236.2, 246.00,248.65,249.3,12760,31.81,754, 6298, 49.36
RNAM, EQ, 15-Nov-2019,358.25,360.0,369.0,354.05, 357.90,357.8,361.02,3261017,11772.86,50683, 1336848, 40.99
ROHLTD, EQ, 15-Nov-2019,72.5,71.05,73.4,71.05, 71.75,71.95,72.62,8103,5.88,305, 4778, 58.97
ROSSELLIND, EQ, 15-Nov-2019,67.2,67.0,68.55,65.5, 67.00,66.15,66.58,9029,6.01,172, 6677, 73.95
RPGLIFE, EQ, 15-Nov-2019,270.75,271.0,292.6,271.0, 278.25,278.35,284.34,110030,312.86,3686, 31012, 28.19
RPOWER, EQ, 15-Nov-2019,4.2,4.0,4.0,4.0, 4.00,4.0,4.0,1358053,54.32,1385, 1358042, 100.00
RPPINFRA, EQ, 15-Nov-2019,85.45,86.3,88.0,82.0, 86.00,87.0,86.02,15810,13.6,217, 12667, 80.12
RSWM, EQ, 15-Nov-2019,98.7,98.7,100.0,98.0, 98.75,99.05,99.16,16516,16.38,526, 12089, 73.20
RSYSTEMS, EQ, 15-Nov-2019,47.75,48.0,49.85,48.0, 49.40,48.4,48.3,3084,1.49,39, 2664, 86.38
RTNINFRA, EQ, 15-Nov-2019,1.65,1.6,1.7,1.6, 1.60,1.6,1.61,188959,3.03,106, 158830, 84.06
RUCHIRA, EQ, 15-Nov-2019,76.95,77.0,79.6,77.0, 78.00,78.15,78.31,35506,27.81,544, 20845, 58.71
RUPA, EQ, 15-Nov-2019,189.15,189.95,193.0,181.7, 183.00,183.25,187.45,76242,142.92,1975, 35229, 46.21
RUSHIL, EQ, 15-Nov-2019,125.55,131.8,131.8,119.3, 131.80,131.8,128.01,67208,86.03,423, 37321, 55.53
RVNL, EQ, 15-Nov-2019,24.05,24.25,24.7,24.1, 24.60,24.55,24.42,11003819,2687.46,14313, 5331195, 48.45
SADBHAV, EQ, 15-Nov-2019,122.5,120.05,120.75,115.0, 119.40,119.9,119.31,145151,173.18,2010, 39677, 27.33
SADBHIN, EQ, 15-Nov-2019,40.0,40.5,40.5,39.0, 39.10,39.45,39.3,2112,0.83,58, 1790, 84.75
SAFARI, EQ, 15-Nov-2019,567.5,576.0,576.0,561.05, 568.80,565.8,568.08,2058,11.69,192, 1351, 65.65
SAGCEM, EQ, 15-Nov-2019,564.35,564.85,574.0,558.0, 570.00,560.5,561.89,1488,8.36,261, 861, 57.86
SAIL, EQ, 15-Nov-2019,37.3,36.8,37.45,36.05, 36.35,36.4,36.65,37075054,13586.18,46418, 3972190, 10.71
SAKHTISUG, EQ, 15-Nov-2019,9.2,9.0,9.4,9.0, 9.30,9.3,9.24,22988,2.12,135, 18158, 78.99
SAKSOFT, EQ, 15-Nov-2019,232.8,235.0,235.0,216.55, 223.95,223.85,226.8,9617,21.81,325, 7793, 81.03
SAKUMA, EQ, 15-Nov-2019,6.9,7.15,7.2,6.8, 7.15,7.1,7.06,483897,34.18,616, 356951, 73.77
SALASAR, EQ, 15-Nov-2019,116.0,116.85,118.0,114.05, 117.00,117.05,116.25,4909,5.71,135, 3940, 80.26
SALONA, EQ, 15-Nov-2019,68.5,65.1,67.45,64.5, 67.45,64.95,65.05,214,0.14,17, 149, 69.63
SALZERELEC, EQ, 15-Nov-2019,121.0,122.3,122.3,117.5, 118.50,117.6,118.33,5747,6.8,145, 4524, 78.72
SAMBHAAV, EQ, 15-Nov-2019,3.8,3.6,3.85,3.5, 3.65,3.6,3.62,9701,0.35,70, 7027, 72.44
SANCO, EQ, 15-Nov-2019,16.05,16.15,16.15,15.1, 15.60,15.85,15.86,429760,68.17,221, 254142, 59.14
SANDESH, EQ, 15-Nov-2019,602.95,593.75,601.05,571.35, 588.50,588.85,590.48,452,2.67,128, 278, 61.50
SANDHAR, EQ, 15-Nov-2019,239.9,243.15,243.15,239.15, 240.00,240.05,240.43,2141,5.15,173, 1561, 72.91
SANGAMIND, EQ, 15-Nov-2019,50.65,49.0,51.05,48.3, 48.30,48.5,49.5,6800,3.37,106, 5151, 75.75
SANGHIIND, EQ, 15-Nov-2019,38.0,38.45,38.5,37.25, 37.80,37.5,37.72,121633,45.88,2075, 103594, 85.17
SANGHVIMOV, EQ, 15-Nov-2019,79.85,82.0,86.1,80.55, 84.60,85.1,83.64,75951,63.53,1831, 62580, 82.40
SANGINITA, EQ, 15-Nov-2019,148.85,151.95,151.95,147.0, 149.50,148.5,148.82,98102,145.99,2943, 19181, 19.55
SANOFI, EQ, 15-Nov-2019,6575.3,6565.0,6602.25,6483.0, 6490.00,6487.65,6504.48,4297,279.5,1393, 3001, 69.84
SANWARIA, EQ, 15-Nov-2019,2.55,2.65,2.65,2.45, 2.45,2.45,2.52,13644583,344.07,3092, 7380545, 54.09
SARDAEN, EQ, 15-Nov-2019,176.95,182.0,182.0,175.0, 177.00,176.45,176.65,16481,29.11,424, 11686, 70.91
SAREGAMA, EQ, 15-Nov-2019,413.55,410.3,443.5,410.3, 426.35,426.45,430.83,118122,508.91,5160, 48786, 41.30
SARLAPOLY, EQ, 15-Nov-2019,22.5,22.0,22.6,21.25, 21.70,21.4,21.91,113633,24.89,513, 109789, 96.62
SASKEN, EQ, 15-Nov-2019,631.75,632.0,665.0,629.3, 663.00,651.35,637.61,46388,295.78,2263, 38479, 82.95
SASTASUNDR, EQ, 15-Nov-2019,84.6,84.6,86.9,84.6, 86.80,86.25,86.34,777,0.67,78, 262, 33.72
SATIA, EQ, 15-Nov-2019,86.1,87.0,89.7,83.5, 85.80,85.3,85.8,37642,32.3,640, 21297, 56.58
SATIN, EQ, 15-Nov-2019,226.1,227.85,228.55,219.3, 219.30,221.5,225.48,69077,155.75,2511, 62045, 89.82
SBIETFQLTY, EQ, 15-Nov-2019,100.42,105.0,105.0,97.25, 100.10,100.08,100.27,2173,2.18,62, 1572, 72.34
SBILIFE, EQ, 15-Nov-2019,999.9,1008.2,1026.0,995.45, 1002.80,1002.85,1009.46,2687762,27131.76,171721, 1854274, 68.99
SBIN, EQ, 15-Nov-2019,306.0,312.0,323.7,310.05, 322.95,321.9,318.93,95199897,303619.1,508263, 18450656, 19.38
SCHAEFFLER, EQ, 15-Nov-2019,4258.65,4300.0,4312.0,4253.4, 4280.00,4278.15,4277.83,4189,179.2,990, 2743, 65.48
SCHAND, EQ, 15-Nov-2019,74.9,74.05,75.9,70.15, 71.00,71.0,71.62,20099,14.39,459, 14888, 74.07
SCHNEIDER, EQ, 15-Nov-2019,67.55,67.15,68.6,65.7, 66.20,66.2,67.19,67336,45.25,1216, 33403, 49.61
SCI, EQ, 15-Nov-2019,58.45,58.45,58.9,57.2, 58.25,58.0,58.01,1592548,923.79,5664, 509283, 31.98
SEAMECLTD, EQ, 15-Nov-2019,473.05,455.05,499.0,455.0, 492.00,491.45,480.89,14304,68.79,904, 9196, 64.29
SELAN, EQ, 15-Nov-2019,148.2,148.45,149.0,142.0, 144.00,143.85,144.25,46745,67.43,1600, 24695, 52.83
SELMCL, EQ, 15-Nov-2019,0.7,0.75,0.75,0.6, 0.65,0.6,0.65,171106,1.11,86, 120230, 70.27
SEPOWER, EQ, 15-Nov-2019,2.8,2.8,3.0,2.8, 3.00,3.0,2.89,1830,0.05,12, 1528, 83.50
SEQUENT, EQ, 15-Nov-2019,67.9,68.0,68.85,67.05, 67.35,67.35,67.86,132691,90.05,902, 75671, 57.03
SESHAPAPER, EQ, 15-Nov-2019,177.5,181.45,182.0,175.95, 177.10,177.05,177.9,10533,18.74,313, 5924, 56.24
SETCO, EQ, 15-Nov-2019,14.85,15.1,15.45,14.35, 14.40,14.45,14.77,184511,27.25,641, 140590, 76.20
SETF10GILT, EQ, 15-Nov-2019,185.0,187.88,187.88,187.88, 187.88,187.88,187.88,1,0.0,1, 1, 100.00
SETFGOLD, EQ, 15-Nov-2019,3457.4,3457.35,3460.0,3420.05, 3430.50,3424.0,3438.69,14365,493.97,471, 13065, 90.95
SETFNIF50, EQ, 15-Nov-2019,122.13,124.5,124.5,122.13, 122.40,122.52,122.7,183511,225.17,953, 144886, 78.95
SETFNIFBK, EQ, 15-Nov-2019,310.29,312.0,315.0,312.0, 314.43,313.79,313.05,30724,96.18,224, 12877, 41.91
SETFNN50, EQ, 15-Nov-2019,288.69,287.0,293.5,286.0, 289.68,289.34,289.81,10236,29.66,120, 6573, 64.21
SEYAIND, EQ, 15-Nov-2019,150.95,143.45,143.45,143.45, 143.45,143.45,143.45,1597,2.29,43, 1597, 100.00
SFL, EQ, 15-Nov-2019,1275.0,1285.2,1313.0,1263.95, 1300.00,1301.1,1288.23,5989,77.15,602, 3624, 60.51
SGL, EQ, 15-Nov-2019,7.05,6.8,7.25,6.7, 6.70,6.7,6.78,14146,0.96,58, 11473, 81.10
SHAHALLOYS, EQ, 15-Nov-2019,8.65,8.6,8.9,8.25, 8.75,8.6,8.47,5062,0.43,142, 2608, 51.52
SHAKTIPUMP, EQ, 15-Nov-2019,224.65,221.95,221.95,208.05, 209.55,209.85,213.49,100794,215.18,3557, 56374, 55.93
SHALBY, EQ, 15-Nov-2019,103.85,104.85,106.6,94.5, 99.00,98.15,100.54,52109,52.39,799, 36800, 70.62
SHALPAINTS, EQ, 15-Nov-2019,88.85,89.0,92.4,88.35, 89.70,90.3,91.02,90149,82.05,995, 59982, 66.54
SHANKARA, EQ, 15-Nov-2019,326.05,326.0,342.35,326.0, 327.80,328.75,337.36,92158,310.9,2853, 25577, 27.75
SHANTIGEAR, EQ, 15-Nov-2019,100.1,102.95,103.7,98.2, 98.20,99.15,100.74,12562,12.66,320, 8541, 67.99
SHARDACROP, EQ, 15-Nov-2019,260.65,261.0,266.95,255.0, 255.65,255.8,258.29,9580,24.74,1047, 6317, 65.94
SHARDAMOTR, EQ, 15-Nov-2019,1082.25,1099.95,1100.0,1075.6, 1080.00,1080.0,1085.82,3787,41.12,93, 3704, 97.81
SHARIABEES, EQ, 15-Nov-2019,256.5,256.5,257.4,254.5, 254.50,254.66,255.72,200,0.51,4, 100, 50.00
SHEMAROO, EQ, 15-Nov-2019,161.25,161.35,166.35,150.0, 150.50,152.4,155.27,15988,24.82,892, 9801, 61.30
SHILPAMED, EQ, 15-Nov-2019,303.4,303.0,303.05,289.0, 294.00,291.85,294.4,30327,89.28,579, 25301, 83.43
SHIVAMAUTO, EQ, 15-Nov-2019,26.75,27.3,28.5,25.85, 26.25,26.1,26.75,324606,86.84,1935, 172492, 53.14
SHIVAMILLS, EQ, 15-Nov-2019,31.85,32.25,32.95,30.5, 30.50,31.05,31.19,2064,0.64,92, 1844, 89.34
SHIVATEX, EQ, 15-Nov-2019,103.55,103.0,109.5,103.0, 105.45,105.4,107.55,919,0.99,26, 626, 68.12
SHK, EQ, 15-Nov-2019,119.85,119.5,121.45,116.2, 117.00,117.05,118.25,23839,28.19,1165, 18764, 78.71
SHOPERSTOP, EQ, 15-Nov-2019,360.6,361.0,374.5,361.0, 365.00,365.35,364.63,6793,24.77,450, 4057, 59.72
SHREDIGCEM, EQ, 15-Nov-2019,21.9,22.0,24.05,22.0, 24.05,24.05,23.23,1071551,248.91,2186, 686837, 64.10
SHREECEM, EQ, 15-Nov-2019,19670.5,19793.4,19800.0,19368.05, 19610.00,19531.75,19594.52,31867,6244.19,8933, 12827, 40.25
SHREEPUSHK, EQ, 15-Nov-2019,98.0,96.1,96.9,94.6, 95.25,95.65,95.61,14519,13.88,429, 11514, 79.30
SHREERAMA, EQ, 15-Nov-2019,4.2,4.4,4.4,4.2, 4.40,4.4,4.33,14188,0.61,35, 12467, 87.87
SHRENIK, EQ, 15-Nov-2019,50.8,52.8,53.0,51.25, 51.45,51.4,51.5,27837,14.34,32, 25737, 92.46
SHREYANIND, EQ, 15-Nov-2019,107.85,107.85,110.8,106.5, 109.60,108.6,108.16,12642,13.67,473, 7476, 59.14
SHREYAS, EQ, 15-Nov-2019,72.95,74.0,76.55,73.0, 75.40,75.15,75.72,14305,10.83,225, 9749, 68.15
SHRIRAMCIT, EQ, 15-Nov-2019,1331.65,1333.65,1344.05,1331.5, 1344.00,1342.0,1337.94,2527,33.81,226, 1957, 77.44
SHRIRAMEPC, EQ, 15-Nov-2019,6.7,6.7,6.75,6.45, 6.45,6.5,6.59,91493,6.02,217, 72430, 79.16
SHYAMCENT, EQ, 15-Nov-2019,2.8,2.9,2.9,2.8, 2.90,2.9,2.87,15989,0.46,20, 12189, 76.23
SICAL, EQ, 15-Nov-2019,19.85,18.9,20.8,18.9, 20.80,20.8,20.35,281821,57.35,571, 180860, 64.18
SIEMENS, EQ, 15-Nov-2019,1612.5,1613.3,1623.2,1564.6, 1575.50,1575.8,1584.84,995367,15775.0,53062, 551257, 55.38
SIGIND, EQ, 15-Nov-2019,19.3,19.25,19.55,18.25, 19.55,19.4,19.22,73434,14.12,216, 63965, 87.11
SILINV, EQ, 15-Nov-2019,145.85,144.1,154.9,144.1, 146.45,147.05,148.34,2852,4.23,190, 2447, 85.80
SIMPLEXINF, EQ, 15-Nov-2019,52.25,48.55,51.95,48.0, 48.50,48.6,49.25,324236,159.69,3324, 266955, 82.33
SINTEX, EQ, 15-Nov-2019,0.8,0.85,0.85,0.8, 0.85,0.85,0.85,6699685,56.75,1176, 5325184, 79.48
SIRCA, EQ, 15-Nov-2019,227.2,234.9,247.05,222.1, 237.30,237.1,238.45,137849,328.7,3372, 55508, 40.27
SIS, EQ, 15-Nov-2019,908.2,901.0,925.0,901.0, 925.00,923.1,919.96,3652,33.6,484, 2518, 68.95
SITINET, EQ, 15-Nov-2019,1.85,1.8,1.9,1.8, 1.90,1.9,1.89,66362,1.25,93, 53437, 80.52
SIYSIL, EQ, 15-Nov-2019,238.55,242.0,245.65,232.1, 236.10,236.25,237.35,17993,42.71,1007, 10588, 58.85
SJVN, EQ, 15-Nov-2019,24.55,24.65,24.85,24.4, 24.50,24.5,24.56,2362237,580.15,2836, 1493945, 63.24
SKFINDIA, EQ, 15-Nov-2019,2130.7,2138.25,2148.6,2111.05, 2135.50,2133.6,2133.1,65045,1387.47,602, 62178, 95.59
SKIPPER, EQ, 15-Nov-2019,52.85,52.1,54.1,51.45, 53.05,53.25,52.8,28291,14.94,345, 16316, 57.67
SKMEGGPROD, EQ, 15-Nov-2019,39.45,39.55,40.45,38.45, 39.35,39.2,39.19,25176,9.87,459, 13380, 53.15
SMARTLINK, EQ, 15-Nov-2019,77.55,77.45,79.9,77.0, 77.05,77.35,78.28,11667,9.13,331, 8609, 73.79
SMLISUZU, EQ, 15-Nov-2019,526.85,560.0,569.0,532.1, 538.40,541.35,552.68,27719,153.2,2116, 8752, 31.57
SMSLIFE, EQ, 15-Nov-2019,287.7,278.05,294.05,274.1, 281.00,279.85,284.66,4855,13.82,458, 2441, 50.28
SMSPHARMA, EQ, 15-Nov-2019,39.9,40.95,40.95,39.7, 40.35,40.15,40.1,16853,6.76,162, 12110, 71.86
SNOWMAN, EQ, 15-Nov-2019,37.1,37.0,37.9,36.2, 36.40,36.6,37.08,237754,88.16,1084, 159419, 67.05
SOBHA, EQ, 15-Nov-2019,395.55,398.8,401.0,395.05, 397.85,396.7,397.72,177617,706.42,8171, 94103, 52.98
SOLARA, EQ, 15-Nov-2019,431.7,416.0,441.95,416.0, 438.50,437.6,432.48,13555,58.62,830, 10097, 74.49
SOLARINDS, EQ, 15-Nov-2019,1010.1,1016.4,1029.9,1005.0, 1013.00,1016.05,1009.35,6381,64.41,497, 4247, 66.56
SOMANYCERA, EQ, 15-Nov-2019,178.75,182.75,182.8,178.0, 178.00,178.35,179.9,26852,48.31,648, 14508, 54.03
SOMICONVEY, EQ, 15-Nov-2019,12.1,13.7,14.5,13.3, 14.20,13.55,14.17,16490,2.34,102, 5939, 36.02
SONATSOFTW, EQ, 15-Nov-2019,306.1,307.9,307.9,302.6, 305.00,304.7,304.55,74026,225.45,2922, 54519, 73.65
SORILINFRA, EQ, 15-Nov-2019,115.65,109.9,109.9,109.9, 109.90,109.9,109.9,1604,1.76,37, 1604, 100.00
SOTL, EQ, 15-Nov-2019,909.1,913.0,913.0,876.0, 906.80,902.15,895.95,438,3.92,181, 265, 60.50
SOUTHBANK, EQ, 15-Nov-2019,10.65,10.65,11.1,10.45, 11.05,11.05,10.88,8292524,901.85,5802, 3984304, 48.05
SOUTHWEST, EQ, 15-Nov-2019,17.0,17.1,17.15,17.0, 17.10,17.1,17.07,25088,4.28,34, 12544, 50.00
SPAL, EQ, 15-Nov-2019,226.35,234.9,235.1,200.1, 210.00,210.05,207.95,45528,94.68,1722, 20675, 45.41
SPANDANA, EQ, 15-Nov-2019,1296.2,1304.5,1330.0,1291.0, 1309.00,1307.65,1317.63,48593,640.28,3761, 31440, 64.70
SPARC, EQ, 15-Nov-2019,148.2,149.8,154.5,148.55, 153.00,151.85,152.35,850758,1296.12,11429, 201823, 23.72
SPECIALITY, EQ, 15-Nov-2019,67.25,68.45,68.5,66.05, 67.20,67.0,67.5,54293,36.65,549, 38570, 71.04
SPENCERS, EQ, 15-Nov-2019,69.95,68.0,69.35,66.9, 68.00,68.15,68.41,239220,163.66,1239, 199805, 83.52
SPIC, EQ, 15-Nov-2019,19.6,19.65,20.4,19.3, 20.35,20.2,19.91,37643,7.49,536, 19842, 52.71
SPICEJET, EQ, 15-Nov-2019,107.0,107.0,108.4,106.1, 106.45,106.45,107.06,729681,781.23,7069, 378313, 51.85
SPLIL, EQ, 15-Nov-2019,37.55,40.5,44.45,40.0, 42.70,42.35,42.29,412098,174.26,3389, 148305, 35.99
SPMLINFRA, EQ, 15-Nov-2019,11.2,10.65,11.65,10.65, 10.65,10.95,11.3,54835,6.2,165, 37427, 68.25
SPTL, EQ, 15-Nov-2019,1.3,1.25,1.25,1.25, 1.25,1.25,1.25,1165023,14.56,626, 1165023, 100.00
SREEL, EQ, 15-Nov-2019,171.5,173.9,175.0,169.95, 171.45,171.15,171.52,4941,8.48,239, 3811, 77.13
SREINFRA, EQ, 15-Nov-2019,9.15,9.2,9.4,8.95, 9.05,9.0,9.18,648757,59.54,755, 498871, 76.90
SRF, EQ, 15-Nov-2019,3159.7,3178.0,3244.85,3158.2, 3214.00,3215.7,3217.08,517635,16652.74,25197, 38749, 7.49
SRHHYPOLTD, EQ, 15-Nov-2019,106.35,112.9,112.9,98.05, 100.00,100.25,102.09,7440,7.6,194, 5505, 73.99
SRIPIPES, EQ, 15-Nov-2019,171.35,170.0,172.45,168.8, 171.50,170.1,170.07,30428,51.75,385, 25920, 85.18
SRTRANSFIN, EQ, 15-Nov-2019,1137.25,1136.0,1147.7,1123.25, 1130.00,1128.25,1132.88,472909,5357.47,27822, 176917, 37.41
SSWL, EQ, 15-Nov-2019,770.55,768.15,773.05,767.2, 767.20,770.45,769.74,4305,33.14,153, 3531, 82.02
STAMPEDE, EQ, 15-Nov-2019,0.65,0.65,0.7,0.6, 0.65,0.65,0.62,94167,0.59,29, 85106, 90.38
STAR, EQ, 15-Nov-2019,386.15,388.9,390.0,374.0, 374.95,375.5,377.99,330725,1250.1,5723, 175398, 53.03
STARCEMENT, EQ, 15-Nov-2019,97.0,99.55,101.9,97.0, 99.65,99.9,99.79,125762,125.49,2837, 73369, 58.34
STARPAPER, EQ, 15-Nov-2019,102.7,99.0,100.0,97.6, 97.70,97.65,97.98,80306,78.69,1766, 51464, 64.08
STEELCITY, EQ, 15-Nov-2019,30.65,28.6,31.4,28.6, 30.20,30.3,30.65,3592,1.1,24, 3336, 92.87
STEELXIND, EQ, 15-Nov-2019,14.0,15.25,16.8,15.15, 16.80,16.8,16.35,158008,25.84,316, 111968, 70.86
STEL, EQ, 15-Nov-2019,74.15,74.05,78.45,70.6, 72.80,73.6,74.68,3477,2.6,170, 2548, 73.28
STERTOOLS, EQ, 15-Nov-2019,180.15,178.0,179.45,172.55, 178.00,177.6,176.05,9045,15.92,581, 5102, 56.41
STRTECH, EQ, 15-Nov-2019,123.95,124.1,128.5,123.55, 123.85,124.45,126.2,1459171,1841.4,18637, 618348, 42.38
SUBEX, EQ, 15-Nov-2019,5.25,5.2,5.4,5.1, 5.20,5.25,5.25,859359,45.1,494, 556899, 64.80
SUBROS, EQ, 15-Nov-2019,245.25,259.0,270.0,255.0, 259.00,258.35,260.86,256972,670.34,6027, 67756, 26.37
SUDARSCHEM, EQ, 15-Nov-2019,388.6,390.0,395.7,389.0, 392.05,391.55,391.32,97364,381.0,3941, 40823, 41.93
SUMEETINDS, EQ, 15-Nov-2019,2.5,2.4,2.5,2.4, 2.40,2.4,2.41,26084,0.63,58, 25830, 99.03
SUMIT, EQ, 15-Nov-2019,20.15,20.9,21.5,20.05, 20.05,20.55,20.93,13777,2.88,74, 12340, 89.57
SUMMITSEC, EQ, 15-Nov-2019,468.35,484.0,484.0,450.0, 457.75,458.05,459.82,453,2.08,238, 176, 38.85
SUNCLAYLTD, EQ, 15-Nov-2019,2230.85,2251.45,2251.45,2185.0, 2200.00,2195.3,2221.61,424,9.42,168, 279, 65.80
SUNDARAM, EQ, 15-Nov-2019,1.4,1.4,1.45,1.35, 1.35,1.4,1.4,178427,2.49,50, 97493, 54.64
SUNDARMFIN, EQ, 15-Nov-2019,1625.85,1625.85,1725.0,1625.6, 1665.30,1681.5,1690.79,94877,1604.17,4164, 59814, 63.04
SUNDARMHLD, EQ, 15-Nov-2019,66.95,67.7,68.0,66.6, 67.00,67.55,67.54,14824,10.01,201, 12868, 86.81
SUNDRMBRAK, EQ, 15-Nov-2019,232.8,232.0,240.0,232.0, 235.00,235.25,236.12,1567,3.7,281, 852, 54.37
SUNDRMFAST, EQ, 15-Nov-2019,459.4,460.0,465.0,457.0, 461.00,460.85,460.53,15628,71.97,913, 9816, 62.81
SUNFLAG, EQ, 15-Nov-2019,27.95,28.05,30.6,27.75, 30.50,29.85,29.38,297682,87.45,1196, 186961, 62.81
SUNPHARMA, EQ, 15-Nov-2019,410.2,412.75,418.9,410.15, 416.00,415.05,415.04,5416931,22482.55,67389, 2328614, 42.99
SUNTECK, EQ, 15-Nov-2019,407.2,403.45,407.1,392.2, 395.65,398.85,399.76,98649,394.36,3020, 14252, 14.45
SUNTV, EQ, 15-Nov-2019,490.8,495.7,502.0,481.5, 490.00,489.2,492.38,3647354,17958.69,49702, 552509, 15.15
SUPERHOUSE, EQ, 15-Nov-2019,91.2,90.25,92.9,87.65, 92.60,91.9,91.93,3271,3.01,91, 3041, 92.97
SUPERSPIN, EQ, 15-Nov-2019,5.0,5.25,5.25,4.5, 4.90,4.8,4.88,45216,2.21,103, 31506, 69.68
SUPPETRO, EQ, 15-Nov-2019,171.2,171.4,173.9,169.15, 169.55,170.35,172.48,16850,29.06,297, 15346, 91.07
SUPRAJIT, EQ, 15-Nov-2019,167.5,168.9,177.25,167.6, 177.00,176.55,175.1,50079,87.69,1921, 31580, 63.06
SUPREMEIND, EQ, 15-Nov-2019,1133.7,1145.0,1152.0,1126.15, 1143.70,1138.7,1145.8,23221,266.07,2157, 16994, 73.18
SUPREMEINF, EQ, 15-Nov-2019,10.45,10.0,10.85,10.0, 10.75,10.75,10.4,6953,0.72,35, 5161, 74.23
SURANASOL, EQ, 15-Nov-2019,5.65,6.15,6.15,5.5, 5.65,5.65,5.7,5341,0.3,29, 4717, 88.32
SURANAT&P, EQ, 15-Nov-2019,3.4,3.4,3.5,3.35, 3.50,3.5,3.47,5584,0.19,27, 3634, 65.08
SURYALAXMI, EQ, 15-Nov-2019,17.8,18.8,19.0,16.95, 16.95,17.25,17.5,5594,0.98,42, 4715, 84.29
SURYAROSNI, EQ, 15-Nov-2019,167.0,167.0,169.8,161.0, 165.50,165.6,166.35,42497,70.69,1634, 20395, 47.99
SUTLEJTEX, EQ, 15-Nov-2019,31.8,32.85,32.9,31.55, 32.35,32.55,32.36,27510,8.9,299, 25585, 93.00
SUVEN, EQ, 15-Nov-2019,320.3,323.95,334.7,308.05, 309.00,310.7,322.48,3017473,9730.87,42207, 678325, 22.48
SUZLON, EQ, 15-Nov-2019,2.55,2.45,2.5,2.3, 2.50,2.45,2.43,12778230,310.25,20642, 8819313, 69.02
SWANENERGY, EQ, 15-Nov-2019,102.85,102.4,103.6,100.15, 100.75,101.25,102.49,77468,79.4,1569, 10368, 13.38
SWARAJENG, EQ, 15-Nov-2019,1129.1,1129.95,1135.05,1110.0, 1110.00,1117.3,1117.9,2193,24.52,309, 1926, 87.82
SWELECTES, EQ, 15-Nov-2019,118.35,117.5,119.9,113.0, 116.40,117.55,116.85,8280,9.67,457, 5780, 69.81
SWSOLAR, EQ, 15-Nov-2019,500.85,459.95,459.95,400.7, 400.70,400.7,401.66,123908,497.68,1944, 123585, 99.74
SYMPHONY, EQ, 15-Nov-2019,1215.5,1229.0,1229.0,1206.0, 1210.00,1213.95,1213.69,17036,206.76,1538, 11927, 70.01
SYNDIBANK, EQ, 15-Nov-2019,25.8,25.75,27.65,25.65, 26.80,26.7,26.94,1962603,528.76,6229, 497886, 25.37
SYNGENE, EQ, 15-Nov-2019,322.45,322.45,325.4,317.1, 318.10,320.35,320.07,286011,915.42,2673, 270429, 94.55
TAINWALCHM, EQ, 15-Nov-2019,49.2,52.1,52.1,49.95, 50.90,50.05,50.08,399,0.2,46, 342, 85.71
TAJGVK, EQ, 15-Nov-2019,165.9,166.55,167.5,160.35, 162.35,161.8,163.81,14073,23.05,538, 7143, 50.76
TAKE, EQ, 15-Nov-2019,105.95,105.05,107.3,102.55, 103.50,103.8,104.75,80875,84.72,1681, 56779, 70.21
TALBROAUTO, EQ, 15-Nov-2019,114.75,116.9,117.25,112.7, 113.25,113.15,114.99,9349,10.75,381, 2614, 27.96
TALWALKARS, EQ, 15-Nov-2019,5.15,5.0,5.35,4.9, 5.10,5.15,5.07,86454,4.39,238, 54069, 62.54
TALWGYM, EQ, 15-Nov-2019,4.95,5.1,5.1,4.75, 4.75,4.75,4.78,20908,1.0,76, 19682, 94.14
TANLA, EQ, 15-Nov-2019,50.7,53.2,53.2,50.75, 53.20,53.1,52.94,648983,343.56,1829, 389066, 59.95
TARMAT, EQ, 15-Nov-2019,28.95,29.9,30.0,28.55, 29.30,28.95,29.36,4118,1.21,35, 3850, 93.49
TASTYBITE, EQ, 15-Nov-2019,9236.4,9292.0,9698.4,9200.05, 9349.95,9319.3,9399.39,377,35.44,220, 218, 57.82
TATACHEM, EQ, 15-Nov-2019,631.4,632.75,640.95,632.0, 639.80,639.15,638.86,458610,2929.86,15643, 236677, 51.61
TATACOFFEE, EQ, 15-Nov-2019,81.45,81.5,82.9,80.05, 80.30,80.4,81.19,193349,156.97,1919, 70194, 36.30
TATACOMM, EQ, 15-Nov-2019,353.95,351.45,356.0,350.1, 353.90,353.45,353.4,127131,449.28,4653, 104814, 82.45
TATAELXSI, EQ, 15-Nov-2019,791.7,795.65,807.95,786.2, 792.10,792.45,796.94,396566,3160.4,19165, 48376, 12.20
TATAGLOBAL, EQ, 15-Nov-2019,295.5,295.55,302.5,295.55, 298.95,297.75,299.51,3644187,10914.71,35662, 1016163, 27.88
TATAINVEST, EQ, 15-Nov-2019,824.2,823.1,831.15,817.0, 819.95,819.7,823.47,9156,75.4,783, 5906, 64.50
TATAMETALI, EQ, 15-Nov-2019,572.75,577.9,579.5,568.9, 576.90,573.05,575.66,23107,133.02,1359, 10134, 43.86
TATAMOTORS, EQ, 15-Nov-2019,167.05,169.0,173.4,167.35, 168.90,168.55,170.31,29614682,50436.32,125405, 3184310, 10.75
TATAMTRDVR, EQ, 15-Nov-2019,76.65,78.5,80.75,77.65, 78.30,78.25,79.0,7830361,6186.28,27190, 1273415, 16.26
TATAPOWER, EQ, 15-Nov-2019,54.65,55.0,55.45,54.2, 54.55,54.5,54.72,5676494,3106.41,18175, 2003526, 35.30
TATASTEEL, EQ, 15-Nov-2019,391.95,392.0,403.0,390.6, 393.40,394.5,396.19,11813259,46802.82,87790, 1074888, 9.10
TATASTLBSL, EQ, 15-Nov-2019,24.75,24.75,25.45,24.65, 24.80,24.9,25.0,440452,110.1,1032, 269575, 61.20
TATASTLLP, EQ, 15-Nov-2019,386.75,390.7,392.0,381.0, 381.30,383.05,385.41,16359,63.05,1007, 11416, 69.78
TBZ, EQ, 15-Nov-2019,37.7,38.05,38.25,35.6, 37.00,37.25,37.46,60559,22.68,643, 36603, 60.44
TCI, EQ, 15-Nov-2019,272.1,274.85,283.0,273.35, 282.00,279.95,277.43,18940,52.55,409, 15259, 80.56
TCIDEVELOP, EQ, 15-Nov-2019,356.0,360.0,360.05,348.0, 348.45,348.45,358.78,180,0.65,11, 156, 86.67
TCIEXP, EQ, 15-Nov-2019,756.9,756.9,760.45,750.05, 756.15,758.1,756.18,5393,40.78,375, 3757, 69.66
TCIFINANCE, EQ, 15-Nov-2019,8.6,8.95,8.95,8.4, 8.70,8.65,8.59,9250,0.79,66, 6721, 72.66
TCNSBRANDS, EQ, 15-Nov-2019,688.7,684.1,695.7,683.0, 683.20,686.15,688.01,1634,11.24,501, 950, 58.14
TCPLPACK, EQ, 15-Nov-2019,278.2,276.9,285.0,275.0, 285.00,281.8,278.58,3010,8.39,116, 2602, 86.45
TCS, EQ, 15-Nov-2019,2196.8,2196.0,2211.5,2168.75, 2174.45,2174.45,2191.82,2724180,59709.22,95061, 1528537, 56.11
TDPOWERSYS, EQ, 15-Nov-2019,151.2,155.0,155.0,145.3, 146.65,149.45,149.24,61857,92.31,390, 55931, 90.42
TEAMLEASE, EQ, 15-Nov-2019,2418.75,2450.0,2489.0,2406.2, 2450.00,2455.75,2446.44,73652,1801.86,5679, 65654, 89.14
TECHM, EQ, 15-Nov-2019,758.35,758.35,763.25,749.3, 752.40,751.95,755.09,1787358,13496.14,25176, 1134715, 63.49
TECHNOE, EQ, 15-Nov-2019,270.15,276.0,276.0,262.2, 268.00,266.75,267.75,10140,27.15,529, 6020, 59.37
TEJASNET, EQ, 15-Nov-2019,70.0,70.0,70.65,64.1, 68.40,67.45,66.8,205398,137.21,4662, 116247, 56.60
TERASOFT, EQ, 15-Nov-2019,29.6,29.25,29.25,28.15, 28.15,28.2,28.42,23881,6.79,151, 14700, 61.56
TEXINFRA, EQ, 15-Nov-2019,44.5,44.95,46.5,43.6, 45.40,44.6,45.15,36694,16.57,316, 20848, 56.82
TEXMOPIPES, EQ, 15-Nov-2019,15.0,14.85,15.45,14.1, 14.45,14.45,14.64,78449,11.49,452, 57976, 73.90
TEXRAIL, EQ, 15-Nov-2019,43.6,43.75,46.25,43.2, 44.25,44.45,44.81,458424,205.42,3985, 115195, 25.13
TFCILTD, EQ, 15-Nov-2019,82.5,82.5,83.9,81.15, 82.00,82.05,82.19,123542,101.55,696, 99382, 80.44
TFL, EQ, 15-Nov-2019,4.15,4.0,4.1,3.95, 3.95,3.95,3.97,2908,0.12,8, 2908, 100.00
TGBHOTELS, EQ, 15-Nov-2019,3.45,3.55,3.6,3.35, 3.55,3.55,3.53,47238,1.67,81, 45282, 95.86
THANGAMAYL, EQ, 15-Nov-2019,349.95,350.1,360.0,349.5, 350.00,353.05,354.26,2499,8.85,193, 1552, 62.10
THEINVEST, EQ, 15-Nov-2019,124.15,120.15,125.0,120.1, 124.50,124.5,123.28,547,0.67,21, 503, 91.96
THERMAX, EQ, 15-Nov-2019,1069.4,1080.2,1088.4,1041.0, 1049.90,1050.0,1051.96,71872,756.07,3688, 66459, 92.47
THOMASCOOK, EQ, 15-Nov-2019,137.15,138.0,144.8,135.1, 142.10,141.45,141.54,528291,747.73,6512, 337214, 63.83
THYROCARE, EQ, 15-Nov-2019,572.55,575.0,579.9,558.05, 562.45,561.9,569.77,21690,123.58,2176, 11777, 54.30
TI, EQ, 15-Nov-2019,13.45,13.4,13.9,12.9, 12.95,13.1,13.33,138472,18.45,382, 92860, 67.06
TIDEWATER, EQ, 15-Nov-2019,5007.5,4961.0,5024.95,4825.0, 4830.00,4837.3,4891.65,1776,86.88,848, 1218, 68.58
TIIL, EQ, 15-Nov-2019,340.65,328.5,342.45,314.95, 327.80,326.3,322.38,3387,10.92,621, 1474, 43.52
TIINDIA, EQ, 15-Nov-2019,445.1,440.55,451.9,440.55, 450.50,449.0,447.92,112571,504.23,2702, 99801, 88.66
TIJARIA, EQ, 15-Nov-2019,9.2,8.7,9.1,8.6, 9.10,9.0,8.79,15962,1.4,77, 13054, 81.78
TIL, EQ, 15-Nov-2019,182.45,180.3,185.5,180.05, 181.80,181.55,181.25,3611,6.55,210, 2325, 64.39
TIMESGTY, EQ, 15-Nov-2019,29.95,32.8,32.8,30.0, 31.80,31.8,31.52,6788,2.14,35, 302, 4.45
TIMETECHNO, EQ, 15-Nov-2019,62.15,62.95,65.0,61.5, 62.25,62.35,62.81,331565,208.24,5550, 177222, 53.45
TIMKEN, EQ, 15-Nov-2019,888.8,888.8,897.7,865.0, 868.15,872.15,872.46,25927,226.2,1570, 15023, 57.94
TINPLATE, EQ, 15-Nov-2019,139.7,139.85,141.1,137.8, 138.70,138.9,139.06,568321,790.33,6656, 185136, 32.58
TIPSINDLTD, EQ, 15-Nov-2019,74.05,73.1,73.2,72.6, 72.60,72.6,72.75,2700,1.96,22, 1994, 73.85
TIRUMALCHM, EQ, 15-Nov-2019,63.4,63.55,64.25,61.0, 62.10,62.0,62.29,196433,122.36,2172, 114788, 58.44
TITAN, EQ, 15-Nov-2019,1169.1,1173.0,1174.8,1155.9, 1160.00,1158.45,1161.66,1506407,17499.26,68288, 656077, 43.55
TNPETRO, EQ, 15-Nov-2019,37.1,37.0,37.3,36.1, 36.50,36.4,36.55,90255,32.99,794, 65810, 72.92
TNPL, EQ, 15-Nov-2019,184.75,185.5,186.05,181.05, 183.35,182.45,183.34,31798,58.3,1206, 19037, 59.87
TORNTPHARM, EQ, 15-Nov-2019,1771.55,1774.2,1797.6,1764.15, 1780.00,1782.15,1777.19,100024,1777.61,7743, 39042, 39.03
TORNTPOWER, EQ, 15-Nov-2019,294.2,293.0,296.5,292.6, 293.45,292.95,294.01,373287,1097.51,4598, 116551, 31.22
TPLPLASTEH, EQ, 15-Nov-2019,123.5,127.0,129.0,124.05, 128.90,127.95,126.91,846,1.07,57, 726, 85.82
TREJHARA, EQ, 15-Nov-2019,15.75,15.05,16.35,15.0, 16.00,16.0,15.7,2430,0.38,17, 2295, 94.44
TRENT, EQ, 15-Nov-2019,498.6,505.0,505.45,493.0, 498.55,499.55,498.37,91939,458.2,5738, 47783, 51.97
TRF, EQ, 15-Nov-2019,105.5,106.5,109.7,104.25, 106.00,105.65,106.12,30669,32.54,787, 14790, 48.22
TRIDENT, EQ, 15-Nov-2019,62.55,62.8,63.2,62.1, 62.35,62.35,62.48,336554,210.28,2281, 155257, 46.13
TRIGYN, EQ, 15-Nov-2019,51.85,52.8,53.7,50.65, 50.80,51.45,52.08,42253,22.0,838, 21667, 51.28
TRIL, EQ, 15-Nov-2019,7.9,7.7,7.95,7.45, 7.55,7.6,7.6,79773,6.06,212, 52928, 66.35
TRITURBINE, EQ, 15-Nov-2019,98.75,98.45,101.0,96.4, 98.00,97.6,98.24,49705,48.83,978, 23794, 47.87
TRIVENI, EQ, 15-Nov-2019,63.8,64.15,64.3,63.0, 63.20,63.15,63.4,193958,122.96,1654, 69608, 35.89
TTKHLTCARE, EQ, 15-Nov-2019,486.0,477.05,485.1,470.0, 470.25,474.8,474.68,1206,5.72,258, 558, 46.27
TTKPRESTIG, EQ, 15-Nov-2019,5970.25,6064.8,6084.0,6008.6, 6009.00,6018.6,6040.33,2637,159.28,993, 1340, 50.82
TTL, EQ, 15-Nov-2019,43.9,43.05,45.0,42.0, 42.50,42.85,43.45,3806,1.65,121, 2150, 56.49
TTML, EQ, 15-Nov-2019,2.8,2.8,3.0,2.6, 2.75,2.7,2.75,2109973,57.97,913, 875366, 41.49
TV18BRDCST, EQ, 15-Nov-2019,22.7,22.75,23.25,22.7, 22.80,22.85,22.91,833049,190.84,2702, 380289, 45.65
TVSMOTOR, EQ, 15-Nov-2019,448.3,451.1,459.9,450.25, 452.00,451.8,455.24,1315879,5990.4,25124, 321030, 24.40
TVSSRICHAK, EQ, 15-Nov-2019,1737.95,1738.0,1755.0,1701.0, 1730.70,1738.0,1733.79,1400,24.27,420, 846, 60.43
TVTODAY, EQ, 15-Nov-2019,295.3,298.0,298.0,292.1, 294.00,294.4,294.74,16695,49.21,607, 12414, 74.36
TWL, EQ, 15-Nov-2019,46.0,46.05,51.2,45.3, 48.75,48.65,48.95,2381828,1165.95,13829, 589857, 24.76
UBL, EQ, 15-Nov-2019,1250.25,1246.0,1260.45,1240.95, 1252.90,1247.95,1251.16,254708,3186.8,12802, 129124, 50.69
UCALFUEL, EQ, 15-Nov-2019,144.5,145.6,147.9,143.0, 143.75,143.55,145.46,42430,61.72,1277, 23369, 55.08
UCOBANK, EQ, 15-Nov-2019,13.2,13.3,13.75,13.1, 13.40,13.3,13.45,760459,102.25,2192, 252776, 33.24
UFLEX, EQ, 15-Nov-2019,200.95,200.95,208.2,200.15, 205.10,205.1,204.43,63873,130.58,1042, 45703, 71.55
UFO, EQ, 15-Nov-2019,128.45,131.95,140.25,125.25, 132.25,132.35,134.59,65548,88.22,2266, 28815, 43.96
UGARSUGAR, EQ, 15-Nov-2019,13.05,13.2,13.35,13.05, 13.15,13.2,13.18,49191,6.48,246, 27096, 55.08
UJAAS, EQ, 15-Nov-2019,3.15,3.25,3.5,3.05, 3.25,3.3,3.25,388679,12.62,477, 276742, 71.20
UJJIVAN, EQ, 15-Nov-2019,274.7,276.0,282.6,273.1, 279.55,279.75,277.83,1793918,4984.11,14856, 368257, 20.53
ULTRACEMCO, EQ, 15-Nov-2019,4003.4,4043.85,4094.0,4015.0, 4079.95,4077.4,4063.49,621773,25265.68,34442, 259803, 41.78
UMANGDAIRY, EQ, 15-Nov-2019,40.5,41.0,43.9,39.75, 43.10,43.35,42.68,60450,25.8,924, 31090, 51.43
UNICHEMLAB, EQ, 15-Nov-2019,142.6,141.6,151.0,141.3, 150.05,149.75,145.56,85014,123.75,2343, 44062, 51.83
UNIENTER, EQ, 15-Nov-2019,64.4,64.4,65.5,64.25, 65.40,65.1,65.05,1271,0.83,27, 1177, 92.60
UNIONBANK, EQ, 15-Nov-2019,52.3,51.6,54.9,51.1, 53.75,53.55,53.3,31377345,16725.15,58259, 3108130, 9.91
UNIPLY, EQ, 15-Nov-2019,30.4,28.9,28.9,28.9, 28.90,28.9,28.9,14088,4.07,113, 13815, 98.06
UNITECH, EQ, 15-Nov-2019,0.8,0.85,0.85,0.75, 0.85,0.85,0.84,13255831,110.84,1894, 7966177, 60.10
UNITEDBNK, EQ, 15-Nov-2019,8.6,8.6,9.0,8.6, 8.85,8.8,8.86,523107,46.33,848, 232161, 44.38
UNITEDTEA, EQ, 15-Nov-2019,255.35,255.0,257.1,255.0, 256.10,256.45,255.72,6,0.02,3, 3, 50.00
UNIVCABLES, EQ, 15-Nov-2019,167.1,165.2,171.2,165.0, 167.00,167.3,167.67,21784,36.53,778, 11459, 52.60
UPL, EQ, 15-Nov-2019,535.55,539.0,541.75,518.35, 529.90,530.3,528.81,4164016,22019.71,65174, 1179424, 28.32
URJA, EQ, 15-Nov-2019,1.65,1.65,1.65,1.6, 1.65,1.6,1.61,906301,14.59,537, 438542, 48.39
USHAMART, EQ, 15-Nov-2019,31.45,31.25,31.7,30.55, 30.70,30.85,31.01,129379,40.12,513, 82579, 63.83
UTINEXT50, EQ, 15-Nov-2019,292.09,295.0,295.0,292.1, 294.00,293.61,293.35,6069,17.8,19, 6048, 99.65
UTINIFTETF, EQ, 15-Nov-2019,1269.0,1266.7,1269.0,1257.4, 1257.40,1257.89,1259.88,9772,123.12,30, 9238, 94.54
UTISENSETF, EQ, 15-Nov-2019,426.34,429.0,429.0,427.5, 427.50,428.11,428.24,153,0.66,17, 128, 83.66
UTTAMSUGAR, EQ, 15-Nov-2019,98.6,98.1,99.35,95.8, 96.60,96.4,97.31,71725,69.79,1082, 29648, 41.34
V2RETAIL, EQ, 15-Nov-2019,120.8,119.0,121.0,116.25, 117.80,117.2,118.08,15386,18.17,389, 9335, 60.67
VADILALIND, EQ, 15-Nov-2019,795.65,802.05,805.0,750.0, 755.00,753.8,774.82,106102,822.1,3643, 65303, 61.55
VAIBHAVGBL, EQ, 15-Nov-2019,827.3,832.0,859.0,829.3, 853.00,852.15,845.83,13404,113.38,869, 9600, 71.62
VAKRANGEE, EQ, 15-Nov-2019,39.35,39.5,39.75,37.95, 38.25,38.5,38.9,5773013,2245.66,4903, 4341840, 75.21
VARDHACRLC, EQ, 15-Nov-2019,34.05,34.95,34.95,33.55, 33.55,33.6,33.99,26377,8.97,134, 23176, 87.86
VARROC, EQ, 15-Nov-2019,448.45,455.0,456.0,445.0, 445.05,447.9,448.26,17624,79.0,1800, 6647, 37.72
VASCONEQ, EQ, 15-Nov-2019,12.75,12.6,13.25,12.6, 12.95,12.95,12.96,161877,20.97,366, 89863, 55.51
VASWANI, EQ, 15-Nov-2019,4.9,5.0,5.1,4.65, 4.75,4.75,4.87,16078,0.78,83, 4345, 27.02
VBL, EQ, 15-Nov-2019,725.7,729.0,735.0,702.05, 708.00,707.1,713.81,235678,1682.29,24978, 126138, 53.52
VEDL, EQ, 15-Nov-2019,144.0,145.8,146.15,141.7, 142.10,142.1,143.39,17581870,25211.32,74494, 7415265, 42.18
VENKEYS, EQ, 15-Nov-2019,1704.1,1709.5,1766.05,1706.0, 1730.00,1730.25,1740.55,219089,3813.35,16152, 34870, 15.92
VESUVIUS, EQ, 15-Nov-2019,988.0,989.15,998.7,972.1, 984.00,985.75,983.18,3028,29.77,782, 2463, 81.34
VETO, EQ, 15-Nov-2019,47.45,47.25,48.55,47.0, 47.10,47.1,47.58,8154,3.88,237, 5600, 68.68
VGUARD, EQ, 15-Nov-2019,233.95,235.5,236.8,228.1, 229.45,229.25,231.33,232581,538.02,4968, 131885, 56.70
VHL, EQ, 15-Nov-2019,1454.6,1498.1,1499.9,1451.0, 1455.00,1462.0,1482.14,275,4.08,169, 131, 47.64
VIDHIING, EQ, 15-Nov-2019,63.8,64.5,64.9,63.4, 63.75,64.65,64.38,13006,8.37,203, 9332, 71.75
VIJIFIN, EQ, 15-Nov-2019,0.4,0.45,0.45,0.4, 0.45,0.45,0.43,9879,0.04,41, 9767, 98.87
VIKASECO, EQ, 15-Nov-2019,3.55,3.5,3.55,3.4, 3.40,3.4,3.42,92704,3.17,117, 86990, 93.84
VIKASPROP, EQ, 15-Nov-2019,4.35,4.4,4.4,4.3, 4.40,4.4,4.37,2269404,99.21,727, 2126149, 93.69
VIKASWSP, EQ, 15-Nov-2019,9.7,9.25,9.75,9.25, 9.25,9.25,9.31,331397,30.87,495, 208995, 63.06
VIMTALABS, EQ, 15-Nov-2019,97.75,99.15,99.45,93.6, 95.75,94.5,96.38,32764,31.58,921, 20745, 63.32
VINATIORGA, EQ, 15-Nov-2019,1946.1,1978.0,1978.0,1920.0, 1939.00,1929.75,1934.79,32633,631.38,5892, 19429, 59.54
VINDHYATEL, EQ, 15-Nov-2019,812.7,812.95,827.15,777.75, 782.00,784.1,789.49,10570,83.45,1095, 7803, 73.82
VINYLINDIA, EQ, 15-Nov-2019,63.05,63.05,65.7,62.65, 64.75,65.3,64.96,28553,18.55,510, 18281, 64.02
VIPCLOTHNG, EQ, 15-Nov-2019,8.45,8.85,8.85,8.05, 8.05,8.05,8.33,687014,57.23,882, 456489, 66.45
VIPIND, EQ, 15-Nov-2019,435.75,432.3,440.95,432.3, 436.80,437.95,437.07,195218,853.24,5953, 96889, 49.63
VIPULLTD, EQ, 15-Nov-2019,23.15,23.5,23.55,22.0, 22.00,22.5,23.07,72852,16.81,187, 3969, 5.45
VISAKAIND, EQ, 15-Nov-2019,249.55,250.0,255.0,246.0, 248.00,247.35,249.59,27021,67.44,1151, 20624, 76.33
VISHNU, EQ, 15-Nov-2019,127.65,127.05,129.5,122.5, 122.50,123.4,125.26,4731,5.93,172, 3953, 83.56
VISHWARAJ, EQ, 15-Nov-2019,66.4,69.95,70.05,66.15, 67.90,67.3,67.66,18581,12.57,376, 9679, 52.09
VIVIMEDLAB, EQ, 15-Nov-2019,14.0,13.85,14.05,11.85, 13.05,13.05,12.98,635852,82.54,2136, 450406, 70.84
VLSFINANCE, EQ, 15-Nov-2019,55.3,56.35,56.9,55.3, 56.25,56.2,56.08,36647,20.55,341, 30620, 83.55
VMART, EQ, 15-Nov-2019,1716.95,1720.0,1747.95,1695.05, 1714.20,1706.85,1724.32,22563,389.06,1929, 19769, 87.62
VOLTAMP, EQ, 15-Nov-2019,1110.35,1112.0,1129.5,1112.0, 1120.00,1117.5,1121.07,7310,81.95,832, 3675, 50.27
VOLTAS, EQ, 15-Nov-2019,713.6,716.0,718.85,710.95, 712.45,713.55,714.81,976238,6978.23,23657, 272682, 27.93
VRLLOG, EQ, 15-Nov-2019,261.75,263.25,264.9,255.1, 263.50,263.4,260.88,45714,119.26,3497, 21213, 46.40
VSSL, EQ, 15-Nov-2019,67.75,67.15,68.0,65.0, 66.00,66.0,66.43,1858,1.23,79, 1215, 65.39
VSTIND, EQ, 15-Nov-2019,4560.45,4600.0,4619.0,4500.0, 4500.00,4548.45,4558.29,4940,225.18,1746, 2268, 45.91
VSTTILLERS, EQ, 15-Nov-2019,1182.95,1172.25,1186.8,1172.25, 1172.35,1173.15,1175.86,1544,18.16,286, 970, 62.82
VTL, EQ, 15-Nov-2019,908.45,890.65,910.0,886.1, 904.00,908.25,901.54,15483,139.59,1698, 10395, 67.14
WABAG, EQ, 15-Nov-2019,169.8,171.15,172.8,165.0, 168.80,169.85,169.73,92166,156.44,2333, 34156, 37.06
WABCOINDIA, EQ, 15-Nov-2019,6207.75,6210.0,6219.1,6177.15, 6215.00,6209.3,6203.98,1466,90.95,223, 1103, 75.24
WALCHANNAG, EQ, 15-Nov-2019,64.05,64.4,65.0,62.05, 63.20,63.45,63.65,432473,275.27,3884, 111433, 25.77
WATERBASE, EQ, 15-Nov-2019,146.45,138.0,138.0,125.0, 129.00,129.8,131.45,569514,748.64,6736, 218017, 38.28
WEBELSOLAR, EQ, 15-Nov-2019,23.65,24.5,24.8,22.85, 24.15,23.6,24.3,213280,51.83,674, 134596, 63.11
WEIZFOREX, EQ, 15-Nov-2019,270.0,266.2,272.0,256.5, 261.55,261.7,262.76,1838,4.83,219, 1094, 59.52
WEIZMANIND, EQ, 15-Nov-2019,21.05,21.0,24.0,20.0, 20.90,20.9,21.7,7451,1.62,60, 3004, 40.32
WELCORP, EQ, 15-Nov-2019,138.05,137.6,139.05,135.0, 136.30,136.2,137.09,445229,610.37,3990, 290051, 65.15
WELENT, EQ, 15-Nov-2019,79.35,78.25,80.75,76.0, 79.50,77.55,78.32,205051,160.6,2543, 114758, 55.97
WELSPUNIND, EQ, 15-Nov-2019,53.85,54.0,54.8,52.1, 52.80,52.95,53.65,363702,195.12,2792, 235882, 64.86
WENDT, EQ, 15-Nov-2019,2832.45,2875.0,2914.45,2844.25, 2890.00,2878.15,2879.93,132,3.8,91, 78, 59.09
WESTLIFE, EQ, 15-Nov-2019,353.7,356.0,365.85,347.5, 356.60,350.95,355.19,19558,69.47,881, 10709, 54.76
WHEELS, EQ, 15-Nov-2019,646.25,649.95,649.95,625.0, 625.00,629.45,634.79,1820,11.55,341, 1142, 62.75
WHIRLPOOL, EQ, 15-Nov-2019,2264.1,2282.25,2339.35,2250.0, 2309.00,2312.65,2287.86,110443,2526.78,15187, 64711, 58.59
WILLAMAGOR, EQ, 15-Nov-2019,13.65,13.65,14.3,13.1, 14.30,14.3,13.94,11181,1.56,45, 3673, 32.85
WIPRO, EQ, 15-Nov-2019,252.75,254.0,254.2,251.65, 252.55,252.55,252.77,1212917,3065.91,16731, 501505, 41.35
WOCKPHARMA, EQ, 15-Nov-2019,274.75,274.5,281.0,270.1, 270.30,271.45,274.52,547918,1504.15,11480, 78674, 14.36
WONDERLA, EQ, 15-Nov-2019,276.55,279.6,279.6,268.0, 269.50,269.95,271.56,19279,52.35,783, 14145, 73.37
WSTCSTPAPR, EQ, 15-Nov-2019,217.6,217.0,219.75,216.2, 218.90,217.05,217.6,42753,93.03,1729, 23807, 55.68
XCHANGING, EQ, 15-Nov-2019,52.0,52.7,52.7,52.0, 52.35,52.3,52.15,4536,2.37,51, 4039, 89.04
XELPMOC, EQ, 15-Nov-2019,67.3,65.55,70.0,63.45, 65.00,64.9,65.6,7604,4.99,259, 3868, 50.87
XPROINDIA, EQ, 15-Nov-2019,22.8,22.95,22.95,22.0, 22.90,22.75,22.32,1958,0.44,24, 1303, 66.55
YESBANK, EQ, 15-Nov-2019,68.75,69.2,70.2,68.3, 68.95,68.7,69.04,129526064,89418.62,269751, 19144551, 14.78
ZEEL, EQ, 15-Nov-2019,282.0,284.55,293.3,278.3, 293.00,287.9,283.85,11986311,34023.3,89568, 3619006, 30.19
ZEELEARN, EQ, 15-Nov-2019,20.95,21.85,23.0,21.6, 22.55,22.45,22.64,265390,60.1,896, 129638, 48.85
ZEEMEDIA, EQ, 15-Nov-2019,7.05,6.7,7.4,6.7, 7.40,7.4,7.16,1433434,102.7,1359, 990169, 69.08
ZENITHEXPO, EQ, 15-Nov-2019,40.1,40.25,40.25,36.25, 40.00,39.45,38.41,3631,1.39,78, 2693, 74.17
ZENSARTECH, EQ, 15-Nov-2019,187.55,186.3,191.0,185.35, 188.00,188.05,187.49,47442,88.95,4598, 28328, 59.71
ZENTEC, EQ, 15-Nov-2019,60.2,60.5,63.0,60.25, 61.10,61.3,61.37,30205,18.54,508, 17795, 58.91
ZODIACLOTH, EQ, 15-Nov-2019,187.25,187.05,187.05,178.25, 185.70,184.15,181.36,2224,4.03,162, 1746, 78.51
ZODJRDMKJ, EQ, 15-Nov-2019,31.2,31.05,31.6,30.0, 30.60,30.55,30.18,2737,0.83,59, 2205, 80.56
ZOTA, EQ, 15-Nov-2019,188.9,192.05,192.05,185.05, 186.50,186.8,187.25,21908,41.02,168, 955, 4.36
ZUARI, EQ, 15-Nov-2019,95.65,96.05,97.0,91.0, 95.90,94.8,93.88,56582,53.12,1311, 30151, 53.29
ZUARIGLOB, EQ, 15-Nov-2019,57.85,57.45,57.5,54.1, 54.95,54.5,55.29,55226,30.54,528, 43498, 78.76
ZYDUSWELL, EQ, 15-Nov-2019,1430.25,1431.9,1500.0,1431.9, 1454.95,1463.25,1444.03,121512,1754.68,2851, 110589, 91.01
