SYMBOL,SERIES,DATE1,PREV_CLOSE,OPEN_PRICE,HIGH_PRICE,LOW_PRICE,LAST_PRICE,CLOSE_PRICE,AVG_PRICE,TTL_TRD_QNTY,TURNOVER_LACS,NO_OF_TRADES,DELIV_QTY,DELIV_PER
20MICRONS, EQ, 21-Nov-2019,34.9,35.2,35.2,33.05, 33.80,34.0,34.26,37922,12.99,419, 26726, 70.48
21STCENMGM, EQ, 21-Nov-2019,14.1,13.85,13.85,13.85, 13.85,13.85,13.85,1,0.0,1, 1, 100.00
3IINFOTECH, EQ, 21-Nov-2019,1.95,1.95,2.0,1.9, 1.95,1.95,1.94,662512,12.84,432, 358464, 54.11
3MINDIA, EQ, 21-Nov-2019,22372.85,22375.0,22730.0,22335.55, 22480.00,22598.55,22619.64,2121,479.76,868, 1335, 62.94
3PLAND, EQ, 21-Nov-2019,6.2,6.5,6.5,6.2, 6.20,6.2,6.23,620,0.04,5, 560, 90.32
5PAISA, EQ, 21-Nov-2019,154.05,154.1,154.1,150.0, 152.95,151.85,151.72,6660,10.1,299, 3892, 58.44
63MOONS, EQ, 21-Nov-2019,101.9,100.4,112.05,100.4, 112.05,109.5,106.75,196806,210.09,2211, 94685, 48.11
A2ZINFRA, EQ, 21-Nov-2019,8.85,9.0,9.05,8.9, 8.90,8.9,8.97,216618,19.44,414, 142456, 65.76
AARTIDRUGS, EQ, 21-Nov-2019,525.25,524.0,528.0,520.55, 524.50,524.45,524.18,7861,41.21,741, 5370, 68.31
AARTIIND, EQ, 21-Nov-2019,847.75,851.0,854.65,835.15, 839.00,843.5,849.13,116576,989.88,2661, 94436, 81.01
AARVEEDEN, EQ, 21-Nov-2019,12.6,13.25,13.25,12.45, 12.70,12.7,12.82,4355,0.56,89, 2148, 49.32
AAVAS, EQ, 21-Nov-2019,1695.3,1725.05,1748.8,1680.0, 1690.00,1696.65,1697.29,314628,5340.16,8735, 285084, 90.61
ABB, EQ, 21-Nov-2019,1449.65,1450.0,1458.4,1436.0, 1436.50,1439.2,1444.65,32816,474.08,2740, 20849, 63.53
ABBOTINDIA, EQ, 21-Nov-2019,12578.95,12635.0,12749.95,12351.6, 12400.00,12392.3,12534.89,7168,898.5,2640, 3565, 49.73
ABCAPITAL, EQ, 21-Nov-2019,85.6,86.5,99.75,85.35, 95.25,95.75,94.97,22362426,21238.6,117038, 5894992, 26.36
ABFRL, EQ, 21-Nov-2019,216.05,216.05,216.95,209.0, 210.00,210.05,212.67,703817,1496.82,22136, 392513, 55.77
ABSLBANETF, EQ, 21-Nov-2019,315.72,315.75,315.75,315.75, 315.75,315.75,315.75,10,0.03,1, 10, 100.00
ACC, EQ, 21-Nov-2019,1483.75,1487.0,1495.0,1471.0, 1471.50,1473.35,1481.45,431807,6396.98,12586, 112854, 26.14
ACCELYA, EQ, 21-Nov-2019,986.05,980.0,1010.0,961.1, 962.50,964.7,978.09,26435,258.56,2961, 8878, 33.58
ACE, EQ, 21-Nov-2019,79.8,80.25,82.5,79.4, 79.50,79.7,80.64,66530,53.65,1688, 35315, 53.08
ADANIENT, EQ, 21-Nov-2019,205.7,206.9,209.0,201.95, 204.45,205.5,206.17,4409698,9091.61,24824, 471967, 10.70
ADANIGAS, EQ, 21-Nov-2019,146.55,146.6,147.4,146.15, 146.25,146.3,146.56,437965,641.89,2523, 283345, 64.70
ADANIGREEN, EQ, 21-Nov-2019,98.75,98.65,99.2,96.3, 97.25,97.0,97.79,855172,836.24,5784, 422211, 49.37
ADANIPORTS, EQ, 21-Nov-2019,366.7,368.0,376.25,368.0, 371.80,372.1,372.17,6556285,24400.31,72670, 2456588, 37.47
ADANIPOWER, EQ, 21-Nov-2019,60.35,60.4,63.4,60.0, 61.45,61.5,62.2,14897583,9266.17,45891, 1678073, 11.26
ADANITRANS, EQ, 21-Nov-2019,267.1,268.7,271.45,256.45, 266.00,263.45,266.39,146497,390.26,5487, 64209, 43.83
ADFFOODS, EQ, 21-Nov-2019,298.35,295.35,302.0,290.25, 292.50,292.55,297.32,36447,108.36,898, 21778, 59.75
ADHUNIKIND, EQ, 21-Nov-2019,107.95,108.0,118.0,107.8, 109.60,112.8,113.76,103463,117.7,2023, 45100, 43.59
ADORWELD, EQ, 21-Nov-2019,313.75,309.2,314.9,305.2, 307.00,306.1,309.66,5656,17.51,370, 3880, 68.60
ADSL, EQ, 21-Nov-2019,16.3,16.3,16.75,15.3, 16.60,16.5,16.34,107088,17.5,324, 87238, 81.46
ADVANIHOTR, EQ, 21-Nov-2019,56.4,55.5,56.25,55.0, 55.00,55.4,55.39,2281,1.26,99, 1359, 59.58
ADVENZYMES, EQ, 21-Nov-2019,178.2,179.0,183.4,173.95, 174.10,175.05,178.94,138684,248.16,4775, 41490, 29.92
AEGISCHEM, EQ, 21-Nov-2019,179.35,180.3,187.7,178.75, 185.35,184.7,180.05,1490395,2683.47,5036, 1347846, 90.44
AFFLE, EQ, 21-Nov-2019,1633.75,1633.75,1727.9,1622.6, 1692.55,1689.55,1696.89,331751,5629.46,26770, 96300, 29.03
AGARIND, EQ, 21-Nov-2019,106.1,109.85,109.9,104.95, 105.00,105.2,105.63,872,0.92,32, 788, 90.37
AGRITECH, EQ, 21-Nov-2019,43.1,43.25,43.25,41.05, 41.80,42.0,42.18,14478,6.11,436, 11458, 79.14
AGROPHOS, EQ, 21-Nov-2019,126.2,126.4,127.4,126.4, 127.10,127.15,126.91,655056,831.36,8359, 215691, 32.93
AHLEAST, EQ, 21-Nov-2019,173.75,182.9,182.9,172.5, 172.55,173.8,173.42,1709,2.96,161, 1307, 76.48
AHLUCONT, EQ, 21-Nov-2019,274.0,276.8,282.75,272.5, 272.50,273.1,276.25,3322,9.18,179, 1897, 57.10
AHLWEST, EQ, 21-Nov-2019,309.9,310.0,329.9,297.25, 320.00,319.65,318.0,7999,25.44,1294, 2665, 33.32
AIAENG, EQ, 21-Nov-2019,1648.75,1640.0,1654.95,1626.2, 1628.10,1632.3,1633.44,20013,326.9,842, 18565, 92.76
AIONJSW, EQ, 21-Nov-2019,10.05,10.1,10.2,9.95, 10.00,10.0,10.05,74473,7.48,429, 64488, 86.59
AIRAN, EQ, 21-Nov-2019,11.25,11.8,11.8,10.75, 10.80,10.95,11.0,25639,2.82,102, 18274, 71.27
AJANTPHARM, EQ, 21-Nov-2019,1004.0,1015.0,1024.9,988.4, 1002.55,1007.7,1010.25,158468,1600.92,8294, 79039, 49.88
AJMERA, EQ, 21-Nov-2019,117.7,118.7,123.75,118.7, 120.25,120.55,121.4,37916,46.03,901, 13188, 34.78
AKASH, EQ, 21-Nov-2019,64.5,64.55,65.0,61.5, 61.50,61.5,63.31,3570,2.26,19, 1203, 33.70
AKSHARCHEM, EQ, 21-Nov-2019,207.85,207.0,207.05,197.05, 201.90,199.6,202.12,2259,4.57,234, 1439, 63.70
AKSHOPTFBR, EQ, 21-Nov-2019,6.2,6.3,6.5,6.1, 6.50,6.5,6.43,325896,20.96,319, 125148, 38.40
AKZOINDIA, EQ, 21-Nov-2019,1936.1,1940.0,1967.2,1931.3, 1950.00,1951.35,1951.09,16478,321.5,1416, 13695, 83.11
ALANKIT, EQ, 21-Nov-2019,15.35,15.25,16.0,14.6, 15.10,14.8,14.82,43912,6.51,219, 26484, 60.31
ALBERTDAVD, EQ, 21-Nov-2019,410.0,414.95,414.95,397.0, 397.20,402.1,405.54,7275,29.5,426, 5113, 70.28
ALBK, EQ, 21-Nov-2019,24.85,25.05,25.25,24.1, 24.15,24.25,24.75,3986097,986.38,10437, 1723710, 43.24
ALEMBICLTD, EQ, 21-Nov-2019,52.85,53.15,53.3,51.4, 51.50,51.55,52.1,124483,64.86,2645, 66837, 53.69
ALICON, EQ, 21-Nov-2019,375.85,373.15,384.5,366.0, 374.00,370.1,374.41,1071,4.01,134, 631, 58.92
ALKALI, EQ, 21-Nov-2019,39.85,40.9,41.8,40.0, 41.45,41.25,41.04,5396,2.21,175, 3790, 70.24
ALKEM, EQ, 21-Nov-2019,2083.55,2085.0,2100.0,2055.4, 2091.65,2091.0,2088.92,40278,841.38,2685, 32456, 80.58
ALKYLAMINE, EQ, 21-Nov-2019,1014.9,1006.0,1028.0,1006.0, 1016.00,1016.45,1018.62,5160,52.56,450, 3909, 75.76
ALLCARGO, EQ, 21-Nov-2019,93.3,94.55,96.85,93.3, 96.65,95.45,94.78,116101,110.04,2189, 61072, 52.60
ALLSEC, EQ, 21-Nov-2019,279.25,276.5,283.75,276.5, 277.50,279.25,278.97,1522,4.25,117, 982, 64.52
ALMONDZ, EQ, 21-Nov-2019,9.45,9.15,9.8,9.0, 9.20,9.2,9.26,761,0.07,11, 649, 85.28
ALOKTEXT, EQ, 21-Nov-2019,2.3,2.4,2.4,2.2, 2.40,2.4,2.27,22992343,522.33,5087, 16581557, 72.12
ALPA, EQ, 21-Nov-2019,15.75,16.4,16.95,15.7, 16.05,15.8,15.97,9980,1.59,133, 7634, 76.49
ALPHAGEO, EQ, 21-Nov-2019,158.45,157.0,159.9,156.5, 158.50,157.0,157.26,6230,9.8,274, 5518, 88.57
AMARAJABAT, EQ, 21-Nov-2019,753.0,750.0,750.0,737.15, 745.70,745.7,742.34,511265,3795.33,23118, 205999, 40.29
AMBER, EQ, 21-Nov-2019,997.35,987.0,1005.35,985.0, 985.55,988.75,993.33,9646,95.82,852, 5862, 60.77
AMBIKCO, EQ, 21-Nov-2019,869.0,865.55,880.1,861.35, 866.95,865.45,866.45,2817,24.41,375, 1718, 60.99
AMBUJACEM, EQ, 21-Nov-2019,201.6,201.6,202.2,200.3, 200.95,201.05,201.0,1272618,2557.98,16014, 719745, 56.56
AMDIND, EQ, 21-Nov-2019,16.0,15.4,16.25,15.05, 15.60,15.6,15.57,6284,0.98,97, 5733, 91.23
AMJLAND, EQ, 21-Nov-2019,19.2,19.3,19.7,18.7, 18.90,18.9,19.03,5366,1.02,21, 4058, 75.62
AMRUTANJAN, EQ, 21-Nov-2019,445.0,449.0,453.9,441.7, 450.00,447.95,449.11,43539,195.54,3757, 22316, 51.26
ANANTRAJ, EQ, 21-Nov-2019,33.8,33.8,35.3,33.8, 34.40,34.35,34.54,232672,80.37,2683, 87732, 37.71
ANDHRABANK, EQ, 21-Nov-2019,19.65,19.5,19.85,18.7, 19.05,19.0,19.35,1315825,254.67,3401, 499600, 37.97
ANDHRSUGAR, EQ, 21-Nov-2019,290.75,292.3,293.9,289.0, 289.20,289.15,290.67,6617,19.23,274, 4715, 71.26
ANSALAPI, EQ, 21-Nov-2019,4.9,5.05,5.1,4.85, 5.00,4.95,4.97,107209,5.33,163, 77680, 72.46
ANUP, EQ, 21-Nov-2019,459.85,474.9,474.9,445.1, 459.00,456.65,453.61,19206,87.12,1036, 14702, 76.55
APARINDS, EQ, 21-Nov-2019,444.45,440.65,489.0,440.65, 466.00,466.05,470.89,25905,121.98,2470, 8789, 33.93
APCL, EQ, 21-Nov-2019,148.5,148.1,151.6,143.15, 146.50,145.8,146.29,2858,4.18,112, 2264, 79.22
APCOTEXIND, EQ, 21-Nov-2019,164.9,163.25,171.95,163.0, 163.10,163.6,164.73,33016,54.39,702, 25756, 78.01
APEX, EQ, 21-Nov-2019,294.65,294.0,303.0,291.0, 294.40,292.15,294.77,130985,386.1,3522, 40191, 30.68
APLAPOLLO, EQ, 21-Nov-2019,1542.5,1525.0,1569.9,1525.0, 1552.90,1551.5,1552.19,17138,266.01,1314, 8617, 50.28
APLLTD, EQ, 21-Nov-2019,547.85,545.0,559.0,543.2, 547.00,547.8,547.95,183394,1004.91,4020, 172620, 94.13
APOLLO, EQ, 21-Nov-2019,71.9,72.0,75.8,72.0, 72.75,72.55,73.64,80973,59.63,2288, 30111, 37.19
APOLLOHOSP, EQ, 21-Nov-2019,1421.55,1428.0,1462.95,1425.0, 1454.00,1455.45,1451.6,1123652,16310.93,47599, 459970, 40.94
APOLLOPIPE, EQ, 21-Nov-2019,361.7,358.0,365.45,356.05, 356.05,358.6,360.03,2041,7.35,356, 1271, 62.27
APOLLOTYRE, EQ, 21-Nov-2019,167.65,167.6,169.5,164.8, 165.20,165.45,166.3,1679699,2793.38,27029, 504527, 30.04
APOLSINHOT, EQ, 21-Nov-2019,725.1,725.2,725.2,641.1, 700.00,699.55,677.99,6603,44.77,656, 2943, 44.57
APTECHT, EQ, 21-Nov-2019,163.05,163.05,165.55,159.25, 159.80,160.05,162.3,114866,186.43,2155, 44798, 39.00
ARCHIDPLY, EQ, 21-Nov-2019,26.1,26.15,26.4,25.25, 25.50,25.5,25.82,12251,3.16,199, 9358, 76.39
ARENTERP, EQ, 21-Nov-2019,9.3,9.3,9.3,9.3, 9.30,9.3,9.3,100,0.01,1, 100, 100.00
ARIES, EQ, 21-Nov-2019,65.05,65.2,67.05,65.2, 67.05,66.75,66.32,21685,14.38,599, 11256, 51.91
ARIHANT, EQ, 21-Nov-2019,24.55,23.65,24.4,23.35, 23.40,23.75,23.56,5607,1.32,97, 3980, 70.98
ARMANFIN, EQ, 21-Nov-2019,540.85,545.0,559.95,534.05, 541.50,538.3,546.16,3056,16.69,393, 1809, 59.20
AROGRANITE, EQ, 21-Nov-2019,37.55,36.25,38.95,36.25, 36.65,37.15,37.1,5103,1.89,156, 2931, 57.44
ARROWGREEN, EQ, 21-Nov-2019,52.15,54.2,54.2,50.8, 53.20,52.0,51.85,5061,2.62,200, 3815, 75.38
ARROWTEX, EQ, 21-Nov-2019,9.55,9.55,11.35,9.3, 9.60,9.55,9.65,8560,0.83,90, 3993, 46.65
ARSHIYA, EQ, 21-Nov-2019,16.0,15.35,16.6,15.35, 15.95,16.0,16.08,31233,5.02,77, 28392, 90.90
ARSSINFRA, EQ, 21-Nov-2019,23.7,24.8,24.85,22.65, 22.80,22.75,24.0,28026,6.73,269, 15025, 53.61
ARVIND, EQ, 21-Nov-2019,48.75,49.0,49.7,47.8, 48.20,48.35,48.61,964024,468.57,4600, 385123, 39.95
ARVINDFASN, EQ, 21-Nov-2019,355.5,352.2,375.6,352.2, 360.00,365.8,366.04,194540,712.1,15726, 167003, 85.85
ARVSMART, EQ, 21-Nov-2019,89.05,89.0,89.6,87.3, 88.95,88.15,88.51,5817,5.15,377, 3786, 65.09
ASAHIINDIA, EQ, 21-Nov-2019,200.4,199.0,201.95,198.85, 200.00,199.95,200.01,42787,85.58,648, 40199, 93.95
ASAHISONG, EQ, 21-Nov-2019,143.15,148.8,148.8,142.2, 142.30,142.4,143.14,1054,1.51,82, 950, 90.13
ASAL, EQ, 21-Nov-2019,31.45,31.95,33.0,31.25, 31.40,31.4,31.9,9324,2.97,129, 6355, 68.16
ASHIANA, EQ, 21-Nov-2019,96.65,97.0,97.55,95.15, 95.55,95.55,96.25,29785,28.67,448, 18842, 63.26
ASHIMASYN, EQ, 21-Nov-2019,7.1,7.1,7.2,6.75, 6.75,6.8,6.96,35799,2.49,173, 25305, 70.69
ASHOKA, EQ, 21-Nov-2019,92.65,100.0,102.4,93.5, 94.00,93.95,96.6,1844176,1781.52,24461, 814176, 44.15
ASHOKLEY, EQ, 21-Nov-2019,83.0,83.0,84.2,82.15, 82.40,82.5,83.16,18297529,15217.09,60523, 2650255, 14.48
ASIANHOTNR, EQ, 21-Nov-2019,101.75,96.15,104.05,96.15, 98.50,98.5,100.37,1502,1.51,248, 1037, 69.04
ASIANPAINT, EQ, 21-Nov-2019,1723.5,1727.9,1734.85,1711.0, 1719.00,1720.35,1721.12,913095,15715.48,57876, 439420, 48.12
ASIANTILES, EQ, 21-Nov-2019,235.15,236.0,239.0,232.15, 235.70,235.7,236.15,31702,74.86,1856, 19948, 62.92
ASPINWALL, EQ, 21-Nov-2019,139.85,135.05,142.45,125.65, 141.50,141.4,133.71,455,0.61,35, 200, 43.96
ASTEC, EQ, 21-Nov-2019,378.75,373.0,405.0,370.0, 397.00,397.9,390.31,15404,60.12,1062, 11612, 75.38
ASTERDM, EQ, 21-Nov-2019,149.3,149.0,151.7,145.0, 145.00,145.3,147.3,44346,65.32,3022, 28648, 64.60
ASTRAL, EQ, 21-Nov-2019,1084.3,1087.0,1087.0,1060.0, 1063.90,1063.05,1071.25,45087,483.0,3571, 30358, 67.33
ASTRAMICRO, EQ, 21-Nov-2019,87.2,86.5,92.0,86.5, 90.00,89.65,89.82,1149620,1032.62,5982, 773978, 67.32
ASTRAZEN, EQ, 21-Nov-2019,2675.55,2675.55,2770.0,2666.0, 2686.00,2689.8,2720.78,22038,599.61,3404, 8272, 37.54
ASTRON, EQ, 21-Nov-2019,39.1,39.9,40.2,37.6, 40.00,39.85,38.66,417773,161.51,1248, 301522, 72.17
ATFL, EQ, 21-Nov-2019,600.4,604.4,612.95,578.45, 583.00,584.2,588.1,8786,51.67,825, 5145, 58.56
ATUL, EQ, 21-Nov-2019,4132.95,4155.8,4183.85,4135.05, 4182.00,4159.25,4160.23,35139,1461.86,2016, 27497, 78.25
ATULAUTO, EQ, 21-Nov-2019,222.85,225.5,229.8,222.4, 222.55,223.5,226.34,22463,50.84,1060, 8684, 38.66
AUBANK, EQ, 21-Nov-2019,816.4,812.9,827.7,810.0, 815.50,817.0,817.75,107421,878.43,5546, 45247, 42.12
AURIONPRO, EQ, 21-Nov-2019,75.35,75.35,76.35,71.6, 72.20,72.45,73.33,8194,6.01,175, 6664, 81.33
AUROPHARMA, EQ, 21-Nov-2019,444.8,444.0,448.7,426.6, 429.60,429.7,434.79,5784219,25149.4,78369, 1453995, 25.14
AUSOMENT, EQ, 21-Nov-2019,42.95,42.0,44.95,40.0, 44.40,43.6,43.1,26992,11.63,296, 12449, 46.12
AUTOAXLES, EQ, 21-Nov-2019,799.4,793.0,830.0,793.0, 809.95,807.85,814.34,17561,143.01,1594, 6584, 37.49
AUTOIND, EQ, 21-Nov-2019,25.65,25.05,25.95,25.0, 25.70,25.65,25.45,6077,1.55,95, 4708, 77.47
AUTOLITIND, EQ, 21-Nov-2019,20.4,20.25,21.3,20.1, 20.45,20.4,20.44,5407,1.11,101, 3317, 61.35
AVADHSUGAR, EQ, 21-Nov-2019,246.05,241.35,251.65,241.35, 245.00,245.4,245.98,33704,82.91,1206, 8684, 25.77
AVANTIFEED, EQ, 21-Nov-2019,524.05,524.75,535.0,516.25, 525.70,523.95,526.59,416725,2194.45,14504, 132967, 31.91
AVTNPL, EQ, 21-Nov-2019,30.35,30.9,31.3,29.9, 30.25,30.15,30.46,85039,25.9,655, 57226, 67.29
AXISBANK, EQ, 21-Nov-2019,748.75,749.0,749.0,734.3, 735.35,737.4,739.42,5529542,40886.76,131600, 2171241, 39.27
AXISCADES, EQ, 21-Nov-2019,66.95,68.25,68.25,61.45, 63.95,64.1,65.13,119117,77.59,1625, 45689, 38.36
AXISGOLD, EQ, 21-Nov-2019,3364.55,3360.0,3377.0,3350.0, 3358.00,3358.0,3358.81,64,2.15,30, 36, 56.25
AXISNIFTY, EQ, 21-Nov-2019,1241.6,1242.41,1242.41,1230.82, 1238.66,1238.91,1232.42,95,1.17,12, 85, 89.47
AYMSYNTEX, EQ, 21-Nov-2019,30.6,30.6,31.0,29.7, 31.00,30.15,30.45,8653,2.63,58, 5419, 62.63
BAJAJ-AUTO, EQ, 21-Nov-2019,3162.4,3152.4,3209.0,3144.0, 3186.65,3188.35,3185.79,347577,11073.06,26914, 114101, 32.83
BAJAJCON, EQ, 21-Nov-2019,240.55,240.9,241.4,234.0, 236.00,235.55,237.83,220650,524.76,3955, 137649, 62.38
BAJAJELEC, EQ, 21-Nov-2019,310.6,311.0,318.9,307.0, 309.35,309.8,313.41,135105,423.44,3618, 41928, 31.03
BAJAJFINSV, EQ, 21-Nov-2019,9079.25,9085.0,9117.0,9032.0, 9050.00,9055.1,9079.38,173328,15737.1,18910, 34661, 20.00
BAJAJHIND, EQ, 21-Nov-2019,6.85,6.85,6.85,6.35, 6.65,6.65,6.66,1938474,129.09,1717, 960707, 49.56
BAJAJHLDNG, EQ, 21-Nov-2019,3702.05,3713.95,3718.0,3680.0, 3714.00,3687.8,3694.95,6206,229.31,1891, 4078, 65.71
BAJFINANCE, EQ, 21-Nov-2019,4138.55,4140.0,4160.0,4112.0, 4121.00,4123.65,4135.51,702853,29066.53,55485, 311852, 44.37
BALAJITELE, EQ, 21-Nov-2019,54.15,54.05,60.7,54.05, 58.65,59.0,58.41,298787,174.52,2491, 167468, 56.05
BALAMINES, EQ, 21-Nov-2019,324.6,324.0,373.3,324.0, 341.90,340.75,348.45,80299,279.8,4418, 19185, 23.89
BALAXI, EQ, 21-Nov-2019,67.85,71.0,71.2,69.95, 69.95,69.95,70.9,109,0.08,16, 109, 100.00
BALKRISIND, EQ, 21-Nov-2019,840.6,840.6,855.0,840.6, 845.00,843.9,848.87,407939,3462.89,11007, 114554, 28.08
BALLARPUR, EQ, 21-Nov-2019,0.5,0.55,0.55,0.45, 0.55,0.5,0.49,3058368,15.02,252, 1514502, 49.52
BALMLAWRIE, EQ, 21-Nov-2019,197.3,198.0,198.0,194.0, 194.80,194.25,195.23,73558,143.61,1609, 51109, 69.48
BALPHARMA, EQ, 21-Nov-2019,39.55,39.5,41.45,39.5, 40.95,40.75,40.64,6412,2.61,231, 4945, 77.12
BALRAMCHIN, EQ, 21-Nov-2019,146.8,143.1,147.15,143.1, 145.90,146.05,145.75,405505,591.04,16699, 199398, 49.17
BANARBEADS, EQ, 21-Nov-2019,30.15,29.7,30.75,29.0, 30.75,30.5,29.75,6316,1.88,53, 3746, 59.31
BANARISUG, EQ, 21-Nov-2019,1189.0,1231.5,1231.5,1166.25, 1177.00,1192.4,1198.88,195,2.34,140, 48, 24.62
BANCOINDIA, EQ, 21-Nov-2019,95.0,95.0,96.25,94.1, 96.00,95.0,95.15,41266,39.26,1227, 25145, 60.93
BANDHANBNK, EQ, 21-Nov-2019,525.7,530.0,537.5,521.0, 534.00,533.95,532.6,2343477,12481.38,58952, 1167074, 49.80
BANG, EQ, 21-Nov-2019,16.8,16.2,17.0,16.2, 16.80,16.6,16.83,2306,0.39,32, 1824, 79.10
BANKBARODA, EQ, 21-Nov-2019,98.9,99.35,100.5,98.35, 98.60,98.6,99.38,23420705,23276.2,60343, 3549729, 15.16
BANKBEES, EQ, 21-Nov-2019,3145.04,3180.0,3203.0,3180.0, 3191.00,3192.48,3191.18,20394,650.81,414, 19767, 96.93
BANKINDIA, EQ, 21-Nov-2019,73.6,74.45,74.85,72.85, 73.35,73.15,73.78,7478130,5517.36,17476, 524690, 7.02
BANSWRAS, EQ, 21-Nov-2019,89.7,91.2,91.2,88.0, 89.50,89.0,89.52,29084,26.04,245, 16443, 56.54
BASF, EQ, 21-Nov-2019,945.75,940.7,965.0,936.5, 947.00,945.7,947.14,111121,1052.47,1916, 83633, 75.26
BASML, EQ, 21-Nov-2019,123.0,125.0,125.0,122.55, 122.55,123.9,124.39,16404,20.4,113, 15752, 96.03
BATAINDIA, EQ, 21-Nov-2019,1683.95,1685.0,1691.45,1632.45, 1638.00,1638.55,1653.74,753920,12467.89,42148, 214988, 28.52
BAYERCROP, EQ, 21-Nov-2019,3760.85,3780.0,3851.0,3743.65, 3789.80,3794.2,3811.79,4975,189.64,1790, 2971, 59.72
BBL, EQ, 21-Nov-2019,831.3,831.3,842.45,830.55, 832.90,831.95,834.35,8368,69.82,460, 5335, 63.75
BBTC, EQ, 21-Nov-2019,1113.65,1111.0,1118.7,1092.6, 1094.25,1098.7,1102.12,36855,406.19,2460, 10365, 28.12
BCG, EQ, 21-Nov-2019,3.85,4.0,4.0,4.0, 4.00,4.0,4.0,244777,9.79,85, 244777, 100.00
BCP, EQ, 21-Nov-2019,9.5,9.6,9.65,9.55, 9.65,9.65,9.65,154112,14.87,204, 148010, 96.04
BDL, EQ, 21-Nov-2019,342.75,344.35,361.8,340.2, 349.60,349.65,352.68,255677,901.72,8537, 83775, 32.77
BEARDSELL, EQ, 21-Nov-2019,9.85,10.5,10.5,9.2, 9.95,9.95,9.65,3021,0.29,93, 1331, 44.06
BEDMUTHA, EQ, 21-Nov-2019,12.5,11.75,13.45,11.75, 13.45,13.3,12.78,10938,1.4,109, 8092, 73.98
BEL, EQ, 21-Nov-2019,110.8,110.6,111.35,109.7, 110.20,110.4,110.79,4077761,4517.95,19909, 1622221, 39.78
BEML, EQ, 21-Nov-2019,997.9,960.0,973.3,950.0, 950.35,952.3,960.12,576154,5531.77,19917, 109163, 18.95
BEPL, EQ, 21-Nov-2019,47.4,47.6,48.3,46.35, 46.75,46.8,47.41,282657,134.0,1973, 129150, 45.69
BERGEPAINT, EQ, 21-Nov-2019,485.2,485.5,487.45,478.05, 481.00,481.55,482.43,1346672,6496.76,24177, 772452, 57.36
BFINVEST, EQ, 21-Nov-2019,335.3,336.85,341.9,322.2, 324.00,326.65,333.38,66659,222.23,2236, 22605, 33.91
BFUTILITIE, EQ, 21-Nov-2019,277.5,280.0,283.75,272.05, 272.05,273.2,276.91,183899,509.24,3109, 106664, 58.00
BGRENERGY, EQ, 21-Nov-2019,28.55,29.4,30.5,28.4, 29.80,29.6,29.4,137894,40.54,1617, 45427, 32.94
BHAGERIA, EQ, 21-Nov-2019,97.2,98.0,99.4,95.45, 98.15,98.35,97.46,66259,64.57,876, 38312, 57.82
BHAGYANGR, EQ, 21-Nov-2019,18.95,18.95,19.8,18.05, 18.90,18.8,18.81,4539,0.85,49, 3310, 72.92
BHAGYAPROP, EQ, 21-Nov-2019,19.5,19.5,19.6,19.5, 19.50,19.5,19.55,1843,0.36,5, 1843, 100.00
BHANDARI, EQ, 21-Nov-2019,1.1,1.15,1.2,1.1, 1.20,1.2,1.15,120231,1.38,73, 89070, 74.08
BHARATFORG, EQ, 21-Nov-2019,458.25,457.65,457.65,445.5, 449.85,450.05,450.61,1419393,6395.89,20621, 761643, 53.66
BHARATGEAR, EQ, 21-Nov-2019,68.0,67.65,68.1,66.0, 66.50,66.35,66.81,8751,5.85,264, 5702, 65.16
BHARATRAS, EQ, 21-Nov-2019,6329.1,6301.0,6420.0,6250.0, 6294.00,6280.7,6332.28,1092,69.15,305, 875, 80.13
BHARATWIRE, EQ, 21-Nov-2019,30.6,30.55,30.55,29.1, 29.95,29.45,29.91,1451,0.43,98, 1146, 78.98
BHARTIARTL, EQ, 21-Nov-2019,437.3,442.5,442.5,422.2, 426.85,426.3,428.02,22178883,94929.25,174349, 7425728, 33.48
BHEL, EQ, 21-Nov-2019,55.8,55.85,57.1,54.45, 55.20,55.45,55.55,15782183,8766.64,29908, 4951790, 31.38
BIGBLOC, EQ, 21-Nov-2019,23.9,24.5,24.5,23.3, 23.75,23.8,23.78,620,0.15,46, 544, 87.74
BIL, EQ, 21-Nov-2019,165.1,166.1,171.0,160.15, 164.10,165.1,166.28,8334,13.86,237, 809, 9.71
BINDALAGRO, EQ, 21-Nov-2019,9.95,9.8,10.3,9.65, 9.80,9.75,9.78,13677,1.34,177, 9146, 66.87
BIOCON, EQ, 21-Nov-2019,262.8,263.75,263.95,253.35, 254.25,254.35,257.74,2416856,6229.09,35496, 838346, 34.69
BIRLACABLE, EQ, 21-Nov-2019,61.25,62.0,62.4,60.35, 61.00,60.85,61.43,66489,40.85,1165, 29475, 44.33
BIRLACORPN, EQ, 21-Nov-2019,640.3,640.05,644.85,620.3, 636.75,639.85,636.2,105615,671.93,9801, 51512, 48.77
BIRLAMONEY, EQ, 21-Nov-2019,32.5,33.0,36.8,32.3, 34.85,34.95,35.23,568156,200.18,4714, 145740, 25.65
BKMINDST, EQ, 21-Nov-2019,0.65,0.65,0.65,0.6, 0.65,0.65,0.61,104378,0.64,79, 103552, 99.21
BLBLIMITED, EQ, 21-Nov-2019,3.45,3.35,3.7,3.35, 3.40,3.4,3.55,2474,0.09,9, 1970, 79.63
BLISSGVS, EQ, 21-Nov-2019,137.35,137.75,138.8,134.75, 137.90,138.1,137.6,102331,140.8,1360, 44273, 43.26
BLKASHYAP, EQ, 21-Nov-2019,10.8,11.25,11.3,10.3, 10.30,10.3,10.76,88287,9.5,448, 67588, 76.55
BLS, EQ, 21-Nov-2019,66.6,66.0,66.45,64.6, 64.85,65.1,65.35,24491,16.0,348, 18644, 76.13
BLUEDART, EQ, 21-Nov-2019,2121.7,2111.0,2160.1,2104.0, 2120.00,2122.7,2127.64,5123,109.0,939, 3447, 67.28
BLUESTARCO, EQ, 21-Nov-2019,791.2,797.0,799.7,789.05, 790.90,790.4,791.74,31619,250.34,2721, 22094, 69.88
BODALCHEM, EQ, 21-Nov-2019,67.0,66.25,67.75,65.2, 65.85,65.95,66.0,87965,58.05,1111, 55401, 62.98
BOMDYEING, EQ, 21-Nov-2019,78.4,78.85,79.3,76.2, 76.40,76.75,77.51,1253229,971.44,8668, 499422, 39.85
BOROSIL, EQ, 21-Nov-2019,178.35,179.0,188.0,175.6, 186.00,185.35,181.59,96202,174.69,2229, 49113, 51.05
BOSCHLTD, EQ, 21-Nov-2019,15059.7,15060.0,15895.0,15060.0, 15849.95,15782.5,15694.47,59979,9413.39,15777, 15486, 25.82
BPCL, EQ, 21-Nov-2019,544.6,549.0,549.0,511.0, 512.10,514.1,529.18,22312660,118074.35,227806, 3312369, 14.85
BPL, EQ, 21-Nov-2019,18.3,18.4,18.8,18.2, 18.20,18.25,18.39,38977,7.17,247, 24506, 62.87
BRIGADE, EQ, 21-Nov-2019,209.0,208.8,210.1,206.3, 207.50,207.9,207.59,150549,312.53,5075, 130852, 86.92
BRITANNIA, EQ, 21-Nov-2019,3116.3,3113.0,3113.0,3061.65, 3065.00,3072.65,3084.61,295648,9119.58,22297, 118349, 40.03
BRNL, EQ, 21-Nov-2019,60.55,62.15,69.85,61.2, 65.40,65.65,65.14,38099,24.82,4217, 7777, 20.41
BROOKS, EQ, 21-Nov-2019,31.05,30.5,31.9,30.05, 30.55,30.25,30.69,14824,4.55,478, 8774, 59.19
BSE, EQ, 21-Nov-2019,496.95,499.35,508.75,497.0, 503.00,502.95,503.23,51620,259.77,2558, 26279, 50.91
BSL, EQ, 21-Nov-2019,29.1,30.4,30.4,28.05, 29.00,29.1,29.47,18852,5.56,83, 16484, 87.44
BSLGOLDETF, EQ, 21-Nov-2019,3549.0,3514.0,3549.0,3514.0, 3514.00,3514.0,3522.72,44,1.55,14, 30, 68.18
BSLNIFTY, EQ, 21-Nov-2019,130.53,130.53,130.53,130.4, 130.40,130.4,130.47,20,0.03,3, 20, 100.00
BSOFT, EQ, 21-Nov-2019,69.0,69.25,72.0,67.15, 71.25,70.65,69.87,560430,391.57,6180, 315128, 56.23
BUTTERFLY, EQ, 21-Nov-2019,190.0,190.2,190.8,187.95, 189.90,189.9,189.55,34958,66.26,1728, 26200, 74.95
BYKE, EQ, 21-Nov-2019,18.85,19.85,19.9,18.05, 18.15,18.6,18.79,34756,6.53,177, 28545, 82.13
CADILAHC, EQ, 21-Nov-2019,249.45,249.0,255.9,247.7, 254.10,254.4,252.5,2441075,6163.79,26253, 714848, 29.28
CAMLINFINE, EQ, 21-Nov-2019,60.9,60.6,61.7,59.0, 59.05,59.3,60.12,88062,52.94,1028, 48401, 54.96
CANBK, EQ, 21-Nov-2019,222.5,225.0,226.55,220.85, 221.95,221.85,223.36,8721292,19479.6,41805, 367829, 4.22
CANFINHOME, EQ, 21-Nov-2019,395.9,394.2,401.9,393.1, 396.10,396.75,397.88,150312,598.07,6139, 57074, 37.97
CANTABIL, EQ, 21-Nov-2019,227.25,220.35,235.95,220.35, 235.35,233.15,229.82,18362,42.2,631, 4488, 24.44
CAPACITE, EQ, 21-Nov-2019,209.85,215.1,216.7,213.0, 216.00,214.95,214.87,34410,73.94,1130, 22397, 65.09
CAPLIPOINT, EQ, 21-Nov-2019,343.15,340.15,349.55,295.0, 309.00,306.6,312.07,535487,1671.11,16304, 310209, 57.93
CARBORUNIV, EQ, 21-Nov-2019,306.5,306.8,314.45,305.0, 306.45,305.65,307.76,22344,68.77,896, 7964, 35.64
CAREERP, EQ, 21-Nov-2019,117.3,119.9,120.9,117.4, 117.55,118.2,118.7,21301,25.28,224, 17164, 80.58
CARERATING, EQ, 21-Nov-2019,480.85,485.5,485.5,474.55, 475.00,476.45,477.89,145982,697.64,9663, 128114, 87.76
CASTROLIND, EQ, 21-Nov-2019,152.6,152.65,160.8,151.0, 152.00,152.0,157.07,10080391,15832.81,65080, 3054724, 30.30
CCHHL, EQ, 21-Nov-2019,3.35,3.45,3.45,3.3, 3.40,3.4,3.37,10117,0.34,37, 8403, 83.06
CCL, EQ, 21-Nov-2019,207.25,209.6,212.0,207.5, 211.80,211.1,210.2,23628,49.67,1095, 13732, 58.12
CDSL, EQ, 21-Nov-2019,230.45,230.0,236.1,227.5, 233.90,233.0,233.5,460521,1075.34,11991, 220582, 47.90
CEATLTD, EQ, 21-Nov-2019,962.5,963.0,974.0,940.0, 949.00,948.55,961.4,84976,816.96,5029, 12253, 14.42
CEBBCO, EQ, 21-Nov-2019,16.9,16.8,17.1,16.5, 16.80,16.8,16.78,64121,10.76,371, 33908, 52.88
CELEBRITY, EQ, 21-Nov-2019,6.85,6.55,6.75,6.55, 6.55,6.55,6.55,3415,0.22,18, 2911, 85.24
CENTENKA, EQ, 21-Nov-2019,178.7,178.0,181.75,176.55, 177.00,177.1,177.42,46759,82.96,379, 44191, 94.51
CENTEXT, EQ, 21-Nov-2019,2.65,2.65,2.85,2.6, 2.85,2.8,2.73,55076,1.5,86, 44308, 80.45
CENTRALBK, EQ, 21-Nov-2019,21.95,21.85,22.8,21.55, 22.00,21.85,22.16,1337366,296.31,4125, 463758, 34.68
CENTRUM, EQ, 21-Nov-2019,23.6,23.55,23.6,21.8, 22.30,22.85,22.9,268300,61.43,868, 120095, 44.76
CENTUM, EQ, 21-Nov-2019,392.1,382.0,397.0,382.0, 388.00,391.5,393.26,241,0.95,23, 123, 51.04
CENTURYPLY, EQ, 21-Nov-2019,171.9,170.65,172.85,168.75, 170.55,169.8,170.38,135836,231.44,2411, 76948, 56.65
CENTURYTEX, EQ, 21-Nov-2019,451.25,453.7,456.7,443.05, 454.70,453.35,451.23,760623,3432.16,11327, 114101, 15.00
CERA, EQ, 21-Nov-2019,2434.45,2410.0,2484.8,2410.0, 2450.00,2454.45,2457.78,3711,91.21,1262, 2215, 59.69
CEREBRAINT, EQ, 21-Nov-2019,25.5,25.75,27.0,25.05, 25.50,25.65,26.11,739868,193.17,2258, 315716, 42.67
CESC, EQ, 21-Nov-2019,749.7,753.4,753.4,737.0, 737.10,739.25,743.34,231683,1722.2,6341, 76855, 33.17
CESCVENT, EQ, 21-Nov-2019,313.75,312.6,312.6,298.4, 302.05,306.35,304.41,13771,41.92,824, 7095, 51.52
CGCL, EQ, 21-Nov-2019,199.25,197.2,199.45,192.0, 192.05,194.9,197.69,365655,722.87,5145, 31596, 8.64
CGPOWER, EQ, 21-Nov-2019,14.1,14.2,14.5,13.8, 13.80,13.85,13.93,771811,107.48,2880, 583182, 75.56
CHALET, EQ, 21-Nov-2019,352.15,351.05,374.4,344.55, 372.00,372.65,368.35,14307,52.7,898, 9914, 69.29
CHAMBLFERT, EQ, 21-Nov-2019,159.1,159.0,159.0,151.5, 152.40,152.45,155.04,407807,632.27,4846, 307711, 75.46
CHEMBOND, EQ, 21-Nov-2019,205.25,218.0,218.0,200.95, 209.60,204.8,206.62,963,1.99,48, 658, 68.33
CHEMFAB, EQ, 21-Nov-2019,164.0,165.05,166.6,161.5, 165.85,164.45,162.87,2544,4.14,54, 2463, 96.82
CHENNPETRO, EQ, 21-Nov-2019,136.35,136.6,137.3,133.75, 137.20,136.9,135.89,119659,162.6,3233, 57691, 48.21
CHOLAFIN, EQ, 21-Nov-2019,319.9,319.0,321.0,315.7, 316.75,317.05,318.54,715748,2279.94,8030, 399183, 55.77
CHOLAHLDNG, EQ, 21-Nov-2019,499.9,499.9,503.0,483.75, 488.80,487.2,488.89,14744,72.08,863, 9001, 61.05
CIGNITITEC, EQ, 21-Nov-2019,335.95,339.8,339.8,325.1, 329.00,330.2,329.45,30603,100.82,687, 11722, 38.30
CIMMCO, EQ, 21-Nov-2019,21.45,21.0,21.55,20.45, 21.55,21.25,20.86,30295,6.32,219, 20002, 66.02
CINELINE, EQ, 21-Nov-2019,30.75,30.75,31.25,28.85, 29.10,29.1,29.58,26205,7.75,270, 20698, 78.98
CIPLA, EQ, 21-Nov-2019,482.6,482.6,492.3,476.6, 485.00,485.5,486.14,5600894,27227.96,68254, 2005994, 35.82
CLEDUCATE, EQ, 21-Nov-2019,74.65,75.05,79.35,74.65, 78.25,76.95,77.22,3975,3.07,171, 1935, 48.68
CLNINDIA, EQ, 21-Nov-2019,337.9,337.45,341.05,332.5, 334.50,333.65,336.58,38158,128.43,1331, 22961, 60.17
CMICABLES, EQ, 21-Nov-2019,58.85,58.9,61.7,57.0, 58.50,57.65,59.1,23642,13.97,378, 16738, 70.80
CNOVAPETRO, EQ, 21-Nov-2019,8.0,8.0,8.5,7.85, 8.45,8.45,7.95,901,0.07,21, 900, 99.89
COALINDIA, EQ, 21-Nov-2019,203.05,203.0,203.65,195.8, 196.20,196.6,198.71,4650473,9241.08,49615, 2124218, 45.68
COCHINSHIP, EQ, 21-Nov-2019,410.9,411.1,424.55,411.1, 412.25,414.0,418.7,415839,1741.11,10753, 108693, 26.14
COFFEEDAY, EQ, 21-Nov-2019,52.8,55.4,55.4,51.2, 55.40,55.4,54.84,2594258,1422.65,9372, 1790269, 69.01
COLPAL, EQ, 21-Nov-2019,1542.25,1539.4,1545.5,1508.1, 1509.00,1512.05,1527.49,591075,9028.59,33091, 304844, 51.57
COMPINFO, EQ, 21-Nov-2019,9.25,9.0,9.7,8.6, 8.95,9.1,9.15,154917,14.18,227, 79556, 51.35
COMPUSOFT, EQ, 21-Nov-2019,7.9,8.1,8.2,7.85, 8.20,8.05,7.99,21121,1.69,50, 13231, 62.64
CONCOR, EQ, 21-Nov-2019,578.15,603.0,603.0,573.25, 575.15,577.15,581.37,4868875,28306.35,74533, 1870628, 38.42
CONFIPET, EQ, 21-Nov-2019,26.5,26.65,26.85,26.2, 26.25,26.35,26.43,99888,26.4,479, 75323, 75.41
CONSOFINVT, EQ, 21-Nov-2019,37.05,36.55,37.0,36.5, 36.50,36.9,36.9,1287,0.47,9, 1031, 80.11
CONTROLPR, EQ, 21-Nov-2019,222.85,225.05,248.45,225.0, 246.90,246.0,238.42,11450,27.3,1102, 7265, 63.45
CORALFINAC, EQ, 21-Nov-2019,11.55,11.9,11.9,10.5, 10.65,10.7,10.94,4110,0.45,96, 2524, 61.41
CORDSCABLE, EQ, 21-Nov-2019,42.2,42.15,45.5,42.15, 43.25,43.65,43.48,24225,10.53,688, 8868, 36.61
COROMANDEL, EQ, 21-Nov-2019,469.55,469.0,471.95,461.0, 466.45,464.8,465.11,141900,659.99,3851, 83852, 59.09
CORPBANK, EQ, 21-Nov-2019,27.65,26.8,26.8,24.9, 24.90,24.9,25.26,4260087,1076.15,10183, 1568376, 36.82
COSMOFILMS, EQ, 21-Nov-2019,239.2,240.8,240.8,227.5, 233.15,234.65,235.98,19455,45.91,622, 11720, 60.24
COUNCODOS, EQ, 21-Nov-2019,1.6,1.6,1.6,1.6, 1.60,1.6,1.6,6890,0.11,6, 6890, 100.00
COX&KINGS, EQ, 21-Nov-2019,1.6,1.65,1.65,1.65, 1.65,1.65,1.65,742290,12.25,467, 742270, 100.00
CPSEETF, EQ, 21-Nov-2019,23.75,23.99,23.99,23.31, 23.43,23.4,23.54,2768137,651.55,52897, 1950135, 70.45
CREATIVE, EQ, 21-Nov-2019,71.0,72.0,73.25,71.55, 72.10,72.1,72.34,12779,9.24,130, 6839, 53.52
CREDITACC, EQ, 21-Nov-2019,788.35,794.9,794.9,766.55, 775.00,776.3,778.39,60767,473.0,7294, 27404, 45.10
CREST, EQ, 21-Nov-2019,94.75,94.15,99.45,93.15, 94.50,94.65,95.98,4072,3.91,201, 2171, 53.32
CRISIL, EQ, 21-Nov-2019,1519.65,1515.0,1520.0,1500.0, 1510.15,1515.05,1511.11,12368,186.89,1599, 9763, 78.94
CROMPTON, EQ, 21-Nov-2019,257.15,256.3,257.15,250.0, 252.25,251.55,252.11,409406,1032.17,17286, 259964, 63.50
CTE, EQ, 21-Nov-2019,26.6,26.6,27.65,25.3, 27.15,26.9,26.52,4238,1.12,35, 3578, 84.43
CUB, EQ, 21-Nov-2019,214.65,215.65,216.0,212.7, 215.70,215.0,214.11,553053,1184.14,10704, 325489, 58.85
CUBEXTUB, EQ, 21-Nov-2019,11.6,11.5,12.15,11.5, 11.75,11.75,11.77,721,0.08,12, 601, 83.36
CUMMINSIND, EQ, 21-Nov-2019,569.55,569.0,574.75,557.6, 562.00,562.9,568.24,509317,2894.12,12751, 172300, 33.83
CUPID, EQ, 21-Nov-2019,199.75,199.75,199.9,192.0, 193.50,193.05,195.47,47531,92.91,1788, 22503, 47.34
CYBERTECH, EQ, 21-Nov-2019,49.4,49.4,50.4,48.2, 49.00,48.75,49.41,28721,14.19,188, 24901, 86.70
CYIENT, EQ, 21-Nov-2019,398.5,397.0,400.0,394.1, 398.00,398.25,397.07,49657,197.17,1921, 29467, 59.34
DAAWAT, EQ, 21-Nov-2019,21.35,21.35,22.7,21.25, 22.65,22.5,22.16,753357,166.93,3294, 365106, 48.46
DABUR, EQ, 21-Nov-2019,468.8,470.0,473.9,462.4, 463.75,464.25,467.94,2168444,10146.98,94660, 1053546, 48.59
DALBHARAT, EQ, 21-Nov-2019,841.0,836.0,855.0,836.0, 853.00,852.2,846.95,122039,1033.61,5034, 94837, 77.71
DALMIASUG, EQ, 21-Nov-2019,87.3,87.5,88.5,86.0, 87.00,86.7,86.82,100485,87.24,2546, 67429, 67.10
DAMODARIND, EQ, 21-Nov-2019,26.75,26.05,28.75,25.15, 26.20,26.8,26.96,2658,0.72,30, 784, 29.50
DATAMATICS, EQ, 21-Nov-2019,71.7,72.3,72.45,68.6, 70.50,69.95,70.62,42412,29.95,796, 32072, 75.62
DBCORP, EQ, 21-Nov-2019,141.75,141.5,143.0,140.0, 140.10,140.35,141.55,10073,14.26,666, 4793, 47.58
DBL, EQ, 21-Nov-2019,406.7,421.0,436.9,411.6, 412.50,414.5,423.84,585802,2482.84,13958, 155991, 26.63
DBREALTY, EQ, 21-Nov-2019,8.3,8.7,8.7,8.7, 8.70,8.7,8.7,324502,28.23,97, 262800, 80.99
DBSTOCKBRO, EQ, 21-Nov-2019,9.55,9.55,9.55,9.55, 9.55,9.55,9.55,2950,0.28,2, 2950, 100.00
DCAL, EQ, 21-Nov-2019,120.4,121.5,123.75,118.5, 120.60,120.25,120.32,1983374,2386.31,6011, 1665207, 83.96
DCBBANK, EQ, 21-Nov-2019,176.85,177.0,181.55,176.0, 177.95,178.75,179.67,658239,1182.65,9800, 192183, 29.20
DCMNVL, EQ, 21-Nov-2019,30.0,26.5,31.35,26.5, 29.20,28.95,28.95,4513,1.31,29, 4156, 92.09
DCMSHRIRAM, EQ, 21-Nov-2019,317.05,317.0,317.05,310.65, 313.00,313.1,312.67,39957,124.93,2712, 25154, 62.95
DCW, EQ, 21-Nov-2019,14.4,15.0,15.1,14.25, 14.30,14.3,14.63,484635,70.89,1198, 298085, 61.51
DECCANCE, EQ, 21-Nov-2019,316.85,323.95,329.8,315.5, 325.00,323.0,323.64,6492,21.01,414, 5263, 81.07
DEEPAKFERT, EQ, 21-Nov-2019,96.8,97.45,98.6,96.0, 97.00,96.95,97.29,163332,158.91,2434, 53661, 32.85
DEEPAKNTR, EQ, 21-Nov-2019,348.5,349.0,355.1,345.45, 352.85,350.45,351.16,172882,607.1,7470, 78762, 45.56
DEEPIND, EQ, 21-Nov-2019,101.45,101.5,106.65,101.05, 104.45,103.95,104.81,35873,37.6,984, 18956, 52.84
DELTACORP, EQ, 21-Nov-2019,197.6,198.2,201.0,193.25, 194.80,194.45,196.84,756916,1489.94,9885, 239269, 31.61
DELTAMAGNT, EQ, 21-Nov-2019,39.85,39.0,39.9,39.0, 39.80,39.8,39.19,38,0.01,4, 37, 97.37
DENORA, EQ, 21-Nov-2019,227.25,223.15,234.7,220.5, 221.10,222.15,224.47,3700,8.31,254, 2629, 71.05
DFMFOODS, EQ, 21-Nov-2019,245.0,245.05,246.5,245.0, 245.80,245.5,245.28,30050,73.71,176, 25454, 84.71
DGCONTENT, EQ, 21-Nov-2019,3.35,3.2,3.2,3.2, 3.20,3.2,3.2,216186,6.92,49, 216186, 100.00
DHAMPURSUG, EQ, 21-Nov-2019,178.35,177.5,180.0,176.0, 177.80,177.5,177.87,261386,464.94,4013, 115416, 44.16
DHANBANK, EQ, 21-Nov-2019,15.05,15.05,15.3,14.85, 15.00,15.05,15.13,226825,34.33,677, 129106, 56.92
DHANUKA, EQ, 21-Nov-2019,315.7,319.0,319.0,302.25, 302.25,304.75,307.75,24355,74.95,1483, 14886, 61.12
DHFL, EQ, 21-Nov-2019,20.15,21.15,21.15,19.25, 21.15,21.15,20.39,12284051,2504.5,24784, 4748206, 38.65
DHUNINV, EQ, 21-Nov-2019,211.75,216.95,216.95,210.0, 211.00,211.0,212.61,880,1.87,242, 359, 40.80
DIAMONDYD, EQ, 21-Nov-2019,915.0,906.05,911.95,876.0, 909.00,897.2,894.29,4665,41.72,601, 3913, 83.88
DICIND, EQ, 21-Nov-2019,324.0,319.6,332.95,318.15, 324.10,324.1,326.86,670,2.19,108, 463, 69.10
DIGISPICE, EQ, 21-Nov-2019,6.75,6.45,7.0,6.45, 6.45,6.45,6.81,9853,0.67,27, 9520, 96.62
DISHTV, EQ, 21-Nov-2019,16.85,18.5,19.5,14.9, 15.85,15.85,16.35,147604238,24127.53,126288, 23865857, 16.17
DIVISLAB, EQ, 21-Nov-2019,1763.6,1763.55,1779.95,1740.1, 1740.10,1747.05,1756.18,429107,7535.89,24705, 145562, 33.92
DIXON, EQ, 21-Nov-2019,3103.55,3096.7,3175.0,3050.0, 3152.00,3139.85,3118.79,128632,4011.76,11869, 55862, 43.43
DLF, EQ, 21-Nov-2019,212.1,213.4,218.9,209.0, 216.70,216.85,214.33,11285129,24187.05,66955, 2912567, 25.81
DLINKINDIA, EQ, 21-Nov-2019,88.7,88.2,90.9,88.1, 90.00,89.6,89.45,51718,46.26,769, 37212, 71.95
DMART, EQ, 21-Nov-2019,1826.2,1829.8,1849.9,1810.0, 1820.85,1818.75,1832.75,325924,5973.36,19078, 146022, 44.80
DOLAT, EQ, 21-Nov-2019,70.85,70.05,71.0,67.55, 68.00,68.0,69.36,131675,91.33,1064, 84611, 64.26
DOLLAR, EQ, 21-Nov-2019,155.4,155.05,156.8,152.0, 152.00,152.85,154.92,7189,11.14,308, 5297, 73.68
DONEAR, EQ, 21-Nov-2019,29.05,29.1,29.65,28.75, 28.85,28.9,29.06,3403,0.99,100, 2557, 75.14
DPSCLTD, EQ, 21-Nov-2019,8.45,8.75,8.85,8.75, 8.85,8.85,8.84,13051,1.15,14, 11051, 84.68
DREDGECORP, EQ, 21-Nov-2019,391.8,410.6,413.7,345.5, 348.10,348.55,364.88,1833830,6691.28,41825, 397021, 21.65
DRREDDY, EQ, 21-Nov-2019,2838.65,2828.0,2890.0,2810.2, 2879.15,2879.25,2865.5,958939,27478.41,53099, 455321, 47.48
DSSL, EQ, 21-Nov-2019,27.1,27.9,27.9,27.2, 27.40,27.3,27.35,6075,1.66,101, 5120, 84.28
DTIL, EQ, 21-Nov-2019,174.0,173.0,173.0,169.25, 170.10,170.4,170.57,3162,5.39,101, 2742, 86.72
DUCON, EQ, 21-Nov-2019,5.85,5.85,6.05,5.6, 5.75,5.75,5.76,37864,2.18,99, 24959, 65.92
DVL, EQ, 21-Nov-2019,69.15,69.25,70.7,68.7, 68.70,68.95,69.84,6400,4.47,145, 5626, 87.91
DWARKESH, EQ, 21-Nov-2019,24.4,24.4,24.9,24.15, 24.30,24.25,24.43,249493,60.95,684, 165146, 66.19
DYNAMATECH, EQ, 21-Nov-2019,1103.35,1100.6,1115.0,1090.9, 1115.00,1098.15,1101.46,743,8.18,141, 491, 66.08
DYNPRO, EQ, 21-Nov-2019,147.75,149.95,151.75,143.5, 144.50,144.25,147.3,13601,20.03,1283, 8112, 59.64
ECLERX, EQ, 21-Nov-2019,423.15,425.0,425.1,415.0, 421.50,419.75,418.99,50485,211.53,1129, 44232, 87.61
EDELWEISS, EQ, 21-Nov-2019,125.1,126.7,131.35,124.0, 124.45,124.7,127.4,1398590,1781.85,9052, 1082759, 77.42
EICHERMOT, EQ, 21-Nov-2019,21489.8,21550.0,21998.0,21450.0, 21940.00,21954.6,21801.74,130374,28423.8,34144, 28891, 22.16
EIDPARRY, EQ, 21-Nov-2019,190.4,191.55,191.55,184.2, 187.00,185.45,186.96,75444,141.05,1278, 45314, 60.06
EIHAHOTELS, EQ, 21-Nov-2019,299.8,295.1,309.0,293.0, 303.00,307.1,302.85,2879,8.72,265, 1756, 60.99
EIHOTEL, EQ, 21-Nov-2019,149.4,149.6,149.6,147.05, 148.15,147.9,147.98,104868,155.19,4345, 61910, 59.04
EIMCOELECO, EQ, 21-Nov-2019,300.0,295.05,303.75,295.05, 295.10,298.4,299.78,190,0.57,64, 101, 53.16
EKC, EQ, 21-Nov-2019,23.35,23.35,24.3,22.75, 22.85,22.95,23.38,95832,22.41,599, 55191, 57.59
ELECON, EQ, 21-Nov-2019,33.45,33.45,34.0,32.8, 33.00,33.15,33.39,22016,7.35,337, 13704, 62.25
ELECTCAST, EQ, 21-Nov-2019,11.1,10.85,11.6,10.75, 10.90,10.8,11.23,254982,28.65,610, 202887, 79.57
ELECTHERM, EQ, 21-Nov-2019,132.6,127.5,132.0,127.05, 129.50,129.75,129.17,4507,5.82,345, 2765, 61.35
ELGIEQUIP, EQ, 21-Nov-2019,255.0,255.1,256.05,252.0, 255.00,253.85,253.67,8690,22.04,545, 7019, 80.77
ELGIRUBCO, EQ, 21-Nov-2019,16.4,16.45,16.75,16.0, 16.40,16.25,16.32,12197,1.99,43, 10769, 88.29
EMAMILTD, EQ, 21-Nov-2019,320.15,320.7,322.95,312.25, 313.05,313.05,315.6,55340,174.65,3105, 33162, 59.92
EMAMIPAP, EQ, 21-Nov-2019,71.35,68.05,72.9,67.8, 68.60,68.6,69.27,3694,2.56,99, 2126, 57.55
EMKAY, EQ, 21-Nov-2019,68.2,68.2,68.3,65.3, 67.60,65.65,66.41,11218,7.45,165, 8723, 77.76
EMMBI, EQ, 21-Nov-2019,98.55,98.0,101.5,95.55, 99.55,100.4,98.28,27655,27.18,591, 14315, 51.76
ENDURANCE, EQ, 21-Nov-2019,1112.05,1083.85,1113.25,1083.85, 1090.20,1092.35,1096.48,10785,118.26,1718, 6390, 59.25
ENGINERSIN, EQ, 21-Nov-2019,104.4,104.15,104.8,103.1, 104.25,104.0,104.12,505730,526.56,9774, 195868, 38.73
ENIL, EQ, 21-Nov-2019,238.0,243.2,250.05,225.2, 227.50,229.55,238.32,26029,62.03,948, 19602, 75.31
EON, EQ, 21-Nov-2019,15.85,15.9,16.4,15.1, 15.55,15.7,15.41,7802,1.2,86, 5814, 74.52
EQ30, EQ, 21-Nov-2019,324.0,325.0,341.0,324.0, 341.00,341.0,328.9,21,0.07,4, 20, 95.24
EQUITAS, EQ, 21-Nov-2019,89.5,89.4,90.1,87.9, 88.00,88.25,89.08,1455916,1296.93,7162, 451961, 31.04
ERIS, EQ, 21-Nov-2019,415.05,411.4,419.7,411.0, 416.85,417.7,416.43,539401,2246.25,15240, 342204, 63.44
ESABINDIA, EQ, 21-Nov-2019,1226.65,1226.95,1248.0,1222.35, 1229.00,1233.25,1233.61,1344,16.58,278, 953, 70.91
ESCORTS, EQ, 21-Nov-2019,670.6,672.0,676.3,650.1, 651.80,652.25,660.67,1334686,8817.86,21427, 171730, 12.87
ESSELPACK, EQ, 21-Nov-2019,149.6,150.0,154.9,147.9, 153.20,153.3,151.06,244436,369.25,3137, 132281, 54.12
EUROTEXIND, EQ, 21-Nov-2019,11.6,12.15,12.15,12.15, 12.15,12.15,12.15,100,0.01,1, 100, 100.00
EVEREADY, EQ, 21-Nov-2019,53.0,54.1,54.8,52.55, 53.60,53.75,53.66,105051,56.37,770, 79062, 75.26
EVERESTIND, EQ, 21-Nov-2019,268.1,271.0,282.0,267.8, 271.15,271.35,274.55,26927,73.93,1276, 12270, 45.57
EXCELINDUS, EQ, 21-Nov-2019,819.3,825.0,847.25,825.0, 834.05,835.95,837.46,8770,73.45,1197, 4498, 51.29
EXIDEIND, EQ, 21-Nov-2019,188.7,189.0,191.35,186.8, 187.35,187.75,188.92,1627019,3073.75,14779, 474596, 29.17
EXPLEOSOL, EQ, 21-Nov-2019,272.5,271.35,276.9,271.3, 272.00,272.3,273.63,1700,4.65,137, 1131, 66.53
FACT, EQ, 21-Nov-2019,40.0,39.8,39.9,39.1, 39.20,39.3,39.5,47680,18.84,370, 32022, 67.16
FAIRCHEM, EQ, 21-Nov-2019,473.4,473.4,478.85,457.05, 458.50,459.95,467.25,6214,29.03,631, 4568, 73.51
FCL, EQ, 21-Nov-2019,28.1,28.0,28.25,27.2, 27.65,27.45,27.87,70988,19.79,628, 46507, 65.51
FCONSUMER, EQ, 21-Nov-2019,23.0,22.85,23.1,22.3, 22.70,22.75,22.67,1133996,257.06,2920, 696352, 61.41
FCSSOFT, EQ, 21-Nov-2019,0.25,0.2,0.25,0.2, 0.25,0.2,0.22,397379,0.89,133, 325285, 81.86
FDC, EQ, 21-Nov-2019,200.6,201.8,202.3,191.1, 194.50,193.85,195.81,129654,253.87,5866, 88271, 68.08
FEDERALBNK, EQ, 21-Nov-2019,88.65,88.5,89.4,87.4, 87.75,87.85,88.41,9720943,8594.21,27973, 3342709, 34.39
FEL, EQ, 21-Nov-2019,22.1,21.7,22.5,21.5, 22.00,21.75,22.01,154672,34.04,739, 108106, 69.89
FELDVR, EQ, 21-Nov-2019,21.05,20.7,21.85,20.5, 21.55,21.15,21.3,3942,0.84,53, 2026, 51.40
FIEMIND, EQ, 21-Nov-2019,405.3,408.55,415.5,395.25, 397.20,398.45,406.07,25818,104.84,1602, 16380, 63.44
FILATEX, EQ, 21-Nov-2019,36.5,36.8,37.35,36.45, 36.50,36.5,36.76,36585,13.45,344, 28762, 78.62
FINCABLES, EQ, 21-Nov-2019,357.0,359.0,360.0,354.05, 356.00,356.15,357.36,21078,75.33,1289, 7314, 34.70
FINEORG, EQ, 21-Nov-2019,2048.8,2050.0,2112.35,2040.0, 2049.50,2042.9,2070.25,18536,383.74,3993, 8967, 48.38
FINPIPE, EQ, 21-Nov-2019,568.25,565.25,578.0,565.25, 565.50,566.25,571.18,17098,97.66,1232, 6378, 37.30
FLEXITUFF, EQ, 21-Nov-2019,3.25,3.4,3.4,3.3, 3.40,3.4,3.39,17561,0.59,24, 12797, 72.87
FLFL, EQ, 21-Nov-2019,399.85,409.9,415.85,399.0, 414.90,415.0,407.64,376563,1535.01,2386, 222974, 59.21
FLUOROCHEM, EQ, 21-Nov-2019,523.75,510.35,530.35,510.3, 526.00,522.5,521.49,5239,27.32,358, 4116, 78.56
FMGOETZE, EQ, 21-Nov-2019,592.8,599.9,601.0,582.1, 583.25,583.55,584.79,2739,16.02,228, 2211, 80.72
FMNL, EQ, 21-Nov-2019,28.55,29.05,29.85,27.15, 27.40,27.3,27.95,15530,4.34,234, 11090, 71.41
FORCEMOT, EQ, 21-Nov-2019,1009.05,1014.0,1020.1,998.1, 1014.00,1012.8,1010.56,26319,265.97,2620, 12040, 45.75
FORTIS, EQ, 21-Nov-2019,142.5,142.0,142.95,139.05, 140.30,140.1,140.48,991684,1393.15,12969, 626991, 63.22
FOSECOIND, EQ, 21-Nov-2019,1307.7,1323.4,1324.0,1288.0, 1288.00,1291.0,1298.48,1338,17.37,265, 1046, 78.18
FRETAIL, EQ, 21-Nov-2019,328.05,329.0,334.7,327.4, 333.65,333.2,332.56,206167,685.63,3313, 145602, 70.62
FSC, EQ, 21-Nov-2019,495.2,495.0,496.55,489.95, 492.30,493.7,493.95,3554,17.55,373, 2865, 80.61
FSL, EQ, 21-Nov-2019,41.15,41.0,41.65,40.1, 40.20,40.2,40.77,1406123,573.24,7651, 768121, 54.63
GABRIEL, EQ, 21-Nov-2019,121.35,121.3,122.85,117.2, 118.55,118.85,119.65,129655,155.13,3333, 58106, 44.82
GAEL, EQ, 21-Nov-2019,150.9,152.6,161.65,148.4, 161.00,159.85,157.42,76154,119.88,1635, 39740, 52.18
GAIL, EQ, 21-Nov-2019,124.5,124.5,124.5,121.4, 121.85,121.95,122.42,9596989,11748.48,68031, 4843297, 50.47
GAL, EQ, 21-Nov-2019,1.85,1.85,1.85,1.8, 1.80,1.8,1.84,11699,0.22,23, 11698, 99.99
GALAXYSURF, EQ, 21-Nov-2019,1534.0,1531.5,1569.9,1524.0, 1524.00,1535.75,1545.02,14401,222.5,2686, 9540, 66.25
GALLANTT, EQ, 21-Nov-2019,27.55,27.45,27.45,26.2, 27.05,27.1,26.88,3204,0.86,38, 2248, 70.16
GALLISPAT, EQ, 21-Nov-2019,20.1,20.05,20.5,20.05, 20.40,20.45,20.4,1314,0.27,26, 1179, 89.73
GAMMNINFRA, EQ, 21-Nov-2019,0.25,0.3,0.3,0.25, 0.30,0.3,0.3,2400278,7.12,368, 1678895, 69.95
GANDHITUBE, EQ, 21-Nov-2019,289.9,286.4,294.9,286.05, 290.00,288.6,287.95,982,2.83,51, 666, 67.82
GANECOS, EQ, 21-Nov-2019,245.65,244.0,246.0,244.0, 244.00,244.0,244.23,961,2.35,81, 703, 73.15
GANESHHOUC, EQ, 21-Nov-2019,31.1,31.5,32.4,30.8, 30.80,30.95,31.44,30210,9.5,581, 22440, 74.28
GANGESSECU, EQ, 21-Nov-2019,40.5,37.55,37.55,37.55, 37.55,37.55,37.55,35,0.01,1, 35, 100.00
GARDENSILK, EQ, 21-Nov-2019,10.1,10.15,10.35,9.7, 9.95,9.75,9.96,16563,1.65,162, 14328, 86.51
GARFIBRES, EQ, 21-Nov-2019,1162.25,1145.65,1174.1,1138.0, 1165.00,1168.9,1154.45,4446,51.33,512, 3820, 85.92
GATI, EQ, 21-Nov-2019,57.2,57.0,57.9,56.75, 57.60,57.55,57.42,182757,104.94,1302, 97905, 53.57
GAYAPROJ, EQ, 21-Nov-2019,86.9,88.95,91.15,69.55, 69.55,69.55,78.44,1704944,1337.31,15191, 967457, 56.74
GDL, EQ, 21-Nov-2019,91.4,91.3,92.05,90.1, 90.20,90.5,91.57,225813,206.78,2069, 177193, 78.47
GEECEE, EQ, 21-Nov-2019,80.55,81.75,81.75,79.25, 79.55,80.2,80.35,2433,1.95,282, 1435, 58.98
GENESYS, EQ, 21-Nov-2019,70.35,73.2,74.9,68.55, 69.50,69.1,69.7,3867,2.7,180, 3295, 85.21
GENUSPAPER, EQ, 21-Nov-2019,4.85,4.9,4.9,4.7, 4.85,4.85,4.8,99505,4.77,151, 50114, 50.36
GENUSPOWER, EQ, 21-Nov-2019,24.55,24.05,24.9,24.0, 24.00,24.1,24.31,46021,11.19,1199, 20589, 44.74
GEOJITFSL, EQ, 21-Nov-2019,30.15,30.5,30.5,29.35, 29.55,29.5,29.69,75671,22.47,973, 42325, 55.93
GEPIL, EQ, 21-Nov-2019,707.65,710.15,711.3,685.95, 690.00,693.1,699.03,31169,217.88,1964, 18839, 60.44
GESHIP, EQ, 21-Nov-2019,299.6,301.2,310.0,297.0, 297.75,297.85,301.35,107191,323.02,3837, 77819, 72.60
GET&D, EQ, 21-Nov-2019,173.45,174.1,175.0,170.0, 170.70,170.4,172.39,17939,30.93,1261, 5478, 30.54
GFLLIMITED, EQ, 21-Nov-2019,68.55,70.5,70.5,65.15, 65.25,65.15,65.66,91599,60.14,981, 80024, 87.36
GHCL, EQ, 21-Nov-2019,205.05,204.8,207.9,204.25, 206.25,206.1,206.38,39884,82.31,1315, 22140, 55.51
GICHSGFIN, EQ, 21-Nov-2019,150.5,152.0,157.45,149.25, 155.15,155.45,154.31,286986,442.84,4354, 79534, 27.71
GICRE, EQ, 21-Nov-2019,247.1,248.3,275.0,242.15, 268.80,269.1,265.0,2477847,6566.24,39470, 392788, 15.85
GILLANDERS, EQ, 21-Nov-2019,30.4,29.0,32.0,28.6, 29.35,29.35,30.81,2229,0.69,72, 1819, 81.61
GILLETTE, EQ, 21-Nov-2019,7016.5,7016.5,7035.35,6925.0, 6965.90,6952.6,6955.38,6710,466.71,3273, 4687, 69.85
GINNIFILA, EQ, 21-Nov-2019,8.5,8.7,8.9,8.2, 8.35,8.3,8.47,29898,2.53,86, 7840, 26.22
GIPCL, EQ, 21-Nov-2019,68.0,67.95,68.55,67.6, 68.30,68.05,68.05,41092,27.96,419, 31680, 77.10
GKWLIMITED, EQ, 21-Nov-2019,727.35,757.1,757.1,691.1, 709.90,707.8,717.39,628,4.51,52, 549, 87.42
GLAXO, EQ, 21-Nov-2019,1660.15,1665.0,1680.0,1646.0, 1655.80,1658.15,1664.11,38206,635.79,3206, 20864, 54.61
GLENMARK, EQ, 21-Nov-2019,359.35,358.0,358.65,348.3, 349.35,349.55,352.29,3932196,13852.65,64329, 639535, 16.26
GLOBALVECT, EQ, 21-Nov-2019,48.3,46.05,49.0,46.05, 47.85,47.2,47.64,2089,1.0,86, 1676, 80.23
GLOBUSSPR, EQ, 21-Nov-2019,135.7,143.0,143.7,136.25, 142.30,142.0,140.74,165971,233.59,2660, 63591, 38.31
GMBREW, EQ, 21-Nov-2019,403.85,404.95,414.0,402.95, 409.50,406.8,408.57,34115,139.38,1266, 11218, 32.88
GMDCLTD, EQ, 21-Nov-2019,58.95,59.45,59.45,58.1, 58.45,58.3,58.77,58267,34.24,631, 42974, 73.75
GMMPFAUDLR, EQ, 21-Nov-2019,1625.6,1625.0,1710.95,1623.0, 1656.00,1674.45,1679.57,22555,378.83,2473, 9553, 42.35
GMRINFRA, EQ, 21-Nov-2019,20.7,21.05,21.35,20.55, 20.65,20.7,21.0,14415493,3027.74,8932, 4641868, 32.20
GNA, EQ, 21-Nov-2019,270.1,269.45,273.0,263.35, 266.00,266.15,268.96,22123,59.5,1588, 8034, 36.32
GNFC, EQ, 21-Nov-2019,193.7,193.95,194.3,190.3, 190.50,190.8,191.27,156325,299.0,5589, 78578, 50.27
GOCLCORP, EQ, 21-Nov-2019,276.95,270.4,293.45,270.4, 290.60,291.35,287.82,7664,22.06,455, 5999, 78.28
GODFRYPHLP, EQ, 21-Nov-2019,1146.3,1154.0,1180.0,1150.0, 1151.05,1154.25,1163.69,67638,787.09,5246, 19301, 28.54
GODREJAGRO, EQ, 21-Nov-2019,468.85,466.1,478.85,465.0, 475.00,475.25,472.14,52126,246.11,2403, 23754, 45.57
GODREJCP, EQ, 21-Nov-2019,713.25,714.0,732.0,706.75, 725.00,726.3,720.21,988623,7120.17,34418, 505235, 51.10
GODREJIND, EQ, 21-Nov-2019,445.5,445.7,451.4,435.0, 435.00,435.65,442.27,70945,313.77,3377, 34560, 48.71
GODREJPROP, EQ, 21-Nov-2019,861.0,866.35,874.8,844.5, 859.30,859.5,858.85,286024,2456.51,17140, 159702, 55.84
GOKEX, EQ, 21-Nov-2019,74.3,74.3,79.4,73.55, 79.40,78.1,76.74,74422,57.11,1386, 47156, 63.36
GOKUL, EQ, 21-Nov-2019,13.1,13.0,13.65,12.5, 12.65,12.55,12.7,4645,0.59,151, 3811, 82.05
GOKULAGRO, EQ, 21-Nov-2019,13.2,13.75,13.75,12.6, 13.15,13.15,12.89,3748,0.48,101, 2997, 79.96
GOLDBEES, EQ, 21-Nov-2019,3385.3,3395.0,3395.0,3367.15, 3368.00,3370.3,3374.28,16666,562.36,1438, 13299, 79.80
GOLDIAM, EQ, 21-Nov-2019,134.0,135.2,135.5,133.75, 134.95,134.7,134.54,21464,28.88,477, 13259, 61.77
GOLDSHARE, EQ, 21-Nov-2019,3398.5,3385.05,3395.5,3376.65, 3378.95,3378.8,3380.06,1390,46.98,134, 1135, 81.65
GOLDTECH, EQ, 21-Nov-2019,8.75,9.3,9.3,8.15, 8.90,8.85,8.67,21269,1.84,146, 13555, 63.73
GOODLUCK, EQ, 21-Nov-2019,45.0,46.7,46.7,42.2, 44.50,43.7,43.93,17528,7.7,637, 9191, 52.44
GPIL, EQ, 21-Nov-2019,144.3,143.15,146.45,142.7, 143.50,144.35,144.23,13848,19.97,482, 9364, 67.62
GPPL, EQ, 21-Nov-2019,85.35,86.35,86.35,84.5, 85.20,85.15,85.11,313897,267.17,1532, 258397, 82.32
GPTINFRA, EQ, 21-Nov-2019,41.4,44.9,44.9,40.5, 41.30,40.8,40.74,1675,0.68,36, 1308, 78.09
GRANULES, EQ, 21-Nov-2019,129.15,129.2,132.3,128.6, 130.90,130.7,130.78,1432125,1872.87,19944, 708824, 49.49
GRAPHITE, EQ, 21-Nov-2019,303.65,304.75,306.4,298.3, 302.05,302.3,302.56,673603,2038.03,14704, 180396, 26.78
GRASIM, EQ, 21-Nov-2019,789.65,795.3,797.0,775.3, 777.40,778.95,782.31,1794807,14040.97,29872, 337543, 18.81
GRAVITA, EQ, 21-Nov-2019,40.4,40.5,41.0,40.05, 40.70,40.4,40.56,21615,8.77,288, 14304, 66.18
GREAVESCOT, EQ, 21-Nov-2019,137.7,137.95,138.1,132.4, 133.30,133.1,134.62,215251,289.76,4131, 157129, 73.00
GREENLAM, EQ, 21-Nov-2019,954.4,946.0,963.25,890.0, 914.00,908.65,926.26,3095,28.67,643, 1582, 51.11
GREENPANEL, EQ, 21-Nov-2019,47.5,48.5,48.7,47.0, 47.00,47.5,47.99,249446,119.7,923, 235981, 94.60
GREENPLY, EQ, 21-Nov-2019,160.0,158.05,162.0,158.05, 160.05,160.15,160.06,51114,81.81,834, 32505, 63.59
GREENPOWER, EQ, 21-Nov-2019,1.9,1.95,1.95,1.95, 1.95,1.95,1.95,7044,0.14,17, 7044, 100.00
GRINDWELL, EQ, 21-Nov-2019,597.5,598.0,602.0,589.05, 589.10,591.6,594.97,19023,113.18,900, 14431, 75.86
GROBTEA, EQ, 21-Nov-2019,284.95,284.1,299.75,273.05, 285.00,285.0,281.41,78,0.22,21, 35, 44.87
GRPLTD, EQ, 21-Nov-2019,850.0,896.0,896.0,832.05, 861.50,861.5,873.94,881,7.7,115, 818, 92.85
GRSE, EQ, 21-Nov-2019,228.4,227.25,231.6,223.05, 225.50,224.35,226.17,197669,447.06,4727, 69682, 35.25
GSCLCEMENT, EQ, 21-Nov-2019,19.2,19.5,19.7,18.9, 19.00,19.15,19.18,34827,6.68,105, 25154, 72.23
GSFC, EQ, 21-Nov-2019,70.95,70.55,71.9,70.4, 71.25,71.05,71.34,191430,136.57,1654, 95066, 49.66
GSKCONS, EQ, 21-Nov-2019,8693.9,8693.9,8870.7,8658.2, 8810.00,8812.55,8767.71,11770,1031.96,3051, 6363, 54.06
GSPL, EQ, 21-Nov-2019,219.9,219.65,219.65,214.0, 214.60,215.2,216.64,297135,643.7,13827, 224809, 75.66
GSS, EQ, 21-Nov-2019,33.3,33.7,34.25,32.6, 33.10,33.3,33.26,6845,2.28,100, 6236, 91.10
GTL, EQ, 21-Nov-2019,1.35,1.4,1.4,1.3, 1.40,1.4,1.38,370914,5.11,105, 327918, 88.41
GTLINFRA, EQ, 21-Nov-2019,0.45,0.4,0.5,0.4, 0.50,0.5,0.47,9587861,44.78,581, 5638976, 58.81
GTNIND, EQ, 21-Nov-2019,5.75,5.8,6.0,5.8, 6.00,6.0,5.89,1148,0.07,30, 639, 55.66
GTPL, EQ, 21-Nov-2019,65.95,67.0,67.0,65.55, 66.35,65.85,66.0,145523,96.04,1532, 135067, 92.81
GUFICBIO, EQ, 21-Nov-2019,66.3,68.4,68.4,66.25, 66.50,67.2,67.23,32329,21.73,649, 21548, 66.65
GUJALKALI, EQ, 21-Nov-2019,406.25,406.55,418.0,403.0, 403.95,407.1,408.32,22665,92.55,1545, 8988, 39.66
GUJAPOLLO, EQ, 21-Nov-2019,130.0,129.0,136.9,123.75, 133.00,132.15,131.93,1626,2.15,143, 1132, 69.62
GUJGASLTD, EQ, 21-Nov-2019,193.75,193.8,197.9,193.05, 193.25,193.9,195.4,447972,875.36,13350, 244834, 54.65
GULFOILLUB, EQ, 21-Nov-2019,874.0,866.0,880.0,860.0, 860.15,860.7,863.17,816,7.04,170, 548, 67.16
GULFPETRO, EQ, 21-Nov-2019,37.7,39.8,39.8,37.5, 37.85,38.0,38.12,4194,1.6,72, 3232, 77.06
GVKPIL, EQ, 21-Nov-2019,4.25,4.35,4.45,4.35, 4.45,4.45,4.43,1712735,75.89,751, 897431, 52.40
HAL, EQ, 21-Nov-2019,803.3,799.6,827.0,793.3, 800.00,803.55,811.97,50901,413.3,4206, 18307, 35.97
HARITASEAT, EQ, 21-Nov-2019,428.85,429.05,440.0,427.0, 440.00,432.35,430.16,15901,68.4,563, 14877, 93.56
HARRMALAYA, EQ, 21-Nov-2019,48.35,48.2,49.25,47.95, 48.60,48.35,48.55,24603,11.95,746, 9953, 40.45
HATHWAY, EQ, 21-Nov-2019,19.9,20.0,20.5,19.7, 20.05,20.1,20.1,151020,30.36,651, 69172, 45.80
HATSUN, EQ, 21-Nov-2019,581.95,581.95,586.95,570.0, 580.00,577.45,578.09,13417,77.56,1137, 7601, 56.65
HAVELLS, EQ, 21-Nov-2019,671.65,671.65,675.7,651.0, 651.05,653.7,661.78,1467627,9712.51,34899, 591842, 40.33
HBLPOWER, EQ, 21-Nov-2019,15.55,15.6,16.15,15.55, 15.60,15.65,15.83,169086,26.77,563, 101965, 60.30
HCC, EQ, 21-Nov-2019,8.25,9.9,9.9,9.5, 9.90,9.9,9.85,17668245,1740.93,8061, 6908766, 39.10
HCG, EQ, 21-Nov-2019,111.35,113.0,113.5,110.0, 110.00,110.4,111.99,311683,349.05,7181, 309601, 99.33
HCL-INSYS, EQ, 21-Nov-2019,9.6,9.55,10.0,8.65, 8.65,8.65,8.79,2034064,178.85,3215, 1349392, 66.34
HCLTECH, EQ, 21-Nov-2019,1132.8,1138.6,1148.5,1131.55, 1135.50,1136.6,1139.32,1938092,22081.11,94771, 1272728, 65.67
HDFC, EQ, 21-Nov-2019,2200.95,2202.0,2216.0,2186.2, 2210.40,2210.35,2201.62,2679074,58983.15,88844, 1761797, 65.76
HDFCAMC, EQ, 21-Nov-2019,3626.05,3646.6,3796.5,3646.6, 3761.50,3769.75,3741.77,1163257,43526.41,88330, 361122, 31.04
HDFCBANK, EQ, 21-Nov-2019,1273.35,1270.25,1287.0,1268.35, 1281.95,1283.35,1279.3,6009763,76883.15,128228, 3782409, 62.94
HDFCLIFE, EQ, 21-Nov-2019,574.7,576.4,592.35,573.0, 589.55,589.25,583.39,3752775,21893.16,60213, 1884484, 50.22
HDFCMFGETF, EQ, 21-Nov-2019,3464.05,3469.0,3469.0,3437.1, 3440.10,3441.55,3450.35,2018,69.63,221, 1576, 78.10
HDFCNIFETF, EQ, 21-Nov-2019,1257.97,1262.4,1263.46,1254.56, 1254.56,1255.54,1259.22,121,1.52,30, 66, 54.55
HDFCSENETF, EQ, 21-Nov-2019,4250.51,4262.65,4294.97,4262.65, 4292.00,4292.0,4290.37,53,2.27,8, 50, 94.34
HDIL, EQ, 21-Nov-2019,2.6,2.7,2.7,2.7, 2.70,2.7,2.7,130801,3.53,199, 130801, 100.00
HEG, EQ, 21-Nov-2019,1010.15,1018.7,1022.7,996.3, 1013.00,1008.0,1009.28,200135,2019.93,13345, 64990, 32.47
HEIDELBERG, EQ, 21-Nov-2019,188.45,188.0,188.95,186.55, 186.55,187.25,187.58,129829,243.54,2610, 79201, 61.00
HERCULES, EQ, 21-Nov-2019,95.8,97.0,98.0,93.25, 95.40,95.15,95.89,43469,41.68,999, 25696, 59.11
HERITGFOOD, EQ, 21-Nov-2019,317.6,324.0,324.0,311.0, 314.00,314.15,314.29,67412,211.87,2197, 64196, 95.23
HEROMOTOCO, EQ, 21-Nov-2019,2470.5,2477.0,2499.9,2436.55, 2441.90,2443.45,2472.94,677663,16758.21,60608, 232409, 34.30
HESTERBIO, EQ, 21-Nov-2019,1568.65,1580.05,1580.05,1552.0, 1570.00,1571.5,1566.76,1641,25.71,312, 1312, 79.95
HEXAWARE, EQ, 21-Nov-2019,340.15,338.05,347.8,338.0, 338.50,338.95,343.17,893633,3066.7,12906, 163566, 18.30
HFCL, EQ, 21-Nov-2019,17.3,17.35,17.4,17.1, 17.20,17.2,17.21,1170982,201.47,2067, 708028, 60.46
HGINFRA, EQ, 21-Nov-2019,254.45,258.3,264.9,257.5, 264.90,262.65,261.32,62225,162.6,1716, 42066, 67.60
HGS, EQ, 21-Nov-2019,602.85,604.0,628.5,604.0, 625.00,620.7,616.18,13806,85.07,471, 10941, 79.25
HIKAL, EQ, 21-Nov-2019,111.15,111.6,111.65,108.3, 109.00,109.05,109.35,141889,155.16,4716, 102924, 72.54
HIL, EQ, 21-Nov-2019,1240.7,1242.35,1257.55,1210.0, 1210.90,1213.4,1233.39,8890,109.65,1381, 6240, 70.19
HILTON, EQ, 21-Nov-2019,16.25,15.45,15.45,15.45, 15.45,15.45,15.45,3308,0.51,37, 3308, 100.00
HIMATSEIDE, EQ, 21-Nov-2019,127.3,127.8,138.15,126.4, 135.95,135.05,133.19,165552,220.49,4071, 67457, 40.75
HINDALCO, EQ, 21-Nov-2019,190.75,190.2,192.9,188.05, 188.90,188.6,190.62,6342754,12090.28,45153, 1639757, 25.85
HINDCOMPOS, EQ, 21-Nov-2019,170.2,169.0,171.0,165.65, 169.90,167.65,168.68,1911,3.22,315, 1400, 73.26
HINDCOPPER, EQ, 21-Nov-2019,41.5,41.5,41.55,38.5, 39.00,38.95,39.57,1583708,626.6,7511, 592266, 37.40
HINDMOTORS, EQ, 21-Nov-2019,5.65,5.55,5.8,5.55, 5.70,5.65,5.66,80009,4.53,159, 37930, 47.41
HINDNATGLS, EQ, 21-Nov-2019,29.4,29.4,29.75,27.95, 27.95,27.95,28.58,1962,0.56,20, 1360, 69.32
HINDOILEXP, EQ, 21-Nov-2019,92.45,92.75,93.4,92.1, 93.00,92.75,92.79,107962,100.17,1983, 50911, 47.16
HINDPETRO, EQ, 21-Nov-2019,295.9,302.0,302.0,284.85, 287.20,286.8,290.89,7726635,22476.09,63501, 3173826, 41.08
HINDUNILVR, EQ, 21-Nov-2019,2026.5,2027.0,2059.95,2017.0, 2047.00,2048.65,2038.85,1397175,28486.33,76846, 838909, 60.04
HINDZINC, EQ, 21-Nov-2019,213.6,214.25,215.8,210.0, 214.00,214.7,213.26,464816,991.27,9285, 271096, 58.32
HIRECT, EQ, 21-Nov-2019,220.6,221.0,224.4,218.0, 222.30,220.5,221.08,43480,96.13,1684, 12898, 29.66
HISARMETAL, EQ, 21-Nov-2019,49.35,50.8,50.8,48.0, 49.30,48.25,48.93,379,0.19,17, 348, 91.82
HITECH, EQ, 21-Nov-2019,133.5,139.6,139.6,132.0, 135.00,134.95,134.69,5272,7.1,170, 3714, 70.45
HITECHCORP, EQ, 21-Nov-2019,89.45,88.0,89.95,86.3, 89.40,89.4,88.83,3877,3.44,55, 3465, 89.37
HITECHGEAR, EQ, 21-Nov-2019,174.95,173.05,174.0,167.0, 167.50,167.25,169.37,3305,5.6,155, 3051, 92.31
HMVL, EQ, 21-Nov-2019,73.35,74.1,74.1,71.4, 71.90,71.7,71.97,8315,5.98,193, 6588, 79.23
HNGSNGBEES, EQ, 21-Nov-2019,3330.0,3399.98,3399.98,3260.05, 3260.05,3260.05,3308.52,12,0.4,7, 8, 66.67
HONAUT, EQ, 21-Nov-2019,27509.45,27691.8,27900.0,27289.9, 27900.00,27779.2,27497.04,473,130.06,284, 295, 62.37
HONDAPOWER, EQ, 21-Nov-2019,1346.15,1332.75,1352.0,1300.0, 1310.00,1303.1,1315.38,2616,34.41,408, 1764, 67.43
HOTELEELA, EQ, 21-Nov-2019,7.4,7.4,7.4,7.2, 7.25,7.3,7.31,90775,6.64,241, 70038, 77.16
HOVS, EQ, 21-Nov-2019,47.35,47.5,49.25,45.3, 45.70,46.05,47.53,7289,3.46,163, 5678, 77.90
HPL, EQ, 21-Nov-2019,41.25,40.7,41.0,39.1, 40.00,40.2,40.16,45145,18.13,1172, 30321, 67.16
HSCL, EQ, 21-Nov-2019,61.05,61.2,65.85,59.35, 65.40,65.1,63.07,1305177,823.14,9300, 565190, 43.30
HSIL, EQ, 21-Nov-2019,47.85,48.4,49.45,47.75, 47.80,48.0,48.06,226243,108.74,771, 187095, 82.70
HTMEDIA, EQ, 21-Nov-2019,15.85,16.3,16.8,15.8, 15.95,15.95,16.23,276811,44.92,1121, 175154, 63.28
HUBTOWN, EQ, 21-Nov-2019,12.7,12.75,13.4,12.7, 13.20,13.0,12.9,25647,3.31,151, 17311, 67.50
HUDCO, EQ, 21-Nov-2019,43.15,43.3,43.4,42.1, 42.30,42.25,42.54,931556,396.29,3318, 411277, 44.15
IBMFNIFTY, EQ, 21-Nov-2019,120.0,120.0,120.0,117.06, 117.06,117.07,117.27,72,0.08,7, 68, 94.44
IBREALEST, EQ, 21-Nov-2019,67.25,67.05,70.6,63.9, 70.60,70.3,68.48,3001875,2055.75,15090, 1373140, 45.74
IBULHSGFIN, EQ, 21-Nov-2019,208.2,209.5,235.3,204.55, 232.70,231.55,221.64,53888172,119439.28,438725, 6744846, 12.52
IBULISL, EQ, 21-Nov-2019,66.4,63.1,69.7,63.1, 66.45,66.35,66.29,1794851,1189.76,11342, 754627, 42.04
IBVENTURES, EQ, 21-Nov-2019,143.55,142.9,150.7,141.5, 150.70,149.8,146.71,1410482,2069.3,12201, 831755, 58.97
ICICI500, EQ, 21-Nov-2019,157.28,157.44,158.13,157.09, 157.61,157.61,157.73,723,1.14,30, 353, 48.82
ICICIB22, EQ, 21-Nov-2019,35.39,35.64,35.64,34.87, 35.00,34.98,35.2,235848,83.01,3294, 167688, 71.10
ICICIBANK, EQ, 21-Nov-2019,495.0,498.1,503.8,491.25, 499.00,498.25,498.95,25745594,128458.47,208747, 13897302, 53.98
ICICIBANKN, EQ, 21-Nov-2019,313.86,316.0,316.0,312.2, 313.16,312.97,312.91,1685,5.27,26, 1622, 96.26
ICICIBANKP, EQ, 21-Nov-2019,173.94,173.9,173.9,172.6, 172.70,172.83,173.27,635,1.1,15, 435, 68.50
ICICIGI, EQ, 21-Nov-2019,1357.0,1350.5,1380.0,1335.1, 1375.00,1374.1,1367.98,662162,9058.24,45203, 436072, 65.86
ICICIGOLD, EQ, 21-Nov-2019,34.55,34.05,34.85,34.05, 34.50,34.55,34.49,15806,5.45,400, 12715, 80.44
ICICILIQ, EQ, 21-Nov-2019,999.99,999.99,1000.0,999.99, 1000.00,999.99,1000.0,49708,497.08,38, 24162, 48.61
ICICILOVOL, EQ, 21-Nov-2019,92.25,94.0,94.0,90.3, 91.92,91.99,92.15,1379,1.27,77, 1298, 94.13
ICICIMCAP, EQ, 21-Nov-2019,65.3,67.0,67.0,64.62, 65.00,64.88,65.46,7825,5.12,90, 7283, 93.07
ICICINF100, EQ, 21-Nov-2019,129.89,130.0,130.08,129.0, 129.73,129.72,129.87,1920,2.49,23, 1859, 96.82
ICICINIFTY, EQ, 21-Nov-2019,126.28,125.0,126.35,125.0, 125.80,125.78,126.07,34384,43.35,4549, 17265, 50.21
ICICINV20, EQ, 21-Nov-2019,57.48,58.4,58.4,56.81, 57.18,56.92,57.07,9669,5.52,213, 6554, 67.78
ICICINXT50, EQ, 21-Nov-2019,28.38,28.99,28.99,28.37, 28.43,28.43,28.49,28089,8.0,206, 27688, 98.57
ICICIPRULI, EQ, 21-Nov-2019,503.3,503.3,504.9,497.3, 499.60,499.55,500.43,2326321,11641.51,42254, 1530934, 65.81
ICICISENSX, EQ, 21-Nov-2019,433.73,433.8,434.32,430.49, 432.00,431.0,432.45,119,0.51,23, 75, 63.03
ICIL, EQ, 21-Nov-2019,48.7,50.5,50.5,47.1, 47.10,47.3,48.34,61728,29.84,1005, 43764, 70.90
ICRA, EQ, 21-Nov-2019,2741.8,2710.0,2712.45,2672.95, 2699.00,2693.5,2685.34,5505,147.83,199, 5224, 94.90
IDBI, EQ, 21-Nov-2019,33.9,33.9,34.15,33.15, 33.40,33.45,33.6,1803584,605.96,4656, 551347, 30.57
IDBIGOLD, EQ, 21-Nov-2019,3525.7,3525.0,3525.0,3488.0, 3488.00,3488.0,3514.48,165,5.8,15, 164, 99.39
IDEA, EQ, 21-Nov-2019,7.05,7.75,7.95,6.15, 6.65,6.65,6.85,879935477,60240.26,254786, 234947388, 26.70
IDFC, EQ, 21-Nov-2019,34.0,33.95,34.35,33.35, 33.40,33.5,33.86,4664109,1579.22,5281, 3921126, 84.07
IDFCFIRSTB, EQ, 21-Nov-2019,43.15,43.0,43.7,42.75, 43.10,43.1,43.28,15294734,6619.88,22454, 5774817, 37.76
IDFNIFTYET, EQ, 21-Nov-2019,122.0,118.7,121.6,116.7, 116.70,116.7,118.28,82,0.1,14, 72, 87.80
IEX, EQ, 21-Nov-2019,143.15,143.7,145.0,142.65, 145.00,144.8,143.84,153001,220.08,4212, 114582, 74.89
IFBAGRO, EQ, 21-Nov-2019,395.45,396.0,408.05,396.0, 405.00,400.05,401.87,6740,27.09,874, 2329, 34.55
IFBIND, EQ, 21-Nov-2019,677.85,673.65,684.2,661.3, 665.00,668.85,669.87,11417,76.48,1071, 5153, 45.13
IFCI, EQ, 21-Nov-2019,7.75,7.8,7.85,7.3, 7.30,7.35,7.5,2669785,200.28,2246, 1860974, 69.71
IFGLEXPOR, EQ, 21-Nov-2019,145.85,150.2,152.75,141.0, 144.00,143.4,144.0,1461,2.1,289, 965, 66.05
IGARASHI, EQ, 21-Nov-2019,239.95,241.0,263.8,238.4, 252.00,252.6,255.34,195158,498.32,7831, 54706, 28.03
IGL, EQ, 21-Nov-2019,421.9,423.0,438.7,412.2, 414.00,417.05,427.4,4521078,19323.15,65193, 1058125, 23.40
IGPL, EQ, 21-Nov-2019,141.6,140.15,145.45,140.1, 143.90,142.95,143.05,7861,11.25,291, 5100, 64.88
IIFL, EQ, 21-Nov-2019,152.65,152.0,152.0,143.6, 144.80,145.05,147.03,131151,192.84,3101, 79545, 60.65
IIFLSEC, EQ, 21-Nov-2019,23.9,24.7,24.7,23.4, 23.50,23.45,23.65,164199,38.83,910, 161152, 98.14
IIFLWAM, EQ, 21-Nov-2019,1240.25,1240.0,1267.45,1212.25, 1252.75,1246.9,1239.6,14217,176.23,1251, 13462, 94.69
IMFA, EQ, 21-Nov-2019,196.2,194.0,198.4,190.55, 192.50,191.25,194.12,13352,25.92,555, 8334, 62.42
IMPAL, EQ, 21-Nov-2019,590.4,600.0,607.0,586.0, 586.00,586.8,590.17,1494,8.82,150, 1244, 83.27
INDBANK, EQ, 21-Nov-2019,7.25,7.25,7.4,7.1, 7.25,7.15,7.24,39685,2.87,152, 26159, 65.92
INDHOTEL, EQ, 21-Nov-2019,152.2,151.2,153.95,150.9, 151.65,151.8,152.1,574226,873.42,11923, 356733, 62.12
INDIACEM, EQ, 21-Nov-2019,77.9,78.0,80.5,77.35, 77.95,77.95,78.91,1503714,1186.62,8413, 538875, 35.84
INDIAGLYCO, EQ, 21-Nov-2019,221.15,221.0,221.0,215.0, 216.35,216.9,217.58,39198,85.29,1494, 22429, 57.22
INDIAMART, EQ, 21-Nov-2019,2052.85,2073.35,2083.0,2052.0, 2053.00,2060.3,2060.86,37995,783.02,2509, 16797, 44.21
INDIANB, EQ, 21-Nov-2019,122.4,123.4,123.4,119.85, 120.70,120.65,121.38,1413757,1716.0,15158, 330248, 23.36
INDIANHUME, EQ, 21-Nov-2019,212.4,215.0,215.0,206.85, 208.45,208.5,209.14,20467,42.81,960, 16307, 79.67
INDIGO, EQ, 21-Nov-2019,1426.65,1426.65,1443.05,1385.0, 1406.00,1400.2,1409.76,1363237,19218.43,61797, 334225, 24.52
INDNIPPON, EQ, 21-Nov-2019,332.4,336.95,339.95,325.1, 325.10,326.9,331.7,3161,10.48,374, 1854, 58.65
INDOCO, EQ, 21-Nov-2019,150.2,151.65,155.7,149.6, 155.50,154.25,152.96,26625,40.73,805, 16312, 61.27
INDORAMA, EQ, 21-Nov-2019,25.35,25.45,26.9,25.05, 26.00,26.0,25.98,4301,1.12,134, 2893, 67.26
INDOSTAR, EQ, 21-Nov-2019,187.85,193.2,208.05,190.45, 195.00,196.0,198.82,277205,551.13,8788, 136233, 49.15
INDOTHAI, EQ, 21-Nov-2019,21.7,21.7,23.85,21.45, 23.85,22.95,22.77,5117,1.17,165, 4261, 83.27
INDOWIND, EQ, 21-Nov-2019,2.95,2.85,2.95,2.75, 2.85,2.8,2.82,31141,0.88,73, 25118, 80.66
INDRAMEDCO, EQ, 21-Nov-2019,43.85,44.3,44.3,42.35, 42.65,42.7,43.23,115016,49.73,719, 73362, 63.78
INDSWFTLTD, EQ, 21-Nov-2019,3.6,3.65,3.75,3.45, 3.50,3.5,3.51,16326,0.57,43, 15260, 93.47
INDTERRAIN, EQ, 21-Nov-2019,69.55,68.15,70.0,68.1, 68.45,68.5,68.71,794,0.55,38, 667, 84.01
INDUSINDBK, EQ, 21-Nov-2019,1469.3,1480.1,1502.05,1437.6, 1448.00,1446.15,1463.43,6229283,91161.01,194618, 2243742, 36.02
INEOSSTYRO, EQ, 21-Nov-2019,700.7,700.2,714.4,700.0, 714.40,711.45,708.36,6391,45.27,528, 5532, 86.56
INFIBEAM, EQ, 21-Nov-2019,44.2,44.0,50.5,44.0, 49.90,49.05,47.82,9103177,4352.92,13844, 3367226, 36.99
INFOBEAN, EQ, 21-Nov-2019,67.1,67.2,68.0,67.0, 68.00,67.45,67.48,2027,1.37,74, 535, 26.39
INFRABEES, EQ, 21-Nov-2019,342.53,343.98,344.9,340.0, 344.90,342.45,344.14,2105,7.24,28, 1827, 86.79
INFRATEL, EQ, 21-Nov-2019,240.9,243.95,245.65,231.3, 239.60,241.9,237.81,14777175,35142.0,107993, 1723427, 11.66
INFY, EQ, 21-Nov-2019,713.0,715.5,721.45,710.5, 712.15,713.25,714.88,9692973,69293.53,127699, 6217311, 64.14
INGERRAND, EQ, 21-Nov-2019,685.55,690.0,695.85,650.0, 651.00,652.3,666.76,106964,713.19,5039, 46825, 43.78
INOXLEISUR, EQ, 21-Nov-2019,360.2,362.4,365.0,357.05, 360.50,360.75,361.14,81646,294.86,5111, 44928, 55.03
INOXWIND, EQ, 21-Nov-2019,32.55,32.3,32.7,31.95, 32.10,32.05,32.25,45229,14.58,768, 22331, 49.37
INSECTICID, EQ, 21-Nov-2019,532.15,532.4,535.45,525.0, 530.60,526.25,528.19,1727,9.12,283, 1070, 61.96
INSPIRISYS, EQ, 21-Nov-2019,39.2,38.95,41.9,38.05, 41.90,40.05,39.09,2691,1.05,109, 2564, 95.28
INTELLECT, EQ, 21-Nov-2019,156.6,158.0,159.8,152.5, 153.40,153.7,155.3,316993,492.28,5317, 129212, 40.76
INTENTECH, EQ, 21-Nov-2019,29.15,29.15,31.0,29.15, 31.00,30.55,29.62,19893,5.89,67, 16887, 84.89
INVENTURE, EQ, 21-Nov-2019,12.65,13.25,13.25,12.6, 12.60,12.6,13.02,27092,3.53,48, 5514, 20.35
IOB, EQ, 21-Nov-2019,10.75,10.85,11.35,10.55, 10.95,10.95,10.96,1470497,161.15,2942, 565297, 38.44
IOC, EQ, 21-Nov-2019,130.9,131.4,131.8,128.4, 128.55,128.9,129.97,9151096,11893.93,58311, 3725973, 40.72
IOLCP, EQ, 21-Nov-2019,180.8,180.8,182.0,176.6, 177.00,177.3,179.26,191546,343.37,3851, 113308, 59.15
IPAPPM, EQ, 21-Nov-2019,288.8,290.0,296.25,287.05, 288.80,290.75,292.29,9118,26.65,516, 4814, 52.80
IPCALAB, EQ, 21-Nov-2019,1151.85,1145.75,1152.9,1114.35, 1116.30,1121.4,1126.74,139599,1572.91,10680, 108809, 77.94
IRB, EQ, 21-Nov-2019,75.95,80.0,89.4,80.0, 85.35,85.25,85.25,10428446,8890.31,57047, 1912402, 18.34
IRCON, EQ, 21-Nov-2019,432.3,428.0,443.95,427.3, 432.40,432.4,437.57,279506,1223.03,7481, 109902, 39.32
IRCTC, EQ, 21-Nov-2019,895.7,898.0,906.0,880.1, 884.25,884.8,888.44,1297118,11524.08,48007, 326508, 25.17
ISEC, EQ, 21-Nov-2019,307.1,306.55,307.4,300.0, 302.00,300.8,302.11,127758,385.96,4701, 98088, 76.78
ISMTLTD, EQ, 21-Nov-2019,4.05,3.85,4.1,3.85, 4.05,4.0,4.01,6166,0.25,55, 3749, 60.80
ITC, EQ, 21-Nov-2019,250.7,251.4,251.4,245.05, 245.65,245.7,247.49,10393219,25722.63,94431, 6624260, 63.74
ITDC, EQ, 21-Nov-2019,415.7,385.25,385.25,374.15, 374.15,374.15,376.6,452850,1705.44,6723, 138456, 30.57
ITDCEM, EQ, 21-Nov-2019,58.7,60.9,60.9,58.05, 60.00,60.0,59.84,367261,219.76,2030, 286204, 77.93
ITI, EQ, 21-Nov-2019,91.75,89.4,89.5,86.5, 86.70,86.85,88.08,693962,611.24,5055, 283931, 40.91
IVC, EQ, 21-Nov-2019,3.7,3.6,4.0,3.6, 3.90,3.85,3.86,103944,4.01,150, 71517, 68.80
IVP, EQ, 21-Nov-2019,58.25,58.25,61.15,56.5, 61.00,61.0,61.07,4689,2.86,32, 4679, 99.79
IVZINGOLD, EQ, 21-Nov-2019,3475.0,3436.6,3470.0,3436.6, 3469.00,3469.0,3451.86,21,0.72,13, 12, 57.14
IZMO, EQ, 21-Nov-2019,26.8,27.9,28.05,25.5, 25.50,25.5,26.03,25504,6.64,196, 18366, 72.01
J&KBANK, EQ, 21-Nov-2019,33.7,33.6,33.7,32.95, 32.95,33.05,33.28,462045,153.75,2664, 262001, 56.70
JAGRAN, EQ, 21-Nov-2019,47.25,47.65,53.35,47.6, 51.05,50.95,49.74,3100491,1542.13,15489, 2257752, 72.82
JAGSNPHARM, EQ, 21-Nov-2019,26.15,26.05,26.65,25.5, 26.35,26.0,25.87,3285,0.85,59, 2053, 62.50
JAIBALAJI, EQ, 21-Nov-2019,20.75,20.95,21.5,20.5, 21.30,21.45,20.88,10276,2.15,24, 9724, 94.63
JAICORPLTD, EQ, 21-Nov-2019,97.45,99.5,101.6,98.2, 98.90,99.0,99.9,2298099,2295.74,15463, 398656, 17.35
JAMNAAUTO, EQ, 21-Nov-2019,45.5,45.35,46.2,43.6, 44.00,43.95,44.93,429803,193.13,2888, 182467, 42.45
JASH, EQ, 21-Nov-2019,130.0,122.1,135.9,122.1, 130.00,130.0,133.88,1428,1.91,14, 1282, 89.78
JAYAGROGN, EQ, 21-Nov-2019,127.0,127.0,127.75,125.9, 125.90,126.1,126.48,1868,2.36,74, 1318, 70.56
JAYBARMARU, EQ, 21-Nov-2019,219.85,220.05,224.8,216.1, 219.00,217.95,219.08,240819,527.58,2782, 18274, 7.59
JAYNECOIND, EQ, 21-Nov-2019,3.35,3.35,3.5,3.25, 3.50,3.5,3.45,44451,1.54,54, 36728, 82.63
JAYSREETEA, EQ, 21-Nov-2019,47.0,46.55,48.25,46.5, 47.00,47.05,47.5,51783,24.6,985, 11679, 22.55
JBCHEPHARM, EQ, 21-Nov-2019,388.65,375.0,391.9,315.05, 385.10,387.55,384.73,100014,384.78,3405, 49083, 49.08
JBFIND, EQ, 21-Nov-2019,6.85,6.9,6.9,6.75, 6.90,6.9,6.85,9539,0.65,57, 8438, 88.46
JBMA, EQ, 21-Nov-2019,225.75,227.25,228.35,222.85, 223.50,224.05,225.62,23828,53.76,983, 11921, 50.03
JCHAC, EQ, 21-Nov-2019,1988.3,1993.5,2008.0,1951.0, 1975.00,1978.1,1981.37,1893,37.51,423, 1121, 59.22
JHS, EQ, 21-Nov-2019,15.7,16.0,16.25,15.6, 16.00,16.0,16.03,21828,3.5,357, 16454, 75.38
JINDALPOLY, EQ, 21-Nov-2019,229.15,225.55,232.35,224.0, 225.85,225.7,226.83,8735,19.81,351, 6276, 71.85
JINDALSAW, EQ, 21-Nov-2019,81.3,80.8,81.8,79.25, 79.75,79.6,80.45,240241,193.27,2200, 129929, 54.08
JINDALSTEL, EQ, 21-Nov-2019,140.15,139.3,140.5,135.2, 136.30,136.1,138.02,11728699,16188.08,45880, 1396343, 11.91
JINDRILL, EQ, 21-Nov-2019,73.45,73.05,74.95,70.5, 72.00,71.85,72.68,13570,9.86,359, 8778, 64.69
JINDWORLD, EQ, 21-Nov-2019,61.05,63.25,63.8,60.15, 63.80,62.2,61.2,125308,76.69,1363, 19041, 15.20
JISLDVREQS, EQ, 21-Nov-2019,9.25,9.3,9.7,9.2, 9.55,9.6,9.56,17352,1.66,113, 12074, 69.58
JISLJALEQS, EQ, 21-Nov-2019,11.05,11.3,11.5,11.0, 11.20,11.25,11.26,5099324,574.07,4439, 4180381, 81.98
JIYAECO, EQ, 21-Nov-2019,35.25,35.2,37.25,34.3, 35.30,35.3,35.71,175216,62.57,1233, 91492, 52.22
JKCEMENT, EQ, 21-Nov-2019,1178.9,1178.55,1180.45,1165.0, 1165.00,1166.6,1166.17,33305,388.39,2487, 29363, 88.16
JKIL, EQ, 21-Nov-2019,166.45,170.2,179.5,170.05, 170.15,170.75,173.63,927125,1609.75,10857, 215499, 23.24
JKLAKSHMI, EQ, 21-Nov-2019,282.7,283.8,285.35,280.0, 280.80,281.5,280.99,101355,284.8,1966, 83245, 82.13
JKPAPER, EQ, 21-Nov-2019,113.7,113.95,114.9,113.45, 114.20,113.85,114.04,410753,468.41,3828, 208245, 50.70
JKTYRE, EQ, 21-Nov-2019,67.4,67.5,68.4,66.75, 68.00,67.75,67.67,432941,292.99,5059, 207624, 47.96
JMA, EQ, 21-Nov-2019,23.7,23.8,24.0,23.4, 23.40,23.75,23.77,2396,0.57,20, 2196, 91.65
JMCPROJECT, EQ, 21-Nov-2019,102.35,103.9,107.95,103.15, 103.50,104.0,105.86,47168,49.93,1191, 19187, 40.68
JMFINANCIL, EQ, 21-Nov-2019,93.25,93.2,93.75,92.15, 93.00,92.6,92.72,152850,141.72,1928, 91726, 60.01
JMTAUTOLTD, EQ, 21-Nov-2019,1.35,1.35,1.4,1.3, 1.35,1.35,1.34,60934,0.81,42, 40458, 66.40
JOCIL, EQ, 21-Nov-2019,108.35,108.0,112.9,104.6, 105.25,105.4,106.54,3326,3.54,65, 2587, 77.78
JPASSOCIAT, EQ, 21-Nov-2019,2.1,2.1,2.15,2.05, 2.15,2.1,2.1,5194698,109.06,10326, 2580412, 49.67
JPINFRATEC, EQ, 21-Nov-2019,1.2,1.2,1.25,1.15, 1.15,1.15,1.19,1858998,22.14,537, 1097180, 59.02
JPOLYINVST, EQ, 21-Nov-2019,10.8,11.2,11.2,10.8, 10.80,10.8,10.96,261,0.03,9, 261, 100.00
JPPOWER, EQ, 21-Nov-2019,1.05,1.05,1.05,1.0, 1.05,1.05,1.04,1427737,14.78,468, 1081548, 75.75
JSL, EQ, 21-Nov-2019,39.2,39.2,39.5,38.4, 38.75,38.6,39.05,313464,122.41,1705, 183882, 58.66
JSLHISAR, EQ, 21-Nov-2019,72.3,72.25,73.65,70.55, 71.75,71.1,72.12,56032,40.41,1678, 21966, 39.20
JSWENERGY, EQ, 21-Nov-2019,71.75,71.75,72.5,70.1, 70.65,70.15,71.09,368822,262.18,2239, 210811, 57.16
JSWHL, EQ, 21-Nov-2019,2246.9,2224.45,2260.0,2210.0, 2235.00,2256.2,2240.7,919,20.59,233, 674, 73.34
JSWSTEEL, EQ, 21-Nov-2019,248.7,248.0,248.95,244.15, 245.30,245.25,246.47,3840421,9465.47,24764, 852766, 22.21
JTEKTINDIA, EQ, 21-Nov-2019,85.25,86.0,86.95,84.75, 85.10,85.05,85.49,50460,43.14,1311, 32837, 65.08
JUBILANT, EQ, 21-Nov-2019,503.55,544.8,544.8,518.0, 524.50,524.4,526.87,710310,3742.44,19337, 166749, 23.48
JUBLFOOD, EQ, 21-Nov-2019,1590.9,1580.1,1614.8,1559.1, 1590.20,1591.15,1592.36,947763,15091.83,31432, 336350, 35.49
JUBLINDS, EQ, 21-Nov-2019,103.4,104.45,107.1,104.45, 104.65,104.95,105.25,4422,4.65,186, 2723, 61.58
JUMPNET, EQ, 21-Nov-2019,72.2,71.9,72.9,68.5, 68.80,69.25,69.65,792361,551.91,1405, 433302, 54.68
JUNIORBEES, EQ, 21-Nov-2019,293.26,295.8,295.8,290.51, 290.61,291.38,292.8,134152,392.79,881, 83113, 61.95
JUSTDIAL, EQ, 21-Nov-2019,563.4,561.9,562.0,544.1, 548.00,547.85,552.1,2368822,13078.21,41377, 363395, 15.34
JYOTHYLAB, EQ, 21-Nov-2019,180.2,180.0,181.1,177.0, 177.50,177.75,178.66,66798,119.34,1419, 34618, 51.82
KABRAEXTRU, EQ, 21-Nov-2019,64.7,65.95,65.95,63.35, 64.00,64.0,63.98,6567,4.2,109, 5098, 77.63
KAJARIACER, EQ, 21-Nov-2019,525.45,521.0,523.6,514.1, 520.00,520.1,518.07,142399,737.73,16928, 92501, 64.96
KAKATCEM, EQ, 21-Nov-2019,151.7,154.0,154.0,149.05, 149.10,150.15,151.14,3600,5.44,255, 2364, 65.67
KALPATPOWR, EQ, 21-Nov-2019,449.8,451.0,464.7,446.05, 460.00,459.2,456.07,60962,278.03,2051, 32825, 53.85
KAMATHOTEL, EQ, 21-Nov-2019,35.15,35.2,35.2,33.95, 34.35,34.05,34.23,53400,18.28,300, 44219, 82.81
KAMDHENU, EQ, 21-Nov-2019,97.85,98.7,99.65,97.0, 98.65,98.15,98.63,3471,3.42,131, 2733, 78.74
KANANIIND, EQ, 21-Nov-2019,3.1,2.85,3.2,2.85, 2.90,2.9,2.96,4651,0.14,10, 2640, 56.76
KANORICHEM, EQ, 21-Nov-2019,38.85,39.0,39.65,38.95, 39.10,39.1,39.14,10337,4.05,110, 9288, 89.85
KANSAINER, EQ, 21-Nov-2019,540.55,540.0,542.2,533.0, 533.00,533.95,534.97,146746,785.05,4291, 118914, 81.03
KARDA, EQ, 21-Nov-2019,147.1,149.0,164.7,148.45, 151.50,150.35,153.73,76825,118.1,2047, 31555, 41.07
KARMAENG, EQ, 21-Nov-2019,10.75,10.75,10.75,10.25, 10.25,10.25,10.25,212,0.02,4, 212, 100.00
KARURVYSYA, EQ, 21-Nov-2019,56.75,57.4,57.9,56.25, 57.50,57.65,57.19,871986,498.72,4445, 627598, 71.97
KAYA, EQ, 21-Nov-2019,363.6,363.95,367.9,351.2, 354.90,354.15,360.13,9080,32.7,735, 5101, 56.18
KCP, EQ, 21-Nov-2019,63.9,64.0,65.05,61.9, 62.05,62.2,62.92,73827,46.46,560, 58736, 79.56
KCPSUGIND, EQ, 21-Nov-2019,13.3,13.35,13.35,13.05, 13.25,13.2,13.17,64343,8.47,182, 32438, 50.41
KDDL, EQ, 21-Nov-2019,334.15,338.4,339.9,328.0, 339.70,335.2,338.96,1230,4.17,66, 1073, 87.24
KEC, EQ, 21-Nov-2019,279.25,279.15,294.5,276.0, 279.70,278.5,288.11,1074702,3096.28,14125, 225052, 20.94
KEI, EQ, 21-Nov-2019,532.85,535.0,535.0,515.0, 519.00,520.1,528.12,105742,558.44,6384, 80572, 76.20
KELLTONTEC, EQ, 21-Nov-2019,16.1,16.55,16.9,15.8, 16.10,16.1,16.52,89916,14.85,323, 41623, 46.29
KENNAMET, EQ, 21-Nov-2019,998.6,990.95,1010.0,964.25, 1001.55,1002.45,983.7,20611,202.75,5090, 11303, 54.84
KESARENT, EQ, 21-Nov-2019,29.0,30.0,30.0,28.15, 29.00,28.45,29.13,2179,0.63,45, 1263, 57.96
KESORAMIND, EQ, 21-Nov-2019,59.35,59.35,61.35,58.65, 60.80,60.55,59.85,211936,126.83,1796, 78123, 36.86
KHADIM, EQ, 21-Nov-2019,184.75,185.1,195.0,184.55, 189.00,189.4,189.05,78957,149.27,3669, 41348, 52.37
KICL, EQ, 21-Nov-2019,1591.15,1596.05,1596.05,1551.0, 1551.00,1554.0,1563.08,415,6.49,164, 180, 43.37
KILITCH, EQ, 21-Nov-2019,119.3,118.55,121.7,116.35, 117.35,117.3,118.78,16433,19.52,562, 6013, 36.59
KINGFA, EQ, 21-Nov-2019,615.3,618.0,622.55,608.0, 615.00,614.95,614.68,3505,21.54,239, 2494, 71.16
KIOCL, EQ, 21-Nov-2019,120.6,122.9,128.0,119.05, 120.15,120.45,123.73,225148,278.58,4151, 50161, 22.28
KIRIINDUS, EQ, 21-Nov-2019,382.05,382.0,384.9,380.0, 380.00,380.05,380.61,58874,224.08,1390, 29750, 50.53
KIRLFER, EQ, 21-Nov-2019,60.55,60.2,62.5,60.2, 61.00,61.05,61.2,2318,1.42,36, 1887, 81.41
KIRLOSBROS, EQ, 21-Nov-2019,136.5,136.5,143.0,136.25, 142.35,142.2,141.04,26330,37.14,982, 18239, 69.27
KIRLOSENG, EQ, 21-Nov-2019,162.0,162.05,164.5,161.0, 162.05,161.95,162.6,14049,22.84,564, 8206, 58.41
KIRLOSIND, EQ, 21-Nov-2019,639.75,640.0,653.5,625.7, 630.00,631.4,635.63,544,3.46,75, 348, 63.97
KITEX, EQ, 21-Nov-2019,100.45,100.1,100.75,97.4, 97.45,97.95,98.78,60256,59.52,926, 32775, 54.39
KKCL, EQ, 21-Nov-2019,969.0,970.0,970.0,959.95, 970.00,970.0,961.33,757,7.28,51, 731, 96.57
KMSUGAR, EQ, 21-Nov-2019,6.35,6.4,6.7,6.25, 6.70,6.35,6.34,142345,9.02,213, 75011, 52.70
KNRCON, EQ, 21-Nov-2019,241.35,256.5,288.0,248.0, 248.00,250.3,264.12,1444638,3815.53,34384, 390928, 27.06
KOKUYOCMLN, EQ, 21-Nov-2019,74.4,73.5,74.95,72.1, 72.15,72.35,73.02,15011,10.96,324, 9801, 65.29
KOLTEPATIL, EQ, 21-Nov-2019,235.05,234.7,239.95,228.1, 228.95,229.4,234.43,38132,89.39,2132, 17867, 46.86
KOPRAN, EQ, 21-Nov-2019,32.15,32.15,34.8,30.65, 33.55,33.6,33.45,360425,120.57,2800, 134110, 37.21
KOTAKBANK, EQ, 21-Nov-2019,1599.45,1603.45,1604.9,1587.5, 1595.15,1595.25,1593.89,1673814,26678.76,72443, 842043, 50.31
KOTAKBKETF, EQ, 21-Nov-2019,321.81,328.2,328.2,319.26, 320.68,320.32,320.77,81786,262.34,282, 48861, 59.74
KOTAKGOLD, EQ, 21-Nov-2019,337.9,339.9,339.9,336.0, 336.00,336.25,336.77,8981,30.25,369, 5227, 58.20
KOTAKNIFTY, EQ, 21-Nov-2019,123.78,124.0,124.4,122.15, 124.01,123.9,123.82,43621,54.01,263, 20927, 47.97
KOTAKNV20, EQ, 21-Nov-2019,58.35,58.96,59.0,58.05, 58.21,58.06,58.27,15758,9.18,86, 14321, 90.88
KOTAKPSUBK, EQ, 21-Nov-2019,255.41,257.9,259.5,255.45, 255.55,255.87,257.18,4947,12.72,92, 2156, 43.58
KOTARISUG, EQ, 21-Nov-2019,10.4,10.55,10.55,10.2, 10.35,10.35,10.31,8813,0.91,39, 7612, 86.37
KOTHARIPET, EQ, 21-Nov-2019,16.1,16.15,16.5,16.0, 16.50,16.3,16.31,391,0.06,10, 270, 69.05
KOTHARIPRO, EQ, 21-Nov-2019,60.45,59.0,60.95,58.65, 58.85,59.55,59.59,3131,1.87,306, 1975, 63.08
KPITTECH, EQ, 21-Nov-2019,97.8,97.05,100.0,96.0, 99.00,98.7,98.48,370101,364.47,8527, 218233, 58.97
KPRMILL, EQ, 21-Nov-2019,670.4,679.0,679.0,661.05, 665.00,662.75,666.78,8674,57.84,668, 4996, 57.60
KRBL, EQ, 21-Nov-2019,189.2,190.65,204.4,187.0, 201.80,200.3,198.8,247052,491.15,6187, 93805, 37.97
KREBSBIO, EQ, 21-Nov-2019,88.3,88.0,88.0,86.6, 86.60,86.6,87.23,474,0.41,8, 463, 97.68
KRISHANA, EQ, 21-Nov-2019,55.95,56.9,56.9,47.65, 52.95,48.15,51.06,1261,0.64,16, 1060, 84.06
KSB, EQ, 21-Nov-2019,688.1,681.0,687.0,675.0, 677.00,678.25,679.94,5207,35.4,354, 3843, 73.80
KSCL, EQ, 21-Nov-2019,532.05,516.3,516.3,492.75, 495.90,496.8,503.28,159759,804.03,5459, 58718, 36.75
KSK, EQ, 21-Nov-2019,0.65,0.65,0.65,0.6, 0.60,0.6,0.61,637864,3.87,218, 461022, 72.28
KSL, EQ, 21-Nov-2019,215.45,217.0,217.5,210.1, 214.00,212.05,213.08,33639,71.68,929, 21208, 63.05
KTIL, EQ, 21-Nov-2019,30.6,30.9,30.9,30.0, 30.25,30.1,30.16,9668,2.92,137, 6316, 65.33
KTKBANK, EQ, 21-Nov-2019,74.65,74.65,74.9,73.55, 73.90,73.75,74.11,652868,483.85,3981, 374093, 57.30
KUANTUM, EQ, 21-Nov-2019,463.2,446.0,495.0,446.0, 455.00,457.85,459.75,353,1.62,19, 219, 62.04
L&TFH, EQ, 21-Nov-2019,99.05,99.2,99.4,95.6, 95.70,95.9,97.23,6967796,6774.98,24794, 1796457, 25.78
LAKSHVILAS, EQ, 21-Nov-2019,19.2,19.7,20.15,19.25, 20.15,20.15,19.93,1189044,236.95,1784, 956252, 80.42
LALPATHLAB, EQ, 21-Nov-2019,1594.95,1598.0,1617.0,1575.0, 1579.00,1581.2,1595.0,63271,1009.17,9557, 24507, 38.73
LAMBODHARA, EQ, 21-Nov-2019,31.95,31.75,32.8,31.35, 32.00,32.35,31.93,3340,1.07,98, 2155, 64.52
LAOPALA, EQ, 21-Nov-2019,142.0,142.95,144.85,139.05, 140.00,141.5,140.15,613079,859.26,1509, 574395, 93.69
LAURUSLABS, EQ, 21-Nov-2019,338.85,338.4,341.25,326.6, 333.85,332.95,334.3,204826,684.74,1933, 181622, 88.67
LAXMIMACH, EQ, 21-Nov-2019,3379.2,3355.05,3368.05,3312.05, 3340.00,3320.65,3329.54,4706,156.69,1565, 3351, 71.21
LEMONTREE, EQ, 21-Nov-2019,59.3,59.5,59.7,58.55, 58.65,58.85,59.19,367686,217.62,3097, 229604, 62.45
LFIC, EQ, 21-Nov-2019,55.0,54.5,55.0,54.5, 55.00,55.0,54.75,100,0.05,3, 100, 100.00
LGBBROSLTD, EQ, 21-Nov-2019,271.15,271.1,280.0,266.1, 271.00,271.5,273.28,4358,11.91,523, 2020, 46.35
LGBFORGE, EQ, 21-Nov-2019,2.35,2.25,2.35,2.25, 2.35,2.3,2.29,24548,0.56,41, 16541, 67.38
LIBAS, EQ, 21-Nov-2019,54.25,55.0,55.0,48.85, 50.20,49.9,50.02,6901,3.45,58, 5022, 72.77
LIBERTSHOE, EQ, 21-Nov-2019,126.85,127.4,128.6,124.5, 125.75,125.05,126.65,91772,116.23,1536, 34854, 37.98
LICHSGFIN, EQ, 21-Nov-2019,417.85,417.6,422.25,412.0, 412.40,412.75,416.1,1518878,6320.05,25389, 535947, 35.29
LICNETFGSC, EQ, 21-Nov-2019,20.74,20.6,21.0,20.59, 20.71,20.7,20.73,2044,0.42,49, 1366, 66.83
LICNETFN50, EQ, 21-Nov-2019,122.26,124.99,124.99,122.32, 122.32,122.32,124.04,14,0.02,5, 5, 35.71
LICNFNHGP, EQ, 21-Nov-2019,128.25,127.0,127.0,127.0, 127.00,127.0,127.0,4,0.01,1, 4, 100.00
LINCOLN, EQ, 21-Nov-2019,186.75,184.8,186.0,177.15, 178.20,178.85,182.59,45812,83.65,1602, 21643, 47.24
LINCPEN, EQ, 21-Nov-2019,179.0,188.75,202.0,180.0, 200.00,195.5,189.16,5052,9.56,248, 4607, 91.19
LINDEINDIA, EQ, 21-Nov-2019,653.3,653.0,658.95,624.0, 628.15,628.2,633.93,135274,857.54,6113, 73092, 54.03
LIQUIDBEES, EQ, 21-Nov-2019,999.99,1000.0,1000.01,999.7, 1000.00,999.99,1000.0,1175366,11753.64,2565, 744183, 63.32
LIQUIDETF, EQ, 21-Nov-2019,999.99,999.99,1000.01,999.99, 999.99,1000.0,1000.0,6039,60.39,182, 4644, 76.90
LOKESHMACH, EQ, 21-Nov-2019,34.95,34.55,36.0,34.45, 35.85,35.3,35.16,7342,2.58,59, 6169, 84.02
LOTUSEYE, EQ, 21-Nov-2019,21.75,21.4,21.9,21.0, 21.90,21.55,21.33,2694,0.57,29, 2192, 81.37
LOVABLE, EQ, 21-Nov-2019,62.55,62.9,63.85,62.2, 63.00,62.8,63.0,4734,2.98,228, 2946, 62.23
LSIL, EQ, 21-Nov-2019,0.45,0.5,0.5,0.45, 0.50,0.5,0.49,1462052,7.23,191, 1265868, 86.58
LT, EQ, 21-Nov-2019,1380.8,1405.0,1417.9,1385.0, 1392.50,1392.7,1403.47,5719318,80268.68,158740, 2021504, 35.35
LTI, EQ, 21-Nov-2019,1728.4,1728.0,1732.4,1688.6, 1689.00,1691.8,1698.06,168057,2853.71,10391, 143592, 85.44
LTTS, EQ, 21-Nov-2019,1437.0,1447.5,1450.0,1421.5, 1448.00,1441.0,1432.71,133262,1909.25,17762, 95519, 71.68
LUMAXIND, EQ, 21-Nov-2019,1216.45,1231.0,1241.55,1201.65, 1225.00,1224.4,1222.48,4378,53.52,425, 3595, 82.12
LUMAXTECH, EQ, 21-Nov-2019,97.45,97.85,101.0,97.65, 100.05,100.1,99.78,35774,35.7,691, 20882, 58.37
LUPIN, EQ, 21-Nov-2019,777.85,783.95,787.95,768.7, 770.10,771.0,779.04,1846584,14385.68,36871, 301377, 16.32
LUXIND, EQ, 21-Nov-2019,1324.7,1337.6,1339.0,1301.3, 1307.00,1312.4,1315.83,44203,581.64,1014, 3582, 8.10
LYKALABS, EQ, 21-Nov-2019,17.35,17.9,18.0,17.1, 17.30,17.4,17.4,4476,0.78,170, 2934, 65.55
LYPSAGEMS, EQ, 21-Nov-2019,4.0,4.3,4.3,3.75, 3.90,3.9,3.93,3165,0.12,29, 2203, 69.61
M&M, EQ, 21-Nov-2019,560.45,560.5,562.65,550.2, 550.90,551.8,554.81,3346254,18565.32,48636, 1709428, 51.08
M&MFIN, EQ, 21-Nov-2019,329.3,330.75,333.3,326.1, 327.50,328.6,330.16,1001649,3307.07,22470, 386861, 38.62
M100, EQ, 21-Nov-2019,17.69,17.8,17.9,17.57, 17.82,17.81,17.84,16802,3.0,103, 10463, 62.27
M50, EQ, 21-Nov-2019,117.2,117.53,117.69,117.49, 117.49,117.49,117.6,94,0.11,4, 94, 100.00
MAANALU, EQ, 21-Nov-2019,60.25,60.5,61.5,60.25, 60.45,60.45,60.62,2032,1.23,49, 1310, 64.47
MADHAV, EQ, 21-Nov-2019,23.1,24.65,24.65,23.1, 23.30,23.3,23.6,1603,0.38,40, 1034, 64.50
MADHUCON, EQ, 21-Nov-2019,4.3,4.2,4.5,4.1, 4.25,4.25,4.23,49228,2.08,1831, 36291, 73.72
MADRASFERT, EQ, 21-Nov-2019,19.95,19.75,19.95,19.5, 19.60,19.6,19.69,87823,17.3,383, 53647, 61.09
MAGADSUGAR, EQ, 21-Nov-2019,99.5,99.0,100.5,98.2, 98.20,98.4,99.42,10631,10.57,129, 6403, 60.23
MAGMA, EQ, 21-Nov-2019,37.25,38.4,39.1,35.75, 39.10,39.05,38.98,1229087,479.12,3670, 1084566, 88.24
MAHABANK, EQ, 21-Nov-2019,12.8,12.9,13.0,12.3, 12.65,12.65,12.72,624784,79.45,1431, 310883, 49.76
MAHASTEEL, EQ, 21-Nov-2019,155.4,156.6,156.6,144.15, 149.00,151.2,151.23,7603,11.5,261, 5172, 68.03
MAHESHWARI, EQ, 21-Nov-2019,233.35,238.5,238.5,228.0, 237.95,234.9,234.43,14413,33.79,204, 213, 1.48
MAHINDCIE, EQ, 21-Nov-2019,144.15,144.25,147.4,142.65, 146.15,146.8,145.42,57638,83.82,1609, 35945, 62.36
MAHLIFE, EQ, 21-Nov-2019,387.65,385.75,390.0,380.0, 385.10,386.15,381.56,74253,283.32,1136, 65816, 88.64
MAHLOG, EQ, 21-Nov-2019,394.55,394.55,397.7,392.1, 395.00,394.7,395.38,8806,34.82,1137, 6077, 69.01
MAHSCOOTER, EQ, 21-Nov-2019,4811.05,4848.3,4850.0,4753.0, 4755.00,4771.7,4801.6,3341,160.42,635, 2911, 87.13
MAHSEAMLES, EQ, 21-Nov-2019,379.1,379.85,379.85,375.1, 377.00,377.35,376.94,8936,33.68,359, 7898, 88.38
MAITHANALL, EQ, 21-Nov-2019,457.25,458.25,474.0,454.95, 464.90,463.55,460.9,42598,196.33,1877, 29579, 69.44
MAJESCO, EQ, 21-Nov-2019,413.2,413.95,451.95,412.5, 434.75,436.6,434.7,134727,585.66,6690, 29674, 22.03
MALUPAPER, EQ, 21-Nov-2019,23.0,23.8,23.8,21.9, 22.00,22.1,22.68,17526,3.97,192, 10991, 62.71
MAN50ETF, EQ, 21-Nov-2019,121.6,121.55,121.55,121.55, 121.55,121.55,121.55,7,0.01,1, 7, 100.00
MANAKALUCO, EQ, 21-Nov-2019,4.75,4.45,4.8,4.1, 4.65,4.65,4.5,8896,0.4,44, 5219, 58.67
MANAKCOAT, EQ, 21-Nov-2019,3.85,3.85,3.85,3.85, 3.85,3.85,3.85,410,0.02,6, 410, 100.00
MANAKSIA, EQ, 21-Nov-2019,36.45,34.4,36.1,33.8, 33.80,34.3,35.08,22609,7.93,691, 15422, 68.21
MANAKSTEEL, EQ, 21-Nov-2019,9.7,9.8,9.8,9.25, 9.75,9.4,9.55,4122,0.39,75, 3633, 88.14
MANALIPETC, EQ, 21-Nov-2019,16.45,16.3,16.6,16.3, 16.35,16.35,16.44,130259,21.42,618, 110822, 85.08
MANAPPURAM, EQ, 21-Nov-2019,166.25,167.2,168.8,161.0, 162.00,161.85,164.43,2805624,4613.36,17602, 655612, 23.37
MANGCHEFER, EQ, 21-Nov-2019,29.05,29.0,29.0,27.75, 27.85,27.85,28.34,41871,11.86,324, 32618, 77.90
MANGLMCEM, EQ, 21-Nov-2019,289.3,297.0,297.0,281.55, 285.00,284.35,286.36,18426,52.76,1160, 5949, 32.29
MANINDS, EQ, 21-Nov-2019,42.1,43.8,45.3,42.75, 43.00,43.15,43.89,72097,31.65,1320, 32599, 45.22
MANINFRA, EQ, 21-Nov-2019,22.9,26.85,26.85,25.05, 25.30,25.35,25.73,748050,192.5,3841, 297123, 39.72
MANUGRAPH, EQ, 21-Nov-2019,13.05,13.5,13.5,12.65, 13.40,13.35,13.14,7586,1.0,52, 5614, 74.00
MARALOVER, EQ, 21-Nov-2019,14.75,14.75,15.2,14.25, 14.25,14.55,14.63,27881,4.08,267, 15671, 56.21
MARATHON, EQ, 21-Nov-2019,72.5,73.95,75.35,73.0, 73.00,73.15,73.78,2802,2.07,53, 1373, 49.00
MARICO, EQ, 21-Nov-2019,355.35,356.9,359.25,353.05, 356.40,356.85,357.18,1219942,4357.4,26048, 731866, 59.99
MARKSANS, EQ, 21-Nov-2019,15.35,15.15,15.4,14.9, 14.95,15.0,15.14,1063731,161.1,2451, 265947, 25.00
MARUTI, EQ, 21-Nov-2019,7152.75,7150.0,7200.0,7004.8, 7017.00,7019.05,7106.45,763454,54254.45,67829, 233687, 30.61
MASFIN, EQ, 21-Nov-2019,724.5,729.3,729.5,715.9, 715.90,721.65,723.51,5103,36.92,505, 3185, 62.41
MASTEK, EQ, 21-Nov-2019,324.85,322.0,387.0,322.0, 358.60,361.2,368.05,1267439,4664.87,39145, 156028, 12.31
MATRIMONY, EQ, 21-Nov-2019,478.95,478.0,478.95,466.0, 466.00,466.8,471.61,1033,4.87,172, 421, 40.76
MAWANASUG, EQ, 21-Nov-2019,32.8,33.45,34.25,32.3, 33.00,33.0,33.53,78231,26.23,535, 21403, 27.36
MAXINDIA, EQ, 21-Nov-2019,79.5,79.95,82.0,78.9, 79.85,79.9,80.54,211882,170.65,2974, 141801, 66.92
MAXVIL, EQ, 21-Nov-2019,37.85,38.2,42.6,37.35, 42.00,41.75,41.28,352760,145.61,2407, 209211, 59.31
MAYURUNIQ, EQ, 21-Nov-2019,224.15,224.15,226.0,220.35, 222.00,221.5,222.81,5100,11.36,445, 2784, 54.59
MAZDA, EQ, 21-Nov-2019,389.4,394.5,397.6,380.0, 384.55,383.75,388.05,10068,39.07,291, 3939, 39.12
MBAPL, EQ, 21-Nov-2019,73.25,70.0,70.0,65.0, 68.90,68.9,67.22,7186,4.83,29, 7177, 99.87
MCDHOLDING, EQ, 21-Nov-2019,17.55,17.6,18.05,17.45, 17.50,17.6,17.73,8588,1.52,72, 6315, 73.53
MCDOWELL-N, EQ, 21-Nov-2019,611.6,612.1,617.55,607.05, 609.80,610.6,613.04,837443,5133.85,20379, 396228, 47.31
MCLEODRUSS, EQ, 21-Nov-2019,7.4,7.15,7.35,7.05, 7.05,7.05,7.09,569744,40.38,350, 375608, 65.93
MCX, EQ, 21-Nov-2019,1157.25,1159.0,1168.75,1135.0, 1150.00,1145.7,1151.58,242481,2792.37,15125, 87656, 36.15
MEGASOFT, EQ, 21-Nov-2019,7.0,7.0,7.1,6.85, 6.90,6.9,6.95,9912,0.69,27, 6607, 66.66
MEGH, EQ, 21-Nov-2019,52.4,52.05,53.45,51.85, 52.30,52.15,52.33,307959,161.15,1659, 150812, 48.97
MENONBE, EQ, 21-Nov-2019,55.05,55.4,56.95,54.15, 54.45,54.85,54.82,6272,3.44,179, 4397, 70.11
MEP, EQ, 21-Nov-2019,35.7,36.95,40.0,35.75, 37.85,38.75,38.28,1710379,654.71,4412, 1097226, 64.15
METROPOLIS, EQ, 21-Nov-2019,1435.7,1445.25,1447.9,1425.0, 1440.00,1438.9,1438.65,25655,369.09,3830, 17971, 70.05
MFSL, EQ, 21-Nov-2019,506.85,509.1,521.1,500.25, 507.00,507.1,511.32,2729272,13955.43,40040, 502978, 18.43
MGL, EQ, 21-Nov-2019,1035.35,1037.95,1052.25,1025.5, 1041.95,1042.2,1043.01,558371,5823.87,16944, 105353, 18.87
MHRIL, EQ, 21-Nov-2019,220.0,219.8,222.2,215.05, 216.70,216.3,217.45,43255,94.06,945, 29764, 68.81
MIDHANI, EQ, 21-Nov-2019,171.75,171.5,173.4,166.15, 168.00,167.9,169.84,285317,484.58,3894, 125483, 43.98
MINDACORP, EQ, 21-Nov-2019,93.95,95.25,95.25,93.0, 93.50,93.3,93.81,51160,47.99,847, 28746, 56.19
MINDAIND, EQ, 21-Nov-2019,344.15,345.0,359.8,343.75, 355.00,351.9,351.86,325802,1146.37,4179, 255182, 78.32
MINDTECK, EQ, 21-Nov-2019,29.6,32.0,32.0,29.1, 29.70,29.5,29.64,4204,1.25,95, 2727, 64.87
MINDTREE, EQ, 21-Nov-2019,716.25,717.0,722.25,708.0, 708.80,710.15,714.68,245066,1751.45,8642, 82056, 33.48
MIRCELECTR, EQ, 21-Nov-2019,7.45,7.45,7.7,7.25, 7.40,7.4,7.5,54245,4.07,274, 37183, 68.55
MIRZAINT, EQ, 21-Nov-2019,56.15,56.35,56.5,55.25, 55.50,55.45,55.93,92752,51.87,980, 46780, 50.44
MMFL, EQ, 21-Nov-2019,383.05,394.8,394.85,376.0, 376.00,376.7,380.02,442,1.68,63, 232, 52.49
MMTC, EQ, 21-Nov-2019,18.9,19.0,19.0,18.15, 18.20,18.2,18.43,852881,157.2,1998, 404236, 47.40
MOHOTAIND, EQ, 21-Nov-2019,6.7,7.0,7.0,6.55, 7.00,7.0,6.93,11459,0.79,137, 7621, 66.51
MOIL, EQ, 21-Nov-2019,142.8,142.8,143.6,142.3, 143.30,143.05,142.93,195698,279.7,1728, 147225, 75.23
MOLDTECH, EQ, 21-Nov-2019,48.95,50.6,53.6,48.3, 50.90,51.85,50.72,38299,19.43,214, 33939, 88.62
MOLDTKPAC, EQ, 21-Nov-2019,282.8,285.95,288.8,282.05, 286.00,283.95,285.01,14966,42.65,739, 9254, 61.83
MONTECARLO, EQ, 21-Nov-2019,253.6,256.05,258.95,253.1, 258.35,257.0,256.11,7408,18.97,414, 4346, 58.67
MORARJEE, EQ, 21-Nov-2019,13.25,13.25,14.25,13.25, 13.40,13.4,13.54,508,0.07,34, 455, 89.57
MOREPENLAB, EQ, 21-Nov-2019,16.55,16.5,17.4,16.1, 17.10,16.95,16.89,1208008,204.07,3118, 530833, 43.94
MOTHERSUMI, EQ, 21-Nov-2019,132.3,132.2,132.2,121.4, 123.25,122.3,124.94,16054009,20058.64,80915, 7412281, 46.17
MOTILALOFS, EQ, 21-Nov-2019,737.6,735.1,763.7,729.4, 746.90,745.45,751.62,359449,2701.7,8551, 197701, 55.00
MOTOGENFIN, EQ, 21-Nov-2019,33.95,35.6,35.6,33.9, 35.35,34.25,34.57,4732,1.64,46, 673, 14.22
MPHASIS, EQ, 21-Nov-2019,910.6,906.0,910.0,881.7, 887.50,890.15,892.43,114983,1026.14,12046, 76171, 66.25
MPSLTD, EQ, 21-Nov-2019,484.95,485.0,489.85,460.5, 465.50,464.2,469.75,16095,75.61,1275, 10234, 63.58
MRF, EQ, 21-Nov-2019,63058.45,63100.0,63430.2,62446.2, 62548.70,62546.5,62864.1,3752,2358.66,2392, 1195, 31.85
MRPL, EQ, 21-Nov-2019,48.5,48.3,48.5,47.4, 47.45,47.55,47.82,139644,66.78,1094, 82243, 58.89
MSPL, EQ, 21-Nov-2019,5.3,5.05,5.5,5.05, 5.20,5.2,5.15,2320,0.12,15, 1245, 53.66
MSTCLTD, EQ, 21-Nov-2019,158.5,158.1,159.8,151.75, 153.00,152.9,155.25,179027,277.94,3217, 88251, 49.29
MTEDUCARE, EQ, 21-Nov-2019,17.8,18.25,18.65,16.95, 16.95,17.05,17.75,117842,20.92,331, 95626, 81.15
MUKANDENGG, EQ, 21-Nov-2019,11.3,13.55,13.55,13.4, 13.55,13.55,13.55,73419,9.95,208, 38924, 53.02
MUKANDLTD, EQ, 21-Nov-2019,31.0,31.0,31.85,28.75, 28.90,29.1,30.05,83056,24.96,523, 68300, 82.23
MUKTAARTS, EQ, 21-Nov-2019,37.85,37.65,38.35,37.5, 37.90,37.75,37.93,7698,2.92,113, 5212, 67.71
MUNJALAU, EQ, 21-Nov-2019,45.55,45.05,46.0,44.35, 44.65,44.7,45.21,126832,57.34,1625, 57585, 45.40
MUNJALSHOW, EQ, 21-Nov-2019,126.7,126.5,127.55,125.55, 125.55,125.9,126.55,4042,5.11,162, 2552, 63.14
MURUDCERA, EQ, 21-Nov-2019,16.3,16.35,16.75,16.05, 16.35,16.35,16.4,22678,3.72,157, 16678, 73.54
MUTHOOTCAP, EQ, 21-Nov-2019,453.35,450.6,459.9,445.0, 458.00,451.35,451.79,5658,25.56,351, 3690, 65.22
MUTHOOTFIN, EQ, 21-Nov-2019,696.4,696.15,704.2,685.2, 687.20,687.1,694.29,1183967,8220.13,54303, 638019, 53.89
N100, EQ, 21-Nov-2019,587.37,599.1,599.99,570.0, 584.90,584.32,580.85,6739,39.14,340, 5563, 82.55
NACLIND, EQ, 21-Nov-2019,27.05,27.05,27.3,26.5, 27.30,26.9,26.74,26973,7.21,114, 19008, 70.47
NAGREEKEXP, EQ, 21-Nov-2019,13.8,13.8,14.45,12.7, 13.80,13.3,13.38,2981,0.4,75, 2772, 92.99
NAHARCAP, EQ, 21-Nov-2019,72.65,73.0,74.0,72.45, 73.00,73.1,73.15,4128,3.02,25, 2416, 58.53
NAHARINDUS, EQ, 21-Nov-2019,22.85,22.15,23.0,22.15, 22.65,22.65,22.73,4293,0.98,107, 3125, 72.79
NAHARPOLY, EQ, 21-Nov-2019,34.3,33.55,34.75,33.55, 34.25,33.8,33.65,6572,2.21,37, 6416, 97.63
NAHARSPING, EQ, 21-Nov-2019,43.55,43.95,44.0,42.85, 43.85,43.25,43.3,7093,3.07,145, 5096, 71.85
NATCOPHARM, EQ, 21-Nov-2019,554.65,557.2,573.0,552.5, 555.50,555.8,557.05,502286,2798.0,4246, 411914, 82.01
NATHBIOGEN, EQ, 21-Nov-2019,325.5,321.8,325.15,309.0, 317.90,313.55,317.21,14113,44.77,549, 10348, 73.32
NATIONALUM, EQ, 21-Nov-2019,42.05,42.2,42.25,41.1, 41.20,41.25,41.54,5152377,2140.36,10190, 1560125, 30.28
NAUKRI, EQ, 21-Nov-2019,2591.2,2607.3,2619.95,2553.0, 2582.00,2576.5,2585.28,343752,8886.96,29496, 177791, 51.72
NAVINFLUOR, EQ, 21-Nov-2019,919.6,910.6,920.15,901.15, 905.00,905.0,908.88,31411,285.49,3802, 18525, 58.98
NAVKARCORP, EQ, 21-Nov-2019,33.0,32.5,33.45,32.25, 32.45,32.6,32.77,105616,34.61,765, 69106, 65.43
NAVNETEDUL, EQ, 21-Nov-2019,99.1,100.05,102.45,100.05, 101.00,100.95,101.23,50166,50.78,2018, 25879, 51.59
NBCC, EQ, 21-Nov-2019,37.3,37.95,38.2,36.7, 37.25,37.3,37.29,18253857,6806.4,35002, 5054779, 27.69
NBIFIN, EQ, 21-Nov-2019,1433.2,1451.0,1490.0,1451.0, 1484.00,1484.0,1482.83,135,2.0,27, 117, 86.67
NBVENTURES, EQ, 21-Nov-2019,64.8,65.05,65.3,63.0, 63.60,63.55,64.13,56994,36.55,805, 39608, 69.50
NCC, EQ, 21-Nov-2019,61.2,67.3,69.45,61.5, 61.90,61.95,64.97,82113420,53351.5,185483, 17074964, 20.79
NCLIND, EQ, 21-Nov-2019,79.95,79.9,80.85,77.5, 77.90,77.9,79.32,216624,171.83,1356, 170110, 78.53
NDL, EQ, 21-Nov-2019,28.9,29.5,29.9,28.45, 28.75,28.6,29.04,17436,5.06,166, 14566, 83.54
NDTV, EQ, 21-Nov-2019,28.1,29.9,29.9,28.0, 28.20,28.65,28.68,27301,7.83,377, 17034, 62.39
NECCLTD, EQ, 21-Nov-2019,5.3,5.35,5.5,5.3, 5.45,5.4,5.41,49749,2.69,87, 44320, 89.09
NECLIFE, EQ, 21-Nov-2019,12.55,12.15,12.85,12.15, 12.60,12.65,12.56,110496,13.88,574, 54164, 49.02
NELCAST, EQ, 21-Nov-2019,42.75,43.05,44.3,42.3, 43.60,43.05,43.19,47176,20.37,544, 20620, 43.71
NELCO, EQ, 21-Nov-2019,240.55,240.45,240.5,230.65, 231.05,231.75,234.37,29249,68.55,1089, 18241, 62.36
NEOGEN, EQ, 21-Nov-2019,375.45,377.35,377.35,363.0, 371.45,367.65,369.03,13736,50.69,796, 9242, 67.28
NESCO, EQ, 21-Nov-2019,631.05,635.85,635.85,615.0, 617.00,616.25,621.28,23386,145.29,1408, 15140, 64.74
NESTLEIND, EQ, 21-Nov-2019,14228.65,14240.0,14280.15,14121.1, 14180.00,14179.45,14201.28,40484,5749.25,13027, 22589, 55.80
NETFCONSUM, EQ, 21-Nov-2019,53.36,53.69,53.69,52.87, 52.87,52.88,53.44,1814,0.97,17, 1213, 66.87
NETFDIVOPP, EQ, 21-Nov-2019,29.51,29.68,29.71,29.34, 29.47,29.47,29.57,30,0.01,5, 29, 96.67
NETFLTGILT, EQ, 21-Nov-2019,20.22,20.2,20.28,20.2, 20.28,20.28,20.26,86429,17.51,18, 86427, 100.00
NETFMID150, EQ, 21-Nov-2019,62.26,62.5,62.66,61.8, 62.10,61.8,62.16,324178,201.52,83, 250447, 77.26
NETFNIF100, EQ, 21-Nov-2019,125.21,125.0,125.21,124.13, 124.13,124.13,124.17,46,0.06,5, 44, 95.65
NETFNV20, EQ, 21-Nov-2019,580.69,580.0,586.06,579.01, 579.01,579.62,581.1,453,2.63,23, 416, 91.83
NETWORK18, EQ, 21-Nov-2019,25.75,25.5,30.5,25.5, 27.70,27.75,28.98,6368790,1845.59,16889, 2083384, 32.71
NEULANDLAB, EQ, 21-Nov-2019,469.6,475.0,475.0,462.2, 462.50,467.1,467.84,12709,59.46,727, 8007, 63.00
NEWGEN, EQ, 21-Nov-2019,174.0,178.9,184.75,172.05, 184.00,182.85,180.41,75475,136.17,1560, 58248, 77.18
NEXTMEDIA, EQ, 21-Nov-2019,10.55,10.5,10.5,10.05, 10.50,10.5,10.31,2317,0.24,10, 706, 30.47
NFL, EQ, 21-Nov-2019,26.8,26.65,26.95,26.25, 26.35,26.45,26.63,227384,60.56,872, 115950, 50.99
NH, EQ, 21-Nov-2019,296.1,295.0,304.45,295.0, 300.25,300.05,300.67,87071,261.79,2814, 39856, 45.77
NHPC, EQ, 21-Nov-2019,23.5,23.65,23.75,23.3, 23.35,23.4,23.49,1272204,298.83,3345, 544370, 42.79
NIACL, EQ, 21-Nov-2019,148.05,148.5,155.45,146.95, 152.95,153.5,152.92,853592,1305.3,12685, 179965, 21.08
NIFTYBEES, EQ, 21-Nov-2019,1268.33,1277.0,1277.0,1264.96, 1265.15,1266.04,1267.47,26955,341.65,920, 19892, 73.80
NIFTYEES, EQ, 21-Nov-2019,14950.0,15000.0,15000.0,15000.0, 15000.00,15000.0,15000.0,1,0.15,1, 1, 100.00
NIITLTD, EQ, 21-Nov-2019,100.85,101.5,103.2,100.5, 102.80,102.7,102.4,458726,469.74,4413, 256419, 55.90
NIITTECH, EQ, 21-Nov-2019,1508.8,1518.0,1525.0,1490.0, 1508.70,1498.7,1509.99,82586,1247.04,3669, 14370, 17.40
NILAINFRA, EQ, 21-Nov-2019,4.95,5.05,5.1,4.85, 4.85,4.9,4.96,187837,9.32,318, 89593, 47.70
NILASPACES, EQ, 21-Nov-2019,1.35,1.3,1.4,1.3, 1.40,1.4,1.38,72608,1.0,55, 52863, 72.81
NILKAMAL, EQ, 21-Nov-2019,1300.1,1295.0,1342.0,1291.1, 1318.25,1317.25,1313.09,12887,169.22,1454, 3701, 28.72
NIPPOBATRY, EQ, 21-Nov-2019,529.3,527.55,535.0,510.5, 515.00,517.4,522.25,1732,9.05,184, 1234, 71.25
NITCO, EQ, 21-Nov-2019,26.25,27.55,27.55,27.55, 27.55,27.55,27.55,28117,7.75,110, 28117, 100.00
NITINSPIN, EQ, 21-Nov-2019,45.6,46.05,47.3,45.0, 46.00,46.15,46.39,20776,9.64,265, 15598, 75.08
NLCINDIA, EQ, 21-Nov-2019,54.2,54.05,54.5,53.1, 53.20,53.7,53.85,384718,207.17,2769, 246071, 63.96
NMDC, EQ, 21-Nov-2019,101.8,102.3,102.3,99.15, 99.70,99.7,100.18,3127691,3133.21,9857, 709749, 22.69
NOCIL, EQ, 21-Nov-2019,103.25,103.25,105.5,102.5, 103.50,103.35,104.26,630289,657.13,5822, 275609, 43.73
NPBET, EQ, 21-Nov-2019,174.77,173.85,175.74,173.85, 174.56,174.56,174.04,137,0.24,5, 135, 98.54
NRAIL, EQ, 21-Nov-2019,207.6,205.05,212.0,204.0, 211.00,206.4,207.29,5523,11.45,830, 1780, 32.23
NRBBEARING, EQ, 21-Nov-2019,97.4,97.0,98.35,96.55, 97.45,96.9,97.21,22155,21.54,515, 11374, 51.34
NSIL, EQ, 21-Nov-2019,804.9,810.0,825.0,779.0, 800.00,800.0,806.83,134,1.08,42, 52, 38.81
NTPC, EQ, 21-Nov-2019,117.05,117.4,117.4,114.8, 114.95,115.3,115.68,15099980,17467.48,95895, 9283648, 61.48
NUCLEUS, EQ, 21-Nov-2019,304.5,302.1,307.95,300.6, 303.60,304.6,304.41,4248,12.93,271, 1994, 46.94
NXTDIGITAL, EQ, 21-Nov-2019,383.1,387.0,401.8,377.3, 401.00,400.15,396.34,4340,17.2,307, 3805, 87.67
OAL, EQ, 21-Nov-2019,196.2,196.2,197.9,194.0, 195.00,195.0,195.92,1835,3.6,19, 1585, 86.38
OBEROIRLTY, EQ, 21-Nov-2019,515.4,516.7,519.5,502.0, 505.15,506.55,507.81,308816,1568.19,7090, 239433, 77.53
OCCL, EQ, 21-Nov-2019,950.05,964.95,964.95,941.35, 959.00,954.75,952.38,4449,42.37,519, 3340, 75.07
OFSS, EQ, 21-Nov-2019,3064.55,3065.0,3065.0,2926.2, 2963.00,2965.2,3000.71,34951,1048.78,6347, 25114, 71.85
OIL, EQ, 21-Nov-2019,158.45,159.95,159.95,154.2, 154.60,155.1,156.79,940039,1473.85,10823, 333130, 35.44
OILCOUNTUB, EQ, 21-Nov-2019,6.0,6.0,6.25,6.0, 6.10,6.1,6.04,7437,0.45,40, 6650, 89.42
OISL, EQ, 21-Nov-2019,3.8,3.8,3.9,3.65, 3.75,3.75,3.75,22336,0.84,90, 15366, 68.79
OLECTRA, EQ, 21-Nov-2019,179.35,178.3,191.5,178.3, 183.00,184.1,185.81,53757,99.88,2015, 21302, 39.63
OMAXAUTO, EQ, 21-Nov-2019,51.95,52.7,53.0,50.0, 52.45,52.15,51.61,11010,5.68,219, 7508, 68.19
OMAXE, EQ, 21-Nov-2019,181.3,183.0,183.0,181.25, 181.25,181.35,181.52,55713,101.13,860, 44236, 79.40
OMMETALS, EQ, 21-Nov-2019,21.0,21.15,21.9,20.5, 20.70,20.8,21.15,57388,12.14,240, 48769, 84.98
ONELIFECAP, EQ, 21-Nov-2019,7.4,7.4,7.4,7.1, 7.35,7.35,7.11,880,0.06,9, 880, 100.00
ONEPOINT, EQ, 21-Nov-2019,11.2,11.2,11.55,11.0, 11.55,11.55,11.2,3054,0.34,9, 3032, 99.28
ONGC, EQ, 21-Nov-2019,133.7,133.7,134.5,130.6, 130.80,131.15,131.66,7946555,10462.14,54779, 3717210, 46.78
ONMOBILE, EQ, 21-Nov-2019,34.5,34.75,36.7,33.5, 34.95,35.0,35.28,323857,114.25,1618, 134670, 41.58
ONWARDTEC, EQ, 21-Nov-2019,68.75,68.8,69.5,64.0, 66.60,68.05,68.53,11832,8.11,153, 10030, 84.77
OPTOCIRCUI, EQ, 21-Nov-2019,3.8,3.9,3.9,3.7, 3.85,3.8,3.83,375229,14.36,303, 277584, 73.98
ORBTEXP, EQ, 21-Nov-2019,83.85,83.0,94.8,83.0, 84.00,84.0,86.3,4536,3.91,519, 1858, 40.96
ORICONENT, EQ, 21-Nov-2019,18.2,18.25,18.85,17.9, 18.60,18.55,18.52,53668,9.94,527, 46519, 86.68
ORIENTABRA, EQ, 21-Nov-2019,17.55,18.35,18.35,17.2, 17.35,17.35,17.48,8160,1.43,132, 5769, 70.70
ORIENTALTL, EQ, 21-Nov-2019,12.05,11.85,11.85,11.45, 11.55,11.5,11.67,10428,1.22,33, 5918, 56.75
ORIENTBANK, EQ, 21-Nov-2019,59.05,59.5,60.0,57.7, 58.00,58.25,58.96,1931121,1138.67,10786, 420544, 21.78
ORIENTBELL, EQ, 21-Nov-2019,125.45,121.0,125.55,120.2, 124.85,124.3,123.44,19637,24.24,579, 9953, 50.68
ORIENTCEM, EQ, 21-Nov-2019,75.3,75.0,77.4,74.0, 75.55,75.85,76.15,74208,56.51,1831, 42058, 56.68
ORIENTELEC, EQ, 21-Nov-2019,186.15,187.8,189.9,185.2, 188.40,188.05,187.65,165612,310.77,2906, 107376, 64.84
ORIENTHOT, EQ, 21-Nov-2019,34.75,34.15,35.5,34.15, 35.30,35.05,34.96,9053,3.16,167, 7649, 84.49
ORIENTLTD, EQ, 21-Nov-2019,97.0,97.55,102.5,91.1, 97.05,94.25,96.71,235,0.23,34, 170, 72.34
ORIENTPPR, EQ, 21-Nov-2019,24.15,24.5,24.5,23.95, 24.00,24.1,24.19,91446,22.12,625, 64478, 70.51
ORIENTREF, EQ, 21-Nov-2019,210.6,210.05,213.35,210.0, 212.00,210.8,211.38,12778,27.01,404, 8083, 63.26
ORISSAMINE, EQ, 21-Nov-2019,1372.35,1382.0,1382.0,1310.0, 1310.00,1319.8,1332.13,10897,145.16,1259, 5581, 51.22
ORTINLABSS, EQ, 21-Nov-2019,8.95,8.95,9.3,8.8, 9.10,9.1,9.1,2223,0.2,28, 2221, 99.91
OSWALAGRO, EQ, 21-Nov-2019,5.3,5.4,5.7,5.2, 5.30,5.35,5.42,10678,0.58,89, 3629, 33.99
PAGEIND, EQ, 21-Nov-2019,23047.55,23004.0,23004.0,22050.0, 22199.05,22180.2,22454.14,31616,7099.1,13408, 16694, 52.80
PAISALO, EQ, 21-Nov-2019,430.2,447.1,449.0,432.3, 434.00,435.25,441.56,11087,48.96,669, 6968, 62.85
PALASHSECU, EQ, 21-Nov-2019,26.9,27.1,31.3,26.2, 27.50,27.5,28.5,3469,0.99,88, 1580, 45.55
PANACEABIO, EQ, 21-Nov-2019,127.55,129.35,131.5,127.0, 127.20,127.5,128.21,15524,19.9,396, 6299, 40.58
PANAMAPET, EQ, 21-Nov-2019,63.2,63.5,69.0,62.8, 65.00,64.9,64.54,97132,62.69,1258, 72896, 75.05
PAPERPROD, EQ, 21-Nov-2019,233.5,233.0,238.1,228.95, 233.55,236.0,233.57,10403,24.3,576, 6115, 58.78
PARACABLES, EQ, 21-Nov-2019,8.6,8.55,8.7,8.3, 8.45,8.35,8.49,56556,4.8,140, 43141, 76.28
PARAGMILK, EQ, 21-Nov-2019,150.25,148.1,150.5,145.0, 147.80,147.1,147.36,158607,233.72,4016, 80093, 50.50
PARSVNATH, EQ, 21-Nov-2019,1.95,1.95,2.0,1.9, 1.95,1.95,1.96,716211,14.06,319, 490445, 68.48
PATELENG, EQ, 21-Nov-2019,15.25,16.0,16.0,15.5, 16.00,16.0,15.92,286357,45.58,646, 239421, 83.61
PATINTLOG, EQ, 21-Nov-2019,22.1,22.75,22.75,21.85, 21.90,21.9,21.97,7452,1.64,57, 6831, 91.67
PATSPINLTD, EQ, 21-Nov-2019,5.25,5.15,5.55,5.05, 5.45,5.25,5.3,5859,0.31,40, 3448, 58.85
PCJEWELLER, EQ, 21-Nov-2019,31.2,31.2,31.45,30.4, 30.60,30.6,30.71,4103124,1259.92,11073, 1506265, 36.71
PDMJEPAPER, EQ, 21-Nov-2019,14.1,14.25,14.4,13.7, 14.35,14.2,14.04,29322,4.12,231, 18061, 61.60
PDSMFL, EQ, 21-Nov-2019,317.75,318.2,318.2,313.0, 315.00,315.0,314.98,9468,29.82,207, 9258, 97.78
PEL, EQ, 21-Nov-2019,1774.3,1774.3,1795.0,1753.75, 1761.60,1764.4,1772.47,585692,10381.22,19304, 79864, 13.64
PENIND, EQ, 21-Nov-2019,28.1,28.15,28.35,27.8, 27.85,27.95,28.11,68407,19.23,374, 44976, 65.75
PENINLAND, EQ, 21-Nov-2019,4.05,4.1,4.25,4.0, 4.20,4.2,4.18,300863,12.59,402, 203145, 67.52
PERSISTENT, EQ, 21-Nov-2019,665.3,665.0,690.0,665.0, 686.55,687.4,682.68,257443,1757.5,11695, 147482, 57.29
PETRONET, EQ, 21-Nov-2019,275.35,277.0,284.35,270.95, 271.80,272.6,279.41,3088117,8628.45,33817, 1362915, 44.13
PFC, EQ, 21-Nov-2019,117.95,117.5,117.7,113.8, 114.85,114.9,115.63,3941839,4557.87,17435, 921682, 23.38
PFIZER, EQ, 21-Nov-2019,4065.55,4087.5,4140.0,4043.0, 4133.00,4128.35,4096.81,44625,1828.2,3664, 32423, 72.66
PFOCUS, EQ, 21-Nov-2019,49.8,48.2,51.0,44.85, 45.85,45.75,47.05,176784,83.17,1198, 104211, 58.95
PFS, EQ, 21-Nov-2019,13.75,13.6,13.85,13.2, 13.30,13.35,13.48,482646,65.08,1137, 309567, 64.14
PGEL, EQ, 21-Nov-2019,38.45,38.9,39.15,37.5, 37.70,37.8,38.22,42723,16.33,569, 29944, 70.09
PGHH, EQ, 21-Nov-2019,11016.65,11020.0,11097.25,10850.0, 10919.00,10925.15,10945.7,2035,222.75,1026, 1097, 53.91
PGHL, EQ, 21-Nov-2019,4273.75,4256.0,4359.0,4250.45, 4280.00,4265.5,4302.9,10987,472.76,2064, 4922, 44.80
PGIL, EQ, 21-Nov-2019,163.6,169.95,170.0,160.2, 162.40,161.1,164.74,8997,14.82,452, 2438, 27.10
PHILIPCARB, EQ, 21-Nov-2019,124.05,124.55,124.8,122.5, 122.80,122.8,123.38,341542,421.38,3394, 146815, 42.99
PHOENIXLTD, EQ, 21-Nov-2019,708.6,712.3,727.75,708.6, 723.50,721.15,719.56,14414,103.72,1368, 9363, 64.96
PIDILITIND, EQ, 21-Nov-2019,1328.1,1330.55,1334.5,1296.0, 1297.85,1299.75,1310.9,494379,6480.81,34652, 310487, 62.80
PIIND, EQ, 21-Nov-2019,1449.05,1454.0,1454.0,1414.45, 1428.00,1428.65,1427.31,116213,1658.72,13707, 80244, 69.05
PILANIINVS, EQ, 21-Nov-2019,1773.65,1794.0,1795.0,1762.0, 1770.00,1768.75,1772.32,3292,58.34,198, 217, 6.59
PILITA, EQ, 21-Nov-2019,5.75,5.85,5.9,5.6, 5.75,5.7,5.76,96647,5.57,176, 61963, 64.11
PIONDIST, EQ, 21-Nov-2019,129.0,128.0,131.8,125.3, 129.90,129.4,128.82,2456,3.16,69, 1322, 53.83
PIONEEREMB, EQ, 21-Nov-2019,22.9,23.25,23.95,22.2, 23.25,23.1,23.14,2498,0.58,286, 1207, 48.32
PITTIENG, EQ, 21-Nov-2019,42.8,43.85,44.5,42.75, 44.40,43.8,43.34,15992,6.93,273, 9649, 60.34
PLASTIBLEN, EQ, 21-Nov-2019,170.5,173.0,174.05,172.0, 173.75,173.0,172.73,2180,3.77,40, 1999, 91.70
PNB, EQ, 21-Nov-2019,63.9,64.0,64.75,63.1, 63.20,63.25,63.91,13725241,8771.82,31472, 1833532, 13.36
PNBGILTS, EQ, 21-Nov-2019,28.15,28.25,28.6,27.65, 27.85,27.75,28.11,100264,28.19,422, 63733, 63.57
PNBHOUSING, EQ, 21-Nov-2019,571.1,572.65,576.05,550.0, 555.40,557.15,560.2,346638,1941.87,10564, 87579, 25.27
PNC, EQ, 21-Nov-2019,14.65,14.7,14.7,13.75, 13.75,14.05,14.3,3622,0.52,44, 2566, 70.84
PNCINFRA, EQ, 21-Nov-2019,190.85,199.05,202.0,189.05, 190.00,192.3,196.21,654006,1283.21,17506, 400419, 61.23
PODDARMENT, EQ, 21-Nov-2019,175.35,175.4,179.15,174.95, 176.00,176.0,176.61,474,0.84,43, 305, 64.35
POKARNA, EQ, 21-Nov-2019,92.5,87.7,101.0,84.2, 96.00,95.1,94.0,396279,372.5,4235, 179136, 45.20
POLYCAB, EQ, 21-Nov-2019,935.85,943.0,951.0,933.0, 949.65,949.45,946.82,233927,2214.88,11199, 112614, 48.14
POLYMED, EQ, 21-Nov-2019,212.15,210.1,215.0,209.0, 210.00,209.85,212.82,16008,34.07,378, 13015, 81.30
POLYPLEX, EQ, 21-Nov-2019,503.45,495.0,497.0,477.0, 481.00,481.4,484.26,52868,256.02,4591, 32200, 60.91
PONNIERODE, EQ, 21-Nov-2019,134.55,134.0,135.4,128.55, 130.00,130.05,131.55,6685,8.79,237, 4742, 70.93
POWERGRID, EQ, 21-Nov-2019,196.1,195.8,196.95,194.0, 196.00,196.3,195.2,6810693,13294.25,40487, 5163395, 75.81
POWERMECH, EQ, 21-Nov-2019,645.1,646.0,658.6,625.5, 626.00,636.55,640.19,10959,70.16,1067, 8399, 76.64
PPAP, EQ, 21-Nov-2019,170.6,173.3,175.0,169.1, 169.50,169.7,170.97,3608,6.17,184, 2877, 79.74
PPL, EQ, 21-Nov-2019,75.15,74.1,78.95,74.1, 74.90,74.8,75.7,19688,14.9,1281, 10627, 53.98
PRABHAT, EQ, 21-Nov-2019,87.4,88.5,88.5,86.95, 87.10,87.65,87.61,63392,55.54,298, 54317, 85.68
PRAENG, EQ, 21-Nov-2019,6.55,6.6,6.85,6.4, 6.45,6.45,6.55,2123,0.14,12, 2122, 99.95
PRAJIND, EQ, 21-Nov-2019,109.45,109.45,111.15,108.3, 108.90,108.75,109.66,479753,526.09,3942, 188785, 39.35
PRAKASH, EQ, 21-Nov-2019,45.9,45.1,46.8,45.1, 45.35,45.45,45.9,268014,123.02,5403, 130927, 48.85
PRECAM, EQ, 21-Nov-2019,37.5,37.05,40.8,36.7, 39.50,39.45,39.53,226612,89.58,2378, 142236, 62.77
PRECOT, EQ, 21-Nov-2019,26.0,26.0,29.0,24.0, 24.65,25.85,25.04,1945,0.49,40, 1842, 94.70
PRECWIRE, EQ, 21-Nov-2019,154.5,158.0,158.0,150.05, 151.50,151.4,152.32,3551,5.41,274, 2319, 65.31
PREMEXPLN, EQ, 21-Nov-2019,151.95,154.9,154.9,150.05, 152.00,152.0,151.66,2354,3.57,87, 1521, 64.61
PREMIERPOL, EQ, 21-Nov-2019,19.15,19.15,19.4,17.55, 17.85,17.85,17.85,210,0.04,32, 109, 51.90
PRESSMN, EQ, 21-Nov-2019,20.05,20.15,20.75,20.1, 20.15,20.15,20.31,3515,0.71,40, 2221, 63.19
PRESTIGE, EQ, 21-Nov-2019,297.45,297.0,300.0,290.1, 292.05,292.4,295.57,65149,192.56,5217, 42219, 64.80
PRICOLLTD, EQ, 21-Nov-2019,34.5,34.2,35.25,33.9, 35.10,35.05,34.83,67509,23.51,490, 58660, 86.89
PRIMESECU, EQ, 21-Nov-2019,46.1,46.6,47.0,45.4, 45.60,45.75,45.93,6084,2.79,91, 4484, 73.70
PRSMJOHNSN, EQ, 21-Nov-2019,67.5,67.4,68.65,66.0, 66.70,66.75,67.49,145303,98.06,2859, 84656, 58.26
PSB, EQ, 21-Nov-2019,20.75,20.95,21.3,19.4, 19.70,19.65,20.26,147042,29.78,660, 71810, 48.84
PSPPROJECT, EQ, 21-Nov-2019,522.5,525.0,534.0,516.2, 530.00,531.05,526.62,18366,96.72,1336, 9303, 50.65
PSUBNKBEES, EQ, 21-Nov-2019,282.04,286.0,290.6,281.4, 285.00,282.31,283.48,34461,97.69,115, 8861, 25.71
PTC, EQ, 21-Nov-2019,56.6,56.35,56.4,55.15, 55.70,55.75,55.78,473172,263.92,3309, 280327, 59.24
PTL, EQ, 21-Nov-2019,35.95,36.95,36.95,35.8, 35.80,35.9,35.98,9779,3.52,68, 8200, 83.85
PUNJABCHEM, EQ, 21-Nov-2019,492.75,489.7,520.0,486.0, 505.00,503.7,502.82,4500,22.63,540, 2975, 66.11
PURVA, EQ, 21-Nov-2019,60.15,60.8,63.5,59.8, 60.00,60.1,61.27,148062,90.72,1628, 45876, 30.98
PVR, EQ, 21-Nov-2019,1769.1,1778.35,1810.0,1762.5, 1800.00,1797.0,1794.28,569621,10220.59,21752, 75856, 13.32
QGOLDHALF, EQ, 21-Nov-2019,1684.05,1683.0,1683.0,1679.0, 1681.00,1681.0,1680.92,740,12.44,62, 569, 76.89
QUESS, EQ, 21-Nov-2019,528.1,530.8,533.0,515.55, 521.00,520.5,522.62,69811,364.85,4083, 31357, 44.92
QUICKHEAL, EQ, 21-Nov-2019,128.85,129.45,129.9,126.0, 126.60,126.5,127.35,147676,188.07,4343, 67502, 45.71
RADICO, EQ, 21-Nov-2019,306.25,309.05,312.0,304.0, 308.00,307.2,308.25,253667,781.94,9491, 130261, 51.35
RADIOCITY, EQ, 21-Nov-2019,27.7,28.6,30.0,28.35, 30.00,29.4,29.13,185734,54.11,1788, 102641, 55.26
RAIN, EQ, 21-Nov-2019,102.45,102.9,105.5,101.1, 102.35,102.3,103.34,630006,651.07,4560, 257540, 40.88
RAJESHEXPO, EQ, 21-Nov-2019,698.5,698.5,712.0,697.5, 712.00,707.7,703.93,244931,1724.14,4471, 38856, 15.86
RAJSREESUG, EQ, 21-Nov-2019,16.65,16.1,17.15,16.1, 17.10,17.1,16.91,5053,0.85,40, 3287, 65.05
RAJTV, EQ, 21-Nov-2019,42.85,44.4,44.4,41.15, 44.00,43.15,42.56,10054,4.28,34, 3602, 35.83
RALLIS, EQ, 21-Nov-2019,178.4,177.15,186.8,176.05, 181.50,181.65,183.57,649278,1191.9,11525, 212462, 32.72
RAMANEWS, EQ, 21-Nov-2019,14.9,14.9,14.9,14.55, 14.65,14.65,14.71,1634,0.24,22, 1554, 95.10
RAMASTEEL, EQ, 21-Nov-2019,43.4,43.1,45.55,43.05, 45.50,45.1,44.83,14694,6.59,77, 12788, 87.03
RAMCOCEM, EQ, 21-Nov-2019,803.45,808.45,808.45,788.0, 792.00,791.35,793.39,152771,1212.07,4091, 74922, 49.04
RAMCOIND, EQ, 21-Nov-2019,190.85,190.0,195.0,189.95, 190.15,190.45,192.8,27276,52.59,884, 12718, 46.63
RAMCOSYS, EQ, 21-Nov-2019,144.15,144.2,144.5,138.65, 143.55,141.7,141.61,44676,63.27,2136, 32785, 73.38
RAMKY, EQ, 21-Nov-2019,40.25,41.85,42.25,41.5, 42.25,42.25,42.21,87025,36.73,336, 67832, 77.95
RANEENGINE, EQ, 21-Nov-2019,213.3,214.2,218.8,212.6, 214.00,214.5,215.62,2621,5.65,236, 1270, 48.45
RANEHOLDIN, EQ, 21-Nov-2019,785.15,778.6,786.45,765.1, 765.15,770.0,776.13,709,5.5,148, 408, 57.55
RATNAMANI, EQ, 21-Nov-2019,960.1,958.15,961.65,949.05, 960.00,960.05,958.94,5868,56.27,654, 4153, 70.77
RAYMOND, EQ, 21-Nov-2019,709.15,713.25,716.2,687.55, 689.40,692.3,700.03,531958,3723.87,22101, 159723, 30.03
RBL, EQ, 21-Nov-2019,491.3,496.3,501.0,487.05, 490.05,491.05,494.95,18204,90.1,1171, 1528, 8.39
RBLBANK, EQ, 21-Nov-2019,344.65,348.5,359.4,333.3, 334.10,334.9,343.98,21150686,72754.42,190517, 2570364, 12.15
RCF, EQ, 21-Nov-2019,50.55,50.55,50.8,48.9, 49.05,49.05,49.55,770828,381.97,3199, 342774, 44.47
RCOM, EQ, 21-Nov-2019,0.65,0.65,0.7,0.6, 0.70,0.7,0.69,51514774,353.19,6589, 25604366, 49.70
RECLTD, EQ, 21-Nov-2019,145.0,144.7,144.7,137.9, 138.80,138.45,140.4,4595307,6451.98,22474, 1295977, 28.20
REDINGTON, EQ, 21-Nov-2019,114.0,116.0,116.0,111.65, 111.75,112.2,113.51,152116,172.67,5229, 84613, 55.62
REFEX, EQ, 21-Nov-2019,68.65,71.95,71.95,65.25, 65.25,65.25,67.33,738842,497.49,3873, 356229, 48.21
RELAXO, EQ, 21-Nov-2019,570.25,574.85,577.8,562.25, 575.00,571.0,571.78,89547,512.01,6685, 53195, 59.40
RELCAPITAL, EQ, 21-Nov-2019,18.05,17.15,18.05,17.15, 17.15,17.15,17.34,4476519,776.09,6850, 2648103, 59.16
RELIANCE, EQ, 21-Nov-2019,1547.65,1545.0,1556.0,1528.55, 1540.50,1537.6,1538.44,6810577,104776.85,160090, 2929568, 43.01
RELIGARE, EQ, 21-Nov-2019,53.7,53.5,55.5,52.25, 52.55,53.6,53.87,151778,81.76,1013, 98378, 64.82
RELINFRA, EQ, 21-Nov-2019,33.0,31.35,33.65,31.35, 31.35,31.35,31.99,4406859,1409.65,9887, 2161937, 49.06
REMSONSIND, EQ, 21-Nov-2019,74.95,80.9,83.6,72.5, 82.05,76.9,75.39,36138,27.25,121, 3721, 10.30
RENUKA, EQ, 21-Nov-2019,9.4,9.5,9.6,9.25, 9.35,9.35,9.42,702112,66.12,772, 430096, 61.26
REPCOHOME, EQ, 21-Nov-2019,291.95,292.85,294.05,284.35, 288.40,288.15,289.4,41441,119.93,2638, 16246, 39.20
REPRO, EQ, 21-Nov-2019,622.0,626.95,629.8,613.55, 618.00,621.25,623.7,1651,10.3,327, 1175, 71.17
RESPONIND, EQ, 21-Nov-2019,91.35,91.6,92.4,91.0, 92.00,91.3,91.3,146454,133.71,2256, 12366, 8.44
REVATHI, EQ, 21-Nov-2019,358.3,355.05,358.0,351.0, 352.00,353.05,353.75,205,0.73,45, 162, 79.02
RGL, EQ, 21-Nov-2019,239.25,236.3,239.0,236.05, 236.15,236.4,236.86,1068,2.53,88, 546, 51.12
RHFL, EQ, 21-Nov-2019,4.5,4.3,4.7,4.3, 4.30,4.3,4.34,2005144,87.08,1262, 1319601, 65.81
RICOAUTO, EQ, 21-Nov-2019,44.6,44.7,45.75,44.6, 44.80,44.8,45.09,251320,113.32,2339, 112615, 44.81
RIIL, EQ, 21-Nov-2019,312.6,314.9,320.95,309.5, 312.05,312.05,315.3,366215,1154.68,7694, 73720, 20.13
RITES, EQ, 21-Nov-2019,306.0,304.6,311.0,302.15, 306.65,305.7,307.61,427073,1313.71,14575, 159604, 37.37
RKDL, EQ, 21-Nov-2019,6.35,6.15,6.65,6.15, 6.30,6.3,6.37,443,0.03,5, 443, 100.00
RKFORGE, EQ, 21-Nov-2019,305.0,307.0,309.9,294.1, 295.00,295.3,299.26,14573,43.61,868, 10794, 74.07
RMCL, EQ, 21-Nov-2019,3.3,3.3,3.45,3.25, 3.35,3.3,3.32,73402,2.44,135, 51876, 70.67
RML, EQ, 21-Nov-2019,249.0,247.15,259.0,242.0, 243.00,243.45,246.91,7369,18.19,570, 4253, 57.71
RNAM, EQ, 21-Nov-2019,361.55,362.0,385.7,360.05, 380.00,380.75,377.96,6886606,26028.92,90591, 2175723, 31.59
ROHLTD, EQ, 21-Nov-2019,69.85,69.95,70.0,68.55, 68.90,69.1,69.35,6484,4.5,227, 3770, 58.14
ROSSELLIND, EQ, 21-Nov-2019,65.75,65.95,66.6,64.5, 65.10,65.8,65.57,3920,2.57,96, 3280, 83.67
RPGLIFE, EQ, 21-Nov-2019,274.2,275.0,284.0,273.25, 281.00,277.95,279.64,30619,85.62,1471, 12234, 39.96
RPOWER, EQ, 21-Nov-2019,3.5,3.35,3.65,3.35, 3.65,3.65,3.48,30587413,1062.98,11797, 16404241, 53.63
RPPINFRA, EQ, 21-Nov-2019,85.3,88.0,89.55,81.05, 81.10,81.8,82.39,35790,29.49,331, 16544, 46.23
RSWM, EQ, 21-Nov-2019,106.8,105.75,106.0,101.5, 104.00,103.8,104.23,15599,16.26,543, 8988, 57.62
RSYSTEMS, EQ, 21-Nov-2019,50.1,50.05,51.7,50.0, 50.35,50.35,50.29,9522,4.79,62, 6710, 70.47
RTNINFRA, EQ, 21-Nov-2019,1.55,1.55,1.6,1.5, 1.50,1.5,1.54,286745,4.43,134, 238499, 83.17
RUCHIRA, EQ, 21-Nov-2019,75.3,74.05,76.15,73.55, 73.80,73.7,74.47,37721,28.09,703, 24237, 64.25
RUPA, EQ, 21-Nov-2019,188.05,188.9,195.9,187.0, 195.60,194.25,192.74,65309,125.88,1638, 39549, 60.56
RUSHIL, EQ, 21-Nov-2019,148.2,146.85,155.6,145.05, 155.60,152.6,153.54,45949,70.55,850, 32349, 70.40
RVNL, EQ, 21-Nov-2019,24.15,24.15,24.4,23.9, 23.90,23.95,24.09,5332834,1284.89,8565, 2689181, 50.43
SADBHAV, EQ, 21-Nov-2019,121.65,136.4,141.5,119.0, 120.50,120.65,129.0,750555,968.23,12505, 317865, 42.35
SADBHIN, EQ, 21-Nov-2019,42.95,43.95,47.5,41.0, 42.40,41.85,44.26,57662,25.52,1598, 22620, 39.23
SAFARI, EQ, 21-Nov-2019,577.45,570.1,588.7,570.1, 576.00,579.55,579.83,3935,22.82,468, 2650, 67.34
SAGCEM, EQ, 21-Nov-2019,546.25,547.0,555.05,535.0, 540.00,540.15,542.0,2633,14.27,437, 1559, 59.21
SAIL, EQ, 21-Nov-2019,37.9,37.8,37.9,36.1, 36.15,36.25,36.94,28884217,10668.53,49705, 3721451, 12.88
SAKHTISUG, EQ, 21-Nov-2019,8.85,9.25,9.25,8.5, 9.00,8.95,8.93,39248,3.5,151, 20230, 51.54
SAKSOFT, EQ, 21-Nov-2019,220.0,224.0,227.0,220.5, 223.90,222.1,222.55,3869,8.61,180, 3092, 79.92
SAKUMA, EQ, 21-Nov-2019,6.85,6.9,6.9,6.6, 6.65,6.6,6.73,216658,14.59,537, 155078, 71.58
SALASAR, EQ, 21-Nov-2019,116.4,123.4,123.4,113.05, 114.00,114.7,115.92,6251,7.25,358, 4062, 64.98
SALONA, EQ, 21-Nov-2019,67.0,68.0,70.0,64.5, 64.60,64.75,66.87,1076,0.72,34, 128, 11.90
SALZERELEC, EQ, 21-Nov-2019,110.6,112.0,112.4,108.0, 110.10,110.6,110.29,5227,5.77,160, 4102, 78.48
SAMBHAAV, EQ, 21-Nov-2019,3.55,3.6,3.6,3.2, 3.45,3.4,3.38,43478,1.47,70, 35862, 82.48
SANCO, EQ, 21-Nov-2019,15.95,15.9,15.95,15.3, 15.35,15.6,15.78,39644,6.26,207, 18264, 46.07
SANDESH, EQ, 21-Nov-2019,586.1,580.1,590.0,580.1, 587.00,587.0,583.61,673,3.93,40, 595, 88.41
SANDHAR, EQ, 21-Nov-2019,242.0,237.25,248.9,237.25, 248.00,245.45,244.84,81076,198.51,887, 78950, 97.38
SANGAMIND, EQ, 21-Nov-2019,47.2,47.25,50.0,46.1, 47.15,47.3,48.0,8604,4.13,89, 5147, 59.82
SANGHIIND, EQ, 21-Nov-2019,38.2,38.45,39.7,36.7, 36.75,36.9,37.72,99602,37.57,2310, 67924, 68.20
SANGHVIMOV, EQ, 21-Nov-2019,84.9,85.7,87.6,83.45, 84.50,84.8,85.59,62595,53.58,726, 49833, 79.61
SANGINITA, EQ, 21-Nov-2019,149.05,150.7,150.85,145.1, 150.30,149.05,149.03,86539,128.97,2388, 34429, 39.78
SANOFI, EQ, 21-Nov-2019,6951.35,6941.0,6998.45,6860.0, 6913.00,6910.0,6938.8,10399,721.57,1824, 7890, 75.87
SANWARIA, EQ, 21-Nov-2019,2.15,2.05,2.05,2.05, 2.05,2.05,2.05,340518,6.98,241, 338518, 99.41
SARDAEN, EQ, 21-Nov-2019,179.4,179.65,180.3,173.65, 175.30,175.3,177.1,14085,24.95,740, 9066, 64.37
SAREGAMA, EQ, 21-Nov-2019,412.75,424.7,424.7,406.5, 415.65,415.65,413.52,21743,89.91,1100, 14500, 66.69
SARLAPOLY, EQ, 21-Nov-2019,20.55,20.1,21.0,20.1, 20.90,20.9,20.91,29136,6.09,115, 26366, 90.49
SASKEN, EQ, 21-Nov-2019,643.4,634.25,652.05,634.0, 636.35,640.85,642.55,6122,39.34,465, 2902, 47.40
SASTASUNDR, EQ, 21-Nov-2019,81.6,83.85,83.85,77.2, 82.00,79.85,80.4,1551,1.25,451, 542, 34.95
SATIA, EQ, 21-Nov-2019,88.05,90.95,92.5,86.7, 87.20,87.5,87.69,87510,76.74,1368, 18700, 21.37
SATIN, EQ, 21-Nov-2019,211.25,211.05,216.8,208.1, 209.95,209.85,211.64,34306,72.61,2074, 21419, 62.44
SBIETFQLTY, EQ, 21-Nov-2019,99.27,101.0,101.0,97.61, 99.14,99.13,99.24,3729,3.7,58, 3251, 87.18
SBILIFE, EQ, 21-Nov-2019,939.7,942.45,945.45,916.0, 929.95,929.6,932.82,2642185,24646.91,85734, 1506667, 57.02
SBIN, EQ, 21-Nov-2019,328.8,329.25,332.85,326.55, 331.95,331.35,330.65,34116162,112805.49,220874, 10043262, 29.44
SCHAEFFLER, EQ, 21-Nov-2019,4339.95,4362.65,4375.0,4316.15, 4340.00,4341.6,4341.91,6051,262.73,2424, 4792, 79.19
SCHAND, EQ, 21-Nov-2019,90.1,99.0,102.4,88.3, 96.60,96.55,95.93,319060,306.09,5678, 102154, 32.02
SCHNEIDER, EQ, 21-Nov-2019,66.75,66.95,67.35,65.45, 66.05,66.15,66.36,34618,22.97,809, 12500, 36.11
SCI, EQ, 21-Nov-2019,68.5,69.5,69.5,63.5, 63.85,64.05,65.93,13342261,8796.44,42104, 4062290, 30.45
SEAMECLTD, EQ, 21-Nov-2019,488.5,489.1,496.05,480.0, 480.00,483.75,486.63,4495,21.87,215, 3704, 82.40
SELAN, EQ, 21-Nov-2019,140.4,142.0,142.25,138.75, 140.75,140.2,141.01,17938,25.29,683, 8858, 49.38
SELMCL, EQ, 21-Nov-2019,0.6,0.65,0.65,0.65, 0.65,0.65,0.65,57183,0.37,28, 57183, 100.00
SEPOWER, EQ, 21-Nov-2019,2.95,2.9,3.0,2.85, 3.00,3.0,2.93,3313,0.1,18, 2689, 81.17
SEQUENT, EQ, 21-Nov-2019,66.4,66.0,67.0,64.8, 65.00,65.4,66.15,80035,52.95,809, 46259, 57.80
SESHAPAPER, EQ, 21-Nov-2019,171.05,176.9,176.9,168.1, 170.60,171.25,170.93,18785,32.11,545, 7288, 38.80
SETCO, EQ, 21-Nov-2019,14.4,14.5,14.65,14.35, 14.40,14.45,14.47,75334,10.9,644, 51545, 68.42
SETF10GILT, EQ, 21-Nov-2019,188.0,188.01,190.49,188.0, 188.00,188.49,188.25,20,0.04,3, 10, 50.00
SETFGOLD, EQ, 21-Nov-2019,3438.75,3453.95,3453.95,3430.5, 3432.00,3432.25,3434.83,1302,44.72,264, 881, 67.67
SETFNIF50, EQ, 21-Nov-2019,123.74,125.0,125.0,123.2, 123.30,123.37,123.51,23096,28.53,345, 20776, 89.95
SETFNIFBK, EQ, 21-Nov-2019,316.6,322.9,329.3,316.0, 317.25,317.23,316.71,65469,207.35,228, 63647, 97.22
SETFNN50, EQ, 21-Nov-2019,290.54,292.0,292.8,288.76, 290.00,290.17,290.19,2267,6.58,61, 2117, 93.38
SEYAIND, EQ, 21-Nov-2019,123.05,116.9,116.9,116.9, 116.90,116.9,116.9,34715,40.58,80, 34715, 100.00
SFL, EQ, 21-Nov-2019,1319.55,1322.0,1322.0,1303.0, 1310.00,1310.15,1310.51,3602,47.2,486, 2971, 82.48
SGL, EQ, 21-Nov-2019,5.8,5.55,5.8,5.55, 5.80,5.75,5.61,29853,1.67,55, 29328, 98.24
SHAHALLOYS, EQ, 21-Nov-2019,8.65,8.9,8.95,8.4, 8.45,8.5,8.55,1717,0.15,20, 1415, 82.41
SHAKTIPUMP, EQ, 21-Nov-2019,217.05,214.95,224.5,214.95, 217.80,218.35,220.64,33458,73.82,1709, 16000, 47.82
SHALBY, EQ, 21-Nov-2019,105.85,106.1,107.25,103.95, 106.05,105.3,105.44,18836,19.86,626, 10883, 57.78
SHALPAINTS, EQ, 21-Nov-2019,90.45,88.4,91.0,88.4, 89.10,89.2,89.69,23615,21.18,605, 18741, 79.36
SHANKARA, EQ, 21-Nov-2019,311.9,313.0,324.0,308.05, 309.00,309.9,314.72,31321,98.57,1606, 13228, 42.23
SHANTIGEAR, EQ, 21-Nov-2019,99.7,99.25,99.85,98.0, 98.10,98.05,98.64,3715,3.66,172, 2853, 76.80
SHARDACROP, EQ, 21-Nov-2019,239.9,240.0,240.0,230.0, 230.60,231.1,233.01,16529,38.51,1392, 11336, 68.58
SHARDAMOTR, EQ, 21-Nov-2019,1078.3,1073.05,1077.0,1042.55, 1050.20,1060.7,1059.78,2829,29.98,269, 2343, 82.82
SHARIABEES, EQ, 21-Nov-2019,255.0,256.7,256.7,256.7, 256.70,256.7,256.7,10,0.03,1, 10, 100.00
SHEMAROO, EQ, 21-Nov-2019,142.0,141.7,146.9,141.1, 143.35,143.4,143.37,11605,16.64,520, 7409, 63.84
SHILPAMED, EQ, 21-Nov-2019,298.1,297.1,312.6,296.0, 308.25,304.15,301.62,10201,30.77,386, 6884, 67.48
SHIVAMAUTO, EQ, 21-Nov-2019,25.5,25.5,26.0,25.0, 25.05,25.1,25.27,77999,19.71,913, 41346, 53.01
SHIVAMILLS, EQ, 21-Nov-2019,31.7,31.7,32.0,30.1, 31.95,31.7,31.14,1913,0.6,60, 1470, 76.84
SHIVATEX, EQ, 21-Nov-2019,101.55,100.0,103.0,98.1, 98.65,99.95,99.55,1844,1.84,182, 1391, 75.43
SHK, EQ, 21-Nov-2019,114.15,114.25,115.55,112.0, 112.00,112.5,113.44,26394,29.94,974, 21707, 82.24
SHOPERSTOP, EQ, 21-Nov-2019,353.6,364.9,364.9,347.0, 349.00,347.4,349.18,28229,98.57,630, 19413, 68.77
SHREDIGCEM, EQ, 21-Nov-2019,24.75,24.9,24.95,23.55, 23.55,23.85,23.87,637097,152.06,2221, 459009, 72.05
SHREECEM, EQ, 21-Nov-2019,20289.95,20290.0,20574.95,20216.6, 20318.05,20294.7,20331.76,23206,4718.19,8156, 12416, 53.50
SHREEPUSHK, EQ, 21-Nov-2019,93.3,94.85,99.15,91.5, 98.90,98.1,96.7,41323,39.96,837, 22571, 54.62
SHREERAMA, EQ, 21-Nov-2019,4.25,4.35,4.35,4.15, 4.20,4.2,4.2,11264,0.47,20, 11264, 100.00
SHRENIK, EQ, 21-Nov-2019,49.65,51.5,51.5,47.9, 48.00,48.7,48.76,29379,14.33,123, 15799, 53.78
SHREYANIND, EQ, 21-Nov-2019,107.4,109.9,109.9,108.0, 109.15,108.9,108.91,4142,4.51,205, 2216, 53.50
SHREYAS, EQ, 21-Nov-2019,86.9,90.5,91.2,86.15, 88.30,90.05,88.68,7852,6.96,279, 5792, 73.76
SHRIRAMCIT, EQ, 21-Nov-2019,1345.6,1348.65,1348.65,1330.0, 1332.00,1333.35,1332.33,19586,260.95,167, 19300, 98.54
SHRIRAMEPC, EQ, 21-Nov-2019,6.1,6.0,6.15,6.0, 6.05,6.05,6.09,94111,5.73,407, 72855, 77.41
SHYAMCENT, EQ, 21-Nov-2019,2.9,2.95,3.0,2.85, 2.95,2.95,2.94,12604,0.37,35, 12103, 96.03
SICAL, EQ, 21-Nov-2019,21.75,20.8,22.8,20.7, 22.80,21.95,21.66,198639,43.03,347, 138592, 69.77
SIEMENS, EQ, 21-Nov-2019,1543.2,1548.0,1551.6,1524.1, 1536.05,1543.15,1540.73,864546,13320.36,43240, 374411, 43.31
SIGIND, EQ, 21-Nov-2019,20.45,21.0,21.0,20.0, 20.45,20.4,20.43,3768,0.77,69, 2769, 73.49
SILINV, EQ, 21-Nov-2019,146.95,146.0,147.9,141.3, 147.85,145.05,145.32,1748,2.54,130, 937, 53.60
SIMPLEXINF, EQ, 21-Nov-2019,47.85,51.5,52.6,48.0, 48.20,48.3,50.56,277520,140.32,1945, 146182, 52.67
SINTEX, EQ, 21-Nov-2019,1.0,1.05,1.05,1.05, 1.05,1.05,1.05,663124,6.96,294, 663124, 100.00
SIRCA, EQ, 21-Nov-2019,236.65,235.95,247.4,225.55, 243.25,242.9,239.36,13009,31.14,286, 10210, 78.48
SIS, EQ, 21-Nov-2019,940.1,948.75,950.0,930.35, 950.00,942.55,945.13,4520,42.72,816, 2583, 57.15
SITINET, EQ, 21-Nov-2019,1.85,1.9,1.9,1.9, 1.90,1.9,1.9,1575,0.03,12, 1575, 100.00
SIYSIL, EQ, 21-Nov-2019,230.7,235.0,235.0,230.0, 232.45,232.4,231.88,5527,12.82,306, 3654, 66.11
SJVN, EQ, 21-Nov-2019,24.65,24.65,24.95,24.55, 24.75,24.65,24.73,1006722,248.95,2197, 448982, 44.60
SKFINDIA, EQ, 21-Nov-2019,2194.45,2201.3,2201.3,2171.15, 2193.90,2187.15,2182.57,1510,32.96,316, 730, 48.34
SKIPPER, EQ, 21-Nov-2019,56.2,56.25,58.9,54.65, 55.70,55.55,55.77,21111,11.77,393, 14615, 69.23
SKMEGGPROD, EQ, 21-Nov-2019,37.85,37.5,38.65,37.5, 37.50,37.5,37.89,19992,7.57,252, 11631, 58.18
SMARTLINK, EQ, 21-Nov-2019,75.4,74.65,75.0,71.15, 74.00,74.05,73.27,6409,4.7,172, 3173, 49.51
SMLISUZU, EQ, 21-Nov-2019,507.7,502.1,523.8,502.1, 507.00,506.7,512.16,11585,59.33,1488, 5172, 44.64
SMSLIFE, EQ, 21-Nov-2019,272.0,285.6,285.6,271.05, 285.60,285.6,285.54,5744,16.4,388, 4699, 81.81
SMSPHARMA, EQ, 21-Nov-2019,40.15,40.0,40.75,39.8, 40.30,40.15,40.1,19823,7.95,281, 15522, 78.30
SNOWMAN, EQ, 21-Nov-2019,42.3,42.1,42.4,39.85, 40.05,40.05,41.09,392766,161.4,2478, 220062, 56.03
SOBHA, EQ, 21-Nov-2019,398.4,399.45,401.7,392.65, 396.55,397.05,396.44,104546,414.46,4878, 59634, 57.04
SOLARA, EQ, 21-Nov-2019,466.25,462.85,464.85,455.1, 457.20,461.3,459.95,10962,50.42,1128, 8011, 73.08
SOLARINDS, EQ, 21-Nov-2019,1057.85,1056.0,1056.0,1040.0, 1045.00,1045.75,1046.35,1514,15.84,310, 1009, 66.64
SOMANYCERA, EQ, 21-Nov-2019,173.25,172.0,183.05,170.4, 180.00,181.1,178.44,64443,114.99,1587, 41231, 63.98
SOMICONVEY, EQ, 21-Nov-2019,12.45,12.35,12.35,12.05, 12.35,12.35,12.35,787,0.1,5, 787, 100.00
SONATSOFTW, EQ, 21-Nov-2019,301.4,303.3,303.55,298.95, 303.15,302.7,301.43,62487,188.35,2420, 47327, 75.74
SORILINFRA, EQ, 21-Nov-2019,94.3,89.6,99.0,89.6, 99.00,99.0,95.33,81887,78.06,670, 40158, 49.04
SOTL, EQ, 21-Nov-2019,899.55,899.0,899.0,890.0, 890.00,890.2,893.74,358,3.2,224, 161, 44.97
SOUTHBANK, EQ, 21-Nov-2019,11.1,11.15,11.25,10.85, 11.00,11.0,11.02,4150289,457.3,4329, 2154800, 51.92
SOUTHWEST, EQ, 21-Nov-2019,17.1,17.05,18.5,17.0, 18.50,18.35,17.07,49452,8.44,21, 34412, 69.59
SPAL, EQ, 21-Nov-2019,202.4,204.15,208.5,195.05, 197.00,196.7,200.98,20878,41.96,1465, 10801, 51.73
SPANDANA, EQ, 21-Nov-2019,1310.2,1282.0,1335.0,1282.0, 1335.00,1324.35,1309.8,53596,702.0,3169, 29558, 55.15
SPARC, EQ, 21-Nov-2019,158.6,158.8,165.0,157.35, 159.95,160.1,160.86,1271541,2045.35,13457, 390131, 30.68
SPECIALITY, EQ, 21-Nov-2019,66.85,66.0,68.2,65.8, 67.90,67.1,66.89,22904,15.32,566, 12473, 54.46
SPENCERS, EQ, 21-Nov-2019,63.3,63.05,69.35,63.05, 65.95,65.8,66.93,306278,205.0,2336, 150008, 48.98
SPIC, EQ, 21-Nov-2019,19.45,19.15,19.55,19.1, 19.25,19.15,19.21,28497,5.48,120, 25359, 88.99
SPICEJET, EQ, 21-Nov-2019,111.2,111.55,111.55,107.25, 107.90,107.7,109.04,556704,607.02,8103, 255099, 45.82
SPLIL, EQ, 21-Nov-2019,35.7,37.95,39.0,34.1, 37.35,37.45,37.38,86064,32.17,743, 49019, 56.96
SPMLINFRA, EQ, 21-Nov-2019,10.1,9.8,10.6,9.6, 10.50,10.5,10.5,48946,5.14,102, 47229, 96.49
SPTL, EQ, 21-Nov-2019,1.3,1.35,1.35,1.35, 1.35,1.35,1.35,501369,6.77,265, 501369, 100.00
SREEL, EQ, 21-Nov-2019,164.95,167.65,167.7,163.0, 163.25,163.7,165.44,5216,8.63,172, 3981, 76.32
SREINFRA, EQ, 21-Nov-2019,8.85,9.0,9.25,8.6, 8.95,8.9,9.1,1082738,98.57,1811, 685293, 63.29
SRF, EQ, 21-Nov-2019,3220.35,3228.0,3230.35,3133.9, 3147.50,3143.75,3165.93,221528,7013.42,17517, 64494, 29.11
SRHHYPOLTD, EQ, 21-Nov-2019,100.0,104.8,112.4,99.15, 100.05,100.2,102.33,4705,4.81,137, 3145, 66.84
SRIPIPES, EQ, 21-Nov-2019,165.65,165.9,167.0,164.85, 166.00,165.7,165.75,41726,69.16,448, 38069, 91.24
SRTRANSFIN, EQ, 21-Nov-2019,1126.5,1133.5,1144.5,1120.05, 1129.00,1128.85,1130.09,685740,7749.49,31514, 347444, 50.67
SSWL, EQ, 21-Nov-2019,769.65,767.8,770.25,765.1, 766.25,768.9,767.62,6059,46.51,380, 3454, 57.01
STAMPEDE, EQ, 21-Nov-2019,0.65,0.65,0.65,0.6, 0.60,0.6,0.6,1362378,8.18,84, 1189640, 87.32
STAR, EQ, 21-Nov-2019,400.05,398.05,403.9,395.3, 400.50,400.6,399.86,474634,1897.88,8123, 157010, 33.08
STARCEMENT, EQ, 21-Nov-2019,97.6,98.0,98.0,96.35, 97.00,96.95,96.7,142060,137.37,695, 121458, 85.50
STARPAPER, EQ, 21-Nov-2019,95.7,98.65,98.65,95.1, 95.20,95.25,95.8,31618,30.29,587, 12945, 40.94
STEELCITY, EQ, 21-Nov-2019,30.2,35.0,35.0,29.55, 30.55,30.05,30.7,886,0.27,18, 568, 64.11
STEL, EQ, 21-Nov-2019,70.0,70.0,72.0,68.15, 69.00,69.95,69.51,4275,2.97,428, 1401, 32.77
STERTOOLS, EQ, 21-Nov-2019,174.95,171.0,178.0,169.2, 178.00,174.6,172.08,3493,6.01,392, 962, 27.54
STRTECH, EQ, 21-Nov-2019,123.35,123.45,124.25,120.0, 120.55,120.3,121.76,877610,1068.55,12748, 470449, 53.61
SUBEX, EQ, 21-Nov-2019,5.6,5.55,5.7,5.5, 5.55,5.55,5.58,314179,17.52,294, 178442, 56.80
SUBROS, EQ, 21-Nov-2019,251.1,252.5,252.5,242.05, 244.00,244.85,247.93,17766,44.05,922, 10250, 57.69
SUDARSCHEM, EQ, 21-Nov-2019,390.65,390.8,394.8,385.35, 386.00,388.55,389.7,53071,206.82,1771, 18377, 34.63
SUMIT, EQ, 21-Nov-2019,20.5,19.8,21.35,19.0, 20.50,20.5,19.78,7379,1.46,128, 5745, 77.86
SUMMITSEC, EQ, 21-Nov-2019,453.0,460.0,460.0,451.3, 451.35,451.35,454.94,1243,5.65,282, 617, 49.64
SUNCLAYLTD, EQ, 21-Nov-2019,2155.35,2143.1,2151.0,2125.0, 2125.05,2138.8,2136.49,319,6.82,152, 203, 63.64
SUNDARAM, EQ, 21-Nov-2019,1.4,1.35,1.4,1.3, 1.35,1.3,1.34,163139,2.18,100, 142081, 87.09
SUNDARMFIN, EQ, 21-Nov-2019,1642.25,1641.95,1653.25,1615.0, 1620.00,1623.15,1632.13,24418,398.53,2494, 17301, 70.85
SUNDARMHLD, EQ, 21-Nov-2019,66.75,66.25,67.95,66.0, 66.75,67.05,66.96,18681,12.51,647, 15673, 83.90
SUNDRMBRAK, EQ, 21-Nov-2019,229.9,230.0,235.35,226.0, 226.10,227.2,229.0,1041,2.38,223, 772, 74.16
SUNDRMFAST, EQ, 21-Nov-2019,467.25,466.7,471.3,463.5, 467.00,468.6,468.09,17080,79.95,1134, 10486, 61.39
SUNFLAG, EQ, 21-Nov-2019,32.95,33.15,33.9,31.5, 32.00,32.6,33.19,207755,68.94,1127, 91533, 44.06
SUNPHARMA, EQ, 21-Nov-2019,450.0,450.0,454.45,443.6, 447.05,447.15,449.1,7480460,33594.82,85370, 2543785, 34.01
SUNTECK, EQ, 21-Nov-2019,385.5,387.95,388.45,376.0, 376.50,380.25,381.46,111495,425.31,3478, 23176, 20.79
SUNTV, EQ, 21-Nov-2019,498.15,502.5,516.9,473.8, 480.50,479.75,489.09,3948062,19309.61,56578, 417933, 10.59
SUPERHOUSE, EQ, 21-Nov-2019,86.1,86.1,87.0,84.7, 84.70,84.9,85.61,4927,4.22,257, 4235, 85.95
SUPPETRO, EQ, 21-Nov-2019,168.65,169.2,171.25,168.05, 169.00,168.4,169.12,5764,9.75,450, 4016, 69.67
SUPRAJIT, EQ, 21-Nov-2019,174.6,174.95,179.0,171.1, 177.90,177.05,174.51,33942,59.23,1683, 19422, 57.22
SUPREMEIND, EQ, 21-Nov-2019,1140.1,1138.0,1144.95,1122.2, 1135.90,1135.05,1131.83,14586,165.09,1523, 8326, 57.08
SUPREMEINF, EQ, 21-Nov-2019,10.85,10.4,10.7,10.4, 10.65,10.6,10.57,2094,0.22,15, 1551, 74.07
SURANASOL, EQ, 21-Nov-2019,5.9,6.15,6.15,5.55, 5.60,5.6,5.68,15848,0.9,47, 11963, 75.49
SURANAT&P, EQ, 21-Nov-2019,3.5,3.5,3.5,3.5, 3.50,3.5,3.5,1864,0.07,3, 1864, 100.00
SURYALAXMI, EQ, 21-Nov-2019,17.75,18.35,18.35,17.8, 17.80,17.8,17.81,2093,0.37,36, 2031, 97.04
SURYAROSNI, EQ, 21-Nov-2019,174.1,176.7,179.95,173.0, 176.60,176.7,177.31,55679,98.72,1625, 17642, 31.69
SUTLEJTEX, EQ, 21-Nov-2019,31.9,31.85,34.45,31.85, 34.00,33.6,33.31,37498,12.49,263, 30951, 82.54
SUVEN, EQ, 21-Nov-2019,304.75,305.7,307.4,293.15, 294.65,294.8,299.3,362814,1085.9,5225, 180042, 49.62
SUZLON, EQ, 21-Nov-2019,2.4,2.4,2.45,2.35, 2.45,2.4,2.41,9263240,223.44,11663, 4580189, 49.44
SWANENERGY, EQ, 21-Nov-2019,102.25,101.75,102.55,100.5, 100.80,101.3,101.84,83224,84.76,1451, 2535, 3.05
SWARAJENG, EQ, 21-Nov-2019,1074.15,1075.0,1115.95,1052.05, 1100.00,1093.4,1068.22,32287,344.9,1335, 29170, 90.35
SWELECTES, EQ, 21-Nov-2019,121.55,124.75,125.9,119.1, 125.00,124.75,122.99,5030,6.19,230, 4033, 80.18
SWSOLAR, EQ, 21-Nov-2019,285.55,292.4,314.1,292.4, 314.10,314.1,311.36,808386,2516.96,5047, 684042, 84.62
SYMPHONY, EQ, 21-Nov-2019,1196.65,1186.0,1199.0,1175.1, 1199.00,1184.25,1185.31,26251,311.16,2436, 16261, 61.94
SYNDIBANK, EQ, 21-Nov-2019,29.4,29.55,29.8,28.35, 28.70,28.8,29.17,1278847,373.01,3381, 385401, 30.14
SYNGENE, EQ, 21-Nov-2019,329.5,328.9,329.85,321.3, 323.25,327.45,327.71,45189,148.09,2925, 33344, 73.79
TAINWALCHM, EQ, 21-Nov-2019,48.1,48.05,50.95,46.35, 46.60,47.4,47.01,950,0.45,127, 676, 71.16
TAJGVK, EQ, 21-Nov-2019,161.85,161.0,164.9,158.5, 159.45,159.7,161.85,37732,61.07,716, 8699, 23.05
TAKE, EQ, 21-Nov-2019,95.05,98.5,98.5,95.5, 96.00,95.95,96.5,119628,115.44,1682, 91954, 76.87
TALBROAUTO, EQ, 21-Nov-2019,121.1,122.95,122.95,112.7, 112.75,114.4,116.02,34200,39.68,823, 24949, 72.95
TALWALKARS, EQ, 21-Nov-2019,4.5,4.4,4.7,4.3, 4.70,4.4,4.34,116317,5.04,118, 113490, 97.57
TALWGYM, EQ, 21-Nov-2019,4.15,3.95,4.25,3.95, 4.00,3.95,3.96,264557,10.48,165, 130815, 49.45
TANLA, EQ, 21-Nov-2019,59.1,59.7,60.5,58.0, 60.50,58.7,59.07,184475,108.97,811, 142622, 77.31
TARMAT, EQ, 21-Nov-2019,27.65,27.0,27.75,26.55, 26.55,27.0,26.99,412,0.11,11, 410, 99.51
TASTYBITE, EQ, 21-Nov-2019,8884.7,8737.45,8980.0,8605.0, 8675.00,8727.95,8756.66,552,48.34,209, 375, 67.93
TATACHEM, EQ, 21-Nov-2019,647.95,649.0,650.35,637.05, 638.90,638.85,644.65,443315,2857.85,20499, 178547, 40.28
TATACOFFEE, EQ, 21-Nov-2019,79.55,79.9,83.5,79.4, 82.90,82.7,82.42,494505,407.56,4623, 207690, 42.00
TATACOMM, EQ, 21-Nov-2019,354.0,352.5,359.0,348.55, 352.90,352.8,354.44,135782,481.27,18708, 71236, 52.46
TATAELXSI, EQ, 21-Nov-2019,813.05,815.9,822.75,795.4, 800.10,799.85,810.39,492751,3993.22,19567, 84275, 17.10
TATAGLOBAL, EQ, 21-Nov-2019,306.8,306.8,311.95,300.35, 302.20,301.8,307.5,2983373,9173.94,28286, 594806, 19.94
TATAINVEST, EQ, 21-Nov-2019,825.5,829.0,848.0,818.05, 832.95,830.75,833.82,9101,75.89,1188, 4363, 47.94
TATAMETALI, EQ, 21-Nov-2019,579.25,577.0,581.85,570.5, 571.00,571.7,573.84,20950,120.22,1234, 5614, 26.80
TATAMOTORS, EQ, 21-Nov-2019,167.4,166.95,170.1,163.0, 164.30,164.15,166.91,21609120,36068.78,105085, 3277278, 15.17
TATAMTRDVR, EQ, 21-Nov-2019,76.9,77.25,78.25,74.55, 75.30,75.35,76.49,4103928,3139.15,12430, 920879, 22.44
TATAPOWER, EQ, 21-Nov-2019,55.4,55.35,56.2,54.55, 55.10,54.85,55.21,7025549,3879.01,19573, 2858519, 40.69
TATASTEEL, EQ, 21-Nov-2019,398.7,399.0,399.15,383.25, 385.75,385.1,391.59,10208554,39975.79,98524, 1779757, 17.43
TATASTLBSL, EQ, 21-Nov-2019,25.3,25.1,25.4,24.25, 24.40,24.5,24.65,988687,243.69,1532, 751049, 75.96
TATASTLLP, EQ, 21-Nov-2019,382.35,385.5,385.5,378.5, 379.00,379.35,380.95,14237,54.24,953, 8439, 59.28
TBZ, EQ, 21-Nov-2019,38.45,38.95,39.9,37.1, 37.60,37.6,38.38,152730,58.62,1978, 31186, 20.42
TCI, EQ, 21-Nov-2019,279.65,278.85,281.7,272.3, 274.00,273.35,276.44,10493,29.01,544, 7800, 74.34
TCIDEVELOP, EQ, 21-Nov-2019,359.75,336.0,358.0,336.0, 355.00,355.0,352.87,440,1.55,21, 396, 90.00
TCIEXP, EQ, 21-Nov-2019,762.4,766.55,783.85,755.4, 782.00,782.15,777.67,21448,166.79,1721, 14883, 69.39
TCIFINANCE, EQ, 21-Nov-2019,7.95,8.4,8.4,7.95, 8.15,8.0,8.02,4892,0.39,95, 4731, 96.71
TCNSBRANDS, EQ, 21-Nov-2019,699.4,686.0,702.9,685.0, 698.00,698.85,698.23,16361,114.24,827, 13991, 85.51
TCPLPACK, EQ, 21-Nov-2019,269.0,278.5,290.05,267.7, 286.00,283.6,278.96,2147,5.99,299, 1170, 54.49
TCS, EQ, 21-Nov-2019,2108.55,2112.0,2126.6,2107.4, 2117.40,2118.1,2120.22,2052574,43518.99,90452, 1219100, 59.39
TDPOWERSYS, EQ, 21-Nov-2019,146.9,147.15,149.95,145.15, 147.50,147.4,149.42,82530,123.32,262, 78547, 95.17
TEAMLEASE, EQ, 21-Nov-2019,2466.95,2486.7,2540.0,2454.9, 2466.00,2468.55,2490.04,12457,310.18,2492, 6748, 54.17
TECHM, EQ, 21-Nov-2019,771.4,775.0,780.0,762.8, 765.00,765.15,770.43,2102137,16195.48,78362, 1126309, 53.58
TECHNOE, EQ, 21-Nov-2019,267.6,266.2,266.6,260.1, 260.30,260.8,261.66,4344,11.37,285, 2858, 65.79
TEJASNET, EQ, 21-Nov-2019,97.4,105.0,114.0,98.25, 101.20,101.2,105.96,1830414,1939.43,26272, 400838, 21.90
TERASOFT, EQ, 21-Nov-2019,26.1,27.25,27.25,25.2, 26.40,26.2,25.71,7188,1.85,182, 2572, 35.78
TEXINFRA, EQ, 21-Nov-2019,44.1,44.6,44.8,43.95, 43.95,44.0,44.11,27037,11.93,196, 19978, 73.89
TEXMOPIPES, EQ, 21-Nov-2019,14.6,14.6,15.0,14.35, 14.75,14.5,14.59,40578,5.92,203, 27043, 66.64
TEXRAIL, EQ, 21-Nov-2019,42.95,43.1,43.5,42.4, 42.90,42.6,42.79,117319,50.2,887, 83488, 71.16
TFCILTD, EQ, 21-Nov-2019,80.7,80.7,82.1,78.3, 78.50,78.5,79.62,225260,179.35,2047, 185588, 82.39
TFL, EQ, 21-Nov-2019,4.25,3.95,4.3,3.9, 3.95,3.95,3.98,8140,0.32,11, 7500, 92.14
TGBHOTELS, EQ, 21-Nov-2019,3.6,3.65,3.65,3.5, 3.55,3.55,3.57,3985,0.14,26, 2032, 50.99
THANGAMAYL, EQ, 21-Nov-2019,347.7,342.6,354.8,342.55, 343.25,349.5,348.95,18592,64.88,551, 11332, 60.95
THEINVEST, EQ, 21-Nov-2019,119.95,117.0,120.0,117.0, 120.00,120.0,118.05,210,0.25,9, 189, 90.00
THERMAX, EQ, 21-Nov-2019,1026.5,1026.0,1029.9,1010.0, 1010.80,1012.45,1019.76,17067,174.04,2811, 9597, 56.23
THOMASCOOK, EQ, 21-Nov-2019,149.05,150.35,150.35,143.0, 146.15,145.9,147.6,146818,216.71,2709, 80686, 54.96
THYROCARE, EQ, 21-Nov-2019,560.45,561.0,564.0,555.0, 562.25,559.25,559.04,14424,80.64,919, 8095, 56.12
TI, EQ, 21-Nov-2019,12.9,13.0,13.1,12.45, 12.55,12.55,12.69,79728,10.12,240, 66316, 83.18
TIDEWATER, EQ, 21-Nov-2019,4799.5,4801.0,4820.0,4720.0, 4730.00,4745.35,4752.66,770,36.6,315, 545, 70.78
TIIL, EQ, 21-Nov-2019,311.95,318.45,323.95,309.95, 320.00,321.35,314.33,4201,13.21,253, 3387, 80.62
TIINDIA, EQ, 21-Nov-2019,453.9,454.0,463.85,449.5, 451.80,451.2,454.14,32556,147.85,1577, 18422, 56.59
TIJARIA, EQ, 21-Nov-2019,8.4,8.25,8.7,8.0, 8.00,8.1,8.13,20153,1.64,80, 13915, 69.05
TIL, EQ, 21-Nov-2019,188.15,192.0,192.0,187.1, 189.00,189.85,190.44,3446,6.56,207, 2268, 65.82
TIMESGTY, EQ, 21-Nov-2019,32.55,29.35,32.55,29.3, 32.55,32.15,30.11,719,0.22,10, 421, 58.55
TIMETECHNO, EQ, 21-Nov-2019,55.35,55.85,56.2,52.5, 52.70,53.4,54.64,502458,274.57,3276, 315979, 62.89
TIMKEN, EQ, 21-Nov-2019,858.2,855.0,856.3,822.0, 828.00,828.05,837.05,24223,202.76,2876, 14034, 57.94
TINPLATE, EQ, 21-Nov-2019,142.55,142.4,146.75,139.5, 140.20,140.4,143.7,972000,1396.77,10616, 243504, 25.05
TIPSINDLTD, EQ, 21-Nov-2019,74.05,75.0,75.0,72.7, 73.30,73.5,73.75,401,0.3,11, 171, 42.64
TIRUMALCHM, EQ, 21-Nov-2019,62.3,62.4,62.75,61.5, 61.75,61.7,61.96,147772,91.56,1970, 87046, 58.91
TITAN, EQ, 21-Nov-2019,1162.85,1163.0,1170.0,1144.0, 1146.60,1148.25,1155.88,1417102,16380.05,52643, 540502, 38.14
TNPETRO, EQ, 21-Nov-2019,36.5,36.5,36.7,35.6, 36.10,35.85,36.23,42295,15.32,413, 26464, 62.57
TNPL, EQ, 21-Nov-2019,180.65,182.4,182.4,178.1, 180.20,180.15,179.92,44642,80.32,576, 35936, 80.50
TORNTPHARM, EQ, 21-Nov-2019,1742.2,1740.0,1764.1,1727.45, 1736.35,1738.9,1746.24,145988,2549.3,7915, 69511, 47.61
TORNTPOWER, EQ, 21-Nov-2019,287.85,288.2,292.9,285.5, 285.60,286.1,288.92,666527,1925.76,8411, 198756, 29.82
TPLPLASTEH, EQ, 21-Nov-2019,124.65,124.0,127.9,123.0, 126.90,123.3,125.02,1008,1.26,112, 524, 51.98
TREJHARA, EQ, 21-Nov-2019,16.95,17.15,17.15,16.15, 16.15,16.2,16.49,3050,0.5,110, 1244, 40.79
TRENT, EQ, 21-Nov-2019,496.85,496.9,498.7,491.0, 492.55,492.95,494.05,93824,463.54,4199, 51512, 54.90
TRF, EQ, 21-Nov-2019,102.9,103.85,105.85,102.0, 102.15,102.25,103.74,24490,25.41,821, 12666, 51.72
TRIDENT, EQ, 21-Nov-2019,59.05,59.05,61.6,58.65, 61.10,61.25,60.83,741649,451.13,4223, 295411, 39.83
TRIGYN, EQ, 21-Nov-2019,50.95,50.85,51.8,47.85, 48.50,48.25,49.3,46970,23.16,912, 28915, 61.56
TRIL, EQ, 21-Nov-2019,7.05,7.2,7.4,6.95, 7.40,7.3,7.24,48623,3.52,133, 34109, 70.15
TRITURBINE, EQ, 21-Nov-2019,97.7,98.9,99.45,96.55, 96.75,96.8,97.95,16906,16.56,572, 11350, 67.14
TRIVENI, EQ, 21-Nov-2019,62.55,62.7,63.05,61.75, 62.40,62.1,62.27,204938,127.62,1586, 81840, 39.93
TTKHLTCARE, EQ, 21-Nov-2019,477.75,489.4,559.0,480.0, 540.00,545.35,538.98,27747,149.55,2566, 9225, 33.25
TTKPRESTIG, EQ, 21-Nov-2019,6045.95,6040.9,6045.75,5970.0, 5980.00,5977.95,5993.85,1307,78.34,791, 824, 63.05
TTL, EQ, 21-Nov-2019,43.75,45.0,45.0,42.0, 42.70,42.7,42.6,2871,1.22,78, 1796, 62.56
TTML, EQ, 21-Nov-2019,2.75,3.0,3.0,2.85, 2.95,2.9,2.94,2053332,60.28,861, 1178201, 57.38
TV18BRDCST, EQ, 21-Nov-2019,22.7,22.95,24.9,22.75, 23.00,23.15,23.92,16388022,3920.04,34067, 5833660, 35.60
TVSMOTOR, EQ, 21-Nov-2019,448.05,450.0,460.8,446.85, 448.40,448.4,454.87,2749884,12508.32,35606, 462280, 16.81
TVSSRICHAK, EQ, 21-Nov-2019,1811.6,1821.0,1824.0,1785.0, 1785.00,1789.35,1798.44,849,15.27,285, 653, 76.91
TVTODAY, EQ, 21-Nov-2019,289.35,291.0,297.5,291.0, 295.00,294.3,295.08,17957,52.99,662, 8213, 45.74
TWL, EQ, 21-Nov-2019,48.05,48.25,48.6,46.9, 47.80,47.95,47.85,486655,232.86,2931, 204003, 41.92
UBL, EQ, 21-Nov-2019,1222.05,1229.6,1245.95,1222.5, 1227.05,1227.3,1231.75,281811,3471.2,14701, 86667, 30.75
UCALFUEL, EQ, 21-Nov-2019,134.9,133.05,134.55,130.5, 131.50,131.3,132.57,14856,19.69,914, 9084, 61.15
UCOBANK, EQ, 21-Nov-2019,18.7,20.45,22.4,18.85, 21.30,21.15,21.33,22338050,4764.27,42223, 5640351, 25.25
UFLEX, EQ, 21-Nov-2019,200.7,200.1,202.2,199.05, 201.25,199.65,199.98,14810,29.62,654, 9491, 64.09
UFO, EQ, 21-Nov-2019,127.65,126.6,130.95,126.6, 128.25,127.9,128.27,14200,18.21,601, 10094, 71.08
UGARSUGAR, EQ, 21-Nov-2019,13.1,13.15,13.15,12.65, 12.90,12.9,12.91,53204,6.87,279, 32319, 60.75
UJAAS, EQ, 21-Nov-2019,3.25,3.2,3.45,3.2, 3.20,3.25,3.32,363638,12.07,313, 237958, 65.44
UJJIVAN, EQ, 21-Nov-2019,296.0,295.85,298.9,290.2, 291.20,291.2,294.29,1535831,4519.75,12650, 261919, 17.05
ULTRACEMCO, EQ, 21-Nov-2019,4114.05,4110.0,4110.0,4064.0, 4064.00,4077.25,4081.97,213325,8707.87,25939, 100458, 47.09
UMANGDAIRY, EQ, 21-Nov-2019,38.55,37.8,39.0,37.0, 37.15,37.2,37.54,12070,4.53,181, 8144, 67.47
UNICHEMLAB, EQ, 21-Nov-2019,154.55,156.2,156.2,153.05, 155.40,154.45,154.39,20467,31.6,496, 14057, 68.68
UNIENTER, EQ, 21-Nov-2019,65.3,64.45,65.55,62.65, 63.00,63.45,63.9,3305,2.11,111, 2270, 68.68
UNIONBANK, EQ, 21-Nov-2019,58.35,58.3,59.1,57.35, 57.60,57.55,58.22,8633849,5027.04,18207, 733368, 8.49
UNIPLY, EQ, 21-Nov-2019,24.85,23.65,23.65,23.65, 23.65,23.65,23.65,68580,16.22,177, 68580, 100.00
UNITEDBNK, EQ, 21-Nov-2019,9.25,9.15,9.5,9.0, 9.30,9.3,9.32,890642,82.97,1401, 406551, 45.65
UNITEDTEA, EQ, 21-Nov-2019,260.8,250.0,270.0,250.0, 270.00,269.8,260.91,453,1.18,26, 351, 77.48
UNIVCABLES, EQ, 21-Nov-2019,164.3,163.0,168.0,162.0, 167.80,165.25,165.1,14225,23.49,375, 6218, 43.71
UPL, EQ, 21-Nov-2019,552.85,553.2,559.8,542.0, 542.55,544.8,552.0,2177445,12019.56,46096, 432979, 19.88
URJA, EQ, 21-Nov-2019,1.65,1.7,1.7,1.6, 1.70,1.65,1.66,554976,9.2,474, 339024, 61.09
USHAMART, EQ, 21-Nov-2019,32.0,32.3,32.4,31.2, 31.95,31.5,31.7,326320,103.46,1317, 254385, 77.96
UTINEXT50, EQ, 21-Nov-2019,290.0,290.0,291.0,288.0, 288.00,288.0,288.95,278,0.8,28, 278, 100.00
UTINIFTETF, EQ, 21-Nov-2019,1272.0,1263.8,1272.5,1263.8, 1272.40,1272.4,1266.58,116,1.47,13, 112, 96.55
UTISENSETF, EQ, 21-Nov-2019,429.4,423.0,429.3,423.0, 428.50,428.5,427.36,161,0.69,12, 89, 55.28
UTISXN50, EQ, 21-Nov-2019,320.9,309.95,309.95,309.95, 309.95,309.95,309.95,6,0.02,1, 6, 100.00
UTTAMSUGAR, EQ, 21-Nov-2019,97.5,98.1,98.15,95.05, 95.15,95.25,95.92,76437,73.32,1248, 26697, 34.93
V2RETAIL, EQ, 21-Nov-2019,112.25,112.25,114.3,111.0, 111.85,111.8,112.48,19947,22.44,522, 11019, 55.24
VADILALIND, EQ, 21-Nov-2019,715.45,725.7,727.0,703.85, 713.00,713.8,717.23,17722,127.11,845, 8522, 48.09
VAIBHAVGBL, EQ, 21-Nov-2019,850.25,840.0,854.5,840.0, 851.00,853.2,852.93,2198,18.75,406, 1462, 66.52
VAKRANGEE, EQ, 21-Nov-2019,38.9,39.4,39.4,37.65, 37.85,37.95,38.43,4135359,1589.26,3757, 2994329, 72.41
VARDHACRLC, EQ, 21-Nov-2019,33.6,34.4,34.4,33.4, 33.50,33.7,33.62,19191,6.45,36, 17888, 93.21
VARROC, EQ, 21-Nov-2019,437.5,438.0,443.2,436.55, 440.00,439.8,440.44,6525,28.74,983, 3153, 48.32
VASCONEQ, EQ, 21-Nov-2019,12.45,12.5,12.75,12.4, 12.40,12.45,12.51,159161,19.9,336, 124127, 77.99
VASWANI, EQ, 21-Nov-2019,5.0,4.95,5.55,4.75, 5.30,5.25,5.04,7803,0.39,37, 6098, 78.15
VBL, EQ, 21-Nov-2019,729.55,732.9,740.0,725.7, 732.60,732.65,732.76,162726,1192.39,8121, 68952, 42.37
VEDL, EQ, 21-Nov-2019,141.45,142.0,142.35,138.8, 139.00,139.05,140.39,11986660,16827.65,53952, 3617950, 30.18
VENKEYS, EQ, 21-Nov-2019,1694.25,1698.6,1711.9,1665.0, 1672.00,1672.15,1687.2,62678,1057.5,5286, 19528, 31.16
VESUVIUS, EQ, 21-Nov-2019,1000.2,998.6,1011.35,995.85, 1001.00,1001.05,1002.46,1833,18.38,680, 1438, 78.45
VETO, EQ, 21-Nov-2019,45.65,45.25,47.15,45.0, 45.60,45.35,45.54,7343,3.34,203, 4967, 67.64
VGUARD, EQ, 21-Nov-2019,228.85,228.75,230.5,227.1, 227.15,227.45,228.69,131493,300.71,3427, 60367, 45.91
VHL, EQ, 21-Nov-2019,1471.1,1471.1,1480.95,1433.95, 1450.00,1450.0,1444.74,195,2.82,148, 81, 41.54
VIDHIING, EQ, 21-Nov-2019,61.55,61.6,63.35,60.55, 61.00,60.85,60.94,20574,12.54,172, 17412, 84.63
VIJIFIN, EQ, 21-Nov-2019,0.45,0.45,0.45,0.4, 0.45,0.45,0.41,44929,0.18,48, 41646, 92.69
VIKASECO, EQ, 21-Nov-2019,3.45,3.45,3.55,3.3, 3.35,3.35,3.36,335313,11.26,279, 224888, 67.07
VIKASPROP, EQ, 21-Nov-2019,4.55,4.6,4.6,4.6, 4.60,4.6,4.6,10126,0.47,19, 10126, 100.00
VIKASWSP, EQ, 21-Nov-2019,10.15,10.15,10.3,9.65, 9.90,9.75,9.94,426047,42.37,377, 253949, 59.61
VIMTALABS, EQ, 21-Nov-2019,108.35,112.95,116.9,102.5, 103.00,103.4,110.44,301576,333.05,4835, 93428, 30.98
VINATIORGA, EQ, 21-Nov-2019,1886.05,1894.0,1901.95,1886.0, 1894.00,1890.55,1893.61,22193,420.25,2390, 15433, 69.54
VINDHYATEL, EQ, 21-Nov-2019,817.8,818.6,838.1,805.25, 814.00,812.95,816.42,5168,42.19,457, 3228, 62.46
VINYLINDIA, EQ, 21-Nov-2019,64.1,64.4,65.5,62.6, 63.80,63.2,63.85,11864,7.58,317, 6981, 58.84
VIPCLOTHNG, EQ, 21-Nov-2019,7.8,7.8,7.9,7.5, 7.60,7.65,7.7,151661,11.69,259, 80884, 53.33
VIPIND, EQ, 21-Nov-2019,445.2,447.5,447.7,435.75, 437.00,437.8,440.31,72228,318.02,3148, 30313, 41.97
VIPULLTD, EQ, 21-Nov-2019,22.05,22.05,23.1,21.4, 22.00,22.0,21.88,72580,15.88,370, 3552, 4.89
VISAKAIND, EQ, 21-Nov-2019,250.65,249.0,253.6,245.1, 245.90,246.15,248.72,18190,45.24,1158, 10293, 56.59
VISHNU, EQ, 21-Nov-2019,121.0,123.9,124.0,120.0, 120.95,121.05,121.9,1615,1.97,79, 1069, 66.19
VISHWARAJ, EQ, 21-Nov-2019,69.15,69.15,70.5,67.0, 70.00,68.9,69.8,115764,80.81,553, 107409, 92.78
VIVIMEDLAB, EQ, 21-Nov-2019,12.35,12.35,13.2,12.2, 13.00,13.0,12.58,212739,26.77,871, 128431, 60.37
VLSFINANCE, EQ, 21-Nov-2019,54.5,54.5,55.4,54.1, 54.90,54.2,54.63,8604,4.7,187, 4210, 48.93
VMART, EQ, 21-Nov-2019,1721.4,1715.75,1715.75,1675.1, 1691.00,1699.05,1695.49,46432,787.25,1920, 41767, 89.95
VOLTAMP, EQ, 21-Nov-2019,1092.2,1090.0,1104.75,1090.0, 1100.00,1100.35,1099.53,3857,42.41,529, 3398, 88.10
VOLTAS, EQ, 21-Nov-2019,708.4,708.0,709.05,700.05, 704.00,703.5,703.62,500782,3523.62,14578, 177505, 35.45
VRLLOG, EQ, 21-Nov-2019,265.55,264.0,272.95,261.05, 266.95,269.55,265.9,88833,236.21,2673, 45093, 50.76
VSSL, EQ, 21-Nov-2019,68.0,64.2,67.8,64.2, 66.10,66.15,66.7,1573,1.05,55, 1291, 82.07
VSTIND, EQ, 21-Nov-2019,4402.85,4400.0,4493.95,4384.05, 4450.00,4424.75,4433.21,2032,90.08,663, 821, 40.40
VSTTILLERS, EQ, 21-Nov-2019,1148.2,1148.2,1165.0,1119.0, 1134.90,1134.6,1135.78,7041,79.97,1012, 5674, 80.59
VTL, EQ, 21-Nov-2019,898.9,904.2,919.95,869.0, 880.10,883.2,897.2,61930,555.64,2528, 56925, 91.92
WABAG, EQ, 21-Nov-2019,163.4,163.55,169.75,162.05, 166.00,166.05,166.03,161252,267.73,6705, 86689, 53.76
WABCOINDIA, EQ, 21-Nov-2019,6206.35,6227.15,6236.35,6201.0, 6208.00,6208.5,6211.61,986,61.25,211, 649, 65.82
WALCHANNAG, EQ, 21-Nov-2019,65.65,65.9,66.65,64.15, 64.50,64.4,65.23,232992,151.98,1962, 94451, 40.54
WATERBASE, EQ, 21-Nov-2019,117.0,117.8,118.65,114.0, 114.65,114.3,115.74,81405,94.22,1977, 31687, 38.93
WEBELSOLAR, EQ, 21-Nov-2019,22.5,21.8,23.4,21.8, 23.40,23.35,23.09,44212,10.21,322, 32615, 73.77
WEIZFOREX, EQ, 21-Nov-2019,263.85,264.05,267.65,260.2, 260.20,262.2,266.13,1020,2.71,68, 785, 76.96
WEIZMANIND, EQ, 21-Nov-2019,22.25,22.0,22.0,20.3, 21.00,21.0,20.97,13461,2.82,66, 11493, 85.38
WELCORP, EQ, 21-Nov-2019,136.3,137.2,137.95,135.15, 136.65,136.45,136.76,447212,611.61,5295, 329537, 73.69
WELENT, EQ, 21-Nov-2019,78.2,81.25,84.45,78.65, 79.30,79.55,81.88,316207,258.91,5207, 106396, 33.65
WELSPUNIND, EQ, 21-Nov-2019,53.5,54.0,55.0,53.3, 54.00,53.95,54.01,305792,165.17,2872, 190456, 62.28
WENDT, EQ, 21-Nov-2019,2950.6,2970.0,3020.0,2866.0, 3020.00,3005.55,2977.25,275,8.19,109, 184, 66.91
WESTLIFE, EQ, 21-Nov-2019,357.55,359.0,359.0,345.2, 346.00,348.3,351.68,40979,144.11,1401, 30461, 74.33
WHEELS, EQ, 21-Nov-2019,618.5,619.0,623.0,601.0, 603.50,606.25,610.98,2345,14.33,458, 1662, 70.87
WHIRLPOOL, EQ, 21-Nov-2019,2272.5,2273.0,2290.0,2161.05, 2165.00,2197.35,2243.81,65198,1462.92,11321, 46210, 70.88
WILLAMAGOR, EQ, 21-Nov-2019,13.7,13.45,14.25,13.05, 13.75,13.15,13.46,22388,3.01,143, 8508, 38.00
WIPRO, EQ, 21-Nov-2019,248.9,248.4,249.5,247.0, 247.25,247.55,247.96,1744098,4324.66,25752, 1035309, 59.36
WOCKPHARMA, EQ, 21-Nov-2019,275.75,278.0,280.0,263.2, 263.95,264.85,272.92,2151983,5873.15,69730, 517534, 24.05
WONDERLA, EQ, 21-Nov-2019,265.45,267.9,267.9,265.0, 265.00,265.1,265.27,20200,53.58,421, 13892, 68.77
WSTCSTPAPR, EQ, 21-Nov-2019,207.6,206.25,211.9,206.25, 209.00,209.1,209.72,64553,135.38,1652, 36149, 56.00
XCHANGING, EQ, 21-Nov-2019,53.75,53.05,53.75,52.25, 52.50,52.5,53.22,12978,6.91,123, 9129, 70.34
XELPMOC, EQ, 21-Nov-2019,66.0,65.25,68.7,65.1, 65.10,65.1,65.65,1351,0.89,146, 676, 50.04
XPROINDIA, EQ, 21-Nov-2019,22.4,22.0,22.5,21.1, 21.60,22.0,21.5,933,0.2,59, 800, 85.74
YESBANK, EQ, 21-Nov-2019,65.85,66.9,66.9,63.8, 63.80,64.25,65.0,133531524,86794.64,318722, 22387002, 16.77
ZEEL, EQ, 21-Nov-2019,307.0,337.7,364.0,320.2, 343.00,345.15,337.95,100218862,338685.29,699898, 23719948, 23.67
ZEELEARN, EQ, 21-Nov-2019,26.0,26.8,27.65,25.6, 25.85,25.8,26.57,380026,100.98,1950, 267324, 70.34
ZENITHEXPO, EQ, 21-Nov-2019,40.45,40.05,42.45,40.05, 40.35,40.35,40.23,129,0.05,7, 109, 84.50
ZENSARTECH, EQ, 21-Nov-2019,187.65,187.65,191.75,183.7, 190.00,190.2,188.33,149211,281.01,9590, 61838, 41.44
ZENTEC, EQ, 21-Nov-2019,61.95,61.0,61.6,60.0, 60.00,60.2,60.62,21468,13.01,325, 17913, 83.44
ZODIACLOTH, EQ, 21-Nov-2019,188.1,185.15,189.95,185.1, 189.95,189.95,185.29,31,0.06,6, 30, 96.77
ZODJRDMKJ, EQ, 21-Nov-2019,30.75,29.5,32.9,29.5, 31.00,31.95,32.1,930,0.3,44, 631, 67.85
ZOTA, EQ, 21-Nov-2019,185.0,185.75,188.95,184.0, 184.00,185.8,186.76,29664,55.4,290, 8234, 27.76
ZUARI, EQ, 21-Nov-2019,95.0,96.75,99.8,95.1, 97.30,96.5,97.43,54086,52.7,1005, 27995, 51.76
ZUARIGLOB, EQ, 21-Nov-2019,51.5,50.9,53.0,50.55, 51.30,51.4,51.87,19189,9.95,355, 8872, 46.23
ZYDUSWELL, EQ, 21-Nov-2019,1489.5,1489.5,1518.9,1461.0, 1510.00,1510.3,1490.45,16608,247.53,2605, 8315, 50.07
