SYMBOL,SERIES,DATE1,PREV_CLOSE,OPEN_PRICE,HIGH_PRICE,LOW_PRICE,LAST_PRICE,CLOSE_PRICE,AVG_PRICE,TTL_TRD_QNTY,TURNOVER_LACS,NO_OF_TRADES,DELIV_QTY,DELIV_PER
20MICRONS, EQ, 25-Oct-2019,36.9,37.55,38.05,36.1, 36.15,36.15,37.37,59862,22.37,362, 46083, 76.98
21STCENMGM, EQ, 25-Oct-2019,12.9,12.9,12.9,12.9, 12.90,12.9,12.9,200,0.03,1, 200, 100.00
3IINFOTECH, EQ, 25-Oct-2019,2.05,2.0,2.05,1.95, 2.00,1.95,2.0,1254571,25.11,475, 722967, 57.63
3MINDIA, EQ, 25-Oct-2019,21261.05,21201.0,22065.0,20902.15, 21720.00,21898.1,21662.26,4425,958.55,1827, 2121, 47.93
5PAISA, EQ, 25-Oct-2019,162.5,162.3,166.9,159.0, 161.00,160.5,160.79,3034,4.88,233, 2035, 67.07
63MOONS, EQ, 25-Oct-2019,118.45,119.25,125.75,118.1, 122.40,122.45,122.58,187223,229.51,3227, 67730, 36.18
A2ZINFRA, EQ, 25-Oct-2019,8.9,8.9,9.1,8.45, 8.45,8.5,8.73,469179,40.97,763, 332366, 70.84
AARTIDRUGS, EQ, 25-Oct-2019,526.3,528.0,533.9,519.0, 520.00,520.55,523.12,15309,80.08,1528, 7598, 49.63
AARTIIND, EQ, 25-Oct-2019,868.55,870.0,892.0,855.0, 869.00,869.95,869.88,121764,1059.2,7199, 80074, 65.76
AARVEEDEN, EQ, 25-Oct-2019,14.25,14.65,14.65,13.95, 14.30,14.3,14.23,1327,0.19,18, 1323, 99.70
AAVAS, EQ, 25-Oct-2019,1632.25,1659.0,1659.0,1585.7, 1588.00,1624.1,1625.33,49684,807.53,4760, 15760, 31.72
ABB, EQ, 25-Oct-2019,1513.9,1520.0,1528.15,1481.6, 1495.00,1495.25,1499.94,27316,409.72,2702, 9179, 33.60
ABBOTINDIA, EQ, 25-Oct-2019,11112.05,11200.0,11494.0,11126.0, 11349.85,11407.25,11386.35,15152,1725.26,4349, 6946, 45.84
ABCAPITAL, EQ, 25-Oct-2019,80.9,81.5,81.7,78.75, 79.00,79.05,79.53,1365709,1086.17,22188, 904646, 66.24
ABFRL, EQ, 25-Oct-2019,202.45,203.0,205.4,201.3, 204.15,203.95,203.98,277592,566.23,3535, 203826, 73.43
ABSLNN50ET, EQ, 25-Oct-2019,282.0,283.22,283.22,283.0, 283.00,283.0,283.18,6,0.02,2, 6, 100.00
ACC, EQ, 25-Oct-2019,1519.1,1524.0,1524.95,1501.0, 1519.50,1518.4,1515.97,645397,9784.01,23469, 166554, 25.81
ACCELYA, EQ, 25-Oct-2019,949.8,958.3,976.4,921.2, 921.50,934.85,953.36,48254,460.04,2092, 40918, 84.80
ACE, EQ, 25-Oct-2019,80.0,80.0,80.85,80.0, 80.70,80.45,80.21,50607,40.59,365, 35830, 70.80
ADANIENT, EQ, 25-Oct-2019,179.0,179.5,183.7,177.2, 180.65,181.3,181.1,7857185,14229.63,42181, 1040633, 13.24
ADANIGAS, EQ, 25-Oct-2019,145.7,145.8,149.45,144.75, 146.65,146.75,147.49,712618,1051.05,8585, 243782, 34.21
ADANIGREEN, EQ, 25-Oct-2019,86.15,85.9,93.1,85.0, 89.40,88.95,89.97,3192580,2872.42,22114, 1079285, 33.81
ADANIPORTS, EQ, 25-Oct-2019,399.15,402.95,402.95,396.85, 397.60,398.95,399.82,3272059,13082.2,27005, 1473825, 45.04
ADANIPOWER, EQ, 25-Oct-2019,63.45,63.5,65.0,63.15, 64.15,64.2,64.23,6767043,4346.17,20900, 817292, 12.08
ADANITRANS, EQ, 25-Oct-2019,265.35,266.1,273.7,261.0, 262.60,262.55,266.19,354670,944.09,7019, 148541, 41.88
ADFFOODS, EQ, 25-Oct-2019,254.0,252.3,271.45,250.1, 269.00,263.2,260.7,60826,158.57,2961, 22835, 37.54
ADHUNIKIND, EQ, 25-Oct-2019,111.05,111.1,114.9,108.1, 113.50,113.7,111.13,43137,47.94,1489, 26063, 60.42
ADLABS, EQ, 25-Oct-2019,2.0,2.1,2.1,2.1, 2.10,2.1,2.1,15963,0.34,21, 15963, 100.00
ADORWELD, EQ, 25-Oct-2019,311.15,306.05,313.85,306.0, 307.00,307.25,309.44,1579,4.89,105, 1085, 68.71
ADSL, EQ, 25-Oct-2019,13.25,13.15,13.35,13.05, 13.20,13.15,13.16,33206,4.37,84, 21740, 65.47
ADVANIHOTR, EQ, 25-Oct-2019,54.05,54.1,55.8,54.1, 54.60,54.85,55.1,1805,0.99,38, 1512, 83.77
ADVENZYMES, EQ, 25-Oct-2019,160.4,161.4,162.65,157.05, 160.75,160.75,160.15,50262,80.49,2278, 21619, 43.01
AEGISCHEM, EQ, 25-Oct-2019,170.1,171.5,174.45,162.0, 167.00,164.15,166.04,186877,310.28,7174, 120267, 64.36
AFFLE, EQ, 25-Oct-2019,1362.95,1370.0,1438.0,1360.5, 1435.00,1420.75,1409.11,291922,4113.51,19921, 90547, 31.02
AGARIND, EQ, 25-Oct-2019,115.25,117.0,119.25,117.0, 118.20,118.25,118.21,3923,4.64,58, 3789, 96.58
AGRITECH, EQ, 25-Oct-2019,48.65,48.0,49.55,47.5, 47.50,47.6,48.24,7496,3.62,146, 4109, 54.82
AGROPHOS, EQ, 25-Oct-2019,114.15,114.45,115.3,114.4, 115.00,114.9,114.99,550571,633.1,48393, 167666, 30.45
AHLEAST, EQ, 25-Oct-2019,177.95,182.0,182.95,176.15, 176.15,178.05,179.92,97,0.17,67, 18, 18.56
AHLUCONT, EQ, 25-Oct-2019,289.3,295.95,297.7,285.25, 292.00,294.9,294.68,2395,7.06,544, 1766, 73.74
AHLWEST, EQ, 25-Oct-2019,280.0,282.0,295.0,278.0, 295.00,291.65,285.28,349,1.0,108, 84, 24.07
AIAENG, EQ, 25-Oct-2019,1661.3,1661.3,1680.7,1641.0, 1672.50,1672.7,1669.3,15163,253.12,9034, 11754, 77.52
AIONJSW, EQ, 25-Oct-2019,10.05,10.3,10.3,9.85, 9.90,9.95,9.98,39258,3.92,99, 35953, 91.58
AIRAN, EQ, 25-Oct-2019,13.0,13.6,13.6,12.75, 13.00,13.0,12.85,7050,0.91,19, 5043, 71.53
AJANTPHARM, EQ, 25-Oct-2019,995.45,1002.9,1006.95,982.7, 992.90,990.5,992.32,29239,290.15,1911, 9722, 33.25
AJMERA, EQ, 25-Oct-2019,114.95,114.85,115.7,112.6, 113.85,114.05,114.15,19473,22.23,526, 15125, 77.67
AKASH, EQ, 25-Oct-2019,58.15,58.25,61.05,58.25, 61.05,61.05,58.36,2008,1.17,10, 3, 0.15
AKSHARCHEM, EQ, 25-Oct-2019,207.55,214.4,214.4,200.25, 202.00,201.75,205.7,2009,4.13,197, 1286, 64.01
AKSHOPTFBR, EQ, 25-Oct-2019,7.05,7.15,7.3,6.9, 7.15,7.15,7.09,179708,12.75,373, 113492, 63.15
AKZOINDIA, EQ, 25-Oct-2019,2005.85,2048.95,2048.95,2002.9, 2045.00,2031.35,2025.27,7649,154.91,1330, 4567, 59.71
ALANKIT, EQ, 25-Oct-2019,15.1,12.95,13.95,12.1, 12.10,12.1,12.42,886606,110.11,1458, 417589, 47.10
ALBERTDAVD, EQ, 25-Oct-2019,359.25,353.95,359.9,346.2, 348.00,351.5,353.75,1593,5.64,105, 1264, 79.35
ALBK, EQ, 25-Oct-2019,25.8,25.6,25.85,25.0, 25.45,25.25,25.37,638143,161.89,4328, 186284, 29.19
ALEMBICLTD, EQ, 25-Oct-2019,50.8,51.7,52.4,50.0, 50.85,50.8,50.97,142228,72.49,1033, 92328, 64.92
ALICON, EQ, 25-Oct-2019,383.3,375.8,383.95,373.5, 379.00,377.6,378.78,768,2.91,51, 560, 72.92
ALKALI, EQ, 25-Oct-2019,43.55,43.75,44.5,43.15, 43.80,43.35,43.5,3460,1.51,62, 2650, 76.59
ALKEM, EQ, 25-Oct-2019,1968.7,1986.95,1989.95,1948.1, 1960.00,1960.2,1959.46,13429,263.14,2641, 9364, 69.73
ALKYLAMINE, EQ, 25-Oct-2019,922.9,922.05,922.05,908.0, 914.00,917.8,916.84,6272,57.5,549, 4088, 65.18
ALLCARGO, EQ, 25-Oct-2019,99.25,99.1,99.75,97.9, 98.10,98.45,98.52,58826,57.96,997, 33034, 56.16
ALLSEC, EQ, 25-Oct-2019,300.2,302.95,303.0,294.95, 295.55,295.55,295.81,4410,13.05,246, 2074, 47.03
ALMONDZ, EQ, 25-Oct-2019,9.4,9.85,9.85,9.85, 9.85,9.85,9.85,1,0.0,1, 1, 100.00
ALOKTEXT, EQ, 25-Oct-2019,1.5,1.5,1.5,1.45, 1.50,1.45,1.47,3474556,51.2,921, 3134547, 90.21
ALPA, EQ, 25-Oct-2019,14.2,14.35,14.35,13.9, 14.20,13.95,14.07,19856,2.79,223, 15340, 77.26
ALPHAGEO, EQ, 25-Oct-2019,183.35,182.45,183.85,178.1, 181.40,182.2,181.9,5857,10.65,194, 4997, 85.32
AMARAJABAT, EQ, 25-Oct-2019,655.8,655.15,663.4,648.7, 649.00,651.35,655.98,172095,1128.91,5695, 26572, 15.44
AMBER, EQ, 25-Oct-2019,986.3,992.95,1024.0,980.05, 993.50,991.0,1002.72,56031,561.83,3897, 27504, 49.09
AMBIKCO, EQ, 25-Oct-2019,906.55,919.95,920.7,909.0, 916.00,920.0,916.2,2323,21.28,249, 1526, 65.69
AMBUJACEM, EQ, 25-Oct-2019,197.65,198.2,199.1,195.3, 197.15,197.45,197.58,2875494,5681.32,22940, 1577778, 54.87
AMDIND, EQ, 25-Oct-2019,14.95,14.9,15.2,14.6, 15.00,14.95,14.79,5337,0.79,90, 3752, 70.30
AMJLAND, EQ, 25-Oct-2019,18.45,18.0,19.0,17.5, 18.60,18.75,18.43,3102,0.57,48, 2731, 88.04
AMRUTANJAN, EQ, 25-Oct-2019,403.05,405.0,414.0,394.75, 410.00,409.8,406.74,58908,239.6,3002, 30286, 51.41
ANANTRAJ, EQ, 25-Oct-2019,31.35,31.4,31.9,31.4, 31.55,31.55,31.55,142093,44.83,530, 116995, 82.34
ANDHRABANK, EQ, 25-Oct-2019,16.15,16.3,16.3,16.05, 16.10,16.1,16.16,247562,40.01,1242, 115744, 46.75
ANDHRSUGAR, EQ, 25-Oct-2019,267.25,270.9,271.75,263.7, 264.10,264.1,265.63,10781,28.64,688, 8888, 82.44
ANIKINDS, EQ, 25-Oct-2019,6.4,6.55,6.7,6.55, 6.60,6.6,6.68,7832,0.52,26, 7797, 99.55
ANSALAPI, EQ, 25-Oct-2019,4.15,4.15,4.2,3.95, 4.10,4.0,4.04,39424,1.59,98, 25437, 64.52
ANSALHSG, EQ, 25-Oct-2019,4.45,4.45,4.55,4.25, 4.45,4.4,4.38,10448,0.46,96, 7155, 68.48
ANUP, EQ, 25-Oct-2019,475.5,478.9,491.0,464.1, 470.00,470.25,474.33,13895,65.91,909, 10844, 78.04
APARINDS, EQ, 25-Oct-2019,526.5,512.2,548.0,512.2, 535.00,531.9,528.4,13734,72.57,587, 8905, 64.84
APCL, EQ, 25-Oct-2019,140.25,138.25,144.5,138.2, 144.30,143.85,142.8,1409,2.01,79, 896, 63.59
APCOTEXIND, EQ, 25-Oct-2019,175.2,174.2,175.9,171.0, 171.30,171.2,172.21,26635,45.87,662, 20494, 76.94
APEX, EQ, 25-Oct-2019,233.55,233.55,236.4,228.0, 230.00,229.25,232.06,38452,89.23,1204, 15684, 40.79
APLAPOLLO, EQ, 25-Oct-2019,1392.15,1375.0,1400.0,1375.0, 1393.00,1388.05,1388.25,9331,129.54,1627, 6383, 68.41
APLLTD, EQ, 25-Oct-2019,542.9,554.1,564.0,532.55, 534.30,539.65,538.43,935420,5036.55,10261, 838557, 89.64
APOLLO, EQ, 25-Oct-2019,66.7,66.8,69.3,66.7, 69.20,69.05,68.8,23590,16.23,531, 18584, 78.78
APOLLOHOSP, EQ, 25-Oct-2019,1536.8,1540.0,1543.3,1507.35, 1522.50,1519.35,1520.29,289340,4398.8,14672, 100024, 34.57
APOLLOTYRE, EQ, 25-Oct-2019,181.7,182.8,184.2,178.95, 182.00,181.0,181.74,2541205,4618.45,16538, 146036, 5.75
APOLSINHOT, EQ, 25-Oct-2019,782.8,771.05,791.45,771.0, 785.90,784.15,778.71,431,3.36,89, 292, 67.75
APTECHT, EQ, 25-Oct-2019,173.65,173.8,174.85,155.7, 160.20,160.6,164.48,368762,606.55,6732, 156527, 42.45
ARCHIDPLY, EQ, 25-Oct-2019,27.3,27.8,28.5,26.2, 26.25,26.4,27.02,6698,1.81,200, 3345, 49.94
ARIES, EQ, 25-Oct-2019,59.8,59.8,60.4,58.3, 58.45,58.7,59.16,5645,3.34,241, 3154, 55.87
ARIHANT, EQ, 25-Oct-2019,17.1,17.1,18.45,17.1, 18.40,18.4,17.46,87,0.02,4, 87, 100.00
ARMANFIN, EQ, 25-Oct-2019,527.9,531.45,531.45,519.0, 520.40,523.25,524.01,3924,20.56,322, 2242, 57.14
AROGRANITE, EQ, 25-Oct-2019,40.1,43.45,43.45,38.15, 39.00,39.45,39.96,6436,2.57,103, 3720, 57.80
ARROWGREEN, EQ, 25-Oct-2019,53.2,55.75,55.75,50.8, 52.00,52.2,52.45,1052,0.55,63, 623, 59.22
ARROWTEX, EQ, 25-Oct-2019,9.7,9.75,10.0,9.75, 9.95,9.75,9.76,1655,0.16,15, 1635, 98.79
ARSHIYA, EQ, 25-Oct-2019,18.45,18.0,18.95,17.9, 18.10,18.2,18.0,15914,2.87,52, 13444, 84.48
ARSSINFRA, EQ, 25-Oct-2019,23.15,22.0,22.55,22.0, 22.00,22.0,22.1,12514,2.77,88, 9727, 77.73
ARVIND, EQ, 25-Oct-2019,45.45,44.9,47.5,44.5, 45.30,45.6,46.12,2075568,957.3,17682, 328761, 15.84
ARVINDFASN, EQ, 25-Oct-2019,460.0,454.8,460.0,439.0, 451.00,451.4,454.45,18357,83.42,4132, 10576, 57.61
ARVSMART, EQ, 25-Oct-2019,95.75,95.75,97.05,92.4, 93.10,93.4,93.65,6199,5.81,320, 4118, 66.43
ASAHIINDIA, EQ, 25-Oct-2019,202.1,200.05,203.6,198.95, 200.50,200.6,200.32,5894,11.81,237, 4349, 73.79
ASAHISONG, EQ, 25-Oct-2019,159.55,161.0,162.0,154.0, 154.00,155.05,156.56,2579,4.04,150, 1542, 59.79
ASAL, EQ, 25-Oct-2019,30.25,30.85,30.9,30.1, 30.10,30.1,30.37,2526,0.77,31, 1564, 61.92
ASHIANA, EQ, 25-Oct-2019,93.2,94.4,94.4,93.05, 93.10,93.3,93.41,12640,11.81,590, 9182, 72.64
ASHIMASYN, EQ, 25-Oct-2019,7.65,7.15,8.15,7.15, 7.80,7.85,7.62,42636,3.25,199, 31711, 74.38
ASHOKA, EQ, 25-Oct-2019,104.25,105.5,106.8,102.15, 104.75,105.15,104.82,205353,215.25,3101, 60362, 29.39
ASHOKLEY, EQ, 25-Oct-2019,75.85,75.6,75.65,73.15, 74.65,74.7,74.27,21594910,16038.24,63474, 2897462, 13.42
ASIANHOTNR, EQ, 25-Oct-2019,101.7,105.0,105.0,100.0, 100.00,100.0,100.79,14,0.01,9, 11, 78.57
ASIANPAINT, EQ, 25-Oct-2019,1790.5,1797.0,1808.4,1785.05, 1795.50,1796.3,1798.29,1202154,21618.2,92434, 502378, 41.79
ASIANTILES, EQ, 25-Oct-2019,237.25,233.05,250.6,233.05, 239.20,241.25,241.5,88521,213.78,3036, 28837, 32.58
ASPINWALL, EQ, 25-Oct-2019,136.55,139.85,140.0,135.0, 138.00,138.0,139.08,1175,1.63,57, 933, 79.40
ASTEC, EQ, 25-Oct-2019,344.95,340.5,395.0,339.55, 365.30,367.75,373.19,42814,159.78,2726, 8533, 19.93
ASTERDM, EQ, 25-Oct-2019,124.95,125.95,126.0,123.75, 124.80,125.55,125.06,33737,42.19,536, 24180, 71.67
ASTRAL, EQ, 25-Oct-2019,1134.4,1175.0,1185.0,1120.0, 1124.00,1123.8,1141.15,243013,2773.14,6559, 175113, 72.06
ASTRAMICRO, EQ, 25-Oct-2019,76.0,76.2,77.0,75.65, 76.00,76.1,76.12,10372,7.9,181, 7264, 70.03
ASTRAZEN, EQ, 25-Oct-2019,2455.5,2461.9,2535.0,2454.0, 2493.25,2504.4,2496.02,11174,278.91,2253, 3413, 30.54
ASTRON, EQ, 25-Oct-2019,94.65,95.4,96.7,91.8, 92.25,92.45,93.69,410276,384.4,3852, 232710, 56.72
ATFL, EQ, 25-Oct-2019,569.7,571.3,617.0,560.3, 591.20,592.4,598.7,40912,244.94,2819, 20778, 50.79
ATUL, EQ, 25-Oct-2019,4306.1,4312.0,4347.0,4221.2, 4250.00,4251.6,4277.11,39154,1674.66,8489, 11439, 29.22
ATULAUTO, EQ, 25-Oct-2019,223.15,226.35,226.8,220.5, 221.35,222.65,221.9,6272,13.92,271, 4624, 73.72
AUBANK, EQ, 25-Oct-2019,681.75,680.0,694.95,673.0, 690.00,688.4,687.11,486059,3339.74,24748, 363284, 74.74
AURIONPRO, EQ, 25-Oct-2019,78.95,76.5,79.7,76.25, 76.25,76.65,78.31,2003,1.57,42, 1269, 63.35
AUROPHARMA, EQ, 25-Oct-2019,469.3,466.5,475.0,463.0, 468.95,470.75,468.41,3181241,14901.22,41800, 966930, 30.39
AUSOMENT, EQ, 25-Oct-2019,28.15,29.0,29.0,27.0, 28.50,28.5,27.77,343,0.1,24, 328, 95.63
AUTOAXLES, EQ, 25-Oct-2019,911.15,911.05,938.4,908.0, 909.00,911.8,922.46,9027,83.27,836, 5062, 56.08
AUTOIND, EQ, 25-Oct-2019,22.45,22.25,22.85,22.2, 22.30,22.2,22.31,14768,3.3,70, 11622, 78.70
AUTOLITIND, EQ, 25-Oct-2019,20.05,21.15,21.15,19.45, 19.65,19.85,19.74,1283,0.25,46, 735, 57.29
AVADHSUGAR, EQ, 25-Oct-2019,268.65,269.9,269.9,260.0, 263.00,263.65,264.04,37588,99.25,1565, 16836, 44.79
AVANTIFEED, EQ, 25-Oct-2019,446.25,450.9,450.9,436.7, 442.00,440.9,443.1,227282,1007.1,8293, 77711, 34.19
AVTNPL, EQ, 25-Oct-2019,25.2,24.75,25.4,23.35, 23.60,23.8,24.03,41547,9.99,257, 31580, 76.01
AXISBANK, EQ, 25-Oct-2019,707.7,708.0,711.0,695.0, 709.85,708.6,702.61,8226456,57800.12,119946, 2701413, 32.84
AXISCADES, EQ, 25-Oct-2019,72.25,71.6,73.5,71.5, 72.00,72.2,72.44,31359,22.72,675, 25066, 79.93
AXISGOLD, EQ, 25-Oct-2019,3350.9,3356.55,3420.05,3356.55, 3410.00,3412.15,3395.39,2143,72.76,479, 1350, 63.00
AXISNIFTY, EQ, 25-Oct-2019,1193.12,1189.43,1202.27,1189.43, 1196.00,1195.99,1196.95,336,4.02,15, 302, 89.88
AYMSYNTEX, EQ, 25-Oct-2019,31.5,30.0,32.5,30.0, 32.50,32.5,31.54,1674,0.53,33, 750, 44.80
BAGFILMS, EQ, 25-Oct-2019,1.75,1.7,1.8,1.7, 1.70,1.7,1.72,183237,3.14,117, 118052, 64.43
BAJAJ-AUTO, EQ, 25-Oct-2019,3167.85,3187.15,3187.15,3110.0, 3133.75,3129.65,3135.1,369730,11591.4,29691, 61291, 16.58
BAJAJCON, EQ, 25-Oct-2019,238.1,237.05,246.4,237.0, 240.05,239.05,240.07,329242,790.42,5445, 191262, 58.09
BAJAJELEC, EQ, 25-Oct-2019,382.75,384.75,386.9,370.0, 376.50,375.7,377.29,89674,338.33,4237, 30298, 33.79
BAJAJFINSV, EQ, 25-Oct-2019,8091.0,8141.0,8160.0,7852.0, 7978.00,7972.15,8011.76,354844,28429.25,40102, 67233, 18.95
BAJAJHIND, EQ, 25-Oct-2019,6.05,6.1,6.2,6.0, 6.05,6.05,6.07,764902,46.43,666, 392093, 51.26
BAJAJHLDNG, EQ, 25-Oct-2019,3666.1,3705.0,3716.0,3631.0, 3631.00,3651.2,3667.07,11937,437.74,3131, 7622, 63.85
BAJFINANCE, EQ, 25-Oct-2019,4026.15,4037.8,4063.85,3900.0, 3979.00,3987.25,3991.92,1758098,70181.86,92133, 228268, 12.98
BALAJITELE, EQ, 25-Oct-2019,48.35,49.8,49.8,48.35, 48.55,48.85,48.93,21772,10.65,237, 15991, 73.45
BALAMINES, EQ, 25-Oct-2019,330.05,333.7,333.7,317.95, 320.25,320.55,326.49,13728,44.82,778, 8093, 58.95
BALAXI, EQ, 25-Oct-2019,82.95,86.95,87.0,78.95, 78.95,78.95,84.79,362,0.31,12, 234, 64.64
BALKRISIND, EQ, 25-Oct-2019,835.0,839.0,850.0,825.0, 841.90,839.65,841.24,546606,4598.25,12604, 72321, 13.23
BALLARPUR, EQ, 25-Oct-2019,0.5,0.45,0.5,0.45, 0.50,0.45,0.46,3717221,17.04,547, 3587941, 96.52
BALMLAWRIE, EQ, 25-Oct-2019,182.85,184.0,184.85,180.35, 181.50,181.5,182.84,62226,113.77,1623, 33795, 54.31
BALPHARMA, EQ, 25-Oct-2019,37.85,37.35,38.5,37.25, 37.30,37.3,37.52,4049,1.52,68, 3657, 90.32
BALRAMCHIN, EQ, 25-Oct-2019,157.55,158.55,158.65,152.25, 153.40,153.75,155.02,496080,769.01,11651, 226736, 45.71
BANARBEADS, EQ, 25-Oct-2019,28.25,30.0,31.05,30.0, 31.05,31.05,30.98,5451,1.69,47, 5451, 100.00
BANARISUG, EQ, 25-Oct-2019,1116.9,1123.95,1125.0,1100.0, 1100.00,1107.65,1107.79,173,1.92,38, 168, 97.11
BANCOINDIA, EQ, 25-Oct-2019,104.1,105.1,109.4,102.2, 103.65,103.7,105.58,202694,214.01,4286, 140212, 69.17
BANDHANBNK, EQ, 25-Oct-2019,570.55,577.05,599.0,577.05, 593.20,594.85,591.06,2512565,14850.71,49836, 1384358, 55.10
BANG, EQ, 25-Oct-2019,17.8,19.5,19.5,16.8, 18.00,18.0,17.91,2184,0.39,121, 1375, 62.96
BANKBARODA, EQ, 25-Oct-2019,89.9,90.0,92.15,88.7, 91.50,91.55,90.38,31767476,28711.78,64884, 4921761, 15.49
BANKBEES, EQ, 25-Oct-2019,2975.6,2992.0,3010.0,2957.0, 3004.79,3006.61,2970.64,22455,667.06,602, 18336, 81.66
BANKINDIA, EQ, 25-Oct-2019,64.05,64.1,66.45,63.05, 65.85,65.85,64.83,8463208,5486.91,20403, 455711, 5.38
BANSWRAS, EQ, 25-Oct-2019,68.05,67.2,69.75,66.85, 69.75,68.85,68.42,3203,2.19,35, 1960, 61.19
BASF, EQ, 25-Oct-2019,961.4,968.7,968.7,951.05, 955.00,954.45,959.34,5738,55.05,490, 3878, 67.58
BASML, EQ, 25-Oct-2019,152.5,151.0,157.5,147.2, 157.10,156.8,155.54,859,1.34,31, 843, 98.14
BATAINDIA, EQ, 25-Oct-2019,1789.7,1777.3,1797.0,1754.55, 1762.45,1763.5,1777.99,594439,10569.08,24393, 214772, 36.13
BAYERCROP, EQ, 25-Oct-2019,3339.15,3348.0,3358.0,3226.0, 3226.00,3252.0,3276.59,4517,148.0,2411, 2831, 62.67
BBL, EQ, 25-Oct-2019,870.25,868.05,880.0,843.0, 860.00,857.0,855.49,9478,81.08,1111, 4669, 49.26
BBTC, EQ, 25-Oct-2019,1185.05,1182.15,1196.4,1160.1, 1170.00,1168.25,1173.56,89312,1048.13,4891, 24394, 27.31
BCG, EQ, 25-Oct-2019,2.55,2.5,2.8,2.5, 2.75,2.75,2.73,918421,25.1,434, 627631, 68.34
BCP, EQ, 25-Oct-2019,7.95,7.8,7.9,7.8, 7.80,7.8,7.82,19918,1.56,33, 13657, 68.57
BDL, EQ, 25-Oct-2019,290.65,292.8,299.95,288.1, 298.90,296.75,296.06,37571,111.23,1722, 20986, 55.86
BEARDSELL, EQ, 25-Oct-2019,10.2,10.55,10.85,9.5, 10.45,10.1,9.94,4140,0.41,114, 2455, 59.30
BEDMUTHA, EQ, 25-Oct-2019,11.0,11.0,11.25,10.25, 11.15,11.15,10.82,2841,0.31,29, 1678, 59.06
BEL, EQ, 25-Oct-2019,115.95,116.0,117.25,114.65, 116.15,116.7,116.16,7575021,8799.18,37959, 3256402, 42.99
BEML, EQ, 25-Oct-2019,942.65,947.0,968.0,936.3, 945.75,946.1,953.7,637168,6076.67,19475, 47262, 7.42
BEPL, EQ, 25-Oct-2019,49.1,48.9,49.1,47.2, 47.45,47.65,48.09,343470,165.18,4436, 144342, 42.02
BERGEPAINT, EQ, 25-Oct-2019,489.2,489.95,501.95,486.4, 491.80,492.1,493.81,2557982,12631.63,46480, 1131320, 44.23
BFINVEST, EQ, 25-Oct-2019,295.85,297.0,300.5,288.0, 291.00,290.85,293.14,77473,227.1,3011, 26686, 34.45
BFUTILITIE, EQ, 25-Oct-2019,215.6,216.6,221.5,208.9, 212.25,211.4,214.21,422664,905.38,11530, 81155, 19.20
BGRENERGY, EQ, 25-Oct-2019,31.45,31.35,31.8,31.0, 31.10,31.15,31.21,46189,14.41,470, 30187, 65.36
BHAGERIA, EQ, 25-Oct-2019,107.4,108.4,108.4,106.25, 106.25,106.55,107.18,7685,8.24,218, 4490, 58.43
BHAGYANGR, EQ, 25-Oct-2019,19.0,18.75,19.55,18.75, 19.00,19.05,19.08,1696,0.32,32, 971, 57.25
BHAGYAPROP, EQ, 25-Oct-2019,20.5,19.1,21.3,18.3, 20.00,20.0,20.02,961,0.19,12, 945, 98.34
BHANDARI, EQ, 25-Oct-2019,1.1,1.05,1.1,1.05, 1.05,1.05,1.06,25652,0.27,41, 18792, 73.26
BHARATFORG, EQ, 25-Oct-2019,451.2,453.8,454.9,446.7, 451.15,451.8,451.14,890806,4018.74,17199, 258775, 29.05
BHARATGEAR, EQ, 25-Oct-2019,58.45,59.95,59.95,56.15, 56.70,56.8,57.39,6450,3.7,211, 4533, 70.28
BHARATRAS, EQ, 25-Oct-2019,6028.4,6028.4,6099.9,5900.0, 5925.00,5935.9,5990.0,564,33.78,217, 376, 66.67
BHARATWIRE, EQ, 25-Oct-2019,34.2,33.7,35.5,30.9, 34.00,33.55,32.31,16981,5.49,170, 9619, 56.65
BHARTIARTL, EQ, 25-Oct-2019,372.35,369.9,378.4,362.6, 372.25,375.15,369.89,27754837,102661.99,211920, 11448260, 41.25
BHEL, EQ, 25-Oct-2019,51.3,51.3,52.4,49.65, 51.10,50.95,51.23,28474020,14587.79,47521, 7602253, 26.70
BIGBLOC, EQ, 25-Oct-2019,22.45,22.0,23.5,22.0, 23.00,23.0,22.17,123,0.03,12, 116, 94.31
BIL, EQ, 25-Oct-2019,133.0,130.0,136.85,130.0, 130.70,130.7,132.39,362,0.48,75, 161, 44.48
BINDALAGRO, EQ, 25-Oct-2019,9.25,9.2,9.75,9.2, 9.70,9.55,9.54,3937,0.38,69, 3378, 85.80
BIOCON, EQ, 25-Oct-2019,245.05,244.15,245.05,236.15, 242.00,241.65,239.95,8084796,19399.64,54566, 3732140, 46.16
BIRLACABLE, EQ, 25-Oct-2019,53.35,53.3,56.2,52.0, 53.90,53.65,54.23,87268,47.33,1278, 22855, 26.19
BIRLACORPN, EQ, 25-Oct-2019,578.8,583.8,587.25,562.15, 565.00,566.0,570.91,27477,156.87,3164, 17650, 64.24
BIRLAMONEY, EQ, 25-Oct-2019,36.65,35.7,36.85,35.3, 35.60,35.7,35.82,62534,22.4,522, 23461, 37.52
BKMINDST, EQ, 25-Oct-2019,0.85,0.85,0.9,0.8, 0.80,0.8,0.82,2916,0.02,14, 2916, 100.00
BLBLIMITED, EQ, 25-Oct-2019,3.5,3.5,3.5,3.35, 3.35,3.35,3.5,562,0.02,5, 561, 99.82
BLISSGVS, EQ, 25-Oct-2019,137.65,137.6,138.95,132.85, 137.20,136.05,136.3,59841,81.56,659, 24533, 41.00
BLKASHYAP, EQ, 25-Oct-2019,7.75,8.1,8.1,7.5, 8.10,8.1,8.03,55465,4.45,90, 49100, 88.52
BLS, EQ, 25-Oct-2019,74.35,72.7,73.9,72.6, 73.80,73.1,73.18,16452,12.04,342, 10850, 65.95
BLUEDART, EQ, 25-Oct-2019,2300.0,2303.05,2409.9,2290.1, 2380.00,2389.05,2359.07,3537,83.44,962, 2008, 56.77
BLUESTARCO, EQ, 25-Oct-2019,833.55,836.0,854.0,816.5, 836.00,842.75,835.06,46509,388.38,3795, 21307, 45.81
BODALCHEM, EQ, 25-Oct-2019,70.55,70.1,79.95,70.1, 76.35,76.0,76.46,674013,515.35,5585, 221186, 32.82
BOMDYEING, EQ, 25-Oct-2019,78.35,78.75,79.7,76.4, 77.65,77.65,77.96,904852,705.39,5964, 198582, 21.95
BOROSIL, EQ, 25-Oct-2019,172.65,172.15,174.65,170.05, 170.45,170.8,171.73,27738,47.64,848, 16858, 60.78
BOSCHLTD, EQ, 25-Oct-2019,14511.0,14620.0,14777.0,14446.95, 14480.00,14501.65,14554.67,10698,1557.06,4187, 3604, 33.69
BPCL, EQ, 25-Oct-2019,513.05,516.75,533.2,509.75, 523.05,524.15,525.36,13381183,70299.75,143921, 1572310, 11.75
BPL, EQ, 25-Oct-2019,19.2,19.15,19.65,18.75, 18.90,18.9,18.99,47738,9.06,344, 27784, 58.20
BRIGADE, EQ, 25-Oct-2019,192.75,193.9,193.9,186.5, 189.60,190.45,190.04,40113,76.23,2282, 23461, 58.49
BRITANNIA, EQ, 25-Oct-2019,3283.8,3298.85,3298.85,3247.0, 3271.00,3267.1,3261.92,213353,6959.4,22286, 88773, 41.61
BRNL, EQ, 25-Oct-2019,61.4,62.5,64.95,61.25, 62.70,62.0,62.34,46754,29.14,944, 12110, 25.90
BROOKS, EQ, 25-Oct-2019,33.0,33.0,33.3,32.35, 32.50,32.5,32.71,7008,2.29,153, 5534, 78.97
BSE, EQ, 25-Oct-2019,554.3,554.0,554.0,541.3, 543.45,542.4,544.63,39006,212.44,4083, 23792, 61.00
BSL, EQ, 25-Oct-2019,26.2,25.2,28.4,25.2, 26.50,26.5,26.7,3552,0.95,86, 2008, 56.53
BSLGOLDETF, EQ, 25-Oct-2019,3540.0,3787.8,3787.8,3550.0, 3580.00,3586.6,3583.12,339,12.15,122, 247, 72.86
BSLNIFTY, EQ, 25-Oct-2019,125.95,126.52,126.52,126.52, 126.52,126.52,126.52,15,0.02,2, 15, 100.00
BSOFT, EQ, 25-Oct-2019,69.65,69.0,71.9,68.7, 70.00,70.15,70.46,292706,206.26,4749, 179221, 61.23
BUTTERFLY, EQ, 25-Oct-2019,159.4,159.4,160.95,155.2, 158.00,157.3,158.2,31407,49.69,745, 23214, 73.91
BYKE, EQ, 25-Oct-2019,20.45,21.0,21.0,20.0, 20.80,20.45,20.32,6962,1.41,323, 3033, 43.57
CADILAHC, EQ, 25-Oct-2019,244.5,244.5,248.4,240.7, 243.50,244.7,245.21,923146,2263.66,18560, 310835, 33.67
CALSOFT, EQ, 25-Oct-2019,14.5,15.2,15.2,15.2, 15.20,15.2,15.2,13620,2.07,27, 13619, 99.99
CAMLINFINE, EQ, 25-Oct-2019,66.35,64.1,67.85,63.05, 64.00,64.15,65.19,305146,198.91,2982, 209670, 68.71
CANBK, EQ, 25-Oct-2019,187.6,188.5,193.9,185.65, 192.30,192.7,189.89,7565309,14365.56,36365, 495883, 6.55
CANFINHOME, EQ, 25-Oct-2019,386.0,386.4,410.3,385.15, 395.50,395.2,398.04,358132,1425.49,8441, 100470, 28.05
CANTABIL, EQ, 25-Oct-2019,209.7,208.45,227.5,208.1, 222.00,214.95,211.9,14091,29.86,580, 2284, 16.21
CAPACITE, EQ, 25-Oct-2019,192.15,193.0,196.45,192.35, 195.10,194.7,194.55,9979,19.41,655, 6661, 66.75
CAPLIPOINT, EQ, 25-Oct-2019,376.05,376.05,381.95,370.0, 378.90,375.75,373.84,22697,84.85,1795, 14688, 64.71
CARBORUNIV, EQ, 25-Oct-2019,300.6,305.8,309.0,294.5, 295.20,296.0,296.2,140210,415.31,2560, 118697, 84.66
CAREERP, EQ, 25-Oct-2019,105.2,108.0,115.0,101.0, 112.00,112.05,108.83,37390,40.69,834, 19932, 53.31
CARERATING, EQ, 25-Oct-2019,547.55,547.55,548.75,531.35, 534.55,535.25,543.0,137553,746.92,14798, 109506, 79.61
CASTROLIND, EQ, 25-Oct-2019,144.6,144.6,155.0,143.1, 154.10,154.1,150.74,6813343,10270.74,58268, 2382909, 34.97
CCHHL, EQ, 25-Oct-2019,3.3,3.3,3.3,3.15, 3.15,3.15,3.19,9462,0.3,29, 6707, 70.88
CCL, EQ, 25-Oct-2019,199.1,202.4,202.4,194.5, 198.20,198.85,198.81,89627,178.19,3599, 70494, 78.65
CDSL, EQ, 25-Oct-2019,206.4,205.4,211.4,205.3, 208.05,208.2,207.52,139732,289.97,2950, 71739, 51.34
CEATLTD, EQ, 25-Oct-2019,943.35,950.0,961.35,935.05, 940.20,946.1,950.74,101955,969.33,4293, 12202, 11.97
CEBBCO, EQ, 25-Oct-2019,13.1,12.7,15.5,12.65, 13.05,13.1,13.62,95409,13.0,407, 63610, 66.67
CELEBRITY, EQ, 25-Oct-2019,4.4,4.25,4.35,4.2, 4.35,4.2,4.23,6757,0.29,21, 5717, 84.61
CENTENKA, EQ, 25-Oct-2019,178.7,179.3,181.0,176.65, 176.80,177.4,178.4,12205,21.77,311, 5898, 48.32
CENTEXT, EQ, 25-Oct-2019,2.7,2.7,2.8,2.55, 2.55,2.6,2.66,33295,0.89,69, 18221, 54.73
CENTRALBK, EQ, 25-Oct-2019,17.1,17.3,17.9,16.95, 17.25,17.3,17.18,429882,73.83,1437, 141313, 32.87
CENTRUM, EQ, 25-Oct-2019,22.9,23.1,23.2,22.45, 23.15,23.05,22.84,84722,19.35,793, 51446, 60.72
CENTUM, EQ, 25-Oct-2019,412.1,390.0,416.6,390.0, 400.40,400.4,404.63,335,1.36,132, 162, 48.36
CENTURYPLY, EQ, 25-Oct-2019,162.4,162.95,163.85,157.95, 159.00,160.0,160.46,71506,114.74,1461, 36388, 50.89
CENTURYTEX, EQ, 25-Oct-2019,447.6,448.15,451.65,403.65, 414.50,410.45,420.26,2485587,10445.9,38739, 623740, 25.09
CERA, EQ, 25-Oct-2019,2566.7,2566.7,2580.25,2522.0, 2545.25,2541.4,2545.86,1679,42.74,458, 1226, 73.02
CEREBRAINT, EQ, 25-Oct-2019,21.0,21.25,21.4,21.0, 21.15,21.35,21.28,24383,5.19,204, 11177, 45.84
CESC, EQ, 25-Oct-2019,805.9,809.0,815.0,795.0, 796.60,796.55,805.07,275544,2218.31,15625, 69166, 25.10
CESCVENT, EQ, 25-Oct-2019,358.6,354.2,359.4,335.0, 335.55,339.15,342.83,17541,60.14,1093, 14062, 80.17
CGCL, EQ, 25-Oct-2019,200.35,202.0,208.0,194.1, 202.00,202.6,199.5,138787,276.88,4888, 18424, 13.28
CGPOWER, EQ, 25-Oct-2019,14.7,14.95,14.95,14.2, 14.65,14.65,14.47,501468,72.57,1280, 385439, 76.86
CHALET, EQ, 25-Oct-2019,339.8,342.0,343.6,325.0, 325.25,330.25,338.21,935,3.16,278, 669, 71.55
CHAMBLFERT, EQ, 25-Oct-2019,157.95,159.65,161.6,156.25, 160.15,160.1,159.54,189661,302.59,4325, 109191, 57.57
CHEMFAB, EQ, 25-Oct-2019,178.0,180.95,180.95,178.0, 178.00,178.7,179.01,638,1.14,24, 445, 69.75
CHENNPETRO, EQ, 25-Oct-2019,156.9,156.9,156.9,153.65, 154.00,154.3,155.12,85036,131.91,2467, 36892, 43.38
CHOLAFIN, EQ, 25-Oct-2019,293.0,293.75,293.75,282.75, 286.00,285.9,286.21,2051702,5872.26,17929, 1500307, 73.12
CHOLAHLDNG, EQ, 25-Oct-2019,454.4,452.2,457.5,441.3, 443.00,446.6,451.72,22512,101.69,1427, 15559, 69.11
CIGNITITEC, EQ, 25-Oct-2019,296.05,299.95,299.95,285.0, 289.50,287.3,290.79,18746,54.51,820, 9866, 52.63
CIMMCO, EQ, 25-Oct-2019,18.0,18.45,18.5,18.0, 18.00,18.1,18.21,7635,1.39,59, 7291, 95.49
CINELINE, EQ, 25-Oct-2019,34.15,33.9,33.9,32.15, 33.40,33.45,33.47,10696,3.58,178, 8125, 75.96
CIPLA, EQ, 25-Oct-2019,446.85,447.1,461.45,441.75, 459.60,459.85,450.95,2647759,11940.13,63109, 1288357, 48.66
CLEDUCATE, EQ, 25-Oct-2019,74.0,74.0,75.0,73.05, 75.00,75.0,74.07,1913,1.42,75, 1521, 79.51
CLNINDIA, EQ, 25-Oct-2019,279.9,280.0,282.45,278.7, 279.50,279.75,280.8,11103,31.18,337, 8739, 78.71
CMICABLES, EQ, 25-Oct-2019,56.75,56.95,57.8,54.5, 54.50,54.95,55.39,5867,3.25,202, 3699, 63.05
CNOVAPETRO, EQ, 25-Oct-2019,8.0,8.05,8.7,8.05, 8.70,8.2,8.13,54,0.0,5, 29, 53.70
COALINDIA, EQ, 25-Oct-2019,205.2,206.6,206.95,203.0, 206.20,205.85,205.23,5368529,11017.89,36060, 3167870, 59.01
COCHINSHIP, EQ, 25-Oct-2019,357.6,355.95,381.9,354.95, 375.30,374.15,373.81,455161,1701.45,15486, 174688, 38.38
COFFEEDAY, EQ, 25-Oct-2019,29.0,28.1,30.45,27.55, 29.60,29.0,28.11,2870616,806.88,6027, 1354839, 47.20
COLPAL, EQ, 25-Oct-2019,1564.05,1564.0,1569.0,1496.85, 1519.05,1519.55,1530.83,1352011,20696.97,85534, 615602, 45.53
COMPINFO, EQ, 25-Oct-2019,9.55,9.35,9.6,8.95, 9.45,9.35,9.45,68140,6.44,139, 21081, 30.94
COMPUSOFT, EQ, 25-Oct-2019,7.85,8.0,8.15,7.8, 7.90,7.9,7.94,7037,0.56,43, 5070, 72.05
CONCOR, EQ, 25-Oct-2019,586.95,591.15,598.0,583.7, 587.10,588.25,591.69,1076084,6367.03,27474, 260689, 24.23
CONFIPET, EQ, 25-Oct-2019,26.25,26.5,26.5,25.8, 26.45,26.0,26.16,45165,11.82,383, 31185, 69.05
CONTROLPR, EQ, 25-Oct-2019,261.3,261.3,265.0,256.25, 258.00,261.4,262.2,2196,5.76,146, 1596, 72.68
CORALFINAC, EQ, 25-Oct-2019,9.85,9.95,10.1,9.7, 10.05,10.0,9.97,2945,0.29,32, 2538, 86.18
CORDSCABLE, EQ, 25-Oct-2019,43.7,45.05,45.05,43.15, 44.50,43.6,44.07,3074,1.35,75, 1591, 51.76
COROMANDEL, EQ, 25-Oct-2019,469.2,469.0,482.2,462.05, 480.20,478.8,472.18,351323,1658.87,7506, 275015, 78.28
CORPBANK, EQ, 25-Oct-2019,14.45,14.3,14.5,14.0, 14.15,14.25,14.23,108489,15.44,429, 53150, 48.99
COSMOFILMS, EQ, 25-Oct-2019,202.6,202.1,204.95,201.0, 201.25,202.3,202.8,5067,10.28,226, 2579, 50.90
COUNCODOS, EQ, 25-Oct-2019,1.6,1.6,1.65,1.55, 1.60,1.6,1.55,1513,0.02,9, 1502, 99.27
COX&KINGS, EQ, 25-Oct-2019,2.0,1.9,1.9,1.9, 1.90,1.9,1.9,244832,4.65,338, 244832, 100.00
CPSEETF, EQ, 25-Oct-2019,24.42,24.51,24.6,24.31, 24.33,24.38,24.42,3518786,859.12,116833, 2423786, 68.88
CREATIVE, EQ, 25-Oct-2019,60.5,60.0,65.0,60.0, 64.95,64.55,64.73,10227,6.62,30, 5217, 51.01
CREDITACC, EQ, 25-Oct-2019,626.4,626.0,669.0,626.0, 648.00,646.4,642.7,140690,904.21,6826, 82052, 58.32
CREST, EQ, 25-Oct-2019,98.9,97.0,97.0,91.25, 93.50,92.85,93.61,2605,2.44,166, 1497, 57.47
CRISIL, EQ, 25-Oct-2019,1360.3,1360.3,1378.45,1360.3, 1378.00,1375.4,1367.23,6520,89.14,544, 4400, 67.48
CRMFGETF, EQ, 25-Oct-2019,3517.0,3452.5,3579.0,3452.5, 3569.00,3511.75,3524.84,42,1.48,17, 15, 35.71
CROMPTON, EQ, 25-Oct-2019,255.1,253.65,256.95,250.75, 253.55,254.75,254.53,1781939,4535.65,11982, 1627402, 91.33
CTE, EQ, 25-Oct-2019,30.25,30.85,30.85,26.75, 28.90,27.95,27.65,13796,3.82,335, 6185, 44.83
CUB, EQ, 25-Oct-2019,208.65,208.9,212.65,205.1, 211.05,209.6,208.99,1962720,4101.87,14344, 1652861, 84.21
CUBEXTUB, EQ, 25-Oct-2019,12.65,13.0,13.9,13.0, 13.90,13.8,13.46,8665,1.17,105, 3450, 39.82
CUMMINSIND, EQ, 25-Oct-2019,546.95,545.0,553.75,532.2, 540.00,541.15,542.73,1969631,10689.82,35783, 927711, 47.10
CUPID, EQ, 25-Oct-2019,158.35,159.7,184.4,157.5, 175.25,175.95,176.13,267287,470.76,7391, 69594, 26.04
CYBERTECH, EQ, 25-Oct-2019,49.55,48.7,50.4,48.7, 48.75,49.3,49.4,7537,3.72,111, 6432, 85.34
CYIENT, EQ, 25-Oct-2019,405.05,407.9,409.0,396.85, 403.70,400.9,400.79,268550,1076.32,4831, 208917, 77.79
DAAWAT, EQ, 25-Oct-2019,23.7,23.35,24.0,23.1, 23.70,23.75,23.65,318553,75.32,1718, 141890, 44.54
DABUR, EQ, 25-Oct-2019,469.8,472.15,472.8,463.0, 465.60,465.55,467.38,649773,3036.88,16859, 244795, 37.67
DALBHARAT, EQ, 25-Oct-2019,810.4,820.0,838.8,806.1, 808.00,808.1,812.58,91957,747.23,2967, 58361, 63.47
DALMIASUG, EQ, 25-Oct-2019,91.75,93.4,94.7,89.0, 90.70,90.3,92.1,236751,218.04,5587, 80594, 34.04
DAMODARIND, EQ, 25-Oct-2019,29.45,29.0,29.45,24.3, 27.40,25.75,25.8,8971,2.31,136, 4990, 55.62
DATAMATICS, EQ, 25-Oct-2019,74.25,74.25,76.9,69.75, 72.00,71.95,73.93,30427,22.49,491, 11303, 37.15
DBCORP, EQ, 25-Oct-2019,156.5,158.8,161.0,156.8, 160.50,160.05,159.22,71749,114.24,1617, 43803, 61.05
DBL, EQ, 25-Oct-2019,406.05,408.85,411.7,388.0, 389.80,390.45,399.64,216558,865.46,7415, 79729, 36.82
DBREALTY, EQ, 25-Oct-2019,6.55,6.6,6.75,6.45, 6.55,6.6,6.59,98149,6.47,221, 58153, 59.25
DCAL, EQ, 25-Oct-2019,130.15,130.15,130.15,109.7, 113.00,115.7,118.14,958812,1132.76,19784, 464664, 48.46
DCBBANK, EQ, 25-Oct-2019,176.9,177.0,179.45,173.0, 175.00,175.1,175.45,591844,1038.38,7294, 395768, 66.87
DCMNVL, EQ, 25-Oct-2019,28.15,28.0,29.8,28.0, 28.00,28.35,28.9,2122,0.61,13, 2022, 95.29
DCMSHRIRAM, EQ, 25-Oct-2019,392.15,390.0,390.0,373.0, 373.60,374.5,379.34,98347,373.07,5324, 58570, 59.55
DCW, EQ, 25-Oct-2019,14.75,14.9,15.3,14.7, 14.85,14.85,14.93,26635,3.98,207, 16851, 63.27
DECCANCE, EQ, 25-Oct-2019,339.4,338.55,349.2,337.15, 338.15,341.45,341.75,2834,9.69,252, 1892, 66.76
DEEPAKFERT, EQ, 25-Oct-2019,100.6,100.55,104.35,99.85, 102.90,102.3,102.35,273652,280.09,3235, 113451, 41.46
DEEPAKNTR, EQ, 25-Oct-2019,340.65,353.8,360.0,337.45, 339.00,340.65,349.0,1612017,5625.88,30522, 531151, 32.95
DEEPIND, EQ, 25-Oct-2019,98.6,98.65,100.5,98.1, 99.95,99.8,99.66,9330,9.3,145, 8205, 87.94
DELTACORP, EQ, 25-Oct-2019,196.4,196.0,196.75,191.25, 192.85,193.1,193.64,607707,1176.78,8408, 170027, 27.98
DELTAMAGNT, EQ, 25-Oct-2019,34.7,33.05,33.05,33.05, 33.05,33.05,33.05,12,0.0,1, 12, 100.00
DENORA, EQ, 25-Oct-2019,201.0,205.6,205.65,199.0, 199.00,199.0,200.04,560,1.12,27, 541, 96.61
DFMFOODS, EQ, 25-Oct-2019,247.2,248.4,248.8,246.25, 248.80,248.0,247.88,75649,187.52,668, 64862, 85.74
DGCONTENT, EQ, 25-Oct-2019,5.0,4.9,5.0,4.75, 5.00,4.75,4.88,1237,0.06,14, 1127, 91.11
DHAMPURSUG, EQ, 25-Oct-2019,205.1,205.95,206.45,200.0, 202.30,202.4,203.32,211725,430.47,3249, 51602, 24.37
DHANBANK, EQ, 25-Oct-2019,14.3,14.15,14.6,14.0, 14.60,14.35,14.21,215068,30.56,526, 135199, 62.86
DHANUKA, EQ, 25-Oct-2019,291.65,292.05,295.0,288.75, 295.00,294.45,290.92,8222,23.92,690, 5155, 62.70
DHFL, EQ, 25-Oct-2019,18.45,17.55,17.55,17.55, 17.55,17.55,17.55,313231,54.97,1950, 296970, 94.81
DHUNINV, EQ, 25-Oct-2019,199.05,198.5,201.0,193.2, 193.20,193.55,196.13,735,1.44,32, 676, 91.97
DIAMONDYD, EQ, 25-Oct-2019,903.95,892.05,934.0,892.05, 932.00,930.65,920.9,1755,16.16,237, 1312, 74.76
DICIND, EQ, 25-Oct-2019,316.65,321.5,321.5,309.1, 314.95,311.85,314.7,213,0.67,61, 167, 78.40
DIGISPICE, EQ, 25-Oct-2019,7.1,6.75,7.0,6.75, 7.00,6.95,6.95,2052,0.14,16, 2052, 100.00
DISHTV, EQ, 25-Oct-2019,11.1,10.95,12.35,10.4, 11.65,11.7,11.74,46910420,5507.3,39928, 3692993, 7.87
DIVISLAB, EQ, 25-Oct-2019,1764.05,1761.0,1774.0,1747.55, 1755.35,1759.15,1760.44,199141,3505.75,7295, 29290, 14.71
DIXON, EQ, 25-Oct-2019,3016.7,3012.0,3080.05,2970.0, 2970.10,2981.8,3011.74,17794,535.91,2696, 8097, 45.50
DLF, EQ, 25-Oct-2019,176.5,176.5,182.0,174.65, 180.60,181.0,178.49,9432267,16835.8,66981, 1787438, 18.95
DLINKINDIA, EQ, 25-Oct-2019,94.3,94.15,95.7,90.0, 91.50,91.75,92.88,25756,23.92,447, 16956, 65.83
DMART, EQ, 25-Oct-2019,1892.3,1892.5,1901.8,1871.0, 1878.15,1883.95,1885.65,162703,3068.0,11995, 55455, 34.08
DOLAT, EQ, 25-Oct-2019,67.65,69.0,74.6,66.25, 73.20,72.3,70.73,349993,247.55,3268, 189530, 54.15
DOLLAR, EQ, 25-Oct-2019,175.25,175.1,177.95,171.8, 174.00,174.95,174.58,44388,77.49,302, 37574, 84.65
DONEAR, EQ, 25-Oct-2019,31.25,30.3,34.35,29.9, 32.85,33.8,33.31,92386,30.77,867, 31827, 34.45
DPSCLTD, EQ, 25-Oct-2019,9.5,9.5,9.5,9.2, 9.20,9.3,9.49,10510,1.0,17, 10420, 99.14
DREDGECORP, EQ, 25-Oct-2019,328.05,328.5,347.5,323.0, 340.00,338.1,338.04,346034,1169.74,9082, 79262, 22.91
DRREDDY, EQ, 25-Oct-2019,2825.3,2824.0,2824.0,2779.95, 2792.00,2794.95,2795.64,500795,14000.42,32150, 261459, 52.21
DSSL, EQ, 25-Oct-2019,24.45,25.9,25.9,24.6, 25.05,25.05,24.93,1270,0.32,19, 1227, 96.61
DTIL, EQ, 25-Oct-2019,157.8,157.8,159.85,155.25, 156.50,156.65,158.28,1500,2.37,52, 1401, 93.40
DUCON, EQ, 25-Oct-2019,4.65,4.55,4.75,4.45, 4.45,4.45,4.52,36486,1.65,105, 24985, 68.48
DVL, EQ, 25-Oct-2019,68.05,67.7,69.9,67.35, 69.80,69.0,69.08,2460,1.7,86, 1387, 56.38
DWARKESH, EQ, 25-Oct-2019,25.0,25.2,25.3,24.7, 25.15,25.0,25.01,190597,47.67,676, 99585, 52.25
DYNAMATECH, EQ, 25-Oct-2019,1144.5,1145.1,1170.0,1106.05, 1135.00,1148.8,1133.03,808,9.15,178, 477, 59.03
DYNPRO, EQ, 25-Oct-2019,129.65,129.95,130.0,125.85, 129.50,129.55,128.09,8826,11.3,347, 6276, 71.11
ECLERX, EQ, 25-Oct-2019,425.25,434.5,476.55,421.05, 448.00,447.65,456.91,52640,240.52,4103, 21177, 40.23
EDELWEISS, EQ, 25-Oct-2019,87.0,87.0,87.0,82.65, 82.65,82.65,84.05,1658505,1394.02,17057, 1244566, 75.04
EICHERMOT, EQ, 25-Oct-2019,21032.35,21150.0,21415.0,20950.05, 21365.00,21321.75,21230.82,150522,31957.06,38868, 22309, 14.82
EIDPARRY, EQ, 25-Oct-2019,167.25,168.25,169.0,164.0, 169.00,165.65,165.28,141025,233.08,1026, 120753, 85.63
EIHAHOTELS, EQ, 25-Oct-2019,316.7,320.95,324.9,302.2, 306.00,309.8,316.79,1547,4.9,119, 1157, 74.79
EIHOTEL, EQ, 25-Oct-2019,174.75,175.0,175.25,169.5, 170.20,170.75,171.59,57906,99.36,1900, 28625, 49.43
EIMCOELECO, EQ, 25-Oct-2019,286.8,290.0,290.0,286.05, 290.00,289.95,288.2,388,1.12,15, 325, 83.76
EKC, EQ, 25-Oct-2019,24.25,24.0,24.9,23.7, 24.70,24.55,24.39,31240,7.62,253, 27531, 88.13
ELECON, EQ, 25-Oct-2019,31.05,30.4,31.0,30.1, 30.10,30.15,30.4,25308,7.69,335, 16316, 64.47
ELECTCAST, EQ, 25-Oct-2019,13.3,13.25,13.35,13.15, 13.35,13.25,13.24,133057,17.62,106, 126300, 94.92
ELECTHERM, EQ, 25-Oct-2019,132.95,133.2,139.55,130.6, 130.60,137.15,136.18,57814,78.73,600, 43224, 74.76
ELGIEQUIP, EQ, 25-Oct-2019,271.45,268.45,274.8,268.15, 272.00,273.2,272.1,4251,11.57,271, 3184, 74.90
ELGIRUBCO, EQ, 25-Oct-2019,16.0,16.9,16.9,15.3, 16.30,15.8,15.98,4098,0.65,52, 3826, 93.36
EMAMILTD, EQ, 25-Oct-2019,335.6,335.6,335.8,319.5, 325.25,325.95,325.95,473236,1542.51,15649, 337301, 71.28
EMAMIPAP, EQ, 25-Oct-2019,75.6,75.6,78.5,73.05, 74.00,74.0,74.94,1007,0.75,30, 647, 64.25
EMKAY, EQ, 25-Oct-2019,73.4,74.8,75.8,71.6, 73.00,73.2,74.06,41901,31.03,634, 26621, 63.53
EMMBI, EQ, 25-Oct-2019,116.05,115.1,119.05,115.1, 116.00,116.9,117.01,1216,1.42,70, 829, 68.17
ENDURANCE, EQ, 25-Oct-2019,1011.75,1004.9,1014.0,994.0, 994.00,998.95,1003.72,4778,47.96,762, 2660, 55.67
ENGINERSIN, EQ, 25-Oct-2019,109.8,110.0,110.6,108.55, 109.00,109.3,109.52,634448,694.86,7242, 273583, 43.12
ENIL, EQ, 25-Oct-2019,256.65,264.15,264.55,245.0, 253.70,253.85,252.93,7578,19.17,902, 4339, 57.26
EON, EQ, 25-Oct-2019,13.8,14.75,14.75,13.2, 13.90,13.65,13.54,11832,1.6,104, 5281, 44.63
EQ30, EQ, 25-Oct-2019,345.58,316.0,334.79,303.1, 334.65,325.52,317.02,93,0.29,14, 50, 53.76
EQUITAS, EQ, 25-Oct-2019,97.8,97.8,98.3,95.4, 96.40,96.75,96.86,1671227,1618.83,14740, 466634, 27.92
ERIS, EQ, 25-Oct-2019,431.7,432.0,440.0,417.1, 425.30,426.35,421.62,476070,2007.23,1531, 459877, 96.60
ESABINDIA, EQ, 25-Oct-2019,1261.3,1252.15,1300.0,1242.55, 1300.00,1283.95,1265.82,4481,56.72,2109, 2684, 59.90
ESCORTS, EQ, 25-Oct-2019,649.1,645.0,651.0,631.2, 639.00,640.0,641.42,1995407,12799.0,30688, 120926, 6.06
ESSELPACK, EQ, 25-Oct-2019,110.8,108.55,110.8,105.15, 108.50,108.55,108.44,385637,418.18,2121, 350166, 90.80
EVEREADY, EQ, 25-Oct-2019,45.45,47.7,47.7,47.7, 47.70,47.7,47.7,37358,17.82,200, 37358, 100.00
EVERESTIND, EQ, 25-Oct-2019,290.7,291.9,299.75,281.3, 291.95,295.35,289.68,56805,164.55,2350, 28214, 49.67
EXCELINDUS, EQ, 25-Oct-2019,884.95,905.0,905.0,880.0, 880.50,882.15,886.23,3565,31.59,345, 2165, 60.73
EXIDEIND, EQ, 25-Oct-2019,175.85,176.95,177.8,174.3, 176.35,176.6,176.47,2017819,3560.93,25691, 1092838, 54.16
EXPLEOSOL, EQ, 25-Oct-2019,271.05,271.15,279.95,271.15, 271.20,274.3,274.89,2121,5.83,114, 833, 39.27
FACT, EQ, 25-Oct-2019,40.55,40.6,40.7,39.55, 39.55,39.65,39.87,46400,18.5,427, 25105, 54.11
FAIRCHEM, EQ, 25-Oct-2019,480.45,482.0,488.0,479.0, 480.10,481.75,480.66,15532,74.66,340, 13822, 88.99
FCL, EQ, 25-Oct-2019,25.65,25.3,25.75,24.6, 25.30,25.35,25.14,119314,30.0,836, 73926, 61.96
FCONSUMER, EQ, 25-Oct-2019,23.45,23.3,23.9,21.55, 22.95,22.85,22.89,1548922,354.48,4909, 557048, 35.96
FCSSOFT, EQ, 25-Oct-2019,0.25,0.2,0.25,0.2, 0.20,0.2,0.23,317062,0.73,95, 174207, 54.94
FDC, EQ, 25-Oct-2019,160.0,160.3,169.8,160.25, 167.35,168.3,166.87,81470,135.95,1669, 42095, 51.67
FEDERALBNK, EQ, 25-Oct-2019,81.0,81.0,81.4,79.7, 80.15,80.25,80.3,15135361,12153.56,40843, 6423376, 42.44
FEL, EQ, 25-Oct-2019,23.5,23.15,23.9,22.5, 23.15,23.5,23.34,167015,38.98,1625, 65635, 39.30
FELDVR, EQ, 25-Oct-2019,22.25,22.25,22.5,21.65, 22.30,22.0,22.04,5895,1.3,55, 4986, 84.58
FIEMIND, EQ, 25-Oct-2019,374.2,375.8,379.95,361.05, 366.00,371.0,370.28,10485,38.82,703, 3411, 32.53
FILATEX, EQ, 25-Oct-2019,36.65,36.6,36.8,35.2, 35.40,35.55,35.7,40337,14.4,686, 25950, 64.33
FINCABLES, EQ, 25-Oct-2019,378.0,375.0,382.85,375.0, 378.90,376.0,378.5,25140,95.15,1878, 12238, 48.68
FINEORG, EQ, 25-Oct-2019,1909.15,1910.0,1944.95,1863.4, 1882.00,1901.75,1898.21,9542,181.13,2228, 4378, 45.88
FINPIPE, EQ, 25-Oct-2019,601.25,601.0,610.0,597.15, 608.00,607.3,604.99,16781,101.52,1404, 8762, 52.21
FLEXITUFF, EQ, 25-Oct-2019,5.5,5.5,5.5,5.25, 5.25,5.25,5.26,1635,0.09,10, 1635, 100.00
FLFL, EQ, 25-Oct-2019,408.75,410.95,411.95,396.0, 397.00,400.45,400.9,19297,77.36,1237, 12258, 63.52
FMGOETZE, EQ, 25-Oct-2019,551.45,568.8,568.8,544.15, 546.00,550.45,549.28,1636,8.99,112, 1447, 88.45
FMNL, EQ, 25-Oct-2019,41.95,42.3,42.3,40.1, 40.50,40.55,40.62,67099,27.26,148, 56964, 84.90
FORCEMOT, EQ, 25-Oct-2019,1061.45,1060.0,1064.05,1035.0, 1042.00,1040.15,1045.67,14393,150.5,1462, 8496, 59.03
FORTIS, EQ, 25-Oct-2019,137.9,138.4,138.85,136.5, 137.35,137.65,137.6,425425,585.38,6430, 227822, 53.55
FOSECOIND, EQ, 25-Oct-2019,1351.95,1315.4,1355.0,1315.4, 1340.00,1339.7,1344.16,200,2.69,52, 137, 68.50
FRETAIL, EQ, 25-Oct-2019,381.25,382.45,382.5,378.2, 380.00,379.95,380.09,100950,383.7,2968, 70035, 69.38
FSC, EQ, 25-Oct-2019,491.3,493.05,499.15,490.0, 490.10,491.2,493.12,1143,5.64,235, 617, 53.98
FSL, EQ, 25-Oct-2019,50.25,50.0,50.8,49.4, 50.35,50.35,50.24,955565,480.12,5529, 327000, 34.22
GABRIEL, EQ, 25-Oct-2019,109.15,110.0,111.3,108.05, 108.90,109.05,109.49,62292,68.21,1945, 31743, 50.96
GAEL, EQ, 25-Oct-2019,143.05,145.0,145.0,130.5, 139.50,138.7,135.81,113486,154.13,1871, 81973, 72.23
GAIL, EQ, 25-Oct-2019,123.85,123.8,124.8,122.35, 122.80,123.05,123.57,8026780,9918.36,52076, 4276529, 53.28
GAL, EQ, 25-Oct-2019,1.7,1.7,1.75,1.65, 1.70,1.75,1.7,16061,0.27,30, 16041, 99.88
GALAXYSURF, EQ, 25-Oct-2019,1540.25,1545.0,1550.0,1523.55, 1541.00,1545.45,1545.01,12958,200.2,6532, 10951, 84.51
GALLANTT, EQ, 25-Oct-2019,25.75,26.55,27.35,25.1, 25.85,25.7,25.79,3643,0.94,128, 1958, 53.75
GALLISPAT, EQ, 25-Oct-2019,20.05,20.05,20.45,19.55, 20.45,20.3,20.16,2228,0.45,140, 1120, 50.27
GAMMNINFRA, EQ, 25-Oct-2019,0.3,0.3,0.3,0.25, 0.30,0.25,0.28,382419,1.05,271, 164663, 43.06
GANDHITUBE, EQ, 25-Oct-2019,305.15,306.95,308.0,298.2, 300.00,300.0,302.31,2155,6.51,100, 1700, 78.89
GANECOS, EQ, 25-Oct-2019,268.95,262.35,270.0,262.35, 266.00,265.1,266.05,885,2.35,55, 816, 92.20
GANESHHOUC, EQ, 25-Oct-2019,33.7,34.35,36.0,32.65, 33.80,33.55,34.1,29414,10.03,592, 10178, 34.60
GANGESSECU, EQ, 25-Oct-2019,33.4,32.6,34.95,32.6, 33.80,33.85,33.63,78,0.03,4, 68, 87.18
GARDENSILK, EQ, 25-Oct-2019,11.4,11.35,11.85,11.05, 11.30,11.35,11.41,20642,2.35,190, 10193, 49.38
GARFIBRES, EQ, 25-Oct-2019,1141.6,1156.95,1157.0,1140.0, 1150.00,1148.05,1147.13,1310,15.03,128, 1081, 82.52
GATI, EQ, 25-Oct-2019,57.15,57.15,57.25,54.8, 55.90,55.75,55.66,176583,98.28,1464, 90582, 51.30
GAYAPROJ, EQ, 25-Oct-2019,128.85,128.05,130.8,124.5, 125.00,130.25,130.04,186377,242.37,1208, 95208, 51.08
GDL, EQ, 25-Oct-2019,93.5,93.5,93.75,92.05, 92.50,92.85,92.78,99425,92.25,4521, 65610, 65.99
GEECEE, EQ, 25-Oct-2019,84.25,83.05,85.9,83.0, 84.75,83.85,83.92,461,0.39,61, 378, 82.00
GENESYS, EQ, 25-Oct-2019,65.1,66.45,77.9,63.7, 66.90,65.75,66.44,11037,7.33,259, 7616, 69.00
GENUSPAPER, EQ, 25-Oct-2019,5.1,5.05,5.15,5.05, 5.05,5.05,5.07,42500,2.16,74, 39000, 91.76
GENUSPOWER, EQ, 25-Oct-2019,25.3,25.0,25.85,24.4, 24.50,24.7,25.24,219051,55.29,989, 163104, 74.46
GEOJITFSL, EQ, 25-Oct-2019,27.65,28.3,28.3,26.8, 27.60,27.25,27.43,52190,14.31,525, 19284, 36.95
GEPIL, EQ, 25-Oct-2019,704.55,705.85,715.25,700.05, 702.10,707.15,707.05,4961,35.08,694, 2826, 56.96
GESHIP, EQ, 25-Oct-2019,316.05,315.1,315.1,295.0, 299.60,299.5,300.87,259054,779.41,7769, 213609, 82.46
GET&D, EQ, 25-Oct-2019,183.6,182.45,183.6,177.6, 177.70,179.6,180.65,13608,24.58,988, 8493, 62.41
GFLLIMITED, EQ, 25-Oct-2019,82.3,83.9,84.9,78.8, 79.35,80.8,81.6,276063,225.27,1691, 232505, 84.22
GHCL, EQ, 25-Oct-2019,212.7,213.9,215.95,210.2, 210.75,211.45,213.43,72500,154.73,1984, 24734, 34.12
GICHSGFIN, EQ, 25-Oct-2019,161.45,163.5,180.5,160.55, 170.95,171.7,173.62,928451,1611.98,16970, 176542, 19.01
GICRE, EQ, 25-Oct-2019,248.15,247.0,279.2,244.0, 273.95,273.1,268.85,1666284,4479.84,39487, 406085, 24.37
GILLANDERS, EQ, 25-Oct-2019,26.0,25.6,27.65,25.6, 26.00,26.0,26.37,1806,0.48,9, 606, 33.55
GILLETTE, EQ, 25-Oct-2019,7866.65,7895.3,7965.0,7821.05, 7844.00,7837.55,7880.26,4239,334.04,1583, 2677, 63.15
GINNIFILA, EQ, 25-Oct-2019,8.15,8.0,8.45,7.8, 8.25,8.35,8.13,36758,2.99,125, 28097, 76.44
GIPCL, EQ, 25-Oct-2019,71.3,71.15,72.05,70.35, 70.35,70.8,71.3,29501,21.03,313, 23510, 79.69
GKWLIMITED, EQ, 25-Oct-2019,742.3,758.95,758.95,731.0, 735.30,740.65,737.07,47,0.35,14, 36, 76.60
GLAXO, EQ, 25-Oct-2019,1479.55,1479.0,1535.0,1474.45, 1510.00,1516.65,1511.01,42785,646.48,4709, 25903, 60.54
GLENMARK, EQ, 25-Oct-2019,304.25,305.75,314.5,303.15, 311.00,310.75,310.14,2025089,6280.67,40292, 809244, 39.96
GLOBALVECT, EQ, 25-Oct-2019,52.5,53.05,53.05,50.55, 52.50,52.5,52.43,2255,1.18,70, 2089, 92.64
GLOBUSSPR, EQ, 25-Oct-2019,123.05,123.0,124.35,119.4, 120.00,119.95,121.92,29241,35.65,839, 14169, 48.46
GMBREW, EQ, 25-Oct-2019,380.25,382.75,384.9,375.05, 375.40,377.6,380.21,28445,108.15,1150, 12956, 45.55
GMDCLTD, EQ, 25-Oct-2019,57.9,58.25,58.25,57.5, 57.65,57.65,57.79,85817,49.59,785, 58399, 68.05
GMMPFAUDLR, EQ, 25-Oct-2019,1422.85,1446.85,1446.85,1418.1, 1430.00,1425.2,1427.33,2456,35.06,306, 1843, 75.04
GMRINFRA, EQ, 25-Oct-2019,19.95,19.8,20.5,19.6, 19.70,19.85,20.07,16257834,3263.15,21745, 3251400, 20.00
GNA, EQ, 25-Oct-2019,258.1,259.9,263.0,250.25, 252.25,251.9,256.86,39959,102.64,1838, 16385, 41.00
GNFC, EQ, 25-Oct-2019,207.25,209.0,209.0,201.25, 201.30,202.2,204.88,304606,624.07,7670, 107508, 35.29
GOCLCORP, EQ, 25-Oct-2019,282.15,286.95,287.0,275.75, 277.95,277.5,279.33,3373,9.42,158, 2842, 84.26
GODFRYPHLP, EQ, 25-Oct-2019,1070.1,1079.0,1098.0,1063.5, 1069.50,1070.55,1081.08,29110,314.7,3276, 9120, 31.33
GODREJAGRO, EQ, 25-Oct-2019,506.4,507.0,511.25,495.4, 508.50,506.45,502.82,31253,157.15,2278, 15426, 49.36
GODREJCP, EQ, 25-Oct-2019,714.25,718.7,718.7,700.0, 704.00,702.6,704.72,1076799,7588.47,21366, 677114, 62.88
GODREJIND, EQ, 25-Oct-2019,403.3,402.45,406.7,396.05, 405.55,402.0,402.22,116463,468.44,10540, 73279, 62.92
GODREJPROP, EQ, 25-Oct-2019,985.9,985.0,988.1,965.0, 974.00,975.35,974.09,94507,920.58,12677, 39571, 41.87
GOKEX, EQ, 25-Oct-2019,83.85,83.05,84.6,81.0, 81.50,82.1,82.55,29238,24.14,791, 20621, 70.53
GOKUL, EQ, 25-Oct-2019,11.8,11.8,12.3,11.8, 11.90,11.9,11.82,320,0.04,12, 251, 78.44
GOKULAGRO, EQ, 25-Oct-2019,14.05,13.4,14.1,13.4, 13.45,13.85,13.64,1544,0.21,20, 898, 58.16
GOLDBEES, EQ, 25-Oct-2019,3370.15,3386.2,3431.0,3374.95, 3422.10,3428.15,3412.56,70354,2400.87,9354, 39514, 56.16
GOLDENTOBC, EQ, 25-Oct-2019,28.3,28.5,29.65,26.65, 27.05,27.2,28.02,2038,0.57,65, 865, 42.44
GOLDIAM, EQ, 25-Oct-2019,129.7,132.8,132.8,128.25, 130.25,131.55,130.68,24001,31.36,864, 14835, 61.81
GOLDSHARE, EQ, 25-Oct-2019,3399.0,3449.95,3450.0,3420.0, 3450.00,3448.85,3443.61,1825,62.85,601, 1350, 73.97
GOLDTECH, EQ, 25-Oct-2019,9.75,9.75,9.8,9.4, 9.80,9.8,9.53,3936,0.38,59, 3179, 80.77
GOODLUCK, EQ, 25-Oct-2019,50.75,51.0,51.0,50.0, 50.45,50.25,50.13,1744,0.87,65, 1540, 88.30
GPIL, EQ, 25-Oct-2019,136.2,137.7,137.7,131.1, 132.00,131.8,133.52,36776,49.1,1874, 22568, 61.37
GPPL, EQ, 25-Oct-2019,80.1,80.65,82.9,80.4, 81.00,81.0,80.98,733514,594.0,4337, 584780, 79.72
GPTINFRA, EQ, 25-Oct-2019,40.7,39.25,41.45,39.25, 40.15,41.15,40.67,2672,1.09,68, 2121, 79.38
GRANULES, EQ, 25-Oct-2019,124.35,125.05,129.25,122.1, 123.85,124.2,125.58,2687410,3374.94,25014, 783298, 29.15
GRAPHITE, EQ, 25-Oct-2019,286.75,287.1,289.3,276.15, 277.95,278.95,282.07,1093455,3084.35,20401, 362027, 33.11
GRASIM, EQ, 25-Oct-2019,705.6,699.95,716.8,689.1, 711.00,709.95,705.38,2914804,20560.49,48461, 453999, 15.58
GRAVITA, EQ, 25-Oct-2019,39.75,39.7,41.5,39.15, 39.75,39.95,40.11,21902,8.79,247, 11281, 51.51
GREAVESCOT, EQ, 25-Oct-2019,133.7,133.8,134.0,131.5, 133.15,133.3,132.99,116434,154.84,2528, 81153, 69.70
GREENLAM, EQ, 25-Oct-2019,912.85,885.55,925.0,880.85, 925.00,918.05,910.68,1056,9.62,182, 593, 56.16
GREENPLY, EQ, 25-Oct-2019,155.0,155.0,156.0,153.3, 155.00,155.05,154.94,43959,68.11,1613, 34864, 79.31
GREENPOWER, EQ, 25-Oct-2019,1.6,1.55,1.6,1.55, 1.55,1.55,1.58,38756,0.61,38, 38756, 100.00
GRINDWELL, EQ, 25-Oct-2019,601.3,601.05,611.85,595.15, 595.50,597.15,600.63,3340,20.06,459, 1937, 57.99
GROBTEA, EQ, 25-Oct-2019,291.9,313.75,313.75,286.0, 313.00,309.7,300.96,237,0.71,24, 76, 32.07
GRPLTD, EQ, 25-Oct-2019,904.45,880.0,924.0,860.0, 888.90,888.9,866.48,311,2.69,66, 201, 64.63
GRSE, EQ, 25-Oct-2019,179.95,181.7,198.9,180.5, 194.85,194.3,190.4,525827,1001.18,13128, 251435, 47.82
GSCLCEMENT, EQ, 25-Oct-2019,17.45,17.45,17.95,17.25, 17.80,17.75,17.55,41660,7.31,141, 33267, 79.85
GSFC, EQ, 25-Oct-2019,78.3,74.7,77.7,74.15, 75.70,75.9,75.86,588498,446.42,4124, 304331, 51.71
GSKCONS, EQ, 25-Oct-2019,9032.65,9079.95,9115.0,9035.45, 9072.70,9071.4,9083.29,49640,4508.95,6998, 42900, 86.42
GSPL, EQ, 25-Oct-2019,209.0,208.1,210.45,206.4, 207.65,207.7,207.34,750457,1556.02,4040, 679840, 90.59
GSS, EQ, 25-Oct-2019,27.45,28.8,28.8,28.8, 28.80,28.8,28.8,5282,1.52,48, 5281, 99.98
GTL, EQ, 25-Oct-2019,1.45,1.45,1.5,1.4, 1.45,1.45,1.43,14837,0.21,44, 14836, 99.99
GTLINFRA, EQ, 25-Oct-2019,0.4,0.4,0.45,0.35, 0.40,0.4,0.4,3822631,15.41,420, 3165016, 82.80
GTNIND, EQ, 25-Oct-2019,5.7,5.65,5.65,5.6, 5.60,5.6,5.6,210,0.01,2, 210, 100.00
GTPL, EQ, 25-Oct-2019,71.15,70.0,71.4,69.5, 69.50,69.65,70.16,23603,16.56,374, 17810, 75.46
GUFICBIO, EQ, 25-Oct-2019,69.25,68.7,70.25,66.0, 70.00,69.95,68.71,47778,32.83,1227, 31828, 66.62
GUJALKALI, EQ, 25-Oct-2019,445.2,447.15,447.15,432.5, 433.30,434.15,439.04,20569,90.31,2007, 7765, 37.75
GUJAPOLLO, EQ, 25-Oct-2019,136.1,136.0,136.0,130.75, 131.85,132.55,132.0,1343,1.77,93, 1161, 86.45
GUJGASLTD, EQ, 25-Oct-2019,179.45,180.0,181.4,176.45, 177.50,178.0,179.58,228100,409.62,5847, 149093, 65.36
GULFOILLUB, EQ, 25-Oct-2019,854.6,866.95,866.95,850.0, 850.25,852.55,856.74,1967,16.85,176, 1338, 68.02
GULFPETRO, EQ, 25-Oct-2019,40.35,40.35,41.5,39.0, 40.70,40.6,40.62,6632,2.69,104, 6017, 90.73
GVKPIL, EQ, 25-Oct-2019,3.75,3.85,3.9,3.6, 3.90,3.9,3.8,3628604,138.04,1048, 1669902, 46.02
HAL, EQ, 25-Oct-2019,718.15,715.05,741.0,714.0, 739.25,737.55,732.32,21270,155.76,3302, 10537, 49.54
HARITASEAT, EQ, 25-Oct-2019,458.85,460.0,463.0,436.2, 441.90,443.1,449.21,2442,10.97,196, 1700, 69.62
HARRMALAYA, EQ, 25-Oct-2019,49.4,49.3,49.5,47.2, 47.55,47.65,48.3,34368,16.6,646, 22933, 66.73
HATHWAY, EQ, 25-Oct-2019,21.15,20.95,22.2,20.65, 21.50,21.45,21.57,541407,116.75,1296, 296325, 54.73
HATSUN, EQ, 25-Oct-2019,568.25,579.0,595.0,568.0, 579.80,578.95,580.47,10695,62.08,953, 7983, 74.64
HAVELLS, EQ, 25-Oct-2019,669.9,650.0,668.75,650.0, 665.40,664.8,664.07,931283,6184.35,22880, 174930, 18.78
HBLPOWER, EQ, 25-Oct-2019,17.4,17.5,18.05,17.25, 17.60,17.5,17.61,78131,13.76,427, 40193, 51.44
HCC, EQ, 25-Oct-2019,7.75,7.75,7.9,7.7, 7.90,7.8,7.77,400538,31.11,1142, 233270, 58.24
HCG, EQ, 25-Oct-2019,107.05,113.25,113.25,106.05, 106.25,106.9,107.22,4224,4.53,196, 2856, 67.61
HCL-INSYS, EQ, 25-Oct-2019,6.35,6.45,6.5,6.2, 6.40,6.35,6.31,642109,40.53,937, 148276, 23.09
HCLTECH, EQ, 25-Oct-2019,1119.05,1121.0,1137.25,1098.1, 1134.05,1134.05,1123.25,2293610,25762.91,73743, 1114971, 48.61
HDFC, EQ, 25-Oct-2019,2144.95,2149.0,2153.45,2085.25, 2101.00,2101.55,2108.03,3099190,65331.97,169789, 1749744, 56.46
HDFCAMC, EQ, 25-Oct-2019,3000.6,3000.0,3002.05,2882.0, 2899.95,2898.55,2941.39,453274,13332.54,44778, 238883, 52.70
HDFCBANK, EQ, 25-Oct-2019,1236.1,1240.0,1246.85,1220.0, 1227.90,1229.0,1234.93,6496771,80230.46,168865, 3674313, 56.56
HDFCLIFE, EQ, 25-Oct-2019,615.35,617.4,619.8,608.1, 610.40,610.5,612.65,1982250,12144.26,31056, 1250012, 63.06
HDFCMFGETF, EQ, 25-Oct-2019,3462.4,3485.0,3524.9,3481.0, 3520.00,3521.05,3500.4,13532,473.67,2545, 9946, 73.50
HDFCNIFETF, EQ, 25-Oct-2019,1213.36,1213.25,1217.81,1205.0, 1217.81,1215.4,1210.63,859,10.4,33, 562, 65.42
HDFCSENETF, EQ, 25-Oct-2019,4110.76,4130.0,4130.0,4066.51, 4095.81,4095.81,4118.96,86,3.54,19, 71, 82.56
HDIL, EQ, 25-Oct-2019,2.1,2.0,2.0,2.0, 2.00,2.0,2.0,196758,3.94,224, 196758, 100.00
HEG, EQ, 25-Oct-2019,997.35,999.9,1015.0,975.0, 983.60,984.05,991.92,320694,3181.02,16357, 62719, 19.56
HEIDELBERG, EQ, 25-Oct-2019,188.35,189.9,192.0,187.0, 187.95,188.7,189.29,316838,599.75,5698, 87689, 27.68
HERCULES, EQ, 25-Oct-2019,86.9,86.05,87.5,84.15, 86.00,86.1,86.79,4349,3.77,191, 2993, 68.82
HERITGFOOD, EQ, 25-Oct-2019,313.0,315.4,315.85,305.0, 305.80,305.9,307.94,20746,63.88,1988, 13297, 64.09
HEROMOTOCO, EQ, 25-Oct-2019,2696.0,2705.0,2708.0,2630.0, 2657.25,2657.55,2658.62,799469,21254.86,60065, 307257, 38.43
HESTERBIO, EQ, 25-Oct-2019,1749.0,1729.95,1770.95,1729.95, 1740.00,1740.75,1749.09,1059,18.52,234, 630, 59.49
HEXAWARE, EQ, 25-Oct-2019,346.25,342.5,342.5,334.55, 338.55,339.35,337.45,1100511,3713.63,22729, 170486, 15.49
HFCL, EQ, 25-Oct-2019,17.0,17.0,17.2,16.95, 17.05,17.0,17.03,1273870,216.88,2200, 927090, 72.78
HGINFRA, EQ, 25-Oct-2019,193.45,194.0,194.15,187.8, 188.90,189.65,190.45,116220,221.34,820, 109079, 93.86
HGS, EQ, 25-Oct-2019,559.4,558.0,567.7,555.55, 556.95,558.25,560.58,1258,7.05,235, 725, 57.63
HIKAL, EQ, 25-Oct-2019,144.25,145.0,147.2,115.4, 115.40,115.45,121.14,1590720,1926.97,14127, 789488, 49.63
HIL, EQ, 25-Oct-2019,1186.6,1195.2,1200.0,1070.05, 1103.00,1101.75,1123.37,25251,283.66,3579, 18249, 72.27
HILTON, EQ, 25-Oct-2019,7.25,7.0,7.2,6.65, 7.10,7.1,6.95,8296,0.58,177, 3913, 47.17
HIMATSEIDE, EQ, 25-Oct-2019,156.85,157.7,157.7,150.15, 151.50,151.65,152.41,78992,120.39,3022, 42241, 53.48
HINDALCO, EQ, 25-Oct-2019,181.35,181.5,183.4,181.0, 181.20,181.75,182.15,5956396,10849.52,46059, 2067577, 34.71
HINDCOMPOS, EQ, 25-Oct-2019,174.3,172.05,183.8,170.0, 171.10,171.1,172.32,1288,2.22,164, 1094, 84.94
HINDCOPPER, EQ, 25-Oct-2019,38.15,38.65,38.65,37.3, 38.20,38.0,37.89,1247107,472.48,2876, 673532, 54.01
HINDMOTORS, EQ, 25-Oct-2019,5.75,5.55,6.0,5.55, 5.95,5.9,5.83,175363,10.22,549, 100655, 57.40
HINDNATGLS, EQ, 25-Oct-2019,31.7,33.25,33.25,30.55, 33.20,33.1,32.85,2888,0.95,20, 2330, 80.68
HINDOILEXP, EQ, 25-Oct-2019,97.1,97.4,99.3,96.05, 96.40,96.8,97.1,88604,86.04,1375, 26600, 30.02
HINDPETRO, EQ, 25-Oct-2019,299.1,298.2,306.4,298.15, 301.50,301.05,302.76,4232379,12814.03,53237, 1420823, 33.57
HINDUJAVEN, EQ, 25-Oct-2019,316.55,315.0,321.95,310.0, 312.25,312.55,313.77,75,0.24,56, 22, 29.33
HINDUNILVR, EQ, 25-Oct-2019,2133.35,2147.55,2156.5,2129.3, 2141.00,2145.1,2143.62,1612038,34555.97,100871, 1152788, 71.51
HINDZINC, EQ, 25-Oct-2019,211.55,212.9,214.2,210.15, 211.00,211.1,212.29,294829,625.91,3919, 163000, 55.29
HIRECT, EQ, 25-Oct-2019,163.45,162.5,168.05,160.3, 161.00,162.2,164.26,9188,15.09,475, 5117, 55.69
HISARMETAL, EQ, 25-Oct-2019,51.95,51.85,54.8,51.5, 52.50,53.45,53.08,2592,1.38,125, 2134, 82.33
HITECH, EQ, 25-Oct-2019,149.15,149.15,149.8,142.0, 142.35,144.6,145.55,8561,12.46,134, 7190, 83.99
HITECHCORP, EQ, 25-Oct-2019,82.0,81.0,83.9,81.0, 83.90,83.9,83.64,11,0.01,2, 11, 100.00
HITECHGEAR, EQ, 25-Oct-2019,172.15,171.05,175.85,170.0, 170.25,170.7,172.25,2696,4.64,81, 1807, 67.03
HMVL, EQ, 25-Oct-2019,72.2,72.5,72.5,70.0, 70.00,70.1,71.37,2694,1.92,194, 1288, 47.81
HNGSNGBEES, EQ, 25-Oct-2019,3280.0,3280.0,3295.0,3280.0, 3294.00,3291.94,3287.87,17,0.56,9, 14, 82.35
HONAUT, EQ, 25-Oct-2019,28934.25,29000.0,29299.95,28500.15, 28700.00,28718.55,28903.1,954,275.74,592, 435, 45.60
HONDAPOWER, EQ, 25-Oct-2019,1131.55,1121.0,1150.0,1103.05, 1150.00,1144.5,1134.85,3680,41.76,770, 2484, 67.50
HOTELEELA, EQ, 25-Oct-2019,7.65,7.7,8.2,7.3, 8.10,8.1,7.84,293553,23.03,563, 159487, 54.33
HOVS, EQ, 25-Oct-2019,59.3,59.35,59.5,56.6, 58.90,57.65,58.25,1096,0.64,60, 940, 85.77
HPL, EQ, 25-Oct-2019,39.75,39.75,41.5,38.1, 39.50,39.55,39.37,13370,5.26,375, 7675, 57.40
HSCL, EQ, 25-Oct-2019,74.2,74.65,76.3,73.9, 74.10,74.4,74.83,294392,220.29,3085, 111530, 37.88
HSIL, EQ, 25-Oct-2019,40.1,40.55,46.0,39.5, 42.50,41.45,42.92,866825,372.06,5160, 476673, 54.99
HTMEDIA, EQ, 25-Oct-2019,18.9,19.45,19.45,18.15, 18.20,18.45,18.52,113359,21.0,391, 100972, 89.07
HUBTOWN, EQ, 25-Oct-2019,13.05,13.3,13.9,12.6, 12.85,12.85,13.26,6827,0.91,125, 4065, 59.54
HUDCO, EQ, 25-Oct-2019,35.45,35.35,36.3,35.1, 35.20,35.25,35.5,605057,214.82,4288, 230548, 38.10
IBMFNIFTY, EQ, 25-Oct-2019,114.0,113.2,113.2,112.6, 112.60,112.71,112.8,160,0.18,8, 126, 78.75
IBREALEST, EQ, 25-Oct-2019,49.85,50.0,50.5,48.75, 49.85,49.9,49.74,1399410,696.01,12824, 697934, 49.87
IBULHSGFIN, EQ, 25-Oct-2019,200.3,203.0,206.4,181.35, 184.80,186.15,189.96,42507989,80747.44,386197, 4504019, 10.60
IBULISL, EQ, 25-Oct-2019,60.75,60.75,60.75,57.75, 57.75,57.75,58.12,145376,84.5,586, 108615, 74.71
IBVENTURES, EQ, 25-Oct-2019,94.6,93.2,97.85,89.9, 97.25,96.8,94.1,848354,798.26,10228, 430747, 50.77
ICICI500, EQ, 25-Oct-2019,152.5,153.1,153.2,151.41, 152.23,152.18,152.46,1770,2.7,41, 1471, 83.11
ICICIB22, EQ, 25-Oct-2019,34.9,35.0,35.24,34.8, 35.08,35.04,35.04,771913,270.46,3588, 573354, 74.28
ICICIBANK, EQ, 25-Oct-2019,454.75,457.7,470.65,454.4, 469.20,469.1,463.16,34397573,159314.21,253652, 15782658, 45.88
ICICIBANKN, EQ, 25-Oct-2019,292.65,292.95,295.88,290.5, 295.00,295.23,294.52,88438,260.47,67, 85859, 97.08
ICICIBANKP, EQ, 25-Oct-2019,162.83,161.72,163.81,160.89, 163.00,162.51,161.54,1672,2.7,23, 1617, 96.71
ICICIGI, EQ, 25-Oct-2019,1343.3,1349.9,1364.9,1311.1, 1330.00,1329.25,1340.32,464205,6221.84,49153, 253661, 54.64
ICICIGOLD, EQ, 25-Oct-2019,34.7,36.95,36.95,34.8, 35.10,35.15,35.15,376801,132.43,2203, 340163, 90.28
ICICILIQ, EQ, 25-Oct-2019,999.99,1000.0,1000.0,999.99, 999.99,999.99,1000.0,15934,159.34,61, 6883, 43.20
ICICILOVOL, EQ, 25-Oct-2019,92.71,93.7,93.7,91.71, 92.53,92.56,92.67,484398,448.88,123, 484263, 99.97
ICICIMCAP, EQ, 25-Oct-2019,62.59,62.4,62.68,62.12, 62.47,62.2,62.3,3805,2.37,97, 3607, 94.80
ICICINF100, EQ, 25-Oct-2019,125.46,126.0,126.18,125.35, 125.35,125.35,126.02,1346,1.7,21, 1342, 99.70
ICICINIFTY, EQ, 25-Oct-2019,121.88,121.88,122.4,120.12, 121.80,122.03,121.92,43905,53.53,3786, 25662, 58.45
ICICINV20, EQ, 25-Oct-2019,55.96,56.9,56.9,55.66, 55.89,56.02,55.81,9081,5.07,138, 8723, 96.06
ICICINXT50, EQ, 25-Oct-2019,28.33,28.75,28.75,28.0, 28.20,28.24,28.25,21204,5.99,208, 21162, 99.80
ICICIPRULI, EQ, 25-Oct-2019,479.65,480.0,487.8,474.0, 483.75,483.9,480.33,1915211,9199.42,65674, 961158, 50.19
ICICISENSX, EQ, 25-Oct-2019,416.08,412.0,417.5,405.95, 416.00,416.46,413.99,803,3.32,26, 528, 65.75
ICIL, EQ, 25-Oct-2019,41.85,41.85,41.9,40.8, 41.50,41.55,41.29,33502,13.83,331, 24341, 72.66
ICRA, EQ, 25-Oct-2019,2603.1,2569.9,2595.0,2532.9, 2565.00,2566.15,2564.99,895,22.96,275, 691, 77.21
IDBI, EQ, 25-Oct-2019,30.45,30.35,31.0,30.35, 30.70,30.75,30.69,999028,306.64,3222, 321093, 32.14
IDBIGOLD, EQ, 25-Oct-2019,3511.65,3545.0,3598.95,3545.0, 3571.00,3571.0,3561.6,155,5.52,27, 139, 89.68
IDEA, EQ, 25-Oct-2019,4.35,4.15,4.2,3.65, 4.15,4.1,3.99,420424858,16776.22,152713, 170947764, 40.66
IDFC, EQ, 25-Oct-2019,32.2,32.5,34.0,32.25, 32.80,33.0,33.31,1963868,654.14,7359, 912897, 46.48
IDFCFIRSTB, EQ, 25-Oct-2019,38.85,40.75,42.0,39.75, 40.70,40.65,41.08,38015186,15615.59,59669, 7389552, 19.44
IDFNIFTYET, EQ, 25-Oct-2019,114.85,120.0,125.5,118.0, 119.00,123.88,121.69,79,0.1,22, 25, 31.65
IEX, EQ, 25-Oct-2019,140.25,141.0,146.0,136.8, 140.35,138.35,141.31,316152,446.77,12017, 230667, 72.96
IFBAGRO, EQ, 25-Oct-2019,388.9,392.65,395.0,380.0, 382.50,383.9,385.79,4984,19.23,322, 2694, 54.05
IFBIND, EQ, 25-Oct-2019,700.5,690.05,704.85,674.05, 677.10,681.55,685.08,5256,36.01,652, 2336, 44.44
IFCI, EQ, 25-Oct-2019,7.15,7.15,7.15,6.75, 6.80,6.8,6.86,1019918,69.99,3630, 497410, 48.77
IFGLEXPOR, EQ, 25-Oct-2019,142.65,142.7,145.65,141.25, 141.70,141.3,142.7,1049,1.5,84, 939, 89.51
IGARASHI, EQ, 25-Oct-2019,216.55,218.95,226.8,205.05, 216.55,213.85,217.3,81266,176.59,2414, 33945, 41.77
IGL, EQ, 25-Oct-2019,375.5,374.5,381.35,373.2, 376.20,377.05,378.28,1569987,5938.96,27023, 316255, 20.14
IGPL, EQ, 25-Oct-2019,151.1,153.5,153.5,147.0, 147.20,147.35,149.17,11117,16.58,457, 8721, 78.45
IIFL, EQ, 25-Oct-2019,118.0,119.55,121.05,117.5, 118.00,118.05,118.25,111657,132.04,1963, 90956, 81.46
IIFLSEC, EQ, 25-Oct-2019,26.7,28.0,28.0,27.0, 28.00,28.0,27.96,1310711,366.42,943, 1149191, 87.68
IIFLWAM, EQ, 25-Oct-2019,1207.2,1244.0,1285.0,1210.05, 1261.00,1265.75,1260.66,17940,226.16,4333, 15189, 84.67
IMFA, EQ, 25-Oct-2019,167.25,171.0,173.95,167.0, 173.75,171.7,169.6,19340,32.8,304, 16334, 84.46
IMPAL, EQ, 25-Oct-2019,1016.45,709.0,709.6,662.55, 690.00,689.1,685.77,4884,33.49,648, 2346, 48.03
INDBANK, EQ, 25-Oct-2019,7.35,7.5,7.75,7.2, 7.40,7.3,7.3,29303,2.14,197, 19201, 65.53
INDHOTEL, EQ, 25-Oct-2019,151.35,152.15,152.25,149.5, 150.50,150.85,150.73,776488,1170.44,14267, 652571, 84.04
INDIACEM, EQ, 25-Oct-2019,81.95,81.95,82.05,79.8, 81.50,81.45,81.04,2339028,1895.55,12793, 1363460, 58.29
INDIAGLYCO, EQ, 25-Oct-2019,214.85,214.0,216.85,210.3, 210.60,211.25,212.47,22640,48.1,674, 9306, 41.10
INDIAMART, EQ, 25-Oct-2019,1875.3,1875.3,1928.6,1800.55, 1850.00,1824.15,1854.15,56930,1055.57,5045, 24087, 42.31
INDIANB, EQ, 25-Oct-2019,123.95,124.2,127.4,121.05, 125.20,125.55,125.48,2615312,3281.69,23665, 377033, 14.42
INDIANHUME, EQ, 25-Oct-2019,258.1,256.65,264.8,256.55, 261.90,260.55,260.95,9680,25.26,470, 4605, 47.57
INDIGO, EQ, 25-Oct-2019,1664.9,1611.0,1644.3,1452.55, 1469.50,1467.8,1521.14,11229256,170812.23,309503, 2389869, 21.28
INDLMETER, EQ, 25-Oct-2019,16.8,16.8,16.8,16.0, 16.00,16.0,16.02,1037,0.17,7, 1037, 100.00
INDNIPPON, EQ, 25-Oct-2019,339.55,343.95,343.95,328.25, 333.85,331.0,333.37,2093,6.98,242, 1120, 53.51
INDOCO, EQ, 25-Oct-2019,149.4,148.0,167.3,148.0, 152.10,151.3,152.55,31614,48.23,1139, 17675, 55.91
INDORAMA, EQ, 25-Oct-2019,25.8,26.15,26.35,25.5, 26.15,25.8,25.71,7032,1.81,48, 5376, 76.45
INDOSTAR, EQ, 25-Oct-2019,182.2,180.0,186.0,177.0, 180.00,179.5,180.62,21434,38.72,1355, 11838, 55.23
INDOTECH, EQ, 25-Oct-2019,87.0,86.7,89.35,84.05, 89.35,85.9,85.41,616,0.53,68, 421, 68.34
INDOTHAI, EQ, 25-Oct-2019,22.65,23.5,23.5,22.0, 22.15,22.1,22.25,3843,0.86,239, 1403, 36.51
INDOWIND, EQ, 25-Oct-2019,2.9,2.8,3.05,2.75, 2.90,2.85,2.84,9462,0.27,44, 7707, 81.45
INDRAMEDCO, EQ, 25-Oct-2019,38.2,37.15,38.7,37.15, 38.10,38.2,38.21,22464,8.58,255, 18876, 84.03
INDSWFTLTD, EQ, 25-Oct-2019,4.3,4.5,4.5,4.1, 4.10,4.1,4.14,11958,0.5,42, 10930, 91.40
INDTERRAIN, EQ, 25-Oct-2019,72.1,73.0,73.95,71.25, 73.85,73.3,72.85,1184,0.86,55, 836, 70.61
INDUSINDBK, EQ, 25-Oct-2019,1283.0,1288.0,1288.0,1260.1, 1271.20,1272.05,1271.57,4141541,52662.62,109821, 1529045, 36.92
INEOSSTYRO, EQ, 25-Oct-2019,668.9,670.95,683.0,670.95, 682.90,681.75,676.17,4828,32.65,241, 4252, 88.07
INFIBEAM, EQ, 25-Oct-2019,45.8,45.6,47.8,45.15, 46.70,47.25,46.39,6568015,3046.99,13930, 1552680, 23.64
INFOBEAN, EQ, 25-Oct-2019,68.05,70.0,70.0,66.1, 66.50,67.05,67.45,4799,3.24,132, 1860, 38.76
INFRABEES, EQ, 25-Oct-2019,327.12,331.0,339.0,330.0, 334.65,334.65,336.54,396,1.33,39, 230, 58.08
INFRATEL, EQ, 25-Oct-2019,237.55,238.0,238.0,212.95, 217.20,217.0,220.15,21536622,47413.91,147414, 9965239, 46.27
INFY, EQ, 25-Oct-2019,635.35,647.0,652.5,636.0, 637.10,637.45,643.66,16549337,106522.15,327171, 8298797, 50.15
INGERRAND, EQ, 25-Oct-2019,609.85,614.75,614.85,605.5, 606.00,606.2,608.38,5587,33.99,302, 4006, 71.70
INOXLEISUR, EQ, 25-Oct-2019,366.05,367.9,377.4,357.25, 362.35,362.1,368.51,262512,967.38,8359, 79339, 30.22
INOXWIND, EQ, 25-Oct-2019,35.0,35.85,35.85,33.3, 34.30,34.15,34.46,130888,45.1,2127, 19654, 15.02
INSECTICID, EQ, 25-Oct-2019,555.25,545.6,554.95,545.6, 554.95,550.85,550.79,1899,10.46,220, 1277, 67.25
INSPIRISYS, EQ, 25-Oct-2019,46.4,45.05,45.95,43.8, 45.00,44.65,44.43,2315,1.03,38, 1235, 53.35
INTELLECT, EQ, 25-Oct-2019,181.1,180.1,189.15,174.7, 188.05,186.9,183.16,460099,842.72,6542, 157160, 34.16
INTENTECH, EQ, 25-Oct-2019,32.55,32.75,35.5,31.6, 32.15,32.3,32.78,4685,1.54,63, 3573, 76.26
INVENTURE, EQ, 25-Oct-2019,14.25,14.5,14.5,14.25, 14.25,14.25,14.35,40070,5.75,116, 12007, 29.97
IOB, EQ, 25-Oct-2019,9.75,9.75,9.8,9.55, 9.75,9.7,9.67,298608,28.87,641, 165800, 55.52
IOC, EQ, 25-Oct-2019,141.3,142.5,144.4,140.05, 141.75,142.1,142.71,9777982,13953.9,64821, 2206898, 22.57
IOLCP, EQ, 25-Oct-2019,172.4,172.95,174.55,171.05, 173.65,172.75,172.67,102480,176.95,2288, 56249, 54.89
IPAPPM, EQ, 25-Oct-2019,330.35,333.55,337.7,326.1, 336.85,332.4,330.82,2210,7.31,386, 1246, 56.38
IPCALAB, EQ, 25-Oct-2019,972.85,972.85,981.0,952.05, 980.00,977.45,957.3,370049,3542.46,7560, 340523, 92.02
IRB, EQ, 25-Oct-2019,82.4,81.5,82.3,78.35, 79.00,79.7,80.54,785072,632.32,7178, 212394, 27.05
IRCON, EQ, 25-Oct-2019,404.0,405.0,439.0,397.0, 408.15,408.35,418.23,501373,2096.89,13027, 198082, 39.51
IRCTC, EQ, 25-Oct-2019,902.05,905.0,916.0,876.0, 900.60,899.05,891.11,3849535,34303.47,139353, 452659, 11.76
ISEC, EQ, 25-Oct-2019,335.15,332.5,334.7,322.9, 330.00,328.7,327.74,221130,724.72,5586, 98692, 44.63
ISMTLTD, EQ, 25-Oct-2019,4.1,4.1,4.1,3.8, 3.85,3.85,3.97,21584,0.86,29, 17784, 82.39
ITC, EQ, 25-Oct-2019,249.05,256.9,257.2,247.0, 247.70,247.7,251.46,32591192,81953.73,236984, 13983794, 42.91
ITDC, EQ, 25-Oct-2019,340.95,347.0,352.9,340.6, 344.30,343.05,344.93,160208,552.61,6574, 37507, 23.41
ITDCEM, EQ, 25-Oct-2019,42.3,43.4,43.9,41.1, 42.20,42.0,42.09,1454004,612.05,4909, 765805, 52.67
ITI, EQ, 25-Oct-2019,81.2,81.5,81.65,79.5, 79.80,80.1,80.48,383385,308.55,3093, 112674, 29.39
IVC, EQ, 25-Oct-2019,3.7,3.7,3.7,3.55, 3.60,3.6,3.61,187254,6.77,177, 114009, 60.88
IVP, EQ, 25-Oct-2019,69.5,70.0,72.95,70.0, 72.95,72.95,72.86,1791,1.3,22, 1781, 99.44
IVZINGOLD, EQ, 25-Oct-2019,3445.05,3400.0,3545.0,3400.0, 3512.25,3512.25,3487.57,111,3.87,38, 65, 58.56
IZMO, EQ, 25-Oct-2019,27.55,27.55,28.9,26.6, 28.90,28.9,28.18,13708,3.86,145, 12067, 88.03
J&KBANK, EQ, 25-Oct-2019,30.95,30.95,31.4,30.25, 30.35,30.4,30.65,542878,166.41,4460, 248985, 45.86
JAGRAN, EQ, 25-Oct-2019,57.1,57.4,57.8,56.6, 57.00,56.9,57.05,47830,27.29,979, 37563, 78.53
JAGSNPHARM, EQ, 25-Oct-2019,23.55,24.75,24.75,23.0, 24.70,24.0,23.78,10871,2.59,193, 7004, 64.43
JAIBALAJI, EQ, 25-Oct-2019,19.05,18.75,19.4,18.25, 18.35,18.45,18.69,10214,1.91,27, 6982, 68.36
JAICORPLTD, EQ, 25-Oct-2019,83.85,84.0,84.0,81.05, 82.60,82.6,82.53,664923,548.77,5706, 134489, 20.23
JAMNAAUTO, EQ, 25-Oct-2019,42.6,42.9,42.95,41.2, 41.40,41.5,42.02,656042,275.67,4711, 263441, 40.16
JAYAGROGN, EQ, 25-Oct-2019,139.85,135.5,142.0,131.65, 136.80,137.2,138.25,12094,16.72,550, 5968, 49.35
JAYBARMARU, EQ, 25-Oct-2019,214.5,207.0,217.2,200.0, 202.30,202.4,208.59,236907,494.16,5530, 59345, 25.05
JAYNECOIND, EQ, 25-Oct-2019,3.85,3.75,4.0,3.7, 3.70,3.75,3.89,18630,0.72,41, 13041, 70.00
JAYSREETEA, EQ, 25-Oct-2019,49.05,49.5,49.5,48.35, 48.50,48.5,48.69,30250,14.73,651, 16632, 54.98
JBCHEPHARM, EQ, 25-Oct-2019,330.5,330.0,344.0,329.95, 337.80,337.4,339.27,58326,197.88,3926, 29087, 49.87
JBFIND, EQ, 25-Oct-2019,7.65,7.5,7.9,7.4, 7.50,7.55,7.64,20648,1.58,63, 13682, 66.26
JBMA, EQ, 25-Oct-2019,225.75,226.45,229.15,216.95, 220.30,219.65,223.45,64772,144.73,2633, 24033, 37.10
JCHAC, EQ, 25-Oct-2019,1975.5,1965.0,2060.0,1906.85, 1970.00,2023.0,1974.16,5940,117.27,1173, 3121, 52.54
JHS, EQ, 25-Oct-2019,17.7,17.85,17.9,17.2, 17.60,17.4,17.44,15675,2.73,270, 12867, 82.09
JINDALPOLY, EQ, 25-Oct-2019,214.85,212.75,214.25,210.1, 212.70,213.1,212.59,8368,17.79,449, 6367, 76.09
JINDALSAW, EQ, 25-Oct-2019,85.75,86.15,86.8,84.1, 84.40,84.5,85.37,278777,237.99,5141, 142430, 51.09
JINDALSTEL, EQ, 25-Oct-2019,102.8,102.65,105.8,101.75, 104.50,104.85,104.17,17513992,18244.24,49201, 2320765, 13.25
JINDRILL, EQ, 25-Oct-2019,77.3,77.15,78.0,72.95, 74.10,74.25,75.37,7562,5.7,301, 4660, 61.62
JINDWORLD, EQ, 25-Oct-2019,58.6,61.6,61.6,58.1, 58.80,58.6,58.98,233610,137.78,1094, 88021, 37.68
JISLDVREQS, EQ, 25-Oct-2019,9.35,9.8,9.8,9.35, 9.80,9.8,9.76,30940,3.02,90, 27816, 89.90
JISLJALEQS, EQ, 25-Oct-2019,11.9,12.4,12.45,12.0, 12.45,12.45,12.4,1405296,174.31,2502, 1013956, 72.15
JIYAECO, EQ, 25-Oct-2019,37.85,38.4,41.0,37.9, 38.75,38.45,39.02,367516,143.4,2010, 156815, 42.67
JKCEMENT, EQ, 25-Oct-2019,1115.5,1135.0,1136.0,1110.05, 1120.00,1115.15,1117.61,22041,246.33,1865, 15269, 69.28
JKIL, EQ, 25-Oct-2019,154.65,154.55,156.0,150.75, 152.30,152.7,153.0,60275,92.22,915, 34524, 57.28
JKLAKSHMI, EQ, 25-Oct-2019,283.1,283.2,295.0,282.5, 284.35,283.85,289.75,107574,311.7,3858, 34788, 32.34
JKPAPER, EQ, 25-Oct-2019,125.15,125.9,125.95,121.95, 123.50,123.3,123.53,626440,773.83,8887, 280216, 44.73
JKTYRE, EQ, 25-Oct-2019,66.05,66.4,66.45,65.15, 65.70,65.75,65.7,184917,121.48,1799, 49384, 26.71
JMA, EQ, 25-Oct-2019,23.85,23.45,23.5,23.3, 23.30,23.5,23.49,160,0.04,7, 160, 100.00
JMCPROJECT, EQ, 25-Oct-2019,109.9,110.1,111.0,104.5, 105.00,105.35,106.95,96498,103.2,2458, 70870, 73.44
JMFINANCIL, EQ, 25-Oct-2019,74.35,74.7,75.0,72.05, 72.15,72.85,73.89,167347,123.65,8995, 74892, 44.75
JMTAUTOLTD, EQ, 25-Oct-2019,1.15,1.2,1.2,1.1, 1.15,1.15,1.14,14563,0.17,37, 10762, 73.90
JOCIL, EQ, 25-Oct-2019,86.7,91.3,91.35,83.75, 88.10,85.55,87.58,697,0.61,47, 583, 83.64
JPASSOCIAT, EQ, 25-Oct-2019,2.3,2.3,2.35,2.25, 2.30,2.3,2.29,2284802,52.26,902, 1671073, 73.14
JPINFRATEC, EQ, 25-Oct-2019,1.25,1.3,1.3,1.2, 1.20,1.2,1.23,763309,9.36,233, 570177, 74.70
JPPOWER, EQ, 25-Oct-2019,1.15,1.15,1.15,1.05, 1.05,1.05,1.09,1400923,15.3,304, 1285205, 91.74
JSL, EQ, 25-Oct-2019,33.8,34.3,34.3,33.25, 33.85,33.5,33.76,62234,21.01,397, 40548, 65.15
JSLHISAR, EQ, 25-Oct-2019,63.5,63.55,64.4,63.05, 63.15,63.3,63.66,26057,16.59,404, 13111, 50.32
JSWENERGY, EQ, 25-Oct-2019,68.0,68.4,68.4,66.5, 67.90,67.4,67.67,193660,131.05,2241, 111670, 57.66
JSWHL, EQ, 25-Oct-2019,2792.9,2810.0,2810.0,2753.0, 2756.00,2760.65,2766.14,221,6.11,123, 69, 31.22
JSWSTEEL, EQ, 25-Oct-2019,222.85,222.5,224.15,216.1, 216.80,217.35,221.3,8612440,19059.66,45771, 3007042, 34.92
JTEKTINDIA, EQ, 25-Oct-2019,90.2,92.9,95.3,91.25, 91.40,92.3,93.63,994584,931.18,9628, 271774, 27.33
JUBILANT, EQ, 25-Oct-2019,568.7,569.0,583.8,551.8, 559.00,561.65,568.49,549099,3121.58,21475, 127401, 23.20
JUBLFOOD, EQ, 25-Oct-2019,1539.9,1538.0,1538.0,1493.0, 1526.75,1523.0,1514.47,1271804,19261.12,58107, 281601, 22.14
JUBLINDS, EQ, 25-Oct-2019,108.3,112.0,113.7,111.6, 113.70,113.7,112.72,63745,71.85,982, 50639, 79.44
JUMPNET, EQ, 25-Oct-2019,59.75,61.0,64.05,59.9, 61.40,61.2,61.9,606101,375.15,1316, 152860, 25.22
JUNIORBEES, EQ, 25-Oct-2019,290.48,292.4,292.4,287.1, 290.36,289.56,289.4,168136,486.59,2217, 110972, 66.00
JUSTDIAL, EQ, 25-Oct-2019,642.65,643.4,646.0,620.2, 626.65,627.9,628.76,1445849,9090.97,24958, 157458, 10.89
JYOTHYLAB, EQ, 25-Oct-2019,173.2,173.0,179.45,170.0, 170.80,171.75,173.63,44737,77.67,2195, 22480, 50.25
KABRAEXTRU, EQ, 25-Oct-2019,67.6,68.5,68.95,67.5, 67.50,67.55,67.65,4336,2.93,58, 3687, 85.03
KAJARIACER, EQ, 25-Oct-2019,548.1,547.5,559.0,541.75, 556.00,556.3,554.53,206948,1147.6,3061, 140003, 67.65
KAKATCEM, EQ, 25-Oct-2019,159.95,158.05,160.3,158.0, 158.10,158.65,159.68,3455,5.52,188, 2695, 78.00
KALPATPOWR, EQ, 25-Oct-2019,445.1,445.75,451.1,434.55, 441.00,439.55,440.4,205780,906.25,6810, 184088, 89.46
KAMATHOTEL, EQ, 25-Oct-2019,36.85,36.95,37.8,36.0, 36.25,36.35,36.41,17839,6.5,259, 11210, 62.84
KAMDHENU, EQ, 25-Oct-2019,99.55,100.0,100.0,97.0, 97.30,98.0,98.46,5547,5.46,132, 4216, 76.01
KANANIIND, EQ, 25-Oct-2019,2.9,3.1,3.1,2.65, 2.65,2.65,2.87,3751,0.11,7, 3031, 80.81
KANORICHEM, EQ, 25-Oct-2019,41.9,41.9,42.5,41.0, 42.10,41.7,41.4,8870,3.67,131, 6505, 73.34
KANSAINER, EQ, 25-Oct-2019,535.25,540.0,549.8,536.5, 546.80,545.7,543.69,368052,2001.06,13934, 171387, 46.57
KARDA, EQ, 25-Oct-2019,154.4,157.9,157.9,148.55, 148.55,153.75,153.79,57242,88.03,712, 31558, 55.13
KARMAENG, EQ, 25-Oct-2019,9.2,9.0,9.85,8.8, 9.80,9.8,9.25,338,0.03,8, 216, 63.91
KARURVYSYA, EQ, 25-Oct-2019,55.5,56.0,56.25,55.2, 55.50,55.4,55.57,216366,120.23,2799, 120970, 55.91
KAYA, EQ, 25-Oct-2019,395.1,393.0,393.0,368.0, 375.50,374.6,378.24,11991,45.35,925, 6777, 56.52
KCP, EQ, 25-Oct-2019,63.9,64.85,65.2,64.0, 64.65,64.9,64.89,152447,98.92,295, 145360, 95.35
KCPSUGIND, EQ, 25-Oct-2019,12.7,12.55,12.65,12.2, 12.35,12.45,12.47,65135,8.12,202, 24334, 37.36
KDDL, EQ, 25-Oct-2019,341.15,352.0,352.0,333.5, 339.10,336.75,344.91,682,2.35,51, 532, 78.01
KEC, EQ, 25-Oct-2019,270.95,271.45,271.9,264.25, 264.50,265.2,266.38,164102,437.14,2979, 125326, 76.37
KECL, EQ, 25-Oct-2019,8.15,8.45,8.65,7.75, 8.10,8.1,8.24,57803,4.76,401, 27508, 47.59
KEI, EQ, 25-Oct-2019,539.25,542.0,544.8,536.0, 541.00,541.55,540.38,115557,624.44,12417, 73869, 63.92
KELLTONTEC, EQ, 25-Oct-2019,16.5,15.75,16.0,15.7, 15.70,15.7,15.71,65171,10.24,159, 30064, 46.13
KENNAMET, EQ, 25-Oct-2019,1109.35,1118.8,1119.95,1090.0, 1110.25,1110.65,1103.48,1165,12.86,213, 801, 68.76
KESARENT, EQ, 25-Oct-2019,29.9,28.05,30.15,27.75, 29.20,29.7,29.6,1668,0.49,15, 1613, 96.70
KESORAMIND, EQ, 25-Oct-2019,50.7,50.2,52.25,50.2, 51.30,51.3,51.42,127508,65.56,1361, 52484, 41.16
KHADIM, EQ, 25-Oct-2019,240.45,240.45,252.8,240.0, 248.10,249.0,245.77,33500,82.33,1908, 14429, 43.07
KICL, EQ, 25-Oct-2019,1610.95,1608.0,1630.0,1570.0, 1614.70,1611.6,1605.5,529,8.49,201, 215, 40.64
KILITCH, EQ, 25-Oct-2019,120.2,120.0,122.5,119.85, 120.00,120.05,120.39,9937,11.96,275, 7786, 78.35
KINGFA, EQ, 25-Oct-2019,634.3,622.15,638.3,622.15, 634.70,630.2,631.37,626,3.95,43, 439, 70.13
KIOCL, EQ, 25-Oct-2019,118.7,122.65,122.65,117.5, 119.90,118.2,118.72,10163,12.07,277, 5238, 51.54
KIRIINDUS, EQ, 25-Oct-2019,408.1,409.9,430.8,408.3, 427.65,423.2,421.24,106015,446.58,5960, 37480, 35.35
KIRLOSBROS, EQ, 25-Oct-2019,151.35,151.7,151.7,144.3, 146.00,145.6,146.43,13452,19.7,519, 11752, 87.36
KIRLOSENG, EQ, 25-Oct-2019,173.8,173.8,175.6,165.15, 167.00,168.6,168.49,23582,39.73,1075, 13581, 57.59
KIRLOSIND, EQ, 25-Oct-2019,657.85,663.95,664.0,650.0, 661.95,663.65,660.72,794,5.25,62, 376, 47.36
KITEX, EQ, 25-Oct-2019,86.65,88.5,88.5,84.7, 85.05,85.3,85.61,31936,27.34,493, 20331, 63.66
KKCL, EQ, 25-Oct-2019,999.95,1000.0,1000.0,966.0, 970.15,977.8,988.25,347,3.43,66, 282, 81.27
KMSUGAR, EQ, 25-Oct-2019,5.9,5.8,5.95,5.7, 5.75,5.75,5.79,42401,2.46,104, 33964, 80.10
KNRCON, EQ, 25-Oct-2019,225.4,223.0,230.7,223.0, 230.25,229.4,227.76,91675,208.8,3409, 69986, 76.34
KOKUYOCMLN, EQ, 25-Oct-2019,66.9,67.0,72.7,66.0, 66.90,67.05,67.92,45485,30.89,767, 27991, 61.54
KOLTEPATIL, EQ, 25-Oct-2019,243.55,245.35,245.35,239.05, 242.00,241.8,241.7,18492,44.7,939, 7925, 42.86
KOPRAN, EQ, 25-Oct-2019,26.45,26.75,26.95,24.95, 26.35,26.45,25.8,46581,12.02,534, 26240, 56.33
KOTAKBANK, EQ, 25-Oct-2019,1613.2,1613.85,1613.85,1569.15, 1586.10,1588.6,1589.28,2867020,45564.95,84528, 1167087, 40.71
KOTAKBKETF, EQ, 25-Oct-2019,300.26,298.0,302.0,298.0, 301.62,301.92,298.92,234863,702.04,279, 184271, 78.46
KOTAKGOLD, EQ, 25-Oct-2019,341.6,342.0,352.0,341.05, 344.45,344.6,344.12,153467,528.11,3844, 114688, 74.73
KOTAKNIFTY, EQ, 25-Oct-2019,119.91,119.99,120.6,119.5, 120.50,120.34,119.7,142949,171.11,271, 118382, 82.81
KOTAKNV20, EQ, 25-Oct-2019,56.79,57.3,57.3,56.53, 57.00,56.99,56.89,8350,4.75,113, 5988, 71.71
KOTAKPSUBK, EQ, 25-Oct-2019,221.84,223.0,227.98,222.0, 225.00,224.36,225.27,4554,10.26,107, 2862, 62.85
KOTARISUG, EQ, 25-Oct-2019,10.0,10.05,10.4,9.85, 10.40,10.2,10.01,15239,1.53,55, 9987, 65.54
KOTHARIPET, EQ, 25-Oct-2019,17.0,17.75,17.8,16.65, 17.00,17.0,17.5,5478,0.96,43, 5185, 94.65
KOTHARIPRO, EQ, 25-Oct-2019,61.45,64.75,64.75,59.85, 60.90,60.7,60.48,3099,1.87,111, 2297, 74.12
KPITTECH, EQ, 25-Oct-2019,99.85,99.95,101.35,95.5, 96.10,96.45,97.71,369725,361.26,5037, 72270, 19.55
KPRMILL, EQ, 25-Oct-2019,625.8,635.5,657.8,620.0, 650.55,650.85,641.89,42159,270.62,2132, 20197, 47.91
KRBL, EQ, 25-Oct-2019,229.55,230.0,231.45,222.1, 224.95,224.5,225.22,54524,122.8,6383, 35006, 64.20
KREBSBIO, EQ, 25-Oct-2019,99.5,98.95,99.5,91.95, 95.00,94.5,96.84,1787,1.73,45, 1573, 88.02
KRIDHANINF, EQ, 25-Oct-2019,6.05,5.75,6.05,5.75, 5.75,5.75,5.76,77294,4.45,97, 76993, 99.61
KSB, EQ, 25-Oct-2019,677.8,675.6,680.0,663.05, 667.00,668.2,671.3,505,3.39,273, 244, 48.32
KSCL, EQ, 25-Oct-2019,492.65,493.2,498.0,488.1, 495.00,493.8,493.18,60452,298.14,4632, 16739, 27.69
KSK, EQ, 25-Oct-2019,0.45,0.5,0.5,0.45, 0.50,0.5,0.49,486572,2.4,179, 368293, 75.69
KSL, EQ, 25-Oct-2019,182.25,187.0,187.1,181.0, 183.65,183.65,182.89,42678,78.05,1047, 27195, 63.72
KTIL, EQ, 25-Oct-2019,29.85,32.0,32.0,29.3, 30.50,30.4,29.94,1253,0.38,26, 1127, 89.94
KTKBANK, EQ, 25-Oct-2019,73.25,73.45,73.45,71.65, 72.20,72.4,72.16,1088358,785.36,3582, 761961, 70.01
KUANTUM, EQ, 25-Oct-2019,445.0,400.05,447.0,400.05, 447.00,447.0,434.62,212,0.92,11, 107, 50.47
L&TFH, EQ, 25-Oct-2019,88.35,88.6,89.85,87.0, 88.85,89.15,88.73,8142320,7224.88,30940, 1652798, 20.30
LAKSHVILAS, EQ, 25-Oct-2019,16.3,15.5,15.5,15.5, 15.50,15.5,15.5,157581,24.43,473, 157581, 100.00
LALPATHLAB, EQ, 25-Oct-2019,1478.8,1489.0,1534.0,1480.5, 1525.00,1519.5,1518.34,101012,1533.71,11465, 71511, 70.79
LAMBODHARA, EQ, 25-Oct-2019,29.55,30.0,30.0,28.5, 29.45,29.75,29.7,2773,0.82,67, 2157, 77.79
LAOPALA, EQ, 25-Oct-2019,176.65,175.15,177.0,172.8, 175.00,175.7,175.16,8232,14.42,618, 4327, 52.56
LAURUSLABS, EQ, 25-Oct-2019,346.65,350.0,351.0,341.15, 345.65,346.25,347.83,27835,96.82,758, 22878, 82.19
LAXMIMACH, EQ, 25-Oct-2019,3623.15,3699.1,3700.0,3590.1, 3625.00,3628.45,3636.92,1150,41.82,476, 581, 50.52
LEMONTREE, EQ, 25-Oct-2019,58.4,59.0,59.9,58.5, 58.95,58.95,59.05,298175,176.06,2779, 122471, 41.07
LFIC, EQ, 25-Oct-2019,46.85,51.5,51.5,51.4, 51.50,51.5,51.47,163,0.08,5, 163, 100.00
LGBBROSLTD, EQ, 25-Oct-2019,244.25,257.4,257.4,241.5, 251.40,248.9,246.95,4727,11.67,401, 2621, 55.45
LGBFORGE, EQ, 25-Oct-2019,2.55,2.55,2.65,2.4, 2.60,2.6,2.53,11080,0.28,20, 6610, 59.66
LIBAS, EQ, 25-Oct-2019,55.9,50.4,55.0,50.4, 55.00,55.0,54.43,240,0.13,8, 240, 100.00
LIBERTSHOE, EQ, 25-Oct-2019,116.9,116.05,121.4,115.15, 118.50,118.4,119.11,217324,258.86,3480, 40637, 18.70
LICHSGFIN, EQ, 25-Oct-2019,370.1,372.1,378.4,371.25, 374.00,374.4,374.83,2595807,9729.89,31224, 665684, 25.64
LICNETFGSC, EQ, 25-Oct-2019,20.7,22.5,22.5,20.5, 21.29,21.44,21.24,1842,0.39,45, 856, 46.47
LICNETFN50, EQ, 25-Oct-2019,121.15,122.0,135.0,119.0, 126.00,133.8,124.26,194,0.24,14, 187, 96.39
LINCOLN, EQ, 25-Oct-2019,156.1,153.3,159.9,153.25, 156.85,158.05,157.29,9561,15.04,482, 4447, 46.51
LINCPEN, EQ, 25-Oct-2019,178.9,179.6,185.8,179.6, 182.00,182.7,182.65,566,1.03,134, 313, 55.30
LINDEINDIA, EQ, 25-Oct-2019,540.4,544.75,544.75,535.0, 535.00,535.3,538.0,5401,29.06,287, 3796, 70.28
LIQUIDBEES, EQ, 25-Oct-2019,1000.0,1000.01,1000.01,999.1, 1000.01,1000.0,999.98,576020,5760.1,3037, 424185, 73.64
LIQUIDETF, EQ, 25-Oct-2019,1000.0,1000.04,1000.06,999.99, 1000.01,1000.0,1000.0,31791,317.91,946, 29734, 93.53
LOKESHMACH, EQ, 25-Oct-2019,36.15,35.5,35.8,34.75, 34.80,35.25,35.27,12809,4.52,231, 8306, 64.85
LOTUSEYE, EQ, 25-Oct-2019,20.0,19.55,20.6,19.3, 19.30,19.55,19.54,302,0.06,8, 251, 83.11
LOVABLE, EQ, 25-Oct-2019,59.45,60.2,60.2,58.05, 58.45,58.45,58.73,4311,2.53,147, 2852, 66.16
LPDC, EQ, 25-Oct-2019,1.6,1.6,1.7,1.5, 1.70,1.7,1.56,3791,0.06,12, 2791, 73.62
LSIL, EQ, 25-Oct-2019,0.5,0.45,0.5,0.45, 0.50,0.45,0.47,223650,1.04,110, 218469, 97.68
LT, EQ, 25-Oct-2019,1432.25,1439.95,1441.7,1420.1, 1424.00,1425.0,1430.18,2013793,28800.94,75402, 902480, 44.81
LTI, EQ, 25-Oct-2019,1659.2,1664.0,1679.95,1644.45, 1679.00,1673.1,1668.67,77683,1296.27,9063, 47701, 61.40
LTTS, EQ, 25-Oct-2019,1456.55,1457.85,1468.4,1444.1, 1465.20,1460.35,1458.18,111259,1622.36,15732, 64929, 58.36
LUMAXIND, EQ, 25-Oct-2019,1232.5,1215.95,1244.05,1205.25, 1210.00,1226.45,1230.57,1257,15.47,267, 805, 64.04
LUMAXTECH, EQ, 25-Oct-2019,90.85,88.65,91.65,88.65, 90.25,89.95,89.67,5079,4.55,233, 3589, 70.66
LUPIN, EQ, 25-Oct-2019,730.25,730.3,737.15,725.0, 731.75,734.1,728.48,971238,7075.24,11819, 631720, 65.04
LUXIND, EQ, 25-Oct-2019,1207.2,1208.1,1246.7,1186.0, 1214.00,1219.05,1206.53,55629,671.18,3180, 5288, 9.51
LYKALABS, EQ, 25-Oct-2019,17.3,17.25,17.6,16.8, 17.55,17.45,17.22,18924,3.26,52, 15123, 79.91
LYPSAGEMS, EQ, 25-Oct-2019,4.25,4.25,4.25,3.9, 4.15,4.15,3.99,9400,0.38,315, 9292, 98.85
M&M, EQ, 25-Oct-2019,581.05,585.7,585.7,570.25, 576.75,577.7,575.81,2284548,13154.64,50533, 720007, 31.52
M&MFIN, EQ, 25-Oct-2019,330.85,332.9,338.5,327.35, 337.05,337.25,334.28,2141364,7158.22,21598, 1178781, 55.05
M100, EQ, 25-Oct-2019,17.0,17.05,17.19,16.9, 17.00,17.0,17.02,29726,5.06,238, 25421, 85.52
M50, EQ, 25-Oct-2019,111.85,111.6,113.64,111.5, 111.51,111.57,112.65,1264,1.42,26, 1193, 94.38
MAANALU, EQ, 25-Oct-2019,60.4,61.0,61.5,60.6, 61.40,61.1,61.08,1657,1.01,54, 1318, 79.54
MADHAV, EQ, 25-Oct-2019,23.8,23.8,23.8,23.0, 23.05,23.1,23.18,1876,0.43,74, 1680, 89.55
MADHUCON, EQ, 25-Oct-2019,3.75,3.9,3.9,3.9, 3.90,3.9,3.9,11784,0.46,16, 11784, 100.00
MADRASFERT, EQ, 25-Oct-2019,20.85,20.85,21.0,20.25, 20.50,20.45,20.48,116932,23.94,441, 64053, 54.78
MAGADSUGAR, EQ, 25-Oct-2019,103.65,105.0,105.5,100.1, 102.45,100.6,101.67,7000,7.12,156, 5375, 76.79
MAGMA, EQ, 25-Oct-2019,51.7,50.3,52.85,49.0, 49.60,49.65,49.7,65632,32.62,1725, 43999, 67.04
MAHABANK, EQ, 25-Oct-2019,10.7,10.75,10.95,10.65, 10.75,10.75,10.73,362288,38.86,807, 209250, 57.76
MAHASTEEL, EQ, 25-Oct-2019,154.4,153.0,158.65,150.0, 154.40,156.55,155.29,14150,21.97,414, 10803, 76.35
MAHESHWARI, EQ, 25-Oct-2019,225.0,228.0,243.0,221.0, 225.80,237.2,232.39,244672,568.6,2046, 52231, 21.35
MAHINDCIE, EQ, 25-Oct-2019,149.75,150.4,154.0,143.25, 153.75,152.65,150.98,279030,421.29,2272, 241594, 86.58
MAHLIFE, EQ, 25-Oct-2019,411.05,412.0,427.9,411.7, 425.10,425.25,421.62,127540,537.74,2035, 112852, 88.48
MAHLOG, EQ, 25-Oct-2019,358.95,361.15,363.55,348.25, 351.00,351.15,351.11,48712,171.03,2718, 33896, 69.58
MAHSCOOTER, EQ, 25-Oct-2019,4567.25,4514.7,4629.0,4505.5, 4539.00,4547.35,4563.99,4213,192.28,691, 3016, 71.59
MAHSEAMLES, EQ, 25-Oct-2019,355.8,357.85,361.45,354.25, 357.00,357.9,356.94,6119,21.84,264, 4673, 76.37
MAITHANALL, EQ, 25-Oct-2019,449.5,462.0,462.0,435.55, 437.00,436.55,445.36,22673,100.98,1134, 16250, 71.67
MAJESCO, EQ, 25-Oct-2019,416.9,416.9,416.9,407.5, 407.50,409.05,409.74,16688,68.38,1230, 9778, 58.59
MALUPAPER, EQ, 25-Oct-2019,24.7,24.15,25.65,24.1, 24.60,24.6,24.84,17182,4.27,166, 12567, 73.14
MAN50ETF, EQ, 25-Oct-2019,116.9,117.5,117.5,117.0, 117.00,117.0,117.33,59,0.07,4, 59, 100.00
MANAKALUCO, EQ, 25-Oct-2019,4.35,4.35,4.35,4.2, 4.30,4.3,4.28,7012,0.3,18, 7012, 100.00
MANAKCOAT, EQ, 25-Oct-2019,3.85,3.7,3.8,3.7, 3.70,3.7,3.71,8323,0.31,18, 6823, 81.98
MANAKSIA, EQ, 25-Oct-2019,33.95,34.0,35.0,33.2, 35.00,34.5,34.2,3906,1.34,52, 2789, 71.40
MANAKSTEEL, EQ, 25-Oct-2019,10.05,10.4,10.9,10.1, 10.85,10.75,10.58,4646,0.49,79, 2758, 59.36
MANALIPETC, EQ, 25-Oct-2019,17.3,17.3,17.4,16.75, 17.05,17.0,17.0,180906,30.76,703, 132342, 73.16
MANAPPURAM, EQ, 25-Oct-2019,164.45,165.5,166.5,162.6, 164.05,164.3,164.83,5310669,8753.4,34892, 1315700, 24.77
MANGALAM, EQ, 25-Oct-2019,25.7,25.6,26.4,25.55, 26.20,26.2,26.12,6427,1.68,77, 4683, 72.86
MANGCHEFER, EQ, 25-Oct-2019,29.7,29.6,30.25,28.85, 29.25,29.55,29.33,19410,5.69,287, 10059, 51.82
MANGLMCEM, EQ, 25-Oct-2019,290.8,288.05,305.5,286.05, 297.15,301.0,295.17,38734,114.33,928, 20422, 52.72
MANINDS, EQ, 25-Oct-2019,42.2,41.8,42.5,41.75, 42.00,42.15,42.18,13341,5.63,113, 7844, 58.80
MANINFRA, EQ, 25-Oct-2019,26.8,26.1,26.4,25.15, 25.25,25.9,25.63,158730,40.69,1343, 124889, 78.68
MANUGRAPH, EQ, 25-Oct-2019,13.75,13.8,14.05,13.5, 13.80,13.95,13.9,20784,2.89,58, 19733, 94.94
MARALOVER, EQ, 25-Oct-2019,19.7,20.55,20.6,19.1, 20.30,20.2,19.97,8914,1.78,44, 8004, 89.79
MARATHON, EQ, 25-Oct-2019,75.0,72.05,74.95,69.35, 71.40,71.15,71.66,609,0.44,45, 369, 60.59
MARICO, EQ, 25-Oct-2019,394.45,395.4,396.0,386.0, 393.15,393.8,391.1,2173362,8499.94,33956, 1089570, 50.13
MARKSANS, EQ, 25-Oct-2019,14.25,14.4,14.45,13.7, 13.95,13.95,14.1,569622,80.31,2167, 141637, 24.87
MARUTI, EQ, 25-Oct-2019,7391.4,7396.5,7509.0,7353.85, 7460.30,7471.15,7442.2,1353615,100738.77,164781, 297170, 21.95
MASFIN, EQ, 25-Oct-2019,734.5,729.9,736.1,718.0, 726.00,728.15,728.22,7468,54.38,560, 4384, 58.70
MASTEK, EQ, 25-Oct-2019,345.85,344.0,346.0,336.05, 340.00,340.6,339.84,17652,59.99,714, 8533, 48.34
MATRIMONY, EQ, 25-Oct-2019,505.5,512.05,514.45,498.0, 500.00,499.65,503.97,5656,28.5,252, 3261, 57.66
MAWANASUG, EQ, 25-Oct-2019,34.9,34.75,35.25,33.4, 33.80,33.9,34.33,42421,14.56,367, 29764, 70.16
MAXINDIA, EQ, 25-Oct-2019,66.05,66.05,68.8,65.8, 66.00,66.25,66.63,34318,22.87,825, 10062, 29.32
MAXVIL, EQ, 25-Oct-2019,38.2,39.3,39.3,37.15, 37.60,37.5,37.83,19021,7.19,352, 14537, 76.43
MAYURUNIQ, EQ, 25-Oct-2019,212.8,210.0,217.9,208.85, 215.00,215.0,210.35,92143,193.82,698, 48327, 52.45
MAZDA, EQ, 25-Oct-2019,354.9,361.0,366.9,355.25, 366.00,365.3,362.3,4874,17.66,114, 652, 13.38
MBAPL, EQ, 25-Oct-2019,76.25,78.1,79.0,76.0, 76.00,76.0,77.29,404,0.31,9, 300, 74.26
MCDHOLDING, EQ, 25-Oct-2019,19.1,19.1,19.1,18.0, 18.20,18.2,18.41,17139,3.16,152, 12392, 72.30
MCDOWELL-N, EQ, 25-Oct-2019,608.95,603.3,636.9,603.3, 628.65,627.2,625.95,3114733,19496.7,63510, 927939, 29.79
MCLEODRUSS, EQ, 25-Oct-2019,6.15,6.4,6.45,5.95, 6.25,6.15,6.24,161756,10.1,1315, 94175, 58.22
MCX, EQ, 25-Oct-2019,1128.15,1130.5,1170.0,1120.0, 1140.00,1138.25,1142.92,830771,9495.01,31099, 149383, 17.98
MEGASOFT, EQ, 25-Oct-2019,7.0,6.6,7.25,6.6, 6.90,6.95,6.91,15101,1.04,46, 13021, 86.23
MEGH, EQ, 25-Oct-2019,50.0,50.1,50.7,49.35, 49.90,49.8,49.87,326024,162.57,3440, 149511, 45.86
MENONBE, EQ, 25-Oct-2019,58.85,57.25,61.15,57.25, 57.60,57.5,57.91,5505,3.19,178, 4452, 80.87
MEP, EQ, 25-Oct-2019,29.6,29.6,29.7,28.2, 28.30,28.45,28.62,350195,100.21,1240, 286814, 81.90
MERCATOR, EQ, 25-Oct-2019,0.85,0.9,0.9,0.9, 0.90,0.9,0.9,154687,1.39,91, 154667, 99.99
METALFORGE, EQ, 25-Oct-2019,5.65,5.9,6.2,5.5, 6.20,6.2,6.08,17471,1.06,91, 11793, 67.50
METROPOLIS, EQ, 25-Oct-2019,1338.1,1338.0,1458.0,1338.0, 1412.00,1408.35,1397.47,65794,919.45,4442, 34557, 52.52
MFSL, EQ, 25-Oct-2019,416.1,415.0,422.8,401.75, 405.00,404.65,410.12,1012573,4152.81,18376, 640465, 63.25
MGL, EQ, 25-Oct-2019,947.45,949.0,978.0,947.0, 972.00,971.8,969.27,1250943,12125.07,70528, 624356, 49.91
MHRIL, EQ, 25-Oct-2019,216.2,214.2,224.0,213.95, 214.90,214.95,215.63,72574,156.49,942, 61458, 84.68
MIDHANI, EQ, 25-Oct-2019,130.55,130.05,135.0,130.0, 134.00,133.4,132.62,188046,249.39,1842, 145224, 77.23
MINDACORP, EQ, 25-Oct-2019,83.05,84.0,84.0,82.1, 83.00,83.0,83.06,43328,35.99,621, 29028, 67.00
MINDAIND, EQ, 25-Oct-2019,370.9,373.6,374.7,363.15, 367.00,365.6,367.45,32818,120.59,2295, 17082, 52.05
MINDTECK, EQ, 25-Oct-2019,31.0,32.5,33.0,30.95, 32.00,31.2,31.25,1804,0.56,36, 1552, 86.03
MINDTREE, EQ, 25-Oct-2019,718.2,718.2,720.2,707.85, 719.15,718.7,714.56,303587,2169.3,9278, 89147, 29.36
MIRCELECTR, EQ, 25-Oct-2019,7.2,7.4,7.5,6.95, 7.00,7.0,7.06,230429,16.27,472, 174271, 75.63
MIRZAINT, EQ, 25-Oct-2019,57.25,57.05,58.25,56.1, 56.55,56.5,56.82,174270,99.02,1660, 74006, 42.47
MMFL, EQ, 25-Oct-2019,398.7,390.2,413.0,390.2, 407.00,408.5,408.43,1507,6.16,363, 910, 60.38
MMTC, EQ, 25-Oct-2019,17.75,17.95,17.95,17.1, 17.30,17.25,17.49,812029,142.04,2194, 164314, 20.23
MOHOTAIND, EQ, 25-Oct-2019,10.9,11.0,11.2,10.9, 11.10,11.1,11.06,543,0.06,11, 378, 69.61
MOIL, EQ, 25-Oct-2019,142.4,143.7,145.55,142.2, 144.00,144.2,144.22,240264,346.52,6816, 151486, 63.05
MOLDTECH, EQ, 25-Oct-2019,51.1,51.1,52.4,50.4, 50.60,50.65,50.91,10145,5.16,60, 8981, 88.53
MOLDTKPAC, EQ, 25-Oct-2019,299.15,300.95,301.05,292.05, 298.00,296.75,297.36,16719,49.72,824, 9477, 56.68
MONTECARLO, EQ, 25-Oct-2019,236.1,231.15,239.0,225.05, 225.20,228.35,231.95,12923,29.97,574, 3460, 26.77
MORARJEE, EQ, 25-Oct-2019,12.65,12.95,12.95,11.85, 12.95,12.9,12.58,1651,0.21,23, 1548, 93.76
MOREPENLAB, EQ, 25-Oct-2019,16.0,15.95,16.2,15.65, 15.95,15.85,15.9,196983,31.32,582, 120633, 61.24
MOTHERSUMI, EQ, 25-Oct-2019,111.5,111.7,113.5,109.4, 110.95,111.0,111.64,7443723,8310.15,43740, 1839721, 24.72
MOTILALOFS, EQ, 25-Oct-2019,617.15,620.0,625.0,597.0, 603.40,600.5,609.04,67633,411.91,2638, 36037, 53.28
MOTOGENFIN, EQ, 25-Oct-2019,32.95,34.55,34.55,31.35, 32.50,31.35,31.4,705,0.22,18, 361, 51.21
MPHASIS, EQ, 25-Oct-2019,927.4,931.75,948.95,921.0, 940.10,944.75,938.01,122543,1149.46,10655, 73598, 60.06
MPSLTD, EQ, 25-Oct-2019,516.35,517.05,518.95,504.0, 510.00,508.35,511.3,2088,10.68,188, 1507, 72.17
MRF, EQ, 25-Oct-2019,63480.2,63830.0,63980.0,63025.35, 63126.05,63285.6,63413.62,5263,3337.46,2035, 2950, 56.05
MRPL, EQ, 25-Oct-2019,49.15,49.25,49.4,48.25, 48.35,48.5,48.53,525243,254.92,3336, 357749, 68.11
MSPL, EQ, 25-Oct-2019,5.05,4.85,5.2,4.85, 5.00,4.85,4.98,2547,0.13,27, 1273, 49.98
MSTCLTD, EQ, 25-Oct-2019,97.6,98.85,98.85,92.05, 95.65,95.0,94.58,47043,44.49,913, 26948, 57.28
MTEDUCARE, EQ, 25-Oct-2019,16.85,17.65,17.65,17.0, 17.65,17.65,17.63,14658,2.58,103, 14629, 99.80
MUKANDENGG, EQ, 25-Oct-2019,11.5,11.65,11.65,11.2, 11.25,11.25,11.28,311,0.04,12, 209, 67.20
MUKANDLTD, EQ, 25-Oct-2019,31.25,32.95,33.8,30.4, 30.40,30.95,31.14,4276,1.33,64, 3605, 84.31
MUKTAARTS, EQ, 25-Oct-2019,39.3,39.05,39.3,38.3, 38.55,38.55,38.75,9369,3.63,148, 6053, 64.61
MUNJALAU, EQ, 25-Oct-2019,43.8,42.0,43.6,41.35, 42.00,41.65,41.94,126273,52.96,1569, 49612, 39.29
MUNJALSHOW, EQ, 25-Oct-2019,133.95,133.15,134.15,131.0, 131.35,131.65,131.77,11322,14.92,328, 7255, 64.08
MURUDCERA, EQ, 25-Oct-2019,15.0,14.95,15.35,14.85, 15.00,15.0,15.18,14175,2.15,101, 9689, 68.35
MUTHOOTCAP, EQ, 25-Oct-2019,462.35,458.0,461.45,450.0, 457.00,453.4,456.59,3364,15.36,240, 2434, 72.35
MUTHOOTFIN, EQ, 25-Oct-2019,669.65,673.85,673.85,659.55, 662.00,662.25,665.12,343226,2282.88,7428, 55732, 16.24
N100, EQ, 25-Oct-2019,553.63,554.0,558.84,553.63, 555.90,555.74,556.1,5499,30.58,281, 3673, 66.79
NACLIND, EQ, 25-Oct-2019,27.85,28.0,28.55,27.6, 28.25,28.2,28.18,13880,3.91,140, 11671, 84.09
NAGREEKEXP, EQ, 25-Oct-2019,14.75,14.55,15.8,14.55, 14.60,14.6,14.8,3405,0.5,23, 2687, 78.91
NAHARCAP, EQ, 25-Oct-2019,70.1,70.3,73.0,70.25, 70.30,73.0,72.48,988,0.72,13, 884, 89.47
NAHARINDUS, EQ, 25-Oct-2019,24.5,23.6,24.9,23.6, 24.60,24.7,24.65,10121,2.49,38, 9567, 94.53
NAHARPOLY, EQ, 25-Oct-2019,32.5,32.1,33.7,32.1, 32.15,32.15,32.67,1705,0.56,44, 1450, 85.04
NAHARSPING, EQ, 25-Oct-2019,47.4,46.95,48.85,46.8, 48.15,48.3,48.42,6143,2.97,62, 4657, 75.81
NATCOPHARM, EQ, 25-Oct-2019,584.6,584.0,588.9,574.0, 575.00,577.8,581.67,488078,2838.99,3259, 461841, 94.62
NATHBIOGEN, EQ, 25-Oct-2019,321.1,311.3,324.95,311.3, 324.95,323.85,320.46,4202,13.47,247, 3427, 81.56
NATIONALUM, EQ, 25-Oct-2019,43.2,43.25,43.65,42.3, 42.45,42.55,42.81,6159961,2637.3,11214, 2174851, 35.31
NAUKRI, EQ, 25-Oct-2019,2306.95,2318.0,2318.0,2245.4, 2268.50,2264.75,2267.4,133698,3031.46,22302, 78913, 59.02
NAVINFLUOR, EQ, 25-Oct-2019,825.55,831.9,855.0,815.05, 852.10,849.15,838.42,409204,3430.84,12951, 270548, 66.12
NAVKARCORP, EQ, 25-Oct-2019,34.8,34.55,35.4,34.05, 34.40,34.6,34.84,64602,22.51,694, 38286, 59.26
NAVNETEDUL, EQ, 25-Oct-2019,99.75,99.85,99.9,98.1, 98.70,98.5,98.73,25375,25.05,386, 17527, 69.07
NBCC, EQ, 25-Oct-2019,34.45,34.5,34.9,32.8, 33.50,33.4,33.77,12181131,4113.53,18208, 2429847, 19.95
NBIFIN, EQ, 25-Oct-2019,1400.95,1398.0,1498.0,1360.15, 1480.00,1454.15,1453.69,391,5.68,29, 368, 94.12
NBVENTURES, EQ, 25-Oct-2019,74.15,74.15,74.7,73.5, 74.35,74.25,74.12,19934,14.77,262, 14334, 71.91
NCC, EQ, 25-Oct-2019,53.6,53.7,55.1,52.2, 53.30,53.65,53.79,16713421,8990.16,33303, 1617561, 9.68
NCLIND, EQ, 25-Oct-2019,90.3,90.9,94.7,89.1, 92.50,92.55,92.73,73388,68.05,1193, 26361, 35.92
NDGL, EQ, 25-Oct-2019,522.55,525.0,627.0,510.0, 540.00,544.45,554.78,871,4.83,68, 235, 26.98
NDL, EQ, 25-Oct-2019,31.85,34.6,34.6,31.5, 31.60,31.6,31.71,2819,0.89,102, 2213, 78.50
NDTV, EQ, 25-Oct-2019,30.35,30.85,30.85,29.4, 30.50,30.25,30.34,11317,3.43,163, 8203, 72.48
NECCLTD, EQ, 25-Oct-2019,4.95,4.95,5.05,4.9, 5.00,5.0,4.97,5724,0.28,29, 5617, 98.13
NECLIFE, EQ, 25-Oct-2019,12.5,13.2,13.2,12.45, 12.60,12.65,12.77,58109,7.42,259, 36039, 62.02
NELCAST, EQ, 25-Oct-2019,41.75,41.25,41.8,39.0, 39.75,39.95,40.32,38967,15.71,699, 24051, 61.72
NELCO, EQ, 25-Oct-2019,248.35,251.5,251.5,239.6, 242.80,242.0,244.42,41827,102.23,1716, 25741, 61.54
NEOGEN, EQ, 25-Oct-2019,388.65,389.65,399.0,384.55, 398.90,397.65,394.84,17913,70.73,742, 11190, 62.47
NESCO, EQ, 25-Oct-2019,562.25,566.0,566.0,558.95, 560.90,561.45,560.84,7671,43.02,441, 5632, 73.42
NESTLEIND, EQ, 25-Oct-2019,14666.0,14779.0,14900.0,14461.35, 14785.00,14803.35,14671.15,131479,19289.49,27276, 61289, 46.62
NETF, EQ, 25-Oct-2019,117.26,116.79,116.79,116.79, 116.79,116.79,116.79,1,0.0,1, 1, 100.00
NETWORK18, EQ, 25-Oct-2019,21.5,21.6,21.8,20.65, 20.90,21.05,21.21,114713,24.33,716, 71712, 62.51
NEULANDLAB, EQ, 25-Oct-2019,487.75,492.15,495.2,486.0, 486.00,487.6,490.2,4131,20.25,350, 2878, 69.67
NEWGEN, EQ, 25-Oct-2019,179.65,180.6,187.75,178.0, 182.00,180.7,182.2,106880,194.74,11099, 70277, 65.75
NEXTMEDIA, EQ, 25-Oct-2019,9.0,9.0,9.1,8.5, 8.80,8.8,8.73,7252,0.63,48, 1411, 19.46
NFL, EQ, 25-Oct-2019,27.35,27.15,27.4,26.7, 26.95,27.0,26.96,341866,92.18,1069, 170087, 49.75
NH, EQ, 25-Oct-2019,244.75,244.75,273.85,244.75, 256.50,254.3,259.52,186458,483.89,8241, 59350, 31.83
NHPC, EQ, 25-Oct-2019,23.35,23.3,23.95,23.25, 23.75,23.8,23.7,2048306,485.45,3337, 1479637, 72.24
NIACL, EQ, 25-Oct-2019,128.75,127.9,141.6,126.1, 141.60,141.6,135.67,701639,951.9,11971, 296091, 42.20
NIFTYBEES, EQ, 25-Oct-2019,1226.7,1237.95,1238.0,1216.05, 1222.90,1225.36,1223.23,79682,974.69,2097, 37802, 47.44
NIFTYEES, EQ, 25-Oct-2019,14998.99,14990.0,14999.0,14425.0, 14425.00,14425.0,14776.65,14,2.07,8, 9, 64.29
NIITLTD, EQ, 25-Oct-2019,89.95,90.8,94.4,90.25, 93.05,93.4,92.87,1216610,1129.81,7223, 687015, 56.47
NIITTECH, EQ, 25-Oct-2019,1491.6,1485.0,1519.5,1467.5, 1501.40,1505.15,1498.72,382090,5726.47,19918, 87621, 22.93
NILAINFRA, EQ, 25-Oct-2019,4.9,4.9,5.0,4.6, 4.75,4.75,4.75,100643,4.78,180, 91126, 90.54
NILASPACES, EQ, 25-Oct-2019,1.15,1.2,1.2,1.15, 1.20,1.2,1.2,24702,0.3,26, 24702, 100.00
NILKAMAL, EQ, 25-Oct-2019,1200.15,1201.8,1236.0,1183.95, 1229.10,1229.15,1214.35,7856,95.4,1002, 3534, 44.98
NIPPOBATRY, EQ, 25-Oct-2019,447.95,448.05,448.05,440.0, 440.10,443.7,444.5,1420,6.31,113, 1231, 86.69
NITCO, EQ, 25-Oct-2019,22.65,22.95,23.4,22.0, 23.00,23.05,22.99,32611,7.5,348, 20316, 62.30
NITESHEST, EQ, 25-Oct-2019,1.6,1.6,1.65,1.6, 1.65,1.65,1.65,14998,0.25,23, 14454, 96.37
NITINSPIN, EQ, 25-Oct-2019,54.8,54.0,56.3,52.7, 54.90,54.75,54.81,17705,9.7,406, 10606, 59.90
NLCINDIA, EQ, 25-Oct-2019,57.25,56.75,57.6,56.0, 56.40,56.4,56.82,117243,66.62,1868, 67870, 57.89
NMDC, EQ, 25-Oct-2019,105.45,104.1,108.2,104.1, 107.85,107.2,106.56,5558552,5923.08,22045, 2448643, 44.05
NOCIL, EQ, 25-Oct-2019,110.4,110.5,114.3,110.5, 114.30,113.85,112.6,456293,513.81,3911, 192391, 42.16
NPBET, EQ, 25-Oct-2019,164.78,165.32,165.32,163.5, 164.71,164.71,164.43,174,0.29,7, 174, 100.00
NRAIL, EQ, 25-Oct-2019,230.4,225.15,236.0,225.15, 230.05,230.05,231.97,14220,32.99,991, 9266, 65.16
NRBBEARING, EQ, 25-Oct-2019,106.2,107.9,108.5,104.05, 105.00,105.05,106.15,57141,60.65,1272, 36500, 63.88
NSIL, EQ, 25-Oct-2019,800.0,760.1,809.3,760.1, 787.00,795.05,787.65,600,4.73,70, 16, 2.67
NTPC, EQ, 25-Oct-2019,120.2,120.85,120.85,118.2, 118.40,118.5,118.86,8505881,10110.08,50215, 4967530, 58.40
NUCLEUS, EQ, 25-Oct-2019,304.3,305.3,309.85,301.0, 303.60,303.95,304.95,10852,33.09,757, 6922, 63.79
OAL, EQ, 25-Oct-2019,197.4,195.3,202.7,195.3, 196.60,196.55,198.17,794,1.57,20, 363, 45.72
OBEROIRLTY, EQ, 25-Oct-2019,500.0,500.0,508.7,486.2, 504.00,504.8,500.77,438618,2196.48,34640, 194707, 44.39
OCCL, EQ, 25-Oct-2019,994.55,994.55,999.8,980.0, 983.00,984.45,989.63,3930,38.89,419, 3030, 77.10
OFSS, EQ, 25-Oct-2019,3064.85,3064.85,3092.0,3040.0, 3065.00,3065.45,3062.09,8116,248.52,2003, 5178, 63.80
OIL, EQ, 25-Oct-2019,168.2,168.45,168.9,163.2, 163.65,163.75,164.86,644794,1063.0,7327, 218544, 33.89
OILCOUNTUB, EQ, 25-Oct-2019,6.7,6.05,6.7,6.05, 6.50,6.5,6.31,16795,1.06,77, 8466, 50.41
OISL, EQ, 25-Oct-2019,4.6,4.75,4.8,4.6, 4.80,4.8,4.78,20158,0.96,28, 19553, 97.00
OLECTRA, EQ, 25-Oct-2019,182.6,182.2,182.7,179.0, 180.00,179.35,180.6,24260,43.81,865, 16727, 68.95
OMAXAUTO, EQ, 25-Oct-2019,43.65,44.35,44.45,42.8, 42.80,43.0,43.19,12077,5.22,152, 8765, 72.58
OMAXE, EQ, 25-Oct-2019,185.8,188.25,189.1,183.7, 186.35,186.25,186.12,292236,543.92,4811, 130670, 44.71
OMMETALS, EQ, 25-Oct-2019,19.35,19.4,19.4,17.75, 18.65,18.55,18.37,42797,7.86,289, 37808, 88.34
ONELIFECAP, EQ, 25-Oct-2019,4.8,4.75,4.75,4.75, 4.75,4.75,4.75,559,0.03,5, 559, 100.00
ONEPOINT, EQ, 25-Oct-2019,15.1,16.7,16.7,14.1, 15.00,15.0,15.18,133,0.02,12, 100, 75.19
ONGC, EQ, 25-Oct-2019,140.7,141.6,141.6,138.1, 139.50,139.55,139.67,6636201,9269.09,50404, 2844743, 42.87
ONMOBILE, EQ, 25-Oct-2019,31.45,31.2,31.45,30.6, 30.90,30.9,31.14,60434,18.82,356, 49054, 81.17
ONWARDTEC, EQ, 25-Oct-2019,66.55,65.05,67.9,63.05, 66.40,65.6,65.98,6490,4.28,147, 5771, 88.92
OPTIEMUS, EQ, 25-Oct-2019,30.0,31.5,31.5,31.5, 31.50,31.5,31.5,4503,1.42,16, 4503, 100.00
OPTOCIRCUI, EQ, 25-Oct-2019,3.75,3.9,3.9,3.65, 3.80,3.75,3.72,123697,4.6,142, 90567, 73.22
ORBTEXP, EQ, 25-Oct-2019,90.0,90.0,91.65,89.5, 91.00,90.8,90.3,1325,1.2,81, 775, 58.49
ORICONENT, EQ, 25-Oct-2019,18.8,18.9,19.0,18.5, 18.70,18.8,18.71,20119,3.76,157, 15981, 79.43
ORIENTABRA, EQ, 25-Oct-2019,16.1,16.75,16.75,16.05, 16.20,16.4,16.28,14251,2.32,402, 12178, 85.45
ORIENTALTL, EQ, 25-Oct-2019,13.3,13.7,13.75,13.25, 13.75,13.75,13.49,7231,0.98,24, 4624, 63.95
ORIENTBANK, EQ, 25-Oct-2019,50.35,50.75,51.25,49.75, 50.30,50.55,50.45,683502,344.84,3546, 143545, 21.00
ORIENTBELL, EQ, 25-Oct-2019,119.55,119.55,119.95,115.15, 116.00,115.95,116.78,9358,10.93,197, 8016, 85.66
ORIENTCEM, EQ, 25-Oct-2019,78.25,78.9,79.6,76.2, 76.55,76.75,77.68,128039,99.46,3333, 86936, 67.90
ORIENTELEC, EQ, 25-Oct-2019,183.15,184.0,188.65,178.1, 180.00,180.45,181.35,126744,229.85,5936, 79511, 62.73
ORIENTHOT, EQ, 25-Oct-2019,35.75,35.05,36.9,35.0, 35.45,35.4,35.29,13892,4.9,181, 9057, 65.20
ORIENTLTD, EQ, 25-Oct-2019,109.45,100.0,114.95,100.0, 110.45,110.45,109.62,314,0.34,28, 277, 88.22
ORIENTPPR, EQ, 25-Oct-2019,27.65,27.7,28.0,26.5, 26.95,26.9,26.96,243037,65.53,1160, 148994, 61.31
ORIENTREF, EQ, 25-Oct-2019,227.0,229.6,234.75,225.4, 226.50,227.2,230.08,14400,33.13,658, 7005, 48.65
ORISSAMINE, EQ, 25-Oct-2019,942.05,945.0,978.9,932.15, 956.00,953.85,957.87,20023,191.79,2234, 7170, 35.81
ORTINLABSS, EQ, 25-Oct-2019,9.55,10.0,10.0,9.0, 9.40,9.05,9.16,16943,1.55,334, 12353, 72.91
OSWALAGRO, EQ, 25-Oct-2019,5.55,5.75,5.8,5.2, 5.25,5.35,5.41,8309,0.45,114, 5395, 64.93
PAGEIND, EQ, 25-Oct-2019,22934.65,22823.0,23585.8,22800.0, 23580.00,23415.85,23244.14,34026,7909.05,9917, 16115, 47.36
PAISALO, EQ, 25-Oct-2019,464.6,460.25,470.0,417.4, 428.95,447.35,451.27,48336,218.13,560, 33491, 69.29
PALASHSECU, EQ, 25-Oct-2019,33.5,33.5,35.5,30.5, 32.00,32.0,32.87,1804,0.59,15, 403, 22.34
PALREDTEC, EQ, 25-Oct-2019,18.25,18.95,19.15,18.9, 19.15,19.15,19.13,4159,0.8,58, 3298, 79.30
PANACEABIO, EQ, 25-Oct-2019,141.4,141.35,141.75,134.0, 135.30,136.05,137.79,17492,24.1,666, 10130, 57.91
PANAMAPET, EQ, 25-Oct-2019,66.85,67.85,70.05,65.4, 65.60,66.0,67.5,41628,28.1,893, 29067, 69.83
PAPERPROD, EQ, 25-Oct-2019,249.05,249.5,254.0,241.5, 250.00,249.75,248.16,226118,561.13,5113, 52757, 23.33
PARACABLES, EQ, 25-Oct-2019,8.75,9.3,9.3,7.4, 8.25,8.35,8.14,171267,13.94,506, 68544, 40.02
PARAGMILK, EQ, 25-Oct-2019,148.25,149.3,150.0,137.05, 138.55,138.45,142.04,297379,422.39,7817, 211294, 71.05
PARSVNATH, EQ, 25-Oct-2019,2.5,2.55,2.6,2.45, 2.60,2.6,2.56,71924,1.84,154, 51052, 70.98
PATELENG, EQ, 25-Oct-2019,11.6,12.15,12.15,11.35, 12.15,12.1,12.03,1295280,155.81,1585, 893130, 68.95
PATINTLOG, EQ, 25-Oct-2019,21.5,21.1,21.65,21.0, 21.00,21.05,21.23,10810,2.29,215, 6266, 57.96
PATSPINLTD, EQ, 25-Oct-2019,5.15,5.15,5.3,5.0, 5.05,5.05,5.02,602,0.03,16, 597, 99.17
PCJEWELLER, EQ, 25-Oct-2019,34.4,34.9,34.95,32.15, 32.95,33.0,33.25,7064345,2348.89,20963, 1633772, 23.13
PDMJEPAPER, EQ, 25-Oct-2019,14.05,13.95,14.2,13.45, 13.50,13.6,13.7,37608,5.15,157, 26827, 71.33
PDSMFL, EQ, 25-Oct-2019,318.2,323.0,325.0,317.0, 317.00,317.65,320.51,387,1.24,149, 134, 34.63
PEARLPOLY, EQ, 25-Oct-2019,8.65,9.0,9.0,8.3, 8.90,8.9,8.42,3201,0.27,13, 2200, 68.73
PEL, EQ, 25-Oct-2019,1723.05,1725.2,1742.0,1430.0, 1579.50,1592.35,1554.48,7492214,116464.88,266151, 236996, 3.16
PENIND, EQ, 25-Oct-2019,25.85,25.9,26.2,25.15, 25.75,25.4,25.64,39039,10.01,338, 26911, 68.93
PENINLAND, EQ, 25-Oct-2019,3.7,3.75,3.8,3.55, 3.60,3.65,3.64,59760,2.18,131, 37598, 62.91
PERSISTENT, EQ, 25-Oct-2019,608.65,612.0,614.7,583.95, 603.80,602.55,596.26,109689,654.04,6921, 62291, 56.79
PETRONET, EQ, 25-Oct-2019,269.1,271.65,272.9,268.5, 271.10,271.25,271.02,2139789,5799.35,46246, 1315729, 61.49
PFC, EQ, 25-Oct-2019,104.45,105.0,106.6,103.05, 106.00,106.1,105.11,5519811,5802.12,21488, 2536057, 45.94
PFIZER, EQ, 25-Oct-2019,3395.95,3424.8,3535.0,3424.75, 3515.00,3493.15,3494.92,67779,2368.82,6137, 42816, 63.17
PFOCUS, EQ, 25-Oct-2019,54.75,55.0,55.1,54.05, 54.50,54.6,54.77,7070,3.87,108, 5200, 73.55
PFS, EQ, 25-Oct-2019,13.25,13.3,13.5,13.0, 13.15,13.2,13.25,461015,61.09,1079, 233076, 50.56
PGEL, EQ, 25-Oct-2019,40.75,40.05,41.8,40.0, 41.45,41.35,41.12,96526,39.69,986, 38610, 40.00
PGHH, EQ, 25-Oct-2019,11987.45,12139.0,12444.95,11915.7, 12180.00,12126.25,12105.93,4880,590.77,1399, 2437, 49.94
PGHL, EQ, 25-Oct-2019,4405.25,4405.25,4469.95,4390.0, 4409.95,4407.55,4426.75,13309,589.16,2410, 8052, 60.50
PGIL, EQ, 25-Oct-2019,150.2,151.0,152.0,145.0, 145.20,147.75,147.2,2671,3.93,96, 2085, 78.06
PHILIPCARB, EQ, 25-Oct-2019,120.6,120.9,121.4,119.0, 119.85,119.5,120.17,320358,384.98,3833, 133742, 41.75
PHOENIXLTD, EQ, 25-Oct-2019,734.2,735.0,735.0,717.8, 723.20,722.9,723.37,15637,113.11,1372, 10748, 68.73
PIDILITIND, EQ, 25-Oct-2019,1362.8,1368.9,1379.9,1333.0, 1341.00,1338.75,1357.9,957873,13006.92,25086, 418535, 43.69
PIIND, EQ, 25-Oct-2019,1426.7,1429.85,1435.6,1360.0, 1370.00,1369.85,1388.15,124354,1726.21,10694, 72507, 58.31
PILANIINVS, EQ, 25-Oct-2019,1844.4,1850.0,1865.1,1833.0, 1835.00,1845.15,1845.24,5112,94.33,204, 2688, 52.58
PILITA, EQ, 25-Oct-2019,4.75,4.6,4.95,4.6, 4.95,4.95,4.82,39627,1.91,68, 13088, 33.03
PIONDIST, EQ, 25-Oct-2019,129.4,132.85,132.85,125.2, 126.80,126.3,127.57,4197,5.35,364, 2142, 51.04
PIONEEREMB, EQ, 25-Oct-2019,23.3,23.0,23.5,22.2, 23.50,23.4,22.9,1440,0.33,65, 682, 47.36
PITTIENG, EQ, 25-Oct-2019,40.5,40.0,40.8,40.0, 40.55,40.6,40.5,15588,6.31,97, 13725, 88.05
PLASTIBLEN, EQ, 25-Oct-2019,175.05,175.05,175.05,168.15, 172.00,171.75,171.41,1637,2.81,163, 1160, 70.86
PNB, EQ, 25-Oct-2019,59.75,59.5,61.25,58.7, 60.60,60.7,59.98,26581062,15942.21,44122, 4683333, 17.62
PNBGILTS, EQ, 25-Oct-2019,28.1,28.2,28.8,27.65, 28.00,27.95,28.25,172181,48.64,765, 90539, 52.58
PNBHOUSING, EQ, 25-Oct-2019,446.9,468.0,552.7,466.0, 491.50,490.5,515.0,8492557,43736.35,162167, 1099968, 12.95
PNC, EQ, 25-Oct-2019,13.8,14.8,14.8,13.35, 13.40,13.4,13.48,210,0.03,17, 128, 60.95
PNCINFRA, EQ, 25-Oct-2019,174.6,173.1,175.2,169.3, 170.70,171.1,171.75,742108,1274.59,3217, 536076, 72.24
PODDARMENT, EQ, 25-Oct-2019,165.45,163.8,170.0,163.0, 163.55,163.7,165.1,1822,3.01,66, 1432, 78.59
POKARNA, EQ, 25-Oct-2019,163.85,165.0,165.0,158.1, 161.50,160.75,160.92,9974,16.05,337, 6130, 61.46
POLYCAB, EQ, 25-Oct-2019,826.75,828.0,828.0,806.0, 819.00,817.65,817.65,299318,2447.38,16296, 130506, 43.60
POLYMED, EQ, 25-Oct-2019,201.0,205.6,205.6,190.6, 190.60,193.1,196.61,3436,6.76,288, 2906, 84.58
POLYPLEX, EQ, 25-Oct-2019,458.85,463.05,467.6,453.3, 459.40,463.7,458.78,22490,103.18,1362, 12309, 54.73
PONNIERODE, EQ, 25-Oct-2019,107.1,127.9,127.9,105.0, 106.60,106.7,111.71,4089,4.57,226, 1875, 45.85
POWERGRID, EQ, 25-Oct-2019,204.1,205.4,205.4,201.15, 203.00,202.95,202.91,2246410,4558.14,46306, 1056776, 47.04
POWERMECH, EQ, 25-Oct-2019,702.25,704.6,716.95,682.2, 685.00,686.95,700.53,9083,63.63,624, 2143, 23.59
PPAP, EQ, 25-Oct-2019,170.15,169.95,172.95,166.0, 166.50,166.8,168.66,16403,27.66,581, 12167, 74.18
PPL, EQ, 25-Oct-2019,69.0,67.5,70.5,66.55, 69.90,69.05,69.36,13814,9.58,302, 11016, 79.75
PRABHAT, EQ, 25-Oct-2019,84.7,84.15,84.65,83.2, 83.70,83.9,83.96,56539,47.47,327, 50714, 89.70
PRAENG, EQ, 25-Oct-2019,7.15,7.25,7.55,6.9, 7.30,7.4,7.22,44153,3.19,173, 26213, 59.37
PRAJIND, EQ, 25-Oct-2019,111.65,111.9,112.1,106.25, 107.30,107.15,108.16,688257,744.44,8931, 257051, 37.35
PRAKASH, EQ, 25-Oct-2019,45.3,44.9,46.9,44.9, 45.10,45.25,45.62,121040,55.21,749, 60206, 49.74
PRECAM, EQ, 25-Oct-2019,29.95,30.45,30.45,28.25, 29.00,28.9,28.98,39691,11.5,262, 30045, 75.70
PRECOT, EQ, 25-Oct-2019,24.4,27.7,27.7,25.0, 25.05,25.05,25.88,60,0.02,4, 55, 91.67
PRECWIRE, EQ, 25-Oct-2019,160.1,166.0,166.0,158.0, 158.50,161.0,160.04,5364,8.58,324, 3007, 56.06
PREMEXPLN, EQ, 25-Oct-2019,180.5,177.05,179.9,172.05, 174.00,174.1,174.92,3803,6.65,210, 2971, 78.12
PREMIERPOL, EQ, 25-Oct-2019,18.8,18.85,19.1,17.35, 19.10,18.0,17.96,409,0.07,20, 293, 71.64
PRESSMN, EQ, 25-Oct-2019,20.05,20.0,20.25,19.65, 19.85,19.85,19.88,8328,1.66,66, 5833, 70.04
PRESTIGE, EQ, 25-Oct-2019,304.25,303.2,305.85,298.05, 302.00,299.8,300.82,68124,204.93,4429, 25388, 37.27
PRICOLLTD, EQ, 25-Oct-2019,32.5,32.9,33.15,31.7, 31.90,32.05,32.31,662610,214.08,5281, 631155, 95.25
PRIMESECU, EQ, 25-Oct-2019,41.35,40.5,42.5,40.0, 41.05,41.2,41.54,5947,2.47,82, 3622, 60.90
PROZONINTU, EQ, 25-Oct-2019,19.1,19.95,19.95,18.35, 19.00,18.95,18.88,68779,12.99,262, 62582, 90.99
PRSMJOHNSN, EQ, 25-Oct-2019,75.25,75.3,75.65,73.25, 73.40,73.5,73.95,73104,54.06,1143, 58700, 80.30
PSB, EQ, 25-Oct-2019,18.0,18.0,18.3,17.9, 18.15,18.0,18.04,15697,2.83,136, 14068, 89.62
PSPPROJECT, EQ, 25-Oct-2019,542.8,545.0,553.45,537.0, 537.00,539.65,543.85,4611,25.08,323, 2900, 62.89
PSUBNKBEES, EQ, 25-Oct-2019,244.83,246.0,254.5,246.0, 254.39,252.68,250.95,3192,8.01,97, 2254, 70.61
PTC, EQ, 25-Oct-2019,55.95,55.95,56.4,55.3, 55.50,55.7,55.83,282888,157.93,1487, 140930, 49.82
PTL, EQ, 25-Oct-2019,36.5,37.65,37.65,36.0, 36.55,36.55,36.41,3760,1.37,38, 3130, 83.24
PUNJABCHEM, EQ, 25-Oct-2019,535.45,534.9,540.0,522.0, 539.85,539.5,533.63,432,2.31,152, 225, 52.08
PURVA, EQ, 25-Oct-2019,61.6,62.3,62.55,60.4, 60.90,61.05,61.36,35587,21.84,656, 17078, 47.99
PVR, EQ, 25-Oct-2019,1799.8,1802.0,1809.9,1772.0, 1772.00,1782.6,1791.5,265479,4756.05,13233, 44800, 16.88
QGOLDHALF, EQ, 25-Oct-2019,1680.05,1686.2,1709.5,1686.2, 1709.50,1708.2,1698.73,2593,44.05,484, 766, 29.54
QNIFTY, EQ, 25-Oct-2019,1193.5,1188.0,1188.0,1188.0, 1188.00,1188.0,1188.0,5,0.06,2, 5, 100.00
QUESS, EQ, 25-Oct-2019,462.9,463.0,475.0,462.95, 473.95,471.2,471.51,50015,235.83,3737, 23370, 46.73
QUICKHEAL, EQ, 25-Oct-2019,121.95,123.55,123.7,120.7, 122.00,121.9,122.11,51628,63.04,1694, 15141, 29.33
RADICO, EQ, 25-Oct-2019,311.65,313.2,317.0,306.6, 315.15,314.85,314.28,382681,1202.69,12261, 278692, 72.83
RADIOCITY, EQ, 25-Oct-2019,32.35,32.9,32.9,29.4, 30.00,29.75,30.33,60735,18.42,1284, 45380, 74.72
RAIN, EQ, 25-Oct-2019,92.55,93.0,93.0,90.4, 91.80,91.55,91.6,455682,417.39,3676, 183763, 40.33
RAJESHEXPO, EQ, 25-Oct-2019,673.75,675.65,679.8,669.05, 670.70,671.45,675.66,313837,2120.48,5807, 136961, 43.64
RAJSREESUG, EQ, 25-Oct-2019,16.35,16.3,16.8,16.0, 16.65,16.65,16.39,2960,0.49,17, 1457, 49.22
RAJTV, EQ, 25-Oct-2019,44.25,44.25,46.85,41.55, 44.90,43.6,44.92,8856,3.98,36, 8554, 96.59
RALLIS, EQ, 25-Oct-2019,163.05,162.55,164.0,160.0, 160.75,161.0,162.04,63059,102.18,1484, 33310, 52.82
RAMANEWS, EQ, 25-Oct-2019,17.0,16.95,16.95,15.8, 16.50,16.3,16.27,4102,0.67,91, 2996, 73.04
RAMASTEEL, EQ, 25-Oct-2019,49.35,49.85,49.9,48.7, 48.70,48.8,49.16,3707,1.82,68, 3336, 89.99
RAMCOCEM, EQ, 25-Oct-2019,756.15,758.1,758.1,740.6, 756.00,755.35,750.76,235224,1765.97,5069, 133034, 56.56
RAMCOIND, EQ, 25-Oct-2019,180.4,180.75,184.2,177.55, 182.50,181.5,180.97,19366,35.05,699, 11255, 58.12
RAMCOSYS, EQ, 25-Oct-2019,151.6,152.95,156.7,149.3, 155.00,154.9,153.38,10473,16.06,473, 8022, 76.60
RAMKY, EQ, 25-Oct-2019,48.45,48.5,48.9,47.0, 48.50,48.05,48.07,12116,5.82,174, 9787, 80.78
RANASUG, EQ, 25-Oct-2019,2.25,2.25,2.25,2.15, 2.25,2.25,2.2,134558,2.97,81, 68515, 50.92
RANEENGINE, EQ, 25-Oct-2019,217.85,217.5,228.7,217.1, 217.25,217.6,219.59,840,1.84,89, 578, 68.81
RANEHOLDIN, EQ, 25-Oct-2019,859.3,844.05,882.85,838.1, 840.00,842.4,852.87,654,5.58,144, 351, 53.67
RATNAMANI, EQ, 25-Oct-2019,913.25,916.0,920.0,892.0, 910.00,910.15,901.72,12660,114.16,1052, 10604, 83.76
RAYMOND, EQ, 25-Oct-2019,601.75,604.7,618.9,583.15, 591.05,592.0,601.24,504370,3032.45,14918, 63804, 12.65
RBL, EQ, 25-Oct-2019,510.75,518.0,518.0,495.0, 504.00,499.35,502.82,5218,26.24,581, 2584, 49.52
RBLBANK, EQ, 25-Oct-2019,251.7,252.1,263.0,248.0, 258.70,260.35,253.96,12491819,31724.18,102437, 1150710, 9.21
RCF, EQ, 25-Oct-2019,54.6,54.8,54.85,52.1, 52.25,52.35,53.02,995166,527.68,5054, 391737, 39.36
RCOM, EQ, 25-Oct-2019,0.65,0.65,0.7,0.65, 0.70,0.7,0.67,7538850,50.41,2204, 4503987, 59.74
RECLTD, EQ, 25-Oct-2019,134.2,134.6,136.8,132.8, 136.10,136.35,135.11,2623464,3544.59,16274, 849608, 32.38
REDINGTON, EQ, 25-Oct-2019,113.7,114.5,121.8,112.75, 117.30,115.6,116.89,239599,280.06,8818, 135220, 56.44
REFEX, EQ, 25-Oct-2019,38.05,37.0,39.95,37.0, 39.95,39.95,39.58,193588,76.62,1149, 115640, 59.74
RELAXO, EQ, 25-Oct-2019,539.15,541.0,545.0,528.55, 532.00,533.6,539.18,53448,288.18,3487, 28761, 53.81
RELCAPITAL, EQ, 25-Oct-2019,15.5,16.25,16.25,15.05, 16.15,16.0,15.89,12125698,1926.46,16988, 3234518, 26.67
RELCNX100, EQ, 25-Oct-2019,120.3,121.63,121.63,120.27, 121.60,121.6,121.14,211,0.26,9, 150, 71.09
RELCONS, EQ, 25-Oct-2019,54.5,56.5,56.5,54.03, 54.45,54.45,54.3,1377,0.75,26, 825, 59.91
RELDIVOPP, EQ, 25-Oct-2019,29.54,29.2,29.55,28.71, 29.49,29.47,29.36,673,0.2,14, 162, 24.07
RELIANCE, EQ, 25-Oct-2019,1436.45,1441.1,1441.45,1411.25, 1428.25,1431.2,1426.02,6190013,88270.69,163477, 1995488, 32.24
RELIGARE, EQ, 25-Oct-2019,49.9,50.9,52.35,49.05, 50.00,50.55,50.76,422779,214.61,2204, 322322, 76.24
RELINFRA, EQ, 25-Oct-2019,27.55,28.9,28.9,26.65, 28.90,28.9,28.47,7101318,2021.79,11458, 3013415, 42.43
RELNV20, EQ, 25-Oct-2019,572.47,569.18,573.23,566.8, 572.90,568.35,568.63,1609,9.15,42, 1514, 94.10
REMSONSIND, EQ, 25-Oct-2019,86.75,87.0,95.35,86.05, 90.40,89.3,88.32,9753,8.61,256, 2655, 27.22
RENUKA, EQ, 25-Oct-2019,7.2,7.2,7.25,7.0, 7.20,7.2,7.17,223318,16.0,385, 130039, 58.23
REPCOHOME, EQ, 25-Oct-2019,278.5,276.75,298.0,273.1, 276.00,277.15,285.82,113884,325.51,4472, 29238, 25.67
REPRO, EQ, 25-Oct-2019,617.55,617.0,617.55,596.45, 600.10,600.8,606.53,1964,11.91,290, 1433, 72.96
RESPONIND, EQ, 25-Oct-2019,93.55,97.85,97.85,90.5, 92.10,93.55,93.0,80383,74.75,1455, 15236, 18.95
RETFMID150, EQ, 25-Oct-2019,60.1,60.05,60.5,58.1, 60.05,60.05,59.96,22151,13.28,52, 19086, 86.16
REVATHI, EQ, 25-Oct-2019,345.5,350.0,358.4,350.0, 350.00,350.0,351.37,132,0.46,8, 113, 85.61
RGL, EQ, 25-Oct-2019,243.0,243.0,249.9,243.0, 244.10,244.75,245.09,704,1.73,84, 384, 54.55
RHFL, EQ, 25-Oct-2019,3.85,4.0,4.0,4.0, 4.00,4.0,4.0,64616,2.58,157, 64616, 100.00
RICOAUTO, EQ, 25-Oct-2019,44.7,44.45,44.55,43.0, 43.40,43.75,43.64,241859,105.54,1322, 121710, 50.32
RIIL, EQ, 25-Oct-2019,263.25,264.75,264.75,256.9, 259.30,258.85,259.86,131776,342.44,3833, 35222, 26.73
RITES, EQ, 25-Oct-2019,276.45,276.9,289.25,273.95, 279.40,279.15,280.59,496416,1392.88,10883, 134558, 27.11
RKFORGE, EQ, 25-Oct-2019,284.0,289.0,289.0,269.5, 270.65,270.65,275.1,31409,86.41,733, 25116, 79.96
RMCL, EQ, 25-Oct-2019,4.5,4.5,4.5,4.4, 4.40,4.45,4.43,25513,1.13,38, 23962, 93.92
RML, EQ, 25-Oct-2019,266.45,266.5,270.0,249.0, 253.90,252.8,256.59,4140,10.62,308, 3064, 74.01
RNAM, EQ, 25-Oct-2019,319.15,321.0,333.3,307.55, 315.20,316.1,319.87,3925301,12555.8,68804, 1388644, 35.38
ROHLTD, EQ, 25-Oct-2019,77.55,77.95,77.95,75.15, 75.50,75.9,76.18,9693,7.38,242, 5994, 61.84
ROSSELLIND, EQ, 25-Oct-2019,54.15,53.1,56.4,53.05, 54.00,53.5,54.14,1955,1.06,32, 1657, 84.76
RPGLIFE, EQ, 25-Oct-2019,200.45,199.6,202.05,193.3, 194.80,195.55,196.58,10907,21.44,506, 6530, 59.87
RPOWER, EQ, 25-Oct-2019,3.6,3.75,3.9,3.25, 3.30,3.25,3.41,72129992,2460.58,18711, 27816130, 38.56
RPPINFRA, EQ, 25-Oct-2019,85.5,82.0,89.75,81.7, 89.75,87.1,85.42,47336,40.43,297, 40089, 84.69
RRSLGETF, EQ, 25-Oct-2019,20.01,20.02,20.06,20.02, 20.05,20.04,20.05,6019,1.21,18, 6018, 99.98
RSSOFTWARE, EQ, 25-Oct-2019,21.85,21.7,21.7,19.4, 20.55,20.7,20.09,192053,38.59,829, 161277, 83.98
RSWM, EQ, 25-Oct-2019,103.0,102.0,107.0,101.4, 105.00,104.8,103.6,20256,20.99,1043, 14274, 70.47
RSYSTEMS, EQ, 25-Oct-2019,42.35,42.0,43.05,41.0, 42.00,41.85,42.54,39228,16.69,499, 27306, 69.61
RTNINFRA, EQ, 25-Oct-2019,1.3,1.25,1.35,1.25, 1.35,1.35,1.3,418200,5.43,107, 235895, 56.41
RUCHIRA, EQ, 25-Oct-2019,80.8,81.15,81.3,79.0, 79.90,79.55,79.75,30572,24.38,651, 15313, 50.09
RUCHISOYA, EQ, 25-Oct-2019,3.55,3.6,3.6,3.45, 3.50,3.55,3.53,1794908,63.29,1002, 712271, 39.68
RUPA, EQ, 25-Oct-2019,177.25,171.1,178.4,171.1, 174.00,174.15,175.52,10058,17.65,314, 4953, 49.24
RUSHIL, EQ, 25-Oct-2019,94.35,98.0,99.0,91.9, 92.00,92.45,93.55,9068,8.48,287, 5002, 55.16
RVNL, EQ, 25-Oct-2019,23.6,23.75,24.4,23.5, 23.70,23.65,23.97,7098301,1701.49,9838, 2190962, 30.87
SADBHAV, EQ, 25-Oct-2019,135.9,137.95,141.75,131.45, 139.20,139.0,138.03,51782,71.47,2172, 12395, 23.94
SADBHIN, EQ, 25-Oct-2019,42.35,43.3,44.9,42.0, 42.60,42.7,42.93,8785,3.77,121, 3925, 44.68
SAFARI, EQ, 25-Oct-2019,571.3,575.0,582.65,535.3, 540.00,555.6,566.99,1214,6.88,272, 939, 77.35
SAGCEM, EQ, 25-Oct-2019,537.55,540.0,541.05,532.0, 537.00,535.15,536.86,1498,8.04,189, 1046, 69.83
SAIL, EQ, 25-Oct-2019,34.35,34.5,35.15,34.05, 34.80,34.9,34.56,23878498,8252.9,24358, 1552656, 6.50
SAKHTISUG, EQ, 25-Oct-2019,8.1,8.0,8.2,7.8, 8.00,8.1,7.99,19752,1.58,90, 10851, 54.94
SAKSOFT, EQ, 25-Oct-2019,227.55,228.15,233.7,227.0, 227.25,227.7,228.48,4186,9.56,304, 3010, 71.91
SAKUMA, EQ, 25-Oct-2019,7.0,7.0,7.35,6.9, 7.30,7.25,7.13,81976,5.84,272, 61150, 74.60
SALASAR, EQ, 25-Oct-2019,98.05,98.75,99.3,96.0, 96.60,96.85,96.62,8436,8.15,153, 7559, 89.60
SALONA, EQ, 25-Oct-2019,65.85,65.7,69.0,65.0, 65.00,65.0,65.04,664,0.43,33, 579, 87.20
SALZERELEC, EQ, 25-Oct-2019,120.35,119.0,120.4,118.0, 118.00,118.2,118.7,831,0.99,50, 718, 86.40
SAMBHAAV, EQ, 25-Oct-2019,2.4,2.6,2.6,2.45, 2.45,2.45,2.46,2476,0.06,21, 1759, 71.04
SANCO, EQ, 25-Oct-2019,16.6,16.0,16.8,15.8, 16.65,16.05,16.35,19084,3.12,265, 7259, 38.04
SANDESH, EQ, 25-Oct-2019,596.35,599.0,600.0,578.55, 591.00,588.85,588.88,250,1.47,231, 11, 4.40
SANDHAR, EQ, 25-Oct-2019,234.65,236.35,236.5,232.45, 236.50,234.45,234.6,1152,2.7,177, 799, 69.36
SANGAMIND, EQ, 25-Oct-2019,38.1,38.45,38.6,36.35, 37.40,37.45,37.37,2720,1.02,49, 701, 25.77
SANGHIIND, EQ, 25-Oct-2019,46.95,46.95,47.15,45.45, 46.15,46.0,46.05,63159,29.08,753, 48952, 77.51
SANGHVIMOV, EQ, 25-Oct-2019,76.55,78.65,78.65,74.1, 74.10,74.7,75.64,5649,4.27,225, 3543, 62.72
SANGINITA, EQ, 25-Oct-2019,124.85,125.35,126.75,123.8, 125.50,124.5,124.52,35615,44.35,246, 26395, 74.11
SANOFI, EQ, 25-Oct-2019,6200.9,6200.0,6389.95,6155.0, 6284.00,6319.95,6312.71,12057,761.12,2911, 8780, 72.82
SANWARIA, EQ, 25-Oct-2019,1.7,1.75,1.75,1.65, 1.70,1.7,1.7,5325552,90.38,1352, 3345137, 62.81
SARDAEN, EQ, 25-Oct-2019,157.3,158.85,160.5,151.1, 151.45,152.1,155.37,28782,44.72,712, 19766, 68.67
SAREGAMA, EQ, 25-Oct-2019,349.1,348.6,351.95,346.8, 350.00,349.7,349.84,10642,37.23,393, 9294, 87.33
SARLAPOLY, EQ, 25-Oct-2019,20.95,20.35,21.4,20.35, 20.95,20.9,20.91,13070,2.73,62, 11260, 86.15
SASKEN, EQ, 25-Oct-2019,589.8,581.05,590.0,567.0, 576.90,577.3,578.23,4326,25.01,523, 2583, 59.71
SASTASUNDR, EQ, 25-Oct-2019,91.75,92.9,92.9,90.0, 91.60,91.65,91.52,4277,3.91,372, 924, 21.60
SATIA, EQ, 25-Oct-2019,75.2,75.2,80.05,75.0, 79.95,79.1,78.27,54656,42.78,265, 19579, 35.82
SATIN, EQ, 25-Oct-2019,243.3,240.5,243.25,211.7, 219.80,230.15,233.23,111006,258.9,2956, 89422, 80.56
SBIETFQLTY, EQ, 25-Oct-2019,100.02,101.9,101.9,98.75, 100.00,100.54,100.04,1165,1.17,58, 783, 67.21
SBILIFE, EQ, 25-Oct-2019,969.65,974.0,1000.0,965.25, 979.95,982.15,985.72,975234,9613.09,60895, 492563, 50.51
SBIN, EQ, 25-Oct-2019,262.5,265.8,284.15,263.55, 282.35,281.55,276.42,105518180,291668.65,598440, 15046974, 14.26
SCAPDVR, EQ, 25-Oct-2019,0.4,0.4,0.45,0.35, 0.45,0.45,0.4,3163,0.01,8, 2963, 93.68
SCHAEFFLER, EQ, 25-Oct-2019,4001.55,4001.55,4015.95,3971.0, 3975.00,3986.7,4002.06,3399,136.03,1136, 2773, 81.58
SCHAND, EQ, 25-Oct-2019,58.05,60.25,61.4,58.35, 60.90,60.05,59.46,14615,8.69,364, 11494, 78.65
SCHNEIDER, EQ, 25-Oct-2019,70.75,71.35,71.5,69.55, 70.60,70.65,70.57,30468,21.5,1036, 11375, 37.33
SCI, EQ, 25-Oct-2019,52.95,53.75,54.25,52.65, 53.60,53.4,53.35,2539513,1354.9,11817, 758399, 29.86
SEAMECLTD, EQ, 25-Oct-2019,378.45,372.0,380.45,371.05, 375.00,375.1,374.82,1042,3.91,82, 765, 73.42
SELAN, EQ, 25-Oct-2019,136.95,137.45,139.0,134.0, 134.00,134.75,136.68,8604,11.76,319, 5544, 64.44
SELMCL, EQ, 25-Oct-2019,0.65,0.65,0.7,0.6, 0.65,0.65,0.65,24742,0.16,25, 24269, 98.09
SEPOWER, EQ, 25-Oct-2019,2.6,2.85,2.85,2.4, 2.45,2.45,2.44,4310,0.11,10, 2155, 50.00
SEQUENT, EQ, 25-Oct-2019,74.7,74.2,77.45,74.2, 74.20,74.5,75.87,134061,101.72,931, 58789, 43.85
SESHAPAPER, EQ, 25-Oct-2019,179.0,179.35,180.0,176.3, 178.00,178.95,177.9,6700,11.92,345, 4349, 64.91
SETCO, EQ, 25-Oct-2019,14.95,15.3,15.35,14.75, 14.80,14.85,14.97,47576,7.12,180, 34312, 72.12
SETF10GILT, EQ, 25-Oct-2019,180.05,188.0,188.0,188.0, 188.00,188.0,188.0,4,0.01,1, 4, 100.00
SETFGOLD, EQ, 25-Oct-2019,3445.4,3456.5,3514.9,3455.6, 3510.40,3509.2,3482.3,7854,273.5,1320, 4917, 62.61
SETFNIF50, EQ, 25-Oct-2019,119.46,119.48,119.8,118.56, 119.45,119.53,119.19,47787,56.96,521, 31017, 64.91
SETFNIFBK, EQ, 25-Oct-2019,294.13,294.84,297.16,292.1, 296.14,296.36,294.38,53306,156.92,241, 28521, 53.50
SETFNN50, EQ, 25-Oct-2019,287.66,287.66,293.0,286.0, 287.72,287.54,287.89,2323,6.69,84, 2077, 89.41
SEYAIND, EQ, 25-Oct-2019,229.05,228.0,228.9,209.0, 219.00,220.4,219.8,15199,33.41,868, 10274, 67.60
SFL, EQ, 25-Oct-2019,1249.75,1241.3,1275.0,1231.0, 1275.00,1249.9,1245.02,2779,34.6,418, 1940, 69.81
SGL, EQ, 25-Oct-2019,7.3,6.95,7.35,6.75, 7.30,7.3,6.98,24797,1.73,61, 17965, 72.45
SHAHALLOYS, EQ, 25-Oct-2019,8.2,8.0,8.35,7.8, 8.35,7.9,7.89,2492,0.2,27, 2040, 81.86
SHAKTIPUMP, EQ, 25-Oct-2019,264.45,265.25,267.6,255.2, 260.30,260.45,262.11,22886,59.99,1029, 15022, 65.64
SHALBY, EQ, 25-Oct-2019,85.15,88.7,88.7,83.95, 85.35,85.35,84.97,19453,16.53,571, 11301, 58.09
SHALPAINTS, EQ, 25-Oct-2019,88.45,88.95,90.1,85.0, 86.55,87.35,86.99,50996,44.36,986, 29196, 57.25
SHANKARA, EQ, 25-Oct-2019,331.5,348.05,348.05,348.05, 348.05,348.05,348.05,11011,38.32,257, 11005, 99.95
SHANTIGEAR, EQ, 25-Oct-2019,95.6,95.95,98.0,95.5, 97.45,97.15,97.08,7409,7.19,152, 4101, 55.35
SHARDACROP, EQ, 25-Oct-2019,276.45,278.0,280.45,275.05, 280.40,278.95,278.98,2375,6.63,304, 1401, 58.99
SHARDAMOTR, EQ, 25-Oct-2019,1119.9,1154.85,1155.0,1020.0, 1100.00,1089.5,1090.97,4070,44.4,784, 2058, 50.57
SHARIABEES, EQ, 25-Oct-2019,250.1,251.51,254.79,251.51, 252.77,252.77,253.61,10149,25.74,35, 10016, 98.69
SHEMAROO, EQ, 25-Oct-2019,184.6,186.0,186.0,176.45, 177.00,178.7,181.45,10065,18.26,278, 5707, 56.70
SHILPAMED, EQ, 25-Oct-2019,274.15,276.0,287.85,267.5, 267.50,267.9,276.56,11950,33.05,407, 7083, 59.27
SHIVAMAUTO, EQ, 25-Oct-2019,22.65,22.7,22.7,22.05, 22.05,22.2,22.26,18580,4.14,159, 11217, 60.37
SHIVAMILLS, EQ, 25-Oct-2019,33.5,33.5,33.9,32.1, 32.30,32.3,33.33,25,0.01,11, 23, 92.00
SHIVATEX, EQ, 25-Oct-2019,126.2,128.0,128.0,123.4, 125.20,126.5,125.94,510,0.64,83, 296, 58.04
SHK, EQ, 25-Oct-2019,139.25,139.5,139.5,131.1, 133.00,132.05,133.86,46374,62.08,1871, 23370, 50.39
SHOPERSTOP, EQ, 25-Oct-2019,376.35,376.05,380.25,366.3, 367.00,369.05,372.96,5838,21.77,489, 2974, 50.94
SHREDIGCEM, EQ, 25-Oct-2019,17.65,18.0,20.15,18.0, 19.60,19.45,19.23,1783412,342.99,4569, 1035493, 58.06
SHREECEM, EQ, 25-Oct-2019,20305.0,20280.0,20458.9,20025.0, 20224.95,20130.75,20260.31,13730,2781.74,3880, 4634, 33.75
SHREEPUSHK, EQ, 25-Oct-2019,90.85,92.75,92.85,89.55, 90.25,90.75,90.76,9498,8.62,394, 6038, 63.57
SHREERAMA, EQ, 25-Oct-2019,2.95,2.9,3.05,2.85, 3.05,3.05,2.99,3266,0.1,15, 2766, 84.69
SHRENIK, EQ, 25-Oct-2019,58.3,60.45,60.65,55.6, 58.20,58.35,58.44,83900,49.03,236, 22720, 27.08
SHREYANIND, EQ, 25-Oct-2019,119.8,120.05,127.95,118.05, 124.80,123.55,120.74,12015,14.51,389, 9681, 80.57
SHREYAS, EQ, 25-Oct-2019,79.6,79.5,80.9,75.65, 76.15,77.25,77.08,5669,4.37,111, 4551, 80.28
SHRIRAMCIT, EQ, 25-Oct-2019,1322.0,1322.0,1336.1,1320.05, 1320.05,1320.4,1322.34,1790,23.67,592, 1193, 66.65
SHRIRAMEPC, EQ, 25-Oct-2019,10.3,10.3,10.55,9.8, 9.80,9.8,10.09,227825,22.98,343, 198074, 86.94
SHYAMCENT, EQ, 25-Oct-2019,2.6,2.5,2.6,2.5, 2.60,2.6,2.6,12084,0.31,16, 12084, 100.00
SICAL, EQ, 25-Oct-2019,16.35,17.05,17.15,15.8, 16.95,16.9,16.87,239109,40.34,476, 189877, 79.41
SIEMENS, EQ, 25-Oct-2019,1631.2,1628.0,1631.2,1592.5, 1617.75,1620.6,1611.12,593215,9557.42,34254, 274059, 46.20
SIGIND, EQ, 25-Oct-2019,22.15,21.5,22.5,21.5, 21.65,21.75,22.11,2104,0.47,45, 1860, 88.40
SILINV, EQ, 25-Oct-2019,145.0,146.0,151.3,146.0, 147.40,147.95,148.71,1373,2.04,168, 638, 46.47
SIMPLEXINF, EQ, 25-Oct-2019,54.8,55.5,55.5,51.5, 51.60,52.0,52.4,158578,83.09,1041, 128343, 80.93
SINTEX, EQ, 25-Oct-2019,1.1,1.05,1.05,1.05, 1.05,1.05,1.05,486957,5.11,321, 486957, 100.00
SIRCA, EQ, 25-Oct-2019,182.95,191.4,191.4,175.2, 180.00,180.0,180.47,7381,13.32,159, 6256, 84.76
SIS, EQ, 25-Oct-2019,942.1,952.05,980.0,848.0, 862.00,868.35,894.63,39112,349.91,3028, 17996, 46.01
SITINET, EQ, 25-Oct-2019,1.6,1.6,1.6,1.55, 1.60,1.6,1.58,28076,0.44,38, 28051, 99.91
SIYSIL, EQ, 25-Oct-2019,244.5,247.0,248.05,233.15, 240.00,239.4,238.5,15285,36.45,3409, 11156, 72.99
SJVN, EQ, 25-Oct-2019,24.85,24.7,25.0,24.7, 24.85,24.9,24.92,301168,75.05,906, 156326, 51.91
SKFINDIA, EQ, 25-Oct-2019,2159.9,2171.0,2199.4,2150.0, 2192.95,2187.1,2187.53,14616,319.73,3957, 9735, 66.61
SKIPPER, EQ, 25-Oct-2019,55.2,55.9,56.6,54.4, 55.25,55.4,55.25,60809,33.6,211, 55865, 91.87
SKMEGGPROD, EQ, 25-Oct-2019,38.9,39.85,39.85,37.6, 38.05,38.1,38.27,7451,2.85,170, 4194, 56.29
SMARTLINK, EQ, 25-Oct-2019,87.9,84.6,89.0,84.6, 87.85,88.9,87.99,1191,1.05,58, 914, 76.74
SMLISUZU, EQ, 25-Oct-2019,558.1,560.05,565.75,556.0, 557.00,558.7,560.08,3888,21.78,341, 2491, 64.07
SMSLIFE, EQ, 25-Oct-2019,249.7,245.05,250.2,237.25, 237.50,238.95,240.48,5344,12.85,281, 3044, 56.96
SMSPHARMA, EQ, 25-Oct-2019,41.4,41.25,41.65,40.9, 40.90,40.95,41.16,9120,3.75,128, 7085, 77.69
SNOWMAN, EQ, 25-Oct-2019,37.45,37.45,37.8,36.8, 37.55,37.5,37.27,139273,51.91,671, 77216, 55.44
SOBHA, EQ, 25-Oct-2019,433.7,434.05,440.45,421.0, 423.00,422.9,428.95,98972,424.54,4990, 55080, 55.65
SOLARA, EQ, 25-Oct-2019,420.45,419.4,432.4,419.4, 426.20,426.15,425.91,34936,148.8,1799, 24104, 68.99
SOLARINDS, EQ, 25-Oct-2019,1066.6,1071.7,1073.7,1060.0, 1064.00,1066.05,1063.92,5734,61.01,452, 4283, 74.69
SOMANYCERA, EQ, 25-Oct-2019,188.6,188.6,190.05,186.8, 188.40,188.1,188.56,21821,41.15,1209, 8690, 39.82
SOMICONVEY, EQ, 25-Oct-2019,11.25,11.5,11.5,11.5, 11.50,11.5,11.5,200,0.02,6, 130, 65.00
SONATSOFTW, EQ, 25-Oct-2019,311.3,312.0,317.8,310.65, 312.55,312.55,313.61,47002,147.4,3413, 21941, 46.68
SORILINFRA, EQ, 25-Oct-2019,79.65,77.25,79.9,75.7, 76.30,76.3,76.87,33197,25.52,759, 18489, 55.69
SOTL, EQ, 25-Oct-2019,853.55,831.05,870.0,831.05, 860.00,858.15,858.28,565,4.85,239, 301, 53.27
SOUTHBANK, EQ, 25-Oct-2019,10.25,10.25,10.4,10.15, 10.25,10.25,10.24,3424519,350.68,3241, 1753249, 51.20
SOUTHWEST, EQ, 25-Oct-2019,15.8,17.35,17.35,14.25, 14.25,14.25,14.27,608878,86.86,240, 592563, 97.32
SPAL, EQ, 25-Oct-2019,203.65,203.95,205.0,201.25, 201.25,203.8,203.67,7071,14.4,171, 5291, 74.83
SPANDANA, EQ, 25-Oct-2019,1090.15,1097.0,1100.0,1070.2, 1071.00,1073.8,1087.5,102284,1112.34,5651, 79139, 77.37
SPARC, EQ, 25-Oct-2019,127.5,127.8,129.7,123.85, 124.70,125.0,126.06,694419,875.36,12482, 269821, 38.86
SPECIALITY, EQ, 25-Oct-2019,68.05,68.0,68.9,65.3, 67.55,67.3,67.32,18407,12.39,345, 14321, 77.80
SPENCERS, EQ, 25-Oct-2019,74.4,74.95,78.5,73.2, 78.00,77.85,76.85,228319,175.47,2033, 140055, 61.34
SPIC, EQ, 25-Oct-2019,19.75,19.85,19.9,19.3, 19.50,19.5,19.48,26607,5.18,78, 24028, 90.31
SPICEJET, EQ, 25-Oct-2019,114.5,112.9,112.9,101.6, 104.15,104.45,106.24,3569733,3792.47,51829, 1957874, 54.85
SPLIL, EQ, 25-Oct-2019,30.6,29.8,30.95,29.75, 30.45,30.4,30.17,13114,3.96,207, 9777, 74.55
SPMLINFRA, EQ, 25-Oct-2019,7.8,8.15,8.15,8.0, 8.15,8.15,8.14,84293,6.86,346, 83162, 98.66
SPTL, EQ, 25-Oct-2019,1.9,1.85,1.85,1.85, 1.85,1.85,1.85,363574,6.73,315, 363574, 100.00
SREEL, EQ, 25-Oct-2019,174.95,173.05,176.65,165.6, 168.50,168.7,170.6,5354,9.13,423, 3370, 62.94
SREINFRA, EQ, 25-Oct-2019,8.0,8.1,8.1,7.8, 7.90,7.95,7.93,283436,22.49,751, 190317, 67.15
SRF, EQ, 25-Oct-2019,2846.05,2851.0,2930.0,2835.0, 2849.10,2851.1,2885.37,501355,14465.93,29686, 109078, 21.76
SRHHYPOLTD, EQ, 25-Oct-2019,100.2,105.3,105.3,96.2, 101.30,99.85,99.96,1495,1.49,92, 943, 63.08
SRIPIPES, EQ, 25-Oct-2019,170.6,169.5,172.6,168.6, 169.20,170.25,171.15,14765,25.27,357, 10593, 71.74
SRTRANSFIN, EQ, 25-Oct-2019,1070.8,1075.0,1133.3,1065.4, 1123.75,1125.15,1103.73,1362681,15040.34,38758, 262221, 19.24
SSWL, EQ, 25-Oct-2019,772.4,769.2,774.0,769.2, 770.25,772.75,772.02,2671,20.62,150, 2025, 75.81
STAMPEDE, EQ, 25-Oct-2019,0.65,0.65,0.65,0.6, 0.65,0.65,0.63,30062,0.19,33, 27557, 91.67
STAR, EQ, 25-Oct-2019,344.4,346.4,378.0,343.85, 372.00,373.0,367.59,6317826,23223.49,92603, 562153, 8.90
STARCEMENT, EQ, 25-Oct-2019,94.65,94.9,95.6,93.6, 94.10,94.7,94.55,86577,81.86,623, 72062, 83.23
STARPAPER, EQ, 25-Oct-2019,108.5,108.6,109.0,103.1, 103.10,103.1,105.23,69991,73.65,980, 51551, 73.65
STCINDIA, EQ, 25-Oct-2019,56.7,58.9,59.45,56.15, 56.45,56.7,57.93,111005,64.31,1725, 58153, 52.39
STEELCITY, EQ, 25-Oct-2019,28.15,33.4,33.4,28.45, 29.00,28.95,29.38,6299,1.85,29, 5849, 92.86
STEELXIND, EQ, 25-Oct-2019,10.95,10.45,10.95,10.45, 10.95,10.9,10.72,7579,0.81,55, 4289, 56.59
STEL, EQ, 25-Oct-2019,66.35,66.35,69.0,65.5, 65.50,65.95,67.18,6425,4.32,76, 5889, 91.66
STERTOOLS, EQ, 25-Oct-2019,153.3,160.0,160.75,147.0, 150.95,148.3,149.86,5097,7.64,366, 3526, 69.18
STRTECH, EQ, 25-Oct-2019,145.35,142.65,142.65,118.65, 125.35,124.85,127.01,6837136,8683.74,78410, 2518789, 36.84
SUBEX, EQ, 25-Oct-2019,4.95,5.0,5.05,4.95, 4.95,4.95,4.96,202381,10.05,157, 172371, 85.17
SUBROS, EQ, 25-Oct-2019,239.05,240.45,245.1,235.0, 240.30,240.5,239.93,27196,65.25,1335, 15140, 55.67
SUDARSCHEM, EQ, 25-Oct-2019,376.65,375.4,416.4,375.4, 398.00,396.75,404.01,677562,2737.44,19147, 209094, 30.86
SUMEETINDS, EQ, 25-Oct-2019,1.7,1.7,1.75,1.6, 1.70,1.75,1.7,17276,0.29,72, 14917, 86.35
SUMIT, EQ, 25-Oct-2019,22.0,22.0,22.9,21.55, 21.90,21.9,22.05,147,0.03,12, 97, 65.99
SUMMITSEC, EQ, 25-Oct-2019,449.25,455.0,462.0,451.05, 462.00,457.05,457.29,3066,14.02,309, 2307, 75.24
SUNCLAYLTD, EQ, 25-Oct-2019,2000.4,1950.2,2016.0,1950.15, 1951.00,1982.9,1988.86,560,11.14,322, 305, 54.46
SUNDARAM, EQ, 25-Oct-2019,1.4,1.45,1.45,1.3, 1.45,1.45,1.38,238721,3.29,89, 130569, 54.70
SUNDARMFIN, EQ, 25-Oct-2019,1645.35,1643.2,1649.8,1610.25, 1610.50,1623.05,1634.87,7305,119.43,1132, 5267, 72.10
SUNDARMHLD, EQ, 25-Oct-2019,72.8,72.1,73.0,70.3, 71.00,71.1,71.23,9348,6.66,128, 5356, 57.30
SUNDRMBRAK, EQ, 25-Oct-2019,247.95,246.0,248.9,236.2, 244.85,243.5,241.37,986,2.38,151, 624, 63.29
SUNDRMFAST, EQ, 25-Oct-2019,471.45,470.3,484.95,470.3, 482.00,480.2,478.54,37591,179.89,2452, 20548, 54.66
SUNFLAG, EQ, 25-Oct-2019,24.5,24.55,25.0,24.15, 24.50,24.5,24.53,234511,57.54,299, 219702, 93.69
SUNPHARMA, EQ, 25-Oct-2019,405.95,405.0,419.5,401.05, 416.35,417.5,412.93,4845146,20007.26,77514, 1554096, 32.08
SUNTECK, EQ, 25-Oct-2019,408.9,404.8,420.0,400.05, 417.00,417.55,411.14,122939,505.46,4096, 17184, 13.98
SUNTV, EQ, 25-Oct-2019,520.3,521.25,535.75,520.45, 533.00,531.6,529.91,1363039,7222.95,21224, 200951, 14.74
SUPERHOUSE, EQ, 25-Oct-2019,85.4,86.75,87.95,84.15, 85.00,85.3,85.68,3928,3.37,86, 1917, 48.80
SUPERSPIN, EQ, 25-Oct-2019,3.75,3.75,3.9,3.75, 3.75,3.8,3.8,16365,0.62,68, 12995, 79.41
SUPPETRO, EQ, 25-Oct-2019,170.4,171.05,173.0,170.35, 172.00,171.75,171.73,4399,7.55,223, 4063, 92.36
SUPRAJIT, EQ, 25-Oct-2019,183.1,181.7,185.9,175.25, 182.90,181.85,180.77,15311,27.68,833, 7899, 51.59
SUPREMEIND, EQ, 25-Oct-2019,1206.8,1201.0,1225.0,1166.0, 1166.00,1174.4,1199.85,112199,1346.22,5797, 75468, 67.26
SURANASOL, EQ, 25-Oct-2019,5.7,5.8,5.9,5.35, 5.85,5.85,5.65,3029,0.17,27, 2514, 83.00
SURANAT&P, EQ, 25-Oct-2019,3.45,3.55,3.6,3.5, 3.60,3.5,3.54,5897,0.21,8, 5797, 98.30
SURYALAXMI, EQ, 25-Oct-2019,17.6,17.05,18.85,16.55, 18.25,18.25,17.7,1419,0.25,42, 439, 30.94
SURYAROSNI, EQ, 25-Oct-2019,168.0,169.95,169.95,164.25, 167.25,167.7,166.83,35246,58.8,1026, 19306, 54.78
SUTLEJTEX, EQ, 25-Oct-2019,27.9,27.55,28.0,27.3, 27.50,27.4,27.45,5851,1.61,49, 5627, 96.17
SUVEN, EQ, 25-Oct-2019,293.95,294.45,299.9,290.2, 295.00,294.0,295.15,279512,824.98,3666, 141889, 50.76
SUZLON, EQ, 25-Oct-2019,2.6,2.6,2.65,2.5, 2.55,2.55,2.54,4652931,118.33,41733, 2326060, 49.99
SWANENERGY, EQ, 25-Oct-2019,104.4,106.5,106.5,102.65, 102.65,103.5,104.36,60075,62.69,1618, 5154, 8.58
SWARAJENG, EQ, 25-Oct-2019,1107.2,1102.5,1135.0,1095.0, 1095.10,1098.9,1103.16,4765,52.57,337, 4537, 95.22
SWELECTES, EQ, 25-Oct-2019,122.85,124.0,125.75,120.0, 122.90,122.3,121.78,3694,4.5,175, 1937, 52.44
SWSOLAR, EQ, 25-Oct-2019,587.55,583.0,593.0,583.0, 587.35,586.7,589.51,5922,34.91,1266, 2850, 48.13
SYMPHONY, EQ, 25-Oct-2019,1218.25,1221.6,1232.25,1200.15, 1215.00,1210.05,1214.19,5802,70.45,1020, 4142, 71.39
SYNDIBANK, EQ, 25-Oct-2019,24.8,24.8,25.0,24.3, 24.75,24.6,24.62,312344,76.89,1207, 98486, 31.53
SYNGENE, EQ, 25-Oct-2019,330.05,327.2,334.2,327.2, 330.00,330.0,330.27,69511,229.58,1653, 53130, 76.43
TAINWALCHM, EQ, 25-Oct-2019,51.0,55.0,55.0,50.0, 51.80,51.55,51.23,2204,1.13,78, 1446, 65.61
TAJGVK, EQ, 25-Oct-2019,164.65,162.2,164.9,162.2, 163.10,163.45,163.55,5597,9.15,269, 2879, 51.44
TAKE, EQ, 25-Oct-2019,110.45,109.0,109.9,103.55, 104.55,104.6,106.04,126902,134.57,1766, 82485, 65.00
TALBROAUTO, EQ, 25-Oct-2019,109.6,110.85,112.0,105.2, 106.00,106.2,107.42,7821,8.4,390, 4403, 56.30
TALWALKARS, EQ, 25-Oct-2019,3.15,3.3,3.3,3.3, 3.30,3.3,3.3,33390,1.1,30, 33390, 100.00
TALWGYM, EQ, 25-Oct-2019,4.4,4.6,4.6,4.2, 4.20,4.25,4.58,196596,8.99,244, 190773, 97.04
TANLA, EQ, 25-Oct-2019,49.55,49.05,51.0,47.6, 48.00,48.0,48.74,119231,58.12,745, 86175, 72.28
TARMAT, EQ, 25-Oct-2019,25.45,25.45,25.45,24.25, 24.95,24.4,24.28,5040,1.22,37, 4164, 82.62
TASTYBITE, EQ, 25-Oct-2019,9924.65,10045.0,10049.5,9900.0, 9901.00,9931.6,9928.29,122,12.11,88, 58, 47.54
TATACHEM, EQ, 25-Oct-2019,612.45,616.0,616.85,606.5, 609.00,609.65,612.3,244921,1499.65,3773, 27440, 11.20
TATACOFFEE, EQ, 25-Oct-2019,77.25,77.6,77.95,76.15, 77.25,77.15,77.25,133073,102.8,2175, 39505, 29.69
TATACOMM, EQ, 25-Oct-2019,347.7,353.7,357.6,342.25, 356.50,355.75,352.74,49698,175.3,1952, 17999, 36.22
TATAELXSI, EQ, 25-Oct-2019,756.5,757.9,766.0,747.55, 761.05,761.5,757.72,1356741,10280.28,33050, 206743, 15.24
TATAGLOBAL, EQ, 25-Oct-2019,281.1,281.95,281.95,277.35, 277.40,279.6,279.48,1338263,3740.13,20526, 505342, 37.76
TATAINVEST, EQ, 25-Oct-2019,812.0,811.05,824.0,811.05, 820.00,820.8,818.99,10398,85.16,486, 7073, 68.02
TATAMETALI, EQ, 25-Oct-2019,568.7,580.0,580.0,565.25, 566.55,570.5,570.96,15556,88.82,1479, 10081, 64.80
TATAMOTORS, EQ, 25-Oct-2019,133.5,132.0,133.0,125.7, 126.25,126.85,129.15,42868958,55363.56,154653, 4760937, 11.11
TATAMTRDVR, EQ, 25-Oct-2019,59.8,59.7,59.7,56.7, 57.25,57.55,58.06,7943819,4612.55,19542, 591813, 7.45
TATAPOWER, EQ, 25-Oct-2019,59.15,59.65,59.65,57.25, 57.55,57.6,58.12,4657499,2706.96,18010, 1091188, 23.43
TATASTEEL, EQ, 25-Oct-2019,359.9,356.3,368.95,356.05, 358.20,362.25,364.05,14996692,54595.93,124622, 3850057, 25.67
TATASTLBSL, EQ, 25-Oct-2019,22.45,22.15,23.1,22.0, 22.50,22.6,22.83,1459845,333.28,1694, 875477, 59.97
TATASTLLP, EQ, 25-Oct-2019,395.25,386.0,397.45,386.0, 387.00,387.0,389.86,16512,64.37,1081, 8804, 53.32
TBZ, EQ, 25-Oct-2019,51.1,51.65,51.65,47.5, 47.60,48.15,49.01,314011,153.9,2988, 167420, 53.32
TCI, EQ, 25-Oct-2019,276.9,277.0,279.75,275.0, 276.05,277.4,276.69,9929,27.47,321, 5204, 52.41
TCIDEVELOP, EQ, 25-Oct-2019,347.5,337.0,359.9,335.5, 359.90,350.75,344.62,121,0.42,10, 68, 56.20
TCIEXP, EQ, 25-Oct-2019,721.6,729.9,729.9,712.0, 720.00,717.2,719.8,107171,771.42,392, 104612, 97.61
TCIFINANCE, EQ, 25-Oct-2019,8.95,9.65,9.65,8.5, 8.80,8.8,8.76,11005,0.96,163, 6282, 57.08
TCNSBRANDS, EQ, 25-Oct-2019,725.85,736.9,760.0,715.85, 723.00,727.05,724.97,1658,12.02,223, 1324, 79.86
TCPLPACK, EQ, 25-Oct-2019,249.8,249.8,262.0,249.8, 258.90,257.4,256.25,5700,14.61,237, 4082, 71.61
TCS, EQ, 25-Oct-2019,2082.0,2094.0,2130.0,2075.05, 2121.60,2124.95,2102.55,3954245,83139.95,165203, 2535407, 64.12
TDPOWERSYS, EQ, 25-Oct-2019,146.7,146.65,148.35,143.15, 145.00,144.2,144.56,7032,10.17,136, 4866, 69.20
TEAMLEASE, EQ, 25-Oct-2019,3016.65,3017.0,3017.0,2926.25, 3010.00,2973.2,2969.63,9817,291.53,2543, 6681, 68.06
TECHM, EQ, 25-Oct-2019,726.35,730.9,730.9,701.2, 721.00,720.95,716.86,2785014,19964.58,80528, 1195513, 42.93
TECHNOE, EQ, 25-Oct-2019,266.3,263.95,271.95,263.95, 270.00,270.65,268.49,5979,16.05,275, 3463, 57.92
TEJASNET, EQ, 25-Oct-2019,73.55,70.55,73.55,70.55, 73.00,73.0,72.35,77869,56.34,3832, 53399, 68.58
TERASOFT, EQ, 25-Oct-2019,23.65,24.0,24.0,22.8, 23.20,22.95,23.14,7051,1.63,256, 4472, 63.42
TEXINFRA, EQ, 25-Oct-2019,43.95,44.05,44.05,40.95, 43.30,42.7,42.32,30194,12.78,372, 22123, 73.27
TEXMOPIPES, EQ, 25-Oct-2019,16.1,15.95,16.3,15.7, 15.85,15.85,16.01,40180,6.43,123, 15943, 39.68
TEXRAIL, EQ, 25-Oct-2019,43.1,43.1,44.2,42.5, 43.80,43.9,43.54,137200,59.74,1524, 75708, 55.18
TFCILTD, EQ, 25-Oct-2019,78.95,78.8,79.45,77.9, 78.80,78.7,78.4,14737,11.55,248, 8536, 57.92
TFL, EQ, 25-Oct-2019,3.9,3.9,3.9,3.9, 3.90,3.9,3.9,26,0.0,2, 26, 100.00
TGBHOTELS, EQ, 25-Oct-2019,3.85,3.95,3.95,3.7, 3.80,3.8,3.8,7568,0.29,18, 4551, 60.13
THANGAMAYL, EQ, 25-Oct-2019,366.65,361.05,363.8,351.25, 355.00,353.75,358.0,13798,49.4,682, 8265, 59.90
THEINVEST, EQ, 25-Oct-2019,125.5,125.05,139.0,122.0, 139.00,133.75,132.09,3248,4.29,138, 2480, 76.35
THERMAX, EQ, 25-Oct-2019,1104.1,1100.1,1105.0,1090.0, 1095.35,1095.2,1092.91,13610,148.74,2573, 6963, 51.16
THOMASCOOK, EQ, 25-Oct-2019,116.2,117.3,120.0,116.0, 118.20,119.0,117.89,181591,214.08,1955, 132256, 72.83
THYROCARE, EQ, 25-Oct-2019,570.25,556.6,564.7,535.0, 539.50,542.7,546.95,34461,188.49,2603, 13967, 40.53
TI, EQ, 25-Oct-2019,13.05,12.9,13.35,12.85, 13.05,13.05,13.04,27254,3.55,86, 20942, 76.84
TIDEWATER, EQ, 25-Oct-2019,4625.95,4659.95,4660.0,4617.0, 4625.00,4629.7,4629.74,344,15.93,188, 190, 55.23
TIIL, EQ, 25-Oct-2019,355.8,356.35,374.95,351.15, 354.00,357.75,357.08,340,1.21,60, 224, 65.88
TIINDIA, EQ, 25-Oct-2019,370.45,370.45,373.5,365.0, 373.00,371.8,370.25,17228,63.79,1305, 9085, 52.73
TIJARIA, EQ, 25-Oct-2019,9.1,9.1,9.35,8.7, 8.70,8.75,8.91,10017,0.89,27, 6417, 64.06
TIL, EQ, 25-Oct-2019,198.1,200.0,200.0,187.0, 187.50,188.55,189.91,3645,6.92,352, 2778, 76.21
TIMESGTY, EQ, 25-Oct-2019,35.25,34.0,34.9,31.2, 34.90,34.8,34.42,128,0.04,12, 123, 96.09
TIMETECHNO, EQ, 25-Oct-2019,58.45,58.45,58.65,56.95, 57.35,57.4,57.52,60275,34.67,1119, 37138, 61.61
TIMKEN, EQ, 25-Oct-2019,774.75,776.2,792.75,762.5, 774.35,778.0,781.74,83920,656.04,3849, 36594, 43.61
TINPLATE, EQ, 25-Oct-2019,113.9,114.55,115.8,112.45, 112.60,113.25,113.92,175861,200.35,3105, 43956, 24.99
TIPSINDLTD, EQ, 25-Oct-2019,71.1,73.7,73.7,69.6, 71.00,71.0,70.91,728,0.52,23, 623, 85.58
TIRUMALCHM, EQ, 25-Oct-2019,72.65,72.5,72.95,69.3, 69.95,70.0,70.94,252924,179.43,2527, 133130, 52.64
TITAN, EQ, 25-Oct-2019,1374.55,1378.9,1389.95,1331.15, 1334.35,1335.0,1355.37,3934315,53324.57,95378, 1498165, 38.08
TNPETRO, EQ, 25-Oct-2019,36.9,36.85,37.3,36.2, 36.50,36.3,36.77,34018,12.51,354, 27164, 79.85
TNPL, EQ, 25-Oct-2019,186.55,188.75,188.95,185.2, 186.00,186.5,187.35,33618,62.98,1094, 18055, 53.71
TOKYOPLAST, EQ, 25-Oct-2019,53.5,59.6,64.2,55.95, 64.20,64.2,62.96,21389,13.47,237, 16375, 76.56
TORNTPHARM, EQ, 25-Oct-2019,1767.75,1767.75,1767.75,1733.95, 1745.00,1743.8,1753.32,209890,3680.04,9881, 41813, 19.92
TORNTPOWER, EQ, 25-Oct-2019,278.55,278.4,280.7,274.5, 275.00,275.75,277.83,538926,1497.31,6349, 109619, 20.34
TPLPLASTEH, EQ, 25-Oct-2019,123.15,117.6,121.75,112.65, 118.85,117.1,116.81,1966,2.3,82, 1175, 59.77
TREJHARA, EQ, 25-Oct-2019,13.0,12.75,13.65,12.65, 12.75,13.2,13.26,6845,0.91,140, 4414, 64.49
TRENT, EQ, 25-Oct-2019,537.45,536.8,545.95,529.75, 544.95,544.0,542.24,140932,764.19,5372, 86823, 61.61
TRF, EQ, 25-Oct-2019,100.55,100.05,101.4,97.7, 99.20,99.45,99.62,16784,16.72,577, 6642, 39.57
TRIDENT, EQ, 25-Oct-2019,59.05,59.0,59.9,58.5, 58.85,59.05,59.11,282201,166.82,2044, 137481, 48.72
TRIGYN, EQ, 25-Oct-2019,41.8,42.8,50.15,41.35, 46.45,47.0,48.65,708804,344.85,5485, 115355, 16.27
TRIL, EQ, 25-Oct-2019,7.55,7.55,7.85,7.5, 7.55,7.55,7.68,32383,2.49,92, 23612, 72.91
TRITURBINE, EQ, 25-Oct-2019,97.6,97.05,97.3,94.95, 95.50,95.45,95.84,17099,16.39,490, 10687, 62.50
TRIVENI, EQ, 25-Oct-2019,62.8,62.3,63.3,62.0, 62.80,62.55,62.42,180752,112.82,1451, 67820, 37.52
TTKHLTCARE, EQ, 25-Oct-2019,450.15,447.0,467.0,439.2, 439.20,441.05,444.21,1449,6.44,201, 622, 42.93
TTKPRESTIG, EQ, 25-Oct-2019,6177.15,6167.9,6249.9,6120.95, 6211.20,6231.25,6203.42,2913,180.71,1438, 1937, 66.50
TTL, EQ, 25-Oct-2019,43.65,43.05,46.15,40.35, 44.00,43.75,45.04,15358,6.92,369, 10082, 65.65
TTML, EQ, 25-Oct-2019,2.65,2.65,2.75,2.45, 2.60,2.55,2.61,1406098,36.73,500, 951941, 67.70
TV18BRDCST, EQ, 25-Oct-2019,22.85,22.75,23.4,22.45, 22.80,22.75,22.74,4593863,1044.76,4699, 3804493, 82.82
TVSMOTOR, EQ, 25-Oct-2019,459.35,452.35,467.0,452.35, 465.00,464.95,462.69,1773165,8204.19,18993, 282751, 15.95
TVSSRICHAK, EQ, 25-Oct-2019,1788.9,1763.1,1785.0,1751.1, 1768.45,1763.3,1770.12,1686,29.84,495, 1119, 66.37
TVTODAY, EQ, 25-Oct-2019,320.75,324.7,326.9,320.0, 320.95,320.8,322.14,51707,166.57,1239, 38032, 73.55
TWL, EQ, 25-Oct-2019,38.35,38.5,38.5,36.5, 36.90,36.75,37.31,495826,184.99,3366, 275928, 55.65
UBL, EQ, 25-Oct-2019,1350.65,1357.25,1365.0,1331.9, 1335.00,1337.75,1352.55,348440,4712.83,29149, 155473, 44.62
UCALFUEL, EQ, 25-Oct-2019,122.65,122.3,125.4,120.75, 124.00,123.7,123.51,6633,8.19,314, 3766, 56.78
UCOBANK, EQ, 25-Oct-2019,11.7,11.7,11.9,11.55, 11.70,11.65,11.71,374068,43.81,1282, 136131, 36.39
UFLEX, EQ, 25-Oct-2019,195.5,196.5,196.5,192.95, 194.00,193.95,194.03,33128,64.28,1441, 22082, 66.66
UFO, EQ, 25-Oct-2019,141.2,141.05,145.0,141.0, 142.25,143.5,142.63,14440,20.6,559, 10819, 74.92
UGARSUGAR, EQ, 25-Oct-2019,12.4,12.25,12.3,12.05, 12.10,12.1,12.1,32686,3.95,182, 22884, 70.01
UJAAS, EQ, 25-Oct-2019,3.25,3.25,3.3,3.15, 3.25,3.2,3.23,156780,5.07,145, 115328, 73.56
UJJIVAN, EQ, 25-Oct-2019,291.05,291.0,292.0,272.4, 278.65,278.85,279.17,4347380,12136.42,33317, 884921, 20.36
ULTRACEMCO, EQ, 25-Oct-2019,4311.55,4293.8,4306.8,4175.0, 4199.00,4196.6,4234.08,587008,24854.4,44785, 325450, 55.44
UMANGDAIRY, EQ, 25-Oct-2019,37.8,39.9,39.9,37.0, 38.30,38.6,38.36,6549,2.51,73, 6121, 93.46
UNICHEMLAB, EQ, 25-Oct-2019,190.0,192.0,192.0,182.3, 186.00,186.7,187.2,23131,43.3,898, 10824, 46.79
UNIENTER, EQ, 25-Oct-2019,67.25,62.55,70.0,62.55, 70.00,69.85,68.5,2955,2.02,74, 1595, 53.98
UNIONBANK, EQ, 25-Oct-2019,51.45,51.0,53.75,50.75, 53.60,53.45,52.11,13422215,6994.51,25426, 1069652, 7.97
UNIPLY, EQ, 25-Oct-2019,43.75,43.95,43.95,35.0, 40.70,41.0,41.41,51360,21.27,510, 41563, 80.92
UNITECH, EQ, 25-Oct-2019,0.45,0.45,0.5,0.4, 0.50,0.45,0.46,2225852,10.19,594, 812409, 36.50
UNITEDBNK, EQ, 25-Oct-2019,7.1,7.15,7.45,7.0, 7.30,7.25,7.19,598106,42.98,603, 316076, 52.85
UNITEDTEA, EQ, 25-Oct-2019,257.0,253.05,253.05,253.0, 253.00,253.0,253.04,123,0.31,4, 118, 95.93
UNIVCABLES, EQ, 25-Oct-2019,153.5,154.6,156.65,152.5, 153.75,153.45,154.56,6875,10.63,189, 3702, 53.85
UPL, EQ, 25-Oct-2019,597.7,601.45,601.95,589.9, 594.00,594.6,594.63,2174674,12931.27,35000, 1018735, 46.85
URJA, EQ, 25-Oct-2019,1.6,1.65,1.65,1.6, 1.65,1.6,1.62,444349,7.2,477, 425249, 95.70
USHAMART, EQ, 25-Oct-2019,28.25,28.45,28.45,27.6, 28.00,27.85,27.92,93599,26.14,251, 71195, 76.06
UTINEXT50, EQ, 25-Oct-2019,281.44,287.97,288.0,276.0, 277.12,277.12,281.78,529,1.49,47, 442, 83.55
UTINIFTETF, EQ, 25-Oct-2019,1232.31,1246.0,1250.0,1216.92, 1225.00,1225.0,1225.45,116,1.42,33, 110, 94.83
UTISENSETF, EQ, 25-Oct-2019,405.28,410.0,415.8,405.05, 414.85,414.85,411.14,276,1.13,36, 200, 72.46
UTISXN50, EQ, 25-Oct-2019,315.0,307.0,307.0,307.0, 307.00,307.0,307.0,6,0.02,2, 6, 100.00
UTTAMSTL, EQ, 25-Oct-2019,6.05,6.05,6.15,5.95, 6.10,6.05,6.03,25632,1.55,61, 19108, 74.55
UTTAMSUGAR, EQ, 25-Oct-2019,98.45,99.0,99.65,95.0, 96.30,95.9,96.68,56022,54.16,1121, 17050, 30.43
UVSL, EQ, 25-Oct-2019,0.05,0.05,0.1,0.05, 0.10,0.05,0.07,2601286,1.77,284, 2002671, 76.99
V2RETAIL, EQ, 25-Oct-2019,131.0,137.2,137.2,131.05, 133.20,133.7,134.81,123135,166.0,2155, 51789, 42.06
VADILALIND, EQ, 25-Oct-2019,756.55,769.0,784.0,747.25, 757.65,752.7,763.6,17688,135.07,2257, 9823, 55.53
VAIBHAVGBL, EQ, 25-Oct-2019,800.0,800.0,818.85,795.2, 799.10,799.5,801.15,37396,299.6,1187, 29753, 79.56
VAKRANGEE, EQ, 25-Oct-2019,34.55,34.8,35.0,33.15, 33.30,33.55,33.73,4846534,1634.86,5494, 3578182, 73.83
VARDHACRLC, EQ, 25-Oct-2019,35.8,36.55,36.55,35.05, 35.10,35.25,35.59,12628,4.49,74, 11841, 93.77
VARROC, EQ, 25-Oct-2019,463.9,464.0,473.75,456.45, 459.20,463.25,465.19,11943,55.56,1277, 5981, 50.08
VASCONEQ, EQ, 25-Oct-2019,14.25,14.35,14.5,13.6, 13.75,13.75,13.92,160329,22.32,525, 111102, 69.30
VASWANI, EQ, 25-Oct-2019,5.0,5.25,5.25,4.25, 5.20,4.95,4.73,14822,0.7,51, 8208, 55.38
VBL, EQ, 25-Oct-2019,628.85,629.45,629.8,605.0, 610.00,610.8,618.28,116586,720.83,4157, 97275, 83.44
VEDL, EQ, 25-Oct-2019,145.7,145.95,146.9,141.6, 142.45,142.2,144.15,11787504,16991.64,91707, 4587686, 38.92
VENKEYS, EQ, 25-Oct-2019,1752.9,1749.7,1758.95,1690.8, 1703.50,1700.9,1719.03,74245,1276.3,7626, 22719, 30.60
VESUVIUS, EQ, 25-Oct-2019,997.2,991.0,1001.9,987.0, 990.40,991.5,994.57,3783,37.62,594, 3115, 82.34
VETO, EQ, 25-Oct-2019,50.15,51.4,51.4,48.55, 49.00,49.1,49.15,3420,1.68,186, 2168, 63.39
VGUARD, EQ, 25-Oct-2019,241.2,241.05,243.85,236.1, 237.45,237.15,239.27,103322,247.22,3259, 38306, 37.07
VHL, EQ, 25-Oct-2019,1434.8,1445.05,1445.05,1400.0, 1401.00,1401.0,1422.11,192,2.73,63, 168, 87.50
VIDHIING, EQ, 25-Oct-2019,61.2,61.45,63.0,59.2, 63.00,62.8,62.18,17301,10.76,507, 12378, 71.54
VIJIFIN, EQ, 25-Oct-2019,0.45,0.4,0.45,0.4, 0.45,0.45,0.41,32654,0.13,31, 32654, 100.00
VIKASECO, EQ, 25-Oct-2019,2.85,2.85,3.0,2.75, 2.85,2.9,2.88,545803,15.69,378, 275802, 50.53
VIKASPROP, EQ, 25-Oct-2019,3.65,3.7,3.7,3.7, 3.70,3.7,3.7,56579,2.09,30, 56579, 100.00
VIKASWSP, EQ, 25-Oct-2019,10.15,10.5,10.5,10.15, 10.35,10.25,10.25,258950,26.54,301, 208585, 80.55
VIMTALABS, EQ, 25-Oct-2019,105.55,104.1,107.65,103.5, 106.00,104.95,105.27,4064,4.28,201, 2094, 51.53
VINATIORGA, EQ, 25-Oct-2019,2110.2,2134.0,2134.0,2095.0, 2109.00,2099.8,2115.42,35609,753.28,3104, 31440, 88.29
VINDHYATEL, EQ, 25-Oct-2019,876.65,890.0,890.0,860.1, 869.00,867.15,872.98,8130,70.97,284, 7241, 89.07
VINYLINDIA, EQ, 25-Oct-2019,61.55,61.25,62.9,61.0, 61.50,61.25,61.42,6508,4.0,155, 6015, 92.42
VIPCLOTHNG, EQ, 25-Oct-2019,7.6,7.9,7.9,7.25, 7.25,7.25,7.28,73484,5.35,201, 43748, 59.53
VIPIND, EQ, 25-Oct-2019,492.55,491.5,493.45,476.35, 479.10,480.2,483.99,203740,986.07,10442, 72574, 35.62
VIPULLTD, EQ, 25-Oct-2019,27.1,27.3,27.65,26.25, 27.65,27.4,27.22,93937,25.57,138, 1274, 1.36
VISAKAIND, EQ, 25-Oct-2019,283.85,283.8,289.8,281.1, 287.00,287.5,285.64,13211,37.74,694, 6794, 51.43
VISASTEEL, EQ, 25-Oct-2019,6.35,6.65,6.95,5.8, 5.90,5.9,6.38,249268,15.91,499, 100514, 40.32
VISHNU, EQ, 25-Oct-2019,124.45,124.05,126.5,119.95, 121.00,121.6,122.26,5423,6.63,151, 4391, 80.97
VIVIMEDLAB, EQ, 25-Oct-2019,13.65,13.35,13.7,13.3, 13.45,13.45,13.48,44362,5.98,540, 18254, 41.15
VLSFINANCE, EQ, 25-Oct-2019,51.65,52.95,53.05,50.05, 52.10,52.05,51.84,10391,5.39,168, 6069, 58.41
VMART, EQ, 25-Oct-2019,1937.25,1930.0,1960.0,1913.05, 1934.05,1942.35,1928.1,7443,143.51,1256, 4761, 63.97
VOLTAMP, EQ, 25-Oct-2019,1149.5,1145.0,1164.9,1112.0, 1123.20,1132.85,1129.18,3463,39.1,772, 2335, 67.43
VOLTAS, EQ, 25-Oct-2019,707.85,711.4,712.6,693.3, 697.15,699.3,702.42,969161,6807.58,30147, 289852, 29.91
VRLLOG, EQ, 25-Oct-2019,262.95,266.35,268.9,261.4, 267.50,265.9,264.56,31490,83.31,1312, 14544, 46.19
VSSL, EQ, 25-Oct-2019,62.9,63.75,65.7,62.0, 62.40,62.6,63.47,5500,3.49,115, 4204, 76.44
VSTIND, EQ, 25-Oct-2019,3916.85,3830.0,3953.9,3781.0, 3809.00,3814.55,3860.88,2989,115.4,948, 1949, 65.21
VSTTILLERS, EQ, 25-Oct-2019,1276.75,1288.95,1295.35,1257.5, 1275.00,1273.0,1266.99,2446,30.99,334, 2051, 83.85
VTL, EQ, 25-Oct-2019,911.3,929.9,929.9,899.0, 899.40,900.5,903.02,7226,65.25,1960, 4900, 67.81
WABAG, EQ, 25-Oct-2019,195.05,195.95,195.95,185.65, 188.10,187.9,189.73,73268,139.01,2661, 34014, 46.42
WABCOINDIA, EQ, 25-Oct-2019,6103.45,6080.05,6181.0,6080.05, 6120.00,6135.9,6152.82,2839,174.68,345, 2176, 76.65
WALCHANNAG, EQ, 25-Oct-2019,61.4,61.55,61.9,58.65, 59.70,59.75,60.5,187098,113.19,2571, 64767, 34.62
WATERBASE, EQ, 25-Oct-2019,103.25,105.85,108.05,102.65, 106.55,105.8,104.81,37690,39.5,696, 23660, 62.78
WEBELSOLAR, EQ, 25-Oct-2019,19.95,19.9,20.4,19.8, 20.00,20.3,19.98,66918,13.37,122, 65036, 97.19
WEIZFOREX, EQ, 25-Oct-2019,261.5,265.95,270.9,260.1, 261.55,262.9,265.41,239,0.63,38, 189, 79.08
WEIZMANIND, EQ, 25-Oct-2019,22.05,22.0,24.0,20.5, 23.80,23.25,23.25,2565,0.6,37, 1391, 54.23
WELCORP, EQ, 25-Oct-2019,143.5,144.45,145.0,141.5, 143.00,143.8,143.57,292257,419.6,5930, 122754, 42.00
WELENT, EQ, 25-Oct-2019,95.25,95.25,96.8,92.75, 93.95,93.5,94.15,173331,163.18,2749, 110637, 63.83
WELINV, EQ, 25-Oct-2019,162.0,176.0,194.4,160.2, 192.00,188.25,182.07,8427,15.34,446, 2791, 33.12
WELSPUNIND, EQ, 25-Oct-2019,53.0,53.0,53.75,52.25, 53.05,53.0,53.01,477020,252.89,2653, 361498, 75.78
WENDT, EQ, 25-Oct-2019,2743.05,2799.95,2989.95,2750.9, 2916.00,2923.45,2845.16,423,12.04,149, 337, 79.67
WESTLIFE, EQ, 25-Oct-2019,347.85,356.8,377.0,355.0, 367.00,366.3,368.11,252888,930.89,9536, 73667, 29.13
WHEELS, EQ, 25-Oct-2019,641.0,665.0,665.0,627.6, 634.50,640.45,642.63,2545,16.35,328, 1754, 68.92
WHIRLPOOL, EQ, 25-Oct-2019,2158.9,2169.9,2193.4,2129.1, 2140.60,2153.35,2170.02,164574,3571.29,4916, 140108, 85.13
WILLAMAGOR, EQ, 25-Oct-2019,15.8,16.55,16.55,15.6, 16.00,16.0,15.92,14780,2.35,33, 14604, 98.81
WINDMACHIN, EQ, 25-Oct-2019,17.7,17.45,19.45,17.45, 19.45,19.45,18.81,26556,5.0,132, 21710, 81.75
WIPRO, EQ, 25-Oct-2019,249.6,252.05,253.5,248.75, 253.00,253.0,251.86,3265289,8223.87,57119, 1331928, 40.79
WOCKPHARMA, EQ, 25-Oct-2019,268.75,269.0,273.5,261.1, 265.80,266.75,266.77,301538,804.4,6309, 41791, 13.86
WONDERLA, EQ, 25-Oct-2019,276.55,276.8,279.0,275.0, 277.95,278.0,277.48,7610,21.12,323, 3978, 52.27
WSTCSTPAPR, EQ, 25-Oct-2019,235.55,237.2,237.2,232.0, 234.00,234.9,234.13,40146,93.99,1225, 17245, 42.96
XCHANGING, EQ, 25-Oct-2019,52.15,52.4,53.6,51.9, 51.95,52.0,52.24,18499,9.66,47, 13944, 75.38
XELPMOC, EQ, 25-Oct-2019,65.55,67.95,67.95,63.05, 67.00,67.05,67.05,765,0.51,62, 483, 63.14
XPROINDIA, EQ, 25-Oct-2019,23.1,23.25,23.25,22.2, 23.00,22.35,22.49,1217,0.27,39, 1095, 89.98
YESBANK, EQ, 25-Oct-2019,48.3,48.65,54.3,45.75, 53.70,52.15,48.96,346577924,169672.47,604569, 37883158, 10.93
ZEEL, EQ, 25-Oct-2019,237.7,239.0,243.85,233.3, 237.10,239.7,238.21,12497867,29771.25,104581, 6212396, 49.71
ZEELEARN, EQ, 25-Oct-2019,21.35,22.3,22.4,20.6, 21.80,21.75,21.8,88516,19.3,542, 59562, 67.29
ZEEMEDIA, EQ, 25-Oct-2019,5.35,5.35,5.5,5.1, 5.50,5.5,5.31,935568,49.71,887, 599205, 64.05
ZENITHEXPO, EQ, 25-Oct-2019,38.0,38.0,38.0,37.4, 37.40,37.4,37.5,12,0.0,2, 12, 100.00
ZENSARTECH, EQ, 25-Oct-2019,188.35,191.0,192.0,185.45, 187.00,186.5,188.39,1042661,1964.28,3248, 1021398, 97.96
ZENTEC, EQ, 25-Oct-2019,59.85,59.85,60.45,59.1, 59.95,59.55,59.93,19112,11.45,248, 15767, 82.50
ZODIACLOTH, EQ, 25-Oct-2019,193.35,194.05,199.85,188.1, 191.00,191.55,191.28,1979,3.79,140, 1301, 65.74
ZODJRDMKJ, EQ, 25-Oct-2019,30.15,32.85,32.85,28.0, 28.05,28.0,28.67,539,0.15,40, 387, 71.80
ZOTA, EQ, 25-Oct-2019,187.55,189.0,191.0,184.0, 184.10,185.05,187.52,22543,42.27,79, 1362, 6.04
ZUARI, EQ, 25-Oct-2019,95.3,97.45,102.9,91.4, 95.50,95.9,97.29,224366,218.29,8339, 61956, 27.61
ZUARIGLOB, EQ, 25-Oct-2019,60.65,60.95,63.4,59.8, 61.25,61.3,61.55,23818,14.66,866, 9226, 38.74
ZYDUSWELL, EQ, 25-Oct-2019,1722.85,1724.9,1729.0,1649.1, 1676.00,1665.95,1681.45,10373,174.42,1101, 6056, 58.38
