SYMBOL,SERIES,DATE1,PREV_CLOSE,OPEN_PRICE,HIGH_PRICE,LOW_PRICE,LAST_PRICE,CLOSE_PRICE,AVG_PRICE,TTL_TRD_QNTY,TURNOVER_LACS,NO_OF_TRADES,DELIV_QTY,DELIV_PER
20MICRONS, EQ, 18-Dec-2019,31.9,32.0,32.2,31.75, 31.75,31.9,31.95,13814,4.41,112, 7995, 57.88
21STCENMGM, EQ, 18-Dec-2019,13.55,13.55,13.55,13.3, 13.30,13.3,13.4,5,0.0,3, 3, 60.00
3IINFOTECH, EQ, 18-Dec-2019,2.05,2.05,2.05,2.0, 2.05,2.0,2.03,597570,12.11,474, 405803, 67.91
3MINDIA, EQ, 18-Dec-2019,20967.3,20997.1,21150.0,20750.0, 20899.90,20844.85,20897.01,930,194.34,405, 635, 68.28
3PLAND, EQ, 18-Dec-2019,5.75,5.65,5.65,5.65, 5.65,5.65,5.65,3021,0.17,2, 3021, 100.00
5PAISA, EQ, 18-Dec-2019,180.65,180.1,181.0,177.05, 181.00,178.8,178.62,889,1.59,114, 595, 66.93
63MOONS, EQ, 18-Dec-2019,102.1,102.35,107.5,101.55, 104.00,103.85,104.69,194287,203.41,6107, 56315, 28.99
A2ZINFRA, EQ, 18-Dec-2019,8.05,8.05,8.1,7.15, 7.70,7.65,7.58,442840,33.56,800, 210650, 47.57
AARTIDRUGS, EQ, 18-Dec-2019,495.2,498.0,505.9,495.35, 505.90,503.6,502.43,9257,46.51,1064, 7648, 82.62
AARTIIND, EQ, 18-Dec-2019,768.7,774.0,778.65,761.0, 769.05,768.3,769.77,58145,447.58,4890, 30259, 52.04
AARVEEDEN, EQ, 18-Dec-2019,11.45,11.7,11.7,11.15, 11.55,11.3,11.31,3020,0.34,81, 2255, 74.67
AAVAS, EQ, 18-Dec-2019,1898.45,1898.45,1898.45,1870.0, 1870.00,1876.5,1881.03,21140,397.65,5550, 11871, 56.15
ABAN, EQ, 18-Dec-2019,26.65,26.65,26.75,25.7, 25.85,26.05,26.18,26978,7.06,552, 16953, 62.84
ABB, EQ, 18-Dec-2019,1474.4,1467.55,1474.9,1442.25, 1454.00,1451.45,1453.84,120958,1758.54,3822, 91310, 75.49
ABBOTINDIA, EQ, 18-Dec-2019,13381.8,13370.0,13410.0,13115.25, 13168.00,13190.9,13251.49,5450,722.21,2279, 2771, 50.84
ABCAPITAL, EQ, 18-Dec-2019,98.9,98.95,99.9,96.8, 97.60,97.55,98.27,1145998,1126.16,12094, 530070, 46.25
ABFRL, EQ, 18-Dec-2019,234.0,235.25,239.9,233.3, 239.00,239.15,237.5,557471,1324.02,11132, 267747, 48.03
ABSLBANETF, EQ, 18-Dec-2019,319.52,319.52,320.12,319.52, 320.12,320.12,319.9,25,0.08,2, 25, 100.00
ACC, EQ, 18-Dec-2019,1462.3,1462.1,1470.4,1438.75, 1450.00,1450.4,1455.83,481280,7006.62,17728, 40505, 8.42
ACCELYA, EQ, 18-Dec-2019,985.95,985.95,990.5,956.35, 964.05,965.6,971.62,7341,71.33,447, 4551, 61.99
ACE, EQ, 18-Dec-2019,73.0,73.8,73.95,71.1, 72.00,72.2,72.33,92700,67.05,1780, 22271, 24.02
ADANIENT, EQ, 18-Dec-2019,211.2,211.8,212.45,205.6, 207.80,208.15,208.15,2542320,5291.91,15181, 451342, 17.75
ADANIGAS, EQ, 18-Dec-2019,150.65,151.0,151.9,150.5, 150.90,150.75,151.04,380427,574.58,3651, 179001, 47.05
ADANIGREEN, EQ, 18-Dec-2019,135.55,136.3,137.3,134.0, 135.00,135.1,135.63,690735,936.83,6652, 286813, 41.52
ADANIPORTS, EQ, 18-Dec-2019,371.25,372.1,375.8,369.1, 374.40,374.5,372.88,3960881,14769.14,40006, 1803666, 45.54
ADANIPOWER, EQ, 18-Dec-2019,61.85,62.0,62.25,60.25, 61.20,61.25,61.17,5425898,3319.27,13145, 1055685, 19.46
ADANITRANS, EQ, 18-Dec-2019,334.05,334.95,336.3,332.05, 333.25,333.65,333.72,132743,442.99,2293, 73735, 55.55
ADFFOODS, EQ, 18-Dec-2019,303.45,302.35,304.55,300.0, 302.75,301.95,302.18,9739,29.43,344, 4528, 46.49
ADHUNIKIND, EQ, 18-Dec-2019,39.55,37.6,37.6,37.6, 37.60,37.6,37.6,5380,2.02,57, 5380, 100.00
ADORWELD, EQ, 18-Dec-2019,289.9,290.15,291.9,288.5, 289.25,290.45,290.33,1908,5.54,93, 1455, 76.26
ADVANIHOTR, EQ, 18-Dec-2019,54.4,54.4,55.05,52.55, 52.55,52.85,53.07,8824,4.68,110, 7748, 87.81
ADVENZYMES, EQ, 18-Dec-2019,165.75,166.0,166.5,163.35, 165.00,164.7,164.8,97896,161.33,1654, 29233, 29.86
AEGISCHEM, EQ, 18-Dec-2019,184.05,183.35,186.0,178.5, 179.50,179.35,182.24,183071,333.63,3425, 119800, 65.44
AFFLE, EQ, 18-Dec-2019,1461.65,1467.0,1467.0,1410.0, 1434.80,1425.75,1435.36,65858,945.3,5132, 19603, 29.77
AGARIND, EQ, 18-Dec-2019,79.8,78.0,80.9,78.0, 80.85,79.65,79.72,3944,3.14,82, 2874, 72.87
AGCNET, EQ, 18-Dec-2019,130.1,127.1,130.5,127.0, 130.00,130.25,129.19,3161,4.08,45, 2387, 75.51
AGRITECH, EQ, 18-Dec-2019,45.8,45.7,47.0,44.3, 45.25,45.2,45.23,10080,4.56,315, 7271, 72.13
AGROPHOS, EQ, 18-Dec-2019,147.1,147.6,148.6,147.6, 148.35,148.35,148.19,1105807,1638.73,5236, 275019, 24.87
AHLEAST, EQ, 18-Dec-2019,170.85,171.0,174.4,170.25, 170.25,170.3,171.08,103,0.18,16, 49, 47.57
AHLUCONT, EQ, 18-Dec-2019,286.0,287.15,287.15,281.0, 285.00,285.0,284.76,8793,25.04,890, 7830, 89.05
AHLWEST, EQ, 18-Dec-2019,329.65,321.0,359.05,321.0, 345.00,343.9,343.47,14453,49.64,613, 4688, 32.44
AIAENG, EQ, 18-Dec-2019,1634.0,1635.15,1640.7,1613.6, 1620.00,1620.4,1622.14,12050,195.47,1427, 8632, 71.63
AIONJSW, EQ, 18-Dec-2019,9.5,9.5,9.9,9.25, 9.55,9.65,9.58,21418,2.05,115, 9882, 46.14
AIRAN, EQ, 18-Dec-2019,14.2,14.9,14.9,13.55, 14.75,14.7,14.56,18984,2.76,96, 15610, 82.23
AJANTPHARM, EQ, 18-Dec-2019,977.3,980.5,999.0,962.6, 968.00,969.5,980.95,79440,779.27,5528, 34569, 43.52
AJMERA, EQ, 18-Dec-2019,116.75,117.0,117.3,115.1, 116.20,116.25,116.32,16602,19.31,592, 8901, 53.61
AKASH, EQ, 18-Dec-2019,65.15,64.9,64.9,62.1, 62.10,62.1,63.5,200,0.13,3, 100, 50.00
AKSHARCHEM, EQ, 18-Dec-2019,185.8,184.1,189.0,184.0, 187.75,187.45,186.32,1901,3.54,57, 1713, 90.11
AKSHOPTFBR, EQ, 18-Dec-2019,6.65,6.4,6.8,6.4, 6.60,6.55,6.65,160260,10.66,399, 86332, 53.87
AKZOINDIA, EQ, 18-Dec-2019,1962.5,1960.0,1960.0,1940.0, 1949.15,1945.2,1948.8,52297,1019.16,496, 47135, 90.13
ALANKIT, EQ, 18-Dec-2019,11.6,11.6,11.85,11.4, 11.60,11.5,11.59,20025,2.32,101, 13028, 65.06
ALBERTDAVD, EQ, 18-Dec-2019,395.75,397.0,399.2,391.65, 392.40,393.7,394.74,3967,15.66,254, 2410, 60.75
ALBK, EQ, 18-Dec-2019,19.15,19.1,19.15,18.75, 18.80,18.8,18.91,1409955,266.56,5110, 631516, 44.79
ALEMBICLTD, EQ, 18-Dec-2019,51.2,51.6,57.45,51.3, 55.05,55.45,55.25,1224025,676.3,9147, 371170, 30.32
ALICON, EQ, 18-Dec-2019,360.75,360.0,366.05,356.25, 358.00,359.75,359.15,2154,7.74,98, 2036, 94.52
ALKALI, EQ, 18-Dec-2019,38.85,40.95,40.95,39.2, 40.00,39.9,40.04,3017,1.21,76, 2343, 77.66
ALKEM, EQ, 18-Dec-2019,2066.3,2072.1,2099.9,2065.0, 2096.55,2095.4,2081.49,19953,415.32,2923, 12229, 61.29
ALKYLAMINE, EQ, 18-Dec-2019,1055.45,1057.95,1079.0,1052.45, 1060.10,1060.9,1066.06,6368,67.89,710, 3287, 51.62
ALLCARGO, EQ, 18-Dec-2019,92.95,93.45,95.7,92.5, 93.25,93.05,93.56,377906,353.56,7349, 254181, 67.26
ALLSEC, EQ, 18-Dec-2019,286.9,283.0,289.75,275.0, 289.75,285.45,281.6,2579,7.26,267, 1337, 51.84
ALMONDZ, EQ, 18-Dec-2019,10.15,10.15,10.15,9.5, 10.00,9.9,9.9,2754,0.27,20, 1553, 56.39
ALPA, EQ, 18-Dec-2019,15.15,15.05,18.15,14.75, 16.15,16.3,17.26,236781,40.87,1532, 65919, 27.84
ALPHAGEO, EQ, 18-Dec-2019,167.7,166.25,172.0,165.6, 166.00,169.55,168.71,3166,5.34,265, 1999, 63.14
AMARAJABAT, EQ, 18-Dec-2019,749.1,746.85,747.0,737.45, 739.90,740.25,742.18,528519,3922.58,11849, 139903, 26.47
AMBER, EQ, 18-Dec-2019,1022.05,1024.0,1037.0,1020.05, 1028.60,1025.25,1026.86,7693,79.0,1007, 3530, 45.89
AMBIKCO, EQ, 18-Dec-2019,845.85,845.9,852.45,841.05, 850.00,849.25,847.38,2307,19.55,263, 1844, 79.93
AMBUJACEM, EQ, 18-Dec-2019,198.55,198.6,199.8,194.2, 196.70,196.55,197.32,2341481,4620.1,16821, 831063, 35.49
AMDIND, EQ, 18-Dec-2019,16.35,16.15,16.3,15.7, 15.75,15.75,15.96,1773,0.28,32, 1708, 96.33
AMJLAND, EQ, 18-Dec-2019,19.0,19.1,19.5,18.75, 19.50,19.15,19.07,17217,3.28,31, 16204, 94.12
AMRUTANJAN, EQ, 18-Dec-2019,447.95,448.0,450.05,438.5, 440.00,440.7,442.58,8150,36.07,640, 4722, 57.94
ANANTRAJ, EQ, 18-Dec-2019,32.7,32.6,33.15,32.25, 32.40,32.45,32.69,115485,37.75,1311, 69984, 60.60
ANDHRABANK, EQ, 18-Dec-2019,17.5,17.4,17.6,17.25, 17.50,17.45,17.38,385618,67.03,1710, 217183, 56.32
ANDHRACEMT, EQ, 18-Dec-2019,2.35,2.25,2.35,2.25, 2.25,2.25,2.28,24865,0.57,63, 17505, 70.40
ANDHRSUGAR, EQ, 18-Dec-2019,284.75,288.35,289.65,282.1, 284.50,284.6,285.39,17573,50.15,928, 8672, 49.35
ANIKINDS, EQ, 18-Dec-2019,8.2,8.15,8.5,7.8, 7.80,7.8,7.84,4985,0.39,56, 4604, 92.36
ANSALAPI, EQ, 18-Dec-2019,4.5,4.45,4.65,4.4, 4.55,4.55,4.55,7824,0.36,48, 6112, 78.12
ANUP, EQ, 18-Dec-2019,460.4,465.95,468.0,454.55, 455.10,455.6,458.71,2432,11.16,212, 1898, 78.04
APARINDS, EQ, 18-Dec-2019,402.9,401.2,404.0,390.6, 398.95,398.8,398.37,7287,29.03,595, 4813, 66.05
APCL, EQ, 18-Dec-2019,141.3,142.95,143.0,140.15, 140.20,141.2,141.68,1076,1.52,33, 911, 84.67
APCOTEXIND, EQ, 18-Dec-2019,154.5,154.5,157.95,151.0, 151.15,152.5,153.4,22492,34.5,553, 14844, 66.00
APEX, EQ, 18-Dec-2019,302.8,303.0,311.75,301.25, 305.50,305.5,307.41,128154,393.95,3407, 33279, 25.97
APLAPOLLO, EQ, 18-Dec-2019,1637.9,1648.0,1667.8,1613.1, 1617.00,1626.6,1641.39,15218,249.79,2535, 11972, 78.67
APLLTD, EQ, 18-Dec-2019,551.6,557.0,563.05,545.0, 556.00,555.7,555.18,54728,303.84,2614, 19527, 35.68
APOLLO, EQ, 18-Dec-2019,69.55,69.6,71.5,69.15, 69.95,69.8,70.25,22288,15.66,740, 14030, 62.95
APOLLOHOSP, EQ, 18-Dec-2019,1363.65,1371.05,1394.85,1370.0, 1386.85,1384.85,1385.51,1244195,17238.47,47683, 467631, 37.59
APOLLOPIPE, EQ, 18-Dec-2019,340.1,338.0,347.0,331.35, 336.50,335.65,338.6,7782,26.35,1182, 5089, 65.39
APOLLOTYRE, EQ, 18-Dec-2019,165.4,166.0,166.5,163.55, 164.85,164.55,164.99,2040202,3366.21,19300, 586834, 28.76
APOLSINHOT, EQ, 18-Dec-2019,662.95,671.0,671.0,654.95, 656.05,657.15,658.55,519,3.42,45, 301, 58.00
APTECHT, EQ, 18-Dec-2019,166.5,168.2,172.45,162.25, 172.00,170.9,167.27,670482,1121.5,9910, 180628, 26.94
ARCHIDPLY, EQ, 18-Dec-2019,26.25,26.15,26.55,25.8, 26.00,26.05,26.11,3306,0.86,365, 2827, 85.51
ARCHIES, EQ, 18-Dec-2019,20.55,20.3,21.25,19.85, 20.15,20.05,20.35,55958,11.39,591, 35834, 64.04
ARENTERP, EQ, 18-Dec-2019,9.0,9.45,9.45,9.45, 9.45,9.45,9.45,400,0.04,2, 400, 100.00
ARIES, EQ, 18-Dec-2019,63.05,64.35,64.35,62.1, 64.10,62.9,63.15,11383,7.19,414, 7029, 61.75
ARIHANT, EQ, 18-Dec-2019,21.9,21.1,22.0,21.05, 21.50,21.5,21.46,1012,0.22,27, 808, 79.84
ARIHANTSUP, EQ, 18-Dec-2019,23.25,23.5,24.25,22.9, 24.15,24.0,23.7,1149,0.27,25, 1145, 99.65
ARMANFIN, EQ, 18-Dec-2019,598.55,612.0,616.0,599.3, 600.00,600.15,603.05,4031,24.31,257, 2134, 52.94
AROGRANITE, EQ, 18-Dec-2019,37.5,37.75,39.8,37.0, 37.55,38.0,38.43,3112,1.2,46, 1738, 55.85
ARROWGREEN, EQ, 18-Dec-2019,48.6,48.25,50.9,46.2, 48.05,47.9,47.9,4216,2.02,239, 3175, 75.31
ARROWTEX, EQ, 18-Dec-2019,8.85,8.85,9.3,8.8, 8.90,8.9,9.04,10800,0.98,78, 7031, 65.10
ARSHIYA, EQ, 18-Dec-2019,17.2,16.25,17.45,16.25, 16.80,16.7,17.05,19422,3.31,53, 17663, 90.94
ARSSINFRA, EQ, 18-Dec-2019,22.25,22.4,22.65,21.65, 21.70,21.9,22.15,6452,1.43,76, 4421, 68.52
ARVIND, EQ, 18-Dec-2019,39.65,39.7,40.9,39.2, 39.55,39.85,40.17,2621056,1052.88,10936, 857897, 32.73
ARVINDFASN, EQ, 18-Dec-2019,418.35,418.35,429.85,410.0, 415.00,413.9,420.97,46259,194.74,2436, 18965, 41.00
ARVSMART, EQ, 18-Dec-2019,89.2,88.25,89.95,87.15, 88.00,88.1,88.09,3979,3.51,298, 2548, 64.04
ASAHIINDIA, EQ, 18-Dec-2019,199.6,201.95,201.95,194.55, 194.55,195.6,196.6,4802,9.44,243, 4057, 84.49
ASAHISONG, EQ, 18-Dec-2019,139.8,137.4,149.0,135.95, 146.95,146.25,145.08,7256,10.53,436, 4823, 66.47
ASAL, EQ, 18-Dec-2019,31.5,31.0,31.35,30.5, 31.00,30.55,30.71,4186,1.29,56, 2658, 63.50
ASHAPURMIN, EQ, 18-Dec-2019,25.35,26.5,26.5,24.2, 25.40,25.15,25.25,12774,3.23,93, 10077, 78.89
ASHIANA, EQ, 18-Dec-2019,96.35,97.5,99.0,94.05, 98.90,97.55,96.25,97004,93.37,1691, 75072, 77.39
ASHIMASYN, EQ, 18-Dec-2019,6.2,6.25,7.25,6.0, 6.40,6.3,6.46,55298,3.57,427, 19565, 35.38
ASHOKA, EQ, 18-Dec-2019,92.8,95.0,95.8,93.3, 94.15,94.25,94.19,1666806,1569.88,8690, 1226822, 73.60
ASHOKLEY, EQ, 18-Dec-2019,80.5,80.05,81.3,79.1, 79.95,79.9,80.07,12892036,10323.06,42950, 2224957, 17.26
ASIANHOTNR, EQ, 18-Dec-2019,95.75,99.9,99.9,94.65, 95.00,95.0,95.19,7246,6.9,590, 6431, 88.75
ASIANPAINT, EQ, 18-Dec-2019,1745.4,1749.25,1782.0,1733.65, 1779.90,1778.45,1763.13,1476506,26032.66,72805, 648242, 43.90
ASIANTILES, EQ, 18-Dec-2019,228.2,228.9,228.9,223.0, 223.00,225.85,226.09,27061,61.18,1641, 6908, 25.53
ASPINWALL, EQ, 18-Dec-2019,138.9,143.4,143.4,135.7, 137.10,137.95,137.76,333,0.46,15, 284, 85.29
ASTEC, EQ, 18-Dec-2019,395.0,401.95,401.95,385.1, 394.80,392.85,390.23,3212,12.53,327, 1316, 40.97
ASTERDM, EQ, 18-Dec-2019,156.55,161.2,162.8,157.45, 162.00,161.4,160.28,329849,528.69,8008, 221792, 67.24
ASTRAL, EQ, 18-Dec-2019,1145.3,1148.0,1150.0,1123.0, 1125.30,1130.85,1136.5,25217,286.59,3482, 12983, 51.49
ASTRAMICRO, EQ, 18-Dec-2019,84.9,84.15,84.8,80.5, 81.00,81.1,82.39,129385,106.6,1329, 102722, 79.39
ASTRAZEN, EQ, 18-Dec-2019,2858.65,2889.7,2895.0,2827.0, 2840.00,2841.55,2851.31,7973,227.34,1416, 4069, 51.03
ASTRON, EQ, 18-Dec-2019,38.7,39.35,39.45,37.1, 37.15,37.5,37.96,84968,32.25,699, 62920, 74.05
ATFL, EQ, 18-Dec-2019,613.35,617.95,625.0,606.15, 620.00,613.9,613.39,6101,37.42,779, 2976, 48.78
ATLANTA, EQ, 18-Dec-2019,5.8,5.95,6.05,5.8, 6.05,5.9,5.96,10811,0.64,43, 9189, 85.00
ATUL, EQ, 18-Dec-2019,4003.95,4027.1,4027.1,4000.0, 4004.80,4002.45,4013.55,11185,448.92,1192, 10345, 92.49
ATULAUTO, EQ, 18-Dec-2019,239.85,242.85,243.0,236.0, 239.45,236.95,237.9,31664,75.33,489, 25199, 79.58
AUBANK, EQ, 18-Dec-2019,797.15,798.0,798.0,781.0, 792.30,794.2,789.82,287842,2273.44,5859, 238182, 82.75
AURIONPRO, EQ, 18-Dec-2019,61.4,63.95,64.0,61.0, 61.10,61.1,61.71,9321,5.75,148, 8813, 94.55
AUROPHARMA, EQ, 18-Dec-2019,448.75,449.0,455.45,446.25, 454.90,454.0,451.08,2762551,12461.35,41312, 761504, 27.57
AUTOAXLES, EQ, 18-Dec-2019,786.75,784.6,805.75,783.45, 801.00,799.25,794.04,4366,34.67,366, 1668, 38.20
AUTOLITIND, EQ, 18-Dec-2019,19.7,19.75,20.8,19.7, 20.10,20.1,20.08,4150,0.83,69, 3682, 88.72
AVADHSUGAR, EQ, 18-Dec-2019,253.65,260.0,263.85,255.0, 258.85,259.85,260.25,221627,576.78,5762, 42842, 19.33
AVANTIFEED, EQ, 18-Dec-2019,540.5,542.0,556.7,539.55, 549.00,548.8,550.33,559582,3079.54,24161, 160882, 28.75
AVTNPL, EQ, 18-Dec-2019,30.65,30.85,31.1,29.45, 29.70,29.8,30.29,73363,22.22,778, 50354, 68.64
AXISBANK, EQ, 18-Dec-2019,745.65,745.8,748.55,737.6, 742.60,741.85,741.46,6678420,49517.5,106742, 3014416, 45.14
AXISCADES, EQ, 18-Dec-2019,55.25,58.0,64.0,57.95, 60.35,60.95,62.01,1010766,626.73,10125, 163948, 16.22
AXISGOLD, EQ, 18-Dec-2019,3332.75,3332.75,3350.05,3329.1, 3346.80,3346.8,3342.7,129,4.31,44, 89, 68.99
AXISNIFTY, EQ, 18-Dec-2019,1247.08,1259.79,1260.0,1250.92, 1255.51,1257.78,1254.15,35,0.44,13, 29, 82.86
AYMSYNTEX, EQ, 18-Dec-2019,28.7,29.15,29.15,28.7, 29.05,29.1,29.1,69735,20.3,153, 54252, 77.80
BAJAJ-AUTO, EQ, 18-Dec-2019,3199.1,3199.05,3220.0,3192.2, 3215.50,3213.65,3208.98,315871,10136.23,28760, 155844, 49.34
BAJAJCON, EQ, 18-Dec-2019,223.6,223.6,226.5,222.15, 225.00,224.3,224.41,106772,239.61,4447, 68168, 63.84
BAJAJELEC, EQ, 18-Dec-2019,341.4,343.0,343.95,334.2, 338.50,338.6,338.99,115132,390.29,2836, 75786, 65.83
BAJAJFINSV, EQ, 18-Dec-2019,9361.75,9365.0,9421.0,9326.65, 9360.00,9362.6,9373.35,228424,21410.98,25026, 65968, 28.88
BAJAJHIND, EQ, 18-Dec-2019,6.55,6.65,6.8,6.45, 6.50,6.5,6.62,2622611,173.54,4228, 1306739, 49.83
BAJAJHLDNG, EQ, 18-Dec-2019,3286.1,3287.05,3298.85,3277.5, 3293.80,3282.55,3282.8,54838,1800.22,5315, 45929, 83.75
BAJFINANCE, EQ, 18-Dec-2019,4135.75,4140.45,4158.85,4101.05, 4113.05,4119.35,4124.88,1109775,45776.91,67114, 415306, 37.42
BALAJITELE, EQ, 18-Dec-2019,52.15,51.9,52.4,50.75, 51.00,51.0,51.12,65797,33.64,639, 57340, 87.15
BALAMINES, EQ, 18-Dec-2019,355.2,362.0,362.0,350.0, 351.25,353.2,355.12,10383,36.87,504, 6643, 63.98
BALAXI, EQ, 18-Dec-2019,78.8,72.05,83.95,72.05, 80.95,79.95,74.81,288,0.22,14, 194, 67.36
BALKRISHNA, EQ, 18-Dec-2019,17.3,18.0,18.0,16.85, 17.25,17.2,17.22,19869,3.42,155, 10452, 52.60
BALKRISIND, EQ, 18-Dec-2019,949.85,951.8,968.5,945.8, 953.00,949.4,957.75,926624,8874.72,22465, 179882, 19.41
BALMLAWRIE, EQ, 18-Dec-2019,187.8,189.65,199.7,188.4, 192.50,192.65,193.11,210988,407.44,3011, 132560, 62.83
BALPHARMA, EQ, 18-Dec-2019,40.15,39.8,40.8,39.55, 39.60,39.8,39.91,5619,2.24,198, 3542, 63.04
BALRAMCHIN, EQ, 18-Dec-2019,170.1,173.3,175.8,172.55, 173.80,173.7,174.21,2730110,4755.99,25756, 810854, 29.70
BANARBEADS, EQ, 18-Dec-2019,28.0,27.3,29.35,27.3, 29.00,28.85,28.27,2371,0.67,14, 269, 11.35
BANARISUG, EQ, 18-Dec-2019,1124.05,1153.95,1153.95,1130.0, 1146.00,1130.75,1140.25,380,4.33,197, 216, 56.84
BANCOINDIA, EQ, 18-Dec-2019,94.45,94.5,96.5,94.5, 95.95,95.95,95.79,40255,38.56,710, 23563, 58.53
BANDHANBNK, EQ, 18-Dec-2019,480.0,482.0,504.4,457.0, 501.40,500.0,479.61,9235981,44296.61,174287, 3550464, 38.44
BANG, EQ, 18-Dec-2019,17.0,16.8,17.4,16.65, 17.35,16.95,16.97,1568,0.27,77, 1250, 79.72
BANKBARODA, EQ, 18-Dec-2019,102.2,101.45,101.6,98.5, 99.00,98.9,99.36,27067150,26893.54,73727, 2819089, 10.42
BANKBEES, EQ, 18-Dec-2019,3276.34,3276.23,3291.0,3262.05, 3290.95,3286.95,3275.45,2787,91.29,402, 1775, 63.69
BANKINDIA, EQ, 18-Dec-2019,71.25,71.2,73.55,69.4, 72.25,71.35,70.68,2478131,1751.53,8775, 517424, 20.88
BASF, EQ, 18-Dec-2019,947.8,962.25,962.25,941.0, 946.90,946.0,947.58,17251,163.47,718, 12428, 72.04
BASML, EQ, 18-Dec-2019,117.9,122.9,122.9,115.3, 116.00,116.0,116.73,370,0.43,22, 274, 74.05
BATAINDIA, EQ, 18-Dec-2019,1683.2,1685.6,1687.9,1653.9, 1663.00,1662.95,1666.5,366968,6115.52,15743, 73003, 19.89
BAYERCROP, EQ, 18-Dec-2019,3600.15,3629.55,3658.0,3552.05, 3578.00,3591.3,3602.5,58340,2101.7,1827, 55177, 94.58
BBL, EQ, 18-Dec-2019,790.7,795.0,795.0,784.2, 784.25,788.1,787.74,4926,38.8,249, 4334, 87.98
BBTC, EQ, 18-Dec-2019,1037.2,1039.9,1039.9,1020.0, 1026.90,1027.35,1028.15,71376,733.86,3354, 23042, 32.28
BCP, EQ, 18-Dec-2019,11.55,12.1,12.1,12.1, 12.10,12.1,12.1,47778,5.78,49, 47628, 99.69
BDL, EQ, 18-Dec-2019,284.45,285.0,292.4,283.5, 285.00,286.3,286.31,80681,231.0,2279, 39967, 49.54
BEARDSELL, EQ, 18-Dec-2019,7.9,7.75,7.9,7.35, 7.50,7.5,7.55,971,0.07,51, 580, 59.73
BEL, EQ, 18-Dec-2019,100.2,100.35,100.75,99.65, 100.35,100.45,100.16,4468054,4475.12,14307, 1988019, 44.49
BEML, EQ, 18-Dec-2019,987.1,987.85,994.8,970.55, 987.00,984.0,983.19,357239,3512.32,12103, 53627, 15.01
BEPL, EQ, 18-Dec-2019,42.25,42.25,42.65,40.1, 40.75,41.05,41.63,275796,114.81,5422, 79975, 29.00
BERGEPAINT, EQ, 18-Dec-2019,492.8,491.0,502.0,488.65, 501.25,500.15,497.09,1663753,8270.41,36299, 754914, 45.37
BFINVEST, EQ, 18-Dec-2019,325.9,325.9,329.8,322.6, 323.50,324.05,325.99,101626,331.29,3227, 15679, 15.43
BFUTILITIE, EQ, 18-Dec-2019,319.8,321.0,331.7,318.6, 326.00,326.65,326.88,372082,1216.27,8573, 107309, 28.84
BGRENERGY, EQ, 18-Dec-2019,38.35,38.0,38.5,36.3, 36.45,36.55,36.97,283301,104.73,2045, 166296, 58.70
BHAGERIA, EQ, 18-Dec-2019,92.9,92.95,100.05,92.1, 97.95,98.05,97.41,30455,29.67,860, 17119, 56.21
BHAGYANGR, EQ, 18-Dec-2019,18.05,18.0,18.95,18.0, 18.50,18.5,18.3,3029,0.55,25, 2966, 97.92
BHAGYAPROP, EQ, 18-Dec-2019,18.5,20.5,20.5,18.5, 18.50,18.5,18.6,413,0.08,13, 397, 96.13
BHANDARI, EQ, 18-Dec-2019,1.1,1.1,1.1,1.05, 1.05,1.1,1.07,27836,0.3,39, 27632, 99.27
BHARATFORG, EQ, 18-Dec-2019,485.6,486.0,497.85,483.2, 495.55,496.4,490.97,2222895,10913.78,30736, 695225, 31.28
BHARATGEAR, EQ, 18-Dec-2019,63.2,63.2,64.8,63.05, 63.15,63.2,63.73,6330,4.03,271, 4253, 67.19
BHARATRAS, EQ, 18-Dec-2019,6165.95,6172.55,6225.05,6151.0, 6209.50,6194.7,6194.96,879,54.45,199, 735, 83.62
BHARATWIRE, EQ, 18-Dec-2019,24.05,23.85,24.85,23.7, 24.15,24.15,24.1,23494,5.66,144, 10143, 43.17
BHARTIARTL, EQ, 18-Dec-2019,439.95,447.0,447.1,434.15, 437.70,438.3,438.27,17654537,77374.88,166740, 7973591, 45.16
BHEL, EQ, 18-Dec-2019,45.9,46.05,46.4,44.9, 45.20,45.25,45.42,14598223,6631.06,25329, 4852262, 33.24
BIL, EQ, 18-Dec-2019,139.0,139.0,144.95,139.0, 140.30,142.6,140.53,448,0.63,68, 253, 56.47
BILENERGY, EQ, 18-Dec-2019,1.1,1.15,1.15,1.05, 1.15,1.1,1.08,304063,3.29,159, 203772, 67.02
BINDALAGRO, EQ, 18-Dec-2019,9.05,9.05,9.4,9.0, 9.05,9.0,9.2,10968,1.01,90, 8170, 74.49
BIOCON, EQ, 18-Dec-2019,290.75,290.0,295.65,288.5, 294.05,294.05,292.09,2719997,7944.89,41441, 804556, 29.58
BIRLACABLE, EQ, 18-Dec-2019,53.5,53.5,58.85,53.0, 58.85,58.85,57.63,220350,126.99,2186, 89253, 40.51
BIRLACORPN, EQ, 18-Dec-2019,618.4,619.5,624.9,605.0, 606.50,609.85,614.68,52961,325.54,2616, 29137, 55.02
BIRLAMONEY, EQ, 18-Dec-2019,35.05,35.3,35.3,34.25, 34.50,34.35,34.78,49654,17.27,546, 33765, 68.00
BKMINDST, EQ, 18-Dec-2019,0.7,0.7,0.75,0.7, 0.70,0.7,0.71,29111,0.21,44, 28796, 98.92
BLBLIMITED, EQ, 18-Dec-2019,4.8,4.85,5.75,4.5, 5.05,5.0,5.42,440511,23.89,2496, 228780, 51.94
BLISSGVS, EQ, 18-Dec-2019,150.0,150.55,150.85,149.0, 149.60,149.6,150.05,206804,310.31,1360, 71470, 34.56
BLKASHYAP, EQ, 18-Dec-2019,9.65,9.65,10.1,9.35, 9.65,9.75,9.65,36934,3.56,135, 19019, 51.49
BLS, EQ, 18-Dec-2019,65.4,63.5,66.0,63.5, 65.50,65.1,65.24,29934,19.53,316, 24612, 82.22
BLUEDART, EQ, 18-Dec-2019,2214.2,2219.0,2255.0,2202.2, 2240.00,2246.45,2223.86,6271,139.46,847, 5472, 87.26
BLUESTARCO, EQ, 18-Dec-2019,795.35,795.9,802.45,782.5, 797.50,796.75,795.79,77789,619.04,2572, 62800, 80.73
BODALCHEM, EQ, 18-Dec-2019,57.45,57.45,58.15,56.65, 57.00,57.1,57.33,55429,31.78,869, 39258, 70.83
BOMDYEING, EQ, 18-Dec-2019,76.9,76.9,77.35,74.55, 75.10,75.15,75.52,808283,610.38,5069, 323911, 40.07
BOROSIL, EQ, 18-Dec-2019,166.1,166.4,167.5,160.1, 160.20,160.9,163.11,36628,59.74,1278, 20488, 55.94
BOSCHLTD, EQ, 18-Dec-2019,15160.65,15249.95,15265.0,15111.05, 15193.15,15200.55,15192.66,15267,2319.46,4600, 7045, 46.15
BPCL, EQ, 18-Dec-2019,496.05,496.5,498.25,488.1, 489.30,489.25,490.77,4657085,22855.44,75310, 2176326, 46.73
BPL, EQ, 18-Dec-2019,19.1,19.0,19.4,18.6, 18.85,18.8,19.0,71187,13.52,553, 36707, 51.56
BRIGADE, EQ, 18-Dec-2019,209.2,208.25,212.0,202.1, 212.00,208.05,206.51,96635,199.56,6378, 39613, 40.99
BRITANNIA, EQ, 18-Dec-2019,3071.95,3070.0,3121.15,3053.35, 3090.00,3099.2,3094.85,405982,12564.53,30892, 221852, 54.65
BRNL, EQ, 18-Dec-2019,59.55,61.9,61.9,59.25, 60.65,60.2,60.13,30401,18.28,4918, 752, 2.47
BROOKS, EQ, 18-Dec-2019,27.05,26.65,27.6,26.1, 26.65,26.75,26.9,14660,3.94,151, 11167, 76.17
BSE, EQ, 18-Dec-2019,491.1,494.3,495.55,488.1, 490.00,490.5,490.37,56304,276.1,4550, 35326, 62.74
BSELINFRA, EQ, 18-Dec-2019,1.0,1.05,1.05,0.95, 1.05,1.05,1.01,2746,0.03,16, 1522, 55.43
BSL, EQ, 18-Dec-2019,26.65,27.85,27.85,26.5, 26.60,26.7,26.99,2536,0.68,69, 1222, 48.19
BSLGOLDETF, EQ, 18-Dec-2019,3497.0,3512.0,3512.0,3512.0, 3512.00,3512.0,3512.0,19,0.67,1, 19, 100.00
BSLNIFTY, EQ, 18-Dec-2019,132.88,133.0,133.0,132.37, 133.00,133.0,132.94,113,0.15,5, 103, 91.15
BSOFT, EQ, 18-Dec-2019,68.15,68.25,68.5,67.2, 68.50,68.2,68.13,232322,158.28,1073, 197402, 84.97
BUTTERFLY, EQ, 18-Dec-2019,193.2,194.55,199.0,193.05, 193.05,193.35,194.76,14102,27.47,511, 6825, 48.40
BYKE, EQ, 18-Dec-2019,17.2,17.3,17.75,16.7, 17.75,17.45,17.14,20172,3.46,371, 14004, 69.42
CADILAHC, EQ, 18-Dec-2019,259.35,260.0,261.35,257.3, 258.75,258.9,259.11,747292,1936.28,7491, 190690, 25.52
CALSOFT, EQ, 18-Dec-2019,14.35,14.05,14.65,14.0, 14.00,14.1,14.14,13657,1.93,77, 9365, 68.57
CAMLINFINE, EQ, 18-Dec-2019,72.45,72.4,73.9,70.25, 71.65,71.75,71.75,185679,133.23,2796, 88453, 47.64
CANBK, EQ, 18-Dec-2019,229.1,229.0,229.4,221.05, 223.50,223.25,223.46,7291009,16292.24,45632, 390094, 5.35
CANFINHOME, EQ, 18-Dec-2019,419.6,418.75,418.75,405.05, 407.00,406.6,410.59,119045,488.79,3136, 53812, 45.20
CANTABIL, EQ, 18-Dec-2019,269.8,276.85,279.8,271.0, 279.00,276.15,275.78,37182,102.54,2419, 9872, 26.55
CAPACITE, EQ, 18-Dec-2019,180.8,178.5,196.95,177.4, 190.00,191.3,186.76,87577,163.56,3668, 40595, 46.35
CAPLIPOINT, EQ, 18-Dec-2019,308.8,304.0,313.45,304.0, 308.50,308.65,308.88,31052,95.91,1201, 14785, 47.61
CAPTRUST, EQ, 18-Dec-2019,89.4,93.85,93.85,93.85, 93.85,93.85,93.85,78,0.07,3, 78, 100.00
CARBORUNIV, EQ, 18-Dec-2019,326.3,326.65,329.5,325.05, 325.40,326.6,325.9,13861,45.17,557, 7730, 55.77
CAREERP, EQ, 18-Dec-2019,110.45,110.45,110.9,108.0, 108.10,108.45,108.89,13780,15.0,180, 10348, 75.09
CARERATING, EQ, 18-Dec-2019,480.5,480.95,482.05,476.65, 479.10,479.35,479.5,36001,172.62,1727, 28381, 78.83
CASTROLIND, EQ, 18-Dec-2019,132.0,132.5,132.5,128.5, 129.45,129.7,129.92,1481215,1924.35,12694, 542853, 36.65
CCL, EQ, 18-Dec-2019,197.6,198.35,198.35,191.4, 195.00,195.0,194.96,68627,133.79,1686, 52725, 76.83
CDSL, EQ, 18-Dec-2019,222.15,222.5,228.5,222.5, 225.95,226.05,226.15,942169,2130.75,10371, 412783, 43.81
CEATLTD, EQ, 18-Dec-2019,991.3,991.3,995.0,973.45, 990.00,987.7,981.72,78925,774.82,2963, 16000, 20.27
CEBBCO, EQ, 18-Dec-2019,15.15,14.95,15.6,14.9, 15.35,15.25,15.26,20821,3.18,188, 12464, 59.86
CELEBRITY, EQ, 18-Dec-2019,5.4,5.4,5.55,5.4, 5.50,5.5,5.47,1993,0.11,11, 1993, 100.00
CENTENKA, EQ, 18-Dec-2019,181.45,181.85,182.95,180.75, 181.00,181.0,181.31,6165,11.18,209, 5474, 88.79
CENTEXT, EQ, 18-Dec-2019,2.4,2.4,2.4,2.25, 2.30,2.3,2.33,94042,2.19,138, 68472, 72.81
CENTRALBK, EQ, 18-Dec-2019,18.9,19.0,19.0,18.3, 18.50,18.4,18.51,691869,128.07,1996, 447540, 64.69
CENTRUM, EQ, 18-Dec-2019,20.0,20.35,20.75,19.6, 19.85,20.0,20.07,93374,18.74,334, 67009, 71.76
CENTUM, EQ, 18-Dec-2019,347.75,368.0,376.0,345.55, 345.55,346.7,349.7,6688,23.39,177, 4655, 69.60
CENTURYPLY, EQ, 18-Dec-2019,162.5,162.2,162.5,158.25, 161.30,161.95,161.08,64876,104.51,1973, 32917, 50.74
CENTURYTEX, EQ, 18-Dec-2019,490.85,492.9,492.95,481.7, 485.15,486.8,485.89,614712,2986.83,9549, 121250, 19.72
CERA, EQ, 18-Dec-2019,2554.8,2554.8,2569.3,2516.5, 2534.70,2528.1,2539.03,452,11.48,219, 313, 69.25
CESC, EQ, 18-Dec-2019,743.3,743.7,748.0,733.35, 738.00,737.05,739.63,194321,1437.26,4975, 37514, 19.31
CESCVENT, EQ, 18-Dec-2019,301.3,296.2,302.8,291.0, 294.85,293.6,295.04,7872,23.23,877, 4687, 59.54
CGCL, EQ, 18-Dec-2019,193.1,193.65,201.4,189.55, 199.00,199.8,195.67,364056,712.35,6740, 38927, 10.69
CGPOWER, EQ, 18-Dec-2019,11.65,11.65,11.9,11.15, 11.30,11.4,11.48,893084,102.57,1962, 610627, 68.37
CHALET, EQ, 18-Dec-2019,343.2,336.5,341.0,335.1, 335.60,336.95,337.17,1098,3.7,219, 721, 65.66
CHAMBLFERT, EQ, 18-Dec-2019,149.7,149.95,150.95,146.3, 147.00,147.65,148.73,497852,740.44,6902, 402306, 80.81
CHEMBOND, EQ, 18-Dec-2019,202.0,209.45,209.45,197.05, 207.50,207.25,203.98,1130,2.31,110, 610, 53.98
CHEMFAB, EQ, 18-Dec-2019,163.6,164.1,167.8,161.0, 161.00,161.05,162.47,460,0.75,32, 293, 63.70
CHENNPETRO, EQ, 18-Dec-2019,115.75,116.15,116.65,114.5, 114.70,114.95,115.17,58466,67.34,1179, 23720, 40.57
CHOLAFIN, EQ, 18-Dec-2019,310.75,311.0,313.95,308.1, 308.90,308.85,310.49,821108,2549.48,10291, 253183, 30.83
CHOLAHLDNG, EQ, 18-Dec-2019,496.35,496.0,509.0,488.65, 500.00,500.15,499.89,72770,363.77,3218, 61012, 83.84
CIGNITITEC, EQ, 18-Dec-2019,306.6,307.9,310.0,297.3, 310.00,306.4,302.88,108079,327.35,1136, 56447, 52.23
CIMMCO, EQ, 18-Dec-2019,20.25,19.5,20.5,19.5, 20.05,20.1,20.01,4773,0.96,61, 3795, 79.51
CINELINE, EQ, 18-Dec-2019,30.75,30.2,30.7,29.1, 29.25,29.9,29.68,5535,1.64,101, 4358, 78.74
CINEVISTA, EQ, 18-Dec-2019,8.4,8.05,8.8,8.05, 8.50,8.55,8.59,8877,0.76,55, 6461, 72.78
CIPLA, EQ, 18-Dec-2019,463.95,464.0,469.25,461.5, 467.65,467.8,466.26,1705929,7954.01,32427, 706747, 41.43
CKFSL, EQ, 18-Dec-2019,0.45,0.5,0.5,0.45, 0.50,0.5,0.45,378054,1.71,99, 302298, 79.96
CLEDUCATE, EQ, 18-Dec-2019,70.7,69.15,79.4,69.0, 79.40,74.85,72.16,3902,2.82,118, 2848, 72.99
CLNINDIA, EQ, 18-Dec-2019,319.8,320.2,323.65,318.0, 318.05,318.8,320.17,9670,30.96,319, 4958, 51.27
CMICABLES, EQ, 18-Dec-2019,48.05,48.05,50.45,48.05, 50.40,50.1,49.83,25477,12.69,327, 14663, 57.55
CNOVAPETRO, EQ, 18-Dec-2019,7.5,8.0,8.0,7.5, 7.50,7.5,7.51,5052,0.38,23, 5002, 99.01
COALINDIA, EQ, 18-Dec-2019,196.2,195.85,198.5,194.8, 197.60,197.75,196.94,3623918,7136.8,28488, 1633582, 45.08
COCHINSHIP, EQ, 18-Dec-2019,389.05,389.1,394.15,388.0, 390.05,390.5,390.6,27118,105.92,1363, 11598, 42.77
COLPAL, EQ, 18-Dec-2019,1466.6,1469.7,1491.45,1467.0, 1483.50,1482.15,1482.78,602276,8930.43,29121, 262023, 43.51
COMPINFO, EQ, 18-Dec-2019,11.7,11.7,11.85,11.1, 11.40,11.35,11.46,94367,10.82,292, 37376, 39.61
COMPUSOFT, EQ, 18-Dec-2019,7.75,7.7,8.25,7.65, 8.00,8.0,8.04,20927,1.68,87, 14213, 67.92
CONCOR, EQ, 18-Dec-2019,575.7,575.3,577.95,571.0, 572.15,573.35,574.4,937922,5387.46,30826, 406187, 43.31
CONFIPET, EQ, 18-Dec-2019,27.75,27.7,28.55,27.65, 27.65,28.0,28.21,152685,43.08,1442, 78987, 51.73
CONSOFINVT, EQ, 18-Dec-2019,35.35,35.5,35.5,35.35, 35.35,35.35,35.39,852,0.3,7, 852, 100.00
CONTROLPR, EQ, 18-Dec-2019,233.1,231.25,236.0,228.0, 231.10,231.05,230.25,2635,6.07,109, 1862, 70.66
CORALFINAC, EQ, 18-Dec-2019,10.55,10.6,11.15,10.6, 11.00,11.05,10.91,22345,2.44,214, 16731, 74.88
CORDSCABLE, EQ, 18-Dec-2019,42.3,42.4,43.85,42.0, 42.30,42.2,42.54,6626,2.82,236, 3568, 53.85
COROMANDEL, EQ, 18-Dec-2019,509.25,510.0,524.8,506.05, 513.75,515.15,517.06,210269,1087.23,11224, 96667, 45.97
CORPBANK, EQ, 18-Dec-2019,24.95,25.15,26.15,24.0, 24.60,24.55,24.58,1011953,248.7,2801, 311195, 30.75
COSMOFILMS, EQ, 18-Dec-2019,226.6,226.45,228.0,224.5, 224.55,225.15,225.9,13701,30.95,325, 9743, 71.11
COUNCODOS, EQ, 18-Dec-2019,1.85,1.8,1.8,1.8, 1.80,1.8,1.8,3654,0.07,8, 3654, 100.00
COX&KINGS, EQ, 18-Dec-2019,1.65,1.65,1.65,1.6, 1.60,1.6,1.61,1631531,26.34,1767, 1271473, 77.93
CPSEETF, EQ, 18-Dec-2019,22.8,22.77,22.9,22.68, 22.72,22.76,22.75,926927,210.87,43732, 721308, 77.82
CREDITACC, EQ, 18-Dec-2019,796.65,796.0,799.75,767.65, 786.00,790.3,787.58,109218,860.17,7992, 55301, 50.63
CREST, EQ, 18-Dec-2019,92.05,94.0,94.0,91.25, 92.00,91.9,91.77,2765,2.54,77, 2437, 88.14
CRISIL, EQ, 18-Dec-2019,1778.75,1779.8,1779.8,1751.1, 1779.00,1771.05,1764.82,11040,194.84,1877, 6392, 57.90
CROMPTON, EQ, 18-Dec-2019,242.95,243.55,246.9,242.5, 244.25,245.35,243.73,3290419,8019.61,16244, 3007543, 91.40
CSBBANK, EQ, 18-Dec-2019,245.65,245.0,245.0,237.35, 240.00,239.8,240.47,856066,2058.56,30543, 217960, 25.46
CTE, EQ, 18-Dec-2019,23.0,22.6,23.25,21.6, 21.80,22.05,22.16,12972,2.87,258, 7228, 55.72
CUB, EQ, 18-Dec-2019,229.2,230.25,233.5,230.25, 232.25,232.7,232.81,435577,1014.08,9324, 288727, 66.29
CUBEXTUB, EQ, 18-Dec-2019,10.85,10.95,11.9,10.9, 11.90,11.9,11.68,7260,0.85,33, 5341, 73.57
CUMMINSIND, EQ, 18-Dec-2019,562.05,562.4,564.95,556.5, 560.95,561.3,560.69,414344,2323.18,8788, 70951, 17.12
CUPID, EQ, 18-Dec-2019,199.05,200.7,202.5,197.0, 199.85,199.15,199.96,26801,53.59,771, 17181, 64.11
CYBERTECH, EQ, 18-Dec-2019,46.45,46.0,48.4,46.0, 47.05,47.25,47.67,24112,11.49,312, 16275, 67.50
CYIENT, EQ, 18-Dec-2019,393.75,393.9,417.9,393.9, 411.55,412.95,410.52,302996,1243.87,9231, 85094, 28.08
DAAWAT, EQ, 18-Dec-2019,21.7,21.75,22.65,21.6, 21.75,21.7,22.09,3526824,778.96,7739, 1645536, 46.66
DABUR, EQ, 18-Dec-2019,460.6,458.5,464.2,457.2, 463.00,462.8,460.2,1178799,5424.8,24014, 620355, 52.63
DALBHARAT, EQ, 18-Dec-2019,828.8,832.35,832.35,805.0, 807.50,809.45,814.55,70326,572.84,2861, 43593, 61.99
DALMIASUG, EQ, 18-Dec-2019,83.7,86.3,89.3,85.25, 87.00,87.65,87.11,423514,368.93,7555, 133329, 31.48
DAMODARIND, EQ, 18-Dec-2019,25.75,24.9,26.4,24.15, 25.00,25.0,25.05,1143,0.29,18, 1110, 97.11
DATAMATICS, EQ, 18-Dec-2019,69.4,69.25,72.85,69.05, 72.50,72.15,70.91,34102,24.18,460, 25440, 74.60
DBCORP, EQ, 18-Dec-2019,133.7,134.1,134.5,132.2, 133.00,132.95,133.44,16998,22.68,539, 12158, 71.53
DBL, EQ, 18-Dec-2019,394.85,397.2,424.7,397.2, 417.50,417.95,415.51,1337730,5558.43,30800, 211026, 15.77
DBSTOCKBRO, EQ, 18-Dec-2019,8.55,8.35,8.45,8.35, 8.45,8.45,8.42,109,0.01,3, 59, 54.13
DCAL, EQ, 18-Dec-2019,123.1,123.0,123.15,118.0, 118.00,119.55,120.62,168156,202.83,2657, 131259, 78.06
DCBBANK, EQ, 18-Dec-2019,171.45,171.6,172.0,169.0, 170.00,169.95,170.18,391832,666.83,9533, 228908, 58.42
DCM, EQ, 18-Dec-2019,19.6,19.95,20.05,18.8, 18.85,19.1,19.39,7425,1.44,152, 4353, 58.63
DCMNVL, EQ, 18-Dec-2019,30.7,29.0,32.75,29.0, 30.25,30.3,30.21,2466,0.74,36, 1925, 78.06
DCMSHRIRAM, EQ, 18-Dec-2019,354.85,357.5,360.75,350.05, 358.50,358.15,355.85,73661,262.12,2763, 22275, 30.24
DCW, EQ, 18-Dec-2019,13.2,13.1,14.65,12.95, 14.40,14.35,14.14,405357,57.32,1283, 251435, 62.03
DECCANCE, EQ, 18-Dec-2019,271.2,274.65,274.65,263.3, 269.00,268.6,267.75,5068,13.57,461, 2603, 51.36
DEEPAKFERT, EQ, 18-Dec-2019,92.1,92.6,94.15,91.0, 91.55,91.35,92.11,137175,126.36,2797, 54866, 40.00
DEEPAKNTR, EQ, 18-Dec-2019,362.15,360.2,369.4,360.2, 364.75,364.65,364.95,398082,1452.81,11335, 207050, 52.01
DEEPIND, EQ, 18-Dec-2019,103.25,103.95,104.8,103.0, 103.00,103.05,103.47,6713,6.95,157, 4984, 74.24
DELTACORP, EQ, 18-Dec-2019,217.55,214.0,216.25,202.35, 208.00,208.5,209.39,1099589,2302.46,15094, 414379, 37.68
DELTAMAGNT, EQ, 18-Dec-2019,38.3,37.0,39.0,37.0, 39.00,37.45,37.41,321,0.12,53, 161, 50.16
DEN, EQ, 18-Dec-2019,39.3,39.8,39.8,38.1, 38.50,38.85,38.98,11494,4.48,511, 8157, 70.97
DENORA, EQ, 18-Dec-2019,198.3,196.3,200.0,196.3, 198.00,197.1,198.72,630,1.25,42, 519, 82.38
DFMFOODS, EQ, 18-Dec-2019,250.1,250.1,262.0,249.5, 260.50,259.9,256.19,213168,546.11,1745, 191532, 89.85
DGCONTENT, EQ, 18-Dec-2019,5.9,5.85,5.85,5.65, 5.65,5.65,5.66,6979,0.4,41, 5575, 79.88
DHAMPURSUG, EQ, 18-Dec-2019,205.5,211.0,214.0,207.2, 210.35,211.6,210.96,998927,2107.38,19505, 212213, 21.24
DHANBANK, EQ, 18-Dec-2019,14.0,14.0,14.25,14.0, 14.00,14.0,14.08,160226,22.56,467, 114439, 71.42
DHANUKA, EQ, 18-Dec-2019,345.95,350.0,384.45,345.7, 366.50,363.75,364.59,101049,368.41,4003, 56072, 55.49
DHARSUGAR, EQ, 18-Dec-2019,6.85,7.1,7.1,6.7, 6.95,7.0,6.97,29098,2.03,68, 16482, 56.64
DHFL, EQ, 18-Dec-2019,16.15,16.95,16.95,16.95, 16.95,16.95,16.95,291222,49.36,920, 291222, 100.00
DHUNINV, EQ, 18-Dec-2019,237.6,237.1,253.85,232.0, 244.85,242.4,245.44,9560,23.46,777, 3141, 32.86
DIAMONDYD, EQ, 18-Dec-2019,852.05,852.1,864.9,833.0, 860.00,854.85,847.18,1907,16.16,334, 1088, 57.05
DICIND, EQ, 18-Dec-2019,312.1,314.3,314.5,308.05, 313.50,311.8,311.57,6099,19.0,100, 3238, 53.09
DIGISPICE, EQ, 18-Dec-2019,4.45,4.45,4.65,4.45, 4.55,4.65,4.64,43301,2.01,71, 39527, 91.28
DISHTV, EQ, 18-Dec-2019,13.25,13.25,13.35,12.85, 12.95,13.0,13.03,24515191,3193.88,32300, 6057671, 24.71
DIVISLAB, EQ, 18-Dec-2019,1845.4,1841.1,1844.55,1821.3, 1843.00,1837.85,1834.56,461114,8459.42,23677, 273444, 59.30
DIXON, EQ, 18-Dec-2019,3548.45,3550.0,3693.5,3550.0, 3620.00,3622.3,3644.17,58162,2119.52,8660, 12173, 20.93
DLF, EQ, 18-Dec-2019,229.9,229.85,229.95,224.2, 227.65,227.8,226.6,7530021,17062.78,58532, 1237746, 16.44
DLINKINDIA, EQ, 18-Dec-2019,93.55,93.15,102.0,92.85, 97.50,97.85,99.04,322634,319.54,4912, 137710, 42.68
DMART, EQ, 18-Dec-2019,1883.95,1885.0,1941.9,1865.0, 1924.95,1913.5,1902.36,1430492,27213.07,58538, 508175, 35.52
DOLAT, EQ, 18-Dec-2019,67.9,68.8,68.85,66.05, 66.30,66.35,66.99,43824,29.36,277, 37272, 85.05
DOLLAR, EQ, 18-Dec-2019,146.3,145.05,153.0,141.6, 142.35,144.2,146.75,22447,32.94,674, 19573, 87.20
DONEAR, EQ, 18-Dec-2019,29.95,30.0,30.25,29.65, 30.20,29.8,29.83,3573,1.07,57, 2241, 62.72
DPSCLTD, EQ, 18-Dec-2019,8.3,8.85,9.0,8.3, 8.75,8.75,8.71,9203,0.8,36, 7884, 85.67
DREDGECORP, EQ, 18-Dec-2019,333.3,333.85,343.95,332.0, 338.15,338.7,339.19,218024,739.51,6163, 43474, 19.94
DRREDDY, EQ, 18-Dec-2019,2826.9,2840.0,2876.25,2827.0, 2873.55,2873.45,2860.16,531232,15194.11,30709, 174888, 32.92
DSSL, EQ, 18-Dec-2019,22.55,22.15,22.9,22.0, 22.40,22.45,22.32,1418,0.32,49, 921, 64.95
DTIL, EQ, 18-Dec-2019,171.05,174.0,174.0,169.1, 171.00,171.0,170.61,1204,2.05,126, 635, 52.74
DUCON, EQ, 18-Dec-2019,4.7,4.85,4.9,4.6, 4.65,4.65,4.7,53524,2.52,113, 35820, 66.92
DVL, EQ, 18-Dec-2019,67.9,68.35,69.25,66.85, 67.65,68.1,68.1,4609,3.14,142, 2027, 43.98
DWARKESH, EQ, 18-Dec-2019,26.25,26.7,27.85,26.6, 26.85,26.9,26.89,642412,172.72,1912, 331127, 51.54
DYNAMATECH, EQ, 18-Dec-2019,990.1,995.0,1010.05,990.0, 990.00,995.2,998.03,487,4.86,137, 268, 55.03
DYNPRO, EQ, 18-Dec-2019,135.25,136.65,136.95,133.95, 135.35,134.9,134.98,3707,5.0,267, 3038, 81.95
ECLERX, EQ, 18-Dec-2019,538.0,541.95,549.6,530.0, 541.00,542.05,541.52,60405,327.1,3428, 12720, 21.06
EDELWEISS, EQ, 18-Dec-2019,116.9,116.05,118.0,114.8, 116.15,115.9,116.69,772267,901.18,8306, 511393, 66.22
EICHERMOT, EQ, 18-Dec-2019,21704.95,21750.0,21972.45,21416.0, 21940.00,21735.85,21622.67,101443,21934.68,27950, 26025, 25.65
EIDPARRY, EQ, 18-Dec-2019,201.55,203.15,205.8,198.3, 200.90,201.3,201.5,212061,427.3,4274, 96062, 45.30
EIHAHOTELS, EQ, 18-Dec-2019,299.5,306.85,306.85,295.65, 297.10,297.5,297.41,687,2.04,67, 368, 53.57
EIHOTEL, EQ, 18-Dec-2019,142.9,143.0,143.8,141.5, 141.55,142.2,142.15,35225,50.07,1137, 18420, 52.29
EIMCOELECO, EQ, 18-Dec-2019,290.6,290.5,290.5,289.35, 290.00,289.85,289.96,572,1.66,10, 552, 96.50
EKC, EQ, 18-Dec-2019,22.35,22.25,22.85,22.25, 22.40,22.55,22.55,36548,8.24,296, 23135, 63.30
ELECON, EQ, 18-Dec-2019,33.15,33.2,33.35,31.8, 32.10,32.2,32.53,64241,20.9,1105, 40509, 63.06
ELECTCAST, EQ, 18-Dec-2019,11.5,11.5,11.7,11.3, 11.65,11.55,11.5,246503,28.34,178, 213720, 86.70
ELECTHERM, EQ, 18-Dec-2019,131.7,129.95,130.2,126.65, 127.60,127.85,127.85,4376,5.59,190, 2968, 67.82
ELGIEQUIP, EQ, 18-Dec-2019,252.9,252.95,254.75,248.55, 249.95,250.05,251.32,5379,13.52,484, 2589, 48.13
ELGIRUBCO, EQ, 18-Dec-2019,15.75,15.2,15.85,15.05, 15.05,15.05,15.34,2097,0.32,40, 1540, 73.44
EMAMILTD, EQ, 18-Dec-2019,305.35,307.0,307.1,301.45, 303.95,304.3,305.06,190286,580.48,2680, 156292, 82.14
EMAMIPAP, EQ, 18-Dec-2019,77.4,77.4,77.45,71.5, 73.25,72.35,73.74,22421,16.53,386, 12026, 53.64
EMAMIREAL, EQ, 18-Dec-2019,41.55,43.2,43.2,40.5, 41.20,41.35,41.73,12758,5.32,113, 7658, 60.03
EMKAY, EQ, 18-Dec-2019,57.2,58.25,59.0,56.0, 57.00,56.9,57.15,7993,4.57,139, 6285, 78.63
EMMBI, EQ, 18-Dec-2019,98.8,100.0,117.8,98.15, 98.85,99.55,100.86,4729,4.77,173, 2189, 46.29
ENDURANCE, EQ, 18-Dec-2019,1058.05,1060.2,1073.0,1039.4, 1045.00,1050.5,1049.78,25448,267.15,2022, 16746, 65.80
ENERGYDEV, EQ, 18-Dec-2019,5.9,6.15,6.15,6.15, 6.15,6.15,6.15,11640,0.72,27, 11640, 100.00
ENGINERSIN, EQ, 18-Dec-2019,103.15,103.55,103.6,101.5, 101.95,101.8,102.12,556700,568.53,5798, 354281, 63.64
ENIL, EQ, 18-Dec-2019,233.15,241.0,260.0,235.55, 242.00,240.0,239.26,2920,6.99,210, 1934, 66.23
EON, EQ, 18-Dec-2019,13.55,14.05,14.2,13.55, 13.65,13.7,13.93,10078,1.4,67, 4495, 44.60
EQ30, EQ, 18-Dec-2019,333.0,330.0,338.0,320.5, 320.50,323.5,331.13,41,0.14,10, 29, 70.73
EQUITAS, EQ, 18-Dec-2019,104.8,104.75,106.1,103.75, 103.95,104.4,104.91,3346919,3511.2,32899, 778471, 23.26
ERIS, EQ, 18-Dec-2019,484.5,485.0,490.0,472.55, 474.00,475.6,479.36,40551,194.38,2141, 14438, 35.60
EROSMEDIA, EQ, 18-Dec-2019,12.85,12.85,13.2,12.85, 13.15,13.05,13.01,62506,8.13,301, 56696, 90.70
ESABINDIA, EQ, 18-Dec-2019,1233.5,1234.55,1244.7,1213.0, 1229.95,1225.15,1234.54,2302,28.42,252, 866, 37.62
ESCORTS, EQ, 18-Dec-2019,615.75,616.9,617.95,607.2, 610.05,611.4,612.52,1257704,7703.74,24157, 260814, 20.74
ESSARSHPNG, EQ, 18-Dec-2019,7.3,7.55,7.55,7.0, 7.30,7.3,7.27,23710,1.72,247, 13586, 57.30
ESSELPACK, EQ, 18-Dec-2019,151.85,152.9,152.9,149.45, 151.40,151.2,151.08,26191,39.57,827, 18870, 72.05
ESTER, EQ, 18-Dec-2019,30.15,30.0,30.5,30.0, 30.40,30.45,30.44,17940,5.46,225, 16729, 93.25
EUROTEXIND, EQ, 18-Dec-2019,11.4,11.75,11.8,11.05, 11.05,11.05,11.34,2000,0.23,8, 1400, 70.00
EVEREADY, EQ, 18-Dec-2019,53.75,54.45,54.5,53.05, 54.20,54.3,53.98,55654,30.04,519, 41271, 74.16
EVERESTIND, EQ, 18-Dec-2019,242.7,243.0,245.0,240.25, 241.70,241.65,242.48,24223,58.74,2730, 15770, 65.10
EXCEL, EQ, 18-Dec-2019,0.9,0.95,0.95,0.85, 0.95,0.95,0.91,32047,0.29,62, 31247, 97.50
EXCELINDUS, EQ, 18-Dec-2019,802.95,804.95,833.3,798.05, 827.00,826.1,816.17,7188,58.67,1138, 4001, 55.66
EXIDEIND, EQ, 18-Dec-2019,184.6,185.1,185.4,182.2, 182.60,183.2,183.57,2787401,5116.92,19512, 2049262, 73.52
EXPLEOSOL, EQ, 18-Dec-2019,279.8,278.55,280.75,272.2, 272.20,274.4,276.73,13830,38.27,126, 13122, 94.88
FACT, EQ, 18-Dec-2019,39.5,39.5,39.5,38.6, 38.95,38.8,38.86,60875,23.66,544, 36821, 60.49
FAIRCHEM, EQ, 18-Dec-2019,500.55,504.0,509.0,493.4, 505.00,499.8,499.86,27489,137.41,586, 25102, 91.32
FCL, EQ, 18-Dec-2019,26.8,27.05,27.8,26.1, 27.05,27.15,26.85,75466,20.26,569, 51865, 68.73
FCONSUMER, EQ, 18-Dec-2019,24.05,24.0,24.15,23.65, 23.65,23.8,23.91,358002,85.61,1317, 222250, 62.08
FCSSOFT, EQ, 18-Dec-2019,0.25,0.2,0.25,0.2, 0.25,0.2,0.21,427876,0.91,104, 323175, 75.53
FDC, EQ, 18-Dec-2019,202.0,201.55,202.3,199.35, 202.00,201.4,201.25,14509,29.2,748, 8892, 61.29
FEDERALBNK, EQ, 18-Dec-2019,85.95,86.25,86.8,85.25, 86.00,86.0,85.92,6870094,5902.84,23789, 1997140, 29.07
FEL, EQ, 18-Dec-2019,21.4,21.1,21.8,21.0, 21.25,21.15,21.26,208691,44.36,619, 149213, 71.50
FELDVR, EQ, 18-Dec-2019,21.4,21.95,21.95,20.9, 21.00,21.15,21.15,11545,2.44,64, 10356, 89.70
FIEMIND, EQ, 18-Dec-2019,412.4,414.95,418.75,407.35, 408.50,408.85,410.08,4525,18.56,569, 3609, 79.76
FILATEX, EQ, 18-Dec-2019,36.55,36.85,37.25,35.5, 37.00,36.95,36.61,239855,87.81,610, 199748, 83.28
FINCABLES, EQ, 18-Dec-2019,369.85,371.6,372.3,361.15, 367.15,368.65,364.17,108087,393.62,1636, 83122, 76.90
FINEORG, EQ, 18-Dec-2019,1791.6,1814.9,1815.0,1787.55, 1797.00,1795.35,1800.63,4022,72.42,865, 2030, 50.47
FINPIPE, EQ, 18-Dec-2019,550.3,550.0,553.4,540.6, 542.00,543.15,545.81,98168,535.81,1889, 80581, 82.08
FLEXITUFF, EQ, 18-Dec-2019,7.55,7.9,7.9,7.9, 7.90,7.9,7.9,3007,0.24,10, 3007, 100.00
FLFL, EQ, 18-Dec-2019,393.8,392.1,399.0,392.05, 397.50,396.65,395.29,5639,22.29,364, 3252, 57.67
FLUOROCHEM, EQ, 18-Dec-2019,582.65,593.95,600.0,576.45, 594.00,595.7,593.12,6327,37.53,481, 3934, 62.18
FMGOETZE, EQ, 18-Dec-2019,662.2,658.2,664.05,648.2, 653.60,652.95,652.34,210352,1372.22,5980, 125585, 59.70
FMNL, EQ, 18-Dec-2019,27.5,26.6,28.0,26.3, 26.95,26.9,27.2,20281,5.52,133, 13460, 66.37
FORCEMOT, EQ, 18-Dec-2019,991.4,993.8,997.45,986.0, 990.00,990.95,992.52,8044,79.84,1113, 4338, 53.93
FORTIS, EQ, 18-Dec-2019,135.0,135.0,135.55,133.1, 133.20,133.45,133.93,318911,427.1,4760, 201238, 63.10
FOSECOIND, EQ, 18-Dec-2019,1286.1,1286.1,1298.4,1261.0, 1262.25,1265.9,1277.02,596,7.61,331, 284, 47.65
FRETAIL, EQ, 18-Dec-2019,335.05,335.2,344.5,333.0, 344.00,342.3,339.59,301925,1025.32,9228, 133338, 44.16
FSC, EQ, 18-Dec-2019,488.8,485.0,492.9,480.55, 482.20,488.0,489.8,32857,160.93,1302, 7274, 22.14
FSL, EQ, 18-Dec-2019,40.2,40.2,41.8,40.0, 41.50,41.5,41.04,2052993,842.62,6830, 693390, 33.77
GABRIEL, EQ, 18-Dec-2019,120.35,121.0,121.0,118.0, 119.20,119.0,119.02,64858,77.19,1088, 47157, 72.71
GAEL, EQ, 18-Dec-2019,133.85,135.65,135.65,133.0, 133.00,133.3,133.84,17133,22.93,283, 10798, 63.02
GAIL, EQ, 18-Dec-2019,119.8,120.2,120.3,116.6, 117.30,117.35,117.59,9445724,11107.63,61157, 3682500, 38.99
GAL, EQ, 18-Dec-2019,1.85,1.85,1.85,1.7, 1.80,1.8,1.71,68978,1.18,64, 62291, 90.31
GALAXYSURF, EQ, 18-Dec-2019,1465.85,1475.0,1475.0,1397.1, 1405.00,1410.0,1448.37,63127,914.31,2188, 56350, 89.26
GALLANTT, EQ, 18-Dec-2019,28.75,29.4,29.85,28.5, 29.50,29.5,29.06,2633,0.77,40, 1291, 49.03
GALLISPAT, EQ, 18-Dec-2019,20.55,21.5,21.5,20.5, 21.50,21.5,21.2,7568,1.6,31, 5988, 79.12
GANDHITUBE, EQ, 18-Dec-2019,280.15,281.45,284.9,276.55, 284.70,284.45,282.25,482,1.36,29, 397, 82.37
GANECOS, EQ, 18-Dec-2019,237.8,235.55,242.9,235.55, 237.00,237.6,238.23,2642,6.29,214, 1869, 70.74
GANESHHOUC, EQ, 18-Dec-2019,31.5,31.1,32.5,31.0, 32.00,32.2,31.83,25251,8.04,283, 15915, 63.03
GANGESSECU, EQ, 18-Dec-2019,37.45,37.95,38.2,35.9, 35.90,35.9,37.95,2069,0.79,13, 2050, 99.08
GARDENSILK, EQ, 18-Dec-2019,8.75,8.8,8.95,8.55, 8.60,8.7,8.7,25921,2.26,111, 17440, 67.28
GARFIBRES, EQ, 18-Dec-2019,1152.45,1149.05,1185.95,1143.95, 1155.05,1162.65,1170.12,68989,807.25,680, 65523, 94.98
GATI, EQ, 18-Dec-2019,56.65,56.9,57.05,56.3, 56.50,56.45,56.59,215859,122.16,1361, 143233, 66.35
GAYAHWS, EQ, 18-Dec-2019,0.4,0.45,0.45,0.45, 0.45,0.45,0.45,135110,0.61,84, 135110, 100.00
GAYAPROJ, EQ, 18-Dec-2019,82.5,83.35,83.35,78.4, 80.95,80.9,80.76,299765,242.09,485, 237084, 79.09
GDL, EQ, 18-Dec-2019,96.6,96.75,97.5,95.35, 96.65,96.65,96.21,51526,49.57,1863, 28249, 54.82
GEECEE, EQ, 18-Dec-2019,80.0,80.05,80.05,77.65, 77.75,77.85,79.42,2714,2.16,94, 2540, 93.59
GENESYS, EQ, 18-Dec-2019,55.55,55.45,55.6,53.05, 54.30,54.15,54.5,11348,6.18,274, 7181, 63.28
GENUSPAPER, EQ, 18-Dec-2019,5.1,5.2,5.25,5.0, 5.10,5.1,5.13,155808,7.99,134, 117311, 75.29
GENUSPOWER, EQ, 18-Dec-2019,22.95,23.4,23.4,22.85, 23.00,22.95,22.94,35624,8.17,136, 33566, 94.22
GEOJITFSL, EQ, 18-Dec-2019,27.95,27.95,28.2,27.65, 27.65,27.65,27.85,127645,35.54,490, 66976, 52.47
GEPIL, EQ, 18-Dec-2019,725.1,727.85,727.85,704.7, 725.00,725.0,717.82,9790,70.27,1120, 4299, 43.91
GESHIP, EQ, 18-Dec-2019,299.5,300.05,302.5,296.0, 299.00,300.35,300.54,91041,273.61,4322, 76711, 84.26
GET&D, EQ, 18-Dec-2019,154.65,154.65,157.15,151.75, 152.70,153.15,154.37,10975,16.94,854, 6810, 62.05
GFLLIMITED, EQ, 18-Dec-2019,76.4,75.8,77.25,73.6, 73.90,74.15,74.96,51599,38.68,737, 48088, 93.20
GHCL, EQ, 18-Dec-2019,195.0,195.0,196.45,191.5, 192.60,192.15,193.11,62281,120.27,2338, 43085, 69.18
GICHSGFIN, EQ, 18-Dec-2019,152.5,155.0,155.0,149.85, 149.90,150.5,151.62,75735,114.83,1202, 22023, 29.08
GICRE, EQ, 18-Dec-2019,232.6,237.05,241.0,234.55, 235.70,236.25,237.51,567214,1347.18,11021, 119002, 20.98
GILLANDERS, EQ, 18-Dec-2019,28.0,28.0,29.2,28.0, 29.15,29.15,28.51,755,0.22,7, 755, 100.00
GILLETTE, EQ, 18-Dec-2019,6559.15,6578.5,6616.85,6540.0, 6576.00,6569.75,6572.09,2512,165.09,1284, 1537, 61.19
GINNIFILA, EQ, 18-Dec-2019,8.2,8.2,8.3,8.0, 8.15,8.2,8.16,17842,1.46,78, 10369, 58.12
GIPCL, EQ, 18-Dec-2019,67.8,67.95,68.6,67.8, 68.00,68.0,68.15,42198,28.76,627, 33184, 78.64
GISOLUTION, EQ, 18-Dec-2019,3.25,3.1,3.1,3.1, 3.10,3.1,3.1,31,0.0,2, 31, 100.00
GKWLIMITED, EQ, 18-Dec-2019,709.4,691.35,709.95,691.35, 693.20,709.3,700.95,99,0.69,18, 82, 82.83
GLAXO, EQ, 18-Dec-2019,1643.8,1643.0,1659.45,1616.1, 1639.00,1637.75,1637.38,76305,1249.4,3133, 56909, 74.58
GLENMARK, EQ, 18-Dec-2019,346.1,346.8,356.15,343.1, 354.90,353.8,350.8,2387690,8375.96,51842, 861238, 36.07
GLOBALVECT, EQ, 18-Dec-2019,52.1,52.2,53.7,50.0, 51.25,50.35,51.13,6602,3.38,258, 3802, 57.59
GLOBUSSPR, EQ, 18-Dec-2019,132.9,133.0,134.7,130.35, 131.00,131.15,132.18,51931,68.64,1407, 25797, 49.68
GMBREW, EQ, 18-Dec-2019,419.7,422.95,433.4,414.5, 422.50,424.2,425.0,76962,327.09,2869, 23434, 30.45
GMDCLTD, EQ, 18-Dec-2019,57.85,57.85,58.9,57.15, 58.10,58.0,58.12,91018,52.9,785, 52620, 57.81
GMMPFAUDLR, EQ, 18-Dec-2019,1623.8,1623.8,1739.9,1623.8, 1712.90,1708.5,1693.59,27794,470.72,2862, 15230, 54.80
GMRINFRA, EQ, 18-Dec-2019,21.85,21.8,21.95,21.05, 21.15,21.25,21.56,18598560,4010.72,28805, 10194754, 54.81
GNA, EQ, 18-Dec-2019,247.0,247.95,251.9,245.65, 246.70,247.2,248.63,15418,38.33,615, 9352, 60.66
GNFC, EQ, 18-Dec-2019,173.25,173.4,175.5,170.5, 172.80,173.05,172.51,234460,404.47,4205, 91521, 39.03
GOACARBON, EQ, 18-Dec-2019,203.15,203.15,208.4,201.4, 205.25,204.2,204.24,17057,34.84,700, 6715, 39.37
GOCLCORP, EQ, 18-Dec-2019,276.7,282.65,282.65,276.5, 277.05,278.7,278.27,2004,5.58,313, 1247, 62.23
GODFRYPHLP, EQ, 18-Dec-2019,1256.3,1260.0,1302.5,1230.0, 1261.45,1260.85,1272.3,226903,2886.88,11878, 36307, 16.00
GODREJAGRO, EQ, 18-Dec-2019,500.4,497.05,501.0,495.0, 499.10,499.65,498.74,18703,93.28,1409, 10769, 57.58
GODREJCP, EQ, 18-Dec-2019,679.0,681.95,685.0,675.0, 680.65,680.3,679.53,512282,3481.11,25197, 254671, 49.71
GODREJIND, EQ, 18-Dec-2019,434.55,436.45,436.95,419.0, 423.55,425.15,426.03,72827,310.26,3548, 27133, 37.26
GODREJPROP, EQ, 18-Dec-2019,922.45,923.45,934.9,912.65, 920.25,924.35,922.9,239156,2207.18,16846, 90432, 37.81
GOKEX, EQ, 18-Dec-2019,74.6,74.95,75.3,74.0, 74.40,74.55,74.41,30602,22.77,606, 26812, 87.62
GOKUL, EQ, 18-Dec-2019,13.05,13.1,13.6,12.8, 13.00,13.0,13.28,192,0.03,5, 184, 95.83
GOKULAGRO, EQ, 18-Dec-2019,12.45,12.55,13.3,12.5, 13.30,13.1,12.99,53635,6.97,171, 50677, 94.48
GOLDBEES, EQ, 18-Dec-2019,3350.3,3370.1,3370.1,3351.1, 3359.00,3359.6,3356.31,4386,147.21,824, 3047, 69.47
GOLDIAM, EQ, 18-Dec-2019,136.0,137.0,142.4,135.65, 139.70,139.6,139.38,33573,46.79,936, 14220, 42.36
GOLDSHARE, EQ, 18-Dec-2019,3359.15,3375.0,3375.0,3361.5, 3369.85,3366.5,3365.69,317,10.67,79, 257, 81.07
GOLDTECH, EQ, 18-Dec-2019,8.8,9.0,9.0,8.75, 8.75,8.75,8.85,7606,0.67,58, 4952, 65.11
GOODLUCK, EQ, 18-Dec-2019,41.9,43.0,45.0,40.2, 43.95,44.3,43.2,38698,16.72,860, 25859, 66.82
GPIL, EQ, 18-Dec-2019,181.2,180.45,208.45,177.05, 200.00,198.4,199.61,736532,1470.16,16134, 142065, 19.29
GPPL, EQ, 18-Dec-2019,82.75,82.95,85.35,82.6, 83.75,84.05,84.14,136917,115.21,1517, 84372, 61.62
GPTINFRA, EQ, 18-Dec-2019,40.65,38.6,40.8,37.75, 40.30,40.15,38.93,948,0.37,141, 482, 50.84
GRANULES, EQ, 18-Dec-2019,126.35,126.95,128.5,126.35, 128.00,128.05,127.56,340697,434.6,5478, 144203, 42.33
GRAPHITE, EQ, 18-Dec-2019,307.2,306.0,312.9,305.25, 308.75,309.25,309.48,1581257,4893.65,20676, 551393, 34.87
GRASIM, EQ, 18-Dec-2019,768.8,773.6,776.4,751.5, 754.50,754.2,759.61,1674043,12716.13,36207, 461945, 27.59
GRAVITA, EQ, 18-Dec-2019,42.7,42.5,44.4,41.0, 41.00,41.2,42.7,64854,27.7,598, 37949, 58.51
GREAVESCOT, EQ, 18-Dec-2019,126.4,125.45,132.2,125.45, 132.00,131.7,129.66,169600,219.91,4113, 79982, 47.16
GREENLAM, EQ, 18-Dec-2019,977.6,975.95,980.1,952.25, 954.00,955.55,963.15,1613,15.54,253, 791, 49.04
GREENPANEL, EQ, 18-Dec-2019,44.8,44.5,45.0,44.35, 44.40,44.4,44.51,240746,107.16,369, 232048, 96.39
GREENPLY, EQ, 18-Dec-2019,160.65,161.0,161.95,158.5, 161.70,161.25,160.16,24069,38.55,594, 11588, 48.14
GRINDWELL, EQ, 18-Dec-2019,579.05,579.0,579.0,572.15, 575.80,575.05,574.96,5020,28.86,331, 4019, 80.06
GRPLTD, EQ, 18-Dec-2019,814.9,801.05,844.95,778.0, 780.10,795.05,813.8,83,0.68,48, 68, 81.93
GRSE, EQ, 18-Dec-2019,200.85,201.6,201.65,196.25, 197.95,197.3,198.64,120732,239.82,2844, 63533, 52.62
GSCLCEMENT, EQ, 18-Dec-2019,18.2,18.2,18.4,18.0, 18.25,18.2,18.12,29412,5.33,92, 26434, 89.87
GSFC, EQ, 18-Dec-2019,68.75,69.0,69.9,68.35, 68.50,68.7,69.09,155959,107.75,1471, 64019, 41.05
GSKCONS, EQ, 18-Dec-2019,8374.8,8375.2,8384.4,8151.4, 8250.00,8254.15,8225.17,65834,5414.96,10963, 48222, 73.25
GSPL, EQ, 18-Dec-2019,216.7,217.6,218.2,216.2, 217.40,217.35,217.35,138337,300.67,3885, 70559, 51.01
GSS, EQ, 18-Dec-2019,32.0,31.7,32.9,29.0, 31.80,31.85,31.22,23889,7.46,438, 13305, 55.70
GTL, EQ, 18-Dec-2019,1.5,1.5,1.55,1.45, 1.50,1.5,1.53,139683,2.13,89, 93943, 67.25
GTLINFRA, EQ, 18-Dec-2019,0.45,0.4,0.45,0.4, 0.40,0.4,0.4,15833697,63.61,1146, 7931018, 50.09
GTNIND, EQ, 18-Dec-2019,6.65,6.05,6.5,6.05, 6.50,6.45,6.13,1764,0.11,18, 1608, 91.16
GTPL, EQ, 18-Dec-2019,66.3,66.15,67.45,65.0, 66.00,66.0,66.17,9205,6.09,215, 5718, 62.12
GUFICBIO, EQ, 18-Dec-2019,62.65,63.0,63.45,61.1, 61.25,61.55,62.21,21043,13.09,547, 8161, 38.78
GUJALKALI, EQ, 18-Dec-2019,395.05,395.9,399.85,393.8, 396.00,396.9,397.51,13461,53.51,980, 6915, 51.37
GUJAPOLLO, EQ, 18-Dec-2019,121.9,121.7,125.8,119.0, 120.50,120.45,122.05,1643,2.01,160, 1023, 62.26
GUJGASLTD, EQ, 18-Dec-2019,228.9,229.2,230.75,227.05, 229.00,229.7,228.83,274893,629.03,5706, 122603, 44.60
GULFOILLUB, EQ, 18-Dec-2019,822.0,820.05,831.8,815.05, 830.00,830.05,827.48,4014,33.22,291, 3118, 77.68
GULFPETRO, EQ, 18-Dec-2019,37.7,37.0,37.9,36.05, 37.00,36.95,37.26,22334,8.32,312, 17154, 76.81
GULPOLY, EQ, 18-Dec-2019,36.9,36.6,38.25,36.6, 38.00,37.55,37.41,4473,1.67,168, 2955, 66.06
GVKPIL, EQ, 18-Dec-2019,4.4,4.4,4.4,4.1, 4.20,4.15,4.24,1342674,56.98,974, 815659, 60.75
HAL, EQ, 18-Dec-2019,748.0,745.0,750.0,740.0, 741.80,741.8,744.13,7224,53.76,970, 4501, 62.31
HARITASEAT, EQ, 18-Dec-2019,445.75,440.0,444.8,436.4, 444.80,439.8,439.85,809,3.56,75, 454, 56.12
HARRMALAYA, EQ, 18-Dec-2019,60.5,60.5,60.5,57.7, 57.70,58.1,59.19,63343,37.49,1432, 20902, 33.00
HATHWAY, EQ, 18-Dec-2019,19.65,19.7,19.8,19.5, 19.50,19.55,19.6,92257,18.08,444, 61553, 66.72
HATSUN, EQ, 18-Dec-2019,573.75,576.0,576.0,566.65, 572.95,567.7,570.48,2907,16.58,202, 1857, 63.88
HAVELLS, EQ, 18-Dec-2019,642.4,644.8,655.0,636.05, 652.40,652.05,644.97,1325539,8549.32,26912, 498298, 37.59
HBLPOWER, EQ, 18-Dec-2019,15.8,15.8,15.95,15.5, 15.70,15.6,15.7,153353,24.07,1162, 125889, 82.09
HCC, EQ, 18-Dec-2019,11.4,11.5,11.7,11.05, 11.10,11.25,11.34,2757326,312.77,4961, 1308989, 47.47
HCG, EQ, 18-Dec-2019,100.75,101.75,101.75,95.2, 97.15,99.65,99.24,46493,46.14,618, 39923, 85.87
HCL-INSYS, EQ, 18-Dec-2019,7.65,7.65,7.8,7.45, 7.45,7.45,7.55,639749,48.29,932, 383011, 59.87
HCLTECH, EQ, 18-Dec-2019,557.75,560.0,566.95,559.0, 565.45,564.7,562.94,4618387,25998.86,71520, 3263748, 70.67
HDFC, EQ, 18-Dec-2019,2430.1,2427.0,2459.3,2415.8, 2443.50,2445.15,2442.95,5100244,124596.57,199057, 3091622, 60.62
HDFCAMC, EQ, 18-Dec-2019,3153.3,3164.9,3164.9,3125.5, 3155.50,3145.6,3141.31,437950,13757.36,38989, 187193, 42.74
HDFCBANK, EQ, 18-Dec-2019,1271.1,1283.0,1299.0,1273.65, 1292.70,1292.35,1287.03,8723586,112274.88,201690, 5314964, 60.93
HDFCLIFE, EQ, 18-Dec-2019,595.6,599.0,604.8,588.2, 601.55,601.5,598.04,3092926,18496.84,66597, 1439895, 46.55
HDFCMFGETF, EQ, 18-Dec-2019,3424.65,3416.55,3437.0,3416.55, 3432.35,3428.85,3429.36,705,24.18,132, 428, 60.71
HDFCNIFETF, EQ, 18-Dec-2019,1273.18,1274.0,1281.1,1272.7, 1279.05,1278.68,1274.31,667,8.5,34, 582, 87.26
HDFCSENETF, EQ, 18-Dec-2019,4355.0,4378.43,4378.43,4341.86, 4371.00,4371.0,4369.79,9,0.39,6, 8, 88.89
HEG, EQ, 18-Dec-2019,1115.9,1121.0,1140.0,1101.65, 1115.90,1117.6,1124.19,373514,4199.01,20021, 74894, 20.05
HEIDELBERG, EQ, 18-Dec-2019,177.95,178.15,179.8,175.25, 177.20,177.8,177.53,213474,378.98,3886, 112430, 52.67
HERCULES, EQ, 18-Dec-2019,89.75,89.0,92.75,89.0, 91.35,91.2,91.22,9082,8.28,261, 7535, 82.97
HERITGFOOD, EQ, 18-Dec-2019,339.15,340.15,346.65,325.5, 340.10,337.35,334.95,33390,111.84,1892, 14663, 43.91
HEROMOTOCO, EQ, 18-Dec-2019,2304.95,2314.95,2320.0,2290.05, 2311.15,2311.95,2307.87,952321,21978.28,51564, 544419, 57.17
HESTERBIO, EQ, 18-Dec-2019,1467.65,1467.0,1487.65,1465.0, 1483.25,1474.85,1474.16,4462,65.78,508, 3141, 70.39
HEXAWARE, EQ, 18-Dec-2019,338.15,338.0,345.0,337.35, 338.10,338.2,339.95,614003,2087.32,10955, 155949, 25.40
HFCL, EQ, 18-Dec-2019,17.15,17.25,17.55,17.05, 17.15,17.15,17.29,2558183,442.22,2874, 1272069, 49.73
HGINFRA, EQ, 18-Dec-2019,232.8,235.65,235.8,229.0, 230.90,230.65,233.09,48542,113.14,360, 25067, 51.64
HGS, EQ, 18-Dec-2019,629.3,625.05,629.9,620.55, 629.90,624.65,624.37,664,4.15,180, 372, 56.02
HIKAL, EQ, 18-Dec-2019,110.85,111.15,111.8,108.1, 109.85,109.65,110.02,80314,88.36,1734, 37322, 46.47
HIL, EQ, 18-Dec-2019,1130.15,1125.25,1203.5,1125.1, 1162.00,1160.2,1167.42,11357,132.58,2144, 4266, 37.56
HIMATSEIDE, EQ, 18-Dec-2019,120.65,121.5,124.0,120.6, 121.15,121.7,122.33,72270,88.41,1812, 30752, 42.55
HINDALCO, EQ, 18-Dec-2019,213.7,214.55,215.5,212.2, 213.75,213.65,214.1,11721371,25095.77,80223, 2739091, 23.37
HINDCOMPOS, EQ, 18-Dec-2019,162.65,162.5,175.0,160.1, 164.80,164.5,167.51,1975,3.31,275, 1126, 57.01
HINDCOPPER, EQ, 18-Dec-2019,38.35,38.45,39.7,38.2, 38.35,38.45,38.86,1006376,391.05,4369, 238062, 23.66
HINDMOTORS, EQ, 18-Dec-2019,5.6,5.6,5.85,5.55, 5.65,5.6,5.71,268049,15.32,204, 215078, 80.24
HINDNATGLS, EQ, 18-Dec-2019,26.45,27.0,27.75,27.0, 27.75,27.75,27.21,6074,1.65,24, 5474, 90.12
HINDOILEXP, EQ, 18-Dec-2019,85.1,85.0,85.55,83.1, 83.45,83.65,84.25,100572,84.73,1416, 49796, 49.51
HINDPETRO, EQ, 18-Dec-2019,264.9,264.05,265.5,262.2, 263.25,263.8,263.53,2866222,7553.24,32672, 1260611, 43.98
HINDUNILVR, EQ, 18-Dec-2019,1961.35,1960.0,1966.6,1907.35, 1929.80,1928.55,1922.57,3986106,76635.5,220913, 2203828, 55.29
HINDZINC, EQ, 18-Dec-2019,208.0,208.7,210.25,207.1, 207.60,207.3,207.66,666319,1383.7,4428, 517476, 77.66
HIRECT, EQ, 18-Dec-2019,206.85,208.35,214.0,206.4, 210.95,210.15,209.64,6017,12.61,255, 3521, 58.52
HISARMETAL, EQ, 18-Dec-2019,48.75,49.6,49.6,46.65, 48.95,48.9,47.71,3265,1.56,47, 2871, 87.93
HITECH, EQ, 18-Dec-2019,134.95,138.4,143.9,137.0, 137.00,138.2,141.09,38183,53.87,264, 32842, 86.01
HITECHCORP, EQ, 18-Dec-2019,81.0,85.9,85.9,82.2, 83.70,82.65,83.88,3875,3.25,145, 2795, 72.13
HITECHGEAR, EQ, 18-Dec-2019,163.7,163.05,167.9,162.0, 166.85,165.2,165.28,2473,4.09,126, 1547, 62.56
HMVL, EQ, 18-Dec-2019,71.25,72.0,73.8,68.8, 68.90,68.95,70.02,16626,11.64,333, 14145, 85.08
HNDFDS, EQ, 18-Dec-2019,667.05,661.25,679.95,660.0, 668.10,668.45,671.25,3048,20.46,492, 1612, 52.89
HNGSNGBEES, EQ, 18-Dec-2019,3191.65,3222.0,3228.9,3219.0, 3219.00,3219.0,3222.22,39,1.26,24, 38, 97.44
HONAUT, EQ, 18-Dec-2019,27609.25,27678.7,27873.6,27225.05, 27380.00,27334.0,27561.9,760,209.47,501, 185, 24.34
HONDAPOWER, EQ, 18-Dec-2019,1280.1,1271.05,1312.1,1268.0, 1281.05,1283.8,1286.42,2452,31.54,383, 1283, 52.32
HOTELEELA, EQ, 18-Dec-2019,6.1,6.0,6.1,5.95, 6.00,6.0,6.04,282868,17.07,514, 236641, 83.66
HOVS, EQ, 18-Dec-2019,47.1,47.0,48.6,45.65, 46.10,46.25,46.73,9626,4.5,315, 5840, 60.67
HPL, EQ, 18-Dec-2019,37.1,37.0,38.0,36.95, 37.45,37.5,37.25,12111,4.51,286, 8466, 69.90
HSCL, EQ, 18-Dec-2019,56.35,56.25,59.4,56.1, 57.95,58.35,58.08,1333676,774.61,9648, 744016, 55.79
HSIL, EQ, 18-Dec-2019,43.55,43.5,44.75,43.4, 44.50,44.45,43.87,72694,31.89,475, 55293, 76.06
HTMEDIA, EQ, 18-Dec-2019,14.45,14.5,14.6,14.35, 14.40,14.4,14.51,63586,9.23,327, 56034, 88.12
HUDCO, EQ, 18-Dec-2019,36.65,36.65,36.9,35.85, 35.95,36.1,36.14,399829,144.51,2081, 179393, 44.87
IBMFNIFTY, EQ, 18-Dec-2019,120.2,122.79,130.0,120.26, 121.03,123.42,124.02,537,0.67,45, 111, 20.67
IBREALEST, EQ, 18-Dec-2019,61.35,61.55,62.4,60.15, 60.30,60.8,61.27,625867,383.46,5249, 198113, 31.65
IBULHSGFIN, EQ, 18-Dec-2019,305.05,305.0,308.4,297.5, 302.85,302.25,302.83,25074944,75935.65,233798, 2177268, 8.68
IBULISL, EQ, 18-Dec-2019,76.3,76.0,80.0,75.6, 78.85,79.1,78.51,140194,110.06,1137, 86023, 61.36
IBVENTURES, EQ, 18-Dec-2019,161.5,162.1,169.55,161.9, 162.60,163.05,166.71,2175513,3626.84,11575, 1036086, 47.62
ICICI500, EQ, 18-Dec-2019,158.68,158.82,160.15,158.57, 160.15,159.23,159.62,12674,20.23,25, 12471, 98.40
ICICIB22, EQ, 18-Dec-2019,34.19,34.44,34.44,34.01, 34.05,34.11,34.13,166385,56.8,2964, 146832, 88.25
ICICIBANK, EQ, 18-Dec-2019,541.15,542.05,542.9,535.95, 542.00,541.4,538.89,12906168,69550.55,170680, 7897602, 61.19
ICICIBANKN, EQ, 18-Dec-2019,322.16,321.51,322.72,320.47, 322.65,322.56,321.3,2346,7.54,52, 2212, 94.29
ICICIBANKP, EQ, 18-Dec-2019,176.91,180.0,180.0,177.0, 178.08,178.07,177.91,753,1.34,15, 598, 79.42
ICICIGI, EQ, 18-Dec-2019,1347.75,1345.1,1350.9,1334.45, 1340.00,1341.95,1342.88,265905,3570.8,17960, 206580, 77.69
ICICIGOLD, EQ, 18-Dec-2019,34.25,34.65,34.65,33.6, 34.30,34.35,34.37,21477,7.38,585, 7993, 37.22
ICICILIQ, EQ, 18-Dec-2019,999.99,999.95,1000.0,999.95, 1000.00,999.99,1000.0,9403,94.03,34, 4063, 43.21
ICICILOVOL, EQ, 18-Dec-2019,91.36,91.36,91.96,90.97, 91.96,91.89,91.8,163168,149.79,100, 162857, 99.81
ICICIMCAP, EQ, 18-Dec-2019,65.17,65.37,65.42,64.72, 64.95,64.95,65.17,34223,22.3,78, 31484, 92.00
ICICINF100, EQ, 18-Dec-2019,131.0,131.08,132.24,130.87, 132.20,131.97,131.73,719,0.95,33, 601, 83.59
ICICINIFTY, EQ, 18-Dec-2019,128.02,125.5,128.84,122.9, 128.47,128.53,128.45,87121,111.91,5058, 39837, 45.73
ICICINV20, EQ, 18-Dec-2019,57.03,57.06,57.46,56.88, 57.27,57.21,57.22,3399,1.95,301, 2689, 79.11
ICICINXT50, EQ, 18-Dec-2019,28.19,28.38,28.39,28.13, 28.33,28.31,28.29,31602,8.94,188, 29998, 94.92
ICICIPRULI, EQ, 18-Dec-2019,495.1,497.1,498.65,492.7, 497.00,496.8,495.94,1391020,6898.56,26514, 765451, 55.03
ICICISENSX, EQ, 18-Dec-2019,440.54,439.44,443.43,439.44, 443.00,443.0,442.33,253,1.12,38, 209, 82.61
ICIL, EQ, 18-Dec-2019,49.35,49.3,49.35,46.0, 47.40,47.2,47.9,81863,39.21,1229, 59660, 72.88
ICRA, EQ, 18-Dec-2019,2733.75,2736.2,2760.0,2670.0, 2750.00,2751.0,2749.6,10614,291.84,1075, 10348, 97.49
IDBI, EQ, 18-Dec-2019,37.4,37.75,37.9,36.8, 37.00,37.0,37.18,2766225,1028.5,8705, 547206, 19.78
IDBIGOLD, EQ, 18-Dec-2019,3582.0,3514.95,3520.0,3500.0, 3511.05,3511.45,3509.03,96,3.37,18, 47, 48.96
IDEA, EQ, 18-Dec-2019,6.9,7.25,7.35,6.3, 6.50,6.4,6.59,328199359,21613.97,132305, 111062406, 33.84
IDFC, EQ, 18-Dec-2019,32.55,32.45,32.65,31.95, 32.30,32.25,32.36,1284198,415.53,3881, 696126, 54.21
IDFCFIRSTB, EQ, 18-Dec-2019,42.8,43.0,43.0,42.4, 42.60,42.6,42.59,8297210,3534.06,15997, 3132187, 37.75
IDFNIFTYET, EQ, 18-Dec-2019,120.09,121.95,123.78,121.95, 123.44,123.44,123.5,63,0.08,10, 41, 65.08
IEX, EQ, 18-Dec-2019,142.0,143.85,143.85,139.0, 140.05,140.0,140.06,1317696,1845.54,3897, 1131860, 85.90
IFBAGRO, EQ, 18-Dec-2019,382.8,389.0,389.0,381.05, 382.65,384.6,384.97,2444,9.41,173, 1729, 70.74
IFBIND, EQ, 18-Dec-2019,622.35,622.35,645.0,620.8, 635.00,636.95,636.11,20231,128.69,1387, 9610, 47.50
IFCI, EQ, 18-Dec-2019,6.55,6.6,6.6,6.4, 6.40,6.4,6.46,1410644,91.1,1436, 879301, 62.33
IFGLEXPOR, EQ, 18-Dec-2019,133.85,133.7,141.75,128.35, 130.00,130.45,131.85,5116,6.75,563, 4497, 87.90
IGARASHI, EQ, 18-Dec-2019,242.9,243.0,246.6,236.5, 238.25,238.8,241.66,16306,39.4,672, 11224, 68.83
IGL, EQ, 18-Dec-2019,432.35,433.0,436.4,426.65, 431.00,430.85,431.41,2337500,10084.29,30464, 499624, 21.37
IGPL, EQ, 18-Dec-2019,133.95,133.95,136.0,132.6, 134.10,134.0,134.22,8663,11.63,314, 5296, 61.13
IIFL, EQ, 18-Dec-2019,155.3,156.9,158.35,150.9, 152.50,153.35,155.22,112323,174.35,3103, 50328, 44.81
IIFLSEC, EQ, 18-Dec-2019,38.0,39.9,39.9,37.05, 39.90,39.15,39.35,982779,386.73,2150, 570399, 58.04
IIFLWAM, EQ, 18-Dec-2019,1137.85,1149.1,1150.0,1110.0, 1111.45,1124.9,1138.13,1505,17.13,414, 1178, 78.27
IITL, EQ, 18-Dec-2019,60.0,59.95,59.95,57.0, 57.00,57.05,57.37,86,0.05,3, 86, 100.00
IMFA, EQ, 18-Dec-2019,178.75,183.85,184.45,179.05, 179.20,179.7,181.58,10463,19.0,694, 8202, 78.39
IMPAL, EQ, 18-Dec-2019,554.55,557.0,562.75,550.0, 562.00,559.7,552.77,3001,16.59,169, 1890, 62.98
INDBANK, EQ, 18-Dec-2019,6.7,6.75,8.0,6.6, 7.10,7.15,7.5,457131,34.31,789, 152812, 33.43
INDHOTEL, EQ, 18-Dec-2019,149.5,150.15,150.15,144.3, 145.05,145.2,146.53,1666489,2441.84,17867, 1326839, 79.62
INDIACEM, EQ, 18-Dec-2019,71.6,71.8,72.3,70.05, 71.00,71.0,70.95,1417119,1005.41,11655, 538752, 38.02
INDIAGLYCO, EQ, 18-Dec-2019,215.45,214.65,217.5,213.0, 213.00,213.85,214.95,31493,67.7,1046, 12400, 39.37
INDIAMART, EQ, 18-Dec-2019,2020.3,2037.2,2045.0,2015.0, 2018.60,2020.4,2026.12,6981,141.44,899, 2845, 40.75
INDIANB, EQ, 18-Dec-2019,110.0,109.9,110.8,108.1, 109.55,109.95,109.75,1723215,1891.31,24950, 582570, 33.81
INDIANCARD, EQ, 18-Dec-2019,103.0,106.0,106.0,101.15, 104.90,104.85,102.28,1604,1.64,28, 1031, 64.28
INDIANHUME, EQ, 18-Dec-2019,201.3,200.2,203.0,198.15, 198.15,200.75,200.82,8633,17.34,314, 5469, 63.35
INDIGO, EQ, 18-Dec-2019,1315.15,1314.0,1320.0,1292.5, 1308.65,1309.25,1306.86,895588,11704.11,37480, 305600, 34.12
INDNIPPON, EQ, 18-Dec-2019,300.35,305.0,306.05,293.25, 297.35,295.8,299.22,4721,14.13,391, 3173, 67.21
INDOCO, EQ, 18-Dec-2019,163.7,166.0,174.3,163.8, 172.30,171.05,170.03,128272,218.1,3526, 69780, 54.40
INDORAMA, EQ, 18-Dec-2019,27.15,27.4,28.4,26.8, 28.40,27.6,27.5,487603,134.07,105, 485439, 99.56
INDOSTAR, EQ, 18-Dec-2019,168.35,170.3,171.45,167.05, 167.60,167.85,168.51,38893,65.54,1616, 23227, 59.72
INDOTHAI, EQ, 18-Dec-2019,23.0,22.55,23.0,21.85, 21.90,22.2,22.35,1791,0.4,163, 1386, 77.39
INDOWIND, EQ, 18-Dec-2019,2.95,3.0,3.0,2.9, 2.95,2.95,2.95,16700,0.49,39, 16570, 99.22
INDRAMEDCO, EQ, 18-Dec-2019,39.25,39.0,39.6,39.0, 39.10,39.1,39.25,39940,15.68,206, 28170, 70.53
INDSWFTLAB, EQ, 18-Dec-2019,23.85,24.15,24.7,23.7, 24.50,24.55,24.02,86818,20.85,248, 43890, 50.55
INDSWFTLTD, EQ, 18-Dec-2019,3.0,3.0,3.15,2.95, 3.00,3.0,3.0,10350,0.31,17, 10195, 98.50
INDTERRAIN, EQ, 18-Dec-2019,58.75,61.8,61.8,57.75, 58.05,58.65,58.78,8255,4.85,140, 4275, 51.79
INDUSINDBK, EQ, 18-Dec-2019,1492.75,1501.0,1504.0,1490.0, 1500.00,1500.8,1496.78,2573443,38518.68,55318, 1269962, 49.35
INEOSSTYRO, EQ, 18-Dec-2019,713.3,703.35,717.8,699.75, 710.00,708.7,706.35,10368,73.23,652, 6485, 62.55
INFIBEAM, EQ, 18-Dec-2019,47.15,46.55,47.55,46.5, 46.85,46.85,46.89,955860,448.16,2861, 422723, 44.22
INFOBEAN, EQ, 18-Dec-2019,64.0,65.1,65.1,64.15, 64.80,64.8,64.76,119,0.08,7, 99, 83.19
INFRABEES, EQ, 18-Dec-2019,338.66,337.8,337.81,334.83, 335.45,335.45,337.66,557,1.88,6, 530, 95.15
INFRATEL, EQ, 18-Dec-2019,248.2,251.0,253.0,246.4, 249.95,250.3,249.89,6687638,16712.07,65448, 1352474, 20.22
INFY, EQ, 18-Dec-2019,729.7,731.0,737.3,722.75, 733.40,732.45,732.13,12215295,89432.42,210673, 6987100, 57.20
INGERRAND, EQ, 18-Dec-2019,662.75,668.0,673.0,660.35, 664.00,662.35,664.71,29499,196.08,1347, 17766, 60.23
INOXLEISUR, EQ, 18-Dec-2019,370.1,371.5,375.4,370.0, 370.75,371.45,372.57,97611,363.67,6424, 44002, 45.08
INOXWIND, EQ, 18-Dec-2019,34.9,35.0,35.1,33.7, 34.25,34.1,34.29,205565,70.5,2213, 142707, 69.42
INSECTICID, EQ, 18-Dec-2019,455.35,457.6,469.0,454.0, 468.00,466.45,463.68,9233,42.81,943, 4675, 50.63
INSPIRISYS, EQ, 18-Dec-2019,37.4,41.65,41.65,36.45, 37.25,37.25,37.48,1486,0.56,76, 1381, 92.93
INTELLECT, EQ, 18-Dec-2019,150.9,150.5,152.8,147.7, 150.00,149.6,149.89,157971,236.78,2593, 79558, 50.36
INTENTECH, EQ, 18-Dec-2019,26.9,26.3,27.8,26.0, 26.20,26.35,26.41,2888,0.76,45, 2341, 81.06
INVENTURE, EQ, 18-Dec-2019,13.05,14.0,14.0,12.55, 12.70,12.75,13.16,20391,2.68,63, 64, 0.31
IOB, EQ, 18-Dec-2019,10.1,10.1,10.25,9.95, 10.10,10.05,10.11,489955,49.53,738, 219452, 44.79
IOC, EQ, 18-Dec-2019,125.65,125.0,126.35,124.55, 126.35,126.05,125.55,4645660,5832.73,32153, 1730610, 37.25
IOLCP, EQ, 18-Dec-2019,171.55,173.0,173.55,168.05, 168.60,168.85,170.8,112708,192.51,2026, 53027, 47.05
IPAPPM, EQ, 18-Dec-2019,292.0,297.8,297.8,281.65, 285.05,284.4,287.94,25503,73.43,1240, 9944, 38.99
IPCALAB, EQ, 18-Dec-2019,1147.55,1148.5,1152.2,1124.9, 1134.15,1136.25,1139.64,407617,4645.38,9666, 363810, 89.25
IRB, EQ, 18-Dec-2019,70.5,72.0,72.4,70.5, 71.05,71.35,71.47,1843405,1317.54,12146, 551888, 29.94
IRCON, EQ, 18-Dec-2019,387.5,388.8,403.0,386.2, 403.00,397.55,394.77,53555,211.42,2169, 32132, 60.00
IRCTC, EQ, 18-Dec-2019,886.75,886.8,887.5,873.3, 874.00,875.35,879.85,284932,2506.97,10317, 118799, 41.69
ISEC, EQ, 18-Dec-2019,345.75,345.0,346.0,340.0, 343.80,341.9,344.04,67226,231.29,4560, 44889, 66.77
ISFT, EQ, 18-Dec-2019,64.25,64.0,66.0,62.4, 65.50,64.8,63.56,2298,1.46,425, 2135, 92.91
ISMTLTD, EQ, 18-Dec-2019,4.35,4.35,4.6,4.3, 4.40,4.35,4.34,15211,0.66,43, 10182, 66.94
ITC, EQ, 18-Dec-2019,241.05,240.6,247.35,239.75, 244.95,245.15,244.68,17134732,41925.18,137442, 7821444, 45.65
ITDC, EQ, 18-Dec-2019,330.75,331.2,343.4,326.45, 328.00,327.75,333.23,163291,544.14,4790, 47369, 29.01
ITDCEM, EQ, 18-Dec-2019,50.7,50.9,51.75,49.0, 50.25,50.25,50.16,129710,65.06,1599, 56454, 43.52
ITI, EQ, 18-Dec-2019,91.85,91.2,91.65,89.55, 89.70,89.9,90.35,429139,387.72,4285, 134939, 31.44
IVC, EQ, 18-Dec-2019,3.4,3.6,3.6,3.2, 3.35,3.4,3.34,124553,4.16,180, 89420, 71.79
IVP, EQ, 18-Dec-2019,56.2,57.0,57.0,50.6, 54.50,53.85,53.83,1938,1.04,53, 940, 48.50
IVZINGOLD, EQ, 18-Dec-2019,3450.0,3450.0,3450.0,3450.0, 3450.00,3450.0,3450.0,4,0.14,1, 4, 100.00
IVZINNIFTY, EQ, 18-Dec-2019,1287.65,1297.35,1297.35,1297.35, 1297.35,1297.35,1297.35,40,0.52,1, 40, 100.00
IZMO, EQ, 18-Dec-2019,21.75,21.4,21.75,21.2, 21.70,21.7,21.54,2301,0.5,34, 1745, 75.84
J&KBANK, EQ, 18-Dec-2019,29.9,30.1,30.35,29.7, 29.75,29.8,29.91,641671,191.91,6256, 380349, 59.27
JAGRAN, EQ, 18-Dec-2019,58.7,58.9,60.15,58.1, 60.00,59.95,59.34,258903,153.63,4536, 206708, 79.84
JAGSNPHARM, EQ, 18-Dec-2019,27.3,27.0,27.25,25.55, 25.75,26.0,26.22,9302,2.44,399, 6087, 65.44
JAIBALAJI, EQ, 18-Dec-2019,23.15,24.2,24.2,23.0, 23.10,23.1,23.13,494,0.11,11, 492, 99.60
JAICORPLTD, EQ, 18-Dec-2019,96.35,96.9,97.85,94.05, 95.00,95.3,96.0,1799107,1727.22,13566, 439621, 24.44
JAMNAAUTO, EQ, 18-Dec-2019,39.8,39.6,40.8,38.65, 40.40,40.4,39.89,2084725,831.65,18509, 1204192, 57.76
JASH, EQ, 18-Dec-2019,123.8,125.0,131.0,123.5, 123.50,124.8,128.47,6872,8.83,42, 5647, 82.17
JAYAGROGN, EQ, 18-Dec-2019,131.15,130.15,134.9,128.2, 130.00,130.0,130.06,14289,18.58,353, 11728, 82.08
JAYBARMARU, EQ, 18-Dec-2019,229.55,227.0,228.2,222.5, 223.20,224.15,225.12,83306,187.54,2920, 27759, 33.32
JAYNECOIND, EQ, 18-Dec-2019,3.35,3.55,3.65,3.35, 3.40,3.4,3.5,42209,1.48,160, 20203, 47.86
JAYSREETEA, EQ, 18-Dec-2019,47.9,47.95,48.35,47.05, 47.40,47.55,47.55,65874,31.32,820, 21201, 32.18
JBCHEPHARM, EQ, 18-Dec-2019,425.15,427.95,429.65,424.9, 426.00,427.0,426.98,74975,320.13,2986, 58314, 77.78
JBFIND, EQ, 18-Dec-2019,8.55,8.5,8.5,8.15, 8.15,8.15,8.19,42134,3.45,141, 34295, 81.40
JBMA, EQ, 18-Dec-2019,260.25,259.0,262.4,254.15, 255.50,256.5,258.36,57063,147.43,1786, 22377, 39.21
JCHAC, EQ, 18-Dec-2019,1885.35,1876.9,1908.45,1851.05, 1855.00,1855.3,1877.04,2582,48.47,467, 865, 33.50
JHS, EQ, 18-Dec-2019,15.05,15.35,15.4,14.65, 14.80,14.9,15.0,27089,4.06,419, 17262, 63.72
JINDALPHOT, EQ, 18-Dec-2019,13.7,13.45,14.8,13.1, 13.50,13.4,13.45,1821,0.24,37, 1614, 88.63
JINDALPOLY, EQ, 18-Dec-2019,219.3,219.65,224.4,219.55, 220.60,223.5,222.22,7875,17.5,260, 6924, 87.92
JINDALSAW, EQ, 18-Dec-2019,75.8,76.0,76.25,73.0, 73.55,73.65,74.2,297387,220.65,3587, 137073, 46.09
JINDALSTEL, EQ, 18-Dec-2019,145.6,146.6,148.7,143.35, 146.35,146.05,146.17,29351742,42904.44,138450, 2052880, 6.99
JINDRILL, EQ, 18-Dec-2019,76.8,76.4,79.8,76.4, 77.50,77.0,77.98,11590,9.04,176, 7408, 63.92
JINDWORLD, EQ, 18-Dec-2019,63.25,63.65,63.65,61.0, 62.40,61.75,62.36,128631,80.21,998, 33366, 25.94
JISLDVREQS, EQ, 18-Dec-2019,7.75,8.05,8.1,7.85, 8.05,8.1,8.09,63464,5.13,222, 50759, 79.98
JISLJALEQS, EQ, 18-Dec-2019,7.85,8.2,8.2,7.9, 8.20,8.2,8.18,4406151,360.28,3870, 2195337, 49.82
JIYAECO, EQ, 18-Dec-2019,30.95,31.8,31.8,29.65, 31.25,31.25,31.04,285812,88.72,1484, 97238, 34.02
JKCEMENT, EQ, 18-Dec-2019,1151.0,1152.4,1208.9,1149.9, 1175.00,1182.75,1191.65,124357,1481.9,13484, 47361, 38.08
JKIL, EQ, 18-Dec-2019,140.05,139.05,142.25,138.0, 138.05,138.7,139.57,116735,162.93,3739, 63287, 54.21
JKLAKSHMI, EQ, 18-Dec-2019,274.05,272.0,275.75,271.95, 273.10,274.45,273.62,19785,54.13,916, 12263, 61.98
JKPAPER, EQ, 18-Dec-2019,130.5,128.1,128.4,125.5, 125.90,126.05,126.66,1325141,1678.46,12370, 489488, 36.94
JKTYRE, EQ, 18-Dec-2019,71.75,71.8,73.2,71.1, 72.40,72.4,71.86,456251,327.88,4637, 192422, 42.17
JMA, EQ, 18-Dec-2019,22.9,22.2,23.6,22.2, 23.20,23.2,22.83,1641,0.37,22, 1531, 93.30
JMCPROJECT, EQ, 18-Dec-2019,100.1,100.55,100.7,97.1, 100.00,99.7,99.04,36698,36.34,2428, 16705, 45.52
JMFINANCIL, EQ, 18-Dec-2019,96.1,96.0,97.75,94.1, 94.15,94.9,95.73,568936,544.62,13271, 272851, 47.96
JMTAUTOLTD, EQ, 18-Dec-2019,1.3,1.3,1.35,1.3, 1.35,1.3,1.31,31628,0.41,29, 26178, 82.77
JOCIL, EQ, 18-Dec-2019,112.0,110.05,112.2,106.05, 109.00,109.0,109.71,1438,1.58,77, 1328, 92.35
JPASSOCIAT, EQ, 18-Dec-2019,2.4,2.4,2.5,2.4, 2.45,2.5,2.46,3346949,82.38,2866, 1852656, 55.35
JPINFRATEC, EQ, 18-Dec-2019,1.65,1.8,1.8,1.65, 1.80,1.8,1.79,11479707,205.46,2142, 6521101, 56.81
JPOLYINVST, EQ, 18-Dec-2019,12.0,11.4,12.6,11.4, 12.60,12.6,12.38,628,0.08,10, 570, 90.76
JPPOWER, EQ, 18-Dec-2019,1.4,1.4,1.45,1.35, 1.40,1.4,1.4,6861080,96.26,1177, 5489619, 80.01
JSL, EQ, 18-Dec-2019,38.25,38.55,38.95,38.0, 38.10,38.1,38.35,166808,63.97,1278, 68012, 40.77
JSLHISAR, EQ, 18-Dec-2019,67.6,67.1,69.2,66.6, 68.05,68.0,68.04,147038,100.04,1143, 84091, 57.19
JSWENERGY, EQ, 18-Dec-2019,70.95,70.95,71.8,69.5, 69.75,69.9,70.47,979239,690.09,11899, 721912, 73.72
JSWHL, EQ, 18-Dec-2019,2221.5,2225.85,2256.0,2224.35, 2242.00,2234.25,2239.33,275,6.16,116, 194, 70.55
JSWSTEEL, EQ, 18-Dec-2019,258.95,257.9,266.35,256.3, 264.30,264.4,263.54,13485427,35540.0,79901, 1494143, 11.08
JTEKTINDIA, EQ, 18-Dec-2019,81.7,82.0,82.45,78.9, 79.20,79.5,79.96,37743,30.18,768, 27342, 72.44
JUBILANT, EQ, 18-Dec-2019,547.15,545.7,551.0,540.1, 540.40,543.15,544.81,95714,521.46,5132, 21587, 22.55
JUBLFOOD, EQ, 18-Dec-2019,1583.65,1585.0,1593.55,1567.0, 1572.90,1573.6,1576.55,657931,10372.6,28763, 193116, 29.35
JUBLINDS, EQ, 18-Dec-2019,88.55,89.0,89.0,87.15, 88.30,88.1,88.14,12397,10.93,178, 8643, 69.72
JUMPNET, EQ, 18-Dec-2019,58.95,59.85,60.9,58.3, 59.00,58.75,58.96,509797,300.57,419, 462358, 90.69
JUNIORBEES, EQ, 18-Dec-2019,290.99,292.5,292.67,290.0, 292.00,291.88,291.17,24129,70.26,1291, 12340, 51.14
JUSTDIAL, EQ, 18-Dec-2019,590.45,590.45,596.0,582.1, 582.30,588.0,589.72,2068245,12196.79,29142, 158242, 7.65
JYOTHYLAB, EQ, 18-Dec-2019,148.4,149.0,154.7,145.95, 151.50,153.05,151.43,507480,768.48,14104, 280132, 55.20
KABRAEXTRU, EQ, 18-Dec-2019,57.95,59.65,62.0,58.0, 61.10,61.2,59.51,37225,22.15,3218, 31319, 84.13
KAJARIACER, EQ, 18-Dec-2019,519.7,520.55,523.45,508.0, 514.85,514.9,514.85,307544,1583.41,3616, 262923, 85.49
KAKATCEM, EQ, 18-Dec-2019,145.3,145.1,148.6,144.75, 147.80,147.25,145.44,11527,16.77,206, 10258, 88.99
KALPATPOWR, EQ, 18-Dec-2019,419.35,421.85,422.75,400.05, 403.50,403.7,407.66,178539,727.83,8020, 147379, 82.55
KAMATHOTEL, EQ, 18-Dec-2019,35.05,35.25,37.2,34.25, 35.55,35.8,35.75,226242,80.88,2077, 76489, 33.81
KAMDHENU, EQ, 18-Dec-2019,93.0,93.95,96.3,93.0, 93.25,94.05,94.97,8515,8.09,258, 5396, 63.37
KANANIIND, EQ, 18-Dec-2019,3.6,3.35,3.6,3.35, 3.35,3.35,3.36,4436,0.15,21, 4331, 97.63
KANORICHEM, EQ, 18-Dec-2019,35.6,36.9,36.95,35.5, 35.75,35.7,35.87,9149,3.28,100, 7049, 77.05
KANSAINER, EQ, 18-Dec-2019,543.6,541.05,547.1,532.15, 542.00,545.1,540.98,94976,513.8,4556, 53616, 56.45
KARDA, EQ, 18-Dec-2019,93.95,95.0,96.0,91.3, 92.50,93.8,94.57,5487,5.19,204, 2793, 50.90
KARURVYSYA, EQ, 18-Dec-2019,61.0,61.3,61.7,60.55, 60.65,60.75,60.95,286506,174.62,2653, 205968, 71.89
KAYA, EQ, 18-Dec-2019,325.1,328.3,335.0,323.15, 325.00,325.25,327.23,4316,14.12,413, 2359, 54.66
KCP, EQ, 18-Dec-2019,60.2,60.65,61.0,59.75, 60.00,60.15,59.96,57740,34.62,192, 52453, 90.84
KCPSUGIND, EQ, 18-Dec-2019,12.8,13.4,13.6,13.0, 13.05,13.0,13.21,244947,32.35,879, 94484, 38.57
KDDL, EQ, 18-Dec-2019,319.5,325.0,325.0,320.0, 320.00,321.45,321.98,862,2.78,25, 615, 71.35
KEC, EQ, 18-Dec-2019,299.1,302.0,303.5,295.1, 296.80,300.05,300.12,435270,1306.33,6252, 282801, 64.97
KECL, EQ, 18-Dec-2019,9.8,9.6,9.9,9.55, 9.65,9.7,9.72,34039,3.31,145, 18864, 55.42
KEI, EQ, 18-Dec-2019,443.4,445.0,448.2,440.0, 442.40,443.25,443.68,254560,1129.44,13378, 194991, 76.60
KELLTONTEC, EQ, 18-Dec-2019,17.25,17.75,18.1,16.7, 17.90,17.25,17.19,232842,40.03,615, 161303, 69.28
KENNAMET, EQ, 18-Dec-2019,1000.1,1018.0,1018.0,981.0, 981.00,989.9,997.58,1419,14.16,145, 818, 57.65
KESARENT, EQ, 18-Dec-2019,33.05,34.85,34.85,31.0, 31.00,32.05,32.65,5817,1.9,214, 2184, 37.55
KESORAMIND, EQ, 18-Dec-2019,59.25,59.5,59.5,58.0, 58.60,58.65,58.63,203583,119.36,2194, 85612, 42.05
KHADIM, EQ, 18-Dec-2019,167.45,169.0,170.0,165.55, 167.00,166.8,167.9,46062,77.34,1513, 26540, 57.62
KICL, EQ, 18-Dec-2019,1654.2,1656.0,1714.0,1651.0, 1714.00,1689.55,1669.24,589,9.83,168, 445, 75.55
KILITCH, EQ, 18-Dec-2019,133.2,132.5,138.6,128.0, 128.35,129.1,133.17,55959,74.52,1535, 17092, 30.54
KINGFA, EQ, 18-Dec-2019,614.0,614.0,624.3,610.5, 613.05,615.95,615.4,968,5.96,127, 494, 51.03
KIOCL, EQ, 18-Dec-2019,110.1,110.5,115.0,110.1, 111.80,111.85,112.61,14508,16.34,284, 8178, 56.37
KIRIINDUS, EQ, 18-Dec-2019,365.4,363.0,372.95,363.0, 363.05,363.8,367.37,61447,225.74,2955, 16259, 26.46
KIRLFER, EQ, 18-Dec-2019,61.25,62.4,62.4,61.25, 61.80,61.65,61.65,2810,1.73,36, 2236, 79.57
KIRLOSBROS, EQ, 18-Dec-2019,124.6,125.45,134.0,124.1, 133.25,132.2,130.16,38358,49.93,2318, 21272, 55.46
KIRLOSENG, EQ, 18-Dec-2019,145.35,154.8,154.8,145.4, 148.10,149.65,148.72,13567,20.18,655, 4598, 33.89
KIRLOSIND, EQ, 18-Dec-2019,602.95,601.2,613.8,600.1, 602.00,604.85,606.05,512,3.1,75, 250, 48.83
KITEX, EQ, 18-Dec-2019,94.0,95.15,95.15,92.0, 94.45,94.3,94.17,24354,22.93,484, 14573, 59.84
KKCL, EQ, 18-Dec-2019,954.6,965.0,965.0,950.35, 950.35,954.2,959.29,341,3.27,201, 73, 21.41
KMSUGAR, EQ, 18-Dec-2019,6.25,6.5,6.65,6.35, 6.50,6.4,6.49,94672,6.14,161, 70659, 74.64
KNRCON, EQ, 18-Dec-2019,238.55,240.4,242.1,235.0, 236.00,235.6,236.94,53365,126.44,5435, 30764, 57.65
KOKUYOCMLN, EQ, 18-Dec-2019,73.75,74.95,75.45,72.95, 74.90,74.35,73.65,144936,106.75,454, 140016, 96.61
KOLTEPATIL, EQ, 18-Dec-2019,254.4,254.9,259.0,243.55, 245.00,245.05,252.61,353708,893.49,11376, 57152, 16.16
KOPRAN, EQ, 18-Dec-2019,32.25,32.3,32.4,30.55, 30.60,30.75,31.13,81236,25.29,1013, 32840, 40.43
KOTAKBANK, EQ, 18-Dec-2019,1713.3,1719.0,1725.95,1706.3, 1724.00,1724.35,1716.96,4592668,78854.14,127031, 3261383, 71.01
KOTAKBKETF, EQ, 18-Dec-2019,329.45,329.39,330.0,327.71, 330.00,329.8,328.61,42894,140.95,226, 31669, 73.83
KOTAKGOLD, EQ, 18-Dec-2019,336.25,337.3,337.35,335.35, 336.70,336.4,336.01,16615,55.83,325, 11341, 68.26
KOTAKNIFTY, EQ, 18-Dec-2019,125.73,125.95,126.3,125.56, 126.30,126.15,125.93,115913,145.97,284, 72574, 62.61
KOTAKNV20, EQ, 18-Dec-2019,57.88,57.1,58.47,57.1, 58.40,58.24,58.23,16372,9.53,114, 14165, 86.52
KOTAKPSUBK, EQ, 18-Dec-2019,255.27,253.72,253.99,249.01, 251.40,251.33,250.15,4672,11.69,132, 2068, 44.26
KOTARISUG, EQ, 18-Dec-2019,9.65,9.7,9.85,9.65, 9.75,9.75,9.8,10207,1.0,51, 7226, 70.79
KOTHARIPET, EQ, 18-Dec-2019,15.85,16.3,16.3,15.9, 15.90,15.9,15.91,517,0.08,4, 517, 100.00
KOTHARIPRO, EQ, 18-Dec-2019,59.3,60.85,60.9,59.2, 59.35,59.35,59.48,1186,0.71,35, 1072, 90.39
KPITTECH, EQ, 18-Dec-2019,92.1,93.1,93.15,89.2, 91.00,91.75,91.97,168688,155.14,1873, 142084, 84.23
KPRMILL, EQ, 18-Dec-2019,665.3,675.0,685.05,667.4, 670.65,672.05,673.6,17100,115.19,825, 15280, 89.36
KRBL, EQ, 18-Dec-2019,221.55,223.0,265.85,223.0, 265.85,264.6,252.79,2618138,6618.46,41450, 378820, 14.47
KREBSBIO, EQ, 18-Dec-2019,89.8,89.85,89.85,84.3, 85.00,85.1,84.95,439,0.37,18, 410, 93.39
KSB, EQ, 18-Dec-2019,648.3,646.0,652.7,641.95, 646.80,648.65,648.41,3584,23.24,1452, 2743, 76.53
KSCL, EQ, 18-Dec-2019,471.05,471.2,478.0,468.55, 476.05,476.4,474.68,25002,118.68,1344, 9010, 36.04
KSL, EQ, 18-Dec-2019,225.5,224.9,231.0,223.3, 229.05,228.85,228.86,88694,202.98,2816, 43088, 48.58
KTIL, EQ, 18-Dec-2019,28.25,29.45,29.45,27.0, 28.95,28.3,28.08,15148,4.25,189, 8121, 53.61
KTKBANK, EQ, 18-Dec-2019,71.5,71.75,72.1,71.2, 71.70,71.65,71.59,559154,400.31,5548, 231266, 41.36
KUANTUM, EQ, 18-Dec-2019,480.75,460.65,475.25,460.0, 460.00,461.75,462.68,236,1.09,49, 140, 59.32
L&TFH, EQ, 18-Dec-2019,118.25,118.25,118.6,115.75, 116.25,116.45,116.7,7560607,8822.9,31614, 1619585, 21.42
LAKSHVILAS, EQ, 18-Dec-2019,18.55,18.6,18.7,18.4, 18.50,18.5,18.51,2001459,370.4,1054, 1911414, 95.50
LALPATHLAB, EQ, 18-Dec-2019,1464.0,1465.0,1507.6,1465.0, 1488.00,1489.3,1489.77,99515,1482.54,9921, 48108, 48.34
LAMBODHARA, EQ, 18-Dec-2019,28.7,29.5,31.0,27.95, 30.70,30.2,29.59,14890,4.41,415, 6674, 44.82
LAOPALA, EQ, 18-Dec-2019,144.75,144.0,144.55,138.2, 141.00,142.25,141.22,65662,92.73,1418, 45146, 68.76
LASA, EQ, 18-Dec-2019,17.75,17.6,18.0,16.9, 17.50,17.25,17.47,44976,7.86,89, 29657, 65.94
LAURUSLABS, EQ, 18-Dec-2019,348.05,350.0,356.9,349.2, 356.45,355.95,353.55,52111,184.24,1227, 38129, 73.17
LAXMIMACH, EQ, 18-Dec-2019,3229.55,3238.8,3268.0,3232.3, 3250.05,3250.1,3251.66,2795,90.88,675, 2300, 82.29
LEMONTREE, EQ, 18-Dec-2019,59.85,60.15,60.25,58.1, 58.45,58.6,59.25,432500,256.28,5883, 160386, 37.08
LFIC, EQ, 18-Dec-2019,48.35,52.7,52.7,50.15, 51.60,50.85,51.7,14,0.01,5, 12, 85.71
LGBBROSLTD, EQ, 18-Dec-2019,241.45,243.95,247.0,239.0, 240.15,240.2,241.95,12560,30.39,645, 9878, 78.65
LGBFORGE, EQ, 18-Dec-2019,2.25,2.3,2.35,2.2, 2.30,2.35,2.29,12371,0.28,33, 9551, 77.20
LIBERTSHOE, EQ, 18-Dec-2019,139.3,138.9,139.0,133.05, 133.95,133.35,135.09,179590,242.6,2856, 92678, 51.61
LICHSGFIN, EQ, 18-Dec-2019,443.1,443.1,449.75,437.55, 441.90,442.25,441.8,3691867,16310.79,68989, 1482123, 40.15
LICNETFGSC, EQ, 18-Dec-2019,19.79,19.9,20.13,19.61, 19.81,19.88,20.01,949,0.19,32, 347, 36.56
LICNETFN50, EQ, 18-Dec-2019,126.0,128.0,128.15,124.35, 127.99,126.41,125.65,138,0.17,68, 63, 45.65
LICNFNHGP, EQ, 18-Dec-2019,124.7,128.99,129.95,126.0, 129.95,129.95,127.33,349,0.44,7, 238, 68.19
LINCOLN, EQ, 18-Dec-2019,182.65,182.9,187.9,181.1, 181.55,181.75,183.71,22402,41.15,650, 9163, 40.90
LINCPEN, EQ, 18-Dec-2019,193.0,188.45,194.95,188.45, 194.95,192.65,191.8,10129,19.43,265, 7432, 73.37
LINDEINDIA, EQ, 18-Dec-2019,669.55,664.05,694.5,656.0, 684.25,686.2,679.85,211076,1435.0,9623, 50348, 23.85
LIQUIDBEES, EQ, 18-Dec-2019,1000.0,1000.01,1000.01,999.99, 999.99,1000.0,1000.0,669597,6695.95,3912, 525730, 78.51
LIQUIDETF, EQ, 18-Dec-2019,1000.0,999.99,1000.01,999.99, 1000.00,1000.0,1000.0,16560,165.6,114, 8214, 49.60
LOKESHMACH, EQ, 18-Dec-2019,34.35,34.15,34.75,34.0, 34.05,34.1,34.39,21248,7.31,67, 21064, 99.13
LOTUSEYE, EQ, 18-Dec-2019,23.0,23.0,23.45,22.6, 23.35,23.35,23.18,999,0.23,19, 606, 60.66
LOVABLE, EQ, 18-Dec-2019,68.3,68.95,71.9,67.7, 71.35,70.65,70.31,34553,24.29,1216, 17553, 50.80
LPDC, EQ, 18-Dec-2019,1.65,1.65,1.65,1.6, 1.60,1.6,1.64,7109,0.12,11, 7109, 100.00
LSIL, EQ, 18-Dec-2019,0.5,0.55,0.55,0.45, 0.50,0.5,0.49,684858,3.36,198, 506466, 73.95
LT, EQ, 18-Dec-2019,1317.95,1324.75,1325.95,1314.6, 1318.25,1319.35,1318.95,2961222,39057.14,95865, 1520780, 51.36
LTI, EQ, 18-Dec-2019,1649.0,1648.0,1665.15,1636.5, 1646.50,1649.1,1653.12,131624,2175.91,3980, 114656, 87.11
LTTS, EQ, 18-Dec-2019,1499.1,1513.95,1513.95,1490.05, 1496.05,1498.15,1500.35,87798,1317.28,5070, 68366, 77.87
LUMAXIND, EQ, 18-Dec-2019,1197.45,1195.0,1195.0,1157.3, 1165.10,1173.1,1176.6,1420,16.71,357, 657, 46.27
LUMAXTECH, EQ, 18-Dec-2019,94.85,95.5,95.5,92.75, 93.80,93.6,93.61,10980,10.28,312, 6622, 60.31
LUPIN, EQ, 18-Dec-2019,754.35,755.5,767.9,753.8, 766.80,766.35,763.29,1247090,9518.94,21733, 224843, 18.03
LUXIND, EQ, 18-Dec-2019,1415.8,1424.0,1437.9,1397.5, 1407.00,1420.55,1416.77,47216,668.94,2933, 7041, 14.91
LYKALABS, EQ, 18-Dec-2019,18.65,20.4,22.35,20.2, 22.35,22.35,21.96,512686,112.57,1638, 144453, 28.18
LYPSAGEMS, EQ, 18-Dec-2019,3.85,3.75,4.2,3.75, 4.05,3.95,3.94,16310,0.64,76, 13358, 81.90
M&M, EQ, 18-Dec-2019,505.85,506.9,524.9,506.5, 524.00,522.65,519.01,10092679,52382.37,149720, 3545202, 35.13
M&MFIN, EQ, 18-Dec-2019,321.7,321.7,323.7,316.5, 322.75,321.9,320.1,2401550,7687.43,40415, 966039, 40.23
M100, EQ, 18-Dec-2019,17.74,17.66,17.96,17.66, 17.96,17.9,17.86,72299,12.91,4640, 62648, 86.65
M50, EQ, 18-Dec-2019,119.1,119.0,119.41,118.85, 119.41,119.41,119.19,127,0.15,40, 127, 100.00
MAANALU, EQ, 18-Dec-2019,58.9,59.3,63.6,58.25, 58.85,58.95,59.13,10445,6.18,226, 1713, 16.40
MADHAV, EQ, 18-Dec-2019,25.6,25.25,25.95,25.25, 25.95,25.95,25.57,858,0.22,14, 842, 98.14
MADHUCON, EQ, 18-Dec-2019,3.55,3.55,3.7,3.4, 3.45,3.45,3.5,14778,0.52,33, 13630, 92.23
MADRASFERT, EQ, 18-Dec-2019,19.0,19.25,19.45,18.9, 19.20,19.2,19.11,47322,9.04,602, 25230, 53.32
MAGADSUGAR, EQ, 18-Dec-2019,102.2,104.45,105.85,101.7, 103.80,104.4,103.93,48103,49.99,547, 23654, 49.17
MAGMA, EQ, 18-Dec-2019,53.25,53.1,54.4,51.1, 52.95,53.25,52.79,200730,105.96,1100, 151022, 75.24
MAHABANK, EQ, 18-Dec-2019,11.6,11.65,11.75,11.55, 11.70,11.65,11.66,238854,27.84,884, 125341, 52.48
MAHASTEEL, EQ, 18-Dec-2019,106.15,106.1,107.85,102.25, 102.35,104.2,105.15,10749,11.3,261, 9590, 89.22
MAHESHWARI, EQ, 18-Dec-2019,223.7,227.35,229.0,223.5, 224.70,227.95,226.31,63822,144.44,659, 23053, 36.12
MAHINDCIE, EQ, 18-Dec-2019,160.5,161.7,163.25,158.0, 159.10,158.75,160.54,123239,197.85,2403, 47450, 38.50
MAHLIFE, EQ, 18-Dec-2019,401.75,401.85,401.85,387.7, 391.00,389.05,392.66,43828,172.1,2579, 20408, 46.56
MAHLOG, EQ, 18-Dec-2019,370.9,371.7,379.9,371.7, 372.50,373.75,374.75,10564,39.59,1860, 6030, 57.08
MAHSCOOTER, EQ, 18-Dec-2019,4434.05,4428.55,4524.6,4395.05, 4515.00,4489.3,4447.23,3052,135.73,622, 2550, 83.55
MAHSEAMLES, EQ, 18-Dec-2019,371.15,372.95,372.95,369.0, 369.80,370.95,370.41,6619,24.52,721, 4971, 75.10
MAITHANALL, EQ, 18-Dec-2019,458.2,458.2,473.05,455.0, 463.10,463.15,464.79,15753,73.22,819, 8853, 56.20
MAJESCO, EQ, 18-Dec-2019,402.8,402.1,404.95,389.1, 391.20,390.8,394.27,35686,140.7,1646, 22459, 62.94
MALUPAPER, EQ, 18-Dec-2019,29.75,29.35,29.35,27.2, 27.80,27.75,27.9,188738,52.66,1448, 80661, 42.74
MAN50ETF, EQ, 18-Dec-2019,122.95,123.4,123.8,123.35, 123.80,123.8,123.74,157,0.19,7, 145, 92.36
MANAKALUCO, EQ, 18-Dec-2019,4.2,4.45,4.45,4.15, 4.15,4.15,4.25,9806,0.42,30, 9224, 94.06
MANAKCOAT, EQ, 18-Dec-2019,4.2,4.25,4.25,3.85, 3.90,3.9,3.94,5803,0.23,29, 3843, 66.22
MANAKSIA, EQ, 18-Dec-2019,33.35,33.4,33.5,32.75, 32.75,32.9,33.2,18621,6.18,71, 18011, 96.72
MANAKSTEEL, EQ, 18-Dec-2019,8.0,8.1,8.75,7.5, 8.45,8.3,8.23,16246,1.34,227, 8544, 52.59
MANALIPETC, EQ, 18-Dec-2019,17.55,17.65,17.65,17.2, 17.25,17.25,17.35,38337,6.65,223, 26676, 69.58
MANAPPURAM, EQ, 18-Dec-2019,171.95,171.8,172.3,169.75, 171.25,171.75,171.08,1206522,2064.14,5826, 221922, 18.39
MANGALAM, EQ, 18-Dec-2019,28.15,29.0,29.0,27.7, 28.00,28.35,28.49,6145,1.75,58, 4277, 69.60
MANGCHEFER, EQ, 18-Dec-2019,28.3,27.75,28.55,27.65, 28.35,28.0,28.03,7070,1.98,79, 5363, 75.86
MANGLMCEM, EQ, 18-Dec-2019,266.9,266.95,268.0,265.4, 268.00,267.55,267.07,4528,12.09,225, 1426, 31.49
MANINDS, EQ, 18-Dec-2019,44.2,44.4,44.4,42.2, 42.35,42.35,43.1,97753,42.13,1002, 53997, 55.24
MANINFRA, EQ, 18-Dec-2019,23.55,24.0,24.0,23.1, 23.10,23.4,23.46,78082,18.32,555, 67779, 86.80
MANUGRAPH, EQ, 18-Dec-2019,14.6,13.75,15.0,13.75, 14.80,14.7,14.49,10157,1.47,68, 5418, 53.34
MARALOVER, EQ, 18-Dec-2019,14.2,14.7,14.85,14.2, 14.70,14.7,14.46,8390,1.21,30, 8237, 98.18
MARATHON, EQ, 18-Dec-2019,73.7,74.95,88.0,74.95, 77.35,77.15,77.56,3130,2.43,68, 2052, 65.56
MARICO, EQ, 18-Dec-2019,329.55,331.2,339.85,330.0, 338.50,338.8,336.66,2671082,8992.34,35124, 1383039, 51.78
MARKSANS, EQ, 18-Dec-2019,18.3,18.15,18.15,17.1, 17.25,17.25,17.56,3456159,607.03,7636, 1369619, 39.63
MARUTI, EQ, 18-Dec-2019,7195.15,7220.0,7254.95,7164.0, 7240.05,7240.65,7209.42,841740,60684.61,61450, 308996, 36.71
MASFIN, EQ, 18-Dec-2019,809.85,816.85,816.9,795.0, 799.70,798.15,805.77,9980,80.42,1092, 5373, 53.84
MASTEK, EQ, 18-Dec-2019,432.75,429.0,447.0,424.1, 430.05,434.8,436.36,523499,2284.32,15082, 67570, 12.91
MATRIMONY, EQ, 18-Dec-2019,480.0,478.0,481.9,466.5, 467.00,467.55,475.23,1424,6.77,337, 121, 8.50
MAWANASUG, EQ, 18-Dec-2019,31.85,33.65,33.7,32.65, 32.80,32.85,33.01,201665,66.57,1251, 70226, 34.82
MAXINDIA, EQ, 18-Dec-2019,76.1,76.3,77.2,76.0, 76.45,76.5,76.31,34186,26.09,537, 19537, 57.15
MAXVIL, EQ, 18-Dec-2019,44.9,44.65,47.85,44.15, 45.75,45.85,45.71,240667,110.01,1238, 213234, 88.60
MAYURUNIQ, EQ, 18-Dec-2019,216.95,215.25,219.0,213.15, 215.55,216.6,215.97,6346,13.71,370, 3069, 48.36
MAZDA, EQ, 18-Dec-2019,383.95,384.3,386.5,377.1, 381.05,381.75,382.27,3917,14.97,345, 2175, 55.53
MBLINFRA, EQ, 18-Dec-2019,4.35,4.4,4.55,4.2, 4.40,4.4,4.37,11522,0.5,34, 5691, 49.39
MCDHOLDING, EQ, 18-Dec-2019,16.4,16.15,17.05,16.05, 16.70,16.85,16.73,6299,1.05,65, 5453, 86.57
MCDOWELL-N, EQ, 18-Dec-2019,583.8,586.9,595.8,574.15, 594.00,593.85,585.38,1884891,11033.82,46984, 863831, 45.83
MCLEODRUSS, EQ, 18-Dec-2019,5.05,5.2,5.2,4.8, 4.80,4.8,4.86,880950,42.83,1234, 542312, 61.56
MCX, EQ, 18-Dec-2019,1147.2,1145.0,1160.5,1139.45, 1160.50,1158.7,1154.11,142444,1643.96,6061, 47750, 33.52
MEGASOFT, EQ, 18-Dec-2019,6.45,6.2,6.5,6.15, 6.50,6.3,6.29,8530,0.54,67, 5491, 64.37
MEGH, EQ, 18-Dec-2019,49.4,49.75,49.75,48.65, 49.00,48.9,49.0,276022,135.25,2534, 126907, 45.98
MENONBE, EQ, 18-Dec-2019,55.25,56.0,58.5,56.0, 58.20,58.1,57.67,34580,19.94,3948, 22395, 64.76
MEP, EQ, 18-Dec-2019,39.6,39.6,41.5,39.4, 40.25,40.6,40.54,84368,34.2,1088, 24720, 29.30
MERCATOR, EQ, 18-Dec-2019,1.0,1.0,1.0,0.95, 0.95,0.95,0.95,503769,4.8,124, 369477, 73.34
METALFORGE, EQ, 18-Dec-2019,5.05,5.0,5.3,4.95, 5.00,5.1,5.11,20981,1.07,160, 16307, 77.72
METROPOLIS, EQ, 18-Dec-2019,1288.55,1305.0,1320.0,1282.45, 1314.90,1306.5,1300.28,43552,566.3,5246, 27640, 63.46
MFSL, EQ, 18-Dec-2019,510.1,510.0,541.0,503.5, 538.40,533.15,523.5,3576058,18720.76,44814, 1109982, 31.04
MGL, EQ, 18-Dec-2019,1071.75,1075.0,1083.0,1057.05, 1066.60,1071.05,1069.97,600847,6428.89,21733, 119335, 19.86
MHRIL, EQ, 18-Dec-2019,213.85,215.0,217.8,213.95, 217.00,216.3,216.25,23481,50.78,818, 16032, 68.28
MIDHANI, EQ, 18-Dec-2019,153.2,153.5,156.5,152.15, 154.50,154.15,154.49,460843,711.97,3095, 298380, 64.75
MINDACORP, EQ, 18-Dec-2019,91.1,91.95,92.0,90.1, 90.25,90.7,90.99,56273,51.2,1032, 33645, 59.79
MINDAIND, EQ, 18-Dec-2019,340.3,340.4,343.0,336.0, 338.05,338.0,337.57,105253,355.3,8540, 65365, 62.10
MINDTECK, EQ, 18-Dec-2019,27.55,28.3,29.2,26.4, 26.70,27.75,27.63,4811,1.33,224, 3839, 79.80
MINDTREE, EQ, 18-Dec-2019,772.4,772.4,785.9,760.0, 761.70,766.8,777.94,992906,7724.23,18322, 82220, 8.28
MIRCELECTR, EQ, 18-Dec-2019,6.8,6.6,7.1,6.6, 7.10,7.05,6.96,145568,10.13,256, 107767, 74.03
MIRZAINT, EQ, 18-Dec-2019,57.1,57.5,57.65,56.25, 56.35,56.5,56.83,89629,50.94,819, 45511, 50.78
MMFL, EQ, 18-Dec-2019,337.35,344.8,344.8,333.05, 335.00,338.8,338.76,3578,12.12,323, 1683, 47.04
MMTC, EQ, 18-Dec-2019,19.45,19.8,22.9,19.5, 20.35,20.4,20.85,6822456,1422.68,14332, 1879462, 27.55
MOHOTAIND, EQ, 18-Dec-2019,8.95,9.35,9.35,9.1, 9.35,9.35,9.35,10402,0.97,97, 9975, 95.90
MOIL, EQ, 18-Dec-2019,137.45,138.5,143.2,137.7, 143.00,142.6,141.7,406880,576.55,7228, 196717, 48.35
MOLDTECH, EQ, 18-Dec-2019,46.8,46.55,47.9,45.65, 46.40,46.2,46.47,4013,1.86,101, 2554, 63.64
MOLDTKPAC, EQ, 18-Dec-2019,285.45,287.85,289.05,284.65, 285.10,285.35,285.73,13711,39.18,1253, 9827, 71.67
MONTECARLO, EQ, 18-Dec-2019,257.45,260.9,266.9,256.05, 262.20,262.9,261.24,10448,27.29,555, 4634, 44.35
MORARJEE, EQ, 18-Dec-2019,12.5,12.6,12.6,12.15, 12.60,12.6,12.56,565,0.07,11, 522, 92.39
MOREPENLAB, EQ, 18-Dec-2019,16.7,16.75,16.8,15.95, 16.10,16.05,16.29,600398,97.81,1423, 316636, 52.74
MOTHERSUMI, EQ, 18-Dec-2019,142.05,142.0,148.3,140.05, 146.50,147.0,144.61,11328157,16382.08,57961, 2984372, 26.34
MOTILALOFS, EQ, 18-Dec-2019,763.8,763.8,772.0,752.05, 754.00,757.8,762.33,35069,267.34,1731, 14613, 41.67
MOTOGENFIN, EQ, 18-Dec-2019,36.0,39.6,39.6,33.8, 36.00,36.05,35.86,587,0.21,25, 307, 52.30
MPHASIS, EQ, 18-Dec-2019,870.1,869.0,869.0,862.05, 865.00,864.95,864.45,122718,1060.84,6570, 96894, 78.96
MPSLTD, EQ, 18-Dec-2019,463.9,463.9,470.9,463.9, 467.00,468.1,467.12,2602,12.15,265, 1143, 43.93
MRF, EQ, 18-Dec-2019,64703.75,64603.15,64929.95,64000.0, 64150.00,64126.9,64172.84,8346,5355.87,5081, 4865, 58.29
MRPL, EQ, 18-Dec-2019,42.7,42.6,42.8,39.65, 41.95,41.5,41.26,1050253,433.36,6021, 539525, 51.37
MSPL, EQ, 18-Dec-2019,5.3,4.8,5.55,4.8, 5.20,5.2,5.35,4309,0.23,57, 1730, 40.15
MSTCLTD, EQ, 18-Dec-2019,143.25,143.9,145.85,138.4, 144.00,143.75,142.07,157381,223.6,2833, 51294, 32.59
MTEDUCARE, EQ, 18-Dec-2019,15.85,15.95,16.4,15.0, 15.00,15.05,15.52,35623,5.53,294, 32541, 91.35
MTNL, EQ, 18-Dec-2019,9.05,9.45,9.5,9.0, 9.20,9.2,9.3,2707491,251.79,2595, 1026811, 37.92
MUKANDENGG, EQ, 18-Dec-2019,12.0,12.4,12.45,12.0, 12.00,12.0,12.15,3023,0.37,24, 1860, 61.53
MUKANDLTD, EQ, 18-Dec-2019,28.25,28.3,28.4,28.05, 28.15,28.15,28.18,3790,1.07,39, 2543, 67.10
MUKTAARTS, EQ, 18-Dec-2019,37.3,36.3,37.35,36.15, 36.70,36.6,36.78,7544,2.77,173, 4192, 55.57
MUNJALAU, EQ, 18-Dec-2019,47.15,46.8,49.4,46.2, 46.60,47.0,47.96,1188982,570.26,7094, 282231, 23.74
MUNJALSHOW, EQ, 18-Dec-2019,123.0,124.0,124.5,121.55, 121.55,122.0,122.55,6820,8.36,252, 3825, 56.09
MURUDCERA, EQ, 18-Dec-2019,15.5,15.85,16.0,15.5, 15.80,15.55,15.76,18298,2.88,125, 10907, 59.61
MUTHOOTCAP, EQ, 18-Dec-2019,490.1,498.5,498.5,479.4, 489.00,486.7,486.47,5491,26.71,453, 3364, 61.26
MUTHOOTFIN, EQ, 18-Dec-2019,717.2,717.2,720.25,708.0, 715.35,715.15,712.75,439512,3132.64,14856, 157747, 35.89
N100, EQ, 18-Dec-2019,599.52,598.95,599.99,594.96, 598.00,596.06,598.04,6687,39.99,208, 6035, 90.25
NACLIND, EQ, 18-Dec-2019,25.65,25.2,26.1,25.2, 25.35,25.4,25.68,7362,1.89,84, 5381, 73.09
NAGREEKCAP, EQ, 18-Dec-2019,7.55,7.25,7.9,7.25, 7.90,7.9,7.62,2236,0.17,13, 1211, 54.16
NAGREEKEXP, EQ, 18-Dec-2019,13.3,13.1,13.3,13.0, 13.00,13.0,13.05,1263,0.16,20, 1131, 89.55
NAHARCAP, EQ, 18-Dec-2019,69.5,71.85,71.85,69.8, 70.00,70.0,69.99,642,0.45,19, 590, 91.90
NAHARINDUS, EQ, 18-Dec-2019,20.8,20.4,20.95,20.1, 20.50,20.5,20.57,7846,1.61,343, 5240, 66.79
NAHARPOLY, EQ, 18-Dec-2019,31.2,30.6,32.5,30.6, 31.65,31.65,31.62,735,0.23,21, 618, 84.08
NAHARSPING, EQ, 18-Dec-2019,41.55,41.15,42.5,41.1, 41.70,41.6,42.01,5058,2.12,72, 3896, 77.03
NATCOPHARM, EQ, 18-Dec-2019,582.55,582.1,587.0,577.4, 583.65,584.6,582.35,27409,159.62,1523, 13567, 49.50
NATHBIOGEN, EQ, 18-Dec-2019,358.3,356.05,358.3,350.55, 353.10,355.8,354.3,8606,30.49,439, 5515, 64.08
NATIONALUM, EQ, 18-Dec-2019,42.5,42.9,43.05,42.2, 42.40,42.4,42.53,9954686,4233.46,26187, 3053516, 30.67
NAUKRI, EQ, 18-Dec-2019,2606.1,2616.0,2641.85,2585.0, 2618.00,2629.8,2620.26,217623,5702.29,24973, 114548, 52.64
NAVINFLUOR, EQ, 18-Dec-2019,945.75,943.0,973.0,943.0, 970.00,960.95,952.07,81751,778.33,4640, 60964, 74.57
NAVKARCORP, EQ, 18-Dec-2019,29.95,30.0,30.6,29.5, 29.65,29.8,30.09,61176,18.41,582, 36369, 59.45
NAVNETEDUL, EQ, 18-Dec-2019,87.4,88.0,90.7,86.9, 89.30,89.3,89.09,46554,41.47,1034, 24973, 53.64
NBCC, EQ, 18-Dec-2019,35.25,35.95,36.3,35.1, 35.30,35.3,35.54,17026784,6051.9,26965, 2843725, 16.70
NBIFIN, EQ, 18-Dec-2019,1474.85,1430.0,1460.0,1430.0, 1460.00,1460.0,1450.0,30,0.44,3, 20, 66.67
NBVENTURES, EQ, 18-Dec-2019,68.3,68.1,71.35,66.55, 68.25,69.9,68.5,141357,96.83,984, 100474, 71.08
NCC, EQ, 18-Dec-2019,53.4,54.0,54.95,52.7, 54.30,54.25,53.96,16722370,9023.22,37067, 1846129, 11.04
NCLIND, EQ, 18-Dec-2019,83.85,83.85,85.0,82.5, 83.70,83.65,83.43,36730,30.65,480, 14485, 39.44
NDGL, EQ, 18-Dec-2019,580.5,580.5,592.95,547.25, 561.00,571.2,569.59,76,0.43,14, 61, 80.26
NDL, EQ, 18-Dec-2019,27.5,27.25,27.5,27.1, 27.45,27.45,27.36,6926,1.9,68, 5034, 72.68
NDTV, EQ, 18-Dec-2019,26.45,27.8,27.8,26.2, 26.45,26.55,26.64,1877,0.5,90, 1526, 81.30
NECCLTD, EQ, 18-Dec-2019,5.35,5.3,5.35,5.2, 5.25,5.25,5.29,16528,0.87,48, 13760, 83.25
NECLIFE, EQ, 18-Dec-2019,13.55,13.45,13.85,12.85, 12.85,12.95,13.13,67302,8.84,545, 41196, 61.21
NELCAST, EQ, 18-Dec-2019,54.2,54.2,58.0,53.75, 54.50,54.8,55.35,1205684,667.38,9356, 287427, 23.84
NELCO, EQ, 18-Dec-2019,228.5,229.35,230.95,225.6, 225.90,226.6,227.91,20059,45.72,749, 10344, 51.57
NEOGEN, EQ, 18-Dec-2019,359.25,364.75,366.0,358.0, 358.00,358.7,360.69,1900,6.85,157, 1232, 64.84
NESCO, EQ, 18-Dec-2019,633.75,636.0,639.9,629.35, 637.00,636.7,637.01,22973,146.34,1462, 13049, 56.80
NESTLEIND, EQ, 18-Dec-2019,14149.15,14200.0,14280.0,14055.4, 14260.00,14191.1,14152.97,93716,13263.59,25423, 53492, 57.08
NETF, EQ, 18-Dec-2019,123.36,123.44,123.44,123.44, 123.44,123.44,123.44,9,0.01,1, 9, 100.00
NETFCONSUM, EQ, 18-Dec-2019,52.2,52.29,52.34,51.9, 52.14,52.14,52.11,1342,0.7,10, 618, 46.05
NETFDIVOPP, EQ, 18-Dec-2019,29.07,29.07,29.28,29.01, 29.01,29.01,29.04,1528,0.44,8, 1475, 96.53
NETFLTGILT, EQ, 18-Dec-2019,19.89,19.98,19.98,19.88, 19.91,19.91,19.94,1045,0.21,7, 628, 60.10
NETFMID150, EQ, 18-Dec-2019,62.63,62.6,62.6,62.16, 62.42,62.42,62.43,40777,25.46,28, 40390, 99.05
NETFNIF100, EQ, 18-Dec-2019,126.0,125.73,126.63,125.73, 126.63,126.63,125.74,179,0.23,2, 178, 99.44
NETFNV20, EQ, 18-Dec-2019,582.93,582.9,583.0,578.07, 579.24,579.26,580.64,688,3.99,33, 659, 95.78
NEULANDLAB, EQ, 18-Dec-2019,391.55,392.0,395.9,387.25, 388.95,388.15,390.2,13120,51.19,832, 7287, 55.54
NEWGEN, EQ, 18-Dec-2019,194.15,197.35,200.0,195.15, 200.00,199.35,198.12,13888,27.51,640, 10582, 76.20
NEXTMEDIA, EQ, 18-Dec-2019,9.15,9.1,9.6,8.85, 9.05,9.35,9.12,17863,1.63,102, 10284, 57.57
NFL, EQ, 18-Dec-2019,25.6,25.85,25.85,25.1, 25.25,25.25,25.39,119402,30.32,593, 60330, 50.53
NH, EQ, 18-Dec-2019,306.4,307.9,314.95,300.25, 303.00,305.8,309.21,144213,445.93,4562, 43774, 30.35
NHPC, EQ, 18-Dec-2019,24.0,23.9,24.15,23.9, 24.05,24.05,24.04,1280579,307.84,2164, 680892, 53.17
NIACL, EQ, 18-Dec-2019,133.65,143.1,144.85,140.15, 141.70,141.75,142.45,1249194,1779.49,14451, 281926, 22.57
NIBL, EQ, 18-Dec-2019,6.95,7.0,7.0,7.0, 7.00,7.0,7.0,330,0.02,203, 330, 100.00
NIFTYBEES, EQ, 18-Dec-2019,1286.16,1289.95,1294.32,1282.1, 1292.69,1292.54,1289.64,21946,283.03,1103, 16942, 77.20
NIFTYEES, EQ, 18-Dec-2019,15150.0,15627.92,15627.92,15225.0, 15225.00,15225.0,15426.46,2,0.31,2, 1, 50.00
NIITLTD, EQ, 18-Dec-2019,100.8,99.9,100.0,98.55, 98.75,98.85,99.21,522252,518.14,8036, 349530, 66.93
NIITTECH, EQ, 18-Dec-2019,1604.95,1604.45,1628.9,1580.0, 1595.00,1602.6,1607.92,2154599,34644.22,72876, 153714, 7.13
NILAINFRA, EQ, 18-Dec-2019,4.4,4.4,4.4,4.1, 4.30,4.3,4.27,149225,6.37,308, 83598, 56.02
NILASPACES, EQ, 18-Dec-2019,1.3,1.4,1.4,1.3, 1.35,1.35,1.39,205990,2.86,102, 194255, 94.30
NILKAMAL, EQ, 18-Dec-2019,1272.85,1288.85,1288.85,1246.7, 1285.00,1276.9,1263.88,7324,92.57,978, 2347, 32.05
NIPPOBATRY, EQ, 18-Dec-2019,470.65,470.05,476.95,467.4, 471.85,471.55,470.55,626,2.95,92, 526, 84.03
NITCO, EQ, 18-Dec-2019,28.7,30.0,30.05,28.5, 29.40,29.05,29.41,46737,13.75,247, 31256, 66.88
NITINSPIN, EQ, 18-Dec-2019,49.35,48.4,49.95,48.4, 49.00,49.05,48.91,12808,6.26,708, 8297, 64.78
NLCINDIA, EQ, 18-Dec-2019,54.25,54.4,54.65,54.05, 54.50,54.45,54.31,81440,44.23,751, 46873, 57.56
NMDC, EQ, 18-Dec-2019,117.2,118.3,120.45,117.4, 120.40,119.95,119.13,12138296,14460.54,48634, 3379092, 27.84
NOCIL, EQ, 18-Dec-2019,100.3,100.3,102.1,99.55, 99.95,100.05,100.57,566415,569.64,4619, 232974, 41.13
NOIDATOLL, EQ, 18-Dec-2019,3.0,3.05,3.1,2.95, 3.05,3.0,3.0,246926,7.41,69, 241900, 97.96
NPBET, EQ, 18-Dec-2019,179.98,180.05,180.66,180.05, 180.66,180.66,180.11,555,1.0,2, 555, 100.00
NRAIL, EQ, 18-Dec-2019,217.05,217.0,217.0,203.1, 204.30,204.3,205.98,23127,47.64,1028, 11897, 51.44
NRBBEARING, EQ, 18-Dec-2019,96.1,96.85,98.0,94.05, 94.45,94.5,95.77,17235,16.51,636, 10339, 59.99
NSIL, EQ, 18-Dec-2019,749.75,725.05,789.0,725.05, 732.00,772.45,769.33,2710,20.85,256, 2236, 82.51
NTPC, EQ, 18-Dec-2019,115.55,115.0,116.25,113.8, 114.00,114.15,114.59,8626400,9884.74,83533, 5557085, 64.42
NUCLEUS, EQ, 18-Dec-2019,286.1,286.15,288.7,272.55, 277.70,279.5,284.03,32823,93.23,802, 22216, 67.68
NXTDIGITAL, EQ, 18-Dec-2019,377.85,381.4,382.9,375.0, 375.00,375.0,375.94,798,3.0,47, 682, 85.46
OAL, EQ, 18-Dec-2019,177.8,176.0,179.35,170.5, 177.95,177.25,174.03,6088,10.6,163, 5213, 85.63
OBEROIRLTY, EQ, 18-Dec-2019,514.35,515.85,523.85,515.0, 518.00,517.1,519.46,240549,1249.55,5878, 157770, 65.59
OCCL, EQ, 18-Dec-2019,980.6,980.65,1028.25,976.0, 1009.95,1014.4,996.14,3232,32.2,478, 2461, 76.14
OFSS, EQ, 18-Dec-2019,2950.85,2951.5,2959.9,2895.05, 2940.20,2947.55,2948.35,12268,361.7,3117, 9714, 79.18
OIL, EQ, 18-Dec-2019,151.75,151.85,152.55,150.55, 151.80,151.6,151.64,391623,593.84,4110, 118947, 30.37
OILCOUNTUB, EQ, 18-Dec-2019,5.8,5.8,5.95,5.6, 5.80,5.75,5.71,4512,0.26,55, 3396, 75.27
OISL, EQ, 18-Dec-2019,3.05,3.15,3.15,2.95, 3.00,3.0,3.01,39192,1.18,34, 39132, 99.85
OLECTRA, EQ, 18-Dec-2019,182.0,184.3,184.3,180.1, 183.70,183.75,182.78,27605,50.46,545, 20882, 75.65
OMAXAUTO, EQ, 18-Dec-2019,45.45,45.4,47.0,44.45, 47.00,45.75,45.72,14591,6.67,219, 8465, 58.02
OMAXE, EQ, 18-Dec-2019,154.5,154.85,155.9,153.55, 153.80,154.1,154.11,187551,289.04,2215, 81086, 43.23
OMMETALS, EQ, 18-Dec-2019,22.5,22.5,22.7,21.6, 21.90,21.85,21.99,15351,3.38,381, 11837, 77.11
ONELIFECAP, EQ, 18-Dec-2019,5.8,5.65,5.95,5.55, 5.70,5.7,5.67,10716,0.61,16, 10315, 96.26
ONEPOINT, EQ, 18-Dec-2019,13.3,13.8,13.95,13.3, 13.95,13.95,13.82,41076,5.68,136, 23612, 57.48
ONGC, EQ, 18-Dec-2019,125.3,125.6,125.65,124.15, 125.20,125.1,124.83,6687482,8347.81,45239, 3813215, 57.02
ONMOBILE, EQ, 18-Dec-2019,32.7,32.95,33.0,31.75, 31.95,31.85,32.19,128590,41.39,672, 103296, 80.33
ONWARDTEC, EQ, 18-Dec-2019,65.9,66.5,67.5,65.4, 66.05,66.3,66.55,1330,0.89,77, 1035, 77.82
OPTIEMUS, EQ, 18-Dec-2019,27.6,28.25,28.95,26.25, 28.85,28.85,28.38,8218,2.33,81, 6503, 79.13
OPTOCIRCUI, EQ, 18-Dec-2019,3.05,3.1,3.1,3.0, 3.05,3.05,3.07,262729,8.06,323, 215532, 82.04
ORBTEXP, EQ, 18-Dec-2019,86.9,86.15,88.15,84.5, 84.50,85.0,86.09,1395,1.2,168, 842, 60.36
ORICONENT, EQ, 18-Dec-2019,17.45,17.6,17.6,17.0, 17.15,17.2,17.27,70129,12.11,168, 14745, 21.03
ORIENTABRA, EQ, 18-Dec-2019,15.85,15.8,16.25,15.8, 16.25,16.1,16.03,17628,2.83,107, 15505, 87.96
ORIENTALTL, EQ, 18-Dec-2019,10.2,10.25,10.25,9.7, 9.70,9.7,9.97,3522,0.35,44, 2717, 77.14
ORIENTBANK, EQ, 18-Dec-2019,53.95,54.2,54.45,52.6, 53.40,53.3,53.34,626306,334.05,5038, 156502, 24.99
ORIENTBELL, EQ, 18-Dec-2019,132.25,131.0,133.55,129.5, 133.00,130.4,130.63,74301,97.06,821, 56367, 75.86
ORIENTCEM, EQ, 18-Dec-2019,73.4,73.0,73.4,70.7, 70.80,71.0,71.77,298670,214.37,2088, 265615, 88.93
ORIENTELEC, EQ, 18-Dec-2019,185.1,186.75,197.8,183.3, 194.60,195.15,187.1,1178861,2205.68,5985, 1029252, 87.31
ORIENTHOT, EQ, 18-Dec-2019,34.95,34.8,35.05,34.0, 34.45,34.45,34.59,21014,7.27,408, 11520, 54.82
ORIENTLTD, EQ, 18-Dec-2019,93.4,90.45,97.85,90.45, 95.00,93.95,94.19,1463,1.38,87, 117, 8.00
ORIENTPPR, EQ, 18-Dec-2019,28.5,28.65,28.7,27.0, 27.00,27.1,27.41,1023157,280.41,3698, 431146, 42.14
ORIENTREF, EQ, 18-Dec-2019,230.15,230.85,238.95,228.65, 231.20,231.5,233.6,45915,107.26,1652, 16247, 35.38
ORISSAMINE, EQ, 18-Dec-2019,1320.4,1329.85,1364.0,1315.0, 1323.50,1320.7,1333.7,18964,252.92,2926, 4790, 25.26
ORTINLABSS, EQ, 18-Dec-2019,8.7,8.8,10.4,8.8, 10.40,10.4,10.23,214944,21.98,1422, 80314, 37.37
OSWALAGRO, EQ, 18-Dec-2019,5.0,5.0,5.2,4.85, 5.00,5.0,5.01,13153,0.66,82, 6850, 52.08
PAGEIND, EQ, 18-Dec-2019,22205.9,22276.95,22348.0,22000.0, 22255.45,22183.8,22160.56,13266,2939.82,5841, 4667, 35.18
PAISALO, EQ, 18-Dec-2019,438.45,436.0,444.95,425.1, 444.00,434.15,434.14,80805,350.81,1143, 724, 0.90
PALASHSECU, EQ, 18-Dec-2019,27.5,29.2,29.2,25.2, 26.20,26.2,26.5,1689,0.45,25, 443, 26.23
PALREDTEC, EQ, 18-Dec-2019,15.35,15.05,16.1,15.0, 16.10,16.1,15.8,6394,1.01,32, 5447, 85.19
PANACEABIO, EQ, 18-Dec-2019,112.3,113.35,130.75,112.05, 123.75,125.2,125.33,371008,464.98,8291, 56663, 15.27
PANAMAPET, EQ, 18-Dec-2019,58.5,60.5,60.5,58.0, 58.45,58.5,58.48,39355,23.01,188, 37799, 96.05
PAPERPROD, EQ, 18-Dec-2019,266.0,266.0,269.0,255.7, 257.20,257.6,259.28,25682,66.59,839, 9905, 38.57
PARACABLES, EQ, 18-Dec-2019,8.35,8.35,8.75,8.35, 8.35,8.4,8.46,41306,3.49,152, 26944, 65.23
PARAGMILK, EQ, 18-Dec-2019,138.8,139.0,142.0,137.75, 139.50,140.1,139.71,103871,145.12,2866, 43808, 42.18
PARSVNATH, EQ, 18-Dec-2019,1.9,1.95,2.0,1.85, 2.00,1.95,1.91,806670,15.41,331, 431035, 53.43
PATELENG, EQ, 18-Dec-2019,14.05,15.2,15.8,14.6, 14.65,14.7,15.0,483785,72.56,1490, 200264, 41.40
PATINTLOG, EQ, 18-Dec-2019,19.3,19.45,20.25,19.0, 19.85,19.85,19.82,10585,2.1,82, 7028, 66.40
PATSPINLTD, EQ, 18-Dec-2019,5.2,5.4,5.4,5.05, 5.10,5.05,5.16,4635,0.24,13, 4532, 97.78
PCJEWELLER, EQ, 18-Dec-2019,25.85,24.1,25.1,24.0, 24.60,24.6,24.62,7368843,1813.86,22076, 1551305, 21.05
PDMJEPAPER, EQ, 18-Dec-2019,14.9,14.8,14.95,14.2, 14.25,14.25,14.47,103307,14.95,340, 64668, 62.60
PDSMFL, EQ, 18-Dec-2019,324.0,324.0,324.0,320.0, 320.00,320.15,322.96,3827,12.36,158, 3232, 84.45
PEL, EQ, 18-Dec-2019,1659.8,1670.15,1671.2,1622.0, 1638.00,1638.55,1643.74,717087,11787.03,25564, 96366, 13.44
PENIND, EQ, 18-Dec-2019,27.55,27.5,27.8,26.7, 27.00,27.0,27.06,206623,55.92,1194, 166383, 80.52
PENINLAND, EQ, 18-Dec-2019,3.95,4.0,4.15,3.95, 4.10,4.1,4.06,187704,7.61,156, 139775, 74.47
PERSISTENT, EQ, 18-Dec-2019,673.15,680.95,698.7,671.1, 679.00,674.9,685.52,162040,1110.82,5364, 80744, 49.83
PETRONET, EQ, 18-Dec-2019,278.15,278.45,279.55,275.3, 277.55,278.0,276.64,2684545,7426.54,29983, 2203195, 82.07
PFC, EQ, 18-Dec-2019,114.75,114.7,115.6,112.4, 113.30,113.3,113.57,2218119,2519.09,11235, 555513, 25.04
PFIZER, EQ, 18-Dec-2019,4374.75,4361.2,4400.0,4293.1, 4299.10,4307.15,4346.93,20849,906.29,2569, 7016, 33.65
PFOCUS, EQ, 18-Dec-2019,42.65,42.75,44.0,42.1, 43.00,43.0,42.86,6699,2.87,141, 4738, 70.73
PFS, EQ, 18-Dec-2019,13.25,13.25,13.25,13.0, 13.00,13.05,13.12,164810,21.62,448, 91292, 55.39
PGEL, EQ, 18-Dec-2019,38.7,39.0,42.0,39.0, 40.15,40.35,41.06,197941,81.28,2051, 72476, 36.61
PGHH, EQ, 18-Dec-2019,11320.35,11375.0,11422.95,11267.2, 11300.00,11349.95,11327.13,6053,685.63,695, 5190, 85.74
PGHL, EQ, 18-Dec-2019,3966.3,3971.1,3984.4,3783.0, 3938.05,3926.75,3878.85,60794,2358.11,12653, 30001, 49.35
PGIL, EQ, 18-Dec-2019,158.05,167.0,167.0,152.4, 153.55,154.85,158.82,4782,7.59,245, 4024, 84.15
PHILIPCARB, EQ, 18-Dec-2019,111.05,111.65,112.85,111.2, 112.30,112.0,112.03,427660,479.13,5904, 166168, 38.86
PHOENIXLTD, EQ, 18-Dec-2019,773.25,773.0,790.45,757.1, 767.20,775.65,772.88,40145,310.27,2276, 22449, 55.92
PIDILITIND, EQ, 18-Dec-2019,1327.55,1328.8,1373.0,1327.75, 1367.00,1364.7,1357.57,993482,13487.18,35512, 228261, 22.98
PIIND, EQ, 18-Dec-2019,1498.2,1498.2,1498.2,1475.0, 1485.00,1483.65,1488.26,29452,438.32,2773, 14893, 50.57
PILANIINVS, EQ, 18-Dec-2019,1715.85,1733.5,1768.7,1718.0, 1721.00,1731.1,1722.15,3172,54.63,216, 114, 3.59
PILITA, EQ, 18-Dec-2019,5.9,5.7,6.0,5.6, 5.80,5.7,5.83,84220,4.91,93, 47175, 56.01
PIONDIST, EQ, 18-Dec-2019,119.0,119.0,120.9,117.0, 117.25,118.2,119.09,4466,5.32,105, 2775, 62.14
PIONEEREMB, EQ, 18-Dec-2019,29.8,30.1,32.0,29.25, 29.90,29.95,29.91,22184,6.63,432, 12787, 57.64
PITTIENG, EQ, 18-Dec-2019,42.55,42.05,43.0,41.25, 42.10,42.2,42.62,6405,2.73,116, 4282, 66.85
PLASTIBLEN, EQ, 18-Dec-2019,172.95,171.05,182.0,171.05, 181.75,179.3,177.32,4630,8.21,243, 3141, 67.84
PNB, EQ, 18-Dec-2019,64.7,64.65,64.65,62.7, 63.40,63.2,63.34,15891877,10065.42,36915, 1846720, 11.62
PNBGILTS, EQ, 18-Dec-2019,27.8,27.9,28.15,27.7, 27.70,27.85,27.9,52492,14.65,300, 28964, 55.18
PNBHOUSING, EQ, 18-Dec-2019,445.95,447.0,447.0,432.4, 433.30,433.95,437.14,411157,1797.34,12140, 121702, 29.60
PNC, EQ, 18-Dec-2019,14.2,14.6,14.6,13.95, 13.95,13.95,14.2,414,0.06,14, 276, 66.67
PNCINFRA, EQ, 18-Dec-2019,197.05,196.65,199.0,192.5, 193.30,194.45,194.47,135642,263.78,4698, 76825, 56.64
PODDARHOUS, EQ, 18-Dec-2019,310.2,320.0,320.0,320.0, 320.00,320.0,320.0,5,0.02,2, 5, 100.00
PODDARMENT, EQ, 18-Dec-2019,162.8,163.5,163.5,156.5, 160.00,159.85,160.85,3114,5.01,199, 2459, 78.97
POKARNA, EQ, 18-Dec-2019,96.35,97.85,98.5,94.0, 95.00,94.75,95.94,17197,16.5,293, 12791, 74.38
POLYCAB, EQ, 18-Dec-2019,975.15,975.0,979.9,953.25, 963.00,963.75,967.31,99498,962.45,5468, 46484, 46.72
POLYMED, EQ, 18-Dec-2019,205.55,205.95,214.45,205.8, 207.90,209.65,209.66,10228,21.44,369, 8951, 87.51
POLYPLEX, EQ, 18-Dec-2019,495.45,496.0,499.0,483.0, 483.30,487.05,493.46,38066,187.84,1452, 25491, 66.97
PONNIERODE, EQ, 18-Dec-2019,148.9,150.0,155.9,146.5, 149.70,151.4,152.23,8232,12.53,235, 5535, 67.24
POWERGRID, EQ, 18-Dec-2019,188.05,187.05,189.0,186.15, 186.75,187.2,187.5,5680887,10651.63,53542, 4158687, 73.20
POWERMECH, EQ, 18-Dec-2019,621.35,627.2,627.45,605.0, 615.00,611.2,612.92,18776,115.08,662, 2559, 13.63
PPAP, EQ, 18-Dec-2019,168.05,172.0,172.0,167.3, 169.95,168.8,168.86,5420,9.15,162, 3737, 68.95
PPL, EQ, 18-Dec-2019,67.5,67.0,70.8,66.9, 67.05,67.4,68.81,11607,7.99,337, 8478, 73.04
PRABHAT, EQ, 18-Dec-2019,87.45,87.0,88.05,86.6, 87.00,87.5,87.18,11691,10.19,106, 6210, 53.12
PRAENG, EQ, 18-Dec-2019,6.05,6.2,6.35,6.05, 6.30,6.3,6.25,3675,0.23,10, 2675, 72.79
PRAJIND, EQ, 18-Dec-2019,101.85,102.4,103.7,101.15, 101.30,101.5,102.45,568666,582.62,4725, 160255, 28.18
PRAKASH, EQ, 18-Dec-2019,42.55,42.6,46.2,42.35, 45.30,45.05,44.88,875557,392.96,5097, 446800, 51.03
PRAXIS, EQ, 18-Dec-2019,59.35,59.05,60.9,59.0, 60.00,59.95,59.54,954,0.57,36, 794, 83.23
PRECOT, EQ, 18-Dec-2019,25.2,27.0,27.0,24.5, 24.90,24.9,24.78,6986,1.73,48, 3778, 54.08
PRECWIRE, EQ, 18-Dec-2019,140.5,141.45,143.45,138.15, 142.80,142.3,140.27,2942,4.13,262, 2018, 68.59
PREMEXPLN, EQ, 18-Dec-2019,142.6,141.05,143.9,137.35, 137.35,138.3,140.28,4662,6.54,231, 3861, 82.82
PREMIERPOL, EQ, 18-Dec-2019,18.9,18.8,18.9,17.6, 17.75,17.7,18.03,241,0.04,37, 133, 55.19
PRESSMN, EQ, 18-Dec-2019,19.9,19.9,20.2,19.85, 20.00,19.95,20.03,2497,0.5,42, 2118, 84.82
PRESTIGE, EQ, 18-Dec-2019,328.05,331.5,365.8,331.05, 359.00,360.0,351.7,2154869,7578.6,40042, 292932, 13.59
PRICOLLTD, EQ, 18-Dec-2019,47.2,48.0,54.2,48.0, 48.95,49.75,51.6,2479358,1279.28,14769, 667137, 26.91
PRIMESECU, EQ, 18-Dec-2019,41.5,41.25,42.0,41.0, 41.15,41.2,41.52,3410,1.42,110, 3232, 94.78
PROZONINTU, EQ, 18-Dec-2019,18.95,19.8,19.85,18.05, 18.50,18.75,18.73,82506,15.46,1685, 67286, 81.55
PRSMJOHNSN, EQ, 18-Dec-2019,61.1,61.1,61.95,60.95, 61.30,61.5,61.2,134543,82.34,1863, 99434, 73.90
PSB, EQ, 18-Dec-2019,19.15,19.4,19.75,19.05, 19.15,19.1,19.21,21789,4.19,179, 15583, 71.52
PSPPROJECT, EQ, 18-Dec-2019,505.7,512.0,512.0,502.3, 505.00,505.35,508.62,11018,56.04,494, 7029, 63.80
PSUBNKBEES, EQ, 18-Dec-2019,281.43,284.0,286.0,275.75, 277.96,276.32,278.13,1464,4.07,104, 1282, 87.57
PTC, EQ, 18-Dec-2019,54.3,54.7,55.0,54.3, 54.50,54.55,54.67,423246,231.38,6364, 263094, 62.16
PTL, EQ, 18-Dec-2019,36.05,37.0,37.0,36.05, 36.10,36.15,36.11,5421,1.96,46, 3508, 64.71
PUNJABCHEM, EQ, 18-Dec-2019,474.1,477.9,489.85,468.0, 468.10,468.25,476.62,1359,6.48,128, 873, 64.24
PURVA, EQ, 18-Dec-2019,56.65,56.0,56.85,55.05, 55.30,55.6,55.71,69554,38.75,742, 37123, 53.37
PVR, EQ, 18-Dec-2019,1793.6,1795.0,1830.95,1793.35, 1823.05,1823.45,1818.19,541397,9843.6,23808, 135786, 25.08
QGOLDHALF, EQ, 18-Dec-2019,1666.35,1671.0,1675.0,1669.0, 1673.00,1672.7,1671.62,750,12.54,80, 481, 64.13
QNIFTY, EQ, 18-Dec-2019,1242.0,1249.0,1250.0,1249.0, 1250.00,1250.0,1249.45,11,0.14,3, 11, 100.00
QUESS, EQ, 18-Dec-2019,493.05,497.55,519.7,494.25, 507.60,506.8,507.92,389939,1980.59,13670, 151875, 38.95
QUICKHEAL, EQ, 18-Dec-2019,126.4,127.0,129.5,124.8, 125.60,125.75,126.8,159473,202.21,3407, 64569, 40.49
RADICO, EQ, 18-Dec-2019,298.25,298.25,303.85,294.5, 300.00,300.65,298.21,260019,775.41,7716, 129575, 49.83
RADIOCITY, EQ, 18-Dec-2019,28.6,28.5,28.55,27.65, 28.20,28.0,28.14,49221,13.85,291, 38702, 78.63
RAIN, EQ, 18-Dec-2019,95.5,95.95,96.85,94.8, 94.80,95.2,95.68,413649,395.8,4518, 167639, 40.53
RAJESHEXPO, EQ, 18-Dec-2019,691.15,691.4,703.0,680.0, 690.00,693.25,692.3,177749,1230.55,6374, 48746, 27.42
RAJSREESUG, EQ, 18-Dec-2019,17.0,17.5,17.95,16.9, 17.00,17.0,17.14,9386,1.61,191, 6895, 73.46
RAJTV, EQ, 18-Dec-2019,41.95,42.0,42.4,41.5, 42.00,42.0,41.92,2470,1.04,42, 2366, 95.79
RALLIS, EQ, 18-Dec-2019,167.3,167.6,174.5,167.5, 170.85,170.2,171.6,211278,362.55,6665, 85199, 40.33
RAMANEWS, EQ, 18-Dec-2019,14.2,14.9,14.9,13.55, 13.95,14.0,13.96,19737,2.75,189, 12201, 61.82
RAMASTEEL, EQ, 18-Dec-2019,36.65,36.95,43.75,35.9, 42.65,42.65,41.31,68442,28.28,869, 26559, 38.81
RAMCOCEM, EQ, 18-Dec-2019,771.5,774.95,774.95,762.4, 770.00,771.0,766.44,535236,4102.28,7103, 415707, 77.67
RAMCOIND, EQ, 18-Dec-2019,181.6,183.0,185.65,178.5, 178.50,180.3,181.3,12716,23.05,319, 5524, 43.44
RAMCOSYS, EQ, 18-Dec-2019,143.65,146.0,150.0,144.0, 147.05,147.55,147.78,37029,54.72,1086, 20300, 54.82
RAMKY, EQ, 18-Dec-2019,31.1,31.1,34.2,31.1, 33.35,33.4,33.3,386092,128.59,2648, 109018, 28.24
RANEENGINE, EQ, 18-Dec-2019,203.55,202.0,220.9,202.0, 205.50,208.2,213.17,6065,12.93,381, 1532, 25.26
RANEHOLDIN, EQ, 18-Dec-2019,693.1,699.85,745.35,684.25, 704.00,705.35,712.52,5557,39.59,686, 2085, 37.52
RATNAMANI, EQ, 18-Dec-2019,997.6,1000.0,1007.0,985.35, 999.10,1004.8,995.86,26234,261.25,1111, 2560, 9.76
RAYMOND, EQ, 18-Dec-2019,679.15,684.7,684.7,670.0, 671.80,672.9,675.59,221483,1496.32,7297, 61412, 27.73
RBL, EQ, 18-Dec-2019,481.95,484.7,514.0,478.45, 509.10,504.95,497.96,31345,156.09,2810, 8213, 26.20
RBLBANK, EQ, 18-Dec-2019,340.65,339.55,345.15,333.0, 343.55,342.4,337.54,8511977,28731.73,83473, 830724, 9.76
RCF, EQ, 18-Dec-2019,45.9,45.9,46.05,45.1, 45.45,45.55,45.53,550160,250.46,2908, 169019, 30.72
RECLTD, EQ, 18-Dec-2019,138.0,138.25,138.6,135.65, 136.95,136.85,137.12,1840432,2523.57,17417, 545082, 29.62
REDINGTON, EQ, 18-Dec-2019,116.95,115.05,119.0,115.05, 116.90,117.3,117.13,118856,139.21,3455, 47638, 40.08
REFEX, EQ, 18-Dec-2019,57.1,57.95,57.95,56.0, 56.00,56.15,56.54,37002,20.92,469, 19631, 53.05
RELAXO, EQ, 18-Dec-2019,607.6,608.8,610.7,600.0, 603.25,603.25,604.58,72595,438.9,7609, 42222, 58.16
RELCAPITAL, EQ, 18-Dec-2019,11.9,12.45,12.45,11.35, 11.65,11.7,12.06,8002764,964.83,10147, 3117472, 38.95
RELIANCE, EQ, 18-Dec-2019,1562.7,1563.0,1580.0,1562.0, 1577.15,1575.85,1569.63,6739582,105786.62,220134, 3537553, 52.49
RELIGARE, EQ, 18-Dec-2019,43.85,45.4,46.0,44.55, 46.00,46.0,45.86,256312,117.53,847, 135648, 52.92
RELINFRA, EQ, 18-Dec-2019,23.3,24.45,24.45,22.15, 22.15,22.2,23.22,6311426,1465.41,11742, 3052772, 48.37
REMSONSIND, EQ, 18-Dec-2019,71.15,76.0,76.0,70.0, 71.00,72.2,72.79,2438,1.77,17, 1210, 49.63
RENUKA, EQ, 18-Dec-2019,7.75,8.0,8.1,7.75, 7.80,7.8,7.89,1295566,102.17,1292, 690967, 53.33
REPCOHOME, EQ, 18-Dec-2019,322.1,322.7,340.0,314.45, 338.25,337.1,328.62,179861,591.05,7166, 64210, 35.70
REPRO, EQ, 18-Dec-2019,655.25,661.0,665.4,650.55, 659.80,652.7,656.64,2889,18.97,409, 2594, 89.79
RESPONIND, EQ, 18-Dec-2019,89.05,91.0,91.0,88.5, 88.50,89.45,89.11,89526,79.77,2837, 7702, 8.60
REVATHI, EQ, 18-Dec-2019,341.9,343.05,359.35,340.05, 340.10,340.85,342.42,698,2.39,59, 502, 71.92
RGL, EQ, 18-Dec-2019,323.55,317.0,324.0,294.4, 314.20,320.05,316.29,7287,23.05,217, 4970, 68.20
RHFL, EQ, 18-Dec-2019,2.75,2.75,2.85,2.65, 2.65,2.65,2.74,7074796,194.18,1170, 4125651, 58.31
RICOAUTO, EQ, 18-Dec-2019,48.6,47.2,48.25,46.5, 47.10,47.25,47.13,653264,307.91,3653, 212103, 32.47
RIIL, EQ, 18-Dec-2019,302.7,304.3,312.7,301.6, 303.75,303.65,306.49,491653,1506.89,9921, 98870, 20.11
RITES, EQ, 18-Dec-2019,279.0,280.75,282.25,276.05, 281.00,280.35,279.84,189135,529.27,5871, 94874, 50.16
RKDL, EQ, 18-Dec-2019,5.9,5.95,5.95,5.55, 5.75,5.6,5.68,16598,0.94,26, 11580, 69.77
RKFORGE, EQ, 18-Dec-2019,328.85,326.35,348.0,326.15, 342.50,342.2,344.56,235062,809.92,1619, 221892, 94.40
RMCL, EQ, 18-Dec-2019,3.95,4.1,4.1,4.1, 4.10,4.1,4.1,26712,1.1,27, 26712, 100.00
RML, EQ, 18-Dec-2019,233.4,235.3,252.0,233.0, 244.50,244.6,244.5,34808,85.11,998, 20336, 58.42
RNAM, EQ, 18-Dec-2019,343.4,345.0,345.75,333.1, 337.00,336.7,338.22,1053333,3562.61,24978, 474761, 45.07
ROHLTD, EQ, 18-Dec-2019,73.2,78.0,79.7,75.45, 76.25,78.1,77.1,697507,537.75,6271, 127854, 18.33
ROLLT, EQ, 18-Dec-2019,1.5,1.6,1.65,1.35, 1.35,1.35,1.4,205282,2.87,100, 129716, 63.19
RPGLIFE, EQ, 18-Dec-2019,300.3,300.25,304.0,296.2, 297.30,297.6,299.51,20176,60.43,928, 7584, 37.59
RPOWER, EQ, 18-Dec-2019,3.55,3.65,3.7,3.4, 3.40,3.4,3.48,22950516,798.58,4258, 11427706, 49.79
RPPINFRA, EQ, 18-Dec-2019,71.65,70.95,73.55,70.95, 72.50,72.4,72.41,10574,7.66,54, 9804, 92.72
RSSOFTWARE, EQ, 18-Dec-2019,18.6,18.25,18.75,18.0, 18.00,18.1,18.16,10679,1.94,631, 9141, 85.60
RSWM, EQ, 18-Dec-2019,92.25,92.3,92.55,88.0, 89.00,89.5,90.37,8588,7.76,249, 7069, 82.31
RSYSTEMS, EQ, 18-Dec-2019,67.0,67.3,73.0,67.3, 71.50,71.25,71.38,318652,227.45,4815, 126471, 39.69
RTNPOWER, EQ, 18-Dec-2019,2.0,1.95,2.0,1.95, 2.00,2.0,1.97,522402,10.31,340, 452181, 86.56
RUBYMILLS, EQ, 18-Dec-2019,185.65,193.05,193.05,184.55, 188.65,186.1,189.24,2337,4.42,214, 1595, 68.25
RUCHIRA, EQ, 18-Dec-2019,82.4,84.0,84.05,77.75, 78.90,79.15,80.0,62077,49.66,904, 26009, 41.90
RUPA, EQ, 18-Dec-2019,186.05,186.2,187.7,184.0, 184.55,185.75,186.05,9407,17.5,427, 4060, 43.16
RUSHIL, EQ, 18-Dec-2019,121.75,121.0,125.5,121.0, 125.45,125.15,124.39,2217,2.76,133, 1092, 49.26
RVNL, EQ, 18-Dec-2019,23.25,23.25,23.4,23.15, 23.20,23.2,23.24,971864,225.83,4674, 550610, 56.66
SABTN, EQ, 18-Dec-2019,1.45,1.45,1.45,1.4, 1.40,1.4,1.42,16208,0.23,23, 16208, 100.00
SADBHAV, EQ, 18-Dec-2019,118.35,119.0,119.45,115.1, 115.40,115.65,116.42,86441,100.63,1572, 60902, 70.45
SADBHIN, EQ, 18-Dec-2019,39.9,39.3,39.4,38.4, 38.90,38.45,38.98,4846,1.89,94, 3534, 72.93
SAFARI, EQ, 18-Dec-2019,638.55,647.95,654.0,621.6, 626.10,632.45,635.5,13465,85.57,1417, 5861, 43.53
SAGCEM, EQ, 18-Dec-2019,494.5,491.0,500.0,490.9, 499.00,495.1,495.75,1229,6.09,93, 812, 66.07
SAIL, EQ, 18-Dec-2019,40.85,40.7,41.5,40.3, 40.90,41.05,40.97,35192583,14418.82,42151, 3078592, 8.75
SAKHTISUG, EQ, 18-Dec-2019,8.6,8.9,9.2,8.5, 8.50,8.6,8.76,39059,3.42,154, 24861, 63.65
SAKSOFT, EQ, 18-Dec-2019,203.0,204.0,205.8,201.0, 204.90,204.85,203.83,3977,8.11,281, 3132, 78.75
SAKUMA, EQ, 18-Dec-2019,7.15,7.15,7.3,7.0, 7.10,7.05,7.14,220276,15.73,1402, 168504, 76.50
SALASAR, EQ, 18-Dec-2019,101.9,101.05,103.9,101.0, 101.50,101.9,101.88,2782,2.83,102, 2126, 76.42
SALONA, EQ, 18-Dec-2019,65.6,68.45,68.45,62.25, 63.00,64.4,63.73,713,0.45,12, 519, 72.79
SALSTEEL, EQ, 18-Dec-2019,2.6,2.7,2.7,2.5, 2.50,2.5,2.54,5878,0.15,23, 3878, 65.97
SALZERELEC, EQ, 18-Dec-2019,102.35,103.4,110.0,101.55, 105.65,104.8,103.91,16275,16.91,915, 8382, 51.50
SAMBHAAV, EQ, 18-Dec-2019,2.8,2.75,2.85,2.75, 2.85,2.85,2.77,13765,0.38,27, 13465, 97.82
SANCO, EQ, 18-Dec-2019,13.6,13.65,13.95,13.1, 13.60,13.3,13.57,50179,6.81,262, 19529, 38.92
SANDESH, EQ, 18-Dec-2019,565.0,556.0,567.0,556.0, 561.00,559.6,561.76,410,2.3,135, 309, 75.37
SANDHAR, EQ, 18-Dec-2019,240.05,241.05,241.05,236.1, 236.10,236.25,237.39,1050,2.49,149, 745, 70.95
SANGHIIND, EQ, 18-Dec-2019,35.65,36.0,36.2,35.25, 36.00,36.0,35.7,34472,12.31,648, 17327, 50.26
SANGHVIFOR, EQ, 18-Dec-2019,25.15,24.55,25.95,24.4, 24.45,24.55,24.55,475,0.12,19, 313, 65.89
SANGHVIMOV, EQ, 18-Dec-2019,76.6,77.0,79.2,75.75, 78.80,78.0,76.69,16138,12.38,229, 12269, 76.03
SANOFI, EQ, 18-Dec-2019,6870.35,6870.35,6969.0,6850.0, 6900.00,6908.75,6927.45,3596,249.11,784, 1398, 38.88
SANWARIA, EQ, 18-Dec-2019,1.8,1.8,1.85,1.75, 1.85,1.8,1.81,2405618,43.51,610, 1369171, 56.92
SARDAEN, EQ, 18-Dec-2019,182.15,182.95,197.85,181.5, 190.85,191.85,192.57,179435,345.54,4133, 75769, 42.23
SAREGAMA, EQ, 18-Dec-2019,423.95,425.05,425.9,422.0, 425.00,424.45,423.74,4554,19.3,304, 2885, 63.35
SARLAPOLY, EQ, 18-Dec-2019,19.15,19.2,21.75,19.15, 21.55,21.35,20.78,125038,25.99,556, 82907, 66.31
SASKEN, EQ, 18-Dec-2019,594.7,594.65,597.65,592.0, 592.00,593.85,595.65,1584,9.44,140, 1351, 85.29
SASTASUNDR, EQ, 18-Dec-2019,68.9,70.0,74.0,68.05, 74.00,72.2,71.49,2157,1.54,222, 1185, 54.94
SATHAISPAT, EQ, 18-Dec-2019,1.6,1.65,1.65,1.65, 1.65,1.65,1.65,6186,0.1,5, 6186, 100.00
SATIA, EQ, 18-Dec-2019,90.55,88.95,92.8,85.5, 87.30,88.25,88.57,66422,58.83,1328, 17758, 26.74
SATIN, EQ, 18-Dec-2019,207.7,209.15,213.0,202.4, 203.30,202.85,205.66,120096,246.99,2474, 90640, 75.47
SBIETFQLTY, EQ, 18-Dec-2019,98.0,96.0,99.0,96.0, 98.65,98.96,98.6,1821,1.8,65, 1750, 96.10
SBILIFE, EQ, 18-Dec-2019,972.55,975.0,976.6,959.0, 965.00,964.75,964.86,628845,6067.48,29735, 446057, 70.93
SBIN, EQ, 18-Dec-2019,332.9,335.0,335.55,325.8, 327.20,326.95,328.8,26449075,86964.06,196530, 4879210, 18.45
SCAPDVR, EQ, 18-Dec-2019,0.25,0.2,0.25,0.2, 0.25,0.25,0.21,725754,1.51,98, 575762, 79.33
SCHAEFFLER, EQ, 18-Dec-2019,4449.85,4439.95,4450.0,4320.1, 4427.00,4427.0,4412.46,7546,332.96,1991, 5330, 70.63
SCHNEIDER, EQ, 18-Dec-2019,61.75,62.5,62.5,61.25, 61.95,61.95,61.96,24794,15.36,674, 12985, 52.37
SCI, EQ, 18-Dec-2019,63.85,64.0,64.1,62.0, 62.35,62.3,62.72,1267408,794.94,5270, 423399, 33.41
SEAMECLTD, EQ, 18-Dec-2019,489.95,489.95,492.0,471.6, 474.50,474.9,480.83,1908,9.17,231, 1380, 72.33
SELAN, EQ, 18-Dec-2019,138.0,139.2,139.25,135.2, 136.35,136.25,136.28,9135,12.45,316, 5593, 61.23
SEPOWER, EQ, 18-Dec-2019,2.75,3.1,3.1,2.75, 2.95,2.95,2.96,23278,0.69,22, 19266, 82.76
SEQUENT, EQ, 18-Dec-2019,70.55,70.95,73.0,69.1, 70.05,69.8,71.04,356476,253.23,2202, 158217, 44.38
SESHAPAPER, EQ, 18-Dec-2019,173.3,174.85,175.55,169.05, 170.00,171.05,172.24,25367,43.69,898, 13129, 51.76
SETCO, EQ, 18-Dec-2019,13.55,13.55,14.35,13.3, 14.00,14.0,13.93,125188,17.44,483, 79588, 63.57
SETF10GILT, EQ, 18-Dec-2019,184.0,181.01,181.01,181.01, 181.01,181.01,181.01,2,0.0,2, 1, 50.00
SETFGOLD, EQ, 18-Dec-2019,3415.55,3410.15,3434.45,3410.15, 3429.00,3427.95,3424.42,1218,41.71,131, 938, 77.01
SETFNIF50, EQ, 18-Dec-2019,125.06,128.5,128.5,124.94, 125.63,125.85,125.63,51391,64.56,365, 28430, 55.32
SETFNIFBK, EQ, 18-Dec-2019,324.4,332.0,332.0,323.38, 325.50,325.16,324.11,51210,165.98,174, 48543, 94.79
SETFNN50, EQ, 18-Dec-2019,289.06,286.0,289.0,285.94, 289.00,288.75,288.26,1109,3.2,69, 837, 75.47
SETUINFRA, EQ, 18-Dec-2019,1.0,1.0,1.05,0.95, 1.00,1.0,0.98,47188,0.46,28, 40593, 86.02
SEYAIND, EQ, 18-Dec-2019,93.05,97.7,97.7,97.7, 97.70,97.7,97.7,3611,3.53,42, 3611, 100.00
SFL, EQ, 18-Dec-2019,1276.2,1275.0,1290.25,1263.05, 1270.00,1270.3,1272.75,2105,26.79,263, 1450, 68.88
SGL, EQ, 18-Dec-2019,5.65,5.8,5.9,5.7, 5.90,5.8,5.76,1470,0.08,17, 1469, 99.93
SHAHALLOYS, EQ, 18-Dec-2019,8.25,8.35,8.35,7.8, 7.90,8.0,7.95,3425,0.27,172, 2856, 83.39
SHAKTIPUMP, EQ, 18-Dec-2019,200.9,202.35,202.35,198.0, 199.00,198.7,199.53,14610,29.15,718, 7466, 51.10
SHALBY, EQ, 18-Dec-2019,96.35,97.2,105.4,95.05, 98.20,98.35,100.56,275334,276.87,11850, 136860, 49.71
SHALPAINTS, EQ, 18-Dec-2019,79.8,79.75,81.7,78.95, 80.50,80.7,80.47,20581,16.56,484, 11258, 54.70
SHANKARA, EQ, 18-Dec-2019,292.3,294.55,314.7,290.0, 306.40,306.95,303.65,95731,290.69,3970, 27896, 29.14
SHANTIGEAR, EQ, 18-Dec-2019,99.25,99.0,100.0,97.0, 100.00,99.95,98.6,18248,17.99,479, 12696, 69.57
SHARDACROP, EQ, 18-Dec-2019,212.0,210.0,222.0,210.0, 217.20,216.5,214.72,7313,15.7,717, 3878, 53.03
SHARDAMOTR, EQ, 18-Dec-2019,968.85,966.0,985.35,965.95, 972.00,972.4,975.83,751,7.33,134, 402, 53.53
SHARIABEES, EQ, 18-Dec-2019,253.72,254.5,254.5,254.5, 254.50,254.5,254.5,10,0.03,2, 10, 100.00
SHEMAROO, EQ, 18-Dec-2019,140.9,142.1,142.1,137.0, 137.00,137.7,138.2,5440,7.52,343, 3196, 58.75
SHILPAMED, EQ, 18-Dec-2019,291.95,291.9,303.3,284.0, 296.00,297.2,293.05,10516,30.82,694, 7840, 74.55
SHIRPUR-G, EQ, 18-Dec-2019,6.7,7.0,7.0,6.65, 6.65,6.7,6.91,18531,1.28,101, 12802, 69.08
SHIVAMAUTO, EQ, 18-Dec-2019,23.1,23.15,23.5,22.5, 22.90,22.8,23.09,79556,18.37,866, 34574, 43.46
SHIVAMILLS, EQ, 18-Dec-2019,30.45,30.4,30.4,28.1, 28.90,28.85,28.51,3070,0.88,40, 2751, 89.61
SHIVATEX, EQ, 18-Dec-2019,88.25,85.5,89.0,85.0, 85.00,85.35,86.17,2990,2.58,66, 2772, 92.71
SHK, EQ, 18-Dec-2019,105.3,105.75,115.8,105.0, 112.90,112.75,113.2,230950,261.43,5684, 57766, 25.01
SHOPERSTOP, EQ, 18-Dec-2019,354.15,354.0,355.05,344.6, 347.00,348.0,347.54,14179,49.28,566, 8016, 56.53
SHREDIGCEM, EQ, 18-Dec-2019,23.65,23.65,23.9,22.9, 23.00,22.95,23.19,268830,62.35,773, 187920, 69.90
SHREECEM, EQ, 18-Dec-2019,20595.85,20510.0,20640.0,20133.25, 20349.00,20338.8,20397.51,21054,4294.49,5960, 10497, 49.86
SHREEPUSHK, EQ, 18-Dec-2019,89.45,89.0,91.2,88.9, 90.85,90.5,89.9,4716,4.24,221, 3402, 72.14
SHREERAMA, EQ, 18-Dec-2019,4.55,4.6,4.75,4.5, 4.75,4.75,4.63,2731,0.13,17, 2114, 77.41
SHRENIK, EQ, 18-Dec-2019,37.65,35.0,38.45,35.0, 35.90,36.2,36.53,148738,54.34,821, 43223, 29.06
SHREYANIND, EQ, 18-Dec-2019,113.75,114.0,115.7,111.55, 113.20,113.05,113.33,30720,34.82,415, 16575, 53.96
SHREYAS, EQ, 18-Dec-2019,74.35,74.45,77.8,72.1, 73.90,73.6,74.92,14562,10.91,345, 11119, 76.36
SHRIRAMCIT, EQ, 18-Dec-2019,1401.95,1401.5,1404.2,1393.25, 1400.00,1399.15,1399.86,1069,14.96,166, 775, 72.50
SHRIRAMEPC, EQ, 18-Dec-2019,4.85,4.85,5.0,4.75, 4.80,4.8,4.87,215980,10.51,208, 126177, 58.42
SHYAMCENT, EQ, 18-Dec-2019,2.75,3.0,3.0,2.8, 2.80,2.9,2.94,28964,0.85,37, 18219, 62.90
SICAGEN, EQ, 18-Dec-2019,15.05,14.6,15.85,14.6, 15.40,15.15,15.29,6105,0.93,83, 4505, 73.79
SICAL, EQ, 18-Dec-2019,19.65,20.4,20.6,20.3, 20.60,20.6,20.55,73707,15.15,195, 55446, 75.22
SIEMENS, EQ, 18-Dec-2019,1495.05,1497.6,1515.3,1493.0, 1504.00,1503.4,1504.85,448321,6746.55,20664, 109865, 24.51
SIGIND, EQ, 18-Dec-2019,18.7,19.0,20.25,18.95, 19.60,19.5,19.76,25393,5.02,175, 16496, 64.96
SILINV, EQ, 18-Dec-2019,138.6,137.65,142.7,137.65, 141.50,141.4,140.42,706,0.99,91, 428, 60.62
SIMBHALS, EQ, 18-Dec-2019,6.1,6.2,6.2,5.9, 5.95,5.95,6.02,5614,0.34,24, 4670, 83.18
SIMPLEXINF, EQ, 18-Dec-2019,30.0,28.5,29.8,28.5, 28.50,28.5,28.55,339769,96.99,530, 221803, 65.28
SIS, EQ, 18-Dec-2019,919.35,920.5,923.9,909.05, 916.00,915.8,916.15,2436,22.32,608, 1441, 59.15
SIYSIL, EQ, 18-Dec-2019,225.5,226.95,227.0,224.0, 225.05,224.95,224.68,9627,21.63,213, 9146, 95.00
SJVN, EQ, 18-Dec-2019,24.95,24.9,25.0,24.75, 24.85,24.8,24.92,1190667,296.73,1319, 631388, 53.03
SKFINDIA, EQ, 18-Dec-2019,2130.3,2130.1,2170.0,2127.0, 2140.00,2153.0,2140.62,11897,254.67,567, 9917, 83.36
SKIPPER, EQ, 18-Dec-2019,51.3,52.6,52.6,50.1, 50.60,50.45,50.68,15528,7.87,248, 12914, 83.17
SKMEGGPROD, EQ, 18-Dec-2019,37.95,37.7,41.6,37.7, 40.10,40.0,40.03,125177,50.11,1544, 47577, 38.01
SMARTLINK, EQ, 18-Dec-2019,77.95,77.9,81.8,77.0, 80.30,80.4,79.83,9976,7.96,423, 6037, 60.52
SMLISUZU, EQ, 18-Dec-2019,546.25,550.55,562.0,541.05, 544.00,545.15,548.9,11812,64.84,1072, 5490, 46.48
SMSLIFE, EQ, 18-Dec-2019,269.95,267.8,276.95,258.05, 266.00,264.7,266.14,2154,5.73,251, 1384, 64.25
SMSPHARMA, EQ, 18-Dec-2019,39.7,39.6,40.7,39.5, 39.50,39.55,39.98,13859,5.54,150, 11855, 85.54
SNOWMAN, EQ, 18-Dec-2019,37.75,38.25,39.2,37.35, 39.00,38.8,38.56,454743,175.33,2036, 202241, 44.47
SOBHA, EQ, 18-Dec-2019,397.1,397.6,408.0,392.95, 396.80,397.65,400.88,160306,642.64,6682, 74157, 46.26
SOLARA, EQ, 18-Dec-2019,424.3,426.3,428.9,421.25, 422.00,421.95,423.24,3161,13.38,356, 2155, 68.17
SOLARINDS, EQ, 18-Dec-2019,1050.05,1044.5,1058.0,1040.45, 1051.00,1055.3,1049.3,1295,13.59,203, 740, 57.14
SOMANYCERA, EQ, 18-Dec-2019,214.65,215.2,219.8,210.4, 213.65,212.1,213.02,24951,53.15,547, 15559, 62.36
SOMATEX, EQ, 18-Dec-2019,3.2,3.2,3.35,3.05, 3.35,3.35,3.12,9426,0.29,24, 9421, 99.95
SOMICONVEY, EQ, 18-Dec-2019,12.65,13.55,13.55,12.05, 12.25,12.25,12.54,123,0.02,16, 98, 79.67
SONATSOFTW, EQ, 18-Dec-2019,301.75,302.85,308.0,299.5, 300.15,302.3,303.19,199358,604.43,4512, 144380, 72.42
SORILINFRA, EQ, 18-Dec-2019,107.95,108.4,112.8,107.1, 109.00,108.05,109.67,28757,31.54,1029, 10227, 35.56
SOTL, EQ, 18-Dec-2019,836.6,846.0,855.0,835.7, 845.00,841.45,844.98,731,6.18,152, 384, 52.53
SOUTHBANK, EQ, 18-Dec-2019,10.45,10.5,10.55,10.4, 10.45,10.45,10.47,1540281,161.28,2173, 874460, 56.77
SOUTHWEST, EQ, 18-Dec-2019,18.2,20.45,20.45,18.0, 18.90,18.9,18.26,38829,7.09,26, 38337, 98.73
SPAL, EQ, 18-Dec-2019,208.4,207.2,207.2,202.2, 202.20,203.8,204.21,4314,8.81,373, 3331, 77.21
SPANDANA, EQ, 18-Dec-2019,1201.3,1204.7,1225.0,1182.0, 1184.35,1188.8,1204.33,17788,214.23,1610, 7565, 42.53
SPARC, EQ, 18-Dec-2019,163.95,164.0,165.95,162.0, 162.30,162.7,163.65,716915,1173.26,8084, 217328, 30.31
SPECIALITY, EQ, 18-Dec-2019,62.1,63.3,63.8,62.15, 62.90,62.4,62.55,24588,15.38,299, 16263, 66.14
SPENCERS, EQ, 18-Dec-2019,62.2,62.2,65.0,62.0, 63.20,62.9,62.95,59969,37.75,1737, 41518, 69.23
SPIC, EQ, 18-Dec-2019,18.1,17.95,18.3,17.6, 18.30,18.2,18.18,144203,26.21,485, 135785, 94.16
SPICEJET, EQ, 18-Dec-2019,102.05,101.95,101.95,99.5, 100.00,99.9,100.12,1714570,1716.6,13287, 1329026, 77.51
SPLIL, EQ, 18-Dec-2019,34.85,35.8,36.05,33.6, 35.40,35.0,35.13,49715,17.46,449, 36325, 73.07
SPMLINFRA, EQ, 18-Dec-2019,14.45,14.9,14.9,13.95, 14.20,14.1,14.1,4904,0.69,65, 4309, 87.87
SREEL, EQ, 18-Dec-2019,168.8,168.8,169.0,166.25, 167.85,166.7,168.02,6682,11.23,138, 5377, 80.47
SREINFRA, EQ, 18-Dec-2019,8.1,8.1,8.2,7.9, 8.00,8.0,8.02,586342,47.01,978, 432467, 73.76
SRF, EQ, 18-Dec-2019,3240.3,3238.8,3249.45,3204.0, 3237.00,3228.7,3226.12,114104,3681.13,5481, 23478, 20.58
SRHHYPOLTD, EQ, 18-Dec-2019,97.0,97.0,98.9,95.3, 98.90,98.45,97.09,5831,5.66,86, 4520, 77.52
SRIPIPES, EQ, 18-Dec-2019,160.2,159.95,163.0,158.7, 162.95,161.0,161.06,73291,118.04,1428, 48141, 65.68
SRTRANSFIN, EQ, 18-Dec-2019,1092.85,1100.0,1126.7,1081.05, 1125.00,1113.6,1107.94,835243,9254.02,29892, 288041, 34.49
SSWL, EQ, 18-Dec-2019,764.0,767.55,768.8,761.25, 761.25,766.05,765.35,2401,18.38,139, 1392, 57.98
STAMPEDE, EQ, 18-Dec-2019,0.4,0.4,0.4,0.35, 0.40,0.4,0.37,262183,0.97,56, 160164, 61.09
STAR, EQ, 18-Dec-2019,374.05,375.0,378.85,374.3, 375.55,375.85,376.65,199336,750.8,3432, 40431, 20.28
STARCEMENT, EQ, 18-Dec-2019,88.25,89.0,89.5,88.05, 88.05,89.35,88.8,10020,8.9,339, 5890, 58.78
STARPAPER, EQ, 18-Dec-2019,119.8,116.0,117.4,111.45, 112.10,112.05,113.55,440239,499.87,5968, 190345, 43.24
STCINDIA, EQ, 18-Dec-2019,48.7,49.0,51.1,48.05, 51.10,51.1,50.67,26540,13.45,196, 17526, 66.04
STEELCITY, EQ, 18-Dec-2019,29.0,29.0,29.8,29.0, 29.80,29.8,29.67,600,0.18,2, 600, 100.00
STEL, EQ, 18-Dec-2019,61.65,61.7,61.7,59.0, 60.05,60.1,60.1,4333,2.6,241, 2596, 59.91
STERTOOLS, EQ, 18-Dec-2019,175.05,178.0,178.0,175.05, 175.05,177.15,176.59,2314,4.09,142, 1213, 52.42
STRTECH, EQ, 18-Dec-2019,113.75,113.7,115.6,111.35, 111.95,111.95,113.04,1327027,1500.11,16764, 587284, 44.26
SUBEX, EQ, 18-Dec-2019,5.6,5.65,5.9,5.6, 5.75,5.65,5.69,1035788,58.92,369, 800942, 77.33
SUBROS, EQ, 18-Dec-2019,236.95,234.5,236.75,231.55, 234.00,234.1,233.85,19226,44.96,767, 12726, 66.19
SUDARSCHEM, EQ, 18-Dec-2019,395.6,398.95,400.0,393.0, 395.40,395.1,396.28,43638,172.93,1298, 23370, 53.55
SUMMITSEC, EQ, 18-Dec-2019,423.0,425.05,436.85,416.25, 420.50,420.5,422.0,291,1.23,110, 171, 58.76
SUNCLAYLTD, EQ, 18-Dec-2019,2098.3,2092.15,2092.15,2059.1, 2070.00,2078.75,2079.23,490,10.19,175, 270, 55.10
SUNDARAM, EQ, 18-Dec-2019,1.25,1.2,1.25,1.2, 1.25,1.2,1.22,64268,0.79,112, 50620, 78.76
SUNDARMFIN, EQ, 18-Dec-2019,1679.75,1681.25,1703.0,1638.0, 1656.50,1665.6,1662.73,199768,3321.61,6289, 115471, 57.80
SUNDARMHLD, EQ, 18-Dec-2019,65.2,64.7,65.6,62.6, 63.00,62.95,63.51,43134,27.39,582, 38855, 90.08
SUNDRMBRAK, EQ, 18-Dec-2019,226.1,224.05,230.0,224.0, 228.70,228.7,227.58,572,1.3,92, 365, 63.81
SUNDRMFAST, EQ, 18-Dec-2019,433.2,435.0,435.65,426.5, 430.00,430.15,429.46,134170,576.2,8455, 94932, 70.76
SUNFLAG, EQ, 18-Dec-2019,29.6,29.85,30.45,29.25, 29.55,29.7,29.96,83368,24.98,662, 34725, 41.65
SUNPHARMA, EQ, 18-Dec-2019,429.05,430.0,441.4,427.3, 439.80,439.75,435.75,5341984,23277.94,61223, 1495478, 27.99
SUNTECK, EQ, 18-Dec-2019,403.55,405.1,421.85,405.1, 414.00,416.65,414.95,158544,657.88,4217, 21490, 13.55
SUNTV, EQ, 18-Dec-2019,456.95,458.0,458.95,441.0, 443.50,444.1,445.76,2649989,11812.65,32250, 549394, 20.73
SUPERHOUSE, EQ, 18-Dec-2019,97.55,98.0,104.5,96.0, 99.00,98.8,100.55,183381,184.39,3674, 55989, 30.53
SUPPETRO, EQ, 18-Dec-2019,146.45,144.55,146.75,144.55, 146.50,146.15,145.78,5344,7.79,192, 4454, 83.35
SUPRAJIT, EQ, 18-Dec-2019,172.85,173.1,174.45,168.0, 169.50,169.9,170.81,25321,43.25,459, 14946, 59.03
SUPREMEIND, EQ, 18-Dec-2019,1130.65,1137.9,1138.95,1120.1, 1125.00,1122.05,1125.07,11061,124.44,1031, 4829, 43.66
SUPREMEINF, EQ, 18-Dec-2019,6.85,6.65,7.15,6.65, 7.15,7.15,7.02,1765,0.12,20, 1392, 78.87
SURANASOL, EQ, 18-Dec-2019,5.8,5.8,5.8,5.65, 5.65,5.65,5.71,8429,0.48,29, 8399, 99.64
SURANAT&P, EQ, 18-Dec-2019,3.45,3.35,3.45,3.35, 3.40,3.4,3.35,206,0.01,3, 206, 100.00
SURYALAXMI, EQ, 18-Dec-2019,17.65,18.35,18.35,17.0, 17.75,17.7,17.63,80564,14.2,110, 67423, 83.69
SURYAROSNI, EQ, 18-Dec-2019,155.65,156.0,163.8,155.95, 161.05,160.5,159.64,142954,228.21,1907, 102884, 71.97
SUTLEJTEX, EQ, 18-Dec-2019,30.5,30.95,31.65,30.7, 31.00,30.9,30.97,7299,2.26,37, 6979, 95.62
SUVEN, EQ, 18-Dec-2019,290.7,290.0,296.5,289.9, 294.35,294.95,294.22,347381,1022.06,12648, 153288, 44.13
SUZLON, EQ, 18-Dec-2019,2.0,2.0,2.05,1.95, 2.05,2.0,2.01,10690482,215.18,19340, 6202116, 58.02
SWANENERGY, EQ, 18-Dec-2019,103.05,102.9,104.65,101.7, 104.50,103.3,102.5,89127,91.35,1403, 15220, 17.08
SWARAJENG, EQ, 18-Dec-2019,1072.35,1061.95,1076.55,1061.95, 1063.05,1063.3,1067.93,1974,21.08,160, 1845, 93.47
SWELECTES, EQ, 18-Dec-2019,110.0,114.0,114.0,109.4, 110.60,110.7,111.77,5150,5.76,184, 3473, 67.44
SWSOLAR, EQ, 18-Dec-2019,312.35,310.0,326.9,304.5, 325.00,320.95,318.64,514067,1638.04,5734, 371120, 72.19
SYMPHONY, EQ, 18-Dec-2019,1149.45,1157.0,1168.45,1140.0, 1160.00,1163.5,1157.0,7285,84.29,1153, 4341, 59.59
SYNDIBANK, EQ, 18-Dec-2019,28.55,28.55,28.9,28.0, 28.75,28.3,28.26,503490,142.31,1761, 216895, 43.08
SYNGENE, EQ, 18-Dec-2019,299.9,300.0,304.8,296.95, 304.00,304.0,301.95,157655,476.05,1942, 129083, 81.88
TAINWALCHM, EQ, 18-Dec-2019,49.15,49.15,49.9,49.0, 49.00,49.05,49.41,244,0.12,7, 122, 50.00
TAJGVK, EQ, 18-Dec-2019,164.35,163.95,165.9,160.0, 162.55,162.65,162.8,62168,101.21,1910, 23835, 38.34
TAKE, EQ, 18-Dec-2019,94.0,96.0,96.0,94.15, 94.95,94.95,95.06,78513,74.63,801, 58312, 74.27
TALBROAUTO, EQ, 18-Dec-2019,112.4,112.85,116.75,112.05, 112.25,112.6,113.23,3806,4.31,204, 1630, 42.83
TALWALKARS, EQ, 18-Dec-2019,3.15,3.2,3.2,3.0, 3.00,3.0,3.0,22927,0.69,81, 22727, 99.13
TALWGYM, EQ, 18-Dec-2019,3.0,3.0,3.0,2.9, 2.95,2.95,2.92,14176,0.41,72, 9842, 69.43
TANLA, EQ, 18-Dec-2019,63.9,64.3,64.65,62.6, 63.15,63.3,63.51,87657,55.67,554, 50292, 57.37
TARMAT, EQ, 18-Dec-2019,25.1,23.65,26.35,23.6, 24.40,24.9,24.63,581,0.14,24, 421, 72.46
TASTYBITE, EQ, 18-Dec-2019,8369.2,8410.0,8500.05,8311.0, 8439.00,8463.95,8411.46,299,25.15,172, 175, 58.53
TATACHEM, EQ, 18-Dec-2019,654.7,657.0,661.2,635.85, 642.05,644.15,649.16,875403,5682.78,17773, 629394, 71.90
TATACOFFEE, EQ, 18-Dec-2019,95.2,94.4,95.05,91.2, 91.75,91.8,92.76,445478,413.23,7260, 256066, 57.48
TATACOMM, EQ, 18-Dec-2019,387.75,387.8,424.9,382.9, 395.90,395.4,405.0,342609,1387.57,9561, 67650, 19.75
TATAELXSI, EQ, 18-Dec-2019,856.15,858.5,899.0,852.8, 868.20,868.35,881.22,4833180,42590.81,109758, 330759, 6.84
TATAGLOBAL, EQ, 18-Dec-2019,325.15,325.0,326.45,304.6, 313.25,312.35,317.06,4790723,15189.35,41016, 1162301, 24.26
TATAINVEST, EQ, 18-Dec-2019,813.15,813.4,822.8,801.25, 805.00,805.6,813.53,14187,115.42,863, 6918, 48.76
TATAMETALI, EQ, 18-Dec-2019,590.9,586.6,618.7,586.6, 604.00,604.85,606.25,379132,2298.49,15443, 92132, 24.30
TATAMOTORS, EQ, 18-Dec-2019,180.2,182.1,184.5,170.45, 175.00,174.8,179.36,63861334,114538.87,264802, 6231585, 9.76
TATAMTRDVR, EQ, 18-Dec-2019,75.5,75.9,76.85,71.65, 73.20,72.85,74.43,9046293,6733.39,25506, 1350432, 14.93
TATAPOWER, EQ, 18-Dec-2019,56.05,56.25,56.25,54.8, 55.25,55.5,55.49,5634510,3126.45,16806, 1437929, 25.52
TATASTEEL, EQ, 18-Dec-2019,439.4,439.4,454.8,436.05, 442.50,444.75,446.19,40028398,178601.89,337291, 3888075, 9.71
TATASTLBSL, EQ, 18-Dec-2019,27.75,27.9,28.7,27.5, 27.80,27.95,28.19,2238626,631.03,4477, 512554, 22.90
TATASTLLP, EQ, 18-Dec-2019,383.8,383.8,414.8,383.8, 394.35,397.4,404.44,572677,2316.16,16696, 87441, 15.27
TBZ, EQ, 18-Dec-2019,37.55,37.25,38.4,37.05, 37.10,37.15,37.56,65272,24.52,1053, 14153, 21.68
TCI, EQ, 18-Dec-2019,277.7,277.75,277.75,273.0, 274.00,273.45,274.63,4621,12.69,291, 3051, 66.02
TCIDEVELOP, EQ, 18-Dec-2019,368.25,384.0,384.0,347.05, 382.00,382.0,362.77,6060,21.98,32, 4052, 66.86
TCIEXP, EQ, 18-Dec-2019,803.15,805.9,805.9,758.35, 778.00,776.15,779.42,15594,121.54,1985, 8793, 56.39
TCIFINANCE, EQ, 18-Dec-2019,10.5,10.85,10.85,10.0, 10.00,10.0,10.25,72192,7.4,283, 40269, 55.78
TCNSBRANDS, EQ, 18-Dec-2019,633.5,630.05,643.9,610.1, 616.00,615.75,623.57,4732,29.51,1211, 3130, 66.15
TCPLPACK, EQ, 18-Dec-2019,259.95,255.0,261.95,255.0, 259.70,257.65,257.53,426,1.1,70, 248, 58.22
TCS, EQ, 18-Dec-2019,2164.95,2174.0,2203.45,2153.0, 2166.80,2167.75,2182.48,8251081,180078.22,198563, 4520690, 54.79
TDPOWERSYS, EQ, 18-Dec-2019,135.5,135.55,136.45,135.0, 135.00,135.15,135.53,5832,7.9,62, 4504, 77.23
TEAMLEASE, EQ, 18-Dec-2019,2475.95,2480.0,2485.0,2440.0, 2440.00,2461.95,2462.61,2287,56.32,691, 715, 31.26
TECHIN, EQ, 18-Dec-2019,2.7,2.7,2.7,2.7, 2.70,2.7,2.7,98,0.0,2, 98, 100.00
TECHM, EQ, 18-Dec-2019,777.35,780.1,794.0,780.1, 789.00,786.65,786.97,5676894,44675.51,117473, 2769968, 48.79
TECHNOE, EQ, 18-Dec-2019,273.1,273.45,276.0,270.1, 272.25,272.3,271.98,2970,8.08,133, 2318, 78.05
TECHNOFAB, EQ, 18-Dec-2019,14.1,14.1,14.5,13.45, 14.35,14.05,13.98,6079,0.85,39, 3814, 62.74
TEJASNET, EQ, 18-Dec-2019,80.35,80.0,81.4,78.1, 78.80,79.3,80.13,46981,37.65,877, 30919, 65.81
TERASOFT, EQ, 18-Dec-2019,24.3,25.45,25.45,23.6, 24.65,24.35,24.19,6566,1.59,68, 5203, 79.24
TEXINFRA, EQ, 18-Dec-2019,43.4,44.0,44.4,42.0, 42.65,42.65,42.7,43387,18.52,435, 42707, 98.43
TEXMOPIPES, EQ, 18-Dec-2019,14.25,14.1,14.3,13.6, 13.85,13.8,13.98,17593,2.46,142, 13717, 77.97
TEXRAIL, EQ, 18-Dec-2019,30.8,31.3,32.2,30.75, 31.05,31.05,31.16,290532,90.54,2604, 134343, 46.24
TFCILTD, EQ, 18-Dec-2019,75.85,76.1,76.5,72.0, 73.40,73.45,74.29,40520,30.1,726, 23947, 59.10
TFL, EQ, 18-Dec-2019,6.0,6.4,6.4,5.4, 6.30,6.2,5.96,42058,2.51,96, 16309, 38.78
TGBHOTELS, EQ, 18-Dec-2019,4.7,4.5,4.55,4.5, 4.50,4.5,4.51,12195,0.55,41, 9990, 81.92
THANGAMAYL, EQ, 18-Dec-2019,333.8,337.5,338.75,330.15, 337.00,336.4,334.96,1265,4.24,73, 1166, 92.17
THEINVEST, EQ, 18-Dec-2019,118.65,121.0,121.35,111.2, 114.15,114.35,114.41,2298,2.63,86, 1365, 59.40
THEMISMED, EQ, 18-Dec-2019,264.6,255.15,261.95,251.4, 251.65,256.55,253.96,1493,3.79,68, 1050, 70.33
THERMAX, EQ, 18-Dec-2019,1035.15,1039.0,1061.0,1033.8, 1058.15,1056.5,1057.08,64765,684.62,3476, 49402, 76.28
THYROCARE, EQ, 18-Dec-2019,543.4,544.05,544.05,536.0, 538.00,538.1,539.12,10468,56.43,1616, 5711, 54.56
TIDEWATER, EQ, 18-Dec-2019,4509.6,4481.2,4537.1,4460.0, 4488.60,4473.05,4485.61,608,27.27,233, 366, 60.20
TIIL, EQ, 18-Dec-2019,301.85,301.8,304.9,280.0, 285.65,289.65,283.91,22359,63.48,392, 20175, 90.23
TIINDIA, EQ, 18-Dec-2019,478.4,474.1,483.9,470.4, 471.50,473.2,475.81,20305,96.61,1510, 9721, 47.87
TIJARIA, EQ, 18-Dec-2019,7.15,7.4,7.4,7.0, 7.15,7.15,7.11,5260,0.37,27, 4669, 88.76
TIL, EQ, 18-Dec-2019,169.5,172.0,173.0,169.0, 170.15,170.65,172.03,6168,10.61,169, 3203, 51.93
TIMESGTY, EQ, 18-Dec-2019,31.65,30.05,31.5,29.7, 29.70,30.85,30.71,2775,0.85,137, 2111, 76.07
TIMETECHNO, EQ, 18-Dec-2019,52.6,53.3,54.65,52.3, 53.05,53.25,53.51,420539,225.02,4571, 174493, 41.49
TIMKEN, EQ, 18-Dec-2019,898.85,897.5,898.85,866.0, 867.15,873.5,884.86,21197,187.56,3384, 10190, 48.07
TINPLATE, EQ, 18-Dec-2019,142.9,142.0,151.75,141.0, 145.40,146.65,148.39,3112719,4619.08,33640, 432790, 13.90
TIRUMALCHM, EQ, 18-Dec-2019,60.85,60.95,64.0,60.65, 63.70,63.6,62.71,377739,236.88,3647, 208298, 55.14
TITAN, EQ, 18-Dec-2019,1157.35,1164.0,1167.35,1150.35, 1157.20,1159.1,1160.1,1391631,16144.35,53995, 452376, 32.51
TMRVL, EQ, 18-Dec-2019,12.25,12.1,12.65,11.65, 12.40,11.9,12.0,20289,2.43,82, 16473, 81.19
TNPETRO, EQ, 18-Dec-2019,34.05,34.35,34.4,33.8, 33.80,33.95,34.1,25030,8.53,265, 17944, 71.69
TNPL, EQ, 18-Dec-2019,172.45,172.95,173.1,167.1, 168.90,168.75,169.62,78652,133.41,1533, 56327, 71.62
TOKYOPLAST, EQ, 18-Dec-2019,70.85,70.05,72.0,70.0, 70.40,70.4,70.25,4192,2.94,142, 3030, 72.28
TORNTPHARM, EQ, 18-Dec-2019,1834.3,1831.05,1847.0,1813.1, 1819.95,1819.2,1826.43,190406,3477.63,10951, 72863, 38.27
TORNTPOWER, EQ, 18-Dec-2019,273.05,274.35,274.4,267.6, 270.30,270.25,269.45,932713,2513.21,12627, 374053, 40.10
TPLPLASTEH, EQ, 18-Dec-2019,113.75,112.15,120.0,112.0, 117.30,115.8,115.5,4247,4.91,322, 1646, 38.76
TREEHOUSE, EQ, 18-Dec-2019,5.0,4.9,5.2,4.85, 5.00,5.0,4.98,28419,1.41,49, 20687, 72.79
TREJHARA, EQ, 18-Dec-2019,14.8,14.95,14.95,13.35, 13.35,13.35,13.59,7690,1.05,145, 5830, 75.81
TRENT, EQ, 18-Dec-2019,516.3,516.3,519.65,507.6, 513.00,513.1,513.3,73609,377.84,3953, 37395, 50.80
TRF, EQ, 18-Dec-2019,121.75,120.0,126.2,116.8, 117.70,119.1,121.36,661182,802.44,10492, 126184, 19.08
TRIDENT, EQ, 18-Dec-2019,7.2,7.1,7.2,6.8, 7.00,6.95,6.96,12294449,856.29,21405, 5809210, 47.25
TRIGYN, EQ, 18-Dec-2019,42.95,43.6,45.4,42.9, 43.40,43.55,43.98,131100,57.66,1344, 54458, 41.54
TRIL, EQ, 18-Dec-2019,6.55,6.55,6.95,6.55, 6.85,6.85,6.82,61667,4.2,132, 51506, 83.52
TRITURBINE, EQ, 18-Dec-2019,95.05,94.05,95.4,91.0, 91.45,91.4,92.42,27351,25.28,616, 18985, 69.41
TRIVENI, EQ, 18-Dec-2019,63.6,66.4,67.35,65.05, 65.35,65.4,66.0,901701,595.1,6442, 194555, 21.58
TTKHLTCARE, EQ, 18-Dec-2019,481.3,480.05,485.0,465.0, 468.00,468.7,472.8,1403,6.63,299, 965, 68.78
TTKPRESTIG, EQ, 18-Dec-2019,5753.9,5730.0,5809.95,5665.05, 5780.00,5791.55,5738.4,2953,169.46,1319, 1594, 53.98
TTL, EQ, 18-Dec-2019,39.95,40.85,40.85,38.5, 39.65,39.65,39.26,1458,0.57,64, 955, 65.50
TTML, EQ, 18-Dec-2019,2.45,2.4,2.5,2.4, 2.45,2.4,2.41,355874,8.59,297, 214632, 60.31
TV18BRDCST, EQ, 18-Dec-2019,22.15,22.4,22.4,21.65, 21.80,21.85,21.92,893166,195.75,2567, 468186, 52.42
TVSELECT, EQ, 18-Dec-2019,102.25,102.95,103.5,100.1, 100.35,100.65,101.56,30341,30.81,539, 17662, 58.21
TVSMOTOR, EQ, 18-Dec-2019,451.4,451.4,452.95,442.3, 445.55,445.55,445.9,1153002,5141.2,15514, 417634, 36.22
TVSSRICHAK, EQ, 18-Dec-2019,1635.2,1635.5,1642.5,1605.0, 1620.00,1618.4,1629.62,1115,18.17,330, 685, 61.43
TVTODAY, EQ, 18-Dec-2019,247.8,247.8,251.3,241.1, 241.10,243.05,247.43,14731,36.45,963, 8189, 55.59
TWL, EQ, 18-Dec-2019,46.1,46.3,48.5,45.85, 46.95,46.6,47.15,607933,286.66,3965, 263881, 43.41
UBL, EQ, 18-Dec-2019,1209.75,1213.9,1224.6,1194.4, 1219.00,1217.35,1206.79,535331,6460.34,17060, 266067, 49.70
UCALFUEL, EQ, 18-Dec-2019,122.9,124.95,124.95,123.0, 124.00,123.9,123.67,5215,6.45,490, 3643, 69.86
UCOBANK, EQ, 18-Dec-2019,16.65,16.75,16.75,16.3, 16.35,16.35,16.43,721638,118.54,2192, 359752, 49.85
UFLEX, EQ, 18-Dec-2019,193.95,194.15,194.95,190.55, 192.90,192.55,192.86,18249,35.2,596, 10028, 54.95
UFO, EQ, 18-Dec-2019,121.9,123.95,124.35,122.15, 122.90,123.15,122.99,10437,12.84,411, 6762, 64.79
UGARSUGAR, EQ, 18-Dec-2019,12.7,13.5,13.6,12.9, 13.00,13.0,13.24,380963,50.43,1698, 151917, 39.88
UJAAS, EQ, 18-Dec-2019,3.05,3.05,3.15,3.0, 3.00,3.05,3.05,131578,4.01,170, 69739, 53.00
UJJIVAN, EQ, 18-Dec-2019,328.95,330.45,336.95,329.3, 334.30,334.1,334.05,2790735,9322.39,26042, 308506, 11.05
UJJIVANSFB, EQ, 18-Dec-2019,58.65,58.55,58.9,56.75, 57.60,57.8,57.63,16440516,9475.15,78642, 3247997, 19.76
ULTRACEMCO, EQ, 18-Dec-2019,4119.55,4113.3,4119.95,4050.5, 4071.00,4065.4,4078.5,819336,33416.63,46846, 543945, 66.39
UMANGDAIRY, EQ, 18-Dec-2019,34.6,34.05,39.3,34.0, 39.00,38.55,37.09,14163,5.25,471, 11779, 83.17
UMESLTD, EQ, 18-Dec-2019,0.95,0.9,0.95,0.9, 0.95,0.95,0.9,20167,0.18,10, 20155, 99.94
UNICHEMLAB, EQ, 18-Dec-2019,163.65,163.5,164.4,158.0, 158.00,159.1,159.68,25880,41.33,722, 20284, 78.38
UNIENTER, EQ, 18-Dec-2019,61.4,62.3,64.0,61.15, 62.80,62.7,63.05,4161,2.62,38, 2937, 70.58
UNIONBANK, EQ, 18-Dec-2019,58.25,58.0,58.2,55.65, 56.75,56.55,56.43,14025723,7915.01,28140, 1268312, 9.04
UNIPLY, EQ, 18-Dec-2019,13.2,12.55,12.55,12.55, 12.55,12.55,12.55,183092,22.98,203, 183092, 100.00
UNITEDBNK, EQ, 18-Dec-2019,8.85,8.85,9.0,8.7, 9.00,8.9,8.86,288071,25.52,484, 191033, 66.31
UNITEDTEA, EQ, 18-Dec-2019,305.7,304.95,317.85,292.0, 294.55,296.05,299.82,830,2.49,183, 175, 21.08
UNIVCABLES, EQ, 18-Dec-2019,155.3,159.45,168.8,156.95, 165.35,164.25,162.81,45245,73.66,1775, 19898, 43.98
UPL, EQ, 18-Dec-2019,564.1,565.5,571.8,559.35, 565.60,566.25,565.26,1833572,10364.37,35361, 511090, 27.87
URJA, EQ, 18-Dec-2019,2.05,1.95,2.05,1.95, 1.95,1.95,1.96,3147937,61.58,1008, 2631012, 83.58
USHAMART, EQ, 18-Dec-2019,27.6,27.3,28.0,27.3, 27.75,27.75,27.75,146404,40.62,277, 109935, 75.09
UTINEXT50, EQ, 18-Dec-2019,287.0,289.89,289.89,287.0, 287.00,287.0,287.23,118,0.34,17, 112, 94.92
UTINIFTETF, EQ, 18-Dec-2019,1283.6,1292.94,1299.0,1283.86, 1299.00,1298.33,1295.71,1611,20.87,35, 1569, 97.39
UTISENSETF, EQ, 18-Dec-2019,437.55,437.49,438.99,433.0, 436.00,435.99,435.58,215,0.94,35, 118, 54.88
UTISXN50, EQ, 18-Dec-2019,319.49,320.0,320.0,313.01, 313.01,315.97,318.87,18,0.06,6, 10, 55.56
UTTAMSTL, EQ, 18-Dec-2019,9.3,9.7,9.75,8.85, 8.85,8.85,9.17,151597,13.9,468, 115932, 76.47
UTTAMSUGAR, EQ, 18-Dec-2019,97.6,100.0,102.0,98.8, 98.90,99.35,100.21,212630,213.07,2950, 47366, 22.28
UVSL, EQ, 18-Dec-2019,0.15,0.15,0.15,0.1, 0.15,0.1,0.12,8207606,9.94,438, 4274089, 52.07
V2RETAIL, EQ, 18-Dec-2019,100.05,100.25,100.25,94.0, 97.00,96.9,97.33,52685,51.28,1029, 29298, 55.61
VADILALIND, EQ, 18-Dec-2019,733.35,739.8,744.0,725.4, 738.00,738.25,737.88,13220,97.55,628, 8510, 64.37
VAIBHAVGBL, EQ, 18-Dec-2019,763.45,765.3,910.0,760.05, 790.05,828.3,803.9,6215,49.96,490, 3562, 57.31
VAKRANGEE, EQ, 18-Dec-2019,42.05,41.85,43.0,41.2, 41.80,42.0,42.35,3712329,1572.33,5485, 1831645, 49.34
VARDHACRLC, EQ, 18-Dec-2019,35.15,35.95,35.95,34.2, 34.85,34.85,34.67,13333,4.62,48, 12348, 92.61
VARROC, EQ, 18-Dec-2019,412.4,413.9,421.25,411.5, 411.50,413.0,414.13,4721,19.55,692, 2787, 59.03
VASCONEQ, EQ, 18-Dec-2019,15.3,15.6,16.75,14.3, 14.45,14.4,15.61,1307100,204.05,3326, 565863, 43.29
VASWANI, EQ, 18-Dec-2019,5.8,5.95,6.05,5.65, 6.05,6.0,5.9,49366,2.91,145, 19730, 39.97
VBL, EQ, 18-Dec-2019,713.05,718.4,718.4,695.0, 700.00,697.9,700.74,135877,952.14,5906, 100972, 74.31
VEDL, EQ, 18-Dec-2019,152.35,152.3,154.0,150.3, 152.95,152.8,152.29,13726266,20903.04,63387, 2752079, 20.05
VENKEYS, EQ, 18-Dec-2019,1703.0,1721.0,1744.85,1715.0, 1729.00,1727.8,1730.61,150759,2609.06,10126, 30525, 20.25
VENUSREM, EQ, 18-Dec-2019,22.15,22.6,22.7,22.0, 22.25,22.3,22.4,8996,2.01,442, 7543, 83.85
VESUVIUS, EQ, 18-Dec-2019,1115.5,1109.3,1109.3,1070.0, 1070.00,1073.95,1085.26,3817,41.42,434, 2083, 54.57
VETO, EQ, 18-Dec-2019,36.05,36.95,36.95,35.5, 35.65,35.8,36.07,13782,4.97,1872, 10183, 73.89
VGUARD, EQ, 18-Dec-2019,216.6,216.6,219.4,212.4, 215.20,215.45,216.96,218778,474.65,3817, 118159, 54.01
VHL, EQ, 18-Dec-2019,1223.75,1226.0,1250.0,1220.05, 1239.00,1241.65,1240.35,144,1.79,40, 91, 63.19
VIDHIING, EQ, 18-Dec-2019,60.5,61.7,63.3,59.35, 62.50,62.65,61.65,15833,9.76,358, 9364, 59.14
VIJIFIN, EQ, 18-Dec-2019,0.45,0.5,0.5,0.45, 0.45,0.45,0.47,32736,0.15,53, 30916, 94.44
VIKASECO, EQ, 18-Dec-2019,2.9,3.0,3.0,2.9, 3.00,3.0,3.0,190520,5.72,116, 171286, 89.90
VIKASMCORP, EQ, 18-Dec-2019,3.2,3.35,3.35,3.15, 3.35,3.35,3.25,376237,12.24,227, 292891, 77.85
VIKASPROP, EQ, 18-Dec-2019,6.0,6.1,6.1,6.1, 6.10,6.1,6.1,20268,1.24,21, 20268, 100.00
VIKASWSP, EQ, 18-Dec-2019,8.9,9.25,9.25,8.85, 9.00,8.95,9.06,173946,15.76,282, 128752, 74.02
VIMTALABS, EQ, 18-Dec-2019,99.25,99.3,99.4,94.55, 94.70,95.35,96.03,40259,38.66,921, 18932, 47.03
VINATIORGA, EQ, 18-Dec-2019,1980.3,1987.95,1995.0,1945.0, 1946.10,1949.35,1962.27,34204,671.18,2449, 28183, 82.40
VINDHYATEL, EQ, 18-Dec-2019,833.5,839.95,914.0,835.0, 880.10,879.8,885.89,127884,1132.91,7304, 27565, 21.55
VINYLINDIA, EQ, 18-Dec-2019,61.15,62.65,62.65,60.85, 61.55,61.8,61.53,5878,3.62,168, 3679, 62.59
VIPCLOTHNG, EQ, 18-Dec-2019,8.1,8.3,8.3,7.8, 7.85,7.85,8.0,25803,2.06,112, 17968, 69.64
VIPIND, EQ, 18-Dec-2019,424.7,425.0,425.9,422.0, 422.95,422.7,423.4,81101,343.39,2596, 44139, 54.42
VIPULLTD, EQ, 18-Dec-2019,21.4,21.75,21.95,19.7, 20.85,20.8,21.18,51675,10.94,153, 4123, 7.98
VISAKAIND, EQ, 18-Dec-2019,238.95,240.0,247.5,235.15, 245.00,244.8,243.46,171665,417.94,3887, 60988, 35.53
VISASTEEL, EQ, 18-Dec-2019,4.8,4.95,5.0,4.75, 4.90,4.9,4.85,9718,0.47,29, 7417, 76.32
VISHNU, EQ, 18-Dec-2019,107.05,105.6,108.0,105.5, 108.00,107.85,106.58,898,0.96,47, 542, 60.36
VISHWARAJ, EQ, 18-Dec-2019,94.85,97.45,102.0,94.3, 95.10,95.4,97.27,394085,383.34,4183, 94074, 23.87
VIVIMEDLAB, EQ, 18-Dec-2019,13.2,13.6,13.8,12.85, 13.00,12.95,13.23,88291,11.68,392, 44232, 50.10
VLSFINANCE, EQ, 18-Dec-2019,51.75,52.05,52.65,51.35, 51.55,51.5,51.77,3728,1.93,50, 2959, 79.37
VMART, EQ, 18-Dec-2019,1674.7,1683.0,1683.0,1652.0, 1660.00,1655.15,1657.25,20432,338.61,702, 18870, 92.36
VOLTAMP, EQ, 18-Dec-2019,1171.75,1171.0,1230.0,1156.55, 1205.10,1208.35,1211.15,47586,576.34,6206, 29802, 62.63
VOLTAS, EQ, 18-Dec-2019,669.05,670.95,672.5,648.9, 655.50,654.15,658.56,2308117,15200.24,49551, 1253000, 54.29
VRLLOG, EQ, 18-Dec-2019,270.0,270.0,270.7,267.0, 267.90,268.15,268.61,20148,54.12,805, 15555, 77.20
VSSL, EQ, 18-Dec-2019,63.65,63.95,64.95,63.1, 64.90,64.25,63.68,8891,5.66,237, 6868, 77.25
VSTIND, EQ, 18-Dec-2019,4266.85,4280.0,4328.0,4225.15, 4225.15,4239.45,4272.68,1623,69.35,562, 753, 46.40
VSTTILLERS, EQ, 18-Dec-2019,1080.55,1066.5,1087.7,1052.3, 1085.00,1078.25,1072.72,1957,20.99,558, 1305, 66.68
VTL, EQ, 18-Dec-2019,901.4,899.05,909.95,899.05, 900.80,901.7,902.69,11412,103.01,1082, 8418, 73.76
WABAG, EQ, 18-Dec-2019,173.6,174.6,175.25,170.15, 171.00,171.15,171.9,85143,146.36,1974, 50017, 58.74
WABCOINDIA, EQ, 18-Dec-2019,6378.75,6374.0,6433.85,6350.5, 6400.10,6408.0,6385.29,6229,397.74,667, 3293, 52.87
WALCHANNAG, EQ, 18-Dec-2019,60.7,60.6,61.55,59.25, 59.95,59.8,60.44,177893,107.51,1949, 65004, 36.54
WATERBASE, EQ, 18-Dec-2019,115.25,115.0,119.55,115.0, 116.80,116.15,116.94,94418,110.41,1878, 26765, 28.35
WEBELSOLAR, EQ, 18-Dec-2019,22.2,22.5,22.6,21.9, 22.30,22.15,22.36,32436,7.25,153, 27876, 85.94
WEIZFOREX, EQ, 18-Dec-2019,251.9,253.45,256.55,242.35, 243.05,247.75,251.17,319,0.8,100, 224, 70.22
WEIZMANIND, EQ, 18-Dec-2019,19.6,21.2,21.8,18.8, 19.50,19.5,19.54,8157,1.59,273, 6632, 81.30
WELCORP, EQ, 18-Dec-2019,137.3,137.3,138.95,132.85, 133.50,133.35,134.72,398792,537.25,5038, 259211, 65.00
WELENT, EQ, 18-Dec-2019,74.4,74.5,75.2,73.0, 73.50,73.4,74.07,123006,91.12,2863, 35265, 28.67
WELINV, EQ, 18-Dec-2019,170.5,179.0,179.0,167.5, 167.55,167.7,173.91,485,0.84,17, 222, 45.77
WELSPUNIND, EQ, 18-Dec-2019,49.45,49.4,49.9,48.8, 49.05,49.05,49.22,593666,292.21,5610, 484234, 81.57
WENDT, EQ, 18-Dec-2019,2807.0,2800.0,2894.9,2799.95, 2825.00,2815.8,2835.7,69,1.96,53, 32, 46.38
WESTLIFE, EQ, 18-Dec-2019,349.05,353.25,362.0,348.15, 352.00,353.05,353.77,85073,300.96,3129, 53051, 62.36
WHEELS, EQ, 18-Dec-2019,597.25,597.35,609.0,590.1, 592.00,596.25,600.52,799,4.8,121, 498, 62.33
WHIRLPOOL, EQ, 18-Dec-2019,2159.5,2165.0,2194.8,2150.25, 2184.00,2184.45,2182.91,99206,2165.57,9323, 49348, 49.74
WILLAMAGOR, EQ, 18-Dec-2019,13.5,13.2,13.5,12.95, 13.00,13.0,13.11,2611,0.34,48, 2384, 91.31
WINDMACHIN, EQ, 18-Dec-2019,18.6,18.85,18.85,18.2, 18.20,18.2,18.5,9263,1.71,49, 8763, 94.60
WIPRO, EQ, 18-Dec-2019,244.75,245.85,249.9,245.5, 248.60,248.3,248.43,5299107,13164.61,54505, 2111353, 39.84
WOCKPHARMA, EQ, 18-Dec-2019,244.35,245.1,254.8,244.05, 248.70,249.15,250.48,1435752,3596.28,17126, 154883, 10.79
WONDERLA, EQ, 18-Dec-2019,243.2,251.0,251.0,241.8, 243.05,242.9,244.41,8986,21.96,553, 4543, 50.56
WSTCSTPAPR, EQ, 18-Dec-2019,221.35,217.2,218.9,212.0, 212.25,212.95,214.6,105440,226.28,2461, 55619, 52.75
XCHANGING, EQ, 18-Dec-2019,54.15,54.45,55.8,54.2, 54.25,54.85,55.11,55613,30.65,584, 33376, 60.01
XELPMOC, EQ, 18-Dec-2019,61.35,64.25,64.25,60.7, 62.70,62.15,61.83,2318,1.43,383, 1654, 71.35
XPROINDIA, EQ, 18-Dec-2019,20.8,20.5,21.35,20.05, 20.90,20.7,20.52,440,0.09,22, 326, 74.09
YESBANK, EQ, 18-Dec-2019,47.6,48.0,48.2,46.0, 46.75,46.75,46.99,130282558,61223.48,263639, 18862131, 14.48
ZEEL, EQ, 18-Dec-2019,279.75,280.1,281.4,274.1, 279.40,279.5,277.76,11256891,31267.22,95862, 2079633, 18.47
ZEELEARN, EQ, 18-Dec-2019,18.8,18.5,19.1,18.5, 18.75,18.75,18.87,34916,6.59,240, 22930, 65.67
ZENSARTECH, EQ, 18-Dec-2019,170.85,172.5,175.5,171.25, 173.35,173.5,173.45,35113,60.9,1512, 21421, 61.01
ZENTEC, EQ, 18-Dec-2019,57.25,56.95,57.35,55.2, 55.25,55.65,56.28,8842,4.98,223, 6477, 73.25
ZODIACLOTH, EQ, 18-Dec-2019,164.1,164.05,167.05,160.5, 164.10,164.1,166.81,582,0.97,22, 504, 86.60
ZODJRDMKJ, EQ, 18-Dec-2019,31.35,31.0,31.1,30.1, 31.10,31.1,30.91,287,0.09,10, 282, 98.26
ZOTA, EQ, 18-Dec-2019,189.15,189.25,190.95,188.65, 188.65,189.15,190.16,20808,39.57,101, 463, 2.23
ZUARI, EQ, 18-Dec-2019,85.7,85.9,87.3,85.25, 85.60,86.05,86.12,12112,10.43,337, 4573, 37.76
ZUARIGLOB, EQ, 18-Dec-2019,43.8,44.9,45.15,43.05, 44.00,44.25,44.26,33626,14.88,424, 18295, 54.41
ZYDUSWELL, EQ, 18-Dec-2019,1445.5,1448.0,1479.65,1432.0, 1474.00,1471.45,1450.36,7653,111.0,735, 6053, 79.09
