SYMBOL,SERIES,DATE1,PREV_CLOSE,OPEN_PRICE,HIGH_PRICE,LOW_PRICE,LAST_PRICE,CLOSE_PRICE,AVG_PRICE,TTL_TRD_QNTY,TURNOVER_LACS,NO_OF_TRADES,DELIV_QTY,DELIV_PER
20MICRONS, EQ, 21-Feb-2024,158.1,156.1,159.0,152.0, 154.00,153.65,155.22,65019,100.92,3328, 30876, 47.49
360ONE, EQ, 21-Feb-2024,705.5,708.75,744.9,707.75, 718.00,713.7,722.83,327025,2363.83,29335, 106750, 32.64
3IINFOLTD, EQ, 21-Feb-2024,52.6,52.9,53.0,50.75, 51.40,51.1,51.8,1057721,547.91,5687, 547787, 51.79
3MINDIA, EQ, 21-Feb-2024,31384.6,31500.0,31520.0,30909.0, 30930.00,31009.25,31207.44,2801,874.12,1974, 1263, 45.09
5PAISA, EQ, 21-Feb-2024,588.3,591.25,594.85,577.0, 584.00,580.4,587.64,36143,212.39,4631, 16787, 46.45
AARON, EQ, 21-Feb-2024,254.1,259.95,264.45,254.6, 258.00,257.85,259.85,10348,26.89,776, 5699, 55.07
AARTECH, EQ, 21-Feb-2024,174.05,178.0,182.75,167.15, 182.00,182.0,181.25,344912,625.14,2501, 200586, 58.16
AARTIDRUGS, EQ, 21-Feb-2024,543.65,543.7,548.8,530.1, 537.00,533.45,537.28,154253,828.78,8713, 67990, 44.08
AARTIIND, EQ, 21-Feb-2024,703.9,709.5,712.0,682.45, 687.20,687.4,700.66,2361143,16543.67,58360, 625701, 26.50
AARTIPHARM, EQ, 21-Feb-2024,533.45,539.0,541.7,526.0, 530.70,529.25,532.28,118372,630.07,10455, 47753, 40.34
AARTISURF, EQ, 21-Feb-2024,683.65,683.1,692.6,680.15, 685.00,686.7,686.94,22587,155.16,2507, 9667, 42.80
AARVEEDEN, EQ, 21-Feb-2024,35.05,35.4,35.4,33.65, 33.85,33.95,34.5,45865,15.82,612, 29835, 65.05
AARVI, EQ, 21-Feb-2024,137.15,137.75,142.45,137.75, 139.00,139.4,140.04,22693,31.78,505, 9499, 41.86
AAVAS, EQ, 21-Feb-2024,1437.55,1444.7,1449.9,1434.3, 1449.90,1443.15,1440.36,256381,3692.82,20963, 210739, 82.20
ABB, EQ, 21-Feb-2024,4524.5,4640.0,5134.0,4640.0, 5003.95,4984.7,4901.59,4404765,215903.41,269540, 487753, 11.07
ABBOTINDIA, EQ, 21-Feb-2024,29191.05,29245.0,29348.1,28999.95, 29042.50,29131.35,29175.04,7813,2279.45,3325, 2600, 33.28
ABCAPITAL, EQ, 21-Feb-2024,183.95,183.9,186.95,181.9, 183.00,182.6,184.57,3607656,6658.68,26276, 1505386, 41.73
ABFRL, EQ, 21-Feb-2024,235.2,237.5,240.35,225.25, 226.85,226.65,232.1,5898624,13690.71,43737, 2287103, 38.77
ABMINTLLTD, EQ, 21-Feb-2024,61.1,63.9,63.9,59.0, 59.00,59.0,60.06,1718,1.03,48, 978, 56.93
ABSLAMC, EQ, 21-Feb-2024,482.15,483.05,509.4,480.45, 494.15,495.2,495.81,359469,1782.27,10576, 153915, 42.82
ABSLBANETF, EQ, 21-Feb-2024,47.37,47.54,47.72,47.21, 47.62,47.31,47.42,4770248,2261.97,1315, 4740126, 99.37
ABSLLIQUID, EQ, 21-Feb-2024,1000.01,1000.01,1000.01,999.99, 1000.01,1000.0,1000.01,2207,22.07,21, 2175, 98.55
ABSLNN50ET, EQ, 21-Feb-2024,60.58,60.95,60.98,60.0, 60.60,60.29,60.76,3096,1.88,188, 2201, 71.09
ACC, EQ, 21-Feb-2024,2686.7,2690.0,2719.0,2651.1, 2660.00,2666.75,2688.27,383105,10298.89,34633, 136456, 35.62
ACCELYA, EQ, 21-Feb-2024,1946.1,1959.95,1968.65,1884.5, 1897.70,1896.3,1915.15,43879,840.35,7415, 18820, 42.89
ACE, EQ, 21-Feb-2024,1129.85,1137.6,1154.65,1100.0, 1111.00,1108.0,1127.03,239338,2697.41,20329, 94881, 39.64
ACEINTEG, EQ, 21-Feb-2024,38.3,37.95,38.85,37.8, 38.35,38.4,38.16,8529,3.25,96, 6418, 75.25
ACI, EQ, 21-Feb-2024,739.85,740.95,767.3,731.05, 759.50,759.15,757.09,1480764,11210.68,65072, 460539, 31.10
ACL, EQ, 21-Feb-2024,116.3,116.0,120.0,113.5, 115.30,114.6,115.97,34905,40.48,947, 22942, 65.73
ACLGATI, EQ, 21-Feb-2024,121.45,122.6,122.9,118.1, 120.10,119.1,120.2,464552,558.41,7711, 200568, 43.17
ADANIENSOL, EQ, 21-Feb-2024,1069.8,1075.05,1084.0,1055.05, 1062.00,1064.8,1072.69,3038030,32588.75,51884, 1405932, 46.28
ADANIENT, EQ, 21-Feb-2024,3228.6,3238.0,3300.0,3205.0, 3226.95,3223.2,3258.0,1657021,53985.72,105900, 319460, 19.28
ADANIGREEN, EQ, 21-Feb-2024,1926.65,1926.0,1962.1,1880.05, 1901.10,1904.95,1925.46,1184961,22815.95,54094, 511232, 43.14
ADANIPORTS, EQ, 21-Feb-2024,1300.5,1304.8,1315.0,1281.45, 1290.00,1291.0,1301.16,2770510,36048.64,83664, 1015449, 36.65
ADFFOODS, EQ, 21-Feb-2024,195.15,194.2,196.25,191.8, 193.50,193.1,193.72,64226,124.42,3281, 32282, 50.26
ADORWELD, EQ, 21-Feb-2024,1477.8,1490.0,1490.0,1446.05, 1454.00,1452.1,1461.3,5830,85.19,1512, 3210, 55.06
ADSL, EQ, 21-Feb-2024,157.85,158.9,163.85,154.35, 156.50,156.15,159.02,404085,642.56,15712, 157127, 38.88
ADVANIHOTR, EQ, 21-Feb-2024,164.05,168.0,175.0,160.15, 165.90,163.15,167.83,379951,637.68,4871, 205104, 53.98
ADVENZYMES, EQ, 21-Feb-2024,401.45,404.0,415.5,402.3, 405.00,405.9,409.51,320431,1312.19,19119, 136212, 42.51
AEGISCHEM, EQ, 21-Feb-2024,465.45,467.3,470.1,441.0, 456.10,452.95,456.46,769147,3510.87,16869, 361015, 46.94
AEROFLEX, EQ, 21-Feb-2024,151.1,151.8,152.2,147.2, 147.95,148.1,149.85,298806,447.76,6237, 172062, 57.58
AETHER, EQ, 21-Feb-2024,866.75,860.05,871.95,852.0, 861.50,860.4,865.12,37032,320.37,3216, 18356, 49.57
AFFLE, EQ, 21-Feb-2024,1145.85,1150.0,1163.55,1110.0, 1127.00,1126.7,1139.12,118684,1351.95,13742, 57106, 48.12
AGARIND, EQ, 21-Feb-2024,998.8,997.0,1010.45,974.0, 981.00,987.55,992.65,27498,272.96,3932, 15166, 55.15
AGI, EQ, 21-Feb-2024,831.85,831.85,833.35,798.25, 804.70,801.65,812.51,107126,870.41,9767, 45846, 42.80
AGRITECH, EQ, 21-Feb-2024,196.7,196.65,211.0,193.2, 197.00,199.1,201.53,14940,30.11,805, 8417, 56.34
AGROPHOS, EQ, 21-Feb-2024,49.75,49.05,50.35,47.75, 50.00,48.8,48.84,142657,69.67,1301, 77267, 54.16
AHL, EQ, 21-Feb-2024,312.6,314.95,319.35,307.55, 309.00,309.2,313.54,145567,456.41,2200, 24069, 16.53
AHLADA, EQ, 21-Feb-2024,126.85,127.5,129.95,124.0, 124.30,125.0,126.8,119768,151.86,1175, 77056, 64.34
AHLEAST, EQ, 21-Feb-2024,162.9,171.1,179.7,159.15, 161.70,161.7,170.49,115747,197.33,3355, 40026, 34.58
AHLUCONT, EQ, 21-Feb-2024,1082.0,1082.0,1181.45,1070.0, 1155.20,1156.75,1146.53,519170,5952.46,50823, 134355, 25.88
AIAENG, EQ, 21-Feb-2024,3876.25,3875.0,3875.0,3770.0, 3799.95,3797.7,3822.07,77094,2946.58,14992, 54877, 71.18
AIROLAM, EQ, 21-Feb-2024,190.3,189.8,189.8,172.1, 172.65,174.6,181.5,214755,389.77,4351, 105012, 48.90
AJANTPHARM, EQ, 21-Feb-2024,2115.4,2128.0,2156.7,2099.65, 2125.00,2113.1,2124.5,71112,1510.78,16075, 31579, 44.41
AJMERA, EQ, 21-Feb-2024,711.2,712.1,763.7,706.55, 728.00,730.85,743.45,598310,4448.15,36137, 146323, 24.46
AKG, EQ, 21-Feb-2024,23.05,23.25,23.45,22.55, 22.90,22.8,22.95,261485,60.02,1162, 174003, 66.54
AKSHARCHEM, EQ, 21-Feb-2024,266.95,269.0,320.0,267.0, 297.00,298.65,305.19,555818,1696.28,12644, 129274, 23.26
AKZOINDIA, EQ, 21-Feb-2024,2822.45,2823.0,2853.8,2775.0, 2780.00,2796.4,2809.55,14005,393.48,3102, 7716, 55.09
ALBERTDAVD, EQ, 21-Feb-2024,1380.45,1381.05,1393.4,1347.05, 1381.00,1372.75,1372.1,5404,74.15,690, 2970, 54.96
ALEMBICLTD, EQ, 21-Feb-2024,102.15,103.0,107.65,102.0, 103.15,103.15,105.48,3765759,3972.04,24593, 1321283, 35.09
ALICON, EQ, 21-Feb-2024,928.1,930.8,939.25,913.0, 929.00,921.45,927.84,7169,66.52,1369, 4051, 56.51
ALKALI, EQ, 21-Feb-2024,118.05,119.0,123.4,117.0, 118.90,118.25,119.75,32800,39.28,664, 20209, 61.61
ALKEM, EQ, 21-Feb-2024,5402.85,5425.0,5520.0,5390.1, 5400.00,5415.5,5461.54,170880,9332.69,28031, 80855, 47.32
ALKYLAMINE, EQ, 21-Feb-2024,2208.7,2215.05,2233.0,2201.15, 2211.00,2212.75,2218.08,25308,561.35,5165, 11369, 44.92
ALLCARGO, EQ, 21-Feb-2024,85.3,84.8,85.45,82.7, 83.15,83.25,83.78,9664130,8096.15,36140, 2232314, 23.10
ALLSEC, EQ, 21-Feb-2024,836.2,836.0,859.0,826.0, 847.00,836.95,846.07,109872,929.6,11469, 21795, 19.84
ALPA, EQ, 21-Feb-2024,105.7,107.0,108.9,104.5, 105.30,106.2,106.84,237687,253.96,1961, 131450, 55.30
ALPHAETF, EQ, 21-Feb-2024,23.16,23.17,23.28,22.77, 23.28,23.21,22.96,222215,51.01,798, 148538, 66.84
ALPHAGEO, EQ, 21-Feb-2024,382.6,385.0,390.0,366.2, 382.45,381.55,382.28,47193,180.41,1503, 29593, 62.71
ALPL30IETF, EQ, 21-Feb-2024,263.71,263.71,265.98,261.61, 262.95,262.59,263.88,46274,122.11,527, 38663, 83.55
ALPSINDUS, EQ, 21-Feb-2024,2.3,2.3,2.3,2.2, 2.25,2.25,2.22,63116,1.4,75, 61375, 97.24
AMBER, EQ, 21-Feb-2024,4032.6,4050.0,4109.95,3905.6, 3959.00,3955.45,3994.95,160608,6416.21,28557, 66373, 41.33
AMBICAAGAR, EQ, 21-Feb-2024,36.4,37.1,37.35,35.1, 35.60,35.65,36.59,56032,20.5,442, 33245, 59.33
AMBIKCO, EQ, 21-Feb-2024,1617.1,1654.55,1757.0,1625.0, 1717.95,1725.35,1712.11,63828,1092.8,8970, 21296, 33.36
AMBUJACEM, EQ, 21-Feb-2024,588.8,591.9,596.7,583.25, 585.60,587.8,591.35,4209055,24890.05,63854, 1875949, 44.57
AMIORG, EQ, 21-Feb-2024,1100.2,1104.8,1116.0,1080.1, 1092.00,1090.6,1100.66,78609,865.22,7393, 48453, 61.64
AMJLAND, EQ, 21-Feb-2024,39.1,39.9,39.9,38.25, 39.00,38.65,39.08,52798,20.64,498, 29559, 55.99
AMNPLST, EQ, 21-Feb-2024,196.5,196.4,199.5,192.0, 197.55,195.6,195.51,4473,8.75,291, 3330, 74.45
AMRUTANJAN, EQ, 21-Feb-2024,650.3,650.0,702.0,648.2, 675.20,676.85,682.32,351753,2400.07,28037, 120341, 34.21
ANANDRATHI, EQ, 21-Feb-2024,3687.4,3688.0,3715.0,3632.2, 3653.00,3652.35,3654.8,118570,4333.5,9025, 106079, 89.47
ANANTRAJ, EQ, 21-Feb-2024,345.25,347.8,350.2,336.45, 338.50,339.7,342.93,950031,3257.9,19571, 462597, 48.69
ANDHRAPAP, EQ, 21-Feb-2024,560.75,566.4,571.95,548.4, 551.85,551.75,558.1,155923,870.21,11324, 64299, 41.24
ANDHRSUGAR, EQ, 21-Feb-2024,109.65,111.95,117.25,111.1, 114.15,114.15,114.93,1300710,1494.85,13016, 515144, 39.60
ANGELONE, EQ, 21-Feb-2024,3149.1,3170.0,3185.8,3080.0, 3095.00,3089.35,3128.1,131298,4107.13,20494, 83165, 63.34
ANMOL, EQ, 21-Feb-2024,57.0,57.35,58.7,57.0, 57.50,57.5,57.72,1030869,595.0,3748, 359802, 34.90
ANUP, EQ, 21-Feb-2024,2811.3,2820.0,2850.0,2723.2, 2844.15,2822.0,2788.93,10066,280.73,2479, 5530, 54.94
ANURAS, EQ, 21-Feb-2024,913.35,912.75,912.75,880.0, 884.95,890.7,893.2,76496,683.26,6573, 29862, 39.04
APARINDS, EQ, 21-Feb-2024,6251.2,6282.05,6321.0,6100.05, 6138.60,6153.55,6228.17,63148,3932.96,13657, 27401, 43.39
APCL, EQ, 21-Feb-2024,218.65,219.7,221.0,214.0, 215.00,215.1,217.34,19428,42.23,839, 11544, 59.42
APCOTEXIND, EQ, 21-Feb-2024,480.35,482.3,486.6,477.6, 478.00,478.65,480.27,33055,158.75,2514, 22518, 68.12
APEX, EQ, 21-Feb-2024,227.9,228.95,233.2,226.8, 228.00,228.25,230.06,126285,290.53,7100, 47122, 37.31
APLAPOLLO, EQ, 21-Feb-2024,1439.55,1439.8,1456.0,1421.5, 1436.00,1433.95,1441.29,296162,4268.56,26503, 141662, 47.83
APLLTD, EQ, 21-Feb-2024,1048.0,1051.0,1094.0,1030.1, 1071.80,1075.15,1072.61,449749,4824.06,35117, 150067, 33.37
APOLLOHOSP, EQ, 21-Feb-2024,6759.45,6784.95,6821.95,6717.3, 6759.65,6760.15,6781.65,537325,36439.48,44871, 318119, 59.20
APOLLOPIPE, EQ, 21-Feb-2024,747.15,752.9,763.25,735.0, 740.00,737.35,740.45,80181,593.7,6123, 50445, 62.91
APOLLOTYRE, EQ, 21-Feb-2024,518.2,521.0,525.0,514.0, 516.90,516.25,520.4,846319,4404.24,22562, 187734, 22.18
APOLSINHOT, EQ, 21-Feb-2024,2127.2,2190.0,2238.9,2109.0, 2109.00,2114.65,2166.9,5089,110.27,865, 1361, 26.74
APTECHT, EQ, 21-Feb-2024,242.25,244.0,244.9,236.05, 240.35,238.45,239.93,254005,609.44,10195, 102196, 40.23
APTUS, EQ, 21-Feb-2024,348.5,349.9,354.0,347.45, 351.30,350.3,350.03,942318,3298.41,9364, 859367, 91.20
ARCHIDPLY, EQ, 21-Feb-2024,98.3,97.95,101.0,95.0, 95.00,95.7,97.45,56635,55.19,875, 19244, 33.98
ARCHIES, EQ, 21-Feb-2024,35.7,36.0,37.6,35.3, 35.70,35.6,36.64,541905,198.54,2112, 329605, 60.82
ARE&M, EQ, 21-Feb-2024,852.05,859.95,887.25,838.05, 841.05,842.55,857.62,751374,6443.92,37040, 297926, 39.65
ARENTERP, EQ, 21-Feb-2024,49.4,50.6,51.0,48.35, 49.60,48.95,49.92,16765,8.37,303, 8817, 52.59
ARIES, EQ, 21-Feb-2024,300.8,301.0,307.0,289.0, 291.15,292.25,297.07,118869,353.12,6496, 48415, 40.73
ARIHANTCAP, EQ, 21-Feb-2024,70.6,71.0,71.95,69.9, 70.50,70.45,70.88,274979,194.92,2047, 131848, 47.95
ARIHANTSUP, EQ, 21-Feb-2024,372.65,374.8,374.8,360.1, 361.00,361.85,365.65,32965,120.53,2246, 23990, 72.77
ARMANFIN, EQ, 21-Feb-2024,2318.5,2327.65,2335.0,2251.0, 2252.00,2259.6,2288.2,12354,282.68,1998, 7399, 59.89
AROGRANITE, EQ, 21-Feb-2024,57.05,56.95,57.95,53.45, 54.80,54.2,55.52,49096,27.26,512, 29558, 60.20
ARROWGREEN, EQ, 21-Feb-2024,406.5,408.5,408.5,395.05, 401.55,400.2,400.16,42718,170.94,5487, 22775, 53.31
ARTEMISMED, EQ, 21-Feb-2024,185.15,186.0,187.0,180.6, 182.10,183.65,184.27,208336,383.9,6681, 123311, 59.19
ARVIND, EQ, 21-Feb-2024,296.65,297.55,303.65,287.6, 290.00,289.35,293.38,597255,1752.2,27433, 378220, 63.33
ARVINDFASN, EQ, 21-Feb-2024,450.65,452.35,464.7,451.9, 460.70,460.55,458.83,399339,1832.31,14734, 302296, 75.70
ARVSMART, EQ, 21-Feb-2024,596.65,595.0,606.15,585.0, 591.00,589.95,594.51,63278,376.2,6917, 23080, 36.47
ASAHIINDIA, EQ, 21-Feb-2024,536.85,538.7,539.95,528.0, 528.00,531.05,533.62,58811,313.83,5069, 32789, 55.75
ASAHISONG, EQ, 21-Feb-2024,326.15,330.0,344.0,319.6, 331.00,331.05,332.41,65145,216.55,2274, 22564, 34.64
ASAL, EQ, 21-Feb-2024,664.7,668.2,678.0,612.15, 631.10,630.55,655.36,133417,874.36,6644, 66404, 49.77
ASALCBR, EQ, 21-Feb-2024,469.75,471.0,476.95,466.5, 469.00,468.5,472.89,32382,153.13,2414, 20440, 63.12
ASHAPURMIN, EQ, 21-Feb-2024,389.9,390.0,409.35,384.25, 409.35,409.0,406.54,663959,2699.28,4072, 376264, 56.67
ASHIANA, EQ, 21-Feb-2024,300.75,302.2,312.9,300.85, 307.70,308.3,308.1,135858,418.58,8881, 50413, 37.11
ASHIMASYN, EQ, 21-Feb-2024,23.0,23.15,23.65,22.5, 22.65,22.6,23.09,622739,143.79,1743, 364666, 58.56
ASHOKA, EQ, 21-Feb-2024,177.4,177.4,179.8,171.0, 173.90,172.95,174.66,1257286,2195.97,19535, 545586, 43.39
ASHOKLEY, EQ, 21-Feb-2024,172.95,174.4,177.4,170.8, 171.20,171.3,174.2,34084215,59373.66,124807, 16414637, 48.16
ASIANENE, EQ, 21-Feb-2024,310.7,316.9,316.9,300.0, 302.00,301.1,305.12,35042,106.92,979, 25161, 71.80
ASIANPAINT, EQ, 21-Feb-2024,3011.65,3012.05,3026.75,2983.5, 2990.00,3001.8,3010.99,927130,27915.76,93289, 561556, 60.57
ASIANTILES, EQ, 21-Feb-2024,63.95,63.85,64.55,63.1, 63.60,63.5,63.9,474778,303.39,3236, 261872, 55.16
ASKAUTOLTD, EQ, 21-Feb-2024,302.55,303.8,303.8,294.3, 296.90,296.95,298.18,211903,631.85,4905, 127690, 60.26
ASMS, EQ, 21-Feb-2024,26.5,26.0,26.0,26.0, 26.00,26.0,26.0,32473,8.44,251, 31971, 98.45
ASPINWALL, EQ, 21-Feb-2024,269.8,267.5,276.45,267.5, 271.60,270.8,271.94,3977,10.82,270, 2651, 66.66
ASTEC, EQ, 21-Feb-2024,931.1,938.0,947.55,912.0, 912.00,915.55,929.13,44773,416.0,6436, 15488, 34.59
ASTERDM, EQ, 21-Feb-2024,475.65,476.95,485.8,470.25, 473.00,474.25,479.62,529722,2540.63,20130, 317327, 59.90
ASTRAL, EQ, 21-Feb-2024,1952.0,1966.0,1970.0,1922.75, 1931.00,1930.5,1941.09,649882,12614.78,40414, 456757, 70.28
ASTRAMICRO, EQ, 21-Feb-2024,655.15,657.25,661.7,632.0, 634.15,638.5,643.84,224197,1443.46,13175, 122824, 54.78
ASTRAZEN, EQ, 21-Feb-2024,5477.35,5515.7,5527.3,5423.3, 5500.00,5496.1,5497.92,11466,630.39,2033, 7537, 65.73
ATALREAL, EQ, 21-Feb-2024,16.1,16.05,16.5,15.7, 15.85,15.85,16.24,667018,108.34,907, 516025, 77.36
ATAM, EQ, 21-Feb-2024,174.4,175.0,177.95,165.0, 170.70,169.15,171.4,37309,63.95,1556, 27723, 74.31
ATFL, EQ, 21-Feb-2024,912.35,916.95,922.0,885.0, 908.00,892.1,902.28,8755,78.99,1242, 5118, 58.46
ATGL, EQ, 21-Feb-2024,1012.05,1014.95,1046.0,1011.05, 1019.50,1021.05,1024.28,4637737,47503.57,107584, 2098463, 45.25
ATL, EQ, 21-Feb-2024,70.1,70.3,70.65,66.5, 67.60,67.4,68.41,668070,457.05,3637, 364317, 54.53
ATUL, EQ, 21-Feb-2024,6338.5,6350.0,6390.0,6295.0, 6303.05,6310.7,6349.24,20233,1284.64,4738, 7305, 36.10
ATULAUTO, EQ, 21-Feb-2024,567.15,573.4,573.4,551.6, 555.00,558.45,561.17,153835,863.28,12725, 57171, 37.16
AUBANK, EQ, 21-Feb-2024,599.1,602.55,602.55,584.4, 587.05,588.15,590.38,3176517,18753.66,62921, 1168199, 36.78
AUROPHARMA, EQ, 21-Feb-2024,1052.4,1052.1,1061.0,1036.45, 1039.00,1040.8,1049.72,1584527,16633.18,59611, 778567, 49.14
AUSOMENT, EQ, 21-Feb-2024,93.0,93.0,104.8,93.0, 98.90,98.85,100.93,130116,131.32,2444, 62995, 48.41
AUTOAXLES, EQ, 21-Feb-2024,1919.8,1922.7,1929.0,1900.4, 1916.00,1907.25,1916.13,14086,269.91,1788, 7480, 53.10
AUTOBEES, EQ, 21-Feb-2024,206.96,213.15,213.15,205.0, 207.40,205.84,206.33,81095,167.33,1885, 53455, 65.92
AUTOIETF, EQ, 21-Feb-2024,206.91,208.47,208.48,204.75, 206.24,205.5,206.46,17656,36.45,394, 15799, 89.48
AUTOIND, EQ, 21-Feb-2024,150.9,152.35,154.95,146.75, 151.45,150.9,150.33,335934,505.0,10261, 145082, 43.19
AVADHSUGAR, EQ, 21-Feb-2024,639.75,642.0,647.95,624.0, 628.00,626.9,637.51,81581,520.09,6835, 26469, 32.45
AVALON, EQ, 21-Feb-2024,501.5,504.95,511.0,501.4, 510.00,504.25,506.66,171050,866.65,19318, 100497, 58.75
AVANTIFEED, EQ, 21-Feb-2024,498.8,502.35,511.8,494.85, 498.50,498.25,501.58,412698,2069.99,39824, 159515, 38.65
AVG, EQ, 21-Feb-2024,468.7,469.95,543.0,462.3, 527.00,529.5,505.45,658838,3330.09,38370, 296163, 44.95
AVONMORE, EQ, 21-Feb-2024,113.25,113.25,114.8,109.0, 110.05,109.8,112.15,21368,23.97,501, 13450, 62.94
AVROIND, EQ, 21-Feb-2024,135.25,135.75,138.9,133.05, 135.40,135.2,135.26,18358,24.83,592, 12270, 66.84
AVTNPL, EQ, 21-Feb-2024,110.6,110.6,115.65,107.1, 108.70,108.4,111.55,2259161,2519.99,17811, 703719, 31.15
AWHCL, EQ, 21-Feb-2024,555.8,548.0,563.4,530.7, 533.60,534.0,546.66,428772,2343.9,22743, 137180, 31.99
AWL, EQ, 21-Feb-2024,369.7,370.7,373.0,356.35, 361.25,360.6,366.51,2925334,10721.75,40757, 1093782, 37.39
AXISBANK, EQ, 21-Feb-2024,1088.6,1093.85,1093.95,1073.1, 1079.55,1084.2,1081.74,9177213,99273.36,199283, 5305430, 57.81
AXISBNKETF, EQ, 21-Feb-2024,477.11,477.75,479.7,474.97, 475.00,476.37,477.81,6936,33.14,179, 6378, 91.96
AXISBPSETF, EQ, 21-Feb-2024,11.52,11.85,11.85,11.52, 11.53,11.52,11.52,45392,5.23,460, 30235, 66.61
AXISCADES, EQ, 21-Feb-2024,697.8,695.0,700.85,673.0, 679.00,683.5,684.84,55581,380.64,5909, 28710, 51.65
AXISCETF, EQ, 21-Feb-2024,100.33,100.9,101.2,100.15, 100.72,100.62,100.87,3705,3.74,54, 2231, 60.22
AXISGOLD, EQ, 21-Feb-2024,52.78,52.9,53.04,52.74, 52.94,52.92,52.91,28035,14.83,908, 19881, 70.91
AXISHCETF, EQ, 21-Feb-2024,122.8,122.8,123.34,121.48, 123.15,122.11,122.32,7340,8.98,144, 3567, 48.60
AXISILVER, EQ, 21-Feb-2024,72.52,72.51,72.69,72.12, 72.25,72.31,72.32,4432,3.21,92, 4275, 96.46
AXISNIFTY, EQ, 21-Feb-2024,237.77,243.9,243.9,236.51, 236.51,236.7,238.41,3154,7.52,213, 2775, 87.98
AXISTECETF, EQ, 21-Feb-2024,400.65,404.0,404.0,392.01, 402.00,393.43,395.44,4394,17.38,182, 3472, 79.02
AXITA, EQ, 21-Feb-2024,24.85,25.05,25.3,24.35, 24.35,24.45,24.78,1657376,410.76,5619, 677011, 40.85
AXSENSEX, EQ, 21-Feb-2024,73.54,73.94,73.94,72.95, 73.40,73.37,73.67,5906,4.35,104, 5067, 85.79
AYMSYNTEX, EQ, 21-Feb-2024,84.05,84.4,93.0,83.35, 91.95,90.55,90.24,900524,812.65,6219, 562569, 62.47
AZAD, EQ, 21-Feb-2024,1216.25,1228.65,1228.65,1155.45, 1155.45,1158.45,1185.47,368876,4372.91,19571, 184171, 49.93
BAIDFIN, EQ, 21-Feb-2024,26.45,26.65,27.65,25.75, 26.00,25.95,26.2,470961,123.37,1576, 164696, 34.97
BAJAJ-AUTO, EQ, 21-Feb-2024,8295.2,8300.0,8376.85,8205.0, 8242.00,8232.25,8277.05,439817,36403.86,70735, 154299, 35.08
BAJAJCON, EQ, 21-Feb-2024,228.35,232.95,249.0,230.05, 240.50,241.2,243.44,7489443,18232.03,113942, 2203661, 29.42
BAJAJELEC, EQ, 21-Feb-2024,1022.4,1022.4,1038.0,1022.05, 1032.50,1031.15,1031.62,21134,218.02,2459, 12382, 58.59
BAJAJFINSV, EQ, 21-Feb-2024,1602.85,1604.0,1618.6,1580.6, 1588.05,1586.95,1597.67,674394,10774.58,52894, 318780, 47.27
BAJAJHCARE, EQ, 21-Feb-2024,333.4,335.1,342.3,316.25, 321.00,324.5,331.76,105272,349.25,7162, 48618, 46.18
BAJAJHIND, EQ, 21-Feb-2024,38.9,39.3,40.15,38.05, 38.50,38.4,39.19,36880167,14453.23,52892, 14251362, 38.64
BAJAJHLDNG, EQ, 21-Feb-2024,8817.5,8895.0,8898.9,8750.0, 8795.50,8807.8,8810.9,11657,1027.09,3839, 6788, 58.23
BAJEL, EQ, 21-Feb-2024,225.5,225.5,226.85,216.0, 218.00,220.9,221.63,511003,1132.54,5985, 281788, 55.14
BAJFINANCE, EQ, 21-Feb-2024,6763.6,6790.0,6790.0,6665.05, 6672.00,6688.8,6724.05,854944,57486.86,76709, 500192, 58.51
BALAJITELE, EQ, 21-Feb-2024,136.85,139.4,140.0,132.65, 133.30,133.3,136.63,808886,1105.21,4964, 461970, 57.11
BALAMINES, EQ, 21-Feb-2024,2303.2,2312.0,2345.0,2277.2, 2290.50,2292.5,2313.41,60787,1406.25,8877, 21960, 36.13
BALAXI, EQ, 21-Feb-2024,633.7,627.0,640.0,617.2, 623.00,627.3,624.5,6201,38.73,374, 3619, 58.36
BALKRISIND, EQ, 21-Feb-2024,2294.55,2294.55,2312.0,2251.0, 2257.00,2257.8,2284.52,209004,4774.74,21255, 115191, 55.11
BALMLAWRIE, EQ, 21-Feb-2024,259.8,260.0,261.1,252.1, 253.70,253.25,256.16,472544,1210.48,14015, 234295, 49.58
BALPHARMA, EQ, 21-Feb-2024,119.3,118.5,121.75,118.0, 120.00,118.75,119.47,21259,25.4,528, 14618, 68.76
BALRAMCHIN, EQ, 21-Feb-2024,383.6,385.3,385.9,378.95, 381.95,380.95,382.01,1592239,6082.5,27481, 460364, 28.91
BANARBEADS, EQ, 21-Feb-2024,102.05,103.5,106.95,101.3, 102.60,102.85,105.23,65695,69.13,1135, 31789, 48.39
BANARISUG, EQ, 21-Feb-2024,2616.3,2652.2,2709.0,2590.05, 2699.85,2698.8,2677.86,9320,249.58,1266, 6810, 73.07
BANCOINDIA, EQ, 21-Feb-2024,660.95,664.5,679.85,661.1, 663.00,663.75,671.85,111780,750.99,13695, 38875, 34.78
BANDHANBNK, EQ, 21-Feb-2024,202.7,203.9,204.15,199.75, 200.00,200.55,201.67,7362611,14848.16,71280, 3959887, 53.78
BANKBARODA, EQ, 21-Feb-2024,273.25,273.5,279.5,273.0, 275.30,275.1,276.22,19624058,54205.09,136308, 5751511, 29.31
BANKBEES, EQ, 21-Feb-2024,479.32,484.99,484.99,477.7, 478.25,478.5,479.83,979824,4701.53,12820, 548470, 55.98
BANKBETF, EQ, 21-Feb-2024,47.08,47.28,47.35,46.86, 46.93,46.91,47.07,6915,3.26,102, 4667, 67.49
BANKETF, EQ, 21-Feb-2024,470.68,472.69,472.69,468.39, 469.24,469.88,471.05,7112,33.5,183, 6472, 91.00
BANKETFADD, EQ, 21-Feb-2024,47.27,48.7,48.7,46.46, 47.10,47.22,47.45,33695,15.99,308, 24158, 71.70
BANKIETF, EQ, 21-Feb-2024,47.47,47.47,48.18,47.3, 47.40,47.47,47.54,807111,383.69,1260, 495540, 61.40
BANKINDIA, EQ, 21-Feb-2024,141.95,142.65,146.45,140.4, 141.60,141.2,143.91,15922241,22913.52,89157, 5334613, 33.50
BANSWRAS, EQ, 21-Feb-2024,160.6,161.0,171.75,159.8, 165.00,163.7,166.67,425173,708.62,14572, 209681, 49.32
BARBEQUE, EQ, 21-Feb-2024,612.95,622.85,622.85,607.95, 612.70,611.8,614.15,110463,678.41,14747, 56661, 51.29
BASF, EQ, 21-Feb-2024,3324.3,3348.65,3348.65,3212.05, 3275.00,3260.4,3280.55,18945,621.5,3769, 9383, 49.53
BASML, EQ, 21-Feb-2024,50.95,51.35,54.35,50.4, 51.95,51.9,52.78,829743,437.92,4818, 337319, 40.65
BATAINDIA, EQ, 21-Feb-2024,1437.85,1449.9,1452.85,1425.05, 1432.00,1431.95,1435.27,343186,4925.64,21233, 163646, 47.68
BAYERCROP, EQ, 21-Feb-2024,6111.7,6056.1,6201.25,6000.0, 6021.00,6071.6,6113.67,20838,1273.97,7915, 10183, 48.87
BBETF0432, EQ, 21-Feb-2024,1124.15,1127.99,1127.99,1125.05, 1126.00,1125.98,1126.13,371,4.18,29, 361, 97.30
BBL, EQ, 21-Feb-2024,5781.1,5835.65,5835.65,5651.5, 5700.00,5680.9,5731.88,24395,1398.29,5844, 12043, 49.37
BBNPPGOLD, EQ, 21-Feb-2024,61.65,61.8,62.0,61.65, 61.80,61.9,61.8,195,0.12,25, 164, 84.10
BBOX, EQ, 21-Feb-2024,271.35,270.55,279.3,270.0, 273.00,273.15,274.38,45288,124.26,1432, 30107, 66.48
BBTC, EQ, 21-Feb-2024,1782.45,1778.0,1794.8,1697.5, 1707.00,1712.75,1744.1,179465,3130.06,16156, 72348, 40.31
BBTCL, EQ, 21-Feb-2024,273.55,271.6,274.7,265.1, 270.00,267.35,270.01,5642,15.23,256, 3743, 66.34
BCG, EQ, 21-Feb-2024,18.35,18.45,18.75,17.9, 18.05,18.0,18.3,22519617,4121.01,17718, 6844209, 30.39
BCLIND, EQ, 21-Feb-2024,81.2,81.85,84.4,79.1, 79.70,79.45,81.53,2390999,1949.47,14517, 987551, 41.30
BDL, EQ, 21-Feb-2024,1751.65,1753.0,1758.6,1677.0, 1700.05,1700.05,1718.39,814514,13996.57,49017, 443563, 54.46
BECTORFOOD, EQ, 21-Feb-2024,1044.15,1060.0,1115.0,1038.35, 1113.00,1110.6,1092.32,432057,4719.43,33643, 197738, 45.77
BEL, EQ, 21-Feb-2024,190.65,191.3,192.55,187.0, 188.70,188.7,190.38,17870782,34023.23,125008, 8903698, 49.82
BEML, EQ, 21-Feb-2024,3011.0,3015.0,3069.0,2961.0, 2977.00,2979.45,3028.46,288132,8725.95,33817, 84477, 29.32
BEPL, EQ, 21-Feb-2024,100.85,101.45,101.65,98.5, 98.75,99.0,99.72,414097,412.95,5578, 208303, 50.30
BERGEPAINT, EQ, 21-Feb-2024,563.35,565.0,575.85,561.5, 573.60,572.25,567.92,1097088,6230.57,23839, 595680, 54.30
BFINVEST, EQ, 21-Feb-2024,567.45,568.05,576.6,549.0, 556.95,553.6,562.37,108592,610.69,8977, 34354, 31.64
BFSI, EQ, 21-Feb-2024,21.1,21.1,21.23,20.95, 21.02,21.01,21.12,498745,105.33,1264, 362222, 72.63
BFUTILITIE, EQ, 21-Feb-2024,800.15,800.9,806.0,759.55, 772.70,766.35,780.92,609699,4761.27,34008, 224678, 36.85
BGRENERGY, EQ, 21-Feb-2024,113.65,114.5,116.8,102.65, 102.95,105.05,109.69,3297400,3616.96,19307, 1885923, 57.19
BHAGCHEM, EQ, 21-Feb-2024,1726.5,1759.75,1760.0,1724.0, 1750.00,1745.55,1738.52,6306,109.63,1004, 4086, 64.80
BHAGERIA, EQ, 21-Feb-2024,171.05,172.75,190.9,169.3, 183.10,182.55,183.88,1662590,3057.25,47618, 496302, 29.85
BHAGYANGR, EQ, 21-Feb-2024,103.85,104.65,106.95,102.0, 104.00,103.45,104.61,111764,116.92,2781, 50024, 44.76
BHANDARI, EQ, 21-Feb-2024,10.3,10.8,10.8,10.35, 10.80,10.8,10.78,1123898,121.15,852, 769998, 68.51
BHARATFORG, EQ, 21-Feb-2024,1122.55,1125.9,1142.4,1115.7, 1120.45,1123.3,1130.05,1137612,12855.53,50809, 643686, 56.58
BHARATGEAR, EQ, 21-Feb-2024,124.1,123.8,128.85,122.95, 124.80,124.8,125.96,166112,209.23,1977, 108298, 65.20
BHARATRAS, EQ, 21-Feb-2024,8850.9,8955.0,8955.0,8826.15, 8844.10,8839.8,8866.38,556,49.3,283, 317, 57.01
BHARTIARTL, EQ, 21-Feb-2024,1143.95,1155.0,1159.15,1132.6, 1140.90,1139.9,1146.8,4570259,52411.91,198401, 2746225, 60.09
BHEL, EQ, 21-Feb-2024,230.9,232.0,232.35,220.05, 222.70,221.9,225.75,22193528,50101.5,119286, 6425060, 28.95
BIGBLOC, EQ, 21-Feb-2024,222.15,222.15,261.0,222.0, 260.50,253.55,249.16,3265348,8136.06,86605, 566105, 17.34
BIKAJI, EQ, 21-Feb-2024,535.3,539.25,539.3,529.6, 531.90,532.0,532.57,236020,1256.97,5705, 191185, 81.00
BIOCON, EQ, 21-Feb-2024,281.2,281.5,283.8,272.65, 274.50,274.0,277.46,5852991,16239.62,54794, 2179322, 37.23
BIOFILCHEM, EQ, 21-Feb-2024,74.05,74.8,74.85,70.7, 72.80,71.95,72.93,88026,64.2,1132, 66262, 75.28
BIRLACABLE, EQ, 21-Feb-2024,300.45,302.1,308.95,290.35, 293.95,294.75,301.2,160645,483.86,15801, 48875, 30.42
BIRLACORPN, EQ, 21-Feb-2024,1698.05,1707.0,1755.0,1684.1, 1694.75,1697.5,1714.18,143632,2462.11,20333, 46019, 32.04
BLAL, EQ, 21-Feb-2024,284.35,286.4,288.8,272.5, 277.00,274.15,279.88,160152,448.23,3550, 96483, 60.24
BLISSGVS, EQ, 21-Feb-2024,130.45,132.3,132.3,123.8, 128.15,127.95,128.14,884694,1133.61,12459, 332373, 37.57
BLKASHYAP, EQ, 21-Feb-2024,76.8,77.25,83.85,76.3, 80.00,80.05,80.81,5232479,4228.41,17211, 2777943, 53.09
BLS, EQ, 21-Feb-2024,386.15,387.9,392.5,372.6, 379.50,379.1,383.51,1228317,4710.66,39962, 449673, 36.61
BLSE, EQ, 21-Feb-2024,399.45,400.95,407.0,378.0, 387.50,387.3,392.38,2467308,9681.18,74258, 633540, 25.68
BLUEDART, EQ, 21-Feb-2024,6340.8,6344.45,6370.0,6203.25, 6239.00,6230.15,6305.02,10407,656.16,2692, 6973, 67.00
BLUEJET, EQ, 21-Feb-2024,353.65,356.95,365.1,345.5, 347.00,348.15,357.13,460870,1645.92,7767, 260872, 56.60
BLUESTARCO, EQ, 21-Feb-2024,1286.6,1290.0,1299.0,1260.25, 1273.55,1271.55,1285.44,121808,1565.76,14024, 48334, 39.68
BODALCHEM, EQ, 21-Feb-2024,81.5,82.45,86.0,79.05, 81.50,81.2,83.91,3807502,3195.05,19712, 1309790, 34.40
BOMDYEING, EQ, 21-Feb-2024,179.45,180.9,183.9,176.65, 177.00,177.8,180.63,1764061,3186.39,16115, 1129110, 64.01
BOROLTD, EQ, 21-Feb-2024,384.05,384.7,401.95,384.7, 391.20,387.55,393.08,351181,1380.43,15035, 112470, 32.03
BORORENEW, EQ, 21-Feb-2024,563.65,568.0,584.65,554.4, 559.70,560.15,570.11,1089210,6209.73,40705, 241369, 22.16
BOSCHLTD, EQ, 21-Feb-2024,29148.4,29170.0,29199.95,27925.2, 28148.00,28054.25,28338.16,66555,18860.46,24393, 30507, 45.84
BPCL, EQ, 21-Feb-2024,657.6,663.6,667.85,630.0, 633.10,633.2,645.34,8861132,57184.05,157117, 2567498, 28.97
BPL, EQ, 21-Feb-2024,104.85,105.45,107.0,100.0, 101.70,100.7,102.39,320971,328.65,5676, 152338, 47.46
BRIGADE, EQ, 21-Feb-2024,983.55,987.9,1018.4,983.35, 1008.00,1005.0,1001.33,313516,3139.34,26111, 160222, 51.10
BRITANNIA, EQ, 21-Feb-2024,4921.15,4934.75,4988.3,4888.0, 4914.95,4923.0,4936.93,235932,11647.8,29772, 107830, 45.70
BRNL, EQ, 21-Feb-2024,79.55,79.55,81.0,78.0, 78.00,78.6,79.35,180232,143.02,2546, 117048, 64.94
BROOKS, EQ, 21-Feb-2024,130.15,131.5,132.95,128.0, 129.05,128.5,130.07,45274,58.89,2955, 11831, 26.13
BSE, EQ, 21-Feb-2024,2296.95,2308.0,2310.9,2190.0, 2197.75,2216.2,2248.04,559517,12578.15,39092, 392881, 70.22
BSE500IETF, EQ, 21-Feb-2024,33.96,34.33,34.34,33.6, 33.60,34.12,34.13,1231459,420.25,744, 1106863, 89.88
BSHSL, EQ, 21-Feb-2024,238.75,243.0,243.0,236.2, 236.20,237.35,238.55,16184,38.61,886, 7619, 47.08
BSL, EQ, 21-Feb-2024,193.35,199.0,199.0,191.1, 191.10,192.6,195.49,8920,17.44,245, 7081, 79.38
BSLGOLDETF, EQ, 21-Feb-2024,55.64,55.52,55.98,55.52, 55.60,55.66,55.76,11006,6.14,296, 5170, 46.97
BSLNIFTY, EQ, 21-Feb-2024,25.24,25.6,25.6,25.02, 25.05,25.12,25.26,120667,30.49,4156, 76891, 63.72
BSLSENETFG, EQ, 21-Feb-2024,71.42,72.0,72.0,70.89, 70.89,71.02,71.55,632,0.45,88, 412, 65.19
BSOFT, EQ, 21-Feb-2024,806.45,808.25,818.35,791.25, 793.85,796.4,805.77,1464276,11798.72,47650, 448326, 30.62
BTML, EQ, 21-Feb-2024,190.7,192.0,192.7,185.2, 188.10,190.1,190.34,288795,549.68,3863, 171353, 59.33
BUTTERFLY, EQ, 21-Feb-2024,901.3,925.0,925.0,885.3, 894.90,890.7,899.23,6262,56.31,956, 3467, 55.37
CAMLINFINE, EQ, 21-Feb-2024,127.6,126.55,127.2,123.25, 124.05,123.95,124.53,781647,973.38,12134, 314371, 40.22
CAMPUS, EQ, 21-Feb-2024,245.05,257.25,275.8,249.05, 253.00,252.0,264.57,24530536,64900.42,268413, 2772659, 11.30
CAMS, EQ, 21-Feb-2024,2861.45,2868.0,3039.95,2863.5, 2989.00,2989.55,2980.21,798662,23801.8,67989, 272425, 34.11
CANBK, EQ, 21-Feb-2024,569.0,569.5,582.75,564.05, 567.00,567.35,574.91,11221001,64510.97,104242, 4089982, 36.45
CANFINHOME, EQ, 21-Feb-2024,797.95,797.95,811.4,782.4, 783.60,786.1,796.4,445219,3545.74,22398, 197909, 44.45
CANTABIL, EQ, 21-Feb-2024,243.05,244.2,245.2,236.55, 238.00,238.5,240.68,77524,186.58,3739, 20847, 26.89
CAPACITE, EQ, 21-Feb-2024,263.0,263.5,265.55,254.05, 255.30,255.05,257.81,1290035,3325.79,14998, 856308, 66.38
CAPITALSFB, EQ, 21-Feb-2024,423.95,423.95,438.0,417.55, 426.00,428.25,425.37,508447,2162.8,21465, 169747, 33.39
CAPLIPOINT, EQ, 21-Feb-2024,1562.0,1572.5,1572.5,1527.0, 1532.00,1545.45,1548.73,102635,1589.54,12965, 42662, 41.57
CAPTRUST, EQ, 21-Feb-2024,122.9,122.5,124.0,114.1, 115.00,115.8,118.7,74867,88.87,3522, 33734, 45.06
CARBORUNIV, EQ, 21-Feb-2024,1097.9,1101.7,1105.05,1072.05, 1085.00,1083.15,1095.23,197047,2158.12,7930, 168116, 85.32
CARERATING, EQ, 21-Feb-2024,1160.05,1150.0,1175.0,1132.05, 1142.00,1156.1,1149.88,27840,320.13,3958, 9816, 35.26
CARTRADE, EQ, 21-Feb-2024,699.95,705.0,705.0,690.0, 693.00,692.4,695.38,87792,610.49,6314, 58616, 66.77
CARYSIL, EQ, 21-Feb-2024,992.25,992.25,1059.0,992.25, 1047.00,1040.4,1033.71,146027,1509.5,18442, 60110, 41.16
CASTROLIND, EQ, 21-Feb-2024,207.1,208.45,209.9,200.7, 202.00,201.95,204.85,3977613,8148.29,37808, 1555730, 39.11
CCL, EQ, 21-Feb-2024,648.4,651.65,659.0,639.05, 644.00,643.5,650.2,99880,649.42,7610, 51985, 52.05
CDSL, EQ, 21-Feb-2024,1841.3,1842.0,1856.95,1786.35, 1797.00,1799.6,1819.36,568555,10344.03,43420, 327132, 57.54
CEATLTD, EQ, 21-Feb-2024,2893.05,2897.8,2948.0,2861.4, 2862.55,2885.0,2904.58,168547,4895.59,17162, 77551, 46.01
CELLO, EQ, 21-Feb-2024,809.15,817.0,830.0,810.9, 818.05,822.2,820.84,429151,3522.65,20192, 330756, 77.07
CENTENKA, EQ, 21-Feb-2024,447.1,445.05,457.0,445.05, 449.05,448.75,451.75,31659,143.02,3088, 16084, 50.80
CENTRALBK, EQ, 21-Feb-2024,65.85,66.15,68.4,65.4, 66.15,65.85,66.72,29225281,19498.34,53994, 4938443, 16.90
CENTRUM, EQ, 21-Feb-2024,36.05,36.15,36.9,35.3, 35.95,35.65,35.87,738079,264.73,3448, 363348, 49.23
CENTUM, EQ, 21-Feb-2024,1849.45,1812.35,1850.0,1726.4, 1775.00,1778.75,1804.05,46862,845.42,8069, 16393, 34.98
CENTURYPLY, EQ, 21-Feb-2024,722.7,717.05,729.6,717.0, 722.90,719.65,723.55,53872,389.79,7863, 24627, 45.71
CENTURYTEX, EQ, 21-Feb-2024,1459.3,1464.35,1485.0,1431.5, 1435.00,1437.1,1459.64,127958,1867.73,9766, 60436, 47.23
CERA, EQ, 21-Feb-2024,7580.5,7550.0,7618.05,7441.1, 7488.00,7482.8,7539.63,5259,396.51,2225, 2817, 53.57
CESC, EQ, 21-Feb-2024,130.5,131.15,132.15,128.0, 128.75,128.35,129.56,3402895,4408.68,24669, 1633697, 48.01
CGCL, EQ, 21-Feb-2024,949.55,954.2,967.85,950.95, 956.00,958.05,958.06,806168,7723.54,9283, 721925, 89.55
CGPOWER, EQ, 21-Feb-2024,436.25,435.0,435.6,421.95, 427.50,425.95,429.62,1108790,4763.6,25223, 764455, 68.94
CHALET, EQ, 21-Feb-2024,838.1,846.0,860.7,825.0, 836.00,829.7,840.58,262127,2203.39,22740, 102240, 39.00
CHAMBLFERT, EQ, 21-Feb-2024,368.9,370.7,373.6,363.95, 365.10,366.0,370.08,1458692,5398.37,23927, 618731, 42.42
CHEMBOND, EQ, 21-Feb-2024,511.7,506.65,512.7,489.2, 498.50,495.25,500.16,19606,98.06,2024, 10476, 53.43
CHEMCON, EQ, 21-Feb-2024,264.2,267.0,267.0,261.6, 263.00,262.1,264.03,39561,104.45,2810, 22954, 58.02
CHEMFAB, EQ, 21-Feb-2024,431.05,431.15,434.45,418.3, 420.00,421.65,426.37,28616,122.01,1928, 18984, 66.34
CHEMPLASTS, EQ, 21-Feb-2024,455.05,462.0,495.0,460.0, 477.10,474.0,477.48,622782,2973.64,41156, 70659, 11.35
CHENNPETRO, EQ, 21-Feb-2024,969.2,973.0,986.0,928.05, 942.90,935.95,952.83,897789,8554.43,39809, 255686, 28.48
CHEVIOT, EQ, 21-Feb-2024,1438.15,1430.0,1439.85,1405.0, 1419.00,1414.3,1425.13,2391,34.07,567, 1624, 67.92
CHOICEIN, EQ, 21-Feb-2024,289.55,290.0,292.2,283.05, 284.00,286.0,286.57,574145,1645.31,12245, 246295, 42.90
CHOLAFIN, EQ, 21-Feb-2024,1099.9,1097.55,1109.9,1081.0, 1088.90,1085.55,1098.62,2133034,23434.0,68611, 1569758, 73.59
CHOLAHLDNG, EQ, 21-Feb-2024,1055.4,1059.9,1060.05,1032.05, 1040.00,1042.9,1041.71,345890,3603.17,13782, 285273, 82.48
CIEINDIA, EQ, 21-Feb-2024,472.85,473.25,477.65,459.0, 463.00,462.35,466.3,837924,3907.23,36492, 562878, 67.18
CIGNITITEC, EQ, 21-Feb-2024,1098.0,1103.0,1117.0,1078.05, 1096.00,1097.4,1095.66,215248,2358.38,12900, 111456, 51.78
CINELINE, EQ, 21-Feb-2024,132.7,131.35,136.2,130.15, 130.15,131.7,133.11,21710,28.9,1273, 12059, 55.55
CINEVISTA, EQ, 21-Feb-2024,22.5,22.85,22.85,20.9, 21.65,21.35,21.5,197902,42.56,1250, 102139, 51.61
CIPLA, EQ, 21-Feb-2024,1451.65,1452.0,1462.5,1433.45, 1447.95,1447.3,1451.12,1074054,15585.78,68075, 613544, 57.12
CLEAN, EQ, 21-Feb-2024,1406.45,1422.85,1477.05,1412.45, 1466.00,1465.6,1453.98,276292,4017.22,28971, 114546, 41.46
CLEDUCATE, EQ, 21-Feb-2024,92.35,93.0,94.0,90.35, 91.25,92.0,91.86,118035,108.43,2301, 46800, 39.65
CLSEL, EQ, 21-Feb-2024,258.75,262.0,267.0,253.1, 255.00,256.2,261.31,403062,1053.24,13847, 171826, 42.63
CMSINFO, EQ, 21-Feb-2024,369.65,370.75,376.4,368.25, 369.90,369.65,373.04,396505,1479.11,21102, 264178, 66.63
COALINDIA, EQ, 21-Feb-2024,446.5,450.95,450.95,431.0, 434.00,432.95,439.02,19032050,83553.91,174909, 9822495, 51.61
COASTCORP, EQ, 21-Feb-2024,294.2,299.4,304.4,294.4, 299.95,296.85,298.23,21181,63.17,1490, 7557, 35.68
COCHINSHIP, EQ, 21-Feb-2024,843.8,846.55,849.9,825.05, 834.40,830.85,836.17,1005409,8406.96,41252, 345692, 34.38
COFFEEDAY, EQ, 21-Feb-2024,63.5,63.8,64.75,61.55, 62.30,62.2,62.81,5671459,3562.04,15749, 2152319, 37.95
COFORGE, EQ, 21-Feb-2024,6653.45,6700.0,6704.9,6500.0, 6535.00,6546.0,6569.13,303362,19928.25,40903, 162507, 53.57
COLPAL, EQ, 21-Feb-2024,2536.15,2542.95,2559.8,2522.0, 2530.80,2535.55,2537.45,254368,6454.47,23249, 150071, 59.00
COMMOIETF, EQ, 21-Feb-2024,83.56,83.86,84.37,82.54, 83.10,82.77,83.32,30198,25.16,463, 23039, 76.29
COMSYN, EQ, 21-Feb-2024,86.35,86.3,88.0,84.0, 84.15,84.95,85.62,10851,9.29,132, 9684, 89.25
CONCOR, EQ, 21-Feb-2024,999.8,1004.0,1027.65,986.1, 990.85,991.9,1010.61,3854456,38953.65,86424, 1694406, 43.96
CONCORDBIO, EQ, 21-Feb-2024,1387.3,1400.0,1472.6,1388.4, 1460.00,1443.4,1426.8,147824,2109.15,16354, 90866, 61.47
CONFIPET, EQ, 21-Feb-2024,113.6,114.4,117.6,109.0, 110.25,110.1,112.74,8907307,10042.44,38622, 2842859, 31.92
CONSOFINVT, EQ, 21-Feb-2024,270.9,270.9,276.4,267.0, 269.70,267.55,269.29,13237,35.65,781, 9641, 72.83
CONSUMBEES, EQ, 21-Feb-2024,108.37,108.38,109.25,108.06, 108.64,108.41,108.68,38648,42.0,578, 26962, 69.76
CONSUMIETF, EQ, 21-Feb-2024,100.54,102.0,102.0,100.1, 100.15,100.17,100.67,5164,5.2,114, 3362, 65.10
CONTROLPR, EQ, 21-Feb-2024,956.85,959.9,969.3,926.55, 931.60,932.4,941.04,27501,258.79,4739, 14784, 53.76
COROMANDEL, EQ, 21-Feb-2024,1095.4,1100.0,1104.7,1082.0, 1086.00,1085.45,1092.01,238135,2600.46,20813, 99692, 41.86
COSMOFIRST, EQ, 21-Feb-2024,537.65,537.0,539.35,522.65, 529.00,527.9,529.92,117664,623.53,9895, 59616, 50.67
CPSEETF, EQ, 21-Feb-2024,81.7,83.29,83.29,79.6, 80.47,79.91,80.12,9421062,7548.44,18750, 7481451, 79.41
CRAFTSMAN, EQ, 21-Feb-2024,4453.25,4525.0,4525.0,4390.0, 4415.00,4407.9,4426.9,24298,1075.65,6618, 11849, 48.77
CREATIVE, EQ, 21-Feb-2024,769.4,769.4,780.0,745.95, 768.00,767.15,762.46,31737,241.98,2176, 16982, 53.51
CREDITACC, EQ, 21-Feb-2024,1499.25,1509.0,1511.9,1460.05, 1470.00,1467.8,1475.36,231090,3409.42,19949, 146271, 63.30
CREST, EQ, 21-Feb-2024,483.25,483.25,492.5,475.3, 483.00,480.4,482.22,27229,131.3,1033, 19815, 72.77
CRISIL, EQ, 21-Feb-2024,5050.55,5035.0,5136.0,4950.1, 5065.00,5063.8,5011.47,79599,3989.08,14844, 25245, 31.72
CROMPTON, EQ, 21-Feb-2024,290.0,291.5,291.6,288.25, 290.10,290.3,289.94,3319385,9624.23,25660, 2820983, 84.99
CSBBANK, EQ, 21-Feb-2024,366.4,366.4,367.95,348.0, 352.90,351.45,357.42,460705,1646.65,27451, 227545, 49.39
CSLFINANCE, EQ, 21-Feb-2024,491.4,492.05,496.5,483.55, 487.00,487.1,488.05,34891,170.29,4198, 15294, 43.83
CTE, EQ, 21-Feb-2024,107.1,107.1,107.8,98.55, 101.50,99.9,102.14,180596,184.46,2763, 100327, 55.55
CUB, EQ, 21-Feb-2024,136.25,137.0,137.25,133.3, 133.90,133.75,134.98,5292956,7144.38,23972, 3447591, 65.14
CUMMINSIND, EQ, 21-Feb-2024,2629.3,2617.95,2643.25,2591.2, 2605.05,2607.9,2615.0,285288,7460.3,22559, 170175, 59.65
CYBERTECH, EQ, 21-Feb-2024,168.65,169.35,173.5,167.5, 169.00,168.85,170.35,75134,127.99,3737, 39318, 52.33
CYIENT, EQ, 21-Feb-2024,2014.4,2020.0,2031.5,1954.65, 1972.00,1964.4,1978.4,346969,6864.42,31989, 283675, 81.76
CYIENTDLM, EQ, 21-Feb-2024,786.1,788.95,796.55,756.6, 770.00,768.8,773.83,195749,1514.76,17710, 94968, 48.52
DABUR, EQ, 21-Feb-2024,547.55,547.6,549.85,544.35, 544.90,546.3,546.96,1636393,8950.38,26346, 1132220, 69.19
DALBHARAT, EQ, 21-Feb-2024,2085.55,2080.0,2126.9,2075.6, 2085.00,2086.95,2107.82,430199,9067.81,24135, 280186, 65.13
DALMIASUG, EQ, 21-Feb-2024,411.9,415.0,418.75,405.1, 406.50,407.95,414.06,161085,666.98,11367, 71272, 44.24
DAMODARIND, EQ, 21-Feb-2024,57.15,57.85,58.8,55.7, 55.70,56.3,56.89,31206,17.75,389, 18511, 59.32
DANGEE, EQ, 21-Feb-2024,12.15,12.35,12.35,11.6, 11.75,11.7,11.92,263942,31.47,635, 193182, 73.19
DATAMATICS, EQ, 21-Feb-2024,614.15,615.85,617.7,591.6, 599.00,595.1,603.33,111058,670.04,8462, 58195, 52.40
DATAPATTNS, EQ, 21-Feb-2024,2036.95,2036.95,2110.0,2018.2, 2054.00,2060.45,2063.29,274446,5662.62,28234, 80902, 29.48
DAVANGERE, EQ, 21-Feb-2024,107.1,108.0,109.85,106.5, 109.00,107.75,108.37,356785,386.64,3253, 236587, 66.31
DBL, EQ, 21-Feb-2024,478.5,479.9,485.1,451.0, 459.50,457.3,464.77,833457,3873.64,18124, 399833, 47.97
DBOL, EQ, 21-Feb-2024,141.8,142.4,146.3,141.25, 142.20,142.35,143.55,337605,484.64,4794, 135138, 40.03
DBREALTY, EQ, 21-Feb-2024,270.4,272.05,274.0,260.0, 262.70,263.85,268.77,1947940,5235.42,17771, 950512, 48.80
DBSTOCKBRO, EQ, 21-Feb-2024,53.0,52.95,52.95,50.35, 51.85,50.55,50.53,59964,30.3,534, 47460, 79.15
DCAL, EQ, 21-Feb-2024,223.9,222.0,225.75,214.0, 216.25,216.65,220.04,984483,2166.3,20412, 405173, 41.16
DCBBANK, EQ, 21-Feb-2024,135.75,135.55,136.8,132.95, 133.20,133.6,134.43,1349715,1814.42,13440, 700372, 51.89
DCI, EQ, 21-Feb-2024,223.8,220.0,231.0,220.0, 220.50,221.25,222.65,3522,7.84,437, 1647, 46.76
DCM, EQ, 21-Feb-2024,90.25,91.65,91.7,84.6, 85.60,85.5,87.52,191414,167.52,4012, 116424, 60.82
DCMNVL, EQ, 21-Feb-2024,180.35,182.5,184.9,178.6, 182.95,180.9,181.37,24066,43.65,740, 16575, 68.87
DCMSHRIRAM, EQ, 21-Feb-2024,974.5,981.0,981.2,964.3, 964.50,969.35,970.46,20664,200.54,2416, 10628, 51.43
DCMSRIND, EQ, 21-Feb-2024,217.0,217.8,222.9,210.05, 213.95,211.55,216.27,425124,919.4,14161, 230733, 54.27
DCW, EQ, 21-Feb-2024,61.1,61.2,62.2,59.45, 59.70,59.8,60.8,3423501,2081.52,13013, 1301261, 38.01
DCXINDIA, EQ, 21-Feb-2024,331.3,333.0,335.2,317.0, 317.50,318.35,324.01,806807,2614.17,16642, 474239, 58.78
DECCANCE, EQ, 21-Feb-2024,659.15,664.0,666.0,636.0, 640.00,639.75,648.68,24490,158.86,1686, 16269, 66.43
DEEPAKFERT, EQ, 21-Feb-2024,514.55,515.2,527.4,514.55, 522.15,522.05,520.76,1849768,9632.78,46700, 420636, 22.74
DEEPAKNTR, EQ, 21-Feb-2024,2356.6,2371.95,2378.0,2312.05, 2330.00,2326.75,2344.06,748700,17549.99,46312, 259315, 34.64
DEEPENR, EQ, 21-Feb-2024,172.2,173.75,174.05,166.0, 168.00,167.6,170.68,17925,30.6,695, 12753, 71.15
DEEPINDS, EQ, 21-Feb-2024,245.15,247.0,248.2,240.75, 244.30,243.95,244.58,150088,367.09,6116, 62573, 41.69
DELHIVERY, EQ, 21-Feb-2024,472.05,472.05,478.0,462.95, 470.90,472.85,472.41,3063023,14470.13,48011, 2403267, 78.46
DELPHIFX, EQ, 21-Feb-2024,249.95,257.85,257.85,243.0, 244.70,244.1,245.77,85022,208.96,1269, 72567, 85.35
DELTACORP, EQ, 21-Feb-2024,144.25,145.0,147.25,141.4, 142.25,142.4,143.76,2918045,4195.1,17403, 1251625, 42.89
DELTAMAGNT, EQ, 21-Feb-2024,94.1,95.4,96.35,92.1, 92.30,92.65,93.84,5835,5.48,222, 4816, 82.54
DEN, EQ, 21-Feb-2024,59.95,60.2,60.65,58.1, 58.85,58.6,59.17,2062772,1220.52,7346, 878254, 42.58
DENORA, EQ, 21-Feb-2024,1708.95,1715.0,1732.05,1650.5, 1653.90,1659.45,1690.22,33102,559.5,5484, 18963, 57.29
DEVIT, EQ, 21-Feb-2024,143.1,148.75,148.9,142.5, 143.80,143.35,143.93,20483,29.48,493, 13369, 65.27
DEVYANI, EQ, 21-Feb-2024,165.75,171.1,175.0,165.5, 167.80,167.05,169.61,11594032,19664.43,93683, 3165972, 27.31
DGCONTENT, EQ, 21-Feb-2024,22.2,22.6,22.6,21.1, 21.75,21.45,21.88,64130,14.03,209, 49273, 76.83
DHAMPURSUG, EQ, 21-Feb-2024,252.75,254.0,254.75,249.0, 250.65,250.35,251.64,245843,618.64,7691, 112369, 45.71
DHANBANK, EQ, 21-Feb-2024,52.65,54.2,54.8,50.05, 50.30,50.7,51.75,13250005,6856.26,44441, 7046810, 53.18
DHANI, EQ, 21-Feb-2024,43.1,43.0,43.75,40.7, 41.10,41.0,41.97,2940177,1233.85,11178, 1294534, 44.03
DHANUKA, EQ, 21-Feb-2024,1125.1,1125.15,1179.9,1123.75, 1170.00,1156.55,1146.86,58748,673.76,8690, 30820, 52.46
DHARMAJ, EQ, 21-Feb-2024,246.25,247.45,250.1,240.0, 242.40,240.8,244.56,46272,113.16,3411, 26694, 57.69
DHRUV, EQ, 21-Feb-2024,85.05,85.2,90.5,85.2, 85.90,86.55,88.26,149352,131.82,2379, 89226, 59.74
DHUNINV, EQ, 21-Feb-2024,1283.25,1304.9,1313.0,1260.1, 1295.00,1285.1,1282.48,3348,42.94,773, 1461, 43.64
DIAMINESQ, EQ, 21-Feb-2024,526.1,531.0,531.0,505.05, 516.00,511.4,516.09,9697,50.05,1513, 5756, 59.36
DIAMONDYD, EQ, 21-Feb-2024,1194.25,1198.35,1218.2,1165.05, 1171.00,1176.55,1188.33,31315,372.13,4573, 13220, 42.22
DICIND, EQ, 21-Feb-2024,482.6,503.0,503.0,485.35, 491.00,489.7,492.41,4629,22.79,423, 3070, 66.32
DIGISPICE, EQ, 21-Feb-2024,33.55,34.2,34.45,32.35, 32.35,32.45,33.12,158749,52.58,846, 91955, 57.92
DIL, EQ, 21-Feb-2024,9.3,9.35,9.35,9.05, 9.20,9.15,9.18,1572839,144.42,2339, 960652, 61.08
DISHTV, EQ, 21-Feb-2024,24.75,24.0,24.65,22.75, 23.05,23.1,23.8,118345104,28170.33,59428, 33291085, 28.13
DIVGIITTS, EQ, 21-Feb-2024,861.05,878.95,878.95,846.05, 857.00,854.25,852.6,15437,131.62,3095, 8913, 57.74
DIVISLAB, EQ, 21-Feb-2024,3712.75,3708.05,3739.7,3637.2, 3641.00,3649.1,3670.05,386150,14171.89,54058, 232962, 60.33
DIVOPPBEES, EQ, 21-Feb-2024,74.31,74.74,74.74,73.0, 74.20,73.32,73.79,61025,45.03,1230, 42096, 68.98
DIXON, EQ, 21-Feb-2024,6706.5,6725.0,6831.0,6705.0, 6715.00,6734.0,6758.19,335010,22640.62,43289, 78270, 23.36
DJML, EQ, 21-Feb-2024,149.2,149.9,150.9,146.75, 147.00,147.8,147.81,22653,33.48,353, 16520, 72.93
DLF, EQ, 21-Feb-2024,863.9,865.0,896.75,863.9, 887.50,886.85,885.32,8801547,77921.83,141732, 3309687, 37.60
DLINKINDIA, EQ, 21-Feb-2024,296.5,295.25,297.9,295.05, 295.15,295.95,296.47,69606,206.36,3064, 35236, 50.62
DMART, EQ, 21-Feb-2024,3756.2,3752.0,3889.0,3752.0, 3833.00,3835.75,3837.42,592509,22737.09,62565, 279980, 47.25
DMCC, EQ, 21-Feb-2024,325.95,317.45,342.9,317.45, 330.00,325.6,332.12,60779,201.86,3177, 25937, 42.67
DODLA, EQ, 21-Feb-2024,1026.65,1029.85,1052.65,1011.2, 1025.00,1018.95,1019.84,43166,440.22,4726, 17376, 40.25
DOLATALGO, EQ, 21-Feb-2024,81.55,82.0,82.0,77.1, 78.00,78.2,79.45,409137,325.05,2598, 210500, 51.45
DOLLAR, EQ, 21-Feb-2024,488.75,483.15,492.0,478.6, 490.20,490.6,489.09,135252,661.5,9272, 75685, 55.96
DOMS, EQ, 21-Feb-2024,1576.55,1580.0,1643.8,1502.0, 1526.00,1530.25,1587.35,258142,4097.62,24003, 80804, 31.30
DONEAR, EQ, 21-Feb-2024,102.65,103.3,104.85,100.1, 101.70,101.5,102.97,157728,162.41,2505, 60068, 38.08
DPABHUSHAN, EQ, 21-Feb-2024,762.7,771.1,778.45,743.65, 755.00,755.75,760.74,19941,151.7,1259, 15239, 76.42
DPSCLTD, EQ, 21-Feb-2024,22.8,23.0,23.4,22.55, 22.90,22.75,22.88,567961,129.97,2825, 349897, 61.61
DPWIRES, EQ, 21-Feb-2024,454.7,456.7,476.55,455.8, 463.00,459.7,465.69,71513,333.03,8296, 29508, 41.26
DREAMFOLKS, EQ, 21-Feb-2024,502.9,505.0,505.0,493.05, 496.00,495.6,498.13,135507,675.01,8550, 86782, 64.04
DRREDDY, EQ, 21-Feb-2024,6376.0,6387.0,6402.55,6305.0, 6322.00,6349.15,6350.56,199179,12648.98,33126, 121957, 61.23
DSSL, EQ, 21-Feb-2024,726.3,730.0,871.55,727.6, 871.55,846.6,814.53,419354,3415.78,35726, 115304, 27.50
DTIL, EQ, 21-Feb-2024,224.55,224.55,230.85,220.5, 220.50,221.85,226.78,21945,49.77,609, 12444, 56.71
DVL, EQ, 21-Feb-2024,404.3,395.05,409.4,386.55, 389.00,390.3,395.65,38584,152.66,1571, 25960, 67.28
DWARKESH, EQ, 21-Feb-2024,81.8,82.4,82.85,80.75, 80.90,80.95,81.72,1446106,1181.75,7864, 630682, 43.61
DYCL, EQ, 21-Feb-2024,441.0,448.8,454.75,434.0, 439.80,436.65,442.02,38125,168.52,6764, 16083, 42.18
DYNAMATECH, EQ, 21-Feb-2024,6848.85,6850.0,7068.0,6776.05, 6829.55,6876.35,6962.58,14699,1023.43,4594, 4859, 33.06
DYNPRO, EQ, 21-Feb-2024,301.35,302.35,314.9,295.6, 311.30,312.05,307.9,165002,508.05,9461, 90810, 55.04
EASEMYTRIP, EQ, 21-Feb-2024,49.75,50.0,50.15,48.1, 48.25,48.25,49.08,23622563,11593.99,48698, 7701097, 32.60
EBBETF0425, EQ, 21-Feb-2024,1184.93,1185.0,1186.75,1184.56, 1185.27,1185.27,1185.2,4126,48.9,121, 3412, 82.70
EBBETF0430, EQ, 21-Feb-2024,1338.73,1325.15,1348.0,1325.15, 1341.25,1341.56,1340.96,7514,100.76,204, 6911, 91.97
EBBETF0431, EQ, 21-Feb-2024,1197.48,1199.99,1201.99,1198.06, 1200.00,1199.29,1199.53,1255,15.05,117, 985, 78.49
EBBETF0433, EQ, 21-Feb-2024,1094.47,1094.48,1099.0,1094.48, 1099.00,1098.98,1096.55,1081,11.85,38, 518, 47.92
ECLERX, EQ, 21-Feb-2024,2404.15,2391.05,2523.7,2379.1, 2433.15,2449.05,2459.04,115047,2829.05,15288, 55021, 47.82
EDELWEISS, EQ, 21-Feb-2024,77.65,78.1,80.35,76.85, 77.45,77.45,78.54,11003611,8641.86,60130, 5531851, 50.27
EGOLD, EQ, 21-Feb-2024,63.8,64.0,64.0,63.65, 63.95,63.95,63.95,39320,25.15,17, 39299, 99.95
EICHERMOT, EQ, 21-Feb-2024,3828.1,3828.1,3895.75,3821.0, 3830.00,3836.35,3866.19,575380,22245.28,60395, 319277, 55.49
EIDPARRY, EQ, 21-Feb-2024,637.95,637.95,659.0,633.8, 642.70,639.8,648.98,1607120,10429.92,49187, 597674, 37.19
EIFFL, EQ, 21-Feb-2024,137.8,139.8,139.8,137.55, 137.75,138.0,138.13,36477,50.39,820, 30318, 83.12
EIHAHOTELS, EQ, 21-Feb-2024,781.2,785.0,809.0,751.1, 768.00,767.8,780.21,52084,406.36,3400, 20666, 39.68
EIHOTEL, EQ, 21-Feb-2024,398.3,400.0,423.0,395.5, 398.85,400.6,409.19,3182518,13022.68,61696, 804184, 25.27
EKC, EQ, 21-Feb-2024,162.25,162.9,163.3,156.95, 158.00,157.85,159.37,495914,790.32,10782, 233047, 46.99
ELDEHSG, EQ, 21-Feb-2024,835.0,835.35,835.35,807.35, 815.00,821.3,822.15,6446,53.0,551, 4079, 63.28
ELECON, EQ, 21-Feb-2024,1021.55,1031.8,1036.0,986.05, 1000.00,999.4,1006.11,196276,1974.76,19873, 109816, 55.95
ELECTCAST, EQ, 21-Feb-2024,182.7,182.75,184.1,173.8, 177.00,175.2,178.67,2644183,4724.26,30738, 1463116, 55.33
ELGIEQUIP, EQ, 21-Feb-2024,630.25,631.6,669.8,631.6, 649.00,646.7,650.06,565862,3678.43,34727, 83294, 14.72
ELGIRUBCO, EQ, 21-Feb-2024,59.25,59.5,59.5,56.85, 57.70,57.05,57.77,74105,42.81,480, 51684, 69.74
ELIN, EQ, 21-Feb-2024,158.1,159.6,159.7,154.2, 154.40,155.1,156.27,106358,166.2,4791, 64892, 61.01
EMAMILTD, EQ, 21-Feb-2024,466.65,470.35,476.7,466.0, 467.45,467.7,469.64,697750,3276.92,28223, 522008, 74.81
EMAMIPAP, EQ, 21-Feb-2024,135.8,136.1,138.8,132.25, 133.90,133.15,135.44,38645,52.34,1268, 22137, 57.28
EMIL, EQ, 21-Feb-2024,207.85,209.4,211.9,204.1, 204.95,205.6,208.35,256060,533.49,7148, 142543, 55.67
EMMBI, EQ, 21-Feb-2024,114.8,115.4,117.0,109.65, 111.75,110.75,113.14,101616,114.97,1489, 56385, 55.49
EMSLIMITED, EQ, 21-Feb-2024,519.4,517.8,517.8,500.5, 506.10,507.05,508.51,143589,730.16,4397, 82101, 57.18
EMUDHRA, EQ, 21-Feb-2024,558.1,565.0,574.95,547.25, 558.00,568.9,561.06,960328,5387.99,46213, 324646, 33.81
ENDURANCE, EQ, 21-Feb-2024,1831.7,1831.7,1865.95,1801.5, 1849.65,1842.2,1844.84,147813,2726.92,15535, 108180, 73.19
ENGINERSIN, EQ, 21-Feb-2024,225.95,227.4,231.25,217.75, 220.80,219.85,224.92,5996929,13488.18,51502, 1872309, 31.22
ENIL, EQ, 21-Feb-2024,340.35,340.8,350.95,332.35, 335.05,334.3,340.26,887018,3018.17,36836, 302938, 34.15
ENTERO, EQ, 21-Feb-2024,1161.2,1162.1,1197.9,1150.0, 1157.00,1166.6,1179.05,415999,4904.82,33361, 150666, 36.22
EPACK, EQ, 21-Feb-2024,196.7,197.55,198.5,190.0, 190.20,190.45,193.52,371915,719.74,11923, 199201, 53.56
EPIGRAL, EQ, 21-Feb-2024,1132.45,1133.9,1265.0,1112.55, 1223.05,1221.9,1221.37,2037172,24881.34,102572, 264719, 12.99
EPL, EQ, 21-Feb-2024,194.2,194.5,195.2,192.65, 193.10,193.2,194.0,398454,772.99,6748, 226838, 56.93
EQUAL50ADD, EQ, 21-Feb-2024,287.91,288.0,288.71,284.61, 286.00,285.87,286.99,3680,10.56,143, 2274, 61.79
EQUITASBNK, EQ, 21-Feb-2024,105.45,106.45,107.2,101.8, 102.30,102.55,103.37,4843600,5006.96,27500, 2764558, 57.08
ERIS, EQ, 21-Feb-2024,853.15,848.05,859.85,848.05, 857.00,855.75,855.39,114109,976.08,7360, 51728, 45.33
EROSMEDIA, EQ, 21-Feb-2024,25.0,25.1,25.6,24.35, 24.55,24.55,24.99,617810,154.4,1901, 344373, 55.74
ESABINDIA, EQ, 21-Feb-2024,5319.25,5319.25,5319.25,5229.7, 5249.00,5244.4,5255.26,3745,196.81,1093, 2353, 62.83
ESAFSFB, EQ, 21-Feb-2024,64.5,65.0,65.3,64.2, 64.50,64.5,64.71,1248762,808.05,4918, 728002, 58.30
ESCORTS, EQ, 21-Feb-2024,2927.85,2944.0,2949.0,2897.0, 2900.05,2914.15,2920.38,102824,3002.85,10727, 42713, 41.54
ESG, EQ, 21-Feb-2024,36.92,37.07,37.09,36.58, 36.75,36.65,36.71,66985,24.59,216, 58429, 87.23
ESILVER, EQ, 21-Feb-2024,73.16,73.19,73.3,72.51, 73.09,72.87,72.79,1693,1.23,56, 1299, 76.73
ESSARSHPNG, EQ, 21-Feb-2024,28.95,30.35,30.35,27.8, 28.75,29.3,29.57,579540,171.4,1525, 336252, 58.02
ESTER, EQ, 21-Feb-2024,99.75,100.0,105.1,100.0, 103.00,102.7,103.52,1120534,1159.95,10081, 357701, 31.92
ETHOSLTD, EQ, 21-Feb-2024,2498.75,2587.7,2594.8,2489.1, 2510.00,2509.55,2515.09,160829,4044.99,17027, 115115, 71.58
EUROTEXIND, EQ, 21-Feb-2024,12.85,13.45,13.45,12.25, 12.50,12.5,12.98,6759,0.88,37, 5829, 86.24
EVEREADY, EQ, 21-Feb-2024,349.8,349.8,352.0,342.55, 348.25,346.95,347.89,129820,451.63,6130, 67928, 52.32
EVERESTIND, EQ, 21-Feb-2024,1217.35,1224.35,1238.0,1206.1, 1206.10,1211.4,1218.95,6062,73.89,1292, 2572, 42.43
EXCELINDUS, EQ, 21-Feb-2024,840.55,840.55,857.85,840.55, 848.00,846.35,848.51,9750,82.73,1175, 5574, 57.17
EXIDEIND, EQ, 21-Feb-2024,330.8,331.8,334.2,325.6, 326.85,326.7,329.45,1841503,6066.79,30363, 773375, 42.00
EXPLEOSOL, EQ, 21-Feb-2024,1393.1,1395.0,1401.8,1360.7, 1376.75,1375.8,1379.77,19697,271.77,3109, 9514, 48.30
EXXARO, EQ, 21-Feb-2024,111.35,120.0,121.95,114.5, 114.80,115.35,118.01,2281320,2692.2,18482, 655156, 28.72
FACT, EQ, 21-Feb-2024,833.3,835.0,873.9,831.2, 840.00,839.75,850.96,1217453,10360.09,48807, 330630, 27.16
FAIRCHEMOR, EQ, 21-Feb-2024,1447.9,1450.0,1498.4,1450.0, 1465.55,1471.8,1476.25,121335,1791.21,15072, 48432, 39.92
FAZE3Q, EQ, 21-Feb-2024,426.4,439.7,462.0,425.8, 435.00,438.95,445.84,209218,932.78,24733, 63648, 30.42
FCL, EQ, 21-Feb-2024,442.55,446.5,449.5,431.05, 432.25,432.7,440.34,835444,3678.78,26765, 292902, 35.06
FCSSOFT, EQ, 21-Feb-2024,5.5,5.5,5.6,5.4, 5.45,5.45,5.48,7675968,421.02,8140, 4227428, 55.07
FDC, EQ, 21-Feb-2024,449.95,451.95,463.7,447.65, 452.25,454.05,456.26,396221,1807.79,24149, 161536, 40.77
FEDERALBNK, EQ, 21-Feb-2024,154.4,156.1,156.1,153.25, 153.95,153.75,154.45,14375228,22203.0,72997, 5735387, 39.90
FEDFINA, EQ, 21-Feb-2024,129.2,130.65,131.15,128.7, 129.70,129.75,129.86,422138,548.2,7699, 272012, 64.44
FIBERWEB, EQ, 21-Feb-2024,39.55,39.85,42.7,39.7, 40.75,40.65,41.49,662177,274.76,3886, 359542, 54.30
FIEMIND, EQ, 21-Feb-2024,2469.8,2500.0,2509.8,2454.1, 2460.00,2460.3,2471.35,38436,949.89,6161, 16474, 42.86
FILATEX, EQ, 21-Feb-2024,70.6,71.15,73.0,68.05, 68.90,68.7,70.37,6487280,4565.41,18793, 2855594, 44.02
FINCABLES, EQ, 21-Feb-2024,993.5,999.45,999.5,982.3, 992.00,988.05,990.77,96726,958.33,8671, 54379, 56.22
FINEORG, EQ, 21-Feb-2024,4357.95,4395.0,4398.95,4332.05, 4382.10,4374.25,4371.88,13729,600.22,4935, 7900, 57.54
FINIETF, EQ, 21-Feb-2024,22.8,22.98,22.99,22.51, 22.58,22.58,22.7,86590,19.66,509, 64202, 74.14
FINOPB, EQ, 21-Feb-2024,309.15,312.4,317.4,309.3, 310.00,312.8,312.54,94175,294.34,4811, 45420, 48.23
FINPIPE, EQ, 21-Feb-2024,223.35,224.65,224.65,215.15, 219.85,219.25,220.73,475355,1049.24,13201, 263120, 55.35
FIVESTAR, EQ, 21-Feb-2024,718.35,725.0,727.2,712.25, 715.00,716.7,716.42,212376,1521.51,18348, 103270, 48.63
FLAIR, EQ, 21-Feb-2024,274.9,277.9,283.8,275.6, 277.95,278.15,279.76,402491,1126.01,5703, 227990, 56.64
FLEXITUFF, EQ, 21-Feb-2024,42.85,42.75,44.0,42.3, 42.70,43.1,43.2,16690,7.21,194, 10440, 62.55
FLUOROCHEM, EQ, 21-Feb-2024,3529.85,3529.85,3550.55,3520.0, 3520.00,3536.95,3538.18,52299,1850.43,7208, 29873, 57.12
FMCGIETF, EQ, 21-Feb-2024,559.71,562.99,564.0,557.8, 561.20,560.44,561.53,23329,131.0,764, 19372, 83.04
FMGOETZE, EQ, 21-Feb-2024,372.9,374.55,377.5,368.05, 371.00,369.1,371.24,132035,490.17,7786, 64507, 48.86
FOCUS, EQ, 21-Feb-2024,172.65,173.55,174.3,168.7, 170.00,170.8,171.75,193390,332.15,4860, 135225, 69.92
FOODSIN, EQ, 21-Feb-2024,151.2,151.95,157.0,149.0, 153.55,154.65,154.01,660758,1017.64,16095, 345137, 52.23
FORCEMOT, EQ, 21-Feb-2024,6050.4,6088.9,6196.0,5512.6, 5800.00,5770.2,5886.41,140240,8255.11,20406, 53116, 37.88
FORTIS, EQ, 21-Feb-2024,443.25,445.85,452.9,443.25, 443.50,445.75,447.11,931187,4163.46,36006, 557865, 59.91
FOSECOIND, EQ, 21-Feb-2024,3722.3,3726.1,3743.75,3681.1, 3718.00,3698.15,3709.4,1941,72.0,463, 1379, 71.05
FSL, EQ, 21-Feb-2024,203.45,204.6,205.0,196.25, 198.55,198.7,200.71,1545186,3101.4,16101, 819949, 53.06
FUSION, EQ, 21-Feb-2024,552.35,552.55,558.85,543.0, 546.00,544.3,547.72,181954,996.6,10310, 111124, 61.07
GABRIEL, EQ, 21-Feb-2024,363.2,364.0,366.95,350.15, 356.50,354.0,358.21,129506,463.91,7983, 74098, 57.22
GAEL, EQ, 21-Feb-2024,386.1,389.0,412.0,386.9, 404.00,403.5,402.03,3940689,15842.63,76126, 1018630, 25.85
GAIL, EQ, 21-Feb-2024,184.0,184.7,185.45,179.3, 180.40,180.3,182.64,13671880,24970.54,71357, 6403878, 46.84
GALAXYSURF, EQ, 21-Feb-2024,2546.2,2536.0,2558.9,2514.0, 2514.05,2525.4,2530.59,9759,246.96,2431, 5581, 57.19
GANDHAR, EQ, 21-Feb-2024,263.05,264.25,264.25,254.4, 257.95,256.05,259.14,422286,1094.3,13097, 213623, 50.59
GANDHITUBE, EQ, 21-Feb-2024,829.05,839.0,839.25,813.05, 826.80,818.5,822.35,7538,61.99,1406, 4090, 54.26
GANECOS, EQ, 21-Feb-2024,1046.45,1053.7,1080.0,1038.0, 1038.05,1043.9,1049.53,30193,316.88,4944, 16228, 53.75
GANESHBE, EQ, 21-Feb-2024,192.45,195.0,197.95,185.6, 186.50,187.75,191.54,462784,886.4,16054, 215488, 46.56
GANESHHOUC, EQ, 21-Feb-2024,708.0,707.95,755.0,707.95, 726.15,728.3,736.34,85054,626.29,4427, 42134, 49.54
GANGESSECU, EQ, 21-Feb-2024,127.75,126.65,129.8,126.0, 127.50,126.95,127.46,6693,8.53,335, 4535, 67.76
GARFIBRES, EQ, 21-Feb-2024,3474.85,3481.0,3630.05,3465.0, 3604.00,3586.35,3533.36,18399,650.1,5522, 8625, 46.88
GATEWAY, EQ, 21-Feb-2024,111.0,111.25,115.4,106.55, 107.75,107.25,110.36,2056096,2269.1,20178, 996300, 48.46
GEECEE, EQ, 21-Feb-2024,290.15,293.05,297.35,285.0, 286.55,288.15,291.02,15462,45.0,1151, 5611, 36.29
GEEKAYWIRE, EQ, 21-Feb-2024,115.85,119.0,119.0,110.1, 111.00,111.1,112.91,164904,186.19,2110, 120963, 73.35
GENCON, EQ, 21-Feb-2024,52.0,52.0,53.5,49.6, 50.45,50.1,50.89,87734,44.65,799, 53021, 60.43
GENESYS, EQ, 21-Feb-2024,496.65,501.7,531.0,483.8, 517.50,518.65,514.51,542386,2790.65,25168, 249363, 45.98
GENSOL, EQ, 21-Feb-2024,1331.0,1357.65,1366.95,1271.0, 1312.00,1298.85,1314.39,327509,4304.75,15941, 169616, 51.79
GENUSPAPER, EQ, 21-Feb-2024,23.3,23.4,23.55,22.45, 22.75,22.7,22.92,1590848,364.63,4685, 498111, 31.31
GENUSPOWER, EQ, 21-Feb-2024,267.35,266.0,272.75,254.0, 254.00,254.0,259.41,1266666,3285.81,16437, 791605, 62.50
GEOJITFSL, EQ, 21-Feb-2024,78.65,79.15,80.6,77.9, 79.35,79.15,79.35,641593,509.11,4220, 262018, 40.84
GEPIL, EQ, 21-Feb-2024,308.75,310.0,312.9,295.05, 300.00,299.65,305.2,1081341,3300.3,32519, 350812, 32.44
GESHIP, EQ, 21-Feb-2024,932.1,935.0,943.1,917.0, 921.05,920.1,927.96,166736,1547.24,10376, 85448, 51.25
GFLLIMITED, EQ, 21-Feb-2024,85.7,86.15,91.2,86.15, 89.50,88.75,89.2,382813,341.48,3709, 197377, 51.56
GHCL, EQ, 21-Feb-2024,522.85,523.0,527.75,500.55, 508.00,510.65,515.54,187762,967.99,8316, 120940, 64.41
GHCLTEXTIL, EQ, 21-Feb-2024,90.9,91.2,95.4,90.4, 91.60,91.6,92.8,1230471,1141.89,11006, 523949, 42.58
GICHSGFIN, EQ, 21-Feb-2024,240.55,240.9,247.2,231.05, 235.00,234.45,239.69,639335,1532.45,15509, 238916, 37.37
GICRE, EQ, 21-Feb-2024,407.55,410.0,449.45,410.0, 429.20,425.2,436.3,16992674,74139.4,242880, 1898870, 11.17
GILLETTE, EQ, 21-Feb-2024,6514.55,6548.15,6575.75,6485.0, 6500.00,6509.9,6517.51,12760,831.63,4001, 7924, 62.10
GILT5YBEES, EQ, 21-Feb-2024,54.78,54.82,54.9,54.82, 54.90,54.89,54.89,126885,69.64,688, 110051, 86.73
GINNIFILA, EQ, 21-Feb-2024,40.15,40.75,40.75,39.15, 39.45,39.3,39.78,57470,22.86,447, 40827, 71.04
GIPCL, EQ, 21-Feb-2024,200.15,200.15,202.2,194.15, 196.50,195.4,197.28,613693,1210.7,20901, 219282, 35.73
GKWLIMITED, EQ, 21-Feb-2024,1658.3,1660.75,1687.45,1647.0, 1649.00,1650.15,1657.62,268,4.44,49, 190, 70.90
GLAND, EQ, 21-Feb-2024,1966.75,1966.0,1980.0,1935.0, 1948.80,1952.7,1957.36,139572,2731.93,13113, 69661, 49.91
GLAXO, EQ, 21-Feb-2024,2289.05,2295.0,2312.15,2209.1, 2239.80,2238.35,2256.36,78430,1769.66,11058, 42953, 54.77
GLENMARK, EQ, 21-Feb-2024,894.15,890.0,911.0,885.1, 900.00,900.6,901.61,1778463,16034.86,52396, 543433, 30.56
GLOBAL, EQ, 21-Feb-2024,272.6,273.0,275.95,261.0, 262.10,263.35,266.8,63343,169.0,3767, 37751, 59.60
GLOBUSSPR, EQ, 21-Feb-2024,801.0,801.15,807.05,796.5, 802.75,800.55,801.1,75703,606.46,5614, 40535, 53.54
GLS, EQ, 21-Feb-2024,879.6,879.5,885.05,870.0, 870.20,876.85,878.4,47082,413.57,3337, 29603, 62.88
GMBREW, EQ, 21-Feb-2024,645.45,652.0,652.0,635.0, 639.95,641.8,644.51,21036,135.58,2000, 10244, 48.70
GMDCLTD, EQ, 21-Feb-2024,411.0,411.0,413.9,398.05, 402.00,401.25,405.78,1312646,5326.52,26912, 445629, 33.95
GMMPFAUDLR, EQ, 21-Feb-2024,1359.6,1359.9,1364.9,1345.0, 1351.60,1352.4,1354.38,120339,1629.84,13976, 88550, 73.58
GMRINFRA, EQ, 21-Feb-2024,90.6,90.9,90.9,84.55, 86.30,86.25,86.94,63802448,55471.57,115132, 32678464, 51.22
GMRP&UI, EQ, 21-Feb-2024,51.7,52.0,52.3,50.55, 50.90,51.05,51.32,1942964,997.19,5920, 1060508, 54.58
GNA, EQ, 21-Feb-2024,423.45,425.55,433.8,423.45, 430.55,428.75,429.38,50870,218.42,3989, 26915, 52.91
GNFC, EQ, 21-Feb-2024,674.0,672.0,683.0,665.0, 668.60,668.05,673.65,750228,5053.89,17856, 223274, 29.76
GOACARBON, EQ, 21-Feb-2024,873.8,879.8,903.0,841.0, 858.00,855.65,862.13,81438,702.1,4055, 44858, 55.08
GOCLCORP, EQ, 21-Feb-2024,444.75,465.0,514.7,465.0, 487.00,496.7,500.12,2034292,10173.92,53559, 667325, 32.80
GOCOLORS, EQ, 21-Feb-2024,1149.1,1152.3,1172.0,1143.1, 1165.00,1167.2,1162.41,20183,234.61,4075, 9501, 47.07
GODFRYPHLP, EQ, 21-Feb-2024,2656.85,2670.15,2769.45,2606.05, 2648.00,2637.15,2704.44,211032,5707.24,26013, 61469, 29.13
GODREJAGRO, EQ, 21-Feb-2024,516.3,516.3,522.65,511.05, 513.50,513.1,518.56,109672,568.71,5026, 82248, 74.99
GODREJCP, EQ, 21-Feb-2024,1227.55,1227.7,1250.0,1224.6, 1230.70,1236.1,1236.78,875759,10831.22,59277, 528772, 60.38
GODREJIND, EQ, 21-Feb-2024,810.6,810.95,820.7,795.9, 804.65,801.05,807.27,175386,1415.85,10919, 81646, 46.55
GODREJPROP, EQ, 21-Feb-2024,2299.4,2309.5,2369.0,2301.35, 2340.00,2343.35,2342.38,735873,17236.94,44893, 216691, 29.45
GOKEX, EQ, 21-Feb-2024,865.0,872.0,874.5,834.8, 839.50,843.3,852.89,167230,1426.29,15235, 96101, 57.47
GOKULAGRO, EQ, 21-Feb-2024,113.2,113.8,114.0,111.1, 111.95,111.8,112.36,106286,119.42,2228, 59360, 55.85
GOLDBEES, EQ, 21-Feb-2024,52.56,52.86,53.4,52.58, 52.68,52.64,52.71,1762556,929.0,18458, 1246554, 70.72
GOLDETF, EQ, 21-Feb-2024,62.24,62.72,62.73,61.7, 62.40,62.36,62.32,18330,11.42,505, 12783, 69.74
GOLDETFADD, EQ, 21-Feb-2024,61.74,61.4,61.99,61.4, 61.87,61.65,61.87,257108,159.08,108, 251700, 97.90
GOLDIAM, EQ, 21-Feb-2024,204.8,205.05,211.4,200.0, 201.45,201.05,205.59,1150112,2364.52,11291, 319881, 27.81
GOLDIETF, EQ, 21-Feb-2024,54.17,54.17,54.43,54.15, 54.36,54.29,54.24,635780,344.85,6951, 506717, 79.70
GOLDSHARE, EQ, 21-Feb-2024,52.7,52.7,53.0,52.7, 53.00,52.8,52.84,70992,37.51,416, 60373, 85.04
GOODLUCK, EQ, 21-Feb-2024,1040.9,1044.9,1049.4,1009.95, 1015.10,1016.15,1020.74,70916,723.87,9030, 40199, 56.69
GPIL, EQ, 21-Feb-2024,786.35,787.35,799.1,769.0, 772.25,774.3,781.81,309425,2419.13,19014, 169202, 54.68
GPPL, EQ, 21-Feb-2024,205.7,204.95,207.8,197.55, 198.00,198.4,201.75,7531950,15195.82,49057, 3297212, 43.78
GRANULES, EQ, 21-Feb-2024,463.75,461.3,471.0,454.6, 458.05,457.35,461.73,2142273,9891.62,34180, 1126142, 52.57
GRAPHITE, EQ, 21-Feb-2024,564.1,565.0,566.0,537.75, 547.00,545.5,551.46,604513,3333.66,23003, 238621, 39.47
GRASIM, EQ, 21-Feb-2024,2192.25,2200.0,2222.0,2180.05, 2197.00,2194.0,2203.31,765529,16866.98,59806, 251824, 32.90
GRAVITA, EQ, 21-Feb-2024,914.3,918.0,924.95,895.0, 901.20,900.15,909.03,75365,685.09,7104, 33294, 44.18
GREAVESCOT, EQ, 21-Feb-2024,165.2,165.7,169.8,161.55, 162.60,162.7,166.24,1637883,2722.9,17829, 581995, 35.53
GREENLAM, EQ, 21-Feb-2024,545.8,553.95,553.95,525.0, 527.00,530.15,536.83,40234,215.99,5223, 19766, 49.13
GREENPANEL, EQ, 21-Feb-2024,365.05,367.8,368.95,361.0, 361.05,362.5,364.61,79990,291.65,7226, 38627, 48.29
GREENPLY, EQ, 21-Feb-2024,235.2,236.8,240.45,232.1, 238.00,235.95,236.26,274163,647.73,10237, 152594, 55.66
GRINDWELL, EQ, 21-Feb-2024,2149.0,2150.0,2187.7,2140.05, 2155.00,2160.1,2150.66,128500,2763.6,8859, 115297, 89.73
GRINFRA, EQ, 21-Feb-2024,1183.2,1208.95,1230.0,1160.0, 1175.20,1182.65,1200.69,93932,1127.83,7412, 29103, 30.98
GRMOVER, EQ, 21-Feb-2024,182.4,183.35,184.45,178.3, 180.00,181.05,181.36,59933,108.69,2392, 31852, 53.15
GROBTEA, EQ, 21-Feb-2024,945.35,949.0,949.4,930.5, 942.80,937.1,938.3,259,2.43,44, 223, 86.10
GRPLTD, EQ, 21-Feb-2024,6087.4,6200.0,6387.0,5780.0, 5804.55,5869.1,6117.22,5974,365.44,1728, 2179, 36.47
GRSE, EQ, 21-Feb-2024,825.25,829.3,829.35,803.1, 808.80,807.9,813.53,285878,2325.69,16632, 118568, 41.48
GRWRHITECH, EQ, 21-Feb-2024,2030.4,2012.35,2200.0,1991.4, 2039.00,2021.6,2103.54,58561,1231.86,12217, 25077, 42.82
GSEC10IETF, EQ, 21-Feb-2024,226.0,226.6,226.8,226.6, 226.80,226.8,226.8,113,0.26,4, 111, 98.23
GSEC10YEAR, EQ, 21-Feb-2024,25.77,25.77,25.87,25.0, 25.87,25.7,25.56,757,0.19,25, 653, 86.26
GSEC5IETF, EQ, 21-Feb-2024,55.13,55.13,55.49,55.13, 55.42,55.39,55.26,431,0.24,57, 200, 46.40
GSFC, EQ, 21-Feb-2024,237.25,238.05,239.7,226.2, 227.70,227.15,231.44,4863297,11255.66,55784, 2495678, 51.32
GSLSU, EQ, 21-Feb-2024,291.65,297.8,298.7,282.95, 284.50,285.45,288.34,136492,393.56,2916, 66228, 48.52
GSPL, EQ, 21-Feb-2024,363.45,365.0,376.0,362.3, 375.05,373.75,371.58,1821214,6767.35,37727, 874751, 48.03
GSS, EQ, 21-Feb-2024,154.05,154.85,159.0,152.2, 152.20,152.9,155.28,48644,75.53,1101, 24635, 50.64
GTECJAINX, EQ, 21-Feb-2024,83.9,83.6,88.0,79.7, 85.95,86.05,85.05,1883,1.6,54, 1683, 89.38
GTLINFRA, EQ, 21-Feb-2024,2.3,2.35,2.4,2.25, 2.35,2.35,2.38,339935361,8078.45,56802, 120046644, 35.31
GTPL, EQ, 21-Feb-2024,205.1,205.1,211.95,196.35, 201.90,200.55,204.29,176674,360.92,9932, 60168, 34.06
GUFICBIO, EQ, 21-Feb-2024,322.9,323.85,324.7,316.0, 318.25,317.5,319.87,50454,161.39,3559, 29666, 58.80
GUJALKALI, EQ, 21-Feb-2024,819.1,819.1,823.0,808.9, 816.05,815.15,816.64,83285,680.14,6015, 43940, 52.76
GUJGASLTD, EQ, 21-Feb-2024,555.0,558.95,569.75,554.0, 568.00,565.55,564.08,1532012,8641.85,37760, 551099, 35.97
GULFOILLUB, EQ, 21-Feb-2024,941.8,960.0,984.0,942.5, 972.00,972.15,967.51,555916,5378.54,42429, 171404, 30.83
GULFPETRO, EQ, 21-Feb-2024,76.35,77.1,78.8,73.1, 73.80,73.9,76.37,822129,627.84,6108, 366540, 44.58
GULPOLY, EQ, 21-Feb-2024,198.55,199.6,218.4,199.0, 210.70,211.05,213.14,1166132,2485.49,37775, 375173, 32.17
HAL, EQ, 21-Feb-2024,2995.3,2997.95,3025.0,2935.1, 2952.40,2948.05,2981.08,1281770,38210.57,86422, 590247, 46.05
HAPPSTMNDS, EQ, 21-Feb-2024,834.1,834.1,837.0,825.0, 825.95,826.0,828.56,246730,2044.31,23493, 153120, 62.06
HAPPYFORGE, EQ, 21-Feb-2024,962.85,969.0,971.0,940.4, 943.00,942.25,950.88,81939,779.14,5747, 43402, 52.97
HARDWYN, EQ, 21-Feb-2024,45.1,44.6,45.5,44.5, 44.80,44.6,44.91,353539,158.79,2708, 139159, 39.36
HARIOMPIPE, EQ, 21-Feb-2024,544.15,544.9,544.9,533.05, 537.90,535.55,537.24,38104,204.71,4499, 18983, 49.82
HARRMALAYA, EQ, 21-Feb-2024,188.25,192.2,205.3,190.3, 198.50,199.2,198.6,691983,1374.29,9431, 341782, 49.39
HARSHA, EQ, 21-Feb-2024,401.35,400.8,425.0,398.8, 425.00,420.35,417.28,447848,1868.77,26376, 196594, 43.90
HATHWAY, EQ, 21-Feb-2024,24.85,25.0,25.1,24.0, 24.15,24.1,24.44,10897905,2663.78,12819, 4262897, 39.12
HATSUN, EQ, 21-Feb-2024,1117.65,1108.0,1119.6,1087.15, 1104.00,1098.3,1105.75,6181,68.35,967, 3759, 60.82
HAVELLS, EQ, 21-Feb-2024,1395.2,1407.0,1419.7,1397.1, 1419.00,1414.85,1409.52,454441,6405.45,22949, 267658, 58.90
HBLPOWER, EQ, 21-Feb-2024,529.45,532.1,537.6,506.5, 516.00,513.3,519.41,1245256,6467.95,51242, 578676, 46.47
HCC, EQ, 21-Feb-2024,43.9,44.15,45.8,43.3, 44.15,44.1,44.64,29512998,13176.04,43143, 13630710, 46.19
HCG, EQ, 21-Feb-2024,376.45,378.0,383.65,367.0, 368.00,369.2,375.83,184250,692.46,12355, 88451, 48.01
HCLTECH, EQ, 21-Feb-2024,1663.05,1655.55,1664.8,1632.05, 1635.50,1636.3,1644.06,2890991,47529.54,163085, 2089109, 72.26
HDFCAMC, EQ, 21-Feb-2024,3774.5,3780.0,3809.8,3726.0, 3734.00,3741.35,3770.17,235442,8876.56,31632, 111530, 47.37
HDFCBANK, EQ, 21-Feb-2024,1454.3,1464.0,1464.0,1435.0, 1436.00,1439.15,1446.29,22946568,331873.14,493970, 14741892, 64.24
HDFCBSE500, EQ, 21-Feb-2024,32.18,32.28,32.5,31.8, 32.00,31.96,32.14,38808,12.47,451, 18811, 48.47
HDFCGOLD, EQ, 21-Feb-2024,54.08,54.1,54.38,54.09, 54.27,54.25,54.27,205201,111.36,1217, 129559, 63.14
HDFCGROWTH, EQ, 21-Feb-2024,112.72,113.79,113.92,112.0, 112.40,113.35,112.94,4064,4.59,103, 3542, 87.16
HDFCLIFE, EQ, 21-Feb-2024,587.95,587.95,591.25,574.5, 577.80,577.45,584.15,3321288,19401.14,64454, 2124493, 63.97
HDFCLIQUID, EQ, 21-Feb-2024,1000.0,999.99,1000.01,999.99, 1000.00,1000.0,999.99,20205,202.05,13, 20204, 100.00
HDFCLOWVOL, EQ, 21-Feb-2024,18.28,18.73,18.73,18.05, 18.26,18.18,18.24,32590,5.95,256, 28219, 86.59
HDFCMID150, EQ, 21-Feb-2024,18.23,18.24,18.35,18.0, 18.11,18.09,18.14,196271,35.6,1455, 151326, 77.10
HDFCMOMENT, EQ, 21-Feb-2024,30.34,30.89,30.89,29.81, 30.01,29.95,30.21,354610,107.12,2109, 313632, 88.44
HDFCNEXT50, EQ, 21-Feb-2024,59.0,59.2,59.64,58.47, 58.97,58.93,59.1,8620,5.09,229, 7650, 88.75
HDFCNIF100, EQ, 21-Feb-2024,22.99,23.45,23.45,22.33, 22.80,22.89,22.98,27201,6.25,372, 20014, 73.58
HDFCNIFBAN, EQ, 21-Feb-2024,47.59,47.66,47.91,47.47, 47.58,47.55,47.59,230405,109.64,609, 203412, 88.28
HDFCNIFIT, EQ, 21-Feb-2024,38.72,39.19,39.19,37.99, 38.44,38.16,38.34,23216,8.9,227, 20422, 87.97
HDFCNIFTY, EQ, 21-Feb-2024,242.55,244.49,244.49,240.87, 241.41,241.27,242.48,10946,26.54,406, 6958, 63.57
HDFCPSUBK, EQ, 21-Feb-2024,71.12,70.99,72.5,70.99, 71.73,71.55,71.98,35229,25.36,227, 24234, 68.79
HDFCPVTBAN, EQ, 21-Feb-2024,23.67,23.7,23.85,23.51, 23.76,23.63,23.67,66612,15.77,374, 43637, 65.51
HDFCQUAL, EQ, 21-Feb-2024,51.69,51.71,51.88,51.0, 51.40,51.19,51.5,5579,2.87,89, 3718, 66.64
HDFCSENSEX, EQ, 21-Feb-2024,80.35,80.34,80.89,79.03, 80.21,80.14,80.36,17994,14.46,391, 11600, 64.47
HDFCSILVER, EQ, 21-Feb-2024,69.59,70.01,70.05,69.6, 69.75,69.69,69.77,31843,22.22,278, 23717, 74.48
HDFCSML250, EQ, 21-Feb-2024,151.72,152.28,153.2,149.7, 151.00,150.61,151.17,167257,252.83,3444, 92118, 55.08
HDFCVALUE, EQ, 21-Feb-2024,126.65,126.57,127.07,125.07, 126.20,125.93,126.1,2646,3.34,98, 2368, 89.49
HEADSUP, EQ, 21-Feb-2024,17.3,17.05,17.6,17.0, 17.00,17.05,17.39,274466,47.73,426, 249376, 90.86
HEALTHADD, EQ, 21-Feb-2024,120.83,120.0,123.72,120.0, 120.30,120.75,120.98,504,0.61,24, 363, 72.02
HEALTHIETF, EQ, 21-Feb-2024,123.15,124.79,125.28,121.76, 122.97,122.79,123.38,18111,22.35,292, 14428, 79.66
HEALTHY, EQ, 21-Feb-2024,12.37,12.37,12.54,12.2, 12.34,12.33,12.35,270080,33.36,1731, 193763, 71.74
HEG, EQ, 21-Feb-2024,1661.5,1667.5,1677.95,1611.0, 1630.00,1625.7,1646.67,168148,2768.85,12534, 66219, 39.38
HEIDELBERG, EQ, 21-Feb-2024,216.5,218.0,218.15,213.1, 213.95,213.85,215.66,173857,374.93,6587, 101675, 58.48
HEMIPROP, EQ, 21-Feb-2024,224.25,225.0,229.4,213.1, 214.45,215.0,219.92,1627589,3579.41,39124, 664810, 40.85
HERANBA, EQ, 21-Feb-2024,366.9,368.0,369.55,360.5, 362.00,362.5,364.93,39021,142.4,3323, 20328, 52.10
HERCULES, EQ, 21-Feb-2024,425.0,424.0,429.9,418.75, 422.00,421.05,422.95,48515,205.19,4481, 25828, 53.24
HERITGFOOD, EQ, 21-Feb-2024,324.5,326.4,328.75,319.25, 321.00,321.6,324.24,362283,1174.68,9545, 139393, 38.48
HEROMOTOCO, EQ, 21-Feb-2024,4663.35,4594.65,4619.95,4508.0, 4540.00,4534.85,4567.18,1112050,50789.29,101736, 480221, 43.18
HESTERBIO, EQ, 21-Feb-2024,1439.1,1446.3,1446.3,1417.0, 1420.00,1420.4,1429.92,7321,104.68,567, 5930, 81.00
HEUBACHIND, EQ, 21-Feb-2024,534.9,541.0,541.0,525.0, 530.65,528.45,533.53,23170,123.62,2437, 14106, 60.88
HEXATRADEX, EQ, 21-Feb-2024,157.5,157.9,160.15,153.4, 155.35,155.75,156.47,9695,15.17,413, 6254, 64.51
HFCL, EQ, 21-Feb-2024,110.85,110.4,115.75,108.5, 111.70,112.2,112.83,100721176,113645.19,268724, 21801355, 21.65
HGINFRA, EQ, 21-Feb-2024,937.15,941.85,947.65,921.2, 925.00,924.15,933.21,54605,509.58,5660, 25418, 46.55
HGS, EQ, 21-Feb-2024,916.4,917.55,928.0,911.1, 913.00,912.25,915.47,24577,224.99,2130, 15522, 63.16
HIKAL, EQ, 21-Feb-2024,287.6,287.6,292.95,283.95, 285.00,285.0,288.87,155644,449.61,6775, 69222, 44.47
HIL, EQ, 21-Feb-2024,2859.3,2849.0,2860.0,2821.0, 2821.00,2827.0,2833.92,4524,128.21,920, 2164, 47.83
HILTON, EQ, 21-Feb-2024,130.75,131.0,136.0,129.2, 131.60,132.85,132.75,537788,713.9,3857, 188024, 34.96
HIMATSEIDE, EQ, 21-Feb-2024,152.3,153.25,155.3,149.45, 149.50,150.2,152.55,287381,438.4,6961, 165571, 57.61
HINDALCO, EQ, 21-Feb-2024,511.6,535.0,538.0,510.0, 511.30,511.8,520.22,18106978,94196.21,226967, 6787464, 37.49
HINDCOMPOS, EQ, 21-Feb-2024,452.05,453.25,454.8,435.1, 442.00,440.6,442.87,20753,91.91,2893, 11056, 53.27
HINDCOPPER, EQ, 21-Feb-2024,250.1,251.0,262.2,243.6, 248.00,246.0,253.42,8668831,21968.83,63689, 2041185, 23.55
HINDMOTORS, EQ, 21-Feb-2024,20.65,20.75,21.3,20.0, 20.25,20.15,20.52,1119799,229.83,3723, 751193, 67.08
HINDOILEXP, EQ, 21-Feb-2024,208.6,208.8,209.7,196.25, 198.30,198.15,201.66,2455327,4951.48,30695, 1030596, 41.97
HINDPETRO, EQ, 21-Feb-2024,563.1,564.0,569.0,532.0, 547.00,543.25,554.57,6662387,36947.66,86007, 2008799, 30.15
HINDUNILVR, EQ, 21-Feb-2024,2404.1,2404.1,2422.8,2394.1, 2404.00,2407.1,2409.9,1127778,27178.32,88657, 739982, 65.61
HINDWAREAP, EQ, 21-Feb-2024,426.55,429.3,438.55,425.0, 427.00,426.2,430.14,53818,231.49,4123, 27502, 51.10
HINDZINC, EQ, 21-Feb-2024,311.1,310.95,312.9,308.4, 309.40,309.1,310.26,280526,870.36,12564, 172065, 61.34
HIRECT, EQ, 21-Feb-2024,615.9,619.0,623.95,587.65, 587.70,590.9,604.6,17655,106.74,1144, 11362, 64.36
HISARMETAL, EQ, 21-Feb-2024,206.3,204.0,213.8,202.05, 202.80,203.25,207.61,29016,60.24,1480, 14488, 49.93
HITECH, EQ, 21-Feb-2024,164.5,166.35,168.5,156.1, 157.30,157.7,162.0,1574784,2551.15,25244, 745776, 47.36
HITECHCORP, EQ, 21-Feb-2024,231.8,232.05,244.5,230.05, 232.15,233.65,235.36,13831,32.55,736, 7256, 52.46
HITECHGEAR, EQ, 21-Feb-2024,437.2,440.0,508.25,439.65, 486.40,484.4,485.53,243130,1180.47,14400, 65196, 26.82
HLEGLAS, EQ, 21-Feb-2024,515.15,517.0,517.95,510.0, 512.55,511.5,512.3,37066,189.89,3655, 23936, 64.58
HLVLTD, EQ, 21-Feb-2024,37.6,37.85,39.8,36.8, 37.00,37.4,38.68,2720457,1052.18,10991, 1533479, 56.37
HMAAGRO, EQ, 21-Feb-2024,74.25,75.95,75.95,72.7, 73.55,73.35,73.87,274804,203.0,2358, 166531, 60.60
HMVL, EQ, 21-Feb-2024,108.55,114.05,121.0,112.1, 115.00,115.5,116.02,1723463,1999.58,19390, 726745, 42.17
HNDFDS, EQ, 21-Feb-2024,525.8,525.85,529.9,521.5, 524.00,523.3,525.67,50786,266.97,3841, 34716, 68.36
HNGSNGBEES, EQ, 21-Feb-2024,239.34,240.69,245.0,240.69, 244.73,244.59,244.52,468465,1145.49,3470, 390531, 83.36
HOMEFIRST, EQ, 21-Feb-2024,928.9,929.8,939.95,907.0, 911.85,915.4,921.02,159677,1470.66,12086, 87956, 55.08
HONASA, EQ, 21-Feb-2024,432.65,436.65,442.35,429.1, 432.15,432.2,436.06,196802,858.18,14631, 74528, 37.87
HONAUT, EQ, 21-Feb-2024,37114.55,37300.0,37790.0,37021.15, 37550.00,37512.9,37502.69,7623,2858.83,2063, 5846, 76.69
HONDAPOWER, EQ, 21-Feb-2024,2231.0,2239.9,2323.0,2235.5, 2293.00,2300.65,2299.04,12083,277.79,3405, 4549, 37.65
HPAL, EQ, 21-Feb-2024,112.9,115.7,115.7,110.6, 113.30,111.9,113.11,220828,249.77,4340, 85115, 38.54
HPL, EQ, 21-Feb-2024,372.95,378.0,382.9,354.3, 354.30,354.3,362.51,406757,1474.54,10445, 281732, 69.26
HTMEDIA, EQ, 21-Feb-2024,32.5,32.75,34.25,32.1, 32.55,32.45,33.1,1933434,639.89,5754, 1013661, 52.43
HUBTOWN, EQ, 21-Feb-2024,151.4,154.4,158.0,145.55, 150.10,151.75,151.68,574109,870.82,6730, 298714, 52.03
HUDCO, EQ, 21-Feb-2024,198.45,199.1,206.4,194.7, 196.15,195.85,201.03,27955586,56199.77,113880, 7916006, 28.32
HUHTAMAKI, EQ, 21-Feb-2024,350.5,352.9,356.95,345.55, 347.45,347.15,351.66,312556,1099.13,14635, 167527, 53.60
IBREALEST, EQ, 21-Feb-2024,120.9,121.5,124.0,116.85, 117.85,118.35,121.23,25005339,30313.63,61340, 8647572, 34.58
IBULHSGFIN, EQ, 21-Feb-2024,191.8,192.5,192.7,183.55, 184.45,184.75,187.47,10389162,19476.95,55995, 4763464, 45.85
ICEMAKE, EQ, 21-Feb-2024,516.35,516.35,519.0,505.0, 508.00,508.9,511.5,25590,130.89,2627, 17541, 68.55
ICICIB22, EQ, 21-Feb-2024,101.85,102.5,103.0,100.01, 100.26,100.29,101.13,1344955,1360.21,5589, 1146795, 85.27
ICICIBANK, EQ, 21-Feb-2024,1048.75,1056.8,1064.0,1048.0, 1049.35,1051.95,1056.03,15946325,168397.58,285074, 8400930, 52.68
ICICIGI, EQ, 21-Feb-2024,1648.95,1658.9,1667.0,1640.0, 1644.00,1644.55,1651.4,511833,8452.42,22266, 346923, 67.78
ICICIPRULI, EQ, 21-Feb-2024,521.65,522.0,526.4,518.65, 520.00,520.1,522.08,2221389,11597.49,58669, 1456016, 65.55
ICIL, EQ, 21-Feb-2024,291.75,296.7,315.4,294.55, 305.50,304.2,305.45,3009601,9192.88,71250, 857146, 28.48
ICRA, EQ, 21-Feb-2024,5966.9,5998.0,5998.0,5801.2, 5850.00,5833.6,5885.51,2566,151.02,865, 1408, 54.87
IDBI, EQ, 21-Feb-2024,90.8,91.2,92.5,89.4, 89.80,89.9,90.95,11988587,10903.65,30077, 4625429, 38.58
IDEA, EQ, 21-Feb-2024,15.95,16.15,16.3,15.2, 15.35,15.35,15.72,345491167,54303.87,163713, 72428733, 20.96
IDEAFORGE, EQ, 21-Feb-2024,741.25,748.2,748.2,721.75, 728.90,724.15,731.15,223765,1636.06,14492, 114724, 51.27
IDFC, EQ, 21-Feb-2024,116.6,116.8,117.5,115.25, 115.50,115.9,116.12,3496542,4060.04,20819, 1716121, 49.08
IDFCFIRSTB, EQ, 21-Feb-2024,81.75,82.0,82.2,80.7, 80.85,80.95,81.25,21427671,17409.17,106351, 7332965, 34.22
IDFNIFTYET, EQ, 21-Feb-2024,236.0,238.0,239.72,237.07, 237.64,237.85,238.51,507,1.21,33, 451, 88.95
IEL, EQ, 21-Feb-2024,13.7,13.55,13.75,13.05, 13.05,13.1,13.28,388281,51.57,1073, 252974, 65.15
IEX, EQ, 21-Feb-2024,146.45,146.45,147.4,142.45, 144.65,144.3,145.3,7038214,10226.81,56536, 2724749, 38.71
IFBAGRO, EQ, 21-Feb-2024,473.1,472.65,477.0,466.05, 477.00,471.3,471.72,3307,15.6,324, 2129, 64.38
IFBIND, EQ, 21-Feb-2024,1388.7,1394.9,1400.0,1342.05, 1370.00,1359.7,1378.54,46867,646.08,3455, 30304, 64.66
IFCI, EQ, 21-Feb-2024,51.55,51.65,53.15,49.0, 49.00,49.0,49.99,25135234,12564.75,57369, 11455427, 45.58
IFGLEXPOR, EQ, 21-Feb-2024,604.1,600.0,607.45,585.35, 591.80,588.05,594.35,14879,88.43,2548, 8311, 55.86
IGARASHI, EQ, 21-Feb-2024,496.0,496.7,501.9,485.05, 485.45,488.7,492.28,54969,270.6,6317, 32291, 58.74
IGL, EQ, 21-Feb-2024,439.9,440.0,443.0,433.9, 436.75,437.85,438.69,1829764,8026.97,40573, 1077733, 58.90
IGPL, EQ, 21-Feb-2024,471.05,471.05,474.95,466.3, 474.95,469.75,470.55,34631,162.96,2865, 19974, 57.68
IIFL, EQ, 21-Feb-2024,599.75,602.0,611.5,598.95, 600.10,602.45,603.23,291746,1759.89,21341, 138144, 47.35
IIFLSEC, EQ, 21-Feb-2024,160.85,161.55,163.7,155.25, 156.20,157.4,158.84,444369,705.83,13717, 246913, 55.56
IKIO, EQ, 21-Feb-2024,298.9,300.25,301.65,294.15, 295.95,295.05,297.53,117649,350.05,6559, 65525, 55.70
IMAGICAA, EQ, 21-Feb-2024,85.95,86.8,87.6,82.6, 83.40,83.15,84.78,3974164,3369.1,13107, 1875292, 47.19
IMFA, EQ, 21-Feb-2024,636.65,641.75,664.95,624.9, 639.30,636.25,637.87,143571,915.8,8501, 64824, 45.15
IMPAL, EQ, 21-Feb-2024,1085.8,1086.55,1092.0,1054.4, 1081.00,1070.65,1072.21,2906,31.16,479, 1533, 52.75
INDBANK, EQ, 21-Feb-2024,51.15,51.2,52.2,49.0, 49.15,49.4,50.52,277897,140.4,2395, 145616, 52.40
INDHOTEL, EQ, 21-Feb-2024,548.65,548.75,564.65,546.15, 556.00,557.0,556.29,3129382,17408.44,61650, 1259283, 40.24
INDIACEM, EQ, 21-Feb-2024,242.85,244.45,248.15,241.65, 243.00,242.75,245.43,3006832,7379.62,17414, 1197223, 39.82
INDIAGLYCO, EQ, 21-Feb-2024,878.95,879.0,901.85,874.0, 878.50,879.05,889.52,138262,1229.87,12211, 50956, 36.85
INDIAMART, EQ, 21-Feb-2024,2784.05,2784.1,2786.65,2687.5, 2719.95,2718.7,2735.89,295911,8095.8,22312, 139135, 47.02
INDIANB, EQ, 21-Feb-2024,537.15,537.2,552.0,526.8, 541.00,539.2,542.04,4497405,24377.53,73740, 2872624, 63.87
INDIANCARD, EQ, 21-Feb-2024,279.0,274.8,280.9,274.8, 277.00,275.7,276.78,4878,13.5,321, 2324, 47.64
INDIANHUME, EQ, 21-Feb-2024,299.15,304.05,306.0,285.65, 289.85,288.55,299.09,671669,2008.88,29087, 283372, 42.19
INDIASHLTR, EQ, 21-Feb-2024,633.3,640.0,648.95,626.2, 631.30,632.0,633.02,100264,634.69,11252, 43131, 43.02
INDIGO, EQ, 21-Feb-2024,3114.9,3135.0,3135.0,3083.0, 3092.65,3095.65,3108.45,481341,14962.22,42325, 282769, 58.75
INDIGOPNTS, EQ, 21-Feb-2024,1503.5,1505.0,1515.95,1475.5, 1490.10,1492.05,1496.0,66167,989.86,9274, 28959, 43.77
INDNIPPON, EQ, 21-Feb-2024,778.3,785.25,796.5,750.0, 759.90,755.65,771.28,54846,423.02,5726, 24652, 44.95
INDOAMIN, EQ, 21-Feb-2024,148.95,149.45,152.9,146.0, 147.10,148.4,150.19,96642,145.14,3599, 47041, 48.68
INDOBORAX, EQ, 21-Feb-2024,175.95,177.3,188.55,176.35, 181.50,181.2,182.42,329994,601.97,12521, 171834, 52.07
INDOCO, EQ, 21-Feb-2024,362.55,363.75,366.7,357.6, 359.10,361.35,363.02,43216,156.88,4118, 20116, 46.55
INDORAMA, EQ, 21-Feb-2024,52.25,52.75,54.85,52.1, 52.85,52.45,53.53,721335,386.16,4352, 277313, 38.44
INDOTECH, EQ, 21-Feb-2024,1019.9,1055.0,1171.5,1020.0, 1095.00,1080.8,1106.19,79364,877.92,9572, 31143, 39.24
INDSWFTLAB, EQ, 21-Feb-2024,111.05,111.9,112.0,106.85, 109.85,108.95,109.55,179540,196.69,2900, 108368, 60.36
INDSWFTLTD, EQ, 21-Feb-2024,18.55,18.55,18.6,17.6, 17.85,17.7,18.02,118174,21.3,536, 79817, 67.54
INDTERRAIN, EQ, 21-Feb-2024,71.7,71.8,73.0,69.85, 72.55,72.45,71.99,170503,122.75,1761, 67974, 39.87
INDUSINDBK, EQ, 21-Feb-2024,1504.2,1520.0,1526.8,1502.5, 1515.00,1517.25,1513.93,5259113,79619.13,166714, 3019606, 57.42
INDUSTOWER, EQ, 21-Feb-2024,221.4,223.0,225.85,216.9, 218.50,218.85,222.76,11554309,25738.23,75112, 6508163, 56.33
INFIBEAM, EQ, 21-Feb-2024,35.2,35.25,35.55,34.15, 34.55,34.4,34.73,16913572,5873.99,35151, 5761156, 34.06
INFOBEAN, EQ, 21-Feb-2024,419.55,425.0,425.0,414.1, 416.10,415.9,418.34,16578,69.35,1419, 11364, 68.55
INFRABEES, EQ, 21-Feb-2024,847.39,847.39,850.0,835.0, 845.39,839.5,845.54,11130,94.11,719, 7405, 66.53
INFRAIETF, EQ, 21-Feb-2024,83.44,83.43,83.74,82.4, 82.90,82.75,83.21,71193,59.24,2058, 63316, 88.94
INFY, EQ, 21-Feb-2024,1685.25,1674.0,1674.0,1645.3, 1652.00,1655.55,1659.26,4300508,71356.69,199597, 2582366, 60.05
INGERRAND, EQ, 21-Feb-2024,3513.75,3510.0,3586.3,3476.55, 3534.95,3504.9,3542.78,25630,908.01,6427, 10105, 39.43
INNOVACAP, EQ, 21-Feb-2024,526.8,532.0,533.45,516.0, 528.00,522.25,520.96,88132,459.13,8602, 38693, 43.90
INOXINDIA, EQ, 21-Feb-2024,1156.85,1161.0,1175.0,1100.65, 1116.95,1113.85,1129.55,538294,6080.31,17610, 372093, 69.12
INOXWIND, EQ, 21-Feb-2024,623.5,627.0,634.0,592.35, 601.65,597.95,603.92,1173857,7089.16,23093, 746012, 63.55
INSECTICID, EQ, 21-Feb-2024,562.5,565.3,585.0,550.05, 562.00,558.1,567.04,40726,230.93,3766, 21473, 52.73
INTELLECT, EQ, 21-Feb-2024,899.85,906.0,916.3,895.0, 902.00,902.1,904.28,177858,1608.34,11053, 64374, 36.19
INTLCONV, EQ, 21-Feb-2024,95.4,96.0,96.55,92.0, 92.80,92.6,93.6,575570,538.73,5612, 283794, 49.31
IOB, EQ, 21-Feb-2024,69.55,69.75,71.2,68.0, 68.30,68.55,69.43,26155059,18158.93,59790, 5550800, 21.22
IOC, EQ, 21-Feb-2024,188.75,189.6,190.7,181.1, 182.60,182.3,185.62,22131487,41080.27,105537, 6124382, 27.67
IOLCP, EQ, 21-Feb-2024,428.5,428.5,428.9,416.1, 416.10,417.75,421.16,238032,1002.5,13064, 112588, 47.30
IONEXCHANG, EQ, 21-Feb-2024,512.25,514.2,520.0,496.9, 510.00,510.25,507.94,305016,1549.3,19814, 165619, 54.30
IPCALAB, EQ, 21-Feb-2024,1235.4,1240.0,1246.85,1213.3, 1216.85,1220.35,1228.33,191023,2346.4,13877, 76380, 39.98
IPL, EQ, 21-Feb-2024,388.05,389.95,412.0,388.8, 399.90,401.7,402.95,4685361,18879.76,50425, 682297, 14.56
IRB, EQ, 21-Feb-2024,65.85,66.1,67.9,65.0, 66.00,65.6,66.45,12325814,8190.49,52023, 5674261, 46.04
IRCON, EQ, 21-Feb-2024,230.55,231.05,233.45,225.5, 228.60,227.95,229.86,10790142,24802.38,73365, 3668904, 34.00
IRCTC, EQ, 21-Feb-2024,951.9,952.65,959.55,922.1, 924.55,925.75,937.4,2291737,21482.68,67931, 593462, 25.90
IREDA, EQ, 21-Feb-2024,175.05,172.45,176.3,166.3, 166.30,166.3,168.46,30569754,51496.38,229418, 13278038, 43.44
IRFC, EQ, 21-Feb-2024,158.5,158.85,160.4,153.4, 154.65,154.2,156.46,35706625,55866.19,217052, 10471900, 29.33
IRIS, EQ, 21-Feb-2024,145.05,151.4,151.4,140.05, 141.00,141.65,144.53,27873,40.28,714, 18587, 66.68
IRISDOREME, EQ, 21-Feb-2024,80.7,81.0,81.3,77.3, 78.00,77.95,79.42,198377,157.55,956, 74996, 37.80
IRMENERGY, EQ, 21-Feb-2024,563.45,568.0,570.95,542.0, 542.15,543.7,553.91,112433,622.78,12771, 55753, 49.59
ISEC, EQ, 21-Feb-2024,797.5,805.0,821.15,799.45, 816.00,812.9,814.33,439243,3576.87,18422, 280928, 63.96
ISFT, EQ, 21-Feb-2024,161.6,163.8,163.85,157.15, 160.00,158.8,159.64,37548,59.94,1260, 19623, 52.26
ISGEC, EQ, 21-Feb-2024,856.85,879.75,879.75,827.0, 829.35,828.9,841.16,155493,1307.94,13079, 94765, 60.94
ISMTLTD, EQ, 21-Feb-2024,99.15,99.7,101.75,97.75, 99.25,99.1,100.1,608293,608.9,5210, 237738, 39.08
ITBEES, EQ, 21-Feb-2024,40.26,41.45,41.45,39.6, 39.75,39.67,39.92,4984911,1989.82,24046, 3065855, 61.50
ITC, EQ, 21-Feb-2024,406.1,407.0,410.1,401.3, 402.75,403.35,406.26,19414653,78874.11,308873, 13183146, 67.90
ITDC, EQ, 21-Feb-2024,781.1,782.05,859.2,782.05, 826.00,820.95,838.67,1746235,14645.14,33707, 315834, 18.09
ITDCEM, EQ, 21-Feb-2024,358.8,361.4,374.95,357.5, 359.70,361.3,366.23,1119669,4100.56,29743, 567067, 50.65
ITETF, EQ, 21-Feb-2024,38.42,38.11,39.38,37.7, 38.29,37.99,37.99,21054,8.0,365, 16793, 79.76
ITETFADD, EQ, 21-Feb-2024,38.45,38.49,38.95,37.61, 38.95,37.88,38.04,15703,5.97,200, 12569, 80.04
ITI, EQ, 21-Feb-2024,325.4,326.0,327.75,311.0, 314.60,314.65,317.97,1538225,4891.06,26776, 421105, 27.38
ITIETF, EQ, 21-Feb-2024,40.17,40.16,40.4,39.51, 39.58,39.58,39.82,2838297,1130.35,2590, 2604314, 91.76
IVZINGOLD, EQ, 21-Feb-2024,5498.1,5538.0,5538.0,5500.05, 5518.00,5518.0,5524.01,79,4.36,11, 75, 94.94
IVZINNIFTY, EQ, 21-Feb-2024,2471.49,2501.99,2501.99,2464.0, 2464.00,2464.0,2476.61,242,5.99,47, 158, 65.29
J&KBANK, EQ, 21-Feb-2024,142.65,143.3,145.2,138.4, 139.35,139.4,141.67,2920678,4137.79,26191, 966126, 33.08
JAGRAN, EQ, 21-Feb-2024,115.85,116.5,118.6,111.6, 113.70,113.3,114.95,860285,988.88,10054, 400477, 46.55
JAGSNPHARM, EQ, 21-Feb-2024,314.2,314.2,321.0,302.0, 308.75,308.35,313.17,15012,47.01,1273, 9849, 65.61
JAICORPLTD, EQ, 21-Feb-2024,331.55,331.6,334.45,319.0, 322.00,322.25,327.69,360240,1180.48,5224, 202940, 56.33
JAIPURKURT, EQ, 21-Feb-2024,67.15,68.0,68.0,64.7, 65.45,65.25,65.48,14111,9.24,314, 8320, 58.96
JAMNAAUTO, EQ, 21-Feb-2024,115.15,115.75,116.0,113.15, 113.85,113.7,114.52,1792943,2053.29,15600, 902421, 50.33
JASH, EQ, 21-Feb-2024,1831.95,1850.0,1860.0,1770.0, 1774.00,1774.75,1808.56,22648,409.6,2781, 14477, 63.92
JAYAGROGN, EQ, 21-Feb-2024,242.2,254.9,261.9,239.05, 239.05,241.25,247.49,110485,273.44,5231, 55891, 50.59
JAYBARMARU, EQ, 21-Feb-2024,131.5,132.5,132.55,127.8, 128.95,128.6,129.6,122927,159.31,1750, 68286, 55.55
JAYNECOIND, EQ, 21-Feb-2024,61.4,61.85,62.65,59.6, 59.60,59.95,61.09,554629,338.82,1755, 364114, 65.65
JAYSREETEA, EQ, 21-Feb-2024,123.15,124.0,129.7,121.5, 122.30,122.3,126.41,762300,963.65,10635, 287660, 37.74
JBCHEPHARM, EQ, 21-Feb-2024,1648.95,1664.65,1675.0,1658.1, 1672.00,1673.25,1668.5,141062,2353.61,8546, 103155, 73.13
JBMA, EQ, 21-Feb-2024,2289.5,2300.0,2414.25,2272.0, 2309.00,2310.25,2336.0,368326,8604.09,32833, 139428, 37.85
JCHAC, EQ, 21-Feb-2024,1115.6,1116.0,1143.25,1098.0, 1104.00,1107.65,1119.05,28320,316.92,3922, 11452, 40.44
JETFREIGHT, EQ, 21-Feb-2024,15.25,15.3,15.55,14.4, 14.65,14.65,15.01,176573,26.5,962, 94734, 53.65
JHS, EQ, 21-Feb-2024,25.5,25.65,26.5,25.65, 26.15,26.15,26.14,541322,141.48,1136, 418179, 77.25
JINDALPHOT, EQ, 21-Feb-2024,686.45,690.0,722.95,673.05, 679.00,679.4,696.55,58919,410.4,6493, 18683, 31.71
JINDALPOLY, EQ, 21-Feb-2024,593.05,596.05,604.2,592.1, 598.50,595.65,599.09,27125,162.5,2823, 14485, 53.40
JINDALSAW, EQ, 21-Feb-2024,537.25,541.9,546.25,517.05, 519.50,519.6,528.97,1020659,5398.97,31297, 584844, 57.30
JINDALSTEL, EQ, 21-Feb-2024,760.0,773.0,785.0,761.85, 772.00,771.5,774.43,3824236,29615.88,106246, 1066730, 27.89
JINDRILL, EQ, 21-Feb-2024,695.35,705.6,718.45,687.15, 693.00,694.45,702.82,32997,231.91,2935, 18395, 55.75
JINDWORLD, EQ, 21-Feb-2024,355.9,355.9,391.0,355.2, 377.95,377.8,375.06,2052336,7697.42,52817, 291398, 14.20
JIOFIN, EQ, 21-Feb-2024,281.7,284.0,294.5,283.2, 289.65,290.1,289.64,64130106,185745.23,416397, 24871205, 38.78
JISLDVREQS, EQ, 21-Feb-2024,35.0,35.95,36.0,34.4, 34.55,34.45,35.0,58602,20.51,545, 21983, 37.51
JISLJALEQS, EQ, 21-Feb-2024,59.35,59.65,60.25,57.7, 58.15,58.15,58.89,3574275,2104.95,11445, 1764375, 49.36
JKCEMENT, EQ, 21-Feb-2024,4201.7,4226.85,4294.0,4204.6, 4246.00,4249.85,4255.39,196563,8364.51,21231, 112005, 56.98
JKIL, EQ, 21-Feb-2024,643.2,645.85,672.95,642.7, 659.00,664.45,662.52,565913,3749.27,32419, 282812, 49.97
JKLAKSHMI, EQ, 21-Feb-2024,942.0,948.0,975.0,944.5, 960.00,959.1,964.78,394230,3803.46,23023, 167191, 42.41
JKPAPER, EQ, 21-Feb-2024,379.3,380.95,383.5,370.05, 372.90,372.4,376.86,567244,2137.73,15851, 301635, 53.18
JKTYRE, EQ, 21-Feb-2024,512.8,515.75,518.5,507.0, 508.50,508.5,510.05,743838,3793.92,16208, 539944, 72.59
JLHL, EQ, 21-Feb-2024,1440.4,1431.5,1497.9,1415.7, 1456.50,1466.25,1473.39,81865,1206.19,14826, 34172, 41.74
JMA, EQ, 21-Feb-2024,119.65,121.5,123.25,115.6, 116.00,116.3,119.26,62242,74.23,672, 35531, 57.09
JMFINANCIL, EQ, 21-Feb-2024,100.85,101.45,106.0,101.35, 102.00,102.75,104.13,8696895,9055.93,38541, 2832386, 32.57
JOCIL, EQ, 21-Feb-2024,207.2,208.95,208.95,198.2, 200.00,199.85,202.13,67507,136.45,728, 59867, 88.68
JPASSOCIAT, EQ, 21-Feb-2024,26.15,26.6,26.6,25.3, 25.35,25.4,25.9,11955991,3096.52,15828, 6791347, 56.80
JPOLYINVST, EQ, 21-Feb-2024,807.0,807.05,825.0,779.0, 779.00,782.2,798.99,22677,181.19,2898, 12855, 56.69
JSFB, EQ, 21-Feb-2024,446.2,449.0,482.0,442.5, 467.90,462.65,463.17,4039171,18708.32,79061, 1183147, 29.29
JSL, EQ, 21-Feb-2024,642.85,648.0,649.0,631.1, 638.00,637.9,638.69,3027198,19334.3,76234, 2214131, 73.14
JSWENERGY, EQ, 21-Feb-2024,490.6,490.6,494.0,480.6, 485.00,484.65,486.89,1545884,7526.77,39165, 735124, 47.55
JSWHL, EQ, 21-Feb-2024,6398.0,6450.0,7019.0,6395.2, 6755.00,6727.95,6761.03,33468,2262.78,10149, 5560, 16.61
JSWINFRA, EQ, 21-Feb-2024,238.85,240.5,241.95,231.2, 233.00,233.1,236.93,6836575,16198.19,48582, 3205746, 46.89
JSWSTEEL, EQ, 21-Feb-2024,821.2,821.0,850.0,820.95, 826.25,828.25,840.54,6419882,53961.41,199636, 1992514, 31.04
JTEKTINDIA, EQ, 21-Feb-2024,148.6,149.4,149.5,146.0, 147.20,147.0,147.19,362933,534.19,5246, 292358, 80.55
JTLIND, EQ, 21-Feb-2024,259.15,260.6,264.05,253.85, 255.00,255.3,259.46,631850,1639.41,14386, 298317, 47.21
JUBLFOOD, EQ, 21-Feb-2024,507.7,507.8,520.0,490.05, 495.40,495.25,499.42,2828412,14125.52,46109, 1355486, 47.92
JUBLINDS, EQ, 21-Feb-2024,1019.6,1012.0,1121.55,1011.05, 1121.55,1121.55,1077.95,112901,1217.02,6050, 57409, 50.85
JUBLINGREA, EQ, 21-Feb-2024,487.3,492.9,508.0,476.35, 488.00,485.15,491.58,847425,4165.8,40092, 191246, 22.57
JUBLPHARMA, EQ, 21-Feb-2024,600.8,604.9,609.5,563.8, 584.85,583.5,587.85,417126,2452.08,25737, 200989, 48.18
JUNIORBEES, EQ, 21-Feb-2024,624.9,643.65,643.65,619.37, 621.73,621.19,624.5,91016,568.39,5440, 48317, 53.09
JUSTDIAL, EQ, 21-Feb-2024,900.3,907.0,938.95,897.0, 905.00,900.35,918.98,1201692,11043.37,49430, 339795, 28.28
JWL, EQ, 21-Feb-2024,384.4,386.35,393.0,374.0, 377.00,376.0,383.2,927685,3554.9,19831, 324590, 34.99
JYOTHYLAB, EQ, 21-Feb-2024,469.7,472.25,480.0,467.6, 471.30,471.45,473.43,837248,3963.8,37382, 333057, 39.78
JYOTICNC, EQ, 21-Feb-2024,645.45,647.0,661.95,626.25, 650.00,649.35,646.03,648077,4186.79,20450, 355143, 54.80
KABRAEXTRU, EQ, 21-Feb-2024,381.8,387.5,390.95,376.0, 377.00,378.05,381.22,24327,92.74,2190, 15139, 62.23
KAJARIACER, EQ, 21-Feb-2024,1246.5,1259.0,1259.95,1241.55, 1250.00,1247.7,1250.79,76773,960.27,7522, 50856, 66.24
KAKATCEM, EQ, 21-Feb-2024,227.0,230.55,231.85,226.65, 228.40,229.35,229.15,17994,41.23,679, 10780, 59.91
KALAMANDIR, EQ, 21-Feb-2024,234.55,235.8,239.55,229.5, 232.00,230.45,233.21,560241,1306.55,19874, 390641, 69.73
KALYANKJIL, EQ, 21-Feb-2024,364.55,364.55,388.0,364.55, 378.35,376.25,379.09,3400773,12891.9,79149, 1575271, 46.32
KAMATHOTEL, EQ, 21-Feb-2024,308.8,311.5,317.0,310.0, 313.70,312.7,313.9,60254,189.14,1657, 39599, 65.72
KAMDHENU, EQ, 21-Feb-2024,607.2,615.0,628.0,590.0, 594.10,591.75,604.63,345472,2088.83,4841, 268988, 77.86
KAMOPAINTS, EQ, 21-Feb-2024,199.9,201.95,203.0,190.8, 193.50,195.2,200.15,1199921,2401.67,17610, 355455, 29.62
KANORICHEM, EQ, 21-Feb-2024,126.8,126.8,129.2,126.0, 127.00,126.65,127.95,24691,31.59,756, 15152, 61.37
KANPRPLA, EQ, 21-Feb-2024,108.8,108.8,111.0,108.0, 109.50,109.05,109.49,15595,17.07,476, 9044, 57.99
KANSAINER, EQ, 21-Feb-2024,310.9,311.9,313.35,306.05, 308.00,307.8,309.07,187212,578.62,8409, 100361, 53.61
KAPSTON, EQ, 21-Feb-2024,259.4,254.2,267.85,250.3, 250.60,251.15,256.4,4992,12.8,448, 1477, 29.59
KARURVYSYA, EQ, 21-Feb-2024,182.6,181.2,184.15,180.4, 181.70,182.1,182.02,1232786,2243.94,21621, 490635, 39.80
KAYA, EQ, 21-Feb-2024,358.75,360.0,362.0,352.5, 356.00,356.1,356.48,7666,27.33,486, 4393, 57.30
KAYNES, EQ, 21-Feb-2024,2778.2,2807.0,2845.0,2717.75, 2837.80,2811.05,2801.23,315446,8836.37,27819, 249407, 79.06
KBCGLOBAL, EQ, 21-Feb-2024,2.1,2.15,2.2,2.1, 2.15,2.15,2.16,10173157,219.65,3229, 6494318, 63.84
KCP, EQ, 21-Feb-2024,212.5,213.55,214.2,204.9, 208.50,208.05,209.39,1004704,2103.7,16318, 381524, 37.97
KCPSUGIND, EQ, 21-Feb-2024,42.5,42.8,43.05,41.45, 41.95,41.85,42.16,477500,201.32,2396, 241488, 50.57
KDDL, EQ, 21-Feb-2024,2609.95,2631.75,2649.45,2550.05, 2560.50,2574.3,2592.12,8591,222.69,2208, 4954, 57.66
KEC, EQ, 21-Feb-2024,655.3,656.1,663.9,652.0, 656.30,655.15,659.35,137544,906.9,13483, 63595, 46.24
KECL, EQ, 21-Feb-2024,124.05,124.95,127.55,121.2, 122.70,122.05,123.56,318386,393.41,6537, 149025, 46.81
KEI, EQ, 21-Feb-2024,3291.0,3294.05,3299.7,3200.0, 3215.65,3210.45,3235.28,110341,3569.84,15103, 64274, 58.25
KELLTONTEC, EQ, 21-Feb-2024,99.05,99.05,101.2,97.35, 97.70,97.7,99.17,745564,739.4,7355, 304114, 40.79
KESORAMIND, EQ, 21-Feb-2024,170.95,171.9,174.95,170.75, 171.40,171.4,172.8,1046413,1808.22,9204, 512923, 49.02
KEYFINSERV, EQ, 21-Feb-2024,176.8,184.3,184.3,172.05, 172.10,173.65,177.77,15898,28.26,915, 5746, 36.14
KFINTECH, EQ, 21-Feb-2024,639.25,651.4,688.0,643.25, 652.50,651.0,662.2,1333689,8831.62,45994, 671565, 50.35
KHADIM, EQ, 21-Feb-2024,364.0,369.5,373.3,367.55, 369.95,369.15,369.61,39706,146.76,946, 26862, 67.65
KHAICHEM, EQ, 21-Feb-2024,77.35,77.7,77.95,75.0, 76.20,76.1,76.44,194562,148.73,2359, 75517, 38.81
KHAITANLTD, EQ, 21-Feb-2024,65.9,65.3,66.8,64.65, 66.30,66.2,66.29,5823,3.86,133, 4489, 77.09
KHANDSE, EQ, 21-Feb-2024,33.3,33.3,33.3,31.0, 31.25,31.6,32.09,18674,5.99,154, 14844, 79.49
KICL, EQ, 21-Feb-2024,3917.35,3907.0,3990.0,3825.0, 3835.05,3855.75,3891.38,4583,178.34,1292, 1996, 43.55
KILITCH, EQ, 21-Feb-2024,397.2,400.95,402.1,385.0, 388.90,387.55,393.03,15911,62.54,570, 12763, 80.21
KIMS, EQ, 21-Feb-2024,2245.35,2263.0,2265.0,2189.05, 2208.65,2223.45,2209.4,135084,2984.55,9200, 113114, 83.74
KINGFA, EQ, 21-Feb-2024,2021.55,2024.7,2025.0,1980.0, 2003.00,1996.2,2005.31,3682,73.84,495, 2817, 76.51
KIOCL, EQ, 21-Feb-2024,531.55,536.9,550.0,500.9, 510.00,509.95,522.11,857033,4474.69,21343, 265579, 30.99
KIRIINDUS, EQ, 21-Feb-2024,390.15,394.0,418.55,384.2, 410.50,412.35,409.45,931011,3812.03,39730, 401582, 43.13
KIRLOSBROS, EQ, 21-Feb-2024,924.0,928.1,937.0,921.6, 925.00,924.85,925.91,32403,300.02,4021, 21192, 65.40
KIRLOSENG, EQ, 21-Feb-2024,896.35,903.05,903.05,885.0, 890.00,890.55,892.42,315462,2815.24,17526, 238466, 75.59
KIRLOSIND, EQ, 21-Feb-2024,4132.65,4153.95,4154.95,4092.2, 4105.00,4105.85,4113.57,1345,55.33,371, 821, 61.04
KIRLPNU, EQ, 21-Feb-2024,739.7,733.0,739.55,713.75, 718.00,719.1,721.9,113559,819.79,8077, 71160, 62.66
KITEX, EQ, 21-Feb-2024,273.25,275.6,275.6,266.5, 267.15,268.0,270.2,129935,351.09,6392, 61791, 47.56
KKCL, EQ, 21-Feb-2024,746.55,749.8,749.8,736.0, 740.00,745.15,743.48,15036,111.79,1743, 8742, 58.14
KMSUGAR, EQ, 21-Feb-2024,36.45,36.7,37.5,35.6, 36.50,36.4,36.45,1060817,386.7,5867, 385283, 36.32
KNRCON, EQ, 21-Feb-2024,270.7,271.05,273.1,264.3, 266.70,266.45,266.55,689851,1838.77,14496, 376314, 54.55
KOKUYOCMLN, EQ, 21-Feb-2024,129.85,130.7,134.7,129.3, 134.55,133.4,132.98,99071,131.74,2114, 55478, 56.00
KOLTEPATIL, EQ, 21-Feb-2024,489.5,491.9,501.05,476.0, 479.65,480.9,488.96,270936,1324.77,18745, 129399, 47.76
KOPRAN, EQ, 21-Feb-2024,267.4,268.7,270.5,262.1, 264.20,264.8,266.35,198400,528.43,8223, 91379, 46.06
KOTAKALPHA, EQ, 21-Feb-2024,45.17,45.48,46.87,44.5, 44.82,44.78,45.08,357013,160.93,2410, 307587, 86.16
KOTAKBANK, EQ, 21-Feb-2024,1762.5,1769.0,1769.0,1740.55, 1742.40,1746.1,1751.43,4184871,73295.25,125718, 2529717, 60.45
KOTAKBKETF, EQ, 21-Feb-2024,479.77,480.34,482.53,477.01, 478.67,479.19,479.9,140063,672.16,1489, 134218, 95.83
KOTAKCONS, EQ, 21-Feb-2024,99.69,99.69,100.49,99.25, 100.00,99.36,99.84,1634,1.63,44, 849, 51.96
KOTAKGOLD, EQ, 21-Feb-2024,52.73,52.73,52.99,52.72, 52.78,52.83,52.84,102668,54.24,850, 84851, 82.65
KOTAKIT, EQ, 21-Feb-2024,40.03,40.32,40.38,39.35, 40.20,39.91,39.72,41856,16.62,477, 27629, 66.01
KOTAKLIQ, EQ, 21-Feb-2024,1000.0,1000.0,1000.01,999.99, 1000.00,1000.0,1000.0,44792,447.92,16, 22566, 50.38
KOTAKLOVOL, EQ, 21-Feb-2024,18.56,18.64,18.64,18.15, 18.15,18.4,18.52,121535,22.51,264, 109854, 90.39
KOTAKMID50, EQ, 21-Feb-2024,141.8,142.99,142.99,140.03, 141.04,140.47,141.2,13405,18.93,441, 8729, 65.12
KOTAKMNC, EQ, 21-Feb-2024,25.17,25.18,25.4,25.11, 25.15,25.18,25.3,12134,3.07,115, 11087, 91.37
KOTAKNIFTY, EQ, 21-Feb-2024,239.03,239.03,239.65,237.0, 237.55,237.5,238.91,38196,91.25,452, 31487, 82.44
KOTAKNV20, EQ, 21-Feb-2024,139.6,138.51,139.99,138.5, 138.60,139.08,139.57,7329,10.23,249, 6163, 84.09
KOTAKPSUBK, EQ, 21-Feb-2024,707.16,710.0,720.76,709.33, 710.22,712.01,714.6,19684,140.66,1044, 9028, 45.86
KOTAKSILVE, EQ, 21-Feb-2024,70.74,70.61,70.96,70.21, 70.59,70.59,70.73,66731,47.2,176, 64435, 96.56
KOTARISUG, EQ, 21-Feb-2024,65.45,66.45,67.5,64.75, 65.25,65.0,65.86,505612,333.0,4486, 238686, 47.21
KOTHARIPET, EQ, 21-Feb-2024,140.95,141.0,142.85,137.75, 138.60,139.75,140.61,75948,106.79,1612, 40442, 53.25
KOTHARIPRO, EQ, 21-Feb-2024,157.55,158.35,159.0,151.6, 153.45,153.15,154.35,14440,22.29,917, 7799, 54.01
KPIGREEN, EQ, 21-Feb-2024,1559.8,1619.95,1637.75,1600.0, 1637.75,1637.75,1627.41,135546,2205.88,6126, 91510, 67.51
KPIL, EQ, 21-Feb-2024,923.45,925.9,942.0,907.9, 909.00,912.5,920.61,149915,1380.14,13622, 48923, 32.63
KPITTECH, EQ, 21-Feb-2024,1619.75,1635.05,1635.05,1560.0, 1572.00,1571.75,1592.14,931221,14826.35,76327, 520007, 55.84
KPRMILL, EQ, 21-Feb-2024,719.65,720.0,731.95,714.8, 716.80,716.5,722.93,174197,1259.31,15007, 107982, 61.99
KRBL, EQ, 21-Feb-2024,345.8,343.2,349.4,343.2, 345.50,346.05,347.17,188649,654.93,6861, 116415, 61.71
KREBSBIO, EQ, 21-Feb-2024,72.95,74.5,74.5,72.0, 72.50,72.65,73.0,8940,6.53,129, 7011, 78.42
KRISHANA, EQ, 21-Feb-2024,209.2,209.25,222.85,207.8, 221.90,221.35,216.6,98214,212.73,2896, 49243, 50.14
KRITI, EQ, 21-Feb-2024,151.25,150.05,158.15,150.05, 152.60,152.6,154.25,153869,237.34,8908, 65011, 42.25
KRITINUT, EQ, 21-Feb-2024,112.05,110.65,118.85,109.0, 116.00,116.5,115.95,81820,94.87,1184, 44464, 54.34
KRSNAA, EQ, 21-Feb-2024,682.3,687.7,692.0,678.75, 681.00,680.8,686.34,67750,464.99,5979, 35070, 51.76
KSB, EQ, 21-Feb-2024,4054.45,4085.0,4085.0,3911.0, 3936.00,3935.85,3960.87,49363,1955.21,14382, 17705, 35.87
KSCL, EQ, 21-Feb-2024,683.4,686.85,686.85,676.3, 680.55,678.6,680.26,114358,777.94,6611, 79742, 69.73
KSL, EQ, 21-Feb-2024,806.9,806.9,823.0,801.3, 817.50,817.55,815.24,131438,1071.53,10013, 73236, 55.72
KSOLVES, EQ, 21-Feb-2024,1205.6,1215.0,1219.0,1198.6, 1207.35,1202.75,1208.16,17027,205.71,3073, 10424, 61.22
KTKBANK, EQ, 21-Feb-2024,246.95,248.4,249.7,242.5, 245.40,243.1,244.02,2458280,5998.72,24069, 2090772, 85.05
KUANTUM, EQ, 21-Feb-2024,169.6,170.7,171.45,165.0, 166.55,166.35,168.63,93934,158.4,3245, 51538, 54.87
L&TFH, EQ, 21-Feb-2024,174.45,174.75,175.5,169.65, 170.10,170.45,172.15,2695176,4639.79,20902, 1172641, 43.51
LALPATHLAB, EQ, 21-Feb-2024,2472.3,2452.0,2479.95,2417.5, 2417.50,2428.85,2450.5,128553,3150.19,15535, 60119, 46.77
LAMBODHARA, EQ, 21-Feb-2024,176.55,176.55,183.9,175.1, 176.00,176.65,179.49,25421,45.63,791, 12023, 47.30
LANDMARK, EQ, 21-Feb-2024,739.75,745.0,754.95,729.1, 734.10,737.15,737.99,75661,558.37,17624, 34889, 46.11
LAOPALA, EQ, 21-Feb-2024,352.75,353.8,358.95,351.55, 352.60,352.0,354.98,75644,268.52,5568, 34140, 45.13
LASA, EQ, 21-Feb-2024,31.35,31.3,31.7,30.4, 30.90,30.65,31.01,58115,18.02,456, 41917, 72.13
LATENTVIEW, EQ, 21-Feb-2024,514.45,514.2,517.1,497.9, 503.00,501.85,506.65,428900,2173.03,17573, 201173, 46.90
LAURUSLABS, EQ, 21-Feb-2024,401.25,403.05,406.2,392.65, 395.45,395.65,400.29,1044889,4182.55,18704, 379150, 36.29
LAXMICOT, EQ, 21-Feb-2024,34.6,35.45,35.45,32.65, 33.75,33.8,34.58,424948,146.94,1371, 182597, 42.97
LAXMIMACH, EQ, 21-Feb-2024,14723.95,14797.55,14825.0,14507.5, 14551.00,14618.35,14648.09,3772,552.53,1171, 1794, 47.56
LEMONTREE, EQ, 21-Feb-2024,138.5,139.85,144.6,134.1, 137.90,137.45,141.57,8167463,11562.38,50086, 2039890, 24.98
LEXUS, EQ, 21-Feb-2024,42.85,43.5,44.2,42.1, 43.90,43.25,43.43,12612,5.48,150, 9941, 78.82
LFIC, EQ, 21-Feb-2024,225.15,225.15,225.15,216.65, 216.80,220.5,221.54,10540,23.35,452, 6380, 60.53
LGBBROSLTD, EQ, 21-Feb-2024,1164.35,1170.0,1199.25,1160.55, 1175.00,1178.6,1184.64,27149,321.62,5736, 13620, 50.17
LGBFORGE, EQ, 21-Feb-2024,12.75,12.75,12.9,12.15, 12.20,12.15,12.4,343194,42.56,1240, 230862, 67.27
LGHL, EQ, 21-Feb-2024,182.0,185.65,191.1,185.65, 191.10,191.1,190.97,249,0.48,10, 249, 100.00
LIBAS, EQ, 21-Feb-2024,23.9,23.95,24.4,22.7, 22.70,22.9,23.39,288543,67.5,1138, 181665, 62.96
LICHSGFIN, EQ, 21-Feb-2024,638.95,637.55,646.95,637.55, 639.40,640.9,643.78,2367781,15243.25,45215, 1452893, 61.36
LICI, EQ, 21-Feb-2024,1042.15,1044.0,1054.75,1027.7, 1041.00,1039.55,1042.61,3929842,40972.98,99715, 1355779, 34.50
LICMFGOLD, EQ, 21-Feb-2024,5668.25,5672.25,5697.85,5670.0, 5670.05,5687.85,5677.6,46,2.61,25, 34, 73.91
LICNETFGSC, EQ, 21-Feb-2024,24.88,25.38,25.8,24.6, 24.89,24.88,24.88,22838,5.68,199, 18294, 80.10
LICNETFN50, EQ, 21-Feb-2024,240.56,243.98,243.98,239.11, 240.35,239.79,241.06,15297,36.88,59, 15140, 98.97
LICNETFSEN, EQ, 21-Feb-2024,784.88,800.71,800.71,792.25, 800.00,799.77,798.21,390,3.11,39, 161, 41.28
LICNFNHGP, EQ, 21-Feb-2024,240.48,243.6,243.6,236.65, 240.90,239.59,239.96,833,2.0,86, 311, 37.33
LICNMID100, EQ, 21-Feb-2024,48.91,50.13,51.38,48.04, 48.70,48.32,48.43,7252,3.51,202, 4191, 57.79
LIKHITHA, EQ, 21-Feb-2024,272.4,270.25,279.5,270.25, 274.95,274.85,275.61,146667,404.23,7214, 79415, 54.15
LINC, EQ, 21-Feb-2024,581.3,585.1,585.1,576.05, 584.00,582.0,581.48,6614,38.46,733, 4071, 61.55
LINCOLN, EQ, 21-Feb-2024,693.55,696.0,701.65,680.15, 687.00,686.35,688.69,167828,1155.82,13116, 80912, 48.21
LINDEINDIA, EQ, 21-Feb-2024,5678.85,5729.95,5729.95,5611.1, 5643.00,5630.3,5664.23,15633,885.49,4221, 8651, 55.34
LIQUID, EQ, 21-Feb-2024,999.99,1000.0,1000.0,999.99, 1000.00,999.99,1000.0,152818,1528.18,86, 140571, 91.99
LIQUIDBEES, EQ, 21-Feb-2024,1000.0,1000.0,1000.01,999.99, 1000.00,1000.0,1000.01,3368248,33682.65,8142, 3097982, 91.98
LIQUIDCASE, EQ, 21-Feb-2024,100.69,100.7,100.72,100.7, 100.72,100.71,100.71,598745,603.01,610, 587031, 98.04
LIQUIDETF, EQ, 21-Feb-2024,999.99,999.99,1000.01,999.99, 999.99,999.99,1000.0,1219039,12190.39,371, 1134164, 93.04
LIQUIDIETF, EQ, 21-Feb-2024,999.99,999.99,1000.0,999.99, 1000.00,999.99,1000.0,792584,7925.84,391, 426040, 53.75
LIQUIDSBI, EQ, 21-Feb-2024,999.99,1000.0,1000.01,1000.0, 1000.01,1000.01,1000.01,16032,160.32,20, 16029, 99.98
LLOYDSENGG, EQ, 21-Feb-2024,59.45,62.0,62.9,57.35, 58.50,58.25,60.17,19099870,11493.28,52987, 8297677, 43.44
LLOYDSME, EQ, 21-Feb-2024,575.2,575.2,601.15,570.05, 574.00,573.7,588.91,727693,4285.43,25309, 385634, 52.99
LODHA, EQ, 21-Feb-2024,1117.55,1124.95,1179.3,1109.45, 1129.90,1136.2,1133.91,4372635,49581.95,85724, 3235344, 73.99
LOKESHMACH, EQ, 21-Feb-2024,358.1,358.4,361.4,347.1, 350.00,349.2,354.2,23941,84.8,2199, 14340, 59.90
LORDSCHLO, EQ, 21-Feb-2024,140.65,141.4,141.95,135.75, 140.05,139.85,138.84,19477,27.04,686, 8347, 42.86
LOTUSEYE, EQ, 21-Feb-2024,73.1,74.45,74.45,69.35, 69.95,69.9,71.08,37574,26.71,529, 27400, 72.92
LOVABLE, EQ, 21-Feb-2024,148.95,149.05,151.95,140.1, 143.35,142.4,144.88,37268,53.99,871, 23759, 63.75
LOWVOL, EQ, 21-Feb-2024,183.67,183.11,183.4,180.24, 181.31,181.4,182.07,1107,2.02,55, 795, 71.82
LOWVOLIETF, EQ, 21-Feb-2024,196.79,202.7,202.7,193.8, 194.84,195.45,196.23,82387,161.67,887, 64723, 78.56
LOYALTEX, EQ, 21-Feb-2024,627.7,630.2,630.2,621.65, 625.00,622.75,624.12,455,2.84,81, 369, 81.10
LPDC, EQ, 21-Feb-2024,10.6,10.8,10.9,9.9, 10.10,10.0,10.27,130815,13.44,658, 89457, 68.38
LT, EQ, 21-Feb-2024,3356.75,3356.9,3356.9,3290.05, 3299.00,3296.4,3323.77,2430672,80790.06,147651, 1662420, 68.39
LTFOODS, EQ, 21-Feb-2024,193.45,194.9,194.9,186.0, 188.00,186.85,190.19,772449,1469.09,29610, 415649, 53.81
LTGILTBEES, EQ, 21-Feb-2024,25.24,25.26,25.32,25.26, 25.32,25.31,25.29,872418,220.66,556, 638007, 73.13
LTIM, EQ, 21-Feb-2024,5504.35,5500.0,5516.1,5407.1, 5418.35,5420.1,5465.69,567794,31033.87,49444, 396113, 69.76
LTTS, EQ, 21-Feb-2024,5410.9,5410.9,5429.9,5250.0, 5252.00,5276.55,5347.46,115961,6200.97,14176, 54116, 46.67
LUMAXIND, EQ, 21-Feb-2024,2425.65,2430.0,2449.3,2380.0, 2382.45,2410.9,2411.36,9299,224.23,1709, 4897, 52.66
LUMAXTECH, EQ, 21-Feb-2024,474.35,470.0,490.8,466.55, 474.75,476.25,481.96,642664,3097.36,32006, 183844, 28.61
LUPIN, EQ, 21-Feb-2024,1587.05,1598.95,1607.95,1589.9, 1592.90,1599.35,1600.01,1419188,22707.15,60818, 847175, 59.69
LUXIND, EQ, 21-Feb-2024,1215.05,1218.0,1218.95,1196.05, 1201.00,1200.45,1205.08,36000,433.83,4466, 18244, 50.68
LXCHEM, EQ, 21-Feb-2024,268.85,267.0,273.45,264.5, 266.80,266.5,269.64,884827,2385.86,17156, 379838, 42.93
LYKALABS, EQ, 21-Feb-2024,130.6,132.0,134.4,125.9, 128.00,127.2,130.61,85702,111.93,1068, 52498, 61.26
LYPSAGEMS, EQ, 21-Feb-2024,7.5,7.65,7.75,7.35, 7.35,7.4,7.53,195762,14.75,423, 144860, 74.00
M&M, EQ, 21-Feb-2024,1853.65,1849.9,1889.7,1846.7, 1858.00,1859.65,1866.69,4466234,83370.64,158000, 2750588, 61.59
M&MFIN, EQ, 21-Feb-2024,290.15,292.9,297.0,287.5, 289.50,289.0,292.36,3939673,11518.01,36398, 1530665, 38.85
MAANALU, EQ, 21-Feb-2024,161.7,163.1,166.0,155.35, 158.75,158.0,161.48,113968,184.04,4918, 57317, 50.29
MADRASFERT, EQ, 21-Feb-2024,101.05,101.65,103.35,98.4, 99.45,99.6,101.27,561132,568.23,6838, 133238, 23.74
MAFANG, EQ, 21-Feb-2024,81.33,81.33,81.33,79.48, 80.50,80.19,80.05,1269738,1016.37,12186, 686318, 54.05
MAGADSUGAR, EQ, 21-Feb-2024,652.55,655.5,660.9,633.0, 638.10,640.15,645.64,19945,128.77,2170, 8817, 44.21
MAGNUM, EQ, 21-Feb-2024,64.85,65.4,66.5,61.6, 61.75,61.9,63.1,150102,94.71,1469, 93919, 62.57
MAHABANK, EQ, 21-Feb-2024,61.0,61.35,62.65,60.05, 60.45,60.4,61.52,35859264,22060.14,54934, 7054956, 19.67
MAHAPEXLTD, EQ, 21-Feb-2024,151.2,154.0,155.7,146.2, 147.60,147.25,150.73,20933,31.55,918, 10792, 51.55
MAHEPC, EQ, 21-Feb-2024,142.9,143.3,143.9,138.05, 138.60,139.05,140.96,49013,69.09,1064, 21764, 44.40
MAHESHWARI, EQ, 21-Feb-2024,76.2,76.95,77.7,75.8, 76.15,76.4,76.46,23940,18.3,253, 16922, 70.69
MAHKTECH, EQ, 21-Feb-2024,12.71,12.8,12.94,12.51, 12.64,12.57,12.72,3056765,388.67,4448, 2014882, 65.92
MAHLIFE, EQ, 21-Feb-2024,602.35,608.0,614.0,598.1, 602.00,600.75,605.82,255610,1548.54,15092, 125790, 49.21
MAHLOG, EQ, 21-Feb-2024,401.65,401.95,403.8,393.4, 393.80,395.55,397.24,81977,325.65,5730, 36514, 44.54
MAHSCOOTER, EQ, 21-Feb-2024,7612.1,7521.0,7679.0,7470.0, 7470.20,7498.85,7551.52,3903,294.74,1261, 2264, 58.01
MAHSEAMLES, EQ, 21-Feb-2024,984.45,985.95,992.05,954.85, 961.00,970.75,968.26,201713,1953.11,18869, 144864, 71.82
MAITHANALL, EQ, 21-Feb-2024,1076.55,1075.0,1109.0,1070.0, 1091.50,1093.9,1093.16,88047,962.5,8508, 51499, 58.49
MAKEINDIA, EQ, 21-Feb-2024,118.53,118.76,119.24,117.7, 118.12,118.22,118.46,17617,20.87,289, 14719, 83.55
MALLCOM, EQ, 21-Feb-2024,1000.1,1030.0,1039.85,984.95, 990.00,994.0,999.96,11189,111.89,1777, 6922, 61.86
MANAKCOAT, EQ, 21-Feb-2024,40.15,42.4,44.15,37.65, 44.15,43.85,43.04,1015299,437.0,4570, 397160, 39.12
MANAKSIA, EQ, 21-Feb-2024,117.8,118.1,118.9,114.95, 115.35,115.35,116.97,145632,170.35,2897, 79148, 54.35
MANALIPETC, EQ, 21-Feb-2024,73.0,73.55,73.9,71.0, 71.90,71.75,72.13,743158,536.04,6063, 331788, 44.65
MANAPPURAM, EQ, 21-Feb-2024,184.2,184.5,184.5,177.15, 179.05,178.6,180.37,5305456,9569.33,37123, 2377887, 44.82
MANGALAM, EQ, 21-Feb-2024,127.15,127.75,130.0,121.25, 125.00,125.1,126.36,408329,515.95,5012, 175160, 42.90
MANGCHEFER, EQ, 21-Feb-2024,119.15,119.0,122.0,118.25, 119.50,119.1,119.88,1060374,1271.15,6729, 631340, 59.54
MANGLMCEM, EQ, 21-Feb-2024,738.75,738.95,748.0,706.05, 720.30,719.65,725.67,105747,767.38,11470, 56916, 53.82
MANINFRA, EQ, 21-Feb-2024,222.35,220.5,224.0,216.0, 217.20,217.0,219.44,361803,793.93,8908, 232554, 64.28
MANKIND, EQ, 21-Feb-2024,2192.05,2208.95,2234.0,2180.05, 2189.00,2189.7,2202.93,502200,11063.11,15069, 412655, 82.17
MANORAMA, EQ, 21-Feb-2024,1993.4,2003.4,2043.95,1974.05, 1994.50,1982.0,2011.51,15323,308.22,3483, 7475, 48.78
MANORG, EQ, 21-Feb-2024,352.7,355.7,356.05,351.0, 352.60,351.5,353.51,7111,25.14,491, 4908, 69.02
MANYAVAR, EQ, 21-Feb-2024,987.25,997.0,997.0,975.0, 977.25,982.5,988.92,349524,3456.52,12536, 302477, 86.54
MAPMYINDIA, EQ, 21-Feb-2024,1843.7,1840.45,1868.6,1790.0, 1802.00,1801.45,1826.03,68830,1256.86,9775, 36618, 53.20
MARALOVER, EQ, 21-Feb-2024,83.75,82.7,84.7,79.4, 81.40,80.1,81.45,56480,46.0,911, 36950, 65.42
MARATHON, EQ, 21-Feb-2024,399.55,399.55,421.0,399.55, 411.50,410.05,413.41,167051,690.6,10352, 95962, 57.44
MARICO, EQ, 21-Feb-2024,536.2,536.65,540.8,533.65, 537.75,538.7,537.9,4398178,23657.82,48969, 3356661, 76.32
MARINE, EQ, 21-Feb-2024,114.55,119.0,119.9,108.85, 109.50,109.95,113.02,725315,819.73,5623, 493547, 68.05
MARKSANS, EQ, 21-Feb-2024,159.6,160.05,163.4,155.35, 156.00,156.15,159.48,1090589,1739.22,23412, 544316, 49.91
MARSHALL, EQ, 21-Feb-2024,39.0,40.5,40.7,38.2, 38.90,38.95,39.02,145856,56.91,614, 59555, 40.83
MARUTI, EQ, 21-Feb-2024,11446.45,11456.0,11521.0,11370.0, 11450.20,11465.85,11444.25,348461,39878.75,69878, 181847, 52.19
MASFIN, EQ, 21-Feb-2024,1005.5,1015.65,1018.45,976.05, 982.00,983.65,995.18,192586,1916.57,16713, 129022, 66.99
MASPTOP50, EQ, 21-Feb-2024,38.71,38.71,38.94,36.98, 37.40,37.12,37.38,1037115,387.66,3921, 545476, 52.60
MASTEK, EQ, 21-Feb-2024,3062.55,3067.1,3125.0,2970.05, 2989.95,2993.55,3027.08,53148,1608.83,9773, 20911, 39.34
MATRIMONY, EQ, 21-Feb-2024,505.3,508.0,521.0,499.25, 505.00,500.85,508.97,169982,865.16,9486, 122662, 72.16
MAWANASUG, EQ, 21-Feb-2024,103.9,104.9,107.2,102.8, 104.45,104.55,104.73,503073,526.85,3722, 298572, 59.35
MAXESTATES, EQ, 21-Feb-2024,271.85,273.25,280.9,270.1, 271.30,272.05,274.21,60594,166.16,4623, 33014, 54.48
MAXHEALTH, EQ, 21-Feb-2024,866.15,865.95,869.95,840.45, 854.00,854.05,858.12,1213900,10416.72,72501, 783927, 64.58
MAYURUNIQ, EQ, 21-Feb-2024,521.65,516.35,552.15,515.3, 547.00,541.5,531.25,247806,1316.47,14445, 127546, 51.47
MAZDA, EQ, 21-Feb-2024,1423.65,1434.3,1438.45,1380.1, 1392.00,1390.2,1406.24,8066,113.43,1665, 3527, 43.73
MAZDOCK, EQ, 21-Feb-2024,2136.75,2138.95,2146.9,2065.0, 2072.00,2078.35,2100.75,515841,10836.55,41687, 249237, 48.32
MBAPL, EQ, 21-Feb-2024,242.65,240.4,244.9,239.6, 242.00,240.45,241.64,16129,38.97,1016, 8031, 49.79
MCDOWELL-N, EQ, 21-Feb-2024,1143.6,1142.05,1149.0,1130.35, 1136.00,1141.2,1139.83,859276,9794.3,47122, 474566, 55.23
MCLEODRUSS, EQ, 21-Feb-2024,37.05,37.85,37.85,35.2, 35.20,35.2,35.95,1734936,623.7,4379, 1070962, 61.73
MCX, EQ, 21-Feb-2024,3708.05,3733.55,3756.0,3635.65, 3660.90,3653.95,3686.0,515145,18988.24,30544, 184990, 35.91
MEDANTA, EQ, 21-Feb-2024,1400.45,1407.4,1480.0,1374.8, 1446.80,1432.25,1441.09,678598,9779.2,49004, 349170, 51.45
MEDIASSIST, EQ, 21-Feb-2024,489.5,492.0,517.85,485.75, 513.00,512.5,508.13,852098,4329.78,50833, 467762, 54.90
MEDICAMEQ, EQ, 21-Feb-2024,558.2,558.3,561.0,540.55, 548.70,544.2,550.29,16555,91.1,2108, 9068, 54.77
MEDICO, EQ, 21-Feb-2024,86.65,86.95,88.05,86.4, 87.65,87.55,87.69,913533,801.06,2885, 341177, 37.35
MEDPLUS, EQ, 21-Feb-2024,711.85,706.05,722.25,692.5, 704.30,699.95,704.49,242613,1709.19,22745, 97901, 40.35
MEGASOFT, EQ, 21-Feb-2024,88.2,88.8,88.9,82.0, 82.50,82.55,84.39,601287,507.44,6475, 325396, 54.12
MEGASTAR, EQ, 21-Feb-2024,345.4,345.0,369.95,342.15, 357.85,354.6,354.13,142124,503.31,2518, 110530, 77.77
MENONBE, EQ, 21-Feb-2024,139.95,139.95,141.3,133.0, 135.50,135.45,136.13,119462,162.62,2818, 69209, 57.93
METROBRAND, EQ, 21-Feb-2024,1150.85,1153.5,1164.95,1108.45, 1118.85,1120.55,1133.95,213517,2421.17,22290, 150642, 70.55
METROPOLIS, EQ, 21-Feb-2024,1747.05,1750.05,1755.75,1715.0, 1734.95,1729.9,1730.34,297539,5148.44,19008, 142159, 47.78
MFSL, EQ, 21-Feb-2024,964.8,966.0,970.5,949.8, 950.00,953.1,961.63,425358,4090.39,30030, 220772, 51.90
MGEL, EQ, 21-Feb-2024,23.85,24.2,24.85,23.0, 23.75,23.15,23.91,568622,135.97,2656, 397882, 69.97
MGL, EQ, 21-Feb-2024,1512.05,1513.55,1520.0,1494.15, 1506.05,1510.55,1507.35,454971,6857.99,24212, 285015, 62.64
MHRIL, EQ, 21-Feb-2024,420.65,422.4,432.9,415.75, 421.00,420.65,425.73,236166,1005.44,17033, 114349, 48.42
MICEL, EQ, 21-Feb-2024,49.0,48.05,49.2,46.55, 46.55,46.55,47.75,1226466,585.7,7067, 755921, 61.63
MID150BEES, EQ, 21-Feb-2024,186.2,189.99,189.99,183.24, 184.15,184.16,184.8,239651,442.87,5140, 162552, 67.83
MIDCAPETF, EQ, 21-Feb-2024,18.31,18.85,18.85,18.08, 18.12,18.13,18.24,431340,78.66,3801, 315296, 73.10
MIDCAPIETF, EQ, 21-Feb-2024,185.62,185.62,186.58,183.15, 184.42,183.86,185.27,24763,45.88,737, 21167, 85.48
MIDHANI, EQ, 21-Feb-2024,411.8,412.8,422.0,401.15, 403.80,403.85,410.79,671143,2757.02,20463, 228166, 34.00
MIDQ50ADD, EQ, 21-Feb-2024,213.07,216.9,216.9,210.05, 211.03,210.38,211.84,1441,3.05,111, 887, 61.55
MIDSELIETF, EQ, 21-Feb-2024,150.48,151.0,152.99,147.95, 148.57,148.24,149.26,24276,36.23,334, 21317, 87.81
MINDACORP, EQ, 21-Feb-2024,427.5,430.9,435.0,419.9, 430.55,430.4,427.18,688009,2939.01,19217, 274136, 39.84
MINDTECK, EQ, 21-Feb-2024,232.2,232.95,233.65,226.6, 228.80,228.95,229.54,23372,53.65,1439, 12656, 54.15
MIRCELECTR, EQ, 21-Feb-2024,28.6,28.8,29.4,26.8, 27.10,27.05,27.74,1312562,364.11,4788, 946003, 72.07
MMFL, EQ, 21-Feb-2024,974.8,996.0,1019.0,962.0, 975.00,971.7,995.13,124281,1236.75,8838, 61985, 49.87
MMP, EQ, 21-Feb-2024,273.0,280.0,280.0,270.0, 278.00,272.7,273.15,19635,53.63,947, 13224, 67.35
MMTC, EQ, 21-Feb-2024,86.25,87.45,90.45,83.25, 84.90,84.9,87.48,7223242,6318.67,34494, 3312996, 45.87
MODISONLTD, EQ, 21-Feb-2024,135.3,137.95,138.2,130.1, 131.90,131.7,134.19,102781,137.92,2817, 63604, 61.88
MOGSEC, EQ, 21-Feb-2024,54.5,54.58,54.58,54.5, 54.56,54.55,54.55,4525,2.47,56, 4494, 99.31
MOHEALTH, EQ, 21-Feb-2024,36.02,36.57,36.8,35.58, 36.25,35.89,36.03,32983,11.88,376, 25475, 77.24
MOHITIND, EQ, 21-Feb-2024,23.25,23.95,24.25,23.5, 24.00,23.9,24.01,165164,39.66,710, 125002, 75.68
MOIL, EQ, 21-Feb-2024,290.85,292.0,292.15,276.6, 277.60,278.05,282.61,2285244,6458.44,36805, 1230839, 53.86
MOKSH, EQ, 21-Feb-2024,19.8,19.95,19.95,18.05, 19.30,18.95,19.38,278932,54.04,899, 212166, 76.06
MOL, EQ, 21-Feb-2024,85.25,85.25,90.4,83.95, 88.60,88.65,88.38,5692911,5031.25,24921, 1828208, 32.11
MOLDTECH, EQ, 21-Feb-2024,231.4,231.4,232.65,225.45, 226.65,225.95,227.69,137521,313.12,6096, 99401, 72.28
MOLDTKPAC, EQ, 21-Feb-2024,872.4,876.8,888.55,870.0, 873.60,877.25,879.5,23678,208.25,5683, 12573, 53.10
MOLOWVOL, EQ, 21-Feb-2024,35.34,35.39,35.39,35.0, 35.30,35.05,35.29,67150,23.69,136, 62453, 93.01
MOM100, EQ, 21-Feb-2024,52.48,52.48,52.94,51.74, 51.85,51.94,52.08,234288,122.02,2267, 175298, 74.82
MOM30IETF, EQ, 21-Feb-2024,30.68,31.07,31.07,30.16, 30.40,30.28,30.52,501205,152.95,2085, 477168, 95.20
MOM50, EQ, 21-Feb-2024,225.24,225.79,226.45,223.48, 224.50,224.34,225.56,1068,2.41,66, 1029, 96.35
MOMENTUM, EQ, 21-Feb-2024,30.48,30.95,30.95,29.85, 29.85,30.06,30.26,128899,39.0,718, 88388, 68.57
MOMOMENTUM, EQ, 21-Feb-2024,61.11,61.12,61.59,60.1, 60.24,60.24,60.76,132365,80.43,767, 105908, 80.01
MON100, EQ, 21-Feb-2024,142.47,142.95,142.95,141.47, 142.00,141.84,141.8,270897,384.12,8805, 209213, 77.23
MONARCH, EQ, 21-Feb-2024,652.9,652.1,654.9,627.15, 640.00,635.5,643.73,35088,225.87,3110, 20810, 59.31
MONIFTY500, EQ, 21-Feb-2024,20.29,20.38,20.41,20.06, 20.19,20.17,20.25,139023,28.16,882, 119786, 86.16
MONQ50, EQ, 21-Feb-2024,58.56,58.61,58.78,58.0, 58.49,58.25,58.36,17242,10.06,361, 8962, 51.98
MONTECARLO, EQ, 21-Feb-2024,651.5,653.7,674.45,653.7, 662.00,662.45,664.64,53333,354.47,4678, 22729, 42.62
MOQUALITY, EQ, 21-Feb-2024,173.65,173.66,173.98,171.3, 172.50,172.09,172.57,1796,3.1,31, 1257, 69.99
MOREPENLAB, EQ, 21-Feb-2024,54.1,54.4,54.4,52.6, 53.25,53.15,53.35,4663330,2487.89,12723, 1561336, 33.48
MOTHERSON, EQ, 21-Feb-2024,113.5,113.5,114.85,112.65, 113.20,113.1,113.74,11688496,13294.45,41920, 6998004, 59.87
MOTILALOFS, EQ, 21-Feb-2024,1757.3,1764.9,1772.95,1666.3, 1670.00,1680.45,1704.86,168925,2879.94,15412, 106459, 63.02
MOTISONS, EQ, 21-Feb-2024,190.85,192.0,192.4,185.0, 188.50,188.15,189.05,436587,825.36,3918, 311844, 71.43
MOVALUE, EQ, 21-Feb-2024,94.76,94.6,96.34,93.25, 93.65,93.65,94.76,170852,161.89,1355, 129931, 76.05
MPHASIS, EQ, 21-Feb-2024,2764.85,2766.95,2782.15,2640.0, 2650.00,2654.35,2709.33,400996,10864.29,33027, 174814, 43.59
MPSLTD, EQ, 21-Feb-2024,1498.45,1498.45,1536.55,1490.25, 1518.15,1523.05,1517.35,15001,227.62,2480, 8667, 57.78
MRF, EQ, 21-Feb-2024,148626.1,148700.0,150794.7,148700.0, 149050.00,149685.95,149767.41,12528,18762.86,9418, 3091, 24.67
MRO-TEK, EQ, 21-Feb-2024,85.65,86.9,86.9,78.65, 78.65,80.8,82.09,65632,53.88,937, 43095, 65.66
MRPL, EQ, 21-Feb-2024,273.2,276.0,285.0,248.0, 255.65,252.2,264.64,14377886,38049.7,117716, 4513434, 31.39
MSTCLTD, EQ, 21-Feb-2024,983.1,985.05,992.95,936.0, 940.35,941.6,958.83,415925,3988.03,23010, 171482, 41.23
MSUMI, EQ, 21-Feb-2024,71.75,72.0,72.15,69.7, 70.00,69.95,70.46,5355085,3773.33,36762, 3076665, 57.45
MTARTECH, EQ, 21-Feb-2024,1937.85,1937.85,1957.2,1901.0, 1908.60,1904.7,1927.38,117893,2272.24,17134, 52229, 44.30
MTNL, EQ, 21-Feb-2024,46.7,47.0,47.45,45.25, 45.90,45.9,46.28,6441811,2981.09,14561, 1741679, 27.04
MUFIN, EQ, 21-Feb-2024,235.05,236.4,236.4,223.3, 226.05,223.95,227.99,105956,241.57,2196, 75799, 71.54
MUFTI, EQ, 21-Feb-2024,234.25,236.15,237.05,226.15, 227.35,227.2,229.12,536773,1229.88,14748, 290972, 54.21
MUKANDLTD, EQ, 21-Feb-2024,170.25,171.95,179.1,171.8, 174.30,174.0,176.36,450659,794.79,11961, 240961, 53.47
MUNJALAU, EQ, 21-Feb-2024,88.75,91.0,91.6,88.8, 90.00,89.45,90.2,185554,167.36,1655, 123847, 66.74
MUNJALSHOW, EQ, 21-Feb-2024,186.5,186.55,188.6,180.05, 182.00,181.25,184.06,139172,256.16,6464, 61387, 44.11
MUTHOOTCAP, EQ, 21-Feb-2024,322.85,326.85,326.85,318.0, 320.00,320.0,320.59,24911,79.86,1581, 16437, 65.98
MUTHOOTFIN, EQ, 21-Feb-2024,1338.5,1339.95,1354.15,1320.6, 1322.10,1324.2,1335.16,261995,3498.06,18825, 92200, 35.19
MUTHOOTMF, EQ, 21-Feb-2024,242.15,242.15,242.85,236.5, 237.80,237.85,239.14,235861,564.05,7506, 129191, 54.77
MVGJL, EQ, 21-Feb-2024,280.2,281.6,281.6,268.1, 270.00,270.8,275.51,82619,227.62,5085, 40220, 48.68
NACLIND, EQ, 21-Feb-2024,72.25,73.0,75.0,71.55, 72.50,72.3,73.05,289953,211.8,2490, 95006, 32.77
NAGAFERT, EQ, 21-Feb-2024,13.8,13.85,14.05,13.25, 13.60,13.4,13.61,1618337,220.31,2443, 839555, 51.88
NAHARCAP, EQ, 21-Feb-2024,307.3,318.05,318.05,304.05, 312.00,308.2,307.81,6610,20.35,346, 3438, 52.01
NAHARINDUS, EQ, 21-Feb-2024,140.25,141.4,143.2,137.2, 138.10,137.95,140.57,70532,99.15,2342, 37052, 52.53
NAHARPOLY, EQ, 21-Feb-2024,203.2,205.0,206.15,196.35, 198.25,198.9,201.16,23711,47.7,1321, 10096, 42.58
NAHARSPING, EQ, 21-Feb-2024,310.3,314.9,315.1,300.1, 305.30,302.65,306.14,70993,217.34,5230, 29021, 40.88
NAM-INDIA, EQ, 21-Feb-2024,502.75,502.75,510.95,500.1, 501.90,504.8,505.19,482258,2436.31,20504, 213593, 44.29
NATCOPHARM, EQ, 21-Feb-2024,1041.15,1039.0,1049.0,1020.0, 1026.00,1024.0,1029.69,799597,8233.41,26031, 386608, 48.35
NATHBIOGEN, EQ, 21-Feb-2024,216.1,218.25,219.6,207.35, 210.90,210.9,212.76,39360,83.74,2200, 21737, 55.23
NATIONALUM, EQ, 21-Feb-2024,160.25,161.5,165.2,155.85, 157.95,157.3,160.84,27206179,43758.42,101570, 8578818, 31.53
NAUKRI, EQ, 21-Feb-2024,5316.6,5334.95,5360.0,5211.0, 5239.95,5235.75,5294.5,124388,6585.73,23938, 58258, 46.84
NAVA, EQ, 21-Feb-2024,517.7,521.2,526.05,499.65, 503.00,501.5,512.31,361231,1850.63,13764, 180370, 49.93
NAVINFLUOR, EQ, 21-Feb-2024,3203.5,3233.7,3233.7,3151.05, 3163.00,3164.95,3196.15,216846,6930.73,11563, 145435, 67.07
NAVINIFTY, EQ, 21-Feb-2024,222.0,222.24,223.86,221.63, 223.40,223.39,223.28,408,0.91,28, 321, 78.68
NAVKARCORP, EQ, 21-Feb-2024,115.9,116.5,120.1,114.4, 115.20,116.45,117.68,3070493,3613.41,15084, 1403387, 45.71
NAVNETEDUL, EQ, 21-Feb-2024,164.05,164.85,164.85,159.25, 159.60,160.2,161.84,279446,452.25,8749, 152494, 54.57
NAZARA, EQ, 21-Feb-2024,833.3,835.5,841.5,800.0, 804.00,802.65,811.26,387546,3144.02,30379, 178198, 45.98
NBCC, EQ, 21-Feb-2024,142.6,144.3,145.65,138.0, 139.40,139.2,141.12,13997273,19752.4,90525, 6017002, 42.99
NBIFIN, EQ, 21-Feb-2024,1865.0,1899.0,1900.0,1820.0, 1839.00,1829.3,1858.54,235,4.37,114, 157, 66.81
NCC, EQ, 21-Feb-2024,226.2,227.2,232.95,225.45, 227.00,226.55,229.24,5077824,11640.38,38172, 1976302, 38.92
NCLIND, EQ, 21-Feb-2024,242.05,242.0,244.0,236.45, 236.75,237.15,239.62,188593,451.91,6303, 108690, 57.63
NDL, EQ, 21-Feb-2024,37.55,38.95,39.4,37.55, 39.40,39.35,39.23,1420024,557.09,2922, 886582, 62.43
NDLVENTURE, EQ, 21-Feb-2024,112.9,115.7,115.85,112.3, 114.15,113.7,113.86,21791,24.81,228, 17924, 82.25
NDRAUTO, EQ, 21-Feb-2024,769.05,770.0,792.0,752.2, 789.95,784.85,781.95,8687,67.93,456, 6878, 79.18
NDTV, EQ, 21-Feb-2024,264.9,266.4,274.0,263.1, 265.05,265.75,268.2,729199,1955.71,13623, 223583, 30.66
NECLIFE, EQ, 21-Feb-2024,44.2,44.6,44.6,40.95, 41.50,41.55,42.29,2299278,972.44,7423, 1267821, 55.14
NELCAST, EQ, 21-Feb-2024,163.65,162.0,165.8,160.7, 162.80,161.85,163.35,177489,289.92,6966, 78934, 44.47
NELCO, EQ, 21-Feb-2024,758.15,768.95,768.95,753.65, 755.00,755.4,759.71,46182,350.85,4490, 22397, 48.50
NEOGEN, EQ, 21-Feb-2024,1309.8,1323.35,1330.9,1303.1, 1310.00,1311.0,1316.56,16002,210.68,3434, 7530, 47.06
NESCO, EQ, 21-Feb-2024,880.9,881.0,905.1,873.7, 888.00,886.4,886.16,117770,1043.63,11065, 45196, 38.38
NESTLEIND, EQ, 21-Feb-2024,2539.4,2539.4,2551.0,2518.15, 2539.20,2543.6,2539.17,893182,22679.43,78238, 655037, 73.34
NETF, EQ, 21-Feb-2024,234.61,237.44,237.45,232.11, 235.44,234.11,234.83,1130,2.65,163, 670, 59.29
NETWEB, EQ, 21-Feb-2024,1540.15,1568.0,1568.0,1480.0, 1494.00,1497.35,1517.05,88653,1344.91,12986, 49970, 56.37
NEULANDLAB, EQ, 21-Feb-2024,7127.85,7193.0,7318.3,7030.95, 7200.00,7271.25,7193.91,68590,4934.3,14270, 54999, 80.19
NEWGEN, EQ, 21-Feb-2024,749.95,747.95,765.0,742.0, 760.00,760.0,757.38,96645,731.97,7055, 60966, 63.08
NEXT50, EQ, 21-Feb-2024,595.26,596.53,597.99,589.01, 591.77,592.96,593.29,3677,21.82,99, 3236, 88.01
NEXT50IETF, EQ, 21-Feb-2024,60.93,62.75,62.75,60.01, 60.57,60.56,60.87,97122,59.12,1244, 64315, 66.22
NFL, EQ, 21-Feb-2024,105.7,106.7,107.7,103.7, 104.00,104.2,105.6,5438556,5743.14,23659, 1007320, 18.52
NGIL, EQ, 21-Feb-2024,58.2,59.15,59.2,55.45, 55.45,56.1,57.03,55183,31.47,708, 37482, 67.92
NGLFINE, EQ, 21-Feb-2024,2143.7,2106.0,2195.7,2090.25, 2173.20,2142.45,2147.87,11653,250.29,1956, 6849, 58.77
NH, EQ, 21-Feb-2024,1359.0,1358.95,1368.8,1345.0, 1347.00,1352.35,1355.38,231839,3142.3,19057, 148898, 64.22
NHPC, EQ, 21-Feb-2024,94.8,95.75,96.5,91.55, 92.70,92.65,93.67,114645187,107386.17,371409, 29064989, 25.35
NIACL, EQ, 21-Feb-2024,279.3,284.9,314.9,275.4, 279.30,279.7,295.93,31554772,93380.94,304878, 4069809, 12.90
NIF100BEES, EQ, 21-Feb-2024,236.71,237.59,238.24,234.61, 237.69,236.15,236.63,48129,113.89,475, 25958, 53.93
NIF100IETF, EQ, 21-Feb-2024,248.78,248.78,250.49,246.7, 246.70,247.49,248.56,15394,38.26,482, 10740, 69.77
NIF10GETF, EQ, 21-Feb-2024,26.9,26.9,27.0,26.0, 26.52,26.52,26.89,1081,0.29,18, 1064, 98.43
NIF5GETF, EQ, 21-Feb-2024,65.73,65.73,66.0,64.42, 66.00,66.0,64.71,664,0.43,12, 460, 69.28
NIFITETF, EQ, 21-Feb-2024,378.21,378.21,380.81,373.16, 374.44,374.61,376.48,297,1.12,36, 278, 93.60
NIFMID150, EQ, 21-Feb-2024,181.05,181.5,182.33,179.0, 179.90,179.78,181.02,894,1.62,33, 517, 57.83
NIFTY50ADD, EQ, 21-Feb-2024,226.58,227.19,227.82,225.21, 225.65,225.94,226.98,1839,4.17,255, 1075, 58.46
NIFTYBEES, EQ, 21-Feb-2024,245.37,246.0,246.29,243.5, 243.74,243.87,245.09,3326839,8153.87,30408, 2559883, 76.95
NIFTYBETF, EQ, 21-Feb-2024,221.97,221.99,222.32,219.8, 220.00,220.03,221.49,919,2.04,47, 882, 95.97
NIFTYETF, EQ, 21-Feb-2024,234.73,235.14,235.14,232.38, 233.10,233.74,233.82,45377,106.1,439, 33475, 73.77
NIFTYIETF, EQ, 21-Feb-2024,244.01,251.35,251.35,242.06, 242.35,242.42,244.03,677990,1654.48,5255, 540869, 79.78
NIFTYQLITY, EQ, 21-Feb-2024,19.11,19.11,19.41,18.85, 19.10,18.91,19.0,37892,7.2,490, 31785, 83.88
NIITLTD, EQ, 21-Feb-2024,132.05,133.0,133.0,127.4, 129.15,129.0,130.32,1579803,2058.75,13662, 559540, 35.42
NIITMTS, EQ, 21-Feb-2024,525.0,523.0,548.05,522.05, 543.20,540.2,540.68,303136,1639.0,22627, 143906, 47.47
NILKAMAL, EQ, 21-Feb-2024,2017.9,2025.0,2030.75,1991.0, 2005.00,1998.65,2004.03,5884,117.92,755, 4110, 69.85
NINSYS, EQ, 21-Feb-2024,535.15,536.5,546.7,525.0, 530.40,529.05,535.01,2811,15.04,366, 1569, 55.82
NIPPOBATRY, EQ, 21-Feb-2024,680.75,683.55,687.95,661.2, 665.00,664.9,670.33,11554,77.45,979, 8654, 74.90
NITINSPIN, EQ, 21-Feb-2024,377.85,387.0,388.9,365.0, 367.00,366.65,376.6,318992,1201.34,17157, 116815, 36.62
NITIRAJ, EQ, 21-Feb-2024,176.8,179.75,183.0,170.0, 183.00,178.4,175.24,11291,19.79,823, 5225, 46.28
NLCINDIA, EQ, 21-Feb-2024,255.3,255.35,255.85,243.65, 248.40,246.3,250.33,2565120,6421.15,48892, 772272, 30.11
NMDC, EQ, 21-Feb-2024,240.95,244.75,244.75,231.3, 232.80,232.6,236.9,21207611,50241.59,118027, 8846406, 41.71
NOCIL, EQ, 21-Feb-2024,291.6,293.05,293.3,281.0, 282.35,282.45,286.76,1397319,4006.93,24280, 632371, 45.26
NOVAAGRI, EQ, 21-Feb-2024,65.25,65.5,66.0,63.8, 64.55,64.15,64.71,697081,451.08,7460, 507053, 72.74
NPBET, EQ, 21-Feb-2024,240.34,243.98,244.4,238.21, 238.21,239.62,240.63,1580,3.8,53, 919, 58.16
NRAIL, EQ, 21-Feb-2024,449.75,455.0,468.95,454.1, 459.50,463.75,461.74,9820,45.34,1093, 5994, 61.04
NRBBEARING, EQ, 21-Feb-2024,329.75,331.95,334.25,321.05, 323.80,323.05,326.33,105552,344.45,5402, 68293, 64.70
NRL, EQ, 21-Feb-2024,131.8,132.5,133.2,126.3, 127.50,127.85,129.24,93198,120.45,2661, 51751, 55.53
NSIL, EQ, 21-Feb-2024,3314.0,3371.0,3442.0,3302.0, 3339.80,3317.75,3369.29,12362,416.51,2560, 6648, 53.78
NSLNISP, EQ, 21-Feb-2024,63.25,63.6,64.0,60.9, 61.70,61.2,62.43,10061543,6281.4,33159, 4070503, 40.46
NTPC, EQ, 21-Feb-2024,345.7,347.0,348.05,334.7, 335.90,336.1,341.57,17751633,60635.13,177566, 10822339, 60.97
NUCLEUS, EQ, 21-Feb-2024,1287.85,1270.0,1352.2,1270.0, 1352.20,1347.55,1316.02,82986,1092.12,3681, 60960, 73.46
NURECA, EQ, 21-Feb-2024,350.3,351.9,354.55,346.0, 349.00,347.4,349.93,16350,57.21,1065, 9638, 58.95
NUVAMA, EQ, 21-Feb-2024,4215.7,4288.0,4329.45,4200.0, 4300.00,4290.0,4253.71,42583,1811.36,5997, 28519, 66.97
NUVOCO, EQ, 21-Feb-2024,345.0,345.2,350.0,342.5, 345.50,345.55,346.89,396568,1375.67,12152, 266207, 67.13
NV20BEES, EQ, 21-Feb-2024,140.94,142.58,143.5,139.61, 143.50,141.79,141.18,10096,14.25,236, 9628, 95.36
NV20IETF, EQ, 21-Feb-2024,137.2,141.3,141.3,135.51, 136.00,136.09,136.98,51107,70.01,1136, 34841, 68.17
NYKAA, EQ, 21-Feb-2024,152.6,152.85,154.5,147.5, 151.00,151.4,150.73,6674701,10060.78,50696, 3843370, 57.58
OAL, EQ, 21-Feb-2024,368.5,368.8,372.9,361.1, 361.40,362.9,365.35,12213,44.62,944, 8139, 66.64
OBCL, EQ, 21-Feb-2024,66.55,68.0,68.0,65.0, 65.50,65.65,66.18,62183,41.15,728, 34226, 55.04
OBEROIRLTY, EQ, 21-Feb-2024,1309.5,1311.5,1354.0,1302.2, 1323.45,1321.35,1333.4,945669,12609.5,45098, 392459, 41.50
OCCL, EQ, 21-Feb-2024,759.45,760.0,769.0,749.85, 756.00,757.8,756.14,11978,90.57,1019, 6805, 56.81
OFSS, EQ, 21-Feb-2024,7796.25,7801.9,7890.0,7707.85, 7748.00,7752.85,7803.62,111685,8715.48,21035, 43690, 39.12
OIL, EQ, 21-Feb-2024,604.7,608.9,624.0,578.2, 586.95,585.2,602.1,8671615,52211.93,155777, 1782509, 20.56
OLECTRA, EQ, 21-Feb-2024,2089.75,2099.0,2138.0,2046.0, 2063.00,2062.65,2093.95,1172123,24543.72,53825, 280218, 23.91
OMAXE, EQ, 21-Feb-2024,115.45,111.9,117.0,109.4, 112.60,113.0,112.8,529357,597.09,4524, 259747, 49.07
OMINFRAL, EQ, 21-Feb-2024,143.8,145.0,145.0,136.55, 138.00,138.1,140.35,145832,204.67,1957, 79855, 54.76
ONGC, EQ, 21-Feb-2024,276.6,276.0,281.1,271.6, 273.00,272.95,277.01,16340579,45264.85,132598, 5531496, 33.85
ONMOBILE, EQ, 21-Feb-2024,86.95,87.05,88.5,85.6, 86.25,86.2,86.92,684435,594.93,6591, 326165, 47.65
ONWARDTEC, EQ, 21-Feb-2024,568.75,571.0,579.0,566.5, 575.75,575.05,572.79,84382,483.33,4311, 55836, 66.17
OPTIEMUS, EQ, 21-Feb-2024,309.25,310.7,310.9,297.9, 301.00,301.55,302.1,383886,1159.74,12743, 208126, 54.22
ORBTEXP, EQ, 21-Feb-2024,190.05,192.0,192.0,185.7, 189.95,187.4,189.57,22795,43.21,1202, 9118, 40.00
ORCHPHARMA, EQ, 21-Feb-2024,1104.6,1090.0,1225.95,1090.0, 1190.00,1168.85,1175.19,250612,2945.17,24742, 110583, 44.13
ORICONENT, EQ, 21-Feb-2024,43.2,43.55,44.8,41.6, 42.00,42.35,43.27,1226348,530.68,4803, 509579, 41.55
ORIENTALTL, EQ, 21-Feb-2024,13.6,13.6,13.75,12.5, 12.60,12.75,13.08,814132,106.45,2475, 474275, 58.26
ORIENTBELL, EQ, 21-Feb-2024,378.95,378.95,391.05,378.95, 382.55,384.15,386.53,58019,224.26,4670, 26900, 46.36
ORIENTCEM, EQ, 21-Feb-2024,262.5,264.3,264.7,253.2, 256.80,254.55,256.3,857535,2197.85,17556, 657510, 76.67
ORIENTCER, EQ, 21-Feb-2024,62.65,63.5,66.6,58.0, 59.85,59.05,61.51,679729,418.08,5623, 304925, 44.86
ORIENTELEC, EQ, 21-Feb-2024,208.55,209.5,209.5,203.0, 204.05,204.1,206.07,219247,451.81,7963, 105901, 48.30
ORIENTHOT, EQ, 21-Feb-2024,128.1,129.5,134.3,128.0, 129.10,128.75,131.15,1023044,1341.71,11295, 383922, 37.53
ORIENTLTD, EQ, 21-Feb-2024,101.85,101.85,103.8,97.15, 97.60,97.95,99.44,40528,40.3,870, 22176, 54.72
ORIENTPPR, EQ, 21-Feb-2024,51.6,51.85,51.9,50.25, 50.50,50.55,50.95,1459122,743.39,3680, 607471, 41.63
ORISSAMINE, EQ, 21-Feb-2024,6799.25,6756.0,6846.7,6720.0, 6738.00,6766.0,6775.64,6991,473.69,1796, 2992, 42.80
ORTINLAB, EQ, 21-Feb-2024,21.15,21.5,21.5,20.9, 21.25,21.1,21.12,14763,3.12,749, 9782, 66.26
OSWALAGRO, EQ, 21-Feb-2024,48.7,48.2,49.45,46.8, 46.90,47.05,47.85,91646,43.85,875, 52484, 57.27
OSWALGREEN, EQ, 21-Feb-2024,37.25,37.45,37.8,36.1, 36.75,36.8,36.79,379008,139.42,2488, 207384, 54.72
OSWALSEEDS, EQ, 21-Feb-2024,42.55,43.1,43.95,40.0, 42.20,42.0,41.89,514524,215.53,1404, 188081, 36.55
PAGEIND, EQ, 21-Feb-2024,36442.75,36490.0,36649.9,36150.0, 36282.90,36318.0,36450.96,10082,3674.99,4263, 4548, 45.11
PAISALO, EQ, 21-Feb-2024,158.35,160.0,165.45,153.35, 154.70,155.15,158.92,2706984,4301.96,33845, 1085333, 40.09
PAKKA, EQ, 21-Feb-2024,357.7,362.0,364.0,332.2, 339.00,337.75,345.28,422599,1459.14,24106, 229508, 54.31
PALASHSECU, EQ, 21-Feb-2024,139.65,136.9,142.95,126.15, 126.35,126.75,132.6,38766,51.4,2477, 19611, 50.59
PALREDTEC, EQ, 21-Feb-2024,180.7,178.0,182.95,175.2, 175.30,175.9,178.29,17994,32.08,760, 10117, 56.22
PANACEABIO, EQ, 21-Feb-2024,162.8,163.0,164.0,157.75, 159.50,158.75,161.24,148923,240.13,6242, 73882, 49.61
PANACHE, EQ, 21-Feb-2024,73.7,74.9,75.7,69.65, 70.65,70.2,72.19,17231,12.44,215, 12038, 69.86
PANAMAPET, EQ, 21-Feb-2024,355.75,359.45,366.65,344.1, 346.25,346.55,354.5,569582,2019.18,22165, 235841, 41.41
PANSARI, EQ, 21-Feb-2024,97.0,99.45,106.7,98.45, 106.70,106.7,105.54,71388,75.34,583, 27810, 38.96
PAR, EQ, 21-Feb-2024,213.6,215.0,218.0,212.0, 214.25,213.45,213.91,21861,46.76,599, 14867, 68.01
PARACABLES, EQ, 21-Feb-2024,87.15,88.7,89.65,84.5, 85.70,85.55,86.21,1384067,1193.2,9370, 835866, 60.39
PARADEEP, EQ, 21-Feb-2024,76.8,77.0,80.7,76.85, 77.75,77.5,78.96,12621597,9965.47,29623, 3876291, 30.71
PARAGMILK, EQ, 21-Feb-2024,253.4,255.4,262.95,250.05, 254.50,254.6,257.33,644502,1658.52,9101, 288412, 44.75
PARAS, EQ, 21-Feb-2024,742.25,742.8,743.4,725.0, 728.60,727.3,731.25,130034,950.88,9168, 59273, 45.58
PARKHOTELS, EQ, 21-Feb-2024,210.35,211.5,223.9,210.05, 213.05,213.4,216.63,3514851,7614.09,50306, 1269680, 36.12
PASUPTAC, EQ, 21-Feb-2024,47.85,48.65,51.0,47.0, 48.10,47.8,48.61,1333792,648.4,6911, 498275, 37.36
PATANJALI, EQ, 21-Feb-2024,1647.5,1660.85,1680.0,1628.0, 1638.00,1633.3,1651.08,547832,9045.13,20681, 291250, 53.16
PATELENG, EQ, 21-Feb-2024,71.55,71.75,73.45,69.45, 70.80,70.85,71.72,11263197,8077.42,34179, 3349196, 29.74
PATINTLOG, EQ, 21-Feb-2024,24.8,25.0,26.35,23.95, 25.85,26.0,25.4,2086295,529.97,7409, 1170892, 56.12
PAYTM, EQ, 21-Feb-2024,376.25,395.05,395.05,395.05, 395.05,395.05,395.05,1021399,4035.04,8245, 1021399, 100.00
PCBL, EQ, 21-Feb-2024,313.15,315.7,316.9,301.25, 304.00,302.65,307.19,2088215,6414.69,35063, 1071953, 51.33
PCJEWELLER, EQ, 21-Feb-2024,55.35,55.35,57.0,52.8, 55.90,55.2,54.58,3198392,1745.61,7661, 1883546, 58.89
PDMJEPAPER, EQ, 21-Feb-2024,76.1,76.45,76.95,72.0, 73.95,73.2,74.08,247499,183.36,2118, 163653, 66.12
PDSL, EQ, 21-Feb-2024,539.65,549.9,553.0,536.0, 540.00,539.55,545.5,51682,281.92,5460, 28014, 54.20
PEARLPOLY, EQ, 21-Feb-2024,35.5,35.9,36.6,34.85, 35.00,35.15,35.72,164149,58.63,729, 106240, 64.72
PEL, EQ, 21-Feb-2024,886.55,886.55,964.5,883.85, 922.55,922.35,935.82,8630237,80763.2,195478, 2109151, 24.44
PENIND, EQ, 21-Feb-2024,144.6,145.75,147.4,136.4, 138.80,137.6,139.87,1263766,1767.58,23114, 662949, 52.46
PENINLAND, EQ, 21-Feb-2024,63.0,63.35,64.9,61.05, 61.45,61.7,62.88,603159,379.28,4466, 290673, 48.19
PERSISTENT, EQ, 21-Feb-2024,8700.9,8725.0,8736.9,8490.0, 8504.35,8519.9,8571.63,146451,12553.24,34288, 52555, 35.89
PETRONET, EQ, 21-Feb-2024,281.25,283.25,284.95,279.5, 280.45,280.7,282.26,5473156,15448.29,38040, 2385439, 43.58
PFC, EQ, 21-Feb-2024,426.1,426.0,430.0,411.0, 411.85,412.4,418.82,7818084,32743.5,201310, 3758298, 48.07
PFIZER, EQ, 21-Feb-2024,4611.3,4627.95,4648.95,4476.0, 4497.00,4510.55,4538.32,17736,804.92,5161, 8792, 49.57
PFOCUS, EQ, 21-Feb-2024,125.4,126.0,126.45,119.05, 121.15,121.6,122.87,196333,241.24,5017, 82165, 41.85
PGEL, EQ, 21-Feb-2024,1910.55,1924.6,1924.6,1862.5, 1864.00,1878.6,1899.89,50210,953.93,6266, 35118, 69.94
PGHH, EQ, 21-Feb-2024,16554.95,16570.0,16816.0,16569.95, 16816.00,16778.1,16719.55,3602,602.24,1295, 2426, 67.35
PGHL, EQ, 21-Feb-2024,5037.45,5037.45,5067.95,5011.5, 5050.10,5048.1,5034.34,12206,614.49,3533, 8051, 65.96
PGIL, EQ, 21-Feb-2024,663.25,679.85,679.85,633.0, 654.90,652.35,653.45,59065,385.96,1411, 37408, 63.33
PHARMABEES, EQ, 21-Feb-2024,19.32,19.37,20.8,19.18, 19.32,19.26,19.34,3755446,726.14,10153, 2568560, 68.40
PHOENIXLTD, EQ, 21-Feb-2024,2826.65,2826.65,2942.0,2810.05, 2893.10,2896.15,2899.94,639690,18550.64,58095, 301166, 47.08
PIDILITIND, EQ, 21-Feb-2024,2745.6,2757.0,2757.0,2711.55, 2728.30,2729.15,2732.48,247236,6755.67,27970, 148778, 60.18
PIGL, EQ, 21-Feb-2024,75.35,78.2,79.1,74.25, 79.10,79.1,78.17,389652,304.58,2084, 315204, 80.89
PIIND, EQ, 21-Feb-2024,3683.4,3698.0,3704.95,3656.55, 3688.00,3683.0,3683.0,305505,11251.75,24159, 209364, 68.53
PILANIINVS, EQ, 21-Feb-2024,3053.05,3090.0,3183.9,3017.7, 3052.00,3065.7,3100.03,13030,403.93,2107, 4728, 36.29
PILITA, EQ, 21-Feb-2024,15.9,15.65,15.85,15.25, 15.35,15.4,15.51,948586,147.13,1824, 645907, 68.09
PITTIENG, EQ, 21-Feb-2024,682.85,694.8,695.95,668.5, 670.10,671.8,679.56,119910,814.86,20059, 48417, 40.38
PIXTRANS, EQ, 21-Feb-2024,1278.7,1260.0,1325.0,1260.0, 1295.15,1302.45,1294.8,19793,256.28,2747, 11692, 59.07
PLASTIBLEN, EQ, 21-Feb-2024,281.05,284.0,287.2,277.0, 279.75,277.9,281.23,22947,64.53,2486, 9694, 42.25
PNB, EQ, 21-Feb-2024,129.5,129.95,131.15,127.2, 128.35,128.35,129.37,54001521,69861.08,142315, 9543788, 17.67
PNBGILTS, EQ, 21-Feb-2024,107.45,107.6,108.8,104.55, 105.50,105.45,106.43,525515,559.33,4507, 264184, 50.27
PNBHOUSING, EQ, 21-Feb-2024,742.7,745.2,755.0,722.0, 729.85,726.75,736.43,405819,2988.55,23081, 169423, 41.75
PNC, EQ, 21-Feb-2024,65.05,66.8,70.7,61.9, 67.20,67.75,67.18,642155,431.37,5375, 281909, 43.90
PNCINFRA, EQ, 21-Feb-2024,410.55,410.15,428.55,409.45, 414.00,413.35,417.34,481250,2008.43,25196, 171064, 35.55
POCL, EQ, 21-Feb-2024,730.25,730.25,784.0,728.0, 747.50,754.05,763.96,40792,311.63,2570, 21350, 52.34
PODDARMENT, EQ, 21-Feb-2024,364.4,366.2,384.4,366.2, 371.00,371.8,377.47,14569,54.99,677, 7216, 49.53
POKARNA, EQ, 21-Feb-2024,510.2,518.2,523.95,502.2, 509.90,506.45,513.51,76864,394.7,6498, 24061, 31.30
POLICYBZR, EQ, 21-Feb-2024,996.2,994.95,1010.0,965.0, 980.00,977.9,978.51,630302,6167.55,36636, 262631, 41.67
POLYCAB, EQ, 21-Feb-2024,4732.15,4759.9,4765.9,4685.1, 4705.00,4716.6,4734.7,658619,31183.61,54720, 385544, 58.54
POLYMED, EQ, 21-Feb-2024,1591.3,1595.9,1729.0,1547.8, 1618.80,1613.4,1659.21,673559,11175.73,72697, 144001, 21.38
POLYPLEX, EQ, 21-Feb-2024,908.7,913.25,918.0,900.05, 902.00,902.2,906.3,77083,698.6,6944, 39929, 51.80
PONNIERODE, EQ, 21-Feb-2024,456.6,457.0,468.0,450.0, 460.00,457.75,457.75,47891,219.22,4247, 18555, 38.74
POONAWALLA, EQ, 21-Feb-2024,468.85,469.05,471.55,451.1, 460.25,459.15,463.63,1044281,4841.61,26586, 684458, 65.54
POWERGRID, EQ, 21-Feb-2024,287.9,287.55,289.45,279.25, 279.90,280.1,282.74,24651085,69698.89,161443, 14834877, 60.18
POWERINDIA, EQ, 21-Feb-2024,6103.35,6135.5,6270.0,5812.0, 5875.00,5857.15,6003.21,33344,2001.71,8565, 14048, 42.13
POWERMECH, EQ, 21-Feb-2024,5191.5,5201.0,5340.0,5076.55, 5106.90,5101.65,5232.08,61743,3230.44,12661, 31349, 50.77
PPAP, EQ, 21-Feb-2024,214.9,214.9,218.0,209.1, 209.80,210.8,213.08,19760,42.1,1044, 13332, 67.47
PPL, EQ, 21-Feb-2024,439.1,438.0,442.95,423.3, 425.05,426.3,431.66,81504,351.82,6831, 41892, 51.40
PPLPHARMA, EQ, 21-Feb-2024,132.35,132.4,136.8,132.05, 134.90,134.9,134.63,4110360,5533.92,24131, 1407807, 34.25
PRAJIND, EQ, 21-Feb-2024,511.25,512.75,514.6,500.0, 502.75,501.25,505.15,472478,2386.74,18249, 242545, 51.33
PRAKASH, EQ, 21-Feb-2024,186.3,187.05,187.5,180.5, 184.70,184.2,183.58,652631,1198.08,14767, 383650, 58.79
PRECAM, EQ, 21-Feb-2024,217.7,217.5,222.0,212.65, 214.00,213.7,216.67,88642,192.06,4798, 55455, 62.56
PRECOT, EQ, 21-Feb-2024,340.25,346.0,357.0,340.55, 355.00,351.05,348.57,10439,36.39,319, 7987, 76.51
PRECWIRE, EQ, 21-Feb-2024,142.1,141.1,143.45,136.05, 138.00,137.35,139.83,367869,514.39,6082, 151422, 41.16
PREMEXPLN, EQ, 21-Feb-2024,1433.35,1438.0,1494.45,1420.0, 1426.10,1430.15,1452.36,30459,442.37,4511, 13908, 45.66
PREMIERPOL, EQ, 21-Feb-2024,197.6,199.9,199.9,184.5, 186.40,187.15,190.11,92338,175.54,2319, 38684, 41.89
PRESTIGE, EQ, 21-Feb-2024,1164.5,1168.8,1204.1,1166.0, 1193.00,1190.25,1194.16,837602,10002.34,49450, 537094, 64.12
PRICOLLTD, EQ, 21-Feb-2024,420.0,424.1,429.0,404.15, 408.85,410.15,414.44,442923,1835.66,23651, 220623, 49.81
PRIMESECU, EQ, 21-Feb-2024,189.05,190.35,192.5,181.55, 181.55,182.0,185.23,22913,42.44,1787, 12562, 54.82
PRINCEPIPE, EQ, 21-Feb-2024,590.65,590.05,596.9,588.0, 589.85,588.9,590.31,131733,777.64,14003, 67325, 51.11
PRIVISCL, EQ, 21-Feb-2024,1229.2,1241.0,1241.0,1199.0, 1200.05,1203.45,1218.93,55475,676.2,8884, 27222, 49.07
PROZONER, EQ, 21-Feb-2024,39.65,39.65,42.0,39.15, 39.40,39.4,40.58,1547817,628.18,5849, 620339, 40.08
PRSMJOHNSN, EQ, 21-Feb-2024,170.4,171.3,173.6,169.75, 170.80,171.65,171.01,220923,377.81,7154, 108788, 49.24
PRUDENT, EQ, 21-Feb-2024,1397.25,1395.0,1449.0,1392.05, 1439.70,1437.35,1430.99,48492,693.92,7496, 19658, 40.54
PSB, EQ, 21-Feb-2024,66.0,66.3,69.9,66.0, 66.50,66.7,67.69,5180883,3506.78,17982, 1255583, 24.23
PSPPROJECT, EQ, 21-Feb-2024,721.1,725.9,729.95,704.9, 714.85,709.05,717.6,94887,680.91,8558, 47439, 50.00
PSUBANKADD, EQ, 21-Feb-2024,70.78,71.32,72.19,70.88, 71.84,71.03,71.54,28473,20.37,295, 17529, 61.56
PSUBNKBEES, EQ, 21-Feb-2024,78.85,79.01,80.32,78.95, 79.10,79.05,79.61,3482127,2772.17,8712, 1645262, 47.25
PSUBNKIETF, EQ, 21-Feb-2024,71.4,71.89,72.84,71.41, 71.88,71.81,72.19,446061,321.99,1468, 101300, 22.71
PTC, EQ, 21-Feb-2024,195.85,196.15,197.0,187.45, 189.30,188.65,191.36,2383882,4561.86,29445, 1351054, 56.67
PTCIL, EQ, 21-Feb-2024,8312.25,8395.35,8404.05,8156.0, 8237.70,8204.2,8237.28,4113,338.8,1801, 2107, 51.23
PTL, EQ, 21-Feb-2024,47.65,48.6,49.0,45.95, 46.40,46.35,47.16,166670,78.6,2066, 101805, 61.08
PUNJABCHEM, EQ, 21-Feb-2024,1080.75,1094.3,1096.45,1054.6, 1055.25,1057.2,1064.64,5129,54.61,929, 2835, 55.27
PURVA, EQ, 21-Feb-2024,244.25,244.25,265.0,243.3, 253.00,253.75,257.16,1479184,3803.89,45119, 570757, 38.59
PVP, EQ, 21-Feb-2024,24.8,25.35,26.0,23.6, 23.60,23.85,24.99,1686418,421.44,4386, 895377, 53.09
PVRINOX, EQ, 21-Feb-2024,1375.0,1387.0,1413.5,1375.0, 1377.90,1382.2,1393.85,717807,10005.13,37424, 238174, 33.18
PVTBANIETF, EQ, 21-Feb-2024,234.83,233.43,236.07,233.43, 234.00,233.93,234.83,259639,609.7,4370, 196947, 75.85
PVTBANKADD, EQ, 21-Feb-2024,23.54,23.75,23.97,23.3, 23.40,23.49,23.56,64966,15.31,359, 50063, 77.06
PYRAMID, EQ, 21-Feb-2024,178.25,179.5,179.8,173.55, 175.45,175.0,175.63,71630,125.8,4425, 35421, 49.45
QGOLDHALF, EQ, 21-Feb-2024,52.35,52.36,52.5,52.31, 52.42,52.4,52.4,109936,57.61,211, 106802, 97.15
QNIFTY, EQ, 21-Feb-2024,2374.25,2374.2,2380.0,2348.99, 2349.00,2350.87,2350.96,23108,543.26,67, 23032, 99.67
QUAL30IETF, EQ, 21-Feb-2024,189.12,189.12,189.2,187.17, 187.75,187.6,188.26,31501,59.31,40, 30387, 96.46
QUESS, EQ, 21-Feb-2024,525.65,525.85,545.25,525.85, 533.20,534.95,536.44,1313364,7045.46,31218, 717682, 54.64
QUICKHEAL, EQ, 21-Feb-2024,484.45,487.8,493.5,471.2, 482.20,483.05,481.5,168213,809.95,18546, 44867, 26.67
RACE, EQ, 21-Feb-2024,370.3,378.0,379.45,363.0, 363.00,370.6,375.06,22751,85.33,2381, 13141, 57.76
RADHIKAJWE, EQ, 21-Feb-2024,73.0,73.55,73.8,70.0, 70.40,70.25,71.17,1119145,796.49,8783, 666653, 59.57
RADIANTCMS, EQ, 21-Feb-2024,89.9,91.25,91.25,89.0, 89.40,89.1,89.53,149560,133.9,2859, 99387, 66.45
RADICO, EQ, 21-Feb-2024,1703.3,1707.0,1715.0,1653.0, 1658.50,1660.75,1673.42,98168,1642.76,14954, 45750, 46.60
RADIOCITY, EQ, 21-Feb-2024,23.3,23.45,24.45,22.85, 23.20,23.05,23.74,4300691,1020.97,7977, 1624513, 37.77
RAILTEL, EQ, 21-Feb-2024,389.8,391.8,394.7,374.2, 376.20,375.8,382.45,2559860,9790.08,34019, 1119792, 43.74
RAIN, EQ, 21-Feb-2024,211.9,212.6,212.9,201.55, 203.90,203.2,206.84,9623454,19905.39,61225, 2940160, 30.55
RAINBOW, EQ, 21-Feb-2024,1267.1,1273.3,1292.95,1261.45, 1267.70,1275.1,1282.16,85571,1097.16,14065, 51928, 60.68
RAJESHEXPO, EQ, 21-Feb-2024,345.75,347.4,347.5,330.3, 332.20,332.7,334.68,1522092,5094.1,40425, 549498, 36.10
RAJRATAN, EQ, 21-Feb-2024,663.45,663.95,673.0,663.95, 671.30,671.75,669.9,56505,378.53,4398, 36271, 64.19
RAJSREESUG, EQ, 21-Feb-2024,76.95,76.95,77.7,74.05, 74.05,74.35,75.44,242105,182.64,1786, 116733, 48.22
RALLIS, EQ, 21-Feb-2024,246.85,248.0,249.2,242.1, 242.10,243.35,246.16,223825,550.97,6437, 92793, 41.46
RAMANEWS, EQ, 21-Feb-2024,20.15,20.25,21.0,19.45, 19.85,19.7,20.2,426046,86.05,2026, 158590, 37.22
RAMAPHO, EQ, 21-Feb-2024,199.2,200.2,203.0,193.0, 196.35,193.95,196.58,17380,34.17,891, 10850, 62.43
RAMASTEEL, EQ, 21-Feb-2024,43.3,43.7,45.3,43.0, 43.35,43.35,44.23,14113653,6243.01,27379, 4935166, 34.97
RAMCOCEM, EQ, 21-Feb-2024,883.2,889.95,889.95,865.0, 872.00,869.05,874.07,341049,2981.02,18822, 174525, 51.17
RAMCOIND, EQ, 21-Feb-2024,240.05,240.5,242.9,229.85, 231.00,231.75,235.68,139035,327.68,6412, 75944, 54.62
RAMCOSYS, EQ, 21-Feb-2024,305.15,305.15,307.0,301.0, 304.00,301.9,303.89,39573,120.26,2764, 19343, 48.88
RAMKY, EQ, 21-Feb-2024,675.05,681.5,690.25,650.0, 655.60,653.95,668.64,194983,1303.73,10373, 104174, 53.43
RAMRAT, EQ, 21-Feb-2024,291.7,291.9,293.2,288.0, 290.10,290.65,290.41,37457,108.78,1992, 20977, 56.00
RANASUG, EQ, 21-Feb-2024,26.1,26.45,27.1,25.8, 26.20,26.2,26.44,3653118,965.94,7836, 1490805, 40.81
RANEENGINE, EQ, 21-Feb-2024,365.55,370.8,371.9,350.0, 358.00,356.0,358.37,11537,41.34,1236, 7157, 62.04
RANEHOLDIN, EQ, 21-Feb-2024,1140.85,1150.0,1165.0,1108.95, 1122.45,1116.25,1137.24,13702,155.82,2338, 7153, 52.20
RATEGAIN, EQ, 21-Feb-2024,822.15,827.3,834.9,795.05, 799.90,800.5,810.23,257140,2083.43,20091, 132539, 51.54
RATNAMANI, EQ, 21-Feb-2024,3052.45,3063.05,3083.95,3040.0, 3050.00,3053.65,3060.65,56942,1742.79,5039, 45184, 79.35
RATNAVEER, EQ, 21-Feb-2024,143.3,144.4,145.65,136.5, 139.50,138.25,140.85,857962,1208.4,10104, 410051, 47.79
RAYMOND, EQ, 21-Feb-2024,1771.2,1787.0,1909.9,1770.05, 1869.00,1873.7,1876.3,2640271,49539.4,118483, 525695, 19.91
RBA, EQ, 21-Feb-2024,111.9,112.05,114.25,109.35, 110.20,110.1,111.38,2208507,2459.75,15736, 1126494, 51.01
RBL, EQ, 21-Feb-2024,807.1,811.1,818.55,795.0, 799.00,798.05,803.55,16255,130.62,2364, 7791, 47.93
RBLBANK, EQ, 21-Feb-2024,263.2,262.75,266.25,254.4, 260.00,258.45,260.11,8287392,21555.97,47582, 2617099, 31.58
RBZJEWEL, EQ, 21-Feb-2024,170.35,171.25,174.75,167.75, 169.00,171.1,171.48,133135,228.3,3908, 60263, 45.26
RCF, EQ, 21-Feb-2024,149.15,149.95,154.65,148.0, 150.70,150.7,151.37,4101586,6208.54,30359, 942368, 22.98
RECLTD, EQ, 21-Feb-2024,467.2,467.75,473.7,450.75, 453.85,454.0,459.97,6738300,30994.01,89171, 2777775, 41.22
REDINGTON, EQ, 21-Feb-2024,211.0,210.9,212.35,203.6, 204.90,204.75,207.45,1807818,3750.38,29651, 727484, 40.24
REDTAPE, EQ, 21-Feb-2024,606.65,606.65,622.4,606.3, 614.80,612.15,616.48,121606,749.67,5839, 77722, 63.91
REFEX, EQ, 21-Feb-2024,608.25,608.25,618.95,600.05, 601.00,602.25,608.63,43894,267.15,2168, 24809, 56.52
RELAXO, EQ, 21-Feb-2024,832.1,834.9,853.6,832.25, 843.00,841.05,846.28,99926,845.66,11434, 35362, 35.39
RELIANCE, EQ, 21-Feb-2024,2942.05,2948.0,2977.05,2915.1, 2932.05,2935.4,2949.3,6360146,187579.66,289896, 4235202, 66.59
RELIGARE, EQ, 21-Feb-2024,234.95,235.5,239.2,232.95, 234.40,234.5,235.26,1032527,2429.07,22342, 634888, 61.49
RELINFRA, EQ, 21-Feb-2024,241.2,243.3,245.25,231.15, 232.45,233.0,238.34,3182462,7585.07,30306, 1171937, 36.82
RENUKA, EQ, 21-Feb-2024,49.95,50.45,51.4,49.4, 49.60,49.6,50.36,24212300,12193.5,47375, 6259724, 25.85
REPCOHOME, EQ, 21-Feb-2024,481.7,479.6,486.4,459.95, 463.75,463.3,472.88,190318,899.97,12928, 80380, 42.23
REPL, EQ, 21-Feb-2024,194.05,196.7,200.0,196.15, 196.55,197.7,198.29,34665,68.74,542, 27926, 80.56
REPRO, EQ, 21-Feb-2024,892.1,891.95,891.95,836.2, 848.90,843.7,862.1,52701,454.33,6097, 16286, 30.90
RESPONIND, EQ, 21-Feb-2024,312.5,313.7,320.0,305.55, 307.95,307.55,311.53,442082,1377.23,16277, 30680, 6.94
RGL, EQ, 21-Feb-2024,114.35,114.95,135.9,114.45, 135.50,133.65,131.87,6795599,8961.16,47986, 1464576, 21.55
RHIM, EQ, 21-Feb-2024,618.3,624.15,626.3,608.15, 608.90,610.35,616.74,325205,2005.67,21715, 203562, 62.59
RICOAUTO, EQ, 21-Feb-2024,94.1,94.65,95.5,92.5, 93.00,93.2,93.86,589949,553.73,5010, 300412, 50.92
RIIL, EQ, 21-Feb-2024,1454.65,1461.0,1478.8,1412.0, 1415.00,1417.2,1444.74,377354,5451.78,21145, 112651, 29.85
RISHABH, EQ, 21-Feb-2024,534.1,532.0,539.0,522.65, 529.00,528.95,528.83,59483,314.57,5325, 28089, 47.22
RITCO, EQ, 21-Feb-2024,252.75,254.7,265.0,247.0, 252.65,252.65,256.51,66006,169.31,4017, 29661, 44.94
RITES, EQ, 21-Feb-2024,746.15,749.4,756.85,724.55, 730.70,731.95,739.88,1858029,13747.2,56641, 502723, 27.06
RKEC, EQ, 21-Feb-2024,112.85,114.5,120.5,106.2, 109.90,108.9,113.28,841551,953.27,5745, 406438, 48.30
RKFORGE, EQ, 21-Feb-2024,761.05,763.2,775.0,750.25, 760.00,757.8,763.04,581510,4437.18,41637, 323512, 55.63
RML, EQ, 21-Feb-2024,800.4,809.9,809.9,775.1, 780.00,778.15,791.27,10884,86.12,1987, 5728, 52.63
ROHLTD, EQ, 21-Feb-2024,423.2,426.7,449.0,415.55, 419.75,420.9,434.77,1314866,5716.68,73324, 281648, 21.42
ROLEXRINGS, EQ, 21-Feb-2024,2201.65,2201.0,2210.8,2150.0, 2162.00,2168.0,2179.27,9151,199.42,2136, 4454, 48.67
ROML, EQ, 21-Feb-2024,47.8,48.0,49.3,48.0, 48.00,48.55,48.62,10939,5.32,184, 9307, 85.08
ROSSARI, EQ, 21-Feb-2024,760.4,756.05,780.0,756.05, 763.00,767.0,768.25,96524,741.54,11082, 52088, 53.96
ROSSELLIND, EQ, 21-Feb-2024,458.65,458.5,461.4,446.6, 451.15,453.05,455.08,15210,69.22,1678, 7460, 49.05
ROTO, EQ, 21-Feb-2024,402.15,404.2,406.65,400.2, 400.60,400.6,402.51,61376,247.05,4034, 32214, 52.49
ROUTE, EQ, 21-Feb-2024,1621.75,1629.95,1629.95,1591.6, 1597.95,1596.15,1603.73,217435,3487.07,13890, 162103, 74.55
RPGLIFE, EQ, 21-Feb-2024,1609.95,1609.95,1635.8,1584.05, 1635.00,1629.9,1605.69,23875,383.36,4063, 12255, 51.33
RPPL, EQ, 21-Feb-2024,255.35,260.5,274.9,258.8, 267.90,265.35,267.97,317836,851.69,6144, 121269, 38.15
RPSGVENT, EQ, 21-Feb-2024,708.7,706.25,714.95,691.0, 695.00,693.2,700.64,28109,196.94,2647, 16190, 57.60
RPTECH, EQ, 21-Feb-2024,345.3,345.9,353.7,338.65, 348.00,349.65,347.42,1898097,6594.32,35327, 927168, 48.85
RRKABEL, EQ, 21-Feb-2024,1441.25,1454.95,1459.95,1431.8, 1438.00,1440.9,1446.48,59878,866.12,9437, 26421, 44.12
RSWM, EQ, 21-Feb-2024,207.9,208.0,211.5,203.1, 206.00,205.65,207.5,87933,182.46,3166, 47021, 53.47
RSYSTEMS, EQ, 21-Feb-2024,460.15,460.15,470.0,455.0, 455.25,457.2,461.04,108168,498.7,8541, 53222, 49.20
RTNINDIA, EQ, 21-Feb-2024,83.2,83.7,84.5,80.75, 81.75,81.4,82.41,3685743,3037.4,16738, 1305182, 35.41
RUBYMILLS, EQ, 21-Feb-2024,230.7,230.15,233.05,227.0, 227.00,227.5,230.0,17016,39.14,999, 9506, 55.87
RUCHIRA, EQ, 21-Feb-2024,132.9,133.5,139.5,131.8, 135.50,134.55,137.13,253747,347.97,3801, 107242, 42.26
RUPA, EQ, 21-Feb-2024,287.0,287.0,288.85,281.6, 282.00,282.55,284.89,216682,617.3,10110, 95186, 43.93
RUSHIL, EQ, 21-Feb-2024,340.15,343.45,343.45,333.1, 336.60,335.95,338.09,47336,160.04,3948, 30780, 65.02
RUSTOMJEE, EQ, 21-Feb-2024,725.05,728.7,750.0,717.95, 737.55,738.95,740.69,137301,1016.97,4800, 80744, 58.81
RVNL, EQ, 21-Feb-2024,267.25,268.6,273.6,259.05, 261.20,260.35,265.03,13483046,35733.92,125343, 3767517, 27.94
SADBHAV, EQ, 21-Feb-2024,29.8,31.25,31.25,28.35, 28.35,28.35,29.85,3456346,1031.67,5478, 1756402, 50.82
SADHNANIQ, EQ, 21-Feb-2024,79.95,79.55,80.9,78.45, 79.10,79.0,79.72,291770,232.59,3147, 166196, 56.96
SAFARI, EQ, 21-Feb-2024,2037.3,2039.95,2061.55,2025.05, 2033.00,2035.05,2036.8,23732,483.37,3618, 13526, 56.99
SAGCEM, EQ, 21-Feb-2024,249.25,250.1,253.0,244.4, 244.40,245.2,248.14,103478,256.77,7478, 71955, 69.54
SAH, EQ, 21-Feb-2024,111.75,111.8,112.5,109.2, 109.20,110.3,111.47,87002,96.98,250, 33824, 38.88
SAHYADRI, EQ, 21-Feb-2024,421.3,418.0,427.25,410.05, 410.05,410.85,415.71,5429,22.57,630, 2539, 46.77
SAIL, EQ, 21-Feb-2024,130.35,130.65,134.2,129.0, 130.10,130.2,131.85,78653013,103706.2,155446, 23874900, 30.35
SAKAR, EQ, 21-Feb-2024,394.1,396.1,399.95,383.6, 390.00,388.4,393.08,14794,58.15,1095, 8929, 60.36
SAKHTISUG, EQ, 21-Feb-2024,40.45,40.45,40.9,38.5, 38.85,38.8,39.5,1262453,498.61,5687, 523826, 41.49
SAKSOFT, EQ, 21-Feb-2024,281.35,280.0,280.0,270.0, 274.75,270.55,273.28,235379,643.25,7967, 154651, 65.70
SAKUMA, EQ, 21-Feb-2024,27.5,27.4,27.7,26.4, 27.00,26.75,27.09,1711254,463.66,4659, 1057083, 61.77
SALASAR, EQ, 21-Feb-2024,24.7,24.75,25.15,23.5, 23.50,23.5,23.97,16433734,3939.81,37713, 11993304, 72.98
SALONA, EQ, 21-Feb-2024,334.2,336.0,341.9,328.05, 339.85,335.0,335.69,23267,78.1,414, 21865, 93.97
SALZERELEC, EQ, 21-Feb-2024,524.05,525.35,579.6,525.35, 570.00,571.85,560.89,546172,3063.44,31351, 216468, 39.63
SAMBHAAV, EQ, 21-Feb-2024,5.1,5.35,5.35,5.35, 5.35,5.35,5.35,119898,6.41,125, 109886, 91.65
SAMHI, EQ, 21-Feb-2024,195.7,196.05,203.4,196.05, 196.50,196.95,199.27,1624023,3236.23,44355, 908760, 55.96
SANDESH, EQ, 21-Feb-2024,1346.1,1285.05,1400.0,1252.7, 1376.00,1358.4,1319.95,30826,406.89,4802, 13765, 44.65
SANDHAR, EQ, 21-Feb-2024,542.55,545.45,565.0,536.05, 538.10,540.05,551.23,373228,2057.36,20049, 136809, 36.66
SANDUMA, EQ, 21-Feb-2024,438.15,441.15,445.95,415.05, 420.00,418.3,430.14,274862,1182.28,14801, 172601, 62.80
SANGAMIND, EQ, 21-Feb-2024,506.6,509.0,517.55,504.25, 509.30,506.3,511.05,42384,216.6,2886, 22316, 52.65
SANGHIIND, EQ, 21-Feb-2024,114.75,114.05,117.05,114.05, 116.50,116.05,115.79,268842,311.31,1656, 150608, 56.02
SANGHVIMOV, EQ, 21-Feb-2024,1223.05,1217.95,1223.45,1128.0, 1146.00,1149.05,1171.79,217365,2547.06,10658, 135453, 62.32
SANOFI, EQ, 21-Feb-2024,9126.45,9126.45,9278.0,9126.45, 9150.00,9197.45,9207.71,11970,1102.16,4551, 5397, 45.09
SANSERA, EQ, 21-Feb-2024,1050.8,1057.9,1057.9,1021.0, 1024.50,1031.45,1040.84,102861,1070.62,9682, 61586, 59.87
SAPPHIRE, EQ, 21-Feb-2024,1408.0,1405.0,1455.0,1405.0, 1449.20,1448.9,1441.18,119515,1722.42,14375, 68905, 57.65
SARDAEN, EQ, 21-Feb-2024,223.75,225.3,225.95,215.95, 219.00,217.35,220.03,359769,791.6,10603, 198935, 55.30
SAREGAMA, EQ, 21-Feb-2024,407.05,407.0,417.5,404.05, 406.50,406.3,409.99,703233,2883.21,28088, 310277, 44.12
SARLAPOLY, EQ, 21-Feb-2024,69.3,69.75,70.6,66.75, 68.35,68.0,68.93,384649,265.14,2911, 205436, 53.41
SARVESHWAR, EQ, 21-Feb-2024,11.75,12.3,12.3,11.5, 12.30,12.3,12.17,56111772,6830.67,31138, 26387802, 47.03
SASKEN, EQ, 21-Feb-2024,1800.15,1795.25,1815.0,1732.0, 1732.00,1756.6,1769.14,23099,408.65,4477, 9466, 40.98
SASTASUNDR, EQ, 21-Feb-2024,384.3,385.9,387.95,371.15, 377.80,376.5,381.05,28463,108.46,1936, 15782, 55.45
SATIA, EQ, 21-Feb-2024,128.15,129.05,131.0,128.0, 130.25,130.1,129.71,370966,481.18,4398, 201504, 54.32
SATIN, EQ, 21-Feb-2024,257.25,257.95,260.05,250.05, 250.90,250.8,254.23,466491,1185.95,9075, 261103, 55.97
SATINDLTD, EQ, 21-Feb-2024,107.45,108.0,111.15,104.35, 108.90,107.45,108.01,487350,526.41,6052, 211391, 43.38
SBC, EQ, 21-Feb-2024,23.95,24.2,24.4,23.45, 23.75,23.75,23.83,1023025,243.83,5579, 663290, 64.84
SBCL, EQ, 21-Feb-2024,550.85,552.05,559.85,540.0, 540.60,542.25,545.7,97275,530.83,17747, 57975, 59.60
SBFC, EQ, 21-Feb-2024,90.95,91.7,91.9,88.65, 89.30,89.25,90.11,1902913,1714.78,12768, 858441, 45.11
SBGLP, EQ, 21-Feb-2024,752.6,750.0,775.0,748.9, 768.00,764.55,763.34,27538,210.21,3070, 9230, 33.52
SBICARD, EQ, 21-Feb-2024,739.75,740.0,744.8,731.55, 737.20,739.25,738.52,1383857,10220.09,39278, 759792, 54.90
SBIETFCON, EQ, 21-Feb-2024,100.65,100.7,101.98,99.81, 99.81,100.16,100.57,1827,1.84,132, 1191, 65.19
SBIETFIT, EQ, 21-Feb-2024,402.33,405.86,405.87,395.15, 395.38,395.99,397.45,6887,27.37,323, 5521, 80.17
SBIETFPB, EQ, 21-Feb-2024,236.66,237.5,238.99,236.25, 236.50,236.54,238.41,17692,42.18,146, 17461, 98.69
SBIETFQLTY, EQ, 21-Feb-2024,199.63,199.63,199.95,197.0, 197.80,197.75,198.97,3652,7.27,106, 2479, 67.88
SBILIFE, EQ, 21-Feb-2024,1513.55,1510.05,1519.5,1495.4, 1499.80,1501.7,1507.22,1156081,17424.63,69713, 745855, 64.52
SBIN, EQ, 21-Feb-2024,760.1,760.65,777.5,759.6, 772.05,771.5,770.65,21465311,165422.29,441746, 6158114, 28.69
SCHAEFFLER, EQ, 21-Feb-2024,2905.5,2930.0,2938.85,2850.4, 2870.15,2868.2,2884.52,149588,4314.9,18081, 96783, 64.70
SCHAND, EQ, 21-Feb-2024,279.7,279.7,281.6,273.25, 277.95,275.25,276.92,38336,106.16,5806, 19423, 50.67
SCI, EQ, 21-Feb-2024,251.25,254.0,258.7,240.35, 242.30,242.4,249.44,5781257,14420.82,55140, 3078048, 53.24
SCPL, EQ, 21-Feb-2024,447.15,459.9,483.7,440.6, 444.00,450.7,462.3,522972,2417.67,24681, 99827, 19.09
SDBL, EQ, 21-Feb-2024,252.5,250.05,255.8,247.3, 249.30,249.45,250.6,239114,599.22,9043, 125522, 52.49
SDL24BEES, EQ, 21-Feb-2024,119.23,119.23,119.3,119.1, 119.30,119.25,119.2,643,0.77,40, 456, 70.92
SDL26BEES, EQ, 21-Feb-2024,118.59,118.8,119.0,118.6, 118.70,118.7,118.75,17904,21.26,28, 17835, 99.61
SECURCRED, EQ, 21-Feb-2024,20.05,20.05,20.05,19.85, 20.00,19.9,19.89,40512,8.06,250, 33347, 82.31
SELAN, EQ, 21-Feb-2024,525.25,534.95,535.0,510.0, 519.75,516.05,522.32,36179,188.97,3674, 17805, 49.21
SEMAC, EQ, 21-Feb-2024,2944.8,2948.4,3045.0,2940.7, 2977.00,2975.8,2991.48,1321,39.52,453, 750, 56.78
SENCO, EQ, 21-Feb-2024,831.9,839.95,844.4,786.1, 795.00,793.15,808.84,328319,2655.59,23758, 135526, 41.28
SENSEXADD, EQ, 21-Feb-2024,73.17,73.3,73.3,72.96, 73.28,73.14,73.23,1205,0.88,31, 1067, 88.55
SENSEXETF, EQ, 21-Feb-2024,72.98,73.0,73.64,72.42, 72.42,72.77,73.47,19858,14.59,145, 18075, 91.02
SENSEXIETF, EQ, 21-Feb-2024,813.5,814.41,816.7,811.0, 813.00,812.71,814.15,8489,69.11,130, 6110, 71.98
SEPC, EQ, 21-Feb-2024,23.05,23.3,23.35,21.9, 22.00,21.9,22.41,10721194,2402.14,11929, 6589235, 61.46
SEQUENT, EQ, 21-Feb-2024,153.05,150.65,153.85,145.25, 146.90,146.75,149.21,1946209,2903.9,24301, 747223, 38.39
SERVOTECH, EQ, 21-Feb-2024,97.0,97.35,99.75,92.15, 93.20,93.25,94.65,1228419,1162.66,9274, 983545, 80.07
SESHAPAPER, EQ, 21-Feb-2024,337.65,339.0,341.0,334.0, 340.20,339.0,338.26,70949,239.99,4102, 42378, 59.73
SETF10GILT, EQ, 21-Feb-2024,225.53,226.26,226.97,226.16, 226.96,226.69,226.59,4832,10.95,47, 4534, 93.83
SETFGOLD, EQ, 21-Feb-2024,53.99,54.43,54.43,53.93, 54.25,54.27,54.24,333813,181.06,1404, 282644, 84.67
SETFNIF50, EQ, 21-Feb-2024,231.67,238.6,238.6,230.0, 230.25,230.36,231.58,1559443,3611.3,5016, 1486305, 95.31
SETFNIFBK, EQ, 21-Feb-2024,475.09,478.19,478.2,473.3, 473.30,474.36,475.6,119486,568.28,1004, 102052, 85.41
SETFNN50, EQ, 21-Feb-2024,617.32,617.33,622.73,613.19, 622.00,615.98,619.79,33189,205.7,794, 18345, 55.27
SFL, EQ, 21-Feb-2024,1080.9,1082.0,1083.0,1065.0, 1070.00,1069.85,1073.69,24172,259.53,3553, 13050, 53.99
SGIL, EQ, 21-Feb-2024,351.1,356.0,358.85,340.85, 341.60,343.45,348.16,16288,56.71,1117, 10152, 62.33
SGL, EQ, 21-Feb-2024,18.25,18.45,18.5,18.05, 18.15,18.1,18.27,31242,5.71,217, 23614, 75.58
SHAILY, EQ, 21-Feb-2024,527.95,527.6,534.7,501.0, 518.95,506.95,516.12,66431,342.86,2418, 40290, 60.65
SHALBY, EQ, 21-Feb-2024,297.9,299.3,301.7,292.35, 293.15,293.8,296.18,125710,372.33,6049, 56319, 44.80
SHALPAINTS, EQ, 21-Feb-2024,196.25,197.55,198.5,195.35, 196.90,196.85,196.6,213270,419.28,3675, 131700, 61.75
SHANKARA, EQ, 21-Feb-2024,794.35,798.0,799.9,773.0, 779.00,779.0,787.17,75069,590.92,7317, 35840, 47.74
SHANTIGEAR, EQ, 21-Feb-2024,529.65,531.05,535.5,522.85, 523.00,524.3,528.12,19989,105.57,2409, 10099, 50.52
SHARDACROP, EQ, 21-Feb-2024,379.5,379.6,384.9,370.35, 370.80,370.85,375.8,193563,727.4,8460, 103669, 53.56
SHARDAMOTR, EQ, 21-Feb-2024,1503.55,1508.0,1508.0,1466.0, 1469.30,1478.15,1485.65,23796,353.53,4572, 12451, 52.32
SHAREINDIA, EQ, 21-Feb-2024,1920.45,1929.9,2009.9,1920.0, 2007.05,1994.1,1970.88,279158,5501.86,15564, 127139, 45.54
SHARIABEES, EQ, 21-Feb-2024,514.27,520.48,520.48,502.32, 518.00,510.97,511.94,1247,6.38,114, 845, 67.76
SHEMAROO, EQ, 21-Feb-2024,167.75,171.05,178.3,168.65, 173.30,172.55,174.65,167954,293.34,6207, 81142, 48.31
SHILPAMED, EQ, 21-Feb-2024,423.1,426.0,454.8,416.1, 440.50,441.1,444.67,4522827,20111.88,105365, 1312993, 29.03
SHIVALIK, EQ, 21-Feb-2024,650.8,648.35,654.1,639.95, 641.00,641.2,645.56,7497,48.4,735, 4977, 66.39
SHIVAMAUTO, EQ, 21-Feb-2024,42.4,42.9,44.5,41.15, 44.25,43.35,42.92,1171296,502.74,2436, 781819, 66.75
SHIVAMILLS, EQ, 21-Feb-2024,94.25,95.0,95.0,91.0, 93.15,92.0,92.7,33621,31.17,590, 6527, 19.41
SHK, EQ, 21-Feb-2024,205.85,205.15,210.35,199.6, 202.30,201.85,203.87,809850,1651.05,18586, 385285, 47.57
SHOPERSTOP, EQ, 21-Feb-2024,760.45,755.1,766.95,732.75, 737.00,742.0,751.97,26479,199.12,4679, 13527, 51.09
SHREDIGCEM, EQ, 21-Feb-2024,112.75,113.05,113.5,109.1, 109.85,109.55,111.11,561299,623.63,6207, 344252, 61.33
SHREECEM, EQ, 21-Feb-2024,26524.9,26690.0,26718.75,26224.0, 26355.10,26345.0,26437.32,23910,6321.16,10969, 12734, 53.26
SHREEPUSHK, EQ, 21-Feb-2024,193.35,194.65,196.75,187.1, 188.50,188.75,190.55,108372,206.51,6188, 53704, 49.56
SHREYANIND, EQ, 21-Feb-2024,257.5,259.85,264.95,256.05, 257.70,257.2,259.99,28018,72.84,1538, 14397, 51.38
SHREYAS, EQ, 21-Feb-2024,278.0,279.55,280.3,271.2, 272.00,271.9,274.9,30514,83.88,1262, 22748, 74.55
SHRIPISTON, EQ, 21-Feb-2024,1735.8,1745.0,1749.0,1686.95, 1697.45,1707.1,1715.46,134101,2300.45,10647, 70342, 52.45
SHRIRAMFIN, EQ, 21-Feb-2024,2416.65,2413.8,2415.05,2345.05, 2359.00,2355.95,2384.71,733175,17484.07,44338, 451830, 61.63
SHRIRAMPPS, EQ, 21-Feb-2024,127.0,128.0,128.9,122.15, 123.10,123.1,124.56,4575632,5699.56,31495, 2208701, 48.27
SHYAMMETL, EQ, 21-Feb-2024,662.95,663.0,674.0,640.7, 644.00,643.55,654.03,663338,4338.42,22514, 354815, 53.49
SHYAMTEL, EQ, 21-Feb-2024,11.15,11.15,11.2,11.15, 11.20,11.2,11.18,2021,0.23,7, 1525, 75.46
SIEMENS, EQ, 21-Feb-2024,4435.75,4445.0,4538.85,4416.05, 4429.25,4440.35,4481.01,218181,9776.72,27030, 76347, 34.99
SIGACHI, EQ, 21-Feb-2024,80.55,83.0,86.4,82.0, 82.80,82.5,84.04,4977944,4183.31,23067, 2454741, 49.31
SIGIND, EQ, 21-Feb-2024,77.2,79.6,80.0,77.25, 78.00,77.75,78.89,62187,49.06,623, 31274, 50.29
SIGMA, EQ, 21-Feb-2024,433.55,430.0,439.5,421.55, 429.00,425.65,429.34,11560,49.63,1470, 6664, 57.65
SIGNATURE, EQ, 21-Feb-2024,1364.0,1364.0,1372.75,1336.0, 1339.00,1342.3,1353.39,1505346,20373.13,16445, 577811, 38.38
SILINV, EQ, 21-Feb-2024,480.1,482.55,490.4,462.75, 474.80,473.8,475.14,14398,68.41,1479, 7491, 52.03
SILLYMONKS, EQ, 21-Feb-2024,18.85,18.85,18.85,17.9, 18.00,18.2,18.1,31931,5.78,104, 28712, 89.92
SILVER, EQ, 21-Feb-2024,72.31,72.31,72.59,72.1, 72.29,72.21,72.28,41136,29.73,330, 29406, 71.48
SILVERADD, EQ, 21-Feb-2024,69.81,70.68,70.68,69.9, 70.25,70.25,70.17,933,0.65,33, 495, 53.05
SILVERBEES, EQ, 21-Feb-2024,69.8,70.09,70.09,69.58, 69.69,69.67,69.74,4841962,3376.62,4548, 4377045, 90.40
SILVERETF, EQ, 21-Feb-2024,70.69,71.14,71.37,70.5, 70.50,70.58,70.96,24058,17.07,198, 19147, 79.59
SILVERIETF, EQ, 21-Feb-2024,72.39,72.87,72.97,72.11, 72.16,72.31,72.29,292198,211.23,702, 251160, 85.96
SILVERTUC, EQ, 21-Feb-2024,710.4,718.7,748.0,705.25, 738.25,727.35,725.38,31046,225.2,4168, 16146, 52.01
SILVRETF, EQ, 21-Feb-2024,70.99,71.2,71.35,70.7, 71.10,71.1,71.15,2094,1.49,24, 1671, 79.80
SIMBHALS, EQ, 21-Feb-2024,34.05,34.2,38.5,33.2, 36.20,35.8,36.79,2713397,998.37,8058, 944793, 34.82
SINDHUTRAD, EQ, 21-Feb-2024,38.85,38.95,39.95,37.45, 38.00,37.75,38.47,9044762,3479.29,10660, 1474831, 16.31
SINTERCOM, EQ, 21-Feb-2024,127.1,128.55,129.45,127.0, 127.00,127.0,128.06,17977,23.02,331, 14379, 79.99
SIRCA, EQ, 21-Feb-2024,376.95,380.0,380.0,367.15, 371.00,371.25,371.1,133809,496.56,7313, 68981, 51.55
SIS, EQ, 21-Feb-2024,452.5,452.35,456.0,438.4, 441.50,440.1,443.19,153278,679.31,7345, 119969, 78.27
SIYSIL, EQ, 21-Feb-2024,519.8,522.4,522.4,510.0, 510.10,512.25,514.34,37789,194.36,3853, 20292, 53.70
SJS, EQ, 21-Feb-2024,639.1,641.0,642.0,625.05, 630.30,626.55,634.12,111039,704.12,11399, 59817, 53.87
SJVN, EQ, 21-Feb-2024,123.15,123.0,123.0,119.15, 121.00,120.8,120.74,27013817,32615.34,132758, 6694736, 24.78
SKFINDIA, EQ, 21-Feb-2024,4480.95,4503.4,4585.45,4486.3, 4556.35,4557.2,4545.3,26335,1197.0,9220, 15994, 60.73
SKIPPER, EQ, 21-Feb-2024,329.2,330.9,341.85,320.0, 324.30,322.95,330.71,657399,2174.11,26776, 248376, 37.78
SKMEGGPROD, EQ, 21-Feb-2024,270.85,272.8,276.85,265.25, 267.50,267.4,271.17,145214,393.78,3993, 65226, 44.92
SMARTLINK, EQ, 21-Feb-2024,173.35,173.55,174.65,171.15, 171.15,171.85,172.99,3685,6.37,220, 2391, 64.88
SMCGLOBAL, EQ, 21-Feb-2024,134.0,135.0,137.3,132.05, 134.60,133.9,134.8,439335,592.21,6982, 207352, 47.20
SMLISUZU, EQ, 21-Feb-2024,1665.7,1675.0,1727.0,1660.0, 1720.00,1714.7,1700.48,229639,3904.97,15074, 104387, 45.46
SMSLIFE, EQ, 21-Feb-2024,568.0,568.0,577.45,560.25, 563.65,563.7,569.91,795,4.53,177, 502, 63.14
SMSPHARMA, EQ, 21-Feb-2024,148.65,149.7,150.0,145.15, 146.35,145.85,147.7,277022,409.17,6146, 155129, 56.00
SNOWMAN, EQ, 21-Feb-2024,81.95,82.65,83.8,80.05, 80.80,80.8,82.06,9063783,7437.8,40444, 2702163, 29.81
SOBHA, EQ, 21-Feb-2024,1386.8,1380.2,1516.45,1380.2, 1481.95,1480.0,1469.21,774123,11373.48,48631, 344948, 44.56
SOFTTECH, EQ, 21-Feb-2024,286.85,286.85,286.85,271.25, 285.00,284.15,283.38,39473,111.86,810, 35163, 89.08
SOLARA, EQ, 21-Feb-2024,464.0,468.8,495.0,467.0, 479.00,477.7,482.03,1805506,8703.15,66447, 398687, 22.08
SOLARINDS, EQ, 21-Feb-2024,6593.75,6669.8,6747.9,6623.0, 6692.40,6687.9,6691.96,56329,3769.52,12338, 29311, 52.04
SOMANYCERA, EQ, 21-Feb-2024,670.1,673.45,673.8,666.5, 672.90,667.6,669.34,16740,112.05,1976, 11372, 67.93
SOMATEX, EQ, 21-Feb-2024,24.45,25.25,25.25,23.25, 23.25,23.25,23.65,52827,12.49,260, 38328, 72.55
SONACOMS, EQ, 21-Feb-2024,639.85,642.0,642.0,608.5, 609.90,612.3,622.88,1516659,9446.97,54893, 843917, 55.64
SONAMLTD, EQ, 21-Feb-2024,81.3,85.45,85.5,82.9, 83.15,83.45,84.51,74344,62.83,295, 60833, 81.83
SONATSOFTW, EQ, 21-Feb-2024,821.15,821.15,859.9,821.15, 830.20,833.45,839.17,785562,6592.18,47197, 238396, 30.35
SOTL, EQ, 21-Feb-2024,416.9,419.45,443.1,417.65, 430.50,430.05,434.51,1404503,6102.67,55092, 374462, 26.66
SOUTHBANK, EQ, 21-Feb-2024,33.45,33.65,34.1,32.15, 32.70,32.55,33.33,22844662,7614.61,38357, 13582441, 59.46
SOUTHWEST, EQ, 21-Feb-2024,155.95,156.0,158.8,148.55, 150.00,149.85,151.81,184264,279.73,1824, 76329, 41.42
SPAL, EQ, 21-Feb-2024,621.2,621.2,634.8,609.3, 631.00,627.15,624.99,62561,391.0,9791, 34191, 54.65
SPANDANA, EQ, 21-Feb-2024,995.65,1014.0,1014.0,982.55, 999.50,993.95,996.45,224519,2237.21,8862, 188070, 83.77
SPCENET, EQ, 21-Feb-2024,37.45,37.45,38.3,35.3, 37.00,36.95,37.1,1332229,494.28,2104, 847468, 63.61
SPECIALITY, EQ, 21-Feb-2024,247.45,246.1,251.65,246.05, 249.00,249.8,248.33,58791,145.99,3530, 23899, 40.65
SPENCERS, EQ, 21-Feb-2024,119.7,119.1,121.35,116.25, 117.45,117.85,118.3,456675,540.24,6041, 160287, 35.10
SPIC, EQ, 21-Feb-2024,95.95,96.2,97.35,93.55, 94.25,94.0,95.24,2313222,2203.19,14958, 788636, 34.09
SPLIL, EQ, 21-Feb-2024,67.35,68.55,71.85,68.0, 69.90,69.45,69.92,122200,85.44,1157, 63050, 51.60
SPLPETRO, EQ, 21-Feb-2024,734.7,731.95,753.4,721.05, 722.40,726.55,739.55,197845,1463.16,16620, 100015, 50.55
SPORTKING, EQ, 21-Feb-2024,867.35,875.95,888.95,850.0, 875.00,861.25,869.91,20212,175.83,2662, 11129, 55.06
SREEL, EQ, 21-Feb-2024,327.95,330.75,344.95,320.35, 328.40,324.8,329.48,30511,100.53,4155, 9454, 30.99
SRF, EQ, 21-Feb-2024,2383.2,2399.0,2423.55,2384.35, 2396.60,2398.95,2401.86,881154,21164.07,41018, 492959, 55.94
SRGHFL, EQ, 21-Feb-2024,272.35,273.7,275.95,266.95, 270.95,270.85,272.6,17035,46.44,687, 14509, 85.17
SRHHYPOLTD, EQ, 21-Feb-2024,552.9,558.0,564.95,550.55, 558.00,553.2,558.91,10298,57.56,1386, 5346, 51.91
SSWL, EQ, 21-Feb-2024,250.45,250.45,256.7,245.05, 249.00,248.35,250.65,353517,886.11,11793, 108851, 30.79
STAR, EQ, 21-Feb-2024,820.15,810.0,834.8,809.95, 827.25,830.1,824.76,397067,3274.86,16728, 186740, 47.03
STARCEMENT, EQ, 21-Feb-2024,210.15,210.15,212.1,204.2, 208.00,205.85,208.38,407858,849.9,13948, 174548, 42.80
STARHEALTH, EQ, 21-Feb-2024,566.15,566.15,572.85,562.25, 565.90,564.65,568.65,700395,3982.78,10599, 570929, 81.52
STARPAPER, EQ, 21-Feb-2024,252.2,253.7,255.2,245.55, 248.35,246.85,250.4,32306,80.89,2098, 14999, 46.43
STCINDIA, EQ, 21-Feb-2024,170.6,171.95,172.7,163.0, 164.90,165.25,167.91,283376,475.81,18747, 67919, 23.97
STEELCAS, EQ, 21-Feb-2024,636.4,638.0,651.0,634.55, 645.00,645.05,644.22,12064,77.72,1496, 6574, 54.49
STEELCITY, EQ, 21-Feb-2024,81.55,82.45,82.45,79.25, 80.90,80.25,81.16,27491,22.31,394, 21211, 77.16
STEELXIND, EQ, 21-Feb-2024,16.05,16.15,16.25,15.7, 15.85,15.85,15.86,4493120,712.51,7657, 2342591, 52.14
STEL, EQ, 21-Feb-2024,316.35,320.0,321.95,310.0, 310.00,313.3,315.92,14182,44.8,612, 9763, 68.84
STERTOOLS, EQ, 21-Feb-2024,352.55,354.0,355.7,344.75, 347.00,345.9,348.55,55291,192.71,3497, 35294, 63.83
STLTECH, EQ, 21-Feb-2024,134.45,135.0,147.0,133.1, 145.15,144.85,143.92,16393899,23593.91,86186, 3760398, 22.94
STOVEKRAFT, EQ, 21-Feb-2024,488.05,491.35,491.35,481.1, 485.00,487.3,486.04,182681,887.91,7426, 122820, 67.23
STYLAMIND, EQ, 21-Feb-2024,1619.35,1625.9,1637.95,1601.1, 1607.65,1616.15,1616.14,23393,378.06,3146, 14335, 61.28
STYRENIX, EQ, 21-Feb-2024,1499.85,1524.85,1528.0,1488.05, 1490.55,1500.95,1502.13,13959,209.68,2002, 8404, 60.20
SUBEXLTD, EQ, 21-Feb-2024,40.2,40.3,40.45,38.55, 38.80,38.7,39.33,9891572,3890.49,13455, 4075118, 41.20
SUBROS, EQ, 21-Feb-2024,611.35,611.5,625.0,589.05, 610.00,597.8,604.56,163622,989.19,11954, 58946, 36.03
SUDARSCHEM, EQ, 21-Feb-2024,593.75,595.0,599.7,573.9, 583.00,581.5,587.7,247970,1457.32,14975, 127881, 51.57
SUKHJITS, EQ, 21-Feb-2024,483.0,481.9,492.1,476.05, 476.35,478.25,480.96,11674,56.15,1000, 6995, 59.92
SULA, EQ, 21-Feb-2024,578.15,575.85,576.0,552.25, 554.90,554.9,562.27,2253211,12669.1,52299, 1084912, 48.15
SUMICHEM, EQ, 21-Feb-2024,377.8,379.9,379.95,375.0, 375.50,375.2,377.14,201080,758.36,9592, 122865, 61.10
SUMMITSEC, EQ, 21-Feb-2024,1291.15,1309.75,1310.0,1266.0, 1280.55,1282.05,1282.23,5531,70.92,793, 3177, 57.44
SUNCLAY, EQ, 21-Feb-2024,1505.95,1518.0,1549.0,1495.1, 1527.00,1511.45,1515.85,4409,66.83,917, 2005, 45.48
SUNDARAM, EQ, 21-Feb-2024,3.15,3.2,3.25,3.05, 3.05,3.1,3.17,3038513,96.25,1040, 1409995, 46.40
SUNDARMFIN, EQ, 21-Feb-2024,4119.65,4175.2,4241.9,4145.9, 4160.00,4159.8,4177.01,355655,14855.75,39307, 220893, 62.11
SUNDARMHLD, EQ, 21-Feb-2024,200.35,201.0,207.45,197.65, 203.50,203.55,202.9,373808,758.44,13382, 169151, 45.25
SUNDRMBRAK, EQ, 21-Feb-2024,703.6,718.7,757.2,712.15, 756.00,752.1,741.33,22719,168.42,1713, 16629, 73.19
SUNDRMFAST, EQ, 21-Feb-2024,1093.1,1096.1,1122.0,1093.15, 1109.50,1111.0,1112.26,42727,475.23,6757, 20888, 48.89
SUNFLAG, EQ, 21-Feb-2024,210.6,210.95,214.9,208.25, 209.50,209.25,211.67,300356,635.75,9151, 133443, 44.43
SUNPHARMA, EQ, 21-Feb-2024,1538.7,1540.05,1549.5,1533.0, 1545.00,1543.4,1542.88,1993748,30761.07,113175, 1431225, 71.79
SUNTECK, EQ, 21-Feb-2024,483.1,484.8,502.2,482.25, 492.00,492.5,494.5,2657103,13139.35,82329, 1079594, 40.63
SUNTV, EQ, 21-Feb-2024,621.3,621.3,622.5,608.5, 610.55,610.5,615.07,489671,3011.81,25587, 187661, 38.32
SUPERHOUSE, EQ, 21-Feb-2024,221.25,223.95,225.0,218.0, 219.65,219.85,221.84,17527,38.88,765, 9993, 57.01
SUPRAJIT, EQ, 21-Feb-2024,393.1,395.0,396.35,386.4, 391.00,390.25,390.6,105757,413.09,8026, 53496, 50.58
SUPREMEIND, EQ, 21-Feb-2024,4066.75,4068.9,4068.9,3926.0, 3950.00,3958.2,3976.92,89096,3543.28,17225, 52645, 59.09
SUPRIYA, EQ, 21-Feb-2024,356.0,358.9,362.7,347.2, 350.00,350.05,353.45,379932,1342.88,16912, 183189, 48.22
SURAJEST, EQ, 21-Feb-2024,344.2,345.0,367.0,344.6, 345.75,346.5,353.88,809066,2863.12,36072, 280418, 34.66
SURYALAXMI, EQ, 21-Feb-2024,79.6,81.5,84.25,79.9, 82.70,82.45,82.96,142869,118.53,961, 80620, 56.43
SURYAROSNI, EQ, 21-Feb-2024,629.7,634.6,642.0,620.15, 623.50,623.0,630.02,126694,798.2,7220, 73911, 58.34
SURYODAY, EQ, 21-Feb-2024,176.55,177.7,187.5,177.0, 182.45,182.7,182.84,2763688,5053.11,45082, 1321071, 47.80
SUTLEJTEX, EQ, 21-Feb-2024,70.6,71.4,72.3,68.15, 68.85,68.6,69.99,595976,417.14,5072, 276386, 46.38
SUVENPHAR, EQ, 21-Feb-2024,672.15,674.15,683.0,664.2, 669.15,668.4,668.69,143772,961.38,18054, 90199, 62.74
SWANENERGY, EQ, 21-Feb-2024,751.3,759.9,762.6,706.1, 708.30,710.9,726.45,5195671,37743.76,56126, 3005905, 57.85
SWARAJENG, EQ, 21-Feb-2024,2402.85,2405.0,2405.0,2332.5, 2335.00,2350.45,2356.25,7115,167.65,1770, 4003, 56.26
SWELECTES, EQ, 21-Feb-2024,1098.7,1096.15,1162.0,1096.15, 1119.70,1116.45,1137.34,244384,2779.47,11598, 90805, 37.16
SWSOLAR, EQ, 21-Feb-2024,597.3,606.0,606.5,568.1, 572.00,571.65,583.6,995896,5812.07,29665, 706611, 70.95
SYMPHONY, EQ, 21-Feb-2024,925.3,929.95,931.95,916.0, 919.10,920.0,922.44,33258,306.79,3430, 21191, 63.72
SYNGENE, EQ, 21-Feb-2024,755.1,762.25,765.1,746.1, 749.50,747.9,752.67,296705,2233.2,19766, 146960, 49.53
SYRMA, EQ, 21-Feb-2024,511.3,514.95,524.7,512.0, 518.00,517.3,517.72,859916,4451.98,18634, 624988, 72.68
TAINWALCHM, EQ, 21-Feb-2024,146.4,149.0,150.0,143.0, 143.00,143.35,144.48,3488,5.04,147, 2467, 70.73
TAJGVK, EQ, 21-Feb-2024,374.55,376.0,413.9,372.0, 396.00,398.4,398.49,2083584,8302.89,34326, 603128, 28.95
TAKE, EQ, 21-Feb-2024,29.6,29.75,30.3,28.0, 28.15,28.15,28.85,626061,180.62,3396, 386848, 61.79
TANLA, EQ, 21-Feb-2024,1003.65,1006.2,1007.7,984.35, 990.05,991.45,994.51,241466,2401.4,13051, 121487, 50.31
TARMAT, EQ, 21-Feb-2024,76.3,80.0,91.55,79.05, 91.55,91.55,88.59,1238692,1097.4,6072, 430288, 34.74
TARSONS, EQ, 21-Feb-2024,492.9,490.05,498.6,485.2, 492.05,490.35,493.21,57479,283.49,7510, 33131, 57.64
TASTYBITE, EQ, 21-Feb-2024,13887.35,13858.0,13858.0,13511.0, 13700.00,13602.95,13670.33,1165,159.26,593, 574, 49.27
TATACHEM, EQ, 21-Feb-2024,983.35,987.05,997.0,974.05, 978.00,977.5,986.42,771887,7614.08,31720, 247890, 32.11
TATACOMM, EQ, 21-Feb-2024,1821.85,1830.0,1838.0,1786.5, 1796.00,1795.3,1816.51,606897,11024.35,32045, 231523, 38.15
TATACONSUM, EQ, 21-Feb-2024,1154.4,1155.0,1171.9,1150.05, 1158.00,1160.75,1160.84,1445959,16785.34,80717, 729529, 50.45
TATAELXSI, EQ, 21-Feb-2024,7776.3,7846.25,7849.0,7712.05, 7727.90,7746.2,7777.44,107925,8393.8,18831, 53448, 49.52
TATAGOLD, EQ, 21-Feb-2024,6.19,6.19,6.27,6.19, 6.21,6.2,6.21,1778125,110.41,3458, 1683959, 94.70
TATAINVEST, EQ, 21-Feb-2024,5852.0,5860.0,6721.0,5852.0, 6452.10,6474.7,6419.7,767246,49254.88,114384, 139799, 18.22
TATAMOTORS, EQ, 21-Feb-2024,926.35,926.35,937.2,916.5, 921.50,921.05,927.22,6011018,55735.16,157853, 2559145, 42.57
TATAMTRDVR, EQ, 21-Feb-2024,612.85,612.85,620.8,606.1, 610.90,610.65,612.89,1234985,7569.08,26478, 625203, 50.62
TATAPOWER, EQ, 21-Feb-2024,378.95,380.7,383.85,373.5, 375.50,375.45,379.71,10283746,39048.84,116592, 3704957, 36.03
TATASTEEL, EQ, 21-Feb-2024,141.05,141.55,146.2,141.45, 144.00,143.9,144.64,88000833,127280.88,402755, 39588969, 44.99
TATATECH, EQ, 21-Feb-2024,1152.65,1165.0,1170.0,1138.25, 1154.30,1154.4,1155.78,1186147,13709.27,56098, 389315, 32.82
TATSILV, EQ, 21-Feb-2024,7.08,7.17,7.17,7.05, 7.06,7.06,7.1,757796,53.83,893, 658474, 86.89
TATVA, EQ, 21-Feb-2024,1290.5,1305.0,1305.45,1269.95, 1274.00,1273.2,1279.86,17602,225.28,3273, 9379, 53.28
TBZ, EQ, 21-Feb-2024,127.65,127.65,128.4,124.0, 125.00,124.5,126.01,158069,199.18,3233, 75419, 47.71
TCI, EQ, 21-Feb-2024,855.35,859.65,865.8,845.2, 856.00,857.0,856.4,19189,164.34,3377, 8073, 42.07
TCIEXP, EQ, 21-Feb-2024,1216.2,1221.95,1226.95,1201.5, 1202.40,1202.6,1207.22,27643,333.71,3446, 18548, 67.10
TCNSBRANDS, EQ, 21-Feb-2024,392.0,403.5,403.5,377.45, 381.85,380.5,385.74,111499,430.09,5354, 52947, 47.49
TCPLPACK, EQ, 21-Feb-2024,2237.45,2239.0,2249.7,2201.0, 2229.90,2207.6,2212.76,2451,54.23,716, 1449, 59.12
TCS, EQ, 21-Feb-2024,4030.65,4013.0,4063.35,3980.6, 3987.00,3991.5,4025.98,1885939,75927.49,135075, 1093371, 57.97
TDPOWERSYS, EQ, 21-Feb-2024,273.4,275.0,277.15,269.75, 271.00,272.05,273.23,300989,822.41,19025, 178247, 59.22
TEAMLEASE, EQ, 21-Feb-2024,3179.75,3194.0,3240.0,3126.1, 3145.10,3179.95,3198.82,32939,1053.66,7092, 16843, 51.13
TECH, EQ, 21-Feb-2024,39.33,39.45,39.65,38.66, 39.29,38.83,39.1,9482,3.71,247, 9107, 96.05
TECHM, EQ, 21-Feb-2024,1320.55,1320.0,1325.0,1292.2, 1298.55,1296.6,1309.26,1769508,23167.4,67783, 1007292, 56.92
TECHNOE, EQ, 21-Feb-2024,812.1,814.0,816.8,770.1, 773.00,775.85,789.32,350111,2763.51,24907, 202991, 57.98
TEGA, EQ, 21-Feb-2024,1299.1,1292.6,1360.0,1269.15, 1281.80,1280.0,1315.44,121800,1602.2,20389, 42741, 35.09
TEJASNET, EQ, 21-Feb-2024,737.75,743.0,758.0,737.5, 752.80,750.5,749.39,561452,4207.47,31701, 233128, 41.52
TEMBO, EQ, 21-Feb-2024,287.85,287.85,288.3,280.0, 283.50,281.35,285.85,46736,133.6,726, 8985, 19.23
TEXINFRA, EQ, 21-Feb-2024,112.45,113.2,113.5,106.9, 108.70,108.05,110.08,550220,605.66,6693, 268228, 48.75
TEXMOPIPES, EQ, 21-Feb-2024,99.05,99.5,102.5,96.0, 96.65,97.8,98.37,321373,316.12,2807, 184321, 57.35
TEXRAIL, EQ, 21-Feb-2024,187.4,187.0,188.3,181.6, 182.10,182.45,184.84,1450952,2681.92,27250, 791129, 54.52
TFCILTD, EQ, 21-Feb-2024,220.2,231.2,231.2,231.2, 231.20,231.2,231.2,909393,2102.52,2643, 909393, 100.00
THANGAMAYL, EQ, 21-Feb-2024,1340.95,1352.0,1353.65,1318.05, 1328.50,1326.45,1332.27,11881,158.29,1227, 8499, 71.53
THEJO, EQ, 21-Feb-2024,2105.15,2105.15,2141.9,2040.5, 2089.00,2067.95,2088.29,11076,231.3,1762, 6228, 56.23
THEMISMED, EQ, 21-Feb-2024,241.55,238.0,244.3,238.0, 244.00,241.05,240.95,93078,224.27,4948, 55616, 59.75
THERMAX, EQ, 21-Feb-2024,3511.65,3549.9,3581.95,3486.05, 3540.25,3544.2,3529.64,248882,8784.64,31245, 180916, 72.69
THOMASCOOK, EQ, 21-Feb-2024,167.6,169.0,172.0,162.95, 164.85,165.55,166.71,715572,1192.93,10738, 408975, 57.15
THYROCARE, EQ, 21-Feb-2024,612.6,612.6,618.0,609.85, 615.50,614.55,613.34,23636,144.97,2172, 14871, 62.92
TI, EQ, 21-Feb-2024,229.55,230.4,233.0,224.0, 225.50,225.3,228.1,384633,877.36,12311, 176378, 45.86
TIDEWATER, EQ, 21-Feb-2024,1777.85,1776.0,1778.0,1709.0, 1720.00,1721.3,1747.46,56825,992.99,8804, 26291, 46.27
TIIL, EQ, 21-Feb-2024,2074.15,2074.15,2093.75,2037.4, 2066.40,2075.45,2078.5,11187,232.52,1868, 7390, 66.06
TIINDIA, EQ, 21-Feb-2024,3723.4,3730.55,3747.8,3618.0, 3645.00,3663.35,3668.8,104864,3847.25,21314, 53337, 50.86
TIJARIA, EQ, 21-Feb-2024,7.95,8.15,8.3,7.55, 8.30,8.3,7.94,5117381,406.13,2204, 1833233, 35.82
TIMETECHNO, EQ, 21-Feb-2024,230.45,231.35,231.35,216.6, 219.70,218.85,222.23,2186319,4858.68,27964, 997526, 45.63
TIMKEN, EQ, 21-Feb-2024,2804.65,2819.4,2868.7,2800.0, 2830.00,2811.75,2834.56,43181,1223.99,9868, 28172, 65.24
TIPSINDLTD, EQ, 21-Feb-2024,479.75,484.3,495.0,480.25, 483.55,486.25,490.26,201748,989.09,20042, 122808, 60.87
TIRUMALCHM, EQ, 21-Feb-2024,241.75,241.9,256.9,236.75, 245.00,245.1,248.37,2591566,6436.73,58145, 988505, 38.14
TITAGARH, EQ, 21-Feb-2024,996.3,996.0,1018.15,948.15, 954.00,958.55,979.35,1321233,12939.49,54253, 809140, 61.24
TITAN, EQ, 21-Feb-2024,3686.7,3652.05,3707.5,3640.0, 3650.00,3656.35,3677.86,660426,24289.57,72942, 395085, 59.82
TMB, EQ, 21-Feb-2024,491.15,490.5,497.0,490.5, 493.00,491.65,493.24,46067,227.22,3925, 26638, 57.82
TNIDETF, EQ, 21-Feb-2024,79.6,79.82,79.9,78.4, 79.80,78.71,79.07,30117,23.81,722, 27367, 90.87
TNPETRO, EQ, 21-Feb-2024,99.5,100.15,100.2,97.0, 97.15,97.15,98.49,282615,278.34,3550, 167841, 59.39
TNPL, EQ, 21-Feb-2024,273.6,275.0,275.25,267.7, 269.60,269.15,272.08,135564,368.85,3921, 69221, 51.06
TOKYOPLAST, EQ, 21-Feb-2024,109.65,112.0,112.65,110.1, 110.10,110.6,111.35,12459,13.87,271, 8038, 64.52
TORNTPHARM, EQ, 21-Feb-2024,2644.65,2644.65,2668.25,2591.45, 2598.90,2603.0,2636.03,232279,6122.95,30779, 141220, 60.80
TORNTPOWER, EQ, 21-Feb-2024,1150.4,1156.2,1160.0,1120.0, 1124.50,1124.7,1130.03,697562,7882.65,53691, 356952, 51.17
TOTAL, EQ, 21-Feb-2024,116.15,116.55,117.7,114.3, 116.60,116.3,116.13,13373,15.53,327, 9416, 70.41
TOUCHWOOD, EQ, 21-Feb-2024,164.75,171.0,173.95,163.0, 163.25,165.2,168.73,5584,9.42,467, 2382, 42.66
TPLPLASTEH, EQ, 21-Feb-2024,71.75,72.7,73.4,68.5, 70.35,70.35,70.4,403933,284.39,3337, 203926, 50.49
TRACXN, EQ, 21-Feb-2024,105.7,106.45,107.7,103.7, 104.40,104.1,105.56,1501500,1584.98,9575, 786922, 52.41
TREEHOUSE, EQ, 21-Feb-2024,33.15,33.25,34.65,32.1, 33.20,33.45,33.6,284967,95.76,1699, 182323, 63.98
TREL, EQ, 21-Feb-2024,54.15,54.6,55.5,51.7, 52.10,51.95,53.01,817176,433.22,4631, 435093, 53.24
TRENT, EQ, 21-Feb-2024,4025.9,4045.1,4047.05,3873.85, 3885.00,3894.75,3943.26,614056,24213.8,61340, 368608, 60.03
TRIDENT, EQ, 21-Feb-2024,44.25,44.45,44.8,43.3, 43.70,43.45,44.03,9180869,4041.97,28919, 3266827, 35.58
TRIGYN, EQ, 21-Feb-2024,132.55,135.0,135.05,127.55, 127.55,127.95,130.6,185915,242.81,4255, 90871, 48.88
TRITURBINE, EQ, 21-Feb-2024,451.25,452.0,459.8,440.5, 453.00,453.9,451.12,504060,2273.93,28817, 222077, 44.06
TRIVENI, EQ, 21-Feb-2024,350.75,353.5,354.6,347.8, 351.20,350.45,351.08,434162,1524.24,17545, 224977, 51.82
TRU, EQ, 21-Feb-2024,75.4,77.0,77.3,71.9, 74.50,73.8,73.84,1816253,1341.11,8179, 447450, 24.64
TTKHLTCARE, EQ, 21-Feb-2024,1474.6,1472.55,1489.95,1471.9, 1481.95,1481.75,1481.34,5274,78.13,640, 4112, 77.97
TTKPRESTIG, EQ, 21-Feb-2024,757.5,757.5,762.0,749.05, 751.95,752.0,756.25,26998,204.17,3236, 14646, 54.25
TTL, EQ, 21-Feb-2024,106.75,109.0,109.0,105.1, 105.10,105.75,107.07,8146,8.72,246, 4643, 57.00
TTML, EQ, 21-Feb-2024,91.25,91.6,92.0,88.45, 89.05,88.9,89.64,6129924,5494.84,27988, 2997570, 48.90
TVSELECT, EQ, 21-Feb-2024,333.65,336.85,336.85,327.1, 330.00,328.4,331.4,35680,118.24,3306, 14627, 40.99
TVSHLTD, EQ, 21-Feb-2024,9065.25,9065.5,9265.7,8912.3, 9200.00,9224.55,9155.43,14231,1302.91,6548, 6462, 45.41
TVSMOTOR, EQ, 21-Feb-2024,2118.2,2122.0,2139.0,2081.0, 2099.85,2093.5,2109.49,407855,8603.67,30113, 184113, 45.14
TVSSCS, EQ, 21-Feb-2024,200.45,198.0,198.0,189.35, 191.00,190.05,194.33,1861173,3616.74,27340, 929366, 49.93
TVSSRICHAK, EQ, 21-Feb-2024,4186.1,4206.0,4490.0,4206.0, 4418.00,4413.1,4342.42,17904,777.47,3515, 5844, 32.64
TVTODAY, EQ, 21-Feb-2024,262.65,262.65,264.8,251.0, 253.45,252.45,257.53,475761,1225.24,12213, 247086, 51.93
TVVISION, EQ, 21-Feb-2024,7.15,7.5,7.5,7.5, 7.50,7.5,7.5,49097,3.68,198, 49087, 99.98
UBL, EQ, 21-Feb-2024,1729.9,1730.85,1742.0,1712.75, 1716.00,1720.1,1726.07,67518,1165.41,6195, 22329, 33.07
UCAL, EQ, 21-Feb-2024,162.95,164.9,165.0,160.0, 162.90,161.35,162.46,25472,41.38,720, 16274, 63.89
UCOBANK, EQ, 21-Feb-2024,59.55,59.75,61.35,59.1, 59.45,59.55,60.06,19995228,12008.2,41742, 4124000, 20.62
UDS, EQ, 21-Feb-2024,348.6,354.3,354.7,336.0, 339.00,337.35,346.17,614799,2128.26,19126, 433918, 70.58
UFLEX, EQ, 21-Feb-2024,432.7,436.0,444.5,432.0, 432.00,433.0,434.54,47882,208.07,2393, 25849, 53.98
UFO, EQ, 21-Feb-2024,159.95,160.75,163.9,152.5, 154.95,154.6,157.63,411364,648.42,11570, 168771, 41.03
UGARSUGAR, EQ, 21-Feb-2024,84.65,85.3,87.0,83.7, 85.00,85.25,85.51,516130,441.32,5723, 207767, 40.25
UGROCAP, EQ, 21-Feb-2024,267.95,265.2,269.95,261.95, 266.85,264.45,265.57,155932,414.11,5919, 98304, 63.04
UJJIVAN, EQ, 21-Feb-2024,555.25,556.1,557.9,548.3, 552.05,551.45,551.72,287050,1583.71,7601, 202778, 70.64
UJJIVANSFB, EQ, 21-Feb-2024,55.1,55.3,55.35,54.1, 54.35,54.3,54.6,4908299,2680.05,23154, 2583445, 52.63
ULTRACEMCO, EQ, 21-Feb-2024,9978.95,9970.25,10115.0,9920.0, 9960.00,9968.4,10012.41,322960,32336.08,45358, 188246, 58.29
UMANGDAIRY, EQ, 21-Feb-2024,81.85,81.45,84.7,80.1, 81.00,81.35,82.67,46134,38.14,474, 19847, 43.02
UNICHEMLAB, EQ, 21-Feb-2024,543.55,543.55,559.9,537.75, 544.00,542.85,549.02,41801,229.49,5120, 15708, 37.58
UNIDT, EQ, 21-Feb-2024,286.6,292.0,295.0,280.55, 284.85,283.25,287.01,31115,89.3,1306, 19165, 61.59
UNIENTER, EQ, 21-Feb-2024,147.1,148.5,153.55,144.0, 146.50,146.5,148.88,15694,23.36,659, 9217, 58.73
UNIINFO, EQ, 21-Feb-2024,51.9,53.7,56.95,49.0, 51.25,50.75,54.0,469350,253.44,3113, 228711, 48.73
UNIONBANK, EQ, 21-Feb-2024,141.1,146.7,150.8,144.15, 145.30,145.1,147.66,58178774,85908.44,203623, 18725573, 32.19
UNIPARTS, EQ, 21-Feb-2024,556.9,551.0,561.0,542.5, 548.00,544.7,550.18,84410,464.4,4486, 52143, 61.77
UNITEDPOLY, EQ, 21-Feb-2024,98.15,102.9,102.9,98.0, 99.80,99.05,99.29,3519,3.49,88, 1657, 47.09
UNITEDTEA, EQ, 21-Feb-2024,347.2,345.1,373.0,345.1, 371.70,366.75,363.08,46503,168.84,1720, 31074, 66.82
UNIVASTU, EQ, 21-Feb-2024,140.15,146.8,147.15,142.05, 144.00,145.0,146.35,105729,154.73,737, 55816, 52.79
UNIVCABLES, EQ, 21-Feb-2024,471.6,468.05,475.2,465.4, 466.35,467.35,469.88,11614,54.57,1082, 7305, 62.90
UNIVPHOTO, EQ, 21-Feb-2024,406.55,406.55,411.95,406.55, 409.90,409.25,408.84,766,3.13,138, 375, 48.96
UNOMINDA, EQ, 21-Feb-2024,639.75,641.8,646.75,629.7, 636.00,634.6,640.66,345054,2210.61,33352, 213621, 61.91
UPL, EQ, 21-Feb-2024,498.05,499.0,500.2,490.95, 491.80,492.15,495.7,1697299,8413.49,43216, 697447, 41.09
URAVI, EQ, 21-Feb-2024,298.85,294.65,304.9,290.0, 304.85,301.55,300.74,443,1.33,78, 271, 61.17
USHAMART, EQ, 21-Feb-2024,312.65,313.15,313.8,304.2, 305.00,305.4,307.99,728538,2243.83,25461, 428911, 58.87
UTIAMC, EQ, 21-Feb-2024,908.45,913.8,960.95,909.15, 933.00,934.9,942.1,669144,6304.03,49399, 215302, 32.18
UTIBANKETF, EQ, 21-Feb-2024,47.77,48.09,48.21,47.56, 47.68,47.76,47.88,3629276,1737.53,1837, 2481018, 68.36
UTINEXT50, EQ, 21-Feb-2024,62.02,62.57,62.78,61.5, 62.60,61.97,62.42,37028,23.11,321, 21571, 58.26
UTINIFTETF, EQ, 21-Feb-2024,238.98,241.44,241.44,237.08, 237.44,237.4,238.63,18660,44.53,201, 17605, 94.35
UTISENSETF, EQ, 21-Feb-2024,787.96,794.97,794.97,779.42, 785.00,783.94,786.09,276,2.17,73, 185, 67.03
UTISXN50, EQ, 21-Feb-2024,73.89,74.04,74.61,73.31, 73.70,73.66,74.18,1240,0.92,54, 679, 54.76
UTKARSHBNK, EQ, 21-Feb-2024,55.25,55.5,55.95,54.1, 54.65,54.45,55.0,3256518,1791.13,11168, 1734829, 53.27
UTTAMSUGAR, EQ, 21-Feb-2024,376.3,378.9,379.8,366.95, 369.35,368.3,372.76,138141,514.93,7338, 51744, 37.46
V2RETAIL, EQ, 21-Feb-2024,373.3,374.0,385.9,372.0, 373.00,374.2,378.78,38300,145.07,1699, 27422, 71.60
VADILALIND, EQ, 21-Feb-2024,3782.2,3800.0,3800.0,3600.0, 3729.00,3683.55,3699.59,14871,550.17,3614, 6978, 46.92
VAIBHAVGBL, EQ, 21-Feb-2024,458.55,458.55,477.0,447.65, 450.00,450.3,461.01,568730,2621.88,23835, 244901, 43.06
VAISHALI, EQ, 21-Feb-2024,158.0,157.0,164.7,155.95, 157.70,156.7,158.87,52177,82.89,535, 31115, 59.63
VAKRANGEE, EQ, 21-Feb-2024,26.85,26.95,27.05,25.6, 25.75,25.8,26.12,9079053,2371.38,15264, 3743561, 41.23
VALIANTLAB, EQ, 21-Feb-2024,176.6,176.95,181.65,175.0, 175.10,175.6,178.19,121142,215.86,4655, 58061, 47.93
VALIANTORG, EQ, 21-Feb-2024,439.75,440.5,448.35,433.0, 433.15,435.9,438.91,37891,166.31,5606, 19324, 51.00
VARDHACRLC, EQ, 21-Feb-2024,69.95,69.2,71.5,67.35, 67.35,68.55,69.67,174497,121.57,1759, 92526, 53.02
VARROC, EQ, 21-Feb-2024,525.3,526.55,529.0,503.55, 511.00,508.0,515.71,161765,834.24,9428, 79344, 49.05
VASCONEQ, EQ, 21-Feb-2024,80.75,81.2,81.95,77.8, 79.00,78.7,80.04,1540185,1232.8,8874, 694682, 45.10
VASWANI, EQ, 21-Feb-2024,42.05,42.45,43.5,41.2, 41.25,41.5,42.31,474695,200.83,2286, 230916, 48.65
VBL, EQ, 21-Feb-2024,1437.5,1451.9,1473.55,1442.75, 1464.95,1464.2,1460.91,955888,13964.68,60697, 516929, 54.08
VEDL, EQ, 21-Feb-2024,270.15,273.0,276.4,268.5, 269.65,270.0,272.86,12329064,33640.91,91220, 5473197, 44.39
VENKEYS, EQ, 21-Feb-2024,1789.6,1790.0,1845.0,1764.0, 1830.00,1834.15,1819.13,67608,1229.88,8598, 29747, 44.00
VENUSPIPES, EQ, 21-Feb-2024,1693.4,1712.95,1774.9,1699.05, 1730.00,1738.6,1748.74,250092,4373.47,22755, 116386, 46.54
VENUSREM, EQ, 21-Feb-2024,357.55,357.0,383.0,357.0, 371.50,373.95,372.72,180622,673.21,10352, 75257, 41.67
VERANDA, EQ, 21-Feb-2024,232.5,234.9,242.35,229.5, 232.00,232.2,236.7,256162,606.35,8723, 138375, 54.02
VESUVIUS, EQ, 21-Feb-2024,3456.3,3499.9,3509.0,3425.1, 3436.25,3440.0,3461.21,6000,207.67,1687, 3794, 63.23
VETO, EQ, 21-Feb-2024,146.55,150.85,154.8,148.0, 152.20,151.75,152.04,2883736,4384.45,27805, 1102656, 38.24
VGUARD, EQ, 21-Feb-2024,313.3,314.85,320.7,310.3, 314.00,312.75,316.49,951817,3012.37,35406, 394960, 41.50
VHL, EQ, 21-Feb-2024,3204.9,3206.4,3228.7,3171.15, 3195.00,3192.8,3200.83,1369,43.82,560, 1096, 80.06
VIDHIING, EQ, 21-Feb-2024,446.65,447.0,452.4,428.3, 430.00,430.4,442.79,68356,302.68,3888, 39775, 58.19
VIJAYA, EQ, 21-Feb-2024,633.35,636.5,650.0,628.95, 641.10,645.0,640.28,193813,1240.95,13928, 106843, 55.13
VIKASECO, EQ, 21-Feb-2024,4.6,4.65,4.7,4.45, 4.55,4.5,4.54,19350502,878.26,9981, 8479262, 43.82
VIMTALABS, EQ, 21-Feb-2024,483.05,483.0,488.15,478.0, 483.00,481.1,480.5,42858,205.93,2292, 34224, 79.85
VINATIORGA, EQ, 21-Feb-2024,1712.4,1723.55,1728.0,1703.25, 1715.00,1712.4,1715.28,35329,605.99,6304, 23135, 65.48
VINDHYATEL, EQ, 21-Feb-2024,2560.2,2606.9,2644.0,2547.25, 2609.00,2597.85,2592.9,18770,486.69,3515, 9737, 51.88
VINYLINDIA, EQ, 21-Feb-2024,398.3,399.95,402.75,392.5, 395.70,394.8,397.1,29460,116.99,2575, 13923, 47.26
VIPCLOTHNG, EQ, 21-Feb-2024,43.7,43.6,44.3,42.85, 43.05,43.15,43.48,118449,51.5,910, 76858, 64.89
VIPIND, EQ, 21-Feb-2024,547.3,547.35,553.8,541.6, 545.00,543.2,547.48,341015,1866.99,16125, 184087, 53.98
VIPULLTD, EQ, 21-Feb-2024,20.4,21.4,21.4,21.4, 21.40,21.4,21.4,121858,26.08,84, 121858, 100.00
VIRINCHI, EQ, 21-Feb-2024,40.1,40.5,44.0,39.6, 43.30,43.5,42.57,4163081,1772.1,13239, 2164277, 51.99
VISAKAIND, EQ, 21-Feb-2024,137.55,137.55,140.7,132.5, 133.40,133.3,135.07,552294,745.98,5105, 379314, 68.68
VISHNU, EQ, 21-Feb-2024,307.8,310.7,310.7,305.0, 306.05,306.55,308.35,80943,249.58,4477, 37775, 46.67
VISHWARAJ, EQ, 21-Feb-2024,18.9,19.0,19.65,18.5, 19.20,19.15,19.17,4726402,906.27,6860, 1806866, 38.23
VLSFINANCE, EQ, 21-Feb-2024,301.75,303.85,306.15,295.3, 299.50,297.75,301.05,138535,417.06,8376, 51082, 36.87
VMART, EQ, 21-Feb-2024,2010.3,2001.5,2034.35,1990.95, 1996.00,1998.55,2001.83,24751,495.47,2159, 19144, 77.35
VOLTAMP, EQ, 21-Feb-2024,7282.4,7385.0,7584.95,7198.7, 7238.00,7278.55,7405.54,33362,2470.64,8015, 18447, 55.29
VOLTAS, EQ, 21-Feb-2024,1105.75,1110.0,1117.0,1092.5, 1105.60,1107.1,1104.91,1409303,15571.51,41967, 781809, 55.47
VPRPL, EQ, 21-Feb-2024,186.05,186.45,187.05,181.1, 182.55,182.05,183.39,571892,1048.78,14429, 341061, 59.64
VRLLOG, EQ, 21-Feb-2024,597.4,598.05,607.3,581.1, 587.40,587.4,596.86,134595,803.34,6549, 97677, 72.57
VSSL, EQ, 21-Feb-2024,213.0,213.0,213.6,210.0, 212.75,212.4,211.94,20205,42.82,1097, 12873, 63.71
VSTIND, EQ, 21-Feb-2024,3707.05,3715.0,3723.75,3607.05, 3620.00,3623.45,3651.74,5635,205.78,1386, 2938, 52.14
VSTTILLERS, EQ, 21-Feb-2024,3276.25,3276.05,3310.8,3237.0, 3270.00,3265.7,3280.82,7744,254.07,1872, 4716, 60.90
VTL, EQ, 21-Feb-2024,442.85,446.0,451.9,434.05, 435.90,438.35,443.19,263311,1166.97,15753, 117068, 44.46
WABAG, EQ, 21-Feb-2024,731.6,733.95,735.05,712.0, 713.55,715.35,723.11,205437,1485.54,15030, 105192, 51.20
WEALTH, EQ, 21-Feb-2024,476.75,488.9,489.95,470.0, 488.90,487.6,484.22,4623,22.39,829, 2619, 56.65
WEBELSOLAR, EQ, 21-Feb-2024,437.8,439.9,440.8,420.0, 421.25,422.75,426.23,315524,1344.84,8639, 184536, 58.49
WEIZMANIND, EQ, 21-Feb-2024,113.95,119.8,120.05,115.0, 115.00,115.2,117.17,29045,34.03,529, 18874, 64.98
WEL, EQ, 21-Feb-2024,347.0,351.0,358.95,337.1, 337.10,341.25,343.65,1265,4.35,267, 774, 61.19
WELCORP, EQ, 21-Feb-2024,542.2,542.2,548.85,527.8, 529.30,529.45,535.11,617550,3304.54,25453, 422729, 68.45
WELENT, EQ, 21-Feb-2024,346.9,345.1,348.15,313.55, 319.40,315.55,324.74,1376376,4469.62,52861, 763962, 55.51
WELINV, EQ, 21-Feb-2024,747.4,779.0,794.8,747.4, 773.90,771.25,776.72,1297,10.07,149, 584, 45.03
WELSPUNLIV, EQ, 21-Feb-2024,157.1,157.15,159.65,153.2, 154.75,154.0,156.28,2029818,3172.27,31074, 868918, 42.81
WENDT, EQ, 21-Feb-2024,12803.4,12994.95,12994.95,12708.0, 12810.55,12789.5,12788.47,187,23.91,102, 101, 54.01
WESTLIFE, EQ, 21-Feb-2024,803.95,803.95,825.0,803.95, 821.00,822.75,820.04,39080,320.47,7001, 15629, 39.99
WEWIN, EQ, 21-Feb-2024,74.15,81.55,81.55,81.55, 81.55,81.55,81.55,73053,59.57,142, 66801, 91.44
WHEELS, EQ, 21-Feb-2024,622.7,622.7,625.0,592.35, 600.00,603.25,609.38,56308,343.13,3658, 30233, 53.69
WHIRLPOOL, EQ, 21-Feb-2024,1286.7,1289.8,1294.8,1253.1, 1255.00,1258.8,1279.06,684538,8755.68,36432, 338441, 49.44
WINDLAS, EQ, 21-Feb-2024,510.7,519.95,521.4,505.05, 517.50,518.8,516.28,92932,479.79,6609, 44398, 47.77
WINDMACHIN, EQ, 21-Feb-2024,83.4,83.8,94.95,83.4, 89.15,88.6,90.73,1041907,945.35,8891, 501227, 48.11
WIPRO, EQ, 21-Feb-2024,531.95,535.9,536.3,519.5, 521.00,521.4,526.81,6557787,34547.24,137819, 2523275, 38.48
WOCKPHARMA, EQ, 21-Feb-2024,578.65,580.0,582.2,557.0, 560.55,562.9,569.6,1486456,8466.87,21598, 728900, 49.04
WONDERLA, EQ, 21-Feb-2024,991.95,995.0,1013.8,931.05, 944.70,941.85,959.22,245267,2352.64,14702, 162348, 66.19
WORTH, EQ, 21-Feb-2024,114.3,114.15,115.8,110.55, 112.40,111.85,112.64,20856,23.49,442, 13854, 66.43
WSI, EQ, 21-Feb-2024,161.7,164.5,167.0,156.9, 159.00,158.55,162.0,139527,226.03,6489, 78124, 55.99
WSTCSTPAPR, EQ, 21-Feb-2024,667.45,670.0,672.0,644.4, 650.00,647.5,656.53,142791,937.46,8614, 73488, 51.47
XCHANGING, EQ, 21-Feb-2024,170.3,171.85,174.0,166.4, 169.45,169.8,169.26,1760632,2980.13,22930, 936370, 53.18
XPROINDIA, EQ, 21-Feb-2024,1175.25,1181.15,1190.0,1135.05, 1174.00,1177.7,1162.68,36867,428.65,4332, 19121, 51.86
YASHO, EQ, 21-Feb-2024,1700.2,1735.0,1754.0,1708.0, 1734.00,1734.4,1734.08,15832,274.54,2869, 8884, 56.11
YATHARTH, EQ, 21-Feb-2024,475.8,475.55,484.2,460.2, 466.00,464.6,473.72,288021,1364.42,14383, 166279, 57.73
YATRA, EQ, 21-Feb-2024,170.8,171.4,174.6,170.6, 172.50,172.85,172.73,223013,385.2,8464, 120538, 54.05
YESBANK, EQ, 21-Feb-2024,26.6,26.85,27.1,25.4, 25.55,25.55,26.02,435692162,113364.53,316167, 145303022, 33.35
YUKEN, EQ, 21-Feb-2024,741.2,748.3,759.4,714.4, 720.00,719.05,730.94,14295,104.49,1600, 6995, 48.93
ZAGGLE, EQ, 21-Feb-2024,290.35,290.35,293.4,281.0, 283.00,282.7,287.48,3821230,10985.28,61149, 894133, 23.40
ZEEL, EQ, 21-Feb-2024,192.65,173.4,176.25,163.75, 165.65,164.6,170.01,106831188,181622.73,394123, 38910477, 36.42
ZEEMEDIA, EQ, 21-Feb-2024,16.2,15.8,15.8,14.55, 14.85,14.7,15.07,36688272,5527.84,19569, 12158170, 33.14
ZENITHEXPO, EQ, 21-Feb-2024,186.3,196.45,196.45,172.65, 176.10,177.4,184.08,8941,16.46,681, 3335, 37.30
ZENITHSTL, EQ, 21-Feb-2024,9.15,9.6,9.6,9.6, 9.60,9.6,9.6,462871,44.44,323, 447858, 96.76
ZENSARTECH, EQ, 21-Feb-2024,527.85,531.85,534.95,522.8, 530.00,528.2,529.81,539306,2857.3,15755, 305847, 56.71
ZENTEC, EQ, 21-Feb-2024,814.6,829.95,829.95,800.0, 808.90,806.45,811.09,482342,3912.22,16635, 219961, 45.60
ZFCVINDIA, EQ, 21-Feb-2024,14996.8,14996.8,15110.75,14263.95, 14319.95,14431.6,14593.53,8506,1241.33,3267, 6218, 73.10
ZIMLAB, EQ, 21-Feb-2024,115.75,115.25,116.85,112.5, 112.90,113.1,114.34,136797,156.41,2523, 84621, 61.86
ZODIACLOTH, EQ, 21-Feb-2024,128.0,127.0,129.0,126.0, 127.45,127.75,127.2,25276,32.15,514, 16844, 66.64
ZOMATO, EQ, 21-Feb-2024,161.05,162.3,167.8,157.6, 158.70,158.65,162.6,91140945,148191.15,342176, 33264299, 36.50
ZOTA, EQ, 21-Feb-2024,496.9,506.5,515.0,492.0, 492.00,498.5,501.67,34382,172.48,2099, 16448, 47.84
ZUARI, EQ, 21-Feb-2024,225.95,225.95,238.0,225.05, 229.20,229.2,231.26,817690,1890.98,28560, 267255, 32.68
ZUARIIND, EQ, 21-Feb-2024,280.2,281.4,326.95,281.4, 325.85,322.4,310.95,2165213,6732.68,74489, 684717, 31.62
ZYDUSLIFE, EQ, 21-Feb-2024,895.75,896.95,902.65,889.0, 896.25,893.8,895.59,795916,7128.18,33531, 439666, 55.24
ZYDUSWELL, EQ, 21-Feb-2024,1595.3,1600.0,1611.9,1584.95, 1595.00,1595.45,1592.69,15825,252.04,2651, 8397, 53.06
