SYMBOL,SERIES,DATE1,PREV_CLOSE,OPEN_PRICE,HIGH_PRICE,LOW_PRICE,LAST_PRICE,CLOSE_PRICE,AVG_PRICE,TTL_TRD_QNTY,TURNOVER_LACS,NO_OF_TRADES,DELIV_QTY,DELIV_PER
360ONE, EQ, 10-Dec-2024,1138.6,1140.0,1210.0,1140.0,1195.1,1198.4,1188.03,1925322,22873.35,89376, 977052, 50.75
3IINFOLTD, EQ, 10-Dec-2024,30.73,30.5,30.78,29.86,30.09,29.99,30.17,645092,194.65,3626, 343835, 53.30
3MINDIA, EQ, 10-Dec-2024,31126.1,31100.0,31575.05,30871.0,31160.6,31275.8,31217.92,6932,2164.03,3173, 1236, 17.83
3PLAND, EQ, 10-Dec-2024,60.54,60.74,61.73,57.61,58.5,58.65,59.82,127068,76.01,2331, 50428, 39.69
5PAISA, EQ, 10-Dec-2024,507.4,511.15,514.0,502.3,510.0,508.95,508.07,30566,155.3,2145, 12393, 40.55
63MOONS, EQ, 10-Dec-2024,832.35,857.0,873.95,845.0,873.95,873.95,869.24,1241330,10790.09,16212, 416700, 33.57
A2ZINFRA, EQ, 10-Dec-2024,19.54,19.54,21.49,19.12,21.49,21.49,20.98,1807826,379.36,2545, 1029004, 56.92
AAATECH, EQ, 10-Dec-2024,115.54,117.0,117.05,114.51,114.51,115.71,116.19,16199,18.82,496, 10442, 64.46
AADHARHFC, EQ, 10-Dec-2024,426.5,428.0,434.45,420.2,422.45,422.2,425.82,442610,1884.71,11601, 237955, 53.76
AAKASH, EQ, 10-Dec-2024,10.89,10.8,11.49,10.8,11.07,11.09,11.19,371747,41.61,1080, 222156, 59.76
AARON, EQ, 10-Dec-2024,343.65,349.85,375.0,343.7,364.6,367.25,362.5,89403,324.09,2747, 45135, 50.48
AARTECH, EQ, 10-Dec-2024,81.05,82.4,83.0,78.02,79.85,79.12,80.01,163927,131.16,2020, 112556, 68.66
AARTIDRUGS, EQ, 10-Dec-2024,455.75,454.8,456.2,443.25,446.4,444.75,446.46,296198,1322.41,12652, 188958, 63.79
AARTIIND, EQ, 10-Dec-2024,448.4,450.0,456.5,446.55,448.5,447.6,451.1,1746995,7880.67,26003, 883700, 50.58
AARTIPHARM, EQ, 10-Dec-2024,622.05,623.0,626.85,602.4,603.6,605.75,610.27,229513,1400.64,14566, 128615, 56.04
AARVI, EQ, 10-Dec-2024,143.03,144.12,144.12,141.1,143.89,141.99,142.45,6242,8.89,168, 4657, 74.61
AAVAS, EQ, 10-Dec-2024,1660.2,1665.0,1690.0,1648.85,1684.8,1683.55,1666.09,166880,2780.38,11384, 99947, 59.89
ABAN, EQ, 10-Dec-2024,71.16,71.9,71.9,68.91,71.0,69.79,69.95,85652,59.91,2166, 50404, 58.85
ABB, EQ, 10-Dec-2024,7569.75,7636.0,7710.0,7570.2,7691.75,7693.25,7663.1,265407,20338.4,40400, 125000, 47.10
ABBOTINDIA, EQ, 10-Dec-2024,29111.3,29111.3,29251.0,28944.05,29000.0,28994.25,29102.45,4616,1343.37,2287, 2158, 46.75
ABCAPITAL, EQ, 10-Dec-2024,196.83,196.81,202.5,196.81,200.41,200.13,200.06,6776738,13557.52,44138, 3616069, 53.36
ABDL, EQ, 10-Dec-2024,378.4,384.3,385.0,374.25,376.1,376.6,379.3,927223,3516.96,14181, 518243, 55.89
ABFRL, EQ, 10-Dec-2024,308.3,309.6,313.7,306.4,312.3,310.1,310.18,2459206,7627.95,22992, 693387, 28.20
ABGSEC, EQ, 10-Dec-2024,104.01,104.01,104.63,104.01,104.56,104.56,104.54,224,0.23,19, 207, 92.41
ABREL, EQ, 10-Dec-2024,2826.35,2842.0,2853.95,2790.05,2801.0,2801.65,2814.53,118852,3345.13,14551, 69269, 58.28
ABSLAMC, EQ, 10-Dec-2024,845.6,845.95,855.0,838.8,840.0,844.55,846.18,688473,5825.75,38623, 477760, 69.39
ABSLBANETF, EQ, 10-Dec-2024,54.22,54.49,54.49,54.0,54.3,54.25,54.25,172041,93.32,212, 170949, 99.37
ABSLLIQUID, EQ, 10-Dec-2024,1000.0,1000.0,1000.01,1000.0,1000.0,1000.0,1000.0,3940,39.4,17, 3707, 94.09
ABSLNN50ET, EQ, 10-Dec-2024,75.52,75.98,75.98,75.1,75.6,75.69,75.69,65796,49.8,536, 43795, 66.56
ABSLPSE, EQ, 10-Dec-2024,10.43,10.42,10.5,10.4,10.42,10.44,10.44,101586,10.61,848, 71149, 70.04
ACC, EQ, 10-Dec-2024,2260.5,2264.95,2271.95,2238.05,2249.95,2249.45,2252.68,215556,4855.79,21109, 106193, 49.26
ACCELYA, EQ, 10-Dec-2024,1563.75,1576.05,1578.8,1549.8,1563.1,1565.45,1563.52,8545,133.6,1490, 4936, 57.76
ACCURACY, EQ, 10-Dec-2024,12.01,12.3,12.5,11.0,11.13,11.03,11.42,934377,106.72,2851, 585951, 62.71
ACE, EQ, 10-Dec-2024,1423.7,1424.2,1449.5,1409.05,1426.0,1428.8,1424.67,290503,4138.72,23437, 148389, 51.08
ACEINTEG, EQ, 10-Dec-2024,33.16,33.82,33.82,31.0,32.1,32.28,32.15,23208,7.46,471, 11557, 49.80
ACI, EQ, 10-Dec-2024,699.45,700.0,715.35,691.05,709.0,711.6,706.49,433146,3060.15,21216, 231340, 53.41
ACL, EQ, 10-Dec-2024,85.25,87.0,87.0,84.5,84.63,84.57,84.92,12810,10.88,449, 8381, 65.43
ACLGATI, EQ, 10-Dec-2024,98.08,98.0,98.87,97.73,98.19,98.06,98.14,203723,199.94,2234, 125632, 61.67
ACMESOLAR, EQ, 10-Dec-2024,277.9,280.05,281.9,268.5,269.4,271.1,273.19,1320466,3607.4,26951, 579591, 43.89
ADANIENSOL, EQ, 10-Dec-2024,803.45,805.45,806.0,775.8,786.2,784.55,789.82,1881212,14858.26,51687, 785584, 41.76
ADANIENT, EQ, 10-Dec-2024,2495.85,2501.0,2501.0,2455.0,2467.5,2467.2,2473.87,1119844,27703.53,56796, 299580, 26.75
ADANIGREEN, EQ, 10-Dec-2024,1216.95,1224.95,1224.95,1165.35,1175.0,1176.65,1187.13,3096278,36756.87,113907, 1088668, 35.16
ADANIPORTS, EQ, 10-Dec-2024,1266.85,1272.9,1272.9,1244.4,1252.0,1248.75,1252.71,2406907,30151.61,79731, 1127930, 46.86
ADANIPOWER, EQ, 10-Dec-2024,535.9,537.0,537.75,523.4,524.8,526.8,530.53,3429797,18196.03,66538, 1237947, 36.09
ADFFOODS, EQ, 10-Dec-2024,335.1,336.1,337.75,316.2,327.4,325.3,329.4,218085,718.36,5456, 83215, 38.16
ADORWELD, EQ, 10-Dec-2024,1177.05,1175.45,1177.0,1136.5,1163.0,1156.85,1152.87,44883,517.44,4669, 26252, 58.49
ADSL, EQ, 10-Dec-2024,266.6,266.0,268.85,260.6,262.7,262.4,263.46,232972,613.8,4247, 137352, 58.96
ADVANIHOTR, EQ, 10-Dec-2024,71.35,71.97,71.97,70.35,71.5,71.21,71.1,60851,43.27,1461, 33145, 54.47
ADVENZYMES, EQ, 10-Dec-2024,389.05,392.05,402.25,381.75,401.5,397.3,394.02,429101,1690.73,18747, 198324, 46.22
AEGISLOG, EQ, 10-Dec-2024,777.0,781.4,791.25,778.9,788.0,785.35,784.86,429490,3370.91,30438, 246088, 57.30
AEROFLEX, EQ, 10-Dec-2024,215.59,216.3,222.26,212.2,212.99,212.76,216.43,1022872,2213.83,15584, 388696, 38.00
AETHER, EQ, 10-Dec-2024,904.1,904.1,921.8,880.0,887.0,884.5,903.04,95264,860.28,6760, 46310, 48.61
AFCONS, EQ, 10-Dec-2024,524.7,526.0,537.85,525.0,534.0,533.85,531.23,1484969,7888.57,26091, 567722, 38.23
AFFLE, EQ, 10-Dec-2024,1798.45,1800.3,1804.35,1762.05,1770.0,1774.25,1774.7,283918,5038.7,18636, 149000, 52.48
AFFORDABLE, EQ, 10-Dec-2024,638.7,635.0,648.0,626.1,640.0,639.7,633.31,32801,207.73,1376, 26651, 81.25
AFIL, EQ, 10-Dec-2024,94.12,94.9,96.0,89.79,90.73,91.44,91.42,203189,185.76,3672, 90921, 44.75
AGARIND, EQ, 10-Dec-2024,1242.0,1246.85,1265.0,1226.05,1261.0,1251.95,1246.08,37953,472.92,3054, 21894, 57.69
AGI, EQ, 10-Dec-2024,1201.25,1205.5,1260.0,1196.5,1250.55,1250.65,1237.99,368978,4567.92,13565, 207466, 56.23
AGIIL, EQ, 10-Dec-2024,1791.8,1806.0,1820.0,1760.0,1803.0,1797.0,1796.28,21873,392.9,1563, 11933, 54.56
AGRITECH, EQ, 10-Dec-2024,205.81,204.01,207.79,204.0,204.61,204.61,206.04,1934,3.98,185, 1289, 66.65
AGROPHOS, EQ, 10-Dec-2024,42.98,42.93,44.11,42.93,43.5,43.3,43.58,42775,18.64,437, 29571, 69.13
AGSTRA, EQ, 10-Dec-2024,82.27,82.5,85.0,81.5,83.4,83.49,83.68,929942,778.18,6399, 323936, 34.83
AHL, EQ, 10-Dec-2024,358.2,359.35,364.45,347.75,356.9,356.3,354.64,106314,377.03,2097, 48493, 45.61
AHLADA, EQ, 10-Dec-2024,97.79,98.89,99.4,97.9,99.0,98.71,98.73,31323,30.93,1175, 12347, 39.42
AHLEAST, EQ, 10-Dec-2024,185.28,185.35,189.25,177.5,183.15,179.17,183.44,44608,81.83,1400, 25963, 58.20
AHLUCONT, EQ, 10-Dec-2024,1066.7,1066.0,1174.8,1063.8,1126.85,1128.05,1142.64,279518,3193.88,34586, 69931, 25.02
AIAENG, EQ, 10-Dec-2024,3452.2,3475.0,3576.95,3451.0,3498.95,3478.5,3500.31,113063,3957.56,17481, 55467, 49.06
AIIL, EQ, 10-Dec-2024,1707.25,1724.3,1809.0,1720.05,1775.0,1796.45,1784.27,186149,3321.4,10592, 87760, 47.15
AIRAN, EQ, 10-Dec-2024,37.75,38.5,38.99,36.01,36.94,37.03,36.89,355087,131.0,3944, 177479, 49.98
AIROLAM, EQ, 10-Dec-2024,127.44,125.08,128.73,120.27,121.0,121.94,123.08,6891,8.48,333, 4110, 59.64
AJANTPHARM, EQ, 10-Dec-2024,2844.85,2846.95,2863.4,2790.0,2805.0,2824.3,2825.03,165898,4686.68,27568, 112220, 67.64
AJMERA, EQ, 10-Dec-2024,1116.15,1119.45,1178.9,1119.45,1172.0,1170.85,1158.28,190887,2211.01,11141, 68161, 35.71
AJOONI, EQ, 10-Dec-2024,7.96,8.1,8.15,7.8,7.9,7.88,7.96,502897,40.05,1157, 396766, 78.90
AKASH, EQ, 10-Dec-2024,37.26,37.5,37.56,36.01,36.15,36.23,36.89,37067,13.67,973, 14710, 39.68
AKG, EQ, 10-Dec-2024,19.95,20.25,20.25,19.51,19.58,19.6,19.79,52537,10.4,452, 37078, 70.58
AKI, EQ, 10-Dec-2024,15.84,16.1,16.1,15.51,15.65,15.6,15.7,326965,51.32,927, 257353, 78.71
AKSHARCHEM, EQ, 10-Dec-2024,311.85,311.7,313.9,300.0,310.0,308.5,307.53,8874,27.29,469, 5300, 59.73
AKSHOPTFBR, EQ, 10-Dec-2024,12.12,11.96,12.23,11.52,11.73,11.75,11.89,1569268,186.65,3149, 935957, 59.64
AKUMS, EQ, 10-Dec-2024,624.25,629.95,629.95,607.95,611.0,612.15,614.84,168823,1038.0,6363, 101321, 60.02
AKZOINDIA, EQ, 10-Dec-2024,3586.5,3626.55,3660.0,3539.1,3575.8,3580.7,3586.52,13869,497.41,5146, 7246, 52.25
ALANKIT, EQ, 10-Dec-2024,24.0,24.01,24.18,23.45,23.77,23.69,23.67,1239031,293.3,4836, 605117, 48.84
ALBERTDAVD, EQ, 10-Dec-2024,1427.7,1430.35,1515.0,1392.0,1509.95,1507.0,1470.94,94169,1385.17,4280, 40115, 42.60
ALEMBICLTD, EQ, 10-Dec-2024,138.28,138.49,139.4,137.0,138.2,138.0,138.14,331369,457.75,5817, 157337, 47.48
ALICON, EQ, 10-Dec-2024,1219.15,1219.15,1235.45,1200.7,1229.0,1225.85,1220.43,27506,335.69,3789, 16226, 58.99
ALKALI, EQ, 10-Dec-2024,116.22,114.9,118.0,114.9,116.0,116.0,116.8,26204,30.61,732, 19505, 74.44
ALKEM, EQ, 10-Dec-2024,5484.6,5495.1,5508.75,5433.0,5461.3,5459.45,5462.58,136168,7438.29,25147, 94410, 69.33
ALKYLAMINE, EQ, 10-Dec-2024,2022.2,2019.8,2040.95,1995.05,2012.85,2001.35,2013.28,42266,850.93,7465, 24401, 57.73
ALLCARGO, EQ, 10-Dec-2024,55.4,55.4,55.95,53.84,54.08,54.01,54.41,3387918,1843.32,23466, 2118511, 62.53
ALLDIGI, EQ, 10-Dec-2024,970.1,977.75,1018.0,970.2,992.0,990.45,992.38,19874,197.22,2828, 10465, 52.66
ALOKINDS, EQ, 10-Dec-2024,23.95,24.0,24.2,23.5,23.57,23.64,23.78,8799144,2092.04,22941, 2843092, 32.31
ALPHA, EQ, 10-Dec-2024,56.98,57.2,57.2,56.5,56.84,56.79,56.67,879377,498.32,5268, 680651, 77.40
ALPHAETF, EQ, 10-Dec-2024,27.06,27.19,27.19,26.92,27.11,27.14,27.03,896944,242.49,2035, 603999, 67.34
ALPHAGEO, EQ, 10-Dec-2024,376.0,372.0,379.35,370.1,375.5,375.05,373.68,7786,29.09,550, 5232, 67.20
ALPL30IETF, EQ, 10-Dec-2024,29.11,29.4,29.4,28.98,29.14,29.06,29.02,2506051,727.29,2292, 2208989, 88.15
AMBER, EQ, 10-Dec-2024,5793.45,5804.3,5824.25,5702.1,5712.0,5723.9,5741.99,316932,18198.21,38200, 143277, 45.21
AMBICAAGAR, EQ, 10-Dec-2024,31.7,31.63,32.78,31.02,31.02,31.45,31.92,26227,8.37,379, 9508, 36.25
AMBIKCO, EQ, 10-Dec-2024,1683.3,1695.95,1740.0,1690.0,1706.75,1715.4,1718.63,29314,503.8,4065, 10471, 35.72
AMBUJACEM, EQ, 10-Dec-2024,571.3,571.75,574.55,566.1,573.85,573.5,571.36,1086918,6210.21,28763, 566420, 52.11
AMDIND, EQ, 10-Dec-2024,66.24,67.5,67.5,64.5,64.5,64.87,65.94,23484,15.49,928, 11695, 49.80
AMIORG, EQ, 10-Dec-2024,2268.4,2270.0,2279.0,2186.6,2201.35,2202.55,2222.58,113812,2529.57,12992, 60498, 53.16
AMJLAND, EQ, 10-Dec-2024,66.26,67.0,67.4,63.1,66.0,65.23,64.98,140469,91.28,1741, 81594, 58.09
AMNPLST, EQ, 10-Dec-2024,290.0,291.45,291.45,271.6,277.0,275.35,279.86,10632,29.75,565, 7015, 65.98
AMRUTANJAN, EQ, 10-Dec-2024,742.65,744.45,756.0,741.95,754.0,752.95,750.1,32416,243.15,2231, 18692, 57.66
ANANDRATHI, EQ, 10-Dec-2024,4522.1,4544.0,4552.05,4425.0,4447.0,4444.95,4476.21,65119,2914.87,11720, 26659, 40.94
ANANTRAJ, EQ, 10-Dec-2024,740.15,747.0,758.4,733.4,736.25,737.95,742.83,899909,6684.8,35061, 386315, 42.93
ANDHRAPAP, EQ, 10-Dec-2024,102.49,101.84,102.8,100.1,101.58,101.01,101.66,127490,129.61,2689, 61850, 48.51
ANDHRSUGAR, EQ, 10-Dec-2024,100.3,99.13,102.79,98.34,102.7,102.28,100.83,272022,274.27,3699, 122735, 45.12
ANGELONE, EQ, 10-Dec-2024,3425.35,3441.55,3479.05,3366.0,3401.0,3392.2,3419.05,1911715,65362.48,126206, 448129, 23.44
ANMOL, EQ, 10-Dec-2024,29.65,29.79,29.89,29.4,29.48,29.46,29.54,73132,21.6,812, 41620, 56.91
ANUP, EQ, 10-Dec-2024,3686.9,3714.0,3718.25,3555.0,3580.0,3576.05,3597.99,54966,1977.67,10208, 19430, 35.35
ANURAS, EQ, 10-Dec-2024,734.4,742.0,778.9,738.7,770.0,770.4,767.2,618158,4742.48,31641, 221426, 35.82
APARINDS, EQ, 10-Dec-2024,10208.95,10250.7,10368.55,9768.0,10010.0,9930.5,10074.7,130698,13167.44,27026, 62744, 48.01
APCL, EQ, 10-Dec-2024,179.52,179.89,181.9,174.0,177.0,174.93,177.41,5863,10.4,262, 3248, 55.40
APCOTEXIND, EQ, 10-Dec-2024,397.15,400.3,400.45,386.0,388.0,387.7,390.07,30946,120.71,1589, 21704, 70.14
APEX, EQ, 10-Dec-2024,256.42,257.9,269.28,255.87,268.01,267.87,264.85,252366,668.4,6034, 118740, 47.05
APLAPOLLO, EQ, 10-Dec-2024,1616.6,1623.0,1645.8,1611.05,1624.0,1623.4,1627.62,973125,15838.73,53385, 535755, 55.06
APLLTD, EQ, 10-Dec-2024,1102.55,1105.05,1118.9,1093.45,1109.0,1104.6,1105.84,58448,646.34,8123, 24548, 42.00
APOLLO, EQ, 10-Dec-2024,100.64,100.99,101.19,97.45,98.69,98.45,98.97,1782388,1763.97,11609, 974680, 54.68
APOLLOHOSP, EQ, 10-Dec-2024,7193.85,7228.8,7308.45,7215.2,7263.0,7258.3,7260.29,333300,24198.56,43981, 187382, 56.22
APOLLOPIPE, EQ, 10-Dec-2024,482.9,484.0,486.3,476.0,479.9,479.65,481.8,47337,228.07,2254, 28565, 60.34
APOLLOTYRE, EQ, 10-Dec-2024,549.1,546.25,547.0,538.1,540.5,541.2,540.98,1667380,9020.2,31696, 949382, 56.94
APOLSINHOT, EQ, 10-Dec-2024,1862.6,1860.0,1913.05,1852.75,1900.0,1889.45,1886.97,2578,48.65,655, 1544, 59.89
APTECHT, EQ, 10-Dec-2024,182.19,182.29,184.03,177.0,177.65,177.39,179.05,146998,263.2,3312, 65897, 44.83
APTUS, EQ, 10-Dec-2024,320.85,317.35,318.8,312.25,315.0,314.75,314.5,633342,1991.87,20799, 359246, 56.72
ARCHIDPLY, EQ, 10-Dec-2024,115.52,115.51,117.39,108.96,110.41,110.43,112.1,60474,67.79,1112, 45395, 75.07
ARE&M, EQ, 10-Dec-2024,1322.6,1330.0,1332.0,1306.0,1311.0,1309.75,1315.1,322970,4247.38,26534, 187197, 57.96
ARENTERP, EQ, 10-Dec-2024,85.21,88.0,88.34,76.68,76.68,76.68,81.23,250000,203.08,3090, 104814, 41.93
ARIES, EQ, 10-Dec-2024,357.0,357.9,374.7,350.95,364.9,361.9,362.63,331570,1202.38,9342, 83329, 25.13
ARIHANTCAP, EQ, 10-Dec-2024,113.2,113.9,114.42,110.55,111.5,111.28,111.81,528989,591.45,6160, 221323, 41.84
ARIHANTSUP, EQ, 10-Dec-2024,436.0,440.0,440.0,429.15,435.55,435.8,434.98,193307,840.84,3048, 98634, 51.02
ARKADE, EQ, 10-Dec-2024,168.97,169.39,169.39,164.52,165.0,165.55,166.31,1336816,2223.24,15036, 495032, 37.03
ARMANFIN, EQ, 10-Dec-2024,1364.6,1365.65,1408.1,1341.25,1395.0,1394.05,1377.72,72547,999.5,8282, 48566, 66.94
AROGRANITE, EQ, 10-Dec-2024,50.88,51.0,51.79,50.08,51.5,50.88,51.08,9145,4.67,418, 6626, 72.45
ARROWGREEN, EQ, 10-Dec-2024,836.8,841.7,850.0,831.0,840.05,841.9,841.79,28206,237.43,2936, 15897, 56.36
ARTEMISMED, EQ, 10-Dec-2024,333.2,336.0,341.5,332.95,340.95,340.5,338.39,203629,689.07,4085, 97401, 47.83
ARTNIRMAN, EQ, 10-Dec-2024,69.6,70.7,71.0,67.05,69.5,68.03,68.87,47023,32.38,938, 30654, 65.19
ARVEE, EQ, 10-Dec-2024,170.08,170.11,187.08,170.11,187.08,187.08,183.58,11311,20.76,273, 5943, 52.54
ARVIND, EQ, 10-Dec-2024,397.6,399.0,426.95,396.0,418.45,417.8,416.12,2151522,8952.97,49791, 1141321, 53.05
ARVINDFASN, EQ, 10-Dec-2024,529.0,525.15,536.2,521.75,531.5,532.15,528.61,605278,3199.57,39007, 352598, 58.25
ARVSMART, EQ, 10-Dec-2024,961.65,973.3,973.3,950.0,957.5,959.65,957.57,29355,281.09,2450, 17250, 58.76
ASAHIINDIA, EQ, 10-Dec-2024,751.1,751.1,797.9,749.1,794.9,791.2,777.84,442104,3438.84,22629, 201487, 45.57
ASAHISONG, EQ, 10-Dec-2024,420.9,419.15,434.85,414.05,429.0,426.65,427.76,3599,15.4,290, 2776, 77.13
ASAL, EQ, 10-Dec-2024,735.95,738.95,738.95,719.95,727.9,724.4,728.77,17130,124.84,1441, 9934, 57.99
ASALCBR, EQ, 10-Dec-2024,1076.55,1095.0,1095.0,1057.35,1063.0,1063.8,1071.75,37052,397.11,2449, 20127, 54.32
ASHAPURMIN, EQ, 10-Dec-2024,415.7,417.0,425.5,410.0,422.85,422.35,419.76,508820,2135.83,6431, 286052, 56.22
ASHIANA, EQ, 10-Dec-2024,332.8,336.0,336.0,329.05,329.05,330.3,331.49,17669,58.57,1052, 9985, 56.51
ASHOKA, EQ, 10-Dec-2024,284.61,286.07,295.0,282.0,292.9,292.58,289.73,5224770,15137.59,63489, 1639218, 31.37
ASHOKLEY, EQ, 10-Dec-2024,228.66,229.05,230.75,227.5,229.1,228.96,229.03,5321608,12188.3,44458, 2972758, 55.86
ASIANENE, EQ, 10-Dec-2024,361.5,364.9,367.05,339.0,344.35,343.35,352.7,202814,715.33,5212, 116644, 57.51
ASIANHOTNR, EQ, 10-Dec-2024,208.93,211.9,211.9,191.11,195.7,196.39,199.26,20153,40.16,944, 12205, 60.56
ASIANPAINT, EQ, 10-Dec-2024,2391.85,2399.9,2404.65,2385.05,2392.6,2388.9,2390.84,1657888,39637.47,125397, 1192199, 71.91
ASIANTILES, EQ, 10-Dec-2024,70.28,70.28,71.0,68.75,69.7,69.57,69.52,520874,362.1,3186, 300497, 57.69
ASKAUTOLTD, EQ, 10-Dec-2024,480.7,485.6,494.8,477.75,492.8,493.3,487.82,789114,3849.47,24090, 372884, 47.25
ASMS, EQ, 10-Dec-2024,20.06,20.0,20.99,19.51,20.73,20.05,19.91,230320,45.85,1370, 100786, 43.76
ASPINWALL, EQ, 10-Dec-2024,316.25,320.0,322.6,313.05,315.5,315.55,316.23,11511,36.4,514, 7544, 65.54
ASTEC, EQ, 10-Dec-2024,1093.1,1094.95,1102.95,1079.8,1083.0,1083.2,1082.84,28708,310.86,728, 22244, 77.48
ASTERDM, EQ, 10-Dec-2024,491.1,493.05,493.6,484.55,485.45,486.05,488.47,413953,2022.04,16584, 216986, 52.42
ASTRAL, EQ, 10-Dec-2024,1850.55,1859.9,1867.0,1840.5,1850.2,1847.15,1852.08,256183,4744.72,25669, 117533, 45.88
ASTRAMICRO, EQ, 10-Dec-2024,795.75,800.75,806.9,790.0,799.75,800.6,796.03,128727,1024.7,7780, 65689, 51.03
ASTRAZEN, EQ, 10-Dec-2024,6639.3,6700.0,6745.0,6620.3,6620.3,6629.05,6652.67,4461,296.78,1690, 1609, 36.07
ASTRON, EQ, 10-Dec-2024,19.72,20.12,20.16,19.38,19.44,19.65,19.7,44764,8.82,368, 31600, 70.59
ATAM, EQ, 10-Dec-2024,145.91,148.8,148.8,142.3,143.55,143.5,144.26,25489,36.77,1092, 15666, 61.46
ATFL, EQ, 10-Dec-2024,964.4,975.6,993.0,952.0,986.0,980.2,975.88,28718,280.25,2257, 13668, 47.59
ATGL, EQ, 10-Dec-2024,729.5,730.0,734.35,714.0,716.0,715.45,720.66,1008997,7271.48,44969, 289421, 28.68
ATL, EQ, 10-Dec-2024,42.27,42.44,42.44,41.31,41.9,41.58,41.77,265461,110.89,2379, 142405, 53.64
ATUL, EQ, 10-Dec-2024,7285.1,7285.1,7533.95,7283.75,7514.05,7497.9,7463.67,88251,6586.76,14983, 44158, 50.04
ATULAUTO, EQ, 10-Dec-2024,630.5,630.5,693.55,627.45,649.95,652.8,669.25,327178,2189.65,7490, 109353, 33.42
AUBANK, EQ, 10-Dec-2024,581.2,584.05,592.9,581.45,591.85,591.3,589.67,1159650,6838.15,42247, 515735, 44.47
AURIONPRO, EQ, 10-Dec-2024,1712.15,1739.85,1739.85,1680.0,1710.0,1707.75,1717.57,29099,499.8,3281, 14340, 49.28
AUROPHARMA, EQ, 10-Dec-2024,1239.5,1241.1,1247.3,1230.6,1239.0,1237.1,1238.41,620064,7678.94,27946, 398753, 64.31
AUTOAXLES, EQ, 10-Dec-2024,1816.35,1819.95,1830.15,1802.0,1810.0,1806.5,1811.89,6678,121.0,1135, 4421, 66.20
AUTOBEES, EQ, 10-Dec-2024,243.11,244.34,244.34,241.6,243.18,243.09,242.48,138801,336.56,3504, 92707, 66.79
AUTOIETF, EQ, 10-Dec-2024,24.31,24.36,24.37,24.16,24.3,24.23,24.24,673162,163.16,2752, 409402, 60.82
AUTOIND, EQ, 10-Dec-2024,116.36,116.36,117.0,113.99,116.0,115.32,115.38,50509,58.28,1917, 25754, 50.99
AVADHSUGAR, EQ, 10-Dec-2024,604.0,607.9,611.95,600.2,607.4,606.6,605.31,71469,432.61,1842, 33528, 46.91
AVALON, EQ, 10-Dec-2024,860.0,862.55,895.0,862.55,894.85,885.35,882.62,349220,3082.29,17057, 145539, 41.68
AVANTEL, EQ, 10-Dec-2024,166.19,167.29,168.86,161.1,162.48,162.22,163.53,677099,1107.27,10638, 420661, 62.13
AVANTIFEED, EQ, 10-Dec-2024,628.9,631.4,636.45,623.2,625.5,627.85,629.42,493386,3105.49,22894, 143244, 29.03
AVG, EQ, 10-Dec-2024,411.35,415.25,429.0,414.15,419.0,417.95,421.28,93007,391.82,2929, 51776, 55.67
AVL, EQ, 10-Dec-2024,474.3,475.1,505.0,465.95,500.0,498.85,491.85,293066,1441.44,9208, 178829, 61.02
AVONMORE, EQ, 10-Dec-2024,17.53,17.8,17.88,16.82,16.94,17.05,17.23,891797,153.68,4045, 655168, 73.47
AVTNPL, EQ, 10-Dec-2024,80.12,80.3,82.59,79.5,82.1,81.59,81.15,168746,136.93,1704, 69822, 41.38
AWFIS, EQ, 10-Dec-2024,717.25,724.4,725.0,713.0,718.0,717.05,717.31,83584,599.55,4184, 45736, 54.72
AWHCL, EQ, 10-Dec-2024,681.45,681.4,685.9,668.5,672.65,672.55,673.66,83549,562.83,4764, 43071, 51.55
AWL, EQ, 10-Dec-2024,311.35,310.0,312.3,306.15,306.95,307.35,309.38,893670,2764.81,18156, 476969, 53.37
AXISBANK, EQ, 10-Dec-2024,1163.25,1157.0,1165.05,1151.25,1155.0,1153.65,1156.4,4714389,54517.19,177982, 3014667, 63.95
AXISBNKETF, EQ, 10-Dec-2024,546.17,551.86,551.98,543.9,546.45,546.23,545.85,556,3.03,59, 502, 90.29
AXISBPSETF, EQ, 10-Dec-2024,12.19,11.86,12.28,11.86,12.22,12.2,12.19,213344,26.01,479, 189987, 89.05
AXISCADES, EQ, 10-Dec-2024,576.5,579.05,582.8,559.7,565.95,563.25,567.7,218629,1241.15,6084, 100089, 45.78
AXISCETF, EQ, 10-Dec-2024,118.15,118.15,118.15,116.9,117.55,117.69,117.75,1560,1.84,71, 1509, 96.73
AXISGOLD, EQ, 10-Dec-2024,64.58,62.65,65.19,62.65,65.05,65.08,65.06,207203,134.8,1374, 171992, 83.01
AXISHCETF, EQ, 10-Dec-2024,145.45,147.27,147.28,142.84,145.87,145.27,145.67,1040,1.51,85, 908, 87.31
AXISILVER, EQ, 10-Dec-2024,91.92,93.29,93.84,92.7,93.5,93.36,93.56,50998,47.71,383, 43033, 84.38
AXISNIFTY, EQ, 10-Dec-2024,267.16,259.15,269.51,259.15,266.63,267.25,267.77,7038,18.85,178, 6176, 87.75
AXISTECETF, EQ, 10-Dec-2024,476.53,477.3,483.13,477.3,482.0,480.72,479.59,4089,19.61,124, 3820, 93.42
AXITA, EQ, 10-Dec-2024,12.11,12.15,12.2,11.9,12.0,11.98,12.03,4713271,567.1,12246, 1982308, 42.06
AXSENSEX, EQ, 10-Dec-2024,82.83,82.56,83.4,82.5,82.71,82.67,82.72,2296,1.9,54, 1924, 83.80
AZAD, EQ, 10-Dec-2024,1776.55,1785.0,1795.0,1742.0,1764.0,1757.05,1764.63,93462,1649.26,7063, 37126, 39.72
BAGFILMS, EQ, 10-Dec-2024,11.01,11.07,11.39,10.88,11.14,11.09,11.15,426158,47.53,1255, 231349, 54.29
BAIDFIN, EQ, 10-Dec-2024,16.14,16.39,16.39,15.7,15.73,15.76,15.86,352148,55.86,917, 248420, 70.54
BAJAJ-AUTO, EQ, 10-Dec-2024,9077.45,9075.1,9094.9,8980.0,9013.65,9013.3,9013.98,393944,35510.05,48723, 241039, 61.19
BAJAJCON, EQ, 10-Dec-2024,207.2,208.6,233.0,207.22,231.29,228.23,221.16,2608788,5769.57,46762, 1070163, 41.02
BAJAJELEC, EQ, 10-Dec-2024,810.2,821.0,866.5,813.75,850.25,853.8,849.01,434328,3687.49,13222, 229246, 52.78
BAJAJFINSV, EQ, 10-Dec-2024,1637.05,1644.75,1673.0,1637.1,1664.0,1663.4,1662.15,1673974,27823.92,80123, 898447, 53.67
BAJAJHCARE, EQ, 10-Dec-2024,449.3,459.7,466.0,446.0,448.0,451.7,455.35,794745,3618.83,17650, 265162, 33.36
BAJAJHFL, EQ, 10-Dec-2024,142.65,143.93,143.93,139.65,140.38,140.12,140.97,9309126,13122.94,58828, 4555745, 48.94
BAJAJHIND, EQ, 10-Dec-2024,33.96,34.05,34.84,33.76,34.67,34.62,34.35,12487283,4288.99,35755, 4532417, 36.30
BAJAJHLDNG, EQ, 10-Dec-2024,11122.0,11079.05,11268.35,10925.0,11155.0,11197.75,11129.35,74434,8284.02,19867, 21357, 28.69
BAJEL, EQ, 10-Dec-2024,259.1,260.0,261.0,250.4,254.45,253.95,254.75,201970,514.51,4091, 112211, 55.56
BAJFINANCE, EQ, 10-Dec-2024,6868.35,6884.8,6958.85,6844.05,6935.0,6936.2,6912.65,1204563,83267.2,86609, 693711, 57.59
BALAJEE, EQ, 10-Dec-2024,78.01,78.4,78.87,77.0,78.0,77.87,77.88,299586,233.31,2164, 183514, 61.26
BALAJITELE, EQ, 10-Dec-2024,75.89,75.92,76.95,73.12,75.27,75.19,74.71,672337,502.3,5209, 318364, 47.35
BALAMINES, EQ, 10-Dec-2024,2050.65,2052.0,2063.85,2020.05,2031.0,2023.55,2030.7,84880,1723.66,9570, 57254, 67.45
BALAXI, EQ, 10-Dec-2024,83.94,84.99,85.22,83.5,84.0,83.84,84.05,17967,15.1,367, 13476, 75.00
BALKRISHNA, EQ, 10-Dec-2024,26.69,27.0,27.0,26.0,26.45,26.52,26.44,70605,18.67,1060, 32264, 45.70
BALKRISIND, EQ, 10-Dec-2024,2857.8,2861.25,2869.45,2801.05,2820.4,2819.1,2825.49,164762,4655.34,13778, 98113, 59.55
BALMLAWRIE, EQ, 10-Dec-2024,235.86,236.8,243.8,235.0,242.0,241.74,239.14,510177,1220.05,11736, 227940, 44.68
BALRAMCHIN, EQ, 10-Dec-2024,575.85,577.95,587.0,575.85,584.0,585.25,583.0,461196,2688.77,16851, 170129, 36.89
BALUFORGE, EQ, 10-Dec-2024,802.6,808.8,842.3,797.05,839.95,835.95,830.85,1714511,14245.08,46132, 703604, 41.04
BANARISUG, EQ, 10-Dec-2024,3799.55,3730.0,3837.0,3705.05,3705.05,3734.25,3784.65,841,31.83,366, 391, 46.49
BANCOINDIA, EQ, 10-Dec-2024,1074.8,1087.05,1095.0,1065.0,1069.8,1070.6,1071.21,70266,752.7,3374, 39260, 55.87
BANDHANBNK, EQ, 10-Dec-2024,174.55,174.6,176.52,173.4,175.85,175.45,175.08,4855252,8500.67,39375, 1962805, 40.43
BANKA, EQ, 10-Dec-2024,106.98,108.0,110.19,105.2,106.0,106.09,107.64,15155,16.31,517, 8883, 58.61
BANKBARODA, EQ, 10-Dec-2024,262.93,263.6,264.45,261.0,263.65,262.93,262.59,10964378,28790.96,57791, 5579763, 50.89
BANKBEES, EQ, 10-Dec-2024,547.79,549.24,549.98,546.5,549.98,549.38,548.6,494600,2713.39,5601, 258943, 52.35
BANKBETF, EQ, 10-Dec-2024,53.75,53.79,54.03,53.55,54.0,53.98,53.73,8056,4.33,148, 7319, 90.85
BANKETF, EQ, 10-Dec-2024,538.65,539.4,540.92,537.54,540.92,540.53,539.56,3664,19.77,89, 3550, 96.89
BANKETFADD, EQ, 10-Dec-2024,54.27,53.53,54.41,53.46,54.2,54.21,54.03,6655,3.6,106, 6345, 95.34
BANKIETF, EQ, 10-Dec-2024,54.2,54.74,54.74,54.15,54.38,54.38,54.32,192917,104.79,926, 134942, 69.95
BANKINDIA, EQ, 10-Dec-2024,115.88,116.2,116.83,115.0,115.41,115.4,115.68,5298245,6128.79,32180, 2258065, 42.62
BANKNIFTY1, EQ, 10-Dec-2024,549.53,549.54,552.57,548.0,550.29,550.75,550.41,7828,43.09,410, 5599, 71.53
BANKPSU, EQ, 10-Dec-2024,71.17,71.18,71.65,71.09,71.47,71.5,71.4,14547,10.39,92, 9245, 63.55
BANSALWIRE, EQ, 10-Dec-2024,478.6,474.0,474.95,456.3,468.5,467.3,463.95,229076,1062.81,8916, 134850, 58.87
BANSWRAS, EQ, 10-Dec-2024,162.16,162.8,164.95,156.6,160.64,160.75,161.37,140701,227.06,4036, 76315, 54.24
BARBEQUE, EQ, 10-Dec-2024,522.2,521.0,532.0,516.3,520.95,519.85,522.83,46248,241.8,2130, 23411, 50.62
BASF, EQ, 10-Dec-2024,5625.4,5616.0,5680.0,5575.35,5665.0,5663.75,5625.36,48553,2731.28,10717, 22231, 45.79
BATAINDIA, EQ, 10-Dec-2024,1448.25,1448.25,1455.45,1428.55,1435.0,1435.25,1440.22,157465,2267.84,7519, 78076, 49.58
BAYERCROP, EQ, 10-Dec-2024,6062.8,6063.0,6320.85,6042.45,6291.0,6209.7,6150.02,24768,1523.24,4351, 14406, 58.16
BBETF0432, EQ, 10-Dec-2024,1209.31,1208.89,1210.88,1208.51,1210.86,1210.86,1209.36,2399,29.01,19, 1569, 65.40
BBL, EQ, 10-Dec-2024,4055.65,3872.35,3966.0,3665.0,3950.0,3946.85,3831.4,235723,9031.49,38792, 100331, 42.56
BBNPNBETF, EQ, 10-Dec-2024,53.26,53.26,54.6,53.14,54.6,53.85,53.38,850,0.45,40, 590, 69.41
BBNPPGOLD, EQ, 10-Dec-2024,75.4,74.0,76.1,74.0,75.55,75.55,75.75,5180,3.92,36, 1019, 19.67
BBOX, EQ, 10-Dec-2024,704.2,706.0,709.0,691.5,699.4,694.95,698.76,236987,1655.97,6275, 141124, 59.55
BBTC, EQ, 10-Dec-2024,2368.2,2374.05,2424.0,2353.15,2403.0,2403.85,2385.31,100467,2396.45,12606, 37333, 37.16
BBTCL, EQ, 10-Dec-2024,218.47,219.69,219.69,215.02,218.0,217.49,217.26,2765,6.01,257, 1798, 65.03
BCLIND, EQ, 10-Dec-2024,56.38,56.5,56.82,54.92,55.65,55.39,55.66,1115487,620.89,6966, 574380, 51.49
BCONCEPTS, EQ, 10-Dec-2024,521.8,527.0,534.8,512.1,515.2,516.15,519.06,8882,46.1,942, 5722, 64.42
BDL, EQ, 10-Dec-2024,1216.6,1216.6,1220.55,1191.05,1208.0,1207.25,1202.44,385989,4641.28,27568, 163336, 42.32
BEARDSELL, EQ, 10-Dec-2024,42.16,41.65,45.38,41.52,42.8,43.07,43.26,161854,70.02,1628, 81013, 50.05
BECTORFOOD, EQ, 10-Dec-2024,1817.85,1817.05,1824.6,1766.05,1772.0,1774.95,1780.33,78481,1397.22,17399, 52628, 67.06
BEDMUTHA, EQ, 10-Dec-2024,205.18,208.54,219.25,202.51,219.25,215.96,211.08,37375,78.89,1409, 17685, 47.32
BEL, EQ, 10-Dec-2024,314.6,317.55,318.3,314.0,314.8,314.85,315.33,15811501,49858.04,127130, 7019124, 44.39
BEML, EQ, 10-Dec-2024,4391.7,4409.95,4429.0,4322.8,4352.0,4363.0,4368.63,179453,7839.64,20983, 55715, 31.05
BEPL, EQ, 10-Dec-2024,141.66,141.88,149.9,139.9,148.5,147.71,145.64,1094763,1594.42,14388, 555508, 50.74
BERGEPAINT, EQ, 10-Dec-2024,479.1,481.0,481.1,474.5,477.2,477.4,477.8,2045768,9774.62,38412, 1196283, 58.48
BESTAGRO, EQ, 10-Dec-2024,603.7,602.1,618.8,595.0,615.0,613.55,607.19,160086,972.02,4653, 84095, 52.53
BFINVEST, EQ, 10-Dec-2024,728.7,728.0,755.0,725.65,742.8,739.8,742.86,85564,635.62,5057, 30774, 35.97
BFSI, EQ, 10-Dec-2024,25.3,25.62,25.62,25.06,25.38,25.36,25.35,207867,52.7,969, 199528, 95.99
BGRENERGY, EQ, 10-Dec-2024,52.44,53.0,57.68,49.7,57.68,57.68,54.37,3064412,1666.15,11669, 1505338, 49.12
BHAGCHEM, EQ, 10-Dec-2024,343.1,346.4,348.05,338.1,338.35,340.15,342.28,75374,257.99,1822, 42251, 56.06
BHAGYANGR, EQ, 10-Dec-2024,106.26,106.27,107.8,104.63,106.5,105.76,105.57,32544,34.36,997, 20200, 62.07
BHANDARI, EQ, 10-Dec-2024,7.99,8.1,8.34,8.0,8.06,8.04,8.13,1101721,89.58,3252, 781800, 70.96
BHARATFORG, EQ, 10-Dec-2024,1363.45,1370.0,1376.05,1350.3,1363.2,1361.2,1364.67,714858,9755.43,29162, 384076, 53.73
BHARATGEAR, EQ, 10-Dec-2024,104.92,106.74,106.98,104.61,106.25,106.02,106.04,34382,36.46,651, 22495, 65.43
BHARATRAS, EQ, 10-Dec-2024,11422.35,11308.15,11550.6,10951.25,11221.0,11206.2,11169.7,4365,487.56,1239, 2644, 60.57
BHARATWIRE, EQ, 10-Dec-2024,237.63,238.0,239.76,234.98,238.0,236.77,237.0,58407,138.42,1560, 32718, 56.02
BHARTIARTL, EQ, 10-Dec-2024,1602.55,1610.55,1611.85,1570.05,1580.05,1578.65,1580.99,14645786,231548.52,261312, 12020509, 82.07
BHARTIHEXA, EQ, 10-Dec-2024,1457.8,1466.65,1469.0,1396.85,1405.55,1407.15,1418.19,248823,3528.77,21703, 109588, 44.04
BHEL, EQ, 10-Dec-2024,249.55,250.15,255.65,247.6,248.4,248.6,250.98,13142458,32985.13,86673, 4209164, 32.03
BIGBLOC, EQ, 10-Dec-2024,115.29,114.7,116.0,112.6,113.0,113.49,113.93,120187,136.93,2469, 57746, 48.05
BIKAJI, EQ, 10-Dec-2024,832.0,836.3,864.0,833.25,854.8,853.45,851.98,689323,5872.92,40827, 283763, 41.17
BIOCON, EQ, 10-Dec-2024,369.6,370.0,374.95,364.0,368.25,369.2,368.72,2044166,7537.19,31847, 626789, 30.66
BIOFILCHEM, EQ, 10-Dec-2024,64.72,63.61,65.83,63.61,64.99,64.59,64.95,23424,15.21,373, 13458, 57.45
BIRLACABLE, EQ, 10-Dec-2024,234.16,234.0,243.95,232.61,238.0,238.27,237.93,189749,451.46,4447, 70853, 37.34
BIRLACORPN, EQ, 10-Dec-2024,1281.55,1284.05,1304.8,1264.5,1293.55,1287.4,1279.91,94676,1211.77,9860, 52912, 55.89
BIRLAMONEY, EQ, 10-Dec-2024,214.3,226.5,248.7,221.57,226.5,229.6,235.32,2122805,4995.29,24637, 593233, 27.95
BLACKBUCK, EQ, 10-Dec-2024,344.6,347.8,381.75,345.05,356.9,356.35,361.91,1042518,3773.01,23312, 271776, 26.07
BLAL, EQ, 10-Dec-2024,241.75,241.75,243.88,235.5,238.0,238.29,239.22,63294,151.41,2165, 35135, 55.51
BLBLIMITED, EQ, 10-Dec-2024,21.24,21.1,21.52,20.28,20.45,20.76,20.99,117180,24.6,841, 89613, 76.47
BLISSGVS, EQ, 10-Dec-2024,155.44,155.65,157.95,150.1,154.9,155.31,154.25,462193,712.93,5006, 182525, 39.49
BLKASHYAP, EQ, 10-Dec-2024,73.77,74.14,76.95,73.1,74.85,74.71,75.01,432132,324.15,3326, 238300, 55.15
BLS, EQ, 10-Dec-2024,447.0,449.9,481.85,447.0,455.1,456.4,462.09,10777816,49803.06,152715, 2940051, 27.28
BLSE, EQ, 10-Dec-2024,218.37,218.98,223.87,215.65,217.0,217.04,219.56,305244,670.21,8230, 133313, 43.67
BLUECOAST, EQ, 10-Dec-2024,9.68,10.16,10.16,10.16,10.16,10.16,10.16,333,0.03,2, 333, 100.00
BLUEDART, EQ, 10-Dec-2024,7779.1,7830.0,7856.0,7650.1,7689.9,7670.05,7726.3,10454,807.71,3180, 3714, 35.53
BLUEJET, EQ, 10-Dec-2024,499.05,505.65,509.7,499.4,502.0,503.5,502.45,106930,537.27,5254, 58821, 55.01
BLUESTARCO, EQ, 10-Dec-2024,2106.3,2095.0,2139.6,2074.1,2079.0,2082.8,2106.82,252454,5318.76,30523, 101930, 40.38
BODALCHEM, EQ, 10-Dec-2024,76.07,76.15,76.67,75.0,75.5,75.47,75.71,277563,210.15,2251, 130828, 47.13
BOMDYEING, EQ, 10-Dec-2024,221.13,222.0,224.5,215.98,217.9,217.99,220.0,2021869,4448.18,25992, 763162, 37.75
BOROLTD, EQ, 10-Dec-2024,472.65,478.0,492.0,465.15,472.0,471.3,476.66,309301,1474.3,14661, 86175, 27.86
BORORENEW, EQ, 10-Dec-2024,572.95,580.4,599.9,579.15,593.0,592.55,592.62,4262872,25262.81,99664, 1210244, 28.39
BOROSCI, EQ, 10-Dec-2024,185.97,186.0,187.71,183.11,184.2,183.97,185.2,58987,109.24,1656, 38209, 64.78
BOSCHLTD, EQ, 10-Dec-2024,35895.15,36000.0,36041.5,35460.0,36019.95,35927.55,35736.27,26238,9376.48,7871, 15926, 60.70
BPCL, EQ, 10-Dec-2024,303.45,302.3,306.7,300.85,303.0,303.5,303.82,8649367,26278.68,73286, 4415079, 51.05
BPL, EQ, 10-Dec-2024,122.23,122.8,123.25,119.51,120.45,120.39,121.27,345781,419.34,4047, 150011, 43.38
BRIGADE, EQ, 10-Dec-2024,1279.1,1286.1,1310.0,1273.25,1280.25,1280.05,1291.49,421717,5446.44,40964, 282786, 67.06
BRITANNIA, EQ, 10-Dec-2024,4793.0,4799.85,4829.95,4783.05,4799.0,4787.25,4796.67,264213,12673.41,27905, 163747, 61.98
BRNL, EQ, 10-Dec-2024,49.83,49.86,50.9,49.66,49.8,49.88,50.19,119269,59.86,1630, 84651, 70.97
BSE, EQ, 10-Dec-2024,5467.1,5487.0,5535.7,5352.05,5456.15,5466.35,5443.07,2418310,131630.25,223568, 516256, 21.35
BSE500IETF, EQ, 10-Dec-2024,39.21,40.37,40.37,38.92,39.09,39.08,39.02,196716,76.77,1025, 127908, 65.02
BSHSL, EQ, 10-Dec-2024,162.14,162.8,166.9,160.0,161.8,161.14,161.84,14583,23.6,558, 8936, 61.28
BSL, EQ, 10-Dec-2024,273.91,276.0,276.0,265.7,268.2,269.48,269.18,28622,77.04,1245, 11489, 40.14
BSLGOLDETF, EQ, 10-Dec-2024,68.02,68.68,68.68,68.2,68.56,68.53,68.53,31675,21.71,413, 18740, 59.16
BSLNIFTY, EQ, 10-Dec-2024,28.23,28.39,28.4,28.18,28.35,28.24,28.28,200914,56.81,4213, 139577, 69.47
BSLSENETFG, EQ, 10-Dec-2024,80.72,81.92,81.92,79.54,80.6,80.59,80.62,8117,6.54,114, 1593, 19.63
BSOFT, EQ, 10-Dec-2024,608.65,604.5,615.1,604.5,608.6,608.1,610.03,1389562,8476.74,36745, 656290, 47.23
BTML, EQ, 10-Dec-2024,12.02,12.16,12.16,11.52,11.79,11.68,11.82,111667,13.2,582, 73282, 65.63
BURNPUR, EQ, 10-Dec-2024,7.13,7.33,7.84,7.11,7.36,7.36,7.54,1129952,85.21,3101, 667317, 59.06
BUTTERFLY, EQ, 10-Dec-2024,814.05,806.0,814.35,800.25,806.6,807.0,806.4,8411,67.83,930, 4304, 51.17
BVCL, EQ, 10-Dec-2024,52.33,53.85,54.1,49.46,50.0,50.45,50.83,57765,29.36,1111, 40329, 69.82
CAMLINFINE, EQ, 10-Dec-2024,119.56,119.79,124.8,117.24,122.8,122.48,122.24,1245415,1522.44,13089, 495006, 39.75
CAMPUS, EQ, 10-Dec-2024,301.5,301.45,302.0,294.05,298.25,298.1,297.59,669243,1991.61,16352, 387755, 57.94
CAMS, EQ, 10-Dec-2024,5269.5,5284.0,5289.0,5164.35,5225.0,5211.15,5211.76,338165,17624.35,44852, 142615, 42.17
CANBK, EQ, 10-Dec-2024,108.99,109.51,110.2,108.76,109.75,109.68,109.42,19506335,21344.24,78690, 10102404, 51.79
CANFINHOME, EQ, 10-Dec-2024,804.5,807.3,826.0,807.25,819.0,818.85,819.63,1076619,8824.31,45021, 418434, 38.87
CANTABIL, EQ, 10-Dec-2024,243.44,244.0,247.85,241.45,244.15,245.29,245.38,115033,282.27,2254, 53578, 46.58
CAPACITE, EQ, 10-Dec-2024,441.3,443.5,445.95,429.15,432.45,431.5,435.15,804659,3501.51,31205, 371807, 46.21
CAPITALSFB, EQ, 10-Dec-2024,275.3,273.5,281.05,273.5,277.95,277.25,277.59,53315,147.99,1371, 31832, 59.71
CAPLIPOINT, EQ, 10-Dec-2024,2385.9,2388.95,2409.1,2342.0,2399.0,2384.35,2370.15,76389,1810.53,12500, 28848, 37.76
CARBORUNIV, EQ, 10-Dec-2024,1366.45,1367.15,1376.3,1331.0,1342.0,1339.05,1345.87,118581,1595.95,8682, 81855, 69.03
CAREERP, EQ, 10-Dec-2024,417.3,418.75,431.35,410.0,419.95,418.4,416.11,36960,153.79,1748, 26601, 71.97
CARERATING, EQ, 10-Dec-2024,1405.4,1398.5,1440.4,1356.6,1433.0,1431.2,1405.12,150422,2113.61,11371, 56877, 37.81
CARTRADE, EQ, 10-Dec-2024,1492.75,1505.0,1505.05,1464.1,1494.0,1495.75,1473.0,465305,6853.94,21488, 316358, 67.99
CARYSIL, EQ, 10-Dec-2024,764.3,770.4,788.0,762.4,779.0,777.85,775.12,84517,655.11,8370, 51422, 60.84
CASTROLIND, EQ, 10-Dec-2024,222.78,223.6,223.6,216.1,216.87,217.25,219.13,3016929,6610.87,29810, 1430695, 47.42
CCL, EQ, 10-Dec-2024,786.1,786.1,844.35,782.15,815.0,816.15,815.98,684161,5582.65,33359, 200543, 29.31
CDSL, EQ, 10-Dec-2024,1904.95,1907.0,1915.35,1865.95,1904.5,1908.9,1890.46,3534180,66812.15,138713, 795975, 22.52
CEATLTD, EQ, 10-Dec-2024,3415.75,3335.0,3388.0,3190.0,3208.0,3223.95,3292.01,917329,30198.58,66411, 212121, 23.12
CEIGALL, EQ, 10-Dec-2024,367.55,369.0,376.4,345.5,364.55,364.45,365.19,537482,1962.85,20691, 224113, 41.70
CELEBRITY, EQ, 10-Dec-2024,16.58,16.68,16.83,16.1,16.35,16.35,16.48,115989,19.11,1106, 71564, 61.70
CELLO, EQ, 10-Dec-2024,831.55,831.55,860.85,827.05,846.05,852.25,844.29,285987,2414.55,24582, 156593, 54.76
CENTENKA, EQ, 10-Dec-2024,669.15,669.95,684.0,663.95,669.0,666.95,672.03,36074,242.43,1755, 17199, 47.68
CENTEXT, EQ, 10-Dec-2024,24.55,24.88,25.15,24.13,24.3,24.36,24.51,108547,26.61,924, 62383, 57.47
CENTRALBK, EQ, 10-Dec-2024,59.36,59.54,59.75,58.7,58.93,58.9,59.06,4823104,2848.29,21382, 1590630, 32.98
CENTRUM, EQ, 10-Dec-2024,38.68,38.68,41.0,38.55,40.76,40.22,39.89,2383967,950.96,7181, 1075122, 45.10
CENTUM, EQ, 10-Dec-2024,1660.1,1684.95,1700.95,1645.85,1674.0,1662.0,1670.14,13414,224.03,2514, 6948, 51.80
CENTURYPLY, EQ, 10-Dec-2024,785.65,785.65,801.9,781.55,801.1,799.1,794.24,79825,634.0,8677, 27656, 34.65
CERA, EQ, 10-Dec-2024,7822.35,7837.7,8014.95,7706.1,7925.0,7961.75,7894.65,23145,1827.22,6149, 12897, 55.72
CESC, EQ, 10-Dec-2024,199.66,199.8,199.93,192.34,195.3,194.36,194.91,4290299,8362.24,47167, 1575749, 36.73
CGCL, EQ, 10-Dec-2024,208.84,208.84,209.9,205.2,206.6,205.82,207.08,89878,186.12,3635, 26722, 29.73
CGPOWER, EQ, 10-Dec-2024,793.5,793.5,800.0,777.8,794.65,797.2,791.52,2422138,19171.79,62813, 1325154, 54.71
CHALET, EQ, 10-Dec-2024,928.55,935.05,939.0,905.55,923.8,921.8,920.36,453709,4175.75,31429, 174284, 38.41
CHAMBLFERT, EQ, 10-Dec-2024,528.15,527.1,537.9,525.55,536.2,536.8,534.56,1252720,6696.52,26378, 539976, 43.10
CHEMBOND, EQ, 10-Dec-2024,573.7,573.7,575.35,558.05,563.4,568.2,567.04,12655,71.76,1152, 7540, 59.58
CHEMCON, EQ, 10-Dec-2024,242.76,244.4,244.4,240.96,242.5,241.8,242.17,18603,45.05,974, 11091, 59.62
CHEMFAB, EQ, 10-Dec-2024,1072.0,1060.0,1095.65,1030.05,1038.95,1040.3,1046.68,18653,195.24,2734, 7866, 42.17
CHEMPLASTS, EQ, 10-Dec-2024,515.0,515.0,517.7,508.65,513.9,513.7,513.2,60337,309.65,4873, 28985, 48.04
CHENNPETRO, EQ, 10-Dec-2024,600.2,602.3,610.4,592.5,610.0,605.4,600.36,908416,5453.79,29439, 382950, 42.16
CHEVIOT, EQ, 10-Dec-2024,1334.3,1323.0,1348.85,1319.05,1327.35,1326.4,1326.99,1772,23.51,257, 1064, 60.05
CHOICEIN, EQ, 10-Dec-2024,558.5,560.7,565.2,553.2,558.0,559.05,559.65,441542,2471.11,11535, 63133, 14.30
CHOLAFIN, EQ, 10-Dec-2024,1282.25,1292.85,1340.0,1285.0,1339.85,1336.3,1325.94,3658637,48511.26,105990, 2067639, 56.51
CHOLAHLDNG, EQ, 10-Dec-2024,1547.7,1512.0,1563.05,1512.0,1536.05,1534.0,1533.39,536370,8224.65,53481, 340723, 63.52
CIEINDIA, EQ, 10-Dec-2024,483.95,488.95,519.35,484.0,512.3,508.05,501.13,1869877,9370.44,44324, 1211257, 64.78
CIGNITITEC, EQ, 10-Dec-2024,1916.3,1920.0,1940.0,1808.55,1825.95,1816.0,1847.63,266818,4929.8,25056, 120473, 45.15
CINELINE, EQ, 10-Dec-2024,118.6,118.54,142.32,117.66,142.32,142.32,139.39,3532631,4924.04,13151, 1417240, 40.12
CINEVISTA, EQ, 10-Dec-2024,19.57,19.6,20.09,19.56,20.05,19.92,19.84,26912,5.34,205, 16585, 61.63
CIPLA, EQ, 10-Dec-2024,1469.0,1476.95,1479.0,1452.3,1457.0,1455.2,1460.85,3397465,49631.7,97968, 2620878, 77.14
CLEAN, EQ, 10-Dec-2024,1288.95,1299.0,1406.0,1290.0,1397.45,1398.3,1368.07,1358035,18578.89,77077, 310693, 22.88
CLSEL, EQ, 10-Dec-2024,356.9,355.0,380.0,348.5,371.3,373.95,369.82,328874,1216.25,10081, 110528, 33.61
CMSINFO, EQ, 10-Dec-2024,526.2,529.5,553.95,527.1,548.85,551.05,541.47,746494,4042.07,37822, 422654, 56.62
COALINDIA, EQ, 10-Dec-2024,414.0,415.5,417.2,411.5,415.5,414.05,414.22,6035289,24999.62,83913, 3495876, 57.92
COASTCORP, EQ, 10-Dec-2024,246.18,250.0,264.1,247.0,261.48,260.21,258.28,70490,182.06,2263, 39898, 56.60
COFORGE, EQ, 10-Dec-2024,8918.6,8870.05,9047.95,8860.0,8995.6,9008.55,8972.55,396888,35610.96,63987, 228042, 57.46
COLPAL, EQ, 10-Dec-2024,2804.25,2812.0,2863.0,2800.05,2852.0,2849.2,2838.58,376930,10699.46,45243, 198541, 52.67
COMMOIETF, EQ, 10-Dec-2024,88.28,88.29,88.65,87.64,88.19,88.08,88.13,33436,29.47,663, 19936, 59.62
COMPUSOFT, EQ, 10-Dec-2024,28.8,28.8,31.8,28.57,31.8,30.17,29.87,121814,36.39,3376, 89139, 73.18
COMSYN, EQ, 10-Dec-2024,70.18,71.12,75.0,68.52,73.6,73.64,71.9,126437,90.9,1897, 63436, 50.17
CONCOR, EQ, 10-Dec-2024,858.1,863.95,863.95,849.0,850.0,851.65,855.47,1655543,14162.6,60418, 1177339, 71.11
CONCORDBIO, EQ, 10-Dec-2024,2101.75,2090.0,2109.6,2072.6,2095.95,2093.05,2087.16,45558,950.87,11365, 19234, 42.22
CONFIPET, EQ, 10-Dec-2024,77.76,78.5,84.04,78.5,83.55,83.22,81.51,2691295,2193.68,11103, 1356402, 50.40
CONS, EQ, 10-Dec-2024,117.44,115.69,117.76,115.08,115.68,116.51,116.57,5713,6.66,181, 4440, 77.72
CONSOFINVT, EQ, 10-Dec-2024,222.25,226.0,249.0,221.11,245.0,243.61,237.85,128478,305.59,2813, 76522, 59.56
CONSUMBEES, EQ, 10-Dec-2024,127.64,128.39,128.39,127.0,128.0,127.41,127.29,82273,104.73,1779, 64042, 77.84
CONSUMIETF, EQ, 10-Dec-2024,118.56,118.57,119.49,117.79,119.49,118.36,118.24,35363,41.81,360, 15228, 43.06
CONTROLPR, EQ, 10-Dec-2024,740.85,730.0,743.65,730.0,740.95,740.0,738.46,9255,68.34,903, 5874, 63.47
CORDSCABLE, EQ, 10-Dec-2024,216.3,218.3,246.45,212.5,240.9,239.91,234.7,658258,1544.9,10975, 215362, 32.72
COROMANDEL, EQ, 10-Dec-2024,1769.8,1770.0,1801.15,1766.1,1782.6,1780.35,1784.34,501681,8951.7,40297, 262781, 52.38
COSMOFIRST, EQ, 10-Dec-2024,884.5,891.6,904.0,872.6,902.45,899.0,895.77,263763,2362.71,6784, 162303, 61.53
COUNCODOS, EQ, 10-Dec-2024,6.44,6.49,6.55,6.35,6.48,6.41,6.46,47499,3.07,307, 26311, 55.39
CPSEETF, EQ, 10-Dec-2024,92.5,93.36,93.36,91.84,92.3,92.27,92.3,1101017,1016.23,14257, 578453, 52.54
CRAFTSMAN, EQ, 10-Dec-2024,4899.3,4924.45,5112.65,4910.25,5085.0,5088.0,5040.34,105154,5300.12,18157, 62568, 59.50
CREATIVE, EQ, 10-Dec-2024,1010.4,1014.6,1024.25,977.0,995.0,989.8,993.76,24149,239.98,2238, 12383, 51.28
CREDITACC, EQ, 10-Dec-2024,938.45,934.4,939.95,900.55,920.0,916.6,925.63,154935,1434.13,14597, 66857, 43.15
CREST, EQ, 10-Dec-2024,478.9,479.1,479.1,460.6,477.0,473.5,471.67,26741,126.13,1449, 14120, 52.80
CRISIL, EQ, 10-Dec-2024,5284.45,5272.45,5447.95,5263.65,5433.85,5421.05,5378.88,76186,4097.96,18520, 28149, 36.95
CROMPTON, EQ, 10-Dec-2024,414.1,415.6,417.2,412.45,414.3,415.7,415.1,1495263,6206.76,23664, 939072, 62.80
CSBBANK, EQ, 10-Dec-2024,306.65,308.8,328.65,306.65,326.0,325.75,320.19,963312,3084.45,23962, 467843, 48.57
CSLFINANCE, EQ, 10-Dec-2024,324.75,321.65,322.0,316.05,320.0,319.35,319.93,31900,102.06,874, 18927, 59.33
CTE, EQ, 10-Dec-2024,105.33,106.0,109.8,106.0,108.0,108.64,108.37,75457,81.77,1480, 42949, 56.92
CUB, EQ, 10-Dec-2024,186.27,186.0,187.38,185.0,186.45,186.15,186.06,1395816,2597.03,38182, 728351, 52.18
CUBEXTUB, EQ, 10-Dec-2024,97.44,98.12,102.99,95.21,95.21,96.79,98.99,110279,109.17,2260, 41404, 37.54
CUMMINSIND, EQ, 10-Dec-2024,3509.15,3511.05,3547.6,3502.55,3525.4,3526.2,3526.57,241848,8528.95,25119, 131002, 54.17
CUPID, EQ, 10-Dec-2024,81.6,82.64,82.65,81.11,81.4,81.38,81.65,295599,241.36,2972, 172072, 58.21
CYBERMEDIA, EQ, 10-Dec-2024,27.02,27.01,27.84,26.86,27.26,27.4,27.31,27164,7.42,567, 8635, 31.79
CYIENT, EQ, 10-Dec-2024,2002.15,2000.0,2075.0,2000.0,2060.0,2065.8,2051.81,623143,12785.69,46209, 275208, 44.16
CYIENTDLM, EQ, 10-Dec-2024,663.65,664.6,673.2,661.45,664.8,664.75,666.79,292118,1947.82,16803, 173622, 59.44
DABUR, EQ, 10-Dec-2024,506.85,507.95,511.7,504.35,507.0,506.95,506.98,3425754,17367.86,63507, 2124504, 62.02
DALBHARAT, EQ, 10-Dec-2024,1897.75,1898.05,1908.35,1876.0,1898.45,1898.7,1896.13,333088,6315.79,16524, 208612, 62.63
DALMIASUG, EQ, 10-Dec-2024,429.6,431.75,474.9,431.75,472.0,467.5,452.8,510304,2310.65,10168, 246231, 48.25
DAMODARIND, EQ, 10-Dec-2024,46.3,45.7,46.7,45.01,45.45,45.58,45.83,29183,13.38,1843, 8775, 30.07
DANGEE, EQ, 10-Dec-2024,7.08,7.22,7.29,7.06,7.14,7.15,7.18,78876,5.66,294, 58177, 73.76
DATAMATICS, EQ, 10-Dec-2024,635.65,650.0,660.0,631.0,640.5,638.3,644.09,489066,3150.03,8390, 281011, 57.46
DATAPATTNS, EQ, 10-Dec-2024,2650.15,2662.5,2670.0,2595.3,2628.0,2628.0,2623.96,90976,2387.18,14593, 29607, 32.54
DAVANGERE, EQ, 10-Dec-2024,6.02,6.05,6.05,5.98,6.0,5.99,6.0,1497535,89.88,4604, 942617, 62.94
DBCORP, EQ, 10-Dec-2024,323.15,323.3,343.75,323.3,342.0,341.3,336.17,237668,798.96,6672, 118979, 50.06
DBEIL, EQ, 10-Dec-2024,186.91,186.9,188.2,178.0,180.78,180.06,181.7,572350,1039.94,11955, 245393, 42.87
DBL, EQ, 10-Dec-2024,500.25,503.25,513.65,499.05,511.0,510.6,507.05,280190,1420.7,12567, 113393, 40.47
DBOL, EQ, 10-Dec-2024,127.22,127.55,128.0,126.5,127.41,127.25,127.29,79213,100.83,1099, 47169, 59.55
DBREALTY, EQ, 10-Dec-2024,179.16,177.5,180.35,174.66,177.9,178.64,177.67,1720478,3056.85,15219, 840211, 48.84
DBSTOCKBRO, EQ, 10-Dec-2024,45.91,46.9,46.9,45.21,45.25,45.76,45.94,30452,13.99,1640, 2651, 8.71
DCAL, EQ, 10-Dec-2024,276.7,277.9,296.0,276.45,289.0,292.24,287.21,4862672,13966.18,36834, 1343264, 27.62
DCBBANK, EQ, 10-Dec-2024,129.77,129.11,129.75,126.15,126.5,126.77,127.54,1144252,1459.32,10380, 681490, 59.56
DCI, EQ, 10-Dec-2024,337.25,335.2,341.45,324.55,336.5,334.85,332.8,11013,36.65,1199, 6038, 54.83
DCM, EQ, 10-Dec-2024,93.63,93.3,95.65,93.3,93.95,94.29,94.15,22672,21.35,516, 15587, 68.75
DCMNVL, EQ, 10-Dec-2024,201.44,202.0,208.85,200.03,202.01,201.79,204.87,44263,90.68,949, 34169, 77.20
DCMSHRIRAM, EQ, 10-Dec-2024,1084.85,1088.0,1127.0,1088.0,1105.8,1104.7,1109.57,157362,1746.03,13058, 55142, 35.04
DCMSRIND, EQ, 10-Dec-2024,187.6,190.4,209.45,189.79,208.49,207.05,204.43,1563580,3196.47,19654, 462532, 29.58
DCW, EQ, 10-Dec-2024,104.8,104.99,105.24,100.66,101.35,101.13,102.54,1554191,1593.61,9830, 685948, 44.14
DCXINDIA, EQ, 10-Dec-2024,329.65,329.0,331.45,323.0,325.25,324.9,326.44,211016,688.83,8678, 131540, 62.34
DECCANCE, EQ, 10-Dec-2024,649.3,650.0,650.0,636.05,640.0,640.45,641.02,9334,59.83,656, 6872, 73.62
DEEDEV, EQ, 10-Dec-2024,349.8,353.0,359.75,341.95,346.7,346.5,352.1,519968,1830.79,8306, 149378, 28.73
DEEPAKFERT, EQ, 10-Dec-2024,1381.55,1384.8,1408.95,1361.7,1380.0,1380.35,1384.55,826016,11436.57,36893, 222920, 26.99
DEEPAKNTR, EQ, 10-Dec-2024,2674.3,2686.85,2737.95,2682.05,2729.7,2729.2,2718.05,172851,4698.18,17348, 56305, 32.57
DEEPINDS, EQ, 10-Dec-2024,578.6,585.0,602.7,575.1,591.0,591.25,592.24,726711,4303.91,16703, 264673, 36.42
DELHIVERY, EQ, 10-Dec-2024,371.1,370.55,388.0,370.0,383.7,380.6,376.62,5127042,19309.37,62262, 2468884, 48.15
DELTACORP, EQ, 10-Dec-2024,124.2,124.2,127.0,121.0,121.9,121.75,123.69,2166158,2679.28,18661, 1094425, 50.52
DELTAMAGNT, EQ, 10-Dec-2024,125.69,125.05,130.0,119.0,123.0,123.04,121.99,68629,83.72,1166, 46426, 67.65
DEN, EQ, 10-Dec-2024,45.06,45.19,45.68,44.93,45.39,45.33,45.3,718506,325.49,4441, 271930, 37.85
DENORA, EQ, 10-Dec-2024,1347.35,1340.55,1354.45,1325.05,1335.0,1330.5,1336.46,4751,63.5,931, 2116, 44.54
DEVIT, EQ, 10-Dec-2024,155.56,155.82,158.87,155.16,155.95,155.98,156.64,99237,155.45,2423, 40861, 41.18
DEVYANI, EQ, 10-Dec-2024,173.41,173.99,174.09,169.1,169.94,170.03,170.33,1130598,1925.7,18240, 624666, 55.25
DHAMPURSUG, EQ, 10-Dec-2024,188.18,188.9,193.98,187.7,188.5,188.95,190.31,525130,999.35,9887, 266543, 50.76
DHANBANK, EQ, 10-Dec-2024,37.59,37.85,37.85,36.81,37.02,37.04,37.13,584119,216.89,3029, 267772, 45.84
DHANI, EQ, 10-Dec-2024,96.76,97.25,97.8,94.52,94.9,95.25,95.8,7195986,6893.75,26058, 2243155, 31.17
DHANUKA, EQ, 10-Dec-2024,1591.55,1594.9,1609.15,1566.2,1603.55,1604.75,1585.34,45315,718.39,8534, 23640, 52.17
DHARMAJ, EQ, 10-Dec-2024,311.2,312.5,324.0,311.3,315.05,317.45,318.56,74550,237.49,1933, 27598, 37.02
DHRUV, EQ, 10-Dec-2024,133.42,132.4,140.09,132.4,139.91,139.91,138.9,37010,51.41,665, 26197, 70.78
DHUNINV, EQ, 10-Dec-2024,2299.5,2313.55,2344.0,2268.1,2310.0,2305.75,2301.98,2035,46.85,582, 758, 37.25
DIAMINESQ, EQ, 10-Dec-2024,519.8,519.7,540.8,519.7,528.0,530.55,531.31,8124,43.16,859, 3770, 46.41
DIAMONDYD, EQ, 10-Dec-2024,1015.75,1026.25,1039.7,1008.25,1013.0,1018.3,1017.1,38704,393.66,2073, 18448, 47.66
DICIND, EQ, 10-Dec-2024,682.0,690.45,695.05,680.4,682.15,682.6,686.9,1374,9.44,152, 714, 51.97
DIFFNKG, EQ, 10-Dec-2024,353.0,352.9,358.7,335.35,336.9,336.9,346.73,214101,742.34,3332, 158236, 73.91
DIGIDRIVE, EQ, 10-Dec-2024,42.85,43.3,44.11,42.9,43.4,43.26,43.47,122595,53.29,723, 58906, 48.05
DISHTV, EQ, 10-Dec-2024,11.7,11.7,12.39,11.67,12.28,12.26,12.03,24368316,2931.14,18964, 7062520, 28.98
DIVGIITTS, EQ, 10-Dec-2024,688.35,688.55,691.65,671.6,685.0,683.75,679.91,16260,110.55,1639, 8158, 50.17
DIVISLAB, EQ, 10-Dec-2024,5959.65,5989.45,6032.8,5871.0,5936.0,5932.6,5944.79,393478,23391.42,41572, 178520, 45.37
DIVOPPBEES, EQ, 10-Dec-2024,84.88,87.45,87.45,84.59,85.25,85.15,84.98,54244,46.1,1031, 45345, 83.59
DIXON, EQ, 10-Dec-2024,17345.9,17400.0,17530.0,17121.05,17510.0,17514.05,17371.23,354274,61541.75,49641, 107555, 30.36
DJML, EQ, 10-Dec-2024,185.92,187.01,188.0,175.1,182.0,180.93,181.33,160985,291.91,2482, 100875, 62.66
DLF, EQ, 10-Dec-2024,862.7,865.0,871.0,860.7,867.9,868.4,867.24,2333620,20238.08,60176, 1313622, 56.29
DLINKINDIA, EQ, 10-Dec-2024,609.75,612.8,612.9,599.0,607.5,604.9,604.8,103470,625.79,3868, 49183, 47.53
DMART, EQ, 10-Dec-2024,3829.05,3835.0,3853.0,3776.6,3813.65,3816.9,3812.27,573687,21870.48,51094, 359623, 62.69
DMCC, EQ, 10-Dec-2024,378.3,378.3,378.3,361.0,363.3,365.8,368.19,52803,194.42,1561, 30172, 57.14
DNAMEDIA, EQ, 10-Dec-2024,6.22,6.42,6.42,5.75,5.87,5.88,6.05,536801,32.45,1416, 323340, 60.23
DODLA, EQ, 10-Dec-2024,1287.2,1298.95,1298.95,1271.0,1275.0,1288.05,1281.66,151734,1944.72,6483, 133512, 87.99
DOLATALGO, EQ, 10-Dec-2024,138.44,138.89,138.89,135.8,136.0,136.23,136.92,267051,365.65,3273, 130547, 48.88
DOLLAR, EQ, 10-Dec-2024,535.3,549.0,550.0,530.0,532.0,533.0,539.72,92744,500.56,4274, 42540, 45.87
DOMS, EQ, 10-Dec-2024,2943.0,2955.95,2978.3,2918.8,2964.0,2962.2,2955.56,57490,1699.15,9430, 21333, 37.11
DONEAR, EQ, 10-Dec-2024,136.43,136.74,137.78,131.0,134.99,134.65,135.3,60728,82.17,1643, 31816, 52.39
DPABHUSHAN, EQ, 10-Dec-2024,1555.25,1540.0,1594.8,1540.0,1565.8,1562.2,1565.56,17109,267.85,1839, 6383, 37.31
DPSCLTD, EQ, 10-Dec-2024,18.53,18.78,18.78,18.0,18.19,18.12,18.24,277054,50.52,1884, 185545, 66.97
DPWIRES, EQ, 10-Dec-2024,386.7,384.0,389.9,383.0,383.0,383.2,385.2,6582,25.35,793, 3536, 53.72
DRCSYSTEMS, EQ, 10-Dec-2024,33.45,34.1,34.9,33.55,34.0,34.5,34.41,829549,285.46,5721, 467925, 56.41
DREAMFOLKS, EQ, 10-Dec-2024,426.05,426.3,427.0,417.0,418.1,419.0,421.2,118769,500.25,5753, 77413, 65.18
DREDGECORP, EQ, 10-Dec-2024,934.25,935.0,939.9,902.0,919.0,910.2,916.37,16985,155.64,1703, 8824, 51.95
DRREDDY, EQ, 10-Dec-2024,1255.15,1250.0,1253.6,1233.0,1238.4,1240.35,1240.36,2025890,25128.28,63249, 1390134, 68.62
DSSL, EQ, 10-Dec-2024,1485.45,1494.95,1495.95,1450.0,1467.05,1468.4,1467.11,26460,388.2,3001, 14283, 53.98
DTIL, EQ, 10-Dec-2024,264.9,269.4,286.0,261.8,284.0,280.0,276.08,117735,325.04,5841, 46935, 39.86
DUCON, EQ, 10-Dec-2024,8.66,8.74,8.97,8.5,8.5,8.59,8.76,903939,79.19,3112, 474105, 52.45
DVL, EQ, 10-Dec-2024,425.8,426.85,432.95,422.75,429.0,429.1,426.74,10922,46.61,878, 6409, 58.68
DWARKESH, EQ, 10-Dec-2024,64.17,64.1,64.21,62.15,62.53,62.51,62.79,1778841,1116.92,10157, 965512, 54.28
DYCL, EQ, 10-Dec-2024,927.9,927.9,942.7,907.95,929.0,925.7,923.06,95846,884.72,7367, 32966, 34.39
DYNAMATECH, EQ, 10-Dec-2024,7888.55,7860.0,8091.0,7840.65,8081.1,8075.05,7992.61,14264,1140.07,3473, 5968, 41.84
DYNPRO, EQ, 10-Dec-2024,455.65,464.9,464.9,440.0,441.0,446.25,448.05,12662,56.73,596, 7377, 58.26
EASEMYTRIP, EQ, 10-Dec-2024,17.04,17.1,17.22,16.78,16.88,16.88,16.96,21423313,3632.9,40129, 7919398, 36.97
EBANKNIFTY, EQ, 10-Dec-2024,53.21,53.34,53.8,53.16,53.49,53.49,53.35,893,0.48,25, 751, 84.10
EBBETF0425, EQ, 10-Dec-2024,1259.81,1258.97,1262.0,1258.97,1261.0,1261.0,1259.09,4236,53.34,69, 4159, 98.18
EBBETF0430, EQ, 10-Dec-2024,1440.62,1483.85,1483.85,1438.11,1438.77,1438.97,1439.38,2651,38.16,250, 2330, 87.89
EBBETF0431, EQ, 10-Dec-2024,1286.62,1285.8,1290.95,1285.61,1285.62,1285.61,1285.71,56182,722.34,91, 55221, 98.29
EBBETF0433, EQ, 10-Dec-2024,1176.74,1176.74,1178.49,1176.06,1176.5,1176.15,1176.64,1387,16.32,60, 1112, 80.17
ECLERX, EQ, 10-Dec-2024,3678.8,3675.1,3750.0,3652.7,3729.85,3725.45,3697.66,62102,2296.32,11524, 22663, 36.49
ECOSMOBLTY, EQ, 10-Dec-2024,332.6,332.6,338.6,327.05,329.95,329.65,332.4,227709,756.9,4621, 114987, 50.50
EDELWEISS, EQ, 10-Dec-2024,128.83,129.0,129.84,124.35,125.2,125.31,126.14,2690519,3393.74,16777, 1648420, 61.27
EGOLD, EQ, 10-Dec-2024,77.9,77.0,78.6,76.6,78.3,78.3,78.43,1515,1.19,37, 931, 61.45
EICHERMOT, EQ, 10-Dec-2024,4842.1,4840.0,4874.9,4797.5,4815.6,4813.05,4823.61,342297,16511.07,36118, 242366, 70.81
EIDPARRY, EQ, 10-Dec-2024,896.05,900.0,925.95,894.65,917.65,916.8,917.27,583628,5353.46,34566, 257519, 44.12
EIEL, EQ, 10-Dec-2024,278.35,281.75,302.42,280.08,288.5,288.0,291.52,40680591,118592.4,320902, 5075695, 12.48
EIHAHOTELS, EQ, 10-Dec-2024,410.9,411.65,413.45,404.0,405.3,407.6,407.44,18879,76.92,1405, 10039, 53.18
EIHOTEL, EQ, 10-Dec-2024,410.35,410.35,413.7,402.5,405.15,405.75,407.25,752159,3063.2,18722, 409780, 54.48
EIMCOELECO, EQ, 10-Dec-2024,2543.1,2515.05,2578.0,2475.0,2551.0,2546.85,2521.73,4666,117.66,1468, 2208, 47.32
EKC, EQ, 10-Dec-2024,226.42,227.15,227.3,221.22,222.95,222.81,223.18,741039,1653.88,10854, 310285, 41.87
ELDEHSG, EQ, 10-Dec-2024,880.1,882.4,902.0,880.4,900.0,890.4,893.68,1853,16.56,161, 1575, 85.00
ELECON, EQ, 10-Dec-2024,625.65,626.0,664.0,626.0,662.8,660.6,650.47,1217031,7916.38,55645, 410499, 33.73
ELECTCAST, EQ, 10-Dec-2024,168.28,169.0,169.45,164.0,165.52,165.14,165.93,1638104,2718.07,20337, 701342, 42.81
ELGIEQUIP, EQ, 10-Dec-2024,625.35,625.35,632.05,620.05,623.0,621.6,624.15,136626,852.74,8542, 66099, 48.38
ELGIRUBCO, EQ, 10-Dec-2024,131.88,135.3,136.5,128.51,129.9,129.17,131.77,118645,156.34,1862, 60428, 50.93
ELIN, EQ, 10-Dec-2024,223.93,220.05,235.0,220.02,223.11,223.74,226.8,245388,556.55,6863, 104046, 42.40
EMAMILTD, EQ, 10-Dec-2024,621.75,620.25,645.0,620.25,645.0,641.65,636.7,660970,4208.42,41974, 310067, 46.91
EMAMIPAP, EQ, 10-Dec-2024,116.48,116.48,118.98,115.51,117.0,116.25,117.43,41766,49.04,921, 24311, 58.21
EMAMIREAL, EQ, 10-Dec-2024,142.56,149.68,149.68,149.68,149.68,149.68,149.68,147854,221.31,443, 147853, 100.00
EMBDL, EQ, 10-Dec-2024,130.64,131.25,135.61,127.83,132.0,132.88,132.31,9170133,12133.3,47211, 3168323, 34.55
EMCURE, EQ, 10-Dec-2024,1353.35,1360.35,1378.0,1345.1,1367.0,1368.05,1361.19,58349,794.24,5206, 29321, 50.25
EMIL, EQ, 10-Dec-2024,177.31,178.35,179.26,176.1,177.69,177.44,177.56,302568,537.25,12582, 129348, 42.75
EMMBI, EQ, 10-Dec-2024,140.56,141.0,142.17,137.85,140.5,139.89,139.76,56709,79.26,1541, 29345, 51.75
EMSLIMITED, EQ, 10-Dec-2024,913.85,918.9,921.8,875.55,888.0,884.85,894.54,603394,5397.6,26109, 250748, 41.56
EMUDHRA, EQ, 10-Dec-2024,903.15,905.5,920.9,892.9,904.5,904.7,907.35,276991,2513.27,17446, 151107, 54.55
EMULTIMQ, EQ, 10-Dec-2024,48.56,49.57,49.57,48.12,48.5,48.66,48.45,33709,16.33,215, 31707, 94.06
ENDURANCE, EQ, 10-Dec-2024,2348.0,2365.0,2365.0,2331.35,2346.0,2336.5,2344.66,26425,619.58,5175, 13098, 49.57
ENERGYDEV, EQ, 10-Dec-2024,31.44,32.2,33.01,31.72,33.01,33.01,32.82,576377,189.17,1943, 381213, 66.14
ENGINERSIN, EQ, 10-Dec-2024,207.9,208.0,211.7,204.41,207.45,207.83,207.68,4676066,9711.47,39151, 1591663, 34.04
ENIL, EQ, 10-Dec-2024,191.36,192.3,193.78,188.35,191.2,189.37,190.34,21979,41.83,972, 14498, 65.96
ENTERO, EQ, 10-Dec-2024,1472.3,1455.5,1483.9,1446.0,1456.6,1461.05,1463.09,61595,901.19,11478, 38323, 62.22
EPIGRAL, EQ, 10-Dec-2024,2117.85,2117.85,2180.0,2078.45,2175.0,2158.45,2143.27,71523,1532.93,8896, 38550, 53.90
EPL, EQ, 10-Dec-2024,272.25,273.8,279.4,272.5,277.5,276.95,276.38,1433187,3961.06,45103, 786070, 54.85
EQUAL50ADD, EQ, 10-Dec-2024,314.48,319.95,319.95,311.95,315.0,313.73,313.29,5599,17.54,222, 5393, 96.32
EQUITASBNK, EQ, 10-Dec-2024,63.44,63.4,65.95,62.9,65.37,65.42,64.51,7404224,4776.66,34423, 4371626, 59.04
ERIS, EQ, 10-Dec-2024,1497.05,1503.4,1524.6,1472.65,1506.0,1506.15,1506.86,165865,2499.36,21878, 67857, 40.91
ESABINDIA, EQ, 10-Dec-2024,6249.8,6237.0,6325.25,6211.8,6260.0,6233.9,6271.31,2766,173.46,1133, 1313, 47.47
ESAFSFB, EQ, 10-Dec-2024,41.66,41.98,41.98,41.02,41.59,41.52,41.45,331844,137.54,2703, 219096, 66.02
ESCORTS, EQ, 10-Dec-2024,3546.4,3531.0,3564.15,3501.2,3526.5,3512.1,3532.07,97820,3455.07,15149, 38442, 39.30
ESG, EQ, 10-Dec-2024,41.73,41.98,41.98,41.54,41.76,41.74,41.56,118517,49.25,141, 110793, 93.48
ESILVER, EQ, 10-Dec-2024,92.17,93.21,94.98,92.9,94.0,94.0,94.19,15716,14.8,154, 13646, 86.83
ESTER, EQ, 10-Dec-2024,154.08,154.9,162.98,153.5,162.49,161.9,160.47,1058044,1697.82,9900, 381962, 36.10
ETHOSLTD, EQ, 10-Dec-2024,3091.4,3100.0,3119.85,3031.1,3069.9,3063.6,3064.99,34255,1049.91,7069, 16515, 48.21
EUREKAFORB, EQ, 10-Dec-2024,605.9,606.0,614.0,598.45,608.7,605.95,605.94,221258,1340.68,11272, 139235, 62.93
EVEREADY, EQ, 10-Dec-2024,381.7,378.0,382.6,377.55,381.25,379.85,379.66,64546,245.06,3750, 36057, 55.86
EVERESTIND, EQ, 10-Dec-2024,808.2,808.2,815.95,796.0,810.0,803.6,803.36,15300,122.91,1747, 8835, 57.75
EVINDIA, EQ, 10-Dec-2024,31.47,31.59,31.62,31.25,31.47,31.4,31.37,171097,53.67,2908, 132990, 77.73
EXCELINDUS, EQ, 10-Dec-2024,1430.6,1452.3,1452.3,1414.95,1425.0,1418.45,1426.07,20361,290.36,1762, 13798, 67.77
EXICOM, EQ, 10-Dec-2024,282.95,282.1,285.0,275.0,277.8,277.55,278.02,293114,814.91,8137, 175462, 59.86
EXIDEIND, EQ, 10-Dec-2024,467.0,465.0,469.5,462.8,465.85,464.7,465.9,1423213,6630.78,34386, 573717, 40.31
EXPLEOSOL, EQ, 10-Dec-2024,1385.45,1385.05,1410.0,1365.0,1366.0,1369.5,1389.59,16856,234.23,2354, 8009, 47.51
EXXARO, EQ, 10-Dec-2024,106.08,106.51,107.5,102.6,104.27,103.68,104.35,459622,479.6,5243, 274124, 59.64
FACT, EQ, 10-Dec-2024,997.3,999.0,1069.0,993.5,1022.95,1023.35,1046.88,2333429,24428.16,79630, 379914, 16.28
FAIRCHEMOR, EQ, 10-Dec-2024,859.3,859.3,867.0,850.7,864.0,861.65,861.08,11126,95.8,2307, 5832, 52.42
FAZE3Q, EQ, 10-Dec-2024,444.95,450.0,457.0,440.05,442.0,441.65,448.26,11919,53.43,903, 6942, 58.24
FCL, EQ, 10-Dec-2024,350.9,350.0,357.55,350.0,353.0,352.2,353.24,135574,478.9,8686, 61283, 45.20
FCSSOFT, EQ, 10-Dec-2024,3.66,3.74,3.74,3.58,3.6,3.61,3.64,5961347,217.2,6440, 2882572, 48.35
FDC, EQ, 10-Dec-2024,512.1,512.1,514.05,495.0,503.0,501.95,503.08,167077,840.53,9405, 106069, 63.49
FEDERALBNK, EQ, 10-Dec-2024,213.77,213.88,214.8,212.52,214.25,214.34,213.72,3626922,7751.44,47040, 1682469, 46.39
FEDFINA, EQ, 10-Dec-2024,116.11,116.55,117.18,115.55,116.61,116.68,116.24,326162,379.15,7768, 159796, 48.99
FIBERWEB, EQ, 10-Dec-2024,59.09,60.0,60.49,57.63,58.3,58.23,58.56,78245,45.82,910, 44359, 56.69
FIEMIND, EQ, 10-Dec-2024,1630.3,1614.25,1635.0,1610.0,1627.0,1625.55,1622.25,40886,663.27,8321, 24489, 59.90
FILATEX, EQ, 10-Dec-2024,70.11,70.49,71.65,69.69,70.0,69.95,70.46,3604232,2539.41,13607, 1129866, 31.35
FINCABLES, EQ, 10-Dec-2024,1324.6,1320.0,1321.8,1301.0,1310.0,1304.65,1309.75,150414,1970.04,13009, 71267, 47.38
FINEORG, EQ, 10-Dec-2024,5089.15,5094.95,5273.95,5060.0,5172.55,5189.15,5188.57,47738,2476.92,10766, 22955, 48.09
FINIETF, EQ, 10-Dec-2024,26.82,27.05,27.05,26.68,27.02,26.98,26.94,137233,36.97,679, 104962, 76.48
FINOPB, EQ, 10-Dec-2024,353.6,355.4,356.0,346.35,348.0,349.45,349.97,47741,167.08,3031, 24405, 51.12
FINPIPE, EQ, 10-Dec-2024,275.85,275.85,276.45,271.55,275.3,274.05,273.63,338634,926.61,9165, 166657, 49.21
FIRSTCRY, EQ, 10-Dec-2024,588.5,595.95,602.75,578.05,588.4,587.4,585.26,906410,5304.86,13875, 717827, 79.19
FIVESTAR, EQ, 10-Dec-2024,633.2,635.0,638.35,626.35,630.1,632.9,632.55,1512429,9566.86,24774, 1189301, 78.64
FLAIR, EQ, 10-Dec-2024,323.8,323.05,342.5,320.7,335.0,335.7,333.25,821387,2737.28,18159, 355936, 43.33
FLUOROCHEM, EQ, 10-Dec-2024,4398.5,4414.0,4473.3,4325.0,4458.0,4454.4,4431.89,196270,8698.47,17442, 125505, 63.95
FMCGIETF, EQ, 10-Dec-2024,59.41,59.55,59.67,59.32,59.66,59.49,59.48,1146354,681.9,6154, 1032575, 90.07
FMGOETZE, EQ, 10-Dec-2024,415.1,417.0,417.8,411.0,417.0,416.05,414.02,18100,74.94,811, 10982, 60.67
FOODSIN, EQ, 10-Dec-2024,117.1,118.2,119.98,116.87,119.96,119.64,118.69,96050,114.0,1851, 55545, 57.83
FORCEMOT, EQ, 10-Dec-2024,6760.95,6800.0,6800.0,6606.1,6651.55,6663.4,6652.89,39470,2625.89,8086, 23947, 60.67
FORTIS, EQ, 10-Dec-2024,719.6,721.2,721.7,703.6,713.95,713.8,711.82,1610610,11464.6,52012, 813863, 50.53
FOSECOIND, EQ, 10-Dec-2024,4546.0,4584.85,4584.85,4528.0,4532.0,4537.9,4550.18,569,25.89,303, 386, 67.84
FSL, EQ, 10-Dec-2024,375.55,376.0,383.4,373.3,381.2,381.3,379.2,3245620,12307.4,51830, 1175190, 36.21
FUSION, EQ, 10-Dec-2024,194.16,194.01,197.97,192.24,195.61,195.11,195.0,274609,535.5,4830, 130507, 47.52
GABRIEL, EQ, 10-Dec-2024,489.7,492.8,528.95,481.95,527.0,520.65,508.98,1483409,7550.23,54105, 421951, 28.44
GAEL, EQ, 10-Dec-2024,139.83,140.55,144.73,137.1,137.6,138.01,141.3,3684916,5206.72,43301, 1022922, 27.76
GAIL, EQ, 10-Dec-2024,208.67,208.8,209.94,206.88,207.6,207.54,208.03,7239820,15060.85,67237, 4227346, 58.39
GALAPREC, EQ, 10-Dec-2024,1083.65,1093.2,1156.45,1074.05,1122.0,1123.65,1127.62,179741,2026.79,10117, 59002, 32.83
GALAXYSURF, EQ, 10-Dec-2024,2822.2,2830.45,2909.2,2818.05,2890.0,2899.4,2893.64,40474,1171.17,6593, 26511, 65.50
GANDHAR, EQ, 10-Dec-2024,241.16,241.25,244.4,237.56,240.32,239.75,240.86,600589,1446.6,9768, 267038, 44.46
GANDHITUBE, EQ, 10-Dec-2024,875.85,875.85,898.0,855.0,857.6,857.55,873.89,9555,83.5,1006, 5016, 52.50
GANECOS, EQ, 10-Dec-2024,2157.25,2177.0,2242.95,2142.55,2215.0,2221.85,2185.91,98571,2154.67,24167, 43765, 44.40
GANESHBE, EQ, 10-Dec-2024,135.85,136.7,136.99,134.92,136.15,135.62,135.8,64985,88.25,1355, 36016, 55.42
GANESHHOUC, EQ, 10-Dec-2024,1308.85,1315.0,1324.35,1285.0,1298.0,1299.55,1299.84,110965,1442.36,6295, 72388, 65.23
GANGESSECU, EQ, 10-Dec-2024,212.39,214.49,214.49,206.17,210.99,210.69,210.35,19062,40.1,1035, 9676, 50.76
GARFIBRES, EQ, 10-Dec-2024,4822.4,4870.0,4881.75,4802.25,4816.2,4823.4,4830.02,12427,600.23,2489, 6482, 52.16
GARUDA, EQ, 10-Dec-2024,103.83,104.4,105.77,100.42,100.85,100.85,102.02,682162,695.93,6547, 307728, 45.11
GATEWAY, EQ, 10-Dec-2024,84.56,85.19,90.99,83.98,90.7,90.34,87.7,9692339,8500.35,67303, 4715258, 48.65
GEECEE, EQ, 10-Dec-2024,430.8,433.0,435.7,420.5,421.0,423.85,426.62,10943,46.69,913, 6615, 60.45
GEEKAYWIRE, EQ, 10-Dec-2024,109.11,110.0,111.5,101.8,105.99,105.84,106.86,144352,154.26,2114, 96850, 67.09
GENCON, EQ, 10-Dec-2024,45.98,46.45,47.95,45.25,46.0,45.78,46.42,217120,100.8,2921, 119572, 55.07
GENESYS, EQ, 10-Dec-2024,984.9,987.0,988.45,957.7,968.8,963.05,967.54,188791,1826.63,13082, 81799, 43.33
GENSOL, EQ, 10-Dec-2024,786.85,786.0,797.0,774.65,784.0,781.85,782.95,129432,1013.39,5828, 69488, 53.69
GENUSPAPER, EQ, 10-Dec-2024,23.07,23.1,23.38,22.71,23.0,22.9,22.97,306415,70.39,1426, 137908, 45.01
GENUSPOWER, EQ, 10-Dec-2024,421.3,425.0,435.0,417.4,429.5,430.05,426.19,1054155,4492.74,20785, 433925, 41.16
GEOJITFSL, EQ, 10-Dec-2024,134.7,135.5,135.67,123.91,129.45,129.24,129.32,868343,1122.96,10977, 437821, 50.42
GEPIL, EQ, 10-Dec-2024,441.45,442.3,445.0,434.75,443.5,442.85,440.17,109102,480.23,3247, 52903, 48.49
GESHIP, EQ, 10-Dec-2024,1107.55,1108.65,1113.85,1075.75,1080.0,1079.0,1084.71,694200,7530.03,33266, 393520, 56.69
GFLLIMITED, EQ, 10-Dec-2024,98.83,99.83,104.6,97.79,101.04,101.5,102.16,452472,462.24,5681, 185419, 40.98
GHCL, EQ, 10-Dec-2024,673.5,679.15,722.0,670.8,720.05,717.25,708.39,1629091,11540.26,53729, 733587, 45.03
GHCLTEXTIL, EQ, 10-Dec-2024,110.74,112.0,114.5,110.11,112.06,112.36,112.4,599201,673.53,10511, 246578, 41.15
GICHSGFIN, EQ, 10-Dec-2024,222.31,223.99,224.78,220.02,221.0,221.61,221.37,145512,322.12,4598, 68034, 46.75
GICRE, EQ, 10-Dec-2024,413.9,415.05,429.9,411.0,426.2,425.95,422.19,1890746,7982.5,43380, 1173919, 62.09
GILLANDERS, EQ, 10-Dec-2024,126.56,126.77,129.01,120.23,126.0,127.42,123.82,67180,83.18,1211, 33174, 49.38
GILLETTE, EQ, 10-Dec-2024,9856.2,9879.2,10182.95,9792.95,10000.0,9997.2,10024.19,32370,3244.83,11393, 7922, 24.47
GILT5YBEES, EQ, 10-Dec-2024,58.71,58.71,59.95,58.67,58.9,59.16,58.85,853133,502.09,1112, 482392, 56.54
GINNIFILA, EQ, 10-Dec-2024,31.81,31.8,32.55,31.11,32.15,32.14,32.12,117157,37.63,1088, 56221, 47.99
GIPCL, EQ, 10-Dec-2024,215.08,216.0,226.8,213.75,225.96,225.55,222.07,1129442,2508.11,18329, 589854, 52.23
GKWLIMITED, EQ, 10-Dec-2024,2694.1,2669.0,2714.3,2652.7,2655.0,2661.85,2678.82,539,14.44,151, 369, 68.46
GLAND, EQ, 10-Dec-2024,1791.95,1791.0,1800.0,1756.05,1770.0,1760.85,1769.05,90671,1604.02,12230, 53129, 58.60
GLAXO, EQ, 10-Dec-2024,2327.55,2336.35,2346.6,2320.55,2328.7,2328.55,2331.53,52943,1234.38,8819, 32517, 61.42
GLENMARK, EQ, 10-Dec-2024,1514.15,1535.0,1576.5,1521.0,1544.05,1542.65,1551.69,1775510,27550.4,73898, 605695, 34.11
GLOBAL, EQ, 10-Dec-2024,204.52,90.0,90.0,79.81,87.5,86.04,83.68,318974,266.91,5570, 182090, 57.09
GLOBE, EQ, 10-Dec-2024,4.93,5.0,5.42,4.98,5.42,5.42,5.36,4132941,221.7,2584, 2588626, 62.63
GLOBUSSPR, EQ, 10-Dec-2024,897.9,895.0,920.0,859.1,918.6,910.75,887.63,259610,2304.38,11981, 95902, 36.94
GLOSTERLTD, EQ, 10-Dec-2024,733.4,733.0,744.95,724.7,741.0,741.15,735.74,1802,13.26,294, 1174, 65.15
GLS, EQ, 10-Dec-2024,1029.75,1030.0,1046.0,1012.0,1040.0,1039.9,1027.44,131756,1353.71,13062, 68472, 51.97
GMBREW, EQ, 10-Dec-2024,820.15,824.5,837.95,820.6,835.55,833.65,830.3,37579,312.02,2703, 20548, 54.68
GMDCLTD, EQ, 10-Dec-2024,362.05,363.55,368.25,360.3,366.2,366.5,364.38,925131,3371.0,18183, 407840, 44.08
GMMPFAUDLR, EQ, 10-Dec-2024,1250.3,1252.7,1305.0,1250.35,1285.0,1287.9,1280.01,183264,2345.79,8661, 127562, 69.61
GMRINFRA, EQ, 10-Dec-2024,86.2,86.2,86.4,84.51,85.15,85.13,85.19,7434198,6332.94,30029, 3304756, 44.45
GMRP&UI, EQ, 10-Dec-2024,115.15,115.68,115.68,112.41,113.0,113.53,113.48,2268042,2573.82,9175, 1714705, 75.60
GNA, EQ, 10-Dec-2024,443.75,444.0,447.6,434.95,435.0,435.6,441.87,36018,159.15,1976, 20076, 55.74
GNFC, EQ, 10-Dec-2024,622.4,624.95,632.25,620.0,629.25,628.55,627.94,550034,3453.89,14743, 271093, 49.29
GOACARBON, EQ, 10-Dec-2024,710.7,713.45,751.95,705.0,744.9,740.35,737.96,193987,1431.55,8657, 55161, 28.44
GOCLCORP, EQ, 10-Dec-2024,411.6,411.6,412.65,403.0,405.75,406.7,406.44,16508,67.1,869, 10068, 60.99
GOCOLORS, EQ, 10-Dec-2024,1084.15,1075.0,1118.95,1075.0,1112.0,1100.3,1090.2,17932,195.49,2005, 12459, 69.48
GODAVARIB, EQ, 10-Dec-2024,393.25,393.0,393.85,380.0,382.6,384.75,386.58,369198,1427.24,7736, 167018, 45.24
GODFRYPHLP, EQ, 10-Dec-2024,5677.75,5694.0,5825.0,5610.0,5814.0,5800.65,5761.12,52001,2995.84,13719, 18697, 35.96
GODIGIT, EQ, 10-Dec-2024,349.95,352.75,357.0,339.4,339.95,340.5,345.61,1666909,5760.97,27055, 1328511, 79.70
GODREJAGRO, EQ, 10-Dec-2024,766.85,767.0,793.0,763.1,788.5,789.1,781.91,439656,3437.71,26987, 192547, 43.79
GODREJCP, EQ, 10-Dec-2024,1127.85,1130.0,1136.7,1122.8,1133.15,1133.85,1131.91,2182449,24703.33,67231, 1326480, 60.78
GODREJIND, EQ, 10-Dec-2024,1064.3,1065.0,1115.0,1061.55,1111.95,1102.9,1096.54,133485,1463.72,10169, 52819, 39.57
GODREJPROP, EQ, 10-Dec-2024,2842.95,2881.0,2910.1,2843.5,2895.0,2899.2,2883.82,985362,28416.02,68577, 400774, 40.67
GOKEX, EQ, 10-Dec-2024,1035.95,1045.0,1104.9,1040.1,1089.5,1097.45,1085.55,1251071,13581.04,64207, 635314, 50.78
GOKULAGRO, EQ, 10-Dec-2024,352.5,354.9,366.6,342.05,360.6,362.6,359.31,526906,1893.22,9714, 256945, 48.76
GOLD1, EQ, 10-Dec-2024,64.7,65.7,65.7,64.7,65.15,65.13,65.14,879985,573.23,1857, 822439, 93.46
GOLDBEES, EQ, 10-Dec-2024,64.29,65.14,66.7,64.57,64.62,64.67,64.73,9968255,6452.08,42291, 5584117, 56.02
GOLDCASE, EQ, 10-Dec-2024,12.21,12.33,12.33,12.24,12.28,12.27,12.27,717112,87.99,1800, 442183, 61.66
GOLDETF, EQ, 10-Dec-2024,75.48,76.19,76.2,75.6,75.75,75.84,75.86,176584,133.96,1367, 111064, 62.90
GOLDETFADD, EQ, 10-Dec-2024,75.49,76.49,76.49,75.54,75.88,75.87,75.88,45504,34.53,196, 38048, 83.61
GOLDIAM, EQ, 10-Dec-2024,420.35,424.25,428.45,411.9,417.55,419.8,418.89,604663,2532.86,10696, 216437, 35.79
GOLDIETF, EQ, 10-Dec-2024,66.27,67.25,67.25,66.41,66.54,66.68,66.64,2030654,1353.17,7102, 1563523, 77.00
GOLDSHARE, EQ, 10-Dec-2024,64.75,64.9,65.45,64.9,65.2,65.3,65.32,330125,215.62,910, 251527, 76.19
GOODLUCK, EQ, 10-Dec-2024,979.6,979.6,999.0,977.05,998.8,995.3,989.07,91295,902.97,6361, 51942, 56.89
GOPAL, EQ, 10-Dec-2024,452.85,453.9,464.8,447.45,452.95,451.35,453.11,344576,1561.31,11727, 163876, 47.56
GOYALALUM, EQ, 10-Dec-2024,11.22,11.8,11.8,11.12,11.23,11.17,11.46,862448,98.87,4234, 605933, 70.26
GPIL, EQ, 10-Dec-2024,221.62,223.97,235.0,222.17,230.0,230.41,230.51,8227391,18965.01,83691, 2921450, 35.51
GPPL, EQ, 10-Dec-2024,193.16,193.3,196.3,189.01,190.4,189.79,190.87,1824569,3482.63,22937, 1058890, 58.04
GPTHEALTH, EQ, 10-Dec-2024,184.44,185.0,186.72,180.75,184.01,182.93,183.11,126989,232.53,2413, 59924, 47.19
GPTINFRA, EQ, 10-Dec-2024,148.97,151.3,151.96,147.01,149.99,149.12,149.27,108872,162.52,3256, 59217, 54.39
GRANULES, EQ, 10-Dec-2024,580.1,579.95,584.75,575.1,582.0,582.8,581.01,1223848,7110.68,13805, 585351, 47.83
GRAPHITE, EQ, 10-Dec-2024,568.0,568.0,569.8,558.1,566.6,567.3,564.18,958262,5406.29,21149, 272326, 28.42
GRASIM, EQ, 10-Dec-2024,2681.4,2702.9,2708.0,2641.1,2654.0,2655.3,2655.64,637387,16926.7,49376, 421922, 66.20
GRAVITA, EQ, 10-Dec-2024,2257.75,2278.65,2306.0,2224.0,2287.95,2288.45,2261.15,338997,7665.21,29360, 196778, 58.05
GREAVESCOT, EQ, 10-Dec-2024,213.24,228.4,254.38,224.0,252.7,251.61,243.34,63756619,155146.0,353385, 8015971, 12.57
GREENLAM, EQ, 10-Dec-2024,584.8,585.0,590.0,580.35,589.0,586.8,586.34,10897,63.89,1184, 5552, 50.95
GREENPANEL, EQ, 10-Dec-2024,349.3,354.55,409.9,348.15,394.0,393.65,381.57,1060092,4045.03,57474, 295359, 27.86
GREENPLY, EQ, 10-Dec-2024,326.3,326.05,343.0,323.5,340.3,339.85,334.38,278830,932.35,13644, 99558, 35.71
GREENPOWER, EQ, 10-Dec-2024,18.83,18.98,19.13,18.5,18.74,18.77,18.72,6141022,1149.81,16503, 2509324, 40.86
GRINDWELL, EQ, 10-Dec-2024,2161.85,2169.0,2199.0,2133.8,2182.0,2160.2,2171.16,31513,684.2,5841, 15907, 50.48
GRINFRA, EQ, 10-Dec-2024,1643.75,1648.0,1655.9,1605.5,1621.0,1611.65,1617.39,19341,312.82,2770, 11382, 58.85
GRMOVER, EQ, 10-Dec-2024,221.17,222.7,222.7,214.66,216.85,216.5,217.64,102674,223.46,3485, 25718, 25.05
GROWWDEFNC, EQ, 10-Dec-2024,69.63,70.6,70.6,68.96,69.54,69.44,69.28,140883,97.61,2362, 109649, 77.83
GROWWEV, EQ, 10-Dec-2024,31.41,31.71,31.71,30.8,31.48,31.43,31.34,419493,131.46,4181, 319004, 76.05
GROWWGOLD, EQ, 10-Dec-2024,76.19,77.44,77.44,76.3,76.56,76.71,76.71,85297,65.43,1779, 59605, 69.88
GROWWLIQID, EQ, 10-Dec-2024,101.38,102.5,102.5,101.38,101.39,101.39,101.4,35982,36.48,227, 31371, 87.19
GRPLTD, EQ, 10-Dec-2024,3107.1,3107.05,3149.0,3100.0,3149.0,3148.35,3130.51,1635,51.18,290, 1249, 76.39
GRSE, EQ, 10-Dec-2024,1754.85,1757.7,1774.0,1710.0,1766.0,1751.25,1733.96,464724,8058.13,33894, 162043, 34.87
GRWRHITECH, EQ, 10-Dec-2024,5038.5,5085.1,5299.0,5010.05,5199.95,5226.65,5198.2,173890,9039.15,24148, 80320, 46.19
GSEC10IETF, EQ, 10-Dec-2024,242.0,242.0,243.9,242.0,243.72,242.85,242.64,6539,15.87,18, 4032, 61.66
GSEC10YEAR, EQ, 10-Dec-2024,27.47,27.79,27.79,27.33,27.41,27.62,27.7,4193,1.16,42, 4165, 99.33
GSEC5IETF, EQ, 10-Dec-2024,58.94,58.94,59.24,58.55,59.14,59.12,59.0,183,0.11,13, 143, 78.14
GSFC, EQ, 10-Dec-2024,218.85,219.8,222.75,217.8,220.99,220.73,220.49,1460716,3220.72,18850, 472296, 32.33
GSLSU, EQ, 10-Dec-2024,183.37,183.4,185.5,182.0,182.6,183.28,183.65,36538,67.1,1089, 18523, 50.70
GSPL, EQ, 10-Dec-2024,371.25,371.15,389.8,368.3,389.8,386.85,381.84,1871410,7145.77,36377, 833048, 44.51
GSS, EQ, 10-Dec-2024,71.44,70.75,72.5,68.6,69.28,69.49,70.5,215032,151.6,2024, 134527, 62.56
GTL, EQ, 10-Dec-2024,13.94,14.15,14.3,13.6,13.89,13.89,14.02,1447043,202.94,4358, 514953, 35.59
GTLINFRA, EQ, 10-Dec-2024,2.32,2.32,2.33,2.21,2.24,2.23,2.25,53528677,1203.4,32797, 29411494, 54.95
GTPL, EQ, 10-Dec-2024,147.69,148.25,148.86,145.8,147.4,146.87,147.14,14499,21.33,776, 8255, 56.93
GUFICBIO, EQ, 10-Dec-2024,435.65,436.0,442.8,431.5,440.0,440.95,437.71,31487,137.82,1471, 14188, 45.06
GUJALKALI, EQ, 10-Dec-2024,808.85,803.0,809.95,784.25,792.15,790.15,790.02,190117,1501.97,15119, 108181, 56.90
GUJAPOLLO, EQ, 10-Dec-2024,351.4,352.3,361.1,343.0,353.0,347.3,353.95,23228,82.22,830, 15192, 65.40
GUJGASLTD, EQ, 10-Dec-2024,508.15,508.15,516.85,504.65,512.05,511.95,511.24,1338824,6844.65,31863, 396659, 29.63
GUJRAFFIA, EQ, 10-Dec-2024,61.49,67.63,67.63,65.5,67.63,67.63,67.62,72344,48.92,183, 52978, 73.23
GULFOILLUB, EQ, 10-Dec-2024,1153.75,1153.75,1164.9,1139.05,1156.0,1153.5,1150.7,100246,1153.53,8584, 46522, 46.41
GULFPETRO, EQ, 10-Dec-2024,61.66,61.27,62.5,59.7,61.2,60.63,60.63,485002,294.04,4503, 320775, 66.14
GULPOLY, EQ, 10-Dec-2024,183.9,184.35,185.55,181.31,184.0,184.04,183.56,69990,128.47,1847, 34027, 48.62
GVPTECH, EQ, 10-Dec-2024,13.27,13.27,13.79,13.0,13.0,13.06,13.25,71209,9.43,459, 60123, 84.43
HAL, EQ, 10-Dec-2024,4618.95,4627.0,4649.9,4601.0,4620.0,4627.7,4626.93,1313990,60797.4,94215, 787795, 59.95
HAPPSTMNDS, EQ, 10-Dec-2024,762.1,763.0,777.75,757.2,759.15,761.5,766.74,735186,5636.93,28125, 413811, 56.29
HAPPYFORGE, EQ, 10-Dec-2024,1101.5,1111.0,1119.0,1077.05,1115.9,1111.6,1097.17,13022,142.87,3069, 6466, 49.65
HARDWYN, EQ, 10-Dec-2024,32.0,32.15,32.47,31.9,32.0,31.99,32.03,933767,299.07,2924, 446227, 47.79
HARIOMPIPE, EQ, 10-Dec-2024,572.6,572.95,584.8,572.95,583.3,578.75,579.07,63551,368.01,3102, 30650, 48.23
HARSHA, EQ, 10-Dec-2024,533.65,533.65,536.8,519.1,520.0,520.95,525.14,79706,418.57,2349, 55832, 70.05
HATHWAY, EQ, 10-Dec-2024,18.27,18.34,18.34,18.04,18.1,18.07,18.14,2253033,408.63,5215, 1207554, 53.60
HATSUN, EQ, 10-Dec-2024,1084.3,1089.9,1186.0,1089.9,1146.0,1166.45,1139.17,129398,1474.06,8637, 60759, 46.96
HAVELLS, EQ, 10-Dec-2024,1704.7,1704.8,1718.95,1699.95,1708.25,1709.0,1707.95,1160263,19816.66,52828, 801532, 69.08
HBLPOWER, EQ, 10-Dec-2024,675.3,677.75,692.4,665.1,674.0,672.2,675.98,2846600,19242.31,52272, 915589, 32.16
HBSL, EQ, 10-Dec-2024,106.55,111.32,117.2,111.0,117.2,117.2,116.15,49594,57.6,847, 27481, 55.41
HCC, EQ, 10-Dec-2024,46.12,46.0,47.07,45.55,46.79,46.85,46.51,27638418,12853.52,47424, 8214169, 29.72
HCG, EQ, 10-Dec-2024,506.3,506.0,506.0,494.15,502.95,503.25,501.76,199841,1002.72,6006, 108967, 54.53
HCLTECH, EQ, 10-Dec-2024,1909.9,1916.45,1942.8,1912.2,1937.0,1936.35,1931.39,2695207,52054.83,117737, 1903845, 70.64
HDFCAMC, EQ, 10-Dec-2024,4469.15,4475.7,4480.75,4400.0,4459.7,4456.5,4438.95,309645,13745.0,42283, 170236, 54.98
HDFCBANK, EQ, 10-Dec-2024,1870.0,1877.7,1877.7,1858.55,1867.65,1868.1,1867.3,6662740,124413.43,231195, 4095005, 61.46
HDFCBSE500, EQ, 10-Dec-2024,37.28,37.38,37.39,37.01,37.28,37.22,37.24,23020,8.57,335, 12961, 56.30
HDFCGOLD, EQ, 10-Dec-2024,66.28,66.53,67.92,66.45,66.63,66.69,66.71,2292430,1529.33,3532, 1751762, 76.42
HDFCGROWTH, EQ, 10-Dec-2024,124.13,124.48,124.94,123.99,124.49,124.34,124.32,3057,3.8,157, 2475, 80.96
HDFCLIFE, EQ, 10-Dec-2024,641.8,641.8,644.45,630.35,634.8,633.3,636.62,6158405,39205.4,128228, 4683682, 76.05
HDFCLIQUID, EQ, 10-Dec-2024,999.99,999.99,1000.01,999.99,1000.01,1000.0,1000.0,28145,281.45,37, 18695, 66.42
HDFCLOWVOL, EQ, 10-Dec-2024,19.89,19.88,20.19,19.78,20.19,19.91,19.89,31304,6.23,288, 29880, 95.45
HDFCMID150, EQ, 10-Dec-2024,21.85,22.0,22.09,21.82,22.01,21.95,21.92,275199,60.33,4237, 221996, 80.67
HDFCMOMENT, EQ, 10-Dec-2024,35.53,35.49,35.84,35.19,35.57,35.43,35.43,147970,52.42,1478, 87183, 58.92
HDFCNEXT50, EQ, 10-Dec-2024,73.46,73.88,73.93,71.79,73.74,73.66,73.58,55793,41.05,781, 29767, 53.35
HDFCNIF100, EQ, 10-Dec-2024,26.08,26.53,26.53,26.0,26.18,26.12,26.12,35570,9.29,428, 29128, 81.89
HDFCNIFBAN, EQ, 10-Dec-2024,54.36,54.87,54.87,54.31,54.54,54.56,54.52,17752,9.68,359, 15701, 88.45
HDFCNIFIT, EQ, 10-Dec-2024,46.25,47.17,47.17,45.63,45.63,46.49,46.54,38801,18.06,243, 35529, 91.57
HDFCNIFTY, EQ, 10-Dec-2024,272.1,272.49,272.99,271.09,272.1,271.92,272.15,31111,84.67,640, 20294, 65.23
HDFCPSUBK, EQ, 10-Dec-2024,71.39,71.35,72.45,71.1,71.91,71.81,71.67,44062,31.58,294, 28430, 64.52
HDFCPVTBAN, EQ, 10-Dec-2024,26.24,26.24,26.24,26.05,26.19,26.16,26.16,323845,84.72,494, 318314, 98.29
HDFCQUAL, EQ, 10-Dec-2024,58.91,58.91,59.97,58.6,58.9,58.75,58.81,17567,10.33,246, 15176, 86.39
HDFCSENSEX, EQ, 10-Dec-2024,90.81,91.39,91.39,89.43,90.54,90.61,90.62,25634,23.23,513, 17697, 69.04
HDFCSILVER, EQ, 10-Dec-2024,89.11,89.5,90.9,89.5,90.18,90.23,90.48,468810,424.17,2403, 323353, 68.97
HDFCSML250, EQ, 10-Dec-2024,185.03,185.79,185.97,184.13,184.97,184.93,184.91,409733,757.66,7655, 295662, 72.16
HDFCVALUE, EQ, 10-Dec-2024,144.46,149.7,149.7,144.1,144.6,144.59,144.76,6839,9.9,117, 5978, 87.41
HEADSUP, EQ, 10-Dec-2024,12.35,12.59,12.59,12.21,12.36,12.38,12.43,50046,6.22,558, 40382, 80.69
HEALTHADD, EQ, 10-Dec-2024,144.3,144.36,144.52,143.08,144.52,144.17,143.99,142,0.2,25, 103, 72.54
HEALTHIETF, EQ, 10-Dec-2024,146.42,150.8,150.8,145.75,146.72,146.4,146.39,60091,87.97,1062, 24088, 40.09
HEALTHY, EQ, 10-Dec-2024,14.67,14.84,14.85,14.55,14.7,14.68,14.68,224458,32.96,1521, 148685, 66.24
HEG, EQ, 10-Dec-2024,597.45,598.2,599.8,567.0,570.1,572.95,575.48,2409381,13865.51,41853, 777702, 32.28
HEIDELBERG, EQ, 10-Dec-2024,222.47,223.5,224.65,220.05,221.3,220.8,221.89,98830,219.29,5439, 49682, 50.27
HEMIPROP, EQ, 10-Dec-2024,177.63,177.98,178.73,175.0,175.95,175.48,176.31,298644,526.53,5721, 159345, 53.36
HERANBA, EQ, 10-Dec-2024,489.1,484.9,488.5,475.95,481.7,480.3,480.68,81221,390.41,2531, 44043, 54.23
HERITGFOOD, EQ, 10-Dec-2024,513.35,516.0,516.65,498.0,502.0,503.35,504.44,527835,2662.6,10392, 310511, 58.83
HEROMOTOCO, EQ, 10-Dec-2024,4595.95,4600.0,4614.95,4561.7,4597.0,4588.3,4582.52,384707,17629.26,41782, 252346, 65.59
HESTERBIO, EQ, 10-Dec-2024,2520.35,2524.05,2545.05,2466.0,2480.0,2479.15,2502.87,1939,48.53,512, 1147, 59.15
HEUBACHIND, EQ, 10-Dec-2024,548.45,548.95,551.95,545.1,547.0,548.7,548.0,40887,224.06,729, 24152, 59.07
HEXATRADEX, EQ, 10-Dec-2024,305.45,308.65,309.9,296.55,308.0,306.6,304.01,17791,54.09,1134, 10220, 57.44
HFCL, EQ, 10-Dec-2024,130.93,131.1,131.44,125.96,127.25,126.91,127.71,15473013,19760.33,67352, 5867320, 37.92
HGINFRA, EQ, 10-Dec-2024,1461.0,1470.1,1502.65,1437.6,1470.0,1454.15,1474.78,140396,2070.53,16746, 60671, 43.21
HGS, EQ, 10-Dec-2024,728.85,730.6,732.0,721.0,725.5,725.35,725.67,15926,115.57,1711, 9615, 60.37
HIKAL, EQ, 10-Dec-2024,433.6,435.3,442.8,427.7,432.25,432.0,434.49,532845,2315.14,19367, 158306, 29.71
HIL, EQ, 10-Dec-2024,2600.0,2616.9,2625.0,2565.35,2581.0,2577.4,2587.29,3886,100.54,1014, 2370, 60.99
HILTON, EQ, 10-Dec-2024,90.53,90.89,94.0,89.47,93.16,92.69,92.11,178871,164.76,1714, 119057, 66.56
HIMATSEIDE, EQ, 10-Dec-2024,210.8,212.6,219.74,210.3,214.0,213.61,214.53,5113152,10969.41,44937, 1778221, 34.78
HINDALCO, EQ, 10-Dec-2024,670.9,675.0,676.0,664.7,669.8,668.9,669.04,3950822,26432.43,75840, 2276967, 57.63
HINDCOMPOS, EQ, 10-Dec-2024,473.05,473.05,567.65,472.7,567.65,567.65,547.9,168936,925.6,5182, 41964, 24.84
HINDCON, EQ, 10-Dec-2024,50.97,50.99,51.61,50.1,50.26,50.61,50.52,66839,33.77,835, 40048, 59.92
HINDCOPPER, EQ, 10-Dec-2024,292.5,293.75,294.8,288.3,291.8,291.85,291.62,2769671,8076.94,25690, 971305, 35.07
HINDOILEXP, EQ, 10-Dec-2024,196.02,196.05,208.0,193.49,207.25,205.78,201.36,1171028,2358.0,22929, 605369, 51.70
HINDPETRO, EQ, 10-Dec-2024,399.7,400.0,406.35,397.25,404.35,404.9,402.54,6662197,26818.25,58000, 3882836, 58.28
HINDUNILVR, EQ, 10-Dec-2024,2400.75,2408.7,2413.0,2388.3,2399.45,2397.35,2398.37,2063838,49498.48,96177, 1539681, 74.60
HINDWAREAP, EQ, 10-Dec-2024,282.95,283.0,288.9,282.25,285.0,285.2,285.62,196858,562.27,3775, 133615, 67.87
HINDZINC, EQ, 10-Dec-2024,506.5,508.7,509.25,498.0,498.5,498.45,502.09,1326710,6661.23,48260, 749082, 56.46
HIRECT, EQ, 10-Dec-2024,1497.35,1512.25,1539.05,1475.0,1496.0,1497.9,1508.3,44815,675.94,4906, 22650, 50.54
HISARMETAL, EQ, 10-Dec-2024,188.77,188.49,205.0,188.49,201.1,200.93,197.9,47954,94.9,1302, 27419, 57.18
HITECH, EQ, 10-Dec-2024,169.26,169.9,177.86,169.9,172.07,172.12,173.13,2389926,4137.58,19607, 1317864, 55.14
HITECHCORP, EQ, 10-Dec-2024,249.46,250.01,253.8,246.0,250.0,249.63,249.56,15470,38.61,1069, 9640, 62.31
HLEGLAS, EQ, 10-Dec-2024,403.65,405.0,409.95,397.65,401.8,399.6,401.05,101723,407.96,3691, 56183, 55.23
HLVLTD, EQ, 10-Dec-2024,19.75,19.97,19.97,18.56,19.41,19.37,19.59,707594,138.62,3590, 316433, 44.72
HMAAGRO, EQ, 10-Dec-2024,45.63,46.0,46.0,44.45,44.88,44.79,44.94,434766,195.4,2881, 253428, 58.29
HMVL, EQ, 10-Dec-2024,95.52,97.3,97.3,94.0,94.99,94.89,95.11,29842,28.38,840, 19286, 64.63
HNDFDS, EQ, 10-Dec-2024,569.65,572.05,592.8,566.95,585.5,585.7,580.84,461977,2683.34,7233, 409447, 88.63
HNGSNGBEES, EQ, 10-Dec-2024,354.39,354.39,366.0,354.39,356.6,356.05,360.68,480614,1733.46,9189, 288299, 59.99
HOMEFIRST, EQ, 10-Dec-2024,1036.25,1023.05,1036.7,1003.15,1018.5,1022.25,1020.7,580430,5924.47,79994, 336198, 57.92
HONASA, EQ, 10-Dec-2024,265.05,265.6,266.35,252.5,255.0,255.55,256.79,1697430,4358.79,44161, 871029, 51.31
HONAUT, EQ, 10-Dec-2024,40776.6,41172.0,41744.4,40920.0,41369.95,41390.3,41374.06,6958,2878.81,3542, 3516, 50.53
HONDAPOWER, EQ, 10-Dec-2024,3171.85,3200.0,3220.8,3155.0,3178.6,3188.25,3183.55,3430,109.2,971, 1935, 56.41
HOVS, EQ, 10-Dec-2024,71.5,71.5,75.07,71.5,75.07,75.07,74.5,33154,24.7,316, 25603, 77.22
HPAL, EQ, 10-Dec-2024,83.74,84.79,84.79,82.27,83.3,82.97,83.04,90132,74.85,1934, 49352, 54.76
HPIL, EQ, 10-Dec-2024,178.43,178.51,193.0,166.0,169.4,170.93,185.93,196791,365.9,3555, 35528, 18.05
HPL, EQ, 10-Dec-2024,584.0,584.1,585.35,568.8,573.4,572.2,572.99,223298,1279.48,15173, 107268, 48.04
HSCL, EQ, 10-Dec-2024,565.3,570.0,570.05,553.05,566.6,565.4,561.21,587714,3298.34,22218, 218349, 37.15
HTMEDIA, EQ, 10-Dec-2024,25.14,25.4,25.4,24.51,24.99,24.93,25.02,131154,32.82,701, 80809, 61.61
HUDCO, EQ, 10-Dec-2024,247.59,247.9,255.8,244.4,253.85,254.26,251.5,10174546,25588.83,74317, 3995147, 39.27
HUHTAMAKI, EQ, 10-Dec-2024,302.1,302.55,308.0,296.1,299.65,299.55,303.36,149345,453.05,3295, 54663, 36.60
HYUNDAI, EQ, 10-Dec-2024,1826.65,1829.95,1842.95,1820.0,1832.3,1833.45,1832.61,367019,6726.03,34531, 212002, 57.76
ICDSLTD, EQ, 10-Dec-2024,52.24,52.25,54.5,51.01,51.01,52.11,53.01,15294,8.11,1088, 5916, 38.68
ICEMAKE, EQ, 10-Dec-2024,838.95,841.75,845.25,824.5,825.7,832.75,834.43,24429,203.84,2035, 11498, 47.07
ICICIB22, EQ, 10-Dec-2024,115.54,116.5,116.5,114.78,115.4,115.33,115.1,880689,1013.69,4634, 743929, 84.47
ICICIBANK, EQ, 10-Dec-2024,1322.3,1319.0,1332.0,1315.25,1331.35,1330.45,1327.71,8218214,109113.94,157320, 5774561, 70.27
ICICIGI, EQ, 10-Dec-2024,1962.2,1969.0,1969.0,1927.2,1942.5,1945.8,1945.49,347391,6758.44,28223, 222376, 64.01
ICICIPRULI, EQ, 10-Dec-2024,676.2,684.7,694.9,677.3,681.8,681.0,685.61,1296860,8891.36,36590, 442779, 34.14
ICIL, EQ, 10-Dec-2024,390.5,400.0,406.9,385.05,390.0,394.25,395.98,1453081,5753.94,52250, 410014, 28.22
ICRA, EQ, 10-Dec-2024,6656.95,6601.15,6739.0,6601.15,6626.0,6645.95,6686.68,2963,198.13,1953, 1704, 57.51
IDBI, EQ, 10-Dec-2024,85.07,85.32,85.8,84.16,84.65,84.54,84.76,4535973,3844.79,18470, 1797672, 39.63
IDEA, EQ, 10-Dec-2024,8.09,8.3,8.3,8.02,8.1,8.08,8.1,363303722,29433.84,190989, 108763722, 29.94
IDEAFORGE, EQ, 10-Dec-2024,634.45,636.8,638.4,622.85,627.0,627.05,630.26,149850,944.44,9452, 54542, 36.40
IDFCFIRSTB, EQ, 10-Dec-2024,65.22,65.22,66.09,65.0,65.8,65.87,65.62,25327118,16618.8,73240, 16299843, 64.36
IDFNIFTYET, EQ, 10-Dec-2024,267.51,268.14,268.14,265.37,267.75,267.64,267.45,94,0.25,22, 90, 95.74
IEX, EQ, 10-Dec-2024,184.13,185.15,187.98,184.16,186.0,186.13,186.43,8010978,14934.94,100430, 3574387, 44.62
IFBAGRO, EQ, 10-Dec-2024,571.95,572.7,574.9,555.05,573.1,573.3,568.71,4165,23.69,492, 2547, 61.15
IFBIND, EQ, 10-Dec-2024,1859.55,1865.0,1880.0,1815.5,1824.9,1830.05,1851.98,30621,567.1,4678, 12697, 41.47
IFCI, EQ, 10-Dec-2024,66.41,66.3,66.45,64.78,65.1,65.23,65.4,6060924,3963.63,26530, 2337827, 38.57
IFGLEXPOR, EQ, 10-Dec-2024,491.35,494.05,495.25,486.7,491.95,490.35,489.68,14259,69.82,794, 11023, 77.31
IGARASHI, EQ, 10-Dec-2024,796.4,796.9,801.95,770.15,780.45,778.8,782.14,89519,700.17,4519, 38921, 43.48
IGL, EQ, 10-Dec-2024,385.55,389.0,394.3,385.0,386.85,386.0,388.54,7814225,30361.44,118954, 3168572, 40.55
IGPL, EQ, 10-Dec-2024,600.2,604.0,604.0,579.95,595.0,587.9,591.83,24748,146.47,1694, 11839, 47.84
IIFL, EQ, 10-Dec-2024,432.6,433.05,448.1,431.65,447.1,442.75,440.46,4837569,21307.69,81227, 2561030, 52.94
IIFLCAPS, EQ, 10-Dec-2024,352.7,348.05,368.9,343.05,367.8,366.5,360.25,763975,2752.23,24004, 434888, 56.92
IKIO, EQ, 10-Dec-2024,273.1,272.1,273.35,267.0,268.75,268.55,269.24,78084,210.23,2840, 43278, 55.42
IMAGICAA, EQ, 10-Dec-2024,76.67,77.35,77.45,74.2,74.85,74.81,75.68,799065,604.75,6763, 434011, 54.31
IMFA, EQ, 10-Dec-2024,960.45,968.05,977.0,947.05,970.0,967.15,964.0,142723,1375.85,11578, 54856, 38.44
IMPAL, EQ, 10-Dec-2024,1216.7,1221.2,1234.0,1205.95,1221.0,1223.55,1217.95,741,9.03,158, 557, 75.17
INCREDIBLE, EQ, 10-Dec-2024,48.46,48.66,49.89,48.12,48.62,48.64,48.93,33455,16.37,583, 20333, 60.78
INDBANK, EQ, 10-Dec-2024,47.82,48.1,53.0,48.04,49.31,49.57,50.78,733172,372.31,5191, 278650, 38.01
INDGN, EQ, 10-Dec-2024,593.1,595.0,601.7,586.0,589.0,590.75,592.32,701563,4155.48,27108, 304984, 43.47
INDHOTEL, EQ, 10-Dec-2024,837.2,832.5,841.85,828.5,838.65,838.55,836.61,2554205,21368.66,67980, 1788139, 70.01
INDIACEM, EQ, 10-Dec-2024,345.75,347.5,348.05,341.5,344.0,344.15,344.14,623904,2147.12,12314, 282598, 45.30
INDIAGLYCO, EQ, 10-Dec-2024,1436.0,1450.0,1516.0,1444.0,1471.0,1473.3,1484.97,386282,5736.17,28847, 146042, 37.81
INDIAMART, EQ, 10-Dec-2024,2371.15,2371.0,2405.65,2361.2,2378.1,2377.35,2383.55,160737,3831.24,17022, 82436, 51.29
INDIANB, EQ, 10-Dec-2024,597.7,598.65,603.9,590.25,596.9,596.85,597.38,1464751,8750.13,33696, 362043, 24.72
INDIANCARD, EQ, 10-Dec-2024,324.7,328.8,337.0,306.2,326.0,326.75,327.6,47662,156.14,1365, 32237, 67.64
INDIANHUME, EQ, 10-Dec-2024,439.6,442.85,451.85,431.6,439.95,439.75,440.65,69435,305.97,3435, 25683, 36.99
INDIASHLTR, EQ, 10-Dec-2024,685.55,685.55,709.0,680.1,708.0,699.85,689.76,172735,1191.46,8034, 102086, 59.10
INDIGO, EQ, 10-Dec-2024,4489.45,4475.0,4501.0,4454.9,4473.45,4477.0,4475.63,651287,29149.18,55068, 473063, 72.64
INDIGOPNTS, EQ, 10-Dec-2024,1415.5,1430.95,1475.0,1420.65,1474.0,1460.85,1448.68,135101,1957.18,12042, 76166, 56.38
INDNIPPON, EQ, 10-Dec-2024,742.4,750.75,750.75,732.05,733.6,734.65,742.69,15479,114.96,1336, 10375, 67.03
INDOAMIN, EQ, 10-Dec-2024,200.2,198.11,199.98,194.05,195.97,195.35,196.38,197932,388.69,3034, 85782, 43.34
INDOBORAX, EQ, 10-Dec-2024,207.37,207.0,208.5,203.0,204.0,203.21,204.41,64147,131.13,1980, 40964, 63.86
INDOCO, EQ, 10-Dec-2024,318.75,316.1,343.55,316.1,342.15,338.8,332.17,226377,751.96,4967, 136623, 60.35
INDORAMA, EQ, 10-Dec-2024,45.86,45.9,46.48,45.49,46.0,46.05,45.81,200622,91.91,1422, 124790, 62.20
INDOSTAR, EQ, 10-Dec-2024,315.35,312.2,320.8,306.55,311.75,309.4,312.91,205552,643.19,5043, 124566, 60.60
INDOTHAI, EQ, 10-Dec-2024,1141.3,1141.35,1161.0,1139.0,1139.0,1139.1,1144.31,10779,123.35,487, 8218, 76.24
INDOUS, EQ, 10-Dec-2024,339.0,359.95,388.4,347.5,363.15,367.5,371.11,448711,1665.22,13367, 80192, 17.87
INDOWIND, EQ, 10-Dec-2024,24.61,24.85,24.85,23.68,23.98,23.93,24.19,368130,89.04,2456, 208451, 56.62
INDRAMEDCO, EQ, 10-Dec-2024,511.45,516.2,517.95,506.55,508.65,510.35,510.9,179212,915.59,6082, 69085, 38.55
INDSWFTLTD, EQ, 10-Dec-2024,32.5,32.0,32.0,29.75,30.2,30.14,30.74,1203362,369.93,7541, 517454, 43.00
INDTERRAIN, EQ, 10-Dec-2024,53.93,53.12,56.38,53.12,55.51,55.67,54.82,246028,134.88,2779, 126049, 51.23
INDUSINDBK, EQ, 10-Dec-2024,982.6,983.0,988.4,979.1,983.6,984.3,983.98,3843321,37817.38,99395, 2345725, 61.03
INDUSTOWER, EQ, 10-Dec-2024,362.15,362.45,362.75,355.0,360.4,360.05,358.57,9563283,34291.2,95365, 5488668, 57.39
INFIBEAM, EQ, 10-Dec-2024,28.84,29.0,29.55,28.25,28.42,28.38,28.88,18456207,5329.58,29148, 11021079, 59.71
INFOBEAN, EQ, 10-Dec-2024,439.7,442.3,468.0,442.3,460.0,458.0,460.84,78140,360.1,5378, 32609, 41.73
INFRABEES, EQ, 10-Dec-2024,925.99,925.0,925.79,917.95,921.01,921.53,920.64,10736,98.84,754, 6169, 57.46
INFRAIETF, EQ, 10-Dec-2024,91.75,91.75,92.1,90.89,91.75,91.26,91.27,177470,161.97,1745, 85120, 47.96
INFY, EQ, 10-Dec-2024,1923.65,1939.0,1965.6,1932.0,1947.1,1948.55,1947.08,6174921,120230.85,219707, 3769961, 61.05
INGERRAND, EQ, 10-Dec-2024,4506.2,4506.2,4600.0,4472.4,4490.0,4481.35,4518.04,22472,1015.29,4973, 9520, 42.36
INNOVACAP, EQ, 10-Dec-2024,1071.5,1069.0,1112.0,1058.05,1090.0,1089.05,1084.24,92103,998.62,12459, 40493, 43.96
INOXGREEN, EQ, 10-Dec-2024,180.22,180.0,180.8,174.0,174.11,174.69,176.76,1661949,2937.7,14315, 650179, 39.12
INOXINDIA, EQ, 10-Dec-2024,1183.2,1200.0,1225.0,1190.0,1197.4,1194.7,1204.61,155172,1869.21,15646, 57093, 36.79
INOXWIND, EQ, 10-Dec-2024,208.67,208.67,213.6,205.71,207.8,208.19,209.15,5879681,12297.14,54537, 1792860, 30.49
INSECTICID, EQ, 10-Dec-2024,772.35,781.75,784.6,763.65,777.3,781.1,777.32,38631,300.29,2485, 15956, 41.30
INSPIRISYS, EQ, 10-Dec-2024,114.77,116.89,117.69,114.1,115.0,114.31,115.58,12442,14.38,189, 10552, 84.81
INTELLECT, EQ, 10-Dec-2024,793.15,793.9,868.45,792.45,857.0,852.7,835.01,1261373,10532.59,54286, 347930, 27.58
INTENTECH, EQ, 10-Dec-2024,146.11,153.0,154.9,140.57,143.64,142.48,146.6,117427,172.14,1440, 59239, 50.45
INTERARCH, EQ, 10-Dec-2024,1658.5,1658.5,1658.5,1615.05,1654.5,1649.9,1636.21,112865,1846.71,9966, 44252, 39.21
INTLCONV, EQ, 10-Dec-2024,85.19,85.77,86.51,84.5,84.5,85.1,85.51,124199,106.2,1982, 68911, 55.48
INVENTURE, EQ, 10-Dec-2024,2.28,2.3,2.3,2.23,2.25,2.24,2.25,2406776,54.25,2286, 1447785, 60.15
IOB, EQ, 10-Dec-2024,57.48,57.48,57.99,56.61,56.8,56.87,57.16,5493375,3139.88,20763, 1637733, 29.81
IOC, EQ, 10-Dec-2024,142.33,142.1,144.44,141.93,143.25,143.54,143.43,13694082,19641.79,100990, 6936884, 50.66
IOLCP, EQ, 10-Dec-2024,383.2,383.45,386.5,376.1,380.0,378.05,380.64,224215,853.46,8876, 121473, 54.18
IONEXCHANG, EQ, 10-Dec-2024,719.3,726.0,739.5,711.7,737.0,729.15,723.79,600745,4348.16,29266, 327727, 54.55
IPCALAB, EQ, 10-Dec-2024,1523.75,1517.85,1554.75,1517.85,1535.0,1534.35,1539.86,311718,4800.02,26951, 158293, 50.78
IPL, EQ, 10-Dec-2024,191.43,192.0,193.56,188.0,190.49,189.87,190.12,1232664,2343.56,3444, 1108588, 89.93
IRB, EQ, 10-Dec-2024,59.4,60.5,61.99,58.04,58.95,58.75,59.79,70371941,42072.75,148108, 16126622, 22.92
IRCON, EQ, 10-Dec-2024,227.35,228.25,228.25,221.55,223.0,222.64,223.68,3476431,7775.98,35746, 1192793, 34.31
IRCTC, EQ, 10-Dec-2024,833.7,838.7,847.75,833.05,835.4,835.0,837.76,1006094,8428.65,34684, 526305, 52.31
IREDA, EQ, 10-Dec-2024,221.81,222.0,223.5,217.05,222.11,221.15,219.37,6277101,13769.93,56597, 2378276, 37.89
IRFC, EQ, 10-Dec-2024,159.2,159.64,159.93,155.3,156.89,156.85,156.84,16690253,26176.8,107587, 5512944, 33.03
IRISDOREME, EQ, 10-Dec-2024,66.02,65.16,67.44,65.16,66.25,66.36,66.12,77255,51.08,891, 14360, 18.59
IRMENERGY, EQ, 10-Dec-2024,387.2,386.0,391.2,384.5,386.45,385.3,386.42,25250,97.57,1380, 12118, 47.99
ISEC, EQ, 10-Dec-2024,882.35,886.95,886.95,876.75,881.0,882.35,881.32,283375,2497.44,12238, 147711, 52.13
ISGEC, EQ, 10-Dec-2024,1523.5,1540.0,1675.55,1540.0,1579.0,1569.95,1591.54,792552,12613.8,48772, 373046, 47.07
IT, EQ, 10-Dec-2024,47.81,47.99,48.38,47.61,48.2,48.2,48.2,63446,30.58,607, 54332, 85.64
ITBEES, EQ, 10-Dec-2024,48.09,48.39,48.7,48.1,48.52,48.48,48.44,4252289,2059.99,12519, 2511155, 59.05
ITC, EQ, 10-Dec-2024,464.95,465.35,466.45,462.6,465.35,465.45,464.64,8823805,40999.16,137180, 5803821, 65.77
ITDC, EQ, 10-Dec-2024,675.85,677.6,682.65,655.1,657.0,657.15,663.46,19273,127.87,1509, 10707, 55.55
ITDCEM, EQ, 10-Dec-2024,506.35,508.75,517.25,506.1,516.0,515.5,511.92,410656,2102.22,11275, 234554, 57.12
ITETF, EQ, 10-Dec-2024,45.82,46.0,46.35,45.8,46.25,46.16,46.12,89461,41.26,702, 76706, 85.74
ITETFADD, EQ, 10-Dec-2024,45.74,46.1,46.48,45.24,46.11,46.11,46.09,22392,10.32,176, 20713, 92.50
ITI, EQ, 10-Dec-2024,368.1,385.0,404.0,379.25,383.5,389.9,393.4,82140681,323138.27,744732, 3955519, 4.82
ITIETF, EQ, 10-Dec-2024,48.03,48.51,48.7,47.82,48.6,48.57,48.56,1467440,712.64,1562, 1129916, 77.00
IVC, EQ, 10-Dec-2024,11.95,12.44,12.44,11.76,11.9,11.87,11.95,325860,38.93,1619, 214478, 65.82
IVP, EQ, 10-Dec-2024,227.44,227.41,238.7,225.59,228.01,228.8,230.38,20738,47.78,1093, 10729, 51.74
IVZINGOLD, EQ, 10-Dec-2024,6730.05,6780.0,6815.0,6779.95,6789.95,6789.95,6795.68,1621,110.16,45, 1550, 95.62
IVZINNIFTY, EQ, 10-Dec-2024,2782.94,2782.0,2782.94,2759.85,2774.0,2774.0,2781.81,366,10.18,11, 363, 99.18
IWEL, EQ, 10-Dec-2024,11490.65,11401.65,11629.7,11277.1,11538.0,11507.5,11365.81,18574,2111.08,1371, 17374, 93.54
IXIGO, EQ, 10-Dec-2024,141.35,142.0,145.2,140.0,144.0,144.13,143.56,1840124,2641.61,12431, 1235026, 67.12
IZMO, EQ, 10-Dec-2024,532.65,539.9,585.9,528.0,585.9,584.6,569.14,392027,2231.19,10514, 153372, 39.12
J&KBANK, EQ, 10-Dec-2024,105.06,105.3,106.2,104.01,104.55,104.43,104.98,1753128,1840.44,10727, 677996, 38.67
JAGRAN, EQ, 10-Dec-2024,89.35,89.35,90.42,88.15,88.98,88.66,89.43,244845,218.96,2210, 162087, 66.20
JAGSNPHARM, EQ, 10-Dec-2024,682.3,689.0,705.0,651.0,662.5,663.15,669.54,148516,994.37,8340, 63520, 42.77
JAIBALAJI, EQ, 10-Dec-2024,959.7,968.95,995.0,946.15,967.0,974.6,969.22,130601,1265.81,5562, 59479, 45.54
JAICORPLTD, EQ, 10-Dec-2024,370.9,372.2,381.5,369.2,376.55,377.4,376.12,762729,2868.77,20355, 186520, 24.45
JAIPURKURT, EQ, 10-Dec-2024,34.63,34.63,35.24,33.05,34.24,33.87,34.0,135147,45.94,1442, 72594, 53.71
JAMNAAUTO, EQ, 10-Dec-2024,103.67,104.0,104.7,103.0,103.7,103.32,103.76,1205117,1250.46,8567, 692818, 57.49
JASH, EQ, 10-Dec-2024,628.85,632.0,635.35,623.1,629.5,629.4,628.0,152467,957.49,6431, 67486, 44.26
JAYAGROGN, EQ, 10-Dec-2024,309.75,309.1,312.6,301.25,306.0,303.7,305.81,15617,47.76,821, 8841, 56.61
JAYBARMARU, EQ, 10-Dec-2024,91.38,91.59,92.09,90.58,91.32,91.19,91.08,139003,126.61,1886, 84878, 61.06
JAYNECOIND, EQ, 10-Dec-2024,42.91,42.5,44.7,36.42,44.23,43.78,40.97,2586840,1059.7,12098, 428449, 16.56
JAYSREETEA, EQ, 10-Dec-2024,141.37,141.74,142.75,137.41,140.0,140.03,140.14,184282,258.25,2389, 69019, 37.45
JBCHEPHARM, EQ, 10-Dec-2024,1782.65,1798.85,1807.15,1765.55,1805.0,1794.7,1793.57,279786,5018.15,23126, 200044, 71.50
JBMA, EQ, 10-Dec-2024,1615.0,1631.15,1750.0,1610.0,1748.75,1737.3,1723.72,1647908,28405.32,82261, 170879, 10.37
JCHAC, EQ, 10-Dec-2024,1961.75,1970.0,1970.0,1921.2,1940.0,1937.2,1937.56,17422,337.56,2178, 10389, 59.63
JETFREIGHT, EQ, 10-Dec-2024,17.89,18.2,18.39,17.6,17.75,17.8,17.88,78980,14.12,980, 46288, 58.61
JGCHEM, EQ, 10-Dec-2024,450.15,452.3,464.0,438.1,454.3,454.5,450.75,439980,1983.2,10610, 121356, 27.58
JHS, EQ, 10-Dec-2024,24.23,24.79,24.9,23.91,24.05,24.08,24.35,162413,39.55,1628, 75542, 46.51
JINDALPHOT, EQ, 10-Dec-2024,851.15,857.0,907.0,847.05,902.95,898.95,889.63,62440,555.48,5163, 21864, 35.02
JINDALPOLY, EQ, 10-Dec-2024,1058.15,1063.55,1150.0,1058.7,1068.0,1072.8,1105.74,879643,9726.56,44386, 311332, 35.39
JINDALSAW, EQ, 10-Dec-2024,337.35,338.4,342.8,331.45,334.25,335.05,335.81,887331,2979.75,37321, 496944, 56.00
JINDALSTEL, EQ, 10-Dec-2024,967.2,973.9,1011.45,973.0,1000.0,1002.35,999.06,4608726,46043.76,138820, 1265957, 27.47
JINDRILL, EQ, 10-Dec-2024,822.5,825.95,829.35,791.25,796.1,797.35,801.03,161625,1294.67,4063, 124692, 77.15
JINDWORLD, EQ, 10-Dec-2024,395.15,397.6,412.45,387.0,400.05,402.0,402.67,541648,2181.03,10710, 140808, 26.00
JIOFIN, EQ, 10-Dec-2024,336.85,337.0,337.95,333.65,334.85,335.1,335.35,7366133,24702.63,60655, 4756177, 64.57
JISLDVREQS, EQ, 10-Dec-2024,37.52,37.9,37.9,36.17,36.5,36.46,36.84,54295,20.0,707, 26687, 49.15
JISLJALEQS, EQ, 10-Dec-2024,74.41,74.41,74.63,71.17,71.8,71.93,72.32,4238244,3065.16,23414, 1859890, 43.88
JITFINFRA, EQ, 10-Dec-2024,787.5,781.0,798.1,750.1,765.0,768.95,769.95,23887,183.92,1687, 13457, 56.34
JKCEMENT, EQ, 10-Dec-2024,4562.95,4570.2,4609.65,4536.6,4608.0,4599.0,4578.61,62368,2855.59,14013, 31971, 51.26
JKIL, EQ, 10-Dec-2024,792.7,794.25,809.45,778.85,788.0,784.0,793.87,247677,1966.22,14760, 81942, 33.08
JKLAKSHMI, EQ, 10-Dec-2024,819.1,819.1,858.4,819.1,858.0,855.5,848.0,536345,4548.21,33067, 187289, 34.92
JKPAPER, EQ, 10-Dec-2024,484.9,483.0,484.35,462.55,465.3,465.65,470.1,1172817,5513.37,40271, 556394, 47.44
JKTYRE, EQ, 10-Dec-2024,420.8,423.5,423.5,409.95,412.85,412.75,415.81,1149140,4778.24,40324, 442277, 38.49
JLHL, EQ, 10-Dec-2024,1576.5,1565.55,1618.75,1550.4,1600.0,1597.9,1599.17,65868,1053.34,8273, 32533, 49.39
JMA, EQ, 10-Dec-2024,101.96,103.99,104.5,101.71,103.0,102.64,103.2,10806,11.15,279, 6568, 60.78
JMFINANCIL, EQ, 10-Dec-2024,143.4,144.2,145.19,139.35,141.0,140.41,141.59,5167137,7316.03,26836, 2054239, 39.76
JNKINDIA, EQ, 10-Dec-2024,610.8,610.95,626.0,610.1,619.0,616.35,618.09,44954,277.86,3476, 25269, 56.21
JOCIL, EQ, 10-Dec-2024,199.42,202.18,202.4,198.15,202.0,200.58,200.79,8201,16.47,283, 4530, 55.24
JPOLYINVST, EQ, 10-Dec-2024,911.25,908.0,965.5,908.0,930.8,935.65,935.02,56449,527.81,5866, 16619, 29.44
JPPOWER, EQ, 10-Dec-2024,18.75,18.8,19.3,18.41,19.22,19.06,18.82,55941974,10529.42,51300, 21701983, 38.79
JSFB, EQ, 10-Dec-2024,434.8,431.55,433.9,420.2,421.2,421.95,424.86,294428,1250.9,6841, 204632, 69.50
JSL, EQ, 10-Dec-2024,747.05,746.8,753.65,738.25,746.2,746.65,746.47,850485,6348.64,42078, 509625, 59.92
JSWENERGY, EQ, 10-Dec-2024,675.2,673.0,677.25,659.9,669.9,668.0,667.27,1923930,12837.8,44433, 991086, 51.51
JSWINFRA, EQ, 10-Dec-2024,331.6,332.7,338.05,324.55,329.35,328.1,331.53,2760087,9150.62,29143, 1893431, 68.60
JSWSTEEL, EQ, 10-Dec-2024,1011.9,1021.0,1023.5,1006.65,1013.1,1012.95,1014.27,2227505,22593.0,69338, 1076372, 48.32
JTEKTINDIA, EQ, 10-Dec-2024,170.07,170.0,173.0,169.62,171.28,171.42,171.44,116959,200.52,2657, 53199, 45.49
JTLIND, EQ, 10-Dec-2024,101.17,103.0,103.59,101.05,102.0,101.4,102.09,1178996,1203.66,13856, 717600, 60.87
JUBLFOOD, EQ, 10-Dec-2024,694.7,690.0,704.2,687.7,703.55,702.2,696.92,1608476,11209.78,67559, 840905, 52.28
JUBLINGREA, EQ, 10-Dec-2024,769.75,771.95,804.8,767.8,783.0,785.3,790.49,518839,4101.39,27154, 171641, 33.08
JUBLPHARMA, EQ, 10-Dec-2024,1165.05,1165.05,1185.0,1118.65,1149.0,1141.15,1154.38,167771,1936.72,18572, 85667, 51.06
JUNIORBEES, EQ, 10-Dec-2024,776.5,780.5,780.9,773.55,780.71,780.62,779.24,192396,1499.22,9039, 105827, 55.00
JUNIPER, EQ, 10-Dec-2024,371.95,372.95,372.95,357.05,359.3,359.35,361.12,111235,401.7,5089, 58340, 52.45
JUSTDIAL, EQ, 10-Dec-2024,1140.4,1140.4,1142.6,1082.55,1093.85,1088.0,1100.08,482579,5308.74,24086, 246110, 51.00
JWL, EQ, 10-Dec-2024,502.35,504.05,504.8,489.05,498.25,497.0,495.23,683865,3386.7,22702, 295033, 43.14
JYOTHYLAB, EQ, 10-Dec-2024,422.0,419.45,419.45,411.65,414.2,414.05,414.82,765048,3173.6,35726, 323654, 42.31
JYOTICNC, EQ, 10-Dec-2024,1335.45,1332.6,1344.4,1300.0,1301.2,1304.2,1316.93,177310,2335.05,19716, 98164, 55.36
JYOTISTRUC, EQ, 10-Dec-2024,34.3,34.44,34.48,32.11,32.6,32.5,32.78,10131637,3321.57,16505, 5600291, 55.28
KABRAEXTRU, EQ, 10-Dec-2024,517.25,519.3,519.35,505.5,512.0,511.95,511.59,91040,465.75,2923, 47399, 52.06
KAJARIACER, EQ, 10-Dec-2024,1157.3,1166.85,1218.85,1155.6,1212.55,1209.85,1194.42,391560,4676.85,27223, 210437, 53.74
KAKATCEM, EQ, 10-Dec-2024,193.42,193.42,197.44,192.15,193.25,193.31,194.51,3217,6.26,306, 1937, 60.21
KALAMANDIR, EQ, 10-Dec-2024,188.87,189.5,189.89,183.4,184.01,184.18,185.86,338821,629.74,5601, 178360, 52.64
KALYANKJIL, EQ, 10-Dec-2024,775.45,778.0,781.3,745.05,757.5,758.9,756.88,8400100,63578.45,182879, 2326837, 27.70
KAMATHOTEL, EQ, 10-Dec-2024,233.05,231.02,256.5,231.02,243.3,242.46,247.25,457884,1132.1,8547, 212593, 46.43
KAMDHENU, EQ, 10-Dec-2024,508.5,513.0,513.15,502.1,507.05,507.5,506.49,69618,352.61,2619, 33696, 48.40
KANANIIND, EQ, 10-Dec-2024,2.86,2.88,2.89,2.81,2.85,2.84,2.84,661492,18.81,1171, 418013, 63.19
KANORICHEM, EQ, 10-Dec-2024,117.8,119.05,121.5,117.01,120.2,120.77,119.39,76222,91.0,1740, 38242, 50.17
KANPRPLA, EQ, 10-Dec-2024,129.8,130.66,132.7,127.02,127.7,128.44,129.53,11545,14.95,509, 6473, 56.07
KANSAINER, EQ, 10-Dec-2024,273.3,270.0,273.25,259.0,264.1,263.3,263.66,2358320,6218.03,48083, 1266344, 53.70
KAPSTON, EQ, 10-Dec-2024,276.35,276.45,279.0,270.05,274.0,274.25,275.03,6413,17.64,298, 4632, 72.23
KARMAENG, EQ, 10-Dec-2024,71.74,72.73,76.0,70.89,73.5,74.65,74.0,23516,17.4,677, 16203, 68.90
KARURVYSYA, EQ, 10-Dec-2024,242.24,241.53,244.4,238.65,242.5,242.76,241.87,1720607,4161.58,23719, 1007156, 58.53
KAUSHALYA, EQ, 10-Dec-2024,1000.8,1007.6,1020.0,990.0,990.0,1001.6,1005.68,980,9.86,200, 735, 75.00
KAYNES, EQ, 10-Dec-2024,6294.6,6304.8,6440.0,6231.0,6340.0,6355.1,6333.86,308390,19532.99,36251, 80212, 26.01
KBCGLOBAL, EQ, 10-Dec-2024,2.4,2.4,2.43,2.26,2.26,2.28,2.34,20555510,480.63,4779, 8939097, 43.49
KCP, EQ, 10-Dec-2024,250.3,250.4,251.95,246.4,248.75,248.49,248.23,164519,408.38,4558, 82517, 50.16
KCPSUGIND, EQ, 10-Dec-2024,48.6,48.89,49.25,48.76,48.98,48.86,48.96,110419,54.06,1219, 80184, 72.62
KDDL, EQ, 10-Dec-2024,2942.5,2968.85,2969.0,2884.75,2905.0,2935.1,2941.91,9347,274.98,1961, 5999, 64.18
KEC, EQ, 10-Dec-2024,1183.85,1186.9,1238.0,1178.4,1218.0,1217.9,1211.68,1453072,17606.55,60768, 386582, 26.60
KECL, EQ, 10-Dec-2024,197.31,197.31,197.8,193.41,195.0,194.81,194.76,98787,192.4,2262, 49642, 50.25
KEI, EQ, 10-Dec-2024,4487.8,4476.05,4590.0,4400.0,4570.0,4559.2,4481.12,841918,37727.37,37264, 620638, 73.72
KELLTONTEC, EQ, 10-Dec-2024,162.76,163.99,164.7,159.2,162.55,163.27,162.3,1638507,2659.29,20137, 633688, 38.67
KERNEX, EQ, 10-Dec-2024,1194.75,1254.45,1254.45,1254.45,1254.45,1254.45,1254.45,8017,100.57,183, 8017, 100.00
KESORAMIND, EQ, 10-Dec-2024,228.04,227.0,228.18,224.89,226.0,226.29,226.3,755878,1710.59,10768, 522376, 69.11
KFINTECH, EQ, 10-Dec-2024,1266.35,1268.5,1268.55,1228.0,1250.1,1246.65,1241.81,527549,6551.14,37119, 239773, 45.45
KHADIM, EQ, 10-Dec-2024,386.25,387.25,388.25,372.55,376.8,374.35,379.12,25796,97.8,1774, 14668, 56.86
KHAICHEM, EQ, 10-Dec-2024,72.78,72.6,73.7,68.9,71.79,71.46,72.5,249755,181.08,2327, 80804, 32.35
KHAITANLTD, EQ, 10-Dec-2024,92.76,92.92,92.92,90.8,90.8,91.41,91.73,831,0.76,73, 723, 87.00
KHANDSE, EQ, 10-Dec-2024,28.59,29.35,29.35,28.51,28.97,28.84,28.9,11062,3.2,203, 9109, 82.34
KICL, EQ, 10-Dec-2024,6369.05,6337.0,6831.0,6305.4,6650.0,6653.15,6639.55,16066,1066.71,4759, 4920, 30.62
KILITCH, EQ, 10-Dec-2024,333.6,333.0,333.85,322.1,322.8,324.8,327.53,5550,18.18,417, 2863, 51.59
KIMS, EQ, 10-Dec-2024,622.85,630.9,634.65,612.95,616.8,614.9,626.53,1093682,6852.22,29004, 799293, 73.08
KINGFA, EQ, 10-Dec-2024,3297.7,3310.65,3366.0,3211.2,3243.9,3239.55,3252.96,4288,139.49,1036, 2332, 54.38
KIOCL, EQ, 10-Dec-2024,385.15,385.75,387.75,382.0,384.0,384.0,384.52,48520,186.57,1572, 19072, 39.31
KIRIINDUS, EQ, 10-Dec-2024,603.55,606.0,622.0,590.6,619.0,618.0,611.26,645266,3944.26,10567, 290384, 45.00
KIRLOSBROS, EQ, 10-Dec-2024,2290.5,2294.95,2337.05,2292.2,2326.0,2324.2,2314.11,112048,2592.91,11211, 53649, 47.88
KIRLOSENG, EQ, 10-Dec-2024,1176.4,1184.65,1195.0,1157.6,1170.0,1174.25,1178.3,360152,4243.68,27386, 197699, 54.89
KIRLOSIND, EQ, 10-Dec-2024,4755.8,4767.7,4875.0,4738.5,4870.0,4864.75,4809.4,2606,125.33,1060, 1656, 63.55
KIRLPNU, EQ, 10-Dec-2024,1701.2,1701.2,1719.0,1683.8,1712.85,1710.5,1699.65,79005,1342.81,18387, 46247, 58.54
KKCL, EQ, 10-Dec-2024,618.5,627.8,645.0,619.35,628.0,625.45,629.82,88341,556.39,5544, 45237, 51.21
KMEW, EQ, 10-Dec-2024,2267.8,2267.85,2360.0,2212.9,2319.0,2296.6,2289.25,17991,411.86,2973, 7264, 40.38
KMSUGAR, EQ, 10-Dec-2024,34.3,34.05,34.72,34.05,34.45,34.32,34.38,106605,36.65,789, 51783, 48.57
KNRCON, EQ, 10-Dec-2024,338.8,338.85,340.35,333.15,336.3,335.45,335.33,508854,1706.36,15770, 250234, 49.18
KOHINOOR, EQ, 10-Dec-2024,42.05,42.7,43.25,41.0,41.3,41.36,42.09,112738,47.46,2203, 66171, 58.69
KOKUYOCMLN, EQ, 10-Dec-2024,137.18,137.2,139.84,135.5,135.52,136.16,136.87,128768,176.25,1801, 68862, 53.48
KOLTEPATIL, EQ, 10-Dec-2024,386.8,387.6,391.0,382.0,384.0,383.05,385.61,74400,286.89,2437, 39937, 53.68
KOTAKBANK, EQ, 10-Dec-2024,1786.25,1783.25,1802.8,1783.25,1799.1,1794.7,1792.96,1979884,35498.47,92144, 1470268, 74.26
KOTARISUG, EQ, 10-Dec-2024,49.08,49.1,50.0,49.1,49.78,49.67,49.63,97495,48.38,1377, 50332, 51.63
KOTHARIPET, EQ, 10-Dec-2024,216.26,217.5,219.86,210.5,210.5,212.55,214.37,78634,168.57,2554, 41042, 52.19
KOTHARIPRO, EQ, 10-Dec-2024,164.1,168.9,169.49,162.27,166.0,165.54,166.61,661686,1102.45,761, 648123, 97.95
KPEL, EQ, 10-Dec-2024,654.8,675.0,675.0,646.4,660.9,661.35,663.42,185405,1230.02,7197, 98953, 53.37
KPIGREEN, EQ, 10-Dec-2024,817.5,818.0,822.8,806.0,808.95,808.15,813.53,236598,1924.8,10061, 142991, 60.44
KPIL, EQ, 10-Dec-2024,1282.9,1282.9,1308.05,1274.05,1282.25,1284.4,1292.17,366627,4737.43,40344, 174458, 47.58
KPITTECH, EQ, 10-Dec-2024,1534.1,1540.05,1544.7,1518.0,1536.65,1538.8,1533.73,912142,13989.79,51265, 338604, 37.12
KPRMILL, EQ, 10-Dec-2024,1004.05,1009.95,1024.95,998.05,1024.0,1021.95,1016.5,493767,5019.15,37851, 229133, 46.41
KRBL, EQ, 10-Dec-2024,312.05,312.0,315.05,306.3,309.0,307.7,309.48,347792,1076.35,10852, 157456, 45.27
KREBSBIO, EQ, 10-Dec-2024,110.17,111.74,111.74,106.43,108.85,107.8,108.57,10037,10.9,381, 3161, 31.49
KRIDHANINF, EQ, 10-Dec-2024,6.91,7.44,7.6,7.34,7.6,7.6,7.54,1211022,91.29,972, 766985, 63.33
KRISHANA, EQ, 10-Dec-2024,208.04,206.55,213.4,206.01,210.98,210.76,210.85,32852,69.27,709, 22715, 69.14
KRITINUT, EQ, 10-Dec-2024,137.82,137.0,140.12,137.0,137.0,137.53,138.72,31613,43.85,891, 20307, 64.24
KRN, EQ, 10-Dec-2024,842.35,844.9,845.3,825.35,833.05,835.35,834.59,339291,2831.69,8654, 93097, 27.44
KRONOX, EQ, 10-Dec-2024,219.29,223.64,228.88,216.06,218.0,219.1,221.51,675140,1495.48,9861, 257649, 38.16
KROSS, EQ, 10-Dec-2024,241.98,243.8,243.8,228.42,229.1,229.02,234.14,823866,1929.02,11408, 383126, 46.50
KRSNAA, EQ, 10-Dec-2024,973.9,976.5,980.0,952.0,973.0,974.0,967.2,105314,1018.6,13322, 55291, 52.50
KRYSTAL, EQ, 10-Dec-2024,760.05,763.15,768.8,748.05,757.0,756.15,755.57,35233,266.21,2060, 18154, 51.53
KSB, EQ, 10-Dec-2024,838.5,838.9,849.85,822.55,834.0,830.25,831.59,108632,903.37,10218, 68862, 63.39
KSCL, EQ, 10-Dec-2024,942.6,949.9,959.7,929.65,941.1,946.95,946.15,65143,616.35,7336, 29914, 45.92
KSHITIJPOL, EQ, 10-Dec-2024,4.77,4.77,4.85,4.68,4.76,4.75,4.74,703828,33.39,1446, 373962, 53.13
KSL, EQ, 10-Dec-2024,974.2,979.8,1028.05,969.95,998.05,998.6,1002.87,233758,2344.29,10477, 118998, 50.91
KSOLVES, EQ, 10-Dec-2024,977.75,989.75,989.75,967.0,976.0,976.7,974.03,13910,135.49,1715, 9026, 64.89
KTKBANK, EQ, 10-Dec-2024,220.02,222.8,222.8,218.01,219.5,219.16,220.15,831012,1829.46,14710, 412292, 49.61
KUANTUM, EQ, 10-Dec-2024,138.71,136.5,139.39,131.65,134.7,134.45,136.45,189219,258.2,3432, 97142, 51.34
LAGNAM, EQ, 10-Dec-2024,129.31,130.08,131.0,125.11,128.0,127.9,127.98,8173,10.46,334, 4597, 56.25
LALPATHLAB, EQ, 10-Dec-2024,3136.8,3141.0,3207.0,3141.0,3164.35,3166.25,3171.98,311970,9895.63,37947, 89121, 28.57
LAMBODHARA, EQ, 10-Dec-2024,222.2,222.5,230.48,204.63,217.0,216.15,218.42,741768,1620.2,16847, 174617, 23.54
LANCORHOL, EQ, 10-Dec-2024,38.64,39.34,39.34,38.05,38.61,38.69,38.54,77427,29.84,534, 57242, 73.93
LANDMARK, EQ, 10-Dec-2024,670.5,672.45,703.0,672.45,690.0,688.15,689.42,90450,623.58,5923, 44699, 49.42
LAOPALA, EQ, 10-Dec-2024,338.05,339.7,369.8,339.6,369.8,366.7,358.3,774694,2775.7,14895, 295982, 38.21
LATENTVIEW, EQ, 10-Dec-2024,482.5,487.7,498.0,478.3,494.4,494.85,490.64,969656,4757.48,25015, 446651, 46.06
LAURUSLABS, EQ, 10-Dec-2024,571.9,570.0,575.4,566.5,571.9,571.9,570.89,1477697,8435.96,36026, 660944, 44.73
LAXMICOT, EQ, 10-Dec-2024,34.72,34.75,35.35,33.5,33.98,33.79,34.47,91002,31.36,739, 52968, 58.21
LEMONTREE, EQ, 10-Dec-2024,141.0,141.85,142.55,138.6,140.1,139.94,140.29,4014493,5632.04,36450, 1827956, 45.53
LEXUS, EQ, 10-Dec-2024,45.93,46.5,47.0,44.3,44.35,44.76,45.63,33314,15.2,504, 19101, 57.34
LGBBROSLTD, EQ, 10-Dec-2024,1354.75,1370.0,1370.0,1346.35,1347.0,1350.9,1353.8,12565,170.1,1657, 7752, 61.70
LGHL, EQ, 10-Dec-2024,357.95,360.0,429.5,355.4,429.5,428.6,388.77,7480,29.08,330, 2624, 35.08
LIBAS, EQ, 10-Dec-2024,17.63,17.3,17.76,17.22,17.24,17.25,17.41,70463,12.27,322, 41583, 59.01
LIBERTSHOE, EQ, 10-Dec-2024,475.0,481.7,510.0,480.05,492.5,493.05,496.07,39272,194.82,2309, 15954, 40.62
LICHSGFIN, EQ, 10-Dec-2024,630.15,632.0,635.0,623.3,629.5,630.45,629.92,640264,4033.14,32111, 243791, 38.08
LICI, EQ, 10-Dec-2024,986.35,979.0,979.0,945.5,947.4,948.2,954.3,3666785,34992.3,94713, 1448509, 39.50
LICMFGOLD, EQ, 10-Dec-2024,6965.9,6999.95,7040.0,6990.0,6990.0,7001.5,7014.67,198,13.89,72, 136, 68.69
LICNETFGSC, EQ, 10-Dec-2024,26.74,26.85,26.92,26.58,26.71,26.78,26.76,11288,3.02,218, 6876, 60.91
LICNETFN50, EQ, 10-Dec-2024,271.02,270.52,272.18,269.62,270.31,270.24,271.3,934,2.53,50, 851, 91.11
LICNETFSEN, EQ, 10-Dec-2024,911.08,911.09,947.79,911.0,911.08,913.95,923.46,230,2.12,42, 141, 61.30
LICNFNHGP, EQ, 10-Dec-2024,276.91,282.45,282.45,268.6,277.1,276.85,274.9,3091,8.5,69, 2678, 86.64
LICNMID100, EQ, 10-Dec-2024,59.74,60.46,61.13,58.75,59.57,60.3,60.23,9461,5.7,168, 7576, 80.08
LIKHITHA, EQ, 10-Dec-2024,391.6,393.3,397.95,385.45,396.95,395.2,392.59,146553,575.35,4876, 50534, 34.48
LINC, EQ, 10-Dec-2024,677.45,677.45,689.0,673.05,680.0,680.1,680.09,70172,477.23,4376, 36168, 51.54
LINCOLN, EQ, 10-Dec-2024,953.7,956.05,960.25,932.9,940.0,942.1,943.08,130832,1233.85,4898, 61102, 46.70
LINDEINDIA, EQ, 10-Dec-2024,6809.7,6748.0,6846.6,6724.0,6724.0,6735.25,6772.99,26375,1786.38,6551, 13874, 52.60
LIQUID, EQ, 10-Dec-2024,999.99,999.99,1000.0,999.99,1000.0,999.99,1000.0,254878,2548.77,144, 131280, 51.51
LIQUID1, EQ, 10-Dec-2024,1023.1,1023.31,1023.31,1023.28,1023.29,1023.28,1023.29,198336,2029.55,87, 111072, 56.00
LIQUIDADD, EQ, 10-Dec-2024,1045.3,1045.47,1045.5,1045.47,1045.5,1045.49,1045.49,281926,2947.5,1356, 226536, 80.35
LIQUIDBEES, EQ, 10-Dec-2024,1000.0,1000.0,1000.01,999.9,999.99,999.99,1000.0,2899100,28990.91,5056, 2535038, 87.44
LIQUIDBETF, EQ, 10-Dec-2024,1004.42,1004.58,1004.61,1004.58,1004.59,1004.59,1004.61,21594,216.94,25, 21478, 99.46
LIQUIDCASE, EQ, 10-Dec-2024,105.81,105.83,105.84,105.82,105.84,105.83,105.83,5889640,6232.88,24114, 4496169, 76.34
LIQUIDETF, EQ, 10-Dec-2024,1000.0,999.99,1000.01,999.99,1000.0,999.99,1000.0,145087,1450.87,2966, 95817, 66.04
LIQUIDIETF, EQ, 10-Dec-2024,999.99,999.99,1000.01,998.99,1000.0,999.99,1000.0,579883,5798.83,357, 348130, 60.03
LIQUIDPLUS, EQ, 10-Dec-2024,1005.88,1006.05,1006.07,1006.05,1006.07,1006.07,1006.05,2265,22.79,14, 2126, 93.86
LIQUIDSBI, EQ, 10-Dec-2024,1000.01,1000.01,1000.01,999.99,999.99,999.99,1000.0,1209,12.09,14, 800, 66.17
LIQUIDSHRI, EQ, 10-Dec-2024,1026.75,1026.92,1026.93,1026.92,1026.92,1026.92,1026.93,4412,45.31,14, 3873, 87.78
LLOYDSENGG, EQ, 10-Dec-2024,79.75,80.2,80.69,78.81,79.75,79.63,79.65,2066906,1646.36,13906, 857853, 41.50
LLOYDSENT, EQ, 10-Dec-2024,50.33,50.58,50.64,47.46,49.0,49.0,49.03,1342250,658.1,6547, 685855, 51.10
LLOYDSME, EQ, 10-Dec-2024,1098.0,1115.0,1130.0,1096.05,1123.0,1125.3,1119.07,970387,10859.31,30286, 473250, 48.77
LMW, EQ, 10-Dec-2024,16731.75,16731.75,17294.55,16626.15,17260.0,17218.5,17011.75,10339,1758.85,3667, 3511, 33.96
LODHA, EQ, 10-Dec-2024,1376.5,1377.0,1407.05,1377.0,1401.35,1401.6,1397.27,2483381,34699.43,83850, 1518404, 61.14
LOKESHMACH, EQ, 10-Dec-2024,370.9,374.9,375.0,360.15,364.9,363.2,364.83,70924,258.75,2128, 44573, 62.85
LORDSCHLO, EQ, 10-Dec-2024,161.49,163.1,164.49,155.72,160.4,159.75,159.33,51046,81.33,1061, 34159, 66.92
LOVABLE, EQ, 10-Dec-2024,142.96,142.15,146.0,140.69,142.3,142.35,143.32,52192,74.8,2716, 17990, 34.47
LOWVOL, EQ, 10-Dec-2024,199.01,199.49,199.66,198.31,199.19,199.05,199.14,322,0.64,25, 271, 84.16
LOWVOL1, EQ, 10-Dec-2024,20.33,20.58,20.68,19.99,20.3,20.31,20.31,164522,33.41,580, 88183, 53.60
LOWVOLIETF, EQ, 10-Dec-2024,21.42,22.05,22.05,21.24,21.48,21.42,21.31,4399078,937.3,2190, 3032698, 68.94
LPDC, EQ, 10-Dec-2024,12.14,12.39,12.39,11.25,11.4,11.35,11.72,450167,52.78,3316, 233518, 51.87
LT, EQ, 10-Dec-2024,3947.3,3955.0,3963.5,3901.3,3922.95,3923.15,3927.94,2349493,92286.65,131218, 1661742, 70.73
LTF, EQ, 10-Dec-2024,148.23,148.2,151.95,148.0,149.3,149.15,150.16,5635147,8461.57,37160, 2012783, 35.72
LTFOODS, EQ, 10-Dec-2024,441.6,442.25,451.6,435.0,440.0,439.5,441.81,847136,3742.77,46787, 320293, 37.81
LTGILTBEES, EQ, 10-Dec-2024,27.19,27.24,27.24,27.18,27.2,27.21,27.2,1064395,289.53,906, 897205, 84.29
LTIM, EQ, 10-Dec-2024,6389.05,6400.35,6624.0,6400.3,6580.0,6579.3,6556.05,738557,48420.13,67658, 332001, 44.95
LTTS, EQ, 10-Dec-2024,5348.9,5318.0,5433.95,5317.95,5364.05,5368.95,5387.08,133079,7169.07,18829, 48829, 36.69
LUMAXIND, EQ, 10-Dec-2024,2394.7,2400.6,2414.5,2369.0,2414.5,2396.0,2392.63,3069,73.43,795, 1819, 59.27
LUMAXTECH, EQ, 10-Dec-2024,580.15,586.0,594.0,575.0,588.8,587.8,586.16,155941,914.07,5670, 74977, 48.08
LUPIN, EQ, 10-Dec-2024,2104.7,2111.1,2144.5,2105.25,2135.85,2134.05,2131.84,942624,20095.23,49780, 653608, 69.34
LUXIND, EQ, 10-Dec-2024,2035.6,2055.0,2143.0,2031.6,2084.95,2072.1,2081.11,163373,3399.97,19173, 66234, 40.54
LXCHEM, EQ, 10-Dec-2024,265.2,265.95,276.2,265.85,274.15,274.9,271.44,1015383,2756.2,16975, 507578, 49.99
LYKALABS, EQ, 10-Dec-2024,170.65,173.2,176.59,170.15,172.5,172.97,173.28,523062,906.34,7269, 252150, 48.21
M&M, EQ, 10-Dec-2024,3051.25,3047.95,3081.25,3005.3,3066.0,3066.9,3038.98,2061909,62661.1,112898, 1128131, 54.71
M&MFIN, EQ, 10-Dec-2024,279.15,279.15,289.05,279.15,285.0,284.55,285.51,2479899,7080.35,21659, 749340, 30.22
MACPOWER, EQ, 10-Dec-2024,1568.0,1570.0,1589.2,1483.55,1519.0,1511.5,1524.53,25091,382.52,4002, 12100, 48.22
MADHAV, EQ, 10-Dec-2024,61.38,61.38,63.7,59.0,61.3,59.84,61.35,72587,44.53,2668, 18060, 24.88
MADRASFERT, EQ, 10-Dec-2024,102.55,103.5,104.95,102.04,102.96,103.16,103.65,318988,330.63,3358, 62457, 19.58
MAFANG, EQ, 10-Dec-2024,130.44,131.8,131.84,129.01,131.84,131.84,131.71,518034,682.29,6942, 475902, 91.87
MAGADSUGAR, EQ, 10-Dec-2024,720.95,725.75,742.85,714.55,724.75,724.25,723.2,14681,106.17,1211, 8003, 54.51
MAGNUM, EQ, 10-Dec-2024,43.01,42.9,43.83,41.56,42.4,42.48,42.52,118579,50.43,1680, 56568, 47.70
MAHABANK, EQ, 10-Dec-2024,57.29,57.5,57.86,56.7,56.82,56.82,57.1,14355748,8197.0,34857, 4911390, 34.21
MAHAPEXLTD, EQ, 10-Dec-2024,169.72,172.7,180.0,167.0,169.85,169.39,174.95,58156,101.74,3101, 30873, 53.09
MAHEPC, EQ, 10-Dec-2024,123.51,123.0,124.89,119.01,122.51,122.05,122.32,30030,36.73,2007, 14349, 47.78
MAHESHWARI, EQ, 10-Dec-2024,62.48,62.59,72.95,62.59,65.75,65.87,69.26,554607,384.1,5008, 218810, 39.45
MAHKTECH, EQ, 10-Dec-2024,19.05,19.46,19.46,18.9,19.46,19.44,19.35,2970639,574.7,5366, 1945195, 65.48
MAHLIFE, EQ, 10-Dec-2024,507.55,507.5,515.0,506.4,511.2,512.8,511.29,86421,441.86,6186, 43352, 50.16
MAHLOG, EQ, 10-Dec-2024,387.05,387.05,387.05,379.0,382.4,380.55,382.07,321453,1228.18,16842, 183308, 57.02
MAHSCOOTER, EQ, 10-Dec-2024,9312.95,9340.25,9440.0,9296.15,9403.0,9397.85,9378.35,8943,838.71,2585, 5224, 58.41
MAHSEAMLES, EQ, 10-Dec-2024,756.25,756.65,788.9,753.8,786.3,779.85,773.97,1804540,13966.62,53210, 651379, 36.10
MAITHANALL, EQ, 10-Dec-2024,1208.7,1217.0,1217.35,1161.75,1168.0,1168.6,1179.04,75085,885.29,4587, 46507, 61.94
MAKEINDIA, EQ, 10-Dec-2024,146.02,146.09,146.37,145.36,146.11,145.91,146.13,37001,54.07,379, 32221, 87.08
MALUPAPER, EQ, 10-Dec-2024,48.6,48.85,49.48,48.0,48.17,48.09,48.63,44081,21.44,540, 29111, 66.04
MANAKALUCO, EQ, 10-Dec-2024,30.14,29.61,32.01,29.61,31.0,31.24,30.96,76532,23.69,1972, 35406, 46.26
MANAKCOAT, EQ, 10-Dec-2024,99.48,101.99,104.45,94.5,104.43,104.18,101.53,3335300,3386.4,8509, 1486006, 44.55
MANAKSIA, EQ, 10-Dec-2024,94.93,95.35,95.95,92.35,92.5,93.24,94.41,95085,89.77,1658, 58844, 61.89
MANAKSTEEL, EQ, 10-Dec-2024,65.91,66.25,67.15,65.01,65.56,65.35,65.83,61861,40.72,1173, 34229, 55.33
MANALIPETC, EQ, 10-Dec-2024,66.24,66.3,66.73,64.7,65.77,65.09,65.59,468363,307.18,2852, 280944, 59.98
MANAPPURAM, EQ, 10-Dec-2024,170.29,171.01,176.05,171.01,174.75,175.57,174.0,9938020,17291.81,48941, 3863508, 38.88
MANBA, EQ, 10-Dec-2024,182.42,183.3,186.1,180.0,183.4,182.83,183.41,437589,802.58,4802, 178749, 40.85
MANCREDIT, EQ, 10-Dec-2024,147.18,147.06,150.9,146.33,150.15,149.72,149.43,30773,45.98,613, 6270, 20.38
MANGALAM, EQ, 10-Dec-2024,120.5,120.28,120.5,118.51,120.25,119.71,119.38,11417,13.63,480, 8198, 71.81
MANGCHEFER, EQ, 10-Dec-2024,163.49,163.9,167.2,162.01,163.5,162.68,164.68,251091,413.5,3462, 124284, 49.50
MANGLMCEM, EQ, 10-Dec-2024,917.05,917.05,924.55,916.0,922.6,921.6,919.42,29410,270.4,1351, 18752, 63.76
MANINDS, EQ, 10-Dec-2024,359.25,360.95,375.0,356.95,373.0,373.1,369.92,550179,2035.24,8619, 287355, 52.23
MANINFRA, EQ, 10-Dec-2024,241.8,243.3,245.9,237.0,241.94,243.13,241.93,1004471,2430.08,9029, 518697, 51.64
MANKIND, EQ, 10-Dec-2024,2639.35,2649.45,2684.9,2610.1,2656.6,2666.4,2658.04,296485,7880.68,38050, 166402, 56.12
MANOMAY, EQ, 10-Dec-2024,202.17,204.69,204.69,198.76,200.0,200.11,200.6,4996,10.02,344, 2802, 56.08
MANORAMA, EQ, 10-Dec-2024,1230.4,1249.8,1256.0,1174.05,1195.0,1194.35,1203.27,38724,465.95,3187, 22151, 57.20
MANUGRAPH, EQ, 10-Dec-2024,22.46,23.1,23.1,22.4,22.5,22.54,22.61,16510,3.73,141, 12021, 72.81
MANYAVAR, EQ, 10-Dec-2024,1376.45,1390.0,1431.8,1370.0,1373.0,1377.3,1397.01,317974,4442.12,29727, 104400, 32.83
MAPMYINDIA, EQ, 10-Dec-2024,1908.45,1917.45,1917.45,1787.0,1812.95,1816.05,1827.11,1224947,22381.16,79153, 270483, 22.08
MARALOVER, EQ, 10-Dec-2024,80.23,81.45,86.99,80.28,83.4,83.94,83.99,225746,189.6,2891, 92085, 40.79
MARATHON, EQ, 10-Dec-2024,623.45,618.6,635.0,618.6,630.5,623.95,625.7,17633,110.33,1711, 8184, 46.41
MARICO, EQ, 10-Dec-2024,607.75,607.5,617.0,606.0,614.2,613.9,611.16,1718121,10500.43,59194, 976448, 56.83
MARINE, EQ, 10-Dec-2024,303.75,306.8,314.0,291.3,298.3,300.65,299.36,1359282,4069.19,21534, 643715, 47.36
MARKSANS, EQ, 10-Dec-2024,331.85,331.85,332.2,319.0,321.55,320.5,324.15,1748242,5666.91,36348, 862112, 49.31
MARUTI, EQ, 10-Dec-2024,11279.8,11275.0,11314.35,11170.0,11219.8,11198.2,11219.43,410569,46063.48,52912, 282287, 68.76
MASFIN, EQ, 10-Dec-2024,276.95,279.5,279.5,275.65,276.3,276.35,276.45,93040,257.21,4023, 63558, 68.31
MASPTOP50, EQ, 10-Dec-2024,57.15,58.03,58.03,56.95,58.03,58.03,57.84,196050,113.39,1975, 173912, 88.71
MASTEK, EQ, 10-Dec-2024,3222.55,3222.55,3339.45,3222.5,3259.0,3270.85,3297.99,257419,8489.65,31035, 132490, 51.47
MASTERTR, EQ, 10-Dec-2024,187.12,190.94,193.89,180.61,185.0,183.71,185.58,115739,214.79,3156, 60702, 52.45
MATRIMONY, EQ, 10-Dec-2024,694.3,689.1,705.55,677.2,684.0,684.8,693.83,25476,176.76,3976, 11281, 44.28
MAWANASUG, EQ, 10-Dec-2024,103.29,103.9,107.1,103.55,106.15,106.58,105.36,139248,146.72,1529, 90837, 65.23
MAXESTATES, EQ, 10-Dec-2024,570.0,574.45,580.0,566.3,573.55,571.75,571.62,138721,792.95,6623, 86132, 62.09
MAXHEALTH, EQ, 10-Dec-2024,1116.95,1117.0,1129.45,1110.8,1117.05,1117.15,1117.69,2260671,25267.24,64594, 1640889, 72.58
MAXIND, EQ, 10-Dec-2024,303.68,301.5,308.79,296.79,305.0,302.73,303.04,138616,420.06,4393, 68242, 49.23
MAYURUNIQ, EQ, 10-Dec-2024,577.85,582.0,598.85,576.0,591.65,591.0,586.28,235056,1378.1,7047, 160678, 68.36
MAZDA, EQ, 10-Dec-2024,1446.8,1460.0,1469.05,1426.95,1456.05,1451.15,1456.89,12349,179.91,1940, 7452, 60.34
MAZDOCK, EQ, 10-Dec-2024,4888.2,4900.0,4916.75,4800.0,4875.5,4873.7,4856.75,1137437,55242.5,86696, 198873, 17.48
MBAPL, EQ, 10-Dec-2024,221.78,224.0,224.99,220.2,220.2,221.08,221.92,5110,11.34,126, 4081, 79.86
MBLINFRA, EQ, 10-Dec-2024,59.53,60.39,60.39,57.6,58.5,58.41,59.17,146031,86.41,921, 58632, 40.15
MCX, EQ, 10-Dec-2024,6849.4,6869.0,6869.0,6630.0,6687.5,6676.1,6705.78,352297,23624.27,48545, 173078, 49.13
MEDANTA, EQ, 10-Dec-2024,1180.05,1185.5,1193.2,1135.1,1140.0,1141.25,1154.68,648310,7485.93,35623, 371248, 57.26
MEDIASSIST, EQ, 10-Dec-2024,615.95,609.05,634.5,608.15,616.95,615.2,624.1,219420,1369.41,15447, 109617, 49.96
MEDICAMEQ, EQ, 10-Dec-2024,599.0,599.0,625.0,596.9,597.0,602.0,611.44,57149,349.43,2921, 32517, 56.90
MEDICO, EQ, 10-Dec-2024,49.93,49.0,50.54,48.77,49.02,49.2,49.7,421275,209.36,1621, 330685, 78.50
MEDPLUS, EQ, 10-Dec-2024,850.3,849.9,871.0,848.0,852.35,858.3,859.24,423040,3634.94,31666, 256401, 60.61
MEGASTAR, EQ, 10-Dec-2024,233.08,233.0,233.0,227.06,231.89,228.65,229.16,8177,18.74,352, 6872, 84.04
MENONBE, EQ, 10-Dec-2024,125.04,125.05,130.32,125.05,127.5,127.45,128.0,75459,96.59,1547, 50650, 67.12
METAL, EQ, 10-Dec-2024,9.43,9.47,9.55,9.43,9.46,9.45,9.49,313363,29.74,635, 161308, 51.48
METALIETF, EQ, 10-Dec-2024,9.45,9.45,9.55,9.44,9.44,9.47,9.49,2486569,235.91,2798, 1314710, 52.87
METROBRAND, EQ, 10-Dec-2024,1279.35,1299.8,1299.8,1258.1,1275.0,1274.85,1275.41,59351,756.97,9736, 28765, 48.47
METROPOLIS, EQ, 10-Dec-2024,2190.45,2231.55,2249.5,2174.6,2223.95,2220.85,2216.42,900881,19967.33,68611, 152709, 16.95
MFSL, EQ, 10-Dec-2024,1186.15,1190.1,1198.35,1159.25,1164.75,1165.25,1176.77,633022,7449.18,41204, 304432, 48.09
MGEL, EQ, 10-Dec-2024,23.93,24.39,24.39,23.5,23.68,23.64,23.85,61494,14.67,380, 47257, 76.85
MGL, EQ, 10-Dec-2024,1279.35,1282.9,1301.95,1279.65,1289.85,1287.8,1290.67,535402,6910.26,33348, 279415, 52.19
MHLXMIRU, EQ, 10-Dec-2024,187.32,201.99,223.95,192.15,209.45,214.21,208.45,1176574,2452.62,27488, 238079, 20.23
MHRIL, EQ, 10-Dec-2024,385.4,386.0,386.85,374.1,375.55,376.05,377.96,86810,328.1,6624, 45866, 52.83
MICEL, EQ, 10-Dec-2024,94.14,95.0,96.0,91.25,92.83,92.78,93.22,859778,801.46,6675, 602067, 70.03
MID150BEES, EQ, 10-Dec-2024,223.78,224.3,224.3,222.52,224.29,224.17,223.77,256194,573.29,4834, 149464, 58.34
MID150CASE, EQ, 10-Dec-2024,10.72,11.23,11.23,10.32,10.76,10.77,10.75,295038,31.73,2565, 166553, 56.45
MIDCAP, EQ, 10-Dec-2024,166.1,167.68,167.79,164.55,166.97,165.74,166.54,46814,77.97,400, 29078, 62.11
MIDCAPETF, EQ, 10-Dec-2024,22.04,22.15,22.15,22.0,22.1,22.07,22.04,651645,143.64,4757, 508031, 77.96
MIDCAPIETF, EQ, 10-Dec-2024,22.37,22.39,22.45,22.26,22.41,22.41,22.37,462174,103.38,1831, 248489, 53.77
MIDHANI, EQ, 10-Dec-2024,392.85,396.0,396.4,387.0,391.55,390.7,390.62,663103,2590.21,25442, 243327, 36.70
MIDQ50ADD, EQ, 10-Dec-2024,256.24,256.47,257.65,255.24,256.07,256.44,256.13,2303,5.9,119, 1681, 72.99
MIDSELIETF, EQ, 10-Dec-2024,18.7,19.25,19.25,18.6,18.8,18.76,18.71,589067,110.19,1826, 455462, 77.32
MIDSMALL, EQ, 10-Dec-2024,54.07,54.6,54.6,53.85,54.1,54.22,54.14,140462,76.05,893, 105727, 75.27
MINDACORP, EQ, 10-Dec-2024,519.95,520.45,548.45,512.0,547.0,542.05,535.95,1298374,6958.58,42217, 397883, 30.64
MINDTECK, EQ, 10-Dec-2024,300.7,305.05,311.0,297.25,306.95,306.65,302.82,49640,150.32,1551, 31852, 64.17
MIRCELECTR, EQ, 10-Dec-2024,23.77,24.49,24.49,22.7,23.29,23.13,23.48,1571710,369.02,9117, 764323, 48.63
MIRZAINT, EQ, 10-Dec-2024,39.34,39.4,39.77,39.34,39.6,39.41,39.5,81199,32.07,983, 45654, 56.22
MITCON, EQ, 10-Dec-2024,112.49,114.2,116.5,112.83,116.49,114.96,114.4,13042,14.92,382, 6895, 52.87
MITTAL, EQ, 10-Dec-2024,2.04,2.06,2.09,2.03,2.05,2.05,2.06,4294502,88.3,2105, 2572154, 59.89
MMFL, EQ, 10-Dec-2024,532.45,535.0,573.35,531.55,569.55,566.15,550.4,156290,860.22,4738, 79668, 50.97
MMP, EQ, 10-Dec-2024,353.75,353.75,359.0,342.9,345.0,346.35,349.54,16620,58.09,285, 11337, 68.21
MMTC, EQ, 10-Dec-2024,82.01,82.59,83.99,79.71,82.51,82.35,82.02,6141815,5037.71,37264, 2316636, 37.72
MNC, EQ, 10-Dec-2024,29.76,29.94,29.95,29.38,29.78,29.76,29.73,54052,16.07,350, 43560, 80.59
MODEFENCE, EQ, 10-Dec-2024,75.92,76.24,76.5,75.39,75.7,75.79,75.77,415741,315.02,2190, 339454, 81.65
MOGSEC, EQ, 10-Dec-2024,58.09,58.87,58.87,58.21,58.51,58.51,58.28,4455,2.6,42, 4041, 90.71
MOHEALTH, EQ, 10-Dec-2024,44.67,46.0,46.0,44.23,44.6,44.64,44.64,72217,32.24,768, 50905, 70.49
MOHITIND, EQ, 10-Dec-2024,33.9,34.0,35.0,34.0,35.0,34.92,34.68,47744,16.56,664, 32014, 67.05
MOIL, EQ, 10-Dec-2024,354.3,354.4,368.8,352.35,366.35,367.0,361.74,1838395,6650.25,40343, 742257, 40.38
MOKSH, EQ, 10-Dec-2024,21.05,21.5,23.9,20.13,23.5,23.44,23.02,2529688,582.23,6608, 941349, 37.21
MOL, EQ, 10-Dec-2024,93.75,94.5,94.89,93.25,94.28,93.96,93.89,711131,667.68,8610, 411633, 57.88
MOLDTECH, EQ, 10-Dec-2024,217.86,218.4,221.06,213.71,219.0,215.47,216.43,34337,74.32,1505, 20005, 58.26
MOLDTKPAC, EQ, 10-Dec-2024,694.9,703.0,775.0,697.05,768.3,760.85,731.56,477170,3490.78,24412, 282677, 59.24
MOLOWVOL, EQ, 10-Dec-2024,37.05,37.0,37.47,36.3,37.1,37.03,37.0,8478,3.14,110, 6170, 72.78
MOM100, EQ, 10-Dec-2024,63.17,63.59,63.59,62.79,63.35,63.3,63.18,293676,185.54,2780, 171190, 58.29
MOM30IETF, EQ, 10-Dec-2024,35.99,36.03,36.13,35.76,35.92,35.92,35.91,1163445,417.74,4455, 567164, 48.75
MOM50, EQ, 10-Dec-2024,252.92,252.93,254.91,251.85,253.24,252.97,252.59,3498,8.84,181, 3043, 86.99
MOMENTUM, EQ, 10-Dec-2024,35.72,35.75,35.79,35.41,35.73,35.71,35.59,72988,25.98,629, 53758, 73.65
MOMENTUM50, EQ, 10-Dec-2024,61.74,62.95,62.95,61.31,61.67,61.7,61.6,223257,137.52,1186, 207837, 93.09
MOMOMENTUM, EQ, 10-Dec-2024,71.46,71.79,71.79,71.12,71.49,71.37,71.39,80605,57.55,801, 61977, 76.89
MON100, EQ, 10-Dec-2024,183.21,184.95,189.0,181.0,188.81,188.56,185.77,655022,1216.8,11645, 431211, 65.83
MONARCH, EQ, 10-Dec-2024,436.8,435.65,447.0,432.35,438.0,438.05,439.66,155256,682.6,3888, 73296, 47.21
MONIFTY500, EQ, 10-Dec-2024,23.48,23.75,23.75,23.41,23.56,23.49,23.52,267122,62.84,952, 251887, 94.30
MONQ50, EQ, 10-Dec-2024,78.44,79.87,79.87,77.52,78.24,78.17,77.99,369421,288.11,2345, 273594, 74.06
MONTECARLO, EQ, 10-Dec-2024,942.5,943.95,986.0,940.0,955.0,952.2,960.72,194401,1867.65,10073, 67201, 34.57
MOQUALITY, EQ, 10-Dec-2024,193.06,193.06,196.88,191.8,196.0,193.44,193.02,1497,2.89,87, 1326, 88.58
MOREALTY, EQ, 10-Dec-2024,107.53,107.89,109.46,106.51,108.94,109.08,108.64,322634,350.5,1664, 289391, 89.70
MOREPENLAB, EQ, 10-Dec-2024,87.23,87.5,87.5,84.71,85.96,85.8,85.74,5680054,4870.23,30281, 1671946, 29.44
MOSMALL250, EQ, 10-Dec-2024,18.41,18.58,18.83,18.3,18.83,18.6,18.48,679421,125.55,2605, 560562, 82.51
MOTHERSON, EQ, 10-Dec-2024,166.81,166.8,167.76,164.0,167.4,167.3,166.09,19544214,32460.84,113673, 10967884, 56.12
MOTILALOFS, EQ, 10-Dec-2024,1000.5,1006.0,1012.35,972.0,979.95,976.55,984.49,1825877,17975.55,69842, 693533, 37.98
MOTOGENFIN, EQ, 10-Dec-2024,31.99,31.85,33.0,31.85,32.2,32.61,32.21,27414,8.83,703, 15779, 57.56
MOVALUE, EQ, 10-Dec-2024,103.2,103.2,103.93,102.6,103.7,103.53,103.29,44468,45.93,1041, 34289, 77.11
MPHASIS, EQ, 10-Dec-2024,3104.6,3105.0,3201.9,3105.0,3179.45,3181.8,3166.99,820084,25971.98,58767, 361337, 44.06
MPSLTD, EQ, 10-Dec-2024,2207.65,2219.9,2220.9,2100.0,2119.4,2121.1,2147.42,35566,763.75,6015, 18636, 52.40
MRF, EQ, 10-Dec-2024,132151.4,133100.0,133119.3,131647.25,131985.95,132458.25,132441.69,6593,8731.88,4917, 2791, 42.33
MRO-TEK, EQ, 10-Dec-2024,91.53,91.31,95.7,91.0,92.66,92.91,93.86,102165,95.9,1217, 58483, 57.24
MRPL, EQ, 10-Dec-2024,154.49,154.79,155.59,151.1,152.0,151.87,152.67,1680565,2565.77,15515, 924721, 55.02
MSTCLTD, EQ, 10-Dec-2024,788.3,787.0,795.5,771.0,775.1,776.15,782.41,495115,3873.83,19221, 253240, 51.15
MSUMI, EQ, 10-Dec-2024,62.85,63.2,66.2,62.6,66.05,65.15,64.23,7299701,4688.37,33939, 4443415, 60.87
MTARTECH, EQ, 10-Dec-2024,1752.55,1752.55,1781.95,1745.75,1751.85,1750.65,1756.71,41154,722.96,5872, 18487, 44.92
MTNL, EQ, 10-Dec-2024,58.13,58.13,58.45,54.85,55.0,55.24,56.2,7872725,4424.17,23395, 2481269, 31.52
MUFIN, EQ, 10-Dec-2024,119.79,119.79,123.59,115.98,118.55,118.61,119.94,505483,606.27,5420, 269819, 53.38
MUFTI, EQ, 10-Dec-2024,191.74,192.0,207.7,191.46,204.45,202.74,202.93,1423214,2888.09,16606, 575276, 40.42
MUKANDLTD, EQ, 10-Dec-2024,144.16,144.5,147.58,143.9,147.0,146.55,146.21,78915,115.38,1928, 39804, 50.44
MUKKA, EQ, 10-Dec-2024,41.95,42.0,42.17,41.25,41.76,41.61,41.54,452617,188.02,3013, 204905, 45.27
MULTICAP, EQ, 10-Dec-2024,16.4,16.73,16.73,16.34,16.42,16.4,16.4,61437,10.08,458, 44899, 73.08
MUNJALAU, EQ, 10-Dec-2024,113.1,113.4,114.5,111.91,113.29,113.03,112.96,264228,298.48,2844, 127408, 48.22
MUNJALSHOW, EQ, 10-Dec-2024,153.89,154.72,155.4,152.0,152.03,152.32,153.28,23445,35.94,903, 13961, 59.55
MURUDCERA, EQ, 10-Dec-2024,54.13,54.79,55.06,53.64,54.13,54.01,54.07,46446,25.11,525, 29025, 62.49
MUTHOOTCAP, EQ, 10-Dec-2024,371.1,374.05,376.95,367.75,375.0,375.1,371.74,16828,62.56,1380, 8205, 48.76
MUTHOOTFIN, EQ, 10-Dec-2024,1991.3,2000.0,2054.65,1995.1,2030.0,2033.25,2037.59,1017512,20732.68,65390, 394121, 38.73
MUTHOOTMF, EQ, 10-Dec-2024,188.94,191.0,194.61,189.51,193.39,192.51,191.9,418952,803.98,7490, 248339, 59.28
MVGJL, EQ, 10-Dec-2024,247.49,249.9,255.9,240.0,248.0,246.14,246.79,475002,1172.27,7164, 192056, 40.43
NACLIND, EQ, 10-Dec-2024,53.26,55.0,63.91,54.17,63.91,63.19,60.79,3704993,2252.26,18890, 1441373, 38.90
NAGAFERT, EQ, 10-Dec-2024,10.15,10.38,10.38,10.01,10.09,10.11,10.13,451480,45.72,1554, 234112, 51.85
NAHARCAP, EQ, 10-Dec-2024,360.05,361.0,364.4,349.85,351.6,351.95,354.65,16217,57.51,836, 8363, 51.57
NAHARINDUS, EQ, 10-Dec-2024,148.56,151.7,152.0,146.13,146.95,147.05,149.42,60693,90.69,1305, 35778, 58.95
NAHARPOLY, EQ, 10-Dec-2024,294.75,297.35,303.05,288.1,288.15,291.3,295.84,35806,105.93,1707, 20072, 56.06
NAHARSPING, EQ, 10-Dec-2024,280.8,285.0,288.8,279.6,283.0,283.8,283.57,52496,148.86,1977, 29331, 55.87
NAM-INDIA, EQ, 10-Dec-2024,734.55,740.25,813.0,732.2,809.8,805.9,785.31,9867184,77488.46,221778, 2525733, 25.60
NARMADA, EQ, 10-Dec-2024,16.62,16.7,16.7,16.25,16.25,16.35,16.46,68636,11.3,325, 41288, 60.16
NATCOPHARM, EQ, 10-Dec-2024,1485.85,1497.9,1505.0,1475.4,1491.95,1492.0,1489.23,626849,9335.25,34008, 271512, 43.31
NATHBIOGEN, EQ, 10-Dec-2024,202.87,200.02,207.95,200.02,205.0,203.62,204.49,28050,57.36,969, 16772, 59.79
NATIONALUM, EQ, 10-Dec-2024,250.56,252.6,255.65,247.99,249.8,250.21,251.46,13570985,34125.77,72436, 4695194, 34.60
NAUKRI, EQ, 10-Dec-2024,8418.85,8423.95,8537.9,8410.9,8500.0,8519.6,8469.74,188264,15945.47,27299, 110936, 58.93
NAVA, EQ, 10-Dec-2024,1043.75,1035.05,1048.75,1016.6,1034.4,1031.9,1028.86,115523,1188.57,9172, 65845, 57.00
NAVINFLUOR, EQ, 10-Dec-2024,3533.1,3546.0,3663.95,3414.45,3651.95,3647.5,3620.54,246107,8910.39,28613, 82868, 33.67
NAVKARCORP, EQ, 10-Dec-2024,165.45,166.15,166.2,160.21,162.25,162.77,163.46,800192,1308.0,6484, 350784, 43.84
NAVNETEDUL, EQ, 10-Dec-2024,148.89,149.5,149.5,141.1,143.8,143.56,145.02,228261,331.01,4818, 131416, 57.57
NAZARA, EQ, 10-Dec-2024,1045.4,1040.85,1054.15,1012.0,1018.0,1015.05,1027.03,208066,2136.89,10265, 107609, 51.72
NBCC, EQ, 10-Dec-2024,103.33,103.0,104.65,101.65,102.6,102.66,102.92,7198737,7408.91,51605, 2468797, 34.29
NCC, EQ, 10-Dec-2024,312.9,313.0,315.65,308.5,313.1,313.25,311.71,2283312,7117.29,32511, 1033008, 45.24
NCLIND, EQ, 10-Dec-2024,218.98,219.95,222.0,218.99,221.15,219.98,219.93,59799,131.52,3826, 36781, 61.51
NDLVENTURE, EQ, 10-Dec-2024,111.95,114.39,114.45,111.2,114.0,112.24,112.3,6653,7.47,268, 4356, 65.47
NDRAUTO, EQ, 10-Dec-2024,710.55,720.0,781.6,701.05,781.6,780.45,762.29,226252,1724.7,9856, 70672, 31.24
NDTV, EQ, 10-Dec-2024,174.29,174.73,174.73,173.0,173.0,173.07,173.59,63239,109.78,936, 43640, 69.01
NECCLTD, EQ, 10-Dec-2024,37.54,37.81,39.04,36.19,36.95,36.76,37.08,640706,237.56,4218, 341822, 53.35
NELCAST, EQ, 10-Dec-2024,130.22,130.0,134.0,127.91,132.4,132.06,131.87,100393,132.39,2509, 60933, 60.69
NELCO, EQ, 10-Dec-2024,1331.55,1339.4,1390.0,1318.9,1362.0,1359.75,1358.9,399423,5427.77,15488, 126044, 31.56
NEOGEN, EQ, 10-Dec-2024,2356.25,2355.0,2420.0,2321.1,2335.0,2343.0,2360.7,86422,2040.16,10607, 24705, 28.59
NESCO, EQ, 10-Dec-2024,1050.85,1057.85,1057.85,1028.0,1037.0,1040.25,1037.84,70285,729.45,7854, 28993, 41.25
NESTLEIND, EQ, 10-Dec-2024,2228.85,2229.0,2240.0,2210.0,2219.0,2214.45,2225.53,915298,20370.19,55256, 717016, 78.34
NETF, EQ, 10-Dec-2024,263.36,264.0,265.99,260.55,263.47,263.3,262.32,1545,4.05,158, 1223, 79.16
NETWEB, EQ, 10-Dec-2024,2919.15,2932.85,2995.0,2855.95,2900.0,2898.05,2904.08,206513,5997.3,22752, 74136, 35.90
NETWORK18, EQ, 10-Dec-2024,78.89,79.0,79.45,78.16,78.58,78.4,78.64,2399631,1887.1,16260, 1317466, 54.90
NEULANDLAB, EQ, 10-Dec-2024,17051.55,17051.55,17051.55,16587.5,16820.4,16830.7,16824.51,39207,6596.38,12678, 18856, 48.09
NEWGEN, EQ, 10-Dec-2024,1429.15,1435.0,1474.0,1390.35,1423.0,1417.55,1422.67,576664,8204.05,39130, 222185, 38.53
NEXT50, EQ, 10-Dec-2024,740.19,739.0,747.58,732.79,744.19,744.18,743.29,14888,110.66,349, 13113, 88.08
NEXT50IETF, EQ, 10-Dec-2024,75.78,76.64,76.64,75.34,75.93,75.74,75.75,769342,582.78,4817, 550545, 71.56
NFL, EQ, 10-Dec-2024,121.91,122.99,125.9,121.25,123.59,123.53,123.74,3140267,3885.88,22727, 847549, 26.99
NGIL, EQ, 10-Dec-2024,42.29,42.0,43.45,42.0,42.97,42.69,42.62,13945,5.94,531, 3249, 23.30
NGLFINE, EQ, 10-Dec-2024,1841.35,1819.0,1879.0,1819.0,1870.0,1862.25,1859.49,1744,32.43,704, 1040, 59.63
NH, EQ, 10-Dec-2024,1326.7,1329.5,1335.0,1281.2,1291.7,1287.75,1302.31,527959,6875.64,34065, 374757, 70.98
NHPC, EQ, 10-Dec-2024,86.77,87.29,87.29,85.55,85.96,85.98,86.17,25201333,21716.4,119857, 12577548, 49.91
NIACL, EQ, 10-Dec-2024,208.27,207.1,209.9,204.25,205.34,206.39,206.69,1001275,2069.54,15538, 458815, 45.82
NIF100BEES, EQ, 10-Dec-2024,268.99,267.67,270.43,267.46,268.75,268.41,268.64,15966,42.89,681, 8114, 50.82
NIF100IETF, EQ, 10-Dec-2024,28.29,27.45,29.05,27.45,28.6,28.33,28.26,114678,32.4,1800, 60893, 53.10
NIF10GETF, EQ, 10-Dec-2024,24.65,24.66,24.8,24.41,24.55,24.55,24.61,2450,0.6,26, 2072, 84.57
NIF5GETF, EQ, 10-Dec-2024,59.53,59.5,59.5,58.8,59.25,59.25,59.42,406,0.24,14, 372, 91.63
NIFITETF, EQ, 10-Dec-2024,455.1,455.9,459.69,455.9,456.62,457.79,457.64,669,3.06,48, 545, 81.46
NIFMID150, EQ, 10-Dec-2024,217.83,217.83,218.97,217.62,218.27,218.36,218.08,1956,4.27,65, 1437, 73.47
NIFTY1, EQ, 10-Dec-2024,267.86,267.31,268.75,266.36,267.28,267.72,267.67,22975,61.5,899, 17049, 74.21
NIFTY50ADD, EQ, 10-Dec-2024,254.05,254.05,256.3,249.05,254.46,253.64,253.99,9782,24.85,355, 3936, 40.24
NIFTYBEES, EQ, 10-Dec-2024,275.14,276.78,276.78,274.11,274.9,274.68,274.87,3415307,9387.62,34891, 2148557, 62.91
NIFTYBETF, EQ, 10-Dec-2024,248.34,248.53,249.13,247.23,248.38,247.83,248.38,285,0.71,42, 280, 98.25
NIFTYETF, EQ, 10-Dec-2024,262.8,262.8,263.49,261.12,262.19,262.29,262.09,56064,146.94,1113, 36569, 65.23
NIFTYIETF, EQ, 10-Dec-2024,273.84,274.7,274.7,272.71,273.78,273.68,273.74,121180,331.72,5717, 81013, 66.85
NIFTYQLITY, EQ, 10-Dec-2024,22.1,22.46,22.46,21.8,22.2,22.09,22.07,167319,36.92,920, 135282, 80.85
NIITLTD, EQ, 10-Dec-2024,210.32,211.2,217.9,209.54,214.93,214.82,214.02,1826774,3909.65,14852, 605006, 33.12
NIITMTS, EQ, 10-Dec-2024,500.0,501.0,520.0,498.95,516.0,518.2,513.8,146337,751.88,4655, 78998, 53.98
NILAINFRA, EQ, 10-Dec-2024,13.98,14.05,14.09,13.12,13.4,13.33,13.49,1921412,259.13,4327, 915679, 47.66
NILKAMAL, EQ, 10-Dec-2024,1911.15,1925.5,1975.0,1911.0,1915.0,1923.9,1934.34,16412,317.46,1814, 12303, 74.96
NINSYS, EQ, 10-Dec-2024,601.45,607.0,630.0,590.0,591.1,593.85,612.78,28797,176.46,2439, 14226, 49.40
NIPPOBATRY, EQ, 10-Dec-2024,545.15,545.15,564.9,545.15,562.0,562.4,556.34,7341,40.84,752, 5158, 70.26
NITINSPIN, EQ, 10-Dec-2024,477.25,484.35,494.3,471.0,476.0,476.4,479.65,458912,2201.17,11191, 189235, 41.24
NITIRAJ, EQ, 10-Dec-2024,253.42,253.42,259.79,239.55,241.37,241.45,243.47,22842,55.61,844, 13051, 57.14
NIVABUPA, EQ, 10-Dec-2024,89.34,89.9,94.4,88.4,92.6,92.7,92.17,8333284,7680.46,30771, 1955501, 23.47
NKIND, EQ, 10-Dec-2024,61.22,63.11,67.34,63.11,67.34,67.34,66.15,8752,5.79,95, 5821, 66.51
NLCINDIA, EQ, 10-Dec-2024,267.7,267.15,268.6,262.6,264.0,264.4,265.04,608925,1613.89,11917, 215380, 35.37
NMDC, EQ, 10-Dec-2024,241.53,242.15,248.49,242.15,244.0,243.97,245.33,18568275,45553.68,87374, 9133627, 49.19
NOCIL, EQ, 10-Dec-2024,283.0,282.45,286.5,277.7,281.0,281.1,281.36,551449,1551.53,14092, 329872, 59.82
NORTHARC, EQ, 10-Dec-2024,252.83,257.7,261.4,245.58,246.95,247.44,253.99,751272,1908.19,14432, 259450, 34.53
NOVAAGRI, EQ, 10-Dec-2024,68.67,68.67,70.5,68.5,69.21,69.04,69.28,311181,215.59,3170, 126028, 40.50
NPBET, EQ, 10-Dec-2024,266.28,272.7,272.7,262.0,262.0,266.34,265.72,807,2.14,54, 591, 73.23
NRAIL, EQ, 10-Dec-2024,361.5,378.15,378.15,358.0,366.9,366.85,363.53,9466,34.41,804, 5759, 60.84
NRBBEARING, EQ, 10-Dec-2024,297.4,298.0,306.8,296.1,304.8,303.5,301.45,340023,1024.98,15073, 215101, 63.26
NSIL, EQ, 10-Dec-2024,7577.35,7611.5,8744.0,7546.55,8406.0,8480.2,8405.07,150067,12613.24,35545, 33989, 22.65
NSLNISP, EQ, 10-Dec-2024,48.16,48.2,48.64,47.51,47.8,47.75,48.04,3358053,1613.24,15769, 1193188, 35.53
NTPC, EQ, 10-Dec-2024,369.85,369.0,371.2,366.4,368.9,369.15,369.0,7913822,29201.74,108735, 4669422, 59.00
NTPCGREEN, EQ, 10-Dec-2024,144.69,145.15,149.6,142.13,146.55,146.65,146.38,39282395,57499.9,164404, 11799673, 30.04
NUCLEUS, EQ, 10-Dec-2024,1149.0,1152.9,1166.25,1129.55,1142.0,1141.2,1150.57,20176,232.14,2648, 11803, 58.50
NURECA, EQ, 10-Dec-2024,288.0,288.5,291.75,285.05,287.9,286.9,287.26,9521,27.35,570, 6250, 65.64
NUVAMA, EQ, 10-Dec-2024,6942.7,6960.0,7475.0,6940.05,7375.85,7361.25,7324.95,325913,23872.96,50589, 104752, 32.14
NUVOCO, EQ, 10-Dec-2024,366.95,367.0,374.0,361.35,369.0,368.45,368.13,248253,913.88,15920, 124313, 50.08
NV20, EQ, 10-Dec-2024,159.56,159.98,160.79,158.52,160.01,160.08,160.23,13331,21.36,262, 5820, 43.66
NV20BEES, EQ, 10-Dec-2024,160.73,162.0,162.0,160.0,161.35,161.26,160.81,17477,28.11,297, 11374, 65.08
NV20IETF, EQ, 10-Dec-2024,15.68,16.15,16.15,15.63,15.73,15.7,15.69,640687,100.53,3441, 425206, 66.37
NYKAA, EQ, 10-Dec-2024,166.04,167.0,174.51,165.82,172.9,172.56,172.45,20739010,35764.26,134442, 5653114, 27.26
OAL, EQ, 10-Dec-2024,469.9,470.55,477.7,461.1,469.8,465.3,466.27,27061,126.18,1407, 12482, 46.13
OBCL, EQ, 10-Dec-2024,59.6,59.99,60.0,57.5,58.75,58.36,58.89,15009,8.84,487, 9276, 61.80
OBEROIRLTY, EQ, 10-Dec-2024,2139.9,2139.9,2148.45,2121.85,2130.0,2129.75,2130.55,602144,12828.97,48058, 429971, 71.41
OCCL, EQ, 10-Dec-2024,258.82,262.6,265.03,253.65,256.5,255.56,258.35,32689,84.45,2129, 16896, 51.69
OCCLLTD, EQ, 10-Dec-2024,99.26,100.75,111.0,99.12,103.97,103.96,106.11,1628434,1727.99,16681, 664074, 40.78
OFSS, EQ, 10-Dec-2024,12585.0,12150.0,12375.0,11874.65,12295.0,12245.25,12165.76,261653,31832.08,51100, 72097, 27.55
OIL, EQ, 10-Dec-2024,467.85,469.1,472.95,463.35,469.75,469.3,469.11,1733645,8132.79,32675, 1010417, 58.28
OILIETF, EQ, 10-Dec-2024,11.33,11.35,11.37,11.22,11.3,11.29,11.28,1605296,181.11,3358, 789654, 49.19
OLAELEC, EQ, 10-Dec-2024,92.25,92.25,95.5,92.23,94.5,94.57,94.38,50853886,47996.88,141274, 8540262, 16.79
OLECTRA, EQ, 10-Dec-2024,1571.6,1566.0,1660.0,1558.05,1659.0,1651.3,1621.26,1573247,25506.42,79052, 448808, 28.53
OMAXAUTO, EQ, 10-Dec-2024,127.03,127.4,134.28,126.31,130.5,130.44,130.93,93318,122.18,1594, 36479, 39.09
OMAXE, EQ, 10-Dec-2024,110.49,110.95,114.8,109.82,111.0,111.6,112.43,267330,300.55,2695, 165725, 61.99
OMINFRAL, EQ, 10-Dec-2024,177.17,175.06,176.45,168.1,172.99,171.77,171.08,316401,541.3,5037, 161133, 50.93
ONELIFECAP, EQ, 10-Dec-2024,19.76,20.3,20.96,18.28,18.52,18.59,19.41,74379,14.44,885, 36241, 48.72
ONEPOINT, EQ, 10-Dec-2024,60.68,60.9,61.1,59.01,59.42,59.29,59.81,628379,375.81,2908, 367754, 58.52
ONGC, EQ, 10-Dec-2024,258.9,257.65,258.75,254.5,256.7,256.9,256.4,11318782,29021.32,102996, 6505979, 57.48
ONMOBILE, EQ, 10-Dec-2024,80.44,80.85,81.2,78.98,79.6,79.36,80.08,440623,352.84,2660, 181985, 41.30
ONWARDTEC, EQ, 10-Dec-2024,342.85,338.0,343.9,335.0,335.1,337.15,338.63,36897,124.94,1703, 19553, 52.99
ORBTEXP, EQ, 10-Dec-2024,227.07,236.4,248.7,219.4,237.0,239.55,236.05,908307,2144.06,18039, 287167, 31.62
ORCHPHARMA, EQ, 10-Dec-2024,1755.65,1760.0,1760.0,1711.2,1721.0,1725.45,1728.03,25293,437.07,5622, 12119, 47.91
ORICONENT, EQ, 10-Dec-2024,39.74,40.0,40.36,39.0,39.55,39.84,39.69,412758,163.82,2012, 198727, 48.15
ORIENTBELL, EQ, 10-Dec-2024,320.6,324.0,325.0,319.7,320.05,322.0,322.99,14484,46.78,512, 9843, 67.96
ORIENTCEM, EQ, 10-Dec-2024,344.45,343.6,345.5,338.1,342.9,342.25,341.15,373524,1274.27,6366, 194986, 52.20
ORIENTCER, EQ, 10-Dec-2024,46.39,46.39,46.64,44.91,45.3,45.29,45.54,57874,26.36,1401, 33770, 58.35
ORIENTELEC, EQ, 10-Dec-2024,246.67,247.76,252.0,242.15,251.0,250.28,246.89,277400,684.88,7616, 183756, 66.24
ORIENTHOT, EQ, 10-Dec-2024,196.96,197.45,198.22,193.56,197.5,195.54,195.99,142426,279.14,3569, 67488, 47.38
ORIENTLTD, EQ, 10-Dec-2024,118.89,119.0,142.66,119.0,142.66,142.66,136.91,1175285,1609.06,13057, 450873, 38.36
ORIENTPPR, EQ, 10-Dec-2024,43.1,43.27,43.34,42.42,42.69,42.71,42.82,1089664,466.55,5389, 538548, 49.42
ORIENTTECH, EQ, 10-Dec-2024,427.0,429.5,448.7,420.35,430.55,429.75,434.34,837748,3638.67,14583, 269693, 32.19
ORISSAMINE, EQ, 10-Dec-2024,7686.45,7704.0,7739.85,7570.0,7580.0,7611.95,7645.93,4845,370.45,1554, 2563, 52.90
ORTINGLOBE, EQ, 10-Dec-2024,19.04,18.7,19.4,18.7,19.0,19.02,19.07,8948,1.71,130, 5516, 61.65
OSWALGREEN, EQ, 10-Dec-2024,54.66,55.1,55.48,53.6,53.76,53.79,54.3,651259,353.67,4341, 275810, 42.35
PAGEIND, EQ, 10-Dec-2024,46121.0,46377.5,47011.75,45915.0,46894.6,46804.25,46416.51,54641,25362.44,19904, 30879, 56.51
PAISALO, EQ, 10-Dec-2024,61.89,62.89,62.99,60.0,60.9,60.83,61.18,2606389,1594.61,7319, 1471222, 56.45
PAKKA, EQ, 10-Dec-2024,316.1,321.0,321.0,311.35,316.8,314.95,316.47,114759,363.18,3166, 58973, 51.39
PALASHSECU, EQ, 10-Dec-2024,172.94,172.94,172.94,168.0,172.0,171.63,170.64,12467,21.27,1140, 6475, 51.94
PANAMAPET, EQ, 10-Dec-2024,395.9,395.9,396.4,380.0,388.5,389.7,388.5,71584,278.1,2005, 33443, 46.72
PAR, EQ, 10-Dec-2024,228.35,230.8,234.55,226.65,229.4,229.4,230.62,246847,569.28,3743, 123712, 50.12
PARACABLES, EQ, 10-Dec-2024,75.84,75.61,85.17,74.35,83.15,82.73,81.18,8372555,6797.03,36411, 3130854, 37.39
PARADEEP, EQ, 10-Dec-2024,108.95,109.82,111.65,107.64,109.99,109.83,109.76,6265546,6877.28,33569, 2409377, 38.45
PARAGMILK, EQ, 10-Dec-2024,213.3,214.0,215.77,211.61,214.55,214.75,213.71,596219,1274.16,9783, 271404, 45.52
PARAS, EQ, 10-Dec-2024,1133.4,1140.3,1141.0,1125.75,1132.0,1130.55,1130.69,126084,1425.62,8214, 88348, 70.07
PARKHOTELS, EQ, 10-Dec-2024,192.03,193.81,193.81,187.15,189.49,189.1,189.43,451635,855.53,8277, 248505, 55.02
PATANJALI, EQ, 10-Dec-2024,1855.45,1850.15,1858.35,1825.05,1843.5,1848.3,1845.07,377433,6963.91,11702, 264262, 70.02
PATELENG, EQ, 10-Dec-2024,57.42,57.7,57.75,56.4,57.12,57.21,56.95,4237403,2413.34,23583, 2064632, 48.72
PATINTLOG, EQ, 10-Dec-2024,24.3,24.3,24.55,23.94,24.15,24.29,24.24,400300,97.03,2049, 177702, 44.39
PAYTM, EQ, 10-Dec-2024,971.95,974.0,986.35,958.1,968.0,967.0,971.36,6086764,59124.62,141694, 1451223, 23.84
PCBL, EQ, 10-Dec-2024,479.0,480.0,485.0,474.95,483.0,483.5,480.96,2458227,11823.18,42139, 1066119, 43.37
PDMJEPAPER, EQ, 10-Dec-2024,185.4,188.4,189.39,180.5,182.85,184.98,184.1,485338,893.53,4643, 133814, 27.57
PDSL, EQ, 10-Dec-2024,589.45,590.0,592.75,571.0,575.9,580.25,581.32,163343,949.54,5969, 77810, 47.64
PEARLPOLY, EQ, 10-Dec-2024,36.4,36.41,37.44,36.11,36.84,36.75,36.75,26703,9.81,628, 8884, 33.27
PEL, EQ, 10-Dec-2024,1241.1,1241.1,1271.9,1238.45,1262.1,1264.85,1259.96,1010129,12727.26,45988, 315804, 31.26
PENIND, EQ, 10-Dec-2024,218.7,219.98,226.5,219.0,220.69,220.64,221.96,968403,2149.46,11246, 285682, 29.50
PENINLAND, EQ, 10-Dec-2024,51.76,52.0,52.15,50.72,51.2,51.07,51.32,368508,189.12,3901, 212814, 57.75
PERSISTENT, EQ, 10-Dec-2024,6234.25,6200.7,6383.45,6200.7,6325.55,6345.35,6320.97,601991,38051.65,50573, 333890, 55.46
PETRONET, EQ, 10-Dec-2024,335.1,335.1,336.85,331.6,334.95,335.2,334.64,2014450,6741.1,39404, 1268717, 62.98
PFC, EQ, 10-Dec-2024,515.35,517.7,521.1,513.85,516.7,517.15,516.58,5999627,30992.65,80715, 3107008, 51.79
PFIZER, EQ, 10-Dec-2024,5057.2,5091.05,5128.75,5040.0,5064.95,5052.35,5073.89,22390,1136.04,7458, 11843, 52.89
PFOCUS, EQ, 10-Dec-2024,130.35,130.0,130.74,128.0,129.69,129.3,129.4,13940,18.04,309, 9294, 66.67
PFS, EQ, 10-Dec-2024,44.51,45.0,45.59,44.22,45.05,44.97,44.98,861945,387.74,5389, 294873, 34.21
PGEL, EQ, 10-Dec-2024,857.0,864.5,864.5,812.2,850.35,849.85,840.02,1944959,16338.13,65268, 670332, 34.47
PGHH, EQ, 10-Dec-2024,15846.25,15846.25,15865.35,15726.0,15772.0,15754.6,15768.95,3176,500.82,1259, 1736, 54.66
PGHL, EQ, 10-Dec-2024,5642.0,5642.0,5642.45,5555.0,5610.0,5604.75,5607.32,5855,328.31,2045, 3497, 59.73
PGIL, EQ, 10-Dec-2024,1312.25,1314.0,1341.0,1294.9,1309.0,1307.5,1315.3,122654,1613.27,8495, 65728, 53.59
PHARMABEES, EQ, 10-Dec-2024,22.77,22.88,22.88,22.65,22.79,22.76,22.76,2829357,643.92,13290, 1997857, 70.61
PHOENIXLTD, EQ, 10-Dec-2024,1797.15,1793.0,1902.0,1789.2,1864.0,1863.65,1852.34,1382873,25615.56,74575, 779654, 56.38
PIDILITIND, EQ, 10-Dec-2024,3160.75,3151.0,3219.0,3150.1,3211.4,3213.15,3203.53,293172,9391.84,30021, 182797, 62.35
PIIND, EQ, 10-Dec-2024,4060.6,4035.0,4137.7,4032.2,4137.0,4114.3,4097.18,216738,8880.14,33392, 121936, 56.26
PILANIINVS, EQ, 10-Dec-2024,5945.6,5948.8,6480.0,5904.6,6149.9,6186.05,6225.25,38390,2389.87,10363, 11282, 29.39
PILITA, EQ, 10-Dec-2024,14.9,14.9,15.5,14.79,14.92,15.06,15.04,141586,21.3,645, 103314, 72.97
PIONEEREMB, EQ, 10-Dec-2024,55.76,56.09,58.5,55.63,56.75,56.74,57.44,113332,65.09,1793, 79245, 69.92
PITTIENG, EQ, 10-Dec-2024,1459.5,1468.9,1479.8,1423.3,1440.0,1442.3,1450.93,140424,2037.45,22262, 60183, 42.86
PIXTRANS, EQ, 10-Dec-2024,2713.8,2765.25,2765.25,2640.05,2697.0,2690.4,2685.74,39882,1071.13,4302, 18902, 47.39
PKTEA, EQ, 10-Dec-2024,641.7,689.95,704.5,614.7,699.8,686.35,668.4,20083,134.23,1490, 9504, 47.32
PLASTIBLEN, EQ, 10-Dec-2024,274.68,276.9,276.9,268.5,268.51,270.15,271.31,5705,15.48,188, 3666, 64.26
PLATIND, EQ, 10-Dec-2024,462.4,464.65,466.4,447.35,455.0,454.85,454.88,434333,1975.69,8050, 165444, 38.09
PLAZACABLE, EQ, 10-Dec-2024,78.34,78.36,82.0,78.36,80.52,80.77,80.83,150335,121.51,3017, 65122, 43.32
PNB, EQ, 10-Dec-2024,108.77,109.0,111.04,108.61,110.95,110.47,109.76,28453790,31229.49,84976, 11108746, 39.04
PNBGILTS, EQ, 10-Dec-2024,119.64,119.85,121.04,118.52,120.01,120.18,119.74,251042,300.59,2662, 112143, 44.67
PNBHOUSING, EQ, 10-Dec-2024,959.3,964.25,972.0,945.05,963.9,964.5,962.95,1519451,14631.51,67740, 980805, 64.55
PNC, EQ, 10-Dec-2024,63.86,64.24,65.09,62.4,63.36,64.06,63.83,117945,75.28,1571, 55383, 46.96
PNCINFRA, EQ, 10-Dec-2024,314.65,316.0,318.5,308.15,310.0,309.6,312.38,695523,2172.66,18497, 375552, 54.00
PNGJL, EQ, 10-Dec-2024,759.85,755.0,764.0,727.75,741.0,739.85,742.41,1647086,12228.17,60462, 809081, 49.12
POCL, EQ, 10-Dec-2024,927.75,934.9,949.55,920.35,933.0,926.55,934.53,101583,949.33,11659, 65104, 64.09
PODDARMENT, EQ, 10-Dec-2024,387.9,393.45,393.45,377.3,377.3,381.7,384.8,4420,17.01,328, 3023, 68.39
POKARNA, EQ, 10-Dec-2024,1248.0,1250.0,1250.0,1207.55,1215.0,1222.1,1224.47,61831,757.1,4074, 29881, 48.33
POLICYBZR, EQ, 10-Dec-2024,2131.15,2121.1,2200.0,2048.3,2184.5,2172.65,2130.77,2341928,49901.11,102746, 1156013, 49.36
POLYCAB, EQ, 10-Dec-2024,7438.4,7450.0,7470.0,7373.65,7449.95,7442.85,7431.05,233072,17319.69,24352, 122308, 52.48
POLYMED, EQ, 10-Dec-2024,2887.5,2888.0,3031.0,2837.05,2966.2,2968.45,2949.85,204216,6024.06,25703, 73752, 36.11
POLYPLEX, EQ, 10-Dec-2024,1412.85,1415.0,1471.0,1409.15,1470.0,1465.45,1448.19,796430,11533.81,48499, 372278, 46.74
PONNIERODE, EQ, 10-Dec-2024,430.1,434.75,434.75,419.5,421.0,421.05,423.92,44021,186.61,2048, 32816, 74.55
POONAWALLA, EQ, 10-Dec-2024,359.85,360.75,367.0,354.85,359.0,358.9,360.57,3009520,10851.52,40959, 962200, 31.97
POWERGRID, EQ, 10-Dec-2024,329.1,331.85,331.85,325.35,328.0,327.9,328.27,14994365,49222.53,90304, 10206872, 68.07
POWERINDIA, EQ, 10-Dec-2024,12452.8,12596.8,12596.8,12111.9,12475.05,12501.35,12446.17,21990,2736.91,8177, 8741, 39.75
POWERMECH, EQ, 10-Dec-2024,2773.4,2794.0,2838.85,2741.1,2800.0,2804.05,2789.23,47280,1318.75,6488, 29172, 61.70
PPAP, EQ, 10-Dec-2024,217.31,218.0,220.95,211.35,211.35,214.18,217.71,24080,52.42,1028, 14790, 61.42
PPL, EQ, 10-Dec-2024,560.65,568.6,574.1,558.75,567.5,567.1,566.03,196789,1113.89,7734, 91495, 46.49
PPLPHARMA, EQ, 10-Dec-2024,255.6,256.95,263.7,250.05,258.55,259.0,255.73,5080429,12992.23,60685, 1557867, 30.66
PRAENG, EQ, 10-Dec-2024,32.48,32.47,33.2,32.01,32.3,32.28,32.41,68341,22.15,497, 55263, 80.86
PRAJIND, EQ, 10-Dec-2024,808.35,808.0,824.0,801.0,818.0,818.7,815.6,926254,7554.53,44020, 339574, 36.66
PRAKASH, EQ, 10-Dec-2024,169.38,170.9,176.72,168.52,175.5,175.6,173.91,2242639,3900.17,23645, 1224710, 54.61
PRAKASHSTL, EQ, 10-Dec-2024,9.15,9.3,9.36,8.92,9.05,9.07,9.08,932864,84.68,4112, 475921, 51.02
PRECAM, EQ, 10-Dec-2024,321.0,321.0,326.8,318.3,324.0,323.45,322.36,214836,692.54,4569, 75015, 34.92
PRECWIRE, EQ, 10-Dec-2024,192.07,193.9,196.6,190.42,195.7,195.65,194.9,362721,706.94,4628, 183522, 50.60
PREMEXPLN, EQ, 10-Dec-2024,489.8,493.9,493.9,476.0,477.0,481.05,483.67,101476,490.81,3571, 59668, 58.80
PREMIERENE, EQ, 10-Dec-2024,1291.6,1300.0,1334.85,1251.4,1280.0,1281.3,1288.92,4235642,54593.87,105056, 899675, 21.24
PRESTIGE, EQ, 10-Dec-2024,1742.1,1755.0,1762.95,1722.65,1747.55,1750.5,1745.72,393134,6863.01,31608, 176699, 44.95
PRICOLLTD, EQ, 10-Dec-2024,504.05,514.0,522.9,504.2,509.9,509.85,511.28,568925,2908.79,34969, 298399, 52.45
PRIMESECU, EQ, 10-Dec-2024,306.15,308.15,313.95,300.15,305.25,307.9,306.28,81635,250.03,2620, 50667, 62.07
PRINCEPIPE, EQ, 10-Dec-2024,433.9,433.05,434.5,425.0,426.3,426.5,429.81,186054,799.67,10871, 121357, 65.23
PRITI, EQ, 10-Dec-2024,168.35,167.0,171.79,160.0,161.0,162.03,165.0,55914,92.26,1957, 31285, 55.95
PRITIKAUTO, EQ, 10-Dec-2024,28.57,28.8,29.38,28.1,28.3,28.37,28.63,725872,207.82,3827, 306753, 42.26
PRIVISCL, EQ, 10-Dec-2024,1876.45,1870.0,1890.9,1865.2,1877.25,1882.95,1880.88,11871,223.28,1100, 7489, 63.09
PROZONER, EQ, 10-Dec-2024,24.82,24.99,25.18,24.45,24.69,24.63,24.72,224272,55.45,700, 150440, 67.08
PRSMJOHNSN, EQ, 10-Dec-2024,193.79,194.67,195.5,191.6,192.3,192.28,193.14,201572,389.32,6015, 76296, 37.85
PRUDENT, EQ, 10-Dec-2024,2980.1,3014.6,3023.95,2943.4,3020.0,3015.15,2993.14,16259,486.65,4932, 8809, 54.18
PSB, EQ, 10-Dec-2024,54.03,56.3,56.3,53.01,53.54,53.51,54.09,1351031,730.84,7214, 301780, 22.34
PSPPROJECT, EQ, 10-Dec-2024,673.7,680.0,688.0,650.0,654.55,652.85,667.74,183946,1228.27,6495, 93152, 50.64
PSUBANK, EQ, 10-Dec-2024,711.25,709.93,715.05,709.0,712.0,711.95,712.77,26522,189.04,424, 15301, 57.69
PSUBANKADD, EQ, 10-Dec-2024,71.18,71.18,71.84,70.97,71.46,71.48,71.49,23116,16.53,241, 14139, 61.17
PSUBNKBEES, EQ, 10-Dec-2024,79.24,79.49,79.91,79.0,79.55,79.43,79.39,2338791,1856.84,5882, 1308928, 55.97
PSUBNKIETF, EQ, 10-Dec-2024,71.74,71.87,72.29,71.61,72.0,72.07,72.03,239234,172.31,1187, 123982, 51.82
PTC, EQ, 10-Dec-2024,178.14,177.61,178.45,175.1,176.99,176.78,176.73,923778,1632.55,18513, 515678, 55.82
PTCIL, EQ, 10-Dec-2024,11631.6,11611.0,11885.3,11184.0,11800.05,11778.15,11490.16,13529,1554.5,4609, 7383, 54.57
PTL, EQ, 10-Dec-2024,43.38,43.85,43.9,42.99,43.27,43.11,43.45,98446,42.77,1779, 47716, 48.47
PUNJABCHEM, EQ, 10-Dec-2024,1065.6,1059.55,1072.7,1048.3,1061.0,1062.45,1054.78,4276,45.1,501, 3071, 71.82
PURVA, EQ, 10-Dec-2024,430.4,430.0,430.0,409.0,413.0,414.2,418.93,57405,240.49,1849, 42616, 74.24
PVRINOX, EQ, 10-Dec-2024,1480.1,1489.0,1495.45,1470.0,1494.95,1492.3,1483.23,665813,9875.53,32341, 305598, 45.90
PVSL, EQ, 10-Dec-2024,165.92,167.87,172.9,165.0,172.49,172.16,169.58,242496,411.23,4790, 119647, 49.34
PVTBANIETF, EQ, 10-Dec-2024,25.99,25.98,26.08,25.92,26.06,26.03,25.98,786930,204.47,964, 530363, 67.40
PVTBANKADD, EQ, 10-Dec-2024,26.09,26.24,26.24,26.0,26.07,26.15,26.09,36483,9.52,166, 27728, 76.00
PYRAMID, EQ, 10-Dec-2024,211.94,212.54,220.81,207.5,212.8,210.23,211.61,110317,233.44,3639, 43911, 39.80
QGOLDHALF, EQ, 10-Dec-2024,63.95,64.12,64.68,64.01,64.48,64.46,64.48,25111,16.19,215, 21279, 84.74
QNIFTY, EQ, 10-Dec-2024,2662.04,2647.44,2668.0,2646.33,2660.0,2658.0,2655.6,327,8.68,73, 206, 63.00
QUAL30IETF, EQ, 10-Dec-2024,21.84,22.0,22.43,21.8,22.0,21.9,21.89,579266,126.81,337, 267347, 46.15
QUESS, EQ, 10-Dec-2024,696.95,703.45,708.95,687.25,695.0,694.1,696.86,241436,1682.46,16037, 108779, 45.06
QUICKHEAL, EQ, 10-Dec-2024,641.4,640.0,650.0,630.0,641.0,647.2,641.11,95287,610.89,4956, 48160, 50.54
RACE, EQ, 10-Dec-2024,373.25,376.85,377.95,368.05,372.0,370.4,372.44,6682,24.89,681, 3896, 58.31
RACLGEAR, EQ, 10-Dec-2024,899.8,899.8,925.0,885.0,901.1,892.45,903.06,7911,71.44,1065, 5091, 64.35
RADIANTCMS, EQ, 10-Dec-2024,80.12,80.78,80.99,76.0,77.0,76.96,77.6,335771,260.57,5741, 231911, 69.07
RADICO, EQ, 10-Dec-2024,2399.45,2399.6,2468.0,2376.8,2427.0,2425.85,2423.64,1059742,25684.34,37218, 835059, 78.80
RADIOCITY, EQ, 10-Dec-2024,13.06,12.9,13.29,12.9,13.0,12.99,13.06,104454,13.64,477, 50872, 48.70
RAILTEL, EQ, 10-Dec-2024,441.9,444.15,445.0,430.7,434.2,435.35,435.63,2064445,8993.33,33113, 624154, 30.23
RAIN, EQ, 10-Dec-2024,187.1,190.0,194.7,185.7,191.0,191.14,190.99,12085120,23081.84,92729, 3979822, 32.93
RAINBOW, EQ, 10-Dec-2024,1662.85,1687.8,1706.0,1623.15,1627.0,1632.35,1657.06,189256,3136.08,22167, 53597, 28.32
RAJESHEXPO, EQ, 10-Dec-2024,247.4,248.65,248.85,241.0,242.98,242.35,244.42,614419,1501.78,18145, 254050, 41.35
RAJMET, EQ, 10-Dec-2024,9.96,10.0,10.02,9.92,9.98,9.96,9.96,619920,61.74,2965, 388087, 62.60
RAJRATAN, EQ, 10-Dec-2024,497.5,498.0,502.05,497.0,499.8,499.65,499.88,116892,584.32,2200, 90662, 77.56
RAJSREESUG, EQ, 10-Dec-2024,65.27,65.74,65.89,64.71,65.21,65.1,65.41,31068,20.32,798, 18534, 59.66
RALLIS, EQ, 10-Dec-2024,330.8,330.0,331.0,324.75,329.05,328.45,327.31,450917,1475.89,24646, 196947, 43.68
RAMANEWS, EQ, 10-Dec-2024,19.7,19.89,19.93,19.3,19.58,19.56,19.59,51141,10.02,366, 33389, 65.29
RAMAPHO, EQ, 10-Dec-2024,206.98,208.5,209.68,198.03,201.15,201.68,202.11,18023,36.43,983, 10797, 59.91
RAMASTEEL, EQ, 10-Dec-2024,13.47,13.51,14.2,13.03,13.59,13.52,13.5,26333572,3553.98,27823, 6377646, 24.22
RAMCOCEM, EQ, 10-Dec-2024,1014.45,1015.25,1025.0,1003.1,1010.4,1013.95,1012.09,581619,5886.49,22309, 340852, 58.60
RAMCOIND, EQ, 10-Dec-2024,314.2,314.2,314.2,298.95,300.1,301.15,303.04,345485,1046.97,5066, 209634, 60.68
RAMCOSYS, EQ, 10-Dec-2024,496.45,498.45,520.0,491.0,519.0,514.8,505.89,279277,1412.82,7052, 116523, 41.72
RAMKY, EQ, 10-Dec-2024,657.0,655.0,690.05,655.0,686.0,683.65,676.48,139125,941.15,3456, 96578, 69.42
RAMRAT, EQ, 10-Dec-2024,606.95,606.7,620.0,600.05,605.8,607.0,607.52,24249,147.32,1891, 16621, 68.54
RANASUG, EQ, 10-Dec-2024,20.3,20.47,20.47,20.0,20.19,20.07,20.18,277846,56.08,2064, 141930, 51.08
RANEENGINE, EQ, 10-Dec-2024,456.05,465.0,473.95,456.05,456.5,457.65,464.44,22275,103.46,1894, 11912, 53.48
RANEHOLDIN, EQ, 10-Dec-2024,1877.65,1880.0,1890.2,1840.15,1855.0,1859.0,1871.76,24118,451.43,2191, 9277, 38.47
RATEGAIN, EQ, 10-Dec-2024,722.95,727.7,739.0,719.9,731.0,735.0,728.57,180357,1314.03,10012, 101577, 56.32
RATNAMANI, EQ, 10-Dec-2024,3403.4,3420.0,3450.0,3375.05,3385.0,3384.55,3402.98,39149,1332.23,7175, 21596, 55.16
RATNAVEER, EQ, 10-Dec-2024,224.74,224.92,228.78,208.3,213.99,211.86,215.48,1421898,3063.85,17026, 661013, 46.49
RAYMOND, EQ, 10-Dec-2024,1612.15,1620.7,1836.45,1606.0,1793.05,1799.95,1781.57,11014259,196226.54,331585, 646997, 5.87
RAYMONDLSL, EQ, 10-Dec-2024,2125.5,2130.0,2188.0,2080.1,2135.05,2137.95,2141.4,172718,3698.59,13622, 78816, 45.63
RBA, EQ, 10-Dec-2024,87.03,87.4,87.4,85.31,85.69,85.59,86.44,681632,589.22,7596, 464738, 68.18
RBL, EQ, 10-Dec-2024,1059.5,1069.4,1134.2,1046.6,1052.5,1078.6,1083.22,26281,284.68,1491, 12269, 46.68
RBLBANK, EQ, 10-Dec-2024,171.36,172.0,179.4,169.1,178.0,178.08,174.58,13394202,23383.22,50290, 4726006, 35.28
RCF, EQ, 10-Dec-2024,178.79,179.5,182.0,177.24,178.12,178.43,179.89,3390083,6098.37,28309, 791513, 23.35
RECLTD, EQ, 10-Dec-2024,563.7,563.0,573.3,562.0,570.0,570.15,569.62,7525312,42865.58,101824, 4107533, 54.58
REDINGTON, EQ, 10-Dec-2024,207.48,208.8,212.4,205.15,206.6,206.38,207.64,3617003,7510.45,42817, 2080884, 57.53
REDTAPE, EQ, 10-Dec-2024,832.25,826.05,838.0,817.0,823.8,821.15,824.35,38932,320.94,3231, 20647, 53.03
RELAXO, EQ, 10-Dec-2024,681.4,681.4,683.4,651.0,656.7,653.95,658.78,281466,1854.23,21074, 177093, 62.92
RELCHEMQ, EQ, 10-Dec-2024,219.78,223.99,249.0,220.2,223.5,224.23,235.86,203261,479.41,4614, 94326, 46.41
RELIABLE, EQ, 10-Dec-2024,82.16,85.0,85.0,78.1,80.0,79.33,81.57,10350,8.44,371, 6783, 65.54
RELIANCE, EQ, 10-Dec-2024,1295.15,1289.25,1294.9,1280.2,1285.95,1284.85,1286.46,16043729,206395.95,456341, 11783897, 73.45
RELIGARE, EQ, 10-Dec-2024,278.05,287.85,304.6,285.35,287.9,287.9,292.95,10863908,31825.38,108882, 3633015, 33.44
REMSONSIND, EQ, 10-Dec-2024,172.37,170.66,171.57,166.22,170.0,169.59,168.16,37627,63.27,1157, 24435, 64.94
RENUKA, EQ, 10-Dec-2024,43.14,43.14,43.75,42.85,43.13,43.13,43.22,7142609,3087.37,21331, 1560882, 21.85
REPCOHOME, EQ, 10-Dec-2024,474.65,476.5,480.05,469.0,470.0,471.1,473.17,151419,716.47,7672, 90911, 60.04
REPL, EQ, 10-Dec-2024,224.72,223.0,224.98,220.5,221.01,222.57,222.68,18879,42.04,797, 11172, 59.18
REPRO, EQ, 10-Dec-2024,621.0,624.0,626.35,615.0,618.25,620.9,620.99,10157,63.07,622, 6007, 59.14
RESPONIND, EQ, 10-Dec-2024,267.8,268.7,277.05,260.0,274.0,272.85,269.37,817150,2201.18,6107, 228971, 28.02
RETAIL, EQ, 10-Dec-2024,39.9,41.89,41.89,41.89,41.89,41.89,41.89,17027,7.13,24, 17027, 100.00
RGL, EQ, 10-Dec-2024,186.32,185.12,187.49,182.35,184.06,185.51,184.78,332868,615.06,3730, 153899, 46.23
RHIM, EQ, 10-Dec-2024,559.9,559.9,569.9,555.0,566.95,566.35,563.86,142064,801.04,8068, 89135, 62.74
RHL, EQ, 10-Dec-2024,270.62,289.9,289.9,247.0,252.43,254.18,264.35,88710,234.5,3976, 45801, 51.63
RICOAUTO, EQ, 10-Dec-2024,94.03,94.1,94.59,91.81,92.95,92.48,92.84,244204,226.72,3900, 113193, 46.35
RIIL, EQ, 10-Dec-2024,1194.9,1196.0,1214.95,1181.5,1187.0,1189.6,1196.09,207390,2480.56,11290, 33760, 16.28
RISHABH, EQ, 10-Dec-2024,362.7,366.3,382.7,360.95,381.0,380.45,374.68,80125,300.21,3004, 41777, 52.14
RITCO, EQ, 10-Dec-2024,412.4,414.15,416.7,406.35,410.5,411.35,412.16,79636,328.23,2064, 37058, 46.53
RITES, EQ, 10-Dec-2024,303.4,303.4,303.6,296.8,297.8,297.6,298.92,1179267,3525.01,23309, 438053, 37.15
RKEC, EQ, 10-Dec-2024,100.88,101.2,102.01,99.81,100.0,100.15,100.59,67376,67.77,818, 51835, 76.93
RKFORGE, EQ, 10-Dec-2024,974.35,974.9,978.25,965.0,967.0,968.0,969.46,170379,1651.76,8360, 85217, 50.02
RKSWAMY, EQ, 10-Dec-2024,245.41,245.0,249.39,240.01,246.0,247.12,245.65,120264,295.43,5023, 75707, 62.95
RML, EQ, 10-Dec-2024,981.5,981.5,1024.0,962.8,982.0,983.55,994.59,40731,405.1,3917, 17529, 43.04
ROHLTD, EQ, 10-Dec-2024,346.1,344.95,348.05,340.8,344.25,344.2,344.23,27720,95.42,1660, 19438, 70.12
ROLEXRINGS, EQ, 10-Dec-2024,1986.7,1992.55,2175.0,1991.15,2152.0,2157.7,2107.11,103334,2177.36,9701, 44836, 43.39
ROML, EQ, 10-Dec-2024,61.09,61.09,61.09,56.05,56.05,57.16,58.13,26585,15.45,632, 21807, 82.03
ROSSARI, EQ, 10-Dec-2024,821.55,814.25,884.0,813.0,880.95,875.8,857.4,236055,2023.95,19567, 92991, 39.39
ROTO, EQ, 10-Dec-2024,304.35,307.0,316.7,307.0,312.6,312.55,311.97,667620,2082.76,14212, 232588, 34.84
ROUTE, EQ, 10-Dec-2024,1485.9,1496.0,1499.9,1418.0,1425.1,1424.05,1442.66,403155,5816.16,26253, 261017, 64.74
RPEL, EQ, 10-Dec-2024,728.8,729.0,733.0,705.0,709.0,712.5,710.68,41295,293.47,3959, 22276, 53.94
RPGLIFE, EQ, 10-Dec-2024,2246.4,2270.9,2336.4,2230.1,2335.0,2315.75,2287.66,24635,563.56,3839, 10884, 44.18
RPPINFRA, EQ, 10-Dec-2024,217.71,218.75,221.74,211.45,215.19,214.68,216.17,184667,399.19,3179, 83991, 45.48
RPPL, EQ, 10-Dec-2024,39.17,38.5,39.7,36.75,38.05,38.49,38.55,143048,55.15,1227, 81432, 56.93
RPSGVENT, EQ, 10-Dec-2024,1235.95,1230.0,1260.0,1206.0,1221.5,1221.5,1227.65,83848,1029.36,4332, 47277, 56.38
RPTECH, EQ, 10-Dec-2024,421.6,423.85,428.0,412.2,420.25,418.45,417.86,164232,686.26,4628, 79812, 48.60
RRKABEL, EQ, 10-Dec-2024,1468.3,1481.0,1509.4,1454.85,1494.85,1504.05,1489.87,192507,2868.11,14631, 105056, 54.57
RSWM, EQ, 10-Dec-2024,211.87,213.3,216.0,209.69,213.97,213.61,212.93,101195,215.47,2522, 58587, 57.90
RSYSTEMS, EQ, 10-Dec-2024,488.25,492.0,498.6,488.0,495.5,493.75,492.97,184238,908.25,6133, 101949, 55.34
RTNINDIA, EQ, 10-Dec-2024,71.65,71.65,73.49,70.33,72.85,72.6,71.5,5794271,4142.88,20633, 1617490, 27.92
RTNPOWER, EQ, 10-Dec-2024,14.78,14.78,14.84,14.13,14.22,14.34,14.44,18615491,2688.02,26765, 10774356, 57.88
RUBFILA, EQ, 10-Dec-2024,87.42,87.02,91.12,87.0,87.29,87.64,88.79,266481,236.62,3790, 147112, 55.21
RUBYMILLS, EQ, 10-Dec-2024,272.4,273.0,316.0,273.0,299.4,300.7,305.97,1313941,4020.32,26384, 210763, 16.04
RUCHINFRA, EQ, 10-Dec-2024,12.63,12.65,13.25,12.26,12.3,12.38,12.62,322074,40.63,1902, 223313, 69.34
RUCHIRA, EQ, 10-Dec-2024,138.63,138.93,139.1,136.01,137.0,136.87,137.23,38073,52.25,1349, 20355, 53.46
RUPA, EQ, 10-Dec-2024,274.0,274.3,284.0,269.7,272.25,271.75,277.29,450577,1249.41,8617, 192490, 42.72
RUSHIL, EQ, 10-Dec-2024,33.68,33.77,33.96,33.0,33.4,33.17,33.36,525434,175.29,2800, 325424, 61.93
RUSTOMJEE, EQ, 10-Dec-2024,703.65,709.9,710.0,694.95,698.0,697.7,703.34,35469,249.47,1463, 18942, 53.40
RVHL, EQ, 10-Dec-2024,60.9,66.99,66.99,64.0,66.99,66.99,66.92,83078,55.6,253, 75053, 90.34
RVNL, EQ, 10-Dec-2024,470.55,470.0,470.3,455.55,459.0,458.6,460.05,3950300,18173.17,80770, 1652828, 41.84
SADBHAV, EQ, 10-Dec-2024,30.87,30.87,31.0,30.1,30.35,30.38,30.53,449536,137.25,2209, 263876, 58.70
SADBHIN, EQ, 10-Dec-2024,7.74,8.51,8.51,7.16,7.26,7.25,7.75,1220080,94.5,3084, 642387, 52.65
SADHNANIQ, EQ, 10-Dec-2024,50.66,50.15,50.78,49.52,50.1,50.03,50.09,140869,70.56,1448, 88412, 62.76
SAFARI, EQ, 10-Dec-2024,2623.45,2605.0,2725.0,2605.0,2714.0,2721.45,2691.21,53591,1442.25,7307, 25825, 48.19
SAGARDEEP, EQ, 10-Dec-2024,27.16,26.7,27.17,26.6,27.09,27.02,26.76,7923,2.12,169, 4481, 56.56
SAGCEM, EQ, 10-Dec-2024,236.55,236.55,236.55,230.3,230.45,231.1,232.66,31661,73.66,1034, 20505, 64.76
SAGILITY, EQ, 10-Dec-2024,41.41,43.48,43.48,41.56,42.59,42.26,43.18,68989556,29792.95,73427, 29156777, 42.26
SAHYADRI, EQ, 10-Dec-2024,323.25,320.0,327.4,320.0,324.2,324.2,323.19,2874,9.29,306, 1216, 42.31
SAIL, EQ, 10-Dec-2024,126.13,127.0,128.5,126.25,126.79,126.81,127.33,19581439,24932.46,68438, 5344742, 27.29
SAKAR, EQ, 10-Dec-2024,331.4,334.2,334.9,306.1,315.4,312.45,313.63,171039,536.44,4285, 107437, 62.81
SAKHTISUG, EQ, 10-Dec-2024,34.0,34.01,34.4,33.86,34.04,34.03,34.09,95687,32.62,1043, 48527, 50.71
SAKSOFT, EQ, 10-Dec-2024,238.58,239.6,248.5,239.6,242.8,241.81,244.14,526746,1286.02,8678, 196400, 37.29
SALASAR, EQ, 10-Dec-2024,16.06,16.15,16.25,15.81,15.93,15.88,15.98,3953144,631.59,9132, 2360896, 59.72
SALONA, EQ, 10-Dec-2024,294.35,286.9,305.95,286.9,302.95,300.6,300.44,1947,5.85,185, 985, 50.59
SALSTEEL, EQ, 10-Dec-2024,25.44,25.79,26.0,24.95,25.39,25.3,25.46,59174,15.06,590, 35096, 59.31
SALZERELEC, EQ, 10-Dec-2024,1284.15,1292.95,1315.25,1269.6,1300.0,1299.55,1297.92,85350,1107.77,6756, 26756, 31.35
SAMBHAAV, EQ, 10-Dec-2024,6.56,6.72,6.89,6.5,6.6,6.54,6.66,518682,34.53,2286, 286056, 55.15
SAMHI, EQ, 10-Dec-2024,195.54,196.7,197.9,191.75,192.5,192.04,193.56,1278679,2475.02,24337, 875513, 68.47
SAMMAANCAP, EQ, 10-Dec-2024,167.73,169.0,170.11,165.1,165.4,165.76,167.17,5302434,8863.85,26312, 2225994, 41.98
SAMPANN, EQ, 10-Dec-2024,39.97,42.74,42.74,38.0,38.12,38.47,39.72,193717,76.94,2383, 86567, 44.69
SANDESH, EQ, 10-Dec-2024,1721.05,1721.05,1736.35,1690.25,1725.0,1711.4,1712.41,1405,24.06,366, 599, 42.63
SANDHAR, EQ, 10-Dec-2024,582.9,584.85,585.35,565.0,570.0,568.85,573.34,74328,426.15,3058, 47183, 63.48
SANDUMA, EQ, 10-Dec-2024,532.75,532.75,535.3,512.45,520.0,516.85,519.95,176776,919.15,6653, 117290, 66.35
SANGAMIND, EQ, 10-Dec-2024,402.5,405.3,424.1,403.8,418.0,413.5,416.56,100715,419.54,3849, 51137, 50.77
SANGHIIND, EQ, 10-Dec-2024,80.64,80.8,81.44,79.79,80.19,80.11,80.21,132232,106.07,1562, 91956, 69.54
SANGHVIMOV, EQ, 10-Dec-2024,346.75,347.0,353.7,342.9,352.95,351.85,348.58,599141,2088.46,18484, 233549, 38.98
SANGINITA, EQ, 10-Dec-2024,15.79,15.81,16.04,15.81,16.0,15.9,15.91,30451,4.85,249, 16779, 55.10
SANOFI, EQ, 10-Dec-2024,6302.4,6299.65,6299.65,6228.7,6250.0,6245.45,6245.62,8045,502.46,2481, 4999, 62.14
SANOFICONR, EQ, 10-Dec-2024,4832.4,4801.65,4841.95,4784.05,4799.9,4799.7,4801.66,28353,1361.41,6363, 22658, 79.91
SANSERA, EQ, 10-Dec-2024,1622.5,1624.0,1649.25,1562.5,1574.0,1571.15,1590.92,110892,1764.2,13644, 57688, 52.02
SANSTAR, EQ, 10-Dec-2024,131.87,132.25,137.8,132.06,132.75,133.15,135.49,2486942,3369.6,27666, 791153, 31.81
SAPPHIRE, EQ, 10-Dec-2024,340.7,340.0,340.0,325.1,329.95,329.7,329.52,947315,3121.55,31722, 533676, 56.34
SARDAEN, EQ, 10-Dec-2024,481.7,481.9,500.95,478.8,488.05,487.5,489.94,624142,3057.94,36676, 225235, 36.09
SAREGAMA, EQ, 10-Dec-2024,506.35,506.35,511.8,498.6,510.9,507.8,505.06,258370,1304.91,11115, 95624, 37.01
SARLAPOLY, EQ, 10-Dec-2024,112.86,114.69,118.75,111.43,116.89,115.03,115.77,1959395,2268.34,14106, 919620, 46.93
SARVESHWAR, EQ, 10-Dec-2024,10.98,11.25,11.4,10.43,10.57,10.54,10.7,14522774,1553.94,24691, 7043787, 48.50
SASKEN, EQ, 10-Dec-2024,2242.05,2266.0,2399.8,2109.95,2127.5,2118.95,2207.38,54872,1211.23,8247, 16403, 29.89
SASTASUNDR, EQ, 10-Dec-2024,344.7,345.55,352.45,342.05,351.0,351.55,349.57,45976,160.72,2201, 29603, 64.39
SATIA, EQ, 10-Dec-2024,103.88,103.81,104.39,99.75,102.0,102.24,102.05,402454,410.72,3969, 210373, 52.27
SATIN, EQ, 10-Dec-2024,158.74,159.24,170.2,158.5,170.0,168.77,166.68,1121098,1868.67,21899, 603802, 53.86
SATINDLTD, EQ, 10-Dec-2024,119.35,117.2,124.8,117.2,119.81,119.96,121.02,463901,561.42,4621, 197368, 42.55
SAURASHCEM, EQ, 10-Dec-2024,110.65,110.7,113.41,108.99,111.9,112.18,111.07,56591,62.86,1447, 33593, 59.36
SBC, EQ, 10-Dec-2024,27.49,27.59,27.79,27.2,27.21,27.23,27.41,1445069,396.07,2831, 568378, 39.33
SBCL, EQ, 10-Dec-2024,580.75,584.95,621.8,584.95,600.3,600.0,607.62,465459,2828.24,23521, 147379, 31.66
SBFC, EQ, 10-Dec-2024,89.54,89.8,94.5,88.8,93.56,93.37,92.26,5025995,4637.22,35151, 1977529, 39.35
SBGLP, EQ, 10-Dec-2024,124.38,124.38,128.5,120.0,126.99,127.15,124.64,839375,1046.19,4868, 324567, 38.67
SBICARD, EQ, 10-Dec-2024,719.65,720.05,742.9,717.9,728.3,729.5,732.63,2095222,15350.3,65879, 1183634, 56.49
SBIETFCON, EQ, 10-Dec-2024,118.19,118.19,118.2,117.31,118.11,118.01,117.7,10098,11.89,221, 8088, 80.10
SBIETFIT, EQ, 10-Dec-2024,479.65,472.02,487.02,472.02,481.0,483.99,484.11,8007,38.76,292, 6845, 85.49
SBIETFPB, EQ, 10-Dec-2024,262.95,262.94,263.17,261.66,263.17,262.27,262.28,4728,12.4,94, 4129, 87.33
SBIETFQLTY, EQ, 10-Dec-2024,230.3,230.3,230.58,228.96,230.0,230.01,230.28,5813,13.39,117, 5765, 99.17
SBILIFE, EQ, 10-Dec-2024,1469.3,1463.7,1483.9,1451.6,1462.0,1461.85,1467.26,1994725,29267.72,79156, 1456728, 73.03
SBIN, EQ, 10-Dec-2024,858.05,861.8,868.95,858.05,868.3,867.5,863.66,7379849,63737.14,158185, 3723326, 50.45
SBINEQWETF, EQ, 10-Dec-2024,30.56,30.57,30.64,30.38,30.43,30.55,30.55,12442,3.8,228, 11586, 93.12
SBISILVER, EQ, 10-Dec-2024,90.69,90.8,92.64,90.8,92.05,92.03,92.26,179428,165.55,600, 143563, 80.01
SCHAEFFLER, EQ, 10-Dec-2024,3646.6,3650.0,3780.0,3592.95,3661.3,3636.4,3670.76,150266,5515.91,28875, 74659, 49.68
SCHAND, EQ, 10-Dec-2024,230.91,231.3,233.67,228.13,229.0,229.73,230.54,76010,175.23,2058, 43073, 56.67
SCHNEIDER, EQ, 10-Dec-2024,820.75,828.0,828.0,811.0,818.5,814.45,817.06,102339,836.17,7403, 49685, 48.55
SCI, EQ, 10-Dec-2024,238.37,239.2,243.0,235.22,238.0,237.92,238.79,2612520,6238.53,32230, 732698, 28.05
SCILAL, EQ, 10-Dec-2024,70.59,70.95,71.31,69.8,70.85,70.38,70.66,643775,454.86,4635, 278798, 43.31
SDBL, EQ, 10-Dec-2024,116.92,117.79,122.0,116.27,119.8,119.03,119.55,3367918,4026.43,32707, 1356104, 40.27
SDL26BEES, EQ, 10-Dec-2024,125.85,125.85,126.44,125.62,125.85,126.17,126.04,2236,2.82,35, 1623, 72.58
SEAMECLTD, EQ, 10-Dec-2024,1197.65,1197.7,1199.15,1145.95,1174.9,1156.65,1166.16,21315,248.57,2358, 12213, 57.30
SECMARK, EQ, 10-Dec-2024,124.28,121.54,124.94,120.63,121.5,123.08,123.07,887,1.09,75, 490, 55.24
SECURKLOUD, EQ, 10-Dec-2024,34.14,34.95,34.95,33.6,33.9,34.16,34.07,10330,3.52,428, 5758, 55.74
SELAN, EQ, 10-Dec-2024,902.55,902.55,946.95,900.0,908.0,911.55,921.44,127632,1176.05,6260, 46470, 36.41
SELMC, EQ, 10-Dec-2024,50.34,49.85,51.34,48.32,49.0,49.14,49.79,38991,19.42,1264, 15720, 40.32
SENCO, EQ, 10-Dec-2024,1142.9,1151.0,1178.0,1146.8,1169.5,1166.15,1167.44,812903,9490.16,46684, 400527, 49.27
SENSEXADD, EQ, 10-Dec-2024,82.27,82.27,82.99,82.02,82.28,82.28,82.18,304,0.25,23, 252, 82.89
SENSEXETF, EQ, 10-Dec-2024,82.64,82.65,82.88,82.09,82.68,82.67,82.52,10317,8.51,156, 6663, 64.58
SENSEXIETF, EQ, 10-Dec-2024,919.96,918.91,926.5,917.31,917.5,921.38,920.09,3938,36.23,226, 2461, 62.49
SEPC, EQ, 10-Dec-2024,24.87,24.96,24.99,24.18,24.32,24.31,24.42,4801416,1172.47,8518, 2648529, 55.16
SERVOTECH, EQ, 10-Dec-2024,186.11,187.0,188.33,182.0,184.48,183.97,184.34,544322,1003.38,7847, 282872, 51.97
SESHAPAPER, EQ, 10-Dec-2024,317.9,317.95,326.9,316.9,324.95,324.1,322.43,14298,46.1,611, 9291, 64.98
SETCO, EQ, 10-Dec-2024,14.78,16.25,16.25,16.25,16.25,16.25,16.25,327009,53.14,189, 327009, 100.00
SETF10GILT, EQ, 10-Dec-2024,242.31,242.32,243.77,242.01,242.7,242.44,242.48,20116,48.78,82, 18851, 93.71
SETFGOLD, EQ, 10-Dec-2024,66.25,68.25,68.25,66.45,66.64,66.65,66.64,1379405,919.24,3010, 948610, 68.77
SETFNIF50, EQ, 10-Dec-2024,260.14,260.13,260.99,259.06,260.28,260.08,259.85,327412,850.77,5081, 305525, 93.32
SETFNIFBK, EQ, 10-Dec-2024,542.71,543.42,545.99,542.0,545.22,544.58,544.19,14424,78.49,406, 11887, 82.41
SETFNN50, EQ, 10-Dec-2024,768.47,772.3,775.0,766.2,771.1,773.18,771.57,21855,168.63,1635, 17289, 79.11
SFL, EQ, 10-Dec-2024,936.8,938.0,963.95,934.0,947.95,947.95,950.61,448178,4260.4,29541, 240971, 53.77
SGIL, EQ, 10-Dec-2024,490.45,498.9,500.0,477.0,478.95,479.7,494.21,289844,1432.43,7380, 102560, 35.38
SGL, EQ, 10-Dec-2024,17.05,17.38,17.38,16.8,17.1,17.06,17.1,7158,1.22,140, 4320, 60.35
SHAILY, EQ, 10-Dec-2024,1345.45,1355.7,1390.0,1335.0,1347.0,1355.5,1367.78,228954,3131.58,19034, 131937, 57.63
SHALBY, EQ, 10-Dec-2024,247.7,248.7,249.39,245.1,245.15,246.33,246.47,78090,192.47,2673, 44954, 57.57
SHALPAINTS, EQ, 10-Dec-2024,118.64,119.25,124.01,118.11,119.1,119.5,121.52,305350,371.07,4288, 113341, 37.12
SHANKARA, EQ, 10-Dec-2024,674.9,675.9,675.9,654.6,660.05,661.8,662.96,40962,271.56,1925, 24127, 58.90
SHANTI, EQ, 10-Dec-2024,16.33,16.33,17.3,15.7,16.0,15.91,16.08,1107787,178.11,860, 505469, 45.63
SHANTIGEAR, EQ, 10-Dec-2024,533.7,533.7,538.85,531.3,532.35,536.65,536.09,16802,90.07,1244, 11528, 68.61
SHARDACROP, EQ, 10-Dec-2024,827.45,834.5,846.8,827.35,844.4,841.95,837.9,297039,2488.9,17544, 134822, 45.39
SHARDAMOTR, EQ, 10-Dec-2024,2083.05,2083.05,2112.45,2058.05,2081.0,2077.5,2087.01,26492,552.89,4917, 10707, 40.42
SHAREINDIA, EQ, 10-Dec-2024,299.2,305.0,305.0,295.1,296.0,296.25,298.1,156297,465.92,5543, 86221, 55.16
SHARIABEES, EQ, 10-Dec-2024,549.05,552.14,552.14,544.93,550.0,548.49,547.98,4334,23.75,360, 2551, 58.86
SHEMAROO, EQ, 10-Dec-2024,170.69,171.01,172.72,169.87,170.0,170.45,170.88,21489,36.72,974, 10839, 50.44
SHILPAMED, EQ, 10-Dec-2024,835.4,835.1,847.55,820.4,838.5,837.55,832.27,495121,4120.76,17898, 299471, 60.48
SHIVALIK, EQ, 10-Dec-2024,776.85,781.85,790.0,755.0,760.0,757.85,774.66,83659,648.08,3200, 53331, 63.75
SHIVAMAUTO, EQ, 10-Dec-2024,47.78,50.69,57.33,49.56,52.8,53.48,55.04,5829239,3208.41,25079, 1440254, 24.71
SHIVAMILLS, EQ, 10-Dec-2024,110.21,110.0,113.8,100.76,102.37,103.0,108.37,230496,249.79,3597, 89180, 38.69
SHIVATEX, EQ, 10-Dec-2024,237.89,241.0,253.01,240.0,240.0,240.9,246.79,18863,46.55,865, 10928, 57.93
SHK, EQ, 10-Dec-2024,282.7,284.0,285.75,277.45,283.0,284.15,281.5,148437,417.84,5638, 73551, 49.55
SHOPERSTOP, EQ, 10-Dec-2024,640.7,640.8,641.55,610.05,611.8,614.55,619.79,95607,592.56,5383, 54846, 57.37
SHREDIGCEM, EQ, 10-Dec-2024,90.25,90.75,90.99,89.26,90.2,89.87,90.08,147706,133.06,2336, 76396, 51.72
SHREECEM, EQ, 10-Dec-2024,26711.25,26818.05,27196.0,26600.0,27186.95,27119.3,26948.35,15924,4291.25,7072, 6373, 40.02
SHREEPUSHK, EQ, 10-Dec-2024,341.95,344.4,349.45,340.0,341.55,341.0,343.91,50477,173.6,1186, 30741, 60.90
SHREYANIND, EQ, 10-Dec-2024,241.41,241.03,241.48,235.68,236.5,237.86,238.09,7830,18.64,659, 4545, 58.05
SHRIPISTON, EQ, 10-Dec-2024,2183.65,2209.0,2269.0,2152.35,2250.0,2248.1,2215.73,207905,4606.61,25519, 102628, 49.36
SHRIRAMFIN, EQ, 10-Dec-2024,3106.9,3125.45,3197.15,3109.0,3181.6,3186.5,3176.28,1126180,35770.58,80808, 473248, 42.02
SHRIRAMPPS, EQ, 10-Dec-2024,107.22,107.4,108.52,105.76,106.6,106.67,107.07,666983,714.13,6269, 382480, 57.34
SHYAMCENT, EQ, 10-Dec-2024,14.72,14.99,14.99,13.1,14.4,14.34,14.58,264894,38.62,1424, 132064, 49.86
SHYAMMETL, EQ, 10-Dec-2024,848.3,852.0,872.0,846.7,867.6,868.4,862.92,440589,3801.93,18953, 213149, 48.38
SIEMENS, EQ, 10-Dec-2024,7842.05,7860.0,7900.0,7786.2,7888.35,7890.4,7858.15,256135,20127.48,29297, 150965, 58.94
SIGACHI, EQ, 10-Dec-2024,54.23,54.58,54.6,53.5,53.84,53.71,53.85,1092184,588.14,5141, 602105, 55.13
SIGIND, EQ, 10-Dec-2024,77.73,77.99,78.8,76.5,77.2,76.9,77.24,98057,75.74,2379, 63031, 64.28
SIGMA, EQ, 10-Dec-2024,369.9,375.15,393.5,370.0,382.8,378.35,384.9,61963,238.49,3935, 17015, 27.46
SIGNATURE, EQ, 10-Dec-2024,1273.95,1275.0,1279.65,1234.0,1249.5,1250.2,1250.31,888880,11113.76,28808, 275475, 30.99
SIGNPOST, EQ, 10-Dec-2024,360.5,360.5,365.85,353.0,353.35,355.7,357.59,153590,549.22,4903, 59907, 39.00
SIKKO, EQ, 10-Dec-2024,97.77,97.77,102.29,96.71,101.5,101.07,99.18,57888,57.41,1285, 31454, 54.34
SIL, EQ, 10-Dec-2024,27.79,27.79,30.7,27.72,28.75,29.17,29.21,588514,171.93,4101, 286271, 48.64
SILGO, EQ, 10-Dec-2024,41.37,41.37,43.4,40.51,41.5,41.79,42.0,170083,71.43,2091, 67594, 39.74
SILLYMONKS, EQ, 10-Dec-2024,22.02,22.02,22.02,21.65,22.0,21.71,21.81,1791,0.39,63, 1507, 84.14
SILVER, EQ, 10-Dec-2024,92.22,92.75,94.15,92.74,93.55,93.55,93.8,156636,146.92,1134, 116855, 74.60
SILVER1, EQ, 10-Dec-2024,89.69,91.02,91.79,90.72,91.05,91.19,91.32,111546,101.87,393, 60913, 54.61
SILVERADD, EQ, 10-Dec-2024,88.98,89.73,91.15,89.73,90.5,90.41,90.9,150995,137.25,430, 120863, 80.04
SILVERBEES, EQ, 10-Dec-2024,88.71,90.67,90.89,89.8,90.09,90.11,90.32,12303027,11111.83,19146, 8662724, 70.41
SILVERETF, EQ, 10-Dec-2024,89.87,89.9,92.0,89.9,91.08,91.11,91.41,211741,193.55,1177, 155235, 73.31
SILVERIETF, EQ, 10-Dec-2024,92.3,92.5,94.05,92.5,93.55,93.81,93.79,1193783,1119.63,3411, 680380, 56.99
SILVERTUC, EQ, 10-Dec-2024,675.3,696.45,696.45,679.0,685.2,681.0,687.51,11473,78.88,637, 2517, 21.94
SILVRETF, EQ, 10-Dec-2024,89.97,91.0,92.0,91.0,91.35,91.34,91.69,20158,18.48,950, 17290, 85.77
SINCLAIR, EQ, 10-Dec-2024,113.68,115.49,115.9,109.43,115.25,115.23,113.55,145629,165.36,4133, 93340, 64.09
SINDHUTRAD, EQ, 10-Dec-2024,24.1,24.17,24.19,23.33,23.7,23.68,23.73,560282,132.95,2319, 302414, 53.98
SINTERCOM, EQ, 10-Dec-2024,150.61,148.07,151.0,148.07,150.99,150.18,150.23,15361,23.08,111, 14752, 96.04
SIRCA, EQ, 10-Dec-2024,336.55,337.55,338.8,330.3,333.0,332.3,333.31,67999,226.65,1744, 43565, 64.07
SIS, EQ, 10-Dec-2024,392.4,396.0,396.0,390.0,392.5,392.5,392.48,23072,90.55,2610, 12762, 55.31
SIYSIL, EQ, 10-Dec-2024,861.3,865.0,880.0,842.0,871.2,875.75,863.9,203746,1760.17,8339, 91758, 45.04
SJS, EQ, 10-Dec-2024,1302.9,1309.35,1321.0,1267.55,1293.25,1277.75,1295.3,124970,1618.74,10979, 62492, 50.01
SJVN, EQ, 10-Dec-2024,122.27,122.1,122.51,119.04,119.3,119.39,120.18,6551124,7873.42,36598, 2560102, 39.08
SKFINDIA, EQ, 10-Dec-2024,5028.35,5039.8,5079.55,4960.55,4986.0,4980.85,4998.99,18741,936.86,4228, 11042, 58.92
SKIPPER, EQ, 10-Dec-2024,627.25,632.0,639.0,611.0,633.0,634.2,626.51,886563,5554.43,42347, 307038, 34.63
SKMEGGPROD, EQ, 10-Dec-2024,261.5,261.0,279.95,256.0,262.87,263.68,270.42,653610,1767.5,11585, 152371, 23.31
SMALLCAP, EQ, 10-Dec-2024,53.26,53.26,53.48,53.02,53.37,53.31,53.25,619252,329.77,18213, 455145, 73.50
SMCGLOBAL, EQ, 10-Dec-2024,155.4,155.1,156.5,153.0,154.6,154.41,154.34,128570,198.43,1854, 59442, 46.23
SMLISUZU, EQ, 10-Dec-2024,1589.9,1594.55,1614.9,1574.0,1606.0,1593.85,1593.88,14060,224.1,2429, 6918, 49.20
SMLT, EQ, 10-Dec-2024,161.74,159.55,163.79,159.55,163.5,162.7,162.47,15232,24.75,1172, 8329, 54.68
SMSPHARMA, EQ, 10-Dec-2024,257.7,259.85,260.8,253.0,259.9,259.55,256.7,165602,425.1,3230, 79053, 47.74
SNOWMAN, EQ, 10-Dec-2024,76.76,77.2,77.44,75.2,76.1,75.77,76.04,514202,391.02,3980, 234275, 45.56
SOBHA, EQ, 10-Dec-2024,1681.15,1673.0,1673.05,1626.6,1649.95,1650.4,1647.26,291511,4801.93,19589, 163879, 56.22
SOFTTECH, EQ, 10-Dec-2024,422.1,425.0,442.5,410.0,428.0,425.05,415.83,189283,787.1,2244, 160282, 84.68
SOLARA, EQ, 10-Dec-2024,779.85,784.4,784.4,762.25,774.0,770.7,769.94,88304,679.89,6288, 55294, 62.62
SOLARINDS, EQ, 10-Dec-2024,10962.9,10965.0,10990.0,10718.5,10795.0,10792.95,10810.94,56675,6127.1,18042, 26449, 46.67
SOMANYCERA, EQ, 10-Dec-2024,697.85,694.0,703.3,694.0,696.0,698.0,697.47,12942,90.27,1577, 7867, 60.79
SOMICONVEY, EQ, 10-Dec-2024,174.86,177.8,180.0,165.27,180.0,179.58,173.66,40044,69.54,427, 18612, 46.48
SONACOMS, EQ, 10-Dec-2024,659.65,660.5,660.5,638.0,646.0,645.55,646.65,1789953,11574.72,55219, 1142897, 63.85
SONATSOFTW, EQ, 10-Dec-2024,670.1,670.1,684.85,665.15,669.6,670.9,675.19,652998,4409.01,24113, 305485, 46.78
SOTL, EQ, 10-Dec-2024,599.4,600.0,600.0,579.8,589.95,589.35,587.53,74843,439.72,3749, 30998, 41.42
SOUTHBANK, EQ, 10-Dec-2024,26.27,26.27,26.36,25.86,26.05,26.01,26.08,17151324,4472.74,30383, 8226851, 47.97
SOUTHWEST, EQ, 10-Dec-2024,163.68,165.8,169.0,149.06,153.0,155.8,155.59,245608,382.15,4360, 113149, 46.07
SPAL, EQ, 10-Dec-2024,942.55,948.85,974.0,940.1,946.0,954.4,962.37,107946,1038.84,5771, 62894, 58.26
SPANDANA, EQ, 10-Dec-2024,387.65,390.4,397.0,389.8,394.25,393.05,393.01,292082,1147.92,17665, 160013, 54.78
SPARC, EQ, 10-Dec-2024,217.84,218.0,219.91,215.05,218.9,218.62,217.82,298996,651.28,9317, 147888, 49.46
SPCENET, EQ, 10-Dec-2024,23.83,23.74,23.75,22.6,22.8,22.75,22.91,1387502,317.88,2071, 987278, 71.16
SPECIALITY, EQ, 10-Dec-2024,157.55,157.05,158.9,153.92,154.7,154.8,155.98,58476,91.21,1078, 40616, 69.46
SPENCERS, EQ, 10-Dec-2024,90.4,90.84,92.01,90.34,90.52,90.92,90.86,237398,215.69,1753, 160920, 67.78
SPIC, EQ, 10-Dec-2024,77.09,77.2,79.42,77.01,78.48,78.01,78.33,673890,527.89,6796, 193183, 28.67
SPLIL, EQ, 10-Dec-2024,67.0,67.5,68.49,65.55,66.81,66.62,66.94,102266,68.46,2011, 54193, 52.99
SPLPETRO, EQ, 10-Dec-2024,773.85,779.0,796.85,763.2,776.9,775.75,780.32,60664,473.38,4163, 24176, 39.85
SPORTKING, EQ, 10-Dec-2024,116.19,118.0,122.78,116.32,118.89,117.83,119.51,636535,760.72,7728, 313923, 49.32
SREEL, EQ, 10-Dec-2024,268.49,275.0,275.78,262.0,262.51,263.51,267.99,18505,49.59,861, 10119, 54.68
SRF, EQ, 10-Dec-2024,2302.35,2320.0,2367.7,2295.0,2346.0,2343.6,2344.0,551490,12926.9,40976, 280255, 50.82
SRGHFL, EQ, 10-Dec-2024,384.75,386.0,399.8,382.35,390.0,393.7,389.74,17165,66.9,1652, 6212, 36.19
SRHHYPOLTD, EQ, 10-Dec-2024,767.5,775.05,798.1,741.3,749.8,754.35,765.78,60879,466.2,4295, 26018, 42.74
SRM, EQ, 10-Dec-2024,324.35,329.2,329.5,315.0,320.2,318.8,319.48,52861,168.88,1847, 31888, 60.32
SSDL, EQ, 10-Dec-2024,138.78,140.0,141.15,138.15,138.95,139.02,139.27,65018,90.55,1728, 30935, 47.58
SSWL, EQ, 10-Dec-2024,207.17,208.2,224.7,207.6,224.0,221.58,219.36,1669634,3662.46,36342, 904035, 54.15
STANLEY, EQ, 10-Dec-2024,447.6,449.0,457.2,429.5,435.9,439.35,445.38,93819,417.85,4828, 49313, 52.56
STARCEMENT, EQ, 10-Dec-2024,197.57,198.7,198.7,194.0,195.0,194.9,195.65,340217,665.64,7647, 141498, 41.59
STARHEALTH, EQ, 10-Dec-2024,468.15,465.5,477.45,460.5,463.7,462.45,465.52,1493180,6951.04,42144, 817370, 54.74
STARPAPER, EQ, 10-Dec-2024,232.38,232.38,233.0,224.8,225.6,227.36,229.21,40035,91.76,1345, 23936, 59.79
STARTECK, EQ, 10-Dec-2024,312.6,325.0,338.95,294.1,336.0,331.4,324.35,23486,76.18,928, 8253, 35.14
STCINDIA, EQ, 10-Dec-2024,169.95,169.95,170.83,166.01,167.0,167.21,168.06,89384,150.22,2212, 26252, 29.37
STEELCAS, EQ, 10-Dec-2024,897.9,897.95,920.0,864.05,912.0,912.7,899.24,31271,281.2,4416, 14762, 47.21
STEELCITY, EQ, 10-Dec-2024,117.26,118.4,118.4,114.42,115.55,114.99,116.08,61015,70.83,1328, 35647, 58.42
STEELXIND, EQ, 10-Dec-2024,11.13,11.18,11.3,11.0,11.3,11.2,11.15,959001,106.9,4420, 490871, 51.19
STEL, EQ, 10-Dec-2024,490.5,485.0,509.0,483.05,498.95,497.35,495.36,7958,39.42,831, 3287, 41.30
STERTOOLS, EQ, 10-Dec-2024,664.95,670.9,671.05,643.7,648.0,647.35,650.96,257244,1674.56,7879, 132157, 51.37
STLTECH, EQ, 10-Dec-2024,124.87,125.0,127.45,122.35,123.4,123.3,124.61,2408210,3000.84,22889, 1095653, 45.50
STOVEKRAFT, EQ, 10-Dec-2024,830.75,840.0,855.0,820.0,821.6,824.25,827.88,44610,369.32,3381, 21568, 48.35
STYLAMIND, EQ, 10-Dec-2024,2467.0,2504.0,2573.8,2451.0,2565.0,2555.55,2508.02,29531,740.64,6713, 17154, 58.09
STYLEBAAZA, EQ, 10-Dec-2024,360.2,358.95,359.8,348.0,352.0,351.15,353.87,193817,685.86,8170, 87114, 44.95
STYRENIX, EQ, 10-Dec-2024,2855.4,2860.0,2955.2,2824.0,2940.05,2919.25,2892.26,133270,3854.51,15772, 68202, 51.18
SUBEXLTD, EQ, 10-Dec-2024,26.57,26.58,26.93,25.93,26.08,26.08,26.36,2920538,769.96,7138, 1091487, 37.37
SUBROS, EQ, 10-Dec-2024,637.0,642.0,642.0,627.55,631.0,630.45,632.36,38469,243.26,2735, 23686, 61.57
SUDARSCHEM, EQ, 10-Dec-2024,1130.0,1130.0,1138.45,1120.4,1131.95,1131.95,1130.51,137869,1558.63,10706, 81451, 59.08
SUKHJITS, EQ, 10-Dec-2024,293.25,290.25,323.0,290.25,303.0,303.8,312.04,165843,517.49,6239, 67917, 40.95
SULA, EQ, 10-Dec-2024,430.65,432.0,450.75,429.2,450.0,446.15,442.91,440503,1951.02,16241, 246977, 56.07
SUMICHEM, EQ, 10-Dec-2024,545.05,545.0,548.95,537.55,542.9,545.7,542.82,343733,1865.85,18895, 156000, 45.38
SUMMITSEC, EQ, 10-Dec-2024,3319.65,3255.05,3500.0,3255.05,3429.05,3426.75,3423.58,34866,1193.67,5837, 16289, 46.72
SUNCLAY, EQ, 10-Dec-2024,2694.6,2735.0,2810.0,2654.8,2701.0,2718.6,2737.02,20297,555.53,4065, 8775, 43.23
SUNDARAM, EQ, 10-Dec-2024,2.77,2.82,2.84,2.75,2.77,2.77,2.79,562454,15.68,1052, 389276, 69.21
SUNDARMFIN, EQ, 10-Dec-2024,4369.5,4389.9,4435.6,4319.4,4401.3,4413.9,4400.61,98051,4314.84,25664, 54582, 55.67
SUNDARMHLD, EQ, 10-Dec-2024,326.0,328.0,333.0,320.0,324.25,322.7,322.87,49296,159.16,2418, 19132, 38.81
SUNDRMBRAK, EQ, 10-Dec-2024,1006.55,1120.0,1207.85,1101.0,1122.75,1118.55,1159.19,128742,1492.37,9429, 27107, 21.06
SUNDRMFAST, EQ, 10-Dec-2024,1181.2,1192.65,1199.0,1146.0,1152.5,1150.8,1169.03,204776,2393.89,19323, 94628, 46.21
SUNFLAG, EQ, 10-Dec-2024,222.73,222.3,227.21,208.15,227.2,221.37,217.18,1681025,3650.79,11305, 906135, 53.90
SUNPHARMA, EQ, 10-Dec-2024,1806.65,1821.0,1823.0,1796.0,1809.0,1809.95,1806.43,2043634,36916.86,93165, 1464385, 71.66
SUNTECK, EQ, 10-Dec-2024,518.65,524.7,524.7,508.65,512.9,511.7,513.47,274858,1411.32,13326, 168601, 61.34
SUNTV, EQ, 10-Dec-2024,754.95,755.0,760.0,745.4,749.05,747.3,749.83,416738,3124.81,11675, 244000, 58.55
SUPERHOUSE, EQ, 10-Dec-2024,220.87,218.12,221.28,216.7,216.7,217.09,218.23,4359,9.51,320, 2412, 55.33
SUPRAJIT, EQ, 10-Dec-2024,499.65,502.4,509.0,497.05,501.4,501.05,500.77,272915,1366.67,77505, 169389, 62.07
SUPREMEIND, EQ, 10-Dec-2024,5012.65,5050.0,5068.15,4878.05,4927.8,4921.85,4947.57,212532,10515.16,25708, 79484, 37.40
SUPRIYA, EQ, 10-Dec-2024,783.8,789.2,792.95,765.0,767.0,770.6,775.45,260350,2018.9,14690, 108141, 41.54
SURAJEST, EQ, 10-Dec-2024,675.05,664.9,678.25,661.85,664.5,667.15,668.73,50416,337.15,4029, 18884, 37.46
SURAKSHA, EQ, 10-Dec-2024,410.7,414.75,416.75,402.1,405.3,405.4,407.08,1161752,4729.22,32257, 521435, 44.88
SURANAT&P, EQ, 10-Dec-2024,23.44,23.45,23.53,22.9,23.05,23.03,23.17,227405,52.69,1518, 141987, 62.44
SURYALAXMI, EQ, 10-Dec-2024,91.94,92.75,95.8,91.35,93.0,93.1,93.8,120176,112.72,3108, 58231, 48.45
SURYAROSNI, EQ, 10-Dec-2024,595.35,595.0,607.7,584.9,588.9,588.55,595.78,217885,1298.12,11019, 82559, 37.89
SURYODAY, EQ, 10-Dec-2024,150.15,150.98,155.0,149.35,154.5,154.84,152.73,638571,975.31,11508, 426726, 66.83
SUTLEJTEX, EQ, 10-Dec-2024,67.32,67.06,68.9,67.06,67.57,67.81,67.92,111217,75.54,1914, 48545, 43.65
SUVEN, EQ, 10-Dec-2024,147.65,147.65,160.01,147.65,159.5,158.57,155.83,1219968,1901.11,13912, 624793, 51.21
SUVENPHAR, EQ, 10-Dec-2024,1306.0,1311.45,1311.5,1272.7,1296.6,1296.2,1289.89,410763,5298.38,22872, 263741, 64.21
SUVIDHAA, EQ, 10-Dec-2024,5.73,5.9,6.87,5.4,6.87,6.83,6.6,4059609,267.88,4981, 1879086, 46.29
SUYOG, EQ, 10-Dec-2024,1909.15,1933.0,1947.7,1862.0,1930.0,1918.7,1919.06,113635,2180.73,8575, 53254, 46.86
SUZLON, EQ, 10-Dec-2024,67.36,67.3,67.36,65.86,66.48,66.55,66.5,29542425,19644.36,117711, 16635163, 56.31
SVPGLOB, EQ, 10-Dec-2024,6.72,6.84,7.05,6.51,6.98,6.87,6.9,669807,46.23,1506, 258074, 38.53
SWANENERGY, EQ, 10-Dec-2024,710.35,710.35,747.3,705.05,712.1,715.3,726.33,8285293,60178.61,153875, 1475951, 17.81
SWARAJENG, EQ, 10-Dec-2024,3293.8,3293.8,3293.8,3202.4,3202.4,3215.25,3240.95,6320,204.83,1567, 3455, 54.67
SWELECTES, EQ, 10-Dec-2024,1081.8,1085.9,1151.9,1061.55,1124.45,1120.65,1130.76,84467,955.11,12317, 27554, 32.62
SWIGGY, EQ, 10-Dec-2024,536.85,560.0,567.9,540.0,542.0,543.75,552.83,11833298,65417.48,130558, 2856520, 24.14
SWSOLAR, EQ, 10-Dec-2024,507.3,506.55,511.4,500.0,503.7,503.05,504.7,812868,4102.52,32707, 457483, 56.28
SYMPHONY, EQ, 10-Dec-2024,1383.6,1392.85,1447.85,1382.75,1398.0,1397.0,1410.92,117742,1661.24,15236, 42133, 35.78
SYNCOMF, EQ, 10-Dec-2024,23.62,23.83,23.87,22.6,22.81,22.78,22.94,3878365,889.62,16596, 2268945, 58.50
SYNGENE, EQ, 10-Dec-2024,867.9,861.0,898.0,858.3,884.3,881.05,882.85,4019608,35486.96,120475, 1074295, 26.73
SYRMA, EQ, 10-Dec-2024,555.95,557.7,586.5,550.85,580.0,578.65,575.52,2413140,13888.2,71871, 633284, 26.24
TAINWALCHM, EQ, 10-Dec-2024,311.05,314.9,314.9,298.25,305.0,303.8,305.94,9186,28.1,514, 4950, 53.89
TAJGVK, EQ, 10-Dec-2024,362.1,362.1,363.6,353.8,359.9,359.55,358.31,136002,487.31,3710, 67529, 49.65
TAKE, EQ, 10-Dec-2024,17.58,17.7,17.76,17.11,17.37,17.28,17.46,134595,23.5,762, 97205, 72.22
TALBROAUTO, EQ, 10-Dec-2024,331.55,334.85,339.8,328.35,335.9,335.3,334.14,143034,477.94,3820, 57468, 40.18
TANLA, EQ, 10-Dec-2024,737.35,739.7,744.4,715.0,721.95,718.35,725.74,689590,5004.64,36563, 400754, 58.11
TARACHAND, EQ, 10-Dec-2024,77.75,79.0,79.0,74.8,75.65,75.4,76.47,193094,147.67,1725, 147080, 76.17
TARC, EQ, 10-Dec-2024,219.85,220.0,221.2,213.5,215.0,214.14,216.07,387938,838.23,5863, 249020, 64.19
TARMAT, EQ, 10-Dec-2024,84.18,83.19,92.59,83.0,84.99,84.95,88.57,302327,267.77,3181, 147134, 48.67
TARSONS, EQ, 10-Dec-2024,453.05,448.0,449.65,428.0,435.2,431.0,434.76,165762,720.67,5398, 111746, 67.41
TASTYBITE, EQ, 10-Dec-2024,10819.85,10890.2,11077.0,10840.0,10910.0,11013.9,10983.19,3593,394.63,1430, 1845, 51.35
TATACHEM, EQ, 10-Dec-2024,1106.05,1110.0,1134.9,1109.9,1123.0,1123.5,1123.96,792491,8907.27,29019, 301850, 38.09
TATACOMM, EQ, 10-Dec-2024,1785.35,1794.7,1798.55,1769.15,1775.05,1775.1,1779.82,181819,3236.05,13688, 121979, 67.09
TATACONSUM, EQ, 10-Dec-2024,933.95,938.5,938.6,925.2,929.3,926.75,929.37,1990270,18496.9,62205, 1385331, 69.61
TATAELXSI, EQ, 10-Dec-2024,7356.0,7325.0,7417.15,7325.0,7395.55,7403.15,7388.71,164865,12181.4,29173, 87216, 52.90
TATAGOLD, EQ, 10-Dec-2024,7.55,7.6,7.64,7.5,7.6,7.59,7.6,6296897,478.79,22883, 4582699, 72.78
TATAINVEST, EQ, 10-Dec-2024,6893.9,6907.95,7020.45,6826.0,6900.0,6898.0,6901.48,45027,3107.53,10963, 14257, 31.66
TATAMOTORS, EQ, 10-Dec-2024,798.75,804.8,810.45,797.45,801.0,799.9,803.15,13113082,105318.12,234736, 5647753, 43.07
TATAPOWER, EQ, 10-Dec-2024,440.75,441.95,442.65,432.05,435.1,435.2,436.24,9854285,42988.77,125357, 4545648, 46.13
TATASTEEL, EQ, 10-Dec-2024,149.88,150.19,152.5,149.31,150.38,150.32,150.93,36278104,54754.08,198144, 13588131, 37.46
TATATECH, EQ, 10-Dec-2024,947.95,949.95,951.6,937.0,943.6,942.6,943.01,907420,8557.02,48939, 529182, 58.32
TATSILV, EQ, 10-Dec-2024,8.97,9.0,9.19,9.0,9.15,9.13,9.15,1638328,149.91,3512, 1274932, 77.82
TATVA, EQ, 10-Dec-2024,899.3,902.0,904.0,893.6,903.45,900.0,899.3,19590,176.17,2038, 13332, 68.06
TBOTEK, EQ, 10-Dec-2024,1524.1,1524.1,1588.8,1515.05,1578.05,1574.35,1560.74,193614,3021.82,18770, 82741, 42.74
TBZ, EQ, 10-Dec-2024,277.45,280.0,292.0,280.0,284.5,283.94,285.31,535875,1528.9,12159, 206074, 38.46
TCI, EQ, 10-Dec-2024,1267.2,1275.0,1297.45,1247.75,1266.05,1262.75,1264.07,39070,493.87,3953, 17882, 45.77
TCIEXP, EQ, 10-Dec-2024,890.85,897.0,899.0,858.9,867.0,862.55,873.32,143181,1250.43,7355, 87905, 61.39
TCLCONS, EQ, 10-Dec-2024,46.05,47.49,49.0,43.02,45.08,45.6,46.44,244829,113.7,3868, 53285, 21.76
TCPLPACK, EQ, 10-Dec-2024,3304.55,3324.9,3405.0,3302.35,3354.0,3340.1,3352.47,7061,236.72,2268, 3375, 47.80
TCS, EQ, 10-Dec-2024,4452.15,4426.15,4493.8,4412.1,4437.8,4432.55,4440.97,2087828,92719.72,142478, 1219085, 58.39
TDPOWERSYS, EQ, 10-Dec-2024,450.65,455.65,464.4,447.65,460.0,459.35,457.46,1045131,4781.03,46972, 501741, 48.01
TEAMLEASE, EQ, 10-Dec-2024,2752.5,2771.0,2903.05,2771.0,2850.0,2848.2,2850.49,47993,1368.04,13267, 25167, 52.44
TECH, EQ, 10-Dec-2024,46.92,47.2,47.86,46.49,47.49,47.36,47.29,20115,9.51,304, 17064, 84.83
TECHM, EQ, 10-Dec-2024,1777.85,1766.2,1777.0,1753.3,1762.15,1763.55,1763.48,1625591,28666.98,84530, 989263, 60.86
TECHNOE, EQ, 10-Dec-2024,1470.55,1484.2,1499.0,1436.9,1453.9,1458.9,1452.55,371228,5392.27,36990, 293669, 79.11
TEGA, EQ, 10-Dec-2024,1612.75,1617.0,1626.5,1545.0,1557.2,1556.55,1597.67,297036,4745.64,16533, 222947, 75.06
TEJASNET, EQ, 10-Dec-2024,1337.15,1355.0,1374.0,1312.25,1319.8,1320.0,1340.41,1514204,20296.48,55414, 529620, 34.98
TEXINFRA, EQ, 10-Dec-2024,153.2,154.0,157.0,151.0,154.15,154.35,153.71,1261752,1939.44,7481, 694253, 55.02
TEXMOPIPES, EQ, 10-Dec-2024,69.42,68.5,70.02,68.1,68.84,68.56,69.1,32741,22.63,952, 21550, 65.82
TEXRAIL, EQ, 10-Dec-2024,226.35,227.5,227.55,220.0,222.1,221.77,222.65,1705487,3797.21,22841, 729917, 42.80
TFCILTD, EQ, 10-Dec-2024,174.64,175.13,175.7,168.0,174.35,173.3,171.41,567035,971.97,4151, 308278, 54.37
TGBHOTELS, EQ, 10-Dec-2024,15.42,15.42,15.74,15.22,15.32,15.51,15.49,95526,14.79,298, 70106, 73.39
THANGAMAYL, EQ, 10-Dec-2024,2124.25,2148.0,2148.0,2116.55,2128.05,2131.45,2128.97,19036,405.27,1954, 10327, 54.25
THEINVEST, EQ, 10-Dec-2024,209.32,210.0,212.6,208.04,211.99,211.43,211.43,25170,53.22,461, 19787, 78.61
THEJO, EQ, 10-Dec-2024,2205.45,2238.5,2238.5,2185.05,2225.0,2214.3,2212.08,7097,156.99,877, 4267, 60.12
THEMISMED, EQ, 10-Dec-2024,293.55,292.0,295.5,288.35,289.15,291.5,291.03,75630,220.11,1831, 44295, 58.57
THERMAX, EQ, 10-Dec-2024,4641.65,4684.65,4789.85,4615.0,4649.95,4643.2,4664.02,107747,5025.34,22191, 61565, 57.14
THOMASCOOK, EQ, 10-Dec-2024,216.56,217.0,218.99,213.01,216.5,216.92,216.03,453747,980.24,6918, 230551, 50.81
THOMASCOTT, EQ, 10-Dec-2024,293.89,308.58,308.58,308.58,308.58,308.58,308.58,13337,41.16,109, 13337, 100.00
THYROCARE, EQ, 10-Dec-2024,997.95,1000.0,1029.95,999.0,1010.0,1013.0,1014.68,31120,315.77,3060, 15774, 50.69
TI, EQ, 10-Dec-2024,422.55,423.9,424.7,414.2,415.0,415.1,417.66,563785,2354.71,8704, 313404, 55.59
TIIL, EQ, 10-Dec-2024,2954.0,2983.6,3099.0,2961.05,3035.0,3042.35,3027.0,47264,1430.68,7657, 22302, 47.19
TIINDIA, EQ, 10-Dec-2024,3710.15,3745.0,3745.0,3663.2,3700.0,3698.65,3703.45,142835,5289.83,19641, 79869, 55.92
TIMESGTY, EQ, 10-Dec-2024,171.41,169.02,173.84,157.14,159.0,159.97,162.74,27596,44.91,1419, 12344, 44.73
TIMETECHNO, EQ, 10-Dec-2024,489.3,491.0,491.0,477.1,485.8,484.3,481.94,809337,3900.55,24066, 215044, 26.57
TIMKEN, EQ, 10-Dec-2024,3351.95,3353.0,3369.5,3295.0,3310.0,3308.6,3317.39,29008,962.31,7439, 18165, 62.62
TIPSFILMS, EQ, 10-Dec-2024,538.2,543.65,543.65,535.05,539.5,539.2,538.27,1624,8.74,248, 1056, 65.02
TIPSMUSIC, EQ, 10-Dec-2024,846.5,850.0,856.9,814.0,816.7,816.7,822.38,404370,3325.44,33099, 224957, 55.63
TIRUMALCHM, EQ, 10-Dec-2024,383.9,383.9,390.25,368.75,371.5,370.2,374.24,1049067,3926.04,27479, 601000, 57.29
TITAGARH, EQ, 10-Dec-2024,1213.85,1221.0,1247.0,1218.5,1233.0,1231.3,1233.16,1320521,16284.09,50735, 428572, 32.45
TITAN, EQ, 10-Dec-2024,3468.2,3470.0,3516.95,3436.05,3479.9,3475.75,3482.97,1063355,37036.37,83557, 607461, 57.13
TMB, EQ, 10-Dec-2024,497.0,497.9,503.0,486.5,497.1,501.35,496.71,226883,1126.95,7096, 133611, 58.89
TNIDETF, EQ, 10-Dec-2024,101.77,102.6,102.9,101.77,102.9,102.58,102.48,96652,99.05,1104, 80455, 83.24
TNPETRO, EQ, 10-Dec-2024,84.78,84.05,85.69,84.05,85.0,84.48,84.73,110507,93.63,1799, 51073, 46.22
TNPL, EQ, 10-Dec-2024,190.81,190.0,191.27,180.2,181.0,181.05,183.12,616740,1129.36,6691, 412276, 66.85
TNTELE, EQ, 10-Dec-2024,11.51,12.66,12.66,11.51,12.66,12.66,12.62,80495,10.16,261, 72933, 90.61
TOKYOPLAST, EQ, 10-Dec-2024,131.58,134.99,138.99,132.0,135.1,135.24,134.59,55257,74.37,1493, 33397, 60.44
TOLINS, EQ, 10-Dec-2024,240.49,241.8,243.44,220.0,224.1,225.0,230.13,675599,1554.75,12918, 323851, 47.94
TOP100CASE, EQ, 10-Dec-2024,10.87,10.82,10.96,10.51,10.62,10.59,10.58,1603416,169.65,4647, 1489836, 92.92
TOP10ADD, EQ, 10-Dec-2024,97.14,97.37,97.41,96.36,96.95,96.91,97.14,119573,116.16,281, 115290, 96.42
TORNTPHARM, EQ, 10-Dec-2024,3335.7,3344.0,3363.6,3329.35,3354.95,3350.0,3350.05,326031,10922.2,39464, 251693, 77.20
TORNTPOWER, EQ, 10-Dec-2024,1645.95,1653.7,1654.95,1616.0,1624.45,1624.6,1628.2,1358165,22113.71,35873, 1002818, 73.84
TOTAL, EQ, 10-Dec-2024,76.06,76.06,77.0,71.96,73.97,73.71,74.59,34413,25.67,798, 21755, 63.22
TOUCHWOOD, EQ, 10-Dec-2024,169.05,166.0,166.0,154.35,160.98,159.74,159.89,10509,16.8,454, 3774, 35.91
TPHQ, EQ, 10-Dec-2024,1.78,1.89,1.95,1.86,1.95,1.95,1.94,42970550,831.62,9046, 21008805, 48.89
TPLPLASTEH, EQ, 10-Dec-2024,111.53,111.99,112.35,109.23,110.99,110.4,110.78,198814,220.25,2140, 51446, 25.88
TRACXN, EQ, 10-Dec-2024,82.17,82.8,83.5,81.83,83.4,82.83,82.73,172959,143.08,1535, 103626, 59.91
TRANSWORLD, EQ, 10-Dec-2024,459.15,461.85,472.8,451.15,468.55,465.2,461.13,124347,573.41,2869, 55936, 44.98
TREL, EQ, 10-Dec-2024,38.39,38.78,40.05,38.24,39.48,39.41,39.3,553198,217.41,2691, 290053, 52.43
TRENT, EQ, 10-Dec-2024,6949.7,6950.0,6959.95,6810.0,6875.0,6878.05,6863.09,579733,39787.6,81472, 291404, 50.27
TRF, EQ, 10-Dec-2024,481.4,478.05,507.4,474.4,497.0,499.85,490.8,68237,334.9,2846, 37237, 54.57
TRIDENT, EQ, 10-Dec-2024,37.99,38.79,40.2,37.0,37.31,37.56,38.8,141049346,54728.53,305888, 22461275, 15.92
TRIGYN, EQ, 10-Dec-2024,115.82,115.8,117.4,114.12,116.1,115.3,115.88,57051,66.11,1598, 33912, 59.44
TRITURBINE, EQ, 10-Dec-2024,780.65,780.6,809.75,767.25,802.55,807.05,795.95,2768346,22034.76,92588, 703570, 25.41
TRIVENI, EQ, 10-Dec-2024,437.0,438.4,481.5,435.8,480.8,474.9,466.55,5343667,24930.77,112333, 1305701, 24.43
TTKHLTCARE, EQ, 10-Dec-2024,1514.65,1524.0,1525.0,1500.1,1500.5,1511.15,1517.35,1470,22.31,384, 1046, 71.16
TTKPRESTIG, EQ, 10-Dec-2024,894.35,899.0,901.85,883.05,884.2,886.1,891.27,13086,116.63,3673, 7484, 57.19
TTL, EQ, 10-Dec-2024,182.24,184.0,184.9,168.35,175.85,175.03,178.17,405400,722.3,7950, 158312, 39.05
TTML, EQ, 10-Dec-2024,82.79,83.0,83.19,80.21,80.55,80.7,81.44,4240835,3453.7,27362, 1300589, 30.67
TVSHLTD, EQ, 10-Dec-2024,11669.1,11615.05,12066.0,11610.05,11814.0,11806.5,11830.69,5360,634.13,2023, 2831, 52.82
TVSMOTOR, EQ, 10-Dec-2024,2488.85,2497.8,2524.0,2483.95,2515.0,2520.2,2511.05,549109,13788.38,41190, 333232, 60.69
TVSSCS, EQ, 10-Dec-2024,184.81,185.5,187.85,184.0,186.5,186.61,185.89,567014,1054.04,10544, 236026, 41.63
TVSSRICHAK, EQ, 10-Dec-2024,3879.15,3924.0,3924.0,3840.0,3875.0,3865.5,3855.79,957,36.9,458, 536, 56.01
TVTODAY, EQ, 10-Dec-2024,214.24,214.5,214.5,209.37,210.0,210.0,210.84,62511,131.8,1949, 35240, 56.37
UBL, EQ, 10-Dec-2024,1958.35,1958.35,2007.5,1955.15,1994.15,1994.55,1995.03,230065,4589.87,20584, 73644, 32.01
UCAL, EQ, 10-Dec-2024,187.36,188.0,196.55,187.1,190.8,189.11,192.41,103380,198.92,2279, 41167, 39.82
UCOBANK, EQ, 10-Dec-2024,49.6,49.49,49.89,48.3,48.7,48.73,49.1,9357157,4594.09,28865, 2066488, 22.08
UDAICEMENT, EQ, 10-Dec-2024,30.66,30.9,31.24,30.49,31.02,30.99,30.87,402046,124.13,1793, 264344, 65.75
UDS, EQ, 10-Dec-2024,392.5,393.7,397.35,377.25,379.9,380.1,384.2,466667,1792.95,12216, 313956, 67.28
UFLEX, EQ, 10-Dec-2024,594.75,595.0,600.9,556.25,567.95,563.55,569.86,567405,3233.42,24606, 301321, 53.11
UFO, EQ, 10-Dec-2024,115.81,116.5,117.0,113.0,115.2,116.1,115.28,99153,114.3,2070, 57863, 58.36
UGARSUGAR, EQ, 10-Dec-2024,74.93,74.93,76.0,73.7,75.1,74.87,74.62,195685,146.01,1929, 76701, 39.20
UGROCAP, EQ, 10-Dec-2024,247.01,246.0,250.0,240.1,249.0,247.43,246.47,90872,223.97,2552, 50229, 55.27
UJJIVANSFB, EQ, 10-Dec-2024,35.09,34.92,36.79,34.9,36.6,36.25,35.76,19642911,7024.78,38891, 11045875, 56.23
ULTRACEMCO, EQ, 10-Dec-2024,11814.8,11745.0,11807.1,11695.0,11760.0,11745.8,11740.5,232758,27326.96,49354, 151382, 65.04
UMANGDAIRY, EQ, 10-Dec-2024,122.59,120.0,120.0,111.01,111.75,111.7,114.15,183837,209.85,3739, 87207, 47.44
UMESLTD, EQ, 10-Dec-2024,7.67,7.77,7.77,7.53,7.53,7.59,7.64,56285,4.3,332, 44479, 79.02
UNICHEMLAB, EQ, 10-Dec-2024,784.5,796.25,808.9,775.0,793.2,794.05,793.39,76245,604.92,6538, 11794, 15.47
UNIDT, EQ, 10-Dec-2024,279.8,284.0,284.0,270.55,275.45,275.4,276.31,34786,96.12,3391, 14601, 41.97
UNIECOM, EQ, 10-Dec-2024,191.54,191.89,192.5,183.13,184.5,183.82,186.04,1043683,1941.71,17691, 587970, 56.34
UNIENTER, EQ, 10-Dec-2024,167.01,168.2,169.8,161.79,168.96,168.42,166.15,20166,33.51,538, 12421, 61.59
UNIINFO, EQ, 10-Dec-2024,39.35,39.32,41.6,39.0,39.68,39.32,40.15,38570,15.49,863, 15334, 39.76
UNIONBANK, EQ, 10-Dec-2024,129.26,129.26,130.8,128.87,129.64,129.48,129.7,10584386,13728.15,40051, 4350061, 41.10
UNIPARTS, EQ, 10-Dec-2024,429.5,431.0,432.85,418.5,422.3,422.7,423.91,50458,213.89,2683, 29537, 58.54
UNITDSPR, EQ, 10-Dec-2024,1506.25,1517.0,1526.15,1500.05,1508.6,1513.5,1514.72,522996,7921.9,27305, 352101, 67.32
UNITEDTEA, EQ, 10-Dec-2024,494.2,494.95,502.2,482.55,486.05,487.2,491.59,4098,20.15,465, 2760, 67.35
UNIVASTU, EQ, 10-Dec-2024,244.9,244.8,249.35,242.0,243.0,243.1,246.11,10498,25.84,443, 6211, 59.16
UNIVCABLES, EQ, 10-Dec-2024,607.65,613.75,729.15,606.7,729.15,729.15,698.5,724265,5058.97,23785, 145915, 20.15
UNIVPHOTO, EQ, 10-Dec-2024,364.95,370.0,373.9,347.2,349.0,350.05,354.62,37937,134.53,2012, 28793, 75.90
UNOMINDA, EQ, 10-Dec-2024,1078.05,1081.4,1090.0,1052.0,1086.0,1072.35,1067.76,296635,3167.34,21962, 133789, 45.10
UPL, EQ, 10-Dec-2024,555.4,554.85,557.6,548.6,551.5,549.95,551.07,2949316,16252.9,31157, 2106854, 71.44
USHAMART, EQ, 10-Dec-2024,409.4,409.45,424.4,405.8,409.4,410.85,414.51,959661,3977.91,29944, 337386, 35.16
USK, EQ, 10-Dec-2024,51.24,51.75,51.75,50.12,50.52,50.71,50.87,126546,64.37,1596, 81711, 64.57
UTIAMC, EQ, 10-Dec-2024,1366.15,1375.0,1400.0,1362.5,1369.0,1370.45,1376.4,440175,6058.56,36402, 189695, 43.10
UTIBANKETF, EQ, 10-Dec-2024,54.58,54.57,54.92,54.21,54.78,54.78,54.67,96089,52.53,527, 91016, 94.72
UTINEXT50, EQ, 10-Dec-2024,77.38,77.78,77.9,76.53,77.79,77.56,77.33,210039,162.42,1120, 92811, 44.19
UTINIFTETF, EQ, 10-Dec-2024,268.05,269.45,270.25,266.73,269.5,268.02,267.7,7718,20.66,262, 7271, 94.21
UTISENSETF, EQ, 10-Dec-2024,885.53,892.47,892.47,881.59,887.0,887.76,884.63,1024,9.06,85, 746, 72.85
UTISXN50, EQ, 10-Dec-2024,90.69,92.27,92.27,90.07,91.5,90.82,91.01,3133,2.85,123, 1680, 53.62
UTKARSHBNK, EQ, 10-Dec-2024,36.17,36.7,39.4,36.53,38.2,38.42,38.04,14437363,5491.37,38734, 7634223, 52.88
UTTAMSUGAR, EQ, 10-Dec-2024,296.6,297.35,299.3,292.55,296.55,296.15,295.75,87470,258.7,2565, 33746, 38.58
UYFINCORP, EQ, 10-Dec-2024,26.2,26.49,27.0,25.9,26.14,26.14,26.25,214047,56.18,1237, 161559, 75.48
VADILALIND, EQ, 10-Dec-2024,4189.6,4178.25,4178.25,3910.55,3969.0,3929.55,3970.45,39048,1550.38,6679, 16744, 42.88
VAIBHAVGBL, EQ, 10-Dec-2024,303.05,305.0,324.9,303.1,319.0,318.8,318.98,2415154,7703.75,60250, 858414, 35.54
VAKRANGEE, EQ, 10-Dec-2024,26.0,26.01,26.09,25.36,25.46,25.54,25.6,2968872,760.17,6273, 1416144, 47.70
VAL30IETF, EQ, 10-Dec-2024,13.47,13.55,13.55,13.42,13.52,13.5,13.48,37970,5.12,223, 17919, 47.19
VALIANTLAB, EQ, 10-Dec-2024,122.76,124.0,126.8,120.27,125.75,125.89,125.05,353694,442.28,7201, 59361, 16.78
VALIANTORG, EQ, 10-Dec-2024,344.35,349.5,349.5,334.45,338.35,336.15,337.54,41754,140.94,3822, 24023, 57.53
VARDHACRLC, EQ, 10-Dec-2024,54.99,55.7,59.79,55.51,58.89,58.83,58.11,461364,268.11,3237, 243293, 52.73
VARDMNPOLY, EQ, 10-Dec-2024,11.95,12.44,12.49,11.6,11.97,11.98,12.22,650976,79.58,2007, 384249, 59.03
VARROC, EQ, 10-Dec-2024,534.85,536.65,607.9,534.5,581.25,585.35,592.52,10904038,64609.06,250358, 1099470, 10.08
VASCONEQ, EQ, 10-Dec-2024,57.42,57.75,58.17,56.51,56.86,56.8,57.03,494181,281.85,2995, 237544, 48.07
VBL, EQ, 10-Dec-2024,641.6,645.0,653.0,641.5,645.75,645.35,647.2,6504136,42095.02,140817, 4272072, 65.68
VEDL, EQ, 10-Dec-2024,497.05,498.45,504.9,493.4,499.95,500.25,498.96,10316327,51473.84,134588, 4246443, 41.16
VEEDOL, EQ, 10-Dec-2024,1916.3,1926.5,1926.5,1885.6,1905.0,1903.25,1898.88,8074,153.32,1658, 3907, 48.39
VENKEYS, EQ, 10-Dec-2024,1810.2,1815.2,1849.5,1810.05,1820.0,1821.45,1827.35,31730,579.82,4534, 13961, 44.00
VENUSPIPES, EQ, 10-Dec-2024,1620.05,1632.7,1634.0,1581.0,1600.0,1609.0,1612.57,183206,2954.32,12102, 129142, 70.49
VENUSREM, EQ, 10-Dec-2024,339.8,344.5,345.15,331.5,337.75,337.85,336.17,31077,104.47,2063, 12856, 41.37
VERANDA, EQ, 10-Dec-2024,255.2,258.35,262.0,252.03,254.0,254.5,256.51,273530,701.63,3665, 189884, 69.42
VERTOZ, EQ, 10-Dec-2024,16.77,16.99,16.99,16.2,16.4,16.43,16.44,3288156,540.71,5519, 1868048, 56.81
VESUVIUS, EQ, 10-Dec-2024,5238.5,5250.0,5300.0,5221.4,5250.0,5239.35,5262.98,11477,604.03,2657, 5311, 46.28
VGUARD, EQ, 10-Dec-2024,435.7,437.0,449.5,430.8,442.0,443.75,442.49,487416,2156.74,26939, 226883, 46.55
VHL, EQ, 10-Dec-2024,4969.85,4946.0,5250.0,4946.0,5124.0,5104.1,5112.76,9536,487.55,3187, 2486, 26.07
VIDHIING, EQ, 10-Dec-2024,531.55,538.8,559.75,526.0,544.15,550.25,547.14,273839,1498.28,9337, 104151, 38.03
VIJAYA, EQ, 10-Dec-2024,1129.65,1131.85,1134.05,1105.1,1105.1,1116.5,1120.89,251400,2817.91,29836, 168120, 66.87
VIKASECO, EQ, 10-Dec-2024,3.41,3.42,3.45,3.39,3.42,3.41,3.43,4257657,145.84,4122, 1733280, 40.71
VIKASLIFE, EQ, 10-Dec-2024,4.61,4.61,4.66,4.44,4.51,4.51,4.53,4021063,182.18,6427, 2328267, 57.90
VIMTALABS, EQ, 10-Dec-2024,911.9,912.5,929.0,903.05,915.1,921.8,918.22,52299,480.22,3529, 18239, 34.87
VINATIORGA, EQ, 10-Dec-2024,1813.75,1814.95,1935.0,1813.6,1873.7,1869.85,1890.86,191000,3611.55,25876, 44636, 23.37
VINCOFE, EQ, 10-Dec-2024,123.99,125.99,129.45,122.92,127.5,127.95,126.72,1401558,1776.03,8804, 628900, 44.87
VINDHYATEL, EQ, 10-Dec-2024,2071.15,2085.85,2286.0,2072.0,2254.0,2250.4,2201.45,89050,1960.39,9009, 42635, 47.88
VINEETLAB, EQ, 10-Dec-2024,53.97,54.34,55.08,53.3,53.3,53.66,54.16,25651,13.89,592, 9161, 35.71
VINYLINDIA, EQ, 10-Dec-2024,369.8,369.8,369.8,363.0,363.55,363.8,365.9,17198,62.93,865, 13479, 78.38
VIPCLOTHNG, EQ, 10-Dec-2024,47.67,47.75,50.5,46.89,49.7,49.85,49.44,1244973,615.53,3602, 704883, 56.62
VIPIND, EQ, 10-Dec-2024,505.55,507.95,514.7,480.0,483.0,481.55,490.99,1436610,7053.55,36754, 704274, 49.02
VIRINCHI, EQ, 10-Dec-2024,31.88,32.2,32.2,30.7,30.81,30.8,31.07,386020,119.95,2638, 249555, 64.65
VISAKAIND, EQ, 10-Dec-2024,94.89,95.35,96.0,92.89,93.99,93.47,94.17,185048,174.25,2550, 105755, 57.15
VISHNU, EQ, 10-Dec-2024,400.05,400.1,418.0,398.85,417.1,415.85,411.42,283136,1164.89,6344, 95694, 33.80
VISHWARAJ, EQ, 10-Dec-2024,15.65,15.75,15.79,15.52,15.75,15.69,15.66,693847,108.68,1890, 358381, 51.65
VIVIDHA, EQ, 10-Dec-2024,1.08,1.1,1.1,1.07,1.09,1.08,1.08,488646,5.27,849, 347329, 71.08
VLSFINANCE, EQ, 10-Dec-2024,369.85,371.4,377.05,370.95,376.0,375.55,374.1,35075,131.22,1479, 19491, 55.57
VMART, EQ, 10-Dec-2024,3924.9,3911.0,3984.85,3911.0,3934.8,3933.95,3951.15,24739,977.48,7056, 14660, 59.26
VOLTAMP, EQ, 10-Dec-2024,11441.7,11545.0,11545.0,11250.0,11296.0,11304.15,11348.94,24536,2784.58,8346, 11095, 45.22
VOLTAS, EQ, 10-Dec-2024,1764.35,1761.05,1776.0,1754.5,1768.7,1766.55,1767.19,862810,15247.47,63770, 461165, 53.45
VPRPL, EQ, 10-Dec-2024,333.65,337.3,338.45,322.35,323.75,324.85,328.71,3285124,10798.64,44988, 1044443, 31.79
VRAJ, EQ, 10-Dec-2024,229.28,227.0,230.6,225.31,227.4,228.33,227.91,90389,206.0,2634, 39464, 43.66
VRLLOG, EQ, 10-Dec-2024,571.35,570.2,578.0,550.9,553.4,553.35,559.51,189970,1062.9,7084, 105788, 55.69
VSSL, EQ, 10-Dec-2024,259.95,259.0,262.75,249.0,253.05,251.9,253.36,104295,264.25,5106, 68729, 65.90
VSTIND, EQ, 10-Dec-2024,323.35,326.9,344.6,324.9,337.55,339.55,336.56,1011802,3405.37,34194, 390720, 38.62
VSTL, EQ, 10-Dec-2024,247.34,251.05,251.05,244.0,246.0,245.5,246.45,15355,37.84,885, 9911, 64.55
VSTTILLERS, EQ, 10-Dec-2024,5117.15,5155.15,5155.15,5062.2,5085.0,5088.2,5096.27,2315,117.98,952, 1043, 45.05
VTL, EQ, 10-Dec-2024,529.35,532.05,539.0,527.0,535.8,536.0,533.57,487640,2601.88,20337, 200386, 41.09
WAAREEENER, EQ, 10-Dec-2024,2971.3,3020.0,3185.0,3020.0,3140.0,3134.65,3124.14,5205256,162619.69,263850, 907553, 17.44
WABAG, EQ, 10-Dec-2024,1864.1,1870.0,1878.0,1816.55,1840.0,1835.45,1839.43,219346,4034.71,25182, 99985, 45.58
WALCHANNAG, EQ, 10-Dec-2024,257.9,259.0,259.5,248.55,252.75,252.65,253.66,242903,616.16,5639, 133412, 54.92
WANBURY, EQ, 10-Dec-2024,291.94,306.48,306.53,301.0,306.53,306.53,305.7,190493,582.35,1545, 133830, 70.25
WCIL, EQ, 10-Dec-2024,133.56,133.75,134.33,131.53,132.0,132.15,132.21,141973,187.7,2765, 81059, 57.09
WEBELSOLAR, EQ, 10-Dec-2024,1395.1,1419.95,1464.85,1374.9,1464.85,1464.85,1424.81,370735,5282.26,21624, 187528, 50.58
WEIZMANIND, EQ, 10-Dec-2024,136.96,137.53,151.5,137.39,143.6,144.48,146.26,102740,150.27,2468, 41227, 40.13
WEL, EQ, 10-Dec-2024,163.95,163.71,165.95,159.1,160.8,160.59,161.3,244531,394.43,5464, 129483, 52.95
WELCORP, EQ, 10-Dec-2024,805.2,802.0,803.05,785.15,797.5,796.7,793.52,432866,3434.87,16038, 182912, 42.26
WELENT, EQ, 10-Dec-2024,568.25,567.0,576.1,562.4,572.0,573.0,571.97,403492,2307.83,7705, 326066, 80.81
WELINV, EQ, 10-Dec-2024,932.3,929.3,945.0,876.55,913.0,921.25,920.21,2850,26.23,504, 1207, 42.35
WELSPUNLIV, EQ, 10-Dec-2024,173.75,174.99,177.19,170.51,172.11,172.7,173.09,5691174,9850.94,51500, 2387987, 41.96
WENDT, EQ, 10-Dec-2024,16263.8,16000.25,16929.4,16000.25,16652.0,16599.25,16559.17,673,111.44,404, 352, 52.30
WESTLIFE, EQ, 10-Dec-2024,808.45,814.85,814.85,796.0,806.8,801.05,804.14,72102,579.8,5410, 46838, 64.96
WEWIN, EQ, 10-Dec-2024,88.46,87.75,89.93,84.11,85.2,85.53,86.16,17965,15.48,624, 12933, 71.99
WHEELS, EQ, 10-Dec-2024,758.0,758.0,765.0,750.1,757.1,759.45,758.1,18804,142.55,1433, 12744, 67.77
WHIRLPOOL, EQ, 10-Dec-2024,1878.05,1859.25,1940.0,1859.25,1926.0,1929.45,1919.2,148772,2855.23,26012, 74919, 50.36
WILLAMAGOR, EQ, 10-Dec-2024,37.19,38.64,39.9,37.39,39.7,39.65,39.03,63976,24.97,1435, 43133, 67.42
WINDLAS, EQ, 10-Dec-2024,1105.4,1113.0,1115.0,1043.05,1085.0,1096.3,1083.65,38961,422.2,3205, 18568, 47.66
WINDMACHIN, EQ, 10-Dec-2024,394.75,380.1,414.45,378.15,385.5,387.35,397.03,672684,2670.74,8468, 209364, 31.12
WIPL, EQ, 10-Dec-2024,221.03,223.7,225.39,220.0,224.5,221.69,221.76,3005,6.66,156, 1811, 60.27
WIPRO, EQ, 10-Dec-2024,303.75,306.0,311.0,303.45,308.0,308.1,308.09,17028502,52463.86,184274, 8540135, 50.15
WOCKPHARMA, EQ, 10-Dec-2024,1395.75,1399.0,1419.9,1390.0,1397.0,1399.05,1404.38,176589,2479.97,8770, 68020, 38.52
WONDERLA, EQ, 10-Dec-2024,881.05,885.95,900.95,871.0,898.0,897.55,890.02,106174,944.97,8090, 46549, 43.84
WORTH, EQ, 10-Dec-2024,133.87,134.4,135.5,131.15,134.0,132.58,132.71,9507,12.62,270, 3726, 39.19
WSI, EQ, 10-Dec-2024,123.51,123.2,127.94,123.19,125.75,124.87,124.94,129176,161.39,2257, 69989, 54.18
WSTCSTPAPR, EQ, 10-Dec-2024,615.8,618.9,629.7,602.0,604.3,606.45,610.32,291157,1776.99,14004, 165058, 56.69
XCHANGING, EQ, 10-Dec-2024,113.88,114.24,114.25,112.5,112.57,112.9,113.19,95596,108.2,1673, 58751, 61.46
XPROINDIA, EQ, 10-Dec-2024,1554.05,1556.8,1624.0,1534.65,1614.95,1591.35,1570.76,33698,529.32,2591, 21338, 63.32
XTGLOBAL, EQ, 10-Dec-2024,47.58,47.44,47.96,46.0,46.08,46.46,46.88,62512,29.31,1274, 18751, 30.00
YASHO, EQ, 10-Dec-2024,1792.45,1809.3,1920.0,1795.0,1900.0,1889.95,1868.47,13821,258.24,2761, 7359, 53.25
YATHARTH, EQ, 10-Dec-2024,628.3,634.85,634.85,617.25,628.95,627.45,624.57,294281,1838.0,17331, 151881, 51.61
YATRA, EQ, 10-Dec-2024,109.93,110.4,111.8,108.64,111.01,110.75,110.32,457921,505.17,3181, 321005, 70.10
YESBANK, EQ, 10-Dec-2024,21.84,21.84,21.87,21.36,21.58,21.6,21.58,91877760,19825.18,111018, 37495948, 40.81
YUKEN, EQ, 10-Dec-2024,1153.8,1175.0,1175.0,1126.1,1157.95,1153.85,1145.21,6657,76.24,1068, 4077, 61.24
ZEEL, EQ, 10-Dec-2024,141.29,140.6,142.66,138.78,139.4,139.67,140.51,8876327,12472.38,51248, 3800255, 42.81
ZEELEARN, EQ, 10-Dec-2024,9.38,9.69,9.69,8.93,9.25,9.12,9.23,1087267,100.35,3684, 615687, 56.63
ZENSARTECH, EQ, 10-Dec-2024,782.55,779.0,817.95,775.05,805.0,803.1,802.93,1245525,10000.7,42936, 409618, 32.89
ZENTEC, EQ, 10-Dec-2024,1997.6,2014.95,2097.0,1965.55,2060.0,2064.15,2047.91,1655115,33895.28,76388, 457480, 27.64
ZFCVINDIA, EQ, 10-Dec-2024,12304.85,12314.85,12364.95,11939.05,12000.0,12006.35,12081.29,24571,2968.49,7818, 12788, 52.05
ZIMLAB, EQ, 10-Dec-2024,116.97,116.05,119.81,114.6,115.0,115.27,116.26,200784,233.44,2508, 112108, 55.84
ZODIAC, EQ, 10-Dec-2024,542.7,553.7,561.25,540.0,553.0,548.45,549.01,14182,77.86,1724, 7758, 54.70
ZODIACLOTH, EQ, 10-Dec-2024,141.3,141.3,144.8,134.98,136.0,136.22,140.18,73334,102.8,3559, 31231, 42.59
ZOMATO, EQ, 10-Dec-2024,295.3,296.75,299.45,295.0,296.0,295.85,296.75,31333039,92981.36,186888, 16086581, 51.34
ZOTA, EQ, 10-Dec-2024,642.7,646.0,665.0,640.05,650.0,653.05,653.95,42226,276.14,1531, 29912, 70.84
ZUARI, EQ, 10-Dec-2024,254.75,255.5,262.35,254.75,257.25,256.54,258.14,496779,1282.4,7398, 176326, 35.49
ZUARIIND, EQ, 10-Dec-2024,346.4,349.0,378.0,347.8,374.0,371.65,367.85,497787,1831.09,11314, 206680, 41.52
ZYDUSLIFE, EQ, 10-Dec-2024,982.45,983.95,986.2,971.0,973.8,974.2,976.95,664912,6495.85,44574, 362207, 54.47
ZYDUSWELL, EQ, 10-Dec-2024,2027.35,2040.5,2099.0,2027.65,2075.0,2076.75,2065.23,57823,1194.18,8982, 34074, 58.93
