SYMBOL,SERIES,DATE1,PREV_CLOSE,OPEN_PRICE,HIGH_PRICE,LOW_PRICE,LAST_PRICE,CLOSE_PRICE,AVG_PRICE,TTL_TRD_QNTY,TURNOVER_LACS,NO_OF_TRADES,DELIV_QTY,DELIV_PER
20MICRONS, EQ, 09-Apr-2024,153.4,154.55,158.45,152.1, 153.90,153.45,154.89,53348,82.63,2432, 27497, 51.54
360ONE, EQ, 09-Apr-2024,720.1,735.95,748.4,715.0, 721.50,719.15,728.32,944127,6876.24,34995, 597900, 63.33
3IINFOLTD, EQ, 09-Apr-2024,43.6,43.4,43.7,42.15, 42.30,42.25,42.77,876806,375.01,4871, 415374, 47.37
3MINDIA, EQ, 09-Apr-2024,29990.55,30199.95,30439.4,29956.45, 30000.00,30050.0,30233.95,16194,4896.09,1777, 14527, 89.71
5PAISA, EQ, 09-Apr-2024,565.9,561.0,574.5,557.0, 561.00,561.0,565.09,84656,478.38,8009, 20604, 24.34
63MOONS, EQ, 09-Apr-2024,446.4,449.5,452.0,433.6, 440.00,441.7,442.5,75909,335.9,2799, 51792, 68.23
AAKASH, EQ, 09-Apr-2024,11.05,10.75,11.05,10.5, 10.55,10.55,10.7,567706,60.76,1424, 337457, 59.44
AARON, EQ, 09-Apr-2024,263.9,265.3,267.6,255.0, 259.25,257.95,262.32,10552,27.68,815, 6260, 59.33
AARTECH, EQ, 09-Apr-2024,167.7,173.0,174.5,162.05, 168.65,169.3,168.79,37386,63.1,740, 26796, 71.67
AARTIDRUGS, EQ, 09-Apr-2024,487.3,495.0,519.15,489.15, 513.10,513.05,513.56,930319,4777.77,38176, 241421, 25.95
AARTIIND, EQ, 09-Apr-2024,704.8,711.2,717.25,697.2, 699.60,699.7,707.43,1399551,9900.79,48214, 530438, 37.90
AARTIPHARM, EQ, 09-Apr-2024,448.25,448.25,451.0,435.05, 438.05,437.45,443.07,124051,549.63,9179, 81296, 65.53
AARTISURF, EQ, 09-Apr-2024,619.7,623.0,638.1,613.85, 618.10,618.8,626.29,19871,124.45,1505, 8678, 43.67
AARVEEDEN, EQ, 09-Apr-2024,28.65,30.05,30.05,28.65, 29.95,29.9,29.94,117380,35.14,529, 87727, 74.74
AARVI, EQ, 09-Apr-2024,137.0,137.7,138.7,132.4, 133.10,133.35,135.69,14243,19.33,700, 6014, 42.22
AAVAS, EQ, 09-Apr-2024,1626.0,1626.05,1628.8,1562.3, 1588.00,1584.0,1587.97,370161,5878.05,26385, 141263, 38.16
ABB, EQ, 09-Apr-2024,6699.75,6719.0,6721.6,6495.65, 6549.80,6529.8,6617.17,317551,21012.88,44984, 176976, 55.73
ABBOTINDIA, EQ, 09-Apr-2024,26400.4,26405.0,26694.85,26262.0, 26388.00,26420.5,26441.67,29893,7904.21,3292, 25071, 83.87
ABCAPITAL, EQ, 09-Apr-2024,203.15,204.2,206.4,201.75, 203.45,202.95,203.77,3874240,7894.43,29711, 1351714, 34.89
ABFRL, EQ, 09-Apr-2024,239.4,239.5,240.5,235.0, 237.40,237.3,237.77,2573224,6118.23,18959, 916865, 35.63
ABMINTLLTD, EQ, 09-Apr-2024,60.45,60.45,61.85,59.6, 61.85,61.85,60.11,389,0.23,24, 249, 64.01
ABSLAMC, EQ, 09-Apr-2024,472.55,476.45,485.55,474.3, 481.95,480.85,480.44,156829,753.47,6574, 87402, 55.73
ABSLBANETF, EQ, 09-Apr-2024,48.88,50.35,50.35,48.88, 49.08,49.03,49.1,38740,19.02,633, 29421, 75.94
ABSLLIQUID, EQ, 09-Apr-2024,999.99,999.99,1000.01,999.99, 999.99,999.99,1000.0,112517,1125.17,79, 111876, 99.43
ABSLNN50ET, EQ, 09-Apr-2024,65.17,65.68,65.68,64.71, 65.18,65.01,65.06,14071,9.15,187, 7405, 52.63
ACC, EQ, 09-Apr-2024,2582.45,2583.0,2598.3,2515.0, 2525.00,2524.3,2541.29,441705,11224.99,38664, 226910, 51.37
ACCELYA, EQ, 09-Apr-2024,1871.15,1866.05,1892.0,1849.45, 1850.90,1852.6,1867.81,12020,224.51,2456, 5989, 49.83
ACE, EQ, 09-Apr-2024,1589.75,1606.45,1606.45,1525.0, 1550.00,1551.95,1562.19,205175,3205.22,18096, 111306, 54.25
ACEINTEG, EQ, 09-Apr-2024,36.95,37.0,37.2,34.05, 35.95,35.25,35.88,4061,1.46,100, 2266, 55.80
ACI, EQ, 09-Apr-2024,619.8,624.8,629.8,608.15, 610.00,610.05,616.79,440530,2717.15,25228, 286897, 65.13
ACL, EQ, 09-Apr-2024,93.85,94.35,95.55,92.45, 93.00,92.8,93.55,79795,74.65,1156, 53609, 67.18
ACLGATI, EQ, 09-Apr-2024,107.6,107.7,107.7,104.5, 106.00,105.8,106.05,221503,234.9,4875, 114575, 51.73
ADANIENSOL, EQ, 09-Apr-2024,1075.85,1081.25,1088.6,1066.0, 1071.70,1071.25,1076.33,432564,4655.84,19338, 158273, 36.59
ADANIENT, EQ, 09-Apr-2024,3224.55,3240.7,3251.0,3185.0, 3202.60,3198.45,3214.28,833679,26796.75,38430, 273661, 32.83
ADANIGREEN, EQ, 09-Apr-2024,1919.1,1930.4,1945.0,1908.95, 1918.00,1916.2,1923.18,294088,5655.84,23386, 150883, 51.31
ADANIPORTS, EQ, 09-Apr-2024,1348.65,1356.15,1364.9,1346.1, 1353.00,1356.5,1356.45,1935801,26258.19,65370, 751059, 38.80
ADANIPOWER, EQ, 09-Apr-2024,611.05,617.0,632.0,611.4, 617.50,616.35,621.5,2138399,13290.25,46354, 1074221, 50.23
ADFFOODS, EQ, 09-Apr-2024,192.3,192.95,193.3,188.1, 190.40,189.45,189.95,119264,226.54,5919, 70644, 59.23
ADL, EQ, 09-Apr-2024,95.55,99.7,105.1,89.0, 90.10,90.7,100.49,173842,174.7,1960, 89061, 51.23
ADORWELD, EQ, 09-Apr-2024,1435.15,1439.25,1454.0,1411.95, 1420.00,1426.8,1432.35,6881,98.56,2797, 3161, 45.94
ADSL, EQ, 09-Apr-2024,150.4,151.0,151.9,146.15, 147.40,147.3,148.4,203412,301.87,7978, 84527, 41.55
ADVANIHOTR, EQ, 09-Apr-2024,86.05,86.0,87.45,83.7, 84.70,84.1,85.57,335257,286.88,3793, 163717, 48.83
ADVENZYMES, EQ, 09-Apr-2024,365.8,369.95,369.95,354.15, 359.50,358.9,359.6,169221,608.52,12204, 97966, 57.89
AEGISCHEM, EQ, 09-Apr-2024,433.85,435.0,446.1,433.0, 438.00,439.95,439.3,573330,2518.66,22447, 223773, 39.03
AEROFLEX, EQ, 09-Apr-2024,150.35,150.35,150.55,146.55, 147.00,147.15,147.64,469537,693.25,6776, 176622, 37.62
AETHER, EQ, 09-Apr-2024,839.1,847.6,847.6,830.0, 831.00,832.05,836.69,25060,209.67,2394, 14661, 58.50
AFFLE, EQ, 09-Apr-2024,1082.4,1087.85,1094.35,1075.0, 1081.00,1079.7,1084.88,60825,659.88,9166, 32657, 53.69
AGARIND, EQ, 09-Apr-2024,853.4,855.15,863.0,819.95, 828.00,826.4,833.31,39769,331.4,4601, 21859, 54.96
AGI, EQ, 09-Apr-2024,855.5,855.5,878.0,850.1, 874.00,868.55,865.52,206703,1789.06,20086, 78589, 38.02
AGRITECH, EQ, 09-Apr-2024,207.25,206.6,222.5,206.5, 212.20,210.35,214.9,28721,61.72,1834, 8727, 30.39
AGROPHOS, EQ, 09-Apr-2024,45.6,46.5,46.5,45.0, 45.60,45.25,45.64,56753,25.9,558, 30757, 54.19
AHL, EQ, 09-Apr-2024,405.05,401.5,431.0,401.5, 422.90,422.35,417.21,725694,3027.64,10886, 168132, 23.17
AHLADA, EQ, 09-Apr-2024,114.2,114.8,117.1,112.05, 113.30,113.35,114.79,30890,35.46,393, 24289, 78.63
AHLEAST, EQ, 09-Apr-2024,148.15,148.9,151.75,147.0, 147.45,148.9,149.17,22409,33.43,480, 14641, 65.34
AHLUCONT, EQ, 09-Apr-2024,1090.75,1096.0,1097.0,1072.1, 1077.15,1080.1,1082.44,65147,705.17,6940, 40321, 61.89
AIAENG, EQ, 09-Apr-2024,4093.15,4093.05,4206.4,4085.3, 4102.95,4100.0,4136.81,60425,2499.67,10075, 38507, 63.73
AIROLAM, EQ, 09-Apr-2024,165.5,167.55,168.65,163.05, 167.85,166.75,165.4,6588,10.9,207, 4472, 67.88
AJANTPHARM, EQ, 09-Apr-2024,2135.5,2146.7,2160.6,2122.15, 2140.00,2150.55,2145.75,53344,1144.63,11322, 33541, 62.88
AJMERA, EQ, 09-Apr-2024,787.2,789.35,863.0,771.55, 829.00,822.65,824.11,808516,6663.05,49190, 102886, 12.73
AJOONI, EQ, 09-Apr-2024,6.05,6.05,6.1,5.9, 6.00,6.05,6.03,405306,24.45,624, 206927, 51.05
AKASH, EQ, 09-Apr-2024,39.85,39.85,43.0,39.85, 41.05,41.4,41.46,98475,40.83,689, 56542, 57.42
AKG, EQ, 09-Apr-2024,21.0,21.05,21.1,20.2, 20.50,20.35,20.61,48764,10.05,342, 34933, 71.64
AKZOINDIA, EQ, 09-Apr-2024,2433.85,2452.1,2460.0,2426.5, 2460.00,2447.55,2434.37,22667,551.8,2764, 17716, 78.16
ALBERTDAVD, EQ, 09-Apr-2024,1206.6,1212.0,1229.95,1182.05, 1190.00,1191.2,1207.97,7386,89.22,740, 4855, 65.73
ALEMBICLTD, EQ, 09-Apr-2024,95.75,96.0,100.0,94.45, 97.40,97.0,97.87,1509185,1477.09,9682, 634805, 42.06
ALICON, EQ, 09-Apr-2024,884.55,890.0,901.65,866.3, 878.00,871.45,881.91,12655,111.61,1326, 7037, 55.61
ALKALI, EQ, 09-Apr-2024,119.55,119.6,123.95,117.0, 118.40,117.7,119.73,14365,17.2,407, 7931, 55.21
ALKEM, EQ, 09-Apr-2024,4888.35,4880.0,4920.2,4856.05, 4867.50,4882.6,4882.29,66122,3228.27,17126, 33311, 50.38
ALKYLAMINE, EQ, 09-Apr-2024,2080.0,2080.0,2186.0,2070.0, 2109.00,2113.8,2142.23,209397,4485.77,25334, 39849, 19.03
ALLCARGO, EQ, 09-Apr-2024,75.75,76.55,76.55,75.1, 76.15,76.0,75.9,1146697,870.35,9341, 384855, 33.56
ALLSEC, EQ, 09-Apr-2024,712.85,718.95,719.15,700.5, 705.05,705.85,709.14,18009,127.71,1570, 10899, 60.52
ALPA, EQ, 09-Apr-2024,93.35,94.25,94.65,92.1, 92.20,92.4,93.32,23133,21.59,390, 16432, 71.03
ALPHA, EQ, 09-Apr-2024,47.65,48.08,48.08,47.2, 47.50,47.38,47.54,501231,238.26,2916, 418653, 83.52
ALPHAETF, EQ, 09-Apr-2024,23.97,24.23,24.23,23.73, 23.89,23.81,23.86,123673,29.51,897, 101219, 81.84
ALPHAGEO, EQ, 09-Apr-2024,380.35,383.3,385.95,373.55, 373.55,375.4,379.23,8894,33.73,475, 5630, 63.30
ALPL30IETF, EQ, 09-Apr-2024,270.28,270.28,272.79,268.06, 269.37,269.34,270.17,117654,317.86,592, 110319, 93.77
AMBER, EQ, 09-Apr-2024,3794.1,3820.0,3844.0,3720.0, 3770.00,3786.45,3798.26,141350,5368.84,14163, 69667, 49.29
AMBICAAGAR, EQ, 09-Apr-2024,27.9,28.25,28.25,27.1, 27.25,27.3,27.37,42592,11.66,380, 21392, 50.23
AMBIKCO, EQ, 09-Apr-2024,1580.05,1572.6,1594.95,1565.0, 1588.50,1584.1,1578.36,8329,131.46,1658, 3613, 43.38
AMBUJACEM, EQ, 09-Apr-2024,630.55,631.4,633.95,618.55, 622.00,623.1,628.93,2431726,15293.75,45521, 1475744, 60.69
AMDIND, EQ, 09-Apr-2024,66.8,69.0,69.15,65.1, 65.90,66.0,66.95,15243,10.2,249, 9979, 65.47
AMIORG, EQ, 09-Apr-2024,1151.85,1165.0,1223.9,1147.0, 1218.00,1210.0,1190.57,432856,5153.44,34208, 203758, 47.07
AMJLAND, EQ, 09-Apr-2024,37.85,38.6,38.8,36.65, 37.75,37.25,37.53,63778,23.93,465, 44328, 69.50
AMNPLST, EQ, 09-Apr-2024,177.2,180.85,181.85,170.95, 174.00,172.6,174.8,7007,12.25,465, 3806, 54.32
AMRUTANJAN, EQ, 09-Apr-2024,671.95,690.0,690.0,663.6, 670.50,667.7,675.2,59332,400.61,4092, 35105, 59.17
ANANDRATHI, EQ, 09-Apr-2024,3737.35,3978.0,4099.0,3866.1, 4099.00,4072.1,3983.8,216616,8629.55,28904, 60035, 27.71
ANANTRAJ, EQ, 09-Apr-2024,337.55,339.5,346.0,335.3, 344.20,343.5,341.71,1865090,6373.27,29708, 703098, 37.70
ANDHRAPAP, EQ, 09-Apr-2024,514.2,514.2,519.1,502.35, 510.00,506.1,510.66,61077,311.9,4574, 34615, 56.67
ANDHRSUGAR, EQ, 09-Apr-2024,109.55,109.7,112.0,107.1, 112.00,111.0,109.97,307314,337.96,4520, 127735, 41.56
ANGELONE, EQ, 09-Apr-2024,2945.15,2960.0,2974.6,2836.0, 2855.00,2850.0,2877.46,428173,12320.49,51985, 218907, 51.13
ANIKINDS, EQ, 09-Apr-2024,51.85,52.95,57.0,50.6, 57.00,56.8,56.05,289722,162.39,1300, 169316, 58.44
ANKITMETAL, EQ, 09-Apr-2024,4.05,4.15,4.15,4.0, 4.10,4.1,4.05,75496,3.06,231, 64769, 85.79
ANMOL, EQ, 09-Apr-2024,50.3,51.05,51.1,48.4, 48.50,48.5,49.08,345760,169.68,1776, 212488, 61.46
ANUP, EQ, 09-Apr-2024,3389.2,3389.65,3405.0,3350.0, 3369.00,3379.2,3385.79,10415,352.63,3397, 6894, 66.19
ANURAS, EQ, 09-Apr-2024,877.85,884.9,884.9,871.0, 872.20,874.35,874.38,76976,673.06,5289, 42299, 54.95
APARINDS, EQ, 09-Apr-2024,7316.0,7347.95,7423.8,7161.0, 7194.50,7196.1,7290.94,74032,5397.63,15381, 28564, 38.58
APCL, EQ, 09-Apr-2024,190.85,190.05,193.0,187.6, 189.00,190.5,189.44,18965,35.93,709, 13011, 68.61
APCOTEXIND, EQ, 09-Apr-2024,458.05,457.0,475.0,457.0, 468.55,470.2,466.99,40317,188.28,2959, 23882, 59.24
APEX, EQ, 09-Apr-2024,213.2,212.6,213.65,209.55, 210.20,210.5,211.84,49634,105.14,3208, 28709, 57.84
APLAPOLLO, EQ, 09-Apr-2024,1588.3,1610.0,1622.0,1582.15, 1600.00,1601.9,1599.2,356269,5697.44,21907, 180568, 50.68
APLLTD, EQ, 09-Apr-2024,1005.15,1002.0,1011.85,982.0, 988.00,990.3,996.54,91520,912.04,11008, 57176, 62.47
APOLLO, EQ, 09-Apr-2024,113.75,114.65,115.0,109.0, 110.50,110.5,111.08,734154,815.48,8105, 489358, 66.66
APOLLOHOSP, EQ, 09-Apr-2024,6307.75,6347.8,6540.0,6330.95, 6505.10,6505.05,6460.8,592624,38288.27,75400, 195849, 33.05
APOLLOPIPE, EQ, 09-Apr-2024,667.95,663.0,673.65,660.95, 665.00,664.85,666.93,27512,183.49,3002, 12405, 45.09
APOLLOTYRE, EQ, 09-Apr-2024,469.9,472.0,472.0,464.5, 469.35,469.85,469.11,1399936,6567.2,24354, 736963, 52.64
APOLSINHOT, EQ, 09-Apr-2024,1896.9,1940.0,1940.0,1849.6, 1877.00,1859.7,1886.03,2173,40.98,671, 1241, 57.11
APTECHT, EQ, 09-Apr-2024,244.55,246.0,247.1,238.0, 240.15,239.95,242.63,220531,535.08,9324, 102788, 46.61
APTUS, EQ, 09-Apr-2024,323.95,325.95,326.8,319.9, 323.00,323.1,322.66,306086,987.62,22968, 179816, 58.75
ARCHIDPLY, EQ, 09-Apr-2024,123.7,124.6,126.35,117.3, 121.60,121.7,122.44,670439,820.88,7825, 281297, 41.96
ARE&M, EQ, 09-Apr-2024,869.05,879.15,920.95,872.8, 895.90,897.5,899.05,3261187,29319.68,100378, 842440, 25.83
ARENTERP, EQ, 09-Apr-2024,44.3,44.35,45.15,41.5, 44.10,43.1,44.11,5299,2.34,133, 4121, 77.77
ARIES, EQ, 09-Apr-2024,272.9,275.0,279.05,265.1, 268.50,267.45,271.32,85434,231.8,3927, 44537, 52.13
ARIHANTCAP, EQ, 09-Apr-2024,58.6,58.9,59.5,57.8, 58.40,58.65,58.81,116290,68.39,1164, 76578, 65.85
ARIHANTSUP, EQ, 09-Apr-2024,367.55,374.0,385.0,334.5, 374.00,374.5,371.69,97162,361.14,3588, 44241, 45.53
ARMANFIN, EQ, 09-Apr-2024,2053.15,2073.7,2098.15,2027.1, 2069.95,2040.8,2059.25,33816,696.36,5868, 14500, 42.88
AROGRANITE, EQ, 09-Apr-2024,50.15,50.1,50.9,49.35, 50.00,50.15,50.14,15889,7.97,223, 13261, 83.46
ARROWGREEN, EQ, 09-Apr-2024,434.1,437.95,437.95,417.45, 423.90,424.25,425.8,19506,83.06,1766, 11545, 59.19
ARTEMISMED, EQ, 09-Apr-2024,186.7,187.0,190.3,183.1, 188.00,186.35,187.07,77875,145.68,3290, 32764, 42.07
ARVEE, EQ, 09-Apr-2024,253.5,278.0,278.85,260.1, 278.85,278.85,274.67,125874,345.73,1433, 47004, 37.34
ARVIND, EQ, 09-Apr-2024,296.9,297.95,303.05,293.0, 296.15,296.7,297.87,209583,624.28,9280, 120239, 57.37
ARVINDFASN, EQ, 09-Apr-2024,431.9,431.9,452.35,424.0, 445.90,446.4,438.43,484498,2124.18,31074, 221517, 45.72
ARVSMART, EQ, 09-Apr-2024,701.15,702.5,709.8,674.05, 677.50,678.5,689.55,68478,472.19,5599, 38276, 55.90
ASAHIINDIA, EQ, 09-Apr-2024,599.0,599.0,611.1,590.15, 594.95,594.45,601.82,155506,935.87,12105, 64627, 41.56
ASAHISONG, EQ, 09-Apr-2024,341.15,341.0,348.45,333.05, 334.45,335.75,340.24,13980,47.57,1247, 6769, 48.42
ASAL, EQ, 09-Apr-2024,759.5,765.8,798.1,761.05, 766.30,769.15,777.69,435729,3388.63,29193, 93746, 21.51
ASALCBR, EQ, 09-Apr-2024,528.8,529.05,534.0,521.0, 527.05,526.75,526.54,28919,152.27,2746, 15617, 54.00
ASHIANA, EQ, 09-Apr-2024,303.05,300.0,308.7,300.0, 307.55,306.95,305.71,62821,192.05,4213, 26870, 42.77
ASHIMASYN, EQ, 09-Apr-2024,20.05,20.1,20.2,19.15, 19.50,19.5,19.67,148565,29.22,861, 98915, 66.58
ASHOKA, EQ, 09-Apr-2024,173.05,173.65,176.95,172.0, 173.50,173.95,174.44,1304980,2276.46,27798, 611921, 46.89
ASHOKLEY, EQ, 09-Apr-2024,177.2,177.2,177.65,175.1, 175.90,176.05,176.44,7282933,12850.07,40069, 3123320, 42.89
ASIANENE, EQ, 09-Apr-2024,297.45,304.8,304.8,284.0, 288.20,288.9,293.74,11092,32.58,551, 6809, 61.39
ASIANPAINT, EQ, 09-Apr-2024,2892.0,2893.0,2916.45,2845.0, 2857.00,2857.15,2870.13,1017670,29208.45,74467, 606238, 59.57
ASIANTILES, EQ, 09-Apr-2024,63.55,63.6,64.0,62.3, 63.20,63.0,63.08,265107,167.24,2229, 158333, 59.72
ASKAUTOLTD, EQ, 09-Apr-2024,298.4,302.8,311.8,298.8, 307.45,307.15,305.95,676083,2068.5,9964, 370867, 54.86
ASMS, EQ, 09-Apr-2024,20.0,20.4,20.4,20.4, 20.40,20.4,20.4,33534,6.84,81, 33534, 100.00
ASPINWALL, EQ, 09-Apr-2024,264.85,263.95,273.0,263.15, 266.05,268.4,268.78,7704,20.71,513, 3818, 49.56
ASTEC, EQ, 09-Apr-2024,1264.9,1265.75,1266.75,1235.0, 1240.00,1253.95,1253.55,186941,2343.39,15907, 138501, 74.09
ASTERDM, EQ, 09-Apr-2024,484.7,500.0,500.0,473.0, 474.00,474.0,482.13,1602883,7727.92,40381, 804637, 50.20
ASTRAL, EQ, 09-Apr-2024,2024.8,2042.9,2043.1,1990.0, 1994.00,1997.05,2012.77,173393,3490.01,24418, 70431, 40.62
ASTRAMICRO, EQ, 09-Apr-2024,638.4,638.4,669.9,638.4, 658.00,655.4,659.95,680371,4490.08,28595, 274068, 40.28
ASTRAZEN, EQ, 09-Apr-2024,5389.4,5399.85,5408.4,5281.55, 5340.00,5357.25,5341.53,8477,452.8,2604, 3357, 39.60
ATALREAL, EQ, 09-Apr-2024,14.55,14.85,14.85,14.3, 14.45,14.45,14.5,613640,88.95,655, 77925, 12.70
ATAM, EQ, 09-Apr-2024,199.8,200.0,205.45,195.5, 196.95,196.75,199.01,38242,76.11,1304, 26043, 68.10
ATFL, EQ, 09-Apr-2024,720.25,720.1,728.5,714.7, 717.05,717.8,720.29,28466,205.04,2836, 14843, 52.14
ATGL, EQ, 09-Apr-2024,966.8,970.45,976.0,960.1, 963.00,962.15,966.47,692150,6689.41,22606, 228517, 33.02
ATL, EQ, 09-Apr-2024,64.1,64.25,64.3,61.25, 63.00,62.1,62.69,532970,334.13,3581, 309573, 58.08
ATLANTAA, EQ, 09-Apr-2024,28.5,29.4,29.45,26.4, 26.90,26.8,27.65,289406,80.02,1646, 204710, 70.73
ATUL, EQ, 09-Apr-2024,5924.8,5967.05,5974.0,5870.0, 5888.00,5879.35,5911.1,12572,743.14,4069, 5151, 40.97
ATULAUTO, EQ, 09-Apr-2024,502.75,507.8,509.65,500.05, 505.00,503.1,505.0,61125,308.68,4405, 26107, 42.71
AUBANK, EQ, 09-Apr-2024,633.9,634.0,645.5,629.1, 632.95,632.25,636.94,1783075,11357.09,71453, 741943, 41.61
AUROPHARMA, EQ, 09-Apr-2024,1120.25,1124.0,1137.25,1116.05, 1129.65,1131.95,1125.59,770370,8671.19,26293, 288504, 37.45
AUSOMENT, EQ, 09-Apr-2024,93.15,93.15,97.0,92.3, 96.90,95.7,94.79,11471,10.87,276, 7267, 63.35
AUTOAXLES, EQ, 09-Apr-2024,1849.75,1860.85,1870.15,1835.9, 1853.00,1846.0,1851.58,21477,397.66,2353, 15970, 74.36
AUTOBEES, EQ, 09-Apr-2024,223.58,223.95,225.99,222.91, 223.30,223.68,223.95,222002,497.18,2462, 185172, 83.41
AUTOIETF, EQ, 09-Apr-2024,22.38,22.5,22.66,22.25, 22.32,22.32,22.41,275332,61.71,1519, 204120, 74.14
AUTOIND, EQ, 09-Apr-2024,134.0,134.0,138.75,133.35, 134.00,134.55,135.7,74225,100.73,2440, 34805, 46.89
AVADHSUGAR, EQ, 09-Apr-2024,599.8,603.95,628.0,593.7, 628.00,620.15,611.35,70278,429.64,5165, 31158, 44.34
AVALON, EQ, 09-Apr-2024,519.7,524.0,524.0,513.6, 520.00,518.9,519.65,71768,372.94,4941, 44470, 61.96
AVANTIFEED, EQ, 09-Apr-2024,526.75,526.0,538.8,520.25, 524.50,525.85,529.18,223575,1183.1,13886, 66212, 29.62
AVG, EQ, 09-Apr-2024,588.35,582.35,605.2,580.0, 582.60,584.3,587.03,48592,285.25,4183, 27415, 56.42
AVONMORE, EQ, 09-Apr-2024,104.4,107.5,107.5,101.3, 101.50,101.7,102.32,19414,19.86,398, 12806, 65.96
AVROIND, EQ, 09-Apr-2024,138.45,153.0,162.0,143.35, 145.70,146.1,153.61,1193838,1833.91,18019, 283182, 23.72
AVTNPL, EQ, 09-Apr-2024,87.3,87.9,89.0,87.0, 87.50,87.4,87.74,124244,109.01,1927, 60396, 48.61
AWHCL, EQ, 09-Apr-2024,508.05,511.0,532.0,506.25, 524.00,524.95,523.67,311290,1630.14,25348, 137030, 44.02
AWL, EQ, 09-Apr-2024,356.4,357.95,358.5,351.55, 352.75,352.2,353.49,921028,3255.73,16592, 495934, 53.85
AXISBANK, EQ, 09-Apr-2024,1076.05,1090.0,1090.0,1071.35, 1079.95,1080.0,1081.82,11385226,123167.73,191566, 5765447, 50.64
AXISBNKETF, EQ, 09-Apr-2024,491.99,492.0,496.83,492.0, 493.28,493.64,494.85,8321,41.18,116, 6311, 75.84
AXISBPSETF, EQ, 09-Apr-2024,11.62,11.95,11.95,11.2, 11.67,11.66,11.64,28099,3.27,381, 19221, 68.40
AXISCADES, EQ, 09-Apr-2024,629.8,635.0,643.5,612.0, 615.00,615.4,624.58,64916,405.46,5265, 34088, 52.51
AXISCETF, EQ, 09-Apr-2024,104.15,104.15,104.49,103.56, 104.19,103.94,104.12,733,0.76,36, 329, 44.88
AXISGOLD, EQ, 09-Apr-2024,60.36,62.15,62.15,60.31, 60.95,60.91,60.76,97285,59.11,1188, 67440, 69.32
AXISHCETF, EQ, 09-Apr-2024,123.3,122.34,123.5,122.34, 123.45,123.45,123.26,1871,2.31,55, 1744, 93.21
AXISILVER, EQ, 09-Apr-2024,82.71,82.71,83.8,82.51, 83.80,83.7,83.16,23162,19.26,244, 16000, 69.08
AXISNIFTY, EQ, 09-Apr-2024,243.59,243.59,245.99,243.08, 243.18,243.18,243.61,25408,61.9,181, 22737, 89.49
AXISTECETF, EQ, 09-Apr-2024,369.27,368.99,373.8,368.6, 371.20,369.43,369.2,30435,112.37,480, 28911, 94.99
AXITA, EQ, 09-Apr-2024,23.65,23.8,23.9,23.1, 23.20,23.1,23.44,1198151,280.8,3574, 441473, 36.85
AXSENSEX, EQ, 09-Apr-2024,75.26,75.23,76.25,74.13, 75.49,75.31,75.42,2270,1.71,49, 1567, 69.03
AYMSYNTEX, EQ, 09-Apr-2024,96.95,96.95,99.4,95.15, 96.95,96.05,97.17,57075,55.46,916, 34408, 60.29
AZAD, EQ, 09-Apr-2024,1322.5,1327.95,1366.0,1285.1, 1304.85,1302.6,1322.58,172472,2281.08,10444, 83051, 48.15
BAIDFIN, EQ, 09-Apr-2024,22.3,22.35,22.55,21.9, 21.90,22.0,22.02,284576,62.65,412, 273378, 96.07
BAJAJ-AUTO, EQ, 09-Apr-2024,9030.5,9090.0,9132.7,8936.4, 8990.00,8978.9,9016.24,237944,21453.6,33482, 91336, 38.39
BAJAJCON, EQ, 09-Apr-2024,228.85,228.8,230.9,226.25, 228.40,228.0,227.81,264930,603.53,7195, 155601, 58.73
BAJAJELEC, EQ, 09-Apr-2024,983.35,990.05,1000.0,983.35, 991.80,993.8,989.65,54784,542.17,6299, 28315, 51.68
BAJAJFINSV, EQ, 09-Apr-2024,1689.15,1694.95,1715.0,1687.25, 1708.00,1710.4,1702.26,1284145,21859.48,61983, 529027, 41.20
BAJAJHCARE, EQ, 09-Apr-2024,321.4,322.85,325.95,317.6, 321.25,320.65,321.55,55747,179.25,3727, 31784, 57.01
BAJAJHIND, EQ, 09-Apr-2024,32.4,32.6,33.6,31.35, 33.45,33.3,32.79,21759635,7135.7,24400, 6769564, 31.11
BAJAJHLDNG, EQ, 09-Apr-2024,8238.1,8225.0,8270.0,8153.5, 8192.00,8172.0,8219.42,16546,1359.98,6541, 9279, 56.08
BAJEL, EQ, 09-Apr-2024,223.15,224.95,225.0,215.6, 216.40,216.45,218.91,468257,1025.08,6764, 269790, 57.62
BAJFINANCE, EQ, 09-Apr-2024,7178.55,7220.0,7235.35,7124.5, 7189.00,7193.6,7184.53,710281,51030.32,79057, 299578, 42.18
BALAJITELE, EQ, 09-Apr-2024,80.65,81.15,84.65,80.9, 84.65,84.5,83.95,400392,336.14,2471, 294633, 73.59
BALAMINES, EQ, 09-Apr-2024,2182.1,2182.1,2323.95,2182.1, 2265.00,2268.35,2274.71,242686,5520.41,28689, 41963, 17.29
BALAXI, EQ, 09-Apr-2024,585.35,586.0,597.95,570.9, 586.00,574.45,580.99,9334,54.23,453, 7928, 84.94
BALKRISIND, EQ, 09-Apr-2024,2441.75,2445.6,2461.5,2414.55, 2438.20,2433.5,2435.32,374663,9124.26,33333, 224373, 59.89
BALMLAWRIE, EQ, 09-Apr-2024,259.55,261.05,264.0,255.2, 259.00,258.7,259.44,740940,1922.31,21092, 289323, 39.05
BALPHARMA, EQ, 09-Apr-2024,103.85,104.2,104.2,100.5, 101.30,101.7,102.48,9311,9.54,247, 5933, 63.72
BALRAMCHIN, EQ, 09-Apr-2024,386.25,388.0,396.0,382.65, 392.00,392.95,391.13,2431669,9510.98,33848, 770512, 31.69
BANARBEADS, EQ, 09-Apr-2024,97.75,99.75,99.75,96.25, 97.00,97.0,98.08,10540,10.34,773, 2300, 21.82
BANARISUG, EQ, 09-Apr-2024,2644.15,2579.95,2665.0,2579.0, 2639.00,2626.85,2621.63,884,23.18,296, 577, 65.27
BANCOINDIA, EQ, 09-Apr-2024,621.3,622.05,630.0,610.5, 616.60,616.45,617.74,54033,333.78,8646, 18481, 34.20
BANDHANBNK, EQ, 09-Apr-2024,184.95,185.15,187.4,182.0, 182.90,182.7,184.46,16386732,30226.49,95731, 7594838, 46.35
BANKBARODA, EQ, 09-Apr-2024,267.6,269.0,269.9,263.5, 265.50,265.5,267.3,10451503,27936.93,50396, 4415487, 42.25
BANKBEES, EQ, 09-Apr-2024,494.1,495.0,498.01,494.6, 496.65,496.56,496.88,1083441,5383.43,8719, 645375, 59.57
BANKBETF, EQ, 09-Apr-2024,48.59,48.59,48.9,48.53, 48.75,48.72,48.7,67139,32.7,86, 65020, 96.84
BANKETF, EQ, 09-Apr-2024,485.26,486.01,489.5,485.19, 486.59,487.24,487.48,1283,6.25,92, 980, 76.38
BANKETFADD, EQ, 09-Apr-2024,48.77,48.58,49.19,48.58, 49.08,49.06,49.05,19921,9.77,175, 12901, 64.76
BANKIETF, EQ, 09-Apr-2024,48.96,49.24,49.35,48.99, 49.15,49.23,49.18,765438,376.47,1021, 368686, 48.17
BANKINDIA, EQ, 09-Apr-2024,144.2,145.55,146.5,141.2, 142.00,141.85,143.43,8617456,12360.11,35627, 3607613, 41.86
BANKNIFTY1, EQ, 09-Apr-2024,496.29,496.29,499.04,495.13, 496.14,497.98,498.16,259957,1295.0,1472, 161737, 62.22
BANSWRAS, EQ, 09-Apr-2024,152.7,153.55,156.5,148.75, 150.25,150.05,151.73,33289,50.51,1180, 22002, 66.09
BARBEQUE, EQ, 09-Apr-2024,539.5,542.0,549.4,536.05, 539.10,544.65,540.87,74906,405.15,5662, 55719, 74.39
BASF, EQ, 09-Apr-2024,3620.65,3653.9,3811.0,3604.35, 3719.00,3724.25,3688.82,239295,8827.16,15464, 164131, 68.59
BASML, EQ, 09-Apr-2024,43.65,43.85,44.25,42.1, 43.05,42.8,43.18,112930,48.77,575, 72805, 64.47
BATAINDIA, EQ, 09-Apr-2024,1346.15,1354.0,1366.8,1338.0, 1342.75,1343.2,1350.9,608528,8220.62,39287, 282153, 46.37
BAYERCROP, EQ, 09-Apr-2024,5394.95,5425.0,5425.0,5300.0, 5304.00,5314.55,5339.32,3514,187.62,1572, 1976, 56.23
BBETF0432, EQ, 09-Apr-2024,1137.68,1137.08,1138.98,1136.02, 1137.50,1137.85,1136.26,6725,76.41,37, 6448, 95.88
BBL, EQ, 09-Apr-2024,6613.1,6700.0,6969.0,6657.05, 6968.00,6927.55,6856.34,90531,6207.11,19142, 33835, 37.37
BBNPPGOLD, EQ, 09-Apr-2024,70.1,70.4,70.95,70.4, 70.60,70.65,70.76,862,0.61,26, 714, 82.83
BBOX, EQ, 09-Apr-2024,280.55,282.8,284.0,270.0, 280.15,279.8,277.19,235361,652.41,2927, 160709, 68.28
BBTC, EQ, 09-Apr-2024,1633.3,1641.5,1658.6,1556.4, 1601.00,1598.2,1596.55,70248,1121.54,9802, 32086, 45.68
BBTCL, EQ, 09-Apr-2024,268.5,270.0,272.15,268.0, 268.00,268.25,268.1,3210,8.61,153, 2972, 92.59
BCG, EQ, 09-Apr-2024,16.1,16.1,16.15,15.8, 15.90,15.9,15.94,10262016,1635.29,13576, 3974858, 38.73
BCLIND, EQ, 09-Apr-2024,62.1,62.1,63.35,60.6, 61.55,61.5,61.9,1012978,627.07,6001, 370675, 36.59
BDL, EQ, 09-Apr-2024,1766.15,1770.0,1774.0,1725.05, 1735.00,1735.2,1746.04,388736,6787.5,22900, 173417, 44.61
BEARDSELL, EQ, 09-Apr-2024,42.35,43.9,43.9,39.65, 40.75,40.75,41.39,61104,25.29,748, 34637, 56.69
BECTORFOOD, EQ, 09-Apr-2024,1139.8,1140.0,1154.15,1114.05, 1140.10,1148.45,1138.0,168821,1921.19,17756, 98456, 58.32
BEL, EQ, 09-Apr-2024,223.55,224.8,228.9,221.2, 228.20,228.15,225.91,29048035,65622.4,144456, 10059821, 34.63
BEML, EQ, 09-Apr-2024,3421.65,3448.95,3460.0,3386.35, 3448.90,3445.65,3432.02,248568,8530.91,21412, 62457, 25.13
BEPL, EQ, 09-Apr-2024,103.85,103.7,107.45,102.7, 104.50,104.4,105.22,1433799,1508.71,12240, 614775, 42.88
BERGEPAINT, EQ, 09-Apr-2024,560.0,560.0,564.45,555.0, 555.75,555.75,558.72,350549,1958.58,17579, 126580, 36.11
BFINVEST, EQ, 09-Apr-2024,550.15,552.9,552.9,538.55, 542.80,539.8,544.84,27647,150.63,2897, 11862, 42.91
BFSI, EQ, 09-Apr-2024,21.92,21.99,22.08,21.86, 21.98,22.0,22.01,431598,94.99,1223, 412100, 95.48
BFUTILITIE, EQ, 09-Apr-2024,821.35,824.9,835.0,810.0, 815.00,813.45,822.12,200707,1650.05,12011, 58312, 29.05
BHAGCHEM, EQ, 09-Apr-2024,1686.6,1681.5,1745.95,1669.65, 1696.00,1698.65,1694.56,12288,208.23,1467, 8651, 70.40
BHAGERIA, EQ, 09-Apr-2024,174.75,176.4,176.5,170.95, 173.50,173.85,173.83,49333,85.76,2472, 22395, 45.40
BHAGYANGR, EQ, 09-Apr-2024,113.25,112.7,122.1,112.6, 118.80,118.8,118.37,560681,663.68,4325, 252703, 45.07
BHANDARI, EQ, 09-Apr-2024,8.85,8.85,8.95,8.6, 8.80,8.7,8.8,287135,25.26,985, 182787, 63.66
BHARATFORG, EQ, 09-Apr-2024,1173.9,1183.25,1183.45,1140.05, 1151.25,1148.7,1153.96,1115923,12877.28,39840, 590984, 52.96
BHARATGEAR, EQ, 09-Apr-2024,114.25,114.45,116.85,113.5, 113.60,113.85,114.21,17405,19.88,391, 11506, 66.11
BHARATRAS, EQ, 09-Apr-2024,8823.3,8824.05,8898.75,8747.0, 8772.00,8766.2,8815.69,531,46.81,297, 279, 52.54
BHARTIARTL, EQ, 09-Apr-2024,1204.7,1214.95,1214.95,1198.3, 1204.60,1204.45,1204.97,3372798,40641.21,127314, 2266589, 67.20
BHEL, EQ, 09-Apr-2024,256.45,257.2,259.9,253.35, 255.60,255.75,256.85,13774213,35379.15,82179, 4733856, 34.37
BIGBLOC, EQ, 09-Apr-2024,226.2,228.45,230.55,220.95, 222.20,222.5,223.79,132131,295.69,5997, 65490, 49.56
BIKAJI, EQ, 09-Apr-2024,539.4,540.05,545.0,540.0, 544.00,542.75,543.05,137651,747.52,6251, 101284, 73.58
BIL, EQ, 09-Apr-2024,457.75,456.85,485.0,444.55, 449.00,449.85,464.12,50387,233.85,1998, 22273, 44.20
BIOCON, EQ, 09-Apr-2024,273.8,275.45,276.95,269.5, 271.30,271.3,273.12,2814928,7688.0,23776, 1061924, 37.72
BIOFILCHEM, EQ, 09-Apr-2024,66.55,67.05,68.0,65.55, 67.95,67.65,66.93,48839,32.69,531, 33319, 68.22
BIRLACABLE, EQ, 09-Apr-2024,252.25,251.0,280.0,251.0, 267.00,266.55,267.89,489397,1311.07,26185, 108342, 22.14
BIRLACORPN, EQ, 09-Apr-2024,1523.5,1521.0,1548.9,1486.95, 1494.00,1495.65,1519.99,109042,1657.43,20552, 53883, 49.41
BLAL, EQ, 09-Apr-2024,272.15,270.25,276.45,266.0, 267.50,267.3,268.63,166140,446.3,3279, 102028, 61.41
BLISSGVS, EQ, 09-Apr-2024,116.4,117.0,118.0,114.5, 114.90,115.05,115.67,240556,278.25,2913, 127490, 53.00
BLKASHYAP, EQ, 09-Apr-2024,71.25,71.75,72.7,69.5, 70.50,70.25,71.19,538078,383.08,2706, 334772, 62.22
BLS, EQ, 09-Apr-2024,351.1,352.75,352.75,340.55, 340.75,341.8,345.23,2071778,7152.37,30313, 874417, 42.21
BLSE, EQ, 09-Apr-2024,333.1,337.7,337.7,321.55, 326.00,326.1,328.37,455995,1497.34,26287, 168847, 37.03
BLUEDART, EQ, 09-Apr-2024,6012.15,6012.15,6042.2,5920.0, 5925.05,5939.05,5997.15,64251,3853.23,5364, 56894, 88.55
BLUEJET, EQ, 09-Apr-2024,401.55,404.75,405.95,387.55, 390.00,390.8,394.42,201882,796.27,5308, 123942, 61.39
BLUESTARCO, EQ, 09-Apr-2024,1407.25,1422.0,1427.15,1395.5, 1399.00,1399.85,1412.46,302092,4266.91,24228, 143646, 47.55
BODALCHEM, EQ, 09-Apr-2024,82.8,83.4,84.6,82.05, 82.80,82.6,83.19,460984,383.51,3527, 183592, 39.83
BOMDYEING, EQ, 09-Apr-2024,170.85,171.25,175.5,168.1, 171.25,170.9,172.55,1522998,2627.9,18152, 613188, 40.26
BOROLTD, EQ, 09-Apr-2024,376.75,377.0,390.0,367.8, 370.90,370.15,376.47,181293,682.51,11364, 61271, 33.80
BORORENEW, EQ, 09-Apr-2024,540.55,541.25,545.0,524.2, 527.00,526.45,534.74,421183,2252.25,19483, 160136, 38.02
BOSCHLTD, EQ, 09-Apr-2024,31087.35,31137.95,31292.8,29918.05, 30128.00,30067.9,30108.16,153880,46330.44,17581, 118195, 76.81
BPCL, EQ, 09-Apr-2024,591.95,597.2,597.2,583.5, 585.40,585.75,587.43,4544926,26698.44,63650, 1563650, 34.40
BPL, EQ, 09-Apr-2024,103.25,104.2,104.2,99.3, 100.25,100.0,101.25,170137,172.27,3261, 90750, 53.34
BRIGADE, EQ, 09-Apr-2024,963.4,972.1,998.0,963.2, 987.00,985.05,986.06,706374,6965.29,26727, 501948, 71.06
BRITANNIA, EQ, 09-Apr-2024,4826.8,4850.0,4850.0,4783.4, 4793.00,4794.7,4805.71,180114,8655.75,23810, 103802, 57.63
BSE, EQ, 09-Apr-2024,2801.7,2802.0,2812.8,2733.0, 2745.90,2745.7,2759.09,531266,14658.09,46282, 263453, 49.59
BSE500IETF, EQ, 09-Apr-2024,34.95,35.0,35.11,34.57, 34.92,34.91,34.98,151699,53.06,819, 119098, 78.51
BSHSL, EQ, 09-Apr-2024,232.85,233.3,241.6,225.15, 232.00,229.3,235.65,53047,125.01,4310, 23114, 43.57
BSL, EQ, 09-Apr-2024,178.95,178.9,183.0,178.15, 181.15,182.25,181.26,5147,9.33,280, 2489, 48.36
BSLGOLDETF, EQ, 09-Apr-2024,63.86,64.7,64.7,62.92, 64.10,63.55,63.74,74537,47.51,518, 40188, 53.92
BSLNIFTY, EQ, 09-Apr-2024,25.81,25.97,25.97,25.71, 25.81,25.79,25.85,146444,37.85,2650, 100472, 68.61
BSLSENETFG, EQ, 09-Apr-2024,73.25,74.67,74.67,72.93, 73.00,73.28,73.46,923,0.68,67, 593, 64.25
BSOFT, EQ, 09-Apr-2024,732.0,732.0,747.8,726.1, 728.85,728.7,735.12,1678670,12340.22,49666, 505192, 30.09
BTML, EQ, 09-Apr-2024,18.05,18.1,18.5,16.65, 17.15,16.9,17.8,2592532,461.57,4113, 1200559, 46.31
BURNPUR, EQ, 09-Apr-2024,6.3,6.4,6.4,5.75, 6.15,6.1,6.13,259435,15.91,823, 156171, 60.20
BUTTERFLY, EQ, 09-Apr-2024,860.0,864.5,870.05,849.1, 854.00,849.55,852.71,7031,59.95,724, 4564, 64.91
BYKE, EQ, 09-Apr-2024,71.35,72.25,72.85,69.3, 70.50,70.8,71.04,251823,178.9,2091, 165231, 65.61
CALSOFT, EQ, 09-Apr-2024,16.7,17.0,18.3,16.85, 17.05,17.2,17.61,138619,24.41,949, 84928, 61.27
CAMLINFINE, EQ, 09-Apr-2024,106.1,106.75,107.2,102.25, 103.00,103.0,104.08,930296,968.3,18624, 466424, 50.14
CAMPUS, EQ, 09-Apr-2024,233.25,235.0,236.0,231.0, 233.00,231.9,233.19,406638,948.23,13510, 179001, 44.02
CAMS, EQ, 09-Apr-2024,3069.4,3084.0,3144.2,2986.0, 2997.95,2997.4,3058.12,405596,12403.61,38950, 239021, 58.93
CANBK, EQ, 09-Apr-2024,612.45,614.0,615.85,603.7, 608.20,608.15,610.69,3606257,22022.97,67720, 1595861, 44.25
CANFINHOME, EQ, 09-Apr-2024,798.95,815.0,836.0,805.0, 811.05,810.55,821.31,3011848,24736.74,72917, 447578, 14.86
CANTABIL, EQ, 09-Apr-2024,216.1,216.0,218.4,214.2, 216.00,216.3,217.12,73531,159.65,4375, 17205, 23.40
CAPACITE, EQ, 09-Apr-2024,285.3,287.65,307.95,284.35, 304.95,302.7,301.59,7697077,23213.42,79236, 2435374, 31.64
CAPITALSFB, EQ, 09-Apr-2024,353.55,354.0,371.75,353.0, 366.00,366.55,361.87,86386,312.6,5237, 23919, 27.69
CAPLIPOINT, EQ, 09-Apr-2024,1297.15,1303.6,1315.0,1288.75, 1290.50,1291.5,1300.63,41251,536.52,5042, 19385, 46.99
CAPTRUST, EQ, 09-Apr-2024,121.45,126.0,126.0,115.05, 117.20,117.2,118.62,38672,45.87,1663, 18498, 47.83
CARBORUNIV, EQ, 09-Apr-2024,1252.0,1255.9,1319.0,1255.45, 1306.00,1307.0,1293.52,186395,2411.05,22665, 53210, 28.55
CARERATING, EQ, 09-Apr-2024,1148.25,1148.25,1182.85,1143.0, 1149.95,1148.35,1159.48,19489,225.97,2738, 10085, 51.75
CARTRADE, EQ, 09-Apr-2024,714.4,718.95,729.0,714.35, 718.00,717.1,717.95,188048,1350.09,8763, 147105, 78.23
CARYSIL, EQ, 09-Apr-2024,981.6,987.45,989.9,957.0, 959.00,959.25,970.45,79367,770.21,11003, 43193, 54.42
CASTROLIND, EQ, 09-Apr-2024,207.5,208.55,226.8,207.55, 222.00,223.4,221.58,31474190,69741.47,210625, 6534417, 20.76
CCL, EQ, 09-Apr-2024,575.65,580.0,585.95,566.0, 580.30,574.0,572.49,409549,2344.61,25595, 260507, 63.61
CDSL, EQ, 09-Apr-2024,1877.25,1884.0,1894.95,1856.0, 1864.00,1866.35,1871.45,920126,17219.71,55209, 344193, 37.41
CEATLTD, EQ, 09-Apr-2024,2638.8,2665.0,2678.9,2611.0, 2626.55,2637.9,2647.96,50301,1331.95,7701, 19045, 37.86
CELEBRITY, EQ, 09-Apr-2024,19.15,19.3,19.4,19.0, 19.40,19.2,19.12,108310,20.71,477, 86571, 79.93
CELLO, EQ, 09-Apr-2024,822.45,824.9,827.05,808.0, 819.00,817.3,817.04,119628,977.41,4375, 68529, 57.29
CENTENKA, EQ, 09-Apr-2024,436.5,441.0,441.0,430.8, 433.15,434.95,436.15,28797,125.6,2019, 11048, 38.37
CENTRALBK, EQ, 09-Apr-2024,63.95,64.3,64.9,62.95, 64.10,64.0,63.96,10343663,6615.84,24376, 2270247, 21.95
CENTRUM, EQ, 09-Apr-2024,38.05,37.7,38.3,36.0, 36.65,36.5,37.14,851384,316.22,2524, 519072, 60.97
CENTUM, EQ, 09-Apr-2024,1750.3,1759.05,1799.0,1700.25, 1725.95,1718.65,1754.48,21873,383.76,5925, 8508, 38.90
CENTURYPLY, EQ, 09-Apr-2024,644.1,646.0,657.9,643.85, 648.90,647.95,650.96,80281,522.59,8296, 33860, 42.18
CENTURYTEX, EQ, 09-Apr-2024,1742.4,1740.0,1849.9,1739.55, 1825.85,1831.8,1814.42,1214306,22032.63,55027, 276203, 22.75
CERA, EQ, 09-Apr-2024,7418.15,7418.15,7447.95,7213.55, 7250.00,7251.7,7297.86,11739,856.7,5046, 5679, 48.38
CESC, EQ, 09-Apr-2024,140.85,141.9,145.2,140.9, 142.60,142.75,143.22,10605486,15189.52,53129, 4096028, 38.62
CGCL, EQ, 09-Apr-2024,224.3,224.3,226.0,216.6, 218.00,218.4,221.09,281158,621.62,9534, 111114, 39.52
CGPOWER, EQ, 09-Apr-2024,504.6,505.9,508.9,497.4, 500.00,501.75,502.51,1885154,9473.04,46151, 939204, 49.82
CHALET, EQ, 09-Apr-2024,855.3,855.3,859.0,846.0, 849.90,850.55,850.55,71928,611.78,6701, 35047, 48.73
CHAMBLFERT, EQ, 09-Apr-2024,377.3,377.3,382.0,372.0, 374.00,374.3,376.54,1148808,4325.77,18098, 313770, 27.31
CHEMBOND, EQ, 09-Apr-2024,531.35,534.1,535.75,515.0, 519.75,522.75,524.68,15879,83.31,1532, 8487, 53.45
CHEMCON, EQ, 09-Apr-2024,255.2,257.0,257.5,252.0, 253.90,254.0,254.62,28763,73.24,1789, 16586, 57.66
CHEMFAB, EQ, 09-Apr-2024,697.4,691.8,707.0,655.95, 668.00,667.1,674.07,28034,188.97,1579, 16556, 59.06
CHEMPLASTS, EQ, 09-Apr-2024,482.55,480.2,489.9,480.2, 486.45,484.65,483.7,144954,701.15,6581, 120095, 82.85
CHENNPETRO, EQ, 09-Apr-2024,925.85,929.8,933.85,900.0, 902.95,903.15,912.5,532475,4858.81,19338, 179751, 33.76
CHEVIOT, EQ, 09-Apr-2024,1310.85,1323.5,1323.5,1301.1, 1302.25,1304.9,1309.27,1129,14.78,277, 705, 62.44
CHOICEIN, EQ, 09-Apr-2024,304.3,308.5,310.3,304.5, 306.00,307.0,307.09,995668,3057.64,15848, 249388, 25.05
CHOLAFIN, EQ, 09-Apr-2024,1203.05,1215.1,1223.7,1198.3, 1215.40,1210.1,1212.33,956608,11597.26,58158, 455282, 47.59
CHOLAHLDNG, EQ, 09-Apr-2024,1124.7,1124.7,1136.95,1064.05, 1109.00,1104.5,1100.59,130843,1440.04,14773, 67923, 51.91
CIEINDIA, EQ, 09-Apr-2024,480.2,480.2,483.8,473.0, 478.20,477.1,478.13,294583,1408.5,22077, 170559, 57.90
CIGNITITEC, EQ, 09-Apr-2024,1303.05,1309.6,1314.05,1281.8, 1305.00,1299.1,1298.55,137061,1779.81,7187, 74842, 54.60
CINELINE, EQ, 09-Apr-2024,126.3,127.7,128.95,125.0, 126.60,126.6,126.3,25751,32.52,643, 21440, 83.26
CINEVISTA, EQ, 09-Apr-2024,24.45,23.55,25.25,23.25, 23.25,23.25,23.79,529136,125.87,2070, 254659, 48.13
CIPLA, EQ, 09-Apr-2024,1462.45,1467.75,1470.0,1447.1, 1449.00,1450.3,1454.27,1225255,17818.51,29905, 980836, 80.05
CLEAN, EQ, 09-Apr-2024,1334.95,1334.95,1339.9,1321.0, 1324.90,1325.35,1329.27,86655,1151.88,14748, 50678, 58.48
CLEDUCATE, EQ, 09-Apr-2024,86.65,86.2,89.45,86.0, 87.45,87.05,87.87,85860,75.45,1241, 39543, 46.06
CLSEL, EQ, 09-Apr-2024,229.45,230.6,233.95,224.75, 224.90,225.65,228.71,93205,213.17,5828, 50945, 54.66
CMSINFO, EQ, 09-Apr-2024,396.5,396.0,413.4,394.0, 404.60,404.9,405.37,1962303,7954.62,50212, 796296, 40.58
COALINDIA, EQ, 09-Apr-2024,447.4,448.7,450.3,437.25, 440.60,439.85,441.94,8005012,35377.36,97059, 3462586, 43.26
COASTCORP, EQ, 09-Apr-2024,257.65,259.85,260.95,251.95, 253.85,254.0,256.43,10976,28.15,682, 5894, 53.70
COCHINSHIP, EQ, 09-Apr-2024,1141.2,1147.6,1153.1,1113.35, 1132.00,1130.25,1129.52,3223337,36408.1,92623, 585206, 18.16
COFFEEDAY, EQ, 09-Apr-2024,61.75,62.35,62.5,59.0, 60.00,60.0,60.53,2559169,1548.95,7775, 1464140, 57.21
COFORGE, EQ, 09-Apr-2024,5682.2,5721.0,5776.45,5686.4, 5713.85,5711.65,5730.54,306416,17559.28,24382, 172223, 56.21
COLPAL, EQ, 09-Apr-2024,2696.85,2700.0,2700.0,2615.05, 2622.05,2622.3,2644.85,598732,15835.56,53690, 378332, 63.19
COMMOIETF, EQ, 09-Apr-2024,86.66,86.99,87.52,86.5, 86.54,86.68,87.07,71801,62.52,487, 32313, 45.00
COMPUSOFT, EQ, 09-Apr-2024,30.7,31.0,31.25,29.6, 30.90,30.55,30.54,148664,45.41,1082, 105999, 71.30
COMSYN, EQ, 09-Apr-2024,70.75,72.4,72.4,69.1, 70.05,69.65,70.36,3690,2.6,105, 2972, 80.54
CONCOR, EQ, 09-Apr-2024,911.35,921.25,933.85,914.55, 924.30,924.4,924.52,1117137,10328.1,40016, 442865, 39.64
CONCORDBIO, EQ, 09-Apr-2024,1525.55,1535.05,1541.4,1512.0, 1528.00,1527.4,1527.64,39240,599.45,8099, 20665, 52.66
CONFIPET, EQ, 09-Apr-2024,95.9,96.35,96.4,92.7, 93.30,93.05,94.19,1692160,1593.89,9570, 897424, 53.03
CONS, EQ, 09-Apr-2024,103.99,103.01,103.97,102.77, 103.30,102.96,102.96,2462,2.53,51, 2273, 92.32
CONSOFINVT, EQ, 09-Apr-2024,247.15,248.5,257.4,242.2, 245.00,245.2,249.34,12130,30.24,1205, 6151, 50.71
CONSUMBEES, EQ, 09-Apr-2024,112.54,112.89,112.99,112.01, 112.60,112.46,112.55,38450,43.27,688, 24696, 64.23
CONSUMIETF, EQ, 09-Apr-2024,104.19,104.69,104.69,104.12, 104.32,104.3,104.34,6682,6.97,132, 3890, 58.22
CONTROLPR, EQ, 09-Apr-2024,980.8,981.75,991.0,938.2, 947.00,940.15,949.93,35085,333.28,6190, 19805, 56.45
COROMANDEL, EQ, 09-Apr-2024,1154.55,1156.9,1168.75,1144.2, 1150.65,1147.9,1156.55,164829,1906.34,14391, 69706, 42.29
COSMOFIRST, EQ, 09-Apr-2024,567.4,573.05,573.05,549.05, 556.00,554.3,557.92,58742,327.73,4133, 35630, 60.66
COUNCODOS, EQ, 09-Apr-2024,5.5,5.5,5.6,5.3, 5.40,5.35,5.46,52995,2.89,203, 37600, 70.95
CPSEETF, EQ, 09-Apr-2024,83.91,84.89,84.89,83.09, 83.80,83.8,83.74,2593515,2171.9,10349, 1748323, 67.41
CRAFTSMAN, EQ, 09-Apr-2024,4470.55,4485.0,4498.0,4343.75, 4393.65,4368.95,4430.29,51179,2267.38,6695, 38923, 76.05
CREATIVE, EQ, 09-Apr-2024,809.7,817.8,821.0,782.15, 789.95,786.8,796.79,14630,116.57,2415, 7341, 50.18
CREDITACC, EQ, 09-Apr-2024,1471.95,1481.0,1481.0,1444.0, 1454.00,1452.25,1461.99,125830,1839.62,13724, 74555, 59.25
CREST, EQ, 09-Apr-2024,411.85,417.55,417.55,407.5, 409.00,408.8,411.68,13280,54.67,520, 6963, 52.43
CRISIL, EQ, 09-Apr-2024,4895.05,4920.0,4938.95,4879.0, 4901.00,4893.95,4916.92,16485,810.55,3124, 10951, 66.43
CROMPTON, EQ, 09-Apr-2024,290.2,293.0,293.0,286.0, 287.75,286.7,289.3,2868821,8299.46,40321, 1563524, 54.50
CSBBANK, EQ, 09-Apr-2024,387.25,387.5,395.5,383.2, 384.95,385.2,389.69,464055,1808.39,11121, 295999, 63.79
CSLFINANCE, EQ, 09-Apr-2024,472.1,471.75,484.0,463.0, 467.50,470.6,471.96,13439,63.43,1556, 6999, 52.08
CUB, EQ, 09-Apr-2024,154.65,154.65,157.3,154.4, 156.00,156.3,156.51,5688622,8902.99,29098, 3381353, 59.44
CUMMINSIND, EQ, 09-Apr-2024,2988.2,2987.95,2994.35,2929.6, 2940.50,2938.35,2959.48,285172,8439.61,23425, 159467, 55.92
CYBERTECH, EQ, 09-Apr-2024,161.45,162.0,164.2,160.05, 160.10,160.5,162.06,73972,119.88,3931, 35147, 47.51
CYIENT, EQ, 09-Apr-2024,2102.65,2120.0,2136.95,2066.0, 2078.00,2079.75,2095.75,192322,4030.59,23819, 102173, 53.13
CYIENTDLM, EQ, 09-Apr-2024,702.55,709.0,709.0,696.8, 701.90,702.0,701.03,90517,634.55,6488, 58061, 64.14
DABUR, EQ, 09-Apr-2024,503.05,506.5,508.5,502.5, 503.20,503.15,505.32,2217268,11204.35,37997, 1555001, 70.13
DALBHARAT, EQ, 09-Apr-2024,2010.9,2010.9,2044.55,1983.85, 1991.80,1990.8,2011.4,228630,4598.65,16648, 95058, 41.58
DALMIASUG, EQ, 09-Apr-2024,377.95,379.9,387.2,374.95, 382.90,382.75,381.2,87100,332.02,7247, 33906, 38.93
DAMODARIND, EQ, 09-Apr-2024,49.0,50.8,54.7,49.0, 53.60,53.05,52.92,225646,119.41,2329, 106746, 47.31
DANGEE, EQ, 09-Apr-2024,9.35,9.45,10.2,8.95, 8.95,9.0,9.17,1692692,155.15,1887, 952875, 56.29
DATAMATICS, EQ, 09-Apr-2024,611.05,615.8,627.55,607.75, 615.50,618.05,618.72,92434,571.91,7025, 40502, 43.82
DATAPATTNS, EQ, 09-Apr-2024,2653.6,2671.9,2719.95,2632.7, 2693.00,2688.3,2679.03,155038,4153.52,20372, 50450, 32.54
DAVANGERE, EQ, 09-Apr-2024,87.95,89.0,89.0,85.55, 86.80,86.5,87.71,208557,182.92,957, 146112, 70.06
DBL, EQ, 09-Apr-2024,469.45,500.0,502.2,465.0, 466.90,468.95,480.66,2340560,11250.05,55911, 533247, 22.78
DBOL, EQ, 09-Apr-2024,133.75,133.55,138.55,128.8, 137.50,135.8,133.34,210420,280.58,3972, 105004, 49.90
DBREALTY, EQ, 09-Apr-2024,221.55,223.35,226.6,213.2, 214.60,214.8,219.75,7509126,16501.66,46998, 3505044, 46.68
DBSTOCKBRO, EQ, 09-Apr-2024,52.5,55.0,56.6,49.4, 50.00,50.2,53.72,88276,47.42,1402, 44893, 50.86
DCAL, EQ, 09-Apr-2024,247.0,248.95,253.85,244.35, 246.70,245.6,248.12,437201,1084.8,10482, 173560, 39.70
DCBBANK, EQ, 09-Apr-2024,126.4,126.6,127.45,123.85, 124.50,124.35,125.49,1242112,1558.74,19457, 787758, 63.42
DCI, EQ, 09-Apr-2024,211.55,232.65,232.7,225.0, 232.70,232.7,232.66,11030,25.66,156, 8520, 77.24
DCM, EQ, 09-Apr-2024,79.4,80.9,80.9,77.7, 78.55,79.2,79.01,24159,19.09,350, 14114, 58.42
DCMNVL, EQ, 09-Apr-2024,219.1,218.0,221.75,215.05, 215.70,215.3,217.61,38652,84.11,1175, 19348, 50.06
DCMSHRIRAM, EQ, 09-Apr-2024,933.8,942.7,961.0,931.0, 961.00,954.5,947.15,64391,609.88,6115, 36976, 57.42
DCMSRIND, EQ, 09-Apr-2024,200.4,200.1,202.7,195.5, 199.40,198.8,199.34,196926,392.55,11885, 79521, 40.38
DCW, EQ, 09-Apr-2024,58.45,58.95,58.95,56.9, 57.30,57.25,57.85,3682859,2130.51,9129, 1355324, 36.80
DCXINDIA, EQ, 09-Apr-2024,315.95,317.85,319.25,309.05, 310.55,310.6,312.68,510678,1596.8,13043, 281425, 55.11
DECCANCE, EQ, 09-Apr-2024,627.25,630.55,638.0,622.65, 625.00,625.55,628.6,7988,50.21,989, 5273, 66.01
DEEPAKFERT, EQ, 09-Apr-2024,555.1,557.8,574.9,540.0, 542.00,541.7,552.89,877078,4849.28,27033, 397119, 45.28
DEEPAKNTR, EQ, 09-Apr-2024,2206.8,2212.95,2234.5,2185.05, 2187.00,2192.0,2213.42,232323,5142.27,21969, 114001, 49.07
DEEPENR, EQ, 09-Apr-2024,188.55,188.55,193.9,185.2, 187.80,187.35,189.26,26597,50.34,1508, 14401, 54.15
DEEPINDS, EQ, 09-Apr-2024,312.2,313.7,317.2,301.05, 306.30,305.7,308.86,208156,642.91,9954, 95128, 45.70
DELHIVERY, EQ, 09-Apr-2024,455.0,456.2,458.0,442.25, 445.35,445.4,450.3,5089037,22916.03,42684, 4454291, 87.53
DELPHIFX, EQ, 09-Apr-2024,243.55,244.8,251.15,240.2, 240.70,243.55,246.41,9951,24.52,560, 6205, 62.36
DELTACORP, EQ, 09-Apr-2024,126.0,126.8,127.5,123.75, 124.75,124.6,125.42,1438731,1804.5,13962, 718439, 49.94
DELTAMAGNT, EQ, 09-Apr-2024,97.5,99.0,108.65,97.2, 105.60,105.65,105.01,104354,109.58,1829, 53321, 51.10
DEN, EQ, 09-Apr-2024,52.55,52.55,52.75,51.05, 51.85,51.8,51.93,954993,495.95,4758, 434138, 45.46
DENORA, EQ, 09-Apr-2024,1669.3,1685.45,1731.0,1663.05, 1670.00,1672.25,1694.9,14681,248.83,2594, 6515, 44.38
DEVIT, EQ, 09-Apr-2024,128.15,129.0,129.3,119.7, 125.20,126.55,125.51,71788,90.1,1267, 33769, 47.04
DEVYANI, EQ, 09-Apr-2024,159.15,160.2,167.9,158.75, 164.95,164.85,164.17,7337195,12045.14,68134, 3634498, 49.54
DGCONTENT, EQ, 09-Apr-2024,21.75,22.0,22.65,21.45, 21.45,21.6,22.1,14433,3.19,112, 12593, 87.25
DHAMPURSUG, EQ, 09-Apr-2024,230.4,231.0,236.9,226.3, 236.75,234.65,232.96,401804,936.03,13162, 166832, 41.52
DHANI, EQ, 09-Apr-2024,42.2,42.25,43.0,41.3, 41.40,41.65,41.79,4101431,1713.88,10008, 1327248, 32.36
DHANUKA, EQ, 09-Apr-2024,1152.75,1160.0,1175.55,1131.0, 1174.65,1170.85,1156.5,41847,483.96,7760, 17597, 42.05
DHARMAJ, EQ, 09-Apr-2024,232.5,233.7,234.95,229.9, 229.90,231.0,232.28,29790,69.19,2103, 12216, 41.01
DHUNINV, EQ, 09-Apr-2024,1246.15,1264.6,1280.0,1211.05, 1278.00,1261.35,1246.24,1980,24.68,301, 1180, 59.60
DIAMINESQ, EQ, 09-Apr-2024,583.9,589.0,589.0,564.45, 566.50,571.15,576.19,28053,161.64,2537, 18683, 66.60
DIAMONDYD, EQ, 09-Apr-2024,948.05,956.95,956.95,913.0, 926.00,922.3,929.24,18960,176.18,2396, 10713, 56.50
DICIND, EQ, 09-Apr-2024,438.4,440.7,447.6,430.5, 438.00,437.45,441.7,410,1.81,75, 254, 61.95
DIGISPICE, EQ, 09-Apr-2024,28.5,29.0,29.4,27.65, 27.95,28.0,28.65,137619,39.43,947, 66922, 48.63
DIL, EQ, 09-Apr-2024,8.5,8.55,8.6,8.4, 8.55,8.5,8.48,739002,62.7,1209, 546262, 73.92
DISHTV, EQ, 09-Apr-2024,18.7,18.75,18.85,18.35, 18.70,18.7,18.6,18945810,3524.04,10393, 4258097, 22.48
DIVGIITTS, EQ, 09-Apr-2024,836.5,848.0,858.9,816.25, 829.00,820.5,839.18,40441,339.37,6258, 14410, 35.63
DIVISLAB, EQ, 09-Apr-2024,3796.0,3806.0,3822.0,3772.05, 3795.65,3804.95,3794.4,275295,10445.79,26653, 139455, 50.66
DIVOPPBEES, EQ, 09-Apr-2024,74.23,76.45,76.45,72.0, 74.50,74.2,74.33,44449,33.04,1007, 21642, 48.69
DIXON, EQ, 09-Apr-2024,7635.3,7800.0,7878.3,7590.0, 7670.00,7692.45,7737.61,675112,52237.51,81729, 137919, 20.43
DJML, EQ, 09-Apr-2024,199.0,199.95,203.95,195.0, 201.05,201.75,200.16,27663,55.37,661, 15450, 55.85
DLF, EQ, 09-Apr-2024,918.25,921.95,930.65,903.95, 910.00,910.65,918.71,2977374,27353.44,86159, 906117, 30.43
DLINKINDIA, EQ, 09-Apr-2024,312.8,316.95,317.95,312.55, 313.55,314.2,315.0,121629,383.14,5407, 69010, 56.74
DMART, EQ, 09-Apr-2024,4672.8,4671.95,4747.8,4622.0, 4715.00,4716.15,4693.56,285672,13408.2,34162, 128812, 45.09
DMCC, EQ, 09-Apr-2024,329.1,330.8,334.45,316.6, 319.00,318.85,324.16,23208,75.23,1861, 11886, 51.22
DODLA, EQ, 09-Apr-2024,860.45,860.45,866.0,846.0, 854.50,855.75,856.09,22994,196.85,4249, 10073, 43.81
DOLATALGO, EQ, 09-Apr-2024,86.6,89.0,97.35,87.2, 90.90,91.55,92.97,7694333,7153.75,41455, 1601376, 20.81
DOLLAR, EQ, 09-Apr-2024,568.85,567.05,570.2,555.0, 562.80,562.2,564.66,127664,720.86,4649, 80940, 63.40
DOMS, EQ, 09-Apr-2024,1664.75,1700.0,1735.95,1662.0, 1719.40,1719.55,1703.56,152026,2589.86,15541, 63000, 41.44
DONEAR, EQ, 09-Apr-2024,104.6,105.2,110.5,103.7, 109.40,109.0,108.59,427359,464.07,5143, 237690, 55.62
DPABHUSHAN, EQ, 09-Apr-2024,935.75,940.0,958.2,935.0, 950.00,949.05,947.74,19660,186.33,2605, 10000, 50.86
DPSCLTD, EQ, 09-Apr-2024,17.85,18.0,18.1,17.4, 17.55,17.55,17.81,475162,84.63,2271, 361861, 76.16
DPWIRES, EQ, 09-Apr-2024,520.55,520.55,523.85,494.0, 500.10,497.2,505.55,89881,454.39,5726, 57286, 63.74
DRCSYSTEMS, EQ, 09-Apr-2024,19.35,19.55,21.25,19.0, 20.25,20.1,19.54,10549112,2061.14,4156, 3229246, 30.61
DREAMFOLKS, EQ, 09-Apr-2024,531.2,537.0,537.0,518.35, 532.00,531.95,527.46,241973,1276.32,16637, 122177, 50.49
DRREDDY, EQ, 09-Apr-2024,6174.55,6202.2,6230.2,6155.0, 6163.00,6167.9,6178.56,128724,7953.29,19632, 56003, 43.51
DSSL, EQ, 09-Apr-2024,984.65,984.95,1065.0,973.35, 987.60,988.75,1018.54,71864,731.96,7021, 22399, 31.17
DTIL, EQ, 09-Apr-2024,208.6,208.7,208.7,202.05, 204.75,203.05,204.98,4098,8.4,230, 2683, 65.47
DVL, EQ, 09-Apr-2024,359.2,364.6,367.5,347.75, 360.75,358.9,361.47,21394,77.33,672, 13092, 61.19
DWARKESH, EQ, 09-Apr-2024,76.4,76.7,78.3,75.05, 77.00,77.4,76.81,1848817,1420.15,12636, 831965, 45.00
DYCL, EQ, 09-Apr-2024,408.2,408.25,420.4,395.5, 401.95,401.0,403.12,29361,118.36,2542, 16431, 55.96
DYNAMATECH, EQ, 09-Apr-2024,8937.7,8930.0,8990.0,8762.25, 8815.00,8816.0,8885.4,22518,2000.82,6617, 9754, 43.32
DYNPRO, EQ, 09-Apr-2024,320.5,323.4,323.4,311.5, 315.70,318.15,317.08,30453,96.56,2438, 17158, 56.34
EASEMYTRIP, EQ, 09-Apr-2024,45.75,45.95,46.25,45.35, 45.90,45.85,45.62,7553129,3445.43,17761, 3303529, 43.74
EBBETF0425, EQ, 09-Apr-2024,1199.96,1199.96,1199.96,1198.56, 1198.56,1198.59,1199.07,3639,43.63,55, 3495, 96.04
EBBETF0430, EQ, 09-Apr-2024,1357.97,1398.7,1398.7,1354.51, 1357.89,1357.3,1357.05,9458,128.35,355, 7704, 81.45
EBBETF0431, EQ, 09-Apr-2024,1211.56,1211.56,1213.74,1210.15, 1213.56,1212.3,1211.4,8748,105.97,149, 6859, 78.41
EBBETF0433, EQ, 09-Apr-2024,1108.03,1110.99,1111.0,1108.04, 1109.97,1109.8,1109.55,1071,11.88,38, 964, 90.01
ECLERX, EQ, 09-Apr-2024,2478.3,2498.0,2498.0,2440.05, 2457.00,2478.05,2472.73,39977,988.52,7456, 26827, 67.11
EDELWEISS, EQ, 09-Apr-2024,71.6,71.95,76.2,71.95, 73.50,73.3,74.47,8078815,6016.5,24509, 2481278, 30.71
EGOLD, EQ, 09-Apr-2024,72.3,72.85,73.25,72.85, 73.25,73.05,73.05,83658,61.11,44, 82760, 98.93
EICHERMOT, EQ, 09-Apr-2024,4205.75,4247.8,4267.9,4137.5, 4251.00,4248.65,4196.8,970657,40736.5,77081, 434808, 44.80
EIDPARRY, EQ, 09-Apr-2024,587.55,591.2,623.9,588.05, 620.00,608.8,602.57,273902,1650.44,13837, 165234, 60.33
EIFFL, EQ, 09-Apr-2024,135.85,136.4,137.9,135.05, 136.00,135.45,137.13,12830,17.59,149, 11724, 91.38
EIHAHOTELS, EQ, 09-Apr-2024,775.55,784.85,839.6,771.0, 786.80,785.6,803.06,159039,1277.18,16171, 48172, 30.29
EIHOTEL, EQ, 09-Apr-2024,484.4,480.05,493.0,472.0, 490.50,490.65,483.05,1046006,5052.77,28548, 798365, 76.33
EKC, EQ, 09-Apr-2024,150.15,150.95,155.35,150.0, 150.25,151.15,151.89,558060,847.65,12090, 212732, 38.12
ELDEHSG, EQ, 09-Apr-2024,842.45,846.85,996.9,835.05, 975.25,979.25,941.25,74020,696.71,6156, 27134, 36.66
ELECON, EQ, 09-Apr-2024,1023.8,1027.95,1032.0,995.0, 1000.00,1001.3,1006.11,152772,1537.05,12735, 104631, 68.49
ELECTCAST, EQ, 09-Apr-2024,187.75,188.7,194.9,186.65, 192.10,192.4,191.75,2695437,5168.57,21382, 1510575, 56.04
ELGIEQUIP, EQ, 09-Apr-2024,632.75,634.0,634.0,616.1, 619.00,618.7,623.09,228331,1422.71,15215, 88270, 38.66
ELGIRUBCO, EQ, 09-Apr-2024,54.6,55.5,55.7,52.7, 54.15,54.95,54.68,93027,50.87,549, 40316, 43.34
ELIN, EQ, 09-Apr-2024,151.0,151.9,152.25,148.25, 149.90,149.0,150.24,91931,138.12,2748, 49537, 53.88
EMAMILTD, EQ, 09-Apr-2024,454.45,455.0,459.0,448.6, 459.00,457.45,454.46,627000,2849.44,17057, 480912, 76.70
EMAMIPAP, EQ, 09-Apr-2024,118.95,120.15,120.5,116.75, 117.80,118.05,118.7,55939,66.4,928, 34749, 62.12
EMAMIREAL, EQ, 09-Apr-2024,106.35,106.45,107.85,103.0, 103.70,103.5,104.75,37347,39.12,479, 27715, 74.21
EMIL, EQ, 09-Apr-2024,200.0,203.8,207.0,202.05, 206.55,206.15,205.28,247666,508.42,6853, 150762, 60.87
EMKAY, EQ, 09-Apr-2024,128.2,128.0,153.8,127.25, 153.80,153.8,146.12,302762,442.38,6494, 138711, 45.82
EMMBI, EQ, 09-Apr-2024,105.05,104.95,105.55,102.0, 102.00,102.45,103.48,23372,24.19,415, 18561, 79.42
EMSLIMITED, EQ, 09-Apr-2024,434.95,436.0,437.8,420.0, 424.20,423.3,430.55,195741,842.77,11325, 108887, 55.63
EMUDHRA, EQ, 09-Apr-2024,750.9,755.0,771.95,713.45, 727.00,723.35,740.19,431281,3192.28,30938, 148011, 34.32
ENDURANCE, EQ, 09-Apr-2024,1905.15,1915.15,1935.0,1892.7, 1899.00,1903.6,1910.98,36677,700.89,4492, 22041, 60.09
ENERGYDEV, EQ, 09-Apr-2024,26.5,25.2,25.2,25.2, 25.20,25.2,25.2,83359,21.01,316, 83359, 100.00
ENGINERSIN, EQ, 09-Apr-2024,225.4,227.0,227.75,220.05, 223.00,222.15,223.55,4824199,10784.57,30989, 1470145, 30.47
ENIL, EQ, 09-Apr-2024,277.05,277.5,278.5,269.3, 273.80,272.5,272.86,74564,203.45,3920, 34620, 46.43
ENTERO, EQ, 09-Apr-2024,994.45,995.95,1028.5,995.85, 1001.00,1005.1,1013.87,60569,614.09,9674, 32054, 52.92
EPACK, EQ, 09-Apr-2024,194.6,195.6,196.45,188.3, 189.25,189.2,192.05,471591,905.68,12800, 217490, 46.12
EPIGRAL, EQ, 09-Apr-2024,1364.3,1365.0,1375.0,1323.05, 1334.75,1331.95,1343.28,85511,1148.65,10342, 39634, 46.35
EPL, EQ, 09-Apr-2024,189.8,189.55,190.8,186.0, 186.50,186.55,187.98,402385,756.4,8038, 214082, 53.20
EQUAL50ADD, EQ, 09-Apr-2024,292.14,300.9,300.9,286.88, 292.03,291.96,291.59,22564,65.8,177, 19939, 88.37
EQUITASBNK, EQ, 09-Apr-2024,100.0,100.55,100.55,98.15, 98.65,98.8,99.24,2241856,2224.86,10493, 1267221, 56.53
ERIS, EQ, 09-Apr-2024,845.8,850.05,853.0,839.0, 845.50,842.1,841.9,58606,493.4,5031, 37560, 64.09
EROSMEDIA, EQ, 09-Apr-2024,21.35,21.5,21.5,21.0, 21.20,21.15,21.24,274555,58.32,1446, 108534, 39.53
ESABINDIA, EQ, 09-Apr-2024,5206.3,5232.0,5232.0,5110.0, 5142.00,5139.9,5176.44,3692,191.11,1187, 1937, 52.46
ESAFSFB, EQ, 09-Apr-2024,62.35,62.35,62.4,59.0, 60.25,60.25,60.92,1093463,666.13,4941, 586106, 53.60
ESCORTS, EQ, 09-Apr-2024,3072.25,3099.0,3099.0,3001.0, 3017.95,3022.1,3034.4,223935,6795.08,24484, 68255, 30.48
ESG, EQ, 09-Apr-2024,37.97,38.01,38.1,37.91, 37.97,37.94,37.99,16939,6.44,201, 11883, 70.15
ESILVER, EQ, 09-Apr-2024,83.15,83.25,84.64,83.25, 84.05,84.05,84.04,77783,65.37,77, 75595, 97.19
ESSARSHPNG, EQ, 09-Apr-2024,28.3,28.4,29.75,27.15, 28.00,27.55,28.78,682969,196.56,2792, 433238, 63.43
ESTER, EQ, 09-Apr-2024,95.85,96.75,97.3,93.8, 95.00,95.15,95.29,74599,71.08,1280, 38403, 51.48
ETHOSLTD, EQ, 09-Apr-2024,2542.55,2540.0,2559.0,2485.0, 2491.00,2501.45,2523.86,12412,313.26,2822, 7185, 57.89
EVEREADY, EQ, 09-Apr-2024,358.5,360.7,364.45,354.1, 355.35,356.65,359.79,282764,1017.35,12377, 83792, 29.63
EVERESTIND, EQ, 09-Apr-2024,1179.1,1190.0,1190.0,1144.0, 1148.00,1150.45,1160.53,5025,58.32,1493, 2521, 50.17
EXCELINDUS, EQ, 09-Apr-2024,822.55,830.75,830.8,813.5, 814.00,822.5,819.78,14971,122.73,2241, 8460, 56.51
EXICOM, EQ, 09-Apr-2024,230.65,231.9,231.9,218.5, 220.30,219.9,223.06,942104,2101.41,22079, 383742, 40.73
EXIDEIND, EQ, 09-Apr-2024,377.15,380.0,397.85,374.55, 383.50,384.1,386.31,58966980,227796.3,441771, 8189922, 13.89
EXPLEOSOL, EQ, 09-Apr-2024,1303.35,1300.0,1325.95,1291.0, 1294.95,1300.25,1309.09,26935,352.6,2361, 15485, 57.49
EXXARO, EQ, 09-Apr-2024,100.8,100.65,101.3,98.0, 99.45,98.8,99.54,65609,65.31,1279, 38823, 59.17
FACT, EQ, 09-Apr-2024,686.7,686.7,711.7,682.4, 687.00,687.6,695.49,377956,2628.64,20968, 77707, 20.56
FAIRCHEMOR, EQ, 09-Apr-2024,1281.75,1288.0,1298.0,1238.05, 1259.05,1257.8,1267.5,13792,174.81,3538, 6263, 45.41
FAZE3Q, EQ, 09-Apr-2024,392.6,394.7,402.9,390.1, 394.90,394.8,394.96,16213,64.03,2754, 6937, 42.79
FCL, EQ, 09-Apr-2024,387.0,389.35,389.7,372.1, 377.90,377.7,380.81,300253,1143.4,14159, 151209, 50.36
FCSSOFT, EQ, 09-Apr-2024,4.3,4.4,4.4,4.25, 4.35,4.3,4.34,4691909,203.46,5363, 2099361, 44.74
FDC, EQ, 09-Apr-2024,450.05,452.9,458.75,450.8, 454.00,454.55,454.14,111635,506.97,7056, 63587, 56.96
FEDERALBNK, EQ, 09-Apr-2024,154.4,155.0,158.65,154.7, 155.60,155.8,157.08,17300199,27175.1,74690, 7469442, 43.18
FEDFINA, EQ, 09-Apr-2024,126.15,125.5,126.9,123.45, 124.50,124.6,125.05,195432,244.4,3786, 107257, 54.88
FIBERWEB, EQ, 09-Apr-2024,36.3,36.25,36.6,35.2, 35.80,35.75,35.94,62612,22.5,1097, 40702, 65.01
FIEMIND, EQ, 09-Apr-2024,1161.1,1170.0,1177.1,1140.0, 1140.00,1145.05,1162.26,53351,620.08,6679, 28186, 52.83
FILATEX, EQ, 09-Apr-2024,62.05,62.6,64.05,61.6, 62.00,62.1,62.66,2572071,1611.73,7857, 646294, 25.13
FINCABLES, EQ, 09-Apr-2024,1004.9,1004.45,1008.65,987.1, 998.00,996.9,996.16,114521,1140.82,14094, 53028, 46.30
FINEORG, EQ, 09-Apr-2024,4369.35,4369.3,4375.0,4276.0, 4315.00,4312.75,4326.01,14749,638.04,5397, 6990, 47.39
FINIETF, EQ, 09-Apr-2024,23.94,24.05,24.16,23.79, 23.91,23.88,23.82,1555663,370.55,739, 1371263, 88.15
FINOPB, EQ, 09-Apr-2024,299.65,302.65,302.65,292.65, 295.50,297.4,297.23,67212,199.78,4028, 31513, 46.89
FINPIPE, EQ, 09-Apr-2024,255.25,256.0,257.0,251.65, 252.00,253.1,254.31,513125,1304.95,15737, 189710, 36.97
FIVESTAR, EQ, 09-Apr-2024,760.5,767.35,769.95,735.05, 748.00,740.4,751.96,6053672,45521.24,20990, 5751742, 95.01
FLAIR, EQ, 09-Apr-2024,301.5,303.0,303.0,291.15, 295.00,295.5,295.77,113869,336.78,5034, 53291, 46.80
FLUOROCHEM, EQ, 09-Apr-2024,3265.9,3270.0,3282.9,3234.05, 3245.00,3250.95,3255.05,31406,1022.28,6772, 19476, 62.01
FMCGIETF, EQ, 09-Apr-2024,561.3,559.14,562.94,557.01, 559.70,558.51,559.01,24506,136.99,1098, 15201, 62.03
FMGOETZE, EQ, 09-Apr-2024,353.05,358.2,359.0,352.0, 356.05,357.85,355.13,39726,141.08,2757, 26008, 65.47
FOCUS, EQ, 09-Apr-2024,169.05,169.05,170.75,163.1, 168.00,165.95,167.12,126812,211.92,4943, 55545, 43.80
FOODSIN, EQ, 09-Apr-2024,147.1,147.0,148.3,139.95, 143.25,142.65,143.41,136056,195.11,3122, 69599, 51.15
FORCEMOT, EQ, 09-Apr-2024,8586.35,8659.0,8870.0,8418.55, 8641.00,8610.05,8666.71,100523,8712.03,23307, 37319, 37.12
FORTIS, EQ, 09-Apr-2024,434.25,435.6,443.7,431.5, 436.90,436.85,436.76,1337640,5842.25,31539, 867408, 64.85
FOSECOIND, EQ, 09-Apr-2024,3308.6,3341.7,3341.7,3263.0, 3263.00,3284.4,3310.48,1821,60.28,540, 935, 51.35
FSL, EQ, 09-Apr-2024,198.95,200.75,208.2,199.0, 204.50,204.55,205.24,2858421,5866.69,30983, 911811, 31.90
FUSION, EQ, 09-Apr-2024,499.8,499.8,500.0,488.25, 494.50,494.5,494.7,139132,688.29,9366, 72130, 51.84
GABRIEL, EQ, 09-Apr-2024,368.05,371.1,372.95,362.2, 367.70,367.4,367.23,281940,1035.37,9600, 108519, 38.49
GAEL, EQ, 09-Apr-2024,174.85,175.0,175.4,167.85, 170.40,170.4,171.31,662920,1135.66,13019, 299035, 45.11
GAIL, EQ, 09-Apr-2024,200.75,203.0,206.9,200.45, 203.90,203.85,204.26,37997348,77614.45,143957, 13236836, 34.84
GALAXYSURF, EQ, 09-Apr-2024,2549.5,2549.0,2564.0,2515.0, 2552.00,2547.95,2543.65,12960,329.66,2853, 6901, 53.25
GANDHAR, EQ, 09-Apr-2024,223.65,223.7,225.4,218.75, 220.40,219.85,221.69,340874,755.7,10695, 195938, 57.48
GANDHITUBE, EQ, 09-Apr-2024,760.9,770.0,770.0,758.05, 762.00,764.25,764.14,2546,19.46,302, 1597, 62.73
GANECOS, EQ, 09-Apr-2024,1001.35,1001.35,1022.95,977.85, 995.00,988.9,995.13,32361,322.03,6975, 16783, 51.86
GANESHBE, EQ, 09-Apr-2024,174.5,176.95,178.65,173.5, 176.00,175.6,176.01,202398,356.25,7580, 91120, 45.02
GANESHHOUC, EQ, 09-Apr-2024,763.35,774.95,795.0,755.7, 761.20,764.35,775.21,82200,637.23,3798, 41409, 50.38
GANGESSECU, EQ, 09-Apr-2024,129.9,130.6,132.05,128.3, 129.60,130.05,129.98,11821,15.37,431, 6539, 55.32
GARFIBRES, EQ, 09-Apr-2024,3316.5,3303.45,3391.95,3303.45, 3390.00,3373.3,3364.62,7905,265.97,3511, 3891, 49.22
GATEWAY, EQ, 09-Apr-2024,113.15,113.65,115.0,109.4, 110.40,110.2,111.67,1134462,1266.81,14537, 585512, 51.61
GEECEE, EQ, 09-Apr-2024,290.1,290.25,299.7,290.25, 292.95,293.85,294.56,14519,42.77,860, 5810, 40.02
GEEKAYWIRE, EQ, 09-Apr-2024,112.95,113.0,114.8,110.95, 112.60,111.6,112.09,105886,118.69,1323, 73848, 69.74
GENCON, EQ, 09-Apr-2024,46.1,46.2,47.25,44.5, 44.65,44.9,45.65,44932,20.51,504, 22602, 50.30
GENESYS, EQ, 09-Apr-2024,712.95,712.95,722.0,675.0, 682.00,680.45,690.9,197162,1362.2,5871, 122371, 62.07
GENSOL, EQ, 09-Apr-2024,993.3,1005.0,1011.75,971.0, 993.80,988.7,988.25,131783,1302.34,6472, 86708, 65.80
GENUSPAPER, EQ, 09-Apr-2024,20.35,20.4,20.55,19.9, 20.15,20.15,20.21,471294,95.25,1801, 153503, 32.57
GENUSPOWER, EQ, 09-Apr-2024,262.65,263.0,264.6,252.8, 256.05,256.0,257.81,284333,733.03,6197, 177181, 62.31
GEOJITFSL, EQ, 09-Apr-2024,83.25,84.45,86.0,81.7, 84.30,84.6,83.98,1929690,1620.6,13814, 672594, 34.86
GEPIL, EQ, 09-Apr-2024,340.6,341.0,342.65,323.15, 329.00,329.4,332.03,335451,1113.8,8318, 171005, 50.98
GESHIP, EQ, 09-Apr-2024,986.65,991.1,997.85,983.0, 987.90,988.35,988.88,241960,2392.7,15557, 111756, 46.19
GFLLIMITED, EQ, 09-Apr-2024,77.6,78.1,78.1,75.0, 75.40,75.6,76.37,81813,62.48,1911, 44421, 54.30
GHCL, EQ, 09-Apr-2024,487.45,488.25,496.85,488.0, 490.50,491.0,492.08,138221,680.16,12610, 51368, 37.16
GHCLTEXTIL, EQ, 09-Apr-2024,82.7,83.5,83.5,80.15, 80.65,81.35,81.7,217622,177.79,2804, 143180, 65.79
GICHSGFIN, EQ, 09-Apr-2024,221.05,222.25,222.25,216.7, 217.80,217.85,219.11,187669,411.21,6157, 91464, 48.74
GICRE, EQ, 09-Apr-2024,336.6,339.95,342.85,332.7, 334.40,334.5,337.35,914212,3084.12,20585, 309030, 33.80
GILLETTE, EQ, 09-Apr-2024,6591.7,6620.0,6638.4,6546.7, 6593.10,6598.4,6593.51,5818,383.61,1935, 3147, 54.09
GILT5YBEES, EQ, 09-Apr-2024,55.09,55.11,55.38,55.07, 55.12,55.12,55.13,232183,128.0,449, 183238, 78.92
GINNIFILA, EQ, 09-Apr-2024,35.35,35.75,36.2,34.75, 34.95,34.9,35.34,72289,25.55,487, 51975, 71.90
GIPCL, EQ, 09-Apr-2024,186.35,187.7,188.9,186.05, 186.90,187.35,187.47,226640,424.88,6428, 123749, 54.60
GKWLIMITED, EQ, 09-Apr-2024,1729.25,1730.1,1902.15,1730.1, 1902.15,1902.15,1854.29,5919,109.76,691, 4514, 76.26
GLAND, EQ, 09-Apr-2024,1859.6,1769.7,1809.7,1735.05, 1807.00,1800.35,1752.13,14329144,251065.41,128365, 8491786, 59.26
GLAXO, EQ, 09-Apr-2024,1929.8,1945.0,1945.0,1903.1, 1904.10,1909.5,1914.31,119852,2294.34,13292, 89646, 74.80
GLENMARK, EQ, 09-Apr-2024,1039.1,1058.0,1059.95,1035.4, 1047.00,1047.0,1047.82,951210,9966.97,32966, 445553, 46.84
GLOBAL, EQ, 09-Apr-2024,252.45,255.95,256.25,246.0, 252.00,249.8,251.27,48595,122.11,3464, 25114, 51.68
GLOBUSSPR, EQ, 09-Apr-2024,807.0,810.0,813.4,788.0, 795.00,795.7,796.51,80173,638.58,8382, 36320, 45.30
GLS, EQ, 09-Apr-2024,810.5,815.0,817.7,801.0, 806.20,813.3,813.17,49839,405.28,3109, 32153, 64.51
GMBREW, EQ, 09-Apr-2024,757.4,762.0,762.25,744.85, 745.00,752.1,752.06,71727,539.43,4846, 41396, 57.71
GMDCLTD, EQ, 09-Apr-2024,385.55,387.45,400.9,380.45, 399.25,394.3,391.07,2901340,11346.32,34782, 972933, 33.53
GMMPFAUDLR, EQ, 09-Apr-2024,1344.95,1350.0,1359.7,1333.05, 1343.85,1341.7,1344.45,72656,976.82,10441, 33571, 46.21
GMRINFRA, EQ, 09-Apr-2024,85.7,85.95,86.5,84.45, 84.70,84.8,85.47,10438396,8922.11,24383, 3839186, 36.78
GMRP&UI, EQ, 09-Apr-2024,56.35,59.15,59.15,55.75, 57.60,57.45,58.25,16996667,9901.14,24544, 9272606, 54.56
GNA, EQ, 09-Apr-2024,419.8,423.4,423.4,410.0, 412.10,413.85,415.81,41564,172.83,3508, 25609, 61.61
GNFC, EQ, 09-Apr-2024,702.7,702.7,708.95,692.0, 695.00,693.8,700.05,477250,3341.0,20410, 174837, 36.63
GOACARBON, EQ, 09-Apr-2024,949.85,951.75,969.2,940.0, 948.10,947.7,954.99,67903,648.47,4609, 28210, 41.54
GOCLCORP, EQ, 09-Apr-2024,458.05,462.0,479.9,461.0, 468.20,466.5,468.97,100311,470.43,3166, 45900, 45.76
GOCOLORS, EQ, 09-Apr-2024,1200.8,1200.8,1207.8,1175.0, 1199.95,1198.3,1192.01,272936,3253.43,7843, 245817, 90.06
GODFRYPHLP, EQ, 09-Apr-2024,3272.75,3292.95,3306.0,3113.7, 3133.00,3126.05,3181.19,71289,2267.84,11624, 26666, 37.41
GODREJAGRO, EQ, 09-Apr-2024,544.45,544.05,545.8,539.8, 541.45,540.95,542.18,61562,333.78,4373, 35395, 57.49
GODREJCP, EQ, 09-Apr-2024,1246.2,1246.2,1249.2,1220.2, 1239.75,1237.65,1233.91,576031,7107.7,31853, 262073, 45.50
GODREJIND, EQ, 09-Apr-2024,857.3,867.45,895.8,851.55, 871.05,871.45,868.16,332768,2888.97,22099, 113743, 34.18
GODREJPROP, EQ, 09-Apr-2024,2588.6,2663.95,2791.8,2644.45, 2705.70,2704.5,2734.34,3853571,105369.92,180131, 659592, 17.12
GOKEX, EQ, 09-Apr-2024,786.85,789.85,790.0,773.3, 786.95,787.6,785.09,107897,847.09,11909, 58055, 53.81
GOKULAGRO, EQ, 09-Apr-2024,117.8,118.4,118.8,115.6, 117.85,117.4,117.36,57378,67.34,2006, 28489, 49.65
GOLDBEES, EQ, 09-Apr-2024,60.21,60.63,60.65,59.93, 60.65,60.55,60.46,7057775,4267.2,32593, 4333432, 61.40
GOLDCASE, EQ, 09-Apr-2024,11.4,11.63,11.63,11.4, 11.53,11.52,11.47,583009,66.9,1688, 441819, 75.78
GOLDETF, EQ, 09-Apr-2024,70.35,70.36,71.39,70.36, 71.01,71.13,70.86,75083,53.2,889, 62374, 83.07
GOLDETFADD, EQ, 09-Apr-2024,70.47,70.79,70.99,70.15, 70.99,70.98,70.71,9530,6.74,96, 5046, 52.95
GOLDIAM, EQ, 09-Apr-2024,186.65,189.0,190.4,180.8, 182.95,182.45,184.38,349887,645.11,4447, 175259, 50.09
GOLDIETF, EQ, 09-Apr-2024,61.96,62.37,62.42,61.96, 62.42,62.25,62.22,1808803,1125.36,4814, 1239033, 68.50
GOLDSHARE, EQ, 09-Apr-2024,60.4,60.6,61.05,60.4, 60.95,60.85,60.75,2073008,1259.36,1244, 1988838, 95.94
GOLDTECH, EQ, 09-Apr-2024,148.7,148.65,151.8,137.55, 140.00,139.85,144.55,22151,32.02,843, 8999, 40.63
GOODLUCK, EQ, 09-Apr-2024,951.35,962.85,966.5,935.0, 944.95,943.6,946.9,47297,447.86,4495, 25875, 54.71
GOPAL, EQ, 09-Apr-2024,339.85,337.1,339.75,326.0, 326.35,327.35,331.78,211302,701.05,9274, 132290, 62.61
GPIL, EQ, 09-Apr-2024,748.55,756.45,765.55,749.7, 763.00,757.4,756.89,348215,2635.61,16107, 230233, 66.12
GPPL, EQ, 09-Apr-2024,214.25,215.25,220.6,214.05, 216.60,215.95,216.9,3930429,8525.24,31416, 1543075, 39.26
GPTHEALTH, EQ, 09-Apr-2024,177.55,181.0,194.5,172.15, 173.70,174.25,182.23,1485982,2707.89,32415, 397480, 26.75
GPTINFRA, EQ, 09-Apr-2024,181.05,184.95,184.95,174.5, 179.50,176.3,180.3,101365,182.76,10200, 31539, 31.11
GRANULES, EQ, 09-Apr-2024,439.1,440.5,441.3,423.0, 425.80,425.25,429.09,905294,3884.5,22839, 291060, 32.15
GRAPHITE, EQ, 09-Apr-2024,660.65,663.0,677.8,658.45, 664.05,665.45,669.31,2968711,19869.83,53070, 669651, 22.56
GRASIM, EQ, 09-Apr-2024,2280.8,2296.95,2312.35,2281.95, 2300.00,2301.3,2301.12,388155,8931.9,32088, 148751, 38.32
GRAVITA, EQ, 09-Apr-2024,1090.85,1083.95,1089.95,1017.0, 1028.70,1027.6,1041.39,224044,2333.18,14045, 134064, 59.84
GREAVESCOT, EQ, 09-Apr-2024,138.15,138.35,140.25,134.9, 136.50,136.1,137.2,1452834,1993.25,9742, 780474, 53.72
GREENLAM, EQ, 09-Apr-2024,588.2,587.8,587.8,561.05, 571.05,567.2,575.17,41993,241.53,3918, 16910, 40.27
GREENPANEL, EQ, 09-Apr-2024,328.95,332.8,333.95,319.9, 324.90,323.6,325.32,157085,511.03,10701, 98662, 62.81
GREENPLY, EQ, 09-Apr-2024,264.5,265.9,268.4,261.25, 266.00,264.05,264.63,185023,489.62,11342, 76914, 41.57
GRINDWELL, EQ, 09-Apr-2024,2069.1,2070.0,2086.95,2052.0, 2074.90,2072.15,2066.33,218020,4505.01,5874, 191800, 87.97
GRINFRA, EQ, 09-Apr-2024,1340.1,1353.5,1359.2,1323.95, 1345.00,1341.1,1339.25,59096,791.44,5003, 31844, 53.89
GRMOVER, EQ, 09-Apr-2024,143.6,144.35,146.35,138.3, 139.95,139.95,142.09,66328,94.25,2092, 31851, 48.02
GROBTEA, EQ, 09-Apr-2024,930.4,929.8,950.0,926.7, 930.20,930.25,936.65,210,1.97,61, 156, 74.29
GRPLTD, EQ, 09-Apr-2024,6702.95,6790.0,6790.0,6666.2, 6755.75,6729.85,6745.96,94,6.34,50, 66, 70.21
GRSE, EQ, 09-Apr-2024,914.7,919.0,920.25,888.5, 895.55,897.25,903.19,731085,6603.09,23464, 211682, 28.95
GRWRHITECH, EQ, 09-Apr-2024,1777.55,1795.2,1815.55,1751.1, 1751.10,1760.95,1781.88,18736,333.85,3638, 12796, 68.30
GSEC10YEAR, EQ, 09-Apr-2024,25.78,25.78,25.78,25.61, 25.78,25.77,25.76,2165,0.56,35, 1865, 86.14
GSEC5IETF, EQ, 09-Apr-2024,55.67,55.7,55.7,55.24, 55.70,55.69,55.6,494,0.27,27, 387, 78.34
GSFC, EQ, 09-Apr-2024,237.3,237.3,241.5,232.05, 235.20,234.8,236.82,3374799,7992.21,32363, 1211846, 35.91
GSLSU, EQ, 09-Apr-2024,245.05,246.05,247.45,232.25, 241.90,238.7,238.35,86402,205.94,1785, 45859, 53.08
GSPL, EQ, 09-Apr-2024,378.3,382.0,388.0,374.7, 385.00,384.4,382.03,1173645,4483.67,29014, 485516, 41.37
GTLINFRA, EQ, 09-Apr-2024,1.85,1.85,1.9,1.75, 1.75,1.8,1.82,53177244,965.96,18450, 25352235, 47.67
GTPL, EQ, 09-Apr-2024,181.6,184.9,188.0,177.1, 181.00,179.9,182.79,107914,197.25,5264, 49754, 46.11
GUFICBIO, EQ, 09-Apr-2024,309.25,308.6,312.55,305.5, 311.10,310.9,309.37,60728,187.88,3203, 38465, 63.34
GUJALKALI, EQ, 09-Apr-2024,780.3,781.95,781.95,762.0, 767.20,766.5,767.19,65491,502.44,5285, 26209, 40.02
GUJGASLTD, EQ, 09-Apr-2024,565.4,568.2,570.0,555.0, 557.90,557.35,562.62,1125528,6332.44,27417, 354664, 31.51
GULFOILLUB, EQ, 09-Apr-2024,1060.25,1056.9,1103.0,1056.9, 1099.80,1095.6,1086.54,235050,2553.91,21395, 80560, 34.27
GULFPETRO, EQ, 09-Apr-2024,67.0,66.95,71.5,66.85, 70.70,70.5,70.13,540562,379.1,3949, 224613, 41.55
GULPOLY, EQ, 09-Apr-2024,205.75,207.4,209.5,201.4, 206.90,208.0,205.76,370727,762.82,10533, 135013, 36.42
GVKPIL, EQ, 09-Apr-2024,11.05,11.25,11.55,11.05, 11.35,11.25,11.29,3763380,424.83,6151, 1967863, 52.29
GVPTECH, EQ, 09-Apr-2024,12.35,12.9,12.95,12.5, 12.90,12.9,12.88,183208,23.6,710, 164880, 90.00
HAL, EQ, 09-Apr-2024,3567.15,3568.0,3589.0,3527.0, 3548.00,3546.55,3557.01,649755,23111.83,47631, 179941, 27.69
HAPPSTMNDS, EQ, 09-Apr-2024,816.65,817.0,839.0,815.0, 821.90,821.6,822.86,241748,1989.25,17897, 98317, 40.67
HAPPYFORGE, EQ, 09-Apr-2024,909.9,910.05,916.85,884.0, 889.00,890.05,895.83,40287,360.9,4101, 26788, 66.49
HARDWYN, EQ, 09-Apr-2024,33.6,33.95,34.65,33.5, 34.05,33.7,33.93,341747,115.94,1880, 198758, 58.16
HARIOMPIPE, EQ, 09-Apr-2024,557.55,560.55,570.0,543.05, 549.00,549.25,553.9,126144,698.71,10142, 54181, 42.95
HARRMALAYA, EQ, 09-Apr-2024,171.35,172.25,173.8,169.05, 171.50,171.05,170.71,28385,48.46,802, 18714, 65.93
HARSHA, EQ, 09-Apr-2024,405.7,405.7,411.35,402.4, 407.95,406.6,406.96,31911,129.86,3622, 18024, 56.48
HATHWAY, EQ, 09-Apr-2024,21.9,21.9,21.95,21.35, 21.65,21.5,21.58,5310857,1145.95,6918, 1808073, 34.04
HATSUN, EQ, 09-Apr-2024,997.15,1002.15,1005.0,985.95, 992.85,993.85,988.88,47976,474.42,5083, 32533, 67.81
HAVELLS, EQ, 09-Apr-2024,1530.15,1534.0,1537.2,1506.9, 1514.00,1512.7,1521.8,1062855,16174.55,28526, 679476, 63.93
HBLPOWER, EQ, 09-Apr-2024,502.25,505.1,507.9,488.35, 494.00,492.85,498.33,850355,4237.54,25519, 381275, 44.84
HBSL, EQ, 09-Apr-2024,96.2,99.25,99.25,92.0, 96.00,95.45,94.52,20792,19.65,404, 14874, 71.54
HCC, EQ, 09-Apr-2024,38.6,38.85,38.9,37.2, 37.90,37.85,37.89,9292394,3521.19,18788, 4917136, 52.92
HCG, EQ, 09-Apr-2024,373.25,370.0,378.9,370.0, 375.00,374.7,374.88,234504,879.1,7836, 130227, 55.53
HCL-INSYS, EQ, 09-Apr-2024,19.75,19.9,19.9,18.9, 19.70,19.55,19.36,567567,109.87,2505, 360097, 63.45
HCLTECH, EQ, 09-Apr-2024,1540.05,1540.0,1561.8,1534.55, 1543.00,1540.5,1544.53,2432095,37564.44,87544, 1651201, 67.89
HDFCAMC, EQ, 09-Apr-2024,3660.35,3670.15,3725.95,3651.0, 3708.75,3703.9,3694.92,365878,13518.91,37022, 197898, 54.09
HDFCBANK, EQ, 09-Apr-2024,1546.6,1554.85,1554.85,1540.3, 1544.40,1548.55,1547.47,10942247,169327.84,286447, 6814594, 62.28
HDFCBSE500, EQ, 09-Apr-2024,33.28,33.39,33.39,33.04, 33.29,33.26,33.26,17898,5.95,305, 7844, 43.83
HDFCGOLD, EQ, 09-Apr-2024,62.03,62.53,63.1,61.92, 62.90,62.75,62.55,651402,407.47,2481, 524541, 80.52
HDFCGROWTH, EQ, 09-Apr-2024,111.6,111.8,112.14,111.12, 111.32,111.37,111.56,2949,3.29,85, 1860, 63.07
HDFCLIFE, EQ, 09-Apr-2024,634.6,639.0,639.15,632.65, 633.90,633.95,635.95,2873703,18275.33,77593, 1690149, 58.81
HDFCLIQUID, EQ, 09-Apr-2024,1000.01,1000.01,1000.01,999.99, 999.99,999.99,1000.0,879,8.79,9, 526, 59.84
HDFCLOWVOL, EQ, 09-Apr-2024,18.35,18.35,18.4,18.2, 18.25,18.24,18.28,89144,16.29,200, 68235, 76.54
HDFCMID150, EQ, 09-Apr-2024,18.6,18.71,18.84,18.5, 18.58,18.55,18.61,152046,28.29,1240, 111939, 73.62
HDFCMOMENT, EQ, 09-Apr-2024,31.72,31.73,31.94,31.38, 31.70,31.53,31.62,130143,41.15,1139, 89246, 68.58
HDFCNEXT50, EQ, 09-Apr-2024,63.43,63.99,63.99,63.11, 63.38,63.4,63.56,32809,20.85,260, 23949, 73.00
HDFCNIF100, EQ, 09-Apr-2024,23.73,23.75,23.79,23.5, 23.50,23.66,23.71,42420,10.06,220, 37289, 87.90
HDFCNIFBAN, EQ, 09-Apr-2024,49.08,49.09,49.54,49.09, 49.37,49.25,49.29,19086,9.41,168, 15939, 83.51
HDFCNIFIT, EQ, 09-Apr-2024,35.75,36.04,36.27,35.7, 35.80,35.78,35.91,21488,7.72,196, 17658, 82.18
HDFCNIFTY, EQ, 09-Apr-2024,248.6,250.39,250.39,247.98, 248.30,248.28,248.6,72526,180.3,536, 49564, 68.34
HDFCPSUBK, EQ, 09-Apr-2024,72.39,72.39,73.0,71.4, 73.00,71.86,72.08,6485,4.67,108, 3685, 56.82
HDFCPVTBAN, EQ, 09-Apr-2024,24.4,24.06,24.6,24.06, 24.48,24.49,24.52,98037,24.04,271, 89078, 90.86
HDFCQUAL, EQ, 09-Apr-2024,52.63,52.63,52.63,52.11, 52.32,52.31,52.34,4690,2.45,118, 3341, 71.24
HDFCSENSEX, EQ, 09-Apr-2024,82.58,83.37,83.37,81.95, 82.58,82.55,82.59,37918,31.32,491, 29160, 76.90
HDFCSILVER, EQ, 09-Apr-2024,80.38,80.97,80.99,79.92, 80.96,80.93,80.44,313096,251.86,1640, 196540, 62.77
HDFCSML250, EQ, 09-Apr-2024,153.14,153.99,154.4,152.0, 153.14,153.09,153.41,259938,398.77,3948, 186155, 71.62
HDFCVALUE, EQ, 09-Apr-2024,126.04,126.53,126.9,125.8, 126.30,126.18,126.46,4084,5.16,110, 2293, 56.15
HEADSUP, EQ, 09-Apr-2024,15.35,15.95,15.95,15.15, 15.35,15.35,15.41,46793,7.21,416, 24669, 52.72
HEALTHADD, EQ, 09-Apr-2024,121.48,121.48,122.48,119.53, 121.62,120.91,121.08,1702,2.06,21, 895, 52.59
HEALTHIETF, EQ, 09-Apr-2024,123.4,123.5,124.07,123.4, 124.07,123.95,123.76,11411,14.12,260, 4549, 39.87
HEALTHY, EQ, 09-Apr-2024,12.41,12.41,12.48,12.36, 12.39,12.41,12.41,138873,17.23,982, 93349, 67.22
HECPROJECT, EQ, 09-Apr-2024,89.65,98.6,98.6,98.6, 98.60,98.6,98.6,128381,126.58,740, 121324, 94.50
HEG, EQ, 09-Apr-2024,2125.85,2129.85,2200.0,2103.1, 2175.00,2176.25,2164.76,894235,19358.02,49176, 286352, 32.02
HEIDELBERG, EQ, 09-Apr-2024,207.95,208.0,209.55,206.2, 207.00,207.15,208.22,100474,209.21,3131, 57141, 56.87
HEMIPROP, EQ, 09-Apr-2024,210.4,211.85,222.4,210.75, 216.00,215.65,217.95,2351730,5125.63,33840, 845136, 35.94
HERANBA, EQ, 09-Apr-2024,325.15,328.4,330.0,323.85, 327.25,327.4,326.67,40560,132.5,3369, 18305, 45.13
HERCULES, EQ, 09-Apr-2024,535.6,538.9,548.0,533.0, 540.80,538.1,538.08,44251,238.11,3657, 18682, 42.22
HERITGFOOD, EQ, 09-Apr-2024,310.6,313.75,316.8,310.5, 312.00,311.6,312.72,371246,1160.94,10894, 198765, 53.54
HEROMOTOCO, EQ, 09-Apr-2024,4595.1,4615.0,4673.25,4505.0, 4522.00,4521.7,4566.01,945922,43190.87,88056, 393092, 41.56
HESTERBIO, EQ, 09-Apr-2024,1629.85,1638.0,1650.0,1621.0, 1621.10,1625.5,1637.89,2677,43.85,640, 1378, 51.48
HEUBACHIND, EQ, 09-Apr-2024,474.3,472.5,485.2,461.65, 467.80,468.0,474.38,33860,160.62,3020, 11666, 34.45
HEXATRADEX, EQ, 09-Apr-2024,150.4,150.55,152.8,149.05, 150.20,151.1,151.0,2524,3.81,372, 588, 23.30
HFCL, EQ, 09-Apr-2024,97.0,97.4,98.0,95.6, 97.25,97.05,96.84,10072580,9754.47,28842, 3132934, 31.10
HGINFRA, EQ, 09-Apr-2024,1069.7,1084.0,1109.0,1073.05, 1098.00,1093.45,1088.34,201041,2188.01,19484, 74318, 36.97
HGS, EQ, 09-Apr-2024,869.75,869.75,883.5,863.55, 883.45,871.75,875.16,32606,285.35,3877, 12443, 38.16
HIKAL, EQ, 09-Apr-2024,299.6,303.7,303.7,296.0, 296.70,296.95,299.4,143555,429.81,6317, 71118, 49.54
HIL, EQ, 09-Apr-2024,2909.0,2881.0,2930.0,2825.0, 2900.00,2853.35,2867.16,4702,134.81,1318, 2552, 54.27
HILTON, EQ, 09-Apr-2024,125.6,125.95,128.55,122.2, 127.00,127.1,126.64,162186,205.39,1314, 45405, 28.00
HIMATSEIDE, EQ, 09-Apr-2024,144.1,144.9,145.15,138.8, 141.50,140.85,141.82,207243,293.91,4903, 109013, 52.60
HINDALCO, EQ, 09-Apr-2024,576.8,578.1,595.45,574.0, 588.60,588.6,588.77,7829711,46099.21,110479, 2853479, 36.44
HINDCOMPOS, EQ, 09-Apr-2024,436.2,439.3,441.85,428.05, 428.60,429.7,433.23,12171,52.73,1795, 6423, 52.77
HINDCOPPER, EQ, 09-Apr-2024,331.35,334.1,366.4,331.45, 357.00,358.35,355.69,60120542,213845.27,315725, 8818710, 14.67
HINDMOTORS, EQ, 09-Apr-2024,20.5,20.8,21.1,20.0, 20.35,20.25,20.48,2297022,470.54,6253, 991658, 43.17
HINDOILEXP, EQ, 09-Apr-2024,184.65,185.75,186.95,179.5, 182.50,182.0,182.99,621890,1138.0,9090, 299081, 48.09
HINDPETRO, EQ, 09-Apr-2024,462.9,463.95,464.9,456.4, 458.60,458.85,459.64,3649778,16775.95,48115, 1776866, 48.68
HINDUNILVR, EQ, 09-Apr-2024,2268.95,2271.0,2274.6,2255.75, 2266.15,2264.15,2265.44,1189343,26943.87,60721, 915070, 76.94
HINDWAREAP, EQ, 09-Apr-2024,406.25,408.65,409.8,394.05, 396.15,399.2,399.25,82312,328.63,7408, 42464, 51.59
HINDZINC, EQ, 09-Apr-2024,344.4,346.1,408.0,344.05, 400.15,398.4,381.77,21023442,80261.89,249784, 3640994, 17.32
HIRECT, EQ, 09-Apr-2024,656.15,664.8,673.95,636.6, 638.00,643.1,656.86,13688,89.91,852, 4801, 35.07
HISARMETAL, EQ, 09-Apr-2024,192.85,193.05,196.35,187.05, 190.80,188.5,193.44,11734,22.7,506, 6370, 54.29
HITECH, EQ, 09-Apr-2024,137.9,138.6,140.5,136.4, 138.10,138.15,138.53,566636,784.97,9816, 233630, 41.23
HITECHCORP, EQ, 09-Apr-2024,212.25,212.55,223.85,211.3, 223.80,220.3,216.54,9108,19.72,535, 6337, 69.58
HITECHGEAR, EQ, 09-Apr-2024,886.2,886.2,905.55,842.35, 857.00,860.0,867.71,79823,692.63,4528, 37605, 47.11
HLEGLAS, EQ, 09-Apr-2024,458.85,458.85,468.4,448.0, 449.95,449.35,456.87,126776,579.21,13269, 43662, 34.44
HLVLTD, EQ, 09-Apr-2024,30.65,30.85,30.9,29.2, 29.65,29.55,29.86,1275083,380.76,5422, 818515, 64.19
HMAAGRO, EQ, 09-Apr-2024,65.35,66.0,69.9,66.0, 69.70,69.35,68.33,1644383,1123.64,9967, 832357, 50.62
HMVL, EQ, 09-Apr-2024,106.8,107.45,108.65,105.2, 105.50,105.95,106.67,52525,56.03,1504, 29498, 56.16
HNDFDS, EQ, 09-Apr-2024,523.2,523.2,529.4,511.6, 517.00,514.9,518.58,39074,202.63,5560, 18265, 46.74
HNGSNGBEES, EQ, 09-Apr-2024,255.94,255.95,259.64,255.03, 259.00,259.09,258.54,126537,327.14,1875, 103010, 81.41
HOMEFIRST, EQ, 09-Apr-2024,951.05,951.05,961.95,931.55, 939.00,936.45,945.95,54681,517.25,7199, 28430, 51.99
HONASA, EQ, 09-Apr-2024,397.15,400.7,402.35,390.05, 399.50,399.7,396.46,106835,423.56,7652, 48335, 45.24
HONAUT, EQ, 09-Apr-2024,42857.15,42755.05,43198.95,42480.05, 43034.20,43044.8,42885.89,5015,2150.73,2554, 1733, 34.56
HONDAPOWER, EQ, 09-Apr-2024,2514.4,2514.4,2525.6,2461.05, 2478.00,2476.25,2489.92,10961,272.92,3130, 5114, 46.66
HOVS, EQ, 09-Apr-2024,74.4,73.05,78.1,70.75, 74.20,75.15,74.46,87791,65.37,1052, 47005, 53.54
HPAL, EQ, 09-Apr-2024,106.05,107.1,107.15,102.5, 103.10,103.2,104.39,166679,174.0,2352, 98901, 59.34
HPL, EQ, 09-Apr-2024,332.25,335.0,344.0,325.3, 330.25,329.5,333.48,181413,604.98,5358, 69411, 38.26
HTMEDIA, EQ, 09-Apr-2024,27.7,27.9,27.9,26.9, 27.25,27.05,27.29,348550,95.12,1672, 210544, 60.41
HUDCO, EQ, 09-Apr-2024,209.1,210.5,218.45,207.15, 211.45,211.7,213.7,26137483,55856.79,117644, 7262381, 27.79
HUHTAMAKI, EQ, 09-Apr-2024,326.9,328.6,333.15,324.25, 329.15,327.3,328.94,71479,235.12,5982, 33781, 47.26
IBREALEST, EQ, 09-Apr-2024,138.55,139.4,145.4,138.4, 142.90,142.45,142.34,31511630,44854.61,97039, 9806417, 31.12
IBULHSGFIN, EQ, 09-Apr-2024,180.1,180.6,180.85,175.9, 176.20,176.35,177.89,5496358,9777.37,32583, 2209651, 40.20
ICEMAKE, EQ, 09-Apr-2024,522.75,522.75,545.0,517.0, 544.90,541.5,531.04,58966,313.13,5834, 31579, 53.55
ICICIB22, EQ, 09-Apr-2024,104.54,105.85,105.85,103.98, 104.29,104.32,104.59,336900,352.38,4267, 160620, 47.68
ICICIBANK, EQ, 09-Apr-2024,1087.15,1091.95,1115.25,1088.3, 1107.70,1107.05,1106.16,12298463,136041.16,250588, 6986882, 56.81
ICICIGI, EQ, 09-Apr-2024,1710.7,1725.0,1728.0,1678.05, 1696.90,1702.3,1694.12,626217,10608.9,43806, 257062, 41.05
ICICIPRULI, EQ, 09-Apr-2024,628.7,629.4,633.45,620.65, 623.10,625.25,626.09,1432457,8968.53,54340, 633015, 44.19
ICIL, EQ, 09-Apr-2024,381.1,383.8,388.0,372.05, 386.90,382.2,381.6,558790,2132.34,19896, 251078, 44.93
ICRA, EQ, 09-Apr-2024,5499.15,5498.65,5508.9,5415.0, 5422.00,5435.75,5471.12,1312,71.78,354, 917, 69.89
IDBI, EQ, 09-Apr-2024,89.4,90.0,91.0,88.15, 88.25,88.4,89.4,12993467,11615.73,29476, 4421824, 34.03
IDEA, EQ, 09-Apr-2024,13.15,13.2,13.35,12.85, 12.90,12.9,13.06,364108806,47541.15,137426, 101362747, 27.84
IDEAFORGE, EQ, 09-Apr-2024,702.25,707.95,708.9,698.0, 700.00,698.9,700.61,229571,1608.4,16075, 116411, 50.71
IDFC, EQ, 09-Apr-2024,121.45,121.6,121.85,119.85, 120.90,120.7,120.89,4225726,5108.29,29720, 1333395, 31.55
IDFCFIRSTB, EQ, 09-Apr-2024,82.5,83.0,83.1,81.5, 82.25,82.15,82.41,30056336,24769.04,82222, 10813627, 35.98
IDFNIFTYET, EQ, 09-Apr-2024,243.76,245.27,245.27,242.89, 245.20,244.71,244.54,315,0.77,20, 177, 56.19
IEL, EQ, 09-Apr-2024,11.9,12.35,12.35,11.9, 12.15,12.05,12.14,136467,16.56,810, 86004, 63.02
IEX, EQ, 09-Apr-2024,145.5,146.7,149.4,146.05, 147.90,147.95,147.87,11157683,16499.23,81357, 3637800, 32.60
IFBAGRO, EQ, 09-Apr-2024,457.35,453.3,458.6,441.3, 442.10,446.3,450.53,2243,10.11,239, 1113, 49.62
IFBIND, EQ, 09-Apr-2024,1486.65,1491.0,1548.1,1481.2, 1509.30,1511.85,1523.32,83279,1268.61,11036, 27729, 33.30
IFCI, EQ, 09-Apr-2024,47.65,48.0,48.0,45.85, 46.40,46.45,46.8,8360424,3912.74,23213, 3638414, 43.52
IFGLEXPOR, EQ, 09-Apr-2024,665.65,677.0,721.6,671.0, 689.00,685.5,687.69,54284,373.3,5386, 25227, 46.47
IGARASHI, EQ, 09-Apr-2024,458.8,459.0,467.0,442.25, 453.00,450.3,456.4,41704,190.34,3790, 19130, 45.87
IGL, EQ, 09-Apr-2024,475.35,476.45,479.0,469.15, 475.95,475.8,475.0,1600481,7602.23,37234, 649083, 40.56
IGPL, EQ, 09-Apr-2024,507.3,507.3,513.0,502.6, 507.40,506.1,505.43,42340,214.0,2303, 28366, 67.00
IIFL, EQ, 09-Apr-2024,424.85,426.6,449.4,426.55, 442.30,443.8,439.98,9201496,40484.44,182827, 1393744, 15.15
IIFLSEC, EQ, 09-Apr-2024,143.75,144.6,151.0,143.25, 149.00,148.8,148.01,1389695,2056.95,12483, 733146, 52.76
IITL, EQ, 09-Apr-2024,203.8,209.1,212.75,199.25, 200.00,199.9,202.51,7520,15.23,245, 6683, 88.87
IKIO, EQ, 09-Apr-2024,307.7,309.65,309.65,302.0, 303.60,302.9,304.87,143366,437.09,6774, 77280, 53.90
IMAGICAA, EQ, 09-Apr-2024,87.15,87.4,88.25,84.35, 86.30,85.65,85.99,1511885,1300.02,7146, 692345, 45.79
IMFA, EQ, 09-Apr-2024,730.25,730.45,768.0,723.0, 757.95,758.05,755.11,833557,6294.27,32381, 269052, 32.28
IMPAL, EQ, 09-Apr-2024,1074.95,1090.95,1100.95,1048.0, 1060.00,1054.35,1083.85,4001,43.36,512, 3004, 75.08
INDBANK, EQ, 09-Apr-2024,49.0,48.6,50.7,47.3, 49.00,48.2,49.1,191246,93.91,1348, 78158, 40.87
INDHOTEL, EQ, 09-Apr-2024,605.1,608.0,608.0,594.5, 597.65,597.1,599.14,1371873,8219.43,34989, 691919, 50.44
INDIACEM, EQ, 09-Apr-2024,230.7,231.95,231.95,224.25, 226.20,225.95,227.76,2280507,5194.03,23484, 498235, 21.85
INDIAGLYCO, EQ, 09-Apr-2024,859.3,858.1,866.0,841.1, 847.70,847.55,855.13,49956,427.19,5120, 22638, 45.32
INDIAMART, EQ, 09-Apr-2024,2557.65,2565.0,2576.0,2546.65, 2562.00,2562.3,2562.59,85913,2201.6,12075, 44520, 51.82
INDIANB, EQ, 09-Apr-2024,537.4,537.5,539.65,520.2, 528.25,527.15,528.69,1310686,6929.48,39675, 621696, 47.43
INDIANCARD, EQ, 09-Apr-2024,264.45,265.65,270.95,258.3, 260.00,260.2,265.0,3189,8.45,269, 2102, 65.91
INDIANHUME, EQ, 09-Apr-2024,288.45,289.85,293.4,281.0, 286.00,285.65,287.31,65578,188.41,2783, 31608, 48.20
INDIASHLTR, EQ, 09-Apr-2024,610.2,616.0,617.95,593.1, 595.30,597.9,604.11,31737,191.73,2598, 19582, 61.70
INDIGO, EQ, 09-Apr-2024,3599.8,3614.0,3651.0,3572.75, 3633.00,3634.0,3615.99,667654,24142.28,54952, 316028, 47.33
INDIGOPNTS, EQ, 09-Apr-2024,1365.2,1379.8,1381.65,1320.75, 1343.95,1329.0,1336.68,86552,1156.92,16130, 53943, 62.32
INDNIPPON, EQ, 09-Apr-2024,717.0,717.25,746.5,717.05, 724.05,732.2,733.79,29995,220.1,4309, 14379, 47.94
INDOAMIN, EQ, 09-Apr-2024,137.55,138.35,145.0,137.0, 139.55,140.45,141.38,172754,244.24,2187, 67924, 39.32
INDOBORAX, EQ, 09-Apr-2024,177.0,177.25,182.0,173.75, 176.00,175.4,177.65,52009,92.39,3027, 22519, 43.30
INDOCO, EQ, 09-Apr-2024,348.85,350.5,350.65,344.8, 347.00,348.3,347.28,29738,103.27,2237, 8791, 29.56
INDORAMA, EQ, 09-Apr-2024,45.15,45.2,47.4,43.0, 45.90,45.75,45.95,843081,387.38,4764, 294429, 34.92
INDOSTAR, EQ, 09-Apr-2024,242.75,240.05,251.0,238.6, 245.00,244.65,245.61,175680,431.49,1823, 98955, 56.33
INDOTECH, EQ, 09-Apr-2024,1299.15,1320.0,1400.0,1305.0, 1338.00,1329.05,1352.03,65343,883.46,5082, 29842, 45.67
INDRAMEDCO, EQ, 09-Apr-2024,245.4,248.4,253.4,233.0, 241.15,239.75,243.56,802947,1955.69,23735, 326583, 40.67
INDSWFTLAB, EQ, 09-Apr-2024,132.45,132.6,133.95,128.2, 131.50,131.4,131.25,1669216,2190.79,7294, 1113032, 66.68
INDSWFTLTD, EQ, 09-Apr-2024,28.4,30.2,31.2,28.0, 30.00,29.8,30.22,3143143,949.9,10905, 944535, 30.05
INDTERRAIN, EQ, 09-Apr-2024,75.85,76.45,77.0,75.0, 75.55,76.0,76.02,133695,101.63,1232, 58443, 43.71
INDUSINDBK, EQ, 09-Apr-2024,1568.35,1574.9,1574.9,1541.0, 1551.70,1554.95,1562.93,1176425,18386.73,51844, 507508, 43.14
INDUSTOWER, EQ, 09-Apr-2024,327.8,328.5,331.0,324.2, 327.45,328.0,327.9,13705541,44940.04,107147, 7203801, 52.56
INFIBEAM, EQ, 09-Apr-2024,36.8,36.95,37.3,36.1, 36.35,36.4,36.62,26887537,9845.6,28471, 4731718, 17.60
INFOBEAN, EQ, 09-Apr-2024,393.25,391.05,402.0,391.0, 393.00,395.25,395.96,12166,48.17,1105, 6394, 52.56
INFRABEES, EQ, 09-Apr-2024,874.63,871.0,880.98,871.0, 877.12,874.8,876.63,9116,79.91,583, 5526, 60.62
INFRAIETF, EQ, 09-Apr-2024,86.23,86.23,87.11,86.01, 86.37,86.19,86.5,83314,72.06,867, 39145, 46.98
INFY, EQ, 09-Apr-2024,1476.7,1490.0,1513.8,1487.3, 1497.25,1494.85,1501.1,9423230,141451.83,221885, 5671574, 60.19
INGERRAND, EQ, 09-Apr-2024,3732.85,3732.05,3750.0,3636.0, 3664.70,3656.25,3680.47,13344,491.12,3225, 7242, 54.27
INNOVACAP, EQ, 09-Apr-2024,467.4,469.5,471.0,463.0, 463.05,464.15,466.54,16608,77.48,1683, 10620, 63.95
INOXINDIA, EQ, 09-Apr-2024,1382.85,1387.65,1407.0,1347.1, 1359.00,1354.6,1373.37,501930,6893.38,28427, 196461, 39.14
INOXWIND, EQ, 09-Apr-2024,553.25,557.85,573.0,548.65, 557.95,559.05,564.18,1250185,7053.25,26667, 715855, 57.26
INSECTICID, EQ, 09-Apr-2024,539.95,545.35,546.75,520.2, 526.00,523.15,529.56,55811,295.55,2965, 39525, 70.82
INTELLECT, EQ, 09-Apr-2024,1046.3,1049.05,1062.85,1025.0, 1030.00,1030.0,1039.07,386685,4017.94,21811, 153670, 39.74
INTLCONV, EQ, 09-Apr-2024,88.8,89.4,89.9,87.6, 88.95,89.35,88.92,211576,188.13,2098, 119337, 56.40
IOB, EQ, 09-Apr-2024,65.15,65.25,66.15,64.3, 65.25,65.35,65.21,10719668,6990.69,25571, 2456459, 22.92
IOC, EQ, 09-Apr-2024,170.3,170.5,170.85,168.0, 168.55,168.9,169.32,10074537,17058.19,62589, 4113987, 40.84
IOLCP, EQ, 09-Apr-2024,392.5,394.0,396.0,385.0, 390.00,389.8,390.81,155963,609.53,9240, 73120, 46.88
IONEXCHANG, EQ, 09-Apr-2024,541.9,547.8,551.45,528.7, 531.25,531.4,537.19,155217,833.81,15399, 74323, 47.88
IPCALAB, EQ, 09-Apr-2024,1294.5,1306.5,1336.9,1286.5, 1320.25,1322.15,1314.11,1078562,14173.5,36184, 648857, 60.16
IPL, EQ, 09-Apr-2024,241.8,243.5,246.8,236.0, 240.00,240.1,241.27,493931,1191.73,7630, 277310, 56.14
IRB, EQ, 09-Apr-2024,70.0,70.75,72.0,69.1, 70.40,70.4,70.11,41770958,29285.75,110696, 13599187, 32.56
IRCON, EQ, 09-Apr-2024,232.55,233.8,234.85,228.15, 230.15,230.05,231.31,5618786,12997.0,44787, 1742957, 31.02
IRCTC, EQ, 09-Apr-2024,1014.8,1019.65,1030.9,1006.1, 1010.80,1010.45,1017.67,2439829,24829.47,75578, 857271, 35.14
IREDA, EQ, 09-Apr-2024,174.3,175.2,175.2,166.7, 168.90,169.25,169.67,34261082,58130.06,210165, 12437593, 36.30
IRFC, EQ, 09-Apr-2024,147.5,148.55,149.35,145.6, 147.35,147.2,147.39,38718449,57066.31,152267, 8268096, 21.35
IRIS, EQ, 09-Apr-2024,128.45,129.0,134.4,125.2, 129.60,127.85,130.76,47122,61.62,1200, 24544, 52.09
IRISDOREME, EQ, 09-Apr-2024,80.15,80.7,80.8,79.5, 80.50,80.25,80.08,82022,65.68,434, 23366, 28.49
IRMENERGY, EQ, 09-Apr-2024,495.45,495.5,500.0,478.05, 482.70,481.25,486.87,65030,316.61,4428, 38926, 59.86
ISEC, EQ, 09-Apr-2024,718.75,725.95,734.55,720.4, 729.00,728.7,729.31,907068,6615.37,13899, 697928, 76.94
ISFT, EQ, 09-Apr-2024,125.5,127.8,127.8,120.7, 120.90,121.3,123.19,66499,81.92,1100, 37879, 56.96
ISGEC, EQ, 09-Apr-2024,935.95,936.5,989.9,936.5, 944.90,942.3,958.35,77666,744.31,9708, 32556, 41.92
ISMTLTD, EQ, 09-Apr-2024,97.5,98.4,101.65,97.5, 98.50,98.2,99.51,773203,769.44,5409, 388510, 50.25
IT, EQ, 09-Apr-2024,37.06,37.32,37.49,36.9, 37.25,37.06,37.15,130685,48.56,804, 92254, 70.59
ITBEES, EQ, 09-Apr-2024,37.21,37.63,37.68,37.13, 37.29,37.18,37.37,9860107,3684.65,22348, 7071196, 71.72
ITC, EQ, 09-Apr-2024,429.1,430.45,431.5,425.55, 426.60,426.35,428.43,6708894,28742.88,90615, 3960066, 59.03
ITDC, EQ, 09-Apr-2024,694.0,696.95,697.2,668.85, 672.50,670.9,681.41,75439,514.05,3783, 38637, 51.22
ITDCEM, EQ, 09-Apr-2024,325.85,327.6,331.25,322.2, 326.45,325.75,327.59,307608,1007.71,8275, 174406, 56.70
ITETF, EQ, 09-Apr-2024,35.48,35.97,35.97,35.3, 35.70,35.49,35.55,61763,21.96,443, 50123, 81.15
ITETFADD, EQ, 09-Apr-2024,35.4,35.56,35.97,35.31, 35.53,35.41,35.48,120856,42.88,704, 101873, 84.29
ITI, EQ, 09-Apr-2024,270.3,271.1,274.0,263.55, 267.50,266.55,268.87,649979,1747.6,14404, 188437, 28.99
ITIETF, EQ, 09-Apr-2024,37.14,37.47,37.65,37.06, 37.19,37.14,37.23,1394595,519.21,1368, 1112859, 79.80
IVC, EQ, 09-Apr-2024,10.1,10.1,10.35,9.95, 10.15,10.2,10.19,373505,38.05,1405, 211810, 56.71
IVZINGOLD, EQ, 09-Apr-2024,6309.75,6309.8,6350.1,6309.8, 6350.10,6350.1,6331.05,63,3.99,22, 35, 55.56
IVZINNIFTY, EQ, 09-Apr-2024,2519.35,2529.05,2534.0,2529.05, 2534.00,2534.0,2529.88,6,0.15,2, 6, 100.00
IZMO, EQ, 09-Apr-2024,325.7,332.9,339.9,326.1, 326.90,328.55,332.65,126199,419.81,2540, 74683, 59.18
J&KBANK, EQ, 09-Apr-2024,136.4,136.65,139.25,136.35, 137.60,137.95,137.83,2355997,3247.2,17247, 1169882, 49.66
JAGRAN, EQ, 09-Apr-2024,107.95,108.2,111.0,107.5, 107.55,108.6,109.15,179358,195.77,2660, 91712, 51.13
JAGSNPHARM, EQ, 09-Apr-2024,304.45,306.45,307.95,295.0, 298.95,297.75,302.41,7861,23.77,847, 4881, 62.09
JAICORPLTD, EQ, 09-Apr-2024,305.4,306.0,311.8,294.95, 298.35,297.4,304.4,641921,1954.02,8361, 187984, 29.28
JAMNAAUTO, EQ, 09-Apr-2024,134.25,134.95,137.9,133.5, 134.05,134.0,135.53,3893364,5276.69,29564, 1396764, 35.88
JASH, EQ, 09-Apr-2024,1752.05,1743.05,1777.05,1730.0, 1733.50,1739.35,1750.93,10581,185.27,1533, 6374, 60.24
JAYAGROGN, EQ, 09-Apr-2024,235.4,234.45,235.15,231.0, 231.10,232.8,232.72,21449,49.92,674, 15456, 72.06
JAYBARMARU, EQ, 09-Apr-2024,123.25,124.45,124.9,121.9, 122.90,122.45,123.37,56185,69.32,1774, 32701, 58.20
JAYNECOIND, EQ, 09-Apr-2024,52.7,53.0,53.95,51.85, 52.25,52.15,52.64,195883,103.12,1146, 128149, 65.42
JAYSREETEA, EQ, 09-Apr-2024,102.75,103.4,104.85,101.1, 103.75,103.55,103.44,99120,102.53,942, 52529, 53.00
JBCHEPHARM, EQ, 09-Apr-2024,1709.35,1718.0,1740.0,1705.45, 1730.45,1729.6,1722.97,439986,7580.81,12852, 387766, 88.13
JBMA, EQ, 09-Apr-2024,1750.1,1759.6,1795.0,1759.6, 1775.00,1770.2,1780.41,123830,2204.69,12220, 57320, 46.29
JCHAC, EQ, 09-Apr-2024,1172.2,1172.2,1220.0,1172.2, 1195.00,1195.4,1198.44,64728,775.73,8424, 34232, 52.89
JETFREIGHT, EQ, 09-Apr-2024,14.8,14.75,16.9,14.65, 15.30,15.4,15.67,1230736,192.88,3474, 460678, 37.43
JGCHEM, EQ, 09-Apr-2024,221.65,224.0,234.6,220.1, 233.55,229.8,226.85,468996,1063.93,6438, 239684, 51.11
JINDALPHOT, EQ, 09-Apr-2024,632.35,639.0,639.0,607.6, 607.60,616.05,619.76,10344,64.11,1663, 6041, 58.40
JINDALPOLY, EQ, 09-Apr-2024,549.35,550.0,552.0,530.7, 544.50,543.45,541.96,53339,289.08,4825, 13425, 25.17
JINDALSAW, EQ, 09-Apr-2024,495.4,496.95,504.5,481.05, 490.00,490.2,493.3,502620,2479.44,18585, 261204, 51.97
JINDALSTEL, EQ, 09-Apr-2024,911.55,912.1,927.0,899.0, 900.15,902.55,914.74,2510871,22967.89,61560, 792692, 31.57
JINDRILL, EQ, 09-Apr-2024,705.1,708.8,710.4,684.7, 701.00,701.35,703.51,26800,188.54,3663, 15454, 57.66
JINDWORLD, EQ, 09-Apr-2024,348.05,350.6,357.15,342.2, 342.60,345.95,350.62,77178,270.6,7144, 27412, 35.52
JIOFIN, EQ, 09-Apr-2024,369.25,371.0,374.7,365.4, 368.00,367.7,370.4,23367026,86551.44,170973, 8737901, 37.39
JISLDVREQS, EQ, 09-Apr-2024,34.25,34.4,35.65,33.4, 33.60,33.65,34.65,74562,25.84,684, 39722, 53.27
JISLJALEQS, EQ, 09-Apr-2024,59.25,59.25,59.7,57.6, 58.30,58.1,58.77,2904807,1707.13,8276, 1207837, 41.58
JKCEMENT, EQ, 09-Apr-2024,4390.75,4390.75,4410.0,4301.75, 4326.00,4321.65,4350.08,133340,5800.4,16196, 89771, 67.32
JKIL, EQ, 09-Apr-2024,613.8,615.0,643.9,606.6, 636.70,639.55,626.82,292859,1835.69,25101, 112637, 38.46
JKLAKSHMI, EQ, 09-Apr-2024,820.55,821.05,834.85,805.35, 806.00,808.05,814.16,238050,1938.11,20342, 128483, 53.97
JKPAPER, EQ, 09-Apr-2024,364.25,367.25,367.95,357.4, 358.00,358.85,362.34,790075,2862.77,18743, 404309, 51.17
JKTYRE, EQ, 09-Apr-2024,421.75,424.3,425.95,413.55, 418.00,417.25,420.89,407368,1714.58,18939, 227045, 55.73
JLHL, EQ, 09-Apr-2024,1231.9,1233.0,1265.85,1225.05, 1258.60,1254.75,1248.1,27728,346.07,5737, 11472, 41.37
JMFINANCIL, EQ, 09-Apr-2024,82.45,83.35,83.55,81.0, 81.65,81.6,82.21,2362081,1941.96,10293, 839045, 35.52
JOCIL, EQ, 09-Apr-2024,189.65,189.95,193.95,186.0, 187.00,187.2,188.43,8257,15.56,319, 4354, 52.73
JPASSOCIAT, EQ, 09-Apr-2024,21.7,21.95,21.95,20.25, 20.80,20.8,20.9,28610287,5979.53,15850, 14127678, 49.38
JPOLYINVST, EQ, 09-Apr-2024,672.15,675.7,682.8,670.0, 672.00,672.4,674.62,2776,18.73,684, 1578, 56.84
JSFB, EQ, 09-Apr-2024,475.0,479.0,479.0,462.0, 464.95,467.2,468.34,209922,983.15,17062, 132697, 63.21
JSL, EQ, 09-Apr-2024,703.2,706.95,709.25,695.5, 697.00,698.95,703.97,929889,6546.18,32464, 453453, 48.76
JSWENERGY, EQ, 09-Apr-2024,627.5,630.0,630.65,596.35, 615.70,613.1,606.66,8876328,53849.49,164470, 2997987, 33.78
JSWHL, EQ, 09-Apr-2024,7120.65,7150.0,7186.7,6990.1, 6990.10,7021.85,7063.32,4954,349.92,1554, 2620, 52.89
JSWINFRA, EQ, 09-Apr-2024,246.85,249.25,249.4,238.05, 242.00,241.7,243.04,4659864,11325.56,41761, 2581307, 55.39
JSWSTEEL, EQ, 09-Apr-2024,876.45,881.8,891.45,870.55, 873.00,874.6,880.87,2512308,22130.05,62236, 774427, 30.83
JTEKTINDIA, EQ, 09-Apr-2024,174.65,175.5,178.65,174.4, 176.30,176.55,176.58,335416,592.26,10703, 162674, 48.50
JTLIND, EQ, 09-Apr-2024,216.55,218.5,223.55,216.4, 222.50,221.5,219.87,5660491,12445.58,29013, 1395308, 24.65
JUBLFOOD, EQ, 09-Apr-2024,452.7,453.45,455.0,447.0, 447.50,448.0,449.84,2416283,10869.51,39097, 1588809, 65.75
JUBLINDS, EQ, 09-Apr-2024,1244.8,1223.15,1264.55,1183.0, 1195.00,1196.85,1205.17,18907,227.86,1616, 10233, 54.12
JUBLINGREA, EQ, 09-Apr-2024,487.75,487.0,498.5,484.0, 493.00,491.55,491.75,215231,1058.4,14662, 93055, 43.23
JUBLPHARMA, EQ, 09-Apr-2024,653.15,654.9,666.25,644.0, 654.00,650.45,656.2,657577,4315.01,37413, 242996, 36.95
JUNIORBEES, EQ, 09-Apr-2024,670.34,675.0,675.0,665.0, 669.09,668.49,669.28,138491,926.89,8190, 74934, 54.11
JUNIPER, EQ, 09-Apr-2024,506.6,506.6,514.2,497.2, 502.00,502.2,503.56,207765,1046.23,6640, 130118, 62.63
JUSTDIAL, EQ, 09-Apr-2024,915.25,912.0,924.9,890.6, 901.50,897.85,905.06,154971,1402.58,13463, 71390, 46.07
JWL, EQ, 09-Apr-2024,388.4,390.45,392.0,376.0, 380.00,379.55,382.87,747637,2862.47,24463, 405128, 54.19
JYOTHYLAB, EQ, 09-Apr-2024,444.65,447.0,450.0,439.45, 445.20,442.8,444.52,257915,1146.48,20607, 125080, 48.50
JYOTICNC, EQ, 09-Apr-2024,763.45,769.95,780.0,740.0, 744.45,744.65,751.68,315475,2371.37,13858, 176913, 56.08
KABRAEXTRU, EQ, 09-Apr-2024,344.4,345.0,353.3,329.95, 331.10,333.4,340.01,78962,268.48,6443, 42440, 53.75
KAJARIACER, EQ, 09-Apr-2024,1253.35,1250.0,1269.95,1241.7, 1263.10,1256.55,1247.28,300272,3745.24,9148, 253655, 84.48
KAKATCEM, EQ, 09-Apr-2024,220.15,221.9,224.05,219.15, 219.95,219.85,221.06,6958,15.38,297, 4591, 65.98
KALAMANDIR, EQ, 09-Apr-2024,201.65,203.15,204.5,197.85, 203.00,202.55,200.92,352798,708.83,13891, 152189, 43.14
KALYANIFRG, EQ, 09-Apr-2024,450.4,459.6,465.95,431.6, 443.90,445.45,446.12,2144,9.56,261, 932, 43.47
KALYANKJIL, EQ, 09-Apr-2024,433.45,435.65,436.0,421.2, 424.50,425.7,429.42,853868,3666.65,29744, 525791, 61.58
KAMATHOTEL, EQ, 09-Apr-2024,307.55,311.0,315.1,306.05, 309.00,309.1,311.02,41105,127.84,1369, 27461, 66.81
KAMDHENU, EQ, 09-Apr-2024,559.6,568.0,569.0,540.1, 555.80,552.2,560.87,137135,769.15,1713, 69754, 50.87
KAMOPAINTS, EQ, 09-Apr-2024,190.25,190.0,195.0,186.9, 188.25,188.8,190.65,1478788,2819.38,29951, 204921, 13.86
KANORICHEM, EQ, 09-Apr-2024,118.7,118.0,125.95,117.9, 122.85,123.25,122.92,112766,138.62,1713, 55353, 49.09
KANPRPLA, EQ, 09-Apr-2024,106.75,106.1,109.8,106.1, 109.60,109.25,108.59,22799,24.76,568, 15318, 67.19
KANSAINER, EQ, 09-Apr-2024,282.25,283.65,284.1,279.85, 280.50,280.7,281.91,216852,611.32,8188, 149109, 68.76
KAPSTON, EQ, 09-Apr-2024,256.4,257.7,270.0,257.7, 268.90,264.0,265.17,7406,19.64,866, 4411, 59.56
KARURVYSYA, EQ, 09-Apr-2024,193.65,193.65,194.4,189.0, 191.50,190.65,191.12,1250010,2388.97,16837, 581058, 46.48
KAUSHALYA, EQ, 09-Apr-2024,773.2,840.0,850.5,800.0, 850.50,850.5,845.14,1788,15.11,282, 1290, 72.15
KAVVERITEL, EQ, 09-Apr-2024,14.1,14.4,14.8,13.55, 13.90,14.4,14.32,92834,13.3,480, 49719, 53.56
KAYA, EQ, 09-Apr-2024,334.8,335.65,339.15,331.95, 335.25,335.55,334.58,10663,35.68,429, 7747, 72.65
KAYNES, EQ, 09-Apr-2024,2518.45,2550.0,2609.0,2496.05, 2540.00,2526.7,2520.48,191408,4824.4,37194, 124725, 65.16
KBCGLOBAL, EQ, 09-Apr-2024,2.0,2.0,2.05,1.9, 1.95,1.95,1.97,12961018,255.59,2426, 7389063, 57.01
KCP, EQ, 09-Apr-2024,181.45,182.2,188.9,179.75, 183.65,183.7,183.96,439344,808.2,12300, 218286, 49.68
KCPSUGIND, EQ, 09-Apr-2024,37.4,37.6,39.05,36.5, 38.80,38.45,38.03,414916,157.81,2651, 179080, 43.16
KDDL, EQ, 09-Apr-2024,2566.7,2575.0,2638.25,2525.7, 2637.35,2626.9,2587.11,14368,371.72,3930, 7929, 55.19
KEC, EQ, 09-Apr-2024,753.95,756.8,761.5,743.2, 756.00,757.35,753.05,412590,3107.03,21265, 103034, 24.97
KECL, EQ, 09-Apr-2024,117.95,118.85,120.0,112.0, 116.50,115.15,116.28,220228,256.08,3678, 128389, 58.30
KEEPLEARN, EQ, 09-Apr-2024,4.65,4.65,4.75,4.65, 4.70,4.7,4.72,31601,1.49,49, 24295, 76.88
KEI, EQ, 09-Apr-2024,3764.0,3807.95,3807.95,3662.0, 3709.00,3700.4,3705.78,252824,9369.1,36656, 141120, 55.82
KELLTONTEC, EQ, 09-Apr-2024,104.3,104.8,105.15,101.5, 103.05,102.45,103.1,555665,572.89,7368, 246441, 44.35
KERNEX, EQ, 09-Apr-2024,583.75,585.0,596.9,584.9, 594.00,590.45,592.08,3043,18.02,312, 1855, 60.96
KESORAMIND, EQ, 09-Apr-2024,176.45,178.0,178.05,173.5, 175.35,174.45,175.71,476658,837.55,4529, 237516, 49.83
KEYFINSERV, EQ, 09-Apr-2024,206.15,209.0,220.0,201.0, 217.85,216.0,209.85,34795,73.02,1492, 17251, 49.58
KFINTECH, EQ, 09-Apr-2024,644.75,645.8,646.95,632.2, 634.50,637.0,638.53,292290,1866.35,19733, 172203, 58.92
KHADIM, EQ, 09-Apr-2024,341.45,341.45,344.3,330.0, 337.90,336.65,336.17,17990,60.48,1761, 10205, 56.73
KHAICHEM, EQ, 09-Apr-2024,72.2,72.25,72.95,70.3, 70.45,70.75,71.75,96099,68.95,1266, 55657, 57.92
KHAITANLTD, EQ, 09-Apr-2024,68.4,69.9,70.0,67.25, 69.80,69.1,68.86,5547,3.82,154, 4176, 75.28
KHANDSE, EQ, 09-Apr-2024,30.8,30.95,31.3,30.15, 31.25,31.25,30.78,6937,2.13,53, 4664, 67.23
KICL, EQ, 09-Apr-2024,4029.4,4069.65,4090.45,3930.0, 3940.00,3976.2,3994.47,3548,141.72,1199, 1383, 38.98
KILITCH, EQ, 09-Apr-2024,374.7,387.0,387.0,366.1, 369.25,370.15,371.79,5223,19.42,334, 3461, 66.26
KIMS, EQ, 09-Apr-2024,2013.25,2031.3,2031.3,1994.0, 2015.00,2003.1,2009.08,82011,1647.67,13472, 53088, 64.73
KINGFA, EQ, 09-Apr-2024,1862.2,1871.55,1892.0,1841.55, 1860.00,1854.65,1865.25,3389,63.21,812, 1863, 54.97
KIOCL, EQ, 09-Apr-2024,452.2,450.0,472.0,444.25, 447.00,448.55,458.38,493634,2262.73,24159, 93250, 18.89
KIRIINDUS, EQ, 09-Apr-2024,359.0,361.0,364.9,344.95, 351.50,351.55,351.21,144969,509.15,10091, 77264, 53.30
KIRLOSBROS, EQ, 09-Apr-2024,1153.85,1160.25,1207.7,1155.0, 1170.00,1170.85,1181.53,120608,1425.02,15112, 44219, 36.66
KIRLOSENG, EQ, 09-Apr-2024,899.75,900.0,907.0,863.3, 883.90,889.25,892.79,328413,2932.05,18070, 151161, 46.03
KIRLOSIND, EQ, 09-Apr-2024,4297.0,4297.0,4425.0,4276.6, 4419.00,4413.05,4378.35,3585,156.96,756, 1577, 43.99
KIRLPNU, EQ, 09-Apr-2024,696.7,700.25,719.15,698.0, 715.00,717.0,713.5,48369,345.11,6828, 24271, 50.18
KITEX, EQ, 09-Apr-2024,206.45,206.45,208.55,201.55, 204.45,203.45,204.12,124426,253.97,4361, 73663, 59.20
KKCL, EQ, 09-Apr-2024,735.35,743.35,743.35,729.6, 732.00,733.55,732.23,12750,93.36,971, 8409, 65.95
KMSUGAR, EQ, 09-Apr-2024,31.25,31.35,32.9,30.75, 32.50,32.25,31.89,479268,152.86,2474, 234096, 48.84
KNRCON, EQ, 09-Apr-2024,265.2,266.9,269.4,264.0, 266.40,266.3,266.94,733333,1957.56,17226, 332481, 45.34
KOHINOOR, EQ, 09-Apr-2024,44.1,44.35,45.15,43.55, 43.95,43.85,44.32,131451,58.26,1100, 66834, 50.84
KOKUYOCMLN, EQ, 09-Apr-2024,131.75,133.0,133.95,123.9, 127.80,125.95,127.27,143928,183.18,2802, 80473, 55.91
KOLTEPATIL, EQ, 09-Apr-2024,480.85,483.0,524.9,483.0, 521.00,517.45,508.24,1091216,5545.94,55096, 271724, 24.90
KOPRAN, EQ, 09-Apr-2024,281.15,283.0,288.6,274.55, 280.75,280.3,281.9,646649,1822.89,22485, 225324, 34.84
KOTAKBANK, EQ, 09-Apr-2024,1788.4,1790.35,1793.0,1775.7, 1785.00,1780.6,1782.06,2373231,42292.51,94921, 1279199, 53.90
KOTAKGOLD, EQ, 09-Apr-2024,60.47,60.47,60.95,60.47, 60.75,60.76,60.62,1444534,875.69,2072, 1193277, 82.61
KOTAKSILVE, EQ, 09-Apr-2024,80.96,81.68,84.49,80.0, 81.97,82.84,81.94,57400,47.03,295, 25772, 44.90
KOTARISUG, EQ, 09-Apr-2024,58.95,58.55,59.5,56.95, 58.90,59.0,58.48,286921,167.8,2736, 122419, 42.67
KOTHARIPET, EQ, 09-Apr-2024,133.9,133.9,136.4,130.7, 131.45,131.15,132.91,76567,101.77,1619, 52485, 68.55
KOTHARIPRO, EQ, 09-Apr-2024,129.75,132.0,132.0,128.0, 130.00,129.95,129.79,13134,17.05,795, 7348, 55.95
KPIGREEN, EQ, 09-Apr-2024,1737.5,1744.95,1824.35,1705.0, 1769.00,1762.25,1784.44,805030,14365.3,34180, 290273, 36.06
KPIL, EQ, 09-Apr-2024,1161.55,1171.0,1174.0,1140.95, 1150.00,1149.25,1154.02,174786,2017.07,20849, 84764, 48.50
KPITTECH, EQ, 09-Apr-2024,1493.55,1501.8,1532.0,1491.75, 1493.05,1497.5,1508.11,640593,9660.83,48216, 246470, 38.48
KPRMILL, EQ, 09-Apr-2024,821.05,829.95,835.05,811.0, 820.20,816.05,822.04,98449,809.29,12389, 35451, 36.01
KRBL, EQ, 09-Apr-2024,315.75,317.65,318.2,305.05, 309.00,309.7,311.24,401240,1248.8,14490, 201372, 50.19
KREBSBIO, EQ, 09-Apr-2024,71.5,73.65,73.65,71.3, 72.40,72.1,71.83,4269,3.07,116, 2827, 66.22
KRISHANA, EQ, 09-Apr-2024,237.4,237.45,238.95,228.2, 233.00,230.7,233.0,39993,93.18,750, 30565, 76.43
KRITI, EQ, 09-Apr-2024,134.5,135.0,141.0,134.4, 136.25,137.3,137.83,109604,151.07,2965, 47506, 43.34
KRITINUT, EQ, 09-Apr-2024,97.95,101.0,108.4,98.35, 108.40,106.9,105.12,125747,132.18,1551, 54732, 43.53
KRSNAA, EQ, 09-Apr-2024,626.15,626.15,631.0,617.05, 622.00,620.2,625.26,20510,128.24,1779, 11675, 56.92
KRYSTAL, EQ, 09-Apr-2024,872.65,879.95,888.65,854.1, 873.95,878.6,874.0,518850,4534.73,19124, 79360, 15.30
KSB, EQ, 09-Apr-2024,3983.85,4060.0,4150.0,4040.0, 4140.00,4133.15,4116.33,138759,5711.77,21193, 54062, 38.96
KSCL, EQ, 09-Apr-2024,667.9,668.2,674.35,661.1, 665.50,669.75,669.29,53319,356.86,5838, 28456, 53.37
KSL, EQ, 09-Apr-2024,916.25,912.9,923.1,862.3, 899.00,888.8,891.69,112156,1000.08,11181, 47045, 41.95
KSOLVES, EQ, 09-Apr-2024,1176.0,1176.05,1185.0,1164.0, 1169.95,1168.25,1172.81,9584,112.4,1869, 5689, 59.36
KTKBANK, EQ, 09-Apr-2024,235.45,236.05,237.0,231.4, 232.95,232.8,233.63,1160356,2710.99,29930, 611451, 52.70
KUANTUM, EQ, 09-Apr-2024,161.75,160.75,163.1,158.4, 159.95,159.9,161.34,63273,102.08,1809, 42532, 67.22
L&TFH, EQ, 09-Apr-2024,168.85,169.0,169.95,165.6, 166.50,166.65,167.48,3596130,6022.8,26513, 1741594, 48.43
LALPATHLAB, EQ, 09-Apr-2024,2290.8,2290.8,2322.0,2280.45, 2294.95,2288.6,2296.85,221923,5097.24,26134, 123550, 55.67
LAMBODHARA, EQ, 09-Apr-2024,160.7,160.7,168.7,160.0, 162.15,162.65,164.25,45420,74.6,1204, 20715, 45.61
LANDMARK, EQ, 09-Apr-2024,814.65,819.95,821.95,800.15, 802.15,803.65,808.39,64619,522.37,6257, 42500, 65.77
LAOPALA, EQ, 09-Apr-2024,338.85,338.45,340.5,335.0, 337.20,337.05,337.78,103303,348.94,7748, 56999, 55.18
LASA, EQ, 09-Apr-2024,25.8,26.35,26.35,25.0, 25.95,25.55,25.57,47574,12.16,409, 37009, 77.79
LATENTVIEW, EQ, 09-Apr-2024,557.9,559.95,563.7,540.0, 542.60,544.1,549.8,590531,3246.77,20225, 225443, 38.18
LAURUSLABS, EQ, 09-Apr-2024,462.45,467.9,467.9,451.45, 454.50,454.05,458.96,3112433,14284.91,50559, 1223292, 39.30
LAXMICOT, EQ, 09-Apr-2024,30.15,30.15,31.45,29.6, 30.75,30.75,30.94,231330,71.57,777, 87736, 37.93
LAXMIMACH, EQ, 09-Apr-2024,17036.4,17250.0,17451.0,16720.1, 16870.00,16880.0,17100.55,5770,986.7,2434, 1556, 26.97
LEMONTREE, EQ, 09-Apr-2024,140.75,141.15,142.15,137.0, 137.95,137.7,139.31,4101513,5713.73,35104, 2580072, 62.91
LEXUS, EQ, 09-Apr-2024,43.5,44.45,44.45,40.0, 41.45,40.75,41.74,53933,22.51,583, 30367, 56.31
LGBBROSLTD, EQ, 09-Apr-2024,1273.15,1279.55,1323.3,1258.95, 1273.95,1268.8,1296.86,66437,861.6,9432, 27545, 41.46
LGBFORGE, EQ, 09-Apr-2024,10.15,10.15,10.3,10.0, 10.10,10.05,10.1,98187,9.92,616, 60925, 62.05
LGHL, EQ, 09-Apr-2024,280.6,286.25,290.95,279.1, 282.00,281.65,282.19,4086,11.53,432, 820, 20.07
LIBAS, EQ, 09-Apr-2024,20.0,20.4,20.5,19.6, 20.00,19.8,20.05,99765,20.0,427, 69326, 69.49
LICHSGFIN, EQ, 09-Apr-2024,646.8,651.0,659.35,646.75, 652.30,651.35,652.87,3264890,21315.39,81600, 1618773, 49.58
LICI, EQ, 09-Apr-2024,996.7,997.3,1014.9,974.3, 977.00,979.25,993.71,3349559,33284.74,105550, 1447636, 43.22
LICMFGOLD, EQ, 09-Apr-2024,6471.45,6500.45,6548.8,6500.0, 6525.00,6534.85,6505.77,614,39.95,82, 527, 85.83
LICNETFGSC, EQ, 09-Apr-2024,25.04,25.36,25.36,25.04, 25.06,25.05,25.07,7677,1.92,107, 6382, 83.13
LICNETFN50, EQ, 09-Apr-2024,245.6,249.48,249.48,245.47, 245.53,245.57,245.57,21976,53.97,79, 21787, 99.14
LICNETFSEN, EQ, 09-Apr-2024,812.41,814.95,823.55,813.56, 813.56,813.65,814.13,774,6.3,14, 771, 99.61
LICNFNHGP, EQ, 09-Apr-2024,247.2,246.99,251.61,244.7, 250.55,249.56,248.88,3329,8.29,77, 1365, 41.00
LICNMID100, EQ, 09-Apr-2024,49.63,49.62,50.41,49.41, 50.10,49.91,49.98,17335,8.66,97, 12701, 73.27
LIKHITHA, EQ, 09-Apr-2024,259.0,259.75,260.9,252.05, 257.40,255.85,256.22,71900,184.22,5488, 38282, 53.24
LINC, EQ, 09-Apr-2024,596.4,596.4,605.0,591.3, 602.10,597.95,600.61,78861,473.65,6881, 20484, 25.97
LINCOLN, EQ, 09-Apr-2024,608.6,613.9,619.7,607.8, 611.30,615.95,615.49,38883,239.32,5104, 18493, 47.56
LINDEINDIA, EQ, 09-Apr-2024,6934.05,7000.0,7045.0,6825.0, 6843.00,6853.85,6898.73,45706,3153.13,9400, 12582, 27.53
LIQUID, EQ, 09-Apr-2024,999.99,999.5,1000.0,998.71, 999.99,999.99,999.98,277071,2770.66,447, 198022, 71.47
LIQUID1, EQ, 09-Apr-2024,999.99,1000.0,1000.01,999.99, 1000.00,1000.0,1000.0,3539,35.39,22, 947, 26.76
LIQUIDADD, EQ, 09-Apr-2024,1003.5,999.51,1003.51,999.51, 1003.49,1003.5,1003.51,83650,839.43,77, 81025, 96.86
LIQUIDBEES, EQ, 09-Apr-2024,999.99,1000.0,1000.0,999.99, 1000.00,999.99,999.99,4200130,42001.03,12888, 3837863, 91.37
LIQUIDCASE, EQ, 09-Apr-2024,101.55,101.56,101.56,101.54, 101.56,101.55,101.55,2578227,2618.27,5815, 2299497, 89.19
LIQUIDETF, EQ, 09-Apr-2024,999.99,999.5,1000.01,999.5, 1000.01,999.99,1000.0,532618,5326.18,615, 422323, 79.29
LIQUIDIETF, EQ, 09-Apr-2024,999.99,999.99,1000.01,999.99, 1000.00,999.99,1000.0,1407230,14072.3,965, 971665, 69.05
LIQUIDSBI, EQ, 09-Apr-2024,999.99,999.99,1000.01,999.99, 999.99,999.99,999.99,6905,69.05,51, 6862, 99.38
LLOYDSENGG, EQ, 09-Apr-2024,56.2,59.0,59.0,54.4, 55.45,55.1,56.09,4848631,2719.62,14753, 2094836, 43.20
LLOYDSME, EQ, 09-Apr-2024,653.75,658.0,658.0,650.05, 655.90,656.8,655.04,272670,1786.1,8656, 168328, 61.73
LODHA, EQ, 09-Apr-2024,1194.4,1203.35,1218.3,1197.05, 1200.30,1200.05,1204.05,982122,11825.29,74224, 746046, 75.96
LOKESHMACH, EQ, 09-Apr-2024,458.2,461.25,464.0,445.9, 450.20,449.75,455.43,112306,511.47,3413, 59345, 52.84
LOVABLE, EQ, 09-Apr-2024,125.85,125.9,126.4,123.0, 123.10,123.55,124.48,16689,20.77,480, 11767, 70.51
LOWVOL, EQ, 09-Apr-2024,183.79,183.79,183.79,181.95, 182.51,182.5,182.5,722,1.32,26, 707, 97.92
LOWVOL1, EQ, 09-Apr-2024,18.72,18.72,19.0,18.59, 18.95,18.73,18.76,19168,3.6,199, 9188, 47.93
LOWVOLIETF, EQ, 09-Apr-2024,19.75,20.14,20.14,19.15, 19.74,19.64,19.63,799015,156.81,1306, 717018, 89.74
LOYALTEX, EQ, 09-Apr-2024,593.05,594.35,599.95,540.1, 542.10,555.95,566.73,5728,32.46,256, 4992, 87.15
LPDC, EQ, 09-Apr-2024,9.2,9.35,9.6,9.0, 9.50,9.4,9.37,139993,13.12,557, 103793, 74.14
LT, EQ, 09-Apr-2024,3807.85,3820.0,3827.95,3775.0, 3781.00,3785.25,3793.72,1997057,75762.71,89699, 1562788, 78.25
LTFOODS, EQ, 09-Apr-2024,209.9,211.55,214.75,207.6, 213.60,213.5,211.54,1624812,3437.08,28896, 724919, 44.62
LTGILTBEES, EQ, 09-Apr-2024,25.4,25.4,25.47,25.3, 25.39,25.38,25.37,3748505,951.07,2961, 2627201, 70.09
LTIM, EQ, 09-Apr-2024,4897.4,4936.0,4973.1,4880.0, 4893.00,4892.65,4925.58,330892,16298.35,33834, 137638, 41.60
LTTS, EQ, 09-Apr-2024,5701.45,5725.0,5773.0,5618.3, 5618.30,5631.7,5679.84,126667,7194.48,14644, 59980, 47.35
LUMAXIND, EQ, 09-Apr-2024,2500.7,2505.0,2540.7,2480.0, 2518.60,2518.0,2524.87,4762,120.23,1194, 2200, 46.20
LUMAXTECH, EQ, 09-Apr-2024,474.0,474.0,484.1,474.0, 477.00,477.55,479.56,77340,370.9,6146, 26439, 34.19
LUPIN, EQ, 09-Apr-2024,1612.0,1619.8,1626.95,1595.4, 1604.10,1605.65,1609.67,542022,8724.75,29927, 300707, 55.48
LUXIND, EQ, 09-Apr-2024,1182.45,1193.9,1198.95,1170.1, 1189.00,1187.5,1183.13,40993,485.0,5885, 22956, 56.00
LXCHEM, EQ, 09-Apr-2024,251.1,252.25,254.65,247.85, 248.10,248.35,250.51,407939,1021.91,13433, 169070, 41.44
LYKALABS, EQ, 09-Apr-2024,125.3,128.0,132.0,126.45, 129.05,130.0,129.17,254278,328.45,4573, 117232, 46.10
LYPSAGEMS, EQ, 09-Apr-2024,6.1,6.25,6.25,5.9, 5.95,5.95,6.05,50791,3.07,168, 22135, 43.58
M&M, EQ, 09-Apr-2024,2078.1,2095.0,2098.65,2070.1, 2087.00,2090.9,2084.31,2853137,59468.18,95608, 1889815, 66.24
M&MFIN, EQ, 09-Apr-2024,298.9,300.75,302.9,297.75, 300.40,299.55,299.89,1976953,5928.75,25486, 838775, 42.43
MAANALU, EQ, 09-Apr-2024,155.4,156.25,162.4,153.75, 155.20,155.15,158.22,381773,604.05,10077, 168400, 44.11
MADRASFERT, EQ, 09-Apr-2024,91.6,91.6,94.15,90.8, 91.15,91.05,92.36,310127,286.44,4289, 100534, 32.42
MAFANG, EQ, 09-Apr-2024,97.12,96.3,99.58,93.76, 99.58,99.58,98.85,552410,546.03,6625, 409992, 74.22
MAGADSUGAR, EQ, 09-Apr-2024,584.4,596.7,609.9,581.05, 607.90,603.25,595.13,22034,131.13,1870, 10008, 45.42
MAGNUM, EQ, 09-Apr-2024,53.45,54.55,55.15,51.3, 52.00,52.0,53.11,366170,194.47,1364, 225658, 61.63
MAHABANK, EQ, 09-Apr-2024,64.5,64.8,65.55,63.75, 64.50,64.45,64.72,18561895,12013.8,30228, 4549891, 24.51
MAHAPEXLTD, EQ, 09-Apr-2024,136.05,136.45,137.25,133.65, 134.35,134.7,135.04,7559,10.21,296, 5154, 68.18
MAHEPC, EQ, 09-Apr-2024,132.3,134.9,154.0,131.6, 146.10,147.35,147.16,1347319,1982.73,15942, 289002, 21.45
MAHESHWARI, EQ, 09-Apr-2024,71.05,71.05,72.35,68.4, 68.55,69.0,70.16,12847,9.01,199, 7531, 58.62
MAHKTECH, EQ, 09-Apr-2024,12.48,12.58,12.6,12.46, 12.60,12.59,12.57,1077159,135.42,1598, 996414, 92.50
MAHLIFE, EQ, 09-Apr-2024,643.4,640.0,646.45,619.0, 622.20,622.1,628.33,533158,3350.0,23735, 258989, 48.58
MAHLOG, EQ, 09-Apr-2024,470.1,475.05,493.0,470.1, 473.20,472.25,483.55,1302605,6298.73,60818, 326070, 25.03
MAHSCOOTER, EQ, 09-Apr-2024,7547.0,7594.0,7657.0,7416.0, 7469.95,7457.7,7558.75,2989,225.93,904, 1475, 49.35
MAHSEAMLES, EQ, 09-Apr-2024,899.6,899.6,912.9,882.2, 899.95,900.4,899.96,78748,708.7,9260, 42429, 53.88
MAITHANALL, EQ, 09-Apr-2024,1099.65,1098.05,1145.0,1083.8, 1104.00,1095.6,1110.43,136670,1517.62,13679, 65378, 47.84
MAKEINDIA, EQ, 09-Apr-2024,127.63,131.45,131.45,127.11, 127.52,127.53,127.85,19888,25.43,430, 16226, 81.59
MALLCOM, EQ, 09-Apr-2024,1039.4,1040.0,1060.0,995.1, 1002.00,1008.1,1020.42,3574,36.47,942, 1858, 51.99
MANAKCOAT, EQ, 09-Apr-2024,36.15,35.85,37.55,34.1, 34.25,34.45,35.58,209355,74.5,1725, 67870, 32.42
MANAKSIA, EQ, 09-Apr-2024,113.5,113.1,113.9,109.4, 111.85,111.7,111.69,54551,60.93,1685, 25804, 47.30
MANALIPETC, EQ, 09-Apr-2024,74.45,75.2,75.3,72.9, 72.95,73.6,73.71,671412,494.93,5499, 399146, 59.45
MANAPPURAM, EQ, 09-Apr-2024,194.8,195.95,197.25,194.85, 195.40,195.9,195.99,4525153,8868.7,25561, 2012025, 44.46
MANGALAM, EQ, 09-Apr-2024,104.35,104.9,105.95,101.45, 102.95,102.75,103.04,28927,29.81,560, 18851, 65.17
MANGCHEFER, EQ, 09-Apr-2024,122.7,122.8,125.4,121.3, 125.40,124.9,124.07,572674,710.52,8070, 425338, 74.27
MANGLMCEM, EQ, 09-Apr-2024,761.35,761.35,777.65,760.05, 772.90,774.1,771.05,57827,445.88,4869, 26973, 46.64
MANINFRA, EQ, 09-Apr-2024,212.2,210.35,214.9,210.3, 211.00,212.35,212.18,386128,819.27,8693, 173259, 44.87
MANKIND, EQ, 09-Apr-2024,2358.5,2397.95,2405.75,2351.2, 2355.00,2365.35,2383.69,553148,13185.31,50790, 295213, 53.37
MANORAMA, EQ, 09-Apr-2024,442.3,443.45,459.95,443.15, 446.20,449.05,447.43,63812,285.51,2057, 41174, 64.52
MANORG, EQ, 09-Apr-2024,328.3,330.0,331.0,316.5, 322.15,319.55,321.36,15017,48.26,911, 9705, 64.63
MANYAVAR, EQ, 09-Apr-2024,918.1,918.0,929.55,899.0, 913.00,904.0,911.47,475426,4333.36,26686, 337504, 70.99
MAPMYINDIA, EQ, 09-Apr-2024,1906.85,1909.95,1916.0,1862.0, 1865.00,1869.5,1886.95,35852,676.51,5220, 17045, 47.54
MARALOVER, EQ, 09-Apr-2024,71.75,73.15,73.65,71.0, 72.00,72.35,71.63,21285,15.25,381, 16816, 79.00
MARATHON, EQ, 09-Apr-2024,487.1,445.0,467.1,435.0, 456.95,454.45,453.17,779287,3531.47,42956, 325404, 41.76
MARICO, EQ, 09-Apr-2024,519.0,518.8,519.75,507.65, 509.85,509.55,511.94,609398,3119.73,18996, 268228, 44.02
MARINE, EQ, 09-Apr-2024,101.7,102.0,102.55,96.65, 97.50,97.35,98.67,262235,258.75,1735, 195538, 74.57
MARKSANS, EQ, 09-Apr-2024,162.05,163.4,165.0,160.85, 164.35,164.25,163.63,1483510,2427.47,17739, 798495, 53.82
MARUTI, EQ, 09-Apr-2024,12865.1,12865.1,12985.7,12780.0, 12868.25,12888.0,12884.82,314466,40518.37,64082, 111459, 35.44
MASFIN, EQ, 09-Apr-2024,300.45,300.85,302.4,294.0, 299.00,297.2,297.61,89208,265.49,5976, 43240, 48.47
MASKINVEST, EQ, 09-Apr-2024,66.85,67.0,67.0,63.5, 65.00,65.0,64.41,776,0.5,20, 776, 100.00
MASPTOP50, EQ, 09-Apr-2024,43.26,43.27,46.9,42.41, 46.49,46.6,44.67,538361,240.47,3266, 307828, 57.18
MASTEK, EQ, 09-Apr-2024,2614.65,2625.2,2670.0,2614.65, 2619.90,2648.65,2650.52,40972,1085.97,5876, 25312, 61.78
MATRIMONY, EQ, 09-Apr-2024,555.15,555.0,579.85,551.1, 573.00,573.15,569.83,38530,219.56,4057, 21488, 55.77
MAWANASUG, EQ, 09-Apr-2024,93.25,93.8,97.0,91.4, 96.30,95.7,94.79,150171,142.35,2179, 55384, 36.88
MAXESTATES, EQ, 09-Apr-2024,306.4,309.5,313.5,299.05, 302.00,302.65,303.88,87254,265.15,4465, 54902, 62.92
MAXHEALTH, EQ, 09-Apr-2024,820.55,824.8,833.85,819.55, 829.00,828.4,828.41,1047058,8673.94,37925, 697585, 66.62
MAYURUNIQ, EQ, 09-Apr-2024,499.45,500.95,509.7,498.4, 509.50,509.0,504.95,54947,277.45,4508, 37805, 68.80
MAZDA, EQ, 09-Apr-2024,1517.5,1513.0,1545.0,1442.05, 1467.00,1464.15,1507.57,34546,520.81,4674, 8921, 25.82
MAZDOCK, EQ, 09-Apr-2024,2252.9,2257.0,2284.95,2201.05, 2222.00,2224.25,2238.48,1261087,28229.14,62966, 341280, 27.06
MBAPL, EQ, 09-Apr-2024,241.5,241.5,248.7,228.5, 234.90,231.0,235.91,59553,140.49,2213, 42815, 71.89
MBLINFRA, EQ, 09-Apr-2024,52.8,52.35,58.05,52.35, 58.05,58.05,56.96,377290,214.92,2121, 259211, 68.70
MCDOWELL-N, EQ, 09-Apr-2024,1140.75,1136.1,1148.4,1121.45, 1130.00,1128.35,1133.96,693210,7860.72,36063, 408253, 58.89
MCX, EQ, 09-Apr-2024,3597.0,3629.95,3742.5,3575.05, 3724.00,3732.1,3671.76,998650,36668.04,75371, 304564, 30.50
MEDANTA, EQ, 09-Apr-2024,1382.35,1397.95,1428.95,1358.0, 1398.80,1394.45,1406.36,195651,2751.56,24727, 111231, 56.85
MEDIASSIST, EQ, 09-Apr-2024,531.55,536.7,538.7,516.1, 523.20,527.9,526.26,158978,836.64,14491, 64376, 40.49
MEDICAMEQ, EQ, 09-Apr-2024,435.85,444.5,444.5,426.6, 432.80,430.65,434.98,9435,41.04,1289, 4768, 50.54
MEDPLUS, EQ, 09-Apr-2024,687.4,692.0,692.0,672.0, 675.00,674.85,678.68,37442,254.11,4690, 20453, 54.63
MEGASOFT, EQ, 09-Apr-2024,88.25,88.8,88.8,84.5, 85.00,84.85,86.04,120664,103.82,1146, 83863, 69.50
MEGASTAR, EQ, 09-Apr-2024,296.7,298.2,301.2,290.3, 292.00,291.9,294.26,6503,19.14,581, 3655, 56.20
MENONBE, EQ, 09-Apr-2024,130.6,131.0,134.0,129.4, 131.50,131.85,131.9,74765,98.62,1998, 35957, 48.09
METROBRAND, EQ, 09-Apr-2024,1057.9,1063.0,1069.8,1029.55, 1037.70,1039.1,1048.7,486803,5105.12,26812, 358400, 73.62
METROPOLIS, EQ, 09-Apr-2024,1745.05,1761.8,1779.95,1732.0, 1770.00,1767.95,1759.86,215410,3790.93,18256, 58920, 27.35
MFSL, EQ, 09-Apr-2024,1036.65,1045.0,1046.25,1025.3, 1034.15,1034.1,1033.1,164683,1701.35,15656, 61252, 37.19
MGEL, EQ, 09-Apr-2024,20.35,20.75,20.75,20.1, 20.25,20.25,20.36,305219,62.13,362, 172203, 56.42
MGL, EQ, 09-Apr-2024,1483.1,1482.05,1488.9,1450.0, 1457.80,1456.4,1462.98,299779,4385.72,19872, 128642, 42.91
MHLXMIRU, EQ, 09-Apr-2024,327.9,327.0,344.75,320.0, 339.90,337.65,337.01,71060,239.48,3859, 38861, 54.69
MHRIL, EQ, 09-Apr-2024,406.35,411.0,411.3,403.75, 404.05,404.55,405.12,122916,497.96,6242, 65325, 53.15
MICEL, EQ, 09-Apr-2024,43.9,43.9,44.8,41.0, 41.95,41.8,42.65,332096,141.65,2700, 183374, 55.22
MID150BEES, EQ, 09-Apr-2024,190.04,195.75,195.75,188.01, 189.20,189.09,189.67,304187,576.95,4355, 169104, 55.59
MIDCAP, EQ, 09-Apr-2024,141.38,142.99,142.99,141.0, 141.08,141.47,141.77,21974,31.15,351, 11238, 51.14
MIDCAPETF, EQ, 09-Apr-2024,18.77,18.81,18.82,18.61, 18.66,18.65,18.7,588824,110.13,3873, 455533, 77.36
MIDCAPIETF, EQ, 09-Apr-2024,189.48,189.49,190.88,188.65, 189.30,189.12,189.84,23780,45.14,769, 15181, 63.84
MIDHANI, EQ, 09-Apr-2024,409.95,411.95,430.0,408.0, 418.10,418.25,420.67,2094268,8810.02,50399, 533148, 25.46
MIDQ50ADD, EQ, 09-Apr-2024,212.81,212.5,214.1,212.49, 213.80,213.6,212.86,5604,11.93,112, 4621, 82.46
MIDSELIETF, EQ, 09-Apr-2024,152.76,156.09,156.09,151.05, 152.10,151.77,152.2,18965,28.86,328, 12869, 67.86
MINDACORP, EQ, 09-Apr-2024,423.65,422.3,427.25,417.1, 419.35,419.55,420.98,277293,1167.35,11307, 182667, 65.88
MINDTECK, EQ, 09-Apr-2024,248.15,253.0,289.7,249.8, 285.00,282.0,280.42,4179030,11718.88,69078, 599251, 14.34
MIRCELECTR, EQ, 09-Apr-2024,22.0,22.1,22.3,21.15, 21.40,21.35,21.72,522796,113.53,1331, 345136, 66.02
MMFL, EQ, 09-Apr-2024,881.95,881.95,886.5,876.05, 879.90,879.15,881.71,24465,215.71,2170, 14416, 58.92
MMP, EQ, 09-Apr-2024,284.25,285.0,290.9,284.95, 286.60,285.7,287.07,23516,67.51,2192, 11276, 47.95
MMTC, EQ, 09-Apr-2024,76.5,76.8,78.35,74.45, 75.25,75.35,76.22,2503453,1908.19,11788, 947349, 37.84
MNC, EQ, 09-Apr-2024,26.75,27.1,27.1,26.51, 26.61,26.61,26.71,9591,2.56,143, 5973, 62.28
MODIRUBBER, EQ, 09-Apr-2024,93.65,97.5,103.0,93.65, 103.00,102.95,100.42,62563,62.82,1285, 35315, 56.45
MODISONLTD, EQ, 09-Apr-2024,134.6,136.0,138.2,133.2, 135.65,135.75,136.14,41470,56.46,898, 24188, 58.33
MOGSEC, EQ, 09-Apr-2024,54.96,55.25,55.25,54.95, 55.00,54.99,55.01,13312,7.32,35, 13312, 100.00
MOHEALTH, EQ, 09-Apr-2024,35.85,35.72,36.14,35.72, 36.00,35.94,35.95,56801,20.42,263, 38681, 68.10
MOHITIND, EQ, 09-Apr-2024,20.75,20.75,21.2,20.75, 20.80,20.9,20.93,17211,3.6,153, 15608, 90.69
MOIL, EQ, 09-Apr-2024,318.95,320.1,343.3,315.1, 333.25,334.55,335.17,8341519,27958.53,85796, 2311904, 27.72
MOL, EQ, 09-Apr-2024,84.8,84.3,85.1,82.7, 83.45,83.25,83.78,775665,649.86,7060, 401271, 51.73
MOLDTECH, EQ, 09-Apr-2024,241.9,248.45,248.45,223.0, 225.55,224.9,231.83,366875,850.54,8276, 235007, 64.06
MOLDTKPAC, EQ, 09-Apr-2024,877.25,885.0,885.0,855.0, 870.90,865.0,871.76,72194,629.36,10628, 51594, 71.47
MOLOWVOL, EQ, 09-Apr-2024,35.32,35.41,35.46,35.16, 35.43,35.32,35.32,3834,1.35,76, 2030, 52.95
MOM100, EQ, 09-Apr-2024,53.42,54.6,54.6,53.02, 53.02,53.19,53.33,171770,91.61,2466, 105086, 61.18
MOM30IETF, EQ, 09-Apr-2024,32.03,32.35,32.35,31.51, 32.20,31.88,31.9,354256,113.0,1964, 202470, 57.15
MOM50, EQ, 09-Apr-2024,230.55,228.55,231.73,228.55, 230.89,230.52,230.82,2321,5.36,79, 1796, 77.38
MOMENTUM, EQ, 09-Apr-2024,31.88,32.17,32.17,31.56, 32.00,31.7,31.75,60665,19.26,634, 43765, 72.14
MOMOMENTUM, EQ, 09-Apr-2024,63.8,63.81,64.39,63.16, 64.10,63.66,63.58,72529,46.11,696, 55977, 77.18
MON100, EQ, 09-Apr-2024,148.31,148.31,148.99,147.05, 148.20,147.8,148.09,274136,405.98,5141, 176579, 64.41
MONARCH, EQ, 09-Apr-2024,621.15,620.4,630.0,608.0, 608.00,610.15,618.57,29590,183.04,1951, 15408, 52.07
MONIFTY500, EQ, 09-Apr-2024,20.82,20.91,21.05,20.8, 20.89,20.88,20.88,224628,46.9,918, 155406, 69.18
MONQ50, EQ, 09-Apr-2024,61.83,62.19,62.19,61.71, 61.85,62.13,62.03,55684,34.54,513, 27048, 48.57
MONTECARLO, EQ, 09-Apr-2024,634.95,636.2,647.4,632.55, 634.40,637.25,641.04,30190,193.53,3084, 14908, 49.38
MOQUALITY, EQ, 09-Apr-2024,177.87,183.2,183.2,176.53, 177.53,177.51,177.49,760,1.35,39, 713, 93.82
MOREALTY, EQ, 09-Apr-2024,95.22,96.19,97.0,95.4, 96.46,96.09,96.22,86226,82.96,901, 74148, 85.99
MOREPENLAB, EQ, 09-Apr-2024,47.7,47.9,48.0,46.4, 46.80,46.9,47.06,1837303,864.7,7534, 764676, 41.62
MOSMALL250, EQ, 09-Apr-2024,15.34,15.8,15.8,15.2, 15.38,15.36,15.38,178056,27.38,439, 118689, 66.66
MOTHERSON, EQ, 09-Apr-2024,120.6,120.85,120.95,116.9, 117.65,117.8,118.49,7198119,8529.11,38717, 3725779, 51.76
MOTILALOFS, EQ, 09-Apr-2024,1888.75,1895.0,2122.5,1882.0, 2100.00,2097.35,2033.15,862285,17531.55,61220, 321321, 37.26
MOTISONS, EQ, 09-Apr-2024,166.65,168.15,168.15,160.45, 161.10,161.1,162.53,283903,461.43,3124, 229111, 80.70
MOVALUE, EQ, 09-Apr-2024,94.38,95.3,95.33,93.32, 94.75,94.71,94.94,92191,87.53,1050, 66587, 72.23
MPHASIS, EQ, 09-Apr-2024,2454.2,2464.0,2529.0,2440.0, 2469.75,2457.3,2483.99,318201,7904.1,27909, 73325, 23.04
MPSLTD, EQ, 09-Apr-2024,1615.8,1623.9,1644.55,1611.25, 1625.00,1621.45,1621.59,9809,159.06,2405, 6102, 62.21
MRF, EQ, 09-Apr-2024,132708.45,132920.0,133989.7,132679.1, 133100.00,132923.7,133385.9,3764,5020.65,2945, 951, 25.27
MRO-TEK, EQ, 09-Apr-2024,76.3,76.0,91.55,75.7, 91.55,91.55,90.17,1386104,1249.85,6888, 404636, 29.19
MRPL, EQ, 09-Apr-2024,233.15,234.0,235.3,225.0, 227.95,227.2,228.94,2256475,5166.01,30639, 798282, 35.38
MSPL, EQ, 09-Apr-2024,29.15,29.85,29.95,28.3, 29.50,29.5,29.53,565201,166.89,1371, 426162, 75.40
MSTCLTD, EQ, 09-Apr-2024,913.1,906.0,931.25,903.95, 910.60,908.6,915.08,192557,1762.05,11830, 65693, 34.12
MSUMI, EQ, 09-Apr-2024,69.95,70.3,70.65,68.2, 68.30,68.35,69.09,4091225,2826.82,25203, 2391158, 58.45
MTARTECH, EQ, 09-Apr-2024,1921.1,1932.0,1937.45,1872.25, 1878.00,1877.5,1895.39,145386,2755.63,17676, 82363, 56.65
MTNL, EQ, 09-Apr-2024,39.35,39.55,40.7,38.7, 38.90,39.05,39.52,3382048,1336.67,8620, 1147986, 33.94
MUFIN, EQ, 09-Apr-2024,135.1,138.7,141.85,134.2, 136.50,136.65,137.35,1367074,1877.7,4388, 971225, 71.04
MUFTI, EQ, 09-Apr-2024,197.45,199.8,201.25,191.4, 194.30,193.65,195.2,220638,430.69,6601, 96641, 43.80
MUKANDLTD, EQ, 09-Apr-2024,163.05,163.9,167.9,161.5, 164.00,164.2,164.86,144372,238.0,5554, 62282, 43.14
MUKKA, EQ, 09-Apr-2024,37.5,37.55,37.7,36.7, 37.20,37.05,37.07,1293449,479.47,6922, 738410, 57.09
MUNJALAU, EQ, 09-Apr-2024,87.0,87.45,88.25,85.2, 86.10,85.95,86.87,77284,67.14,811, 57175, 73.98
MUNJALSHOW, EQ, 09-Apr-2024,173.6,173.25,175.25,168.0, 168.00,169.3,170.9,101591,173.62,3060, 53241, 52.41
MURUDCERA, EQ, 09-Apr-2024,52.15,52.5,52.6,50.3, 51.80,51.4,51.54,65526,33.77,751, 42112, 64.27
MUTHOOTCAP, EQ, 09-Apr-2024,316.25,313.4,319.35,310.0, 311.75,312.1,313.76,31807,99.8,1618, 12674, 39.85
MUTHOOTFIN, EQ, 09-Apr-2024,1674.2,1683.65,1698.5,1662.8, 1672.50,1675.75,1680.91,553797,9308.8,27157, 302402, 54.61
MUTHOOTMF, EQ, 09-Apr-2024,236.7,241.0,243.5,237.0, 240.10,240.05,239.52,593446,1421.39,9941, 395597, 66.66
MVGJL, EQ, 09-Apr-2024,252.7,255.6,258.25,249.0, 251.65,251.5,253.62,118449,300.42,7299, 22898, 19.33
NACLIND, EQ, 09-Apr-2024,63.05,63.2,65.25,62.5, 63.10,63.05,63.9,202500,129.4,1827, 86851, 42.89
NAGAFERT, EQ, 09-Apr-2024,10.7,10.55,10.85,10.4, 10.50,10.45,10.53,746044,78.53,2046, 477121, 63.95
NAGREEKEXP, EQ, 09-Apr-2024,33.3,33.8,33.85,32.95, 33.35,33.05,33.24,38109,12.67,349, 29874, 78.39
NAHARCAP, EQ, 09-Apr-2024,301.85,303.25,308.0,296.1, 297.40,297.9,301.32,3340,10.06,288, 2018, 60.42
NAHARINDUS, EQ, 09-Apr-2024,127.8,128.45,129.45,124.3, 126.45,126.45,127.7,75170,95.99,825, 56728, 75.47
NAHARPOLY, EQ, 09-Apr-2024,212.55,213.7,218.0,207.75, 211.75,211.2,212.72,14061,29.91,1195, 8031, 57.12
NAHARSPING, EQ, 09-Apr-2024,295.2,296.0,297.45,282.6, 293.50,289.95,291.63,27108,79.05,2970, 12543, 46.27
NAM-INDIA, EQ, 09-Apr-2024,516.7,519.35,529.0,513.6, 523.65,525.7,522.41,624686,3263.4,36624, 287643, 46.05
NATCOPHARM, EQ, 09-Apr-2024,999.9,1015.0,1037.65,977.0, 983.00,988.55,1003.72,1542643,15483.79,65413, 466409, 30.23
NATHBIOGEN, EQ, 09-Apr-2024,193.0,193.6,194.0,187.95, 189.90,188.8,190.92,25067,47.86,1185, 15414, 61.49
NATIONALUM, EQ, 09-Apr-2024,178.0,178.6,185.25,176.1, 183.00,183.45,182.6,34968600,63852.75,125934, 8626841, 24.67
NAUKRI, EQ, 09-Apr-2024,6225.4,6224.0,6355.0,6167.05, 6223.00,6229.9,6270.75,643809,40371.65,70544, 143133, 22.23
NAVA, EQ, 09-Apr-2024,509.25,517.0,517.0,504.05, 508.20,508.05,509.61,257351,1311.49,13600, 93653, 36.39
NAVINFLUOR, EQ, 09-Apr-2024,3096.4,3128.9,3128.9,3051.05, 3051.05,3057.6,3098.57,186296,5772.5,17429, 111061, 59.62
NAVINIFTY, EQ, 09-Apr-2024,226.76,227.43,232.5,226.76, 226.80,227.23,228.56,625,1.43,32, 520, 83.20
NAVKARCORP, EQ, 09-Apr-2024,98.95,99.0,107.0,98.25, 105.00,104.8,104.03,3609848,3755.35,20174, 988595, 27.39
NAVNETEDUL, EQ, 09-Apr-2024,142.7,143.45,144.2,141.0, 142.35,141.75,142.2,82427,117.21,2793, 52534, 63.73
NAZARA, EQ, 09-Apr-2024,668.05,670.45,676.0,649.2, 655.00,651.15,658.73,877768,5782.09,20793, 629083, 71.67
NBCC, EQ, 09-Apr-2024,135.1,135.85,141.55,133.9, 137.35,137.4,138.45,21139386,29267.0,133539, 7770618, 36.76
NBIFIN, EQ, 09-Apr-2024,1790.3,1788.9,1820.0,1788.9, 1808.00,1806.45,1808.96,788,14.25,111, 719, 91.24
NCC, EQ, 09-Apr-2024,266.15,268.0,272.0,260.7, 264.45,263.9,265.24,5706544,15136.17,55727, 1962587, 34.39
NCLIND, EQ, 09-Apr-2024,212.45,218.2,224.2,213.55, 218.00,215.6,219.23,755056,1655.32,20124, 212181, 28.10
NDGL, EQ, 09-Apr-2024,2482.8,2481.5,2500.0,2457.05, 2460.00,2460.05,2474.18,123,3.04,39, 91, 73.98
NDL, EQ, 09-Apr-2024,36.7,36.9,37.35,36.05, 36.30,36.45,36.58,357454,130.75,1131, 200822, 56.18
NDLVENTURE, EQ, 09-Apr-2024,102.0,105.7,105.7,100.0, 100.30,100.2,101.39,3907,3.96,136, 2805, 71.79
NDRAUTO, EQ, 09-Apr-2024,819.0,845.95,865.95,806.75, 859.95,858.5,850.9,11931,101.52,1801, 6587, 55.21
NDTV, EQ, 09-Apr-2024,225.5,226.7,229.6,222.8, 225.00,223.6,225.97,194801,440.18,7544, 94276, 48.40
NECCLTD, EQ, 09-Apr-2024,29.3,29.4,29.95,28.1, 28.90,28.75,29.12,310996,90.57,1491, 200721, 64.54
NECLIFE, EQ, 09-Apr-2024,35.45,35.45,35.75,34.5, 35.05,34.85,34.96,220171,76.97,1135, 124269, 56.44
NELCAST, EQ, 09-Apr-2024,141.7,142.4,151.3,141.55, 148.70,149.0,146.8,254075,372.99,6215, 117475, 46.24
NELCO, EQ, 09-Apr-2024,753.15,756.05,764.9,745.0, 754.00,749.4,754.95,59879,452.06,6674, 26168, 43.70
NEOGEN, EQ, 09-Apr-2024,1358.0,1367.0,1375.0,1340.0, 1361.60,1347.5,1358.15,25417,345.2,5161, 11499, 45.24
NESCO, EQ, 09-Apr-2024,838.25,845.75,845.75,830.0, 834.95,833.9,835.28,44775,374.0,5805, 25294, 56.49
NESTLEIND, EQ, 09-Apr-2024,2498.05,2506.0,2522.2,2497.0, 2506.80,2502.8,2505.95,433941,10874.35,41455, 250915, 57.82
NETF, EQ, 09-Apr-2024,239.82,237.11,242.49,237.11, 241.10,240.31,240.52,4828,11.61,237, 3953, 81.88
NETWEB, EQ, 09-Apr-2024,1664.85,1666.0,1680.0,1620.0, 1632.00,1633.65,1654.16,85116,1407.95,9004, 57828, 67.94
NEULANDLAB, EQ, 09-Apr-2024,6042.85,6042.85,6344.9,6029.15, 6274.00,6238.85,6235.66,37674,2349.22,7484, 24864, 66.00
NEWGEN, EQ, 09-Apr-2024,818.15,825.0,854.0,818.25, 832.00,831.1,833.54,381891,3183.21,17724, 271983, 71.22
NEXT50, EQ, 09-Apr-2024,638.06,641.05,641.06,634.7, 637.04,636.98,638.5,5935,37.89,139, 4646, 78.28
NEXT50IETF, EQ, 09-Apr-2024,65.41,65.1,66.48,63.45, 65.26,65.22,65.43,325426,212.92,1859, 213052, 65.47
NEXTMEDIA, EQ, 09-Apr-2024,7.4,7.5,7.5,6.9, 7.05,7.05,7.08,38121,2.7,160, 20379, 53.46
NFL, EQ, 09-Apr-2024,102.95,103.0,105.2,101.25, 102.00,101.9,102.98,3349200,3449.0,16978, 801145, 23.92
NGIL, EQ, 09-Apr-2024,58.15,59.4,64.0,59.35, 60.50,60.0,61.62,352101,216.97,2833, 125445, 35.63
NGLFINE, EQ, 09-Apr-2024,2314.1,2295.0,2309.9,2242.4, 2256.00,2261.35,2270.21,3950,89.67,1260, 2086, 52.81
NH, EQ, 09-Apr-2024,1325.25,1341.0,1345.0,1307.0, 1315.00,1317.7,1320.02,548353,7238.34,31245, 418420, 76.30
NHPC, EQ, 09-Apr-2024,92.35,92.25,92.95,90.3, 91.30,91.15,91.71,43696280,40073.69,117069, 12378246, 28.33
NIACL, EQ, 09-Apr-2024,235.3,237.2,239.4,231.05, 231.55,232.5,235.0,953320,2240.32,17643, 270711, 28.40
NIBL, EQ, 09-Apr-2024,36.3,37.45,37.45,35.15, 36.45,36.2,36.4,11436,4.16,192, 8536, 74.64
NIF100BEES, EQ, 09-Apr-2024,244.22,244.1,246.98,243.13, 243.87,243.51,244.21,36440,88.99,662, 26906, 73.84
NIF100IETF, EQ, 09-Apr-2024,256.96,257.17,259.86,256.05, 257.00,256.7,257.23,6537,16.82,513, 4042, 61.83
NIF10GETF, EQ, 09-Apr-2024,22.91,22.95,23.24,22.7, 23.18,23.18,23.02,1088,0.25,19, 744, 68.38
NIF5GETF, EQ, 09-Apr-2024,55.7,55.9,56.85,55.01, 56.30,56.3,56.1,497,0.28,25, 265, 53.32
NIFITETF, EQ, 09-Apr-2024,351.48,355.51,356.01,350.67, 355.60,351.35,351.95,7846,27.61,192, 6204, 79.07
NIFMID150, EQ, 09-Apr-2024,185.27,184.89,186.37,181.05, 181.05,183.73,185.41,4830,8.96,44, 3971, 82.22
NIFTY1, EQ, 09-Apr-2024,244.32,247.1,247.1,244.25, 244.30,244.33,244.58,23105,56.51,569, 18937, 81.96
NIFTY50ADD, EQ, 09-Apr-2024,232.35,232.43,233.0,231.42, 232.24,232.31,232.57,2594,6.03,254, 1472, 56.75
NIFTYBEES, EQ, 09-Apr-2024,250.75,251.8,252.58,250.38, 250.71,250.74,251.08,2377677,5969.87,27470, 1607394, 67.60
NIFTYBETF, EQ, 09-Apr-2024,226.94,227.95,228.08,226.35, 227.14,227.13,227.35,774,1.76,34, 586, 75.71
NIFTYETF, EQ, 09-Apr-2024,239.22,240.53,240.53,239.04, 239.56,239.51,239.78,22726,54.49,405, 16044, 70.60
NIFTYIETF, EQ, 09-Apr-2024,249.23,249.6,250.5,249.0, 249.00,249.51,249.77,158406,395.65,4013, 38922, 24.57
NIFTYQLITY, EQ, 09-Apr-2024,19.17,19.17,19.32,19.0, 19.12,19.13,19.13,55347,10.59,488, 45020, 81.34
NIITLTD, EQ, 09-Apr-2024,110.8,111.2,111.75,108.5, 109.50,109.65,110.15,493542,543.64,6581, 264765, 53.65
NIITMTS, EQ, 09-Apr-2024,512.55,517.0,519.0,503.8, 512.00,511.15,511.16,63074,322.41,6846, 27535, 43.66
NILASPACES, EQ, 09-Apr-2024,7.4,7.35,7.55,7.05, 7.05,7.05,7.15,1449777,103.64,2267, 809158, 55.81
NILKAMAL, EQ, 09-Apr-2024,1926.75,1954.0,2080.0,1936.7, 1961.00,1970.25,2005.04,65322,1309.73,11432, 13867, 21.23
NINSYS, EQ, 09-Apr-2024,484.8,489.95,489.95,472.0, 473.00,476.1,479.7,2465,11.82,348, 1850, 75.05
NIPPOBATRY, EQ, 09-Apr-2024,638.75,645.8,665.9,638.85, 647.00,646.35,650.96,14449,94.06,1426, 7397, 51.19
NITINSPIN, EQ, 09-Apr-2024,360.3,358.0,362.95,352.45, 356.50,356.45,356.45,68752,245.07,4222, 42021, 61.12
NITIRAJ, EQ, 09-Apr-2024,177.5,180.0,181.95,172.0, 179.00,174.5,178.26,3733,6.65,149, 2795, 74.87
NLCINDIA, EQ, 09-Apr-2024,228.7,230.5,239.4,228.6, 230.80,230.65,233.17,5746978,13400.29,48487, 1764975, 30.71
NMDC, EQ, 09-Apr-2024,224.1,224.2,229.15,223.25, 227.85,228.0,227.02,15094230,34266.74,95967, 5048072, 33.44
NOCIL, EQ, 09-Apr-2024,266.35,267.9,268.9,262.05, 263.65,264.3,265.31,323098,857.21,9024, 158649, 49.10
NORBTEAEXP, EQ, 09-Apr-2024,12.7,13.25,13.25,12.8, 13.20,13.15,13.1,3351,0.44,43, 2615, 78.04
NOVAAGRI, EQ, 09-Apr-2024,56.7,57.0,57.25,55.55, 55.90,55.8,56.14,299049,167.9,3551, 162242, 54.25
NPBET, EQ, 09-Apr-2024,246.87,249.97,250.83,245.03, 249.00,246.76,248.71,1315,3.27,64, 688, 52.32
NRAIL, EQ, 09-Apr-2024,481.25,485.25,493.95,480.3, 491.00,491.15,486.04,11086,53.88,758, 5804, 52.35
NRBBEARING, EQ, 09-Apr-2024,311.5,318.85,339.5,315.5, 336.00,332.75,329.94,1641823,5417.1,52932, 281395, 17.14
NRL, EQ, 09-Apr-2024,88.35,88.35,90.6,85.6, 88.50,88.4,88.68,149717,132.76,1428, 81789, 54.63
NSIL, EQ, 09-Apr-2024,3532.85,3550.0,3578.75,3470.0, 3490.05,3501.25,3518.64,2611,91.87,684, 1431, 54.81
NSLNISP, EQ, 09-Apr-2024,61.35,61.6,62.15,60.25, 60.80,60.75,61.09,10450932,6384.26,23736, 3955618, 37.85
NTPC, EQ, 09-Apr-2024,363.5,365.0,366.9,360.35, 363.00,362.9,363.04,10010148,36341.14,121040, 4435854, 44.31
NUCLEUS, EQ, 09-Apr-2024,1356.0,1350.9,1397.35,1346.2, 1360.00,1361.5,1370.9,72165,989.31,11645, 20692, 28.67
NURECA, EQ, 09-Apr-2024,290.2,290.25,297.75,288.15, 290.35,289.75,292.1,16221,47.38,842, 8929, 55.05
NUVAMA, EQ, 09-Apr-2024,5047.65,5161.2,5380.0,5097.1, 5220.00,5197.9,5243.75,131359,6888.14,23011, 51778, 39.42
NUVOCO, EQ, 09-Apr-2024,316.05,318.05,318.8,309.6, 310.20,310.75,313.34,211754,663.51,10165, 121283, 57.28
NV20, EQ, 09-Apr-2024,139.06,139.11,140.89,139.11, 140.42,139.84,139.81,20603,28.8,380, 12082, 58.64
NV20BEES, EQ, 09-Apr-2024,140.29,141.96,141.96,139.92, 141.43,140.93,140.72,23678,33.32,259, 16789, 70.91
NV20IETF, EQ, 09-Apr-2024,13.66,13.25,13.92,13.25, 13.72,13.69,13.71,1201425,164.74,2780, 949112, 79.00
NYKAA, EQ, 09-Apr-2024,179.3,179.5,185.8,177.1, 177.50,178.0,180.21,10204800,18390.25,92629, 4507306, 44.17
OAL, EQ, 09-Apr-2024,326.8,329.4,333.9,326.15, 326.55,326.75,329.07,10677,35.13,1159, 6026, 56.44
OBCL, EQ, 09-Apr-2024,54.6,55.05,55.75,53.0, 54.10,53.8,54.17,26429,14.32,950, 12060, 45.63
OBEROIRLTY, EQ, 09-Apr-2024,1532.4,1533.0,1552.7,1518.0, 1527.20,1524.5,1537.26,442957,6809.38,32865, 152977, 34.54
OCCL, EQ, 09-Apr-2024,720.15,723.65,739.0,720.0, 720.00,724.7,726.1,11952,86.78,1460, 5007, 41.89
OFSS, EQ, 09-Apr-2024,8563.1,8593.0,8757.0,8370.05, 8395.05,8390.4,8520.77,230661,19654.1,36003, 86001, 37.28
OIL, EQ, 09-Apr-2024,624.6,628.1,636.15,618.6, 631.00,629.75,626.79,2240881,14045.68,45283, 537788, 24.00
OLECTRA, EQ, 09-Apr-2024,1865.7,1880.0,1907.8,1850.0, 1866.00,1868.9,1881.42,675667,12712.15,35504, 156673, 23.19
OMAXE, EQ, 09-Apr-2024,102.0,105.8,110.0,103.85, 105.00,105.75,106.76,931192,994.1,5507, 431678, 46.36
OMINFRAL, EQ, 09-Apr-2024,136.65,137.8,138.7,132.15, 136.80,135.05,135.49,160247,217.12,5233, 91092, 56.84
ONGC, EQ, 09-Apr-2024,270.4,270.0,272.65,268.0, 269.15,268.95,269.73,13173933,35534.62,83653, 8164198, 61.97
ONMOBILE, EQ, 09-Apr-2024,81.75,82.0,83.25,80.0, 80.70,80.95,81.19,579073,470.16,4383, 207004, 35.75
ONWARDTEC, EQ, 09-Apr-2024,479.1,480.2,480.45,471.2, 477.00,476.15,475.34,28792,136.86,4086, 16032, 55.68
OPTIEMUS, EQ, 09-Apr-2024,281.75,283.2,291.8,280.35, 289.15,287.5,285.57,108481,309.79,5728, 43828, 40.40
ORBTEXP, EQ, 09-Apr-2024,160.9,161.4,164.4,160.5, 162.60,162.95,162.5,6349,10.32,347, 4019, 63.30
ORCHPHARMA, EQ, 09-Apr-2024,1131.0,1150.0,1220.0,1150.0, 1179.45,1181.05,1190.35,232263,2764.75,27853, 130175, 56.05
ORICONENT, EQ, 09-Apr-2024,40.9,40.95,46.1,40.75, 45.80,45.65,44.21,4921211,2175.65,14627, 1923124, 39.08
ORIENTBELL, EQ, 09-Apr-2024,364.2,360.9,366.1,360.2, 362.75,360.95,363.34,8568,31.13,587, 5155, 60.17
ORIENTCEM, EQ, 09-Apr-2024,222.65,224.8,224.8,215.15, 219.00,217.7,219.0,488313,1069.41,13089, 275714, 56.46
ORIENTCER, EQ, 09-Apr-2024,52.85,53.3,53.95,51.3, 52.35,52.15,52.73,82366,43.43,733, 57538, 69.86
ORIENTELEC, EQ, 09-Apr-2024,212.65,213.0,214.0,207.2, 209.35,208.15,209.69,631159,1323.45,15498, 393754, 62.39
ORIENTHOT, EQ, 09-Apr-2024,132.6,133.4,133.6,130.75, 132.15,132.15,132.07,311760,411.74,5240, 171018, 54.86
ORIENTLTD, EQ, 09-Apr-2024,92.8,93.9,93.9,90.65, 91.90,91.95,91.96,8284,7.62,126, 5844, 70.55
ORIENTPPR, EQ, 09-Apr-2024,46.55,46.85,46.85,45.75, 45.80,46.1,46.27,843018,390.06,3196, 427159, 50.67
ORISSAMINE, EQ, 09-Apr-2024,6259.7,6300.0,7075.0,6225.0, 6999.00,6960.25,6736.2,102063,6875.17,21326, 27105, 26.56
ORTINLAB, EQ, 09-Apr-2024,20.3,20.9,20.9,19.5, 19.60,19.8,19.79,11818,2.34,197, 7526, 63.68
OSWALAGRO, EQ, 09-Apr-2024,44.75,44.85,46.1,42.7, 42.90,43.1,43.99,107548,47.31,921, 76160, 70.81
OSWALGREEN, EQ, 09-Apr-2024,35.15,35.45,35.8,34.85, 35.35,35.3,35.25,228072,80.4,1558, 133655, 58.60
OSWALSEEDS, EQ, 09-Apr-2024,36.8,37.65,39.4,37.2, 39.15,38.85,38.44,371305,142.73,2322, 194611, 52.41
PAGEIND, EQ, 09-Apr-2024,35024.6,35190.0,36420.9,34901.0, 36290.00,36331.7,36054.13,57004,20552.3,20339, 26200, 45.96
PAISALO, EQ, 09-Apr-2024,80.75,80.9,86.45,80.75, 82.55,82.8,84.34,6113820,5156.59,23937, 2458900, 40.22
PAKKA, EQ, 09-Apr-2024,301.65,303.5,309.0,294.95, 300.45,300.15,301.39,109911,331.26,8748, 49544, 45.08
PALASHSECU, EQ, 09-Apr-2024,131.25,131.55,134.5,127.65, 128.00,127.95,130.09,10598,13.79,1002, 3589, 33.86
PANACEABIO, EQ, 09-Apr-2024,142.95,143.25,161.25,142.55, 144.50,144.45,149.74,799356,1196.92,14008, 187645, 23.47
PANACHE, EQ, 09-Apr-2024,87.45,90.7,93.7,82.0, 86.00,85.35,87.38,40434,35.33,403, 29286, 72.43
PANAMAPET, EQ, 09-Apr-2024,338.2,339.9,342.4,331.1, 334.35,335.1,337.7,96882,327.17,5058, 57573, 59.43
PANSARI, EQ, 09-Apr-2024,98.75,98.75,100.0,93.85, 95.00,95.0,95.93,6286,6.03,183, 3958, 62.97
PAR, EQ, 09-Apr-2024,239.2,242.6,247.0,236.6, 238.00,239.75,241.59,69005,166.71,1128, 29227, 42.35
PARACABLES, EQ, 09-Apr-2024,90.95,92.65,93.0,86.8, 87.30,87.4,88.91,919185,817.28,7484, 582734, 63.40
PARADEEP, EQ, 09-Apr-2024,72.75,73.2,74.15,71.8, 72.35,72.15,72.78,1705724,1241.45,6827, 716083, 41.98
PARAGMILK, EQ, 09-Apr-2024,220.05,222.0,222.8,213.8, 217.30,217.5,217.97,1050020,2288.73,15171, 530756, 50.55
PARAS, EQ, 09-Apr-2024,706.7,708.35,709.75,694.5, 701.00,698.5,701.07,118623,831.62,10272, 56453, 47.59
PARKHOTELS, EQ, 09-Apr-2024,207.8,209.0,211.75,204.5, 208.00,207.6,207.9,357439,743.13,9705, 136195, 38.10
PARSVNATH, EQ, 09-Apr-2024,14.75,14.95,14.95,14.05, 14.05,14.2,14.34,448418,64.29,1199, 258788, 57.71
PASUPTAC, EQ, 09-Apr-2024,40.55,40.0,41.0,38.75, 39.50,39.45,40.05,219581,87.94,1674, 94492, 43.03
PATANJALI, EQ, 09-Apr-2024,1368.2,1372.85,1377.3,1348.0, 1353.40,1350.35,1358.19,146939,1995.71,12230, 96084, 65.39
PATELENG, EQ, 09-Apr-2024,61.0,61.3,61.35,59.35, 59.85,59.9,60.25,2706211,1630.47,9698, 1456501, 53.82
PATINTLOG, EQ, 09-Apr-2024,23.1,23.2,23.7,22.15, 22.35,22.4,22.61,421333,95.28,1615, 161019, 38.22
PAYTM, EQ, 09-Apr-2024,412.2,416.0,416.45,402.9, 404.50,404.2,406.91,926611,3770.44,28549, 646437, 69.76
PCBL, EQ, 09-Apr-2024,274.7,275.9,283.0,275.35, 279.60,279.8,280.36,1760337,4935.23,33445, 697276, 39.61
PCJEWELLER, EQ, 09-Apr-2024,59.1,59.5,59.6,56.75, 57.20,57.15,57.34,2165791,1241.79,5836, 1711848, 79.04
PDMJEPAPER, EQ, 09-Apr-2024,70.95,70.95,72.5,69.75, 71.40,71.0,70.9,239402,169.74,2517, 100624, 42.03
PDSL, EQ, 09-Apr-2024,488.0,491.4,493.95,464.85, 474.00,470.35,477.52,74309,354.84,7700, 41476, 55.82
PEARLPOLY, EQ, 09-Apr-2024,34.45,34.8,39.55,34.5, 36.60,36.8,37.38,541243,202.3,3004, 254239, 46.97
PEL, EQ, 09-Apr-2024,864.9,868.0,881.3,863.25, 875.95,875.65,873.32,937573,8188.02,33040, 361808, 38.59
PENIND, EQ, 09-Apr-2024,134.7,134.7,137.95,132.4, 133.80,133.15,135.02,449034,606.27,7734, 199286, 44.38
PENINLAND, EQ, 09-Apr-2024,55.35,55.7,56.35,54.0, 54.35,54.4,55.02,540944,297.64,3395, 264292, 48.86
PERSISTENT, EQ, 09-Apr-2024,3903.8,3930.0,3988.0,3891.1, 3960.00,3956.85,3954.52,282366,11166.21,38218, 128387, 45.47
PETRONET, EQ, 09-Apr-2024,281.0,282.9,290.2,280.5, 289.00,288.55,284.94,6250123,17809.38,47695, 2721477, 43.54
PFC, EQ, 09-Apr-2024,410.35,412.0,414.35,400.35, 403.00,402.75,405.42,8624425,34964.99,81223, 3637688, 42.18
PFIZER, EQ, 09-Apr-2024,4295.85,4300.0,4324.0,4215.15, 4237.80,4227.55,4251.78,11429,485.94,3650, 6654, 58.22
PFOCUS, EQ, 09-Apr-2024,108.75,109.5,109.5,104.5, 106.50,105.65,106.7,101369,108.16,2109, 56397, 55.64
PGEL, EQ, 09-Apr-2024,1797.95,1808.7,1849.0,1800.0, 1805.95,1814.0,1824.59,50792,926.74,7016, 22861, 45.01
PGHH, EQ, 09-Apr-2024,16261.1,16202.0,16329.45,16115.05, 16141.00,16179.15,16198.9,2127,344.55,1063, 881, 41.42
PGHL, EQ, 09-Apr-2024,4783.45,4812.45,4836.9,4785.0, 4825.00,4826.4,4813.69,3700,178.11,1050, 1864, 50.38
PGIL, EQ, 09-Apr-2024,594.45,594.45,594.45,581.2, 589.85,588.75,586.11,9422,55.22,640, 6566, 69.69
PHARMABEES, EQ, 09-Apr-2024,19.56,19.68,19.68,19.48, 19.55,19.51,19.54,1481012,289.36,7439, 1005451, 67.89
PHOENIXLTD, EQ, 09-Apr-2024,2897.6,2920.0,2955.0,2875.2, 2919.50,2908.45,2899.31,225971,6551.6,38135, 138283, 61.20
PIDILITIND, EQ, 09-Apr-2024,3044.2,3044.45,3054.9,2996.1, 3018.50,3014.55,3017.67,125853,3797.82,17998, 66125, 52.54
PIIND, EQ, 09-Apr-2024,3959.7,4022.55,4040.0,3842.45, 3907.05,3905.75,3925.31,344997,13542.2,27906, 108046, 31.32
PILANIINVS, EQ, 09-Apr-2024,3590.1,3625.0,3654.05,3522.35, 3582.00,3574.5,3595.45,5862,210.77,1505, 3042, 51.89
PITTIENG, EQ, 09-Apr-2024,844.9,842.0,856.0,824.35, 854.00,852.75,844.62,92954,785.11,8275, 42242, 45.44
PIXTRANS, EQ, 09-Apr-2024,1464.1,1469.35,1486.95,1415.0, 1415.00,1424.15,1440.46,16790,241.85,3154, 7849, 46.75
PKTEA, EQ, 09-Apr-2024,330.35,325.05,325.05,312.0, 312.00,316.1,318.32,524,1.67,72, 347, 66.22
PLASTIBLEN, EQ, 09-Apr-2024,270.85,271.15,279.8,269.1, 275.00,275.7,275.28,23983,66.02,1744, 13715, 57.19
PLATIND, EQ, 09-Apr-2024,200.6,201.15,202.7,195.0, 196.70,196.75,198.33,198864,394.4,6164, 102172, 51.38
PLAZACABLE, EQ, 09-Apr-2024,94.9,95.0,99.45,94.95, 97.30,96.8,97.05,215402,209.05,2504, 109172, 50.68
PNB, EQ, 09-Apr-2024,132.9,133.5,134.75,131.25, 132.55,132.5,133.07,25963967,34550.29,78457, 5136568, 19.78
PNBGILTS, EQ, 09-Apr-2024,114.05,114.8,115.5,112.7, 114.70,114.3,113.99,547911,624.58,4328, 200143, 36.53
PNBHOUSING, EQ, 09-Apr-2024,763.9,766.8,794.6,760.55, 765.10,764.5,778.93,1116656,8697.92,45459, 219225, 19.63
PNC, EQ, 09-Apr-2024,60.4,61.0,61.85,59.0, 59.85,59.85,60.44,6949,4.2,213, 4777, 68.74
PNCINFRA, EQ, 09-Apr-2024,464.3,468.1,480.0,448.6, 453.00,451.6,462.79,1692307,7831.91,55049, 618707, 36.56
POCL, EQ, 09-Apr-2024,685.95,685.1,693.0,651.1, 664.00,660.45,671.14,24326,163.26,1478, 16322, 67.10
PODDARMENT, EQ, 09-Apr-2024,347.65,348.2,348.65,345.0, 345.00,346.1,346.41,3632,12.58,303, 3067, 84.44
POKARNA, EQ, 09-Apr-2024,463.95,466.0,475.05,452.0, 466.00,467.95,465.26,114325,531.91,8344, 63793, 55.80
POLICYBZR, EQ, 09-Apr-2024,1285.25,1295.25,1330.0,1272.05, 1310.95,1303.05,1303.7,2083395,27161.26,76553, 1076787, 51.68
POLYCAB, EQ, 09-Apr-2024,5281.4,5336.8,5336.8,5242.8, 5258.00,5261.4,5278.01,197608,10429.78,26771, 83943, 42.48
POLYMED, EQ, 09-Apr-2024,1537.75,1545.0,1582.45,1545.0, 1572.00,1569.65,1568.09,28627,448.9,6608, 13247, 46.27
POLYPLEX, EQ, 09-Apr-2024,903.25,908.2,910.2,881.0, 890.00,888.25,888.59,67224,597.35,5928, 32075, 47.71
PONNIERODE, EQ, 09-Apr-2024,417.8,424.8,424.8,415.0, 422.10,419.8,419.03,24788,103.87,1168, 13264, 53.51
POONAWALLA, EQ, 09-Apr-2024,488.7,491.3,495.05,483.15, 491.00,491.3,489.98,1156430,5666.23,26144, 512373, 44.31
POWERGRID, EQ, 09-Apr-2024,281.75,282.85,284.35,281.0, 281.00,281.2,282.09,5780865,16307.08,50352, 3169390, 54.83
POWERINDIA, EQ, 09-Apr-2024,7540.65,7550.05,7879.45,7550.05, 7735.00,7737.45,7751.4,122273,9477.87,25433, 47878, 39.16
POWERMECH, EQ, 09-Apr-2024,5162.55,5163.0,5250.0,5139.8, 5145.00,5171.8,5202.67,18996,988.3,3717, 10157, 53.47
PPAP, EQ, 09-Apr-2024,206.5,206.5,210.7,205.95, 207.80,208.65,207.98,12551,26.1,447, 9121, 72.67
PPL, EQ, 09-Apr-2024,402.2,407.65,407.65,386.3, 394.00,393.25,395.41,59596,235.65,2252, 35252, 59.15
PPLPHARMA, EQ, 09-Apr-2024,139.0,139.7,142.3,138.6, 141.75,141.4,141.49,4768167,6746.52,26636, 2708179, 56.80
PRAJIND, EQ, 09-Apr-2024,526.55,529.8,530.6,521.0, 524.15,524.35,524.39,574667,3013.49,20822, 294595, 51.26
PRAKASH, EQ, 09-Apr-2024,177.5,177.75,179.5,171.35, 173.45,173.65,175.22,384282,673.33,9160, 244333, 63.58
PRECAM, EQ, 09-Apr-2024,214.5,216.25,216.25,211.0, 213.95,212.85,212.98,87666,186.71,5217, 41689, 47.55
PRECWIRE, EQ, 09-Apr-2024,130.55,130.3,132.0,128.0, 130.00,129.4,129.99,251411,326.8,6084, 119729, 47.62
PREMEXPLN, EQ, 09-Apr-2024,1690.1,1770.0,2004.8,1740.55, 1980.00,1967.85,1928.91,750905,14484.28,42480, 174096, 23.18
PREMIERPOL, EQ, 09-Apr-2024,193.0,192.5,198.7,192.3, 194.20,194.95,194.68,28254,55.0,2466, 12994, 45.99
PRESTIGE, EQ, 09-Apr-2024,1275.45,1295.0,1317.7,1250.0, 1266.00,1258.25,1273.44,595545,7583.9,40323, 310052, 52.06
PRICOLLTD, EQ, 09-Apr-2024,401.95,401.05,403.75,395.25, 398.20,400.0,400.24,182743,731.41,12807, 86479, 47.32
PRIMESECU, EQ, 09-Apr-2024,179.35,180.0,181.9,177.55, 177.55,178.15,178.94,12156,21.75,767, 6219, 51.16
PRINCEPIPE, EQ, 09-Apr-2024,608.65,611.95,625.7,605.05, 622.50,619.95,617.51,216045,1334.11,18490, 105379, 48.78
PRITI, EQ, 09-Apr-2024,185.3,182.2,186.95,176.0, 182.00,180.25,181.27,23368,42.36,1133, 14469, 61.92
PRIVISCL, EQ, 09-Apr-2024,1078.45,1088.0,1140.0,1073.05, 1116.05,1116.3,1116.44,43556,486.28,5203, 19332, 44.38
PROZONER, EQ, 09-Apr-2024,32.65,32.85,33.6,32.15, 32.60,32.45,32.75,411822,134.86,1662, 196783, 47.78
PRSMJOHNSN, EQ, 09-Apr-2024,185.95,186.7,186.9,180.1, 180.75,180.8,182.7,249131,455.16,6953, 117357, 47.11
PRUDENT, EQ, 09-Apr-2024,1275.7,1285.0,1374.95,1272.9, 1361.95,1364.2,1339.82,55392,742.15,8285, 27094, 48.91
PSB, EQ, 09-Apr-2024,63.55,63.85,64.25,60.25, 61.20,61.15,62.03,5253251,3258.48,13188, 1877018, 35.73
PSPPROJECT, EQ, 09-Apr-2024,731.9,737.35,744.9,723.05, 735.00,727.85,734.53,68620,504.04,6346, 34381, 50.10
PSUBANK, EQ, 09-Apr-2024,720.93,722.31,729.97,709.58, 714.31,713.34,712.19,46623,332.04,2536, 36529, 78.35
PSUBANKADD, EQ, 09-Apr-2024,72.33,72.26,72.67,71.16, 71.78,71.66,71.7,17752,12.73,225, 13036, 73.43
PSUBNKBEES, EQ, 09-Apr-2024,80.37,80.97,80.97,79.21, 79.86,79.69,79.94,2015104,1610.84,10658, 1173643, 58.24
PSUBNKIETF, EQ, 09-Apr-2024,72.85,72.86,73.64,71.72, 72.23,72.13,72.44,305854,221.55,1929, 120233, 39.31
PTC, EQ, 09-Apr-2024,199.8,199.1,202.0,191.3, 196.10,196.95,198.99,1318669,2624.05,19316, 672227, 50.98
PTCIL, EQ, 09-Apr-2024,7625.1,7548.85,7650.45,7462.0, 7543.00,7534.6,7545.88,2843,214.53,1263, 1494, 52.55
PTL, EQ, 09-Apr-2024,42.15,42.2,42.65,41.65, 41.85,41.8,42.11,57901,24.38,982, 27326, 47.19
PUNJABCHEM, EQ, 09-Apr-2024,1024.4,1031.1,1034.45,1010.1, 1010.10,1012.4,1015.91,3429,34.84,543, 2344, 68.36
PURVA, EQ, 09-Apr-2024,245.9,250.0,295.05,250.0, 295.05,293.35,279.6,5015999,14024.76,77527, 1443232, 28.77
PVP, EQ, 09-Apr-2024,37.15,37.6,37.7,35.55, 35.70,35.65,36.05,403869,145.6,2704, 288043, 71.32
PVRINOX, EQ, 09-Apr-2024,1385.35,1391.0,1391.9,1370.3, 1386.00,1384.9,1382.72,538637,7447.82,28501, 343185, 63.71
PVSL, EQ, 09-Apr-2024,267.55,274.9,274.95,263.3, 266.00,265.85,270.76,357000,966.63,13592, 135375, 37.92
PVTBANIETF, EQ, 09-Apr-2024,24.24,24.28,24.42,24.24, 24.31,24.28,24.32,594425,144.57,1428, 451632, 75.98
PVTBANKADD, EQ, 09-Apr-2024,24.29,24.3,24.54,24.21, 24.31,24.39,24.44,141578,34.6,513, 98873, 69.84
PYRAMID, EQ, 09-Apr-2024,166.9,168.55,170.0,166.0, 168.00,167.6,167.68,30849,51.73,1801, 17262, 55.96
QGOLDHALF, EQ, 09-Apr-2024,59.94,60.49,60.55,59.94, 60.48,60.51,60.27,28053,16.91,262, 17853, 63.64
QNIFTY, EQ, 09-Apr-2024,2428.0,2431.99,2437.99,2422.01, 2424.00,2424.0,2431.06,100,2.43,28, 78, 78.00
QUAL30IETF, EQ, 09-Apr-2024,189.59,189.6,190.55,188.61, 189.20,189.19,189.45,352,0.67,37, 198, 56.25
QUESS, EQ, 09-Apr-2024,577.3,577.4,585.5,571.25, 574.50,573.5,577.9,178413,1031.05,12752, 92253, 51.71
QUICKHEAL, EQ, 09-Apr-2024,494.55,498.0,509.0,492.55, 500.00,498.45,499.1,128043,639.06,15761, 42501, 33.19
RACE, EQ, 09-Apr-2024,322.8,317.5,326.7,315.4, 325.75,325.1,324.07,5793,18.77,494, 3940, 68.01
RADHIKAJWE, EQ, 09-Apr-2024,67.8,68.15,69.0,66.4, 68.15,67.9,67.8,397301,269.37,4412, 176420, 44.40
RADIANTCMS, EQ, 09-Apr-2024,83.95,84.35,85.95,82.2, 83.00,83.85,83.58,174688,146.01,2202, 105533, 60.41
RADICO, EQ, 09-Apr-2024,1667.2,1675.55,1679.95,1657.05, 1665.00,1667.1,1668.44,46318,772.79,9389, 22739, 49.09
RADIOCITY, EQ, 09-Apr-2024,18.05,18.1,18.35,17.5, 17.80,17.7,17.82,845199,150.63,2216, 349755, 41.38
RAILTEL, EQ, 09-Apr-2024,391.9,393.3,393.6,382.5, 386.65,386.2,386.72,1747879,6759.41,24442, 502030, 28.72
RAIN, EQ, 09-Apr-2024,171.85,172.0,173.9,168.5, 170.20,170.4,171.1,2232419,3819.72,22215, 859222, 38.49
RAINBOW, EQ, 09-Apr-2024,1376.1,1389.75,1389.75,1340.3, 1360.00,1356.6,1356.11,68765,932.53,11302, 29239, 42.52
RAJESHEXPO, EQ, 09-Apr-2024,304.4,306.85,310.8,301.55, 308.00,306.95,306.76,531215,1629.55,16260, 173371, 32.64
RAJRATAN, EQ, 09-Apr-2024,618.75,618.75,625.45,607.5, 611.65,613.6,615.43,51234,315.31,7269, 27462, 53.60
RAJSREESUG, EQ, 09-Apr-2024,65.6,66.95,69.85,64.0, 69.50,68.15,67.67,205630,139.15,1373, 101055, 49.14
RALLIS, EQ, 09-Apr-2024,271.55,271.2,275.95,268.75, 270.95,271.8,272.53,328128,894.23,11628, 138350, 42.16
RAMANEWS, EQ, 09-Apr-2024,19.75,19.95,20.9,19.4, 19.50,19.5,19.8,248792,49.25,1585, 135886, 54.62
RAMAPHO, EQ, 09-Apr-2024,186.15,187.05,189.1,183.8, 187.10,185.05,185.88,3523,6.55,441, 2138, 60.69
RAMASTEEL, EQ, 09-Apr-2024,13.3,13.3,13.3,12.8, 12.90,12.9,13.01,14855482,1932.99,10953, 5987089, 40.30
RAMCOCEM, EQ, 09-Apr-2024,848.9,854.7,855.0,837.15, 841.00,840.35,845.17,484261,4092.82,18923, 213938, 44.18
RAMCOIND, EQ, 09-Apr-2024,220.2,222.2,222.75,218.0, 219.00,219.25,220.27,70861,156.09,3548, 41329, 58.32
RAMCOSYS, EQ, 09-Apr-2024,291.3,293.0,293.25,282.05, 285.00,284.1,287.47,38251,109.96,3207, 20815, 54.42
RAMKY, EQ, 09-Apr-2024,616.8,624.1,635.35,610.0, 610.00,611.15,621.3,56310,349.86,1893, 36863, 65.46
RAMRAT, EQ, 09-Apr-2024,281.6,281.85,303.0,279.1, 301.65,301.45,294.67,124558,367.03,4739, 69315, 55.65
RANASUG, EQ, 09-Apr-2024,22.2,22.3,23.35,21.85, 23.10,22.8,22.55,1109509,250.21,3198, 432631, 38.99
RANEENGINE, EQ, 09-Apr-2024,342.8,345.1,350.05,336.25, 336.25,341.3,342.92,4206,14.42,293, 3148, 74.85
RANEHOLDIN, EQ, 09-Apr-2024,1130.2,1140.5,1165.7,1122.05, 1151.50,1149.6,1143.17,14648,167.45,1694, 9409, 64.23
RATEGAIN, EQ, 09-Apr-2024,706.0,720.0,720.0,682.05, 692.00,690.0,693.38,436764,3028.42,20829, 262852, 60.18
RATNAMANI, EQ, 09-Apr-2024,3036.2,3034.0,3063.55,3030.0, 3040.00,3041.3,3042.71,14903,453.45,5327, 7638, 51.25
RATNAVEER, EQ, 09-Apr-2024,129.05,129.5,131.35,125.55, 127.50,126.95,128.26,198888,255.1,5186, 91462, 45.99
RAYMOND, EQ, 09-Apr-2024,1912.0,1918.95,1947.0,1895.0, 1906.80,1902.35,1924.86,111774,2151.5,11537, 46822, 41.89
RBA, EQ, 09-Apr-2024,103.1,103.45,103.7,100.55, 100.70,100.7,101.39,2518467,2553.41,16842, 1838692, 73.01
RBL, EQ, 09-Apr-2024,768.15,768.15,782.5,751.1, 770.00,768.45,767.53,12509,96.01,1966, 4307, 34.43
RBLBANK, EQ, 09-Apr-2024,255.5,257.5,262.25,254.65, 258.75,258.8,258.61,5994123,15501.47,35683, 1599451, 26.68
RBZJEWEL, EQ, 09-Apr-2024,163.55,164.95,168.5,159.0, 160.30,159.8,162.37,135844,220.57,3119, 107830, 79.38
RCF, EQ, 09-Apr-2024,145.15,145.9,149.4,144.55, 145.95,145.7,146.89,4176555,6135.06,22899, 1265170, 30.29
RECLTD, EQ, 09-Apr-2024,453.5,458.0,458.4,439.7, 440.10,440.9,445.09,14262840,63482.71,160020, 6813718, 47.77
REDINGTON, EQ, 09-Apr-2024,221.7,222.9,227.35,221.0, 222.50,222.0,224.09,1853565,4153.73,25326, 553921, 29.88
REDTAPE, EQ, 09-Apr-2024,724.0,719.95,736.55,711.95, 714.25,720.3,728.97,106667,777.57,7092, 59006, 55.32
REFEX, EQ, 09-Apr-2024,142.2,146.0,146.0,138.0, 140.05,139.65,141.97,371439,527.33,9846, 179684, 48.38
RELAXO, EQ, 09-Apr-2024,834.85,834.85,839.3,825.0, 825.00,826.05,831.19,40839,339.45,7237, 22614, 55.37
RELCHEMQ, EQ, 09-Apr-2024,238.35,239.6,244.9,231.05, 242.15,241.1,237.43,43206,102.59,2135, 22336, 51.70
RELIANCE, EQ, 09-Apr-2024,2971.95,2978.0,2979.6,2925.0, 2931.90,2927.3,2942.09,3535707,104023.79,166238, 2346545, 66.37
RELIGARE, EQ, 09-Apr-2024,229.5,229.7,230.8,226.45, 229.95,229.25,229.07,947208,2169.81,13921, 524731, 55.40
RELINFRA, EQ, 09-Apr-2024,287.6,287.95,293.05,279.3, 284.50,284.5,286.51,2263735,6485.91,17129, 959928, 42.40
RENUKA, EQ, 09-Apr-2024,42.9,43.35,46.3,42.3, 45.95,45.35,44.86,20072905,9004.8,34283, 6225022, 31.01
REPCOHOME, EQ, 09-Apr-2024,448.5,448.55,449.6,435.05, 440.00,438.7,441.81,60665,268.02,4848, 34291, 56.53
REPL, EQ, 09-Apr-2024,189.45,189.9,192.8,186.0, 186.00,187.65,188.88,14309,27.03,775, 8439, 58.98
REPRO, EQ, 09-Apr-2024,818.4,819.85,839.7,810.05, 828.70,817.3,821.59,5559,45.67,1755, 1952, 35.11
RESPONIND, EQ, 09-Apr-2024,297.5,298.55,299.6,293.0, 296.50,295.75,296.23,14993,44.41,1070, 6081, 40.56
RGL, EQ, 09-Apr-2024,116.4,117.0,118.05,113.75, 115.50,115.6,115.99,133685,155.06,2346, 54601, 40.84
RHIM, EQ, 09-Apr-2024,612.1,610.0,613.8,606.1, 611.95,611.1,609.71,110542,673.98,11457, 69415, 62.80
RICOAUTO, EQ, 09-Apr-2024,145.05,145.85,148.4,141.8, 142.80,142.85,145.08,1135713,1647.69,9024, 588384, 51.81
RIIL, EQ, 09-Apr-2024,1315.85,1320.9,1335.9,1283.1, 1301.00,1297.4,1310.75,201942,2646.95,12328, 55750, 27.61
RISHABH, EQ, 09-Apr-2024,463.8,465.5,469.95,457.0, 457.00,459.15,462.27,58344,269.71,4623, 35007, 60.00
RITCO, EQ, 09-Apr-2024,238.85,239.85,241.2,235.8, 237.60,238.05,238.33,8238,19.63,585, 4603, 55.88
RITES, EQ, 09-Apr-2024,694.0,697.9,698.0,677.1, 688.00,684.9,688.39,820968,5651.44,28932, 266048, 32.41
RKEC, EQ, 09-Apr-2024,102.1,101.1,103.9,100.5, 102.00,101.7,102.53,52247,53.57,367, 38559, 73.80
RKFORGE, EQ, 09-Apr-2024,698.45,698.45,705.0,685.0, 687.00,689.1,695.39,259709,1805.99,19075, 140528, 54.11
RKSWAMY, EQ, 09-Apr-2024,283.45,292.7,292.7,277.1, 280.00,278.8,283.28,324149,918.25,9988, 154186, 47.57
RML, EQ, 09-Apr-2024,748.65,748.0,765.0,741.2, 750.00,749.8,753.08,15723,118.41,1319, 10600, 67.42
ROHLTD, EQ, 09-Apr-2024,418.25,420.25,423.05,408.85, 414.00,414.5,416.27,138000,574.45,7915, 73769, 53.46
ROLEXRINGS, EQ, 09-Apr-2024,1914.05,1931.0,1931.3,1880.0, 1898.00,1889.05,1905.91,13614,259.47,3205, 6434, 47.26
ROML, EQ, 09-Apr-2024,49.7,50.7,50.75,49.15, 49.50,49.65,49.53,6287,3.11,121, 5272, 83.86
ROSSARI, EQ, 09-Apr-2024,711.95,715.95,716.0,701.25, 704.95,704.9,708.42,26044,184.5,4754, 13777, 52.90
ROSSELLIND, EQ, 09-Apr-2024,396.2,396.0,410.0,395.2, 406.60,404.5,403.29,34856,140.57,2951, 15996, 45.89
ROTO, EQ, 09-Apr-2024,395.55,395.95,401.0,390.0, 397.00,394.55,396.77,48254,191.46,4709, 20731, 42.96
ROUTE, EQ, 09-Apr-2024,1612.9,1615.0,1616.0,1608.05, 1615.20,1612.5,1611.05,710926,11453.39,4591, 665897, 93.67
RPGLIFE, EQ, 09-Apr-2024,1588.45,1589.05,1592.05,1531.0, 1538.95,1541.9,1549.46,9696,150.24,1819, 5837, 60.20
RPSGVENT, EQ, 09-Apr-2024,684.8,688.4,720.85,681.0, 707.00,708.3,704.48,71662,504.84,7679, 32299, 45.07
RPTECH, EQ, 09-Apr-2024,349.6,350.55,350.6,343.7, 348.00,348.25,347.52,191384,665.1,7312, 100381, 52.45
RRKABEL, EQ, 09-Apr-2024,1573.55,1570.0,1613.05,1564.5, 1605.00,1600.45,1596.83,126736,2023.76,12398, 63701, 50.26
RSWM, EQ, 09-Apr-2024,188.3,190.1,190.8,184.95, 186.85,187.15,187.05,73392,137.28,4652, 33179, 45.21
RSYSTEMS, EQ, 09-Apr-2024,464.95,464.8,470.0,461.95, 465.30,465.25,466.25,76842,358.28,4720, 48773, 63.47
RTNINDIA, EQ, 09-Apr-2024,76.2,76.35,76.9,74.15, 75.15,74.9,75.53,2721977,2055.82,12803, 611787, 22.48
RUBYMILLS, EQ, 09-Apr-2024,206.65,207.7,211.95,203.1, 209.85,209.35,207.5,13637,28.3,1017, 6834, 50.11
RUCHINFRA, EQ, 09-Apr-2024,13.9,13.9,14.5,13.65, 13.90,13.8,13.99,321445,44.98,863, 248201, 77.21
RUCHIRA, EQ, 09-Apr-2024,124.75,125.05,126.25,123.25, 123.85,124.05,124.2,34375,42.69,889, 17524, 50.98
RUPA, EQ, 09-Apr-2024,257.05,258.0,258.5,253.3, 255.35,254.5,255.61,89245,228.12,5319, 54209, 60.74
RUSHIL, EQ, 09-Apr-2024,323.4,323.5,325.1,304.2, 306.95,307.35,312.63,164541,514.41,9040, 108086, 65.69
RUSTOMJEE, EQ, 09-Apr-2024,673.4,683.0,689.0,675.0, 679.50,680.0,680.59,49389,336.13,2086, 25905, 52.45
RVNL, EQ, 09-Apr-2024,264.2,265.3,265.6,260.7, 262.30,262.1,262.4,5674854,14890.64,51590, 1755912, 30.94
SADBHAV, EQ, 09-Apr-2024,36.65,36.55,40.3,36.55, 38.40,38.7,38.98,14276346,5565.38,19785, 3937664, 27.58
SADHNANIQ, EQ, 09-Apr-2024,70.6,70.65,71.6,69.0, 69.45,69.35,70.23,174229,122.36,2270, 84655, 48.59
SAFARI, EQ, 09-Apr-2024,2016.05,2016.0,2035.0,1967.25, 1978.00,1976.1,2004.27,29772,596.71,6166, 12041, 40.44
SAGCEM, EQ, 09-Apr-2024,220.9,222.5,222.5,214.85, 216.30,217.2,217.3,126217,274.27,7461, 80518, 63.79
SAH, EQ, 09-Apr-2024,96.0,96.15,98.9,95.0, 96.90,95.6,97.35,43158,42.02,356, 7826, 18.13
SAHYADRI, EQ, 09-Apr-2024,365.75,364.7,375.0,364.3, 375.00,367.95,368.68,3835,14.14,625, 2364, 61.64
SAIL, EQ, 09-Apr-2024,146.3,146.95,153.45,144.8, 151.80,151.35,150.82,73641695,111067.59,172561, 24155020, 32.80
SAKAR, EQ, 09-Apr-2024,373.1,375.0,379.95,368.05, 374.90,372.2,371.97,11351,42.22,405, 8992, 79.22
SAKHTISUG, EQ, 09-Apr-2024,36.3,37.0,37.8,35.35, 37.00,36.85,36.47,541753,197.58,2611, 251898, 46.50
SAKSOFT, EQ, 09-Apr-2024,293.55,299.7,300.0,285.0, 292.00,288.55,290.35,145917,423.67,10019, 65565, 44.93
SAKUMA, EQ, 09-Apr-2024,26.55,26.9,27.0,25.8, 26.30,26.15,26.35,649741,171.22,2251, 379557, 58.42
SALASAR, EQ, 09-Apr-2024,22.55,22.7,22.85,22.0, 22.15,22.1,22.24,4587762,1020.13,14281, 2772945, 60.44
SALONA, EQ, 09-Apr-2024,317.0,318.65,320.9,306.05, 307.65,311.1,312.29,906,2.83,177, 515, 56.84
SALZERELEC, EQ, 09-Apr-2024,827.25,830.0,850.0,812.0, 819.90,818.0,826.35,44482,367.58,2927, 27011, 60.72
SAMHI, EQ, 09-Apr-2024,204.15,205.3,208.0,202.4, 203.00,203.55,204.85,703954,1442.03,16504, 375455, 53.34
SANDESH, EQ, 09-Apr-2024,1289.8,1297.3,1303.0,1275.25, 1275.60,1278.5,1288.42,1547,19.93,338, 733, 47.38
SANDHAR, EQ, 09-Apr-2024,513.1,515.95,519.0,484.0, 500.00,494.75,501.56,113547,569.51,11561, 57666, 50.79
SANDUMA, EQ, 09-Apr-2024,410.65,414.3,415.0,405.05, 405.05,406.65,409.79,68453,280.51,2282, 45849, 66.98
SANGAMIND, EQ, 09-Apr-2024,455.35,456.05,458.5,447.1, 452.00,452.2,453.13,15198,68.87,1968, 5669, 37.30
SANGHIIND, EQ, 09-Apr-2024,101.0,101.85,101.85,98.75, 100.00,99.9,99.94,305380,305.18,3087, 186552, 61.09
SANGHVIMOV, EQ, 09-Apr-2024,1297.9,1310.0,1345.0,1290.0, 1308.50,1311.75,1314.32,147220,1934.94,12827, 65525, 44.51
SANOFI, EQ, 09-Apr-2024,8622.75,8688.3,8688.3,8380.05, 8430.55,8411.55,8480.82,12457,1056.46,4775, 7677, 61.63
SANSERA, EQ, 09-Apr-2024,1056.6,1056.6,1079.85,1042.0, 1048.75,1045.8,1057.23,126169,1333.89,12935, 64049, 50.76
SAPPHIRE, EQ, 09-Apr-2024,1510.05,1518.0,1549.9,1513.1, 1532.05,1528.25,1523.68,160165,2440.4,6802, 123414, 77.05
SARDAEN, EQ, 09-Apr-2024,217.35,216.4,221.3,213.5, 215.05,215.95,217.4,240688,523.25,12775, 105684, 43.91
SAREGAMA, EQ, 09-Apr-2024,394.55,397.65,401.9,386.25, 390.00,391.0,392.07,430025,1686.0,18846, 154272, 35.88
SARLAPOLY, EQ, 09-Apr-2024,60.1,60.4,60.4,58.55, 60.00,59.2,59.36,174318,103.48,1254, 109733, 62.95
SASKEN, EQ, 09-Apr-2024,1650.0,1660.2,1687.45,1641.0, 1659.00,1651.4,1652.96,11044,182.55,1985, 4805, 43.51
SASTASUNDR, EQ, 09-Apr-2024,319.6,321.2,322.35,309.15, 312.95,312.05,314.55,22567,70.99,2263, 13449, 59.60
SATIA, EQ, 09-Apr-2024,121.85,121.55,123.1,119.15, 120.50,120.3,120.83,262877,317.63,3827, 129536, 49.28
SATIN, EQ, 09-Apr-2024,244.7,245.95,251.5,244.0, 245.90,245.7,247.77,516914,1280.77,22108, 166328, 32.18
SATINDLTD, EQ, 09-Apr-2024,106.9,107.2,107.2,103.6, 103.90,104.05,104.91,317435,333.03,3121, 119281, 37.58
SAURASHCEM, EQ, 09-Apr-2024,112.65,112.65,114.25,109.55, 110.40,110.05,111.51,72319,80.64,1300, 49959, 69.08
SBC, EQ, 09-Apr-2024,23.55,23.7,23.9,22.85, 23.15,23.1,23.3,1588971,370.16,4547, 621696, 39.13
SBCL, EQ, 09-Apr-2024,582.1,580.65,589.9,571.9, 578.00,576.8,580.13,71219,413.16,6618, 37476, 52.62
SBFC, EQ, 09-Apr-2024,82.9,83.0,83.5,82.4, 82.65,82.75,82.86,654940,542.66,10822, 322965, 49.31
SBGLP, EQ, 09-Apr-2024,921.65,929.0,933.0,907.55, 915.65,919.0,920.53,325564,2996.91,7464, 183005, 56.21
SBICARD, EQ, 09-Apr-2024,723.3,728.0,753.9,724.25, 751.25,752.1,744.05,4242049,31562.87,99142, 1414994, 33.36
SBIETFCON, EQ, 09-Apr-2024,104.28,104.64,104.64,103.0, 103.95,103.92,104.08,2705,2.82,117, 1802, 66.62
SBIETFIT, EQ, 09-Apr-2024,371.75,371.74,376.0,370.0, 372.60,371.52,372.91,14914,55.62,568, 12787, 85.74
SBIETFPB, EQ, 09-Apr-2024,245.21,247.24,247.24,245.0, 246.29,246.28,246.32,18114,44.62,197, 13538, 74.74
SBIETFQLTY, EQ, 09-Apr-2024,200.18,202.2,202.2,198.89, 201.98,199.15,199.82,4202,8.4,88, 3737, 88.93
SBILIFE, EQ, 09-Apr-2024,1518.8,1525.1,1527.4,1503.05, 1504.70,1510.55,1515.38,718575,10889.14,56044, 316579, 44.06
SBIN, EQ, 09-Apr-2024,768.3,768.45,772.45,761.1, 765.05,764.2,766.79,7465892,57247.66,127868, 2270132, 30.41
SCHAEFFLER, EQ, 09-Apr-2024,3230.55,3182.35,3268.1,3182.35, 3201.50,3213.4,3232.68,22999,743.48,5978, 9847, 42.81
SCHAND, EQ, 09-Apr-2024,236.65,239.0,245.0,235.1, 244.85,242.8,240.04,84042,201.74,4834, 49655, 59.08
SCI, EQ, 09-Apr-2024,225.1,226.8,226.8,215.65, 217.95,217.1,220.26,2424224,5339.67,27299, 1127664, 46.52
SCILAL, EQ, 09-Apr-2024,65.45,66.6,67.25,59.65, 62.10,62.15,62.81,5680775,3567.96,23015, 2934486, 51.66
SCPL, EQ, 09-Apr-2024,429.9,432.6,437.95,420.25, 423.00,424.6,430.28,16248,69.91,1397, 9605, 59.11
SDBL, EQ, 09-Apr-2024,315.25,316.5,316.7,307.5, 310.50,311.8,312.26,465751,1454.36,13594, 211380, 45.38
SDL24BEES, EQ, 09-Apr-2024,120.39,120.39,120.43,120.04, 120.06,120.07,120.09,528,0.63,12, 321, 60.80
SDL26BEES, EQ, 09-Apr-2024,119.62,123.2,123.2,119.45, 120.49,120.49,119.77,287,0.34,20, 239, 83.28
SECMARK, EQ, 09-Apr-2024,104.0,104.95,113.95,100.25, 105.40,103.7,105.8,4510,4.77,401, 2651, 58.78
SECURCRED, EQ, 09-Apr-2024,20.15,20.2,20.3,19.6, 19.70,19.75,19.92,70930,14.13,339, 51303, 72.33
SELAN, EQ, 09-Apr-2024,515.8,522.0,524.5,514.45, 515.55,516.15,520.35,38204,198.79,2854, 17822, 46.65
SELMC, EQ, 09-Apr-2024,81.8,85.85,85.85,85.85, 85.85,85.85,85.85,3921,3.37,43, 3921, 100.00
SEMAC, EQ, 09-Apr-2024,3003.7,3064.95,3064.95,2982.65, 3001.00,3002.3,3010.65,1068,32.15,298, 718, 67.23
SENCO, EQ, 09-Apr-2024,817.6,821.0,825.35,800.05, 806.00,803.85,809.06,91752,742.33,8102, 46428, 50.60
SENSEXADD, EQ, 09-Apr-2024,74.94,74.95,75.48,74.72, 75.12,75.08,75.23,1093,0.82,47, 916, 83.81
SENSEXETF, EQ, 09-Apr-2024,74.95,74.95,75.29,74.76, 75.11,75.07,75.03,3638,2.73,90, 2297, 63.14
SENSEXIETF, EQ, 09-Apr-2024,833.13,832.0,839.78,820.08, 835.80,832.89,834.29,3757,31.34,212, 2182, 58.08
SEPC, EQ, 09-Apr-2024,21.65,21.85,21.9,20.3, 20.95,20.8,21.01,6444618,1353.93,9221, 4182377, 64.90
SEQUENT, EQ, 09-Apr-2024,125.05,126.0,128.5,125.4, 126.55,126.9,126.88,783820,994.51,14378, 237350, 30.28
SESHAPAPER, EQ, 09-Apr-2024,328.6,329.0,330.0,322.0, 322.50,323.1,326.43,26543,86.64,2110, 15550, 58.58
SETCO, EQ, 09-Apr-2024,8.1,8.5,8.5,8.3, 8.50,8.5,8.5,114843,9.76,124, 111485, 97.08
SETF10GILT, EQ, 09-Apr-2024,227.13,227.49,227.55,225.75, 227.28,227.12,226.84,15572,35.32,94, 12364, 79.40
SETFGOLD, EQ, 09-Apr-2024,62.01,62.53,62.55,62.01, 62.50,62.45,62.31,740507,461.43,2739, 616687, 83.28
SETFNIF50, EQ, 09-Apr-2024,236.93,237.3,238.35,236.75, 237.12,237.15,237.48,125395,297.79,1975, 83941, 66.94
SETFNIFBK, EQ, 09-Apr-2024,489.86,489.86,495.1,489.86, 492.06,492.36,492.19,651536,3206.79,1711, 454050, 69.69
SETFNN50, EQ, 09-Apr-2024,664.31,664.31,668.31,659.35, 663.93,662.48,662.93,33541,222.35,1119, 27649, 82.43
SFL, EQ, 09-Apr-2024,967.5,973.95,982.0,953.2, 961.90,958.3,962.73,50273,483.99,5132, 31092, 61.85
SGIL, EQ, 09-Apr-2024,367.8,373.65,373.65,353.0, 355.10,356.9,363.06,14951,54.28,1285, 10252, 68.57
SGL, EQ, 09-Apr-2024,15.45,15.75,15.85,15.2, 15.45,15.35,15.41,33725,5.2,346, 24976, 74.06
SHAH, EQ, 09-Apr-2024,3.85,3.9,4.2,3.85, 4.05,4.0,4.09,6937596,283.62,2175, 3907592, 56.32
SHAILY, EQ, 09-Apr-2024,559.9,565.0,570.0,553.55, 565.00,561.95,561.44,123753,694.8,9244, 84737, 68.47
SHALBY, EQ, 09-Apr-2024,282.1,283.8,294.0,275.65, 281.80,281.55,281.13,247027,694.47,10362, 131205, 53.11
SHALPAINTS, EQ, 09-Apr-2024,176.15,177.95,181.5,169.05, 170.70,170.7,173.44,370419,642.46,9845, 171502, 46.30
SHANKARA, EQ, 09-Apr-2024,710.05,706.25,719.8,705.0, 710.15,710.7,710.7,48061,341.57,4859, 28467, 59.23
SHANTIGEAR, EQ, 09-Apr-2024,552.65,553.0,562.3,551.15, 561.00,560.75,557.01,23655,131.76,2661, 11939, 50.47
SHARDACROP, EQ, 09-Apr-2024,369.6,371.3,373.2,364.05, 367.60,367.6,367.85,102069,375.46,8545, 47439, 46.48
SHARDAMOTR, EQ, 09-Apr-2024,1438.35,1531.95,1599.9,1503.0, 1518.05,1524.55,1545.72,528687,8172.02,47190, 93996, 17.78
SHAREINDIA, EQ, 09-Apr-2024,1701.6,1707.5,1707.5,1670.0, 1693.00,1683.6,1687.99,70767,1194.54,7221, 33167, 46.87
SHARIABEES, EQ, 09-Apr-2024,493.97,498.6,498.6,492.64, 493.88,493.79,494.94,1312,6.49,120, 849, 64.71
SHEMAROO, EQ, 09-Apr-2024,160.05,159.45,172.05,158.7, 163.80,162.35,165.54,148047,245.08,3493, 67225, 45.41
SHILPAMED, EQ, 09-Apr-2024,506.05,506.95,534.0,506.95, 520.30,522.65,523.37,1444265,7558.91,36334, 649419, 44.97
SHIVALIK, EQ, 09-Apr-2024,567.05,572.0,581.25,555.95, 561.10,563.4,566.27,10406,58.93,1507, 5212, 50.09
SHIVAMAUTO, EQ, 09-Apr-2024,42.85,43.95,46.1,42.55, 44.45,44.15,44.58,225042,100.33,1289, 131065, 58.24
SHIVAMILLS, EQ, 09-Apr-2024,93.2,92.0,97.2,92.0, 93.50,93.3,94.96,39574,37.58,881, 15929, 40.25
SHK, EQ, 09-Apr-2024,209.4,212.25,213.5,206.1, 208.80,208.1,209.02,342840,716.61,12727, 129602, 37.80
SHOPERSTOP, EQ, 09-Apr-2024,761.1,765.0,765.0,744.7, 757.90,751.6,754.03,26586,200.47,3949, 12946, 48.69
SHRADHA, EQ, 09-Apr-2024,67.7,68.9,68.9,66.0, 67.40,66.6,67.41,16880,11.38,176, 10267, 60.82
SHREDIGCEM, EQ, 09-Apr-2024,112.5,112.35,114.65,110.65, 114.50,114.0,112.82,680830,768.14,7480, 396197, 58.19
SHREECEM, EQ, 09-Apr-2024,25955.2,26199.0,26711.8,25880.1, 26000.00,25991.8,26295.54,50143,13185.37,23007, 20156, 40.20
SHREEPUSHK, EQ, 09-Apr-2024,182.85,184.7,185.45,179.0, 180.90,180.65,181.5,23957,43.48,1202, 14896, 62.18
SHRENIK, EQ, 09-Apr-2024,0.95,0.95,1.0,0.95, 1.00,0.95,0.97,1026916,9.97,1088, 560976, 54.63
SHREYANIND, EQ, 09-Apr-2024,247.0,250.0,250.0,240.35, 241.75,241.05,243.21,14336,34.87,728, 9052, 63.14
SHREYAS, EQ, 09-Apr-2024,296.05,298.6,299.95,286.3, 287.85,288.75,292.33,42161,123.25,2729, 21375, 50.70
SHRIPISTON, EQ, 09-Apr-2024,2146.7,2166.0,2199.0,2108.4, 2165.00,2151.7,2150.8,151337,3254.95,14634, 76593, 50.61
SHRIRAMFIN, EQ, 09-Apr-2024,2569.2,2590.0,2605.65,2523.1, 2543.05,2550.4,2557.77,953375,24385.14,95475, 494373, 51.86
SHRIRAMPPS, EQ, 09-Apr-2024,129.95,130.5,133.2,126.3, 127.35,127.4,130.03,4061557,5281.19,17140, 1708938, 42.08
SHYAMMETL, EQ, 09-Apr-2024,618.3,619.75,631.9,615.0, 617.00,619.2,623.99,327990,2046.64,11267, 157656, 48.07
SHYAMTEL, EQ, 09-Apr-2024,9.9,10.35,10.35,9.9, 9.95,9.95,10.33,2994,0.31,27, 2991, 99.90
SIEMENS, EQ, 09-Apr-2024,5668.0,5705.0,5715.8,5583.8, 5592.00,5605.25,5640.56,146476,8262.07,22628, 73493, 50.17
SIGACHI, EQ, 09-Apr-2024,67.35,67.7,67.9,64.0, 65.05,64.8,65.47,1654265,1083.04,9310, 1085255, 65.60
SIGIND, EQ, 09-Apr-2024,69.75,70.05,70.9,68.5, 69.20,69.45,69.26,21613,14.97,314, 14773, 68.35
SIGMA, EQ, 09-Apr-2024,419.6,419.45,425.45,405.05, 408.45,407.85,412.76,7409,30.58,1596, 3704, 49.99
SIGNATURE, EQ, 09-Apr-2024,1351.6,1360.05,1366.0,1349.9, 1358.75,1355.75,1358.5,407597,5537.21,5132, 52009, 12.76
SIGNPOST, EQ, 09-Apr-2024,345.85,347.2,347.95,331.95, 339.10,341.2,341.34,139378,475.75,9422, 50515, 36.24
SIKKO, EQ, 09-Apr-2024,78.1,80.65,80.65,75.0, 76.45,75.3,77.54,21390,16.59,336, 12601, 58.91
SIL, EQ, 09-Apr-2024,22.9,23.35,23.6,22.5, 23.50,23.15,23.21,100711,23.37,667, 79170, 78.61
SILINV, EQ, 09-Apr-2024,494.95,493.05,519.0,493.05, 495.10,498.95,504.63,12689,64.03,1477, 5324, 41.96
SILLYMONKS, EQ, 09-Apr-2024,16.0,16.0,16.0,15.15, 15.80,15.8,15.73,7508,1.18,59, 6648, 88.55
SILVER, EQ, 09-Apr-2024,83.2,83.75,83.88,82.81, 83.82,83.8,83.38,224020,186.78,1215, 133713, 59.69
SILVERADD, EQ, 09-Apr-2024,80.27,80.38,81.3,80.1, 81.30,81.28,81.18,88612,71.94,123, 82847, 93.49
SILVERBEES, EQ, 09-Apr-2024,80.53,80.98,81.14,80.16, 81.01,81.01,80.68,9664307,7796.87,16257, 6592959, 68.22
SILVERETF, EQ, 09-Apr-2024,81.76,82.47,83.8,81.98, 82.70,82.72,82.6,347813,287.3,827, 246501, 70.87
SILVERIETF, EQ, 09-Apr-2024,83.22,83.74,85.0,82.92, 83.90,83.89,84.01,867395,728.67,2557, 618286, 71.28
SILVERTUC, EQ, 09-Apr-2024,679.3,682.85,700.0,682.85, 692.85,687.8,693.61,28332,196.51,1129, 9379, 33.10
SILVRETF, EQ, 09-Apr-2024,81.34,80.0,84.0,80.0, 82.50,82.38,81.81,47496,38.85,210, 30849, 64.95
SIMBHALS, EQ, 09-Apr-2024,28.7,29.3,29.85,28.1, 29.60,29.35,29.02,130027,37.74,580, 54101, 41.61
SINDHUTRAD, EQ, 09-Apr-2024,28.65,28.65,29.25,27.75, 27.75,27.9,28.24,770873,217.69,2173, 597565, 77.52
SINTERCOM, EQ, 09-Apr-2024,129.0,129.1,131.0,128.1, 128.35,128.9,129.42,19206,24.86,1849, 3055, 15.91
SIRCA, EQ, 09-Apr-2024,345.5,345.5,345.55,333.0, 334.00,334.95,338.16,147490,498.76,7055, 65743, 44.57
SIS, EQ, 09-Apr-2024,450.85,452.8,456.65,448.75, 455.00,454.85,452.31,37596,170.05,4491, 20314, 54.03
SIYSIL, EQ, 09-Apr-2024,475.75,475.9,478.05,470.6, 470.70,471.3,474.81,19286,91.57,3964, 11596, 60.13
SJS, EQ, 09-Apr-2024,638.65,640.95,643.95,625.2, 629.50,629.95,633.39,36392,230.5,5003, 18515, 50.88
SJVN, EQ, 09-Apr-2024,135.1,135.7,135.7,130.25, 131.00,130.7,132.52,20383640,27011.95,81136, 6779900, 33.26
SKFINDIA, EQ, 09-Apr-2024,4497.65,4497.65,4549.9,4497.65, 4525.00,4524.1,4524.47,12741,576.46,2605, 9426, 73.98
SKIPPER, EQ, 09-Apr-2024,328.65,331.2,335.85,315.45, 322.20,321.35,324.12,475307,1540.55,17873, 203367, 42.79
SKMEGGPROD, EQ, 09-Apr-2024,290.4,295.0,335.0,288.1, 316.90,316.3,318.2,1133320,3606.28,21748, 344312, 30.38
SMALLCAP, EQ, 09-Apr-2024,45.79,46.37,46.5,45.5, 45.78,45.77,45.87,383023,175.68,1978, 292355, 76.33
SMARTLINK, EQ, 09-Apr-2024,185.4,185.4,188.9,181.0, 181.00,182.2,183.7,15866,29.15,753, 10441, 65.81
SMCGLOBAL, EQ, 09-Apr-2024,133.15,133.45,144.8,131.65, 143.05,143.35,139.68,2256294,3151.48,23398, 653957, 28.98
SMLISUZU, EQ, 09-Apr-2024,2215.8,2220.6,2237.1,2150.0, 2158.00,2166.65,2185.86,30971,676.98,3052, 19037, 61.47
SMSLIFE, EQ, 09-Apr-2024,666.75,671.7,676.55,663.25, 673.40,669.95,671.4,915,6.14,119, 551, 60.22
SMSPHARMA, EQ, 09-Apr-2024,203.65,203.0,218.0,203.0, 211.80,211.3,212.31,777411,1650.55,23446, 283046, 36.41
SNOWMAN, EQ, 09-Apr-2024,73.95,73.95,76.0,72.75, 75.20,74.85,74.57,1388977,1035.79,7109, 528231, 38.03
SOBHA, EQ, 09-Apr-2024,1540.1,1548.05,1687.0,1548.05, 1604.80,1600.7,1634.4,1009594,16500.85,68550, 215329, 21.33
SOLARA, EQ, 09-Apr-2024,440.8,440.8,443.35,420.0, 426.25,426.2,430.84,172054,741.27,14894, 62228, 36.17
SOLARINDS, EQ, 09-Apr-2024,8725.0,8780.0,8852.1,8651.45, 8701.00,8709.25,8754.12,109236,9562.65,29142, 47371, 43.37
SOMANYCERA, EQ, 09-Apr-2024,618.9,621.65,628.0,608.5, 615.00,612.65,615.09,22966,141.26,3094, 11444, 49.83
SOMATEX, EQ, 09-Apr-2024,31.95,31.25,33.0,31.25, 32.00,31.85,32.14,25335,8.14,171, 13348, 52.69
SONACOMS, EQ, 09-Apr-2024,645.8,649.4,663.35,643.0, 646.60,644.0,651.53,1378613,8982.09,51010, 866820, 62.88
SONAMLTD, EQ, 09-Apr-2024,80.5,82.9,82.9,80.05, 81.60,80.4,80.47,1876,1.51,63, 1091, 58.16
SONATSOFTW, EQ, 09-Apr-2024,760.45,768.0,769.7,749.25, 755.00,758.55,756.56,639283,4836.54,19858, 390665, 61.11
SOTL, EQ, 09-Apr-2024,477.7,479.05,508.5,475.95, 492.10,492.0,496.52,823474,4088.73,31525, 242394, 29.44
SOUTHBANK, EQ, 09-Apr-2024,28.55,29.2,29.55,28.7, 29.10,28.9,29.09,45913167,13356.66,36936, 13802128, 30.06
SOUTHWEST, EQ, 09-Apr-2024,123.3,122.7,125.45,121.6, 121.80,122.35,123.45,83825,103.48,454, 12672, 15.12
SPAL, EQ, 09-Apr-2024,607.85,610.95,615.3,602.05, 614.50,613.15,610.45,19695,120.23,3461, 10437, 52.99
SPANDANA, EQ, 09-Apr-2024,902.65,903.0,912.45,886.1, 888.00,891.85,901.03,154021,1387.78,15796, 90897, 59.02
SPCENET, EQ, 09-Apr-2024,32.15,31.9,32.55,31.05, 31.45,31.2,31.72,2341948,742.85,1995, 1718528, 73.38
SPECIALITY, EQ, 09-Apr-2024,198.95,199.0,202.0,192.7, 196.50,194.25,197.22,78008,153.85,4176, 37901, 48.59
SPENCERS, EQ, 09-Apr-2024,103.4,103.95,106.1,100.1, 101.20,100.7,102.15,294413,300.75,3763, 142383, 48.36
SPIC, EQ, 09-Apr-2024,79.8,79.5,81.55,78.8, 79.15,79.1,79.89,850049,679.15,5687, 285150, 33.55
SPLIL, EQ, 09-Apr-2024,60.7,61.6,62.3,58.6, 59.70,59.5,60.42,41630,25.15,999, 25665, 61.65
SPLPETRO, EQ, 09-Apr-2024,657.15,655.1,660.55,636.55, 640.00,640.35,646.5,38693,250.15,4626, 21629, 55.90
SPMLINFRA, EQ, 09-Apr-2024,129.7,126.1,131.55,124.4, 126.00,125.95,128.47,48984,62.93,588, 37517, 76.59
SPORTKING, EQ, 09-Apr-2024,823.55,832.05,859.0,829.85, 858.00,852.3,843.3,13605,114.73,1843, 7157, 52.61
SREEL, EQ, 09-Apr-2024,314.55,321.25,324.0,309.85, 311.10,311.5,315.03,15399,48.51,1629, 7863, 51.06
SRF, EQ, 09-Apr-2024,2607.2,2623.9,2623.9,2578.2, 2588.00,2592.95,2597.0,254205,6601.7,19932, 141310, 55.59
SRGHFL, EQ, 09-Apr-2024,272.9,273.5,274.45,270.45, 271.00,271.55,271.16,1293,3.51,131, 883, 68.29
SRHHYPOLTD, EQ, 09-Apr-2024,573.15,577.15,584.45,556.1, 565.00,561.75,569.14,25857,147.16,3120, 14223, 55.01
SSWL, EQ, 09-Apr-2024,236.4,236.85,240.65,232.7, 234.15,234.6,236.8,218155,516.6,14263, 113747, 52.14
STAR, EQ, 09-Apr-2024,845.05,855.5,865.0,837.0, 838.00,838.25,841.11,390572,3285.15,9246, 265586, 68.00
STARCEMENT, EQ, 09-Apr-2024,235.75,235.9,237.75,232.25, 235.00,235.7,235.79,279901,659.99,8272, 118038, 42.17
STARHEALTH, EQ, 09-Apr-2024,563.35,571.45,574.4,558.3, 561.50,561.8,563.09,308626,1737.83,15115, 162890, 52.78
STARPAPER, EQ, 09-Apr-2024,249.6,250.55,253.0,248.05, 251.90,251.1,251.05,60546,152.0,1077, 53832, 88.91
STCINDIA, EQ, 09-Apr-2024,143.85,144.65,148.05,139.65, 142.95,142.0,142.79,153519,219.2,3744, 54778, 35.68
STEELCAS, EQ, 09-Apr-2024,673.55,675.65,681.65,649.9, 655.00,654.65,663.73,13493,89.56,1558, 7000, 51.88
STEELCITY, EQ, 09-Apr-2024,75.35,76.65,76.65,75.4, 75.80,75.65,75.79,11607,8.8,249, 7206, 62.08
STEELXIND, EQ, 09-Apr-2024,15.05,15.05,15.8,14.8, 15.00,15.0,15.2,9856344,1498.48,8082, 4670030, 47.38
STEL, EQ, 09-Apr-2024,358.1,358.0,359.0,332.3, 335.65,340.85,344.54,55768,192.14,6058, 22775, 40.84
STERTOOLS, EQ, 09-Apr-2024,359.0,359.0,362.75,350.55, 358.00,356.8,355.87,28180,100.28,1865, 13187, 46.80
STLTECH, EQ, 09-Apr-2024,127.35,128.3,146.4,128.3, 140.15,141.25,141.28,37762489,53350.06,190706, 4808193, 12.73
STOVEKRAFT, EQ, 09-Apr-2024,453.6,455.0,458.5,440.25, 446.00,445.9,448.61,158348,710.37,9707, 81119, 51.23
STYLAMIND, EQ, 09-Apr-2024,1714.05,1712.0,1724.75,1692.0, 1710.00,1713.2,1708.39,28337,484.11,5660, 17213, 60.74
STYRENIX, EQ, 09-Apr-2024,1523.25,1538.05,1557.95,1519.05, 1552.00,1550.7,1549.85,31286,484.89,2592, 26075, 83.34
SUBEXLTD, EQ, 09-Apr-2024,32.35,32.55,32.8,31.6, 32.05,31.95,32.15,4900705,1575.71,7248, 1674200, 34.16
SUBROS, EQ, 09-Apr-2024,544.15,553.0,573.85,544.55, 564.90,564.05,560.45,256795,1439.22,20352, 104550, 40.71
SUDARSCHEM, EQ, 09-Apr-2024,662.45,666.1,681.45,652.0, 655.45,655.0,663.7,127670,847.35,10961, 62430, 48.90
SUKHJITS, EQ, 09-Apr-2024,479.85,481.6,483.45,467.0, 469.00,470.5,472.18,10169,48.02,888, 6245, 61.41
SULA, EQ, 09-Apr-2024,555.55,575.0,584.0,552.0, 554.65,556.5,569.69,1955233,11138.82,53877, 644140, 32.94
SUMICHEM, EQ, 09-Apr-2024,390.65,390.75,391.9,383.1, 385.60,385.45,387.61,172933,670.3,10925, 98190, 56.78
SUMIT, EQ, 09-Apr-2024,73.0,74.9,80.3,73.45, 80.30,80.05,78.89,251838,198.66,1619, 133736, 53.10
SUMMITSEC, EQ, 09-Apr-2024,1331.9,1350.0,1357.95,1295.0, 1295.00,1303.75,1317.67,2504,32.99,466, 1679, 67.05
SUNCLAY, EQ, 09-Apr-2024,1562.15,1562.0,1652.0,1562.0, 1599.80,1598.35,1610.26,20991,338.01,4258, 14072, 67.04
SUNDARAM, EQ, 09-Apr-2024,3.15,3.1,3.15,3.0, 3.05,3.05,3.05,2620000,79.92,1029, 1551554, 59.22
SUNDARMFIN, EQ, 09-Apr-2024,4584.7,4631.9,4699.0,4455.0, 4480.00,4477.15,4526.02,184512,8351.04,30078, 58808, 31.87
SUNDARMHLD, EQ, 09-Apr-2024,264.65,270.1,282.4,253.0, 255.00,254.95,265.86,1301000,3458.78,32286, 543234, 41.76
SUNDRMBRAK, EQ, 09-Apr-2024,716.85,727.2,730.0,705.25, 708.00,711.2,717.27,1336,9.58,166, 939, 70.28
SUNDRMFAST, EQ, 09-Apr-2024,1104.65,1110.05,1155.0,1106.5, 1140.00,1145.55,1139.22,645230,7350.56,16003, 550674, 85.35
SUNFLAG, EQ, 09-Apr-2024,199.1,199.4,206.45,199.3, 205.00,204.85,203.78,328285,668.97,10613, 116200, 35.40
SUNPHARMA, EQ, 09-Apr-2024,1599.7,1601.0,1608.85,1591.95, 1600.50,1602.55,1600.77,1389391,22240.96,58010, 988088, 71.12
SUNTECK, EQ, 09-Apr-2024,450.4,454.7,466.65,450.0, 451.00,453.35,459.28,711018,3265.53,39623, 277262, 39.00
SUNTV, EQ, 09-Apr-2024,608.85,610.5,612.55,593.05, 596.95,595.75,601.39,810175,4872.34,23320, 421039, 51.97
SUPERHOUSE, EQ, 09-Apr-2024,229.9,231.1,236.65,227.0, 229.00,228.5,231.39,14736,34.1,614, 9962, 67.60
SUPRAJIT, EQ, 09-Apr-2024,430.65,430.45,439.0,423.6, 430.80,426.5,431.22,131152,565.55,9911, 69751, 53.18
SUPREMEIND, EQ, 09-Apr-2024,4309.55,4310.0,4313.35,4106.6, 4164.00,4183.75,4220.27,92265,3893.83,12531, 57307, 62.11
SUPRIYA, EQ, 09-Apr-2024,377.45,380.0,387.0,376.0, 379.00,378.15,381.45,256745,979.36,14252, 124438, 48.47
SURAJEST, EQ, 09-Apr-2024,337.75,337.95,347.4,332.45, 336.40,334.6,341.72,166238,568.07,8519, 74785, 44.99
SURANASOL, EQ, 09-Apr-2024,44.45,42.25,42.25,42.25, 42.25,42.25,42.25,147372,62.26,1666, 147267, 99.93
SURYALAXMI, EQ, 09-Apr-2024,73.45,73.55,75.4,70.3, 70.30,71.65,73.71,12141,8.95,306, 9496, 78.21
SURYAROSNI, EQ, 09-Apr-2024,570.2,572.0,579.0,566.1, 575.00,572.35,571.92,193149,1104.65,10400, 78264, 40.52
SURYODAY, EQ, 09-Apr-2024,187.65,187.35,187.35,181.2, 182.95,182.9,183.66,537874,987.87,11418, 232880, 43.30
SUTLEJTEX, EQ, 09-Apr-2024,57.75,58.25,58.25,57.0, 57.45,57.55,57.79,55477,32.06,559, 33946, 61.19
SUULD, EQ, 09-Apr-2024,9.05,9.05,9.95,9.05, 9.95,9.95,9.74,694475,67.64,1216, 568762, 81.90
SUVENPHAR, EQ, 09-Apr-2024,628.35,628.35,640.0,613.6, 635.00,631.0,629.12,271061,1705.29,16707, 157479, 58.10
SVPGLOB, EQ, 09-Apr-2024,7.1,7.4,7.4,6.95, 7.15,7.1,7.18,265902,19.09,687, 178402, 67.09
SWANENERGY, EQ, 09-Apr-2024,666.25,673.0,678.7,651.25, 661.00,662.65,667.48,1065168,7109.83,13030, 485404, 45.57
SWARAJENG, EQ, 09-Apr-2024,2398.1,2409.9,2413.85,2385.05, 2399.10,2401.75,2401.02,8173,196.24,3076, 4598, 56.26
SWELECTES, EQ, 09-Apr-2024,1062.2,1086.95,1086.95,1030.0, 1041.00,1035.9,1055.78,33687,355.66,2871, 20378, 60.49
SWSOLAR, EQ, 09-Apr-2024,510.95,513.85,517.25,501.4, 508.00,504.6,507.55,1009536,5123.88,12861, 738767, 73.18
SYMPHONY, EQ, 09-Apr-2024,985.35,993.3,1000.0,972.05, 977.15,977.7,987.9,162496,1605.3,11099, 69451, 42.74
SYNGENE, EQ, 09-Apr-2024,729.0,728.85,733.45,725.75, 730.05,730.7,730.48,188195,1374.72,20819, 96947, 51.51
SYRMA, EQ, 09-Apr-2024,487.6,489.8,495.0,472.0, 474.85,473.7,480.32,486515,2336.83,28451, 264406, 54.35
TAINWALCHM, EQ, 09-Apr-2024,135.3,133.7,136.9,132.05, 134.15,134.05,134.44,2489,3.35,206, 1243, 49.94
TAJGVK, EQ, 09-Apr-2024,382.15,382.15,387.8,378.2, 382.85,383.7,382.98,180196,690.12,8611, 72706, 40.35
TAKE, EQ, 09-Apr-2024,23.5,23.95,23.95,23.05, 23.20,23.2,23.48,188598,44.29,1282, 109307, 57.96
TANLA, EQ, 09-Apr-2024,918.15,922.6,931.55,915.0, 915.40,917.45,922.15,200981,1853.35,11372, 77198, 38.41
TARSONS, EQ, 09-Apr-2024,438.3,440.45,442.0,434.7, 441.90,439.75,438.28,31994,140.22,5423, 15109, 47.22
TASTYBITE, EQ, 09-Apr-2024,12086.25,12132.3,12190.0,11878.0, 12005.50,12019.1,12018.67,2451,294.58,769, 1672, 68.22
TATACHEM, EQ, 09-Apr-2024,1137.55,1142.0,1163.0,1130.25, 1137.00,1137.95,1147.65,2377893,27289.86,87473, 409259, 17.21
TATACOMM, EQ, 09-Apr-2024,2048.25,2055.0,2058.6,2003.35, 2010.00,2012.65,2020.25,488171,9862.29,22209, 264712, 54.23
TATACONSUM, EQ, 09-Apr-2024,1137.35,1141.0,1141.0,1121.5, 1125.60,1125.6,1128.11,1184800,13365.86,44456, 763121, 64.41
TATAELXSI, EQ, 09-Apr-2024,7922.45,7985.85,8009.0,7871.0, 7890.00,7900.05,7933.93,115014,9125.13,17893, 52998, 46.08
TATAGOLD, EQ, 09-Apr-2024,7.06,7.06,7.5,7.06, 7.14,7.15,7.17,6165294,442.28,12313, 5122486, 83.09
TATAMOTORS, EQ, 09-Apr-2024,1013.2,1021.0,1029.5,1005.0, 1008.00,1008.5,1016.63,8539041,86810.63,165448, 3124607, 36.59
TATAMTRDVR, EQ, 09-Apr-2024,670.45,674.1,681.0,665.35, 668.00,667.7,671.66,1240736,8333.55,38044, 707536, 57.03
TATAPOWER, EQ, 09-Apr-2024,416.35,417.0,436.15,416.35, 430.50,429.9,427.93,37377906,159951.25,275961, 9778709, 26.16
TATASTEEL, EQ, 09-Apr-2024,165.2,166.0,169.8,165.2, 166.05,166.0,167.56,63884687,107042.98,306316, 18294325, 28.64
TATATECH, EQ, 09-Apr-2024,1101.9,1110.9,1129.7,1091.1, 1104.90,1107.45,1102.41,4438421,48929.82,103485, 2747423, 61.90
TATSILV, EQ, 09-Apr-2024,8.11,8.2,8.34,8.11, 8.19,8.19,8.16,770520,62.9,2175, 668963, 86.82
TATVA, EQ, 09-Apr-2024,1273.7,1268.5,1287.95,1253.15, 1261.85,1262.05,1272.62,14653,186.48,2898, 5588, 38.14
TBZ, EQ, 09-Apr-2024,121.7,122.35,123.55,117.0, 119.35,118.45,119.45,208613,249.19,4513, 104814, 50.24
TCI, EQ, 09-Apr-2024,870.45,870.55,875.0,860.0, 860.25,865.2,869.35,42777,371.88,3273, 27498, 64.28
TCIEXP, EQ, 09-Apr-2024,1096.35,1101.85,1107.0,1091.2, 1103.75,1101.85,1096.68,19730,216.38,2422, 10293, 52.17
TCNSBRANDS, EQ, 09-Apr-2024,403.15,403.0,403.65,395.7, 401.00,401.15,400.53,59629,238.83,2473, 25807, 43.28
TCPLPACK, EQ, 09-Apr-2024,2194.2,2196.4,2225.1,2190.0, 2201.20,2206.45,2202.06,1762,38.8,475, 830, 47.11
TCS, EQ, 09-Apr-2024,3972.55,3984.0,4015.85,3925.05, 3948.75,3946.55,3967.73,1876992,74474.02,102114, 1176639, 62.69
TDPOWERSYS, EQ, 09-Apr-2024,295.7,295.7,303.8,288.85, 293.00,291.5,295.28,352225,1040.06,15369, 138069, 39.20
TEAMLEASE, EQ, 09-Apr-2024,3036.8,3052.0,3210.0,3046.65, 3205.00,3194.55,3131.35,68695,2151.08,11843, 41759, 60.79
TECH, EQ, 09-Apr-2024,36.34,36.39,36.87,36.25, 36.70,36.35,36.39,49004,17.83,576, 40520, 82.69
TECHM, EQ, 09-Apr-2024,1265.15,1265.1,1281.0,1242.75, 1254.90,1251.4,1259.36,1198161,15089.16,49900, 436408, 36.42
TECHNOE, EQ, 09-Apr-2024,839.15,842.0,857.15,823.05, 830.00,833.7,840.36,199883,1679.73,17289, 81251, 40.65
TEGA, EQ, 09-Apr-2024,1342.4,1349.95,1357.9,1325.4, 1337.20,1335.05,1340.56,20663,277.0,3860, 9808, 47.47
TEJASNET, EQ, 09-Apr-2024,799.25,800.0,832.45,792.4, 804.00,805.8,815.61,1035654,8446.89,50349, 358052, 34.57
TEMBO, EQ, 09-Apr-2024,261.5,265.4,267.85,260.15, 260.50,261.8,263.15,55182,145.21,695, 23847, 43.22
TEXINFRA, EQ, 09-Apr-2024,103.0,103.7,105.55,101.35, 101.90,101.7,103.47,340899,352.74,4222, 163738, 48.03
TEXMOPIPES, EQ, 09-Apr-2024,88.35,88.5,89.4,87.0, 87.30,87.15,87.99,62283,54.8,714, 44833, 71.98
TEXRAIL, EQ, 09-Apr-2024,173.55,173.55,174.75,170.45, 172.90,172.05,172.54,1414667,2440.83,23874, 867975, 61.36
TFCILTD, EQ, 09-Apr-2024,180.2,184.75,185.65,175.8, 180.00,179.75,181.35,1682835,3051.8,10146, 910884, 54.13
TFL, EQ, 09-Apr-2024,11.7,11.6,12.15,11.6, 11.85,11.9,11.9,157290,18.72,433, 116093, 73.81
TGBHOTELS, EQ, 09-Apr-2024,16.05,15.75,16.05,15.2, 15.30,15.4,15.5,41290,6.4,336, 31593, 76.51
THANGAMAYL, EQ, 09-Apr-2024,1321.3,1331.35,1342.2,1300.0, 1307.35,1313.15,1310.61,15830,207.47,2178, 11709, 73.97
THEJO, EQ, 09-Apr-2024,2637.65,2674.7,2799.0,2643.15, 2750.60,2780.85,2742.67,21977,602.76,4563, 9725, 44.25
THEMISMED, EQ, 09-Apr-2024,227.85,229.0,230.0,225.7, 226.75,227.1,227.8,37875,86.28,2560, 24242, 64.01
THERMAX, EQ, 09-Apr-2024,4543.25,4590.95,4680.25,4535.05, 4552.10,4559.95,4592.68,108180,4968.36,21055, 50513, 46.69
THOMASCOOK, EQ, 09-Apr-2024,175.2,176.0,176.5,171.1, 172.00,172.75,174.26,423130,737.34,5822, 312832, 73.93
THYROCARE, EQ, 09-Apr-2024,624.7,628.9,628.9,615.0, 622.80,622.3,619.9,34173,211.84,4291, 17982, 52.62
TI, EQ, 09-Apr-2024,215.55,216.95,219.6,213.9, 217.20,216.95,216.94,293716,637.18,8436, 137799, 46.92
TIDEWATER, EQ, 09-Apr-2024,1607.55,1607.0,1628.85,1575.45, 1608.25,1600.0,1600.93,37128,594.39,3854, 22341, 60.17
TIIL, EQ, 09-Apr-2024,2192.85,2195.45,2252.95,2130.0, 2159.00,2144.55,2177.98,18657,406.34,1800, 12774, 68.47
TIINDIA, EQ, 09-Apr-2024,3549.75,3549.75,3634.7,3484.0, 3499.00,3492.1,3539.21,133179,4713.49,17087, 60872, 45.71
TIMETECHNO, EQ, 09-Apr-2024,273.2,275.9,278.8,263.8, 266.80,266.4,269.21,1178073,3171.44,12760, 529106, 44.91
TIMKEN, EQ, 09-Apr-2024,2912.95,2928.0,2928.0,2841.8, 2860.00,2855.0,2880.12,33053,951.97,7433, 19617, 59.35
TIPSINDLTD, EQ, 09-Apr-2024,460.5,461.0,475.9,461.0, 465.90,464.2,467.86,189955,888.72,14271, 117372, 61.79
TIRUMALCHM, EQ, 09-Apr-2024,260.15,259.95,261.45,249.05, 249.50,250.4,254.23,394347,1002.53,12771, 214646, 54.43
TITAGARH, EQ, 09-Apr-2024,956.05,959.3,962.0,943.1, 955.00,948.7,952.39,300169,2858.79,19325, 143460, 47.79
TITAN, EQ, 09-Apr-2024,3748.9,3755.0,3761.0,3664.35, 3682.30,3679.35,3701.44,745285,27586.25,77158, 495623, 66.50
TMB, EQ, 09-Apr-2024,498.9,501.0,501.0,492.0, 497.90,497.95,496.74,61169,303.85,6048, 38705, 63.28
TNIDETF, EQ, 09-Apr-2024,81.36,81.88,82.2,81.5, 81.61,81.59,81.82,53223,43.55,843, 43076, 80.93
TNPETRO, EQ, 09-Apr-2024,88.2,88.05,88.85,86.75, 87.75,87.65,87.9,123558,108.61,1622, 73973, 59.87
TNPL, EQ, 09-Apr-2024,270.0,270.0,272.75,266.5, 266.60,267.25,269.45,72788,196.12,4158, 40163, 55.18
TOKYOPLAST, EQ, 09-Apr-2024,111.25,111.8,112.75,106.9, 107.00,108.15,109.89,15211,16.72,262, 12097, 79.53
TORNTPHARM, EQ, 09-Apr-2024,2597.3,2609.8,2609.8,2563.25, 2585.90,2578.1,2578.98,109121,2814.21,12178, 60435, 55.38
TORNTPOWER, EQ, 09-Apr-2024,1568.4,1573.0,1633.0,1551.95, 1595.00,1596.55,1596.64,2122571,33889.75,102745, 368528, 17.36
TOTAL, EQ, 09-Apr-2024,106.6,104.75,108.0,104.75, 107.60,107.15,106.88,8003,8.55,282, 4025, 50.29
TOUCHWOOD, EQ, 09-Apr-2024,149.0,148.75,150.05,145.0, 149.95,149.35,147.48,1396,2.06,88, 607, 43.48
TPLPLASTEH, EQ, 09-Apr-2024,69.6,70.15,81.5,69.7, 80.45,79.95,78.26,5369785,4202.28,29225, 1308271, 24.36
TRACXN, EQ, 09-Apr-2024,100.65,101.15,102.45,99.0, 100.40,99.55,100.64,603672,607.52,7472, 264006, 43.73
TREL, EQ, 09-Apr-2024,48.9,49.0,50.1,48.1, 48.20,48.25,48.9,423272,206.99,2400, 202398, 47.82
TRENT, EQ, 09-Apr-2024,3931.85,3958.95,3958.95,3894.9, 3899.00,3902.35,3917.59,483412,18938.12,41276, 313698, 64.89
TRIDENT, EQ, 09-Apr-2024,40.8,41.0,41.0,39.85, 40.30,40.2,40.27,8537361,3438.18,27037, 2758687, 32.31
TRIGYN, EQ, 09-Apr-2024,116.95,117.1,117.8,113.5, 114.00,114.05,115.05,116862,134.46,1843, 54414, 46.56
TRITURBINE, EQ, 09-Apr-2024,549.5,555.3,555.3,536.1, 542.00,549.1,549.24,512786,2816.44,20328, 306463, 59.76
TRIVENI, EQ, 09-Apr-2024,334.25,336.15,339.35,331.95, 336.85,337.5,335.77,494198,1659.35,18636, 235302, 47.61
TRU, EQ, 09-Apr-2024,70.45,70.45,73.0,69.7, 70.90,71.45,70.81,1115276,789.74,2824, 329160, 29.51
TTKHLTCARE, EQ, 09-Apr-2024,1676.0,1662.0,1684.4,1611.95, 1627.00,1622.6,1648.91,7912,130.46,1397, 4457, 56.33
TTKPRESTIG, EQ, 09-Apr-2024,714.3,718.9,719.95,702.05, 709.80,706.45,708.56,58281,412.95,8832, 26664, 45.75
TTL, EQ, 09-Apr-2024,115.55,115.6,116.85,111.5, 112.20,112.6,113.23,17560,19.88,561, 12124, 69.04
TTML, EQ, 09-Apr-2024,80.85,81.2,81.3,79.2, 80.20,80.1,80.13,2133948,1709.84,13458, 773187, 36.23
TVSELECT, EQ, 09-Apr-2024,305.9,307.0,308.05,298.1, 302.70,301.75,303.04,51235,155.26,3784, 16932, 33.05
TVSHLTD, EQ, 09-Apr-2024,8327.2,8327.2,8399.0,8309.15, 8327.20,8317.55,8333.01,2781,231.74,602, 2243, 80.65
TVSMOTOR, EQ, 09-Apr-2024,2132.95,2144.0,2144.0,2096.0, 2100.55,2099.05,2115.69,546070,11553.17,30032, 253521, 46.43
TVSSCS, EQ, 09-Apr-2024,171.25,171.6,174.45,169.9, 172.00,171.8,172.1,460573,792.64,7414, 216465, 47.00
TVSSRICHAK, EQ, 09-Apr-2024,4258.45,4292.0,4399.0,4210.6, 4225.00,4230.05,4330.19,15589,675.03,4915, 6363, 40.82
TVTODAY, EQ, 09-Apr-2024,233.75,234.15,235.0,230.25, 231.45,232.85,232.75,90752,211.23,6293, 48751, 53.72
UBL, EQ, 09-Apr-2024,1836.75,1845.5,1853.8,1796.3, 1830.00,1824.7,1826.58,634094,11582.22,39153, 324908, 51.24
UCAL, EQ, 09-Apr-2024,159.85,159.0,161.95,155.95, 159.50,158.8,159.33,20756,33.07,610, 13027, 62.76
UCOBANK, EQ, 09-Apr-2024,55.8,56.2,57.2,55.5, 56.20,56.25,56.39,12408265,6997.47,26293, 2837201, 22.87
UDS, EQ, 09-Apr-2024,320.0,321.0,322.6,314.95, 317.85,316.95,318.26,114318,363.83,5886, 66464, 58.14
UFLEX, EQ, 09-Apr-2024,447.6,449.0,453.7,441.8, 447.60,445.25,447.22,36296,162.32,3206, 17907, 49.34
UFO, EQ, 09-Apr-2024,143.35,144.1,145.0,141.0, 141.60,141.75,142.66,112553,160.57,2646, 59000, 52.42
UGARSUGAR, EQ, 09-Apr-2024,79.3,79.45,83.0,75.8, 82.50,81.4,80.22,779865,625.64,6211, 272270, 34.91
UGROCAP, EQ, 09-Apr-2024,258.65,261.85,261.85,250.05, 252.95,251.45,253.56,102124,258.95,4770, 55119, 53.97
UJJIVAN, EQ, 09-Apr-2024,552.5,553.5,565.55,550.35, 552.00,551.2,556.22,432653,2406.5,25157, 233429, 53.95
UJJIVANSFB, EQ, 09-Apr-2024,56.05,56.05,56.05,54.0, 55.00,54.9,55.09,7897046,4350.36,28288, 3593256, 45.50
ULTRACEMCO, EQ, 09-Apr-2024,9863.75,9900.0,9993.8,9759.1, 9770.00,9769.15,9864.16,275924,27217.6,40466, 160574, 58.20
UMANGDAIRY, EQ, 09-Apr-2024,88.7,88.7,90.8,87.4, 88.05,88.15,88.77,48937,43.44,839, 23695, 48.42
UNICHEMLAB, EQ, 09-Apr-2024,556.9,556.0,560.0,543.0, 547.00,546.65,551.29,39016,215.09,3145, 13151, 33.71
UNIDT, EQ, 09-Apr-2024,244.75,246.0,252.0,241.0, 241.00,243.15,245.34,20646,50.65,876, 15314, 74.17
UNIENTER, EQ, 09-Apr-2024,140.85,141.55,146.9,141.5, 143.90,143.75,144.02,8289,11.94,275, 5091, 61.42
UNIONBANK, EQ, 09-Apr-2024,155.0,155.9,156.5,151.0, 151.90,151.45,153.15,15084804,23102.15,70138, 7663983, 50.81
UNIPARTS, EQ, 09-Apr-2024,562.1,562.1,564.95,552.65, 560.00,559.65,560.06,52255,292.66,4306, 24863, 47.58
UNITEDPOLY, EQ, 09-Apr-2024,99.7,102.8,103.0,99.85, 101.50,102.1,101.37,9360,9.49,180, 4968, 53.08
UNITEDTEA, EQ, 09-Apr-2024,349.35,351.2,352.15,344.0, 349.00,344.7,349.85,2669,9.34,100, 2185, 81.87
UNIVASTU, EQ, 09-Apr-2024,142.65,142.65,143.3,139.3, 139.30,140.1,140.63,4838,6.8,72, 4386, 90.66
UNIVCABLES, EQ, 09-Apr-2024,505.6,506.4,534.0,499.05, 522.00,520.95,522.08,81065,423.22,6386, 46033, 56.79
UNIVPHOTO, EQ, 09-Apr-2024,372.75,374.7,387.15,369.4, 375.30,380.75,375.58,1379,5.18,133, 800, 58.01
UNOMINDA, EQ, 09-Apr-2024,757.1,761.8,763.95,737.35, 746.00,744.25,751.53,339906,2554.5,23009, 163555, 48.12
UPL, EQ, 09-Apr-2024,489.05,492.7,496.5,486.8, 490.50,489.85,492.05,2166661,10660.99,40240, 673304, 31.08
URAVI, EQ, 09-Apr-2024,309.55,311.0,323.5,307.05, 311.00,312.05,312.42,17837,55.73,544, 15782, 88.48
USHAMART, EQ, 09-Apr-2024,342.2,345.0,345.0,335.1, 340.05,340.85,339.69,574829,1952.66,16418, 353952, 61.58
UTIAMC, EQ, 09-Apr-2024,924.3,926.0,935.95,911.3, 912.70,915.0,923.4,214208,1978.0,23081, 123829, 57.81
UTIBANKETF, EQ, 09-Apr-2024,49.35,49.85,49.86,49.12, 49.80,49.6,49.74,1233065,613.33,2148, 1211813, 98.28
UTINEXT50, EQ, 09-Apr-2024,66.81,67.47,67.47,66.33, 67.00,66.64,66.59,19984,13.31,392, 13634, 68.22
UTINIFTETF, EQ, 09-Apr-2024,244.08,244.59,245.04,243.41, 243.79,243.72,243.74,29485,71.87,172, 21609, 73.29
UTISENSETF, EQ, 09-Apr-2024,805.94,803.19,809.66,800.0, 800.00,804.19,807.74,1218,9.84,78, 1086, 89.16
UTISXN50, EQ, 09-Apr-2024,77.74,78.13,78.13,77.0, 77.96,77.72,77.44,3414,2.64,61, 2757, 80.76
UTKARSHBNK, EQ, 09-Apr-2024,53.9,54.0,54.35,53.1, 53.85,53.9,53.92,3033966,1635.91,12830, 1771809, 58.40
UTTAMSUGAR, EQ, 09-Apr-2024,348.75,348.75,364.8,342.0, 357.30,357.4,353.77,154783,547.58,10378, 54332, 35.10
VADILALIND, EQ, 09-Apr-2024,4267.8,4287.0,4318.35,4132.0, 4197.40,4185.25,4220.67,8100,341.87,2822, 3791, 46.80
VAIBHAVGBL, EQ, 09-Apr-2024,387.85,388.2,392.45,379.0, 382.95,381.5,383.28,232668,891.76,11399, 121904, 52.39
VAISHALI, EQ, 09-Apr-2024,158.1,158.3,161.2,155.15, 156.25,156.7,157.54,63978,100.79,736, 49310, 77.07
VAKRANGEE, EQ, 09-Apr-2024,23.55,23.55,24.65,22.95, 24.20,24.25,24.03,17226657,4138.9,16971, 4902469, 28.46
VALIANTLAB, EQ, 09-Apr-2024,165.35,165.35,170.45,162.7, 169.00,168.3,167.09,118998,198.84,2921, 46497, 39.07
VALIANTORG, EQ, 09-Apr-2024,431.85,431.85,437.5,420.65, 425.00,424.55,430.08,29333,126.16,4353, 13769, 46.94
VARDHACRLC, EQ, 09-Apr-2024,56.4,56.9,57.6,56.2, 57.25,57.0,56.7,74168,42.05,626, 29909, 40.33
VARROC, EQ, 09-Apr-2024,536.6,538.0,544.45,533.05, 539.00,537.1,540.02,133487,720.85,9543, 58779, 44.03
VASCONEQ, EQ, 09-Apr-2024,70.4,71.0,71.3,68.15, 69.40,69.25,69.66,1410288,982.47,8496, 439434, 31.16
VBL, EQ, 09-Apr-2024,1450.1,1450.0,1451.25,1421.0, 1435.80,1434.8,1430.43,1779071,25448.35,89425, 934300, 52.52
VEDL, EQ, 09-Apr-2024,323.3,324.1,339.5,320.6, 337.90,338.0,333.05,32086038,106863.98,302261, 12327445, 38.42
VENKEYS, EQ, 09-Apr-2024,1850.75,1849.8,1865.85,1821.15, 1840.00,1837.0,1842.02,45683,841.49,6111, 14732, 32.25
VENUSPIPES, EQ, 09-Apr-2024,1925.05,1938.0,2003.95,1930.15, 1983.00,1975.95,1974.06,71629,1414.0,9990, 24229, 33.83
VENUSREM, EQ, 09-Apr-2024,349.15,349.0,351.9,337.4, 345.50,342.65,344.4,17239,59.37,980, 10759, 62.41
VERANDA, EQ, 09-Apr-2024,200.8,201.15,203.6,195.2, 196.50,197.3,200.48,193774,388.48,5009, 115944, 59.83
VESUVIUS, EQ, 09-Apr-2024,3460.8,3485.0,3649.0,3461.85, 3485.00,3479.9,3542.5,62768,2223.56,12640, 28318, 45.12
VETO, EQ, 09-Apr-2024,133.2,133.9,133.9,128.1, 129.25,129.6,130.68,92391,120.73,1464, 46419, 50.24
VGUARD, EQ, 09-Apr-2024,341.35,343.85,346.0,340.95, 343.80,344.1,343.24,169364,581.32,9127, 80818, 47.72
VHL, EQ, 09-Apr-2024,3060.6,3091.25,3091.25,3022.0, 3025.00,3073.05,3081.42,471,14.51,127, 341, 72.40
VIDHIING, EQ, 09-Apr-2024,461.6,464.0,466.1,456.25, 460.50,462.35,461.55,25362,117.06,3563, 12469, 49.16
VIJAYA, EQ, 09-Apr-2024,660.9,665.0,675.5,661.35, 663.00,671.5,669.45,58642,392.58,7210, 31629, 53.94
VIKASECO, EQ, 09-Apr-2024,4.15,4.2,4.2,3.9, 3.95,3.95,4.04,14204751,574.38,5756, 6436217, 45.31
VIMTALABS, EQ, 09-Apr-2024,480.55,483.1,486.4,465.95, 474.70,474.6,475.55,8273,39.34,966, 4397, 53.15
VINATIORGA, EQ, 09-Apr-2024,1488.25,1497.95,1502.1,1479.55, 1480.00,1483.2,1488.69,74113,1103.31,11456, 45349, 61.19
VINDHYATEL, EQ, 09-Apr-2024,2566.95,2568.0,2638.0,2552.05, 2590.05,2596.25,2602.5,15806,411.35,2446, 9333, 59.05
VINYLINDIA, EQ, 09-Apr-2024,406.55,409.1,409.5,382.0, 388.00,387.65,391.27,93106,364.29,3300, 49637, 53.31
VIPCLOTHNG, EQ, 09-Apr-2024,38.4,38.25,39.25,37.7, 38.40,38.45,38.63,119055,45.99,844, 61406, 51.58
VIPIND, EQ, 09-Apr-2024,546.55,546.6,549.1,539.55, 540.00,540.1,542.39,334027,1811.73,13424, 175964, 52.68
VIRINCHI, EQ, 09-Apr-2024,35.25,35.35,35.35,34.6, 34.95,34.9,34.92,476751,166.5,1278, 246978, 51.80
VISAKAIND, EQ, 09-Apr-2024,118.2,118.0,119.45,116.0, 117.00,116.8,117.92,125487,147.97,1246, 82188, 65.50
VISHNU, EQ, 09-Apr-2024,326.5,327.05,327.05,320.7, 321.75,321.85,322.89,58785,189.81,2918, 43436, 73.89
VISHWARAJ, EQ, 09-Apr-2024,16.35,16.5,16.95,16.2, 16.90,16.75,16.62,817024,135.77,1695, 506195, 61.96
VLSFINANCE, EQ, 09-Apr-2024,261.6,261.65,263.0,255.0, 255.00,257.5,259.29,29143,75.56,2250, 14357, 49.26
VMART, EQ, 09-Apr-2024,2148.45,2148.45,2160.0,2084.4, 2158.00,2138.9,2124.65,16483,350.21,3399, 5453, 33.08
VOLTAMP, EQ, 09-Apr-2024,9945.5,9990.0,10377.6,9940.0, 10028.50,10124.3,10157.75,30531,3101.26,10516, 15675, 51.34
VOLTAS, EQ, 09-Apr-2024,1306.85,1314.95,1353.75,1303.0, 1316.90,1314.1,1328.71,3312935,44019.15,104030, 836343, 25.24
VPRPL, EQ, 09-Apr-2024,165.95,166.7,169.3,164.5, 166.80,165.7,166.45,333510,555.12,7072, 173436, 52.00
VRLLOG, EQ, 09-Apr-2024,559.05,564.05,564.05,557.45, 562.00,562.0,560.87,31223,175.12,3070, 17355, 55.58
VSSL, EQ, 09-Apr-2024,224.05,222.95,228.0,222.15, 225.90,224.95,225.38,78630,177.21,2724, 55845, 71.02
VSTIND, EQ, 09-Apr-2024,3668.4,3698.0,3698.0,3594.85, 3613.70,3614.85,3640.18,9728,354.12,1535, 6783, 69.73
VSTL, EQ, 09-Apr-2024,315.5,318.85,318.85,302.95, 307.70,307.35,308.52,105839,326.53,2624, 77232, 72.97
VSTTILLERS, EQ, 09-Apr-2024,3259.2,3275.2,3324.5,3252.0, 3287.25,3272.3,3288.31,7098,233.4,1690, 4148, 58.44
VTL, EQ, 09-Apr-2024,449.4,451.2,457.4,446.1, 456.00,456.05,454.32,154569,702.23,10147, 98161, 63.51
WABAG, EQ, 09-Apr-2024,794.55,799.9,812.75,795.9, 800.05,802.1,804.94,242578,1952.62,14245, 125901, 51.90
WANBURY, EQ, 09-Apr-2024,163.8,161.0,164.8,155.75, 157.45,157.4,159.78,133856,213.87,1506, 100974, 75.43
WEALTH, EQ, 09-Apr-2024,751.8,751.8,779.15,731.8, 758.00,744.8,756.34,9135,69.09,718, 5196, 56.88
WEBELSOLAR, EQ, 09-Apr-2024,571.75,585.05,600.3,546.15, 556.00,556.35,578.12,1005193,5811.19,19704, 462336, 45.99
WEIZMANIND, EQ, 09-Apr-2024,122.8,124.5,124.5,118.6, 119.50,119.25,120.29,27732,33.36,416, 16948, 61.11
WEL, EQ, 09-Apr-2024,846.3,888.6,888.6,875.6, 888.60,888.1,887.08,35183,312.1,1194, 21415, 60.87
WELCORP, EQ, 09-Apr-2024,585.2,582.65,587.55,565.75, 569.95,568.65,573.27,312558,1791.81,17911, 153615, 49.15
WELENT, EQ, 09-Apr-2024,319.2,319.2,325.1,315.5, 320.15,319.55,321.07,94561,303.61,6038, 44586, 47.15
WELINV, EQ, 09-Apr-2024,787.35,786.0,818.7,761.2, 770.35,787.25,793.12,1263,10.02,169, 987, 78.15
WELSPUNLIV, EQ, 09-Apr-2024,153.4,153.45,156.4,151.65, 154.50,154.25,154.1,852222,1313.3,14691, 242477, 28.45
WENDT, EQ, 09-Apr-2024,12453.0,12599.95,12599.95,12142.2, 12574.85,12470.0,12300.62,991,121.9,464, 663, 66.90
WESTLIFE, EQ, 09-Apr-2024,821.55,815.15,827.5,800.1, 814.00,810.45,813.14,74343,604.51,11095, 31354, 42.17
WEWIN, EQ, 09-Apr-2024,104.95,110.05,114.7,97.0, 97.60,98.35,106.67,406219,433.3,6439, 142862, 35.17
WHEELS, EQ, 09-Apr-2024,604.8,608.8,617.0,599.05, 603.00,602.5,607.31,66036,401.04,3819, 35381, 53.58
WHIRLPOOL, EQ, 09-Apr-2024,1412.35,1427.2,1437.6,1383.5, 1405.20,1399.55,1412.88,128220,1811.6,14364, 61647, 48.08
WILLAMAGOR, EQ, 09-Apr-2024,37.85,37.3,37.8,36.05, 36.05,36.3,36.8,7809,2.87,199, 6210, 79.52
WINDLAS, EQ, 09-Apr-2024,541.3,544.7,554.0,537.5, 552.50,549.0,545.46,46098,251.44,3875, 22452, 48.70
WINDMACHIN, EQ, 09-Apr-2024,78.45,78.6,79.95,76.8, 77.70,77.3,78.08,33548,26.19,586, 18258, 54.42
WIPRO, EQ, 09-Apr-2024,479.9,483.95,485.25,475.2, 476.20,475.8,480.0,7900625,37923.12,94664, 2971860, 37.62
WONDERLA, EQ, 09-Apr-2024,1080.05,1084.9,1084.95,1035.45, 1044.50,1041.35,1055.09,135021,1424.6,14860, 62634, 46.39
WORTH, EQ, 09-Apr-2024,118.2,119.8,120.5,115.0, 115.00,115.25,117.21,20723,24.29,194, 14277, 68.89
WSI, EQ, 09-Apr-2024,152.7,155.0,155.9,149.0, 150.00,149.7,151.59,136782,207.35,5339, 86758, 63.43
WSTCSTPAPR, EQ, 09-Apr-2024,640.95,643.1,644.9,628.0, 632.95,631.55,636.2,82609,525.56,4634, 51354, 62.17
XCHANGING, EQ, 09-Apr-2024,131.75,132.4,134.7,130.35, 132.10,131.8,132.76,339099,450.17,5267, 177307, 52.29
XPROINDIA, EQ, 09-Apr-2024,1081.0,1090.7,1097.75,1051.9, 1066.00,1063.45,1075.66,16214,174.41,2431, 8063, 49.73
YASHO, EQ, 09-Apr-2024,1798.7,1813.15,1878.15,1785.0, 1853.00,1839.6,1825.89,27292,498.32,5541, 10134, 37.13
YATHARTH, EQ, 09-Apr-2024,462.55,468.4,468.4,458.55, 460.00,460.3,461.7,201236,929.11,9910, 133154, 66.17
YATRA, EQ, 09-Apr-2024,151.6,152.0,153.85,149.3, 151.30,150.1,150.95,208532,314.77,6034, 135871, 65.16
YESBANK, EQ, 09-Apr-2024,24.75,24.8,25.2,24.5, 24.60,24.55,24.83,154932842,38471.04,132674, 33054177, 21.33
YUKEN, EQ, 09-Apr-2024,838.2,834.85,847.75,825.5, 828.80,831.85,834.99,5438,45.41,755, 3360, 61.79
ZAGGLE, EQ, 09-Apr-2024,295.15,295.95,297.45,283.7, 291.80,291.0,289.99,1405215,4074.97,28495, 650876, 46.32
ZEEL, EQ, 09-Apr-2024,149.7,151.0,151.65,146.1, 146.70,146.5,148.67,8403197,12493.33,46692, 3855947, 45.89
ZEEMEDIA, EQ, 09-Apr-2024,11.95,12.05,12.05,11.6, 11.85,11.8,11.83,3923691,464.22,3143, 1254620, 31.98
ZENITHEXPO, EQ, 09-Apr-2024,188.55,180.9,199.7,180.9, 197.55,192.5,188.42,1572,2.96,122, 791, 50.32
ZENITHSTL, EQ, 09-Apr-2024,9.1,9.0,9.5,8.75, 8.75,8.8,9.07,872980,79.21,1362, 481187, 55.12
ZENSARTECH, EQ, 09-Apr-2024,615.25,618.5,621.9,601.0, 605.80,606.45,608.96,829986,5054.32,28547, 466023, 56.15
ZENTEC, EQ, 09-Apr-2024,1027.65,1031.0,1044.0,1008.0, 1010.35,1013.0,1018.88,116850,1190.56,6287, 81497, 69.74
ZFCVINDIA, EQ, 09-Apr-2024,14521.7,14523.55,14688.5,14352.05, 14465.00,14402.45,14500.58,3779,547.98,2135, 2137, 56.55
ZIMLAB, EQ, 09-Apr-2024,99.95,100.0,100.6,98.15, 98.50,98.75,99.21,112027,111.15,1517, 63885, 57.03
ZODIACLOTH, EQ, 09-Apr-2024,118.0,118.1,119.65,115.9, 116.70,116.15,117.26,17723,20.78,454, 11851, 66.87
ZOMATO, EQ, 09-Apr-2024,191.8,192.55,195.5,188.75, 194.55,193.7,193.2,30824719,59552.57,167728, 18150706, 58.88
ZOTA, EQ, 09-Apr-2024,507.35,507.9,509.95,490.0, 498.90,497.95,500.74,24594,123.15,1780, 9879, 40.17
ZUARI, EQ, 09-Apr-2024,202.1,200.2,201.55,195.1, 196.00,196.4,198.36,132234,262.3,6156, 60758, 45.95
ZUARIIND, EQ, 09-Apr-2024,331.65,333.6,339.0,325.8, 336.40,335.25,332.75,74199,246.9,4459, 36619, 49.35
ZYDUSLIFE, EQ, 09-Apr-2024,1000.65,1001.95,1003.65,987.55, 989.20,989.15,993.57,752593,7477.57,42862, 460595, 61.20
ZYDUSWELL, EQ, 09-Apr-2024,1565.9,1555.0,1573.25,1550.15, 1570.00,1559.65,1563.11,9004,140.74,1649, 4632, 51.44
