SYMBOL,SERIES,DATE1,PREV_CLOSE,OPEN_PRICE,HIGH_PRICE,LOW_PRICE,LAST_PRICE,CLOSE_PRICE,AVG_PRICE,TTL_TRD_QNTY,TURNOVER_LACS,NO_OF_TRADES,DELIV_QTY,DELIV_PER
20MICRONS, EQ, 27-Nov-2025,195.62,196.4,198.01,193.25,193.45,193.99,195.75,49499,96.9,2159, 24155, 48.80
21STCENMGM, EQ, 27-Nov-2025,36.77,36.03,37.5,36.03,37.5,37.5,37.25,6999,2.61,78, 6758, 96.56
360ONE, EQ, 27-Nov-2025,1150.0,1150.0,1173.9,1141.0,1165.0,1166.6,1158.71,490617,5684.81,22937, 244180, 49.77
3IINFOLTD, EQ, 27-Nov-2025,17.0,17.05,17.2,16.93,16.95,16.96,17.02,311453,53.0,1113, 226800, 72.82
3MINDIA, EQ, 27-Nov-2025,35520.0,35815.0,35815.0,34955.0,35055.0,35030.0,35176.8,2707,952.24,1455, 1372, 50.68
3PLAND, EQ, 27-Nov-2025,39.49,39.51,40.44,38.0,40.09,39.54,39.41,6290,2.48,147, 3039, 48.31
5PAISA, EQ, 27-Nov-2025,343.85,343.85,348.95,337.2,340.0,340.8,343.99,82956,285.36,3186, 22627, 27.28
63MOONS, EQ, 27-Nov-2025,759.25,759.0,799.95,759.0,784.0,781.4,783.72,247854,1942.47,10357, 96823, 39.06
A2ZINFRA, EQ, 27-Nov-2025,15.71,15.5,16.15,15.11,15.45,15.34,15.59,139970,21.82,523, 99699, 71.23
AADHARHFC, EQ, 27-Nov-2025,486.85,490.0,490.0,482.0,482.6,483.15,483.47,155408,751.35,5701, 117743, 75.76
AAKASH, EQ, 27-Nov-2025,8.77,8.65,8.99,8.65,8.81,8.81,8.82,79755,7.04,287, 65258, 81.82
AARON, EQ, 27-Nov-2025,184.07,186.8,190.8,185.14,186.0,186.55,186.96,7022,13.13,406, 3851, 54.84
AARTECH, EQ, 27-Nov-2025,48.76,48.76,49.47,48.06,49.0,48.77,49.07,14919,7.32,442, 8783, 58.87
AARTIDRUGS, EQ, 27-Nov-2025,442.3,443.0,443.3,427.8,429.45,429.8,432.75,179375,776.24,5997, 102972, 57.41
AARTIIND, EQ, 27-Nov-2025,377.95,379.2,382.8,377.4,380.8,380.8,379.88,316093,1200.76,10678, 124141, 39.27
AARTIPHARM, EQ, 27-Nov-2025,710.45,716.15,717.45,698.5,703.0,700.45,703.6,123309,867.6,9639, 72354, 58.68
AARTISURF, EQ, 27-Nov-2025,428.2,428.2,430.0,426.0,429.5,429.0,428.6,3960,16.97,330, 3085, 77.90
AARVI, EQ, 27-Nov-2025,131.54,132.85,133.48,129.0,129.9,129.39,130.24,15933,20.75,595, 6666, 41.84
AAVAS, EQ, 27-Nov-2025,1593.6,1595.0,1604.5,1573.0,1583.0,1576.6,1591.85,200177,3186.51,19314, 132523, 66.20
ABB, EQ, 27-Nov-2025,5197.5,5235.0,5264.5,5188.5,5260.0,5240.5,5222.27,123457,6447.26,13791, 54480, 44.13
ABBOTINDIA, EQ, 27-Nov-2025,30025.0,30300.0,30300.0,29390.0,29435.0,29440.0,29574.08,8428,2492.5,5347, 5249, 62.28
ABCAPITAL, EQ, 27-Nov-2025,349.8,350.0,353.4,349.4,352.8,351.75,351.19,3510742,12329.36,52016, 1507515, 42.94
ABCOTS, EQ, 27-Nov-2025,412.15,414.85,423.95,412.1,420.0,421.55,418.95,14283,59.84,858, 5850, 40.96
ABDL, EQ, 27-Nov-2025,652.15,654.85,670.0,646.2,654.5,654.55,659.38,631892,4166.6,31951, 300136, 47.50
ABFRL, EQ, 27-Nov-2025,76.94,77.0,77.47,76.81,77.05,77.05,77.08,971417,748.8,8244, 483967, 49.82
ABGSEC, EQ, 27-Nov-2025,111.37,111.53,111.53,111.18,111.18,111.18,111.18,842,0.94,3, 842, 100.00
ABINFRA, EQ, 27-Nov-2025,18.57,18.6,19.1,18.41,18.99,18.97,18.78,1027239,192.95,1064, 942589, 91.76
ABLBL, EQ, 27-Nov-2025,132.65,132.24,133.85,131.05,131.74,132.23,132.53,702796,931.39,10721, 269751, 38.38
ABREL, EQ, 27-Nov-2025,1773.3,1766.0,1787.0,1740.0,1745.0,1745.8,1755.8,121462,2132.63,13025, 80243, 66.06
ABSLAMC, EQ, 27-Nov-2025,730.85,737.0,741.0,726.05,730.0,729.9,731.96,116943,855.98,11050, 62927, 53.81
ABSLBANETF, EQ, 27-Nov-2025,60.77,60.95,61.14,60.79,61.04,60.95,60.94,35075,21.37,210, 25070, 71.48
ABSLLIQUID, EQ, 27-Nov-2025,1000.0,999.99,1000.01,999.99,1000.0,1000.0,1000.0,412,4.12,9, 228, 55.34
ABSLNN50ET, EQ, 27-Nov-2025,72.22,72.89,72.89,72.01,72.29,72.28,72.23,8384,6.06,175, 7115, 84.86
ABSLPSE, EQ, 27-Nov-2025,10.12,10.35,10.35,10.06,10.16,10.12,10.13,98379,9.96,419, 69550, 70.70
ACC, EQ, 27-Nov-2025,1884.5,1888.0,1888.0,1864.0,1866.3,1870.2,1872.1,115737,2166.71,9787, 51046, 44.11
ACCELYA, EQ, 27-Nov-2025,1283.8,1284.8,1300.0,1284.8,1297.6,1292.8,1291.97,9361,120.94,1174, 5200, 55.55
ACCURACY, EQ, 27-Nov-2025,6.09,6.11,6.19,6.0,6.09,6.04,6.06,64255,3.89,575, 38685, 60.21
ACE, EQ, 27-Nov-2025,974.3,977.0,986.0,971.4,985.0,982.8,980.1,166555,1632.4,13636, 93474, 56.12
ACEINTEG, EQ, 27-Nov-2025,22.14,22.98,22.98,22.06,22.75,22.75,22.71,397,0.09,23, 361, 90.93
ACI, EQ, 27-Nov-2025,517.75,519.95,528.6,519.95,524.0,523.85,524.14,151639,794.8,8591, 85801, 56.58
ACMESOLAR, EQ, 27-Nov-2025,233.7,234.05,235.2,229.1,232.9,232.45,232.07,803100,1863.78,16941, 415093, 51.69
ACUTAAS, EQ, 27-Nov-2025,1794.8,1796.0,1798.1,1763.0,1785.2,1788.7,1785.38,122256,2182.74,13618, 48973, 40.06
ADANIENSOL, EQ, 27-Nov-2025,991.2,992.6,994.15,974.0,982.25,984.35,984.48,868201,8547.26,29792, 423549, 48.78
ADANIENT, EQ, 27-Nov-2025,2315.0,2310.0,2320.5,2243.0,2249.0,2255.0,2283.07,1474038,33653.32,61990, 701192, 47.57
ADANIGREEN, EQ, 27-Nov-2025,1034.4,1040.1,1042.0,1018.2,1033.0,1031.1,1028.15,1543218,15866.63,29963, 413670, 26.81
ADANIPORTS, EQ, 27-Nov-2025,1506.2,1511.8,1513.9,1501.0,1505.6,1509.1,1507.04,861910,12989.36,51591, 345316, 40.06
ADANIPOWER, EQ, 27-Nov-2025,148.62,149.15,150.64,147.4,147.97,148.13,149.2,19409495,28958.38,75101, 8981174, 46.27
ADFFOODS, EQ, 27-Nov-2025,210.55,210.01,214.47,207.92,209.5,209.16,210.63,95373,200.89,2810, 39458, 41.37
ADL, EQ, 27-Nov-2025,75.9,77.9,77.9,74.0,77.69,74.71,75.0,574,0.43,32, 565, 98.43
ADOR, EQ, 27-Nov-2025,1093.6,1092.5,1100.0,1083.1,1096.0,1094.2,1093.14,11846,129.49,884, 7672, 64.76
ADROITINFO, EQ, 27-Nov-2025,10.18,10.4,10.76,9.92,10.07,9.99,10.1,63178,6.38,339, 56817, 89.93
ADSL, EQ, 27-Nov-2025,161.73,162.7,164.9,161.3,161.73,161.68,162.53,97328,158.19,2023, 36794, 37.80
ADVANCE, EQ, 27-Nov-2025,125.64,126.99,129.9,124.1,129.75,129.35,127.1,467508,594.21,5929, 158579, 33.92
ADVANIHOTR, EQ, 27-Nov-2025,54.11,54.15,54.76,54.15,54.15,54.25,54.32,24685,13.41,502, 13890, 56.27
ADVENTHTL, EQ, 27-Nov-2025,238.9,240.85,263.3,221.0,228.0,226.55,242.16,795455,1926.29,10883, 531318, 66.79
ADVENZYMES, EQ, 27-Nov-2025,314.95,315.15,316.95,310.6,310.75,311.95,313.54,65461,205.25,2436, 35990, 54.98
AEGISLOG, EQ, 27-Nov-2025,761.5,766.0,766.75,753.75,760.0,760.7,759.48,168132,1276.92,11808, 75107, 44.67
AEGISVOPAK, EQ, 27-Nov-2025,261.7,262.0,266.45,259.1,262.0,264.65,263.48,400786,1055.99,7182, 225983, 56.38
AEROENTER, EQ, 27-Nov-2025,86.95,87.36,89.4,86.38,87.0,87.58,88.13,436510,384.69,2829, 169903, 38.92
AEROFLEX, EQ, 27-Nov-2025,183.22,186.0,186.0,181.05,181.79,181.46,182.65,161667,295.28,3183, 63619, 39.35
AERONEU, EQ, 27-Nov-2025,78.52,78.21,84.4,75.45,81.55,80.66,80.48,39680,31.94,1367, 15490, 39.04
AETHER, EQ, 27-Nov-2025,901.05,900.0,902.35,844.7,883.75,886.2,890.04,249534,2220.94,21903, 141836, 56.84
AFCONS, EQ, 27-Nov-2025,405.3,408.5,412.85,405.0,411.5,411.1,410.59,471572,1936.25,13355, 254896, 54.05
AFFLE, EQ, 27-Nov-2025,1669.1,1680.0,1692.8,1660.0,1672.8,1673.2,1672.41,333425,5576.24,23613, 245409, 73.60
AFFORDABLE, EQ, 27-Nov-2025,217.95,221.95,227.95,215.0,224.45,222.4,221.55,50418,111.7,1749, 22390, 44.41
AFIL, EQ, 27-Nov-2025,7.34,7.34,7.4,7.26,7.35,7.31,7.32,659242,48.26,1282, 443818, 67.32
AFSL, EQ, 27-Nov-2025,204.9,205.0,206.09,201.12,201.12,201.69,203.1,6762,13.73,250, 4005, 59.23
AGARIND, EQ, 27-Nov-2025,769.8,777.5,780.0,763.1,763.1,771.7,773.09,15872,122.71,1016, 9386, 59.14
AGARWALEYE, EQ, 27-Nov-2025,510.8,521.0,555.5,516.55,518.0,524.55,538.7,3374350,18177.77,95592, 362483, 10.74
AGI, EQ, 27-Nov-2025,778.8,780.0,790.0,769.0,771.5,770.75,777.34,30174,234.56,3912, 15347, 50.86
AGIIL, EQ, 27-Nov-2025,275.5,277.0,280.0,271.25,273.5,275.0,274.81,385189,1058.52,3961, 226067, 58.69
AGRITECH, EQ, 27-Nov-2025,107.4,108.5,128.88,107.0,128.88,128.88,125.69,83541,105.01,1309, 35162, 42.09
AGROPHOS, EQ, 27-Nov-2025,39.12,39.76,41.0,39.01,39.72,40.61,40.54,25347,10.28,275, 20095, 79.28
AHLADA, EQ, 27-Nov-2025,51.9,51.9,52.49,51.9,51.9,52.0,52.06,9276,4.83,90, 5967, 64.33
AHLEAST, EQ, 27-Nov-2025,140.77,141.49,142.65,138.5,138.5,139.19,140.4,1386,1.95,60, 820, 59.16
AHLUCONT, EQ, 27-Nov-2025,1007.65,1021.0,1021.0,985.0,985.05,988.85,994.81,39114,389.11,5637, 17434, 44.57
AIAENG, EQ, 27-Nov-2025,3763.1,3765.0,3845.8,3758.9,3840.0,3835.4,3822.29,88747,3392.16,14317, 55020, 62.00
AIIL, EQ, 27-Nov-2025,2686.2,2699.7,2773.1,2657.7,2729.2,2743.8,2719.54,95432,2595.31,19793, 36954, 38.72
AIRAN, EQ, 27-Nov-2025,19.83,20.0,20.34,19.62,19.91,19.82,20.08,107887,21.66,696, 76366, 70.78
AIROLAM, EQ, 27-Nov-2025,103.0,107.9,107.9,102.56,102.65,103.52,103.9,260,0.27,29, 124, 47.69
AJANTPHARM, EQ, 27-Nov-2025,2535.1,2546.2,2550.9,2505.0,2530.0,2530.7,2526.75,33224,839.49,9389, 16954, 51.03
AJAXENGG, EQ, 27-Nov-2025,632.1,642.0,643.65,620.6,623.4,623.85,627.38,21590,135.45,2829, 9293, 43.04
AJMERA, EQ, 27-Nov-2025,1010.8,1015.9,1029.5,1007.3,1016.0,1016.1,1017.84,22638,230.42,1365, 13274, 58.64
AJOONI, EQ, 27-Nov-2025,4.82,4.89,4.89,4.79,4.86,4.83,4.85,211551,10.25,523, 132313, 62.54
AKASH, EQ, 27-Nov-2025,25.86,26.04,26.49,25.55,25.7,25.99,26.1,1112,0.29,35, 800, 71.94
AKG, EQ, 27-Nov-2025,12.61,12.43,12.7,11.81,11.93,11.96,12.02,614784,73.92,476, 566557, 92.16
AKI, EQ, 27-Nov-2025,7.68,7.85,8.0,7.29,7.42,7.43,7.44,79694,5.93,285, 46158, 57.92
AKSHARCHEM, EQ, 27-Nov-2025,284.35,283.0,283.0,266.25,268.0,267.6,272.84,6704,18.29,364, 3965, 59.14
AKSHOPTFBR, EQ, 27-Nov-2025,6.7,6.78,6.85,6.74,6.85,6.82,6.79,79504,5.4,321, 58537, 73.63
AKUMS, EQ, 27-Nov-2025,426.25,430.0,430.0,417.0,420.5,419.5,422.88,102956,435.38,5259, 54367, 52.81
AKZOINDIA, EQ, 27-Nov-2025,3418.8,3410.0,3445.8,3314.8,3387.0,3400.6,3388.27,17641,597.72,4324, 4566, 25.88
ALANKIT, EQ, 27-Nov-2025,10.97,11.15,11.19,10.95,11.0,10.99,11.07,140376,15.54,606, 103788, 73.94
ALBERTDAVD, EQ, 27-Nov-2025,790.05,798.0,798.0,786.1,794.0,791.35,793.32,1721,13.65,173, 1419, 82.45
ALEMBICLTD, EQ, 27-Nov-2025,99.02,99.1,100.68,98.86,100.19,99.99,100.05,283307,283.44,2700, 135748, 47.92
ALICON, EQ, 27-Nov-2025,897.15,889.0,909.0,889.0,895.95,897.95,900.79,7850,70.71,816, 3982, 50.73
ALIVUS, EQ, 27-Nov-2025,903.5,902.0,906.5,890.6,903.0,900.8,896.96,74466,667.93,5471, 48292, 64.85
ALKALI, EQ, 27-Nov-2025,82.43,83.55,84.98,82.36,83.8,83.17,83.36,945,0.79,68, 757, 80.11
ALKEM, EQ, 27-Nov-2025,5773.0,5785.5,5794.5,5671.0,5680.0,5686.5,5706.16,163929,9354.05,21541, 103122, 62.91
ALKYLAMINE, EQ, 27-Nov-2025,1707.5,1723.6,1727.1,1690.1,1699.0,1701.8,1708.74,17687,302.23,4040, 8726, 49.34
ALLCARGO, EQ, 27-Nov-2025,12.88,12.94,13.08,12.1,12.2,12.2,12.49,4534800,566.27,15325, 2975048, 65.60
ALLDIGI, EQ, 27-Nov-2025,828.3,830.5,845.0,829.1,841.0,837.3,836.4,4147,34.69,464, 2312, 55.75
ALLTIME, EQ, 27-Nov-2025,275.2,277.4,277.4,275.0,275.0,275.45,275.52,33047,91.05,852, 19608, 59.33
ALMONDZ, EQ, 27-Nov-2025,17.02,17.01,17.18,16.66,16.7,16.76,16.88,48879,8.25,382, 40684, 83.23
ALOKINDS, EQ, 27-Nov-2025,16.87,16.92,17.34,16.75,16.98,16.98,17.1,4030585,689.07,9192, 1364572, 33.86
ALPA, EQ, 27-Nov-2025,77.56,77.9,80.8,77.9,80.0,80.08,79.8,10022,8.0,215, 7919, 79.02
ALPHA, EQ, 27-Nov-2025,49.95,49.95,50.14,49.55,50.0,49.98,49.99,680047,339.95,1859, 380961, 56.02
ALPHAETF, EQ, 27-Nov-2025,25.91,25.92,26.0,25.8,25.94,25.89,25.92,369619,95.8,899, 249484, 67.50
ALPHAGEO, EQ, 27-Nov-2025,232.55,234.9,239.9,232.95,238.0,236.15,235.96,5551,13.1,372, 3938, 70.94
ALPL30IETF, EQ, 27-Nov-2025,27.95,27.95,28.04,27.87,27.96,27.96,27.97,244860,68.48,1021, 196984, 80.45
ALPSINDUS, EQ, 27-Nov-2025,1.81,1.81,1.9,1.81,1.9,1.87,1.87,53910,1.01,120, 42455, 78.75
AMANTA, EQ, 27-Nov-2025,112.96,113.45,118.75,108.5,113.0,110.8,113.43,194184,220.27,2273, 133418, 68.71
AMBER, EQ, 27-Nov-2025,7302.0,7301.0,7302.0,7078.0,7106.5,7103.0,7149.82,174995,12511.83,24898, 57276, 32.73
AMBICAAGAR, EQ, 27-Nov-2025,25.58,25.58,25.8,25.29,25.3,25.3,25.41,747,0.19,25, 723, 96.79
AMBIKCO, EQ, 27-Nov-2025,1294.1,1292.6,1302.9,1275.6,1280.0,1277.4,1282.6,9225,118.32,718, 7742, 83.92
AMBUJACEM, EQ, 27-Nov-2025,550.0,552.45,553.3,547.0,548.85,548.7,549.27,481061,2642.3,16948, 243388, 50.59
AMDIND, EQ, 27-Nov-2025,54.72,54.72,54.72,53.61,53.9,53.9,54.15,7244,3.92,345, 4632, 63.94
AMJLAND, EQ, 27-Nov-2025,53.34,53.82,54.48,51.87,52.12,52.15,52.36,38203,20.0,1020, 24279, 63.55
AMNPLST, EQ, 27-Nov-2025,198.56,200.99,201.7,196.5,199.1,199.17,199.48,1092,2.18,69, 638, 58.42
AMRUTANJAN, EQ, 27-Nov-2025,684.9,682.1,695.45,681.0,682.9,681.55,684.9,10029,68.69,1094, 3414, 34.04
ANANDRATHI, EQ, 27-Nov-2025,2895.6,2900.0,2910.0,2864.0,2880.0,2889.6,2885.89,42841,1236.34,6095, 25007, 58.37
ANANTRAJ, EQ, 27-Nov-2025,605.1,609.0,609.0,585.0,586.85,587.55,592.52,1907837,11304.4,43345, 918727, 48.16
ANDHRAPAP, EQ, 27-Nov-2025,68.52,69.01,69.54,68.31,68.85,68.53,68.84,32298,22.23,838, 21718, 67.24
ANDHRSUGAR, EQ, 27-Nov-2025,78.42,78.34,78.58,77.3,78.0,78.04,77.91,87005,67.79,1168, 52217, 60.02
ANGELONE, EQ, 27-Nov-2025,2749.5,2759.9,2770.0,2732.8,2760.0,2764.2,2754.63,444280,12238.28,27580, 166300, 37.43
ANIKINDS, EQ, 27-Nov-2025,66.56,69.99,69.99,66.54,68.89,68.48,67.89,4245,2.88,150, 3123, 73.57
ANMOL, EQ, 27-Nov-2025,14.68,14.68,14.68,14.05,14.39,14.41,14.4,37497,5.4,300, 21031, 56.09
ANTELOPUS, EQ, 27-Nov-2025,417.0,416.0,418.65,394.05,399.0,400.55,401.18,171241,686.98,6253, 97525, 56.95
ANTGRAPHIC, EQ, 27-Nov-2025,0.99,0.99,1.0,0.96,0.97,0.96,0.98,198091,1.95,219, 135999, 68.65
ANTHEM, EQ, 27-Nov-2025,632.6,632.6,633.1,620.0,625.0,628.25,626.96,1079235,6766.39,18923, 807396, 74.81
ANUHPHR, EQ, 27-Nov-2025,76.88,77.9,77.9,76.52,77.0,76.85,77.05,21394,16.48,578, 12788, 59.77
ANUP, EQ, 27-Nov-2025,2308.9,2310.0,2327.1,2273.0,2279.4,2279.4,2288.24,5789,132.47,1512, 3112, 53.76
ANURAS, EQ, 27-Nov-2025,1231.8,1244.0,1244.0,1208.0,1208.0,1215.8,1220.31,134499,1641.3,10188, 68359, 50.82
AONEGOLD, EQ, 27-Nov-2025,11.75,11.79,11.79,11.72,11.78,11.75,11.75,283987,33.37,1292, 209542, 73.79
AONELIQUID, EQ, 27-Nov-2025,1035.89,1036.03,1036.05,1036.03,1036.03,1036.04,1036.04,14986,155.26,91, 10636, 70.97
AONENIFTY, EQ, 27-Nov-2025,10.71,10.9,10.9,10.71,10.74,10.73,10.75,155221,16.68,1201, 104273, 67.18
AONETMMQ50, EQ, 27-Nov-2025,10.0,10.05,10.1,9.95,10.02,10.01,10.04,144403,14.5,310, 128321, 88.86
AONETOTAL, EQ, 27-Nov-2025,12.08,12.26,12.26,12.05,12.13,12.1,12.12,373139,45.22,2002, 151600, 40.63
APARINDS, EQ, 27-Nov-2025,9156.5,9250.5,9333.5,9115.0,9163.0,9145.5,9215.52,44432,4094.64,13178, 16023, 36.06
APCL, EQ, 27-Nov-2025,120.34,122.76,125.0,119.25,124.7,123.56,122.9,10175,12.5,171, 7988, 78.51
APCOTEXIND, EQ, 27-Nov-2025,403.85,403.0,412.4,397.35,411.65,409.1,406.35,26736,108.64,1387, 18397, 68.81
APEX, EQ, 27-Nov-2025,309.27,310.19,310.97,295.3,299.6,299.81,299.96,618213,1854.37,10411, 139742, 22.60
APLAPOLLO, EQ, 27-Nov-2025,1732.8,1739.0,1743.0,1710.0,1727.0,1734.9,1726.84,337720,5831.89,19194, 203978, 60.40
APLLTD, EQ, 27-Nov-2025,914.75,919.3,921.0,904.0,904.5,905.35,910.6,26429,240.66,2889, 12344, 46.71
APOLLO, EQ, 27-Nov-2025,271.3,272.0,272.9,266.0,267.15,267.2,268.08,1388243,3721.54,18764, 532230, 38.34
APOLLOHOSP, EQ, 27-Nov-2025,7393.0,7390.0,7396.0,7310.0,7330.0,7322.5,7342.09,243681,17891.28,31873, 170782, 70.08
APOLLOPIPE, EQ, 27-Nov-2025,301.55,303.0,303.5,298.55,301.3,299.6,300.92,50582,152.21,1329, 22953, 45.38
APOLLOTYRE, EQ, 27-Nov-2025,521.45,521.25,522.25,516.8,517.7,518.95,518.82,166766,865.22,7860, 46854, 28.10
APOLSINHOT, EQ, 27-Nov-2025,1285.0,1290.0,1307.9,1290.0,1298.5,1292.2,1300.75,796,10.35,52, 747, 93.84
APTECHT, EQ, 27-Nov-2025,102.78,102.9,104.5,102.53,103.9,103.76,103.68,69974,72.55,1430, 35475, 50.70
APTUS, EQ, 27-Nov-2025,281.2,282.9,287.95,279.4,280.8,280.7,283.51,2502707,7095.49,23554, 1885323, 75.33
ARCHIDPLY, EQ, 27-Nov-2025,90.25,90.25,92.63,90.01,91.77,90.85,91.02,5542,5.04,277, 3895, 70.28
ARCHIES, EQ, 27-Nov-2025,18.96,18.54,19.39,18.54,18.97,18.93,18.94,11495,2.18,128, 7033, 61.18
ARE&M, EQ, 27-Nov-2025,949.8,951.9,957.0,941.9,944.8,945.3,946.17,275475,2606.46,11573, 197514, 71.70
ARENTERP, EQ, 27-Nov-2025,52.5,52.45,56.99,51.5,56.0,56.08,54.71,9156,5.01,122, 6673, 72.88
ARIES, EQ, 27-Nov-2025,349.7,354.85,354.85,340.5,346.8,345.55,346.42,18780,65.06,990, 9055, 48.22
ARIHANTCAP, EQ, 27-Nov-2025,100.76,101.25,101.5,98.2,98.77,99.18,100.15,335938,336.43,2580, 127989, 38.10
ARIHANTSUP, EQ, 27-Nov-2025,350.55,350.0,352.7,347.4,351.0,350.0,349.87,15371,53.78,636, 7953, 51.74
ARISINFRA, EQ, 27-Nov-2025,142.62,142.6,143.69,141.57,141.8,142.39,142.75,246774,352.27,3554, 84227, 34.13
ARKADE, EQ, 27-Nov-2025,164.69,165.7,165.98,163.8,165.0,165.32,165.04,380582,628.12,1956, 127926, 33.61
ARMANFIN, EQ, 27-Nov-2025,1630.5,1646.8,1675.0,1605.2,1619.2,1617.7,1637.72,23288,381.39,3257, 12466, 53.53
AROGRANITE, EQ, 27-Nov-2025,33.32,33.11,36.45,31.61,32.36,32.41,34.28,294411,100.91,2177, 56468, 19.18
ARROWGREEN, EQ, 27-Nov-2025,542.55,542.0,550.0,535.55,548.0,547.55,542.65,12621,68.49,1028, 5495, 43.54
ARSSBL, EQ, 27-Nov-2025,708.5,712.8,714.55,675.6,700.2,701.75,694.01,1007641,6993.12,29489, 267403, 26.54
ARTEMISMED, EQ, 27-Nov-2025,286.62,288.7,288.77,283.05,287.28,286.14,285.36,115358,329.18,2710, 60489, 52.44
ARTNIRMAN, EQ, 27-Nov-2025,49.05,48.0,51.5,48.0,51.19,50.9,50.99,2103,1.07,33, 2028, 96.43
ARVEE, EQ, 27-Nov-2025,163.7,161.4,165.94,157.0,165.45,165.45,164.37,248,0.41,15, 83, 33.47
ARVIND, EQ, 27-Nov-2025,359.9,361.0,362.9,350.15,356.4,355.95,355.89,927426,3300.62,9703, 788861, 85.06
ARVINDFASN, EQ, 27-Nov-2025,523.6,523.6,525.45,510.95,519.0,513.6,517.98,103841,537.88,13650, 44920, 43.26
ARVSMART, EQ, 27-Nov-2025,575.85,575.85,583.3,573.0,574.0,575.5,577.48,25248,145.8,1340, 11173, 44.25
ASAHIINDIA, EQ, 27-Nov-2025,1028.3,1030.95,1034.35,1019.2,1025.0,1024.1,1024.61,73037,748.34,7139, 29016, 39.73
ASAHISONG, EQ, 27-Nov-2025,254.5,259.45,259.45,252.5,258.0,258.3,255.98,8447,21.62,167, 6792, 80.41
ASAL, EQ, 27-Nov-2025,513.9,514.25,517.15,510.0,510.0,511.35,512.68,10982,56.3,838, 4556, 41.49
ASALCBR, EQ, 27-Nov-2025,990.0,986.0,993.6,960.0,975.5,970.7,975.54,40676,396.81,7046, 19800, 48.68
ASHAPURMIN, EQ, 27-Nov-2025,701.85,708.8,717.0,692.0,695.6,696.0,704.25,419382,2953.49,18484, 148687, 35.45
ASHIANA, EQ, 27-Nov-2025,301.65,304.4,304.4,298.0,299.0,300.1,300.09,34276,102.86,1129, 25748, 75.12
ASHIMASYN, EQ, 27-Nov-2025,19.63,19.64,20.14,19.45,19.51,19.74,19.71,78461,15.46,420, 55638, 70.91
ASHOKA, EQ, 27-Nov-2025,178.0,183.0,187.4,180.85,183.0,183.97,183.23,1978760,3625.6,25110, 442370, 22.36
ASHOKAMET, EQ, 27-Nov-2025,15.87,15.89,15.98,15.65,15.85,15.91,15.84,11891,1.88,102, 7627, 64.14
ASHOKLEY, EQ, 27-Nov-2025,148.95,149.67,162.0,149.5,158.88,159.75,157.44,90218203,142037.18,344771, 27363815, 30.33
ASIANENE, EQ, 27-Nov-2025,299.2,300.05,302.9,296.0,297.0,296.6,298.34,30585,91.25,813, 19532, 63.86
ASIANHOTNR, EQ, 27-Nov-2025,323.35,323.35,329.4,320.9,327.0,327.9,325.68,6930,22.57,683, 992, 14.31
ASIANPAINT, EQ, 27-Nov-2025,2874.0,2880.0,2914.5,2871.4,2875.7,2879.1,2888.8,1158685,33472.04,88437, 556001, 47.99
ASIANTILES, EQ, 27-Nov-2025,65.87,66.05,66.59,65.24,65.24,66.34,65.92,647428,426.76,2883, 196635, 30.37
ASKAUTOLTD, EQ, 27-Nov-2025,493.5,496.95,496.95,486.8,494.5,494.5,492.31,168535,829.71,7604, 78882, 46.80
ASPINWALL, EQ, 27-Nov-2025,245.75,245.3,252.95,240.45,242.8,243.15,245.48,6702,16.45,150, 5412, 80.75
ASTEC, EQ, 27-Nov-2025,891.75,889.85,908.9,836.7,859.1,856.1,869.69,3632235,31589.17,76650, 336613, 9.27
ASTERDM, EQ, 27-Nov-2025,665.45,665.25,671.2,659.0,665.05,665.65,664.6,398251,2646.78,24928, 222670, 55.91
ASTRAL, EQ, 27-Nov-2025,1466.0,1469.9,1479.1,1460.5,1467.0,1471.0,1470.82,369425,5433.57,23519, 153477, 41.54
ASTRAMICRO, EQ, 27-Nov-2025,945.9,953.9,961.5,938.6,942.7,945.4,948.8,272773,2588.08,14535, 162732, 59.66
ASTRAZEN, EQ, 27-Nov-2025,9042.0,9035.0,9094.0,8951.0,9015.0,8997.5,9008.39,6184,557.08,1632, 3707, 59.95
ASTRON, EQ, 27-Nov-2025,7.16,7.27,7.51,7.19,7.46,7.4,7.45,108956,8.12,220, 86929, 79.78
ATALREAL, EQ, 27-Nov-2025,23.19,23.23,23.75,22.95,23.65,23.4,23.18,3893538,902.39,2623, 1976304, 50.76
ATAM, EQ, 27-Nov-2025,84.1,85.19,86.7,82.91,86.7,84.87,84.28,15893,13.39,337, 10495, 66.04
ATGL, EQ, 27-Nov-2025,605.75,606.75,609.95,602.1,603.0,603.4,604.73,237752,1437.75,12437, 86667, 36.45
ATHERENERG, EQ, 27-Nov-2025,692.5,694.95,718.0,694.95,709.55,710.4,709.24,3549144,25172.05,74171, 1257166, 35.42
ATL, EQ, 27-Nov-2025,27.32,27.94,28.6,26.94,28.0,27.82,27.86,339136,94.48,2803, 171157, 50.47
ATLANTAELE, EQ, 27-Nov-2025,966.05,985.0,985.0,950.0,958.0,956.4,964.84,45219,436.29,3133, 16000, 35.38
ATLASCYCLE, EQ, 27-Nov-2025,94.18,94.18,95.3,91.5,91.72,92.57,93.31,3607,3.37,116, 2265, 62.79
ATUL, EQ, 27-Nov-2025,5939.0,6004.5,6011.0,5864.5,5925.0,5924.5,5909.68,17304,1022.61,4192, 8619, 49.81
ATULAUTO, EQ, 27-Nov-2025,460.85,462.7,476.0,462.7,470.95,467.8,470.05,152802,718.25,4992, 59348, 38.84
AUBANK, EQ, 27-Nov-2025,953.75,953.75,955.0,938.8,944.9,947.15,944.89,1254643,11854.99,48229, 678140, 54.05
AURIGROW, EQ, 27-Nov-2025,0.52,0.52,0.53,0.52,0.52,0.52,0.52,1103867,5.78,555, 660006, 59.79
AURIONPRO, EQ, 27-Nov-2025,1105.2,1107.8,1127.2,1080.1,1090.6,1104.2,1110.57,83448,926.75,8763, 34570, 41.43
AUROPHARMA, EQ, 27-Nov-2025,1227.4,1227.4,1239.0,1222.6,1236.1,1235.8,1233.12,667410,8229.97,28974, 319998, 47.95
AURUM, EQ, 27-Nov-2025,161.99,162.1,172.0,157.6,169.5,167.19,164.16,123074,202.04,1638, 89970, 73.10
AUSOMENT, EQ, 27-Nov-2025,109.13,107.5,112.71,106.04,108.5,109.18,108.18,8657,9.37,271, 3341, 38.59
AUTOAXLES, EQ, 27-Nov-2025,1609.4,1609.0,1692.6,1606.3,1641.0,1643.9,1659.59,10619,176.23,1526, 4545, 42.80
AUTOBEES, EQ, 27-Nov-2025,284.94,284.9,286.36,282.81,284.0,283.8,284.37,331895,943.79,2628, 233580, 70.38
AUTOIETF, EQ, 27-Nov-2025,28.48,28.62,28.62,28.26,28.36,28.36,28.42,275720,78.35,1690, 160265, 58.13
AUTOIND, EQ, 27-Nov-2025,66.65,66.88,68.3,66.25,68.0,67.77,67.51,61511,41.53,1835, 39529, 64.26
AVADHSUGAR, EQ, 27-Nov-2025,384.0,384.0,391.05,378.4,384.95,380.8,384.17,19549,75.1,892, 8674, 44.37
AVALON, EQ, 27-Nov-2025,991.8,994.7,1000.8,983.5,984.0,989.1,993.02,100922,1002.17,10124, 41375, 41.00
AVANTEL, EQ, 27-Nov-2025,153.7,154.8,158.39,154.0,154.47,154.57,156.2,1052212,1643.55,11125, 306747, 29.15
AVANTIFEED, EQ, 27-Nov-2025,836.25,838.85,842.35,792.0,806.7,801.4,807.67,795745,6426.99,29757, 269171, 33.83
AVG, EQ, 27-Nov-2025,196.56,196.57,200.0,196.57,199.0,199.49,199.02,5500,10.95,164, 4482, 81.49
AVL, EQ, 27-Nov-2025,539.45,535.5,542.5,531.0,536.1,540.05,537.6,74102,398.37,6847, 35209, 47.51
AVONMORE, EQ, 27-Nov-2025,18.19,18.25,18.58,17.98,18.15,18.07,18.26,367527,67.12,527, 65361, 17.78
AVROIND, EQ, 27-Nov-2025,140.41,138.12,145.0,131.73,142.0,139.3,137.3,23510,32.28,934, 13565, 57.70
AVTNPL, EQ, 27-Nov-2025,68.82,68.9,69.54,68.5,68.66,68.77,68.82,23116,15.91,644, 13263, 57.38
AWFIS, EQ, 27-Nov-2025,546.15,549.0,553.0,541.45,546.0,545.3,546.52,55946,305.75,2977, 28298, 50.58
AWHCL, EQ, 27-Nov-2025,463.4,466.0,467.4,454.4,458.0,458.0,460.17,31086,143.05,2683, 19399, 62.40
AWL, EQ, 27-Nov-2025,264.25,264.4,266.7,261.0,261.7,261.35,263.34,1311530,3453.78,20637, 577924, 44.06
AXISBANK, EQ, 27-Nov-2025,1290.2,1297.0,1304.0,1281.0,1286.1,1287.3,1290.15,5924706,76437.61,142271, 3569242, 60.24
AXISBNKETF, EQ, 27-Nov-2025,611.7,613.11,615.45,612.57,613.54,613.27,613.93,599,3.68,38, 289, 48.25
AXISBPSETF, EQ, 27-Nov-2025,13.03,13.05,13.14,12.99,13.08,13.07,13.04,35440,4.62,302, 23356, 65.90
AXISCETF, EQ, 27-Nov-2025,128.27,128.3,128.98,127.6,128.0,127.6,127.87,5777,7.39,32, 4492, 77.76
AXISGOLD, EQ, 27-Nov-2025,104.98,104.05,105.07,104.05,104.87,104.76,104.82,651162,682.55,2893, 367097, 56.38
AXISHCETF, EQ, 27-Nov-2025,151.73,151.6,152.6,151.09,151.98,151.39,151.47,23313,35.31,61, 17766, 76.21
AXISILVER, EQ, 27-Nov-2025,157.51,159.65,162.55,159.55,161.5,161.47,161.12,577938,931.18,4931, 315795, 54.64
AXISNIFTY, EQ, 27-Nov-2025,287.36,287.36,289.69,281.65,287.81,287.79,287.72,28272,81.34,172, 18487, 65.39
AXISTECETF, EQ, 27-Nov-2025,406.32,406.21,409.5,405.03,407.46,407.6,406.45,8310,33.78,100, 6371, 76.67
AXISVALUE, EQ, 27-Nov-2025,30.69,30.51,31.03,30.47,30.67,30.56,30.58,24399,7.46,182, 11899, 48.77
AXITA, EQ, 27-Nov-2025,9.28,9.37,10.18,9.37,9.57,9.6,9.77,8436668,824.0,10722, 2502870, 29.67
AXSENSEX, EQ, 27-Nov-2025,88.11,90.1,90.67,88.04,88.04,88.2,88.42,6461,5.71,52, 5859, 90.68
AYMSYNTEX, EQ, 27-Nov-2025,166.66,167.32,172.55,165.0,165.2,165.8,167.02,8252,13.78,685, 3237, 39.23
AZAD, EQ, 27-Nov-2025,1633.3,1640.0,1718.0,1639.8,1694.0,1696.7,1695.77,313269,5312.32,26339, 118228, 37.74
BAGFILMS, EQ, 27-Nov-2025,6.15,6.09,6.7,6.09,6.5,6.49,6.33,85925,5.44,292, 51385, 59.80
BAIDFIN, EQ, 27-Nov-2025,10.13,10.17,10.21,10.05,10.2,10.17,10.16,70828,7.19,251, 63005, 88.95
BAJAJ-AUTO, EQ, 27-Nov-2025,9164.0,9194.0,9254.5,8996.0,9040.5,9022.5,9094.24,602295,54774.17,63377, 340244, 56.49
BAJAJCON, EQ, 27-Nov-2025,266.8,267.9,268.8,263.0,265.5,263.8,265.28,297304,788.69,5054, 161842, 54.44
BAJAJELEC, EQ, 27-Nov-2025,488.3,488.9,491.3,483.4,485.2,484.4,486.41,69974,340.36,5697, 34833, 49.78
BAJAJFINSV, EQ, 27-Nov-2025,2085.1,2085.1,2118.0,2075.6,2105.0,2103.2,2106.08,1125896,23712.28,54136, 449865, 39.96
BAJAJHCARE, EQ, 27-Nov-2025,426.85,431.6,433.45,425.3,426.5,426.65,429.16,32025,137.44,1301, 17760, 55.46
BAJAJHFL, EQ, 27-Nov-2025,105.0,105.05,107.15,105.05,105.23,105.35,106.05,4640747,4921.41,32111, 1729296, 37.26
BAJAJHIND, EQ, 27-Nov-2025,20.97,21.08,21.25,20.9,20.97,20.96,21.08,3178487,670.1,6688, 1591724, 50.08
BAJAJHLDNG, EQ, 27-Nov-2025,11734.0,11740.0,11773.0,11221.0,11258.0,11246.0,11375.37,112924,12845.52,26052, 63459, 56.20
BAJAJINDEF, EQ, 27-Nov-2025,333.3,336.6,345.6,334.85,341.95,339.1,339.74,16727,56.83,1229, 9166, 54.80
BAJEL, EQ, 27-Nov-2025,177.32,177.1,179.31,177.0,177.4,177.53,177.86,88421,157.27,1117, 64475, 72.92
BAJFINANCE, EQ, 27-Nov-2025,1010.7,1015.6,1044.9,1010.9,1035.3,1033.8,1035.7,12076038,125070.96,258662, 6510318, 53.91
BALAJEE, EQ, 27-Nov-2025,41.77,41.15,42.19,40.6,40.95,40.87,41.31,47453,19.6,735, 27726, 58.43
BALAJITELE, EQ, 27-Nov-2025,119.07,118.8,118.99,111.55,114.8,113.89,114.76,212369,243.72,2243, 125830, 59.25
BALAMINES, EQ, 27-Nov-2025,1163.0,1170.5,1179.8,1152.0,1159.0,1160.8,1168.54,78489,917.17,4928, 42495, 54.14
BALAXI, EQ, 27-Nov-2025,38.0,38.5,38.84,37.5,37.71,37.71,37.91,84284,31.95,1881, 38530, 45.71
BALKRISHNA, EQ, 27-Nov-2025,21.36,22.05,22.05,21.21,21.73,21.56,21.58,4742,1.02,100, 3887, 81.97
BALKRISIND, EQ, 27-Nov-2025,2313.0,2320.0,2350.8,2291.0,2300.0,2300.4,2304.53,81802,1885.16,19131, 51815, 63.34
BALMLAWRIE, EQ, 27-Nov-2025,186.98,186.98,189.9,185.11,186.43,186.36,187.05,98980,185.14,2586, 53504, 54.06
BALPHARMA, EQ, 27-Nov-2025,76.7,75.55,76.15,74.0,74.8,74.69,74.68,12310,9.19,276, 9378, 76.18
BALRAMCHIN, EQ, 27-Nov-2025,453.1,453.0,453.0,446.0,447.5,449.5,449.52,119469,537.04,7153, 51498, 43.11
BALUFORGE, EQ, 27-Nov-2025,625.95,626.0,630.35,618.15,620.0,624.35,625.28,399513,2498.09,6498, 87747, 21.96
BANARBEADS, EQ, 27-Nov-2025,131.67,130.2,132.0,130.2,131.4,131.4,131.72,1965,2.59,151, 1472, 74.91
BANARISUG, EQ, 27-Nov-2025,3604.3,3599.7,3699.9,3586.1,3695.0,3644.9,3607.23,805,29.04,93, 668, 82.98
BANCOINDIA, EQ, 27-Nov-2025,684.45,683.95,693.9,678.0,679.05,683.3,684.6,321024,2197.72,14631, 75226, 23.43
BANDHANBNK, EQ, 27-Nov-2025,151.18,152.0,152.22,149.25,149.5,149.64,150.12,4904968,7363.48,22911, 2199573, 44.84
BANG, EQ, 27-Nov-2025,53.19,53.12,54.68,53.12,53.93,53.56,53.58,12626,6.77,203, 4830, 38.25
BANKA, EQ, 27-Nov-2025,74.23,74.0,76.39,72.01,75.7,74.46,73.89,6990,5.16,167, 2225, 31.83
BANKBARODA, EQ, 27-Nov-2025,288.4,289.25,289.9,286.1,288.4,287.9,287.73,5143734,14800.21,54772, 2320095, 45.11
BANKBEES, EQ, 27-Nov-2025,614.22,614.91,617.75,613.63,616.44,615.7,615.96,908640,5596.85,7461, 573497, 63.12
BANKBETF, EQ, 27-Nov-2025,60.22,60.4,60.62,60.24,60.51,60.44,60.43,13705,8.28,189, 11377, 83.01
BANKETF, EQ, 27-Nov-2025,603.97,604.83,607.0,603.84,605.91,605.91,605.57,7616,46.12,96, 7418, 97.40
BANKETFADD, EQ, 27-Nov-2025,60.65,60.65,61.06,60.65,61.03,60.92,60.89,5846,3.56,65, 4803, 82.16
BANKIETF, EQ, 27-Nov-2025,60.82,60.91,61.2,60.83,61.01,61.05,61.05,165279,100.9,1225, 97097, 58.75
BANKINDIA, EQ, 27-Nov-2025,148.85,149.36,149.69,145.85,147.89,147.64,147.3,7775331,11453.36,32432, 2722385, 35.01
BANKNIFTY1, EQ, 27-Nov-2025,615.98,616.87,619.62,615.0,617.86,617.58,615.74,183094,1127.39,707, 167041, 91.23
BANKPSU, EQ, 27-Nov-2025,85.79,86.21,86.21,84.94,85.5,85.47,85.58,10086,8.63,113, 7790, 77.24
BANSALWIRE, EQ, 27-Nov-2025,316.65,317.2,319.0,312.5,313.05,313.0,314.15,33983,106.76,902, 22210, 65.36
BANSWRAS, EQ, 27-Nov-2025,119.27,120.26,125.79,119.28,122.13,122.15,123.2,31411,38.7,759, 15954, 50.79
BASF, EQ, 27-Nov-2025,4199.2,4205.6,4228.6,4141.3,4167.2,4171.2,4170.84,16303,679.97,4650, 7452, 45.71
BASML, EQ, 27-Nov-2025,29.3,29.2,31.9,29.0,30.8,30.8,30.64,903362,276.75,2689, 359718, 39.82
BATAINDIA, EQ, 27-Nov-2025,1000.3,1002.8,1006.8,998.7,1000.0,1000.1,1001.66,60118,602.18,5598, 28082, 46.71
BAYERCROP, EQ, 27-Nov-2025,4587.5,4775.0,4785.1,4438.0,4571.0,4572.4,4587.75,213098,9776.4,40314, 64408, 30.22
BBETF0432, EQ, 27-Nov-2025,1310.35,1309.0,1313.89,1308.25,1309.0,1308.89,1309.11,35761,468.15,181, 34793, 97.29
BBL, EQ, 27-Nov-2025,2893.8,2893.8,2917.0,2875.0,2875.0,2886.5,2891.76,13092,378.59,1823, 7915, 60.46
BBNPNBETF, EQ, 27-Nov-2025,59.7,60.04,60.05,59.81,60.03,60.01,59.92,4512,2.7,53, 2463, 54.59
BBNPPGOLD, EQ, 27-Nov-2025,122.2,122.15,122.6,120.3,122.25,122.25,121.81,11383,13.87,104, 7950, 69.84
BBOX, EQ, 27-Nov-2025,542.05,542.1,559.7,538.0,556.95,557.2,552.61,696082,3846.62,8407, 455784, 65.48
BBTC, EQ, 27-Nov-2025,1842.0,1842.0,1857.2,1834.9,1836.0,1838.5,1843.16,28077,517.5,2956, 13588, 48.40
BBTCL, EQ, 27-Nov-2025,207.21,207.21,211.99,202.54,206.79,204.11,207.96,5901,12.27,222, 4031, 68.31
BCG, EQ, 27-Nov-2025,12.9,12.96,13.03,12.75,12.83,12.81,12.88,5257972,677.34,7606, 2395594, 45.56
BCLIND, EQ, 27-Nov-2025,34.26,34.6,34.77,34.0,34.32,34.29,34.45,421923,145.37,2262, 260736, 61.80
BDL, EQ, 27-Nov-2025,1487.6,1496.0,1508.0,1486.7,1503.1,1504.5,1500.46,721854,10831.14,26765, 248120, 34.37
BEARDSELL, EQ, 27-Nov-2025,29.5,29.2,31.7,28.9,31.47,31.15,30.24,70036,21.18,1355, 33304, 47.55
BECTORFOOD, EQ, 27-Nov-2025,1284.9,1285.0,1295.2,1273.4,1278.4,1276.6,1278.5,28613,365.82,4233, 16259, 56.82
BEDMUTHA, EQ, 27-Nov-2025,101.61,103.53,109.75,102.41,106.06,105.55,105.35,20183,21.26,440, 10731, 53.17
BEL, EQ, 27-Nov-2025,415.3,415.3,417.3,412.0,413.35,413.05,414.35,5251173,21758.16,102282, 2772428, 52.80
BELLACASA, EQ, 27-Nov-2025,417.15,411.0,420.05,401.2,406.5,404.8,408.7,13180,53.87,895, 8412, 63.82
BELRISE, EQ, 27-Nov-2025,158.93,159.5,168.88,159.5,167.91,167.65,165.31,12562237,20766.64,77066, 4147232, 33.01
BEML, EQ, 27-Nov-2025,1875.1,1881.9,1899.1,1837.8,1845.0,1843.6,1865.89,219878,4102.69,23427, 97367, 44.28
BEPL, EQ, 27-Nov-2025,91.7,91.9,92.94,91.65,91.76,91.84,92.13,141525,130.38,1636, 76730, 54.22
BERGEPAINT, EQ, 27-Nov-2025,575.65,575.0,579.35,562.35,568.1,570.85,570.7,341692,1950.03,21441, 177758, 52.02
BESTAGRO, EQ, 27-Nov-2025,362.0,390.95,434.4,376.55,393.45,389.8,420.59,10089487,42435.5,108074, 474605, 4.70
BETA, EQ, 27-Nov-2025,1659.6,1669.9,1700.0,1621.0,1650.0,1659.7,1658.73,12724,211.06,983, 7734, 60.78
BFINVEST, EQ, 27-Nov-2025,441.95,442.9,445.45,438.0,443.65,440.35,441.27,11691,51.59,664, 7119, 60.89
BFSI, EQ, 27-Nov-2025,28.74,28.79,28.98,28.74,28.93,28.91,28.92,405457,117.25,735, 280796, 69.25
BHAGCHEM, EQ, 27-Nov-2025,249.38,253.63,253.77,245.5,248.5,248.22,248.94,30040,74.78,926, 16409, 54.62
BHAGERIA, EQ, 27-Nov-2025,185.13,185.66,186.79,181.71,182.75,182.69,183.47,34430,63.17,1426, 19059, 55.36
BHANDARI, EQ, 27-Nov-2025,4.32,4.31,4.44,4.27,4.33,4.31,4.33,297333,12.87,588, 142057, 47.78
BHARATFORG, EQ, 27-Nov-2025,1431.3,1435.0,1445.2,1428.9,1432.8,1433.4,1437.33,463627,6663.87,23874, 178816, 38.57
BHARATRAS, EQ, 27-Nov-2025,10411.0,10424.0,10458.0,10300.0,10400.0,10359.0,10382.86,2961,307.44,921, 1582, 53.43
BHARATSE, EQ, 27-Nov-2025,174.06,173.15,191.46,173.15,183.5,183.73,185.51,314918,584.21,4676, 127749, 40.57
BHARATWIRE, EQ, 27-Nov-2025,182.38,182.2,185.59,180.1,181.1,180.43,181.93,55767,101.46,1664, 22964, 41.18
BHARTIARTL, EQ, 27-Nov-2025,2126.8,2132.0,2136.9,2103.8,2118.0,2115.6,2116.63,4444877,94081.58,154239, 2533106, 56.99
BHARTIHEXA, EQ, 27-Nov-2025,1778.8,1770.0,1789.2,1751.0,1751.2,1754.8,1761.3,62865,1107.24,9775, 29221, 46.48
BHEL, EQ, 27-Nov-2025,289.7,289.7,295.25,288.9,290.5,290.85,292.04,10234788,29890.16,64428, 3701967, 36.17
BIGBLOC, EQ, 27-Nov-2025,66.11,66.0,71.0,64.11,67.0,67.64,67.69,1639588,1109.91,15678, 549724, 33.53
BIKAJI, EQ, 27-Nov-2025,710.5,711.95,716.45,708.1,714.95,713.45,713.3,81244,579.51,10667, 48224, 59.36
BIL, EQ, 27-Nov-2025,806.65,814.7,816.45,801.0,801.0,803.95,809.84,2434,19.71,334, 791, 32.50
BIOCON, EQ, 27-Nov-2025,398.45,397.95,404.0,396.7,399.55,399.65,399.87,1913627,7651.95,39754, 884358, 46.21
BIOFILCHEM, EQ, 27-Nov-2025,37.33,38.35,38.35,37.1,37.71,37.38,37.38,4138,1.55,100, 3118, 75.35
BIRLACABLE, EQ, 27-Nov-2025,147.42,147.06,152.0,146.0,147.0,147.57,149.19,35661,53.2,914, 14926, 41.86
BIRLACORPN, EQ, 27-Nov-2025,1131.6,1136.0,1138.9,1118.1,1122.0,1121.8,1123.05,27552,309.42,3579, 13581, 49.29
BIRLAMONEY, EQ, 27-Nov-2025,155.26,155.51,162.66,154.7,157.0,156.6,157.17,64426,101.26,1186, 21291, 33.05
BIRLANU, EQ, 27-Nov-2025,1691.2,1701.4,1728.7,1675.0,1675.0,1680.9,1700.6,13008,221.21,1250, 9618, 73.94
BLACKBUCK, EQ, 27-Nov-2025,678.1,675.05,680.5,666.5,675.15,676.3,674.38,502574,3389.27,28691, 262902, 52.31
BLAL, EQ, 27-Nov-2025,202.1,202.1,205.54,202.1,204.35,204.09,204.09,24933,50.89,279, 17774, 71.29
BLBLIMITED, EQ, 27-Nov-2025,16.57,16.9,16.9,16.41,16.75,16.57,16.64,23729,3.95,129, 15362, 64.74
BLISSGVS, EQ, 27-Nov-2025,166.62,167.95,169.4,164.5,165.0,165.32,167.02,385877,644.5,4505, 126412, 32.76
BLKASHYAP, EQ, 27-Nov-2025,47.78,47.9,52.01,46.53,50.05,50.34,48.7,966408,470.66,4100, 592166, 61.27
BLS, EQ, 27-Nov-2025,313.75,314.95,323.95,313.8,322.2,321.2,319.72,1810084,5787.12,35842, 440120, 24.31
BLSE, EQ, 27-Nov-2025,221.95,221.7,228.0,218.62,225.06,223.79,223.76,1413214,3162.22,13515, 230271, 16.29
BLUEDART, EQ, 27-Nov-2025,5750.5,5750.5,5779.0,5723.0,5739.5,5750.0,5742.26,22946,1317.62,2474, 16306, 71.06
BLUEJET, EQ, 27-Nov-2025,570.65,571.85,576.95,568.6,575.25,574.95,573.03,153360,878.81,5875, 68018, 44.35
BLUESTARCO, EQ, 27-Nov-2025,1775.9,1776.0,1779.9,1740.6,1758.5,1758.2,1758.81,553260,9730.78,26433, 349414, 63.16
BLUESTONE, EQ, 27-Nov-2025,558.5,564.1,571.0,559.0,561.9,561.9,564.75,108076,610.36,6652, 38500, 35.62
BLUSPRING, EQ, 27-Nov-2025,71.9,71.9,74.0,71.49,72.2,71.93,72.49,106687,77.34,1336, 48983, 45.91
BMWVENTLTD, EQ, 27-Nov-2025,64.7,65.7,66.06,64.5,64.54,65.03,64.89,179300,116.34,1575, 97456, 54.35
BODALCHEM, EQ, 27-Nov-2025,54.44,54.6,55.58,53.65,54.15,54.24,54.61,134183,73.28,1680, 69486, 51.78
BOHRAIND, EQ, 27-Nov-2025,20.04,21.0,21.04,19.97,21.04,21.04,21.02,9764,2.05,47, 9438, 96.66
BOMDYEING, EQ, 27-Nov-2025,146.05,146.79,148.4,144.35,145.0,145.03,145.87,346536,505.49,4016, 140668, 40.59
BORANA, EQ, 27-Nov-2025,291.66,290.75,295.83,279.53,288.0,283.49,285.87,87344,249.69,2263, 43609, 49.93
BOROLTD, EQ, 27-Nov-2025,321.35,322.95,326.0,317.5,317.5,320.7,322.2,41792,134.66,2254, 23076, 55.22
BORORENEW, EQ, 27-Nov-2025,600.9,604.8,604.8,588.65,589.45,590.95,594.25,219504,1304.39,8555, 104905, 47.79
BOROSCI, EQ, 27-Nov-2025,125.53,127.5,131.5,124.1,126.54,125.9,128.68,64402,82.87,1774, 32934, 51.14
BOSCHLTD, EQ, 27-Nov-2025,36485.0,36700.0,36700.0,36050.0,36300.0,36320.0,36244.14,12118,4392.07,6460, 6117, 50.48
BPCL, EQ, 27-Nov-2025,367.65,368.95,368.95,361.5,364.8,364.7,364.11,5180488,18862.72,81024, 3240850, 62.56
BPL, EQ, 27-Nov-2025,61.06,61.9,63.3,61.05,61.94,61.69,62.27,64513,40.17,1394, 30606, 47.44
BRIGADE, EQ, 27-Nov-2025,911.6,924.7,928.5,894.0,898.6,898.5,904.67,329056,2976.86,20936, 149098, 45.31
BRIGHOTEL, EQ, 27-Nov-2025,78.51,78.01,78.83,77.4,77.9,77.97,77.9,120361,93.77,1745, 82068, 68.18
BRITANNIA, EQ, 27-Nov-2025,5880.5,5890.5,5900.0,5815.5,5816.0,5826.5,5847.28,156675,9161.23,29740, 106832, 68.19
BRNL, EQ, 27-Nov-2025,24.69,24.69,25.14,24.25,24.54,24.35,24.62,175535,43.22,811, 141478, 80.60
BROOKS, EQ, 27-Nov-2025,105.13,108.7,108.7,103.51,104.94,104.63,104.97,25255,26.51,1450, 13189, 52.22
BSE, EQ, 27-Nov-2025,2886.7,2896.0,2936.7,2878.0,2929.0,2929.1,2912.55,3823914,111373.25,115070, 1090358, 28.51
BSE500IETF, EQ, 27-Nov-2025,40.33,40.73,40.73,40.34,40.45,40.44,40.5,99087,40.13,804, 71048, 71.70
BSHSL, EQ, 27-Nov-2025,110.25,109.31,110.05,105.82,106.98,106.58,107.27,19468,20.88,473, 12673, 65.10
BSL, EQ, 27-Nov-2025,175.03,172.7,176.15,172.02,174.9,174.38,174.01,4294,7.47,354, 3037, 70.73
BSLGOLDETF, EQ, 27-Nov-2025,110.96,110.12,111.0,110.12,110.49,110.74,110.85,1949466,2160.92,1053, 1896454, 97.28
BSLNIFTY, EQ, 27-Nov-2025,30.43,30.1,30.7,30.1,30.44,30.46,30.5,159944,48.78,3132, 90642, 56.67
BSLSENETFG, EQ, 27-Nov-2025,85.46,84.49,86.96,84.49,86.1,85.92,85.9,4638,3.98,118, 2830, 61.02
BSOFT, EQ, 27-Nov-2025,386.6,386.75,389.0,382.0,383.0,383.05,385.33,489187,1884.97,15119, 150866, 30.84
BTML, EQ, 27-Nov-2025,8.66,8.68,9.0,8.4,8.47,8.44,8.67,282266,24.47,1088, 147489, 52.25
BUTTERFLY, EQ, 27-Nov-2025,709.9,709.95,713.35,706.1,706.5,710.25,708.71,2491,17.65,218, 1745, 70.05
BYKE, EQ, 27-Nov-2025,57.19,57.0,58.9,49.8,51.8,51.97,52.51,281676,147.91,1529, 126560, 44.93
CALSOFT, EQ, 27-Nov-2025,16.65,17.06,17.06,16.38,16.57,16.55,16.77,39369,6.6,304, 27491, 69.83
CAMLINFINE, EQ, 27-Nov-2025,158.53,159.0,164.5,159.0,164.0,163.63,161.59,481489,778.04,5814, 296740, 61.63
CAMPUS, EQ, 27-Nov-2025,274.8,274.05,274.05,270.0,270.05,271.2,271.35,156552,424.8,4993, 91980, 58.75
CAMS, EQ, 27-Nov-2025,3933.8,3957.8,3963.0,3880.0,3890.9,3894.4,3911.12,183418,7173.69,20772, 87438, 47.67
CANBK, EQ, 27-Nov-2025,150.16,150.9,152.0,149.85,151.9,151.76,151.09,20130369,30414.39,98218, 7985916, 39.67
CANFINHOME, EQ, 27-Nov-2025,889.85,889.75,904.0,882.15,889.0,885.45,890.67,151103,1345.83,8932, 52548, 34.78
CANHLIFE, EQ, 27-Nov-2025,125.0,126.0,126.62,124.15,124.25,124.77,124.88,947342,1183.04,23831, 620731, 65.52
CANTABIL, EQ, 27-Nov-2025,248.65,249.0,253.0,248.9,252.65,251.4,250.97,133978,336.25,1954, 77852, 58.11
CAPACITE, EQ, 27-Nov-2025,283.65,285.1,286.0,278.0,278.35,279.15,281.43,96755,272.3,3090, 50784, 52.49
CAPILLARY, EQ, 27-Nov-2025,689.3,694.0,730.0,663.5,670.3,676.15,691.22,22489700,155452.7,344627, 1468612, 6.53
CAPITALSFB, EQ, 27-Nov-2025,278.75,282.95,282.95,275.15,276.05,276.45,276.42,19048,52.65,679, 13645, 71.63
CAPLIPOINT, EQ, 27-Nov-2025,1918.5,1918.5,1926.2,1899.9,1916.0,1908.7,1912.84,29167,557.92,4245, 16540, 56.71
CAPTRUST, EQ, 27-Nov-2025,13.7,13.49,13.9,13.02,13.17,13.16,13.47,524211,70.64,1268, 360150, 68.70
CARBORUNIV, EQ, 27-Nov-2025,876.55,878.0,881.5,861.0,869.9,868.5,870.55,157913,1374.71,11731, 42731, 27.06
CARERATING, EQ, 27-Nov-2025,1537.0,1544.7,1544.7,1512.4,1535.5,1537.4,1532.75,54436,834.37,2953, 46115, 84.71
CARRARO, EQ, 27-Nov-2025,540.6,543.0,563.45,542.95,554.8,557.25,552.74,215105,1188.97,7368, 146649, 68.18
CARTRADE, EQ, 27-Nov-2025,3175.8,3177.1,3177.1,3004.3,3062.6,3055.5,3071.1,572569,17584.14,55940, 245395, 42.86
CARYSIL, EQ, 27-Nov-2025,1000.1,1020.0,1043.4,1007.25,1012.0,1020.8,1025.51,224305,2300.27,13053, 87523, 39.02
CASHIETF, EQ, 27-Nov-2025,1038.45,1038.6,1038.6,1038.58,1038.6,1038.59,1038.6,97113,1008.61,30, 84259, 86.76
CASTROLIND, EQ, 27-Nov-2025,192.0,191.5,193.0,190.75,191.35,191.27,191.72,691591,1325.94,19691, 321145, 46.44
CCHHL, EQ, 27-Nov-2025,16.0,16.01,16.21,15.82,15.88,15.88,15.96,9433,1.51,128, 7178, 76.09
CCL, EQ, 27-Nov-2025,1022.75,1022.7,1022.75,977.4,997.0,1000.15,995.26,258759,2575.32,21196, 87012, 33.63
CDSL, EQ, 27-Nov-2025,1619.9,1625.0,1632.3,1605.5,1625.0,1624.6,1620.67,1440230,23341.34,43626, 493085, 34.24
CEATLTD, EQ, 27-Nov-2025,3888.2,3894.0,3909.8,3855.0,3869.0,3869.6,3884.42,55597,2159.62,10551, 21530, 38.73
CEIGALL, EQ, 27-Nov-2025,239.1,241.65,241.65,235.0,235.2,235.65,237.49,172038,408.56,3917, 81928, 47.62
CELEBRITY, EQ, 27-Nov-2025,10.0,10.0,10.3,9.5,9.7,9.95,9.99,77545,7.75,328, 30025, 38.72
CELLO, EQ, 27-Nov-2025,598.95,598.95,606.0,591.5,604.4,604.3,601.49,93079,559.86,5352, 49521, 53.20
CEMPRO, EQ, 27-Nov-2025,791.95,798.25,811.5,787.3,811.0,809.3,802.46,222808,1787.94,11587, 140895, 63.24
CENTENKA, EQ, 27-Nov-2025,459.85,459.9,465.95,455.75,457.25,462.35,460.67,6327,29.15,459, 3653, 57.74
CENTRALBK, EQ, 27-Nov-2025,38.75,38.94,39.04,38.5,38.75,38.73,38.75,3879216,1503.15,11701, 1659744, 42.79
CENTRUM, EQ, 27-Nov-2025,29.42,29.2,31.31,28.37,28.74,28.58,29.34,1086460,318.75,4599, 683069, 62.87
CENTUM, EQ, 27-Nov-2025,2413.2,2410.0,2431.9,2380.0,2388.0,2390.8,2403.06,5595,134.45,1598, 2319, 41.45
CENTURYPLY, EQ, 27-Nov-2025,815.9,815.0,819.9,798.0,807.9,810.8,809.98,913903,7402.44,9969, 835207, 91.39
CERA, EQ, 27-Nov-2025,5552.0,5607.5,5610.0,5495.5,5551.0,5558.0,5554.78,11704,650.13,5475, 5473, 46.76
CESC, EQ, 27-Nov-2025,173.44,174.18,174.4,169.96,170.8,170.84,171.06,853009,1459.13,15026, 350209, 41.06
CEWATER, EQ, 27-Nov-2025,415.9,422.9,422.9,405.9,411.85,408.65,410.41,10977,45.05,1200, 6182, 56.32
CGCL, EQ, 27-Nov-2025,188.65,190.0,192.5,187.56,190.5,191.05,189.85,846885,1607.81,10852, 431475, 50.95
CGPOWER, EQ, 27-Nov-2025,688.4,690.95,691.15,676.55,679.3,679.25,680.49,2013261,13700.04,69329, 1157454, 57.49
CHALET, EQ, 27-Nov-2025,876.7,876.7,900.0,875.45,896.5,896.05,891.03,97368,867.58,10387, 46985, 48.26
CHAMBLFERT, EQ, 27-Nov-2025,442.15,442.9,447.1,441.3,442.5,442.6,444.07,521820,2317.24,14386, 237883, 45.59
CHEMBOND, EQ, 27-Nov-2025,166.66,167.8,172.79,164.99,167.4,166.17,168.82,5529,9.33,242, 3435, 62.13
CHEMBONDCH, EQ, 27-Nov-2025,150.24,151.9,157.76,150.01,151.9,151.49,152.4,10512,16.02,478, 5603, 53.30
CHEMCON, EQ, 27-Nov-2025,223.53,224.0,226.27,219.01,224.99,223.28,222.59,41002,91.27,1772, 16406, 40.01
CHEMFAB, EQ, 27-Nov-2025,518.7,510.1,522.0,510.1,513.0,514.0,515.64,1458,7.52,447, 874, 59.95
CHEMICAL, EQ, 27-Nov-2025,28.85,29.5,29.5,28.74,28.8,28.9,28.89,95904,27.71,478, 81609, 85.09
CHEMPLASTS, EQ, 27-Nov-2025,291.55,294.0,294.0,283.05,285.0,285.45,287.84,52401,150.83,3261, 27150, 51.81
CHENNPETRO, EQ, 27-Nov-2025,896.6,907.65,944.9,898.0,917.7,917.15,921.43,6173884,56887.72,131071, 1121899, 18.17
CHEVIOT, EQ, 27-Nov-2025,1095.0,1100.1,1100.8,1075.0,1076.0,1076.9,1083.34,1765,19.12,358, 1327, 75.18
CHOICEGOLD, EQ, 27-Nov-2025,125.38,125.38,125.67,124.74,125.3,125.25,125.19,280950,351.71,566, 201245, 71.63
CHOICEIN, EQ, 27-Nov-2025,811.05,813.85,820.0,807.0,809.8,813.3,813.62,713430,5804.63,12456, 86622, 12.14
CHOLAFIN, EQ, 27-Nov-2025,1712.9,1712.9,1749.8,1710.6,1730.5,1724.6,1728.76,1544531,26701.25,51458, 858725, 55.60
CHOLAHLDNG, EQ, 27-Nov-2025,1850.8,1869.0,1869.0,1789.0,1810.0,1800.7,1812.81,436178,7907.08,44165, 333457, 76.45
CIEINDIA, EQ, 27-Nov-2025,413.45,413.5,416.65,410.0,411.15,412.25,412.85,37408,154.44,2675, 22095, 59.06
CIFL, EQ, 27-Nov-2025,33.63,33.93,34.7,33.53,34.0,34.26,34.14,398200,135.93,3096, 262395, 65.90
CIGNITITEC, EQ, 27-Nov-2025,1819.9,1838.0,1864.7,1819.0,1856.0,1856.7,1842.12,135442,2495.0,9185, 47635, 35.17
CINELINE, EQ, 27-Nov-2025,83.5,85.31,85.31,83.59,84.38,84.05,84.48,2257,1.91,72, 1543, 68.37
CINEVISTA, EQ, 27-Nov-2025,15.95,16.05,18.8,15.3,17.61,17.8,17.9,827030,148.05,3144, 205616, 24.86
CIPLA, EQ, 27-Nov-2025,1523.8,1523.8,1531.5,1520.1,1526.4,1525.2,1525.86,810411,12365.71,40324, 485945, 59.96
CLEAN, EQ, 27-Nov-2025,919.5,928.0,928.0,912.5,918.5,918.4,917.82,335421,3078.57,15926, 208114, 62.05
CLSEL, EQ, 27-Nov-2025,261.0,258.0,267.0,258.0,261.8,261.25,263.01,39629,104.23,1223, 14872, 37.53
CMSINFO, EQ, 27-Nov-2025,357.75,359.6,359.6,351.6,353.05,353.0,353.33,344108,1215.84,22715, 225353, 65.49
COALINDIA, EQ, 27-Nov-2025,377.35,377.35,378.7,376.1,378.25,378.05,377.4,3330267,12568.42,61870, 2167295, 65.08
COASTCORP, EQ, 27-Nov-2025,44.55,44.55,45.6,44.1,44.29,44.28,44.81,68272,30.59,715, 37871, 55.47
COCHINSHIP, EQ, 27-Nov-2025,1677.2,1680.0,1694.8,1670.4,1675.5,1676.0,1680.85,717426,12058.85,29784, 206680, 28.81
COFORGE, EQ, 27-Nov-2025,1871.1,1878.0,1915.0,1872.0,1907.0,1910.2,1899.96,1702344,32343.78,74632, 712492, 41.85
COHANCE, EQ, 27-Nov-2025,568.15,571.1,578.75,564.05,571.0,574.7,573.12,672075,3851.79,19659, 344861, 51.31
COLPAL, EQ, 27-Nov-2025,2185.0,2185.0,2197.6,2160.4,2166.9,2171.3,2174.26,264052,5741.19,25747, 132074, 50.02
COMMOIETF, EQ, 27-Nov-2025,94.01,94.02,95.5,93.06,95.05,94.29,93.72,117229,109.86,1787, 69640, 59.41
COMPUSOFT, EQ, 27-Nov-2025,16.96,17.18,17.8,16.96,16.98,17.0,17.13,17804,3.05,214, 13640, 76.61
CONCOR, EQ, 27-Nov-2025,518.6,518.65,520.45,513.0,514.4,514.05,515.24,846809,4363.07,16891, 433961, 51.25
CONCORDBIO, EQ, 27-Nov-2025,1439.8,1439.9,1450.4,1420.2,1429.9,1428.9,1429.66,26951,385.31,4987, 11366, 42.17
CONFIPET, EQ, 27-Nov-2025,38.89,38.99,39.37,38.11,38.3,38.32,38.69,293719,113.65,3457, 162452, 55.31
CONS, EQ, 27-Nov-2025,127.68,127.88,128.5,127.14,127.75,127.32,127.7,2913,3.72,48, 542, 18.61
CONSOFINVT, EQ, 27-Nov-2025,166.44,167.0,168.86,165.0,166.46,167.49,167.07,1845,3.08,95, 1214, 65.80
CONSUMBEES, EQ, 27-Nov-2025,138.58,139.27,139.27,137.7,138.05,138.05,138.26,60575,83.75,981, 37974, 62.69
CONSUMER, EQ, 27-Nov-2025,12.16,12.16,12.18,12.06,12.11,12.09,12.11,135745,16.44,395, 81567, 60.09
CONSUMIETF, EQ, 27-Nov-2025,128.74,128.8,129.75,128.04,128.9,128.59,128.71,10627,13.68,212, 6577, 61.89
CONTROLPR, EQ, 27-Nov-2025,760.7,762.0,767.0,755.7,766.0,764.75,762.19,17109,130.4,1815, 7586, 44.34
CORALFINAC, EQ, 27-Nov-2025,38.95,39.59,40.1,38.1,39.4,39.08,39.07,10397,4.06,158, 4514, 43.42
CORDSCABLE, EQ, 27-Nov-2025,185.8,202.59,212.0,194.0,196.5,196.46,202.03,468462,946.42,12110, 154656, 33.01
COROMANDEL, EQ, 27-Nov-2025,2298.0,2309.0,2373.0,2301.4,2372.0,2366.7,2345.69,459645,10781.83,41713, 231820, 50.43
COSMOFIRST, EQ, 27-Nov-2025,711.55,711.0,716.95,696.0,715.0,711.1,706.81,106291,751.28,2933, 81682, 76.85
COUNCODOS, EQ, 27-Nov-2025,6.16,6.27,6.27,6.1,6.23,6.2,6.2,24848,1.54,103, 19939, 80.24
CPCAP, EQ, 27-Nov-2025,114.78,115.89,117.4,115.27,115.6,115.89,116.1,3660,4.25,114, 2732, 74.64
CPEDU, EQ, 27-Nov-2025,279.95,284.9,286.0,278.3,286.0,283.5,281.69,6348,17.88,225, 4784, 75.36
CPPLUS, EQ, 27-Nov-2025,1586.4,1600.0,1648.0,1542.5,1570.5,1570.0,1595.46,289730,4622.52,29099, 125681, 43.38
CPSEETF, EQ, 27-Nov-2025,92.34,91.3,92.73,91.3,92.04,91.97,92.14,463912,427.43,5637, 264645, 57.05
CRAFTSMAN, EQ, 27-Nov-2025,7101.0,7101.0,7105.0,6962.0,7069.0,7050.0,7026.47,19658,1381.26,4685, 6635, 33.75
CRAMC, EQ, 27-Nov-2025,300.6,299.5,307.45,299.45,302.3,302.6,303.83,559786,1700.77,13681, 282064, 50.39
CREATIVE, EQ, 27-Nov-2025,682.85,683.55,689.95,674.6,685.0,677.4,681.67,7311,49.84,556, 4239, 57.98
CREATIVEYE, EQ, 27-Nov-2025,6.8,6.84,7.11,6.84,6.93,6.93,6.97,2912,0.2,143, 2285, 78.47
CREDITACC, EQ, 27-Nov-2025,1370.0,1370.0,1377.0,1350.1,1368.5,1372.0,1365.17,131703,1797.97,11222, 66446, 50.45
CREST, EQ, 27-Nov-2025,350.4,355.6,410.0,347.0,402.0,382.0,379.88,34368,130.56,611, 25867, 75.26
CRISIL, EQ, 27-Nov-2025,4532.5,4561.0,4561.0,4425.0,4440.0,4440.2,4459.46,31510,1405.18,8808, 19227, 61.02
CRIZAC, EQ, 27-Nov-2025,277.6,277.65,304.9,277.65,297.9,299.05,296.19,3491366,10341.14,38123, 1685024, 48.26
CROMPTON, EQ, 27-Nov-2025,268.35,269.05,269.25,266.15,266.9,266.65,267.24,1488268,3977.3,27990, 638233, 42.88
CROWN, EQ, 27-Nov-2025,140.66,142.0,142.0,134.0,134.4,134.64,136.11,41232,56.12,1586, 18343, 44.49
CSBBANK, EQ, 27-Nov-2025,423.9,427.8,427.8,413.4,416.95,416.65,417.83,260772,1089.58,11817, 140794, 53.99
CSLFINANCE, EQ, 27-Nov-2025,288.8,293.0,293.0,283.65,284.4,286.15,287.33,3235,9.3,285, 1540, 47.60
CTE, EQ, 27-Nov-2025,43.77,45.9,45.95,45.29,45.95,45.95,45.9,23599,10.83,232, 15803, 66.96
CUB, EQ, 27-Nov-2025,278.64,276.95,276.95,272.26,274.86,275.01,274.34,1334385,3660.69,23333, 742153, 55.62
CUBEXTUB, EQ, 27-Nov-2025,90.68,99.0,99.74,91.0,93.0,92.07,96.78,183084,177.19,2633, 90506, 49.43
CUMMINSIND, EQ, 27-Nov-2025,4408.2,4418.0,4463.8,4358.0,4436.9,4449.4,4428.76,797775,35331.52,49065, 487104, 61.06
CUPID, EQ, 27-Nov-2025,319.95,323.69,333.3,322.7,330.57,328.86,328.67,2573501,8458.21,31545, 745927, 28.98
CYIENT, EQ, 27-Nov-2025,1118.4,1121.6,1124.7,1109.0,1116.0,1113.3,1114.63,200347,2233.12,13472, 76710, 38.29
CYIENTDLM, EQ, 27-Nov-2025,431.95,433.95,438.55,428.85,432.5,433.5,433.05,122600,530.92,6293, 70630, 57.61
DABUR, EQ, 27-Nov-2025,517.2,517.25,520.5,514.75,520.25,519.15,517.95,1262843,6540.89,17857, 760904, 60.25
DALBHARAT, EQ, 27-Nov-2025,2026.6,2030.0,2030.2,1997.0,2014.2,2019.2,2010.0,276084,5549.29,16562, 181583, 65.77
DALMIASUG, EQ, 27-Nov-2025,312.45,314.0,314.6,309.2,310.2,309.7,310.99,30211,93.95,1008, 20750, 68.68
DAMCAPITAL, EQ, 27-Nov-2025,229.57,230.7,233.64,226.25,227.48,227.15,229.78,395737,909.32,6424, 196035, 49.54
DAMODARIND, EQ, 27-Nov-2025,30.31,30.5,33.3,30.5,32.4,32.3,32.33,70622,22.83,708, 12667, 17.94
DANGEE, EQ, 27-Nov-2025,3.77,3.87,3.88,3.45,3.63,3.65,3.68,229628,8.45,314, 161359, 70.27
DATAMATICS, EQ, 27-Nov-2025,854.0,854.0,858.95,836.4,841.9,840.65,842.28,80962,681.93,5818, 35444, 43.78
DATAPATTNS, EQ, 27-Nov-2025,2941.8,2950.0,3023.6,2937.2,2963.0,2965.6,2978.04,406595,12108.54,30966, 68166, 16.77
DAVANGERE, EQ, 27-Nov-2025,3.6,3.7,4.03,3.64,3.99,3.99,3.9,28317747,1103.9,8803, 17249117, 60.91
DBCORP, EQ, 27-Nov-2025,258.7,260.0,262.4,256.15,258.65,261.5,258.8,57066,147.69,1880, 36314, 63.64
DBEIL, EQ, 27-Nov-2025,135.44,136.95,136.95,133.0,134.0,134.15,134.55,26726,35.96,891, 17188, 64.31
DBL, EQ, 27-Nov-2025,467.4,468.2,475.0,461.85,467.8,470.5,469.2,186281,874.02,6945, 48774, 26.18
DBOL, EQ, 27-Nov-2025,73.72,73.72,77.38,73.0,76.2,76.48,75.36,161799,121.94,4453, 103030, 63.68
DBREALTY, EQ, 27-Nov-2025,135.52,136.7,137.66,134.0,134.6,134.91,135.83,629785,855.41,11273, 308811, 49.03
DBSTOCKBRO, EQ, 27-Nov-2025,24.93,25.0,25.36,24.78,25.07,25.0,25.12,9513,2.39,94, 3907, 41.07
DCAL, EQ, 27-Nov-2025,244.2,245.5,246.3,238.05,240.8,240.15,240.76,91101,219.33,2676, 51788, 56.85
DCBBANK, EQ, 27-Nov-2025,185.82,186.0,186.01,181.76,183.4,183.27,183.32,1384062,2537.23,19022, 618547, 44.69
DCI, EQ, 27-Nov-2025,244.55,247.85,277.0,245.8,256.0,257.25,265.32,81715,216.81,3595, 26486, 32.41
DCM, EQ, 27-Nov-2025,94.5,94.03,96.09,94.0,95.29,94.83,95.33,4458,4.25,185, 3264, 73.22
DCMFINSERV, EQ, 27-Nov-2025,5.5,5.59,5.6,5.39,5.55,5.52,5.54,3309,0.18,32, 2139, 64.64
DCMNVL, EQ, 27-Nov-2025,137.45,137.65,143.03,136.16,137.33,138.39,139.23,10996,15.31,783, 5264, 47.87
DCMSHRIRAM, EQ, 27-Nov-2025,1259.0,1246.3,1251.6,1212.8,1225.0,1228.6,1229.75,101764,1251.45,11913, 17409, 17.11
DCMSRIND, EQ, 27-Nov-2025,171.19,170.45,172.22,168.4,171.52,170.94,170.23,57748,98.31,1082, 34114, 59.07
DCW, EQ, 27-Nov-2025,63.02,63.29,64.19,62.71,62.85,62.94,63.14,814550,514.33,5382, 381267, 46.81
DCXINDIA, EQ, 27-Nov-2025,186.89,187.64,189.75,183.5,185.0,184.25,186.27,350276,652.46,7629, 114773, 32.77
DDEVPLSTIK, EQ, 27-Nov-2025,277.35,278.15,282.25,272.75,274.95,273.1,275.9,69983,193.08,2709, 33815, 48.32
DECCANCE, EQ, 27-Nov-2025,756.0,757.5,783.0,747.6,760.1,762.0,762.11,47280,360.32,3621, 20111, 42.54
DEEDEV, EQ, 27-Nov-2025,217.85,220.4,220.5,216.0,217.0,216.8,217.44,69067,150.18,1578, 49011, 70.96
DEEPAKFERT, EQ, 27-Nov-2025,1391.7,1390.9,1413.9,1370.3,1382.0,1378.3,1383.65,196114,2713.52,15977, 79845, 40.71
DEEPAKNTR, EQ, 27-Nov-2025,1569.5,1570.1,1590.0,1557.6,1558.2,1559.6,1571.42,153084,2405.6,14126, 79904, 52.20
DEEPINDS, EQ, 27-Nov-2025,469.15,474.05,476.7,461.05,465.3,464.25,466.24,56086,261.49,2862, 33296, 59.37
DELHIVERY, EQ, 27-Nov-2025,419.4,419.45,426.9,415.95,424.8,425.25,421.43,1455614,6134.38,30250, 698459, 47.98
DELPHIFX, EQ, 27-Nov-2025,216.75,221.0,231.0,215.19,228.5,224.33,224.88,152064,341.96,2672, 80203, 52.74
DELTACORP, EQ, 27-Nov-2025,67.98,68.35,69.59,68.11,69.09,69.07,69.03,936070,646.15,6367, 399420, 42.67
DELTAMAGNT, EQ, 27-Nov-2025,64.92,68.77,71.41,68.0,71.41,71.41,70.47,14484,10.21,114, 12175, 84.06
DEN, EQ, 27-Nov-2025,31.47,31.52,32.32,31.5,32.0,32.03,31.93,398937,127.38,1754, 249453, 62.53
DENORA, EQ, 27-Nov-2025,692.9,687.85,724.9,687.85,719.95,714.3,710.44,4149,29.48,642, 1939, 46.73
DENTA, EQ, 27-Nov-2025,380.8,384.0,391.7,378.8,382.0,380.85,383.6,184681,708.44,5248, 69184, 37.46
DEVIT, EQ, 27-Nov-2025,40.15,40.3,40.83,40.02,40.1,40.11,40.36,29194,11.78,519, 16534, 56.63
DEVX, EQ, 27-Nov-2025,46.21,46.3,47.0,45.52,47.0,46.58,46.18,44611,20.6,543, 19983, 44.79
DEVYANI, EQ, 27-Nov-2025,139.2,139.5,140.92,135.0,136.27,136.33,136.01,8241724,11209.82,28024, 5873601, 71.27
DGCONTENT, EQ, 27-Nov-2025,34.74,34.74,35.0,33.36,34.91,34.89,34.32,4984,1.71,86, 4702, 94.34
DHAMPURSUG, EQ, 27-Nov-2025,128.07,129.0,129.39,126.61,127.0,127.65,127.83,84213,107.65,2045, 30707, 36.46
DHANBANK, EQ, 27-Nov-2025,27.46,27.46,27.8,27.16,27.39,27.29,27.42,361164,99.04,2129, 179874, 49.80
DHANUKA, EQ, 27-Nov-2025,1250.0,1255.0,1264.9,1235.3,1248.5,1250.1,1250.55,16748,209.44,2293, 8660, 51.71
DHARMAJ, EQ, 27-Nov-2025,245.5,244.0,248.75,241.25,241.9,242.3,244.1,21699,52.97,1633, 14181, 65.35
DHRUV, EQ, 27-Nov-2025,49.86,50.1,51.0,48.5,49.45,48.73,49.87,17581,8.77,245, 9403, 53.48
DHUNINV, EQ, 27-Nov-2025,1224.5,1223.2,1231.6,1210.9,1228.0,1225.3,1221.83,451,5.51,127, 274, 60.75
DIACABS, EQ, 27-Nov-2025,141.67,142.14,143.0,139.5,141.84,142.18,140.85,1352099,1904.47,7598, 654890, 48.44
DIAMINESQ, EQ, 27-Nov-2025,266.4,272.0,272.0,254.95,258.95,257.85,259.55,4249,11.03,562, 2718, 63.97
DIAMONDYD, EQ, 27-Nov-2025,1040.9,1051.3,1094.3,1033.4,1088.0,1083.3,1066.33,69748,743.74,2571, 49289, 70.67
DICIND, EQ, 27-Nov-2025,527.25,527.3,537.0,513.1,520.0,523.55,525.18,1258,6.61,81, 695, 55.25
DIFFNKG, EQ, 27-Nov-2025,297.8,296.0,304.0,292.0,295.3,294.0,296.68,66990,198.74,2039, 33433, 49.91
DIGIDRIVE, EQ, 27-Nov-2025,27.69,27.68,28.39,27.43,28.22,28.13,27.88,16684,4.65,113, 10851, 65.04
DIGITIDE, EQ, 27-Nov-2025,140.77,140.77,142.5,137.14,140.0,139.13,139.52,84129,117.38,2561, 51651, 61.40
DIL, EQ, 27-Nov-2025,1.87,1.89,1.92,1.84,1.92,1.9,1.89,188327,3.55,230, 132848, 70.54
DISHTV, EQ, 27-Nov-2025,4.13,4.2,4.28,4.13,4.26,4.27,4.22,2178635,91.93,2298, 1239732, 56.90
DIVGIITTS, EQ, 27-Nov-2025,591.3,590.0,596.55,579.85,585.0,585.65,587.01,5444,31.96,878, 3972, 72.96
DIVISLAB, EQ, 27-Nov-2025,6510.0,6514.5,6542.0,6451.0,6498.0,6490.5,6490.66,95681,6210.33,17187, 37138, 38.81
DIVOPPBEES, EQ, 27-Nov-2025,81.76,81.23,82.16,79.31,81.8,81.77,81.78,74775,61.15,903, 46071, 61.61
DIXON, EQ, 27-Nov-2025,14825.0,14860.0,14890.0,14535.0,14629.0,14643.0,14695.49,151098,22204.59,30508, 55431, 36.69
DJML, EQ, 27-Nov-2025,71.97,72.7,74.49,69.3,70.69,73.36,71.49,793778,567.46,4227, 129205, 16.28
DLF, EQ, 27-Nov-2025,730.75,732.0,734.0,723.5,725.4,725.4,726.94,1086614,7898.98,20208, 521392, 47.98
DLINKINDIA, EQ, 27-Nov-2025,435.25,434.8,454.4,434.8,442.2,444.95,441.53,49516,218.63,2367, 26932, 54.39
DMART, EQ, 27-Nov-2025,4019.1,4029.0,4038.0,3986.0,4014.9,4007.1,4008.83,237041,9502.57,40312, 148821, 62.78
DMCC, EQ, 27-Nov-2025,259.75,261.65,263.2,257.05,260.5,258.55,259.14,17522,45.41,738, 12612, 71.98
DNAMEDIA, EQ, 27-Nov-2025,4.14,4.15,4.2,4.02,4.03,4.05,4.09,20710,0.85,90, 14818, 71.55
DODLA, EQ, 27-Nov-2025,1253.7,1258.6,1258.6,1227.7,1254.2,1253.2,1245.23,23701,295.13,3815, 13486, 56.90
DOLATALGO, EQ, 27-Nov-2025,70.13,70.13,70.84,69.49,70.4,69.81,70.13,96156,67.44,1790, 51535, 53.60
DOLLAR, EQ, 27-Nov-2025,353.9,354.2,356.6,347.5,348.2,348.9,350.45,88173,309.0,1846, 64801, 73.49
DOLPHIN, EQ, 27-Nov-2025,353.9,357.5,357.5,344.0,346.2,346.75,350.67,10082,35.35,869, 6601, 65.47
DOMS, EQ, 27-Nov-2025,2549.4,2533.8,2554.7,2515.1,2521.4,2521.8,2530.61,11341,287.0,3194, 5362, 47.28
DONEAR, EQ, 27-Nov-2025,100.4,100.1,116.51,100.1,107.48,106.53,110.51,1213705,1341.3,16237, 259039, 21.34
DPABHUSHAN, EQ, 27-Nov-2025,1529.0,1533.6,1577.0,1532.0,1540.2,1548.5,1555.69,12577,195.66,1257, 4137, 32.89
DPSCLTD, EQ, 27-Nov-2025,10.59,10.73,10.95,10.6,10.85,10.81,10.77,85474,9.21,590, 58798, 68.79
DPWIRES, EQ, 27-Nov-2025,209.8,209.8,213.97,208.0,208.0,209.15,210.99,10284,21.7,529, 4848, 47.14
DRCSYSTEMS, EQ, 27-Nov-2025,18.12,18.0,18.46,18.0,18.05,18.08,18.19,22776,4.14,248, 17259, 75.78
DREAMFOLKS, EQ, 27-Nov-2025,122.5,118.6,123.26,118.6,120.0,120.18,120.52,247340,298.1,3977, 88988, 35.98
DREDGECORP, EQ, 27-Nov-2025,819.85,824.5,824.5,802.75,820.0,815.95,813.5,71938,585.22,3185, 24418, 33.94
DRREDDY, EQ, 27-Nov-2025,1248.0,1248.0,1256.0,1241.0,1249.7,1249.3,1247.09,1060956,13231.02,57615, 688410, 64.89
DSSL, EQ, 27-Nov-2025,936.2,937.1,946.4,900.6,930.0,920.8,923.01,27926,257.76,2664, 11928, 42.71
DTIL, EQ, 27-Nov-2025,159.0,159.0,162.0,159.0,159.4,159.6,160.98,1661,2.67,67, 1243, 74.83
DUCON, EQ, 27-Nov-2025,4.38,4.38,4.46,4.06,4.29,4.2,4.28,659093,28.18,1412, 414474, 62.89
DVL, EQ, 27-Nov-2025,296.15,296.15,297.95,293.0,296.25,294.2,295.1,9424,27.81,499, 5452, 57.85
DWARKESH, EQ, 27-Nov-2025,41.17,41.17,41.7,40.8,41.5,41.43,41.25,299569,123.57,1925, 149553, 49.92
DYCL, EQ, 27-Nov-2025,338.9,341.4,341.4,333.0,334.0,334.35,335.19,171955,576.37,5355, 89115, 51.82
DYNAMATECH, EQ, 27-Nov-2025,9051.0,9140.0,9200.0,8852.5,8879.0,8872.0,9015.93,8849,797.82,3588, 3429, 38.75
DYNPRO, EQ, 27-Nov-2025,271.4,272.05,273.25,270.45,270.45,271.7,272.2,4504,12.26,589, 2671, 59.30
E2E, EQ, 27-Nov-2025,2345.7,2374.0,2394.9,2300.0,2305.0,2310.2,2347.63,60856,1428.68,9138, 27273, 44.82
EASEMYTRIP, EQ, 27-Nov-2025,7.13,7.16,7.33,7.11,7.16,7.14,7.22,10049792,725.28,11296, 3543258, 35.26
EBANKNIFTY, EQ, 27-Nov-2025,59.75,60.95,60.95,59.94,60.18,60.1,60.31,6932,4.18,36, 6255, 90.23
EBBETF0430, EQ, 27-Nov-2025,1561.06,1564.97,1564.97,1560.06,1562.93,1562.86,1561.95,5904,92.22,458, 5055, 85.62
EBBETF0431, EQ, 27-Nov-2025,1394.03,1399.89,1399.89,1394.0,1394.0,1394.47,1394.84,4863,67.83,140, 2880, 59.22
EBBETF0433, EQ, 27-Nov-2025,1271.25,1271.71,1277.0,1271.7,1277.0,1276.51,1273.96,4859,61.9,77, 4373, 90.00
EBGNG, EQ, 27-Nov-2025,331.8,334.0,339.9,331.7,336.5,337.55,336.81,141265,475.8,3176, 70480, 49.89
ECAPINSURE, EQ, 27-Nov-2025,24.37,24.5,24.51,24.17,24.38,24.36,24.39,57004,13.9,288, 51103, 89.65
ECLERX, EQ, 27-Nov-2025,4428.8,4459.0,4512.0,4432.7,4462.5,4490.4,4481.13,31938,1431.18,6064, 11614, 36.36
ECOSMOBLTY, EQ, 27-Nov-2025,242.28,245.0,252.93,238.44,242.9,240.78,243.8,264731,645.41,6275, 85615, 32.34
EDELWEISS, EQ, 27-Nov-2025,112.39,112.51,113.26,111.01,111.7,111.63,112.16,2042329,2290.78,16104, 1028038, 50.34
EFCIL, EQ, 27-Nov-2025,264.85,266.0,269.7,258.75,263.95,264.6,265.05,277526,735.58,5107, 153898, 55.45
EGOLD, EQ, 27-Nov-2025,125.65,125.2,126.0,124.6,125.5,125.55,125.51,35321,44.33,340, 15431, 43.69
EICHERMOT, EQ, 27-Nov-2025,7198.5,7210.0,7210.5,6981.0,7004.0,6999.0,7047.14,480102,33833.44,55566, 228102, 47.51
EIDPARRY, EQ, 27-Nov-2025,1032.6,1035.2,1036.9,1026.0,1030.0,1029.9,1030.75,77877,802.71,11025, 51275, 65.84
EIEL, EQ, 27-Nov-2025,216.35,216.9,219.15,216.05,217.45,217.25,217.22,480460,1043.65,6228, 195615, 40.71
EIFFL, EQ, 27-Nov-2025,221.89,221.9,227.5,212.0,214.12,213.8,218.67,25625,56.03,1147, 17641, 68.84
EIHAHOTELS, EQ, 27-Nov-2025,360.7,362.15,368.0,360.0,368.0,364.05,361.77,8661,31.33,671, 6063, 70.00
EIHOTEL, EQ, 27-Nov-2025,375.25,375.2,379.0,371.25,373.0,373.25,374.47,180617,676.35,8461, 113999, 63.12
EIMCOELECO, EQ, 27-Nov-2025,1628.3,1620.4,1661.0,1620.2,1629.0,1628.4,1638.8,12108,198.43,1886, 5974, 49.34
EKC, EQ, 27-Nov-2025,122.37,122.36,123.78,120.75,121.0,121.0,121.84,153813,187.41,2231, 75227, 48.91
ELDEHSG, EQ, 27-Nov-2025,774.55,832.25,832.25,783.05,787.0,788.05,793.62,200,1.59,63, 104, 52.00
ELECON, EQ, 27-Nov-2025,503.15,507.5,507.5,495.9,500.0,499.55,499.69,176494,881.93,10666, 86154, 48.81
ELECTCAST, EQ, 27-Nov-2025,75.46,75.99,76.52,74.2,74.48,74.46,75.01,690497,517.97,5180, 331456, 48.00
ELECTHERM, EQ, 27-Nov-2025,872.5,855.0,877.4,847.45,851.0,851.2,855.95,8362,71.57,751, 6566, 78.52
ELGIEQUIP, EQ, 27-Nov-2025,498.65,503.2,507.55,492.95,498.5,498.55,500.25,675937,3381.36,23105, 278214, 41.16
ELIN, EQ, 27-Nov-2025,185.42,184.5,186.58,182.78,185.4,185.03,184.41,33359,61.52,980, 19589, 58.72
ELIQUID, EQ, 27-Nov-2025,1007.73,1007.87,1007.87,1007.87,1007.87,1007.87,1007.87,11,0.11,2, 11, 100.00
ELLEN, EQ, 27-Nov-2025,397.15,396.45,400.0,392.6,394.0,394.85,396.12,34447,136.45,1765, 19886, 57.73
ELM250, EQ, 27-Nov-2025,17.03,16.6,17.29,16.6,16.88,16.9,17.04,27232,4.64,86, 18888, 69.36
EMAMILTD, EQ, 27-Nov-2025,514.05,528.2,538.45,522.0,528.0,527.8,528.41,1397808,7386.2,41229, 434465, 31.08
EMAMIPAP, EQ, 27-Nov-2025,91.29,91.29,93.99,91.18,91.97,92.24,92.49,22254,20.58,864, 8213, 36.91
EMAMIREAL, EQ, 27-Nov-2025,81.61,81.79,85.69,81.76,85.69,85.31,84.53,17391,14.7,317, 13933, 80.12
EMBDL, EQ, 27-Nov-2025,79.18,79.96,80.28,77.72,78.15,78.37,78.89,4979141,3927.88,28641, 2490948, 50.03
EMCURE, EQ, 27-Nov-2025,1397.2,1414.0,1418.4,1391.0,1415.0,1411.4,1403.33,285799,4010.7,10733, 228587, 79.98
EMIL, EQ, 27-Nov-2025,121.51,122.75,123.68,121.45,122.8,122.63,122.54,399728,489.81,5413, 158100, 39.55
EMMBI, EQ, 27-Nov-2025,102.83,104.0,104.11,102.33,102.95,102.98,103.2,8154,8.42,457, 3657, 44.85
EMMVEE, EQ, 27-Nov-2025,210.63,214.42,214.48,209.66,213.01,212.62,212.01,1249261,2648.55,16732, 481511, 38.54
EMSLIMITED, EQ, 27-Nov-2025,447.05,446.25,451.55,439.8,441.4,441.2,445.18,103209,459.46,3747, 57325, 55.54
EMUDHRA, EQ, 27-Nov-2025,616.3,618.85,624.5,613.75,616.9,617.7,618.01,34037,210.35,2974, 16201, 47.60
EMULTIMQ, EQ, 27-Nov-2025,42.72,43.54,43.54,42.73,43.01,42.94,42.9,24425,10.48,112, 18273, 74.81
ENDURANCE, EQ, 27-Nov-2025,2683.4,2695.1,2695.1,2654.4,2670.0,2678.1,2668.23,34976,933.24,8234, 15006, 42.90
ENERGY, EQ, 27-Nov-2025,36.01,36.11,36.11,35.69,35.82,35.79,35.77,789478,282.43,139, 780052, 98.81
ENERGYDEV, EQ, 27-Nov-2025,23.96,24.39,25.2,22.21,22.7,22.52,23.14,445433,103.08,2070, 206108, 46.27
ENGINERSIN, EQ, 27-Nov-2025,199.34,200.9,202.75,199.0,199.85,199.89,200.76,1526075,3063.7,20474, 527500, 34.57
ENIFTY, EQ, 27-Nov-2025,25.87,26.34,27.0,26.12,26.12,26.17,26.71,6494,1.73,38, 5263, 81.04
ENIL, EQ, 27-Nov-2025,127.1,126.02,127.12,123.5,124.9,124.48,125.03,36486,45.62,876, 24988, 68.49
ENRIN, EQ, 27-Nov-2025,3113.7,3133.0,3152.1,3088.3,3120.0,3111.6,3116.15,724788,22585.5,59207, 454812, 62.75
ENTERO, EQ, 27-Nov-2025,1050.1,1053.1,1054.1,1031.5,1033.0,1033.8,1039.29,56615,588.4,3578, 34183, 60.38
EPACK, EQ, 27-Nov-2025,263.65,265.85,266.2,251.5,252.85,252.15,256.1,958187,2453.87,13040, 497155, 51.88
EPACKPEB, EQ, 27-Nov-2025,314.8,315.1,324.8,312.25,320.5,319.85,319.72,2376847,7599.34,33086, 449423, 18.91
EPIGRAL, EQ, 27-Nov-2025,1468.4,1477.0,1494.5,1467.0,1488.0,1482.2,1483.67,17320,256.97,1758, 10028, 57.90
EPL, EQ, 27-Nov-2025,204.04,204.04,206.1,202.91,205.4,205.04,205.2,372672,764.74,6069, 212178, 56.93
EQUAL200, EQ, 27-Nov-2025,13.51,13.54,13.57,13.46,13.49,13.51,13.53,6575,0.89,65, 4689, 71.32
EQUAL50, EQ, 27-Nov-2025,335.01,336.25,336.25,333.3,333.3,333.3,334.1,109,0.36,7, 97, 88.99
EQUAL50ADD, EQ, 27-Nov-2025,345.07,347.47,347.49,344.22,344.37,344.4,345.23,11691,40.36,116, 9083, 77.69
EQUITASBNK, EQ, 27-Nov-2025,65.63,65.75,66.13,65.2,65.62,65.61,65.6,3015671,1978.17,17097, 1764497, 58.51
ERIS, EQ, 27-Nov-2025,1616.6,1622.5,1635.7,1602.1,1610.0,1612.3,1617.68,62612,1012.86,7884, 33860, 54.08
ESABINDIA, EQ, 27-Nov-2025,5619.6,5600.0,5725.0,5594.0,5662.0,5686.6,5667.9,7884,446.86,2171, 3412, 43.28
ESAFSFB, EQ, 27-Nov-2025,26.69,26.61,26.82,26.45,26.57,26.55,26.6,148419,39.47,1479, 80139, 54.00
ESCORTS, EQ, 27-Nov-2025,3686.6,3686.5,3860.0,3670.0,3852.0,3847.8,3790.58,298548,11316.7,29648, 102397, 34.30
ESENSEX, EQ, 27-Nov-2025,84.54,86.65,88.05,85.47,85.47,87.59,86.95,1801,1.57,26, 1731, 96.11
ESG, EQ, 27-Nov-2025,44.43,44.89,44.89,44.32,44.5,44.46,44.48,11304,5.03,113, 6350, 56.17
ESILVER, EQ, 27-Nov-2025,158.68,159.51,163.47,159.51,162.96,163.08,162.83,309767,504.4,843, 211126, 68.16
ESSENTIA, EQ, 27-Nov-2025,1.63,1.65,1.66,1.62,1.63,1.62,1.63,990648,16.15,1014, 732148, 73.91
ESTER, EQ, 27-Nov-2025,107.86,108.29,109.2,106.7,107.48,107.11,107.73,57913,62.39,1134, 29458, 50.87
ETERNAL, EQ, 27-Nov-2025,306.85,308.0,308.7,300.55,302.2,302.75,302.98,22604916,68487.4,153474, 13427109, 59.40
ETHOSLTD, EQ, 27-Nov-2025,3178.7,3200.0,3245.9,3165.7,3181.0,3196.4,3203.23,49628,1589.7,9299, 27296, 55.00
EUREKAFORB, EQ, 27-Nov-2025,591.25,594.9,617.05,591.4,611.0,606.9,607.98,602517,3663.17,31073, 287530, 47.72
EUROBOND, EQ, 27-Nov-2025,179.84,179.5,191.0,179.5,184.0,184.58,182.58,91377,166.84,666, 67046, 73.37
EUROPRATIK, EQ, 27-Nov-2025,364.15,364.9,374.9,346.05,354.0,351.2,356.5,426111,1519.09,10321, 179591, 42.15
EVEREADY, EQ, 27-Nov-2025,338.65,338.7,340.0,331.25,337.0,337.85,335.0,67280,225.39,2018, 23388, 34.76
EVERESTIND, EQ, 27-Nov-2025,524.15,524.0,545.0,517.9,538.0,535.95,531.44,3871,20.57,315, 2809, 72.57
EVIETF, EQ, 27-Nov-2025,31.31,31.44,31.47,31.15,31.34,31.28,31.28,60756,19.0,475, 30708, 50.54
EVINDIA, EQ, 27-Nov-2025,31.3,31.4,31.45,31.17,31.35,31.3,31.31,126519,39.61,1286, 76066, 60.12
EXCELINDUS, EQ, 27-Nov-2025,942.7,945.5,956.3,940.0,940.0,945.8,948.17,4596,43.58,823, 2906, 63.23
EXCELSOFT, EQ, 27-Nov-2025,125.97,127.3,130.5,121.0,125.2,125.25,126.04,53811798,67825.15,231861, 5850399, 10.87
EXICOM, EQ, 27-Nov-2025,116.48,117.27,117.78,114.11,114.49,114.49,115.6,212268,245.37,4021, 88961, 41.91
EXIDEIND, EQ, 27-Nov-2025,365.15,368.0,369.35,364.0,368.0,368.35,366.74,1519975,5574.29,16280, 719553, 47.34
EXPLEOSOL, EQ, 27-Nov-2025,1103.8,1102.6,1134.6,1094.6,1110.0,1118.5,1111.22,25972,288.61,1806, 19340, 74.46
FABTECH, EQ, 27-Nov-2025,242.99,246.0,248.73,234.1,242.5,242.45,240.87,1193221,2874.12,13097, 435913, 36.53
FACT, EQ, 27-Nov-2025,874.9,878.0,889.95,878.0,884.7,883.6,884.52,71650,633.76,5209, 19125, 26.69
FAIRCHEMOR, EQ, 27-Nov-2025,646.1,646.25,654.0,646.2,650.0,651.2,650.24,11664,75.84,1664, 5607, 48.07
FAZE3Q, EQ, 27-Nov-2025,547.0,547.0,551.35,529.0,529.0,532.2,537.31,27167,145.97,1510, 13575, 49.97
FCL, EQ, 27-Nov-2025,24.25,24.44,24.51,24.0,24.3,24.18,24.17,1577674,381.29,5477, 678471, 43.00
FCSSOFT, EQ, 27-Nov-2025,2.01,2.01,2.04,2.0,2.01,2.01,2.02,1564662,31.54,1791, 957960, 61.22
FDC, EQ, 27-Nov-2025,418.8,422.0,422.0,410.4,414.05,415.2,414.66,71896,298.12,2701, 46790, 65.08
FEDERALBNK, EQ, 27-Nov-2025,256.37,256.0,256.9,253.3,255.35,254.87,254.65,4560033,11612.27,73582, 1767868, 38.77
FEDFINA, EQ, 27-Nov-2025,147.0,148.39,149.01,146.67,147.34,147.41,147.64,797830,1177.93,10980, 419356, 52.56
FIBERWEB, EQ, 27-Nov-2025,37.76,37.1,40.9,37.1,37.77,37.99,38.75,142656,55.28,1762, 41558, 29.13
FIEMIND, EQ, 27-Nov-2025,2282.6,2300.0,2300.0,2201.2,2229.0,2216.2,2235.7,50821,1136.2,9334, 25818, 50.80
FILATEX, EQ, 27-Nov-2025,54.04,54.03,54.4,53.42,53.88,53.81,53.79,316644,170.33,2430, 169716, 53.60
FILATFASH, EQ, 27-Nov-2025,0.39,0.39,0.4,0.38,0.39,0.39,0.39,64884832,254.14,5173, 29903456, 46.09
FINCABLES, EQ, 27-Nov-2025,756.4,759.0,761.6,750.25,751.0,753.65,754.51,91932,693.64,9882, 48795, 53.08
FINEORG, EQ, 27-Nov-2025,4464.1,4419.5,4493.8,4419.5,4480.0,4454.1,4462.04,17809,794.64,4533, 13406, 75.28
FINIETF, EQ, 27-Nov-2025,32.78,32.89,33.06,32.78,33.01,32.96,32.97,568532,187.44,1332, 426296, 74.98
FINKURVE, EQ, 27-Nov-2025,105.89,102.87,107.94,102.39,103.01,103.31,105.42,10988,11.58,486, 4159, 37.85
FINOPB, EQ, 27-Nov-2025,292.15,295.0,307.0,295.0,298.25,299.05,300.51,3240027,9736.58,30757, 692054, 21.36
FINPIPE, EQ, 27-Nov-2025,184.51,185.34,186.2,179.2,180.35,180.71,181.39,882070,1599.96,14481, 466025, 52.83
FIRSTCRY, EQ, 27-Nov-2025,315.2,315.2,318.35,304.8,305.95,306.0,309.11,1387201,4287.92,33795, 827927, 59.68
FISCHER, EQ, 27-Nov-2025,46.53,46.0,47.07,44.91,45.5,45.89,45.88,2658114,1219.61,7269, 1604556, 60.36
FIVESTAR, EQ, 27-Nov-2025,605.0,605.0,605.2,587.0,592.0,589.7,592.0,1977048,11704.17,41783, 1427590, 72.21
FLAIR, EQ, 27-Nov-2025,300.8,300.8,307.25,290.95,293.85,293.75,296.26,169720,502.82,5207, 66465, 39.16
FLEXIADD, EQ, 27-Nov-2025,10.84,10.84,10.91,10.7,10.9,10.87,10.89,76451,8.32,163, 75714, 99.04
FLEXITUFF, EQ, 27-Nov-2025,15.14,15.89,15.89,15.89,15.89,15.89,15.89,783,0.12,5, 783, 100.00
FLUOROCHEM, EQ, 27-Nov-2025,3445.3,3459.9,3500.0,3406.4,3469.0,3477.4,3461.58,49894,1727.12,10077, 21094, 42.28
FMCGIETF, EQ, 27-Nov-2025,59.23,59.39,59.45,59.1,59.38,59.33,59.3,676806,401.32,3039, 448645, 66.29
FMGOETZE, EQ, 27-Nov-2025,471.95,473.85,475.85,465.05,466.25,470.05,469.03,56458,264.81,2692, 33802, 59.87
FOCUS, EQ, 27-Nov-2025,72.59,73.81,75.5,72.52,74.74,74.76,74.26,50315,37.37,1185, 24205, 48.11
FOODSIN, EQ, 27-Nov-2025,75.06,75.99,76.95,74.1,74.11,74.57,75.34,58444,44.03,1106, 39138, 66.97
FORCEMOT, EQ, 27-Nov-2025,16959.0,17079.0,17472.0,16851.0,17248.0,17248.0,17192.89,51267,8814.28,14967, 11678, 22.78
FORTIS, EQ, 27-Nov-2025,932.9,932.9,935.0,916.2,921.5,922.1,922.63,1594941,14715.35,40836, 895952, 56.17
FOSECOIND, EQ, 27-Nov-2025,5162.5,5215.0,5291.0,5100.0,5144.0,5125.5,5178.45,834,43.19,313, 316, 37.89
FSL, EQ, 27-Nov-2025,352.6,353.35,354.9,347.05,350.0,349.85,350.46,343354,1203.33,12924, 111369, 32.44
FUSION, EQ, 27-Nov-2025,177.19,176.5,177.62,171.64,173.1,173.03,173.85,159179,276.74,3863, 75638, 47.52
GABRIEL, EQ, 27-Nov-2025,1057.0,1057.1,1067.1,1030.0,1033.9,1036.5,1047.54,178614,1871.05,15205, 54280, 30.39
GAEL, EQ, 27-Nov-2025,108.44,108.44,109.01,106.5,107.1,107.07,107.49,433061,465.48,5844, 275103, 63.53
GAIL, EQ, 27-Nov-2025,185.16,185.2,186.87,183.12,184.1,183.8,184.23,3082841,5679.62,37622, 1381326, 44.81
GALAPREC, EQ, 27-Nov-2025,728.3,730.05,759.95,727.55,744.5,747.5,743.85,9696,72.12,517, 6922, 71.39
GALAXYSURF, EQ, 27-Nov-2025,2026.1,2031.1,2049.6,2016.0,2023.0,2021.8,2025.44,6855,138.84,1376, 4337, 63.27
GALLANTT, EQ, 27-Nov-2025,591.85,595.0,608.45,588.2,595.9,595.0,597.95,160845,961.77,9530, 26512, 16.48
GANDHAR, EQ, 27-Nov-2025,131.39,132.7,132.8,129.22,130.75,130.78,130.93,151192,197.95,2951, 75546, 49.97
GANDHITUBE, EQ, 27-Nov-2025,764.35,756.0,783.9,756.0,775.0,774.1,774.74,2363,18.31,370, 1273, 53.87
GANECOS, EQ, 27-Nov-2025,945.1,945.1,949.2,914.0,924.1,925.5,931.96,291316,2714.96,16530, 195554, 67.13
GANESHBE, EQ, 27-Nov-2025,84.64,85.0,85.7,83.75,84.99,84.63,84.66,49554,41.95,1313, 28149, 56.80
GANESHCP, EQ, 27-Nov-2025,270.05,271.35,280.15,264.5,268.0,274.9,270.88,113684,307.95,3080, 71054, 62.50
GANESHHOU, EQ, 27-Nov-2025,803.4,854.0,899.7,835.95,851.0,854.65,871.26,4272425,37223.89,125171, 344487, 8.06
GANGAFORGE, EQ, 27-Nov-2025,3.3,3.38,3.38,3.21,3.25,3.26,3.3,41117,1.36,172, 39216, 95.38
GANGESSECU, EQ, 27-Nov-2025,151.27,149.41,153.68,148.3,152.83,152.83,150.02,523,0.78,25, 477, 91.20
GARFIBRES, EQ, 27-Nov-2025,703.7,703.7,713.35,696.0,702.0,702.6,703.28,255304,1795.51,11802, 219038, 85.79
GARUDA, EQ, 27-Nov-2025,223.66,224.0,224.8,214.89,216.11,217.22,218.87,732442,1603.12,12060, 252035, 34.41
GATECH, EQ, 27-Nov-2025,0.6,0.61,0.61,0.59,0.6,0.59,0.6,3960071,23.7,1270, 2250743, 56.84
GATECHDVR, EQ, 27-Nov-2025,0.51,0.51,0.51,0.5,0.51,0.5,0.5,923968,4.64,221, 849693, 91.96
GATEWAY, EQ, 27-Nov-2025,59.72,59.99,59.99,58.56,58.87,58.75,59.1,676447,399.81,8350, 463213, 68.48
GEECEE, EQ, 27-Nov-2025,366.8,366.8,370.05,360.5,364.8,365.4,366.65,3863,14.16,269, 2659, 68.83
GEEKAYWIRE, EQ, 27-Nov-2025,31.77,31.95,33.48,31.51,33.47,33.03,32.42,86370,28.01,659, 62920, 72.85
GEMAROMA, EQ, 27-Nov-2025,171.8,173.0,174.13,169.0,170.02,170.18,172.34,377463,650.52,15819, 60829, 16.12
GENCON, EQ, 27-Nov-2025,43.35,43.3,44.5,39.98,42.5,42.77,43.38,754903,327.51,2894, 291662, 38.64
GENESYS, EQ, 27-Nov-2025,438.55,440.0,448.8,428.6,428.6,429.55,434.7,143975,625.87,5376, 62685, 43.54
GENUSPAPER, EQ, 27-Nov-2025,14.48,14.68,14.68,14.16,14.21,14.22,14.35,28460,4.08,236, 24084, 84.62
GENUSPOWER, EQ, 27-Nov-2025,323.05,326.0,328.15,319.0,320.4,320.4,322.77,260786,841.75,8548, 122727, 47.06
GEOJITFSL, EQ, 27-Nov-2025,72.16,72.2,72.8,68.6,70.1,70.52,70.09,2245656,1573.89,7607, 1053582, 46.92
GESHIP, EQ, 27-Nov-2025,1093.9,1099.9,1115.9,1077.2,1095.1,1095.0,1094.11,273240,2989.54,16438, 108754, 39.80
GFLLIMITED, EQ, 27-Nov-2025,60.74,61.65,61.76,59.76,61.2,60.94,60.62,32716,19.83,709, 17130, 52.36
GHCL, EQ, 27-Nov-2025,567.8,569.2,608.65,569.2,574.5,573.5,588.95,371832,2189.91,14476, 119544, 32.15
GHCLTEXTIL, EQ, 27-Nov-2025,79.12,79.51,80.27,77.25,78.2,78.19,78.18,61460,48.05,1310, 33328, 54.23
GICHSGFIN, EQ, 27-Nov-2025,171.73,172.0,172.86,171.06,171.85,171.78,171.73,29569,50.78,890, 18165, 61.43
GICRE, EQ, 27-Nov-2025,392.5,393.45,394.5,384.05,384.75,384.75,386.97,2023919,7832.04,13067, 1629469, 80.51
GILLANDERS, EQ, 27-Nov-2025,118.02,118.0,120.0,114.0,114.4,114.64,115.97,6342,7.35,209, 4993, 78.73
GILLETTE, EQ, 27-Nov-2025,8428.0,8486.0,9065.0,8448.0,8747.0,8763.0,8853.35,334551,29618.98,71727, 37123, 11.10
GILT5YBEES, EQ, 27-Nov-2025,63.71,64.1,64.1,63.56,63.7,63.74,63.7,137721,87.72,396, 89220, 64.78
GINNIFILA, EQ, 27-Nov-2025,38.17,39.4,40.98,38.2,40.75,40.32,39.59,75772,30.0,1484, 37934, 50.06
GIPCL, EQ, 27-Nov-2025,165.74,165.05,167.45,164.0,165.16,164.76,165.21,183945,303.9,2516, 111776, 60.77
GKENERGY, EQ, 27-Nov-2025,169.92,169.9,169.9,163.3,165.0,164.36,165.5,478761,792.37,8096, 251842, 52.60
GKWLIMITED, EQ, 27-Nov-2025,1785.6,1752.0,1800.0,1749.9,1800.0,1783.6,1778.39,1816,32.3,171, 1064, 58.59
GLAND, EQ, 27-Nov-2025,1795.8,1795.0,1800.9,1770.0,1770.0,1774.0,1778.64,25656,456.33,4184, 10906, 42.51
GLAXO, EQ, 27-Nov-2025,2489.3,2489.7,2524.4,2465.1,2515.8,2519.6,2495.25,44167,1102.08,9165, 22132, 50.11
GLENMARK, EQ, 27-Nov-2025,1921.3,1924.7,1958.0,1922.3,1942.0,1944.0,1943.78,1272760,24739.66,53445, 369267, 29.01
GLOBAL, EQ, 27-Nov-2025,81.49,81.49,83.1,80.41,82.75,82.88,82.43,138398,114.09,1512, 64969, 46.94
GLOBALE, EQ, 27-Nov-2025,12.5,12.69,12.69,12.0,12.49,12.49,12.6,806,0.1,30, 424, 52.61
GLOBALVECT, EQ, 27-Nov-2025,197.57,199.0,205.53,198.01,198.55,199.77,201.82,19438,39.23,1645, 6954, 35.78
GLOBE, EQ, 27-Nov-2025,2.82,2.86,2.89,2.73,2.81,2.81,2.82,747378,21.05,541, 465206, 62.25
GLOBECIVIL, EQ, 27-Nov-2025,72.17,79.97,80.0,71.21,71.5,72.93,74.88,723761,541.94,6705, 211090, 29.17
GLOBUSSPR, EQ, 27-Nov-2025,1061.3,1067.9,1067.9,1051.7,1065.0,1059.1,1059.15,39136,414.51,3628, 21035, 53.75
GLOSTERLTD, EQ, 27-Nov-2025,619.4,622.05,635.0,620.65,634.95,628.95,627.8,896,5.63,99, 747, 83.37
GLOTTIS, EQ, 27-Nov-2025,66.97,67.1,67.63,66.55,66.7,66.72,67.02,127758,85.62,1792, 71192, 55.72
GMBREW, EQ, 27-Nov-2025,1032.5,1043.0,1062.5,1014.0,1044.7,1044.5,1041.83,385499,4016.23,17575, 69195, 17.95
GMDCLTD, EQ, 27-Nov-2025,528.1,543.4,575.9,538.75,553.6,553.15,560.92,49398164,277085.65,566428, 4001280, 8.10
GMMPFAUDLR, EQ, 27-Nov-2025,1157.0,1157.4,1157.5,1134.0,1138.0,1138.6,1143.81,31365,358.76,4003, 14268, 45.49
GMRAIRPORT, EQ, 27-Nov-2025,106.76,107.2,107.21,106.23,106.73,106.69,106.75,13820784,14753.35,46052, 7960652, 57.60
GMRP&UI, EQ, 27-Nov-2025,124.64,125.8,125.8,120.0,121.0,120.37,121.35,2731447,3314.49,11096, 1603173, 58.69
GNA, EQ, 27-Nov-2025,307.45,309.1,325.0,309.1,322.4,323.55,319.86,160818,514.39,4690, 57245, 35.60
GNFC, EQ, 27-Nov-2025,489.0,489.65,499.2,488.3,496.7,496.55,495.72,166007,822.93,5958, 91482, 55.11
GOACARBON, EQ, 27-Nov-2025,405.9,407.8,409.65,404.0,404.05,404.6,405.64,4478,18.16,409, 2932, 65.48
GOCLCORP, EQ, 27-Nov-2025,305.3,306.85,312.75,302.4,312.75,308.65,306.58,53513,164.06,1948, 27344, 51.10
GOCOLORS, EQ, 27-Nov-2025,529.1,530.75,533.95,523.0,524.1,525.15,526.62,53651,282.54,4870, 34637, 64.56
GODAVARIB, EQ, 27-Nov-2025,253.35,251.0,255.3,239.8,249.0,243.8,246.73,67010,165.33,1436, 48338, 72.14
GODFRYPHLP, EQ, 27-Nov-2025,2896.7,2882.3,2960.2,2882.3,2928.0,2935.3,2929.44,203339,5956.69,24998, 64163, 31.55
GODIGIT, EQ, 27-Nov-2025,356.9,356.25,364.0,354.3,355.5,358.3,357.36,98964,353.66,7306, 43648, 44.10
GODREJAGRO, EQ, 27-Nov-2025,595.7,602.3,620.0,597.3,599.7,599.7,608.91,1038745,6325.03,40971, 275105, 26.48
GODREJCP, EQ, 27-Nov-2025,1154.2,1149.0,1166.9,1139.1,1148.8,1144.6,1150.04,1138374,13091.71,34394, 787409, 69.17
GODREJIND, EQ, 27-Nov-2025,1055.6,1051.0,1057.9,1034.0,1048.4,1047.0,1043.56,35050,365.77,3816, 15534, 44.32
GODREJPROP, EQ, 27-Nov-2025,2114.4,2114.4,2119.8,2086.7,2100.0,2096.3,2104.59,287748,6055.92,27458, 126181, 43.85
GOKEX, EQ, 27-Nov-2025,928.5,929.35,929.95,912.0,919.0,918.4,918.32,123279,1132.09,6527, 51724, 41.96
GOKUL, EQ, 27-Nov-2025,40.14,40.0,40.39,39.9,40.28,40.24,40.17,16342,6.57,246, 13494, 82.57
GOKULAGRO, EQ, 27-Nov-2025,205.65,205.89,212.27,204.65,209.0,208.94,208.86,1245858,2602.14,21269, 291131, 23.37
GOLD1, EQ, 27-Nov-2025,105.17,104.25,105.32,104.25,105.1,105.05,105.01,851814,894.53,4478, 540583, 63.46
GOLD360, EQ, 27-Nov-2025,122.95,122.95,123.25,122.55,123.2,123.05,122.98,20016,24.62,160, 16476, 82.31
GOLDBEES, EQ, 27-Nov-2025,104.18,104.1,104.4,103.84,104.19,104.11,104.14,19397032,20200.35,52897, 10334035, 53.28
GOLDCASE, EQ, 27-Nov-2025,19.79,20.38,20.38,19.52,19.79,19.77,19.78,4303800,851.5,6679, 2871400, 66.72
GOLDETF, EQ, 27-Nov-2025,122.35,122.35,122.7,121.89,122.4,122.39,122.32,566873,693.4,3192, 382576, 67.49
GOLDETFADD, EQ, 27-Nov-2025,122.41,122.37,122.5,121.6,121.76,122.38,122.18,282820,345.55,387, 217971, 77.07
GOLDIAM, EQ, 27-Nov-2025,398.7,399.1,407.0,383.05,391.3,391.45,394.65,1352821,5338.93,19975, 498625, 36.86
GOLDIETF, EQ, 27-Nov-2025,107.68,107.64,107.94,107.18,107.65,107.67,107.67,2104918,2266.35,14882, 1359059, 64.57
GOLDSHARE, EQ, 27-Nov-2025,105.75,108.35,108.35,104.6,105.95,105.8,105.72,377020,398.57,2077, 218160, 57.86
GOLDTECH, EQ, 27-Nov-2025,54.64,54.64,56.55,54.22,55.88,55.54,55.22,17240,9.52,405, 13366, 77.53
GOODLUCK, EQ, 27-Nov-2025,1157.4,1157.4,1164.9,1144.5,1148.0,1154.5,1150.93,74427,856.6,4313, 51506, 69.20
GOPAL, EQ, 27-Nov-2025,331.55,334.0,334.0,329.2,332.9,330.65,330.82,32877,108.76,2026, 23162, 70.45
GOYALALUM, EQ, 27-Nov-2025,6.92,6.93,6.99,6.82,6.88,6.89,6.88,29458,2.03,307, 24308, 82.52
GPIL, EQ, 27-Nov-2025,237.2,238.2,240.9,232.55,234.5,235.2,235.58,1522523,3586.71,21125, 751856, 49.38
GPPL, EQ, 27-Nov-2025,180.15,181.0,181.9,174.0,174.85,174.94,176.53,1781404,3144.73,19765, 917356, 51.50
GPTHEALTH, EQ, 27-Nov-2025,142.21,141.63,144.5,141.49,144.3,143.34,142.68,43438,61.98,1440, 24336, 56.02
GPTINFRA, EQ, 27-Nov-2025,109.06,109.06,110.2,107.31,107.91,107.88,108.12,52349,56.6,859, 33766, 64.50
GRANULES, EQ, 27-Nov-2025,545.9,547.9,555.75,543.0,549.0,548.95,550.53,722971,3980.17,15712, 357038, 49.38
GRAPHITE, EQ, 27-Nov-2025,558.2,562.0,563.4,551.2,552.45,554.25,556.58,306245,1704.5,9302, 125674, 41.04
GRASIM, EQ, 27-Nov-2025,2744.0,2748.0,2748.5,2712.0,2737.2,2740.0,2730.58,399328,10903.98,35198, 232268, 58.16
GRAVITA, EQ, 27-Nov-2025,1851.9,1878.5,1878.5,1815.2,1824.9,1827.2,1841.14,263568,4852.67,22530, 91240, 34.62
GREAVESCOT, EQ, 27-Nov-2025,202.06,202.5,205.75,202.0,202.95,202.77,203.24,1040480,2114.68,9168, 360847, 34.68
GREENLAM, EQ, 27-Nov-2025,245.3,242.85,251.95,242.85,250.25,249.95,250.04,32646,81.63,2239, 16634, 50.95
GREENPANEL, EQ, 27-Nov-2025,258.25,258.25,259.3,251.0,253.2,252.75,253.39,93977,238.13,4788, 52193, 55.54
GREENPLY, EQ, 27-Nov-2025,288.0,288.2,290.85,282.0,282.1,283.1,284.94,33390,95.14,1559, 17467, 52.31
GREENPOWER, EQ, 27-Nov-2025,13.0,13.0,13.12,12.9,13.01,12.95,13.0,1104720,143.63,3665, 642049, 58.12
GRINDWELL, EQ, 27-Nov-2025,1575.9,1577.0,1595.0,1561.3,1562.9,1568.7,1572.97,21331,335.53,3729, 12573, 58.94
GRINFRA, EQ, 27-Nov-2025,1091.8,1094.1,1094.1,1072.2,1084.0,1078.6,1083.23,5134,55.61,996, 1783, 34.73
GRMOVER, EQ, 27-Nov-2025,470.9,475.3,475.3,467.5,469.95,469.8,470.11,151732,713.3,3381, 47287, 31.16
GROBTEA, EQ, 27-Nov-2025,1026.3,1049.0,1049.1,990.0,1028.0,1005.3,1014.56,855,8.67,138, 620, 72.51
GROWW, EQ, 27-Nov-2025,162.89,164.2,164.48,159.15,160.45,160.24,160.92,29835924,48011.64,135136, 6582719, 22.06
GROWWDEFNC, EQ, 27-Nov-2025,80.21,80.93,80.93,79.21,80.08,79.95,80.15,170222,136.44,1769, 97528, 57.29
GROWWEV, EQ, 27-Nov-2025,31.17,31.48,32.0,31.0,31.13,31.09,31.22,133073,41.55,1408, 100457, 75.49
GROWWGOLD, EQ, 27-Nov-2025,123.24,123.88,123.89,122.5,123.0,123.03,123.1,197679,243.35,2806, 82779, 41.88
GROWWLIQID, EQ, 27-Nov-2025,106.77,106.78,106.79,106.78,106.78,106.78,106.78,35207,37.6,164, 18976, 53.90
GROWWLOVOL, EQ, 27-Nov-2025,10.7,10.9,10.9,10.64,10.72,10.67,10.7,22020,2.36,137, 20756, 94.26
GROWWMC150, EQ, 27-Nov-2025,223.19,221.06,225.54,221.05,224.0,223.61,223.21,1434,3.2,113, 1194, 83.26
GROWWMOM50, EQ, 27-Nov-2025,10.97,10.86,11.06,10.86,11.05,11.01,11.01,134958,14.85,577, 123482, 91.50
GROWWN200, EQ, 27-Nov-2025,11.76,11.98,11.98,11.73,11.8,11.82,11.81,52041,6.14,441, 36507, 70.15
GROWWNET, EQ, 27-Nov-2025,10.75,10.78,10.91,10.65,10.69,10.71,10.7,99425,10.64,638, 83965, 84.45
GROWWNIFTY, EQ, 27-Nov-2025,10.49,10.54,10.58,10.44,10.53,10.5,10.52,221707,23.32,1072, 142327, 64.20
GROWWNXT50, EQ, 27-Nov-2025,69.06,69.78,69.78,68.69,69.01,68.97,69.17,9285,6.42,141, 6838, 73.65
GROWWPOWER, EQ, 27-Nov-2025,10.05,10.09,10.09,10.0,10.04,10.03,10.03,2210076,221.77,844, 2189571, 99.07
GROWWRAIL, EQ, 27-Nov-2025,34.12,34.29,34.44,34.06,34.1,34.09,34.22,389908,133.42,1793, 254754, 65.34
GROWWRLTY, EQ, 27-Nov-2025,10.2,10.2,10.35,10.11,10.16,10.11,10.17,237436,24.14,338, 41845, 17.62
GROWWSC250, EQ, 27-Nov-2025,9.73,9.92,9.92,9.62,9.72,9.69,9.68,276843,26.81,669, 156930, 56.69
GROWWSLVR, EQ, 27-Nov-2025,155.61,158.72,161.0,156.45,159.8,159.71,159.4,548070,873.61,2717, 283041, 51.64
GRPLTD, EQ, 27-Nov-2025,1993.8,2009.8,2009.8,1940.0,1940.0,1948.8,1959.72,2544,49.86,447, 1902, 74.76
GRSE, EQ, 27-Nov-2025,2757.8,2771.0,2867.8,2755.9,2789.0,2785.3,2798.79,1752370,49045.18,82562, 294665, 16.82
GRWRHITECH, EQ, 27-Nov-2025,3912.4,3946.5,3946.5,3852.6,3880.9,3877.6,3884.76,26430,1026.74,4944, 8866, 33.55
GSEC10ABSL, EQ, 27-Nov-2025,111.1,110.71,110.71,110.28,110.28,110.28,110.38,8,0.01,6, 6, 75.00
GSEC10IETF, EQ, 27-Nov-2025,259.63,259.65,260.47,259.65,260.22,260.21,260.15,937,2.44,29, 815, 86.98
GSEC10YEAR, EQ, 27-Nov-2025,29.66,29.66,29.67,29.55,29.65,29.65,29.65,1664,0.49,41, 1579, 94.89
GSEC5IETF, EQ, 27-Nov-2025,63.99,63.99,64.0,63.75,63.85,63.85,63.83,19662,12.55,53, 11118, 56.55
GSFC, EQ, 27-Nov-2025,184.98,186.01,186.81,184.22,185.1,184.9,185.27,541013,1002.36,8608, 223337, 41.28
GSLSU, EQ, 27-Nov-2025,127.93,130.99,130.99,127.71,128.4,128.08,128.8,66806,86.05,1403, 26456, 39.60
GSPL, EQ, 27-Nov-2025,294.8,297.0,297.0,294.0,294.0,294.4,294.73,161151,474.96,8148, 112668, 69.91
GSS, EQ, 27-Nov-2025,19.69,20.4,20.4,19.25,19.43,19.49,19.76,154250,30.48,773, 81366, 52.75
GTECJAINX, EQ, 27-Nov-2025,22.9,24.7,24.99,23.51,23.51,23.92,24.18,5893,1.43,71, 668, 11.34
GTL, EQ, 27-Nov-2025,8.19,8.29,8.64,8.22,8.47,8.45,8.43,354499,29.9,984, 235823, 66.52
GTLINFRA, EQ, 27-Nov-2025,1.35,1.35,1.4,1.35,1.37,1.36,1.37,27002147,371.26,14240, 9503127, 35.19
GTPL, EQ, 27-Nov-2025,99.82,100.6,101.5,98.8,99.35,99.31,99.62,14620,14.56,455, 9869, 67.50
GUFICBIO, EQ, 27-Nov-2025,368.45,368.45,373.3,355.1,361.85,358.95,363.23,57975,210.58,3953, 30895, 53.29
GUJALKALI, EQ, 27-Nov-2025,533.75,536.5,537.9,528.0,534.5,530.35,531.78,15840,84.23,1072, 7774, 49.08
GUJGASLTD, EQ, 27-Nov-2025,400.75,403.15,405.2,398.95,402.1,402.0,401.74,151649,609.24,5990, 95281, 62.83
GUJTHEM, EQ, 27-Nov-2025,417.1,416.0,421.95,410.0,416.25,413.95,414.78,41942,173.97,2083, 26347, 62.82
GULFOILLUB, EQ, 27-Nov-2025,1187.8,1200.0,1200.0,1170.1,1180.0,1176.1,1179.66,23800,280.76,3359, 15277, 64.19
GULFPETRO, EQ, 27-Nov-2025,37.37,38.5,38.5,37.24,37.5,37.71,37.67,33564,12.64,523, 21263, 63.35
GULPOLY, EQ, 27-Nov-2025,138.41,138.96,139.48,136.5,136.5,137.46,138.1,29583,40.85,1313, 15460, 52.26
GVPIL, EQ, 27-Nov-2025,355.1,357.7,367.9,353.45,362.1,362.3,361.72,243835,882.0,6322, 100546, 41.24
GVPTECH, EQ, 27-Nov-2025,9.0,9.0,9.15,8.97,9.02,9.02,9.03,14630,1.32,95, 13431, 91.80
GVT&D, EQ, 27-Nov-2025,2984.0,2983.8,2990.4,2877.7,2889.0,2897.1,2897.49,356398,10326.61,40460, 205255, 57.59
HAL, EQ, 27-Nov-2025,4517.8,4535.0,4535.0,4461.0,4489.9,4483.2,4487.62,721812,32392.21,59599, 346394, 47.99
HALEOSLABS, EQ, 27-Nov-2025,1361.6,1370.1,1389.9,1322.3,1384.0,1352.2,1344.03,3367,45.25,240, 2300, 68.31
HAPPSTMNDS, EQ, 27-Nov-2025,500.65,505.0,505.0,496.2,497.2,497.25,500.31,203327,1017.27,10679, 80103, 39.40
HAPPYFORGE, EQ, 27-Nov-2025,1038.0,1035.0,1040.9,1027.2,1040.1,1039.2,1036.16,17224,178.47,1656, 11344, 65.86
HARDWYN, EQ, 27-Nov-2025,17.54,17.53,17.9,16.93,17.22,17.22,17.61,8045109,1416.74,8880, 3681661, 45.76
HARIOMPIPE, EQ, 27-Nov-2025,346.35,350.0,353.45,342.15,343.6,344.75,347.64,117440,408.27,4362, 62016, 52.81
HARRMALAYA, EQ, 27-Nov-2025,174.43,175.5,176.0,173.07,174.0,174.33,174.77,6440,11.26,176, 5103, 79.24
HARSHA, EQ, 27-Nov-2025,391.45,390.0,397.95,386.0,392.5,389.1,391.46,18964,74.24,1601, 9867, 52.03
HATHWAY, EQ, 27-Nov-2025,13.12,13.2,13.26,12.98,13.07,13.06,13.12,997049,130.83,2752, 447134, 44.85
HATSUN, EQ, 27-Nov-2025,1061.8,1065.9,1072.5,1046.5,1051.3,1052.0,1050.07,18818,197.6,2038, 11005, 58.48
HAVELLS, EQ, 27-Nov-2025,1439.8,1443.0,1444.0,1427.1,1434.1,1434.6,1434.78,578302,8297.36,25926, 308799, 53.40
HAVISHA, EQ, 27-Nov-2025,1.92,1.88,1.95,1.81,1.94,1.92,1.9,35404,0.67,131, 22311, 63.02
HBLENGINE, EQ, 27-Nov-2025,884.5,890.0,902.0,875.0,877.0,877.5,886.52,1459409,12937.94,34136, 471455, 32.30
HCC, EQ, 27-Nov-2025,23.87,24.11,24.39,22.41,24.0,24.06,24.05,20962376,5041.22,26528, 6505283, 31.03
HCG, EQ, 27-Nov-2025,731.4,724.95,738.0,710.1,714.9,715.95,721.67,246559,1779.33,13029, 141624, 57.44
HCL-INSYS, EQ, 27-Nov-2025,14.07,14.01,14.34,13.96,14.0,14.0,14.06,221092,31.09,806, 196918, 89.07
HCLTECH, EQ, 27-Nov-2025,1617.9,1619.1,1633.2,1614.0,1630.2,1629.0,1625.43,2106176,34234.37,61398, 1401129, 66.52
HDBFS, EQ, 27-Nov-2025,754.85,757.0,764.5,753.95,762.0,760.6,759.83,717751,5453.72,25336, 484021, 67.44
HDFCAMC, EQ, 27-Nov-2025,2679.0,2705.5,2705.5,2656.5,2677.5,2680.0,2673.59,271818,7267.31,26743, 144482, 53.15
HDFCBANK, EQ, 27-Nov-2025,1003.9,1002.1,1016.8,1001.0,1009.05,1009.5,1010.95,25536848,258163.56,313073, 16830504, 65.91
HDFCBSE500, EQ, 27-Nov-2025,38.32,38.27,38.48,38.26,38.34,38.32,38.38,13093,5.02,172, 9134, 69.76
HDFCGOLD, EQ, 27-Nov-2025,107.65,107.6,107.69,107.05,107.62,107.55,107.51,2741526,2947.35,6846, 1923184, 70.15
HDFCGROWTH, EQ, 27-Nov-2025,128.61,128.6,129.24,128.0,128.45,128.55,128.74,7198,9.27,174, 6664, 92.58
HDFCLIFE, EQ, 27-Nov-2025,787.55,787.55,787.8,775.85,777.7,777.8,779.31,1165637,9083.87,70216, 567697, 48.70
HDFCLIQUID, EQ, 27-Nov-2025,1037.67,1037.77,1037.81,1037.77,1037.77,1037.78,1037.79,9661,100.26,25, 4104, 42.48
HDFCLOWVOL, EQ, 27-Nov-2025,21.52,21.62,21.62,21.45,21.47,21.52,21.54,23491,5.06,100, 22908, 97.52
HDFCMID150, EQ, 27-Nov-2025,22.65,22.76,22.76,22.53,22.68,22.64,22.63,310589,70.27,1189, 204779, 65.93
HDFCMOMENT, EQ, 27-Nov-2025,32.42,31.6,32.65,31.6,32.55,32.53,32.5,156948,51.01,691, 113715, 72.45
HDFCNEXT50, EQ, 27-Nov-2025,70.33,70.22,70.73,70.02,70.37,70.22,70.16,49078,34.43,538, 34919, 71.15
HDFCNIF100, EQ, 27-Nov-2025,27.5,27.55,27.65,27.26,27.55,27.45,27.5,23511,6.46,363, 22069, 93.87
HDFCNIFBAN, EQ, 27-Nov-2025,60.99,61.29,61.38,60.98,61.33,61.22,61.22,60399,36.98,391, 43190, 71.51
HDFCNIFIT, EQ, 27-Nov-2025,39.34,39.6,39.79,39.34,39.45,39.46,39.51,57081,22.55,281, 38870, 68.10
HDFCNIFTY, EQ, 27-Nov-2025,292.82,294.28,294.28,292.34,293.55,293.31,293.56,58490,171.71,675, 34582, 59.12
HDFCPSUBK, EQ, 27-Nov-2025,86.24,86.35,86.64,85.41,85.85,85.84,85.86,37406,32.12,180, 29036, 77.62
HDFCPVTBAN, EQ, 27-Nov-2025,29.14,29.14,29.4,29.14,29.4,29.31,29.32,113066,33.15,346, 79517, 70.33
HDFCQUAL, EQ, 27-Nov-2025,60.12,60.12,60.33,59.88,60.0,59.99,60.15,18242,10.97,188, 16534, 90.64
HDFCSENSEX, EQ, 27-Nov-2025,96.25,95.81,96.8,95.81,96.4,96.34,96.53,26880,25.95,362, 18642, 69.35
HDFCSILVER, EQ, 27-Nov-2025,152.03,153.07,157.03,153.07,156.0,156.37,155.77,4341391,6762.53,12295, 2034548, 46.86
HDFCSML250, EQ, 27-Nov-2025,169.69,170.49,170.49,168.57,169.13,169.1,169.33,803167,1360.01,8257, 648631, 80.76
HDFCVALUE, EQ, 27-Nov-2025,138.13,138.13,139.02,137.78,138.18,138.16,138.67,2540,3.52,55, 2029, 79.88
HEADSUP, EQ, 27-Nov-2025,10.2,10.21,10.21,8.67,9.36,9.35,9.25,260696,24.12,1273, 123987, 47.56
HEALTHADD, EQ, 27-Nov-2025,150.71,150.96,151.17,150.12,150.19,150.22,150.48,1690,2.54,28, 1363, 80.65
HEALTHIETF, EQ, 27-Nov-2025,152.87,152.87,153.63,152.45,153.14,153.19,153.1,41437,63.44,1143, 23627, 57.02
HEALTHY, EQ, 27-Nov-2025,15.32,14.93,15.45,14.93,15.35,15.31,15.32,103493,15.86,816, 85704, 82.81
HECPROJECT, EQ, 27-Nov-2025,128.99,129.35,132.89,128.0,130.98,130.03,130.57,11996,15.66,392, 6289, 52.43
HEG, EQ, 27-Nov-2025,547.65,545.2,547.0,532.0,532.85,533.75,538.55,934920,5035.02,21180, 294455, 31.50
HEIDELBERG, EQ, 27-Nov-2025,183.8,184.0,185.22,183.33,184.85,184.79,184.3,63025,116.16,2424, 37089, 58.85
HEMIPROP, EQ, 27-Nov-2025,140.18,141.0,141.8,139.3,139.5,139.96,140.65,170506,239.82,2243, 74071, 43.44
HERANBA, EQ, 27-Nov-2025,257.05,255.2,266.3,254.5,254.5,257.35,260.04,37725,98.1,1834, 14297, 37.90
HERCULES, EQ, 27-Nov-2025,172.72,174.95,178.8,172.61,174.61,175.29,175.92,19284,33.93,654, 11594, 60.12
HERITGFOOD, EQ, 27-Nov-2025,479.0,482.7,482.7,477.0,479.75,481.65,480.45,118129,567.55,5667, 76670, 64.90
HEROMOTOCO, EQ, 27-Nov-2025,6136.5,6137.0,6200.0,6097.0,6165.0,6151.0,6151.01,352120,21658.92,44991, 173398, 49.24
HESTERBIO, EQ, 27-Nov-2025,1652.5,1654.8,1654.8,1622.9,1645.0,1645.6,1640.81,3062,50.24,511, 2200, 71.85
HEUBACHIND, EQ, 27-Nov-2025,462.5,465.0,467.9,460.0,460.5,461.3,463.9,9220,42.77,490, 5711, 61.94
HEXATRADEX, EQ, 27-Nov-2025,167.73,169.89,169.89,168.0,168.0,168.0,168.27,1907,3.21,40, 1242, 65.13
HEXT, EQ, 27-Nov-2025,756.05,760.0,762.9,742.85,745.0,746.0,752.63,370136,2785.75,25075, 174429, 47.13
HFCL, EQ, 27-Nov-2025,71.72,71.8,72.51,71.11,71.42,71.44,71.61,7997055,5726.77,15552, 4709005, 58.88
HGINFRA, EQ, 27-Nov-2025,888.05,890.0,894.55,875.05,878.0,880.2,879.86,52483,461.78,6683, 22764, 43.37
HGS, EQ, 27-Nov-2025,481.55,483.0,488.0,481.05,482.05,483.6,484.55,5841,28.3,706, 3255, 55.73
HIKAL, EQ, 27-Nov-2025,221.05,220.0,223.8,220.0,221.0,221.25,221.53,105420,233.54,3173, 41101, 38.99
HILINFRA, EQ, 27-Nov-2025,67.25,67.9,69.43,67.51,67.6,67.75,68.44,223101,152.7,2545, 77215, 34.61
HILTON, EQ, 27-Nov-2025,43.19,43.2,43.94,42.7,42.8,42.95,43.14,67068,28.94,505, 49529, 73.85
HIMATSEIDE, EQ, 27-Nov-2025,124.5,124.9,125.45,122.1,122.98,122.87,123.46,165331,204.12,2715, 82155, 49.69
HINDALCO, EQ, 27-Nov-2025,800.8,807.9,813.95,800.45,807.0,807.55,806.88,4481695,36161.99,99252, 1905536, 42.52
HINDCOMPOS, EQ, 27-Nov-2025,453.55,459.35,459.35,451.0,455.85,456.05,455.69,2080,9.48,174, 1543, 74.18
HINDCON, EQ, 27-Nov-2025,29.59,30.4,30.89,30.15,30.34,30.66,30.47,12297,3.75,196, 9709, 78.95
HINDCOPPER, EQ, 27-Nov-2025,329.1,331.75,334.3,324.35,325.0,325.8,328.91,5412607,17802.39,41063, 1865366, 34.46
HINDOILEXP, EQ, 27-Nov-2025,142.07,142.07,144.31,141.73,143.98,143.87,143.05,251093,359.18,3261, 124552, 49.60
HINDPETRO, EQ, 27-Nov-2025,466.25,467.1,469.3,459.15,463.0,463.4,462.91,2236914,10354.85,46207, 1162897, 51.99
HINDUNILVR, EQ, 27-Nov-2025,2425.2,2426.1,2459.7,2425.0,2455.0,2451.7,2449.98,1872248,45869.79,87101, 1286892, 68.74
HINDWAREAP, EQ, 27-Nov-2025,329.95,329.95,342.4,321.8,336.2,337.45,329.8,70712,233.21,3248, 17840, 25.23
HINDZINC, EQ, 27-Nov-2025,470.25,475.9,478.5,472.65,474.5,474.55,475.31,2611675,12413.43,37866, 782312, 29.95
HIRECT, EQ, 27-Nov-2025,1511.4,1511.5,1544.0,1480.5,1543.9,1534.2,1517.78,30999,470.5,3014, 15205, 49.05
HISARMETAL, EQ, 27-Nov-2025,177.13,177.13,177.14,172.0,175.46,173.81,173.44,1407,2.44,59, 990, 70.36
HITECH, EQ, 27-Nov-2025,103.09,104.0,104.5,94.98,101.35,99.93,101.58,671135,681.74,5812, 301178, 44.88
HITECHCORP, EQ, 27-Nov-2025,174.78,173.9,174.11,172.01,173.99,173.24,173.75,5244,9.11,162, 3571, 68.10
HLEGLAS, EQ, 27-Nov-2025,464.25,464.65,477.3,463.5,473.25,474.15,470.68,136465,642.31,5511, 50186, 36.78
HLVLTD, EQ, 27-Nov-2025,9.8,9.88,9.88,9.61,9.76,9.7,9.74,205389,20.01,1198, 135142, 65.80
HMAAGRO, EQ, 27-Nov-2025,30.15,30.16,30.7,29.86,30.65,30.13,30.03,238918,71.74,1347, 139952, 58.58
HMVL, EQ, 27-Nov-2025,66.79,67.0,67.39,65.68,65.81,65.84,66.04,50028,33.04,800, 38706, 77.37
HNDFDS, EQ, 27-Nov-2025,541.1,541.1,552.4,534.25,535.35,538.25,539.68,39341,212.31,4690, 20027, 50.91
HNGSNGBEES, EQ, 27-Nov-2025,510.2,505.1,517.49,505.1,512.5,512.61,514.17,98929,508.66,4096, 70290, 71.05
HOMEFIRST, EQ, 27-Nov-2025,1129.9,1129.9,1139.9,1103.0,1110.0,1106.2,1113.63,131318,1462.4,16470, 70301, 53.53
HONASA, EQ, 27-Nov-2025,293.65,294.0,295.8,287.85,289.55,289.6,292.25,183454,536.15,10002, 81491, 44.42
HONAUT, EQ, 27-Nov-2025,35745.0,36000.0,36000.0,35365.0,35590.0,35505.0,35604.13,1969,701.05,1327, 720, 36.57
HONDAPOWER, EQ, 27-Nov-2025,2424.5,2438.5,2447.3,2413.2,2415.0,2422.5,2429.09,2110,51.25,386, 1044, 49.48
HPAL, EQ, 27-Nov-2025,46.44,47.37,47.37,45.61,46.0,45.89,46.13,47617,21.97,909, 28074, 58.96
HPIL, EQ, 27-Nov-2025,136.54,137.0,140.99,136.99,140.0,139.65,138.41,1209,1.67,15, 265, 21.92
HPL, EQ, 27-Nov-2025,420.95,425.0,425.85,419.7,421.0,421.5,422.28,72874,307.74,3485, 33967, 46.61
HSCL, EQ, 27-Nov-2025,446.45,448.6,450.7,442.2,446.9,445.15,446.6,446171,1992.59,12295, 159222, 35.69
HTMEDIA, EQ, 27-Nov-2025,24.46,25.15,25.15,24.4,24.5,24.44,24.52,44302,10.86,191, 35540, 80.22
HUBTOWN, EQ, 27-Nov-2025,317.35,318.5,324.0,312.5,314.95,314.55,316.88,334617,1060.32,4712, 170600, 50.98
HUDCO, EQ, 27-Nov-2025,239.17,240.22,241.88,238.1,239.6,239.57,239.96,3173418,7614.87,28610, 998541, 31.47
HUHTAMAKI, EQ, 27-Nov-2025,223.06,224.57,226.0,221.1,222.67,221.87,223.07,68040,151.78,2252, 30102, 44.24
HYUNDAI, EQ, 27-Nov-2025,2306.7,2324.0,2324.0,2285.7,2318.0,2315.5,2301.81,529127,12179.51,38670, 290055, 54.82
ICEMAKE, EQ, 27-Nov-2025,691.0,690.3,709.5,690.3,703.65,705.1,702.22,15069,105.82,1073, 10445, 69.31
ICICIB22, EQ, 27-Nov-2025,117.1,116.12,117.98,116.12,116.96,116.92,117.17,133382,156.29,2076, 91793, 68.82
ICICIBANK, EQ, 27-Nov-2025,1375.0,1379.0,1394.0,1375.7,1393.9,1392.2,1388.89,15158741,210538.0,232290, 10606393, 69.97
ICICIGI, EQ, 27-Nov-2025,2010.3,2020.0,2028.7,1974.0,1980.0,1980.7,1985.0,528440,10489.56,36231, 354632, 67.11
ICICIPRULI, EQ, 27-Nov-2025,621.9,624.9,627.95,621.0,626.65,625.25,625.04,441657,2760.54,20170, 276297, 62.56
ICIL, EQ, 27-Nov-2025,312.45,312.75,313.1,309.15,310.4,310.05,310.41,95892,297.66,4935, 44333, 46.23
ICRA, EQ, 27-Nov-2025,6174.0,6238.5,6238.5,6159.5,6220.0,6188.0,6183.8,2198,135.92,512, 1535, 69.84
IDBI, EQ, 27-Nov-2025,101.95,102.9,102.96,100.55,101.15,101.19,101.6,6717056,6824.64,23681, 2287882, 34.06
IDEA, EQ, 27-Nov-2025,10.08,10.16,10.29,10.04,10.1,10.11,10.16,619942440,62976.88,138588, 77964261, 12.58
IDEAFORGE, EQ, 27-Nov-2025,468.4,468.4,480.95,464.3,466.05,465.6,469.15,168152,788.88,5088, 68722, 40.87
IDFCFIRSTB, EQ, 27-Nov-2025,80.37,80.38,81.3,79.82,80.75,80.5,80.49,31427073,25295.81,116216, 16966430, 53.99
IDFNIFTYET, EQ, 27-Nov-2025,285.14,284.1,287.5,283.72,287.44,286.33,286.45,493,1.41,34, 341, 69.17
IEX, EQ, 27-Nov-2025,141.76,141.77,142.0,140.0,140.75,140.9,140.96,4094515,5771.8,28665, 1664233, 40.65
IFBAGRO, EQ, 27-Nov-2025,1416.1,1415.0,1415.0,1340.0,1350.0,1352.2,1359.75,36414,495.14,4487, 11791, 32.38
IFBIND, EQ, 27-Nov-2025,1705.1,1730.0,1730.0,1684.5,1690.0,1692.4,1697.75,12262,208.18,2472, 6073, 49.53
IFCI, EQ, 27-Nov-2025,51.78,52.05,52.42,51.0,51.26,51.33,51.73,3334334,1724.96,13925, 1480865, 44.41
IFGLEXPOR, EQ, 27-Nov-2025,215.58,219.5,222.5,216.15,216.22,217.32,219.11,17611,38.59,1736, 9023, 51.24
IGARASHI, EQ, 27-Nov-2025,483.45,472.0,478.6,461.0,466.15,464.05,469.11,274070,1285.7,12694, 62876, 22.94
IGCL, EQ, 27-Nov-2025,90.88,91.78,92.0,89.05,90.0,89.51,90.16,102976,92.84,1094, 67772, 65.81
IGIL, EQ, 27-Nov-2025,327.0,328.8,332.15,322.75,328.0,328.1,327.94,556337,1824.43,13992, 291874, 52.46
IGL, EQ, 27-Nov-2025,199.23,199.98,201.4,196.55,197.77,197.72,198.66,981537,1949.89,16053, 419933, 42.78
IGPL, EQ, 27-Nov-2025,377.7,379.9,383.0,374.75,380.0,380.8,380.22,11439,43.49,792, 7820, 68.36
IIFL, EQ, 27-Nov-2025,570.75,572.5,576.3,565.3,570.55,568.8,570.7,871320,4972.63,20773, 276446, 31.73
IIFLCAPS, EQ, 27-Nov-2025,309.5,309.5,312.05,300.1,300.15,302.0,304.04,268185,815.38,10720, 148814, 55.49
IITL, EQ, 27-Nov-2025,170.83,175.1,177.98,170.0,170.43,170.05,170.85,14710,25.13,262, 1299, 8.83
IKIO, EQ, 27-Nov-2025,190.32,190.55,193.1,188.1,189.2,189.04,190.51,25469,48.52,1063, 12473, 48.97
IKS, EQ, 27-Nov-2025,1680.6,1683.9,1727.1,1670.0,1695.0,1696.0,1701.47,523749,8911.45,27246, 268182, 51.20
IMAGICAA, EQ, 27-Nov-2025,48.24,48.37,51.0,48.24,50.52,50.41,49.75,776289,386.21,4960, 372952, 48.04
IMFA, EQ, 27-Nov-2025,1247.1,1255.6,1292.0,1225.4,1272.0,1269.9,1263.57,220459,2785.64,18732, 71942, 32.63
IMPAL, EQ, 27-Nov-2025,1049.1,1046.8,1055.3,1040.0,1044.5,1048.0,1047.71,1614,16.91,192, 1280, 79.31
INCREDIBLE, EQ, 27-Nov-2025,40.36,40.81,41.75,40.0,40.99,40.48,40.18,4330,1.74,77, 2532, 58.48
INDBANK, EQ, 27-Nov-2025,36.2,36.82,36.9,36.37,36.8,36.67,36.71,25509,9.37,349, 17581, 68.92
INDGN, EQ, 27-Nov-2025,523.4,527.8,528.0,518.35,522.95,523.45,523.36,159031,832.31,10421, 65662, 41.29
INDHOTEL, EQ, 27-Nov-2025,731.4,731.0,740.0,727.4,734.4,735.0,735.77,1862591,13704.41,60733, 1057540, 56.78
INDIACEM, EQ, 27-Nov-2025,397.4,402.4,409.0,395.4,396.9,398.45,401.08,254514,1020.81,8909, 53919, 21.19
INDIAGLYCO, EQ, 27-Nov-2025,1106.4,1107.0,1115.95,1075.05,1078.6,1083.5,1091.99,133329,1455.93,8904, 51319, 38.49
INDIAMART, EQ, 27-Nov-2025,2339.5,2339.4,2356.4,2315.0,2324.9,2323.1,2336.94,31663,739.94,8612, 18503, 58.44
INDIANB, EQ, 27-Nov-2025,886.75,891.35,891.35,856.95,866.5,865.9,867.4,1931736,16755.91,69355, 919921, 47.62
INDIANCARD, EQ, 27-Nov-2025,252.85,253.65,259.0,253.0,253.5,253.1,254.29,2541,6.46,68, 1575, 61.98
INDIANHUME, EQ, 27-Nov-2025,395.65,403.35,408.15,394.1,397.0,396.95,400.47,76710,307.2,2570, 36522, 47.61
INDIASHLTR, EQ, 27-Nov-2025,878.85,876.0,879.75,865.9,871.45,870.05,871.65,60080,523.69,7694, 31485, 52.41
INDIGO, EQ, 27-Nov-2025,5913.0,5913.0,5959.0,5886.5,5921.5,5919.0,5922.4,472382,27976.34,56813, 310437, 65.72
INDIGOPNTS, EQ, 27-Nov-2025,1306.65,1315.0,1317.75,1246.0,1279.0,1280.85,1269.32,198481,2519.35,17854, 72132, 36.34
INDIQUBE, EQ, 27-Nov-2025,229.99,231.15,231.15,226.0,228.75,228.07,227.72,25079,57.11,1840, 14899, 59.41
INDNIPPON, EQ, 27-Nov-2025,855.1,875.0,884.0,845.8,859.0,862.3,859.44,20419,175.49,1885, 10522, 51.53
INDOAMIN, EQ, 27-Nov-2025,124.1,124.6,125.9,123.08,124.15,123.86,123.96,33970,42.11,801, 20716, 60.98
INDOBORAX, EQ, 27-Nov-2025,243.5,246.3,247.9,241.0,245.9,243.9,243.29,28096,68.36,635, 16249, 57.83
INDOCO, EQ, 27-Nov-2025,261.3,260.1,261.0,256.55,258.75,257.95,258.52,18261,47.21,717, 10821, 59.26
INDOFARM, EQ, 27-Nov-2025,207.41,208.6,215.69,206.0,214.5,214.71,212.05,167501,355.18,4827, 66581, 39.75
INDORAMA, EQ, 27-Nov-2025,52.55,52.6,53.23,51.95,52.8,52.35,52.34,185067,96.86,1819, 105763, 57.15
INDOSTAR, EQ, 27-Nov-2025,230.25,231.0,231.0,225.0,226.71,225.99,227.01,31736,72.04,1262, 16990, 53.54
INDOTECH, EQ, 27-Nov-2025,1699.7,1720.0,1758.7,1699.7,1700.0,1708.9,1731.33,20459,354.21,2389, 7342, 35.89
INDOUS, EQ, 27-Nov-2025,132.58,149.0,159.0,141.3,144.0,147.09,153.1,1238684,1896.38,17526, 214780, 17.34
INDOWIND, EQ, 27-Nov-2025,16.86,16.86,17.75,16.25,16.36,16.67,16.87,1477294,249.28,3000, 222376, 15.05
INDRAMEDCO, EQ, 27-Nov-2025,514.25,517.0,518.2,505.6,514.5,512.4,511.86,144763,740.99,4527, 85488, 59.05
INDSWFTLAB, EQ, 27-Nov-2025,96.23,95.4,97.5,94.8,96.72,96.58,96.26,81808,78.75,1362, 52593, 64.29
INDTERRAIN, EQ, 27-Nov-2025,35.55,35.55,36.6,35.21,35.9,35.77,35.95,5898,2.12,226, 3778, 64.06
INDUSINDBK, EQ, 27-Nov-2025,850.7,853.0,863.75,846.55,857.1,857.45,855.45,3016014,25800.51,84761, 1389974, 46.09
INDUSTOWER, EQ, 27-Nov-2025,405.6,405.0,409.05,401.25,403.45,404.25,404.92,3495842,14155.39,45445, 1928359, 55.16
INFIBEAM, EQ, 27-Nov-2025,19.65,19.72,19.82,19.34,19.41,19.42,19.5,4914753,958.28,8965, 1735327, 35.31
INFOBEAN, EQ, 27-Nov-2025,585.9,615.15,615.15,580.1,605.9,606.1,604.16,85421,516.08,3275, 54132, 63.37
INFOMEDIA, EQ, 27-Nov-2025,6.78,6.94,7.07,6.52,6.89,6.8,6.65,43708,2.91,78, 34669, 79.32
INFRABEES, EQ, 27-Nov-2025,999.85,999.85,1003.99,995.08,1000.0,998.18,999.19,6624,66.19,422, 3802, 57.40
INFRAIETF, EQ, 27-Nov-2025,99.43,99.92,99.92,99.02,99.11,99.48,99.28,433983,430.86,1986, 375560, 86.54
INFY, EQ, 27-Nov-2025,1557.9,1564.0,1574.3,1552.2,1565.0,1566.4,1563.46,7552252,118076.64,168875, 4672092, 61.86
INGERRAND, EQ, 27-Nov-2025,3815.5,3802.6,3817.0,3772.0,3780.0,3792.8,3791.21,10010,379.5,2189, 5934, 59.28
INNOVACAP, EQ, 27-Nov-2025,733.15,738.95,739.15,720.6,724.0,725.25,728.83,7251,52.85,849, 3534, 48.74
INNOVANA, EQ, 27-Nov-2025,465.7,459.45,473.65,451.4,469.8,458.85,461.46,7100,32.76,440, 5169, 72.80
INOXGREEN, EQ, 27-Nov-2025,219.6,220.95,224.1,217.8,221.55,222.45,221.31,736002,1628.88,12152, 383476, 52.10
INOXINDIA, EQ, 27-Nov-2025,1178.4,1176.0,1201.0,1170.9,1185.0,1193.9,1183.72,55160,652.94,6232, 25680, 46.56
INOXWIND, EQ, 27-Nov-2025,136.75,136.75,137.2,131.9,132.98,134.07,134.9,17336482,23387.4,29678, 12565537, 72.48
INSECTICID, EQ, 27-Nov-2025,731.55,735.95,744.95,722.25,728.0,726.35,730.53,20279,148.14,1427, 12166, 59.99
INSPIRISYS, EQ, 27-Nov-2025,96.07,97.5,97.5,94.0,97.0,96.46,95.88,9642,9.24,281, 7629, 79.12
INTELLECT, EQ, 27-Nov-2025,1098.8,1111.0,1119.0,1090.0,1092.7,1096.4,1098.77,264557,2906.87,16022, 127732, 48.28
INTERARCH, EQ, 27-Nov-2025,2440.2,2439.6,2461.9,2415.0,2426.0,2428.0,2434.18,43500,1058.87,6138, 22952, 52.76
INTERNET, EQ, 27-Nov-2025,14.49,14.52,14.55,14.37,14.41,14.42,14.41,63231,9.11,261, 35404, 55.99
INTLCONV, EQ, 27-Nov-2025,88.02,87.51,89.66,87.5,88.54,88.24,88.38,73392,64.86,1032, 31027, 42.28
INVENTURE, EQ, 27-Nov-2025,1.26,1.28,1.29,1.26,1.28,1.27,1.27,572242,7.28,608, 471552, 82.40
IOB, EQ, 27-Nov-2025,39.52,39.6,39.74,39.03,39.25,39.22,39.28,4723495,1855.4,19172, 1676143, 35.49
IOC, EQ, 27-Nov-2025,165.59,165.59,166.0,162.55,163.7,163.81,163.72,4631417,7582.33,51530, 2089680, 45.12
IOLCP, EQ, 27-Nov-2025,91.6,91.83,92.55,90.5,91.0,90.86,91.21,416492,379.87,3486, 194257, 46.64
IONEXCHANG, EQ, 27-Nov-2025,348.55,349.0,355.0,348.7,350.5,349.85,351.42,119040,418.33,8202, 59474, 49.96
IPCALAB, EQ, 27-Nov-2025,1408.9,1407.0,1417.0,1388.5,1394.0,1396.0,1402.65,100045,1403.28,11237, 37340, 37.32
IPL, EQ, 27-Nov-2025,176.03,176.78,179.0,176.18,178.5,177.78,177.43,64265,114.03,1595, 22973, 35.75
IRB, EQ, 27-Nov-2025,43.28,43.29,43.58,42.93,43.2,43.2,43.23,6000489,2594.3,21597, 2246036, 37.43
IRCON, EQ, 27-Nov-2025,161.81,163.0,166.4,161.8,162.0,162.48,163.89,2059897,3376.05,23323, 546634, 26.54
IRCTC, EQ, 27-Nov-2025,688.5,689.95,694.45,686.05,687.5,687.85,690.24,622737,4298.4,22347, 323577, 51.96
IREDA, EQ, 27-Nov-2025,144.35,144.44,145.48,143.1,143.62,143.76,144.12,2478216,3571.62,21969, 886029, 35.75
IRFC, EQ, 27-Nov-2025,118.08,118.67,119.42,117.6,117.9,117.96,118.2,5097254,6024.97,38081, 1883731, 36.96
IRIS, EQ, 27-Nov-2025,323.4,334.95,334.95,321.5,321.5,322.15,323.46,8248,26.68,434, 4866, 59.00
IRISDOREME, EQ, 27-Nov-2025,33.07,33.25,33.3,32.77,32.82,33.01,33.02,395500,130.6,998, 43742, 11.06
IRMENERGY, EQ, 27-Nov-2025,292.95,294.45,298.1,289.0,289.75,289.8,292.38,34591,101.14,1937, 17422, 50.37
ISFT, EQ, 27-Nov-2025,86.7,88.0,91.76,85.51,91.2,90.98,89.73,63593,57.06,1121, 45546, 71.62
ISGEC, EQ, 27-Nov-2025,827.8,836.0,842.8,814.75,835.0,833.0,828.77,53095,440.04,3289, 32062, 60.39
IT, EQ, 27-Nov-2025,40.87,41.36,41.36,40.82,41.05,41.06,41.06,263089,108.02,663, 159562, 60.65
ITBEES, EQ, 27-Nov-2025,40.98,41.75,41.75,40.83,41.08,41.07,41.06,8770195,3600.72,13590, 4982272, 56.81
ITC, EQ, 27-Nov-2025,402.3,403.5,405.95,402.1,405.0,404.3,403.22,8679529,34997.92,105551, 5374198, 61.92
ITCHOTELS, EQ, 27-Nov-2025,209.35,208.5,212.31,205.71,211.3,211.61,209.52,3273019,6857.75,41349, 1219581, 37.26
ITDC, EQ, 27-Nov-2025,577.55,582.8,584.4,575.0,578.45,577.2,579.45,10819,62.69,863, 5294, 48.93
ITETF, EQ, 27-Nov-2025,39.12,39.31,39.39,38.95,39.22,39.17,39.16,347291,136.01,2388, 150356, 43.29
ITETFADD, EQ, 27-Nov-2025,39.0,38.95,39.39,38.9,39.08,39.05,39.12,42057,16.45,156, 37354, 88.82
ITI, EQ, 27-Nov-2025,309.6,308.9,324.55,308.9,312.55,314.1,316.7,2600915,8236.97,36691, 316258, 12.16
ITIETF, EQ, 27-Nov-2025,40.99,39.96,41.3,39.96,41.12,41.11,41.04,522235,214.31,2397, 309805, 59.32
IVALUE, EQ, 27-Nov-2025,311.15,311.15,313.75,303.1,304.8,305.75,308.53,226058,697.45,4766, 106823, 47.25
IVC, EQ, 27-Nov-2025,8.12,8.25,8.29,8.05,8.25,8.17,8.17,251060,20.5,1309, 141308, 56.28
IVP, EQ, 27-Nov-2025,164.81,164.21,166.0,162.3,164.0,163.79,164.0,1560,2.56,76, 1131, 72.50
IVZINGOLD, EQ, 27-Nov-2025,10954.2,10885.05,10975.05,10885.0,10911.0,10912.9,10938.51,2959,323.67,65, 2828, 95.57
IVZINNIFTY, EQ, 27-Nov-2025,2971.88,2975.82,2979.71,2961.01,2979.71,2973.67,2965.82,97,2.88,9, 94, 96.91
IXIGO, EQ, 27-Nov-2025,277.0,275.2,276.2,271.0,274.55,275.2,274.14,809434,2218.99,21640, 329340, 40.69
J&KBANK, EQ, 27-Nov-2025,106.46,107.89,108.45,106.51,108.1,108.17,107.65,3089657,3326.15,18665, 1626195, 52.63
JAGRAN, EQ, 27-Nov-2025,69.96,70.3,70.6,69.45,69.99,69.91,70.07,64356,45.09,1122, 43353, 67.36
JAGSNPHARM, EQ, 27-Nov-2025,203.34,204.48,205.13,200.25,204.5,203.73,202.22,35759,72.31,1132, 23532, 65.81
JAIBALAJI, EQ, 27-Nov-2025,68.54,68.64,69.27,67.53,68.7,68.54,68.42,908613,621.7,10939, 421048, 46.34
JAICORPLTD, EQ, 27-Nov-2025,143.01,143.9,147.32,142.1,142.72,143.25,144.18,627050,904.1,6578, 197732, 31.53
JAINREC, EQ, 27-Nov-2025,399.0,402.45,406.3,390.4,392.45,394.45,396.98,1259059,4998.21,26981, 540887, 42.96
JAIPURKURT, EQ, 27-Nov-2025,31.56,31.99,32.98,31.98,32.6,32.57,32.49,4708,1.53,71, 3078, 65.38
JAMNAAUTO, EQ, 27-Nov-2025,109.57,109.0,115.6,108.11,114.02,114.25,113.86,8841419,10066.66,50853, 3378564, 38.21
JARO, EQ, 27-Nov-2025,661.55,665.0,678.6,655.0,660.8,659.35,662.21,63550,420.83,5925, 14902, 23.45
JASH, EQ, 27-Nov-2025,468.55,468.8,471.0,460.1,465.0,464.4,463.82,36515,169.36,2529, 18105, 49.58
JAYAGROGN, EQ, 27-Nov-2025,214.45,215.18,218.39,212.0,212.4,212.7,215.27,17743,38.2,1838, 9253, 52.15
JAYBARMARU, EQ, 27-Nov-2025,89.05,89.5,91.8,89.02,90.0,89.88,90.32,61172,55.25,1172, 30511, 49.88
JAYNECOIND, EQ, 27-Nov-2025,71.9,72.11,72.9,70.75,72.22,72.4,71.91,3757139,2701.92,11537, 1538485, 40.95
JAYSREETEA, EQ, 27-Nov-2025,92.91,93.25,93.79,92.3,92.67,92.4,92.72,21016,19.49,348, 15108, 71.89
JBCHEPHARM, EQ, 27-Nov-2025,1780.9,1780.9,1788.5,1765.0,1770.4,1773.3,1778.27,39150,696.19,3183, 13020, 33.26
JBMA, EQ, 27-Nov-2025,617.25,620.6,624.45,615.0,620.0,618.15,620.32,87641,543.66,5528, 30173, 34.43
JCHAC, EQ, 27-Nov-2025,1716.0,1716.0,1722.0,1643.5,1658.2,1653.1,1677.57,30162,505.99,2001, 20965, 69.51
JETFREIGHT, EQ, 27-Nov-2025,17.9,18.0,20.18,16.66,18.55,18.67,18.95,909983,172.41,4157, 393155, 43.20
JGCHEM, EQ, 27-Nov-2025,407.5,404.65,412.85,400.35,400.5,403.25,406.55,46490,189.0,2191, 19322, 41.56
JHS, EQ, 27-Nov-2025,11.31,11.02,11.34,10.87,10.87,10.95,11.08,133293,14.77,437, 113068, 84.83
JINDALPHOT, EQ, 27-Nov-2025,1471.6,1490.0,1490.0,1425.0,1428.1,1427.3,1445.1,11151,161.14,1095, 6266, 56.19
JINDALPOLY, EQ, 27-Nov-2025,527.05,527.05,537.0,520.1,525.0,523.45,526.34,20349,107.11,1181, 10073, 49.50
JINDALSAW, EQ, 27-Nov-2025,167.02,168.0,169.55,165.91,166.6,166.72,167.09,922190,1540.92,12672, 447185, 48.49
JINDALSTEL, EQ, 27-Nov-2025,1042.4,1047.9,1053.1,1034.2,1041.0,1041.1,1041.01,893056,9296.79,22366, 336868, 37.72
JINDRILL, EQ, 27-Nov-2025,568.35,568.5,573.95,563.0,565.1,566.05,569.17,99708,567.51,2298, 61037, 61.22
JINDWORLD, EQ, 27-Nov-2025,33.09,33.24,33.65,33.03,33.37,33.36,33.36,341649,113.97,2425, 137137, 40.14
JIOFIN, EQ, 27-Nov-2025,308.0,309.0,309.8,305.0,306.45,306.45,307.25,5565162,17098.75,59698, 2119982, 38.09
JISLDVREQS, EQ, 27-Nov-2025,29.21,29.69,29.7,28.84,28.84,28.95,29.1,8559,2.49,122, 6826, 79.75
JISLJALEQS, EQ, 27-Nov-2025,45.82,46.3,46.71,45.6,45.89,45.98,46.2,1033974,477.71,4732, 556815, 53.85
JKCEMENT, EQ, 27-Nov-2025,5925.0,5925.0,6027.5,5790.0,5845.0,5841.0,5885.89,108836,6405.97,24030, 36038, 33.11
JKIL, EQ, 27-Nov-2025,589.4,590.0,595.3,586.0,586.1,586.95,589.34,51286,302.25,2470, 29171, 56.88
JKIPL, EQ, 27-Nov-2025,111.23,113.0,113.87,111.5,113.77,112.18,112.06,45810,51.33,809, 26682, 58.24
JKLAKSHMI, EQ, 27-Nov-2025,764.6,774.6,774.6,756.2,762.55,760.25,762.47,108918,830.47,8997, 59788, 54.89
JKPAPER, EQ, 27-Nov-2025,366.65,368.6,368.6,364.05,366.65,365.6,366.27,66413,243.25,2814, 24036, 36.19
JKTYRE, EQ, 27-Nov-2025,456.0,456.0,459.0,445.0,449.15,448.3,448.92,485198,2178.14,18544, 150195, 30.96
JLHL, EQ, 27-Nov-2025,1478.4,1477.9,1477.9,1436.1,1465.0,1460.9,1453.94,23027,334.8,7137, 10840, 47.08
JMA, EQ, 27-Nov-2025,88.02,88.02,89.0,86.2,86.3,86.79,86.78,10471,9.09,223, 6665, 63.65
JMFINANCIL, EQ, 27-Nov-2025,145.56,146.01,149.39,144.72,146.48,146.41,146.86,3768711,5534.71,35143, 1431524, 37.98
JNKINDIA, EQ, 27-Nov-2025,254.75,255.0,259.7,251.0,254.0,251.6,254.53,87909,223.75,2805, 51805, 58.93
JOCIL, EQ, 27-Nov-2025,152.48,152.48,158.9,148.56,153.75,154.09,154.69,12654,19.57,295, 9625, 76.06
JPOLYINVST, EQ, 27-Nov-2025,972.4,970.0,1004.15,970.0,976.0,977.6,985.12,4109,40.48,519, 2654, 64.59
JPPOWER, EQ, 27-Nov-2025,19.22,19.24,19.35,18.43,18.68,18.65,18.91,91293432,17263.38,61757, 26302463, 28.81
JSFB, EQ, 27-Nov-2025,453.5,456.0,456.2,445.25,452.15,451.2,450.17,135084,608.1,3108, 100514, 74.41
JSL, EQ, 27-Nov-2025,764.15,768.0,776.0,764.15,772.0,772.45,770.58,321521,2477.58,25202, 178609, 55.55
JSLL, EQ, 27-Nov-2025,743.35,752.95,754.25,728.55,733.0,731.4,739.38,208458,1541.3,13878, 106025, 50.86
JSWCEMENT, EQ, 27-Nov-2025,115.93,116.26,118.23,115.95,116.72,116.86,117.36,3957764,4644.82,44378, 2559764, 64.68
JSWENERGY, EQ, 27-Nov-2025,487.25,489.0,490.2,480.65,487.6,488.0,485.65,2266552,11007.47,23814, 1211119, 53.43
JSWHL, EQ, 27-Nov-2025,19334.0,19500.0,20179.0,19260.0,19505.0,19822.0,19831.67,9990,1981.18,3937, 2441, 24.43
JSWINFRA, EQ, 27-Nov-2025,269.75,270.2,275.5,269.4,270.0,269.85,272.09,1097324,2985.71,19100, 482208, 43.94
JSWSTEEL, EQ, 27-Nov-2025,1154.4,1159.0,1163.0,1136.3,1157.9,1160.6,1148.43,2342042,26896.76,53804, 1207737, 51.57
JTEKTINDIA, EQ, 27-Nov-2025,150.08,150.3,151.8,148.87,151.55,151.34,150.08,80203,120.37,1623, 44903, 55.99
JTLIND, EQ, 27-Nov-2025,68.14,68.14,69.0,65.86,67.02,67.08,67.24,867909,583.6,7464, 297206, 34.24
JUBLFOOD, EQ, 27-Nov-2025,605.0,605.0,612.9,602.75,606.0,606.65,608.26,922708,5612.42,24602, 432376, 46.86
JUBLINGREA, EQ, 27-Nov-2025,729.0,729.0,730.0,707.05,712.2,711.95,712.37,285873,2036.47,13475, 139443, 48.78
JUBLPHARMA, EQ, 27-Nov-2025,1105.2,1105.2,1108.7,1089.9,1102.2,1100.8,1098.0,61593,676.29,8527, 31838, 51.69
JUNIORBEES, EQ, 27-Nov-2025,743.82,748.0,748.0,741.1,742.5,742.88,743.71,234579,1744.6,9099, 131728, 56.16
JUNIPER, EQ, 27-Nov-2025,242.7,240.5,244.0,239.2,243.45,242.75,241.17,69557,167.75,1656, 35328, 50.79
JUSTDIAL, EQ, 27-Nov-2025,745.05,745.2,751.95,732.6,734.5,735.35,740.59,71567,530.02,4446, 41715, 58.29
JWL, EQ, 27-Nov-2025,291.95,295.25,300.45,291.05,291.8,292.35,295.24,656108,1937.12,16944, 182529, 27.82
JYOTHYLAB, EQ, 27-Nov-2025,308.3,308.3,309.9,303.25,305.0,304.9,305.59,131506,401.87,12686, 68260, 51.91
JYOTICNC, EQ, 27-Nov-2025,1041.75,1041.75,1046.45,1030.0,1033.95,1039.35,1038.74,575255,5975.38,13312, 434371, 75.51
JYOTISTRUC, EQ, 27-Nov-2025,11.25,11.53,11.68,11.3,11.41,11.43,11.47,6742226,773.04,8735, 2388085, 35.42
KABRAEXTRU, EQ, 27-Nov-2025,237.66,238.35,241.46,236.0,238.27,238.57,238.86,11628,27.77,599, 7063, 60.74
KAJARIACER, EQ, 27-Nov-2025,1096.0,1100.0,1108.1,1077.5,1081.0,1082.2,1086.14,83934,911.64,9573, 49519, 59.00
KAKATCEM, EQ, 27-Nov-2025,137.03,135.0,141.85,135.0,138.06,138.58,138.74,630,0.87,94, 403, 63.97
KALAMANDIR, EQ, 27-Nov-2025,166.91,167.99,168.03,165.16,165.6,166.02,166.56,471369,785.11,4360, 169182, 35.89
KALPATARU, EQ, 27-Nov-2025,357.85,358.95,361.4,348.05,349.05,349.25,351.87,54822,192.9,2320, 37179, 67.82
KALYANIFRG, EQ, 27-Nov-2025,664.1,671.0,671.0,630.2,632.4,638.55,650.3,1736,11.29,235, 979, 56.39
KALYANKJIL, EQ, 27-Nov-2025,497.55,500.0,500.0,490.1,494.85,493.9,494.44,827820,4093.05,22239, 241024, 29.12
KAMATHOTEL, EQ, 27-Nov-2025,245.3,245.2,249.5,238.3,241.9,242.6,242.75,70015,169.96,3252, 35501, 50.70
KAMDHENU, EQ, 27-Nov-2025,26.14,26.14,26.29,25.93,26.18,26.2,26.14,217934,56.96,1035, 147547, 67.70
KAMOPAINTS, EQ, 27-Nov-2025,6.96,6.99,7.18,6.99,7.09,7.07,7.08,430817,30.51,1223, 253575, 58.86
KANANIIND, EQ, 27-Nov-2025,1.75,1.76,1.78,1.62,1.75,1.73,1.74,239398,4.16,334, 189000, 78.95
KANORICHEM, EQ, 27-Nov-2025,75.81,76.0,76.5,75.11,76.0,75.55,76.06,8745,6.65,81, 6804, 77.80
KANPRPLA, EQ, 27-Nov-2025,204.03,205.88,208.0,203.6,205.0,204.92,205.85,7241,14.91,568, 4111, 56.77
KANSAINER, EQ, 27-Nov-2025,234.01,234.6,237.75,232.98,236.52,236.73,236.07,301294,711.25,12485, 162611, 53.97
KAPSTON, EQ, 27-Nov-2025,311.45,314.5,314.5,301.5,303.45,302.85,304.68,34326,104.59,1311, 19416, 56.56
KARURVYSYA, EQ, 27-Nov-2025,251.84,252.0,253.39,248.55,251.25,251.33,250.74,1535938,3851.15,18464, 873885, 56.90
KAYA, EQ, 27-Nov-2025,410.8,429.0,429.0,400.0,407.7,402.55,406.18,3308,13.44,226, 2572, 77.75
KAYNES, EQ, 27-Nov-2025,5796.5,5828.0,5838.0,5543.5,5588.0,5573.5,5612.77,1546834,86820.28,121025, 653683, 42.26
KCP, EQ, 27-Nov-2025,185.07,183.2,186.5,183.2,186.0,185.91,184.75,48250,89.14,1049, 29582, 61.31
KCPSUGIND, EQ, 27-Nov-2025,27.78,27.78,27.97,27.1,27.17,27.27,27.41,47908,13.13,557, 27860, 58.15
KDDL, EQ, 27-Nov-2025,2503.0,2503.0,2523.9,2447.2,2475.0,2478.5,2469.93,21632,534.3,3163, 13924, 64.37
KEC, EQ, 27-Nov-2025,700.55,705.95,711.9,694.0,695.0,696.9,702.6,1033999,7264.91,64014, 546256, 52.83
KECL, EQ, 27-Nov-2025,106.49,106.38,107.82,106.06,107.0,106.63,106.88,68524,73.24,1295, 42273, 61.69
KEEPLEARN, EQ, 27-Nov-2025,2.43,2.56,2.56,2.4,2.55,2.47,2.46,31453,0.77,116, 25766, 81.92
KEI, EQ, 27-Nov-2025,4133.1,4150.0,4150.0,4092.7,4144.0,4135.7,4121.14,92208,3800.02,11065, 44137, 47.87
KELLTONTEC, EQ, 27-Nov-2025,19.32,19.35,19.95,19.25,19.38,19.4,19.46,1958043,381.09,5889, 861754, 44.01
KERNEX, EQ, 27-Nov-2025,1180.4,1195.0,1205.3,1155.0,1158.9,1158.2,1180.34,119836,1414.48,6804, 73039, 60.95
KESORAMIND, EQ, 27-Nov-2025,5.21,5.29,5.5,5.15,5.3,5.31,5.25,775798,40.7,1176, 400084, 51.57
KEYFINSERV, EQ, 27-Nov-2025,288.45,284.15,298.8,278.05,288.0,281.55,282.7,2058,5.82,305, 1086, 52.77
KFINTECH, EQ, 27-Nov-2025,1070.5,1076.0,1078.0,1061.0,1065.7,1065.5,1066.13,301938,3219.06,17910, 170850, 56.58
KHADIM, EQ, 27-Nov-2025,210.99,211.01,212.96,208.0,210.0,209.59,209.6,15448,32.38,840, 7718, 49.96
KHAICHEM, EQ, 27-Nov-2025,86.13,86.68,87.75,84.15,84.65,84.67,85.59,133019,113.85,1922, 81784, 61.48
KHAITANLTD, EQ, 27-Nov-2025,102.69,102.7,111.9,101.4,102.23,102.38,104.32,4208,4.39,97, 2811, 66.80
KHANDSE, EQ, 27-Nov-2025,22.01,22.12,22.38,21.8,22.38,22.38,22.15,3343,0.74,21, 2972, 88.90
KICL, EQ, 27-Nov-2025,5133.5,5128.5,5181.0,5106.0,5150.0,5166.0,5158.14,8095,417.55,507, 6906, 85.31
KILITCH, EQ, 27-Nov-2025,353.9,355.0,362.25,352.95,353.5,355.05,356.08,13051,46.47,767, 4683, 35.88
KIMS, EQ, 27-Nov-2025,684.15,684.0,688.95,678.3,684.0,683.45,683.7,173236,1184.42,19277, 103404, 59.69
KIOCL, EQ, 27-Nov-2025,354.3,364.8,372.0,362.0,372.0,372.0,369.8,83261,307.9,1303, 62038, 74.51
KIRIINDUS, EQ, 27-Nov-2025,578.95,578.4,586.9,572.85,581.5,581.95,580.88,347276,2017.27,7415, 131019, 37.73
KIRLOSBROS, EQ, 27-Nov-2025,1707.5,1720.0,1721.7,1680.0,1691.8,1687.2,1695.02,27969,474.08,5064, 14977, 53.55
KIRLOSENG, EQ, 27-Nov-2025,1147.85,1147.75,1162.55,1128.15,1142.95,1141.7,1143.19,124251,1420.43,12664, 51779, 41.67
KIRLOSIND, EQ, 27-Nov-2025,3525.9,3529.4,3575.0,3525.2,3550.0,3543.8,3546.47,2430,86.18,564, 1275, 52.47
KIRLPNU, EQ, 27-Nov-2025,1092.6,1095.0,1095.0,1074.5,1081.9,1080.7,1084.52,27705,300.47,3936, 17217, 62.14
KITEX, EQ, 27-Nov-2025,211.92,210.1,213.68,208.32,209.03,209.37,210.3,625075,1314.53,5952, 190332, 30.45
KKCL, EQ, 27-Nov-2025,502.9,502.9,504.0,490.0,490.05,492.65,498.24,17846,88.92,989, 9390, 52.62
KMEW, EQ, 27-Nov-2025,2744.8,2758.6,2916.0,2751.5,2761.0,2768.4,2830.53,103026,2916.18,14646, 22754, 22.09
KMSUGAR, EQ, 27-Nov-2025,27.3,27.43,27.49,27.21,27.28,27.35,27.34,23111,6.32,247, 17191, 74.38
KNRCON, EQ, 27-Nov-2025,163.97,164.0,165.26,161.85,162.0,162.24,163.37,561750,917.76,8217, 279981, 49.84
KOHINOOR, EQ, 27-Nov-2025,28.4,29.15,29.87,28.21,29.2,29.58,29.21,99798,29.15,1893, 30164, 30.23
KOKUYOCMLN, EQ, 27-Nov-2025,94.39,94.5,95.94,94.5,95.0,95.43,95.4,12559,11.98,437, 7887, 62.80
KOLTEPATIL, EQ, 27-Nov-2025,383.3,384.0,388.25,376.0,377.1,379.45,380.61,35246,134.15,1901, 18559, 52.66
KOPRAN, EQ, 27-Nov-2025,133.54,133.85,140.49,133.42,136.0,136.66,137.28,335865,461.09,6175, 123088, 36.65
KOTAKBANK, EQ, 27-Nov-2025,2103.8,2104.0,2130.5,2091.4,2112.6,2110.2,2110.02,4029795,85029.32,165899, 2715244, 67.38
KOTARISUG, EQ, 27-Nov-2025,28.55,28.55,29.18,28.16,28.8,28.75,28.67,31137,8.93,518, 21325, 68.49
KOTHARIPET, EQ, 27-Nov-2025,139.46,139.46,142.1,138.07,139.4,139.23,140.4,25938,36.42,1482, 13849, 53.39
KOTHARIPRO, EQ, 27-Nov-2025,82.09,84.21,84.52,78.44,78.85,78.88,79.98,25381,20.3,1329, 18500, 72.89
KPEL, EQ, 27-Nov-2025,392.45,396.0,400.0,380.0,384.85,381.95,387.47,305568,1183.99,9001, 159723, 52.27
KPIGREEN, EQ, 27-Nov-2025,443.05,443.05,443.65,436.0,440.0,438.85,439.14,333192,1463.17,12708, 151832, 45.57
KPIL, EQ, 27-Nov-2025,1225.0,1226.0,1233.9,1202.0,1207.0,1208.8,1215.39,98453,1196.59,10142, 47110, 47.85
KPITTECH, EQ, 27-Nov-2025,1194.9,1194.5,1222.0,1194.0,1219.0,1218.9,1213.03,750796,9107.4,31304, 353538, 47.09
KPRMILL, EQ, 27-Nov-2025,1095.7,1097.0,1101.5,1076.2,1080.0,1081.4,1085.22,150234,1630.37,9626, 67329, 44.82
KRBL, EQ, 27-Nov-2025,413.5,414.0,419.2,405.95,409.0,409.85,410.64,376835,1547.43,10045, 116693, 30.97
KREBSBIO, EQ, 27-Nov-2025,65.35,68.0,68.0,64.18,65.01,65.17,66.02,4699,3.1,62, 3652, 77.72
KRIDHANINF, EQ, 27-Nov-2025,3.82,3.95,4.05,3.79,3.9,3.97,3.94,221520,8.74,279, 149581, 67.52
KRISHANA, EQ, 27-Nov-2025,505.25,507.25,508.5,499.7,500.5,501.65,503.23,14911,75.04,821, 8812, 59.10
KRISHIVAL, EQ, 27-Nov-2025,476.0,476.35,484.0,476.1,484.0,478.95,478.58,52898,253.16,344, 7294, 13.79
KRITI, EQ, 27-Nov-2025,92.4,91.83,94.57,90.5,90.6,90.79,91.65,13003,11.92,559, 9215, 70.87
KRITIKA, EQ, 27-Nov-2025,7.42,7.42,7.55,7.42,7.5,7.47,7.49,419978,31.45,624, 397096, 94.55
KRITINUT, EQ, 27-Nov-2025,80.37,81.79,81.79,80.25,81.1,81.04,81.12,10174,8.25,281, 7751, 76.18
KRN, EQ, 27-Nov-2025,829.3,829.7,834.05,820.0,824.0,822.95,824.65,56215,463.58,3997, 27098, 48.20
KRONOX, EQ, 27-Nov-2025,143.75,142.05,145.3,142.05,142.5,143.04,143.74,40730,58.55,1007, 21709, 53.30
KROSS, EQ, 27-Nov-2025,158.76,158.85,165.37,158.8,160.0,161.04,162.44,420610,683.26,6300, 212362, 50.49
KRSNAA, EQ, 27-Nov-2025,811.45,812.0,816.95,805.25,815.0,814.95,812.44,22804,185.27,2296, 15488, 67.92
KRYSTAL, EQ, 27-Nov-2025,555.55,557.25,566.5,538.2,547.0,551.15,553.65,51676,286.1,2000, 35244, 68.20
KSB, EQ, 27-Nov-2025,740.15,742.0,745.95,730.45,743.0,741.6,739.44,38877,287.47,3927, 27213, 70.00
KSCL, EQ, 27-Nov-2025,972.7,979.4,982.0,960.5,981.5,979.8,972.83,76520,744.41,7241, 34750, 45.41
KSHITIJPOL, EQ, 27-Nov-2025,2.63,2.64,2.68,2.48,2.52,2.53,2.59,126766,3.28,280, 98739, 77.89
KSL, EQ, 27-Nov-2025,774.95,775.0,784.45,768.2,768.2,770.2,774.48,16363,126.73,1076, 9889, 60.44
KSOLVES, EQ, 27-Nov-2025,302.95,302.95,307.5,297.0,301.95,298.55,300.56,27391,82.33,1820, 17560, 64.11
KTKBANK, EQ, 27-Nov-2025,210.95,215.79,220.4,211.05,214.79,213.76,215.17,18145473,39043.65,105615, 3075572, 16.95
KUANTUM, EQ, 27-Nov-2025,98.85,98.31,100.86,95.95,97.1,96.64,98.94,91910,90.94,1240, 73079, 79.51
LAGNAM, EQ, 27-Nov-2025,76.46,76.1,78.0,76.1,76.7,76.68,76.94,2577,1.98,58, 2216, 85.99
LAL, EQ, 27-Nov-2025,9.37,9.37,9.8,9.01,9.45,9.42,9.35,22160,2.07,178, 12943, 58.41
LALPATHLAB, EQ, 27-Nov-2025,3098.1,3117.0,3138.8,3098.1,3120.0,3114.5,3115.53,51080,1591.41,7477, 25476, 49.87
LAMBODHARA, EQ, 27-Nov-2025,133.72,134.4,134.88,132.31,133.0,133.46,133.57,8497,11.35,592, 4990, 58.73
LANDMARK, EQ, 27-Nov-2025,540.85,540.75,544.25,533.05,536.5,534.95,536.79,36558,196.24,1626, 25564, 69.93
LAOPALA, EQ, 27-Nov-2025,221.35,220.15,222.53,216.51,220.0,218.68,218.65,31173,68.16,3664, 19692, 63.17
LATENTVIEW, EQ, 27-Nov-2025,493.65,496.0,500.95,483.9,484.6,485.9,491.65,495436,2435.81,17736, 165432, 33.39
LAURUSLABS, EQ, 27-Nov-2025,986.6,990.0,1011.9,981.1,1007.0,1003.2,1002.7,2606483,26135.19,73861, 1101711, 42.27
LAXMICOT, EQ, 27-Nov-2025,19.96,20.0,20.89,19.97,20.74,20.74,20.73,19679,4.08,113, 9545, 48.50
LAXMIDENTL, EQ, 27-Nov-2025,280.65,283.5,284.35,279.0,280.0,280.05,280.42,83184,233.27,2858, 43937, 52.82
LAXMIINDIA, EQ, 27-Nov-2025,135.38,136.25,139.28,134.33,135.9,135.88,136.71,259041,354.13,2608, 105778, 40.83
LCCINFOTEC, EQ, 27-Nov-2025,5.12,5.37,5.37,4.92,5.36,5.32,5.33,306693,16.34,419, 190129, 61.99
LEMONTREE, EQ, 27-Nov-2025,151.54,152.0,154.8,151.51,154.15,154.35,153.65,1729406,2657.25,27432, 821021, 47.47
LENSKART, EQ, 27-Nov-2025,405.0,405.5,410.0,401.15,408.5,407.7,406.09,1556591,6321.19,23547, 441164, 28.34
LFIC, EQ, 27-Nov-2025,193.11,199.0,199.0,193.05,195.0,194.99,194.65,121,0.24,9, 73, 60.33
LGBBROSLTD, EQ, 27-Nov-2025,1879.4,1894.9,1919.9,1829.4,1851.3,1853.5,1884.64,127039,2394.22,13186, 45114, 35.51
LGEINDIA, EQ, 27-Nov-2025,1640.6,1643.0,1652.0,1623.1,1630.0,1630.3,1632.8,649257,10601.05,33787, 405215, 62.41
LGHL, EQ, 27-Nov-2025,276.25,279.45,290.05,276.0,289.5,288.6,284.96,184096,524.6,2057, 24363, 13.23
LIBAS, EQ, 27-Nov-2025,11.29,11.3,11.57,11.11,11.11,11.14,11.28,22332,2.52,118, 16389, 73.39
LIBERTSHOE, EQ, 27-Nov-2025,297.25,302.35,302.35,298.0,299.15,300.5,300.52,6285,18.89,456, 3314, 52.73
LICHSGFIN, EQ, 27-Nov-2025,555.8,556.7,557.55,548.1,550.8,550.25,551.09,913611,5034.85,14807, 625468, 68.46
LICI, EQ, 27-Nov-2025,894.8,896.0,902.0,891.25,899.5,900.25,896.03,1688227,15127.09,31154, 1049521, 62.17
LICMFGOLD, EQ, 27-Nov-2025,11300.6,11216.6,11367.7,11216.6,11271.4,11318.35,11328.08,3313,375.3,269, 2704, 81.62
LICNETFGSC, EQ, 27-Nov-2025,28.82,28.9,28.9,28.77,28.81,28.8,28.8,193006,55.58,170, 192199, 99.58
LICNETFN50, EQ, 27-Nov-2025,290.56,291.44,292.14,290.64,290.78,290.7,291.19,746,2.17,32, 554, 74.26
LICNETFSEN, EQ, 27-Nov-2025,955.57,959.0,961.45,942.5,942.5,955.07,955.37,225,2.15,16, 205, 91.11
LICNFNHGP, EQ, 27-Nov-2025,288.36,291.98,291.98,286.93,286.93,286.93,287.95,324,0.93,33, 150, 46.30
LICNMID100, EQ, 27-Nov-2025,60.47,60.94,60.94,60.21,60.51,60.38,60.52,13797,8.35,100, 13266, 96.15
LIKHITHA, EQ, 27-Nov-2025,202.45,202.2,203.52,190.36,191.26,192.61,194.4,248240,482.57,7457, 134716, 54.27
LINC, EQ, 27-Nov-2025,118.1,118.38,120.1,118.1,119.0,119.1,119.1,9170,10.92,312, 5931, 64.68
LINCOLN, EQ, 27-Nov-2025,516.15,519.7,520.35,511.0,513.6,515.75,514.45,16060,82.62,990, 11298, 70.35
LINDEINDIA, EQ, 27-Nov-2025,5908.0,5966.0,6035.0,5925.0,6029.0,6022.5,6004.53,36102,2167.76,8758, 13495, 37.38
LIQGRWBEES, EQ, 27-Nov-2025,1017.53,1017.65,1017.67,1017.65,1017.67,1017.66,1017.66,24639,250.74,46, 15501, 62.91
LIQUID, EQ, 27-Nov-2025,999.99,999.99,1000.0,999.99,1000.0,999.99,1000.0,145950,1459.49,159, 47464, 32.52
LIQUID1, EQ, 27-Nov-2025,1079.57,1079.71,1079.73,1079.71,1079.73,1079.72,1079.72,480230,5185.14,285, 411732, 85.74
LIQUIDADD, EQ, 27-Nov-2025,1101.73,1101.9,1101.9,1101.87,1101.87,1101.87,1101.89,776121,8551.97,263, 618714, 79.72
LIQUIDBEES, EQ, 27-Nov-2025,999.99,1000.0,1000.01,999.99,1000.0,999.99,1000.0,3168144,31681.28,3658, 2839313, 89.62
LIQUIDBETF, EQ, 27-Nov-2025,1058.19,1058.33,1058.33,1058.31,1058.33,1058.31,1058.32,478050,5059.28,143, 320612, 67.07
LIQUIDCASE, EQ, 27-Nov-2025,111.55,111.58,111.58,111.56,111.58,111.57,111.57,9660903,10779.11,7987, 8742896, 90.50
LIQUIDETF, EQ, 27-Nov-2025,1000.0,1000.01,1000.01,999.99,1000.0,1000.0,1000.0,46542,465.42,162, 29976, 64.41
LIQUIDIETF, EQ, 27-Nov-2025,999.99,1000.01,1000.01,999.99,1000.0,999.99,1000.0,524515,5245.15,154, 331669, 63.23
LIQUIDPLUS, EQ, 27-Nov-2025,1061.17,1061.33,1061.33,1061.31,1061.33,1061.31,1061.32,98643,1046.92,65, 61542, 62.39
LIQUIDSBI, EQ, 27-Nov-2025,1000.01,1000.01,1000.01,999.99,1000.01,1000.01,1000.0,6574,65.74,22, 3826, 58.20
LIQUIDSHRI, EQ, 27-Nov-2025,1080.93,1081.08,1081.1,1081.08,1081.09,1081.09,1081.09,4868,52.63,21, 4254, 87.39
LLOYDSENGG, EQ, 27-Nov-2025,54.19,54.35,55.39,53.6,54.0,53.97,54.22,1828842,991.54,10060, 845454, 46.23
LLOYDSENT, EQ, 27-Nov-2025,58.26,58.9,59.45,57.01,58.89,57.64,58.14,868945,505.18,8476, 381531, 43.91
LLOYDSME, EQ, 27-Nov-2025,1241.0,1249.1,1277.0,1219.4,1227.4,1228.9,1245.14,373699,4653.08,24889, 132761, 35.53
LMW, EQ, 27-Nov-2025,15477.0,15493.0,15493.0,15115.0,15153.0,15191.0,15264.93,1609,245.61,716, 810, 50.34
LODHA, EQ, 27-Nov-2025,1163.6,1167.6,1172.0,1151.2,1156.4,1156.6,1159.85,598418,6940.73,26729, 344792, 57.62
LOKESHMACH, EQ, 27-Nov-2025,161.21,161.0,168.0,152.1,153.4,153.19,158.66,187053,296.77,6241, 105244, 56.26
LORDSCHLO, EQ, 27-Nov-2025,178.68,184.9,184.9,179.0,179.0,179.35,180.54,7424,13.4,377, 4792, 64.55
LOTUSDEV, EQ, 27-Nov-2025,169.42,170.9,171.46,168.25,168.85,168.82,169.99,178088,302.74,2633, 91040, 51.12
LOVABLE, EQ, 27-Nov-2025,82.96,85.8,85.84,83.23,85.84,85.03,84.59,9323,7.89,432, 5668, 60.80
LOWVOL, EQ, 27-Nov-2025,215.87,215.87,216.44,214.77,215.57,215.57,215.98,1013,2.19,20, 674, 66.54
LOWVOL1, EQ, 27-Nov-2025,21.95,21.95,22.09,21.92,21.96,21.96,22.03,21276,4.69,102, 11264, 52.94
LOWVOLIETF, EQ, 27-Nov-2025,23.18,23.27,23.27,23.04,23.09,23.09,23.06,2031866,468.58,1126, 1882708, 92.66
LOYALTEX, EQ, 27-Nov-2025,220.0,220.0,220.0,216.0,219.0,219.0,217.83,201,0.44,16, 200, 99.50
LPDC, EQ, 27-Nov-2025,9.0,9.18,9.3,7.81,8.04,8.05,8.35,1187842,99.17,3556, 302662, 25.48
LT, EQ, 27-Nov-2025,4062.0,4071.0,4140.0,4059.6,4080.0,4081.3,4103.11,2225064,91296.85,160848, 1097959, 49.35
LTF, EQ, 27-Nov-2025,307.6,308.9,310.05,305.4,308.9,308.25,307.63,4988540,15346.36,67341, 2268905, 45.48
LTFOODS, EQ, 27-Nov-2025,405.0,405.95,409.5,404.0,405.0,404.95,406.33,250647,1018.46,13920, 115150, 45.94
LTGILTBEES, EQ, 27-Nov-2025,29.24,29.28,29.3,29.2,29.28,29.24,29.23,2272108,664.13,950, 1351991, 59.50
LTGILTCASE, EQ, 27-Nov-2025,29.79,30.4,30.4,29.2,29.77,29.8,29.86,93220,27.84,158, 58923, 63.21
LTIM, EQ, 27-Nov-2025,5890.0,5917.0,6049.0,5862.5,6010.5,6025.5,5968.07,258165,15407.46,32088, 123560, 47.86
LTTS, EQ, 27-Nov-2025,4275.9,4299.9,4400.0,4266.9,4380.0,4385.2,4356.17,105874,4612.05,14304, 42049, 39.72
LUMAXIND, EQ, 27-Nov-2025,5479.6,5510.0,5523.4,5370.0,5379.1,5391.8,5430.57,17363,942.91,5382, 5136, 29.58
LUMAXTECH, EQ, 27-Nov-2025,1505.2,1505.2,1514.6,1481.5,1493.0,1499.5,1499.5,129785,1946.13,16031, 46687, 35.97
LUPIN, EQ, 27-Nov-2025,2071.6,2077.2,2083.9,2060.2,2074.0,2071.4,2071.97,684337,14179.28,29090, 439593, 64.24
LUXIND, EQ, 27-Nov-2025,1164.2,1170.3,1245.0,1164.1,1186.1,1205.0,1226.57,371099,4551.77,17737, 39794, 10.72
LXCHEM, EQ, 27-Nov-2025,182.42,183.0,184.59,181.0,181.23,181.59,182.3,164231,299.4,4125, 92037, 56.04
LYKALABS, EQ, 27-Nov-2025,82.87,83.5,84.95,80.3,81.79,80.73,81.86,17184,14.07,627, 10805, 62.88
LYPSAGEMS, EQ, 27-Nov-2025,5.04,5.11,5.29,5.05,5.19,5.14,5.21,79655,4.15,356, 45649, 57.31
M&M, EQ, 27-Nov-2025,3686.4,3701.5,3717.6,3665.0,3679.0,3681.2,3684.9,1993274,73450.23,125917, 1191871, 59.79
M&MFIN, EQ, 27-Nov-2025,349.85,351.0,365.0,350.25,364.0,363.65,359.08,3867503,13887.34,56445, 962882, 24.90
MAANALU, EQ, 27-Nov-2025,135.57,136.0,149.12,134.56,149.12,149.12,146.11,644350,941.43,4874, 319698, 49.62
MACPOWER, EQ, 27-Nov-2025,944.55,945.75,1002.0,944.0,952.1,961.65,977.5,37901,370.48,4053, 10106, 26.66
MADHAV, EQ, 27-Nov-2025,43.25,41.55,43.9,41.55,43.02,43.52,43.04,1524,0.66,51, 1261, 82.74
MADHUCON, EQ, 27-Nov-2025,6.0,6.12,6.3,6.08,6.08,6.13,6.21,31118,1.93,96, 21373, 68.68
MADRASFERT, EQ, 27-Nov-2025,76.86,78.5,78.6,77.24,78.4,77.84,77.94,33444,26.07,884, 18271, 54.63
MAFANG, EQ, 27-Nov-2025,169.8,173.23,173.23,169.16,173.2,173.04,171.94,560112,963.05,9286, 418781, 74.77
MAGADSUGAR, EQ, 27-Nov-2025,503.45,504.7,506.0,495.0,495.0,495.75,499.01,1704,8.5,276, 1032, 60.56
MAGNUM, EQ, 27-Nov-2025,24.41,24.75,24.75,23.51,23.7,24.22,24.15,21315,5.15,181, 12568, 58.96
MAHABANK, EQ, 27-Nov-2025,59.95,60.1,60.26,59.0,59.53,59.45,59.58,8692909,5179.19,34866, 3523447, 40.53
MAHAPEXLTD, EQ, 27-Nov-2025,89.02,89.01,91.29,87.3,89.9,89.12,88.9,1615,1.44,99, 1080, 66.87
MAHEPC, EQ, 27-Nov-2025,128.95,126.02,132.0,126.02,130.15,129.76,129.4,36042,46.64,1080, 19837, 55.04
MAHESHWARI, EQ, 27-Nov-2025,50.84,51.85,52.48,49.31,50.5,50.4,50.9,4711,2.4,102, 3500, 74.29
MAHKTECH, EQ, 27-Nov-2025,25.54,25.86,25.86,25.86,25.86,25.86,25.86,573334,148.26,3217, 532962, 92.96
MAHLIFE, EQ, 27-Nov-2025,405.75,406.75,417.85,401.25,417.05,416.1,413.06,367472,1517.87,13810, 214662, 58.42
MAHLOG, EQ, 27-Nov-2025,326.5,328.75,330.0,323.0,326.6,325.9,325.47,34858,113.45,1423, 21020, 60.30
MAHSCOOTER, EQ, 27-Nov-2025,14427.0,14427.0,14670.0,14342.0,14670.0,14618.0,14525.57,3103,450.73,1095, 1908, 61.49
MAHSEAMLES, EQ, 27-Nov-2025,579.45,580.0,583.8,571.6,575.0,575.1,574.64,485246,2788.41,7425, 422621, 87.09
MAITHANALL, EQ, 27-Nov-2025,964.8,964.9,975.0,949.0,950.2,951.3,957.46,23284,222.93,2014, 15630, 67.13
MAKEINDIA, EQ, 27-Nov-2025,155.23,155.46,155.84,154.37,154.77,154.98,155.0,18526,28.72,267, 15224, 82.18
MALLCOM, EQ, 27-Nov-2025,1252.9,1265.4,1265.4,1229.9,1249.0,1250.0,1241.03,3601,44.69,562, 2469, 68.56
MALUPAPER, EQ, 27-Nov-2025,37.4,37.4,38.48,37.4,37.8,37.8,37.99,14995,5.7,283, 7673, 51.17
MAMATA, EQ, 27-Nov-2025,420.7,423.65,423.9,419.05,422.7,420.6,420.5,62149,261.34,2510, 32531, 52.34
MANAKCOAT, EQ, 27-Nov-2025,141.45,141.86,144.71,137.19,143.0,143.86,141.13,237309,334.91,3264, 101652, 42.84
MANAKSIA, EQ, 27-Nov-2025,63.29,63.5,65.66,63.49,63.5,64.08,64.33,13154,8.46,274, 9744, 74.08
MANAKSTEEL, EQ, 27-Nov-2025,60.12,60.75,60.89,59.5,59.5,59.57,60.02,8850,5.31,199, 5735, 64.80
MANALIPETC, EQ, 27-Nov-2025,66.77,67.04,67.49,64.98,66.6,65.57,65.86,209369,137.89,1921, 101447, 48.45
MANAPPURAM, EQ, 27-Nov-2025,287.8,290.95,292.0,283.85,285.9,285.65,286.56,2835986,8126.82,24564, 926921, 32.68
MANBA, EQ, 27-Nov-2025,135.25,138.01,139.85,136.3,138.09,138.79,137.28,45631,62.64,665, 17055, 37.38
MANCREDIT, EQ, 27-Nov-2025,173.44,176.2,177.47,170.0,170.15,170.09,172.11,178889,307.89,1342, 149022, 83.30
MANGALAM, EQ, 27-Nov-2025,32.68,29.41,30.4,29.41,29.41,29.41,29.43,747703,220.06,1004, 437415, 58.50
MANGLMCEM, EQ, 27-Nov-2025,691.75,691.2,696.5,679.35,685.0,685.0,688.33,20452,140.78,1115, 11794, 57.67
MANINDS, EQ, 27-Nov-2025,484.7,487.0,487.0,467.25,473.85,472.45,472.4,408305,1928.84,11938, 151146, 37.02
MANINFRA, EQ, 27-Nov-2025,128.37,129.98,130.5,126.0,129.8,129.9,128.84,1256968,1619.54,14702, 650242, 51.73
MANKIND, EQ, 27-Nov-2025,2258.9,2274.0,2274.0,2224.1,2250.0,2249.3,2246.7,390084,8764.01,33567, 223725, 57.35
MANOMAY, EQ, 27-Nov-2025,230.02,230.0,259.0,230.0,251.1,253.21,246.08,545309,1341.87,8488, 123215, 22.60
MANORAMA, EQ, 27-Nov-2025,1305.0,1302.1,1313.8,1286.3,1288.0,1291.9,1295.11,72521,939.23,4941, 45830, 63.20
MANORG, EQ, 27-Nov-2025,460.45,466.2,487.0,462.7,487.0,483.9,476.68,6329,30.17,392, 4802, 75.87
MANUFGBEES, EQ, 27-Nov-2025,152.91,153.6,156.68,151.0,152.51,151.8,153.77,14448,22.22,112, 7559, 52.32
MANYAVAR, EQ, 27-Nov-2025,606.8,608.25,616.9,602.4,612.0,614.7,609.91,87828,535.67,12777, 33200, 37.80
MAPMYINDIA, EQ, 27-Nov-2025,1664.5,1675.2,1684.9,1651.2,1655.7,1659.6,1664.1,23964,398.78,3682, 11485, 47.93
MARALOVER, EQ, 27-Nov-2025,47.11,46.34,48.69,46.34,47.0,47.22,47.43,5733,2.72,102, 4101, 71.53
MARATHON, EQ, 27-Nov-2025,563.15,558.0,566.1,551.15,555.0,554.45,557.77,34750,193.82,1937, 20425, 58.78
MARICO, EQ, 27-Nov-2025,734.1,736.4,738.5,720.55,727.0,727.4,727.03,1934840,14066.95,51842, 1397024, 72.20
MARINE, EQ, 27-Nov-2025,229.8,232.65,234.95,227.0,229.5,229.7,230.5,369715,852.19,4609, 134456, 36.37
MARKOLINES, EQ, 27-Nov-2025,151.95,154.25,155.05,151.0,151.0,151.47,152.9,67105,102.6,1356, 17662, 26.32
MARKSANS, EQ, 27-Nov-2025,191.31,192.06,194.7,190.0,190.95,190.61,191.61,598794,1147.37,12397, 261990, 43.75
MARUTI, EQ, 27-Nov-2025,16156.0,16166.0,16171.0,15875.0,15912.0,15903.0,16003.54,339986,54409.81,71283, 227972, 67.05
MASFIN, EQ, 27-Nov-2025,307.5,309.0,309.9,302.0,303.35,304.4,305.33,61790,188.66,3528, 32982, 53.38
MASPTOP50, EQ, 27-Nov-2025,69.47,69.57,70.66,69.57,70.66,70.66,70.45,293095,206.5,2620, 235716, 80.42
MASTEK, EQ, 27-Nov-2025,2236.8,2241.6,2242.5,2205.1,2219.0,2214.5,2217.91,28202,625.49,5873, 13139, 46.59
MASTERTR, EQ, 27-Nov-2025,111.11,111.11,119.5,110.2,116.0,116.38,116.22,1221890,1420.06,14722, 200863, 16.44
MATRIMONY, EQ, 27-Nov-2025,488.0,485.05,501.45,485.05,496.95,495.7,494.37,4476,22.13,358, 3008, 67.20
MAWANASUG, EQ, 27-Nov-2025,83.04,82.8,84.0,82.21,82.89,82.64,82.94,16804,13.94,310, 11396, 67.82
MAXESTATES, EQ, 27-Nov-2025,477.85,482.45,486.0,470.1,482.0,481.85,480.12,116686,560.24,11687, 71273, 61.08
MAXHEALTH, EQ, 27-Nov-2025,1162.6,1171.6,1171.7,1155.5,1161.4,1161.8,1161.39,1423021,16526.82,60505, 844852, 59.37
MAXIND, EQ, 27-Nov-2025,205.14,205.14,208.66,204.5,205.19,205.41,206.64,20022,41.37,583, 13615, 68.00
MAYURUNIQ, EQ, 27-Nov-2025,499.3,499.3,504.1,496.05,497.05,500.85,500.31,24597,123.06,1654, 15642, 63.59
MAZDA, EQ, 27-Nov-2025,239.8,242.0,245.25,237.0,237.05,238.0,240.93,18317,44.13,996, 9688, 52.89
MAZDOCK, EQ, 27-Nov-2025,2696.5,2703.5,2721.6,2666.1,2673.0,2677.4,2691.54,500827,13479.97,29051, 152714, 30.49
MBAPL, EQ, 27-Nov-2025,402.15,401.75,402.8,388.05,390.05,393.15,396.82,38433,152.51,955, 11825, 30.77
MBEL, EQ, 27-Nov-2025,393.95,400.5,410.65,388.3,390.05,392.15,400.29,391227,1566.04,12446, 154728, 39.55
MBLINFRA, EQ, 27-Nov-2025,37.69,37.69,38.66,37.11,37.76,37.69,37.72,37253,14.05,680, 21793, 58.50
MCLOUD, EQ, 27-Nov-2025,36.96,33.26,33.26,33.26,33.26,33.26,33.26,3889952,1293.8,11385, 3889924, 100.00
MCX, EQ, 27-Nov-2025,10283.0,10310.5,10471.5,10258.5,10431.0,10424.5,10370.19,568790,58984.6,59112, 137265, 24.13
MEDANTA, EQ, 27-Nov-2025,1263.3,1269.5,1286.0,1241.1,1248.0,1250.0,1256.3,279472,3511.02,15498, 176020, 62.98
MEDIASSIST, EQ, 27-Nov-2025,497.9,500.0,500.0,484.0,487.25,487.3,489.67,121927,597.04,4678, 66734, 54.73
MEDICAMEQ, EQ, 27-Nov-2025,412.45,412.85,418.2,411.0,412.25,415.05,414.96,51354,213.1,2142, 30765, 59.91
MEDPLUS, EQ, 27-Nov-2025,786.8,782.55,790.35,782.2,787.2,788.4,787.49,47760,376.1,2804, 35409, 74.14
MEIL, EQ, 27-Nov-2025,408.95,408.5,412.75,401.5,402.3,403.0,404.99,55449,224.56,1608, 38656, 69.71
MENONBE, EQ, 27-Nov-2025,109.51,110.23,111.59,109.67,110.15,110.5,110.5,20123,22.24,529, 10306, 51.22
METAL, EQ, 27-Nov-2025,10.33,10.58,10.58,10.25,10.32,10.32,10.32,1763222,182.04,1970, 868112, 49.23
METALIETF, EQ, 27-Nov-2025,10.32,10.41,10.44,10.25,10.33,10.32,10.34,11242344,1161.92,4470, 7523508, 66.92
METROBRAND, EQ, 27-Nov-2025,1175.2,1174.9,1180.0,1159.1,1166.9,1166.1,1173.19,19606,230.01,5301, 10357, 52.83
METROPOLIS, EQ, 27-Nov-2025,1941.0,1937.1,1953.7,1928.0,1932.0,1934.1,1934.52,8718,168.65,1689, 4629, 53.10
MFML, EQ, 27-Nov-2025,26.84,26.85,27.35,26.1,26.21,26.65,26.82,2281,0.61,65, 1984, 86.98
MFSL, EQ, 27-Nov-2025,1736.7,1747.0,1751.4,1724.1,1733.0,1728.4,1731.35,593016,10267.2,38366, 347458, 58.59
MGEL, EQ, 27-Nov-2025,15.56,15.56,15.77,15.09,15.32,15.29,15.37,448051,68.86,2059, 238203, 53.16
MGL, EQ, 27-Nov-2025,1222.4,1226.0,1228.7,1208.6,1215.6,1214.0,1215.98,119701,1455.54,12040, 61706, 51.55
MHLXMIRU, EQ, 27-Nov-2025,217.67,219.0,225.01,215.15,218.9,217.04,219.96,6517,14.33,415, 2787, 42.77
MHRIL, EQ, 27-Nov-2025,322.4,324.85,324.85,317.3,318.6,318.75,319.82,46716,149.41,2510, 28066, 60.08
MICEL, EQ, 27-Nov-2025,42.83,43.0,43.46,42.56,43.0,42.83,42.98,1185541,509.56,6379, 464269, 39.16
MID150, EQ, 27-Nov-2025,22.67,22.89,22.89,22.59,22.72,22.69,22.74,33961,7.72,251, 21031, 61.93
MID150BEES, EQ, 27-Nov-2025,230.7,232.5,232.5,230.29,231.36,231.43,231.17,560063,1294.69,4832, 430403, 76.85
MID150CASE, EQ, 27-Nov-2025,11.19,11.37,11.37,11.11,11.22,11.2,11.2,1349949,151.23,3217, 906739, 67.17
MIDCAP, EQ, 27-Nov-2025,177.88,178.77,183.48,177.13,178.3,179.2,178.24,76298,135.99,569, 54956, 72.03
MIDCAPETF, EQ, 27-Nov-2025,22.85,23.08,23.08,22.61,22.83,22.83,22.83,2131725,486.75,5197, 1361598, 63.87
MIDCAPIETF, EQ, 27-Nov-2025,23.1,23.21,23.24,23.02,23.14,23.13,23.13,464494,107.41,1936, 354835, 76.39
MIDHANI, EQ, 27-Nov-2025,328.9,332.2,337.4,327.75,330.75,330.55,332.68,423830,1410.02,15453, 168206, 39.69
MIDQ50ADD, EQ, 27-Nov-2025,250.33,250.4,250.41,249.08,249.34,249.25,249.63,2601,6.49,82, 1630, 62.67
MIDSELIETF, EQ, 27-Nov-2025,18.64,18.69,18.76,18.61,18.7,18.67,18.67,121539,22.69,712, 82860, 68.18
MIDSMALL, EQ, 27-Nov-2025,49.53,49.69,49.69,49.3,49.61,49.58,49.49,76087,37.66,561, 49578, 65.16
MIDWESTLTD, EQ, 27-Nov-2025,1198.4,1210.0,1318.2,1196.2,1318.2,1318.2,1278.88,346161,4427.0,20812, 110573, 31.94
MINDACORP, EQ, 27-Nov-2025,595.65,596.2,597.45,585.1,588.0,586.7,589.25,117825,694.29,6321, 54346, 46.12
MINDTECK, EQ, 27-Nov-2025,214.75,214.95,217.5,212.05,214.9,214.3,214.9,25250,54.26,1120, 11717, 46.40
MIRZAINT, EQ, 27-Nov-2025,40.18,40.18,40.51,38.3,39.5,39.29,39.68,247967,98.38,1765, 135472, 54.63
MITCON, EQ, 27-Nov-2025,71.14,73.9,73.9,70.5,70.6,70.6,70.82,2428,1.72,45, 2314, 95.30
MITTAL, EQ, 27-Nov-2025,1.34,1.36,1.4,1.31,1.34,1.32,1.36,536638,7.3,387, 326789, 60.90
MKPL, EQ, 27-Nov-2025,6.23,6.25,6.35,6.25,6.34,6.29,6.29,74407,4.68,481, 55159, 74.13
MMFL, EQ, 27-Nov-2025,324.15,324.15,333.45,322.2,327.8,326.75,327.99,45883,150.49,2118, 26548, 57.86
MMP, EQ, 27-Nov-2025,258.55,262.0,273.0,254.6,258.0,256.5,261.05,20600,53.78,934, 9039, 43.88
MMTC, EQ, 27-Nov-2025,61.29,61.84,62.4,60.7,61.79,60.87,61.37,721522,442.8,6780, 296332, 41.07
MNC, EQ, 27-Nov-2025,30.96,31.09,31.16,30.98,31.05,31.01,31.03,26958,8.36,267, 25593, 94.94
MOALPHA50, EQ, 27-Nov-2025,52.01,52.01,52.31,51.81,52.05,52.04,52.04,829,0.43,24, 699, 84.32
MOBIKWIK, EQ, 27-Nov-2025,237.7,239.8,244.5,234.8,236.15,236.35,239.67,1658832,3975.7,22755, 548340, 33.06
MOCAPITAL, EQ, 27-Nov-2025,48.12,49.32,49.32,47.86,48.35,48.3,48.16,369485,177.94,1641, 280135, 75.82
MODEFENCE, EQ, 27-Nov-2025,88.14,88.25,88.8,87.39,87.93,87.87,88.13,1420402,1251.81,5921, 846287, 59.58
MODIRUBBER, EQ, 27-Nov-2025,110.73,114.99,114.99,111.2,112.0,112.42,112.55,4378,4.93,95, 2367, 54.07
MODIS, EQ, 27-Nov-2025,370.35,368.5,375.0,362.05,362.65,364.25,366.33,7589,27.8,401, 3325, 43.81
MODISONLTD, EQ, 27-Nov-2025,142.49,143.9,146.98,142.3,143.0,142.85,143.88,44199,63.59,1089, 22684, 51.32
MODTHREAD, EQ, 27-Nov-2025,44.08,43.6,45.5,43.6,45.5,45.32,45.23,1185,0.54,31, 1135, 95.78
MOENERGY, EQ, 27-Nov-2025,36.05,36.23,36.24,35.49,36.04,35.85,35.8,92486,33.11,404, 59622, 64.47
MOGOLD, EQ, 27-Nov-2025,124.75,124.0,125.05,124.0,125.0,124.85,124.58,32912,41.0,222, 21096, 64.10
MOGSEC, EQ, 27-Nov-2025,62.78,62.78,62.97,62.77,62.77,62.77,62.9,2987,1.88,59, 2420, 81.02
MOHEALTH, EQ, 27-Nov-2025,45.33,46.46,46.46,44.35,45.33,45.31,45.3,54674,24.77,528, 41708, 76.28
MOIL, EQ, 27-Nov-2025,327.8,333.75,346.8,331.85,341.9,343.35,342.49,3130125,10720.37,56213, 638490, 20.40
MOINFRA, EQ, 27-Nov-2025,60.94,61.18,61.24,60.79,60.85,60.85,60.98,957,0.58,28, 693, 72.41
MOIPO, EQ, 27-Nov-2025,48.53,48.63,48.63,48.31,48.41,48.42,48.43,784,0.38,26, 782, 99.74
MOKSH, EQ, 27-Nov-2025,13.98,14.01,14.43,13.9,14.0,13.96,14.01,756251,105.97,713, 405964, 53.68
MOL, EQ, 27-Nov-2025,68.65,68.9,70.31,67.95,68.69,68.6,69.01,535293,369.42,5260, 224756, 41.99
MOLDTECH, EQ, 27-Nov-2025,163.4,165.97,174.02,164.41,174.0,171.02,169.32,75517,127.87,1527, 44363, 58.75
MOLDTKPAC, EQ, 27-Nov-2025,619.25,615.0,622.5,604.0,605.0,606.9,609.61,43006,262.17,3588, 26563, 61.77
MOLOWVOL, EQ, 27-Nov-2025,39.13,39.2,39.25,39.0,39.0,39.0,39.13,1762,0.69,40, 1720, 97.62
MOM100, EQ, 27-Nov-2025,65.76,65.95,66.29,65.56,65.8,65.85,65.85,557517,367.11,1959, 389607, 69.88
MOM30IETF, EQ, 27-Nov-2025,32.67,32.81,32.86,32.62,32.75,32.75,32.79,603524,197.88,1577, 382548, 63.39
MOM50, EQ, 27-Nov-2025,271.65,272.29,272.99,271.8,272.65,272.5,272.42,3758,10.24,112, 3205, 85.28
MOMENTUM, EQ, 27-Nov-2025,32.5,32.5,32.8,32.44,32.44,32.64,32.69,96037,31.39,260, 46842, 48.77
MOMENTUM30, EQ, 27-Nov-2025,32.07,32.23,32.85,32.13,32.37,32.28,32.35,54584,17.66,70, 43023, 78.82
MOMENTUM50, EQ, 27-Nov-2025,54.38,54.59,54.94,54.31,54.47,54.45,54.54,276161,150.62,1396, 185735, 67.26
MOMGF, EQ, 27-Nov-2025,152.15,152.91,152.95,150.0,152.1,151.17,151.49,1552,2.35,31, 1444, 93.04
MOMIDMTM, EQ, 27-Nov-2025,64.68,65.09,65.09,64.31,64.9,64.79,64.68,33915,21.94,136, 30821, 90.88
MOMOMENTUM, EQ, 27-Nov-2025,65.1,65.29,65.59,64.61,65.26,65.37,65.33,37794,24.69,416, 32122, 84.99
MON100, EQ, 27-Nov-2025,232.74,233.63,234.48,230.4,232.2,232.1,232.86,903111,2102.99,11524, 547850, 60.66
MON50EQUAL, EQ, 27-Nov-2025,33.46,33.55,33.61,33.38,33.55,33.55,33.58,1934,0.65,13, 1930, 99.79
MONARCH, EQ, 27-Nov-2025,304.4,305.5,310.1,301.7,306.0,306.8,306.55,90699,278.03,2271, 48147, 53.08
MONEXT50, EQ, 27-Nov-2025,68.81,68.75,68.99,68.41,68.78,68.75,68.7,1512,1.04,39, 1460, 96.56
MONEYBOXX, EQ, 27-Nov-2025,135.01,134.02,138.66,134.02,138.0,137.16,136.98,6188,8.48,347, 3411, 55.12
MONIFTY100, EQ, 27-Nov-2025,26.78,26.8,26.92,26.77,26.88,26.87,26.84,5970,1.6,26, 4908, 82.21
MONIFTY500, EQ, 27-Nov-2025,24.34,24.46,24.58,24.31,24.48,24.44,24.43,404196,98.76,1099, 355342, 87.91
MONQ50, EQ, 27-Nov-2025,99.23,99.23,100.12,99.06,99.28,99.26,99.37,94426,93.83,1560, 68773, 72.83
MONTECARLO, EQ, 27-Nov-2025,794.7,799.0,806.0,778.5,788.9,786.45,790.08,25577,202.08,2320, 12763, 49.90
MOPSE, EQ, 27-Nov-2025,99.42,99.42,99.42,99.0,99.4,99.39,99.39,233,0.23,11, 231, 99.14
MOQUALITY, EQ, 27-Nov-2025,197.98,197.47,197.7,196.79,197.7,197.54,197.39,218,0.43,22, 194, 88.99
MOREALTY, EQ, 27-Nov-2025,91.41,91.86,91.86,90.44,90.6,90.58,90.87,452672,411.33,3121, 317006, 70.03
MOREPENLAB, EQ, 27-Nov-2025,44.26,44.63,45.25,43.6,43.7,43.86,44.29,1811814,802.51,9182, 693921, 38.30
MOSCHIP, EQ, 27-Nov-2025,215.95,219.3,219.85,213.2,216.5,216.65,216.1,1159380,2505.43,16547, 405723, 34.99
MOSERVICE, EQ, 27-Nov-2025,33.9,34.05,34.28,34.05,34.18,34.17,34.21,7551,2.58,16, 7550, 99.99
MOSILVER, EQ, 27-Nov-2025,156.52,158.97,162.13,157.53,160.9,161.09,160.59,64665,103.84,661, 32050, 49.56
MOSMALL250, EQ, 27-Nov-2025,16.92,16.92,17.04,16.78,16.89,16.85,16.88,898886,151.71,2728, 674020, 74.98
MOTHERSON, EQ, 27-Nov-2025,111.81,112.0,116.35,111.83,116.25,116.13,115.09,42435479,48839.53,138703, 19484920, 45.92
MOTILALOFS, EQ, 27-Nov-2025,959.65,960.0,960.7,916.65,924.2,926.15,928.22,2435440,22606.24,77850, 1266579, 52.01
MOTISONS, EQ, 27-Nov-2025,16.68,16.74,17.34,16.47,16.91,17.0,17.0,2838968,482.61,5406, 1172920, 41.32
MOTOGENFIN, EQ, 27-Nov-2025,24.61,24.61,25.39,23.57,23.8,24.08,23.97,82382,19.75,578, 59934, 72.75
MOTOUR, EQ, 27-Nov-2025,89.49,89.5,89.97,89.5,89.66,89.66,89.58,8665,7.76,54, 8283, 95.59
MOVALUE, EQ, 27-Nov-2025,114.61,117.0,117.0,113.65,114.5,114.2,114.27,75399,86.16,798, 59138, 78.43
MPHASIS, EQ, 27-Nov-2025,2800.2,2810.0,2827.0,2783.0,2798.0,2791.5,2802.91,683457,19156.67,36663, 403292, 59.01
MPSLTD, EQ, 27-Nov-2025,2112.9,2121.4,2161.1,2106.6,2112.9,2122.6,2125.55,17074,362.92,3813, 8111, 47.50
MRF, EQ, 27-Nov-2025,154490.0,155000.0,155000.0,153405.0,153520.0,153750.0,153920.64,2344,3607.9,1877, 897, 38.27
MRPL, EQ, 27-Nov-2025,160.62,161.42,162.64,158.68,159.9,160.24,160.64,4033016,6478.63,29546, 1147654, 28.46
MSCIINDIA, EQ, 27-Nov-2025,30.93,31.05,31.12,30.93,30.98,31.08,31.03,51549,16.0,66, 48916, 94.89
MSPL, EQ, 27-Nov-2025,34.82,35.29,36.56,35.06,36.56,36.56,36.24,1808020,655.15,3135, 1046952, 57.91
MSTCLTD, EQ, 27-Nov-2025,495.95,496.0,499.95,491.8,499.0,497.25,496.0,73636,365.24,3448, 34390, 46.70
MSUMI, EQ, 27-Nov-2025,45.98,46.44,46.45,45.45,46.42,46.27,46.05,4208556,1938.16,23823, 2127433, 50.55
MTARTECH, EQ, 27-Nov-2025,2468.0,2488.0,2561.1,2475.0,2490.0,2486.8,2518.4,324551,8173.5,30473, 80555, 24.82
MTNL, EQ, 27-Nov-2025,38.4,38.5,39.45,38.01,38.55,38.62,38.87,1146076,445.5,4804, 372137, 32.47
MUFIN, EQ, 27-Nov-2025,110.74,111.9,113.9,109.51,110.85,111.65,112.27,1288741,1446.81,7224, 620254, 48.13
MUFTI, EQ, 27-Nov-2025,100.88,101.0,102.0,99.11,100.25,100.16,100.41,57496,57.73,1331, 30046, 52.26
MUKANDLTD, EQ, 27-Nov-2025,133.76,134.0,137.5,133.98,134.0,134.64,135.54,106477,144.32,2058, 37857, 35.55
MUKKA, EQ, 27-Nov-2025,24.84,24.76,25.45,24.76,25.2,25.15,25.04,175823,44.02,1104, 105713, 60.12
MUKTAARTS, EQ, 27-Nov-2025,63.0,63.05,65.58,63.05,64.5,64.22,64.4,1827,1.18,69, 718, 39.30
MULTICAP, EQ, 27-Nov-2025,16.66,16.8,16.91,16.6,16.67,16.67,16.66,470183,78.31,461, 411882, 87.60
MUNJALAU, EQ, 27-Nov-2025,82.29,82.29,83.01,80.94,81.55,81.57,81.92,104428,85.55,2002, 52505, 50.28
MUNJALSHOW, EQ, 27-Nov-2025,124.86,125.85,126.16,124.24,124.48,124.47,125.11,15491,19.38,464, 10411, 67.21
MURUDCERA, EQ, 27-Nov-2025,36.12,36.1,37.0,35.98,36.11,36.18,36.42,38772,14.12,873, 19699, 50.81
MUTHOOTCAP, EQ, 27-Nov-2025,269.55,271.0,274.05,268.95,272.0,272.15,271.31,12048,32.69,418, 8315, 69.02
MUTHOOTFIN, EQ, 27-Nov-2025,3725.6,3725.6,3773.9,3725.6,3753.0,3760.5,3756.68,382058,14352.7,46272, 194279, 50.85
MUTHOOTMF, EQ, 27-Nov-2025,193.43,195.0,199.39,189.57,195.5,196.25,195.96,918774,1800.39,13325, 321958, 35.04
MVGJL, EQ, 27-Nov-2025,193.08,193.11,194.97,190.61,192.69,191.61,192.6,35788,68.93,984, 18518, 51.74
MWL, EQ, 27-Nov-2025,236.03,238.4,258.0,233.82,254.5,254.78,251.1,93078,233.72,1486, 41247, 44.31
NACLIND, EQ, 27-Nov-2025,186.7,189.91,196.03,185.0,192.2,193.14,193.78,519273,1006.24,5339, 192048, 36.98
NAGAFERT, EQ, 27-Nov-2025,4.53,4.59,4.64,4.53,4.58,4.57,4.59,240222,11.02,680, 168173, 70.01
NAGREEKEXP, EQ, 27-Nov-2025,27.23,27.01,28.38,27.01,27.95,27.65,27.76,3134,0.87,71, 2376, 75.81
NAHARCAP, EQ, 27-Nov-2025,268.7,270.6,274.45,269.35,272.5,270.9,271.6,4622,12.55,221, 2436, 52.70
NAHARINDUS, EQ, 27-Nov-2025,116.65,117.95,118.81,114.62,116.9,116.51,116.66,7519,8.77,332, 4236, 56.34
NAHARPOLY, EQ, 27-Nov-2025,263.9,261.0,265.55,257.0,260.0,258.5,260.82,7459,19.45,341, 5154, 69.10
NAHARSPING, EQ, 27-Nov-2025,203.64,206.49,206.49,201.03,203.97,202.72,202.94,3483,7.07,142, 2143, 61.53
NAM-INDIA, EQ, 27-Nov-2025,859.4,859.5,878.65,856.65,873.0,875.5,868.24,394621,3426.24,24021, 215119, 54.51
NATCOPHARM, EQ, 27-Nov-2025,927.4,927.0,934.5,876.0,883.0,882.75,893.12,5461313,48776.22,146326, 945244, 17.31
NATHBIOGEN, EQ, 27-Nov-2025,155.54,156.01,158.12,155.18,157.99,157.1,156.52,6037,9.45,242, 3720, 61.62
NATIONALUM, EQ, 27-Nov-2025,258.18,259.6,265.51,259.6,261.0,261.33,262.38,9372072,24590.3,100742, 2385126, 25.45
NAUKRI, EQ, 27-Nov-2025,1341.5,1347.0,1348.0,1315.6,1338.2,1339.4,1331.16,977874,13017.04,36668, 491605, 50.27
NAVA, EQ, 27-Nov-2025,527.9,530.0,534.05,524.1,528.15,525.7,528.73,188251,995.34,8629, 92436, 49.10
NAVINFLUOR, EQ, 27-Nov-2025,5822.0,5869.0,5869.0,5701.0,5725.0,5735.0,5765.43,64599,3724.41,12425, 31684, 49.05
NAVKARCORP, EQ, 27-Nov-2025,102.2,102.2,102.78,99.12,99.83,99.75,100.4,225096,226.01,3356, 103384, 45.93
NAVKARURB, EQ, 27-Nov-2025,1.61,1.69,1.69,1.69,1.69,1.69,1.69,99690,1.68,28, 99690, 100.00
NAVNETEDUL, EQ, 27-Nov-2025,149.3,150.08,150.15,146.16,147.45,146.79,147.69,81526,120.41,1544, 51512, 63.18
NAZARA, EQ, 27-Nov-2025,253.55,255.05,257.0,252.8,253.0,253.9,254.65,401209,1021.69,8094, 213610, 53.24
NBCC, EQ, 27-Nov-2025,118.51,118.64,119.64,117.0,117.64,117.42,118.05,8681290,10248.59,30552, 3110393, 35.83
NBIFIN, EQ, 27-Nov-2025,2277.5,2300.1,2300.1,2267.0,2289.0,2276.7,2279.14,118,2.69,32, 96, 81.36
NCC, EQ, 27-Nov-2025,175.75,177.0,178.49,174.03,174.6,174.63,175.9,3964073,6972.64,24202, 1160699, 29.28
NCLIND, EQ, 27-Nov-2025,203.02,201.21,204.08,199.12,199.12,200.04,201.12,35096,70.59,903, 24006, 68.40
NDGL, EQ, 27-Nov-2025,3419.7,3420.0,3519.0,3420.0,3432.3,3432.1,3470.29,89,3.09,53, 44, 49.44
NDL, EQ, 27-Nov-2025,3.1,3.14,3.16,3.06,3.09,3.08,3.11,1262484,39.28,1544, 752932, 59.64
NDRAUTO, EQ, 27-Nov-2025,857.05,859.5,880.6,845.0,845.0,849.45,859.25,23648,203.2,2126, 8913, 37.69
NDTV, EQ, 27-Nov-2025,84.96,84.01,85.5,84.01,85.24,85.31,84.91,61379,52.12,1043, 24771, 40.36
NECCLTD, EQ, 27-Nov-2025,20.08,19.95,20.44,19.95,20.14,20.21,20.21,30215,6.11,239, 21991, 72.78
NECLIFE, EQ, 27-Nov-2025,15.0,15.1,15.39,13.99,14.2,14.16,14.45,1075743,155.4,3706, 788949, 73.34
NELCAST, EQ, 27-Nov-2025,108.68,108.1,111.9,107.1,111.5,111.14,109.7,65684,72.06,1432, 36083, 54.93
NELCO, EQ, 27-Nov-2025,854.8,854.7,861.25,851.85,855.25,856.2,856.94,42504,364.23,2170, 18914, 44.50
NEOGEN, EQ, 27-Nov-2025,1183.7,1184.0,1195.7,1154.5,1166.0,1169.9,1172.23,67415,790.26,7465, 36504, 54.15
NESCO, EQ, 27-Nov-2025,1286.1,1290.0,1292.9,1267.2,1275.0,1274.2,1280.05,17976,230.1,3379, 9651, 53.69
NESTLEIND, EQ, 27-Nov-2025,1276.8,1276.0,1279.5,1260.5,1268.0,1266.4,1268.04,708607,8985.39,41091, 458054, 64.64
NETF, EQ, 27-Nov-2025,282.56,282.63,285.0,282.56,282.59,282.62,283.57,6806,19.3,119, 6300, 92.57
NETWEB, EQ, 27-Nov-2025,3291.9,3300.0,3384.8,3294.8,3330.0,3335.3,3337.69,717288,23940.84,50484, 107254, 14.95
NETWORK18, EQ, 27-Nov-2025,45.14,45.41,46.0,45.01,45.08,45.26,45.49,1883722,856.95,10424, 912248, 48.43
NEULANDLAB, EQ, 27-Nov-2025,16650.0,16610.0,16807.0,16430.0,16566.0,16593.0,16610.83,37082,6159.63,10020, 13065, 35.23
NEWGEN, EQ, 27-Nov-2025,892.5,890.0,893.15,876.0,881.65,880.35,881.68,206548,1821.08,16225, 103519, 50.12
NEXT30ADD, EQ, 27-Nov-2025,40.55,40.55,40.64,40.35,40.46,40.45,40.49,2552,1.03,55, 2132, 83.54
NEXT50, EQ, 27-Nov-2025,710.34,711.0,712.0,705.52,709.14,708.23,709.05,4962,35.18,339, 4345, 87.57
NEXT50IETF, EQ, 27-Nov-2025,72.74,72.99,72.99,72.4,72.64,72.62,72.63,553066,401.69,3824, 335110, 60.59
NEXTMEDIA, EQ, 27-Nov-2025,6.28,6.23,6.45,6.02,6.24,6.22,6.28,10919,0.69,75, 10230, 93.69
NFL, EQ, 27-Nov-2025,85.16,85.84,86.32,84.51,85.0,85.03,85.6,469881,402.24,4430, 188608, 40.14
NGIL, EQ, 27-Nov-2025,27.77,27.78,28.2,27.11,27.25,27.74,27.82,3619,1.01,68, 2764, 76.37
NGLFINE, EQ, 27-Nov-2025,1328.3,1333.0,1347.7,1322.0,1335.0,1333.3,1334.78,688,9.18,161, 325, 47.24
NH, EQ, 27-Nov-2025,1967.1,1986.5,2006.0,1943.0,1949.0,1951.2,1968.2,394214,7758.92,31498, 150727, 38.23
NHPC, EQ, 27-Nov-2025,77.43,77.51,77.85,76.72,76.93,76.95,77.05,8611413,6635.23,40120, 4496201, 52.21
NIACL, EQ, 27-Nov-2025,173.2,173.3,174.46,170.0,171.99,170.99,171.66,304869,523.34,7400, 155756, 51.09
NIBE, EQ, 27-Nov-2025,1112.2,1102.0,1126.4,1091.0,1099.0,1101.4,1107.1,26359,291.82,2486, 14599, 55.39
NIBL, EQ, 27-Nov-2025,31.13,30.51,31.97,29.35,29.6,29.83,30.65,147537,45.22,1258, 43275, 29.33
NIF100BEES, EQ, 27-Nov-2025,282.15,282.79,283.7,281.71,281.99,282.5,282.85,14122,39.94,336, 12460, 88.23
NIF100IETF, EQ, 27-Nov-2025,29.67,29.66,30.18,29.6,29.82,29.7,29.85,135112,40.34,1204, 76637, 56.72
NIF10GETF, EQ, 27-Nov-2025,26.1,26.19,26.27,26.01,26.11,26.05,26.2,5300,1.39,64, 4017, 75.79
NIF5GETF, EQ, 27-Nov-2025,63.93,63.93,63.98,63.26,63.31,63.39,63.36,1100,0.7,24, 872, 79.27
NIFITETF, EQ, 27-Nov-2025,387.48,387.61,391.27,387.11,388.33,388.22,388.73,1718,6.68,52, 1434, 83.47
NIFMID150, EQ, 27-Nov-2025,225.47,225.41,226.7,224.96,225.8,225.96,225.53,1403,3.16,43, 1197, 85.32
NIFTY1, EQ, 27-Nov-2025,288.24,288.24,289.79,288.0,289.25,289.13,288.83,210620,608.34,1151, 188063, 89.29
NIFTY100EW, EQ, 27-Nov-2025,34.06,34.91,34.91,34.06,34.17,34.14,34.09,115831,39.49,140, 115592, 99.79
NIFTY50ADD, EQ, 27-Nov-2025,273.68,280.52,280.52,273.13,274.45,274.06,273.88,11163,30.57,271, 6961, 62.36
NIFTYBEES, EQ, 27-Nov-2025,296.01,296.01,297.45,295.48,296.59,296.42,296.75,5985585,17762.28,36116, 4016111, 67.10
NIFTYBETF, EQ, 27-Nov-2025,267.82,268.62,269.05,267.33,268.25,267.8,267.98,5933,15.9,82, 5702, 96.11
NIFTYCASE, EQ, 27-Nov-2025,10.42,10.42,10.48,10.39,10.45,10.42,10.44,345396,36.06,401, 223996, 64.85
NIFTYETF, EQ, 27-Nov-2025,282.81,284.37,284.37,281.15,283.36,283.07,283.27,126156,357.36,5441, 66250, 52.51
NIFTYIETF, EQ, 27-Nov-2025,294.59,295.0,296.1,294.09,295.0,294.96,295.14,753013,2222.45,12878, 550896, 73.16
NIFTYQLITY, EQ, 27-Nov-2025,22.14,22.12,22.26,22.08,22.19,22.13,22.18,92981,20.62,295, 25915, 27.87
NIITLTD, EQ, 27-Nov-2025,97.26,97.6,98.39,96.11,97.31,96.56,97.06,162362,157.59,2255, 79393, 48.90
NIITMTS, EQ, 27-Nov-2025,389.95,393.8,398.45,383.75,396.0,394.25,393.47,158160,622.32,8056, 75415, 47.68
NILAINFRA, EQ, 27-Nov-2025,9.45,9.45,10.2,9.45,10.0,9.94,9.96,1096334,109.15,1567, 683122, 62.31
NILKAMAL, EQ, 27-Nov-2025,1406.3,1412.0,1415.3,1402.0,1414.0,1406.7,1406.73,4164,58.58,1033, 3013, 72.36
NINSYS, EQ, 27-Nov-2025,412.0,407.1,412.0,405.05,406.0,407.3,408.42,1509,6.16,83, 1115, 73.89
NIPPOBATRY, EQ, 27-Nov-2025,421.15,425.65,425.65,417.7,420.0,419.5,420.37,1378,5.79,174, 888, 64.44
NIRAJ, EQ, 27-Nov-2025,37.51,37.55,38.43,35.78,36.9,36.26,36.69,138232,50.72,876, 97577, 70.59
NIRAJISPAT, EQ, 27-Nov-2025,226.9,224.0,238.24,216.0,217.9,217.83,223.18,793,1.77,38, 535, 67.47
NITCO, EQ, 27-Nov-2025,87.14,87.84,90.3,86.05,89.75,89.5,88.01,258582,227.57,4158, 126576, 48.95
NITINSPIN, EQ, 27-Nov-2025,331.5,331.75,334.7,328.0,329.6,328.8,330.1,23872,78.8,1041, 12477, 52.27
NITIRAJ, EQ, 27-Nov-2025,188.27,184.1,189.49,182.5,183.2,183.29,183.67,2174,3.99,98, 1692, 77.83
NIVABUPA, EQ, 27-Nov-2025,75.71,75.74,76.15,74.6,74.72,74.77,75.25,254026,191.16,6827, 164094, 64.60
NKIND, EQ, 27-Nov-2025,68.96,65.5,69.0,65.5,68.0,68.0,66.37,175,0.12,20, 164, 93.71
NLCINDIA, EQ, 27-Nov-2025,246.9,249.4,251.4,244.0,247.9,247.95,247.77,1318628,3267.23,26885, 585412, 44.40
NMDC, EQ, 27-Nov-2025,74.29,74.9,75.15,73.7,74.33,74.21,74.25,10707179,7950.6,50578, 4285653, 40.03
NOCIL, EQ, 27-Nov-2025,175.51,175.1,176.23,171.1,171.9,171.9,173.27,131008,226.99,2066, 71404, 54.50
NOIDATOLL, EQ, 27-Nov-2025,4.31,4.35,4.52,4.32,4.52,4.52,4.47,212495,9.49,212, 166980, 78.58
NORTHARC, EQ, 27-Nov-2025,266.35,267.5,269.0,264.4,267.0,267.55,267.04,291250,777.75,5687, 164452, 56.46
NOVAAGRI, EQ, 27-Nov-2025,43.72,44.4,44.4,43.14,43.27,43.24,43.54,59646,25.97,1690, 27462, 46.04
NPBET, EQ, 27-Nov-2025,296.0,299.68,299.68,296.03,297.66,297.66,297.18,471,1.4,30, 291, 61.78
NPST, EQ, 27-Nov-2025,1621.4,1640.0,1700.0,1637.0,1652.0,1657.9,1680.03,17876,300.32,1525, 8687, 48.60
NRAIL, EQ, 27-Nov-2025,486.6,491.45,499.15,470.35,471.0,475.6,485.54,10076,48.92,891, 5263, 52.23
NRBBEARING, EQ, 27-Nov-2025,287.35,286.9,289.6,283.4,285.0,285.85,285.61,49459,141.26,1422, 28112, 56.84
NRL, EQ, 27-Nov-2025,62.17,63.41,63.87,61.75,62.0,61.85,62.52,58336,36.47,2391, 10573, 18.12
NSIL, EQ, 27-Nov-2025,6810.5,6838.0,6858.0,6646.0,6702.0,6728.5,6748.48,4314,291.13,1052, 2728, 63.24
NSLNISP, EQ, 27-Nov-2025,42.81,43.1,43.6,42.53,42.72,42.66,42.91,2214016,950.02,12044, 807400, 36.47
NTPC, EQ, 27-Nov-2025,326.1,327.15,328.75,325.0,327.2,327.35,327.31,6755179,22110.57,82771, 4196993, 62.13
NTPCGREEN, EQ, 27-Nov-2025,94.55,94.94,95.4,94.57,95.07,95.0,95.01,1823357,1732.41,24414, 975917, 53.52
NUCLEUS, EQ, 27-Nov-2025,926.9,925.9,934.9,922.6,926.9,926.4,928.33,4105,38.11,967, 2432, 59.24
NUVAMA, EQ, 27-Nov-2025,7313.0,7315.0,7399.5,7275.0,7362.5,7384.5,7336.85,97935,7185.34,16676, 36433, 37.20
NUVOCO, EQ, 27-Nov-2025,349.05,349.8,369.0,345.6,364.65,362.65,354.71,736577,2612.71,18561, 234873, 31.89
NV20, EQ, 27-Nov-2025,153.38,154.01,154.01,152.8,153.4,153.28,153.6,8190,12.58,150, 3736, 45.62
NV20BEES, EQ, 27-Nov-2025,153.63,154.09,154.24,153.2,153.74,153.72,153.89,13543,20.84,203, 11376, 84.00
NV20IETF, EQ, 27-Nov-2025,14.96,15.09,15.09,14.83,14.97,14.99,14.99,287558,43.12,1503, 215011, 74.77
NYKAA, EQ, 27-Nov-2025,264.45,266.5,267.89,264.0,265.53,264.85,265.18,2847232,7550.15,27095, 1456876, 51.17
OAL, EQ, 27-Nov-2025,320.1,320.4,323.2,313.95,314.6,315.65,318.54,4347,13.85,376, 2670, 61.42
OBCL, EQ, 27-Nov-2025,56.47,56.2,56.75,54.0,56.36,55.59,55.38,38312,21.22,270, 18593, 48.53
OBEROIRLTY, EQ, 27-Nov-2025,1662.8,1680.0,1680.0,1651.7,1661.0,1661.6,1662.77,419476,6974.9,30731, 152707, 36.40
OCCLLTD, EQ, 27-Nov-2025,104.52,106.52,106.52,101.35,105.0,102.88,103.64,31801,32.96,594, 20433, 64.25
OFSS, EQ, 27-Nov-2025,8177.5,8199.0,8276.0,8115.0,8149.5,8150.5,8171.46,197830,16165.6,22253, 123392, 62.37
OIL, EQ, 27-Nov-2025,423.15,423.05,424.55,414.5,416.65,417.2,418.05,1069299,4470.25,30460, 478814, 44.78
OILCOUNTUB, EQ, 27-Nov-2025,64.05,64.06,66.65,63.4,63.85,63.95,64.89,45464,29.5,797, 27159, 59.74
OILIETF, EQ, 27-Nov-2025,12.35,12.39,12.44,12.21,12.28,12.27,12.27,1472625,180.65,2602, 963404, 65.42
OLECTRA, EQ, 27-Nov-2025,1283.5,1284.7,1301.9,1267.8,1272.0,1270.5,1285.34,236168,3035.56,14777, 86763, 36.74
OMAXAUTO, EQ, 27-Nov-2025,88.9,89.15,90.79,88.8,89.25,89.33,89.58,25921,23.22,893, 14610, 56.36
OMAXE, EQ, 27-Nov-2025,69.01,69.64,70.58,68.9,70.0,69.73,69.66,95404,66.46,1273, 40805, 42.77
OMFREIGHT, EQ, 27-Nov-2025,89.39,90.01,90.02,88.51,88.8,88.75,89.17,37192,33.16,935, 20327, 54.65
OMINFRAL, EQ, 27-Nov-2025,106.86,108.0,108.88,106.16,107.9,108.23,107.93,78704,84.94,1400, 37841, 48.08
ONEPOINT, EQ, 27-Nov-2025,52.61,53.25,53.51,52.11,52.19,52.48,52.87,1295630,684.98,6551, 580826, 44.83
ONESOURCE, EQ, 27-Nov-2025,1624.8,1624.0,1644.0,1590.2,1600.0,1594.4,1612.31,125848,2029.06,15344, 68715, 54.60
ONGC, EQ, 27-Nov-2025,247.7,248.0,248.8,242.8,243.95,244.0,244.36,5600832,13686.22,81158, 3280581, 58.57
ONMOBILE, EQ, 27-Nov-2025,58.05,58.05,58.52,56.98,57.3,57.63,57.44,88255,50.69,1100, 43098, 48.83
ONWARDTEC, EQ, 27-Nov-2025,289.05,291.35,294.9,284.15,294.0,292.35,289.52,25234,73.06,1831, 12320, 48.82
OPTIEMUS, EQ, 27-Nov-2025,568.15,560.15,569.5,556.7,568.5,568.3,564.07,95567,539.06,5706, 50828, 53.19
ORBTEXP, EQ, 27-Nov-2025,202.93,204.92,208.47,204.3,208.0,206.36,206.16,4585,9.45,338, 1955, 42.64
ORCHPHARMA, EQ, 27-Nov-2025,871.95,892.9,892.9,850.0,853.95,857.3,866.1,78986,684.1,5263, 31252, 39.57
ORIENTALTL, EQ, 27-Nov-2025,8.72,8.78,8.85,8.62,8.62,8.65,8.7,165711,14.42,653, 122471, 73.91
ORIENTBELL, EQ, 27-Nov-2025,286.5,288.6,293.95,280.0,291.9,290.0,288.11,7920,22.82,646, 4508, 56.92
ORIENTCEM, EQ, 27-Nov-2025,170.68,172.0,172.01,168.6,169.15,169.21,169.57,366055,620.71,6542, 186446, 50.93
ORIENTCER, EQ, 27-Nov-2025,43.22,43.65,46.0,43.0,43.61,43.59,44.32,398431,176.58,4828, 143344, 35.98
ORIENTELEC, EQ, 27-Nov-2025,189.96,189.96,191.25,182.72,185.0,184.41,185.87,1632239,3033.82,19204, 389477, 23.86
ORIENTHOT, EQ, 27-Nov-2025,121.36,121.98,121.98,114.99,117.61,117.97,118.77,328406,390.03,3080, 216112, 65.81
ORIENTLTD, EQ, 27-Nov-2025,82.86,83.0,84.9,81.4,82.01,82.85,83.03,1682,1.4,54, 1402, 83.35
ORIENTPPR, EQ, 27-Nov-2025,23.22,23.37,23.51,23.1,23.3,23.24,23.32,148210,34.57,1222, 79188, 53.43
ORIENTTECH, EQ, 27-Nov-2025,364.35,364.65,367.35,358.15,360.0,359.05,362.04,179525,649.95,3469, 87354, 48.66
ORISSAMINE, EQ, 27-Nov-2025,4974.0,5028.5,5089.5,4930.5,4972.5,4982.5,5032.4,23383,1176.73,4591, 7615, 32.57
ORKLAINDIA, EQ, 27-Nov-2025,661.35,663.95,667.8,656.0,659.0,657.7,660.38,130544,862.08,12167, 52478, 40.20
ORTINGLOBE, EQ, 27-Nov-2025,11.55,11.55,11.87,11.55,11.56,11.56,11.71,840,0.1,15, 829, 98.69
OSWALAGRO, EQ, 27-Nov-2025,62.6,62.75,64.8,62.5,63.16,62.91,63.44,54095,34.32,1186, 17091, 31.59
OSWALGREEN, EQ, 27-Nov-2025,34.66,35.0,35.5,34.61,34.88,34.81,35.06,333817,117.04,3233, 208112, 62.34
OSWALPUMPS, EQ, 27-Nov-2025,569.85,573.0,575.0,557.35,559.95,559.25,563.95,181439,1023.22,7376, 104321, 57.50
PACEDIGITK, EQ, 27-Nov-2025,215.86,217.99,220.75,213.42,214.34,214.08,217.16,917501,1992.47,9581, 345393, 37.64
PAGEIND, EQ, 27-Nov-2025,39000.0,39200.0,39270.0,38750.0,38810.0,38930.0,38920.41,58192,22648.57,14901, 44797, 76.98
PAISALO, EQ, 27-Nov-2025,35.97,35.99,37.49,35.41,36.85,36.93,36.35,7127809,2590.76,15816, 2560458, 35.92
PAKKA, EQ, 27-Nov-2025,116.17,116.0,117.95,114.05,115.35,114.66,115.9,72416,83.93,1254, 39528, 54.58
PALASHSECU, EQ, 27-Nov-2025,112.3,114.51,116.97,111.81,111.81,112.32,113.37,863,0.98,53, 539, 62.46
PANACEABIO, EQ, 27-Nov-2025,373.45,378.0,384.7,366.0,378.35,378.6,375.4,247137,927.74,7589, 86704, 35.08
PANAMAPET, EQ, 27-Nov-2025,294.95,295.85,299.7,292.95,295.75,295.15,295.24,75356,222.48,2239, 50528, 67.05
PANSARI, EQ, 27-Nov-2025,285.15,286.0,299.4,277.0,299.4,299.4,293.4,1977,5.8,76, 1279, 64.69
PAR, EQ, 27-Nov-2025,90.56,92.8,92.8,89.11,89.3,89.69,90.27,5728,5.17,211, 4893, 85.42
PARACABLES, EQ, 27-Nov-2025,39.66,39.66,40.27,39.65,40.27,40.16,40.0,361665,144.67,1817, 207800, 57.46
PARADEEP, EQ, 27-Nov-2025,155.84,156.45,158.68,155.0,155.3,155.5,156.64,1482267,2321.81,17764, 493057, 33.26
PARAGMILK, EQ, 27-Nov-2025,338.9,341.15,341.5,329.5,332.35,331.35,333.14,512301,1706.68,9125, 204213, 39.86
PARAS, EQ, 27-Nov-2025,718.6,723.0,736.0,715.75,717.95,719.25,723.8,558801,4044.62,18667, 146957, 26.30
PARASPETRO, EQ, 27-Nov-2025,2.14,2.24,2.24,2.03,2.14,2.14,2.14,179461,3.84,397, 119884, 66.80
PARKHOTELS, EQ, 27-Nov-2025,136.7,137.59,139.6,136.75,137.8,137.69,138.31,292651,404.78,2748, 200309, 68.45
PARSVNATH, EQ, 27-Nov-2025,14.04,14.3,14.37,13.93,14.05,14.02,14.09,244721,34.48,800, 142357, 58.17
PASHUPATI, EQ, 27-Nov-2025,807.35,819.0,829.0,805.0,810.0,810.05,810.1,2744,22.23,351, 600, 21.87
PASUPTAC, EQ, 27-Nov-2025,61.92,62.3,63.5,60.32,61.5,61.57,62.07,892835,554.16,10909, 389156, 43.59
PATANJALI, EQ, 27-Nov-2025,569.65,569.95,573.9,565.1,569.5,569.45,569.16,377745,2149.99,9750, 186779, 49.45
PATELENG, EQ, 27-Nov-2025,33.17,35.5,38.75,35.0,37.37,37.78,37.75,220945060,83397.53,360793, 19019233, 8.61
PATELRMART, EQ, 27-Nov-2025,256.44,257.6,262.26,255.04,259.6,260.5,260.07,910678,2368.42,15500, 382075, 41.96
PATINTLOG, EQ, 27-Nov-2025,13.99,14.26,14.27,13.96,14.06,14.09,14.15,122540,17.34,327, 77534, 63.27
PAVNAIND, EQ, 27-Nov-2025,31.41,31.8,32.2,30.62,31.4,30.96,31.33,93270,29.22,768, 45846, 49.15
PAYTM, EQ, 27-Nov-2025,1286.5,1305.0,1309.1,1283.0,1293.0,1293.1,1294.27,3799617,49177.13,103635, 1068609, 28.12
PCBL, EQ, 27-Nov-2025,329.25,329.5,331.5,326.0,326.5,327.3,328.79,317158,1042.77,9829, 148208, 46.73
PCJEWELLER, EQ, 27-Nov-2025,10.18,10.24,10.25,9.95,10.0,9.97,10.07,43047075,4334.96,47556, 24542626, 57.01
PDMJEPAPER, EQ, 27-Nov-2025,102.23,104.5,104.5,101.36,102.6,102.05,102.17,46371,47.38,923, 25624, 55.26
PDSL, EQ, 27-Nov-2025,366.65,367.15,370.45,354.35,357.95,357.7,359.73,98623,354.77,8636, 49722, 50.42
PEARLPOLY, EQ, 27-Nov-2025,22.75,22.99,26.9,22.79,25.1,25.18,25.51,585856,149.45,3986, 106171, 18.12
PENIND, EQ, 27-Nov-2025,229.4,231.25,233.65,228.2,228.6,229.45,231.25,380179,879.16,5212, 172903, 45.48
PENINLAND, EQ, 27-Nov-2025,28.77,30.4,30.4,29.12,29.68,29.83,29.65,338756,100.44,2518, 197458, 58.29
PERSISTENT, EQ, 27-Nov-2025,6415.0,6425.0,6478.0,6383.5,6436.0,6432.0,6413.59,445809,28592.36,31577, 300828, 67.48
PETRONET, EQ, 27-Nov-2025,275.1,275.6,276.55,273.55,274.0,273.95,274.37,1727350,4739.28,40424, 1206103, 69.82
PFC, EQ, 27-Nov-2025,362.4,362.4,367.65,361.75,365.3,365.15,365.37,5016640,18329.24,45919, 2313562, 46.12
PFIZER, EQ, 27-Nov-2025,4985.0,4994.5,5116.5,4975.0,4995.0,4989.5,5019.42,25394,1274.63,6532, 12224, 48.14
PFOCUS, EQ, 27-Nov-2025,171.22,171.91,176.35,170.51,171.2,171.32,173.55,2101639,3647.34,12017, 489587, 23.30
PFS, EQ, 27-Nov-2025,34.53,34.61,34.99,34.25,34.3,34.36,34.38,312104,107.31,2093, 219152, 70.22
PGEL, EQ, 27-Nov-2025,604.2,606.0,607.35,584.0,584.15,585.5,591.57,1803899,10671.38,33291, 468240, 25.96
PGHH, EQ, 27-Nov-2025,12776.0,12805.0,12873.0,12751.0,12799.0,12780.0,12799.71,6719,860.01,3277, 4770, 70.99
PGHL, EQ, 27-Nov-2025,5815.5,5849.0,5893.5,5765.0,5780.0,5775.5,5788.2,3496,202.36,1050, 2171, 62.10
PGIL, EQ, 27-Nov-2025,1754.6,1771.9,1772.0,1682.8,1686.0,1690.4,1703.72,123200,2098.98,18075, 56007, 45.46
PHARMABEES, EQ, 27-Nov-2025,23.38,22.79,23.57,22.79,23.41,23.4,23.42,3304729,774.06,6957, 2237804, 67.72
PHOENIXLTD, EQ, 27-Nov-2025,1751.7,1745.0,1749.6,1727.9,1741.3,1741.0,1739.69,150976,2626.52,19160, 75244, 49.84
PICCADIL, EQ, 27-Nov-2025,609.55,614.05,619.7,610.0,613.55,614.0,614.99,47102,289.67,3346, 20294, 43.09
PIDILITIND, EQ, 27-Nov-2025,1484.4,1484.3,1490.0,1467.2,1470.1,1472.3,1476.48,421269,6219.97,32989, 253631, 60.21
PIIND, EQ, 27-Nov-2025,3438.1,3436.3,3459.5,3421.1,3436.0,3432.2,3432.77,111897,3841.17,19993, 75204, 67.21
PILANIINVS, EQ, 27-Nov-2025,5141.0,5146.0,5150.0,5000.0,5035.0,5056.5,5067.34,3294,166.92,912, 2097, 63.66
PILITA, EQ, 27-Nov-2025,11.62,11.8,11.94,11.55,11.63,11.58,11.67,24232,2.83,230, 15412, 63.60
PINELABS, EQ, 27-Nov-2025,240.37,240.0,243.43,239.88,242.05,242.04,242.03,1299487,3145.21,24405, 699849, 53.86
PIONEEREMB, EQ, 27-Nov-2025,28.3,27.31,29.2,27.31,28.56,28.58,28.65,16446,4.71,143, 11002, 66.90
PIRAMALFIN, EQ, 27-Nov-2025,1596.0,1606.0,1606.0,1536.2,1568.0,1573.0,1565.44,252475,3952.35,22028, 140138, 55.51
PITTIENG, EQ, 27-Nov-2025,897.95,900.0,902.7,869.95,874.9,875.4,878.64,43094,378.64,2301, 29793, 69.13
PIXTRANS, EQ, 27-Nov-2025,1458.7,1461.8,1467.4,1445.0,1461.0,1460.2,1455.75,4379,63.75,590, 2646, 60.42
PLASTIBLEN, EQ, 27-Nov-2025,167.59,166.0,172.9,166.0,169.98,168.81,170.24,4932,8.4,160, 4005, 81.20
PLATIND, EQ, 27-Nov-2025,277.2,277.2,284.8,273.05,273.1,274.55,279.81,128621,359.9,3448, 55083, 42.83
PLAZACABLE, EQ, 27-Nov-2025,40.83,42.65,42.65,41.0,41.03,41.2,41.37,47985,19.85,2440, 19073, 39.75
PNB, EQ, 27-Nov-2025,124.99,125.4,126.24,123.95,124.9,124.93,124.87,9718546,12135.1,56496, 3732406, 38.40
PNBGILTS, EQ, 27-Nov-2025,85.99,86.19,86.44,83.62,85.2,84.66,84.83,233294,197.9,2269, 120602, 51.70
PNBHOUSING, EQ, 27-Nov-2025,915.9,918.0,921.0,906.7,910.0,910.8,911.98,440900,4020.93,20148, 150535, 34.14
PNCINFRA, EQ, 27-Nov-2025,252.0,254.15,256.1,251.4,251.7,251.8,253.04,168010,425.14,5519, 112630, 67.04
PNGJL, EQ, 27-Nov-2025,616.45,622.95,638.75,619.3,628.2,628.15,625.99,268759,1682.39,18368, 144123, 53.63
POCL, EQ, 27-Nov-2025,1335.1,1341.4,1352.6,1299.1,1303.0,1302.3,1317.61,162605,2142.5,8828, 73143, 44.98
PODDARMENT, EQ, 27-Nov-2025,256.35,254.55,261.9,254.5,261.9,259.35,256.36,1723,4.42,111, 1126, 65.35
POKARNA, EQ, 27-Nov-2025,940.7,941.9,957.7,917.0,935.0,934.3,934.33,86370,806.98,4728, 27025, 31.29
POLICYBZR, EQ, 27-Nov-2025,1787.1,1800.5,1816.3,1785.9,1810.0,1808.7,1805.32,710265,12822.58,40747, 400891, 56.44
POLYCAB, EQ, 27-Nov-2025,7539.0,7560.0,7560.0,7425.0,7490.0,7479.0,7469.81,170964,12770.69,27124, 94020, 54.99
POLYMED, EQ, 27-Nov-2025,1899.4,1914.9,1994.9,1882.5,1950.0,1967.4,1951.1,373215,7281.82,32487, 112729, 30.20
POLYPLEX, EQ, 27-Nov-2025,850.75,848.0,854.85,838.05,843.5,840.75,844.58,21828,184.36,1452, 13610, 62.35
PONNIERODE, EQ, 27-Nov-2025,284.45,285.0,291.95,284.95,291.7,290.3,288.61,10288,29.69,570, 6573, 63.89
POONAWALLA, EQ, 27-Nov-2025,469.35,473.0,473.0,464.5,465.4,465.6,468.56,348992,1635.23,10076, 151296, 43.35
POWERGRID, EQ, 27-Nov-2025,275.05,277.0,277.0,273.3,273.95,273.7,274.3,9865039,27059.71,98121, 7165504, 72.64
POWERINDIA, EQ, 27-Nov-2025,22204.0,22204.0,22273.0,21752.0,21819.0,21798.0,21939.77,58001,12725.29,18065, 22866, 39.42
POWERMECH, EQ, 27-Nov-2025,2384.5,2393.0,2402.8,2353.1,2364.9,2360.2,2371.14,31599,749.26,6103, 15833, 50.11
PPAP, EQ, 27-Nov-2025,231.95,235.3,238.1,225.6,226.25,226.5,229.53,13516,31.02,910, 8589, 63.55
PPL, EQ, 27-Nov-2025,255.5,256.5,258.0,252.05,253.0,253.35,254.66,32012,81.52,1544, 14827, 46.32
PPLPHARMA, EQ, 27-Nov-2025,187.38,188.75,188.82,185.84,186.42,186.4,186.81,1641129,3065.84,16920, 733237, 44.68
PRABHA, EQ, 27-Nov-2025,195.16,190.05,199.63,190.05,193.5,196.7,195.6,16803,32.87,740, 9625, 57.28
PRAJIND, EQ, 27-Nov-2025,325.2,325.2,327.5,322.45,322.95,323.05,324.34,414549,1344.55,13734, 207898, 50.15
PRAKASH, EQ, 27-Nov-2025,137.78,138.98,140.48,137.1,137.29,137.6,138.78,462826,642.31,4173, 246307, 53.22
PRAKASHSTL, EQ, 27-Nov-2025,4.63,4.64,4.76,4.46,4.53,4.51,4.57,312478,14.28,829, 249813, 79.95
PRECAM, EQ, 27-Nov-2025,176.99,177.85,179.88,176.1,178.5,177.16,177.55,67022,119.0,1754, 28487, 42.50
PRECOT, EQ, 27-Nov-2025,452.65,448.55,464.95,435.0,435.0,446.5,452.38,1899,8.59,211, 882, 46.45
PRECWIRE, EQ, 27-Nov-2025,252.55,255.04,259.68,249.12,257.0,256.8,255.38,391560,999.95,7852, 150491, 38.43
PREMEXPLN, EQ, 27-Nov-2025,543.25,544.95,549.0,535.0,537.0,536.4,540.74,187754,1015.26,6621, 63904, 34.04
PREMIERENE, EQ, 27-Nov-2025,981.4,985.0,1002.8,980.0,987.5,989.3,988.94,666755,6593.79,33967, 332528, 49.87
PREMIERPOL, EQ, 27-Nov-2025,45.41,45.25,48.8,44.49,45.3,45.65,46.82,200609,93.93,4102, 42700, 21.29
PRESTIGE, EQ, 27-Nov-2025,1667.8,1680.0,1693.0,1657.8,1665.5,1669.5,1670.05,203471,3398.08,17741, 74546, 36.64
PRICOLLTD, EQ, 27-Nov-2025,624.95,631.25,631.7,614.0,618.0,617.6,619.42,314337,1947.06,13310, 158154, 50.31
PRIMESECU, EQ, 27-Nov-2025,304.0,302.05,303.8,297.0,297.0,298.6,300.02,31936,95.81,641, 26281, 82.29
PRIMO, EQ, 27-Nov-2025,24.97,25.6,26.61,24.01,25.45,25.34,25.35,254771,64.59,1373, 155635, 61.09
PRINCEPIPE, EQ, 27-Nov-2025,283.0,283.7,285.85,277.1,278.0,278.75,280.26,95608,267.95,3566, 52404, 54.81
PRITI, EQ, 27-Nov-2025,55.3,57.49,66.36,57.48,66.36,66.36,64.08,108536,69.56,1363, 55471, 51.11
PRITIKAUTO, EQ, 27-Nov-2025,14.91,14.99,15.24,14.83,14.88,14.93,15.04,149742,22.52,656, 87145, 58.20
PRIVISCL, EQ, 27-Nov-2025,3100.7,3081.0,3125.9,3019.3,3050.0,3046.3,3064.17,52041,1594.62,7980, 27433, 52.71
PROSTARM, EQ, 27-Nov-2025,159.64,160.5,190.0,160.25,178.0,182.07,183.75,21411287,39343.7,134771, 1994178, 9.31
PROTEAN, EQ, 27-Nov-2025,824.65,825.0,827.35,808.05,814.3,813.45,816.71,158396,1293.64,6078, 91667, 57.87
PRSMJOHNSN, EQ, 27-Nov-2025,139.04,139.25,140.48,137.5,138.0,138.02,138.81,51730,71.8,1934, 24215, 46.81
PRUDENT, EQ, 27-Nov-2025,2537.9,2534.0,2549.9,2475.1,2478.8,2489.3,2500.93,17847,446.34,3694, 10715, 60.04
PRUDMOULI, EQ, 27-Nov-2025,24.45,24.21,24.93,23.55,23.9,23.98,24.07,45675,10.99,356, 34502, 75.54
PSB, EQ, 27-Nov-2025,30.3,30.43,30.43,30.0,30.15,30.16,30.17,728009,219.66,3971, 351966, 48.35
PSPPROJECT, EQ, 27-Nov-2025,906.45,916.65,959.9,916.0,945.0,950.6,939.8,384389,3612.5,15261, 109407, 28.46
PSUBANK, EQ, 27-Nov-2025,852.38,855.2,858.96,845.32,850.9,850.43,849.78,18867,160.33,454, 11820, 62.65
PSUBANKADD, EQ, 27-Nov-2025,86.1,87.13,87.13,84.96,85.83,85.52,85.51,33613,28.74,277, 26703, 79.44
PSUBNKBEES, EQ, 27-Nov-2025,95.42,95.61,95.96,94.4,94.9,94.86,94.82,4334057,4109.66,8663, 2720214, 62.76
PSUBNKIETF, EQ, 27-Nov-2025,86.28,84.12,87.1,84.12,86.2,86.12,86.04,165881,142.73,830, 112072, 67.56
PTC, EQ, 27-Nov-2025,161.06,161.44,161.56,159.71,160.09,160.07,160.24,526417,843.52,7819, 305984, 58.13
PTCIL, EQ, 27-Nov-2025,18135.0,18135.0,18261.0,17950.0,18078.0,18037.0,18072.52,7970,1440.38,2845, 3274, 41.08
PTL, EQ, 27-Nov-2025,39.55,40.0,40.0,39.5,39.72,39.53,39.64,26413,10.47,385, 20268, 76.73
PUNJABCHEM, EQ, 27-Nov-2025,1329.0,1315.7,1384.4,1311.0,1368.0,1373.7,1355.79,12590,170.69,1440, 6572, 52.20
PURVA, EQ, 27-Nov-2025,245.55,246.2,253.45,244.7,248.5,248.9,249.09,72318,180.13,2344, 23629, 32.67
PVRINOX, EQ, 27-Nov-2025,1085.1,1083.0,1083.0,1060.8,1068.0,1067.6,1069.06,152252,1627.66,10766, 72449, 47.58
PVSL, EQ, 27-Nov-2025,134.49,134.01,135.65,131.73,134.96,134.51,133.73,27708,37.06,1061, 15415, 55.63
PVTBANIETF, EQ, 27-Nov-2025,28.89,28.98,29.1,28.91,29.04,29.0,29.0,691148,200.43,1085, 402135, 58.18
PVTBANKADD, EQ, 27-Nov-2025,28.99,29.27,29.28,29.02,29.03,29.21,29.22,2021528,590.66,219, 2007302, 99.30
PWL, EQ, 27-Nov-2025,131.89,132.0,133.39,125.0,125.7,126.99,129.13,18617289,24039.99,91001, 3194440, 17.16
PYRAMID, EQ, 27-Nov-2025,161.85,164.08,165.12,161.86,163.3,163.88,163.67,11467,18.77,599, 6251, 54.51
QGOLDHALF, EQ, 27-Nov-2025,104.06,106.66,106.66,103.68,104.06,104.02,104.15,80459,83.8,369, 50618, 62.91
QNIFTY, EQ, 27-Nov-2025,2863.04,2869.94,2873.9,2860.0,2866.0,2864.8,2867.78,203,5.82,52, 107, 52.71
QPOWER, EQ, 27-Nov-2025,745.4,745.4,753.0,736.6,739.5,739.6,743.06,250936,1864.61,10840, 118028, 47.04
QUADFUTURE, EQ, 27-Nov-2025,308.2,311.0,322.0,310.95,311.95,312.5,315.66,286169,903.33,8298, 76424, 26.71
QUAL30IETF, EQ, 27-Nov-2025,21.94,22.0,22.02,21.85,21.95,21.92,21.94,67272,14.76,164, 60307, 89.65
QUALITY30, EQ, 27-Nov-2025,21.44,21.97,21.97,21.43,21.55,21.54,21.49,3340,0.72,20, 2449, 73.32
QUESS, EQ, 27-Nov-2025,214.89,215.0,217.0,212.61,212.61,213.68,214.63,276160,592.73,5994, 140367, 50.83
QUICKHEAL, EQ, 27-Nov-2025,303.15,302.15,306.2,299.5,301.0,301.5,301.77,43059,129.94,1648, 18178, 42.22
RACE, EQ, 27-Nov-2025,161.34,161.34,163.5,160.0,162.43,161.43,161.8,2850,4.61,213, 1553, 54.49
RACLGEAR, EQ, 27-Nov-2025,1059.2,1069.5,1112.9,1055.0,1072.9,1065.0,1073.3,23580,253.08,2377, 12105, 51.34
RADAAN, EQ, 27-Nov-2025,3.35,3.28,3.55,3.11,3.33,3.33,3.32,88339,2.93,198, 52528, 59.46
RADHIKAJWE, EQ, 27-Nov-2025,80.55,80.9,81.84,80.04,80.95,80.47,80.68,99381,80.19,1499, 46352, 46.64
RADIANTCMS, EQ, 27-Nov-2025,53.05,52.76,53.75,52.75,53.27,53.17,53.22,56403,30.02,1920, 22476, 39.85
RADICO, EQ, 27-Nov-2025,3294.0,3307.5,3308.0,3145.0,3176.5,3160.2,3194.27,324504,10365.52,36805, 158227, 48.76
RADIOCITY, EQ, 27-Nov-2025,6.77,6.9,6.93,6.65,6.7,6.71,6.8,48853,3.32,354, 31448, 64.37
RAILTEL, EQ, 27-Nov-2025,343.2,345.6,351.2,345.0,345.25,345.95,347.76,557430,1938.51,13189, 152286, 27.32
RAIN, EQ, 27-Nov-2025,109.69,109.97,110.88,107.11,107.65,107.6,108.88,1769820,1926.91,13812, 1071913, 60.57
RAINBOW, EQ, 27-Nov-2025,1350.5,1354.0,1361.8,1338.3,1355.0,1356.7,1354.14,128352,1738.06,7274, 97047, 75.61
RAJESHEXPO, EQ, 27-Nov-2025,187.89,189.0,190.16,185.21,186.3,186.21,187.41,170571,319.67,5749, 74107, 43.45
RAJMET, EQ, 27-Nov-2025,4.08,4.08,4.19,3.75,4.07,4.08,4.04,527830,21.35,1587, 367293, 69.59
RAJOOENG, EQ, 27-Nov-2025,74.45,74.2,78.42,74.2,77.0,77.06,76.99,862328,663.91,6241, 487539, 56.54
RAJRATAN, EQ, 27-Nov-2025,430.25,431.95,445.0,430.0,431.0,432.3,437.27,131005,572.84,6083, 36376, 27.77
RAJSREESUG, EQ, 27-Nov-2025,37.57,38.01,38.01,37.12,37.74,37.6,37.59,16601,6.24,380, 10475, 63.10
RAJTV, EQ, 27-Nov-2025,40.63,40.61,41.91,40.01,41.7,41.68,41.26,10261,4.23,91, 7613, 74.19
RALLIS, EQ, 27-Nov-2025,262.85,264.7,265.7,260.05,263.3,263.3,262.56,583219,1531.3,14337, 258846, 44.38
RAMANEWS, EQ, 27-Nov-2025,28.88,29.94,30.4,28.31,29.8,29.8,29.8,66309,19.76,601, 41710, 62.90
RAMAPHO, EQ, 27-Nov-2025,174.87,175.37,181.35,175.15,178.11,178.91,178.52,70580,126.0,2130, 25023, 35.45
RAMASTEEL, EQ, 27-Nov-2025,10.01,10.02,10.07,9.85,9.95,9.9,9.95,4735702,471.25,5941, 3122280, 65.93
RAMCOCEM, EQ, 27-Nov-2025,1016.9,1014.2,1023.3,1008.1,1017.3,1019.6,1016.98,178276,1813.04,9380, 124558, 69.87
RAMCOIND, EQ, 27-Nov-2025,325.95,326.1,326.6,320.1,323.05,321.45,322.13,38894,125.29,1344, 23205, 59.66
RAMCOSYS, EQ, 27-Nov-2025,605.4,605.0,605.0,585.55,590.7,592.4,594.15,42607,253.15,2703, 25118, 58.95
RAMKY, EQ, 27-Nov-2025,591.2,593.55,599.35,587.0,595.85,593.75,591.87,27926,165.28,1289, 15931, 57.05
RAMRAT, EQ, 27-Nov-2025,613.85,620.0,620.0,607.55,615.7,612.95,611.85,16628,101.74,971, 9192, 55.28
RANASUG, EQ, 27-Nov-2025,13.25,13.28,13.49,13.01,13.35,13.27,13.2,113155,14.93,677, 79592, 70.34
RANEHOLDIN, EQ, 27-Nov-2025,1423.8,1422.4,1427.9,1409.8,1414.0,1415.2,1415.38,4984,70.54,446, 3388, 67.98
RATEGAIN, EQ, 27-Nov-2025,722.35,722.55,728.4,703.55,707.0,710.0,715.76,305881,2189.38,15466, 120821, 39.50
RATNAMANI, EQ, 27-Nov-2025,2385.3,2389.0,2398.7,2370.0,2389.0,2385.8,2383.65,13301,317.05,1816, 8741, 65.72
RATNAVEER, EQ, 27-Nov-2025,148.87,151.0,155.7,148.53,153.0,153.74,152.44,318827,486.01,4264, 166642, 52.27
RAYMOND, EQ, 27-Nov-2025,490.35,489.0,504.45,484.0,485.65,485.7,492.25,313637,1543.88,11963, 131234, 41.84
RAYMONDLSL, EQ, 27-Nov-2025,1146.7,1144.0,1149.5,1121.0,1135.6,1126.2,1130.96,38452,434.88,4230, 13278, 34.53
RAYMONDREL, EQ, 27-Nov-2025,514.2,518.0,518.65,492.25,496.0,495.5,500.44,291364,1458.11,8635, 134750, 46.25
RBA, EQ, 27-Nov-2025,62.86,63.0,63.15,61.39,61.87,61.85,62.11,2732841,1697.29,16449, 1263998, 46.25
RBLBANK, EQ, 27-Nov-2025,317.5,317.5,318.1,308.3,312.1,311.75,312.3,5707931,17826.05,44329, 2518462, 44.12
RBZJEWEL, EQ, 27-Nov-2025,141.17,143.4,143.4,137.21,138.02,138.62,140.1,71725,100.49,2448, 33942, 47.32
RCF, EQ, 27-Nov-2025,141.16,141.9,142.8,141.51,142.11,142.5,142.36,551615,785.26,7126, 197299, 35.77
RECLTD, EQ, 27-Nov-2025,356.4,356.4,364.35,356.0,362.6,362.25,362.12,5683705,20581.59,58697, 2971707, 52.28
REDINGTON, EQ, 27-Nov-2025,287.5,289.0,290.3,282.0,284.85,283.55,286.3,2264397,6483.07,26072, 829727, 36.64
REDTAPE, EQ, 27-Nov-2025,133.32,133.98,133.98,128.96,129.75,129.71,130.23,323661,421.49,7425, 186536, 57.63
REFEX, EQ, 27-Nov-2025,325.9,326.15,327.8,318.5,320.4,320.4,323.79,198874,643.94,4454, 80515, 40.49
REGAAL, EQ, 27-Nov-2025,82.14,82.8,83.58,79.88,80.72,80.94,81.19,540467,438.83,4138, 292413, 54.10
REGENCERAM, EQ, 27-Nov-2025,46.62,50.2,50.2,47.01,47.05,47.09,47.09,1208,0.57,22, 1106, 91.56
RELAXO, EQ, 27-Nov-2025,412.4,414.9,415.0,408.0,409.8,410.15,410.18,46709,191.59,2982, 23093, 49.44
RELCHEMQ, EQ, 27-Nov-2025,142.32,143.45,147.5,141.01,145.98,145.04,143.81,4753,6.84,183, 1981, 41.68
RELIANCE, EQ, 27-Nov-2025,1569.9,1575.0,1575.5,1556.0,1564.8,1563.4,1563.68,9794643,153157.05,278929, 5655438, 57.74
RELIGARE, EQ, 27-Nov-2025,248.55,249.0,249.55,245.75,247.0,246.65,247.56,811237,2008.26,9678, 459691, 56.67
RELTD, EQ, 27-Nov-2025,151.56,154.0,154.0,150.0,152.5,152.12,151.15,90088,136.17,1255, 58611, 65.06
REMSONSIND, EQ, 27-Nov-2025,121.4,121.64,124.87,121.46,122.1,122.19,122.79,101295,124.39,1857, 46592, 46.00
RENUKA, EQ, 27-Nov-2025,27.23,27.28,27.69,27.1,27.17,27.18,27.36,1916135,524.26,8672, 739905, 38.61
REPCOHOME, EQ, 27-Nov-2025,416.25,416.25,417.55,411.35,412.8,413.55,413.26,54107,223.6,1619, 34997, 64.68
REPL, EQ, 27-Nov-2025,127.81,128.5,129.7,126.77,127.4,127.46,127.47,5310,6.77,153, 3893, 73.31
REPRO, EQ, 27-Nov-2025,483.95,487.8,487.8,472.35,477.95,476.1,477.74,19779,94.49,2032, 10626, 53.72
RESPONIND, EQ, 27-Nov-2025,214.54,210.86,221.34,209.8,215.0,215.18,214.83,588368,1263.97,12000, 69558, 11.82
RETAIL, EQ, 27-Nov-2025,28.65,29.0,29.0,28.2,28.21,28.34,28.82,1949,0.56,29, 1679, 86.15
RGL, EQ, 27-Nov-2025,121.74,121.74,125.0,120.1,124.93,124.45,123.08,342954,422.1,3335, 158967, 46.35
RHETAN, EQ, 27-Nov-2025,23.08,23.27,23.28,22.0,22.7,22.76,22.49,4352259,978.96,4011, 936813, 21.52
RHIM, EQ, 27-Nov-2025,474.45,474.5,478.0,464.5,467.0,466.0,469.37,73608,345.5,5622, 31619, 42.96
RHL, EQ, 27-Nov-2025,221.49,222.17,224.74,217.0,217.0,217.65,222.57,2375,5.29,59, 1812, 76.29
RICOAUTO, EQ, 27-Nov-2025,105.8,106.35,108.34,105.09,106.25,106.5,106.85,907738,969.96,7766, 299532, 33.00
RIIL, EQ, 27-Nov-2025,857.95,863.5,884.9,862.7,870.5,870.45,873.14,76525,668.17,3253, 21174, 27.67
RITCO, EQ, 27-Nov-2025,275.4,277.95,277.95,268.65,272.55,270.6,271.61,22355,60.72,633, 13502, 60.40
RITES, EQ, 27-Nov-2025,239.53,240.2,242.7,237.5,238.11,238.15,239.47,350548,839.47,11430, 153761, 43.86
RKDL, EQ, 27-Nov-2025,25.07,25.69,26.22,24.95,25.25,25.17,25.55,59064,15.09,425, 15291, 25.89
RKEC, EQ, 27-Nov-2025,57.87,58.07,58.77,57.22,58.25,57.62,58.04,49291,28.61,1091, 25861, 52.47
RKFORGE, EQ, 27-Nov-2025,542.1,544.0,556.4,540.0,543.0,544.25,546.99,527700,2886.47,16127, 228942, 43.38
RKSWAMY, EQ, 27-Nov-2025,125.28,125.45,126.86,123.01,124.4,123.56,124.08,15765,19.56,421, 9587, 60.81
RMDRIP, EQ, 27-Nov-2025,81.05,81.7,83.78,81.65,82.7,83.01,82.45,623910,514.39,1546, 282172, 45.23
RML, EQ, 27-Nov-2025,798.75,792.25,806.0,780.05,780.05,782.95,793.29,5858,46.47,1006, 3411, 58.23
RNBDENIMS, EQ, 27-Nov-2025,129.88,129.0,131.98,127.6,127.6,127.84,128.76,12641,16.28,511, 4594, 36.34
ROHLTD, EQ, 27-Nov-2025,409.95,411.0,430.25,411.0,420.0,417.75,419.96,197135,827.89,5447, 73068, 37.06
ROLEXRINGS, EQ, 27-Nov-2025,103.73,104.24,106.36,103.78,104.33,104.58,105.09,407660,428.39,5362, 195730, 48.01
ROLLT, EQ, 27-Nov-2025,1.19,1.18,1.21,1.18,1.19,1.19,1.19,64241,0.77,107, 56140, 87.39
ROML, EQ, 27-Nov-2025,51.72,53.55,53.69,51.5,51.76,51.79,52.14,5122,2.67,239, 2381, 46.49
ROSSARI, EQ, 27-Nov-2025,594.05,597.2,605.9,595.55,602.0,602.4,600.13,24820,148.95,1642, 14124, 56.91
ROSSELLIND, EQ, 27-Nov-2025,57.87,57.18,59.95,57.18,57.22,57.91,58.51,37648,22.03,539, 18599, 49.40
ROSSTECH, EQ, 27-Nov-2025,791.95,780.9,814.7,772.6,782.1,783.1,792.88,597488,4737.38,23697, 103977, 17.40
ROTO, EQ, 27-Nov-2025,61.28,61.5,63.0,61.2,62.2,62.26,62.06,232753,144.44,3253, 117077, 50.30
ROUTE, EQ, 27-Nov-2025,662.05,668.0,669.0,660.9,664.0,663.6,665.18,68119,453.11,4575, 37615, 55.22
RPEL, EQ, 27-Nov-2025,1022.05,1022.05,1044.0,1006.9,1021.0,1013.05,1018.63,41118,418.84,1915, 30219, 73.49
RPGLIFE, EQ, 27-Nov-2025,2231.7,2231.7,2237.8,2196.0,2230.0,2230.1,2221.45,6526,144.97,1322, 3760, 57.62
RPOWER, EQ, 27-Nov-2025,39.48,40.0,40.8,39.51,40.19,40.21,40.19,65442955,26301.89,106574, 14070111, 21.50
RPPINFRA, EQ, 27-Nov-2025,104.87,105.19,107.19,103.44,104.99,104.55,105.34,38939,41.02,1161, 21332, 54.78
RPPL, EQ, 27-Nov-2025,18.63,18.89,18.97,18.3,18.95,18.82,18.77,25246,4.74,164, 15856, 62.81
RPSGVENT, EQ, 27-Nov-2025,791.55,792.35,809.0,790.0,796.85,796.55,795.78,16251,129.32,996, 8662, 53.30
RPTECH, EQ, 27-Nov-2025,328.0,330.0,337.95,328.0,328.2,329.45,331.58,94071,311.92,3349, 50861, 54.07
RRKABEL, EQ, 27-Nov-2025,1389.5,1400.6,1406.5,1377.0,1390.9,1386.2,1389.75,71091,987.99,7865, 27274, 38.36
RSSOFTWARE, EQ, 27-Nov-2025,45.6,45.81,47.88,45.81,47.88,47.88,47.64,33635,16.02,242, 27927, 83.03
RSWM, EQ, 27-Nov-2025,160.22,160.05,163.38,157.35,160.9,158.41,160.22,25280,40.5,978, 13295, 52.59
RSYSTEMS, EQ, 27-Nov-2025,404.5,404.9,407.35,394.8,397.6,396.85,399.82,67675,270.58,2501, 38795, 57.33
RTNINDIA, EQ, 27-Nov-2025,44.21,44.21,45.12,43.21,43.78,43.79,44.21,1449904,640.96,10556, 453319, 31.27
RTNPOWER, EQ, 27-Nov-2025,10.04,10.1,10.22,10.0,10.2,10.09,10.12,11151673,1128.18,13363, 3642831, 32.67
RUBFILA, EQ, 27-Nov-2025,76.24,77.2,77.2,75.51,75.54,75.92,76.0,7856,5.97,293, 6714, 85.46
RUBICON, EQ, 27-Nov-2025,658.75,665.25,665.25,638.1,649.4,644.7,650.72,252502,1643.08,12552, 135448, 53.64
RUBYMILLS, EQ, 27-Nov-2025,230.49,230.7,231.5,225.52,227.0,227.57,228.36,5690,12.99,281, 2743, 48.21
RUCHINFRA, EQ, 27-Nov-2025,6.8,6.98,7.19,6.86,7.05,6.95,7.0,285003,19.96,566, 132694, 46.56
RUCHIRA, EQ, 27-Nov-2025,122.68,122.68,124.02,119.83,121.23,121.51,121.04,55662,67.37,1534, 34258, 61.55
RUPA, EQ, 27-Nov-2025,174.21,174.1,176.75,174.1,176.4,176.29,175.9,63016,110.85,1685, 34630, 54.95
RUSHIL, EQ, 27-Nov-2025,23.17,23.17,23.74,23.0,23.08,23.29,23.31,220804,51.48,1463, 102736, 46.53
RUSTOMJEE, EQ, 27-Nov-2025,541.7,542.8,547.8,536.0,538.5,538.4,542.12,23650,128.21,917, 9926, 41.97
RVNL, EQ, 27-Nov-2025,323.6,326.8,329.7,321.6,324.3,324.55,325.2,4946518,16085.96,49307, 1096583, 22.17
RVTH, EQ, 27-Nov-2025,776.75,786.0,789.5,770.05,779.0,776.3,781.87,641,5.01,110, 482, 75.20
S&SPOWER, EQ, 27-Nov-2025,257.55,260.15,268.95,250.0,250.0,251.7,258.8,2515,6.51,225, 1683, 66.92
SAATVIKGL, EQ, 27-Nov-2025,413.8,416.3,420.0,406.2,407.4,408.35,411.85,139451,574.33,5043, 59516, 42.68
SABTNL, EQ, 27-Nov-2025,1392.5,1392.5,1425.0,1385.6,1385.6,1400.95,1410.16,35894,506.16,2389, 20932, 58.32
SADBHAV, EQ, 27-Nov-2025,11.08,11.75,11.99,11.41,11.88,11.73,11.78,1549892,182.53,3520, 768134, 49.56
SAFARI, EQ, 27-Nov-2025,2492.6,2500.0,2502.6,2421.0,2441.8,2446.1,2444.03,25837,631.46,5123, 9943, 38.48
SAGARDEEP, EQ, 27-Nov-2025,26.84,27.74,27.74,26.25,27.05,26.81,26.65,4580,1.22,68, 2628, 57.38
SAGCEM, EQ, 27-Nov-2025,213.37,213.37,216.0,212.21,213.0,214.04,214.69,19750,42.4,957, 9068, 45.91
SAGILITY, EQ, 27-Nov-2025,50.34,50.5,50.8,49.59,49.8,49.87,50.0,16989703,8494.75,35974, 6595330, 38.82
SAHYADRI, EQ, 27-Nov-2025,256.25,255.6,258.0,250.6,252.0,251.45,253.24,1290,3.27,43, 903, 70.00
SAIL, EQ, 27-Nov-2025,136.92,137.8,139.65,135.82,136.46,136.21,137.14,15805364,21675.43,36710, 8132565, 51.45
SAILIFE, EQ, 27-Nov-2025,880.0,882.0,891.95,870.0,878.0,876.45,878.0,245178,2152.67,18961, 114802, 46.82
SAKAR, EQ, 27-Nov-2025,366.7,366.7,381.1,364.1,366.25,370.25,371.54,14691,54.58,713, 9031, 61.47
SAKHTISUG, EQ, 27-Nov-2025,19.29,19.29,19.75,19.25,19.7,19.64,19.52,91577,17.88,655, 59204, 64.65
SAKSOFT, EQ, 27-Nov-2025,201.48,204.9,209.98,202.44,202.9,203.11,204.83,164499,336.95,4224, 49521, 30.10
SAKUMA, EQ, 27-Nov-2025,2.39,2.39,2.42,2.38,2.38,2.39,2.39,923178,22.1,1231, 746405, 80.85
SALASAR, EQ, 27-Nov-2025,10.04,10.55,10.79,9.69,9.81,9.81,10.12,43777082,4429.15,25927, 11732504, 26.80
SALONA, EQ, 27-Nov-2025,271.3,265.0,280.95,263.05,272.45,269.35,269.27,192,0.52,61, 92, 47.92
SALZERELEC, EQ, 27-Nov-2025,723.7,723.0,745.0,712.85,718.5,717.0,729.43,59731,435.7,4156, 22002, 36.84
SAMBHV, EQ, 27-Nov-2025,107.55,108.5,109.0,106.08,107.0,106.74,106.93,249232,266.51,3072, 105455, 42.31
SAMHI, EQ, 27-Nov-2025,180.78,182.04,194.99,182.04,193.35,193.36,189.78,2233239,4238.14,30560, 993105, 44.47
SAMMAANCAP, EQ, 27-Nov-2025,156.79,157.05,157.85,154.2,155.0,155.49,155.76,11385940,17734.84,37893, 4493823, 39.47
SAMPANN, EQ, 27-Nov-2025,34.4,34.9,34.9,33.58,33.62,33.75,34.37,36779,12.64,824, 19331, 52.56
SANATHAN, EQ, 27-Nov-2025,477.0,479.0,480.65,464.6,468.9,468.0,470.76,21326,100.39,1669, 14465, 67.83
SANDESH, EQ, 27-Nov-2025,1099.9,1100.3,1177.8,1091.0,1122.0,1110.6,1123.45,1603,18.01,182, 843, 52.59
SANDHAR, EQ, 27-Nov-2025,555.3,558.0,565.75,547.25,554.9,550.7,554.2,252192,1397.65,13854, 107006, 42.43
SANDUMA, EQ, 27-Nov-2025,204.92,208.01,218.8,207.5,211.6,211.73,214.68,5991987,12863.84,62082, 1032558, 17.23
SANGAMIND, EQ, 27-Nov-2025,448.7,449.15,452.95,446.95,448.0,450.0,449.24,10004,44.94,447, 6793, 67.90
SANGHIIND, EQ, 27-Nov-2025,63.66,63.65,63.9,63.12,63.7,63.5,63.54,168150,106.84,561, 112520, 66.92
SANGHVIMOV, EQ, 27-Nov-2025,343.95,343.95,349.75,338.35,341.5,341.9,343.91,147536,507.39,4561, 64350, 43.62
SANGINITA, EQ, 27-Nov-2025,10.42,10.31,10.77,9.81,10.08,10.09,10.17,23380,2.38,200, 15137, 64.74
SANOFI, EQ, 27-Nov-2025,4412.6,4422.0,4423.5,4350.1,4360.9,4358.8,4366.65,14155,618.1,3680, 8688, 61.38
SANOFICONR, EQ, 27-Nov-2025,4708.6,4734.5,4750.0,4663.0,4732.0,4737.5,4705.19,1202,56.56,691, 550, 45.76
SANSERA, EQ, 27-Nov-2025,1711.4,1724.9,1770.0,1720.8,1740.0,1744.6,1744.45,413108,7206.47,26862, 246297, 59.62
SANSTAR, EQ, 27-Nov-2025,92.53,93.35,93.88,91.99,92.1,92.6,92.66,110107,102.02,1712, 60967, 55.37
SAPPHIRE, EQ, 27-Nov-2025,254.5,254.0,257.25,251.45,252.0,252.35,254.09,93378,237.27,4144, 44770, 47.94
SARDAEN, EQ, 27-Nov-2025,485.0,491.0,496.45,483.75,488.8,487.85,489.66,506576,2480.48,21309, 173003, 34.15
SAREGAMA, EQ, 27-Nov-2025,380.4,382.9,407.2,380.6,397.0,399.75,392.45,9075196,35615.92,163967, 2889863, 31.84
SARLAPOLY, EQ, 27-Nov-2025,87.56,88.35,88.79,87.77,88.2,88.23,88.3,32729,28.9,606, 23179, 70.82
SARVESHWAR, EQ, 27-Nov-2025,4.69,4.75,4.75,4.53,4.55,4.54,4.61,4108349,189.31,4421, 2525318, 61.47
SASKEN, EQ, 27-Nov-2025,1370.9,1370.9,1384.5,1356.2,1356.3,1360.6,1363.41,8087,110.26,1083, 4280, 52.92
SASTASUNDR, EQ, 27-Nov-2025,326.3,329.0,334.4,321.0,323.0,322.65,327.85,20601,67.54,645, 12432, 60.35
SATIA, EQ, 27-Nov-2025,68.15,68.95,69.14,67.3,68.34,68.34,68.08,65856,44.84,1666, 34155, 51.86
SATIN, EQ, 27-Nov-2025,149.15,149.0,151.99,147.03,151.9,151.7,149.99,207058,310.56,2023, 126316, 61.01
SAURASHCEM, EQ, 27-Nov-2025,91.24,92.5,92.85,91.22,92.37,91.97,91.91,25034,23.01,491, 13938, 55.68
SBC, EQ, 27-Nov-2025,25.83,25.89,26.25,25.55,25.92,25.78,25.88,13166412,3408.05,8297, 7386674, 56.10
SBCL, EQ, 27-Nov-2025,438.55,439.9,440.9,428.0,432.0,431.15,431.14,76093,328.07,6260, 47686, 62.67
SBFC, EQ, 27-Nov-2025,108.88,109.09,109.58,105.59,106.75,106.56,106.81,1553597,1659.36,22030, 912177, 58.71
SBGLP, EQ, 27-Nov-2025,30.99,31.59,31.59,29.51,30.63,30.48,30.55,34365,10.5,340, 21038, 61.22
SBIBPB, EQ, 27-Nov-2025,49.81,50.89,50.89,49.3,49.74,49.53,49.73,27955,13.9,429, 22466, 80.36
SBICARD, EQ, 27-Nov-2025,877.75,878.4,885.7,875.85,881.0,880.4,880.22,1072239,9438.06,19902, 855109, 79.75
SBIETFCON, EQ, 27-Nov-2025,128.76,128.77,129.13,127.62,128.42,128.11,128.37,3908,5.02,199, 2562, 65.56
SBIETFIT, EQ, 27-Nov-2025,409.13,410.1,413.0,407.63,410.04,409.91,410.54,14482,59.45,300, 12229, 84.44
SBIETFPB, EQ, 27-Nov-2025,291.58,291.59,294.1,291.59,292.55,293.34,293.11,1810,5.31,173, 1466, 80.99
SBIETFQLTY, EQ, 27-Nov-2025,231.2,230.05,232.3,229.84,231.47,230.59,231.07,22793,52.67,84, 20885, 91.63
SBILIFE, EQ, 27-Nov-2025,2029.1,2030.0,2036.0,2000.8,2001.8,2004.5,2007.18,652128,13089.41,35922, 441703, 67.73
SBILIQETF, EQ, 27-Nov-2025,1015.86,1016.0,1016.0,1015.98,1016.0,1016.0,1016.0,16958,172.29,15, 15856, 93.50
SBIN, EQ, 27-Nov-2025,983.9,986.7,988.55,968.9,973.0,972.85,975.62,11909168,116188.05,174267, 6251102, 52.49
SBINEQWETF, EQ, 27-Nov-2025,33.68,33.69,33.76,33.4,33.65,33.45,33.61,6965,2.34,178, 5933, 85.18
SBISILVER, EQ, 27-Nov-2025,155.44,156.62,160.6,156.62,159.1,159.48,159.05,1553231,2470.48,7020, 725426, 46.70
SCHAEFFLER, EQ, 27-Nov-2025,3899.0,3919.0,3919.0,3816.0,3841.1,3856.8,3857.24,84609,3263.57,17343, 61461, 72.64
SCHAND, EQ, 27-Nov-2025,170.5,172.99,174.46,168.0,169.0,169.04,171.15,26302,45.01,823, 19298, 73.37
SCHNEIDER, EQ, 27-Nov-2025,733.2,736.15,739.95,708.0,719.0,719.4,717.88,240646,1727.54,11974, 131247, 54.54
SCI, EQ, 27-Nov-2025,233.0,235.0,240.95,228.15,228.7,229.35,233.24,3856338,8994.6,36358, 1195752, 31.01
SCILAL, EQ, 27-Nov-2025,47.52,47.25,48.83,47.25,48.15,47.81,48.15,252237,121.45,1727, 120946, 47.95
SCODATUBES, EQ, 27-Nov-2025,169.86,170.0,173.0,166.25,170.0,168.79,169.62,284556,482.67,3605, 131057, 46.06
SCPL, EQ, 27-Nov-2025,209.27,209.06,213.0,207.0,208.0,207.23,208.62,10262,21.41,461, 7630, 74.35
SDBL, EQ, 27-Nov-2025,116.45,116.54,118.69,116.5,118.15,117.9,118.05,267080,315.28,2793, 149046, 55.81
SDL26BEES, EQ, 27-Nov-2025,134.58,135.25,135.29,134.1,134.1,134.1,134.78,646,0.87,26, 147, 22.76
SEAMECLTD, EQ, 27-Nov-2025,914.05,905.0,917.9,905.0,917.9,915.8,914.12,22469,205.39,924, 16045, 71.41
SECMARK, EQ, 27-Nov-2025,116.24,116.24,120.99,112.0,116.0,115.86,115.98,991,1.15,46, 760, 76.69
SELECTIPO, EQ, 27-Nov-2025,48.33,48.47,48.48,48.12,48.27,48.24,48.28,3529,1.7,99, 2643, 74.89
SEMAC, EQ, 27-Nov-2025,322.05,331.0,332.25,321.4,325.05,326.2,328.44,199,0.65,54, 103, 51.76
SENCO, EQ, 27-Nov-2025,311.45,313.5,313.5,309.5,310.0,310.45,311.18,236693,736.54,9937, 111039, 46.91
SENORES, EQ, 27-Nov-2025,778.95,781.2,798.0,775.0,780.0,781.85,786.9,173142,1362.46,5401, 84744, 48.94
SENSEXADD, EQ, 27-Nov-2025,87.42,87.76,87.91,87.58,87.61,87.58,87.73,1621,1.42,29, 1549, 95.56
SENSEXETF, EQ, 27-Nov-2025,87.66,87.66,88.12,87.49,87.98,87.86,87.85,10885,9.56,175, 6544, 60.12
SENSEXIETF, EQ, 27-Nov-2025,978.49,978.49,983.1,975.11,979.75,979.49,980.39,29578,289.98,3214, 26740, 90.41
SEPC, EQ, 27-Nov-2025,9.85,9.87,10.3,9.87,10.29,10.22,10.09,9588323,967.76,9382, 4536557, 47.31
SEQUENT, EQ, 27-Nov-2025,219.28,221.44,235.6,221.44,226.3,226.39,229.8,3780583,8687.93,46009, 1075410, 28.45
SERVOTECH, EQ, 27-Nov-2025,92.48,93.48,94.48,91.31,91.9,91.66,92.46,617483,570.95,7284, 321517, 52.07
SESHAPAPER, EQ, 27-Nov-2025,245.4,243.0,248.0,242.8,243.2,244.15,244.38,10653,26.03,411, 6322, 59.34
SETCO, EQ, 27-Nov-2025,15.89,16.68,16.68,16.02,16.37,16.51,16.46,104117,17.14,437, 60284, 57.90
SETF10GILT, EQ, 27-Nov-2025,260.25,261.04,261.04,260.27,260.3,260.3,260.4,69072,179.86,93, 36889, 53.41
SETFGOLD, EQ, 27-Nov-2025,107.48,107.4,107.56,107.05,107.49,107.38,107.33,2938222,3153.7,8069, 1795893, 61.12
SETFNIF50, EQ, 27-Nov-2025,279.86,282.5,282.5,279.29,280.45,280.03,280.27,1124393,3151.3,4587, 701592, 62.40
SETFNIFBK, EQ, 27-Nov-2025,609.24,609.99,612.5,609.12,611.66,610.92,610.9,39006,238.29,628, 24350, 62.43
SETFNN50, EQ, 27-Nov-2025,735.31,740.59,740.59,732.32,738.3,735.71,736.95,15713,115.8,1695, 10235, 65.14
SFL, EQ, 27-Nov-2025,612.85,616.8,616.8,605.0,606.6,607.55,608.84,101011,614.99,5846, 59404, 58.81
SGFIN, EQ, 27-Nov-2025,402.25,404.9,410.0,397.0,408.2,406.35,402.48,120699,485.79,2279, 69422, 57.52
SGIL, EQ, 27-Nov-2025,552.45,560.0,563.95,548.05,550.5,550.3,551.21,12811,70.62,679, 8670, 67.68
SGL, EQ, 27-Nov-2025,13.62,13.62,13.98,13.5,13.69,13.52,13.61,12984,1.77,91, 7520, 57.92
SGLTL, EQ, 27-Nov-2025,161.57,161.57,163.72,160.81,162.21,162.0,161.74,67850,109.74,1187, 39546, 58.28
SGMART, EQ, 27-Nov-2025,351.45,354.8,354.8,349.5,350.0,350.15,350.17,39802,139.37,604, 33908, 85.19
SHAH, EQ, 27-Nov-2025,3.9,3.95,4.09,3.83,3.91,3.94,4.03,2744746,110.54,1239, 1944637, 70.85
SHAHALLOYS, EQ, 27-Nov-2025,75.37,75.37,75.37,73.79,74.05,74.14,74.37,18516,13.77,323, 13962, 75.41
SHAILY, EQ, 27-Nov-2025,2623.1,2648.0,2655.0,2561.6,2575.0,2581.8,2606.32,209992,5473.06,21639, 101101, 48.15
SHAKTIPUMP, EQ, 27-Nov-2025,690.3,693.8,695.0,676.95,680.0,678.4,681.7,293286,1999.34,15299, 165257, 56.35
SHALBY, EQ, 27-Nov-2025,212.54,212.54,216.35,208.36,210.5,209.77,212.98,106065,225.89,4338, 54859, 51.72
SHALPAINTS, EQ, 27-Nov-2025,67.2,67.9,68.69,65.97,66.65,66.94,66.98,64911,43.47,1732, 29764, 45.85
SHANKARA, EQ, 27-Nov-2025,120.53,120.99,123.95,119.04,120.2,120.23,121.4,86570,105.1,2313, 38270, 44.21
SHANTI, EQ, 27-Nov-2025,9.23,9.5,9.5,9.28,9.33,9.33,9.36,19629,1.84,105, 11536, 58.77
SHANTIGEAR, EQ, 27-Nov-2025,470.25,472.0,472.45,469.95,470.0,470.2,470.15,28927,136.0,507, 24835, 85.85
SHANTIGOLD, EQ, 27-Nov-2025,217.41,217.3,217.3,211.86,212.7,213.17,215.33,449244,967.37,13374, 76635, 17.06
SHARDACROP, EQ, 27-Nov-2025,830.6,830.6,832.4,808.8,812.0,813.0,817.48,147083,1202.38,8501, 72267, 49.13
SHARDAMOTR, EQ, 27-Nov-2025,918.6,918.6,930.0,912.6,925.7,925.6,923.07,28685,264.78,3292, 15828, 55.18
SHAREINDIA, EQ, 27-Nov-2025,164.45,165.65,178.9,164.9,169.15,169.34,173.13,2920543,5056.36,27617, 385029, 13.18
SHARIABEES, EQ, 27-Nov-2025,512.04,512.04,514.2,510.2,513.0,512.59,512.7,9687,49.67,596, 7581, 78.26
SHEKHAWATI, EQ, 27-Nov-2025,19.71,20.2,20.64,19.21,19.42,19.63,19.73,32655,6.44,186, 25434, 77.89
SHEMAROO, EQ, 27-Nov-2025,111.8,111.8,115.51,111.8,113.6,113.96,114.32,12651,14.46,188, 8350, 66.00
SHILCTECH, EQ, 27-Nov-2025,4128.9,4139.8,4220.0,4055.0,4085.0,4102.3,4113.26,16399,674.53,3642, 10149, 61.89
SHILPAMED, EQ, 27-Nov-2025,347.95,349.5,353.45,347.05,348.0,350.15,350.2,168635,590.56,5197, 114274, 67.76
SHIVALIK, EQ, 27-Nov-2025,399.85,399.0,405.3,399.0,399.0,402.3,402.63,9039,36.39,547, 4750, 52.55
SHIVAMAUTO, EQ, 27-Nov-2025,27.06,27.45,27.95,27.4,27.75,27.68,27.63,144139,39.83,833, 84833, 58.85
SHIVAMILLS, EQ, 27-Nov-2025,61.71,62.5,62.95,61.01,62.5,62.11,62.22,1581,0.98,38, 1176, 74.38
SHIVATEX, EQ, 27-Nov-2025,189.96,189.22,192.71,187.25,187.27,188.97,190.22,20071,38.18,982, 9009, 44.89
SHIVAUM, EQ, 27-Nov-2025,284.95,284.95,284.95,284.95,284.95,284.95,284.95,1,0.0,1, 1, 100.00
SHK, EQ, 27-Nov-2025,169.96,171.65,172.43,167.1,167.9,168.0,169.21,219702,371.76,3940, 135737, 61.78
SHOPERSTOP, EQ, 27-Nov-2025,423.5,424.0,433.0,420.6,431.95,429.4,428.88,36334,155.83,3725, 22701, 62.48
SHRADHA, EQ, 27-Nov-2025,44.85,44.9,45.35,42.87,45.1,44.48,44.47,125067,55.62,101, 122832, 98.21
SHREDIGCEM, EQ, 27-Nov-2025,90.16,90.34,90.4,90.1,90.12,90.1,90.12,124589,112.28,450, 113142, 90.81
SHREECEM, EQ, 27-Nov-2025,26935.0,26935.0,26945.0,26615.0,26780.0,26755.0,26714.32,25657,6854.09,6589, 17557, 68.43
SHREEJISPG, EQ, 27-Nov-2025,308.1,310.95,322.8,310.65,318.75,318.35,318.01,1982783,6305.45,13830, 947603, 47.79
SHREEPUSHK, EQ, 27-Nov-2025,406.05,407.8,417.95,401.1,402.2,403.35,408.96,34782,142.24,2260, 13792, 39.65
SHRENIK, EQ, 27-Nov-2025,0.51,0.51,0.52,0.51,0.52,0.51,0.51,426146,2.18,231, 270152, 63.39
SHREYANIND, EQ, 27-Nov-2025,183.96,196.0,196.0,178.3,178.3,181.22,183.95,11941,21.97,194, 10578, 88.59
SHRINGARMS, EQ, 27-Nov-2025,226.46,227.35,229.4,224.15,224.4,224.87,226.68,507662,1150.76,2224, 141276, 27.83
SHRIPISTON, EQ, 27-Nov-2025,2613.6,2617.0,2619.9,2586.2,2590.0,2602.7,2604.64,18720,487.59,5776, 10723, 57.28
SHRIRAMFIN, EQ, 27-Nov-2025,856.6,860.0,869.5,857.25,867.95,867.65,865.26,6752154,58423.52,138433, 4004272, 59.30
SHRIRAMPPS, EQ, 27-Nov-2025,88.74,89.0,89.53,86.51,88.12,88.31,88.02,380324,334.75,2972, 166668, 43.82
SHYAMCENT, EQ, 27-Nov-2025,5.54,5.62,5.66,5.25,5.31,5.3,5.43,723862,39.31,1911, 498104, 68.81
SHYAMMETL, EQ, 27-Nov-2025,827.1,826.5,834.1,814.8,819.0,818.95,819.74,64561,529.23,4347, 27992, 43.36
SHYAMTEL, EQ, 27-Nov-2025,12.55,12.55,12.8,12.16,12.21,12.21,12.49,4775,0.6,30, 4774, 99.98
SIEMENS, EQ, 27-Nov-2025,3318.8,3310.0,3316.6,3266.2,3302.0,3312.1,3296.62,269573,8886.79,22254, 121115, 44.93
SIGACHI, EQ, 27-Nov-2025,34.67,35.4,35.4,34.05,34.5,34.56,34.75,707925,245.97,3132, 237470, 33.54
SIGIND, EQ, 27-Nov-2025,51.92,51.2,52.5,50.31,50.8,50.82,51.04,16563,8.45,242, 13723, 82.85
SIGNATURE, EQ, 27-Nov-2025,1132.8,1132.8,1144.0,1121.1,1121.1,1122.7,1126.74,280070,3155.65,10153, 30396, 10.85
SIGNPOST, EQ, 27-Nov-2025,224.46,226.6,226.9,219.16,222.97,222.22,222.47,21106,46.95,719, 12515, 59.30
SIL, EQ, 27-Nov-2025,17.0,17.25,17.25,16.47,16.7,16.73,16.69,32199,5.38,314, 15047, 46.73
SILINV, EQ, 27-Nov-2025,551.05,559.45,559.45,545.0,547.0,547.05,549.32,2113,11.61,203, 1018, 48.18
SILVER, EQ, 27-Nov-2025,157.96,163.0,163.65,157.5,161.98,161.95,161.6,2100342,3394.18,8829, 1055190, 50.24
SILVER1, EQ, 27-Nov-2025,153.58,154.65,158.8,154.65,157.68,157.9,157.54,1018037,1603.86,3559, 439022, 43.12
SILVER360, EQ, 27-Nov-2025,155.87,158.04,161.89,157.9,160.34,160.35,159.96,59083,94.51,440, 32777, 55.48
SILVERADD, EQ, 27-Nov-2025,152.85,154.94,158.47,154.82,156.5,156.65,156.52,551335,862.96,2205, 277708, 50.37
SILVERAG, EQ, 27-Nov-2025,154.55,155.25,159.94,155.25,158.5,158.86,158.48,429258,680.3,1501, 249741, 58.18
SILVERBEES, EQ, 27-Nov-2025,151.64,153.5,156.69,153.44,155.55,155.7,155.26,43116455,66940.78,81775, 20594211, 47.76
SILVERCASE, EQ, 27-Nov-2025,16.06,16.54,16.59,16.16,16.46,16.49,16.43,11303737,1857.74,7349, 6688133, 59.17
SILVERETF, EQ, 27-Nov-2025,153.47,153.47,158.35,153.47,157.13,157.33,157.06,1996360,3135.45,7697, 961491, 48.16
SILVERIETF, EQ, 27-Nov-2025,157.92,161.86,163.06,159.44,161.75,162.29,161.73,4953419,8011.13,16635, 2673595, 53.97
SILVERTUC, EQ, 27-Nov-2025,783.1,794.0,794.0,759.9,767.2,767.15,775.28,51172,396.73,2353, 16969, 33.16
SIMPLEXINF, EQ, 27-Nov-2025,288.85,289.1,290.55,275.0,278.0,277.85,280.91,134755,378.55,2416, 102250, 75.88
SINCLAIR, EQ, 27-Nov-2025,85.34,85.34,88.3,84.0,84.75,84.19,84.92,99798,84.75,1019, 74035, 74.18
SINDHUTRAD, EQ, 27-Nov-2025,23.77,23.79,24.08,23.5,23.62,23.68,23.68,307117,72.72,1526, 94928, 30.91
SINTERCOM, EQ, 27-Nov-2025,113.09,110.09,115.13,110.09,112.0,112.01,112.51,4915,5.53,55, 4638, 94.36
SIRCA, EQ, 27-Nov-2025,523.45,525.8,532.0,521.05,521.05,523.95,527.48,305018,1608.9,5153, 47616, 15.61
SIS, EQ, 27-Nov-2025,335.85,335.4,346.05,335.35,345.0,344.75,343.21,107408,368.64,5639, 50483, 47.00
SIYSIL, EQ, 27-Nov-2025,738.55,742.7,742.7,705.05,705.65,707.95,715.01,121097,865.86,7932, 63194, 52.18
SJS, EQ, 27-Nov-2025,1691.6,1708.1,1711.8,1661.2,1679.5,1669.2,1680.58,85992,1445.16,12142, 44249, 51.46
SJVN, EQ, 27-Nov-2025,78.57,78.94,79.53,78.7,78.99,78.88,79.06,1636846,1294.09,17833, 644158, 39.35
SKFINDIA, EQ, 27-Nov-2025,1950.8,1950.8,1959.0,1927.0,1939.0,1938.5,1937.69,19984,387.23,3917, 11569, 57.89
SKIPPER, EQ, 27-Nov-2025,476.25,476.25,481.8,465.6,472.0,470.0,472.19,126410,596.9,5817, 66828, 52.87
SKMEGGPROD, EQ, 27-Nov-2025,440.7,441.15,447.1,432.55,437.0,437.05,437.64,68647,300.43,2532, 33206, 48.37
SKYGOLD, EQ, 27-Nov-2025,337.6,338.0,343.5,330.35,333.2,334.45,334.78,783921,2624.38,11846, 481681, 61.45
SMALL250, EQ, 27-Nov-2025,16.85,16.85,16.86,16.74,16.78,16.78,16.81,134617,22.62,112, 130581, 97.00
SMALLCAP, EQ, 27-Nov-2025,45.01,45.19,45.24,44.7,44.88,44.85,44.93,1653454,742.87,3328, 779339, 47.13
SMARTLINK, EQ, 27-Nov-2025,133.83,135.83,135.83,132.42,135.7,134.94,134.54,2596,3.49,78, 2314, 89.14
SMARTWORKS, EQ, 27-Nov-2025,505.95,501.0,504.35,482.8,489.0,491.75,491.88,105149,517.21,6235, 66823, 63.55
SMCGLOBAL, EQ, 27-Nov-2025,60.04,60.65,63.4,59.61,62.5,62.07,61.9,184568,114.25,2711, 68271, 36.99
SML100CASE, EQ, 27-Nov-2025,10.14,10.42,10.42,10.06,10.12,10.08,10.12,345977,35.03,686, 305872, 88.41
SMLMAH, EQ, 27-Nov-2025,2906.5,2920.0,3049.9,2920.0,3030.0,3030.7,3009.17,61579,1853.02,6626, 24573, 39.90
SMLT, EQ, 27-Nov-2025,100.69,101.2,102.82,97.65,98.16,98.51,100.45,16538,16.61,355, 7866, 47.56
SMSPHARMA, EQ, 27-Nov-2025,322.3,327.35,335.0,311.4,320.0,319.6,322.8,4904853,15832.86,71852, 458940, 9.36
SNOWMAN, EQ, 27-Nov-2025,44.32,44.3,44.98,42.81,43.0,43.05,43.48,407805,177.33,3654, 222773, 54.63
SNXT30BEES, EQ, 27-Nov-2025,40.41,40.87,40.87,39.5,40.35,40.35,40.0,11526,4.61,69, 6015, 52.19
SOBHA, EQ, 27-Nov-2025,1572.6,1574.0,1582.0,1535.0,1535.6,1538.4,1552.71,71426,1109.04,8514, 27711, 38.80
SOFTTECH, EQ, 27-Nov-2025,354.05,337.95,351.7,337.95,346.0,348.5,348.52,5254,18.31,325, 4119, 78.40
SOLARA, EQ, 27-Nov-2025,523.75,523.75,527.9,517.75,517.75,519.0,521.25,41362,215.6,3233, 28351, 68.54
SOLARINDS, EQ, 27-Nov-2025,13460.0,13527.0,13590.0,13290.0,13340.0,13353.0,13409.52,61893,8299.56,17121, 23851, 38.54
SOLARWORLD, EQ, 27-Nov-2025,294.55,296.0,302.75,294.8,301.5,299.65,299.41,115039,344.44,3346, 54194, 47.11
SOLEX, EQ, 27-Nov-2025,1882.0,1900.0,1940.0,1805.5,1851.0,1851.2,1899.03,52776,1002.23,3075, 36573, 69.30
SOMANYCERA, EQ, 27-Nov-2025,430.45,432.7,434.1,426.0,427.5,428.15,429.0,33133,142.14,939, 27754, 83.77
SOMICONVEY, EQ, 27-Nov-2025,132.24,134.0,134.0,124.01,127.0,126.27,127.66,17272,22.05,674, 10600, 61.37
SONACOMS, EQ, 27-Nov-2025,507.2,511.9,520.6,507.8,509.5,509.5,513.74,2107475,10826.96,62916, 759448, 36.04
SONAMLTD, EQ, 27-Nov-2025,45.27,45.55,45.8,44.31,45.74,45.31,45.26,88016,39.84,653, 46951, 53.34
SONATSOFTW, EQ, 27-Nov-2025,360.4,362.85,363.05,355.55,357.95,357.05,359.54,302290,1086.84,12847, 112600, 37.25
SOTL, EQ, 27-Nov-2025,368.0,368.9,378.75,367.1,373.3,377.0,372.39,31681,117.98,763, 23890, 75.41
SOUTHBANK, EQ, 27-Nov-2025,39.78,39.99,40.25,39.54,40.11,40.1,39.94,27604773,11024.44,36356, 9532799, 34.53
SOUTHWEST, EQ, 27-Nov-2025,189.55,190.5,204.2,190.5,195.9,195.25,199.33,343740,685.18,6893, 152956, 44.50
SPAL, EQ, 27-Nov-2025,767.2,774.0,804.4,765.05,785.8,780.85,790.66,90323,714.14,5688, 33338, 36.91
SPANDANA, EQ, 27-Nov-2025,272.25,272.0,275.0,265.1,267.0,265.9,268.5,179617,482.28,5580, 91291, 50.83
SPARC, EQ, 27-Nov-2025,133.74,133.74,136.91,132.3,136.61,135.65,134.5,197485,265.62,4793, 90848, 46.00
SPECIALITY, EQ, 27-Nov-2025,129.89,129.94,130.3,128.01,128.5,129.0,129.27,16729,21.63,548, 9757, 58.32
SPECTRUM, EQ, 27-Nov-2025,1232.0,1224.4,1305.1,1210.0,1299.9,1283.5,1267.63,6098,77.3,1031, 3443, 56.46
SPENCERS, EQ, 27-Nov-2025,46.71,46.23,46.91,45.8,45.95,46.04,46.2,49481,22.86,1092, 29501, 59.62
SPIC, EQ, 27-Nov-2025,86.44,86.44,87.14,86.0,86.45,86.42,86.63,206878,179.22,2009, 102496, 49.54
SPLIL, EQ, 27-Nov-2025,38.86,38.86,39.26,38.5,38.51,38.7,38.81,2141,0.83,68, 1525, 71.23
SPLPETRO, EQ, 27-Nov-2025,660.4,652.4,678.0,652.4,666.6,663.0,660.12,41021,270.79,8048, 27368, 66.72
SPMLINFRA, EQ, 27-Nov-2025,201.75,203.75,204.9,192.45,198.75,197.49,198.35,176331,349.74,3467, 115677, 65.60
SPORTKING, EQ, 27-Nov-2025,97.4,97.98,97.98,94.32,95.75,95.21,95.94,94704,90.85,1463, 64093, 67.68
SREEL, EQ, 27-Nov-2025,227.37,228.0,231.64,227.11,230.88,230.36,228.9,1850,4.23,78, 1639, 88.59
SRF, EQ, 27-Nov-2025,2809.8,2810.0,2864.2,2810.0,2834.9,2840.0,2841.33,555994,15797.64,37691, 339096, 60.99
SRGHFL, EQ, 27-Nov-2025,272.4,272.4,277.85,263.15,264.0,264.85,268.47,8030,21.56,117, 6728, 83.79
SRHHYPOLTD, EQ, 27-Nov-2025,522.35,521.0,536.05,521.0,531.0,532.8,531.77,5176,27.52,434, 2833, 54.73
SRM, EQ, 27-Nov-2025,591.35,593.7,595.95,576.2,582.0,578.75,584.45,48276,282.15,2734, 28004, 58.01
SSDL, EQ, 27-Nov-2025,81.3,83.0,83.0,80.45,82.0,80.87,81.2,23304,18.92,654, 14691, 63.04
SSWL, EQ, 27-Nov-2025,194.23,196.15,197.01,192.0,192.98,192.73,193.41,177900,344.08,5119, 123034, 69.16
STANLEY, EQ, 27-Nov-2025,224.9,227.15,227.15,223.65,223.65,224.65,225.56,100442,226.56,4072, 63790, 63.51
STAR, EQ, 27-Nov-2025,903.1,904.0,913.0,883.3,893.0,888.75,894.38,107429,960.82,7836, 34108, 31.75
STARCEMENT, EQ, 27-Nov-2025,229.6,231.7,231.7,226.0,226.9,227.0,227.85,122084,278.16,3431, 69462, 56.90
STARHEALTH, EQ, 27-Nov-2025,489.8,490.4,493.0,487.75,491.0,491.0,490.55,187007,917.35,8410, 89327, 47.77
STARPAPER, EQ, 27-Nov-2025,164.15,164.17,168.78,164.17,165.4,164.83,165.01,1505,2.48,48, 1311, 87.11
STARTECK, EQ, 27-Nov-2025,293.85,296.6,296.85,292.6,292.6,292.85,293.04,17893,52.43,144, 10506, 58.72
STCINDIA, EQ, 27-Nov-2025,119.43,120.65,121.5,117.31,117.31,118.49,119.5,19523,23.33,676, 9554, 48.94
STEELCAS, EQ, 27-Nov-2025,221.49,221.49,225.1,218.0,219.0,219.23,221.8,48319,107.17,856, 28368, 58.71
STEELCITY, EQ, 27-Nov-2025,96.93,97.4,97.5,94.15,94.24,94.55,95.35,6165,5.88,160, 3384, 54.89
STEELXIND, EQ, 27-Nov-2025,8.72,8.72,8.89,8.72,8.79,8.81,8.81,725909,63.92,1590, 341060, 46.98
STEL, EQ, 27-Nov-2025,501.7,492.0,598.0,492.0,505.55,507.3,527.72,71911,379.49,3576, 24692, 34.34
STERTOOLS, EQ, 27-Nov-2025,279.9,282.7,285.0,280.6,285.0,283.95,283.02,30322,85.82,1327, 14465, 47.70
STLNETWORK, EQ, 27-Nov-2025,23.24,23.45,23.45,22.98,23.01,23.02,23.11,1087891,251.43,2152, 547240, 50.30
STLTECH, EQ, 27-Nov-2025,108.59,108.3,108.8,106.0,106.12,106.53,107.05,541176,579.31,7014, 230837, 42.65
STOVEKRAFT, EQ, 27-Nov-2025,623.75,620.0,632.45,614.15,615.45,617.4,621.45,44608,277.22,3119, 25582, 57.35
STUDDS, EQ, 27-Nov-2025,554.2,558.0,572.0,543.0,548.1,550.75,553.76,537390,2975.87,15609, 106526, 19.82
STYL, EQ, 27-Nov-2025,311.0,311.0,319.0,299.25,303.9,302.45,311.0,198806,618.29,11326, 80153, 40.32
STYLAMIND, EQ, 27-Nov-2025,2063.6,2074.9,2090.9,1997.4,2075.0,2063.5,2054.91,164562,3381.61,13631, 55123, 33.50
STYLEBAAZA, EQ, 27-Nov-2025,303.7,304.85,304.85,295.55,295.55,297.45,298.46,252609,753.95,4868, 178544, 70.68
STYRENIX, EQ, 27-Nov-2025,2070.9,2077.5,2136.1,2055.8,2087.5,2077.7,2089.21,55848,1166.78,5365, 27216, 48.73
SUBEXLTD, EQ, 27-Nov-2025,12.42,12.41,12.57,12.1,12.34,12.24,12.3,642461,79.04,1623, 310987, 48.41
SUBROS, EQ, 27-Nov-2025,850.4,854.8,859.0,842.5,850.1,852.8,851.48,68135,580.15,6736, 37720, 55.36
SUDARSCHEM, EQ, 27-Nov-2025,1033.5,1032.0,1034.6,1000.0,1003.0,1005.4,1014.55,104480,1060.0,10630, 32882, 31.47
SUKHJITS, EQ, 27-Nov-2025,149.3,149.3,153.3,149.3,152.39,150.99,150.65,9020,13.59,187, 5185, 57.48
SULA, EQ, 27-Nov-2025,236.55,236.95,239.45,236.55,238.7,238.5,238.09,147147,350.34,3081, 64082, 43.55
SUMICHEM, EQ, 27-Nov-2025,456.25,456.25,461.0,451.1,455.5,458.8,456.47,161766,738.41,9355, 98669, 60.99
SUMIT, EQ, 27-Nov-2025,76.13,77.7,77.7,73.36,74.27,74.38,74.4,15939,11.86,273, 12684, 79.58
SUMMITSEC, EQ, 27-Nov-2025,2078.7,2073.9,2095.2,2073.8,2084.0,2081.4,2084.44,1888,39.35,457, 853, 45.18
SUNCLAY, EQ, 27-Nov-2025,1249.2,1241.0,1275.0,1226.2,1262.0,1260.6,1256.67,56390,708.64,3704, 41207, 73.08
SUNDARAM, EQ, 27-Nov-2025,1.81,1.84,1.9,1.8,1.84,1.83,1.84,440779,8.12,594, 284230, 64.48
SUNDARMFIN, EQ, 27-Nov-2025,4723.8,4748.8,4748.8,4630.1,4668.0,4676.1,4671.44,56343,2632.03,10400, 37322, 66.24
SUNDRMBRAK, EQ, 27-Nov-2025,743.95,743.95,760.0,736.0,758.0,754.2,750.5,1292,9.7,110, 924, 71.52
SUNDRMFAST, EQ, 27-Nov-2025,961.85,962.95,966.9,950.1,952.0,954.65,954.53,127821,1220.09,17928, 19325, 15.12
SUNDROP, EQ, 27-Nov-2025,758.1,749.25,763.7,739.0,759.0,746.25,748.71,8161,61.1,611, 5372, 65.83
SUNFLAG, EQ, 27-Nov-2025,255.3,256.0,256.55,251.15,254.0,254.75,254.28,69927,177.81,1363, 41951, 59.99
SUNPHARMA, EQ, 27-Nov-2025,1804.9,1802.1,1814.9,1802.1,1809.5,1810.3,1811.18,2902053,52561.52,72954, 2373074, 81.77
SUNTECK, EQ, 27-Nov-2025,428.15,429.9,429.9,414.0,417.35,416.25,420.19,104791,440.32,4629, 51521, 49.17
SUNTV, EQ, 27-Nov-2025,548.05,549.7,569.9,549.25,567.0,566.85,563.21,652642,3675.72,13741, 425444, 65.19
SUPERHOUSE, EQ, 27-Nov-2025,158.0,158.0,161.88,157.0,158.0,157.77,157.91,3064,4.84,107, 1890, 61.68
SUPERSPIN, EQ, 27-Nov-2025,9.21,9.39,9.41,8.6,9.04,9.03,9.04,24780,2.24,121, 21600, 87.17
SUPRAJIT, EQ, 27-Nov-2025,459.95,461.0,461.8,450.95,451.1,451.75,454.18,23021,104.56,2307, 13021, 56.56
SUPREME, EQ, 27-Nov-2025,82.11,82.11,83.74,81.7,82.5,82.32,82.14,9549,7.84,170, 5597, 58.61
SUPREMEIND, EQ, 27-Nov-2025,3463.9,3459.0,3459.0,3401.4,3414.0,3416.9,3419.61,221239,7565.51,22381, 113933, 51.50
SUPRIYA, EQ, 27-Nov-2025,767.55,772.0,778.15,760.0,760.0,761.75,767.02,117612,902.11,6977, 77881, 66.22
SURAJEST, EQ, 27-Nov-2025,271.05,273.75,273.8,267.3,269.0,268.75,269.55,41803,112.68,1128, 25077, 59.99
SURAJLTD, EQ, 27-Nov-2025,266.85,269.95,272.0,266.0,269.95,269.95,269.88,1686,4.55,13, 1686, 100.00
SURAKSHA, EQ, 27-Nov-2025,293.0,295.0,296.2,290.0,291.35,290.35,291.58,30875,90.03,1220, 22334, 72.34
SURANASOL, EQ, 27-Nov-2025,29.13,29.35,29.77,29.1,29.41,29.19,29.31,33541,9.83,615, 22136, 66.00
SURANAT&P, EQ, 27-Nov-2025,20.37,20.33,20.79,19.8,20.0,20.01,20.07,103977,20.87,631, 72089, 69.33
SURYALAXMI, EQ, 27-Nov-2025,60.48,60.39,60.4,59.21,59.46,59.49,59.63,1143,0.68,47, 1044, 91.34
SURYAROSNI, EQ, 27-Nov-2025,264.9,266.5,266.6,261.0,261.2,261.85,262.97,234025,615.42,6588, 104998, 44.87
SURYODAY, EQ, 27-Nov-2025,143.5,144.95,144.95,140.14,140.5,140.64,141.32,67761,95.76,1728, 34557, 51.00
SUTLEJTEX, EQ, 27-Nov-2025,34.04,34.65,34.9,34.0,34.1,34.05,34.18,19097,6.53,133, 13711, 71.80
SUVEN, EQ, 27-Nov-2025,175.13,178.89,178.99,173.0,174.38,173.63,174.66,90064,157.31,1657, 53617, 59.53
SUVIDHAA, EQ, 27-Nov-2025,3.7,3.7,3.8,3.65,3.71,3.73,3.72,91874,3.41,287, 67722, 73.71
SUYOG, EQ, 27-Nov-2025,659.55,664.85,674.95,650.0,655.0,657.8,658.05,11405,75.05,695, 7078, 62.06
SUZLON, EQ, 27-Nov-2025,55.58,55.7,55.9,54.81,54.96,54.93,55.2,28645872,15812.45,62378, 11944100, 41.70
SVLL, EQ, 27-Nov-2025,703.95,691.5,728.2,687.0,696.2,696.15,701.63,1175,8.24,74, 938, 79.83
SVPGLOB, EQ, 27-Nov-2025,5.7,6.27,6.27,6.27,6.27,6.27,6.27,384981,24.14,234, 379975, 98.70
SWANCORP, EQ, 27-Nov-2025,438.75,440.5,452.0,437.8,440.95,440.25,444.33,708139,3146.49,19593, 278786, 39.37
SWARAJENG, EQ, 27-Nov-2025,3740.7,3740.7,3775.1,3733.1,3740.0,3759.6,3753.33,9732,365.27,2341, 5206, 53.49
SWELECTES, EQ, 27-Nov-2025,701.6,700.9,716.9,698.5,705.1,710.4,706.63,10021,70.81,1367, 4534, 45.24
SWIGGY, EQ, 27-Nov-2025,392.4,392.45,394.4,385.25,385.75,386.65,387.74,2317260,8984.96,51467, 948380, 40.93
SWSOLAR, EQ, 27-Nov-2025,225.91,233.0,238.0,227.28,228.05,228.51,231.15,2826421,6533.33,33091, 537558, 19.02
SYMPHONY, EQ, 27-Nov-2025,868.2,870.4,871.6,860.05,862.55,863.05,863.32,27983,241.58,2348, 18224, 65.13
SYNCOMF, EQ, 27-Nov-2025,15.74,16.0,16.0,15.6,15.6,15.64,15.71,673381,105.79,2654, 439078, 65.20
SYNGENE, EQ, 27-Nov-2025,646.85,650.7,650.7,638.2,641.0,640.0,641.91,180447,1158.31,12706, 95440, 52.89
SYRMA, EQ, 27-Nov-2025,857.3,861.0,864.25,834.45,850.0,850.3,849.09,1246792,10586.43,34375, 376856, 30.23
SYSTMTXC, EQ, 27-Nov-2025,167.29,169.65,169.65,161.0,163.0,165.46,164.34,71807,118.01,1327, 10903, 15.18
TAINWALCHM, EQ, 27-Nov-2025,195.57,195.6,195.6,192.0,194.0,194.0,194.97,2061,4.02,48, 1881, 91.27
TAJGVK, EQ, 27-Nov-2025,403.35,406.85,409.6,403.9,405.55,404.95,405.71,61160,248.13,2488, 33743, 55.17
TALBROAUTO, EQ, 27-Nov-2025,278.65,278.05,285.55,278.0,282.5,282.65,282.58,92600,261.67,1981, 51681, 55.81
TANLA, EQ, 27-Nov-2025,571.0,573.4,579.4,566.0,568.2,568.65,572.32,237101,1356.98,12054, 98935, 41.73
TARACHAND, EQ, 27-Nov-2025,77.84,78.0,78.7,76.35,78.6,77.38,77.25,64846,50.1,1148, 40357, 62.24
TARC, EQ, 27-Nov-2025,134.03,134.49,145.91,134.49,138.95,138.47,139.49,2933947,4092.52,20455, 1612109, 54.95
TARIL, EQ, 27-Nov-2025,291.0,294.0,294.9,282.5,283.8,283.35,286.52,2244207,6430.17,41404, 1249096, 55.66
TARMAT, EQ, 27-Nov-2025,51.36,51.5,52.5,51.3,51.33,51.35,51.51,3253,1.68,58, 2991, 91.95
TARSONS, EQ, 27-Nov-2025,223.6,220.7,230.35,218.05,224.7,225.55,224.99,901372,2027.96,17452, 137505, 15.26
TASTYBITE, EQ, 27-Nov-2025,8374.5,8385.5,8420.0,8250.0,8295.0,8303.5,8312.55,1158,96.26,309, 830, 71.68
TATACAP, EQ, 27-Nov-2025,324.55,324.95,326.95,323.6,324.75,324.8,324.76,875769,2844.19,29515, 566870, 64.73
TATACHEM, EQ, 27-Nov-2025,815.0,812.95,820.0,804.65,806.0,808.25,811.65,260321,2112.9,11090, 82207, 31.58
TATACOMM, EQ, 27-Nov-2025,1851.0,1850.7,1874.7,1826.0,1837.9,1842.9,1852.1,215165,3985.08,22979, 69234, 32.18
TATACONSUM, EQ, 27-Nov-2025,1185.3,1187.0,1192.9,1168.3,1175.5,1177.7,1178.75,1118308,13182.02,43191, 630301, 56.36
TATAELXSI, EQ, 27-Nov-2025,5229.5,5231.5,5261.5,5165.0,5190.5,5197.0,5207.78,106818,5562.84,16600, 49776, 46.60
TATAGOLD, EQ, 27-Nov-2025,12.22,11.91,12.52,11.79,12.22,12.21,12.22,25438657,3107.8,51462, 12070473, 47.45
TATAINVEST, EQ, 27-Nov-2025,766.6,770.0,773.3,751.0,758.4,758.55,757.07,725458,5492.2,27996, 142234, 19.61
TATAPOWER, EQ, 27-Nov-2025,391.5,392.4,399.95,391.5,391.9,392.05,395.23,7412732,29297.65,74536, 1875931, 25.31
TATASTEEL, EQ, 27-Nov-2025,169.67,170.45,171.0,167.18,168.1,168.13,168.71,17546627,29602.71,129556, 7583833, 43.22
TATATECH, EQ, 27-Nov-2025,683.3,685.0,689.45,674.0,677.5,677.55,679.68,601962,4091.44,22429, 231400, 38.44
TATSILV, EQ, 27-Nov-2025,15.43,15.81,15.98,15.43,15.84,15.84,15.79,40478936,6392.93,36181, 19381936, 47.88
TATVA, EQ, 27-Nov-2025,1451.5,1454.0,1523.0,1451.6,1495.9,1492.8,1499.6,199804,2996.26,15486, 55104, 27.58
TBOTEK, EQ, 27-Nov-2025,1687.2,1688.8,1711.0,1688.8,1698.0,1699.8,1698.85,62094,1054.89,4725, 20480, 32.98
TBZ, EQ, 27-Nov-2025,172.8,172.97,174.95,172.5,174.95,174.07,173.69,58212,101.11,1188, 36612, 62.89
TCI, EQ, 27-Nov-2025,1099.9,1099.9,1105.5,1089.4,1095.0,1094.0,1094.0,11586,126.75,1600, 7722, 66.65
TCIEXP, EQ, 27-Nov-2025,580.35,583.4,592.45,572.0,588.0,583.85,579.15,32984,191.03,2489, 16711, 50.66
TCIFINANCE, EQ, 27-Nov-2025,11.15,11.25,11.25,10.71,11.17,10.86,10.93,6969,0.76,130, 5467, 78.45
TCPLPACK, EQ, 27-Nov-2025,3157.2,3151.0,3151.0,3102.5,3110.0,3114.0,3119.02,1153,35.96,430, 541, 46.92
TCS, EQ, 27-Nov-2025,3162.9,3180.0,3180.0,3125.0,3134.0,3136.6,3142.97,2836233,89141.92,171374, 1656213, 58.39
TDPOWERSYS, EQ, 27-Nov-2025,795.65,797.0,811.7,785.15,792.65,795.3,796.72,824714,6570.62,30206, 332895, 40.36
TEAMGTY, EQ, 27-Nov-2025,259.0,257.5,269.0,257.5,269.0,267.6,265.51,653,1.73,30, 568, 86.98
TEAMLEASE, EQ, 27-Nov-2025,1707.0,1712.0,1722.6,1661.0,1676.0,1675.8,1689.97,60737,1026.43,3793, 22305, 36.72
TECH, EQ, 27-Nov-2025,40.0,39.51,40.47,39.51,40.1,40.12,40.15,35112,14.1,181, 29213, 83.20
TECHM, EQ, 27-Nov-2025,1520.4,1523.0,1532.0,1505.0,1506.0,1509.8,1514.36,1426194,21597.67,65941, 763858, 53.56
TECHNOE, EQ, 27-Nov-2025,1188.2,1190.7,1211.6,1176.9,1201.1,1204.7,1197.72,123298,1476.76,11932, 68233, 55.34
TEGA, EQ, 27-Nov-2025,1928.1,1928.0,1941.5,1909.8,1923.0,1919.6,1922.92,40656,781.78,4047, 26947, 66.28
TEJASNET, EQ, 27-Nov-2025,481.45,483.95,515.0,483.85,502.0,503.8,507.45,8201210,41617.12,163547, 646466, 7.88
TEMBO, EQ, 27-Nov-2025,752.85,742.0,755.65,715.2,749.5,734.2,738.19,63560,469.19,2531, 36536, 57.48
TENNIND, EQ, 27-Nov-2025,490.75,491.25,504.0,488.3,490.25,490.4,494.46,2810553,13896.94,52499, 831977, 29.60
TEXINFRA, EQ, 27-Nov-2025,102.79,102.79,103.36,102.0,103.0,102.44,102.44,116744,119.59,817, 89750, 76.88
TEXMOPIPES, EQ, 27-Nov-2025,50.35,50.0,50.87,50.0,50.5,50.5,50.5,10817,5.46,230, 8940, 82.65
TEXRAIL, EQ, 27-Nov-2025,128.7,129.5,131.75,129.03,129.4,129.52,130.14,573918,746.91,8072, 216189, 37.67
TFCILTD, EQ, 27-Nov-2025,73.52,73.0,74.5,73.0,73.3,73.64,73.77,13524567,9976.61,17070, 4680412, 34.61
TFL, EQ, 27-Nov-2025,13.77,13.73,14.0,13.65,13.65,13.65,13.74,5658,0.78,30, 5597, 98.92
TGBHOTELS, EQ, 27-Nov-2025,10.61,10.73,10.8,10.41,10.55,10.45,10.66,7297,0.78,123, 6027, 82.60
THANGAMAYL, EQ, 27-Nov-2025,3251.2,3250.0,3267.4,3190.0,3243.0,3234.3,3229.72,21805,704.24,5256, 8349, 38.29
THEINVEST, EQ, 27-Nov-2025,121.99,121.61,123.25,120.0,122.48,122.38,121.75,9382,11.42,888, 2788, 29.72
THEJO, EQ, 27-Nov-2025,1704.8,1687.8,1727.1,1644.8,1668.0,1688.6,1696.09,9559,162.13,550, 6985, 73.07
THELEELA, EQ, 27-Nov-2025,414.25,417.95,419.35,409.6,412.35,416.25,414.43,129513,536.74,5907, 69238, 53.46
THEMISMED, EQ, 27-Nov-2025,107.16,108.23,108.29,104.83,106.5,106.41,106.15,46089,48.93,1428, 20787, 45.10
THERMAX, EQ, 27-Nov-2025,2933.0,2933.5,2952.7,2911.2,2940.0,2940.8,2936.16,58602,1720.65,9045, 37840, 64.57
THOMASCOOK, EQ, 27-Nov-2025,150.3,151.0,152.76,146.56,148.0,147.9,148.99,596389,888.57,8387, 367249, 61.58
THOMASCOTT, EQ, 27-Nov-2025,360.8,353.8,362.4,348.0,354.0,357.75,356.25,32898,117.2,1546, 10799, 32.83
THYROCARE, EQ, 27-Nov-2025,1495.7,1500.4,1506.8,1470.0,1472.0,1475.1,1483.46,190639,2828.05,19974, 91360, 47.92
TI, EQ, 27-Nov-2025,473.05,475.0,479.4,464.1,471.0,469.65,469.13,737164,3458.22,18158, 322370, 43.73
TIGERLOGS, EQ, 27-Nov-2025,38.93,39.75,39.75,38.81,39.06,39.11,39.19,57151,22.4,438, 45923, 80.35
TIIL, EQ, 27-Nov-2025,2462.0,2462.0,2469.9,2376.9,2394.5,2398.3,2407.25,5102,122.82,1619, 2769, 54.27
TIINDIA, EQ, 27-Nov-2025,2880.7,2898.9,2898.9,2831.6,2840.0,2836.8,2851.62,675560,19264.42,52243, 480683, 71.15
TIJARIA, EQ, 27-Nov-2025,6.67,6.67,6.67,6.52,6.55,6.57,6.58,2867,0.19,37, 2667, 93.02
TIL, EQ, 27-Nov-2025,278.9,283.35,283.65,274.95,275.05,275.7,277.32,13640,37.83,501, 8890, 65.18
TIMETECHNO, EQ, 27-Nov-2025,202.7,202.99,204.67,198.0,199.1,199.2,200.31,1114081,2231.57,31197, 401159, 36.01
TIMKEN, EQ, 27-Nov-2025,3137.5,3149.8,3159.7,3115.3,3146.0,3151.6,3144.64,20219,635.81,6215, 14605, 72.23
TINNARUBR, EQ, 27-Nov-2025,840.4,854.0,857.95,835.4,845.9,845.0,842.44,12593,106.09,1617, 6050, 48.04
TIPSFILMS, EQ, 27-Nov-2025,386.7,388.7,388.7,364.0,369.7,369.3,371.24,10927,40.57,576, 7105, 65.02
TIPSMUSIC, EQ, 27-Nov-2025,532.05,532.45,550.65,530.05,540.5,545.4,544.92,545410,2972.06,56936, 287602, 52.73
TIRUMALCHM, EQ, 27-Nov-2025,241.2,242.2,245.25,236.05,236.8,237.05,240.15,69587,167.11,2009, 36636, 52.65
TIRUPATIFL, EQ, 27-Nov-2025,37.42,37.47,38.16,34.51,35.5,35.03,35.65,686712,244.8,3080, 406224, 59.15
TITAGARH, EQ, 27-Nov-2025,847.95,855.9,866.35,836.1,837.9,838.05,847.65,1152673,9770.6,28003, 353071, 30.63
TITAN, EQ, 27-Nov-2025,3897.7,3900.6,3927.0,3875.1,3907.5,3903.3,3907.77,542241,21189.52,50635, 269182, 49.64
TMB, EQ, 27-Nov-2025,511.1,515.0,515.0,503.0,507.25,506.35,505.59,56231,284.3,4076, 32899, 58.51
TMCV, EQ, 27-Nov-2025,324.05,322.5,347.7,322.0,343.7,343.9,340.51,22672738,77203.68,231466, 16058625, 70.83
TMPV, EQ, 27-Nov-2025,359.25,362.0,362.8,356.45,358.5,357.8,358.93,8871759,31842.98,136972, 3759237, 42.37
TNIDETF, EQ, 27-Nov-2025,98.12,98.41,98.61,97.52,98.16,97.88,97.98,26265,25.73,408, 15307, 58.28
TNPETRO, EQ, 27-Nov-2025,107.82,108.5,108.5,105.0,105.19,105.39,105.76,153041,161.85,2736, 86844, 56.75
TNPL, EQ, 27-Nov-2025,144.28,144.55,145.44,143.5,144.99,144.65,144.6,25649,37.09,700, 12953, 50.50
TNTELE, EQ, 27-Nov-2025,10.36,10.62,10.75,10.22,10.37,10.38,10.43,25715,2.68,156, 17194, 66.86
TOKYOPLAST, EQ, 27-Nov-2025,120.09,121.0,122.46,120.0,121.85,121.85,120.28,561,0.67,12, 560, 99.82
TOLINS, EQ, 27-Nov-2025,150.09,151.6,151.6,147.01,148.59,148.2,148.48,67864,100.76,2319, 26422, 38.93
TOP100CASE, EQ, 27-Nov-2025,11.15,11.28,11.28,11.0,11.17,11.15,11.16,489087,54.57,1136, 325650, 66.58
TOP10ADD, EQ, 27-Nov-2025,101.48,101.48,101.86,101.15,101.5,101.48,101.61,79320,80.6,694, 60432, 76.19
TOP15IETF, EQ, 27-Nov-2025,11.08,11.12,11.14,11.06,11.12,11.08,11.1,47036,5.22,129, 34189, 72.69
TORNTPHARM, EQ, 27-Nov-2025,3755.8,3754.0,3768.0,3708.8,3740.0,3730.4,3733.18,258852,9663.41,19770, 189128, 73.06
TORNTPOWER, EQ, 27-Nov-2025,1316.1,1320.0,1323.0,1310.1,1311.3,1312.9,1314.81,137206,1804.0,12517, 59562, 43.41
TOTAL, EQ, 27-Nov-2025,65.5,65.51,69.48,65.0,65.3,65.0,66.03,1475,0.97,52, 1242, 84.20
TOUCHWOOD, EQ, 27-Nov-2025,104.0,104.0,107.0,101.12,102.05,102.13,103.71,3028,3.14,146, 1164, 38.44
TPHQ, EQ, 27-Nov-2025,0.54,0.54,0.56,0.54,0.55,0.55,0.55,1291919,7.15,594, 981769, 75.99
TPLPLASTEH, EQ, 27-Nov-2025,67.51,67.01,68.0,67.01,67.1,67.3,67.67,54529,36.9,562, 8029, 14.72
TRACXN, EQ, 27-Nov-2025,46.23,46.03,47.5,45.82,47.5,46.74,46.44,120647,56.03,954, 75385, 62.48
TRANSRAILL, EQ, 27-Nov-2025,651.65,654.9,663.25,643.05,650.25,650.7,654.09,631333,4129.48,24091, 183832, 29.12
TRANSWORLD, EQ, 27-Nov-2025,214.87,217.2,219.61,212.1,212.25,213.43,215.36,10175,21.91,510, 5529, 54.34
TRAVELFOOD, EQ, 27-Nov-2025,1364.1,1378.9,1445.0,1341.1,1348.2,1350.5,1400.37,384454,5383.77,21456, 214038, 55.67
TREEHOUSE, EQ, 27-Nov-2025,7.9,8.05,8.13,7.7,8.0,7.92,7.85,12976,1.02,109, 8985, 69.24
TREL, EQ, 27-Nov-2025,26.27,26.27,26.69,26.25,26.35,26.33,26.44,53961,14.27,463, 44152, 81.82
TRENT, EQ, 27-Nov-2025,4292.4,4305.5,4320.1,4244.0,4270.6,4266.1,4265.59,669342,28551.37,46271, 385818, 57.64
TRF, EQ, 27-Nov-2025,311.3,310.0,314.8,306.5,306.55,308.15,311.03,10990,34.18,467, 7575, 68.93
TRIDENT, EQ, 27-Nov-2025,28.37,28.37,28.54,28.04,28.19,28.18,28.25,2580885,729.0,13256, 1144006, 44.33
TRITURBINE, EQ, 27-Nov-2025,541.85,546.95,546.95,538.0,542.25,542.1,541.15,220484,1193.16,7178, 160965, 73.01
TRIVENI, EQ, 27-Nov-2025,356.5,356.6,365.85,353.5,359.45,363.15,361.14,166617,601.72,5857, 113630, 68.20
TRU, EQ, 27-Nov-2025,8.87,8.88,9.17,8.87,9.0,8.99,9.06,112270,10.18,253, 63808, 56.83
TRUALT, EQ, 27-Nov-2025,453.65,451.0,456.0,443.1,450.0,449.0,448.57,84759,380.2,2922, 35290, 41.64
TSFINV, EQ, 27-Nov-2025,532.95,531.0,537.05,520.3,525.05,527.4,527.8,44136,232.95,3612, 21892, 49.60
TTKHLTCARE, EQ, 27-Nov-2025,1123.2,1128.9,1128.9,1100.0,1108.0,1110.1,1110.26,3397,37.72,1540, 2696, 79.36
TTKPRESTIG, EQ, 27-Nov-2025,660.7,664.0,666.0,658.6,660.0,660.7,661.73,10129,67.03,1023, 5597, 55.26
TTL, EQ, 27-Nov-2025,9.41,9.5,9.5,9.32,9.38,9.34,9.4,28797,2.71,177, 18594, 64.57
TTML, EQ, 27-Nov-2025,50.82,50.82,54.6,50.82,52.61,52.94,53.22,8030389,4273.71,31742, 1244595, 15.50
TVSELECT, EQ, 27-Nov-2025,564.05,567.7,575.9,556.2,556.2,559.75,566.01,122887,695.55,5594, 26999, 21.97
TVSHLTD, EQ, 27-Nov-2025,14643.0,14643.0,14690.0,14400.0,14450.0,14462.0,14538.21,1956,284.37,937, 1194, 61.04
TVSMOTOR, EQ, 27-Nov-2025,3538.6,3542.0,3574.8,3503.1,3525.0,3518.0,3531.85,565331,19966.62,48657, 316092, 55.91
TVSSCS, EQ, 27-Nov-2025,108.37,108.7,109.49,106.75,106.89,107.03,107.73,491561,529.54,7180, 305661, 62.18
TVSSRICHAK, EQ, 27-Nov-2025,4676.0,4725.0,4725.0,4560.0,4565.2,4579.9,4609.67,4876,224.77,1390, 2093, 42.92
TVTODAY, EQ, 27-Nov-2025,138.8,137.5,140.1,137.5,138.81,138.72,138.85,24237,33.65,750, 14474, 59.72
TVVISION, EQ, 27-Nov-2025,5.84,5.98,5.99,5.72,5.85,5.92,5.86,23858,1.4,96, 18785, 78.74
UBL, EQ, 27-Nov-2025,1700.1,1712.0,1712.0,1690.1,1695.5,1695.7,1699.14,255203,4336.25,8333, 232144, 90.96
UCAL, EQ, 27-Nov-2025,122.28,126.14,126.14,122.0,123.0,122.49,123.05,6337,7.8,168, 4361, 68.82
UCOBANK, EQ, 27-Nov-2025,31.11,31.25,31.41,30.85,31.06,31.03,31.0,5295113,1641.26,15796, 2274751, 42.96
UDS, EQ, 27-Nov-2025,187.8,187.52,190.0,185.5,186.0,186.03,187.36,113045,211.8,2785, 58655, 51.89
UFBL, EQ, 27-Nov-2025,190.61,190.85,191.79,187.0,187.0,188.4,189.53,28854,54.69,1139, 15343, 53.17
UFLEX, EQ, 27-Nov-2025,498.1,500.7,501.95,498.0,500.0,499.4,499.43,5209,26.02,402, 2629, 50.47
UFO, EQ, 27-Nov-2025,81.83,81.97,82.94,80.11,80.8,80.98,81.62,97644,79.7,1898, 47478, 48.62
UGARSUGAR, EQ, 27-Nov-2025,40.67,40.67,41.23,40.24,40.7,40.68,40.68,64525,26.25,910, 41237, 63.91
UGROCAP, EQ, 27-Nov-2025,172.85,172.4,177.4,172.39,174.0,174.53,174.45,313418,546.76,3724, 170368, 54.36
UJJIVANSFB, EQ, 27-Nov-2025,55.93,55.5,56.05,54.33,54.65,54.6,55.19,11622256,6414.19,38982, 5917711, 50.92
ULTRACEMCO, EQ, 27-Nov-2025,11759.0,11776.0,11787.0,11599.0,11620.0,11617.0,11654.1,275290,32082.56,43358, 210000, 76.28
UMAEXPORTS, EQ, 27-Nov-2025,40.14,41.0,41.0,40.12,40.47,40.34,40.4,7500,3.03,209, 5088, 67.84
UMESLTD, EQ, 27-Nov-2025,5.0,5.12,5.12,4.86,4.91,4.92,4.95,56719,2.81,177, 38275, 67.48
UMIYA-MRO, EQ, 27-Nov-2025,88.79,87.2,91.99,87.2,90.27,91.35,90.19,19338,17.44,604, 12671, 65.52
UNICHEMLAB, EQ, 27-Nov-2025,469.3,474.0,474.0,459.55,463.4,467.15,464.31,11773,54.66,649, 6586, 55.94
UNIDT, EQ, 27-Nov-2025,197.09,200.68,200.68,196.03,198.7,198.38,198.15,4164,8.25,175, 2987, 71.73
UNIECOM, EQ, 27-Nov-2025,125.9,127.15,128.3,126.01,127.5,127.39,127.3,120490,153.38,2531, 55332, 45.92
UNIENTER, EQ, 27-Nov-2025,146.16,146.16,147.0,145.0,145.89,145.57,146.21,1424,2.08,55, 1143, 80.27
UNIINFO, EQ, 27-Nov-2025,17.0,17.01,17.59,16.31,16.31,16.58,16.69,5127,0.86,53, 3973, 77.49
UNIMECH, EQ, 27-Nov-2025,964.9,974.8,986.1,960.5,984.9,979.1,974.48,31769,309.58,2293, 11738, 36.95
UNIONBANK, EQ, 27-Nov-2025,155.4,155.89,155.89,153.1,154.07,154.28,154.02,6095060,9387.64,46562, 2180699, 35.78
UNIONGOLD, EQ, 27-Nov-2025,123.3,123.3,123.75,122.95,123.2,123.4,123.3,100145,123.48,17, 100075, 99.93
UNIPARTS, EQ, 27-Nov-2025,484.7,495.0,498.35,486.8,490.0,490.3,490.5,105950,519.68,5920, 48019, 45.32
UNITDSPR, EQ, 27-Nov-2025,1459.5,1460.0,1468.8,1441.0,1444.0,1445.8,1456.46,855725,12463.28,40895, 518914, 60.64
UNITECH, EQ, 27-Nov-2025,6.15,6.19,6.42,6.14,6.31,6.32,6.26,4401870,275.72,3594, 2850495, 64.76
UNITEDTEA, EQ, 27-Nov-2025,440.2,440.0,445.5,440.0,441.15,444.05,442.37,1139,5.04,83, 812, 71.29
UNIVASTU, EQ, 27-Nov-2025,65.59,66.4,67.69,65.92,67.55,67.41,66.9,29583,19.79,321, 16847, 56.95
UNIVCABLES, EQ, 27-Nov-2025,934.5,929.75,949.0,916.0,928.1,929.8,934.38,73154,683.54,3623, 32298, 44.15
UNIVPHOTO, EQ, 27-Nov-2025,278.95,281.85,282.15,263.1,264.5,265.55,271.5,8025,21.79,606, 4485, 55.89
UNOMINDA, EQ, 27-Nov-2025,1320.1,1326.7,1339.5,1290.5,1305.5,1312.4,1314.59,1110166,14594.1,58559, 584142, 52.62
UPL, EQ, 27-Nov-2025,760.6,764.0,769.2,756.55,757.9,758.65,760.43,1201547,9136.96,24980, 657953, 54.76
URAVIDEF, EQ, 27-Nov-2025,193.08,199.0,199.0,186.0,193.0,190.44,192.47,2341,4.51,252, 1284, 54.85
URBANCO, EQ, 27-Nov-2025,138.11,138.44,140.35,135.74,136.25,136.07,137.08,2071122,2839.09,24179, 870512, 42.03
URJA, EQ, 27-Nov-2025,12.29,12.29,12.42,12.26,12.34,12.29,12.31,669694,82.43,2476, 310967, 46.43
USHAMART, EQ, 27-Nov-2025,425.55,426.0,428.9,416.55,421.5,421.35,421.11,213238,897.96,9268, 112906, 52.95
USK, EQ, 27-Nov-2025,23.92,24.48,25.47,23.92,24.26,24.32,24.55,56739,13.93,972, 25131, 44.29
UTIAMC, EQ, 27-Nov-2025,1155.8,1156.0,1161.9,1127.6,1145.0,1144.4,1140.39,63202,720.75,6430, 31947, 50.55
UTIBANKETF, EQ, 27-Nov-2025,61.3,61.31,61.79,61.31,61.57,61.63,61.58,101155,62.29,548, 97078, 95.97
UTINEXT50, EQ, 27-Nov-2025,74.25,74.64,74.73,73.73,74.2,74.11,73.88,282095,208.42,773, 206921, 73.35
UTINIFTETF, EQ, 27-Nov-2025,288.06,288.7,289.47,288.02,288.7,288.77,288.86,68337,197.4,279, 50598, 74.04
UTISENSETF, EQ, 27-Nov-2025,939.87,942.7,946.5,941.84,941.84,942.07,943.33,591,5.58,78, 423, 71.57
UTISXN50, EQ, 27-Nov-2025,93.57,92.27,94.2,92.27,93.6,93.67,93.77,13141,12.32,96, 11441, 87.06
UTKARSHBNK, EQ, 27-Nov-2025,16.53,16.93,17.0,16.6,16.76,16.72,16.81,16734932,2813.31,16855, 8695491, 51.96
UTLSOLAR, EQ, 27-Nov-2025,211.03,212.02,214.2,207.5,208.3,209.02,210.6,749409,1578.29,10195, 253950, 33.89
UTTAMSUGAR, EQ, 27-Nov-2025,237.14,240.5,240.5,231.0,233.26,232.23,233.93,22828,53.4,747, 14883, 65.20
V2RETAIL, EQ, 27-Nov-2025,2492.5,2520.7,2520.7,2425.5,2434.1,2432.4,2460.94,72114,1774.68,5140, 33497, 46.45
VADILALIND, EQ, 27-Nov-2025,5392.0,5390.0,5440.0,5280.0,5355.0,5372.0,5369.29,3033,162.85,711, 1706, 56.25
VAIBHAVGBL, EQ, 27-Nov-2025,237.4,238.25,242.15,237.05,237.35,238.8,239.08,319139,762.99,7959, 147141, 46.11
VAISHALI, EQ, 27-Nov-2025,9.08,9.29,9.29,8.95,8.95,9.01,9.03,110454,9.98,459, 74129, 67.11
VAKRANGEE, EQ, 27-Nov-2025,8.06,8.25,8.25,8.02,8.13,8.11,8.09,1483648,120.03,2029, 817058, 55.07
VAL30IETF, EQ, 27-Nov-2025,14.41,14.41,14.48,14.32,14.46,14.4,14.37,57170,8.22,257, 43072, 75.34
VALIANTLAB, EQ, 27-Nov-2025,70.09,70.15,70.81,66.71,68.4,67.81,68.85,57507,39.59,1231, 46488, 80.84
VALIANTORG, EQ, 27-Nov-2025,253.15,251.15,260.0,249.0,259.9,255.2,252.93,19853,50.21,1126, 13728, 69.15
VARDHACRLC, EQ, 27-Nov-2025,38.81,38.75,39.98,38.75,39.9,39.86,39.6,20240,8.01,187, 15365, 75.91
VARDMNPOLY, EQ, 27-Nov-2025,6.68,6.65,6.88,6.6,6.7,6.64,6.7,255998,17.15,626, 177156, 69.20
VARROC, EQ, 27-Nov-2025,660.05,659.9,664.5,653.1,653.75,657.8,658.89,137844,908.24,8064, 70421, 51.09
VASCONEQ, EQ, 27-Nov-2025,49.61,49.89,51.99,49.4,51.3,51.34,50.69,2917861,1479.2,13075, 922759, 31.62
VASWANI, EQ, 27-Nov-2025,56.57,56.15,57.14,53.71,54.7,54.18,54.67,305535,167.05,3696, 94335, 30.88
VBL, EQ, 27-Nov-2025,465.5,465.1,468.9,462.75,466.5,467.3,466.42,2393262,11162.72,37444, 1306526, 54.59
VEDL, EQ, 27-Nov-2025,516.3,518.7,523.75,517.35,519.0,519.1,520.17,5978457,31098.39,82457, 2293887, 38.37
VEEDOL, EQ, 27-Nov-2025,1660.3,1651.3,1665.9,1637.0,1637.0,1643.5,1649.24,4395,72.48,880, 2789, 63.46
VENKEYS, EQ, 27-Nov-2025,1337.8,1335.3,1344.0,1330.1,1339.6,1339.2,1336.33,7576,101.24,859, 3526, 46.54
VENTIVE, EQ, 27-Nov-2025,742.1,735.0,743.45,733.0,740.0,739.95,736.2,43939,323.48,1365, 30800, 70.10
VENUSPIPES, EQ, 27-Nov-2025,1281.4,1281.5,1293.0,1260.1,1284.9,1281.9,1281.25,15575,199.55,2593, 8753, 56.20
VENUSREM, EQ, 27-Nov-2025,697.5,708.4,758.0,688.0,718.0,719.35,733.59,308894,2266.01,12863, 134113, 43.42
VERANDA, EQ, 27-Nov-2025,205.7,207.35,210.0,205.55,206.5,206.55,208.27,63852,132.98,1313, 36034, 56.43
VERTOZ, EQ, 27-Nov-2025,74.43,75.03,75.7,73.17,73.32,73.55,74.06,127046,94.1,1314, 29203, 22.99
VESUVIUS, EQ, 27-Nov-2025,477.25,479.95,485.05,478.1,483.85,482.9,482.97,41517,200.51,4084, 24426, 58.83
VETO, EQ, 27-Nov-2025,112.3,112.1,114.49,112.1,112.5,112.65,113.01,12129,13.71,429, 6496, 53.56
VGUARD, EQ, 27-Nov-2025,340.85,344.0,344.0,335.4,338.0,338.6,338.85,144682,490.26,8224, 68983, 47.68
VHL, EQ, 27-Nov-2025,3708.6,3711.0,3769.9,3660.1,3769.9,3738.8,3736.7,358,13.38,99, 223, 62.29
VIDHIING, EQ, 27-Nov-2025,364.45,360.8,366.3,355.0,359.0,358.8,361.23,4319,15.6,388, 2854, 66.08
VIJAYA, EQ, 27-Nov-2025,1006.6,1006.0,1015.0,997.0,1002.15,1008.95,1006.09,39462,397.02,4813, 17651, 44.73
VIJIFIN, EQ, 27-Nov-2025,2.54,2.51,2.65,2.31,2.64,2.61,2.47,703358,17.36,729, 405069, 57.59
VIKASECO, EQ, 27-Nov-2025,1.7,1.75,1.79,1.63,1.64,1.64,1.7,6594180,112.3,3405, 4220948, 64.01
VIKASLIFE, EQ, 27-Nov-2025,1.94,1.99,2.0,1.88,1.89,1.89,1.93,3988293,77.02,13777, 2584753, 64.81
VIKRAMSOLR, EQ, 27-Nov-2025,269.6,274.0,274.2,263.85,266.2,265.8,267.99,1591943,4266.21,32172, 602204, 37.83
VIKRAN, EQ, 27-Nov-2025,107.94,108.0,109.35,105.79,106.5,106.29,107.37,3466300,3721.8,15120, 1106979, 31.94
VIMTALABS, EQ, 27-Nov-2025,620.0,621.7,626.95,613.35,617.95,616.55,620.19,96125,596.15,4514, 24821, 25.82
VINATIORGA, EQ, 27-Nov-2025,1599.3,1602.3,1608.0,1580.6,1585.0,1584.5,1589.21,15603,247.96,3676, 9097, 58.30
VINCOFE, EQ, 27-Nov-2025,163.39,164.45,164.9,161.44,163.84,162.57,163.02,3269806,5330.45,9012, 235183, 7.19
VINDHYATEL, EQ, 27-Nov-2025,1523.0,1530.6,1559.0,1511.9,1524.0,1522.9,1533.59,7136,109.44,1026, 4091, 57.33
VINEETLAB, EQ, 27-Nov-2025,44.62,45.2,45.2,41.02,41.48,41.48,42.55,116423,49.54,791, 71377, 61.31
VINNY, EQ, 27-Nov-2025,1.32,1.32,1.34,1.32,1.34,1.33,1.33,392370,5.22,228, 326865, 83.31
VINYLINDIA, EQ, 27-Nov-2025,255.35,255.35,256.4,253.5,253.5,254.5,254.82,5001,12.74,304, 4254, 85.06
VIPCLOTHNG, EQ, 27-Nov-2025,32.45,32.51,33.15,32.17,33.15,32.95,32.69,94660,30.94,755, 52354, 55.31
VIPIND, EQ, 27-Nov-2025,371.45,369.5,380.1,369.3,376.75,378.05,376.03,320772,1206.21,8004, 199384, 62.16
VIPULLTD, EQ, 27-Nov-2025,8.97,9.12,9.12,8.61,8.62,8.65,8.71,217897,18.98,697, 166651, 76.48
VISAKAIND, EQ, 27-Nov-2025,68.35,68.35,69.97,67.35,68.02,68.09,68.59,40343,27.67,658, 26365, 65.35
VISHNU, EQ, 27-Nov-2025,542.3,550.0,551.2,517.55,523.0,524.1,529.41,254723,1348.54,7729, 139796, 54.88
VISHWARAJ, EQ, 27-Nov-2025,6.98,6.99,7.1,6.99,7.08,7.05,7.02,159953,11.24,516, 123540, 77.24
VIVIDHA, EQ, 27-Nov-2025,0.73,0.74,0.75,0.72,0.73,0.72,0.73,531739,3.87,224, 446819, 84.03
VLEGOV, EQ, 27-Nov-2025,23.74,24.85,24.92,23.85,24.15,24.33,24.52,554407,135.93,1743, 315546, 56.92
VLSFINANCE, EQ, 27-Nov-2025,303.6,305.05,307.7,301.1,304.02,305.09,306.19,84736,259.45,1908, 65394, 77.17
VMART, EQ, 27-Nov-2025,791.8,791.8,795.55,781.05,785.0,786.55,786.82,44677,351.53,6841, 28808, 64.48
VMM, EQ, 27-Nov-2025,135.0,134.5,135.98,133.06,135.0,135.4,134.77,9005133,12136.38,78771, 5531261, 61.42
VMSTMT, EQ, 27-Nov-2025,61.59,61.7,63.9,61.7,62.54,62.41,62.69,269804,169.14,2405, 54895, 20.35
VOLTAMP, EQ, 27-Nov-2025,8146.0,8200.0,8209.5,8049.0,8087.0,8071.5,8111.67,14520,1177.81,4887, 6338, 43.65
VOLTAS, EQ, 27-Nov-2025,1387.0,1384.0,1402.9,1365.0,1388.9,1398.0,1382.35,625765,8650.28,25296, 255792, 40.88
VPRPL, EQ, 27-Nov-2025,84.36,84.99,85.3,82.05,82.35,82.44,83.72,606607,507.88,5296, 205579, 33.89
VRAJ, EQ, 27-Nov-2025,133.74,135.2,137.89,134.22,134.5,134.5,135.36,13194,17.86,413, 8894, 67.41
VRLLOG, EQ, 27-Nov-2025,269.3,272.0,272.2,263.5,263.6,265.35,265.93,208884,555.49,4501, 128391, 61.47
VSSL, EQ, 27-Nov-2025,281.35,283.2,284.4,275.7,276.0,276.9,278.28,26245,73.03,910, 15475, 58.96
VSTIND, EQ, 27-Nov-2025,249.85,249.85,254.75,249.85,253.0,254.25,253.19,152535,386.21,5807, 69027, 45.25
VSTL, EQ, 27-Nov-2025,133.49,134.55,135.8,133.81,134.01,134.86,134.68,3658,4.93,201, 2756, 75.34
VSTTILLERS, EQ, 27-Nov-2025,5516.5,5522.0,5565.0,5394.5,5508.0,5490.5,5477.59,18445,1010.34,3920, 8005, 43.40
VTL, EQ, 27-Nov-2025,432.2,434.45,436.15,425.4,428.5,428.0,429.52,126218,542.14,8831, 56356, 44.65
WAAREEENER, EQ, 27-Nov-2025,3286.2,3297.3,3332.7,3200.1,3214.5,3217.1,3256.12,674342,21957.38,44688, 200492, 29.73
WAAREERTL, EQ, 27-Nov-2025,1078.6,1089.0,1092.0,1068.7,1074.0,1076.8,1079.61,301967,3260.08,16013, 102350, 33.89
WABAG, EQ, 27-Nov-2025,1409.5,1409.5,1414.0,1390.0,1391.0,1396.1,1399.08,105462,1475.5,8562, 54001, 51.20
WALCHANNAG, EQ, 27-Nov-2025,161.68,162.33,172.9,160.18,166.0,165.96,167.15,498560,833.33,6388, 145110, 29.11
WANBURY, EQ, 27-Nov-2025,239.4,241.8,266.85,233.05,255.1,254.1,254.02,518388,1316.83,9024, 188363, 36.34
WCIL, EQ, 27-Nov-2025,117.47,117.99,121.4,116.62,120.2,119.91,118.46,178247,211.14,2187, 100305, 56.27
WEALTH, EQ, 27-Nov-2025,1041.5,1051.9,1051.9,988.2,1021.0,1005.4,1015.31,3184,32.33,460, 2156, 67.71
WEBELSOLAR, EQ, 27-Nov-2025,109.1,110.0,111.6,103.1,106.4,105.8,107.27,1581055,1696.04,9640, 736380, 46.58
WEIZMANIND, EQ, 27-Nov-2025,104.99,105.02,111.0,105.02,109.0,105.87,107.46,3165,3.4,96, 1764, 55.73
WEL, EQ, 27-Nov-2025,175.77,176.4,178.49,173.27,175.0,175.84,176.12,282614,497.74,4269, 138670, 49.07
WELCORP, EQ, 27-Nov-2025,871.1,879.7,885.0,857.5,864.0,869.4,867.55,410960,3565.3,17711, 182439, 44.39
WELENT, EQ, 27-Nov-2025,534.3,537.5,539.7,526.05,531.0,531.7,530.47,113060,599.75,2831, 72308, 63.96
WELINV, EQ, 27-Nov-2025,1226.7,1235.9,1235.9,1176.0,1199.4,1207.2,1209.42,697,8.43,95, 455, 65.28
WELSPUNLIV, EQ, 27-Nov-2025,133.53,133.53,134.59,131.12,132.13,132.54,132.48,977308,1294.71,16229, 297097, 30.40
WENDT, EQ, 27-Nov-2025,8241.5,8250.0,8330.0,8100.0,8188.5,8190.0,8238.17,3140,258.68,852, 1668, 53.12
WESTLIFE, EQ, 27-Nov-2025,566.6,563.05,568.15,556.2,559.6,563.1,563.07,41893,235.89,3753, 16391, 39.13
WEWORK, EQ, 27-Nov-2025,605.95,608.0,608.0,598.0,605.5,604.9,603.77,131765,795.55,9352, 89506, 67.93
WHEELS, EQ, 27-Nov-2025,855.3,855.0,863.1,848.65,854.25,854.6,855.22,14187,121.33,1407, 6871, 48.43
WHIRLPOOL, EQ, 27-Nov-2025,1200.9,1084.0,1088.0,1055.8,1062.3,1063.8,1070.79,10857796,116264.44,191408, 3664144, 33.75
WILLAMAGOR, EQ, 27-Nov-2025,32.16,31.0,32.87,31.0,32.67,32.0,32.01,1661,0.53,61, 1635, 98.43
WINDLAS, EQ, 27-Nov-2025,798.4,798.4,806.3,790.35,793.0,795.15,797.35,15414,122.9,1483, 8149, 52.87
WINDMACHIN, EQ, 27-Nov-2025,277.0,275.0,279.2,274.35,275.3,275.45,276.34,24106,66.62,704, 14736, 61.13
WIPL, EQ, 27-Nov-2025,161.27,161.27,166.39,161.27,162.2,162.25,162.49,511,0.83,23, 347, 67.91
WIPRO, EQ, 27-Nov-2025,250.19,250.4,251.92,247.69,249.3,249.56,249.68,5268129,13153.47,74342, 2236250, 42.45
WOCKPHARMA, EQ, 27-Nov-2025,1278.8,1278.8,1317.9,1274.1,1275.1,1278.7,1297.89,459041,5957.87,26471, 131495, 28.65
WONDERLA, EQ, 27-Nov-2025,558.5,558.6,564.0,555.55,558.2,558.65,560.11,49706,278.41,3187, 30839, 62.04
WORTHPERI, EQ, 27-Nov-2025,143.99,144.74,147.98,142.61,143.0,143.1,143.81,9213,13.25,456, 4362, 47.35
WSI, EQ, 27-Nov-2025,78.44,79.8,79.8,76.51,77.75,77.37,77.78,39989,31.1,568, 28450, 71.14
WSTCSTPAPR, EQ, 27-Nov-2025,416.6,418.0,421.25,411.0,421.25,417.55,416.12,25333,105.42,1851, 11299, 44.60
XCHANGING, EQ, 27-Nov-2025,86.09,86.26,87.95,86.26,86.5,86.72,87.08,87069,75.82,1456, 39229, 45.06
XPROINDIA, EQ, 27-Nov-2025,1022.1,1017.4,1055.6,1017.4,1025.0,1028.7,1040.78,20185,210.08,1544, 9085, 45.01
XTGLOBAL, EQ, 27-Nov-2025,34.62,34.62,35.46,34.62,34.69,34.72,35.01,8656,3.03,350, 5312, 61.37
YASHO, EQ, 27-Nov-2025,1680.2,1667.0,1677.1,1622.2,1624.0,1633.6,1642.02,7521,123.5,915, 4370, 58.10
YATHARTH, EQ, 27-Nov-2025,774.3,774.3,776.25,769.0,773.0,772.0,772.06,237100,1830.56,6334, 111690, 47.11
YATRA, EQ, 27-Nov-2025,167.23,167.0,171.65,162.75,169.0,170.09,166.97,2362521,3944.79,21410, 690296, 29.22
YESBANK, EQ, 27-Nov-2025,22.93,22.93,23.19,22.64,22.84,22.84,22.89,65580085,15010.57,76397, 24514090, 37.38
YUKEN, EQ, 27-Nov-2025,935.0,944.0,944.0,891.0,893.85,894.25,907.06,10579,95.96,1053, 8480, 80.16
ZAGGLE, EQ, 27-Nov-2025,385.85,386.8,388.0,380.0,382.8,383.3,384.1,358135,1375.58,11378, 143443, 40.05
ZEEL, EQ, 27-Nov-2025,97.83,97.95,99.2,97.65,98.0,98.09,98.6,3858340,3804.3,23579, 1503450, 38.97
ZEELEARN, EQ, 27-Nov-2025,7.4,7.51,7.54,7.32,7.45,7.37,7.44,229913,17.09,704, 145694, 63.37
ZEEMEDIA, EQ, 27-Nov-2025,9.84,9.6,9.97,9.41,9.44,9.49,9.66,2158389,208.44,3855, 925792, 42.89
ZENITHEXPO, EQ, 27-Nov-2025,247.84,249.99,250.0,240.4,247.83,245.83,246.47,749,1.85,27, 427, 57.01
ZENSARTECH, EQ, 27-Nov-2025,735.3,735.25,748.4,732.35,747.0,747.05,743.88,473082,3519.17,21686, 263539, 55.71
ZENTEC, EQ, 27-Nov-2025,1406.8,1406.9,1437.0,1401.1,1407.5,1407.8,1418.44,339612,4817.2,20151, 111839, 32.93
ZFCVINDIA, EQ, 27-Nov-2025,12893.0,12784.0,13150.0,12784.0,13040.0,13095.0,13047.04,37595,4905.04,6582, 28889, 76.84
ZIMLAB, EQ, 27-Nov-2025,70.81,70.91,72.5,70.8,71.45,71.35,71.77,36353,26.09,588, 24241, 66.68
ZODIAC, EQ, 27-Nov-2025,346.4,351.4,351.4,336.0,336.0,336.8,340.09,12850,43.7,1081, 7816, 60.82
ZODIACLOTH, EQ, 27-Nov-2025,89.41,89.5,95.0,89.0,89.21,89.21,90.3,3973,3.59,156, 1680, 42.29
ZOTA, EQ, 27-Nov-2025,1554.4,1570.0,1577.7,1528.0,1529.0,1531.5,1537.98,84041,1292.53,3952, 57091, 67.93
ZUARI, EQ, 27-Nov-2025,274.75,277.8,278.2,273.1,273.15,273.65,275.81,63606,175.43,1656, 32740, 51.47
ZUARIIND, EQ, 27-Nov-2025,323.6,327.0,331.0,323.1,325.6,326.3,326.49,102842,335.77,3867, 43125, 41.93
ZYDUSLIFE, EQ, 27-Nov-2025,940.55,944.6,948.8,928.85,939.0,937.25,935.7,768619,7191.99,33200, 473642, 61.62
ZYDUSWELL, EQ, 27-Nov-2025,436.4,439.0,439.35,432.0,432.8,433.4,434.82,78696,342.19,5636, 38326, 48.70
