SYMBOL,SERIES,DATE1,PREV_CLOSE,OPEN_PRICE,HIGH_PRICE,LOW_PRICE,LAST_PRICE,CLOSE_PRICE,AVG_PRICE,TTL_TRD_QNTY,TURNOVER_LACS,NO_OF_TRADES,DELIV_QTY,DELIV_PER
20MICRONS, EQ, 22-Jan-2025,239.28,240.05,243.5,225.0,230.2,229.25,232.17,180285,418.58,3897, 96802, 53.69
360ONE, EQ, 22-Jan-2025,1201.85,1200.0,1211.5,1113.75,1139.95,1148.95,1159.26,408202,4732.13,34944, 229172, 56.14
3IINFOLTD, EQ, 22-Jan-2025,27.65,27.85,28.25,26.88,27.41,27.43,27.22,422842,115.08,3171, 223784, 52.92
3MINDIA, EQ, 22-Jan-2025,28841.05,28960.0,29127.3,28560.15,28828.75,29020.75,28873.35,10265,2963.85,4312, 3261, 31.77
5PAISA, EQ, 22-Jan-2025,416.45,417.0,422.5,401.0,408.0,409.7,407.28,33081,134.73,3566, 17156, 51.86
63MOONS, EQ, 22-Jan-2025,816.35,825.4,825.4,775.55,779.0,780.5,787.55,306802,2416.23,7011, 135653, 44.22
AAATECH, EQ, 22-Jan-2025,98.23,97.0,98.49,95.15,96.9,96.54,96.22,14725,14.17,527, 6392, 43.41
AADHARHFC, EQ, 22-Jan-2025,401.55,403.7,410.05,389.95,399.9,399.2,397.38,313945,1247.55,10152, 82576, 26.30
AAKASH, EQ, 22-Jan-2025,10.96,11.15,11.15,10.46,10.94,10.85,10.71,153426,16.43,964, 67958, 44.29
AARON, EQ, 22-Jan-2025,370.25,370.25,378.95,344.65,356.4,355.7,359.95,18206,65.53,2268, 5944, 32.65
AARTIDRUGS, EQ, 22-Jan-2025,424.35,423.05,423.05,409.05,416.0,416.25,415.84,141291,587.55,8998, 91181, 64.53
AARTIIND, EQ, 22-Jan-2025,453.05,455.8,456.25,428.15,440.15,440.85,436.52,3307939,14439.77,65645, 963317, 29.12
AARTIPHARM, EQ, 22-Jan-2025,662.05,662.05,663.65,627.95,640.8,638.9,639.03,388530,2482.83,25492, 173813, 44.74
AARTISURF, EQ, 22-Jan-2025,604.55,595.2,605.65,580.55,599.5,596.85,590.9,8614,50.9,1250, 4845, 56.25
AARVI, EQ, 22-Jan-2025,128.19,129.62,129.89,125.11,126.0,125.99,126.51,4061,5.14,139, 3328, 81.95
AAVAS, EQ, 22-Jan-2025,1700.7,1700.7,1708.95,1680.0,1687.0,1685.95,1693.93,165624,2805.56,17272, 50238, 30.33
ABAN, EQ, 22-Jan-2025,57.89,58.19,58.65,55.3,55.5,55.74,56.42,53034,29.92,1436, 29499, 55.62
ABB, EQ, 22-Jan-2025,6281.2,6323.65,6340.0,6114.0,6275.0,6279.65,6226.03,303115,18872.04,47075, 156287, 51.56
ABBOTINDIA, EQ, 22-Jan-2025,27631.4,27670.0,27850.0,27424.05,27804.95,27774.45,27688.26,6685,1850.96,3880, 2862, 42.81
ABCAPITAL, EQ, 22-Jan-2025,174.36,174.5,175.0,168.56,173.56,173.03,171.49,2552548,4377.44,32998, 828192, 32.45
ABDL, EQ, 22-Jan-2025,399.55,401.0,403.0,384.9,391.15,393.0,393.72,416126,1638.36,9788, 208323, 50.06
ABFRL, EQ, 22-Jan-2025,277.15,278.6,283.5,272.7,279.0,279.05,278.08,3537854,9837.99,33967, 1210279, 34.21
ABGSEC, EQ, 22-Jan-2025,104.95,105.0,105.4,104.29,105.4,105.34,104.41,5700,5.95,45, 5700, 100.00
ABINFRA, EQ, 22-Jan-2025,90.6,91.29,93.3,86.9,88.9,89.28,90.14,75187,67.77,1487, 6290, 8.37
ABREL, EQ, 22-Jan-2025,1977.2,1967.6,1971.35,1798.25,1844.9,1845.8,1840.56,559257,10293.44,53013, 171474, 30.66
ABSLAMC, EQ, 22-Jan-2025,732.45,732.45,739.0,709.35,717.0,719.65,722.6,191367,1382.82,28325, 108562, 56.73
ABSLBANETF, EQ, 22-Jan-2025,49.34,49.94,49.94,48.72,49.56,49.41,48.82,1596706,779.54,459, 1365447, 85.52
ABSLLIQUID, EQ, 22-Jan-2025,1000.0,1000.0,1000.01,999.99,1000.0,1000.0,1000.0,1891,18.91,23, 1460, 77.21
ABSLNN50ET, EQ, 22-Jan-2025,65.99,67.0,67.0,64.41,65.4,65.41,65.08,31890,20.75,533, 28281, 88.68
ABSLPSE, EQ, 22-Jan-2025,9.38,9.65,9.65,9.13,9.3,9.26,9.25,183501,16.97,865, 111527, 60.78
ACC, EQ, 22-Jan-2025,2017.5,2027.0,2027.0,1970.0,1997.35,2000.75,1997.78,121880,2434.89,13828, 46120, 37.84
ACCELYA, EQ, 22-Jan-2025,1493.0,1499.0,1549.9,1472.0,1515.0,1513.05,1499.49,13276,199.07,1918, 4339, 32.68
ACCURACY, EQ, 22-Jan-2025,9.9,9.85,10.09,9.6,9.74,9.78,9.76,131938,12.87,747, 96881, 73.43
ACE, EQ, 22-Jan-2025,1284.55,1290.0,1290.0,1236.95,1269.0,1271.35,1253.73,196268,2460.68,25563, 69483, 35.40
ACEINTEG, EQ, 22-Jan-2025,28.05,27.71,28.99,26.55,28.89,28.64,28.06,6991,1.96,205, 3497, 50.02
ACI, EQ, 22-Jan-2025,595.95,597.1,600.35,568.0,577.0,577.05,578.12,147780,854.35,12506, 60666, 41.05
ACL, EQ, 22-Jan-2025,73.35,73.2,74.91,72.18,73.45,73.8,72.91,22483,16.39,1045, 13494, 60.02
ACLGATI, EQ, 22-Jan-2025,78.79,79.05,79.69,76.1,79.0,78.25,77.5,175752,136.21,3433, 83900, 47.74
ACMESOLAR, EQ, 22-Jan-2025,212.52,214.6,215.6,207.7,212.0,212.42,212.57,1144584,2433.08,23230, 614913, 53.72
ADANIENSOL, EQ, 22-Jan-2025,813.35,825.0,827.35,785.1,801.45,802.8,798.64,2316536,18500.74,82737, 556593, 24.03
ADANIENT, EQ, 22-Jan-2025,2384.3,2399.0,2399.0,2325.15,2377.0,2376.55,2350.04,1147334,26962.81,70492, 331459, 28.89
ADANIGREEN, EQ, 22-Jan-2025,1045.7,1040.0,1042.8,1007.0,1031.0,1031.7,1019.26,2656247,27074.03,81318, 739839, 27.85
ADANIPORTS, EQ, 22-Jan-2025,1106.2,1115.5,1118.05,1080.45,1101.9,1102.25,1094.8,1906032,20867.27,89487, 698692, 36.66
ADANIPOWER, EQ, 22-Jan-2025,528.75,530.9,533.0,513.55,525.25,525.45,520.34,3506011,18243.06,68766, 736757, 21.01
ADFFOODS, EQ, 22-Jan-2025,263.25,265.45,273.2,262.15,268.0,270.15,267.08,234147,625.36,6247, 87509, 37.37
ADL, EQ, 22-Jan-2025,87.7,88.34,88.34,85.0,85.0,85.93,86.4,2013,1.74,144, 1069, 53.10
ADORWELD, EQ, 22-Jan-2025,1094.05,1094.05,1094.35,1053.05,1066.8,1065.2,1070.4,6165,65.99,1404, 3198, 51.87
ADSL, EQ, 22-Jan-2025,241.15,242.9,249.9,229.0,239.47,240.3,236.33,480658,1135.94,9718, 143087, 29.77
ADVANIHOTR, EQ, 22-Jan-2025,64.95,65.45,65.45,62.71,63.15,63.17,63.31,47384,30.0,1264, 27686, 58.43
ADVENZYMES, EQ, 22-Jan-2025,339.5,340.0,340.0,330.0,336.8,335.9,333.18,454079,1512.89,13803, 366402, 80.69
AEGISLOG, EQ, 22-Jan-2025,765.3,769.1,774.9,715.0,722.0,718.65,733.83,1083164,7948.58,48847, 371333, 34.28
AEROFLEX, EQ, 22-Jan-2025,234.33,234.34,236.0,221.2,235.85,234.12,229.08,1922441,4404.02,24123, 628231, 32.68
AETHER, EQ, 22-Jan-2025,852.4,859.85,863.65,846.35,856.4,855.15,853.36,46744,398.89,4145, 16495, 35.29
AFCONS, EQ, 22-Jan-2025,506.05,510.0,513.55,495.1,497.25,497.35,500.78,911915,4566.69,29737, 506447, 55.54
AFFLE, EQ, 22-Jan-2025,1531.45,1535.0,1541.7,1498.05,1524.05,1529.9,1510.72,267130,4035.59,21162, 168347, 63.02
AFFORDABLE, EQ, 22-Jan-2025,585.45,580.0,601.0,539.85,576.0,578.4,561.47,27508,154.45,2602, 16303, 59.27
AFIL, EQ, 22-Jan-2025,83.79,83.21,84.8,78.25,79.4,80.05,80.76,418118,337.68,3945, 225728, 53.99
AGARIND, EQ, 22-Jan-2025,1157.25,1146.7,1154.0,1108.0,1140.0,1142.65,1128.25,11667,131.63,1735, 6054, 51.89
AGI, EQ, 22-Jan-2025,971.7,974.25,1011.6,959.45,977.25,978.95,978.57,337005,3297.82,33067, 82577, 24.50
AGIIL, EQ, 22-Jan-2025,1646.55,1677.7,1677.7,1607.8,1656.0,1634.8,1623.23,21622,350.98,1761, 12820, 59.29
AGRITECH, EQ, 22-Jan-2025,185.85,182.6,185.88,182.6,183.0,182.93,183.32,1841,3.37,280, 670, 36.39
AGROPHOS, EQ, 22-Jan-2025,37.99,37.99,37.99,37.0,37.19,37.37,37.38,32701,12.22,871, 13339, 40.79
AGSTRA, EQ, 22-Jan-2025,63.29,63.29,63.41,61.02,61.72,61.87,62.03,189847,117.77,1959, 86467, 45.55
AHL, EQ, 22-Jan-2025,202.65,203.7,203.75,193.0,197.3,198.5,198.03,309192,612.29,3648, 245019, 79.24
AHLADA, EQ, 22-Jan-2025,90.43,91.22,99.99,90.65,91.51,91.9,95.06,137202,130.42,1808, 35542, 25.90
AHLEAST, EQ, 22-Jan-2025,142.74,143.05,148.7,142.12,143.26,143.39,144.24,9377,13.53,537, 4995, 53.27
AHLUCONT, EQ, 22-Jan-2025,817.1,815.2,817.45,774.7,800.0,799.45,796.34,87489,696.71,11853, 45988, 52.56
AIAENG, EQ, 22-Jan-2025,3601.05,3575.05,3601.05,3527.95,3594.0,3589.45,3580.84,34773,1245.16,10638, 17853, 51.34
AIIL, EQ, 22-Jan-2025,1830.25,1834.9,1834.9,1695.0,1777.3,1785.7,1730.58,182863,3164.58,10127, 119958, 65.60
AIRAN, EQ, 22-Jan-2025,33.3,33.5,33.6,32.0,32.27,32.56,32.57,177233,57.72,2009, 86454, 48.78
AIROLAM, EQ, 22-Jan-2025,125.14,128.0,128.0,122.21,123.46,123.47,123.32,2407,2.97,149, 1545, 64.19
AJANTPHARM, EQ, 22-Jan-2025,2832.45,2834.95,2910.0,2759.4,2855.0,2862.7,2848.41,184999,5269.53,41053, 52360, 28.30
AJMERA, EQ, 22-Jan-2025,973.85,994.0,1016.65,926.05,962.0,949.45,966.59,166833,1612.6,10817, 45585, 27.32
AJOONI, EQ, 22-Jan-2025,7.64,7.67,7.99,7.26,7.9,7.66,7.44,763733,56.86,1780, 408992, 53.55
AKASH, EQ, 22-Jan-2025,31.47,31.0,36.45,31.0,32.54,32.86,32.89,22214,7.31,336, 7822, 35.21
AKG, EQ, 22-Jan-2025,18.0,18.0,18.75,15.55,17.69,17.5,17.3,89551,15.49,626, 49572, 55.36
AKSHARCHEM, EQ, 22-Jan-2025,286.2,285.15,285.15,276.85,279.25,280.25,281.26,2861,8.05,406, 1171, 40.93
AKUMS, EQ, 22-Jan-2025,625.65,621.15,627.9,572.1,583.95,582.15,593.14,621098,3683.99,23002, 172158, 27.72
AKZOINDIA, EQ, 22-Jan-2025,3812.35,3755.0,3794.0,3710.0,3728.0,3725.8,3728.55,27164,1012.82,5528, 21171, 77.94
ALANKIT, EQ, 22-Jan-2025,19.87,19.98,19.98,19.0,19.48,19.31,19.26,657756,126.71,3564, 376545, 57.25
ALBERTDAVD, EQ, 22-Jan-2025,1219.65,1219.65,1219.65,1170.0,1201.0,1199.9,1191.73,6091,72.59,1083, 3658, 60.06
ALEMBICLTD, EQ, 22-Jan-2025,123.08,122.82,123.47,118.0,119.77,119.76,119.77,352848,422.61,8082, 172078, 48.77
ALICON, EQ, 22-Jan-2025,947.15,952.1,952.1,921.85,930.4,932.05,927.66,10003,92.79,2051, 5000, 49.99
ALIVUS, EQ, 22-Jan-2025,1149.9,1129.8,1148.65,1111.05,1125.0,1122.65,1127.95,128815,1452.97,12604, 80418, 62.43
ALKALI, EQ, 22-Jan-2025,105.3,104.01,106.38,103.81,105.8,104.74,104.81,3462,3.63,276, 2510, 72.50
ALKEM, EQ, 22-Jan-2025,5177.3,5189.7,5236.15,5066.3,5142.75,5151.45,5143.29,105924,5447.98,26166, 64883, 61.25
ALKYLAMINE, EQ, 22-Jan-2025,1767.35,1760.5,1779.8,1725.0,1744.9,1742.15,1738.01,29096,505.69,7383, 13084, 44.97
ALLCARGO, EQ, 22-Jan-2025,43.38,43.4,43.4,41.91,42.78,42.53,42.35,1624891,688.11,12652, 913578, 56.22
ALLDIGI, EQ, 22-Jan-2025,1059.25,1055.0,1104.0,981.0,1099.0,1069.45,1029.18,36788,378.61,4820, 15597, 42.40
ALOKINDS, EQ, 22-Jan-2025,19.77,19.8,19.84,19.06,19.36,19.34,19.35,4627650,895.62,14574, 1175118, 25.39
ALPA, EQ, 22-Jan-2025,127.87,126.51,127.5,120.97,121.0,122.19,123.95,73820,91.5,2343, 41863, 56.71
ALPHA, EQ, 22-Jan-2025,48.94,49.35,49.35,47.12,47.9,47.88,47.65,2149217,1024.2,12244, 1686396, 78.47
ALPHAETF, EQ, 22-Jan-2025,23.71,23.8,23.97,23.02,23.41,23.39,23.29,1711811,398.69,4767, 1007523, 58.86
ALPHAGEO, EQ, 22-Jan-2025,416.0,418.2,418.2,401.25,407.75,406.7,408.14,18205,74.3,1445, 9438, 51.84
ALPL30IETF, EQ, 22-Jan-2025,26.53,26.65,26.82,26.48,26.68,26.67,26.58,791585,210.41,2145, 530327, 67.00
AMBER, EQ, 22-Jan-2025,6515.05,6552.7,6577.05,6202.35,6302.0,6283.15,6350.74,567459,36037.83,85821, 154000, 27.14
AMBICAAGAR, EQ, 22-Jan-2025,30.11,29.6,31.24,29.55,30.94,30.54,30.32,43402,13.16,1088, 16711, 38.50
AMBIKCO, EQ, 22-Jan-2025,1535.55,1542.0,1542.0,1485.2,1509.0,1510.9,1503.41,11610,174.55,1816, 6173, 53.17
AMBUJACEM, EQ, 22-Jan-2025,531.75,533.75,538.65,526.4,535.45,536.65,532.61,1658312,8832.4,40009, 737206, 44.46
AMDIND, EQ, 22-Jan-2025,59.01,59.01,59.01,57.5,57.8,57.85,58.06,3105,1.8,133, 2453, 79.00
AMIORG, EQ, 22-Jan-2025,1987.95,2004.65,2019.5,1940.0,1975.25,1971.95,1974.15,183704,3626.59,25091, 76931, 41.88
AMJLAND, EQ, 22-Jan-2025,58.81,58.81,59.25,56.1,56.75,58.26,57.58,78420,45.15,1703, 39560, 50.45
AMNPLST, EQ, 22-Jan-2025,308.4,304.0,306.0,290.0,294.1,294.4,296.24,66763,197.78,4289, 17442, 26.13
AMRUTANJAN, EQ, 22-Jan-2025,680.3,680.4,700.0,670.55,692.0,693.3,679.8,14019,95.3,1391, 8763, 62.51
ANANDRATHI, EQ, 22-Jan-2025,3832.5,3864.65,3864.65,3750.15,3825.0,3823.35,3790.02,35816,1357.44,7030, 16918, 47.24
ANANTRAJ, EQ, 22-Jan-2025,865.7,865.0,865.95,818.65,833.5,836.6,836.57,1922885,16086.34,70943, 556148, 28.92
ANDHRAPAP, EQ, 22-Jan-2025,89.08,88.6,89.19,84.8,86.6,86.35,86.89,321612,279.46,3679, 204136, 63.47
ANDHRSUGAR, EQ, 22-Jan-2025,90.66,90.66,91.19,88.21,89.8,89.78,89.51,71150,63.69,1460, 33885, 47.62
ANGELONE, EQ, 22-Jan-2025,2525.3,2515.0,2522.75,2390.0,2443.05,2442.35,2435.68,1310829,31927.66,87067, 251850, 19.21
ANIKINDS, EQ, 22-Jan-2025,101.07,100.07,101.16,96.2,99.2,97.74,98.17,18875,18.53,501, 7701, 40.80
ANMOL, EQ, 22-Jan-2025,23.97,24.29,24.29,22.76,22.99,22.93,23.12,38237,8.84,653, 26057, 68.15
ANTGRAPHIC, EQ, 22-Jan-2025,1.42,1.4,1.47,1.34,1.37,1.4,1.38,396448,5.49,543, 274993, 69.36
ANUHPHR, EQ, 22-Jan-2025,203.31,202.1,207.64,196.71,201.0,200.4,199.52,33860,67.56,2693, 16730, 49.41
ANUP, EQ, 22-Jan-2025,3024.45,3036.0,3086.0,2962.6,2992.0,3027.1,3035.34,31588,958.8,10900, 11428, 36.18
ANURAS, EQ, 22-Jan-2025,697.45,696.1,704.45,683.0,687.0,690.75,690.87,52238,360.9,4295, 16665, 31.90
APARINDS, EQ, 22-Jan-2025,10170.5,10132.0,10172.45,9835.0,9879.8,9897.9,9905.68,99221,9828.52,19662, 62734, 63.23
APCL, EQ, 22-Jan-2025,162.39,165.45,165.45,158.11,163.0,162.04,160.89,8176,13.15,895, 2569, 31.42
APCOTEXIND, EQ, 22-Jan-2025,353.2,355.7,368.95,349.0,367.0,361.05,355.59,26043,92.61,1148, 18875, 72.48
APEX, EQ, 22-Jan-2025,241.35,238.95,243.95,235.0,241.0,241.2,239.75,63416,152.04,2204, 25742, 40.59
APLAPOLLO, EQ, 22-Jan-2025,1584.2,1588.0,1602.1,1531.55,1560.0,1559.55,1552.26,556417,8637.04,30118, 319480, 57.42
APLLTD, EQ, 22-Jan-2025,1029.95,1032.9,1054.5,1015.2,1015.7,1018.95,1036.37,113878,1180.2,19164, 43352, 38.07
APOLLO, EQ, 22-Jan-2025,144.27,145.85,145.85,133.55,139.28,139.6,137.68,10491087,14444.08,46461, 2716232, 25.89
APOLLOHOSP, EQ, 22-Jan-2025,6919.15,6908.0,6941.95,6829.9,6900.0,6892.9,6880.19,247081,16999.65,41319, 120385, 48.72
APOLLOPIPE, EQ, 22-Jan-2025,426.75,433.15,434.25,421.5,434.0,431.35,426.21,45130,192.35,1969, 19662, 43.57
APOLLOTYRE, EQ, 22-Jan-2025,447.6,449.95,453.45,432.65,439.0,439.0,438.46,1380036,6050.94,31090, 503748, 36.50
APOLSINHOT, EQ, 22-Jan-2025,1687.25,1664.0,1690.25,1630.25,1638.7,1647.95,1656.34,1365,22.61,338, 822, 60.22
APTECHT, EQ, 22-Jan-2025,178.73,178.7,179.02,171.0,171.75,172.04,173.65,103399,179.55,2563, 48519, 46.92
APTUS, EQ, 22-Jan-2025,288.9,288.0,288.45,275.55,278.5,278.15,279.4,425949,1190.09,31638, 231759, 54.41
ARCHIDPLY, EQ, 22-Jan-2025,106.42,106.42,106.42,100.6,101.0,101.29,102.74,48489,49.82,1872, 25800, 53.21
ARCHIES, EQ, 22-Jan-2025,22.86,23.37,23.37,22.27,22.6,22.59,22.55,24061,5.43,397, 15759, 65.50
ARE&M, EQ, 22-Jan-2025,1094.7,1097.55,1097.55,1055.25,1067.95,1066.05,1064.52,454950,4843.06,47180, 214711, 47.19
ARIHANTCAP, EQ, 22-Jan-2025,90.55,91.15,92.64,87.7,89.93,89.52,89.54,219488,196.53,4201, 87259, 39.76
ARIHANTSUP, EQ, 22-Jan-2025,508.2,507.15,507.2,486.05,500.0,496.7,496.07,50531,250.67,1938, 25979, 51.41
ARKADE, EQ, 22-Jan-2025,160.54,162.0,162.0,151.1,155.0,155.54,154.98,1628150,2523.24,23994, 541189, 33.24
ARMANFIN, EQ, 22-Jan-2025,1413.8,1400.9,1411.95,1345.55,1372.4,1367.85,1374.71,36262,498.5,4147, 14115, 38.93
AROGRANITE, EQ, 22-Jan-2025,45.36,46.12,46.12,45.01,45.83,45.55,45.67,1839,0.84,68, 1015, 55.19
ARROWGREEN, EQ, 22-Jan-2025,779.2,805.0,805.0,740.25,758.45,756.65,755.43,39480,298.24,2621, 21111, 53.47
ARTEMISMED, EQ, 22-Jan-2025,308.5,307.0,309.0,294.5,306.7,303.65,300.59,105317,316.57,3145, 61771, 58.65
ARVEE, EQ, 22-Jan-2025,160.25,158.59,160.89,153.01,160.0,156.08,155.58,1185,1.84,77, 635, 53.59
ARVIND, EQ, 22-Jan-2025,388.05,391.25,391.3,372.1,373.1,378.5,379.27,296284,1123.71,14725, 128196, 43.27
ARVINDFASN, EQ, 22-Jan-2025,502.95,502.95,510.0,492.45,505.25,508.7,499.8,163989,819.62,11134, 86741, 52.89
ARVSMART, EQ, 22-Jan-2025,765.4,763.5,780.0,725.1,743.25,755.45,744.25,48976,364.5,5167, 23307, 47.59
ASAHIINDIA, EQ, 22-Jan-2025,640.05,640.05,644.65,630.1,640.0,642.05,637.04,35114,223.69,5456, 14332, 40.82
ASAHISONG, EQ, 22-Jan-2025,317.25,318.35,318.95,306.2,310.0,311.2,312.28,3570,11.15,277, 2829, 79.24
ASAL, EQ, 22-Jan-2025,635.65,636.2,636.2,612.2,617.2,620.65,622.29,10691,66.53,1281, 4767, 44.59
ASALCBR, EQ, 22-Jan-2025,1157.85,1172.0,1173.65,1107.35,1116.85,1111.85,1131.68,60243,681.76,3926, 37577, 62.38
ASHAPURMIN, EQ, 22-Jan-2025,537.95,537.0,550.0,521.5,535.5,536.5,534.63,549419,2937.35,11570, 184448, 33.57
ASHIANA, EQ, 22-Jan-2025,348.05,346.2,347.35,333.75,346.0,345.35,340.16,80922,275.26,3697, 39320, 48.59
ASHOKA, EQ, 22-Jan-2025,280.3,280.15,280.5,266.55,271.55,270.6,271.27,1884866,5112.99,38638, 805158, 42.72
ASHOKAMET, EQ, 22-Jan-2025,22.12,22.4,22.4,20.2,21.2,21.15,20.99,66590,13.98,567, 49006, 73.59
ASHOKLEY, EQ, 22-Jan-2025,204.76,206.0,208.98,204.5,206.0,206.81,206.86,10087789,20867.45,69208, 3264139, 32.36
ASIANENE, EQ, 22-Jan-2025,349.25,349.25,351.0,332.3,338.55,339.15,337.22,97630,329.22,2982, 57075, 58.46
ASIANPAINT, EQ, 22-Jan-2025,2260.35,2270.0,2270.0,2244.9,2260.05,2262.1,2257.34,835523,18860.55,64392, 499274, 59.76
ASIANTILES, EQ, 22-Jan-2025,63.46,63.68,63.69,61.3,62.02,62.16,62.11,287005,178.25,3046, 155906, 54.32
ASKAUTOLTD, EQ, 22-Jan-2025,455.9,455.5,458.0,434.0,442.8,440.15,440.52,190466,839.05,15619, 106769, 56.06
ASMS, EQ, 22-Jan-2025,19.97,20.0,20.89,19.57,20.12,20.26,20.51,1864506,382.46,4946, 595118, 31.92
ASPINWALL, EQ, 22-Jan-2025,315.45,315.75,319.95,305.05,307.9,307.1,312.92,4912,15.37,241, 2662, 54.19
ASTEC, EQ, 22-Jan-2025,1011.5,1011.0,1019.05,980.0,990.0,987.5,990.23,14356,142.16,1458, 10226, 71.23
ASTERDM, EQ, 22-Jan-2025,498.25,496.9,500.45,490.0,498.0,497.95,497.78,1416728,7052.24,30249, 1143439, 80.71
ASTRAL, EQ, 22-Jan-2025,1464.6,1464.75,1468.75,1431.1,1460.85,1455.4,1446.65,462015,6683.74,48012, 246255, 53.30
ASTRAMICRO, EQ, 22-Jan-2025,763.1,770.0,770.0,731.55,740.8,738.8,744.64,175989,1310.49,17489, 88856, 50.49
ASTRAZEN, EQ, 22-Jan-2025,6752.2,6838.0,7099.9,6619.5,6994.75,6956.35,6856.58,24801,1700.5,8975, 4445, 17.92
ASTRON, EQ, 22-Jan-2025,19.4,19.5,19.68,18.66,19.42,19.19,19.13,24749,4.74,252, 14302, 57.79
ATAM, EQ, 22-Jan-2025,138.33,140.06,140.12,131.2,132.55,132.92,135.55,24366,33.03,1731, 11703, 48.03
ATFL, EQ, 22-Jan-2025,877.05,873.15,887.15,860.3,870.85,870.95,870.32,10975,95.52,1084, 6511, 59.33
ATGL, EQ, 22-Jan-2025,666.3,666.65,669.85,642.5,656.8,655.35,651.21,718254,4677.36,41226, 166031, 23.12
ATL, EQ, 22-Jan-2025,33.94,33.95,34.39,33.0,33.9,33.81,33.37,253432,84.58,2339, 130944, 51.67
ATUL, EQ, 22-Jan-2025,6726.4,6705.0,6793.95,6651.0,6749.3,6779.95,6722.97,33337,2241.24,9263, 18514, 55.54
ATULAUTO, EQ, 22-Jan-2025,528.2,530.3,530.3,505.0,515.0,517.15,515.23,27678,142.61,2181, 15168, 54.80
AUBANK, EQ, 22-Jan-2025,606.7,606.0,608.45,599.05,605.15,604.4,603.62,1367058,8251.86,64798, 661804, 48.41
AURIONPRO, EQ, 22-Jan-2025,1557.35,1565.0,1565.0,1478.0,1501.0,1505.75,1510.25,55097,832.1,8038, 31571, 57.30
AUROPHARMA, EQ, 22-Jan-2025,1187.0,1187.0,1194.7,1170.75,1193.9,1191.8,1183.64,603545,7143.8,42383, 321317, 53.24
AURUM, EQ, 22-Jan-2025,243.09,241.65,241.65,225.62,228.0,227.96,233.63,87376,204.14,2042, 55165, 63.14
AUTOAXLES, EQ, 22-Jan-2025,1761.3,1750.0,1761.25,1730.0,1749.0,1751.8,1747.5,5250,91.74,877, 3207, 61.09
AUTOBEES, EQ, 22-Jan-2025,228.06,228.85,229.14,226.1,227.75,227.68,227.29,143802,326.84,2990, 64537, 44.88
AUTOIETF, EQ, 22-Jan-2025,22.81,22.9,22.92,22.61,22.84,22.76,22.74,458719,104.33,2688, 192441, 41.95
AUTOIND, EQ, 22-Jan-2025,98.24,98.0,98.37,96.2,97.45,97.22,97.1,18524,17.99,886, 9672, 52.21
AVADHSUGAR, EQ, 22-Jan-2025,444.55,448.4,448.95,431.3,442.0,438.3,438.48,74527,326.79,2737, 32788, 43.99
AVALON, EQ, 22-Jan-2025,777.25,773.9,780.55,724.05,735.3,736.4,744.46,1088691,8104.82,27968, 390867, 35.90
AVANTEL, EQ, 22-Jan-2025,142.14,142.89,142.95,136.61,138.9,138.66,139.44,855897,1193.49,19728, 312104, 36.47
AVANTIFEED, EQ, 22-Jan-2025,645.95,643.0,684.0,631.0,675.0,671.45,656.41,692047,4542.67,38938, 193816, 28.01
AVL, EQ, 22-Jan-2025,507.2,513.0,522.0,472.55,483.95,480.05,500.62,655662,3282.38,10389, 502923, 76.70
AVTNPL, EQ, 22-Jan-2025,74.98,76.45,76.89,73.91,74.0,74.55,75.19,85303,64.14,2320, 36865, 43.22
AWFIS, EQ, 22-Jan-2025,701.45,701.35,704.4,668.65,681.0,679.65,682.27,285425,1947.36,14189, 188914, 66.19
AWHCL, EQ, 22-Jan-2025,601.0,600.0,606.95,588.75,596.6,596.6,596.38,63506,378.73,4309, 30146, 47.47
AWL, EQ, 22-Jan-2025,268.1,268.7,269.35,262.35,266.5,267.35,264.99,2061558,5462.98,32255, 1257015, 60.97
AXISBANK, EQ, 22-Jan-2025,970.2,975.75,975.75,954.0,959.6,959.3,961.5,17303146,166368.94,262679, 12791077, 73.92
AXISBNKETF, EQ, 22-Jan-2025,497.58,497.01,499.13,491.49,499.13,498.86,495.64,708,3.51,57, 528, 74.58
AXISBPSETF, EQ, 22-Jan-2025,12.27,12.65,12.65,12.22,12.28,12.27,12.27,31458,3.86,417, 23020, 73.18
AXISCETF, EQ, 22-Jan-2025,110.64,110.64,111.23,107.87,110.91,110.89,110.02,5704,6.28,65, 4730, 82.92
AXISGOLD, EQ, 22-Jan-2025,67.56,69.6,69.6,67.78,68.35,68.22,68.06,1299088,884.19,2272, 1171561, 90.18
AXISHCETF, EQ, 22-Jan-2025,141.92,142.75,142.92,141.6,142.6,142.6,142.27,1848,2.63,47, 975, 52.76
AXISILVER, EQ, 22-Jan-2025,91.21,92.07,92.48,91.61,92.16,91.87,91.98,22397,20.6,192, 17500, 78.14
AXISNIFTY, EQ, 22-Jan-2025,250.51,252.99,252.99,250.0,252.04,251.76,251.2,3624,9.1,129, 3271, 90.26
AXISTECETF, EQ, 22-Jan-2025,447.16,447.01,456.47,447.01,456.47,456.47,452.62,746,3.38,40, 558, 74.80
AXITA, EQ, 22-Jan-2025,11.19,11.23,11.28,10.94,11.01,11.01,11.03,3801064,419.36,7782, 663157, 17.45
AXSENSEX, EQ, 22-Jan-2025,77.34,77.19,77.75,77.13,77.64,77.61,77.34,1618,1.25,24, 1579, 97.59
AYMSYNTEX, EQ, 22-Jan-2025,261.73,263.64,268.84,248.64,259.0,256.62,255.67,49874,127.51,1564, 23148, 46.41
AZAD, EQ, 22-Jan-2025,1634.55,1646.75,1652.95,1570.0,1607.0,1603.7,1597.44,89197,1424.87,9951, 30375, 34.05
BAIDFIN, EQ, 22-Jan-2025,13.4,14.0,15.4,13.25,14.14,14.06,13.98,1249670,174.65,2417, 353706, 28.30
BAJAJ-AUTO, EQ, 22-Jan-2025,8468.55,8480.8,8534.95,8395.0,8439.15,8460.85,8441.78,344305,29065.48,64200, 207401, 60.24
BAJAJCON, EQ, 22-Jan-2025,188.38,188.4,188.9,184.0,186.05,186.26,186.27,218371,406.75,6712, 134161, 61.44
BAJAJELEC, EQ, 22-Jan-2025,680.6,684.2,684.2,650.0,661.0,657.1,657.06,65792,432.3,6744, 28530, 43.36
BAJAJFINSV, EQ, 22-Jan-2025,1717.0,1720.0,1746.85,1710.5,1742.55,1743.3,1728.07,1369310,23662.7,65189, 657440, 48.01
BAJAJHCARE, EQ, 22-Jan-2025,605.9,608.0,617.8,575.6,597.7,606.45,596.47,598693,3571.04,15858, 146939, 24.54
BAJAJHFL, EQ, 22-Jan-2025,113.21,113.01,113.51,109.62,111.17,111.1,110.83,11634423,12894.78,99842, 5857160, 50.34
BAJAJHIND, EQ, 22-Jan-2025,29.66,29.7,29.7,28.26,29.08,29.05,28.83,4276199,1232.89,18995, 1351389, 31.60
BAJAJHLDNG, EQ, 22-Jan-2025,10797.0,10900.15,11423.45,10890.8,11271.0,11286.4,11276.0,376194,42419.65,72037, 52839, 14.05
BAJEL, EQ, 22-Jan-2025,244.6,243.5,244.45,232.75,237.9,238.0,237.73,194868,463.27,4909, 77701, 39.87
BAJFINANCE, EQ, 22-Jan-2025,7291.65,7339.0,7420.25,7260.35,7394.95,7397.15,7331.95,727368,53330.24,83741, 351275, 48.29
BALAJEE, EQ, 22-Jan-2025,69.38,70.35,70.64,67.5,68.91,69.2,68.48,89351,61.19,1652, 40956, 45.84
BALAMINES, EQ, 22-Jan-2025,1735.2,1749.9,1754.95,1702.55,1717.05,1712.1,1712.94,28464,487.57,6276, 10234, 35.95
BALAXI, EQ, 22-Jan-2025,72.49,72.49,72.49,70.34,71.2,70.99,71.13,26778,19.05,739, 15086, 56.34
BALKRISHNA, EQ, 22-Jan-2025,23.24,23.89,23.89,22.97,23.51,23.53,23.36,27738,6.48,192, 14628, 52.74
BALKRISIND, EQ, 22-Jan-2025,2681.6,2669.0,2719.0,2645.2,2696.75,2708.45,2693.24,309114,8325.18,31961, 156362, 50.58
BALMLAWRIE, EQ, 22-Jan-2025,206.03,205.72,205.73,198.01,200.4,200.42,200.4,170498,341.68,9138, 90448, 53.05
BALPHARMA, EQ, 22-Jan-2025,117.42,116.92,116.98,105.41,109.0,108.28,108.87,52073,56.69,1372, 36456, 70.01
BALRAMCHIN, EQ, 22-Jan-2025,507.5,508.0,508.0,481.45,487.85,488.6,492.04,416199,2047.88,19394, 119487, 28.71
BALUFORGE, EQ, 22-Jan-2025,696.15,699.5,699.5,627.45,656.0,653.8,653.49,704469,4603.65,39077, 335768, 47.66
BANARISUG, EQ, 22-Jan-2025,3803.4,3800.0,3837.0,3800.0,3800.0,3804.1,3802.32,1344,51.1,148, 1191, 88.62
BANCOINDIA, EQ, 22-Jan-2025,453.7,453.7,455.0,430.0,439.2,438.55,438.71,159343,699.05,7394, 75664, 47.48
BANDHANBNK, EQ, 22-Jan-2025,150.28,150.06,151.9,148.55,151.02,151.51,150.02,5828892,8744.63,36762, 2178231, 37.37
BANKA, EQ, 22-Jan-2025,91.99,92.82,93.0,86.0,93.0,89.24,88.95,14501,12.9,534, 6950, 47.93
BANKBARODA, EQ, 22-Jan-2025,229.61,230.0,231.1,223.52,228.29,228.38,227.71,9955733,22670.12,60385, 4622590, 46.43
BANKBEES, EQ, 22-Jan-2025,498.82,502.99,502.99,494.15,501.15,500.59,497.3,879203,4372.3,13339, 423172, 48.13
BANKBETF, EQ, 22-Jan-2025,48.96,48.96,49.85,48.31,49.13,49.14,48.76,64826,31.61,223, 47379, 73.09
BANKETF, EQ, 22-Jan-2025,490.3,490.3,492.05,485.05,492.05,491.47,488.77,2321,11.34,642, 2039, 87.85
BANKETFADD, EQ, 22-Jan-2025,49.25,50.0,50.0,46.5,49.32,49.33,48.94,448279,219.4,159, 441776, 98.55
BANKIETF, EQ, 22-Jan-2025,49.38,49.71,49.71,48.94,49.6,49.58,49.08,2610285,1281.18,1426, 2152634, 82.47
BANKINDIA, EQ, 22-Jan-2025,100.06,100.0,100.26,96.85,98.95,99.03,98.47,4809029,4735.58,27525, 1124499, 23.38
BANKNIFTY1, EQ, 22-Jan-2025,500.45,501.48,502.0,494.3,502.0,501.03,497.24,119593,594.67,8022, 112200, 93.82
BANKPSU, EQ, 22-Jan-2025,63.02,62.82,62.83,61.25,62.43,62.43,62.38,3521,2.2,69, 2724, 77.36
BANSALWIRE, EQ, 22-Jan-2025,399.25,399.25,407.3,377.15,396.0,395.6,391.16,361956,1415.83,6826, 303606, 83.88
BANSWRAS, EQ, 22-Jan-2025,134.78,136.01,136.01,131.71,133.35,132.9,133.14,50015,66.59,1212, 35600, 71.18
BARBEQUE, EQ, 22-Jan-2025,375.65,377.6,380.0,359.0,364.0,363.0,363.13,234440,851.33,6865, 191534, 81.70
BASF, EQ, 22-Jan-2025,4865.7,4875.0,4875.0,4748.75,4805.0,4824.2,4810.8,18529,891.39,6091, 5080, 27.42
BASML, EQ, 22-Jan-2025,49.06,49.9,49.9,45.55,47.2,46.94,46.8,156734,73.36,1679, 92811, 59.22
BATAINDIA, EQ, 22-Jan-2025,1288.85,1296.4,1296.65,1260.5,1283.35,1276.15,1274.1,222066,2829.34,15202, 81883, 36.87
BAYERCROP, EQ, 22-Jan-2025,5012.8,5014.4,5036.2,4920.05,4955.55,4942.65,4948.6,20943,1036.39,7759, 13341, 63.70
BBETF0432, EQ, 22-Jan-2025,1216.41,1217.99,1223.3,1217.99,1220.6,1220.24,1220.74,1518,18.53,38, 833, 54.87
BBL, EQ, 22-Jan-2025,3213.25,3245.0,3254.0,3120.0,3166.0,3168.35,3162.57,16378,517.97,4768, 8613, 52.59
BBNPNBETF, EQ, 22-Jan-2025,48.52,48.52,48.76,48.04,48.64,48.64,48.33,2511,1.21,36, 1650, 65.71
BBNPPGOLD, EQ, 22-Jan-2025,78.6,80.05,80.05,78.9,78.95,78.95,79.31,2263,1.79,37, 2144, 94.74
BBOX, EQ, 22-Jan-2025,633.0,635.0,641.95,601.35,610.9,610.6,612.65,233391,1429.86,7175, 130209, 55.79
BBTC, EQ, 22-Jan-2025,1980.1,2025.0,2345.25,1972.75,2330.0,2230.15,2141.94,1508139,32303.39,128631, 101330, 6.72
BBTCL, EQ, 22-Jan-2025,200.35,200.52,201.43,188.0,194.0,194.61,196.82,13091,25.77,314, 11814, 90.25
BCLIND, EQ, 22-Jan-2025,50.07,50.0,50.0,46.93,47.75,47.8,47.87,1085577,519.7,9299, 452777, 41.71
BCONCEPTS, EQ, 22-Jan-2025,490.45,492.9,492.9,462.75,475.0,481.25,476.39,6787,32.33,864, 3124, 46.03
BDL, EQ, 22-Jan-2025,1280.4,1276.0,1280.3,1196.65,1222.0,1217.1,1226.7,1220946,14977.29,75852, 432655, 35.44
BEARDSELL, EQ, 22-Jan-2025,38.66,39.85,43.24,38.11,39.21,40.08,40.32,221188,89.19,2224, 82313, 37.21
BECTORFOOD, EQ, 22-Jan-2025,1488.2,1489.1,1502.2,1467.0,1485.0,1483.7,1481.51,57048,845.17,13921, 36010, 63.12
BEDMUTHA, EQ, 22-Jan-2025,204.4,204.82,204.82,197.63,198.15,198.87,200.39,9604,19.25,590, 5442, 56.66
BEL, EQ, 22-Jan-2025,279.0,279.0,279.3,266.3,270.6,270.35,269.93,21272549,57421.43,187494, 8481098, 39.87
BEML, EQ, 22-Jan-2025,3673.25,3680.0,3697.5,3546.45,3622.0,3614.15,3601.34,154921,5579.24,27566, 42513, 27.44
BEPL, EQ, 22-Jan-2025,126.1,126.2,126.2,121.6,122.65,122.38,122.77,295822,363.17,6786, 139359, 47.11
BERGEPAINT, EQ, 22-Jan-2025,475.2,475.2,477.85,469.65,475.2,476.05,473.59,872456,4131.85,32117, 438432, 50.25
BESTAGRO, EQ, 22-Jan-2025,544.75,552.8,559.0,526.8,558.45,555.6,542.66,32713,177.52,2702, 17227, 52.66
BFINVEST, EQ, 22-Jan-2025,588.7,590.0,594.25,575.0,594.0,591.45,584.13,16231,94.81,1673, 6452, 39.75
BFSI, EQ, 22-Jan-2025,23.13,23.8,23.8,22.94,23.24,23.19,23.07,81116,18.72,598, 52994, 65.33
BHAGCHEM, EQ, 22-Jan-2025,291.15,291.15,294.65,278.45,290.75,292.35,287.46,128464,369.29,3088, 63505, 49.43
BHAGERIA, EQ, 22-Jan-2025,177.22,178.86,184.5,175.5,183.5,182.41,179.27,29261,52.46,1526, 14465, 49.43
BHAGYANGR, EQ, 22-Jan-2025,90.49,90.46,92.0,88.64,89.9,90.23,89.88,23853,21.44,931, 13696, 57.42
BHANDARI, EQ, 22-Jan-2025,6.56,6.7,6.7,6.24,6.41,6.48,6.46,402936,26.04,1511, 223835, 55.55
BHARATFORG, EQ, 22-Jan-2025,1201.65,1210.95,1229.1,1186.05,1223.0,1226.45,1209.02,1450962,17542.36,60464, 926264, 63.84
BHARATGEAR, EQ, 22-Jan-2025,96.75,98.5,98.5,92.57,95.2,95.13,94.78,21964,20.82,1155, 13683, 62.30
BHARATRAS, EQ, 22-Jan-2025,10323.95,10378.3,10378.3,9880.0,10270.8,10059.1,10065.65,4090,411.69,1775, 2498, 61.08
BHARATWIRE, EQ, 22-Jan-2025,196.15,198.1,198.1,184.02,193.04,190.9,189.95,65541,124.49,3386, 31075, 47.41
BHARTIARTL, EQ, 22-Jan-2025,1626.15,1627.5,1641.0,1622.55,1631.0,1631.75,1632.24,3262136,53245.93,116455, 2224294, 68.19
BHARTIHEXA, EQ, 22-Jan-2025,1276.05,1275.0,1285.0,1234.0,1270.0,1268.75,1259.97,658727,8299.76,49512, 470250, 71.39
BHEL, EQ, 22-Jan-2025,209.55,210.0,210.19,199.37,204.7,205.46,203.55,11550327,23510.61,98618, 3711489, 32.13
BIGBLOC, EQ, 22-Jan-2025,93.47,92.55,94.24,87.61,90.0,89.93,90.04,154717,139.31,3779, 93609, 60.50
BIKAJI, EQ, 22-Jan-2025,698.55,700.0,701.95,680.6,692.95,688.35,686.01,190573,1307.36,17168, 112010, 58.78
BINANIIND, EQ, 22-Jan-2025,14.35,14.65,14.65,13.63,13.63,13.63,13.85,8215,1.14,137, 5071, 61.73
BIOCON, EQ, 22-Jan-2025,390.55,390.55,392.35,380.1,388.4,388.05,384.84,2830379,10892.57,40270, 803033, 28.37
BIOFILCHEM, EQ, 22-Jan-2025,56.39,56.39,57.47,55.0,55.42,55.67,55.8,13724,7.66,400, 7739, 56.39
BIRLACABLE, EQ, 22-Jan-2025,198.75,201.7,202.98,191.19,194.95,195.92,194.72,17363,33.81,1104, 7820, 45.04
BIRLACORPN, EQ, 22-Jan-2025,1164.55,1154.1,1161.45,1131.0,1152.45,1149.85,1144.95,285982,3274.34,8143, 264199, 92.38
BLACKBUCK, EQ, 22-Jan-2025,416.7,416.7,416.7,395.9,395.9,398.7,400.17,85616,342.61,11114, 53288, 62.24
BLAL, EQ, 22-Jan-2025,224.66,224.66,228.89,220.0,223.0,222.76,222.85,52382,116.74,1672, 32575, 62.19
BLBLIMITED, EQ, 22-Jan-2025,18.99,19.7,19.7,18.84,19.21,19.12,19.09,40819,7.79,446, 27990, 68.57
BLISSGVS, EQ, 22-Jan-2025,163.13,164.4,166.75,158.35,164.94,165.66,162.44,739543,1201.31,10110, 226598, 30.64
BLKASHYAP, EQ, 22-Jan-2025,73.97,74.7,74.78,70.12,71.4,71.15,71.65,356877,255.71,3710, 220802, 61.87
BLS, EQ, 22-Jan-2025,463.95,465.65,465.65,445.8,456.75,456.5,455.84,5851883,26675.29,109653, 1023248, 17.49
BLSE, EQ, 22-Jan-2025,197.73,197.8,198.72,191.21,193.4,193.09,193.46,160872,311.23,7437, 77257, 48.02
BLUEDART, EQ, 22-Jan-2025,6537.35,6570.0,6690.75,6466.75,6590.0,6609.15,6605.35,15416,1018.28,4864, 4703, 30.51
BLUEJET, EQ, 22-Jan-2025,581.45,581.45,588.9,552.4,557.0,558.75,566.39,209887,1188.78,6977, 113982, 54.31
BLUESTARCO, EQ, 22-Jan-2025,1865.8,1880.0,1912.25,1840.0,1886.0,1879.45,1865.84,269032,5019.69,40067, 147976, 55.00
BODALCHEM, EQ, 22-Jan-2025,64.78,64.7,65.33,62.22,62.92,63.02,63.24,148862,94.14,3267, 95207, 63.96
BOMDYEING, EQ, 22-Jan-2025,167.98,168.0,168.65,159.67,164.57,165.09,163.4,1056570,1726.45,24491, 314330, 29.75
BOROLTD, EQ, 22-Jan-2025,386.3,385.5,387.3,375.0,379.8,381.65,379.4,117532,445.91,12614, 60699, 51.64
BOROSCI, EQ, 22-Jan-2025,165.98,165.0,165.0,158.86,159.0,159.2,161.33,52765,85.13,1625, 31309, 59.34
BOSCHLTD, EQ, 22-Jan-2025,30611.0,30867.6,30867.6,30204.1,30500.0,30582.7,30519.8,21434,6541.61,8005, 9610, 44.84
BPCL, EQ, 22-Jan-2025,280.2,282.0,283.55,274.05,278.3,277.6,277.16,6301894,17466.59,65057, 1951342, 30.96
BPL, EQ, 22-Jan-2025,100.77,101.45,102.76,95.98,101.5,100.86,99.51,104720,104.21,2448, 44052, 42.07
BRIGADE, EQ, 22-Jan-2025,1112.5,1110.0,1119.7,1055.75,1069.5,1069.75,1075.21,206255,2217.67,27831, 129894, 62.98
BRITANNIA, EQ, 22-Jan-2025,4903.85,4930.0,4975.2,4883.2,4945.0,4956.7,4938.74,460132,22724.73,66070, 294734, 64.05
BRNL, EQ, 22-Jan-2025,45.62,45.96,45.98,43.56,44.0,44.03,44.34,51553,22.86,832, 28803, 55.87
BSE, EQ, 22-Jan-2025,5789.9,5800.0,5815.0,5601.0,5750.0,5758.7,5721.75,1550508,88716.18,167378, 398228, 25.68
BSE500IETF, EQ, 22-Jan-2025,36.04,36.03,36.28,35.62,36.0,35.89,35.85,70192,25.16,791, 41076, 58.52
BSHSL, EQ, 22-Jan-2025,138.25,142.78,142.89,135.0,139.0,139.15,138.09,8655,11.95,519, 4851, 56.05
BSL, EQ, 22-Jan-2025,244.75,240.35,254.95,221.0,231.0,232.6,229.43,51981,119.26,2857, 22339, 42.98
BSLGOLDETF, EQ, 22-Jan-2025,71.13,71.8,71.8,71.02,71.32,71.78,71.7,138355,99.21,538, 126810, 91.66
BSLNIFTY, EQ, 22-Jan-2025,26.52,26.69,26.69,26.41,26.69,26.6,26.56,182971,48.6,5984, 109256, 59.71
BSLSENETFG, EQ, 22-Jan-2025,75.25,75.13,76.38,75.03,75.14,75.79,75.47,1049,0.79,96, 749, 71.40
BSOFT, EQ, 22-Jan-2025,525.45,529.0,531.95,516.8,530.5,530.1,523.46,1552305,8125.74,41776, 455689, 29.36
BTML, EQ, 22-Jan-2025,12.25,12.16,13.95,11.82,12.21,12.24,12.28,399017,48.98,1688, 129990, 32.58
BURNPUR, EQ, 22-Jan-2025,6.37,6.65,6.67,6.06,6.23,6.19,6.21,160478,9.97,619, 86494, 53.90
BUTTERFLY, EQ, 22-Jan-2025,715.5,719.3,729.5,702.0,704.2,713.05,706.8,3540,25.02,549, 1807, 51.05
BVCL, EQ, 22-Jan-2025,48.15,49.05,49.14,46.06,46.85,46.7,47.41,13162,6.24,376, 3882, 29.49
CALSOFT, EQ, 22-Jan-2025,15.24,14.47,15.55,14.47,14.58,14.57,14.72,362045,53.28,968, 157193, 43.42
CAMLINFINE, EQ, 22-Jan-2025,129.65,130.3,131.35,125.97,128.9,129.96,128.52,862680,1108.69,17128, 248957, 28.86
CAMPUS, EQ, 22-Jan-2025,276.25,274.0,277.0,266.55,276.0,276.2,272.19,373013,1015.3,17204, 188441, 50.52
CAMS, EQ, 22-Jan-2025,4248.05,4250.0,4257.05,3976.0,4098.05,4075.25,4059.01,602893,24471.48,74032, 251686, 41.75
CANBK, EQ, 22-Jan-2025,99.47,99.4,99.59,95.72,98.05,97.82,97.21,17908580,17408.48,86831, 6743572, 37.66
CANFINHOME, EQ, 22-Jan-2025,691.8,690.5,692.0,676.35,686.6,686.0,681.49,572090,3898.76,22684, 314317, 54.94
CANTABIL, EQ, 22-Jan-2025,282.6,283.05,285.65,262.0,273.45,271.5,269.99,397278,1072.63,5988, 206531, 51.99
CAPACITE, EQ, 22-Jan-2025,366.0,369.45,372.95,348.05,357.0,356.4,354.94,737204,2616.66,32101, 305117, 41.39
CAPITALSFB, EQ, 22-Jan-2025,304.0,306.0,306.0,295.0,297.0,299.55,299.9,47882,143.6,1283, 40720, 85.04
CAPLIPOINT, EQ, 22-Jan-2025,2195.25,2185.0,2200.0,2116.85,2180.0,2177.35,2149.71,91673,1970.7,18246, 40319, 43.98
CARBORUNIV, EQ, 22-Jan-2025,1203.95,1205.0,1213.8,1178.85,1192.0,1195.45,1190.87,56683,675.02,10967, 27411, 48.36
CAREERP, EQ, 22-Jan-2025,380.3,382.0,382.0,354.2,360.25,361.05,361.83,25594,92.61,1303, 18959, 74.08
CARERATING, EQ, 22-Jan-2025,1261.4,1261.2,1264.05,1233.05,1253.0,1249.85,1248.31,24596,307.04,5178, 14253, 57.95
CARRARO, EQ, 22-Jan-2025,555.45,558.0,559.0,527.0,527.9,530.5,535.59,92920,497.67,8360, 41835, 45.02
CARTRADE, EQ, 22-Jan-2025,1426.1,1422.0,1422.0,1294.0,1330.0,1335.15,1337.26,670414,8965.15,44025, 373277, 55.68
CARYSIL, EQ, 22-Jan-2025,716.85,719.95,723.45,698.7,708.0,705.6,702.62,26199,184.08,3843, 13311, 50.81
CASTROLIND, EQ, 22-Jan-2025,182.63,183.19,183.83,175.7,178.9,178.43,178.16,1901642,3387.94,37896, 741875, 39.01
CCHHL, EQ, 22-Jan-2025,19.26,19.6,19.6,18.29,18.6,18.58,18.74,52344,9.81,368, 40700, 77.75
CCL, EQ, 22-Jan-2025,639.5,640.0,658.9,628.85,638.95,639.1,644.17,302787,1950.45,26258, 49439, 16.33
CDSL, EQ, 22-Jan-2025,1527.55,1526.0,1526.0,1474.05,1504.0,1504.7,1494.76,2987026,44648.83,168960, 889920, 29.79
CEATLTD, EQ, 22-Jan-2025,2960.05,2980.0,2980.0,2833.85,2875.0,2853.35,2879.22,89548,2578.29,16531, 25487, 28.46
CEIGALL, EQ, 22-Jan-2025,326.3,324.0,326.05,318.1,321.5,321.5,321.16,76487,245.65,4087, 34753, 45.44
CELEBRITY, EQ, 22-Jan-2025,14.31,14.35,14.61,14.01,14.2,14.28,14.24,56507,8.04,371, 31349, 55.48
CELLO, EQ, 22-Jan-2025,670.8,679.2,679.65,648.75,656.05,655.5,655.48,199324,1306.53,20117, 122244, 61.33
CENTENKA, EQ, 22-Jan-2025,547.5,548.0,570.0,532.0,543.0,542.0,546.78,26266,143.62,3022, 11248, 42.82
CENTEXT, EQ, 22-Jan-2025,21.84,22.3,22.35,21.55,21.85,21.89,21.93,53977,11.84,704, 32499, 60.21
CENTRALBK, EQ, 22-Jan-2025,53.11,53.26,53.34,51.41,52.34,52.32,52.02,2654511,1380.85,19095, 818584, 30.84
CENTRUM, EQ, 22-Jan-2025,32.3,32.9,32.9,31.63,31.63,31.84,31.88,114685,36.56,720, 53988, 47.08
CENTUM, EQ, 22-Jan-2025,1867.15,1860.1,1874.0,1751.0,1782.0,1772.65,1787.15,17997,321.63,3356, 11340, 63.01
CENTURYPLY, EQ, 22-Jan-2025,818.65,818.0,820.0,799.5,818.3,810.9,812.55,159205,1293.62,12110, 36324, 22.82
CERA, EQ, 22-Jan-2025,6802.55,6794.9,6799.95,6671.0,6707.95,6716.5,6705.79,14650,982.4,4132, 9056, 61.82
CESC, EQ, 22-Jan-2025,147.47,146.91,147.59,140.75,142.4,142.47,142.94,6696262,9571.89,64860, 3400920, 50.79
CEWATER, EQ, 22-Jan-2025,722.85,729.0,729.0,687.05,697.0,704.3,699.58,283264,1981.65,23049, 85239, 30.09
CGCL, EQ, 22-Jan-2025,178.4,178.51,181.18,176.56,179.5,179.55,178.59,345240,616.55,13431, 64093, 18.56
CGPOWER, EQ, 22-Jan-2025,658.05,663.6,666.3,614.95,637.4,637.25,630.12,9176460,57822.93,164440, 6049770, 65.93
CHALET, EQ, 22-Jan-2025,784.85,781.05,785.0,768.35,783.0,780.35,778.99,517678,4032.64,46121, 335356, 64.78
CHAMBLFERT, EQ, 22-Jan-2025,492.95,494.9,499.0,483.95,497.1,497.55,491.63,1971039,9690.21,32956, 929474, 47.16
CHEMBOND, EQ, 22-Jan-2025,592.4,592.0,600.0,577.1,599.0,592.1,587.04,8972,52.67,1691, 5785, 64.48
CHEMCON, EQ, 22-Jan-2025,218.86,218.0,219.0,212.99,215.78,216.2,215.91,18945,40.91,1291, 11578, 61.11
CHEMFAB, EQ, 22-Jan-2025,987.25,987.7,996.9,950.0,990.0,972.75,966.41,4542,43.89,914, 1732, 38.13
CHEMPLASTS, EQ, 22-Jan-2025,476.25,471.9,480.9,469.0,475.0,478.55,474.83,29605,140.57,4694, 12703, 42.91
CHENNPETRO, EQ, 22-Jan-2025,584.8,586.95,588.5,567.0,581.95,581.95,574.61,486263,2794.13,24980, 132599, 27.27
CHEVIOT, EQ, 22-Jan-2025,1251.95,1245.7,1307.9,1222.55,1274.0,1266.1,1271.86,15032,191.19,2110, 3177, 21.13
CHOICEIN, EQ, 22-Jan-2025,530.55,533.0,536.8,527.5,534.1,535.3,532.8,404192,2153.55,20127, 141918, 35.11
CHOLAFIN, EQ, 22-Jan-2025,1240.5,1248.0,1278.0,1231.45,1271.0,1257.1,1245.98,1708689,21289.91,70302, 987818, 57.81
CHOLAHLDNG, EQ, 22-Jan-2025,1437.3,1432.3,1483.5,1418.9,1426.8,1422.65,1433.99,250343,3589.91,19731, 192632, 76.95
CIEINDIA, EQ, 22-Jan-2025,464.5,467.0,467.0,455.0,460.05,462.0,459.85,70650,324.88,12506, 37616, 53.24
CIGNITITEC, EQ, 22-Jan-2025,1507.5,1515.0,1519.5,1475.8,1491.0,1490.15,1491.39,195585,2916.94,11137, 110509, 56.50
CINEVISTA, EQ, 22-Jan-2025,17.72,17.26,17.73,16.84,17.16,17.17,17.16,20527,3.52,208, 13513, 65.83
CIPLA, EQ, 22-Jan-2025,1428.0,1431.1,1440.95,1420.2,1439.95,1439.4,1435.24,808605,11605.46,52066, 426081, 52.69
CLEAN, EQ, 22-Jan-2025,1433.95,1434.0,1445.9,1405.0,1423.0,1422.95,1421.7,58077,825.68,9704, 21909, 37.72
CLEDUCATE, EQ, 22-Jan-2025,119.22,120.39,120.39,110.0,117.0,113.92,113.85,128171,145.93,2966, 62902, 49.08
CLSEL, EQ, 22-Jan-2025,355.25,354.95,354.95,331.55,346.0,345.1,340.92,104408,355.95,6615, 43057, 41.24
CMSINFO, EQ, 22-Jan-2025,427.35,426.1,432.5,410.55,417.3,417.4,417.74,555872,2322.08,42573, 333289, 59.96
COALINDIA, EQ, 22-Jan-2025,381.55,381.5,383.9,374.65,379.7,379.2,377.93,10653690,40263.02,102780, 5619411, 52.75
COASTCORP, EQ, 22-Jan-2025,234.05,238.9,238.95,230.05,231.5,231.0,231.7,13774,31.91,483, 8181, 59.39
COCHINSHIP, EQ, 22-Jan-2025,1508.3,1515.95,1516.95,1440.0,1462.1,1462.05,1463.96,403472,5906.65,30260, 202319, 50.14
COFORGE, EQ, 22-Jan-2025,8261.1,8315.8,8364.95,8142.6,8223.0,8228.2,8245.45,348778,28758.31,62095, 106002, 30.39
COLPAL, EQ, 22-Jan-2025,2731.85,2754.0,2782.65,2741.95,2774.5,2771.55,2758.82,672025,18539.97,63764, 407872, 60.69
COMMOIETF, EQ, 22-Jan-2025,81.17,83.6,83.61,79.86,80.1,80.71,80.57,65247,52.57,813, 25053, 38.40
COMPUSOFT, EQ, 22-Jan-2025,25.93,26.2,26.2,25.1,25.3,25.27,25.42,35819,9.11,422, 25610, 71.50
CONCOR, EQ, 22-Jan-2025,755.9,757.5,759.65,740.4,754.6,756.05,747.73,1056274,7898.07,32675, 529215, 50.10
CONCORDBIO, EQ, 22-Jan-2025,2160.45,2160.45,2163.5,2095.0,2118.0,2120.55,2121.35,55846,1184.69,13452, 30076, 53.86
CONFIPET, EQ, 22-Jan-2025,73.49,73.6,73.69,70.55,71.3,71.12,71.53,237170,169.64,3694, 116256, 49.02
CONS, EQ, 22-Jan-2025,110.31,110.87,111.99,109.16,111.99,109.7,109.85,1623,1.78,101, 1395, 85.95
CONSOFINVT, EQ, 22-Jan-2025,197.21,200.0,200.0,196.0,196.0,196.19,196.74,2319,4.56,199, 1445, 62.31
CONSUMBEES, EQ, 22-Jan-2025,119.93,121.48,121.48,119.01,120.5,119.68,119.49,56922,68.02,1364, 44597, 78.35
CONSUMER, EQ, 22-Jan-2025,10.87,10.87,10.89,10.66,10.78,10.77,10.76,190174,20.47,287, 135064, 71.02
CONSUMIETF, EQ, 22-Jan-2025,111.37,111.15,115.0,110.5,111.27,111.33,110.94,22293,24.73,391, 7358, 33.01
CONTROLPR, EQ, 22-Jan-2025,678.7,680.7,688.5,671.1,680.0,684.7,678.39,18838,127.79,1863, 11070, 58.76
CORALFINAC, EQ, 22-Jan-2025,49.66,49.01,50.13,48.5,48.56,48.65,48.99,19211,9.41,531, 13802, 71.84
CORDSCABLE, EQ, 22-Jan-2025,175.35,175.35,176.4,169.25,171.92,171.36,171.66,21352,36.65,1139, 10779, 50.48
COROMANDEL, EQ, 22-Jan-2025,1844.25,1846.8,1854.25,1740.0,1781.65,1776.7,1787.23,529245,9458.82,40756, 271884, 51.37
COSMOFIRST, EQ, 22-Jan-2025,813.65,824.45,824.65,764.5,787.15,788.4,783.35,140669,1101.94,9054, 61397, 43.65
COUNCODOS, EQ, 22-Jan-2025,6.63,6.5,6.66,6.47,6.58,6.56,6.55,77481,5.07,339, 40410, 52.15
CPSEETF, EQ, 22-Jan-2025,85.81,86.3,86.3,83.45,84.3,84.27,84.24,1621953,1366.31,16202, 665846, 41.05
CRAFTSMAN, EQ, 22-Jan-2025,4632.55,4611.0,4632.0,4492.85,4553.0,4565.7,4545.27,22081,1003.64,6842, 9422, 42.67
CREATIVE, EQ, 22-Jan-2025,910.3,902.0,925.0,890.0,925.0,918.8,902.73,25369,229.01,836, 20513, 80.86
CREDITACC, EQ, 22-Jan-2025,959.5,959.9,983.0,919.2,970.0,959.7,942.09,853731,8042.91,52227, 80986, 9.49
CREST, EQ, 22-Jan-2025,426.4,422.5,424.4,404.75,419.0,416.5,413.27,10123,41.84,760, 5332, 52.67
CRISIL, EQ, 22-Jan-2025,5410.25,5400.0,5590.0,5312.0,5350.85,5343.25,5428.54,54236,2944.22,17049, 10674, 19.68
CROMPTON, EQ, 22-Jan-2025,353.15,352.6,352.7,342.35,347.4,347.0,346.31,1498207,5188.51,43851, 920229, 61.42
CROWN, EQ, 22-Jan-2025,216.56,216.95,222.0,208.01,213.95,212.5,211.26,22398,47.32,1876, 5771, 25.77
CSBBANK, EQ, 22-Jan-2025,312.4,310.0,312.0,307.2,308.05,308.7,308.83,87835,271.26,11484, 40221, 45.79
CSLFINANCE, EQ, 22-Jan-2025,277.35,276.0,277.8,259.0,264.5,264.65,264.84,87656,232.15,3295, 59271, 67.62
CTE, EQ, 22-Jan-2025,91.19,91.89,92.59,85.6,88.05,88.25,88.21,41171,36.32,1001, 22950, 55.74
CUB, EQ, 22-Jan-2025,172.77,172.5,172.9,169.0,172.26,172.09,171.06,1036015,1772.23,21210, 522406, 50.42
CUBEXTUB, EQ, 22-Jan-2025,134.03,136.99,143.25,131.0,131.5,132.63,135.89,466402,633.79,7916, 134027, 28.74
CUMMINSIND, EQ, 22-Jan-2025,2903.8,2925.0,2925.0,2822.7,2884.45,2883.75,2873.65,619181,17793.1,77178, 348314, 56.25
CUPID, EQ, 22-Jan-2025,71.45,71.45,71.45,69.03,70.29,69.99,69.95,369034,258.13,3552, 243460, 65.97
CYBERMEDIA, EQ, 22-Jan-2025,25.74,25.7,25.7,24.42,24.42,24.62,24.8,22502,5.58,427, 13532, 60.14
CYBERTECH, EQ, 22-Jan-2025,229.69,232.0,232.0,216.01,218.58,218.88,220.73,83292,183.85,2294, 42097, 50.54
CYIENT, EQ, 22-Jan-2025,1733.0,1721.25,1742.9,1685.2,1705.0,1708.7,1708.15,371011,6337.41,46979, 136699, 36.84
CYIENTDLM, EQ, 22-Jan-2025,596.1,561.0,570.0,505.65,512.0,515.0,523.92,3064082,16053.32,136533, 1017722, 33.21
DABUR, EQ, 22-Jan-2025,521.25,521.25,524.6,517.7,521.0,520.5,520.25,1532395,7972.35,31468, 867367, 56.60
DALBHARAT, EQ, 22-Jan-2025,1771.2,1702.0,1805.65,1702.0,1796.15,1799.05,1787.42,2935848,52475.86,168682, 940184, 32.02
DALMIASUG, EQ, 22-Jan-2025,374.6,374.5,374.55,360.3,362.9,364.95,365.54,75761,276.94,2900, 19840, 26.19
DAMCAPITAL, EQ, 22-Jan-2025,309.2,312.1,312.65,292.7,299.4,300.75,299.46,2109771,6317.91,52063, 614353, 29.12
DAMODARIND, EQ, 22-Jan-2025,40.68,41.49,41.49,40.1,40.39,40.33,40.55,12858,5.21,250, 10878, 84.60
DANGEE, EQ, 22-Jan-2025,6.9,6.99,6.99,6.76,6.97,6.92,6.85,88682,6.08,324, 64612, 72.86
DATAMATICS, EQ, 22-Jan-2025,665.3,665.0,676.0,630.2,666.0,669.75,651.63,160370,1045.01,7311, 95273, 59.41
DATAPATTNS, EQ, 22-Jan-2025,2296.05,2289.5,2291.2,2150.0,2204.9,2199.95,2189.03,144877,3171.4,30449, 44525, 30.73
DAVANGERE, EQ, 22-Jan-2025,6.19,6.5,6.55,6.05,6.25,6.21,6.25,3722314,232.75,5566, 1254394, 33.70
DBCORP, EQ, 22-Jan-2025,272.6,274.0,274.0,262.4,265.0,264.1,265.08,69601,184.5,3079, 36242, 52.07
DBEIL, EQ, 22-Jan-2025,169.32,168.1,168.4,163.17,164.48,165.25,165.96,1041110,1727.88,5943, 943876, 90.66
DBL, EQ, 22-Jan-2025,424.5,425.0,426.5,405.55,418.0,415.0,415.21,421606,1750.54,8875, 345067, 81.85
DBOL, EQ, 22-Jan-2025,105.08,105.5,106.79,99.31,101.8,102.48,101.21,159009,160.93,3864, 72917, 45.86
DBREALTY, EQ, 22-Jan-2025,171.13,171.6,172.1,164.5,167.71,167.58,167.64,1355621,2272.52,24591, 530248, 39.11
DBSTOCKBRO, EQ, 22-Jan-2025,43.5,43.5,44.29,42.01,43.0,43.3,43.05,17124,7.37,500, 13754, 80.32
DCAL, EQ, 22-Jan-2025,246.85,246.9,248.7,230.15,237.4,237.0,236.73,610110,1444.34,21946, 221363, 36.28
DCBBANK, EQ, 22-Jan-2025,115.84,115.4,115.83,112.7,115.2,115.3,114.51,487666,558.44,7448, 214927, 44.07
DCI, EQ, 22-Jan-2025,346.35,349.9,353.35,329.05,331.0,333.0,334.38,9717,32.49,966, 6008, 61.83
DCM, EQ, 22-Jan-2025,105.14,107.74,107.74,101.64,103.0,102.82,103.11,18009,18.57,584, 7058, 39.19
DCMNVL, EQ, 22-Jan-2025,196.48,196.0,200.31,182.6,190.4,187.96,186.89,19765,36.94,841, 13823, 69.94
DCMSHRIRAM, EQ, 22-Jan-2025,1115.9,1114.5,1130.0,1073.6,1112.0,1118.45,1105.41,63914,706.51,8819, 21953, 34.35
DCMSRIND, EQ, 22-Jan-2025,180.5,184.0,184.0,173.81,174.55,175.51,176.3,77429,136.51,2062, 38298, 49.46
DCW, EQ, 22-Jan-2025,81.93,82.25,82.79,78.28,80.75,80.52,80.07,814525,652.18,10847, 313783, 38.52
DCXINDIA, EQ, 22-Jan-2025,356.55,359.7,359.7,339.0,350.0,348.35,345.23,512120,1767.99,9857, 208211, 40.66
DDEVPLSTIK, EQ, 22-Jan-2025,281.4,281.4,283.95,272.2,274.7,273.8,276.62,115157,318.55,6860, 60910, 52.89
DECCANCE, EQ, 22-Jan-2025,696.3,695.05,699.0,670.05,681.0,675.6,685.49,22080,151.36,2216, 15641, 70.84
DEEDEV, EQ, 22-Jan-2025,310.25,305.6,309.85,290.85,299.0,298.4,299.71,294602,882.96,4039, 233820, 79.37
DEEPAKFERT, EQ, 22-Jan-2025,1173.7,1171.3,1174.0,1114.85,1157.1,1157.05,1143.17,610861,6983.17,31214, 215232, 35.23
DEEPAKNTR, EQ, 22-Jan-2025,2349.2,2340.1,2346.65,2270.1,2313.0,2315.5,2300.35,109039,2508.28,15531, 29994, 27.51
DEEPINDS, EQ, 22-Jan-2025,575.5,573.8,573.8,536.25,560.25,558.75,550.85,237271,1307.0,7944, 109582, 46.18
DELHIVERY, EQ, 22-Jan-2025,329.25,330.3,330.6,312.35,323.0,322.3,317.94,2952508,9387.09,47480, 1094717, 37.08
DELTACORP, EQ, 22-Jan-2025,108.93,109.5,109.5,106.57,108.25,108.24,107.68,951292,1024.38,12560, 314514, 33.06
DELTAMAGNT, EQ, 22-Jan-2025,104.64,105.33,105.33,98.77,103.6,101.15,101.03,9654,9.75,353, 5689, 58.93
DEN, EQ, 22-Jan-2025,41.06,40.81,40.81,39.52,40.07,40.03,40.11,604812,242.56,5118, 225836, 37.34
DENORA, EQ, 22-Jan-2025,1128.55,1136.55,1136.55,1075.0,1105.0,1100.55,1101.43,6081,66.98,1009, 3705, 60.93
DEVIT, EQ, 22-Jan-2025,172.92,172.2,177.58,166.43,170.79,170.02,171.55,399000,684.49,6654, 112987, 28.32
DEVYANI, EQ, 22-Jan-2025,179.49,178.61,182.56,176.17,182.15,182.07,180.42,1813126,3271.2,41832, 561741, 30.98
DHAMPURSUG, EQ, 22-Jan-2025,161.32,161.9,164.99,152.86,155.0,155.26,155.69,234697,365.39,6731, 81758, 34.84
DHANI, EQ, 22-Jan-2025,94.26,94.58,95.25,89.38,92.55,92.9,92.43,3381837,3125.88,14776, 1339826, 39.62
DHANUKA, EQ, 22-Jan-2025,1435.4,1435.0,1445.0,1375.0,1410.0,1395.2,1402.54,24828,348.22,4358, 11486, 46.26
DHARMAJ, EQ, 22-Jan-2025,248.15,248.15,248.7,234.3,241.2,238.85,238.64,85861,204.9,3393, 47951, 55.85
DHRUV, EQ, 22-Jan-2025,123.84,130.03,130.03,130.03,130.03,130.03,130.03,31699,41.22,80, 31699, 100.00
DHUNINV, EQ, 22-Jan-2025,1783.8,1797.25,1800.0,1730.1,1800.0,1768.95,1758.11,588,10.34,209, 374, 63.61
DIAMINESQ, EQ, 22-Jan-2025,477.15,474.0,483.4,466.9,471.25,472.55,473.16,2034,9.62,303, 1238, 60.87
DIAMONDYD, EQ, 22-Jan-2025,1049.5,1041.0,1129.45,1025.0,1076.05,1097.65,1060.16,47930,508.14,3912, 24132, 50.35
DICIND, EQ, 22-Jan-2025,637.3,640.7,653.9,634.2,650.0,644.85,642.17,1111,7.13,153, 814, 73.27
DIFFNKG, EQ, 22-Jan-2025,317.7,323.0,325.0,304.45,305.55,306.7,309.83,40064,124.13,1542, 29528, 73.70
DIGIDRIVE, EQ, 22-Jan-2025,39.35,40.24,40.24,37.95,38.5,38.66,38.6,69265,26.74,2092, 29829, 43.07
DIGISPICE, EQ, 22-Jan-2025,27.83,28.34,28.49,26.57,27.11,27.31,27.08,59414,16.09,841, 37772, 63.57
DISHTV, EQ, 22-Jan-2025,8.88,8.86,8.93,8.56,8.7,8.66,8.68,6838099,593.47,7270, 2294493, 33.55
DIVGIITTS, EQ, 22-Jan-2025,615.0,613.9,613.9,588.05,600.0,600.45,598.08,9800,58.61,901, 4935, 50.36
DIVISLAB, EQ, 22-Jan-2025,5818.9,5838.55,5846.9,5755.0,5844.75,5812.5,5788.88,513868,29747.18,32077, 408464, 79.49
DIVOPPBEES, EQ, 22-Jan-2025,78.46,76.1,80.8,76.1,78.6,78.56,78.27,44035,34.47,900, 30107, 68.37
DIXON, EQ, 22-Jan-2025,15144.35,15200.0,15239.7,14280.0,14730.0,14714.5,14710.4,1219026,179323.57,220757, 270801, 22.21
DLF, EQ, 22-Jan-2025,737.9,741.65,744.9,700.8,713.5,713.8,714.57,5828129,41646.34,103296, 2986800, 51.25
DLINKINDIA, EQ, 22-Jan-2025,512.3,513.0,513.0,488.8,498.0,501.1,497.43,79125,393.59,3926, 42511, 53.73
DMART, EQ, 22-Jan-2025,3587.8,3604.0,3619.0,3524.5,3560.0,3561.6,3569.5,320915,11455.06,36385, 155767, 48.54
DNAMEDIA, EQ, 22-Jan-2025,5.67,5.79,5.84,5.57,5.6,5.69,5.7,112756,6.42,934, 60626, 53.77
DODLA, EQ, 22-Jan-2025,1078.75,1070.0,1115.0,1061.0,1088.25,1102.25,1089.92,37335,406.92,7395, 20868, 55.89
DOLATALGO, EQ, 22-Jan-2025,106.68,107.3,107.3,100.06,102.5,102.9,102.31,495819,507.28,6618, 266513, 53.75
DOLLAR, EQ, 22-Jan-2025,434.6,434.6,436.5,413.8,428.5,427.6,421.91,75771,319.69,3450, 42438, 56.01
DOMS, EQ, 22-Jan-2025,2509.35,2455.0,2494.95,2320.2,2350.0,2359.55,2381.54,245332,5842.69,48121, 99989, 40.76
DONEAR, EQ, 22-Jan-2025,145.41,145.0,147.24,138.41,139.5,139.13,140.59,86981,122.29,1878, 52036, 59.82
DPABHUSHAN, EQ, 22-Jan-2025,1606.8,1642.95,1670.0,1589.0,1645.0,1642.6,1620.68,15559,252.16,1667, 6613, 42.50
DPSCLTD, EQ, 22-Jan-2025,16.12,16.13,16.3,15.83,15.97,16.01,15.94,97343,15.52,874, 63632, 65.37
DPWIRES, EQ, 22-Jan-2025,319.8,319.0,321.45,311.3,316.15,315.75,314.78,6511,20.5,843, 4834, 74.24
DRCSYSTEMS, EQ, 22-Jan-2025,27.04,27.91,28.01,26.45,27.9,27.62,27.19,102384,27.84,1304, 51588, 50.39
DREAMFOLKS, EQ, 22-Jan-2025,360.3,362.3,363.75,348.05,350.0,349.9,352.36,148788,524.27,8421, 89053, 59.85
DREDGECORP, EQ, 22-Jan-2025,749.7,753.6,753.6,720.2,734.0,734.45,732.59,13245,97.03,1445, 6960, 52.55
DRREDDY, EQ, 22-Jan-2025,1288.15,1291.0,1308.0,1288.0,1296.0,1296.25,1297.58,1301422,16886.97,76466, 574673, 44.16
DSSL, EQ, 22-Jan-2025,1272.95,1275.0,1283.0,1210.0,1236.35,1233.2,1228.43,40381,496.05,5616, 22866, 56.63
DTIL, EQ, 22-Jan-2025,240.25,239.6,246.65,236.15,240.0,240.2,241.48,8118,19.6,934, 4422, 54.47
DUCON, EQ, 22-Jan-2025,7.26,7.35,7.35,7.0,7.1,7.1,7.1,475489,33.75,1352, 284207, 59.77
DVL, EQ, 22-Jan-2025,356.3,358.25,358.25,340.3,347.75,346.55,346.45,13865,48.04,868, 8851, 63.84
DWARKESH, EQ, 22-Jan-2025,53.48,53.27,53.3,49.99,51.1,50.93,51.03,855789,436.71,8186, 342171, 39.98
DYCL, EQ, 22-Jan-2025,850.4,854.85,898.05,821.8,864.5,867.25,842.15,53177,447.83,4903, 32861, 61.80
DYNAMATECH, EQ, 22-Jan-2025,7347.1,7395.0,7419.75,7126.05,7218.7,7324.75,7259.13,12287,891.93,4066, 6277, 51.09
DYNPRO, EQ, 22-Jan-2025,358.75,363.9,363.9,346.45,348.0,347.95,351.65,4239,14.91,436, 2449, 57.77
EASEMYTRIP, EQ, 22-Jan-2025,13.73,13.73,14.32,13.37,14.19,14.15,14.06,93114968,13089.4,55501, 21454564, 23.04
EBANKNIFTY, EQ, 22-Jan-2025,48.65,48.86,48.86,47.93,48.85,48.85,48.35,1775,0.86,16, 810, 45.63
EBBETF0425, EQ, 22-Jan-2025,1270.5,1270.76,1273.5,1270.75,1270.75,1270.75,1270.76,7414,94.21,29, 7372, 99.43
EBBETF0430, EQ, 22-Jan-2025,1445.46,1442.67,1451.01,1442.67,1445.51,1446.24,1447.36,3719,53.83,291, 2137, 57.46
EBBETF0431, EQ, 22-Jan-2025,1291.6,1291.6,1295.89,1291.6,1294.15,1294.04,1294.1,40519,524.36,70, 40106, 98.98
EBBETF0433, EQ, 22-Jan-2025,1184.75,1184.76,1190.5,1184.75,1185.32,1187.75,1188.25,5243,62.3,57, 3199, 61.01
ECAPINSURE, EQ, 22-Jan-2025,19.85,19.86,20.49,19.25,19.38,19.64,19.48,19676,3.83,202, 18026, 91.61
ECLERX, EQ, 22-Jan-2025,3243.35,3230.0,3245.6,3064.9,3133.0,3155.25,3121.91,76501,2388.29,26601, 36757, 48.05
ECOSMOBLTY, EQ, 22-Jan-2025,256.85,260.7,261.0,242.8,250.15,250.0,250.38,157266,393.76,4565, 47139, 29.97
EDELWEISS, EQ, 22-Jan-2025,114.04,114.0,114.42,106.0,111.59,111.0,110.15,4194889,4620.59,25908, 1978175, 47.16
EGOLD, EQ, 22-Jan-2025,81.3,82.0,82.0,81.2,81.95,81.95,81.94,99133,81.23,64, 98291, 99.15
EICHERMOT, EQ, 22-Jan-2025,4969.95,4980.0,5025.0,4953.2,4996.5,5009.7,4992.52,494734,24699.69,64810, 305849, 61.82
EIDPARRY, EQ, 22-Jan-2025,827.05,819.0,826.4,805.2,824.6,819.55,816.13,122583,1000.44,13675, 60239, 49.14
EIEL, EQ, 22-Jan-2025,265.1,266.0,267.0,248.05,257.5,257.25,254.79,3848910,9806.81,41206, 832871, 21.64
EIFFL, EQ, 22-Jan-2025,185.91,188.69,188.69,176.73,179.89,179.02,179.4,26905,48.27,1046, 21506, 79.93
EIHAHOTELS, EQ, 22-Jan-2025,387.95,393.75,393.75,375.1,377.2,378.5,381.5,19180,73.17,1714, 9151, 47.71
EIHOTEL, EQ, 22-Jan-2025,402.55,402.3,402.4,390.2,396.3,398.05,396.69,409562,1624.68,18744, 246529, 60.19
EIMCOELECO, EQ, 22-Jan-2025,1888.7,1888.7,1890.0,1801.8,1865.0,1854.75,1844.16,28827,531.62,2986, 18764, 65.09
EKC, EQ, 22-Jan-2025,162.07,162.53,162.8,154.95,157.94,158.54,158.16,383304,606.22,9566, 140215, 36.58
ELDEHSG, EQ, 22-Jan-2025,822.2,815.0,830.0,752.05,830.0,818.65,789.6,1629,12.86,290, 1172, 71.95
ELECON, EQ, 22-Jan-2025,605.6,603.95,605.2,531.9,555.0,550.8,564.08,1955019,11027.92,109061, 483289, 24.72
ELECTCAST, EQ, 22-Jan-2025,125.61,125.11,125.66,119.9,124.0,123.11,121.76,1540518,1875.75,27889, 783884, 50.88
ELGIEQUIP, EQ, 22-Jan-2025,529.1,533.75,569.95,527.05,566.0,558.8,550.07,1672223,9198.34,66844, 148282, 8.87
ELIN, EQ, 22-Jan-2025,171.89,172.0,172.89,165.2,166.75,167.98,167.59,64306,107.77,3174, 31533, 49.04
EMAMILTD, EQ, 22-Jan-2025,549.25,550.0,561.75,548.4,555.6,559.8,555.86,296862,1650.13,25075, 138798, 46.76
EMAMIPAP, EQ, 22-Jan-2025,106.68,107.22,107.22,104.01,104.95,104.62,104.57,19437,20.32,494, 10196, 52.46
EMBDL, EQ, 22-Jan-2025,156.01,157.1,159.0,147.2,149.9,149.94,153.9,21289095,32763.58,123995, 8183088, 38.44
EMCURE, EQ, 22-Jan-2025,1357.25,1364.0,1364.5,1335.85,1345.0,1350.35,1345.98,79791,1073.97,7096, 53157, 66.62
EMIL, EQ, 22-Jan-2025,154.9,154.0,157.99,151.5,157.27,157.0,155.36,941396,1462.59,21750, 658856, 69.99
EMMBI, EQ, 22-Jan-2025,135.18,135.7,139.0,132.85,138.4,137.23,134.56,95273,128.2,2544, 41545, 43.61
EMSLIMITED, EQ, 22-Jan-2025,824.1,825.7,825.7,771.0,788.1,791.25,788.33,369916,2916.15,29359, 127683, 34.52
EMUDHRA, EQ, 22-Jan-2025,959.95,959.1,959.1,930.3,940.0,946.65,943.05,86866,819.19,12105, 28328, 32.61
EMULTIMQ, EQ, 22-Jan-2025,41.65,42.2,42.2,40.35,40.93,41.03,40.76,152854,62.3,1248, 131154, 85.80
ENDURANCE, EQ, 22-Jan-2025,2104.6,2100.0,2125.65,2093.05,2101.3,2110.25,2102.16,229844,4831.69,15505, 197667, 86.00
ENGINERSIN, EQ, 22-Jan-2025,176.49,176.49,177.06,169.0,172.2,173.23,172.09,1589526,2735.4,32039, 494051, 31.08
ENIL, EQ, 22-Jan-2025,166.41,165.34,166.01,158.71,162.3,161.71,162.09,12694,20.58,757, 6455, 50.85
ENTERO, EQ, 22-Jan-2025,1309.1,1302.1,1327.15,1291.2,1296.95,1300.3,1305.71,13925,181.82,3834, 4921, 35.34
EPACK, EQ, 22-Jan-2025,501.45,490.05,496.9,476.4,476.4,476.4,478.97,531166,2544.12,7397, 292770, 55.12
EPIGRAL, EQ, 22-Jan-2025,1713.25,1707.0,1709.1,1651.05,1690.1,1692.15,1674.07,43102,721.56,8412, 17784, 41.26
EPL, EQ, 22-Jan-2025,226.65,228.45,229.55,220.65,224.0,223.9,223.3,613221,1369.3,33428, 226842, 36.99
EQUAL50ADD, EQ, 22-Jan-2025,297.45,298.89,300.0,295.26,300.0,298.45,297.34,4082,12.14,167, 3565, 87.33
EQUITASBNK, EQ, 22-Jan-2025,70.79,70.8,72.1,68.6,71.93,71.4,70.83,4378533,3101.41,41373, 1358936, 31.04
ERIS, EQ, 22-Jan-2025,1266.3,1258.15,1267.05,1225.65,1232.0,1237.6,1243.42,114212,1420.14,22022, 78572, 68.79
ESABINDIA, EQ, 22-Jan-2025,5172.15,5122.0,5199.95,5076.0,5122.0,5129.05,5128.17,1752,89.85,845, 943, 53.82
ESAFSFB, EQ, 22-Jan-2025,37.43,37.43,37.85,37.26,37.68,37.7,37.55,315693,118.55,2141, 186345, 59.03
ESCORTS, EQ, 22-Jan-2025,3573.65,3585.25,3613.4,3549.4,3560.0,3570.75,3575.37,142630,5099.55,17562, 75128, 52.67
ESG, EQ, 22-Jan-2025,38.65,39.2,39.2,38.35,38.77,38.75,38.61,7147,2.76,102, 3926, 54.93
ESILVER, EQ, 22-Jan-2025,92.12,92.75,93.12,92.3,92.95,92.93,92.91,36013,33.46,66, 33971, 94.33
ESTER, EQ, 22-Jan-2025,145.53,145.0,145.53,140.0,142.95,142.64,142.17,126886,180.39,3124, 52671, 41.51
ETHOSLTD, EQ, 22-Jan-2025,2665.3,2650.0,2650.0,2494.05,2520.0,2523.5,2538.09,97359,2471.06,21588, 65671, 67.45
EUREKAFORB, EQ, 22-Jan-2025,545.8,550.0,550.8,529.0,535.0,536.45,535.27,205879,1102.01,18087, 147673, 71.73
EVEREADY, EQ, 22-Jan-2025,365.1,365.0,365.0,355.5,358.0,359.1,358.54,41960,150.44,3871, 24347, 58.02
EVERESTIND, EQ, 22-Jan-2025,691.0,691.0,694.45,657.7,674.5,669.95,667.96,14504,96.88,3424, 7073, 48.77
EVINDIA, EQ, 22-Jan-2025,28.68,28.68,28.87,28.19,28.39,28.44,28.41,600370,170.59,7423, 364043, 60.64
EXCELINDUS, EQ, 22-Jan-2025,1277.55,1283.0,1283.0,1236.0,1264.0,1252.55,1252.03,3878,48.55,917, 2084, 53.74
EXICOM, EQ, 22-Jan-2025,244.68,245.05,245.9,232.44,238.5,239.52,236.9,277373,657.1,9472, 176637, 63.68
EXIDEIND, EQ, 22-Jan-2025,377.15,379.0,379.7,367.6,375.7,375.7,372.23,2226469,8287.64,38157, 909534, 40.85
EXPLEOSOL, EQ, 22-Jan-2025,1299.2,1296.0,1296.0,1265.0,1272.0,1268.85,1272.37,10282,130.82,939, 8309, 80.81
EXXARO, EQ, 22-Jan-2025,9.55,9.55,9.9,9.35,9.73,9.78,9.53,729918,69.56,1466, 466066, 63.85
FACT, EQ, 22-Jan-2025,953.4,955.45,956.9,917.4,937.1,940.5,932.09,385233,3590.73,22529, 58496, 15.18
FAIRCHEMOR, EQ, 22-Jan-2025,1084.3,1084.3,1086.95,1021.9,1060.0,1056.55,1053.55,13766,145.03,2524, 4416, 32.08
FAZE3Q, EQ, 22-Jan-2025,412.25,412.2,412.2,394.0,396.1,398.45,399.1,7427,29.64,511, 4095, 55.14
FCL, EQ, 22-Jan-2025,335.85,334.0,343.45,323.5,339.95,337.2,329.77,352838,1163.54,18051, 125030, 35.44
FCSSOFT, EQ, 22-Jan-2025,3.14,3.16,3.17,3.03,3.11,3.1,3.07,2929485,89.93,4115, 1357423, 46.34
FDC, EQ, 22-Jan-2025,476.35,473.0,475.45,445.8,468.0,466.2,461.99,148457,685.86,11308, 74807, 50.39
FEDERALBNK, EQ, 22-Jan-2025,192.35,193.2,193.44,186.53,191.84,190.1,188.73,9163217,17293.83,97351, 4730663, 51.63
FEDFINA, EQ, 22-Jan-2025,95.86,95.65,95.91,94.4,95.14,95.04,94.96,314955,299.09,6357, 203649, 64.66
FIBERWEB, EQ, 22-Jan-2025,52.34,52.57,52.87,49.72,52.41,51.05,50.57,69109,34.95,1029, 30676, 44.39
FIEMIND, EQ, 22-Jan-2025,1411.3,1401.0,1408.35,1360.05,1388.0,1388.2,1375.59,49123,675.73,10863, 30130, 61.34
FILATEX, EQ, 22-Jan-2025,51.75,51.94,52.28,50.1,51.19,51.14,50.85,893518,454.33,8479, 429573, 48.08
FINCABLES, EQ, 22-Jan-2025,1020.45,1027.0,1028.1,988.6,1006.0,1006.8,999.72,108086,1080.55,16711, 48502, 44.87
FINEORG, EQ, 22-Jan-2025,4513.75,4513.75,4515.8,4422.1,4452.0,4465.6,4456.8,16018,713.89,6396, 8318, 51.93
FINIETF, EQ, 22-Jan-2025,25.22,26.0,26.25,24.78,25.14,25.12,25.12,3890577,977.45,2138, 2630142, 67.60
FINOPB, EQ, 22-Jan-2025,301.0,300.1,307.2,297.0,300.6,300.25,300.51,125551,377.3,3371, 70927, 56.49
FINPIPE, EQ, 22-Jan-2025,211.25,212.1,213.85,205.0,207.0,206.95,207.05,674440,1396.46,25113, 322080, 47.76
FIRSTCRY, EQ, 22-Jan-2025,461.7,464.9,465.0,435.3,447.0,449.8,441.92,1613031,7128.36,38650, 1329353, 82.41
FIVESTAR, EQ, 22-Jan-2025,649.45,649.0,693.35,633.0,659.95,673.25,654.11,1129575,7388.68,62572, 455117, 40.29
FLAIR, EQ, 22-Jan-2025,259.5,259.5,259.5,250.15,251.95,251.5,252.82,53005,134.01,1774, 38256, 72.17
FLUOROCHEM, EQ, 22-Jan-2025,3823.55,3800.05,3800.05,3606.1,3655.95,3679.8,3689.61,67493,2490.23,11769, 26912, 39.87
FMCGIETF, EQ, 22-Jan-2025,58.53,59.29,59.29,58.32,58.49,58.56,58.56,652781,382.25,3550, 295426, 45.26
FMGOETZE, EQ, 22-Jan-2025,381.55,378.1,390.1,378.0,381.9,381.7,383.73,43588,167.26,1702, 24002, 55.07
FOCUS, EQ, 22-Jan-2025,106.38,106.99,109.21,100.3,103.57,103.21,103.26,156031,161.12,2397, 90707, 58.13
FOODSIN, EQ, 22-Jan-2025,113.15,112.91,115.79,107.93,109.7,109.06,111.12,174689,194.11,2700, 103720, 59.37
FORCEMOT, EQ, 22-Jan-2025,6588.4,6588.0,6596.0,6364.8,6500.1,6515.95,6453.44,17799,1148.65,5813, 8171, 45.91
FORTIS, EQ, 22-Jan-2025,640.0,641.0,642.2,623.7,629.65,629.6,629.29,1776604,11179.96,62577, 1086842, 61.18
FOSECOIND, EQ, 22-Jan-2025,3905.6,3917.7,3931.75,3756.55,3819.95,3798.1,3819.7,993,37.93,476, 490, 49.35
FSL, EQ, 22-Jan-2025,361.6,362.9,364.75,339.25,350.45,350.85,348.78,4167073,14533.93,104119, 1567585, 37.62
FUSION, EQ, 22-Jan-2025,187.95,189.0,189.0,181.69,185.75,186.71,184.83,157095,290.36,4703, 60896, 38.76
GABRIEL, EQ, 22-Jan-2025,447.2,447.2,447.2,424.05,425.0,426.25,429.44,163345,701.47,16265, 90574, 55.45
GAEL, EQ, 22-Jan-2025,120.76,120.79,121.39,114.77,116.5,115.59,116.41,939943,1094.16,14994, 408983, 43.51
GAIL, EQ, 22-Jan-2025,179.91,179.27,180.62,172.25,176.55,176.46,175.02,9583003,16771.71,91229, 4882011, 50.94
GALAPREC, EQ, 22-Jan-2025,1109.1,1101.8,1119.95,1030.0,1066.0,1060.7,1060.49,97089,1029.62,8244, 33460, 34.46
GALAXYSURF, EQ, 22-Jan-2025,2419.4,2405.1,2419.0,2380.1,2416.1,2396.15,2396.65,18557,444.75,3178, 14767, 79.58
GALLANTT, EQ, 22-Jan-2025,316.95,326.0,326.0,303.55,317.8,313.35,309.32,21448,66.34,905, 11464, 53.45
GANDHAR, EQ, 22-Jan-2025,195.04,195.58,196.69,190.0,192.2,191.94,191.46,148665,284.63,5196, 73279, 49.29
GANDHITUBE, EQ, 22-Jan-2025,725.1,725.05,725.05,705.0,711.2,713.85,712.64,2276,16.22,379, 1412, 62.04
GANECOS, EQ, 22-Jan-2025,1672.85,1689.75,1707.85,1613.4,1642.0,1631.45,1631.31,54210,884.33,12649, 24387, 44.99
GANESHBE, EQ, 22-Jan-2025,139.65,140.95,140.95,130.01,135.61,132.83,133.4,159359,212.59,5842, 91831, 57.63
GANESHHOUC, EQ, 22-Jan-2025,1398.95,1450.0,1456.7,1309.3,1395.0,1392.1,1351.41,699921,9458.79,58002, 95940, 13.71
GANGAFORGE, EQ, 22-Jan-2025,6.91,6.98,6.98,6.78,6.85,6.81,6.86,197756,13.57,542, 137325, 69.44
GANGESSECU, EQ, 22-Jan-2025,185.08,184.0,187.69,172.02,174.5,176.91,178.2,11657,20.77,775, 3990, 34.23
GARFIBRES, EQ, 22-Jan-2025,778.0,775.0,798.45,762.65,790.0,787.8,780.47,84263,657.65,9057, 38743, 45.98
GARUDA, EQ, 22-Jan-2025,134.22,135.24,136.1,124.5,135.65,133.6,131.35,1884495,2475.34,14466, 524535, 27.83
GATEWAY, EQ, 22-Jan-2025,79.39,79.5,79.97,76.86,79.0,78.17,78.15,531895,415.68,11391, 217822, 40.95
GEECEE, EQ, 22-Jan-2025,414.75,411.0,413.1,396.05,398.5,400.65,403.51,21931,88.49,1317, 13033, 59.43
GEEKAYWIRE, EQ, 22-Jan-2025,90.86,91.45,92.49,88.0,89.4,88.75,89.18,59338,52.92,1665, 35118, 59.18
GENCON, EQ, 22-Jan-2025,40.31,41.0,41.3,38.51,40.0,39.78,39.45,50455,19.9,845, 36574, 72.49
GENESYS, EQ, 22-Jan-2025,999.4,996.0,1005.0,905.15,938.7,930.9,934.91,376313,3518.18,29249, 154642, 41.09
GENSOL, EQ, 22-Jan-2025,760.75,767.05,776.45,736.2,741.05,747.35,753.35,73841,556.28,3271, 36213, 49.04
GENUSPAPER, EQ, 22-Jan-2025,20.06,20.06,20.21,19.63,19.83,19.93,19.88,123395,24.53,703, 55885, 45.29
GENUSPOWER, EQ, 22-Jan-2025,361.9,361.9,363.15,337.0,345.0,344.9,344.52,909250,3132.51,27746, 504217, 55.45
GEOJITFSL, EQ, 22-Jan-2025,100.16,100.0,101.29,95.32,97.45,97.08,97.33,398212,387.58,6052, 189533, 47.60
GEPIL, EQ, 22-Jan-2025,318.85,318.85,318.85,301.05,309.0,308.7,308.0,122937,378.65,4112, 63105, 51.33
GESHIP, EQ, 22-Jan-2025,948.7,951.55,951.55,925.9,947.5,947.45,937.62,453256,4249.84,35930, 253499, 55.93
GFLLIMITED, EQ, 22-Jan-2025,76.63,76.63,77.48,74.1,75.4,75.49,75.1,38386,28.83,1465, 16413, 42.76
GHCL, EQ, 22-Jan-2025,724.05,716.0,723.95,692.5,719.0,716.7,707.77,232410,1644.92,17655, 77012, 33.14
GHCLTEXTIL, EQ, 22-Jan-2025,96.17,97.35,97.35,91.25,92.35,92.87,92.99,123693,115.02,3533, 66289, 53.59
GICHSGFIN, EQ, 22-Jan-2025,194.15,195.1,195.99,189.39,193.0,193.33,192.22,95493,183.56,2072, 42671, 44.68
GICRE, EQ, 22-Jan-2025,434.85,438.5,442.7,417.05,423.15,423.1,423.99,927668,3933.25,50542, 269922, 29.10
GILLETTE, EQ, 22-Jan-2025,9521.35,9507.3,9507.95,9280.0,9375.0,9381.2,9359.63,11646,1090.02,5164, 5105, 43.83
GILT5YBEES, EQ, 22-Jan-2025,59.09,59.06,59.27,59.06,59.13,59.16,59.17,117330,69.43,254, 74408, 63.42
GINNIFILA, EQ, 22-Jan-2025,30.26,30.23,30.33,29.01,29.54,29.43,29.49,73784,21.76,696, 45505, 61.67
GIPCL, EQ, 22-Jan-2025,205.59,206.3,206.44,196.36,202.74,202.74,200.34,395600,792.53,12837, 165309, 41.79
GKWLIMITED, EQ, 22-Jan-2025,2378.2,2380.55,2383.0,2264.0,2283.0,2281.8,2327.25,384,8.94,155, 212, 55.21
GLAND, EQ, 22-Jan-2025,1659.2,1659.75,1665.95,1627.5,1628.0,1633.55,1637.7,77017,1261.31,11036, 33223, 43.14
GLAXO, EQ, 22-Jan-2025,2146.0,2151.35,2164.85,2089.4,2116.45,2107.85,2110.42,252676,5332.52,20398, 204702, 81.01
GLENMARK, EQ, 22-Jan-2025,1499.5,1499.5,1508.75,1472.4,1501.55,1501.35,1490.32,184505,2749.72,18542, 50700, 27.48
GLOBAL, EQ, 22-Jan-2025,68.7,68.7,68.95,65.1,67.73,66.96,66.72,58615,39.11,1558, 35642, 60.81
GLOBE, EQ, 22-Jan-2025,4.0,4.04,4.04,3.9,4.0,3.99,3.97,1628555,64.63,1527, 1243855, 76.38
GLOBUSSPR, EQ, 22-Jan-2025,898.0,897.95,912.0,843.3,878.0,869.35,875.39,285412,2498.45,8255, 92037, 32.25
GLOSTERLTD, EQ, 22-Jan-2025,710.25,710.5,757.0,685.0,686.9,703.15,726.68,17176,124.81,1636, 4257, 24.78
GMBREW, EQ, 22-Jan-2025,743.45,740.05,744.9,704.0,729.8,730.5,720.0,43593,313.87,2830, 16061, 36.84
GMDCLTD, EQ, 22-Jan-2025,318.5,319.7,319.95,306.3,311.9,312.25,310.46,832808,2585.51,22683, 194662, 23.37
GMMPFAUDLR, EQ, 22-Jan-2025,1198.55,1199.4,1203.0,1174.1,1190.0,1192.25,1187.56,36379,432.02,8037, 17892, 49.18
GMRAIRPORT, EQ, 22-Jan-2025,74.36,74.57,74.7,70.85,72.83,72.98,72.34,14826279,10725.82,37362, 7259576, 48.96
GMRP&UI, EQ, 22-Jan-2025,121.1,125.24,125.24,115.97,119.9,119.95,119.21,1469603,1751.92,14121, 759181, 51.66
GNA, EQ, 22-Jan-2025,401.25,401.25,401.25,390.0,392.0,391.85,393.87,18613,73.31,1127, 11434, 61.43
GNFC, EQ, 22-Jan-2025,556.1,558.0,558.0,537.1,548.0,549.25,544.59,514053,2799.46,19654, 191405, 37.23
GOACARBON, EQ, 22-Jan-2025,633.95,631.1,637.95,615.4,625.0,622.7,622.7,17162,106.87,1448, 6887, 40.13
GOCLCORP, EQ, 22-Jan-2025,363.45,362.65,362.65,352.3,357.15,356.1,356.53,14985,53.43,952, 10385, 69.30
GOCOLORS, EQ, 22-Jan-2025,968.45,965.7,968.45,927.1,937.0,939.05,939.62,17894,168.14,3870, 8397, 46.93
GODAVARIB, EQ, 22-Jan-2025,276.3,278.0,279.0,267.0,274.1,275.6,272.53,102474,279.28,3387, 41038, 40.05
GODFRYPHLP, EQ, 22-Jan-2025,4269.45,4240.0,4263.4,4141.4,4247.3,4234.35,4200.77,58617,2462.37,12987, 31352, 53.49
GODIGIT, EQ, 22-Jan-2025,290.65,295.05,295.05,277.4,286.5,286.35,284.24,906785,2577.47,28406, 213760, 23.57
GODREJAGRO, EQ, 22-Jan-2025,717.8,717.8,732.0,707.0,720.0,721.1,717.31,78037,559.77,7862, 29709, 38.07
GODREJCP, EQ, 22-Jan-2025,1158.95,1163.05,1168.5,1137.55,1153.0,1153.0,1148.59,1902732,21854.56,86856, 1336916, 70.26
GODREJIND, EQ, 22-Jan-2025,898.5,898.8,898.8,869.05,880.0,879.6,879.74,57706,507.66,9093, 24189, 41.92
GODREJPROP, EQ, 22-Jan-2025,2365.85,2365.85,2380.1,2200.0,2239.25,2240.55,2253.85,1092303,24618.86,86264, 487912, 44.67
GOKEX, EQ, 22-Jan-2025,1067.35,1067.35,1069.95,1000.0,1019.8,1028.05,1029.1,144165,1483.6,20081, 58476, 40.56
GOKULAGRO, EQ, 22-Jan-2025,328.1,329.95,336.55,303.75,314.95,312.1,312.98,484648,1516.85,7170, 408048, 84.19
GOLD1, EQ, 22-Jan-2025,67.45,67.71,68.3,67.71,68.15,68.15,68.11,1198679,816.46,2751, 1109533, 92.56
GOLDBEES, EQ, 22-Jan-2025,66.95,67.25,67.69,67.06,67.66,67.62,67.51,11577541,7815.43,39224, 8488348, 73.32
GOLDCASE, EQ, 22-Jan-2025,12.69,12.77,12.87,12.71,12.84,12.83,12.83,1154653,148.13,2143, 906297, 78.49
GOLDETF, EQ, 22-Jan-2025,78.7,79.21,79.55,78.81,79.45,79.35,79.31,1410948,1119.09,1086, 1386588, 98.27
GOLDETFADD, EQ, 22-Jan-2025,78.56,78.96,79.4,78.57,79.12,79.25,79.23,274332,217.36,409, 264958, 96.58
GOLDIAM, EQ, 22-Jan-2025,493.85,497.4,497.4,449.0,475.0,477.45,467.54,1745566,8161.28,34375, 587330, 33.65
GOLDIETF, EQ, 22-Jan-2025,69.02,69.49,70.2,69.41,69.97,69.93,69.82,1917533,1338.73,7968, 1600735, 83.48
GOLDSHARE, EQ, 22-Jan-2025,67.55,67.75,68.3,67.75,68.3,68.2,68.09,190084,129.43,967, 145552, 76.57
GOODLUCK, EQ, 22-Jan-2025,883.8,897.3,897.3,843.0,848.0,852.55,858.37,101259,869.18,9321, 61467, 60.70
GOPAL, EQ, 22-Jan-2025,342.55,340.85,347.9,332.5,340.7,341.15,336.9,148886,501.6,4828, 55958, 37.58
GOYALALUM, EQ, 22-Jan-2025,9.2,9.37,9.37,9.0,9.1,9.11,9.14,120720,11.03,827, 72123, 59.74
GPIL, EQ, 22-Jan-2025,187.76,189.52,190.39,179.15,183.0,183.46,182.48,1162968,2122.15,28481, 540438, 46.47
GPPL, EQ, 22-Jan-2025,164.43,164.1,164.24,154.55,156.23,156.59,157.31,1644560,2587.12,42270, 1050685, 63.89
GPTHEALTH, EQ, 22-Jan-2025,178.93,178.93,178.93,173.3,174.0,174.02,174.63,55841,97.52,1408, 35364, 63.33
GPTINFRA, EQ, 22-Jan-2025,132.43,135.0,135.0,124.17,127.5,127.18,127.27,87340,111.16,2451, 52113, 59.67
GRANULES, EQ, 22-Jan-2025,589.3,588.2,592.75,574.85,590.8,590.25,583.37,867802,5062.52,22696, 385544, 44.43
GRAPHITE, EQ, 22-Jan-2025,495.1,495.1,497.0,482.1,492.5,491.6,487.44,334027,1628.19,19236, 123882, 37.09
GRASIM, EQ, 22-Jan-2025,2367.5,2380.95,2396.45,2370.3,2390.0,2388.15,2385.03,336546,8026.73,37152, 176023, 52.30
GRAVITA, EQ, 22-Jan-2025,2187.55,2195.45,2230.0,2115.55,2152.0,2169.4,2147.0,312402,6707.27,31498, 184675, 59.11
GREAVESCOT, EQ, 22-Jan-2025,252.3,251.9,252.9,240.2,245.0,245.45,244.46,3368379,8234.29,51910, 641582, 19.05
GREENLAM, EQ, 22-Jan-2025,572.65,568.0,595.0,553.25,592.0,591.95,581.5,80978,470.89,6620, 17209, 21.25
GREENPANEL, EQ, 22-Jan-2025,336.95,333.0,342.9,328.5,333.0,332.1,331.81,63076,209.29,9089, 28975, 45.94
GREENPLY, EQ, 22-Jan-2025,290.45,290.5,291.8,279.65,284.5,284.35,284.45,69757,198.42,6144, 29596, 42.43
GREENPOWER, EQ, 22-Jan-2025,16.07,16.14,16.25,15.75,16.06,16.1,15.99,2891218,462.22,8288, 1331336, 46.05
GRINDWELL, EQ, 22-Jan-2025,1819.25,1819.25,1823.3,1780.0,1800.55,1799.45,1797.71,23248,417.93,5565, 12522, 53.86
GRINFRA, EQ, 22-Jan-2025,1304.05,1304.05,1310.0,1275.0,1281.0,1285.25,1288.57,11094,142.95,3767, 5095, 45.93
GRMOVER, EQ, 22-Jan-2025,209.74,208.68,219.25,207.35,218.0,218.35,213.43,434023,926.32,6128, 189204, 43.59
GROBTEA, EQ, 22-Jan-2025,1129.2,1132.65,1132.65,1082.55,1085.0,1092.3,1102.06,287,3.16,84, 212, 73.87
GROWWDEFNC, EQ, 22-Jan-2025,63.69,63.7,64.87,60.39,61.99,61.8,61.18,215621,131.93,2934, 145041, 67.27
GROWWEV, EQ, 22-Jan-2025,28.72,28.89,28.99,28.06,28.8,28.6,28.43,425078,120.85,4575, 270655, 63.67
GROWWGOLD, EQ, 22-Jan-2025,79.27,79.97,80.5,79.27,79.99,79.53,80.09,185369,148.45,7397, 71822, 38.75
GROWWLIQID, EQ, 22-Jan-2025,102.16,102.44,102.44,102.16,102.17,102.16,102.17,29871,30.52,178, 23542, 78.81
GRPLTD, EQ, 22-Jan-2025,3154.05,3096.0,3304.05,3087.0,3190.0,3240.95,3202.15,1845,59.08,434, 1466, 79.46
GRSE, EQ, 22-Jan-2025,1548.85,1548.65,1552.5,1467.75,1540.2,1542.65,1504.83,479181,7210.87,41624, 108125, 22.56
GRWRHITECH, EQ, 22-Jan-2025,4045.0,4050.0,4100.0,3774.8,3871.5,3902.05,3861.11,102812,3969.69,25733, 46702, 45.42
GSEC10YEAR, EQ, 22-Jan-2025,27.65,27.75,28.0,27.59,27.73,27.73,27.85,19017,5.3,40, 13483, 70.90
GSEC5IETF, EQ, 22-Jan-2025,58.75,58.5,60.0,58.5,59.01,59.01,58.89,154,0.09,9, 152, 98.70
GSFC, EQ, 22-Jan-2025,206.74,207.0,210.85,202.35,207.9,208.29,207.91,2974061,6183.47,43043, 1134039, 38.13
GSLSU, EQ, 22-Jan-2025,157.56,158.69,158.69,146.05,148.24,148.3,149.87,145816,218.54,2531, 71099, 48.76
GSPL, EQ, 22-Jan-2025,363.0,366.0,372.6,358.5,360.0,359.95,364.37,1923127,7007.37,52644, 623195, 32.41
GSS, EQ, 22-Jan-2025,56.3,56.7,56.7,54.4,54.56,55.01,55.22,31594,17.44,725, 18975, 60.06
GTL, EQ, 22-Jan-2025,11.67,11.6,11.7,11.12,11.35,11.36,11.34,505364,57.31,2019, 216334, 42.81
GTLINFRA, EQ, 22-Jan-2025,1.91,1.93,1.93,1.86,1.92,1.9,1.89,30719077,580.24,19520, 12669938, 41.24
GTPL, EQ, 22-Jan-2025,128.52,128.54,128.54,121.05,124.79,122.41,123.88,28975,35.89,1209, 11670, 40.28
GUFICBIO, EQ, 22-Jan-2025,461.35,459.9,459.9,435.0,439.0,440.3,445.28,86140,383.57,3339, 40490, 47.00
GUJALKALI, EQ, 22-Jan-2025,731.15,736.65,736.65,710.0,723.0,731.05,719.93,30626,220.49,5504, 11445, 37.37
GUJAPOLLO, EQ, 22-Jan-2025,404.15,405.0,405.0,383.95,384.0,384.0,385.86,43776,168.91,1289, 28496, 65.10
GUJGASLTD, EQ, 22-Jan-2025,499.25,497.25,501.3,488.6,494.4,495.05,493.46,273850,1351.33,17907, 96630, 35.29
GULFOILLUB, EQ, 22-Jan-2025,1062.8,1055.55,1087.0,1036.65,1065.1,1074.0,1056.98,65950,697.08,9061, 34130, 51.75
GULFPETRO, EQ, 22-Jan-2025,54.64,54.85,54.85,52.1,53.0,53.03,53.04,88997,47.2,1451, 47818, 53.73
GULPOLY, EQ, 22-Jan-2025,191.1,191.5,193.34,179.5,185.25,186.75,185.84,293697,545.8,5567, 111229, 37.87
GVPTECH, EQ, 22-Jan-2025,11.02,11.2,11.2,10.51,10.6,10.61,10.74,46651,5.01,348, 29286, 62.78
GVT&D, EQ, 22-Jan-2025,1824.5,1827.05,1849.65,1733.3,1742.75,1747.8,1772.78,257152,4558.75,36232, 166050, 64.57
HAL, EQ, 22-Jan-2025,4050.8,4078.0,4078.0,3820.0,3901.0,3903.45,3885.08,2506920,97395.94,227767, 902866, 36.01
HAPPSTMNDS, EQ, 22-Jan-2025,717.35,715.35,719.9,708.0,715.5,715.95,713.23,156970,1119.56,17002, 79006, 50.33
HAPPYFORGE, EQ, 22-Jan-2025,1000.2,1005.0,1030.0,990.35,1022.0,1022.05,1005.2,16676,167.63,2195, 10256, 61.50
HARIOMPIPE, EQ, 22-Jan-2025,497.75,500.4,504.0,482.65,500.0,499.8,492.82,86170,424.66,4728, 47621, 55.26
HARRMALAYA, EQ, 22-Jan-2025,275.65,275.05,277.0,261.95,271.6,271.65,268.81,27306,73.4,1199, 15770, 57.75
HARSHA, EQ, 22-Jan-2025,412.9,410.5,412.0,392.75,401.25,399.45,399.06,76637,305.83,4658, 45418, 59.26
HATHWAY, EQ, 22-Jan-2025,15.87,15.78,15.9,15.14,15.38,15.37,15.34,4544019,697.13,8385, 1463887, 32.22
HATSUN, EQ, 22-Jan-2025,947.95,952.9,954.25,915.35,942.9,934.55,929.7,20426,189.9,2396, 9139, 44.74
HAVELLS, EQ, 22-Jan-2025,1576.55,1574.95,1576.5,1535.55,1551.15,1553.65,1553.07,820772,12747.15,39195, 441202, 53.75
HAVISHA, EQ, 22-Jan-2025,2.41,2.34,2.44,2.34,2.39,2.42,2.39,30984,0.74,163, 19929, 64.32
HBLENGINE, EQ, 22-Jan-2025,551.85,552.0,553.85,530.65,546.0,545.75,540.34,976210,5274.89,39156, 359477, 36.82
HBSL, EQ, 22-Jan-2025,110.98,114.4,114.4,105.5,108.7,107.27,107.18,7842,8.41,701, 3537, 45.10
HCC, EQ, 22-Jan-2025,33.83,34.0,34.1,31.42,32.38,32.4,32.34,28414786,9188.22,68881, 10861527, 38.22
HCG, EQ, 22-Jan-2025,518.7,513.4,519.95,505.1,518.5,514.5,512.47,129447,663.38,5838, 54582, 42.17
HCL-INSYS, EQ, 22-Jan-2025,14.97,15.15,15.15,14.6,14.88,14.82,14.85,209274,31.09,1489, 92639, 44.27
HCLTECH, EQ, 22-Jan-2025,1802.4,1808.2,1831.45,1804.05,1828.0,1827.7,1820.11,3009261,54771.75,176695, 1890946, 62.84
HDFCAMC, EQ, 22-Jan-2025,4029.7,4059.8,4059.8,3925.5,3965.0,3951.1,3969.68,506125,20091.55,60410, 321983, 63.62
HDFCBANK, EQ, 22-Jan-2025,1642.4,1642.4,1671.9,1625.45,1671.9,1666.05,1653.85,15309653,253198.45,367130, 7697124, 50.28
HDFCBSE500, EQ, 22-Jan-2025,34.25,34.69,34.69,33.8,34.3,34.28,34.02,107304,36.51,2398, 103695, 96.64
HDFCGOLD, EQ, 22-Jan-2025,69.18,69.56,69.95,69.41,69.82,69.78,69.73,1837959,1281.52,3938, 1353959, 73.67
HDFCGROWTH, EQ, 22-Jan-2025,119.38,120.5,121.0,119.63,121.0,120.99,120.37,1375,1.66,118, 1011, 73.53
HDFCLIFE, EQ, 22-Jan-2025,624.0,629.0,629.0,612.9,617.5,618.2,618.25,2296057,14195.46,67717, 1205976, 52.52
HDFCLIQUID, EQ, 22-Jan-2025,1000.01,1000.01,1000.01,999.99,999.99,1000.0,1000.01,3302,33.02,23, 2777, 84.10
HDFCLOWVOL, EQ, 22-Jan-2025,19.2,19.2,19.7,19.2,19.24,19.24,19.26,16342,3.15,135, 13564, 83.00
HDFCMID150, EQ, 22-Jan-2025,20.07,20.33,20.34,19.59,19.79,19.81,19.78,404822,80.08,2811, 314641, 77.72
HDFCMOMENT, EQ, 22-Jan-2025,29.89,30.8,30.8,29.31,29.99,29.79,29.57,381444,112.8,1964, 189764, 49.75
HDFCNEXT50, EQ, 22-Jan-2025,64.32,64.68,64.75,62.54,63.15,63.7,63.32,165695,104.92,1611, 119189, 71.93
HDFCNIF100, EQ, 22-Jan-2025,24.19,23.84,24.68,23.84,24.33,24.21,24.13,77455,18.69,440, 68919, 88.98
HDFCNIFBAN, EQ, 22-Jan-2025,49.62,50.23,50.23,49.05,49.78,49.72,49.51,43557,21.57,386, 37402, 85.87
HDFCNIFIT, EQ, 22-Jan-2025,43.36,43.36,44.4,43.16,44.4,44.22,43.87,15059,6.61,161, 10760, 71.45
HDFCNIFTY, EQ, 22-Jan-2025,255.13,258.7,262.8,254.36,256.58,256.45,255.6,41209,105.33,798, 30835, 74.83
HDFCPSUBK, EQ, 22-Jan-2025,63.5,64.27,64.28,61.4,63.0,62.64,62.29,25706,16.01,327, 9606, 37.37
HDFCPVTBAN, EQ, 22-Jan-2025,24.27,24.57,24.64,24.02,24.54,24.32,24.16,107775,26.04,480, 60259, 55.91
HDFCQUAL, EQ, 22-Jan-2025,55.42,55.7,55.72,55.03,55.39,55.38,55.25,3799,2.1,166, 2036, 53.59
HDFCSENSEX, EQ, 22-Jan-2025,84.73,85.28,85.99,84.27,85.99,85.83,84.92,30947,26.28,436, 23362, 75.49
HDFCSILVER, EQ, 22-Jan-2025,88.03,89.5,89.5,88.35,88.8,88.78,88.74,277619,246.35,1707, 165849, 59.74
HDFCSML250, EQ, 22-Jan-2025,165.92,167.99,167.99,161.0,163.8,163.18,162.63,797736,1297.34,20844, 643017, 80.61
HDFCVALUE, EQ, 22-Jan-2025,134.88,135.85,136.2,134.69,135.48,135.44,135.77,57165,77.62,126, 52478, 91.80
HEADSUP, EQ, 22-Jan-2025,11.32,11.86,11.86,11.1,11.17,11.29,11.32,9225,1.04,205, 5059, 54.84
HEALTHADD, EQ, 22-Jan-2025,141.1,141.15,141.32,140.03,140.51,140.51,140.84,297,0.42,9, 195, 65.66
HEALTHIETF, EQ, 22-Jan-2025,143.11,143.12,144.29,142.4,144.0,143.49,142.74,125624,179.32,1118, 67611, 53.82
HEALTHY, EQ, 22-Jan-2025,14.37,14.2,14.74,13.87,14.44,14.3,14.33,98400,14.1,1371, 71464, 72.63
HEG, EQ, 22-Jan-2025,423.9,425.5,427.6,406.05,416.9,416.2,413.54,524008,2166.96,32906, 162708, 31.05
HEIDELBERG, EQ, 22-Jan-2025,213.31,213.9,214.0,209.05,210.5,210.88,211.07,102524,216.39,8525, 46965, 45.81
HEMIPROP, EQ, 22-Jan-2025,158.54,158.88,158.88,150.01,153.9,153.34,153.4,383108,587.69,13667, 173162, 45.20
HERANBA, EQ, 22-Jan-2025,378.5,380.0,381.5,362.95,369.8,366.95,368.48,49205,181.31,2575, 23602, 47.97
HERITGFOOD, EQ, 22-Jan-2025,441.85,445.0,461.7,421.85,453.2,450.6,444.37,1383065,6145.98,27091, 400525, 28.96
HEROMOTOCO, EQ, 22-Jan-2025,4024.8,4027.0,4072.0,4027.0,4057.95,4055.7,4051.22,272889,11055.35,42050, 138870, 50.89
HESTERBIO, EQ, 22-Jan-2025,2200.5,2177.0,2189.45,2145.0,2170.0,2173.45,2169.3,3644,79.05,661, 1626, 44.62
HEUBACHIND, EQ, 22-Jan-2025,550.1,546.45,550.05,546.0,547.25,547.05,546.68,38178,208.71,444, 32058, 83.97
HEXATRADEX, EQ, 22-Jan-2025,238.0,238.0,238.35,227.0,230.0,229.15,229.45,3493,8.01,401, 2461, 70.46
HFCL, EQ, 22-Jan-2025,101.58,102.19,102.49,96.44,99.43,99.17,98.52,13539512,13339.48,64460, 3156995, 23.32
HGINFRA, EQ, 22-Jan-2025,1342.15,1348.8,1348.8,1284.85,1291.0,1290.85,1298.14,56185,729.36,10325, 27624, 49.17
HGS, EQ, 22-Jan-2025,639.0,640.8,642.4,620.1,625.3,627.95,626.79,17508,109.74,1905, 8957, 51.16
HIKAL, EQ, 22-Jan-2025,372.3,369.5,370.5,353.95,361.2,361.95,360.32,243758,878.32,16942, 92820, 38.08
HIL, EQ, 22-Jan-2025,2212.85,2227.25,2227.25,2122.4,2145.0,2146.9,2166.57,17944,388.77,3477, 12621, 70.34
HILTON, EQ, 22-Jan-2025,93.13,95.7,95.7,86.2,90.3,90.53,89.51,264449,236.7,3231, 133717, 50.56
HIMATSEIDE, EQ, 22-Jan-2025,176.54,177.0,177.9,164.96,170.49,169.95,169.14,1260442,2131.85,29668, 501197, 39.76
HINDALCO, EQ, 22-Jan-2025,614.95,615.0,615.4,605.35,614.6,613.45,610.14,4426051,27005.05,96562, 2464736, 55.69
HINDCOMPOS, EQ, 22-Jan-2025,499.35,500.45,500.45,471.0,472.35,477.15,479.61,7155,34.32,1183, 3523, 49.24
HINDCOPPER, EQ, 22-Jan-2025,243.73,244.0,244.8,235.94,241.11,242.06,240.04,4680337,11234.64,34163, 1578387, 33.72
HINDMOTORS, EQ, 22-Jan-2025,29.7,29.13,30.85,28.0,29.79,29.65,29.25,2886497,844.36,10122, 624364, 21.63
HINDOILEXP, EQ, 22-Jan-2025,202.08,200.0,204.72,191.3,195.64,194.79,196.33,743758,1460.21,19022, 305336, 41.05
HINDPETRO, EQ, 22-Jan-2025,369.95,373.8,374.7,363.2,370.7,370.1,368.77,6676035,24619.13,65278, 2729734, 40.89
HINDUNILVR, EQ, 22-Jan-2025,2340.5,2342.55,2362.0,2332.2,2340.0,2342.95,2345.47,2658047,62343.58,112774, 2046524, 76.99
HINDWAREAP, EQ, 22-Jan-2025,256.15,256.15,256.15,243.8,253.0,248.25,249.46,50776,126.67,2625, 28870, 56.86
HINDZINC, EQ, 22-Jan-2025,461.0,466.0,470.8,459.65,470.0,469.35,465.53,1488217,6928.06,69043, 726563, 48.82
HIRECT, EQ, 22-Jan-2025,1274.4,1281.1,1281.1,1210.7,1234.85,1228.8,1222.96,22473,274.84,2223, 11887, 52.89
HISARMETAL, EQ, 22-Jan-2025,208.89,212.0,212.0,201.0,204.0,204.14,204.37,7082,14.47,512, 4140, 58.46
HITECH, EQ, 22-Jan-2025,133.0,133.0,133.78,127.63,130.5,128.81,129.36,1099319,1422.05,29457, 564733, 51.37
HITECHCORP, EQ, 22-Jan-2025,222.47,225.33,225.33,215.0,223.95,221.03,219.29,9289,20.37,543, 6377, 68.65
HLEGLAS, EQ, 22-Jan-2025,334.85,334.0,335.45,319.9,323.85,323.85,325.4,51332,167.03,3842, 25857, 50.37
HLVLTD, EQ, 22-Jan-2025,17.69,17.69,17.78,16.9,17.2,17.28,17.25,607499,104.79,2140, 268092, 44.13
HMAAGRO, EQ, 22-Jan-2025,38.46,38.9,38.9,37.51,38.9,38.55,38.17,214143,81.73,1798, 138770, 64.80
HMVL, EQ, 22-Jan-2025,86.67,85.32,88.0,83.75,85.3,85.88,85.44,34282,29.29,726, 20241, 59.04
HNDFDS, EQ, 22-Jan-2025,483.8,484.0,484.0,474.0,475.0,475.2,477.04,75778,361.49,9925, 51813, 68.37
HNGSNGBEES, EQ, 22-Jan-2025,339.66,340.0,340.0,331.21,333.0,332.76,333.95,110728,369.78,2970, 79125, 71.46
HOMEFIRST, EQ, 22-Jan-2025,1020.4,1021.65,1029.95,973.75,992.85,987.45,991.1,191450,1897.47,29744, 98819, 51.62
HONASA, EQ, 22-Jan-2025,248.05,251.7,251.7,243.3,246.55,247.5,247.18,305398,754.88,15587, 148494, 48.62
HONAUT, EQ, 22-Jan-2025,40330.2,40430.1,40798.45,40040.0,40600.0,40496.0,40415.14,1862,752.53,1321, 625, 33.57
HONDAPOWER, EQ, 22-Jan-2025,2595.1,2580.0,2595.35,2530.05,2543.8,2544.95,2551.49,3858,98.44,1220, 1754, 45.46
HOVS, EQ, 22-Jan-2025,70.42,70.63,70.95,67.25,68.05,68.37,68.08,14028,9.55,449, 7269, 51.82
HPAL, EQ, 22-Jan-2025,71.84,71.84,72.2,70.0,70.89,71.08,70.62,63277,44.69,1799, 40945, 64.71
HPIL, EQ, 22-Jan-2025,141.84,144.29,145.88,137.62,144.9,141.48,141.0,3467,4.89,199, 1774, 51.17
HPL, EQ, 22-Jan-2025,509.75,510.6,513.9,483.75,508.95,498.7,495.54,179519,889.59,9282, 71747, 39.97
HSCL, EQ, 22-Jan-2025,529.2,529.0,536.0,515.7,530.85,531.2,524.96,858888,4508.83,35072, 308937, 35.97
HTMEDIA, EQ, 22-Jan-2025,21.68,21.98,22.0,20.82,21.6,21.32,21.25,118845,25.26,1097, 63591, 53.51
HUBTOWN, EQ, 22-Jan-2025,292.6,295.0,295.0,278.0,286.0,285.7,282.56,143489,405.44,2295, 87548, 61.01
HUDCO, EQ, 22-Jan-2025,229.43,229.8,233.65,217.16,228.0,227.46,225.74,16924922,38205.95,121344, 2733333, 16.15
HUHTAMAKI, EQ, 22-Jan-2025,244.9,247.0,247.4,238.6,241.8,240.5,240.79,48528,116.85,1870, 33808, 69.67
HYUNDAI, EQ, 22-Jan-2025,1745.55,1759.0,1759.0,1684.85,1704.7,1702.5,1707.08,1321964,22567.02,108492, 998818, 75.56
ICEMAKE, EQ, 22-Jan-2025,691.95,694.0,710.0,675.4,707.75,704.45,688.96,28150,193.94,2196, 15310, 54.39
ICICIB22, EQ, 22-Jan-2025,104.73,105.6,105.97,102.77,103.74,103.68,103.29,445828,460.51,4304, 319940, 71.76
ICICIBANK, EQ, 22-Jan-2025,1196.15,1201.0,1207.5,1191.8,1198.6,1200.45,1199.65,10377123,124489.46,269148, 6984683, 67.31
ICICIGI, EQ, 22-Jan-2025,1902.5,1909.05,1918.85,1842.35,1849.0,1849.9,1867.01,485715,9068.36,33991, 304488, 62.69
ICICIPRULI, EQ, 22-Jan-2025,635.55,620.0,620.0,572.0,598.0,598.05,582.92,13189131,76882.15,145360, 4576702, 34.70
ICIL, EQ, 22-Jan-2025,323.95,322.7,333.0,312.65,324.15,322.1,319.05,215265,686.8,16116, 71482, 33.21
ICRA, EQ, 22-Jan-2025,6095.0,6052.1,6116.45,5995.0,6050.0,6039.35,6042.46,1277,77.16,734, 621, 48.63
IDBI, EQ, 22-Jan-2025,82.68,83.0,83.39,78.25,79.45,79.6,80.12,9160674,7339.58,25635, 2387744, 26.07
IDEA, EQ, 22-Jan-2025,9.36,9.4,9.57,9.14,9.53,9.51,9.34,358652788,33493.86,143020, 106268060, 29.63
IDEAFORGE, EQ, 22-Jan-2025,572.0,567.0,572.0,543.0,555.0,552.25,552.87,87332,482.83,9462, 46603, 53.36
IDFCFIRSTB, EQ, 22-Jan-2025,63.33,63.34,63.44,61.62,63.01,62.82,62.44,18763271,11716.25,78276, 8890576, 47.38
IDFNIFTYET, EQ, 22-Jan-2025,252.0,257.04,257.04,250.0,250.16,251.23,252.25,642,1.62,52, 422, 65.73
IEX, EQ, 22-Jan-2025,170.19,170.01,170.1,164.5,167.8,168.18,166.6,3562943,5935.78,59235, 1333899, 37.44
IFBAGRO, EQ, 22-Jan-2025,560.85,560.65,569.85,540.0,547.45,556.9,549.41,1888,10.37,175, 1450, 76.80
IFBIND, EQ, 22-Jan-2025,1780.85,1775.0,1808.95,1743.05,1781.0,1770.65,1775.93,25949,460.84,3514, 12523, 48.26
IFCI, EQ, 22-Jan-2025,57.1,57.1,57.2,54.34,55.8,55.86,55.7,6665625,3712.98,35377, 1311187, 19.67
IFGLEXPOR, EQ, 22-Jan-2025,415.15,414.3,415.15,402.55,405.0,404.65,406.51,5486,22.3,986, 2402, 43.78
IGARASHI, EQ, 22-Jan-2025,661.6,656.7,657.65,629.9,644.85,638.35,640.39,33638,215.41,2525, 19328, 57.46
IGIL, EQ, 22-Jan-2025,509.5,512.95,526.0,503.3,523.65,520.4,515.46,3205134,16521.06,52162, 1650006, 51.48
IGL, EQ, 22-Jan-2025,395.75,398.05,398.15,378.05,387.35,387.5,384.84,3099642,11928.65,39041, 1193342, 38.50
IGPL, EQ, 22-Jan-2025,485.85,485.05,488.0,458.1,475.0,467.85,469.39,39803,186.83,1972, 24631, 61.88
IIFL, EQ, 22-Jan-2025,391.0,392.95,393.0,377.75,385.7,385.5,384.17,777577,2987.2,33256, 289971, 37.29
IIFLCAPS, EQ, 22-Jan-2025,260.3,265.0,265.45,254.3,262.8,263.15,258.97,293404,759.84,8478, 141407, 48.20
IKIO, EQ, 22-Jan-2025,230.61,231.8,236.39,222.0,225.3,223.97,224.82,63830,143.5,3601, 32896, 51.54
IKS, EQ, 22-Jan-2025,1884.95,1899.65,1899.65,1840.0,1849.0,1848.5,1856.58,288851,5362.75,15641, 216005, 74.78
IMAGICAA, EQ, 22-Jan-2025,65.48,65.6,67.5,62.65,67.4,66.83,64.37,946034,608.92,12994, 437337, 46.23
IMFA, EQ, 22-Jan-2025,840.7,840.0,854.05,809.05,850.1,848.85,829.67,99172,822.8,9937, 40292, 40.63
IMPAL, EQ, 22-Jan-2025,1158.25,1147.75,1147.9,1122.1,1137.0,1139.1,1137.55,693,7.88,113, 509, 73.45
INCREDIBLE, EQ, 22-Jan-2025,46.64,48.94,48.97,44.67,45.1,45.69,46.0,20701,9.52,611, 9551, 46.14
INDBANK, EQ, 22-Jan-2025,42.23,41.73,41.73,39.0,40.2,40.12,40.0,187335,74.93,1863, 95464, 50.96
INDGN, EQ, 22-Jan-2025,659.3,655.5,666.05,652.9,657.55,658.7,660.13,768633,5074.01,31052, 328926, 42.79
INDHOTEL, EQ, 22-Jan-2025,760.35,764.45,774.0,751.5,772.2,772.75,764.25,6271590,47930.73,159851, 3287719, 52.42
INDIACEM, EQ, 22-Jan-2025,348.55,345.0,346.4,303.4,318.95,319.65,316.66,11683469,36997.38,205114, 807090, 6.91
INDIAGLYCO, EQ, 22-Jan-2025,1353.0,1355.0,1366.0,1288.05,1327.15,1320.4,1317.47,173456,2285.24,21784, 54521, 31.43
INDIAMART, EQ, 22-Jan-2025,2294.85,2100.0,2157.8,2065.4,2135.1,2143.45,2105.0,2981410,62758.61,154567, 505211, 16.95
INDIANB, EQ, 22-Jan-2025,525.3,525.3,527.6,512.1,522.85,521.2,518.34,621153,3219.68,26379, 233737, 37.63
INDIANHUME, EQ, 22-Jan-2025,338.7,338.0,338.7,315.4,323.1,322.35,322.96,56402,182.15,2550, 29618, 52.51
INDIASHLTR, EQ, 22-Jan-2025,644.6,643.3,646.8,621.85,630.0,637.4,631.58,70136,442.96,13056, 33158, 47.28
INDIGO, EQ, 22-Jan-2025,4009.8,4030.0,4094.65,3945.0,4016.5,4011.5,4007.03,1055656,42300.42,74523, 676008, 64.04
INDIGOPNTS, EQ, 22-Jan-2025,1247.95,1247.0,1254.0,1230.0,1249.0,1249.35,1240.87,37930,470.66,8702, 22605, 59.60
INDNIPPON, EQ, 22-Jan-2025,640.45,647.7,652.4,629.0,651.95,643.4,639.94,7836,50.15,1181, 3116, 39.77
INDOAMIN, EQ, 22-Jan-2025,152.83,154.19,154.19,145.0,151.15,149.43,148.4,123393,183.12,2948, 53815, 43.61
INDOBORAX, EQ, 22-Jan-2025,174.99,174.99,179.9,169.84,173.2,174.22,172.84,29596,51.15,1190, 14449, 48.82
INDOCO, EQ, 22-Jan-2025,341.0,331.8,333.25,281.3,289.0,287.2,300.84,1085145,3264.59,32639, 385653, 35.54
INDOFARM, EQ, 22-Jan-2025,213.22,213.0,213.5,202.05,207.0,205.55,207.51,947616,1966.39,24772, 254347, 26.84
INDORAMA, EQ, 22-Jan-2025,42.99,43.11,43.64,40.8,42.0,41.98,41.74,104128,43.47,1453, 54338, 52.18
INDOSTAR, EQ, 22-Jan-2025,275.75,276.3,282.5,263.1,266.15,266.55,267.22,141653,378.53,3826, 62975, 44.46
INDOWIND, EQ, 22-Jan-2025,23.9,24.0,24.16,22.45,22.95,23.2,23.03,406562,93.63,2079, 147776, 36.35
INDRAMEDCO, EQ, 22-Jan-2025,479.3,480.0,480.8,461.5,472.9,472.6,470.31,209148,983.64,8735, 118528, 56.67
INDTERRAIN, EQ, 22-Jan-2025,42.99,42.99,42.99,41.76,41.85,42.1,42.07,40268,16.94,660, 27506, 68.31
INDUSINDBK, EQ, 22-Jan-2025,960.45,964.45,977.55,949.15,970.05,970.95,959.03,2639472,25313.35,101453, 1244120, 47.14
INDUSTOWER, EQ, 22-Jan-2025,361.65,361.6,361.9,348.5,358.0,357.1,353.58,9032850,31938.42,111298, 4646726, 51.44
INFIBEAM, EQ, 22-Jan-2025,23.81,23.8,23.8,22.91,23.37,23.28,23.24,5327277,1237.84,15889, 2673616, 50.19
INFOBEAN, EQ, 22-Jan-2025,410.8,408.95,410.1,401.15,402.95,403.85,403.89,4971,20.08,590, 2798, 56.29
INFOMEDIA, EQ, 22-Jan-2025,7.11,7.29,7.29,6.82,6.89,6.9,6.91,10815,0.75,80, 7866, 72.73
INFRABEES, EQ, 22-Jan-2025,858.99,858.99,868.88,850.0,865.0,856.82,854.04,4908,41.92,547, 2700, 55.01
INFRAIETF, EQ, 22-Jan-2025,85.05,85.06,88.8,84.03,88.8,85.51,84.77,39310,33.32,1047, 21129, 53.75
INFY, EQ, 22-Jan-2025,1800.7,1807.4,1865.8,1805.15,1855.0,1856.45,1846.53,8373913,154626.99,493438, 4746138, 56.68
INGERRAND, EQ, 22-Jan-2025,3801.5,3801.5,3894.7,3750.0,3800.0,3792.6,3821.44,17060,651.94,4483, 8658, 50.75
INNOVACAP, EQ, 22-Jan-2025,1036.1,1035.0,1035.0,952.65,1010.0,1003.0,984.8,110121,1084.47,8103, 51840, 47.08
INNOVANA, EQ, 22-Jan-2025,435.65,437.75,441.35,428.05,439.6,437.05,436.08,3623,15.8,189, 2243, 61.91
INOXGREEN, EQ, 22-Jan-2025,164.79,165.61,166.34,158.41,162.99,163.77,162.11,905552,1468.01,8942, 297217, 32.82
INOXINDIA, EQ, 22-Jan-2025,1011.8,1010.0,1010.0,965.65,991.0,989.55,982.61,168490,1655.61,19981, 82022, 48.68
INOXWIND, EQ, 22-Jan-2025,165.57,165.18,165.18,155.0,155.75,156.25,157.27,5828321,9166.12,74789, 2518830, 43.22
INSECTICID, EQ, 22-Jan-2025,594.7,599.0,599.1,560.2,572.45,573.3,571.07,99640,569.02,3729, 63195, 63.42
INSPIRISYS, EQ, 22-Jan-2025,102.91,103.08,103.08,99.35,100.49,100.25,100.37,1523,1.53,122, 1265, 83.06
INTELLECT, EQ, 22-Jan-2025,901.85,906.4,907.0,868.45,888.35,886.7,883.51,386812,3417.53,28902, 128500, 33.22
INTENTECH, EQ, 22-Jan-2025,113.33,111.15,113.0,105.62,108.0,107.62,109.21,31732,34.65,1123, 17338, 54.64
INTERARCH, EQ, 22-Jan-2025,1646.7,1659.0,1665.05,1556.2,1616.0,1618.75,1595.44,149756,2389.26,14548, 44337, 29.61
INTLCONV, EQ, 22-Jan-2025,80.42,80.26,80.49,75.92,77.8,77.98,77.88,150626,117.3,2659, 87031, 57.78
INVENTURE, EQ, 22-Jan-2025,1.97,1.96,1.98,1.93,1.97,1.96,1.95,1701813,33.2,1529, 831555, 48.86
IOB, EQ, 22-Jan-2025,51.2,51.21,51.38,49.36,50.52,50.3,50.11,4499478,2254.64,24211, 1172388, 26.06
IOC, EQ, 22-Jan-2025,131.08,132.2,132.6,128.44,130.45,130.52,129.93,9202153,11956.63,74474, 3318911, 36.07
IOLCP, EQ, 22-Jan-2025,394.45,395.0,395.7,379.2,380.4,382.85,384.43,229942,883.97,12298, 78087, 33.96
IONEXCHANG, EQ, 22-Jan-2025,638.1,636.5,640.25,616.2,626.8,625.05,625.14,149690,935.77,19423, 72960, 48.74
IPCALAB, EQ, 22-Jan-2025,1545.8,1546.9,1562.5,1521.05,1561.55,1559.25,1542.58,225920,3484.99,28601, 89103, 39.44
IPL, EQ, 22-Jan-2025,165.43,167.0,167.0,156.42,165.8,163.99,161.3,190049,306.54,8228, 77971, 41.03
IRB, EQ, 22-Jan-2025,53.08,53.4,53.43,50.88,52.26,52.33,51.89,13333721,6919.07,46383, 3214613, 24.11
IRCON, EQ, 22-Jan-2025,213.74,213.69,213.69,203.8,209.48,210.11,207.49,6445532,13373.83,70085, 1135745, 17.62
IRCTC, EQ, 22-Jan-2025,782.7,783.1,784.3,757.1,770.0,770.65,767.26,1097030,8417.05,51934, 335770, 30.61
IREDA, EQ, 22-Jan-2025,205.44,205.5,206.45,197.57,199.99,200.26,200.15,9878925,19773.12,103319, 2702623, 27.36
IRFC, EQ, 22-Jan-2025,142.39,142.5,142.75,136.71,140.15,140.25,138.95,19198201,26675.87,134243, 3678968, 19.16
IRISDOREME, EQ, 22-Jan-2025,60.49,61.49,62.0,59.01,59.75,60.56,60.47,99877,60.39,1024, 19947, 19.97
IRMENERGY, EQ, 22-Jan-2025,348.65,348.0,348.65,325.55,330.1,331.1,331.38,84352,279.52,3673, 54320, 64.40
ISEC, EQ, 22-Jan-2025,796.65,796.0,806.7,791.15,799.15,800.9,798.89,116106,927.56,7634, 56559, 48.71
ISFT, EQ, 22-Jan-2025,136.29,139.0,139.0,129.34,130.0,130.57,131.57,28966,38.11,1046, 19425, 67.06
ISGEC, EQ, 22-Jan-2025,1243.0,1240.45,1249.7,1158.65,1184.0,1175.85,1182.24,98265,1161.73,17603, 54274, 55.23
IT, EQ, 22-Jan-2025,45.05,45.05,45.75,44.75,45.74,45.58,45.34,55010,24.94,533, 33520, 60.93
ITBEES, EQ, 22-Jan-2025,45.05,45.55,46.0,45.06,45.91,45.94,45.61,2708081,1235.02,10490, 1668644, 61.62
ITC, EQ, 22-Jan-2025,437.55,439.9,441.95,436.55,436.75,437.0,438.79,9619648,42209.97,133708, 5567099, 57.87
ITDC, EQ, 22-Jan-2025,609.5,610.0,611.1,584.1,598.9,598.15,597.23,27367,163.44,2249, 10738, 39.24
ITDCEM, EQ, 22-Jan-2025,527.5,529.0,529.0,516.0,520.0,520.55,520.49,662351,3447.49,14370, 345251, 52.13
ITETF, EQ, 22-Jan-2025,42.92,43.05,43.83,42.99,43.78,43.76,43.46,73066,31.76,850, 42926, 58.75
ITETFADD, EQ, 22-Jan-2025,42.77,42.86,43.76,42.86,43.76,43.72,43.39,3132,1.36,76, 2121, 67.72
ITIETF, EQ, 22-Jan-2025,45.12,45.5,45.95,45.07,45.3,45.85,45.63,758715,346.22,2809, 354630, 46.74
IVC, EQ, 22-Jan-2025,10.55,10.78,10.78,10.21,10.35,10.32,10.37,142627,14.79,1460, 97419, 68.30
IVP, EQ, 22-Jan-2025,201.22,201.22,203.32,188.9,193.39,194.45,193.67,7144,13.84,397, 4127, 57.77
IVZINGOLD, EQ, 22-Jan-2025,6950.45,6999.95,7099.95,6981.0,7095.0,7090.8,7045.86,154,10.85,38, 131, 85.06
IVZINNIFTY, EQ, 22-Jan-2025,2602.48,2599.85,2610.0,2599.0,2610.0,2599.17,2599.18,378,9.82,7, 375, 99.21
IWEL, EQ, 22-Jan-2025,9484.55,9484.55,9509.95,9010.35,9010.35,9016.65,9070.83,8335,756.05,1065, 5807, 69.67
IXIGO, EQ, 22-Jan-2025,140.85,141.5,141.95,136.6,139.09,139.06,138.43,1446235,2002.02,20001, 1012720, 70.02
J&KBANK, EQ, 22-Jan-2025,94.19,94.8,94.92,90.01,90.82,90.72,91.58,4024303,3685.54,34791, 1986992, 49.37
JAGRAN, EQ, 22-Jan-2025,79.74,79.74,79.74,77.53,79.39,78.92,78.7,182272,143.45,1595, 146371, 80.30
JAGSNPHARM, EQ, 22-Jan-2025,221.1,224.4,232.0,222.7,232.0,228.25,226.99,188343,427.53,3975, 60371, 32.05
JAIBALAJI, EQ, 22-Jan-2025,153.0,153.45,156.0,145.5,153.25,154.45,149.47,372026,556.07,8232, 246114, 66.16
JAICORPLTD, EQ, 22-Jan-2025,152.65,152.95,154.0,145.05,145.05,145.05,146.78,1219149,1789.46,7706, 486305, 39.89
JAIPURKURT, EQ, 22-Jan-2025,39.74,39.74,41.95,39.42,39.51,40.28,40.5,95629,38.73,955, 57233, 59.85
JAMNAAUTO, EQ, 22-Jan-2025,93.0,93.5,93.5,88.62,90.18,89.96,89.94,759497,683.11,13180, 346913, 45.68
JASH, EQ, 22-Jan-2025,597.35,603.9,611.55,574.9,594.95,592.75,593.09,405801,2406.75,17481, 136969, 33.75
JAYAGROGN, EQ, 22-Jan-2025,278.1,278.0,279.2,263.7,268.0,268.65,269.52,11630,31.35,677, 5361, 46.10
JAYBARMARU, EQ, 22-Jan-2025,81.67,82.0,82.9,79.0,79.56,80.03,80.39,82118,66.02,2128, 34295, 41.76
JAYNECOIND, EQ, 22-Jan-2025,39.19,39.0,39.37,36.95,38.05,37.98,38.03,176285,67.04,1556, 109925, 62.36
JAYSREETEA, EQ, 22-Jan-2025,111.77,111.77,112.8,106.85,110.49,109.26,108.81,87605,95.33,2266, 39159, 44.70
JBCHEPHARM, EQ, 22-Jan-2025,1792.75,1802.2,1811.0,1777.0,1805.0,1803.9,1788.24,222963,3987.1,12014, 184123, 82.58
JBMA, EQ, 22-Jan-2025,1529.45,1527.0,1537.45,1490.0,1520.0,1519.35,1509.89,112492,1698.5,14167, 24127, 21.45
JCHAC, EQ, 22-Jan-2025,1715.65,1715.0,1717.0,1682.1,1694.35,1699.95,1700.08,37459,636.83,2244, 30231, 80.70
JGCHEM, EQ, 22-Jan-2025,351.0,350.25,350.25,331.7,345.0,345.8,339.78,120651,409.95,3946, 57025, 47.26
JHS, EQ, 22-Jan-2025,20.12,20.16,20.16,18.51,18.85,18.91,19.2,127047,24.39,711, 62655, 49.32
JINDALPHOT, EQ, 22-Jan-2025,723.65,727.5,732.95,702.0,723.8,720.25,713.13,10348,73.79,1593, 4629, 44.73
JINDALPOLY, EQ, 22-Jan-2025,832.9,833.7,844.15,799.05,826.5,823.4,815.04,32410,264.15,3374, 13674, 42.19
JINDALSAW, EQ, 22-Jan-2025,257.7,259.0,259.8,248.3,253.0,252.5,251.72,1030825,2594.78,24560, 508809, 49.36
JINDALSTEL, EQ, 22-Jan-2025,918.9,925.0,927.75,877.35,894.0,896.8,891.96,1613414,14391.02,67448, 666162, 41.29
JINDRILL, EQ, 22-Jan-2025,746.75,746.75,759.6,725.25,733.05,741.35,743.49,95567,710.53,5937, 42232, 44.19
JINDWORLD, EQ, 22-Jan-2025,390.4,392.9,395.4,383.15,390.0,389.75,389.21,300892,1171.09,5912, 83473, 27.74
JIOFIN, EQ, 22-Jan-2025,260.1,261.7,263.6,254.05,263.3,262.8,259.45,19045792,49414.83,177368, 7385708, 38.78
JISLDVREQS, EQ, 22-Jan-2025,38.98,39.8,39.8,36.51,36.94,36.88,37.27,69892,26.05,850, 45749, 65.46
JISLJALEQS, EQ, 22-Jan-2025,78.53,79.0,79.01,73.64,75.2,75.25,75.61,5805237,4389.55,30723, 2186683, 37.67
JITFINFRA, EQ, 22-Jan-2025,609.25,612.5,635.0,568.85,586.4,586.7,583.03,42734,249.15,3916, 19816, 46.37
JKCEMENT, EQ, 22-Jan-2025,4578.0,4614.9,4664.7,4492.6,4608.85,4638.45,4556.48,86491,3940.94,14896, 30866, 35.69
JKIL, EQ, 22-Jan-2025,712.7,713.0,716.9,696.3,702.65,709.75,703.96,144466,1016.98,12546, 76781, 53.15
JKLAKSHMI, EQ, 22-Jan-2025,794.95,798.95,799.9,773.95,790.0,781.95,782.43,35661,279.02,6435, 14178, 39.76
JKPAPER, EQ, 22-Jan-2025,402.35,404.4,406.0,383.2,401.55,400.9,394.81,387648,1530.47,24309, 150330, 38.78
JKTYRE, EQ, 22-Jan-2025,358.25,363.5,364.2,345.0,347.0,346.3,349.74,538176,1882.19,29845, 204730, 38.04
JLHL, EQ, 22-Jan-2025,1538.5,1538.5,1588.75,1514.6,1552.0,1545.95,1554.58,64325,999.98,13836, 24589, 38.23
JMA, EQ, 22-Jan-2025,93.77,93.53,93.91,89.02,90.93,90.52,91.41,4663,4.26,176, 3195, 68.52
JMFINANCIL, EQ, 22-Jan-2025,115.99,116.39,117.24,111.05,113.2,113.33,113.26,2331200,2640.33,21755, 897847, 38.51
JNKINDIA, EQ, 22-Jan-2025,589.85,583.8,589.0,573.0,578.2,574.0,577.13,17344,100.1,1430, 10443, 60.21
JOCIL, EQ, 22-Jan-2025,195.4,196.75,197.99,191.97,197.99,197.3,194.25,3572,6.94,126, 2979, 83.40
JPOLYINVST, EQ, 22-Jan-2025,768.35,769.05,784.7,751.65,780.0,768.65,763.66,6976,53.27,1375, 2331, 33.41
JPPOWER, EQ, 22-Jan-2025,16.48,16.6,16.77,16.03,16.31,16.31,16.25,23476733,3815.0,29579, 6626680, 28.23
JSFB, EQ, 22-Jan-2025,365.6,376.1,438.7,376.1,434.9,437.45,425.28,10095966,42936.08,121539, 1665044, 16.49
JSL, EQ, 22-Jan-2025,633.05,633.0,635.0,612.4,634.0,633.4,624.63,739631,4619.96,34481, 375616, 50.78
JSWENERGY, EQ, 22-Jan-2025,557.55,557.55,561.5,541.3,549.8,550.0,548.79,2240871,12297.64,62838, 1265551, 56.48
JSWINFRA, EQ, 22-Jan-2025,288.15,290.05,290.4,275.55,282.55,282.5,280.58,1309790,3674.98,22314, 575649, 43.95
JSWSTEEL, EQ, 22-Jan-2025,926.85,932.0,932.0,907.15,917.6,919.4,919.81,1080075,9934.6,55946, 406786, 37.66
JTEKTINDIA, EQ, 22-Jan-2025,164.1,164.6,165.49,158.56,164.0,163.18,162.59,69118,112.38,2306, 28340, 41.00
JTLIND, EQ, 22-Jan-2025,107.07,106.84,110.3,103.55,106.6,107.25,106.79,1918741,2049.03,18568, 904793, 47.16
JUBLFOOD, EQ, 22-Jan-2025,673.4,673.4,674.1,656.0,663.9,664.65,662.76,1473302,9764.46,66687, 680615, 46.20
JUBLINGREA, EQ, 22-Jan-2025,685.25,685.25,685.95,658.2,668.0,666.5,666.85,406871,2713.23,35583, 204415, 50.24
JUBLPHARMA, EQ, 22-Jan-2025,943.85,944.0,948.75,925.0,938.9,938.05,933.7,99647,930.4,13506, 33057, 33.17
JUNIORBEES, EQ, 22-Jan-2025,678.3,698.65,698.65,661.76,672.8,672.25,668.48,525912,3515.61,13652, 272541, 51.82
JUNIPER, EQ, 22-Jan-2025,312.8,314.7,316.3,302.85,309.0,307.25,309.8,142915,442.75,8537, 74672, 52.25
JUSTDIAL, EQ, 22-Jan-2025,943.85,935.65,955.0,921.0,942.0,946.5,943.25,341799,3224.03,28776, 136313, 39.88
JWL, EQ, 22-Jan-2025,485.0,484.0,484.0,459.0,472.0,473.55,468.95,1484663,6962.33,45243, 350305, 23.59
JYOTHYLAB, EQ, 22-Jan-2025,385.0,385.0,385.45,369.2,375.0,375.05,372.3,662449,2466.3,25946, 451650, 68.18
JYOTICNC, EQ, 22-Jan-2025,1258.8,1254.6,1257.15,1180.6,1215.0,1216.35,1224.02,327456,4008.14,24938, 165117, 50.42
JYOTISTRUC, EQ, 22-Jan-2025,23.24,23.3,23.3,22.0,22.65,22.61,22.51,6415994,1444.48,8838, 3616192, 56.36
KABRAEXTRU, EQ, 22-Jan-2025,461.9,457.5,462.8,439.55,457.25,454.35,449.6,82309,370.06,4517, 37732, 45.84
KAJARIACER, EQ, 22-Jan-2025,1043.7,1045.0,1048.9,1019.0,1023.95,1031.65,1024.71,590285,6048.7,21715, 535745, 90.76
KAKATCEM, EQ, 22-Jan-2025,178.42,177.0,177.5,172.3,172.63,174.56,174.77,1687,2.95,166, 1314, 77.89
KALAMANDIR, EQ, 22-Jan-2025,161.42,162.24,163.88,157.0,161.1,160.35,159.32,140376,223.65,5885, 87509, 62.34
KALYANKJIL, EQ, 22-Jan-2025,488.35,486.0,499.0,459.0,494.1,485.65,475.09,48236616,229168.99,581539, 5131805, 10.64
KAMATHOTEL, EQ, 22-Jan-2025,216.87,222.0,222.0,213.99,215.5,214.98,215.03,14542,31.27,568, 8156, 56.09
KAMDHENU, EQ, 22-Jan-2025,44.25,44.5,44.5,42.6,43.45,43.3,43.3,595609,257.9,3474, 238183, 39.99
KANANIIND, EQ, 22-Jan-2025,2.65,2.65,2.67,2.61,2.65,2.63,2.64,147553,3.89,491, 106647, 72.28
KANORICHEM, EQ, 22-Jan-2025,114.58,113.1,114.0,109.01,111.88,111.64,111.38,16325,18.18,524, 8759, 53.65
KANPRPLA, EQ, 22-Jan-2025,125.02,122.62,127.64,122.2,122.2,123.44,123.64,2985,3.69,210, 1592, 53.33
KANSAINER, EQ, 22-Jan-2025,246.0,246.85,247.2,240.8,242.7,242.35,242.08,176970,428.41,12842, 93794, 53.00
KAPSTON, EQ, 22-Jan-2025,246.7,253.8,253.8,235.0,236.0,236.55,238.52,7757,18.5,500, 4081, 52.61
KARMAENG, EQ, 22-Jan-2025,66.03,68.03,68.03,62.72,64.99,64.17,63.91,10024,6.41,344, 4609, 45.98
KARURVYSYA, EQ, 22-Jan-2025,227.82,230.0,230.84,220.26,223.7,223.82,224.31,2277014,5107.67,45497, 1167830, 51.29
KAUSHALYA, EQ, 22-Jan-2025,979.6,996.0,1000.0,938.0,938.0,941.05,949.71,428,4.06,141, 318, 74.30
KAYNES, EQ, 22-Jan-2025,5977.85,5969.3,5969.85,5252.6,5340.0,5350.75,5484.15,1828654,100286.05,284255, 530936, 29.03
KBCGLOBAL, EQ, 22-Jan-2025,1.55,1.57,1.6,1.51,1.57,1.58,1.55,18706303,290.13,2990, 6600590, 35.29
KCP, EQ, 22-Jan-2025,225.62,225.5,227.68,214.81,218.0,219.24,219.72,414321,910.35,15099, 230873, 55.72
KCPSUGIND, EQ, 22-Jan-2025,45.24,45.9,45.9,42.76,43.75,43.57,43.96,252956,111.21,2988, 111270, 43.99
KDDL, EQ, 22-Jan-2025,2592.2,2585.9,2605.8,2460.1,2511.65,2533.95,2513.82,12037,302.59,3442, 6170, 51.26
KEC, EQ, 22-Jan-2025,938.5,938.5,941.55,877.95,889.75,889.2,896.47,850518,7624.68,66321, 473052, 55.62
KECL, EQ, 22-Jan-2025,172.31,174.8,174.81,163.82,167.39,166.47,167.01,99062,165.45,3095, 50124, 50.60
KEI, EQ, 22-Jan-2025,4034.55,3999.45,4161.7,3910.4,4110.0,4127.55,4021.84,1244810,50064.29,97017, 575380, 46.22
KELLTONTEC, EQ, 22-Jan-2025,156.27,156.26,156.62,148.4,152.7,153.52,152.08,1600104,2433.44,24003, 480860, 30.05
KESORAMIND, EQ, 22-Jan-2025,205.26,205.3,207.1,203.65,206.03,205.37,205.56,383894,789.12,5134, 147150, 38.33
KEYFINSERV, EQ, 22-Jan-2025,233.35,224.92,243.5,224.92,237.58,237.23,236.64,3613,8.55,315, 2698, 74.67
KFINTECH, EQ, 22-Jan-2025,1115.2,1119.6,1122.75,1053.55,1078.15,1079.6,1083.02,1185404,12838.15,102576, 552011, 46.57
KHADIM, EQ, 22-Jan-2025,338.55,339.2,340.3,337.8,340.0,340.0,338.43,11324,38.32,222, 10353, 91.43
KHAICHEM, EQ, 22-Jan-2025,73.11,73.39,73.72,70.11,71.57,72.11,71.39,151067,107.85,2998, 64734, 42.85
KHAITANLTD, EQ, 22-Jan-2025,100.93,102.55,104.3,95.88,103.5,103.12,100.94,27981,28.24,1126, 14462, 51.69
KHANDSE, EQ, 22-Jan-2025,29.04,29.35,30.99,28.05,28.12,28.56,29.47,46816,13.8,785, 15092, 32.24
KICL, EQ, 22-Jan-2025,5302.85,5382.35,5590.9,5055.0,5215.0,5147.05,5268.15,4409,232.27,1635, 1978, 44.86
KILITCH, EQ, 22-Jan-2025,338.75,340.5,354.75,333.05,335.5,334.4,338.3,2466,8.34,237, 932, 37.79
KIMS, EQ, 22-Jan-2025,621.9,621.9,624.25,607.0,611.2,613.45,614.58,168351,1034.66,23325, 82036, 48.73
KINGFA, EQ, 22-Jan-2025,3057.75,3058.0,3062.65,2947.1,2994.75,2974.35,2981.58,11629,346.73,2490, 6666, 57.32
KIOCL, EQ, 22-Jan-2025,362.25,365.0,365.0,346.15,350.15,352.65,352.07,90776,319.6,4430, 29327, 32.31
KIRIINDUS, EQ, 22-Jan-2025,569.25,569.25,571.0,549.0,558.45,559.15,558.38,239980,1340.0,5807, 119635, 49.85
KIRLOSBROS, EQ, 22-Jan-2025,1902.45,1915.0,1950.25,1821.0,1890.45,1920.25,1872.84,167334,3133.89,26397, 73789, 44.10
KIRLOSENG, EQ, 22-Jan-2025,917.25,917.25,938.0,900.0,925.0,929.9,920.38,339927,3128.62,43155, 154617, 45.49
KIRLOSIND, EQ, 22-Jan-2025,4155.25,4113.7,4200.0,4039.4,4111.0,4106.7,4129.79,2252,93.0,580, 1499, 66.56
KIRLPNU, EQ, 22-Jan-2025,1268.3,1265.65,1266.0,1213.95,1225.0,1229.7,1233.6,80885,997.8,13183, 46986, 58.09
KKCL, EQ, 22-Jan-2025,531.8,527.5,535.6,519.7,521.0,526.3,524.27,49655,260.33,2052, 36760, 74.03
KMEW, EQ, 22-Jan-2025,1945.0,1945.0,2020.0,1932.85,1986.0,1993.75,1982.97,27766,550.59,2506, 21115, 76.05
KMSUGAR, EQ, 22-Jan-2025,31.64,32.44,32.44,30.0,30.68,30.58,30.66,76719,23.52,1042, 35640, 46.46
KNRCON, EQ, 22-Jan-2025,313.35,313.25,313.25,300.15,305.9,305.4,304.77,692708,2111.19,29579, 284922, 41.13
KOHINOOR, EQ, 22-Jan-2025,39.91,40.23,40.23,38.25,39.7,39.19,39.07,95119,37.17,1579, 31590, 33.21
KOKUYOCMLN, EQ, 22-Jan-2025,123.49,123.49,123.72,118.85,121.8,121.55,120.64,38809,46.82,1206, 24101, 62.10
KOLTEPATIL, EQ, 22-Jan-2025,322.15,320.05,326.7,317.7,320.5,323.0,322.01,229722,739.72,11070, 97484, 42.44
KOTAKBANK, EQ, 22-Jan-2025,1893.3,1899.0,1920.5,1887.05,1915.1,1917.5,1908.4,4176669,79707.46,155652, 2427237, 58.11
KOTARISUG, EQ, 22-Jan-2025,45.91,45.24,45.65,43.2,43.83,43.83,43.97,69150,30.41,1115, 41365, 59.82
KOTHARIPET, EQ, 22-Jan-2025,178.83,179.95,184.99,175.26,177.5,176.78,179.17,66026,118.3,1596, 17899, 27.11
KPEL, EQ, 22-Jan-2025,456.35,459.0,461.85,411.95,422.85,423.9,428.92,415187,1780.83,11886, 248103, 59.76
KPIGREEN, EQ, 22-Jan-2025,410.05,410.05,410.9,389.55,389.55,389.55,393.36,771824,3036.06,19903, 457183, 59.23
KPIL, EQ, 22-Jan-2025,1125.7,1121.6,1134.95,1105.0,1111.65,1111.3,1118.19,282244,3156.02,26136, 174058, 61.67
KPITTECH, EQ, 22-Jan-2025,1312.3,1320.0,1326.4,1268.95,1294.0,1295.2,1291.01,1085424,14012.95,77598, 554968, 51.13
KPRMILL, EQ, 22-Jan-2025,963.55,958.5,963.6,942.75,957.25,955.0,954.02,147466,1406.86,16742, 56671, 38.43
KRBL, EQ, 22-Jan-2025,283.85,284.5,284.85,273.0,277.8,278.4,278.0,357220,993.07,16261, 177224, 49.61
KRISHANA, EQ, 22-Jan-2025,207.4,207.41,208.81,200.0,202.4,202.79,204.18,34855,71.17,981, 22405, 64.28
KRITINUT, EQ, 22-Jan-2025,122.8,125.45,125.45,116.59,119.02,119.81,119.12,26597,31.68,1096, 12864, 48.37
KRN, EQ, 22-Jan-2025,846.7,862.7,868.75,792.55,830.0,831.1,829.0,1838162,15238.43,51006, 363262, 19.76
KRONOX, EQ, 22-Jan-2025,190.75,188.85,190.62,181.4,184.78,184.24,183.68,178098,327.12,4063, 82398, 46.27
KROSS, EQ, 22-Jan-2025,195.95,196.95,197.41,186.8,190.7,190.26,190.9,113773,217.19,3218, 57120, 50.21
KRSNAA, EQ, 22-Jan-2025,836.65,840.0,850.0,820.5,840.0,830.55,831.96,47012,391.12,7427, 23117, 49.17
KRYSTAL, EQ, 22-Jan-2025,643.5,668.95,668.95,628.7,640.0,641.95,638.7,44344,283.23,3285, 14143, 31.89
KSB, EQ, 22-Jan-2025,693.75,694.0,698.0,678.25,688.0,688.55,685.23,86763,594.52,13808, 50548, 58.26
KSCL, EQ, 22-Jan-2025,921.5,930.0,939.9,906.7,932.5,932.2,923.24,113656,1049.32,18141, 55281, 48.64
KSL, EQ, 22-Jan-2025,970.95,971.0,994.0,920.1,987.9,966.55,959.53,64438,618.3,5554, 21648, 33.60
KSOLVES, EQ, 22-Jan-2025,984.65,994.5,1035.0,984.65,1025.0,1025.75,1018.87,128470,1308.94,10011, 49386, 38.44
KTKBANK, EQ, 22-Jan-2025,191.12,191.9,192.0,185.62,188.75,188.43,187.94,1311739,2465.26,36151, 752064, 57.33
KUANTUM, EQ, 22-Jan-2025,124.6,124.52,124.52,120.5,121.6,121.22,121.68,25727,31.3,850, 16099, 62.58
LAGNAM, EQ, 22-Jan-2025,123.11,121.05,122.88,117.25,119.0,119.69,119.69,9034,10.81,467, 4432, 49.06
LALPATHLAB, EQ, 22-Jan-2025,2794.3,2808.4,2850.0,2794.3,2847.85,2842.85,2827.19,164288,4644.73,27440, 51454, 31.32
LANCORHOL, EQ, 22-Jan-2025,31.9,31.98,32.0,28.87,29.25,29.22,29.7,195112,57.95,2158, 112369, 57.59
LANDMARK, EQ, 22-Jan-2025,607.45,600.1,604.8,581.05,587.45,587.0,594.61,58181,345.95,3772, 36290, 62.37
LAOPALA, EQ, 22-Jan-2025,303.1,303.1,303.1,298.0,301.2,300.75,300.38,38284,115.0,2602, 21195, 55.36
LASA, EQ, 22-Jan-2025,27.51,27.51,28.14,26.11,26.3,26.23,26.9,44232,11.9,1364, 15926, 36.01
LATENTVIEW, EQ, 22-Jan-2025,452.55,455.1,456.95,443.1,452.8,451.35,449.25,260664,1171.03,22570, 149673, 57.42
LAURUSLABS, EQ, 22-Jan-2025,576.9,580.0,582.1,554.55,570.05,570.85,565.47,1598673,9040.01,34959, 592592, 37.07
LAXMICOT, EQ, 22-Jan-2025,29.46,29.22,30.49,28.56,29.44,29.08,29.39,30968,9.1,432, 10975, 35.44
LAXMIDENTL, EQ, 22-Jan-2025,535.7,539.4,548.65,487.85,492.0,491.3,511.92,3225442,16511.57,88739, 708304, 21.96
LEMONTREE, EQ, 22-Jan-2025,141.88,141.88,142.65,136.66,138.9,138.77,138.99,1648791,2291.67,24831, 609120, 36.94
LEXUS, EQ, 22-Jan-2025,40.25,40.03,40.99,40.0,40.95,40.47,40.33,3890,1.57,122, 2882, 74.09
LFIC, EQ, 22-Jan-2025,210.84,209.01,210.77,201.0,208.0,206.71,205.13,3591,7.37,468, 1785, 49.71
LGBBROSLTD, EQ, 22-Jan-2025,1255.3,1251.25,1259.95,1225.3,1245.0,1244.85,1241.47,10795,134.02,2061, 6273, 58.11
LIBAS, EQ, 22-Jan-2025,15.47,15.9,15.9,15.09,15.13,15.19,15.23,43272,6.59,233, 33549, 77.53
LIBERTSHOE, EQ, 22-Jan-2025,466.35,462.6,466.35,425.75,442.5,439.65,440.25,45901,202.08,2582, 27020, 58.87
LICHSGFIN, EQ, 22-Jan-2025,560.4,562.0,562.75,545.55,555.05,554.8,552.87,963350,5326.11,31026, 378886, 39.33
LICI, EQ, 22-Jan-2025,837.55,841.7,843.45,818.7,827.5,828.55,827.55,925304,7657.34,39736, 318050, 34.37
LICMFGOLD, EQ, 22-Jan-2025,7250.95,7256.65,7339.85,7251.1,7271.0,7278.25,7287.06,430,31.33,112, 232, 53.95
LICNETFGSC, EQ, 22-Jan-2025,26.81,26.99,27.08,26.7,27.07,27.0,26.99,82726,22.33,179, 78668, 95.09
LICNETFN50, EQ, 22-Jan-2025,254.79,248.43,256.0,248.43,254.96,255.02,254.76,625,1.59,50, 388, 62.08
LICNETFSEN, EQ, 22-Jan-2025,863.97,897.64,897.64,864.23,865.36,881.38,879.61,662,5.82,56, 222, 33.53
LICNFNHGP, EQ, 22-Jan-2025,259.36,260.0,260.95,258.0,260.95,260.87,259.27,636,1.65,23, 605, 95.13
LICNMID100, EQ, 22-Jan-2025,58.86,59.89,59.9,57.6,57.65,57.9,58.31,4347,2.53,163, 2688, 61.84
LIKHITHA, EQ, 22-Jan-2025,329.85,327.0,330.65,316.45,328.0,324.65,322.04,52879,170.29,2696, 28394, 53.70
LINC, EQ, 22-Jan-2025,144.7,145.41,147.19,142.61,144.1,144.69,144.29,25247,36.43,1318, 13908, 55.09
LINCOLN, EQ, 22-Jan-2025,770.2,770.2,774.45,731.8,763.9,751.15,746.3,39354,293.7,3415, 22684, 57.64
LINDEINDIA, EQ, 22-Jan-2025,5857.4,5808.0,5848.85,5701.0,5737.0,5732.9,5743.31,38337,2201.81,8775, 20288, 52.92
LIQUID, EQ, 22-Jan-2025,999.99,1000.0,1000.0,999.99,1000.0,999.99,1000.0,215915,2159.15,512, 123069, 57.00
LIQUID1, EQ, 22-Jan-2025,1030.84,1031.01,1031.03,1031.01,1031.01,1031.02,1031.02,370239,3817.25,176, 268560, 72.54
LIQUIDADD, EQ, 22-Jan-2025,1053.04,1053.27,1053.27,1053.21,1053.23,1053.21,1053.22,419615,4419.47,552, 248948, 59.33
LIQUIDBEES, EQ, 22-Jan-2025,1000.0,995.56,1000.01,995.56,1000.0,999.99,1000.0,3587688,35876.74,4994, 2899312, 80.81
LIQUIDBETF, EQ, 22-Jan-2025,1011.81,1011.96,1011.99,1011.96,1011.99,1011.99,1011.98,29218,295.68,16, 20351, 69.65
LIQUIDCASE, EQ, 22-Jan-2025,106.59,106.63,106.63,106.61,106.63,106.62,106.62,5533535,5900.11,3887, 4923573, 88.98
LIQUIDETF, EQ, 22-Jan-2025,999.99,1000.0,1000.01,999.99,1000.01,1000.0,1000.0,176868,1768.67,319, 159497, 90.18
LIQUIDIETF, EQ, 22-Jan-2025,999.99,999.99,1000.01,999.99,999.99,999.99,1000.0,605855,6058.55,273, 409321, 67.56
LIQUIDPLUS, EQ, 22-Jan-2025,1013.44,1013.59,1013.61,1013.59,1013.61,1013.59,1013.61,24995,253.35,19, 24382, 97.55
LIQUIDSBI, EQ, 22-Jan-2025,999.99,999.99,1000.01,999.99,1000.01,1000.01,1000.0,3417,34.17,28, 2597, 76.00
LIQUIDSHRI, EQ, 22-Jan-2025,1034.2,1034.38,1034.39,1034.38,1034.39,1034.38,1034.38,5546,57.37,28, 3984, 71.84
LLOYDSENGG, EQ, 22-Jan-2025,84.14,84.53,85.4,81.24,84.4,84.09,83.1,5131483,4264.28,38855, 1455144, 28.36
LLOYDSENT, EQ, 22-Jan-2025,59.42,60.0,62.4,58.5,62.2,62.09,60.61,5842726,3541.11,14810, 2447054, 41.88
LLOYDSME, EQ, 22-Jan-2025,1414.15,1411.15,1412.0,1312.8,1378.25,1378.4,1349.88,890147,12015.9,58051, 344779, 38.73
LMW, EQ, 22-Jan-2025,16365.8,16513.95,16514.05,15917.4,16036.6,16065.45,16084.17,1837,295.47,734, 1034, 56.29
LODHA, EQ, 22-Jan-2025,1147.55,1147.55,1148.6,1062.25,1077.5,1077.2,1087.15,3308966,35973.57,137136, 1655862, 50.04
LOKESHMACH, EQ, 22-Jan-2025,315.45,317.1,317.1,302.1,304.0,306.55,306.28,30645,93.86,1118, 17878, 58.34
LOTUSEYE, EQ, 22-Jan-2025,67.17,68.9,68.9,66.65,67.0,67.05,67.44,12733,8.59,384, 6593, 51.78
LOVABLE, EQ, 22-Jan-2025,115.55,115.2,116.75,112.1,112.2,112.37,113.1,12465,14.1,577, 7962, 63.87
LOWVOL, EQ, 22-Jan-2025,192.16,192.81,193.16,192.16,193.16,193.16,192.89,176,0.34,5, 156, 88.64
LOWVOL1, EQ, 22-Jan-2025,19.6,19.6,19.87,18.7,19.67,19.69,19.67,172590,33.94,302, 162373, 94.08
LOWVOLIETF, EQ, 22-Jan-2025,20.59,20.8,20.99,20.39,20.8,20.81,20.74,3562147,738.73,1592, 3137835, 88.09
LT, EQ, 22-Jan-2025,3541.1,3563.0,3582.35,3490.1,3520.8,3518.2,3521.51,1626055,57261.73,118201, 992123, 61.01
LTF, EQ, 22-Jan-2025,146.07,145.93,145.94,138.0,140.4,139.37,140.35,4565681,6407.75,43601, 1564085, 34.26
LTFOODS, EQ, 22-Jan-2025,387.35,388.35,392.95,378.85,391.5,390.7,386.18,350241,1352.57,22491, 170069, 48.56
LTGILTBEES, EQ, 22-Jan-2025,27.32,27.32,27.38,27.31,27.37,27.36,27.35,1245287,340.6,720, 894618, 71.84
LTIM, EQ, 22-Jan-2025,5758.4,5745.05,5873.1,5692.0,5840.0,5849.9,5808.48,203767,11835.76,34566, 76633, 37.61
LTTS, EQ, 22-Jan-2025,5380.4,5380.0,5400.0,5290.45,5373.3,5382.95,5335.1,98432,5251.45,19363, 25492, 25.90
LUMAXIND, EQ, 22-Jan-2025,2293.75,2281.15,2297.9,2237.45,2252.0,2264.9,2269.82,1303,29.58,688, 789, 60.55
LUMAXTECH, EQ, 22-Jan-2025,549.6,549.6,552.45,523.55,534.0,533.95,533.44,137522,733.6,9608, 65374, 47.54
LUPIN, EQ, 22-Jan-2025,2104.25,2104.5,2146.0,2089.1,2141.0,2139.15,2122.02,679655,14422.43,63444, 383977, 56.50
LUXIND, EQ, 22-Jan-2025,1691.5,1692.0,1720.75,1656.9,1678.4,1683.95,1691.15,46169,780.79,7517, 13957, 30.23
LXCHEM, EQ, 22-Jan-2025,228.25,229.7,230.0,223.8,227.62,228.52,226.51,538303,1219.3,23749, 229757, 42.68
LYKALABS, EQ, 22-Jan-2025,157.4,158.2,158.93,150.36,154.0,153.41,153.24,62985,96.52,1435, 29339, 46.58
LYPSAGEMS, EQ, 22-Jan-2025,7.15,7.24,7.34,6.95,7.08,7.01,7.08,25576,1.81,264, 18982, 74.22
M&M, EQ, 22-Jan-2025,2821.3,2848.0,2851.9,2805.85,2830.1,2826.45,2827.65,3133157,88594.68,225916, 2018752, 64.43
M&MFIN, EQ, 22-Jan-2025,265.25,265.5,266.9,259.5,266.0,265.85,262.82,778677,2046.55,11447, 189442, 24.33
MACPOWER, EQ, 22-Jan-2025,1363.65,1350.5,1351.95,1258.45,1319.5,1293.35,1300.91,9597,124.85,1624, 5156, 53.73
MADHAV, EQ, 22-Jan-2025,52.49,54.31,54.31,50.95,52.5,51.75,51.66,2736,1.41,182, 1580, 57.75
MADHUCON, EQ, 22-Jan-2025,8.94,9.03,9.08,8.61,8.73,8.74,8.83,31543,2.79,191, 26419, 83.76
MADRASFERT, EQ, 22-Jan-2025,95.43,95.43,95.63,92.07,93.35,93.04,93.12,163458,152.22,2972, 45945, 28.11
MAFANG, EQ, 22-Jan-2025,136.09,140.16,147.7,137.06,142.0,142.57,142.27,1713385,2437.56,16606, 894965, 52.23
MAGADSUGAR, EQ, 22-Jan-2025,620.3,619.25,619.25,601.1,605.0,605.85,606.57,6547,39.71,776, 4628, 70.69
MAGNUM, EQ, 22-Jan-2025,38.19,38.19,39.99,36.64,38.6,39.15,37.7,52050,19.62,1074, 34991, 67.23
MAHABANK, EQ, 22-Jan-2025,51.35,51.3,51.35,49.3,50.19,50.19,49.87,15604799,7781.46,60178, 4351354, 27.88
MAHAPEXLTD, EQ, 22-Jan-2025,137.93,137.25,142.5,134.5,137.4,135.64,138.5,8534,11.82,893, 4575, 53.61
MAHEPC, EQ, 22-Jan-2025,133.69,136.43,159.75,131.64,145.3,150.22,152.11,2951921,4490.16,35763, 461298, 15.63
MAHESHWARI, EQ, 22-Jan-2025,65.33,65.68,65.9,63.35,63.58,63.89,64.51,26396,17.03,799, 13123, 49.72
MAHKTECH, EQ, 22-Jan-2025,19.26,19.19,19.35,18.55,18.85,18.83,18.8,820521,154.27,4215, 526492, 64.17
MAHLIFE, EQ, 22-Jan-2025,406.15,402.15,405.05,394.7,403.0,400.1,399.18,117513,469.09,13545, 60626, 51.59
MAHLOG, EQ, 22-Jan-2025,367.65,368.0,368.15,358.95,360.35,361.65,362.22,41203,149.24,5352, 19069, 46.28
MAHSCOOTER, EQ, 22-Jan-2025,9410.0,9410.0,9550.0,9351.0,9470.2,9488.6,9399.45,6670,626.94,2059, 2137, 32.04
MAHSEAMLES, EQ, 22-Jan-2025,642.6,644.4,645.1,613.95,628.0,628.25,625.56,204615,1280.0,21046, 94473, 46.17
MAITHANALL, EQ, 22-Jan-2025,1008.6,1006.15,1014.3,978.0,991.3,992.55,988.54,46707,461.72,2650, 32123, 68.78
MAKEINDIA, EQ, 22-Jan-2025,134.79,134.84,134.84,130.0,133.85,133.84,132.48,93506,123.88,539, 59974, 64.14
MALLCOM, EQ, 22-Jan-2025,1415.9,1390.05,1449.8,1350.15,1400.0,1373.25,1395.75,3360,46.9,637, 2062, 61.37
MALUPAPER, EQ, 22-Jan-2025,43.63,44.0,44.0,42.51,43.38,43.31,43.13,11199,4.83,259, 7246, 64.70
MAMATA, EQ, 22-Jan-2025,453.9,453.9,456.25,427.05,431.7,432.9,437.03,518710,2266.89,23367, 196151, 37.82
MANAKALUCO, EQ, 22-Jan-2025,30.8,30.5,31.35,29.58,31.35,30.62,30.11,26295,7.92,427, 14598, 55.52
MANAKSIA, EQ, 22-Jan-2025,82.87,82.2,82.87,81.0,81.69,81.28,81.53,40246,32.81,1231, 30782, 76.48
MANAKSTEEL, EQ, 22-Jan-2025,60.68,61.7,61.7,58.34,58.5,58.77,59.08,27460,16.22,495, 14784, 53.84
MANALIPETC, EQ, 22-Jan-2025,62.72,62.72,62.72,59.0,60.62,60.44,60.37,242727,146.53,3314, 127230, 52.42
MANAPPURAM, EQ, 22-Jan-2025,192.11,193.0,196.59,190.55,194.8,195.35,192.89,7504970,14475.98,42893, 3046193, 40.59
MANBA, EQ, 22-Jan-2025,161.65,164.0,164.0,153.2,158.4,157.72,157.18,145917,229.35,4101, 66746, 45.74
MANCREDIT, EQ, 22-Jan-2025,166.76,167.03,167.03,160.76,166.0,165.78,162.94,72246,117.71,690, 35229, 48.76
MANGALAM, EQ, 22-Jan-2025,105.31,106.12,106.7,104.71,106.0,105.77,105.53,9661,10.2,266, 6763, 70.00
MANGCHEFER, EQ, 22-Jan-2025,176.62,176.89,182.2,172.0,176.5,177.26,177.71,1100783,1956.25,13691, 404686, 36.76
MANGLMCEM, EQ, 22-Jan-2025,918.15,915.0,915.7,872.9,902.0,902.1,899.34,91583,823.64,9491, 53388, 58.29
MANINDS, EQ, 22-Jan-2025,312.75,313.1,314.6,300.95,303.55,303.9,305.4,155392,474.57,2824, 87969, 56.61
MANINFRA, EQ, 22-Jan-2025,224.55,225.28,227.38,214.2,218.39,218.41,220.24,781064,1720.2,14871, 239018, 30.60
MANKIND, EQ, 22-Jan-2025,2563.55,2573.55,2585.9,2488.0,2515.0,2516.4,2521.86,255984,6455.55,33921, 124842, 48.77
MANOMAY, EQ, 22-Jan-2025,207.97,208.0,208.0,203.99,208.0,207.87,207.23,19024,39.42,360, 1627, 8.55
MANORAMA, EQ, 22-Jan-2025,1109.15,1129.0,1129.0,992.65,1066.5,1063.5,1061.84,237454,2521.37,18579, 139233, 58.64
MANORG, EQ, 22-Jan-2025,428.0,438.95,438.95,406.6,412.05,415.2,413.98,9812,40.62,393, 6293, 64.14
MANUGRAPH, EQ, 22-Jan-2025,21.47,21.95,22.7,20.11,20.3,20.41,21.01,139063,29.22,1304, 67938, 48.85
MANYAVAR, EQ, 22-Jan-2025,1162.65,1165.05,1168.8,1139.95,1150.1,1145.25,1148.92,44975,516.73,10158, 24321, 54.08
MAPMYINDIA, EQ, 22-Jan-2025,1654.3,1640.0,1664.4,1638.05,1660.0,1660.35,1658.15,153301,2541.96,18224, 118770, 77.48
MARALOVER, EQ, 22-Jan-2025,85.27,86.55,86.56,81.79,85.0,83.02,83.04,44964,37.34,1628, 13443, 29.90
MARATHON, EQ, 22-Jan-2025,643.1,631.0,635.95,611.0,620.0,621.3,625.57,149184,933.25,7186, 77826, 52.17
MARICO, EQ, 22-Jan-2025,666.4,668.0,670.0,660.85,663.1,665.35,665.71,2086320,13888.74,65613, 1169252, 56.04
MARKSANS, EQ, 22-Jan-2025,259.15,259.55,259.55,246.05,252.9,252.45,251.38,749012,1882.85,27027, 306180, 40.88
MARUTI, EQ, 22-Jan-2025,11883.7,11900.05,12078.85,11900.05,12020.0,12020.35,11998.48,396590,47584.76,84861, 239758, 60.45
MASFIN, EQ, 22-Jan-2025,244.25,245.0,245.85,236.9,240.3,240.3,239.97,172073,412.92,21341, 83256, 48.38
MASPTOP50, EQ, 22-Jan-2025,58.49,60.0,61.98,58.49,61.7,60.97,60.68,607201,368.44,5547, 410075, 67.54
MASTEK, EQ, 22-Jan-2025,2627.45,2627.45,2640.95,2539.6,2601.0,2611.4,2585.17,95018,2456.38,17005, 41068, 43.22
MASTERTR, EQ, 22-Jan-2025,145.47,148.6,148.6,138.61,141.11,142.4,140.9,26321,37.09,1070, 14913, 56.66
MATRIMONY, EQ, 22-Jan-2025,646.25,641.2,649.9,623.9,625.0,626.75,636.22,8386,53.35,598, 6929, 82.63
MAWANASUG, EQ, 22-Jan-2025,98.59,100.6,100.6,95.24,96.65,96.6,96.7,74576,72.12,1170, 30999, 41.57
MAXESTATES, EQ, 22-Jan-2025,568.95,568.1,580.2,547.0,550.0,550.35,554.53,184306,1022.03,11529, 128184, 69.55
MAXHEALTH, EQ, 22-Jan-2025,1078.2,1073.0,1082.75,1048.55,1069.95,1066.4,1064.67,1569733,16712.52,75613, 862154, 54.92
MAXIND, EQ, 22-Jan-2025,261.75,265.0,265.0,251.0,251.0,251.85,254.44,34193,87.0,2202, 21374, 62.51
MAYURUNIQ, EQ, 22-Jan-2025,569.5,565.5,575.8,545.45,559.2,556.45,558.46,69067,385.71,3638, 38100, 55.16
MAZDOCK, EQ, 22-Jan-2025,2351.85,2355.0,2367.15,2217.0,2280.2,2287.75,2272.28,2433006,55284.8,152617, 412524, 16.96
MBAPL, EQ, 22-Jan-2025,281.33,285.55,295.7,276.11,287.3,289.64,284.2,78830,224.03,2365, 48039, 60.94
MBLINFRA, EQ, 22-Jan-2025,62.16,61.9,61.9,59.05,59.05,59.33,59.81,158578,94.84,1229, 62875, 39.65
MCX, EQ, 22-Jan-2025,5504.95,5559.9,5753.9,5450.0,5713.4,5724.35,5667.79,1540736,87325.7,168111, 406586, 26.39
MEDANTA, EQ, 22-Jan-2025,1055.35,1046.0,1058.0,1037.5,1043.25,1044.0,1042.49,307146,3201.95,22302, 153217, 49.88
MEDIASSIST, EQ, 22-Jan-2025,590.8,595.0,595.0,571.7,576.7,577.25,578.6,83563,483.49,10446, 49399, 59.12
MEDICAMEQ, EQ, 22-Jan-2025,491.95,493.8,500.1,484.7,487.0,492.55,490.5,22054,108.18,905, 13442, 60.95
MEDICO, EQ, 22-Jan-2025,69.76,70.07,72.0,68.01,70.8,71.29,70.57,2018540,1424.56,7091, 683796, 33.88
MEDPLUS, EQ, 22-Jan-2025,764.05,758.15,766.2,738.95,742.0,743.5,751.13,129700,974.21,11822, 69923, 53.91
MEGASTAR, EQ, 22-Jan-2025,265.77,263.0,264.58,245.66,252.0,254.52,252.87,9708,24.55,679, 5207, 53.64
MENONBE, EQ, 22-Jan-2025,120.39,118.25,121.59,116.32,120.4,119.78,119.03,23016,27.4,2113, 11226, 48.77
METAL, EQ, 22-Jan-2025,8.55,8.59,8.74,8.23,8.5,8.48,8.41,224495,18.88,507, 147159, 65.55
METALIETF, EQ, 22-Jan-2025,8.56,8.6,8.6,8.36,8.49,8.48,8.44,2131589,179.87,2659, 687404, 32.25
METROBRAND, EQ, 22-Jan-2025,1224.85,1231.3,1241.95,1191.1,1220.0,1222.25,1215.32,142131,1727.34,32132, 45302, 31.87
METROPOLIS, EQ, 22-Jan-2025,1846.25,1840.85,1860.2,1828.05,1856.0,1849.55,1841.5,93929,1729.7,14165, 41420, 44.10
MFSL, EQ, 22-Jan-2025,1053.1,1063.7,1069.95,1019.4,1033.4,1038.75,1037.77,661115,6860.84,30988, 345919, 52.32
MGEL, EQ, 22-Jan-2025,27.77,27.9,27.9,26.57,27.38,26.98,27.06,156720,42.41,1076, 75613, 48.25
MGL, EQ, 22-Jan-2025,1277.55,1284.3,1287.55,1254.25,1284.7,1280.2,1267.34,282925,3585.63,18127, 85881, 30.35
MHRIL, EQ, 22-Jan-2025,336.75,339.05,339.75,322.4,328.5,328.85,329.18,118962,391.6,11216, 61040, 51.31
MICEL, EQ, 22-Jan-2025,79.46,79.87,81.04,75.48,76.89,76.78,76.79,296620,227.79,4414, 179297, 60.45
MID150BEES, EQ, 22-Jan-2025,205.33,208.99,208.99,199.86,202.5,202.69,201.72,772962,1559.24,11934, 642963, 83.18
MID150CASE, EQ, 22-Jan-2025,9.88,9.88,9.99,9.6,9.81,9.76,9.72,1192729,115.96,7511, 1007201, 84.45
MIDCAP, EQ, 22-Jan-2025,152.33,152.34,154.99,148.31,152.0,150.4,149.53,26919,40.25,767, 20708, 76.93
MIDCAPETF, EQ, 22-Jan-2025,20.24,20.34,20.34,19.71,19.96,19.97,19.91,2405243,478.94,8183, 1900015, 78.99
MIDCAPIETF, EQ, 22-Jan-2025,20.51,20.59,20.6,19.99,20.25,20.25,20.17,1324059,267.08,2596, 561445, 42.40
MIDHANI, EQ, 22-Jan-2025,331.45,331.1,332.45,316.5,326.0,325.1,322.96,242048,781.72,17650, 83008, 34.29
MIDQ50ADD, EQ, 22-Jan-2025,236.64,236.64,239.9,230.88,239.9,234.38,233.42,2915,6.8,152, 2136, 73.28
MIDSELIETF, EQ, 22-Jan-2025,16.77,17.02,17.02,16.33,16.6,16.56,16.5,539836,89.09,1660, 226182, 41.90
MIDSMALL, EQ, 22-Jan-2025,47.78,47.79,47.8,46.46,47.05,47.08,46.9,517410,242.68,3239, 468867, 90.62
MINDACORP, EQ, 22-Jan-2025,580.8,584.75,586.95,562.05,569.15,570.75,573.45,286323,1641.9,17689, 105042, 36.69
MINDTECK, EQ, 22-Jan-2025,253.45,255.8,255.9,240.8,245.3,245.0,245.57,27444,67.39,1765, 16743, 61.01
MIRCELECTR, EQ, 22-Jan-2025,23.32,23.79,23.79,21.45,21.83,21.81,22.08,1254388,276.93,3082, 804463, 64.13
MIRZAINT, EQ, 22-Jan-2025,35.38,35.0,36.13,34.51,34.85,34.95,34.96,62338,21.8,867, 30815, 49.43
MITCON, EQ, 22-Jan-2025,102.53,105.0,105.04,97.54,100.5,100.34,100.38,9182,9.22,371, 5743, 62.55
MITTAL, EQ, 22-Jan-2025,2.26,2.26,2.33,2.19,2.29,2.32,2.29,3265511,74.71,2238, 1639031, 50.19
MMFL, EQ, 22-Jan-2025,449.6,456.3,456.3,436.25,437.1,439.25,442.39,48641,215.18,1771, 33908, 69.71
MMP, EQ, 22-Jan-2025,309.45,310.85,310.85,295.05,310.0,299.85,303.82,34507,104.84,1216, 26295, 76.20
MMTC, EQ, 22-Jan-2025,71.39,71.39,71.4,68.51,69.7,69.59,69.57,1642460,1142.59,15263, 360009, 21.92
MNC, EQ, 22-Jan-2025,27.63,27.63,27.9,27.26,27.67,27.53,27.46,26434,7.26,287, 17707, 66.99
MOBIKWIK, EQ, 22-Jan-2025,461.2,460.25,460.25,433.05,439.0,440.6,441.61,8055227,35572.61,124444, 741218, 9.20
MODEFENCE, EQ, 22-Jan-2025,69.75,70.51,70.89,66.11,67.5,67.28,67.12,1077605,723.25,7670, 800603, 74.29
MODIRUBBER, EQ, 22-Jan-2025,116.96,114.79,118.79,114.79,115.0,115.18,116.61,891,1.04,34, 329, 36.92
MODISONLTD, EQ, 22-Jan-2025,168.17,171.91,172.0,161.2,164.0,164.27,164.88,15117,24.93,862, 8247, 54.55
MOGSEC, EQ, 22-Jan-2025,58.7,59.1,59.1,57.62,58.78,58.73,58.59,1544,0.9,29, 1399, 90.61
MOHEALTH, EQ, 22-Jan-2025,42.99,43.0,43.36,42.56,43.3,43.08,42.89,41577,17.83,659, 21772, 52.37
MOIL, EQ, 22-Jan-2025,341.1,342.7,344.7,328.75,334.2,334.75,335.93,1237145,4155.92,42612, 333967, 26.99
MOKSH, EQ, 22-Jan-2025,17.03,17.45,17.51,16.89,16.9,17.04,17.19,77880,13.39,512, 49256, 63.25
MOL, EQ, 22-Jan-2025,80.27,80.5,80.51,75.72,77.8,77.3,77.41,662152,512.58,11930, 317464, 47.94
MOLDTECH, EQ, 22-Jan-2025,190.19,189.98,189.98,182.82,186.5,186.79,185.09,28395,52.56,1486, 16358, 57.61
MOLDTKPAC, EQ, 22-Jan-2025,562.65,562.5,569.7,548.0,553.4,556.0,557.45,281158,1567.31,8948, 223467, 79.48
MOLOWVOL, EQ, 22-Jan-2025,35.53,35.53,36.75,35.42,36.75,35.73,35.56,67118,23.87,61, 66307, 98.79
MOM100, EQ, 22-Jan-2025,57.81,58.19,58.19,56.11,56.94,56.92,56.85,880836,500.76,6022, 528244, 59.97
MOM30IETF, EQ, 22-Jan-2025,30.19,30.19,30.29,29.69,30.1,30.06,29.84,2326650,694.24,6673, 1828558, 78.59
MOM50, EQ, 22-Jan-2025,236.86,239.97,239.97,236.25,238.34,238.35,237.34,3202,7.6,115, 2347, 73.30
MOMENTUM, EQ, 22-Jan-2025,30.06,30.07,30.16,29.52,29.88,29.87,29.74,122638,36.47,944, 72895, 59.44
MOMENTUM50, EQ, 22-Jan-2025,50.6,51.27,51.28,49.17,50.13,49.95,49.84,741050,369.36,3958, 672953, 90.81
MOMOMENTUM, EQ, 22-Jan-2025,60.31,60.68,60.68,59.25,59.52,59.91,59.63,179977,107.32,1655, 145468, 80.83
MON100, EQ, 22-Jan-2025,206.46,211.95,213.45,207.02,213.15,212.81,211.51,939415,1987.0,13994, 471962, 50.24
MONARCH, EQ, 22-Jan-2025,448.9,445.0,451.45,418.15,429.0,430.0,432.66,419746,1816.09,10015, 195526, 46.58
MONIFTY500, EQ, 22-Jan-2025,21.75,22.0,22.0,21.45,21.71,21.7,21.61,258654,55.9,1677, 238810, 92.33
MONQ50, EQ, 22-Jan-2025,88.21,89.0,89.84,88.01,88.8,89.0,89.51,245504,219.75,2051, 176803, 72.02
MONTECARLO, EQ, 22-Jan-2025,668.25,674.75,675.1,650.0,658.15,661.5,658.19,20500,134.93,1673, 12191, 59.47
MOQUALITY, EQ, 22-Jan-2025,183.53,182.86,187.5,180.68,187.5,182.02,181.78,784,1.43,66, 593, 75.64
MOREALTY, EQ, 22-Jan-2025,90.86,93.6,93.6,85.57,86.9,86.64,87.06,674500,587.23,7818, 558622, 82.82
MOREPENLAB, EQ, 22-Jan-2025,67.37,67.8,68.15,64.72,66.25,66.19,65.96,2938022,1937.78,22120, 896860, 30.53
MOSMALL250, EQ, 22-Jan-2025,16.54,17.0,17.0,16.01,16.15,16.24,16.19,976113,158.01,5149, 777913, 79.69
MOTHERSON, EQ, 22-Jan-2025,145.9,146.6,146.6,140.61,142.75,142.74,142.65,12044870,17181.47,99774, 7467991, 62.00
MOTILALOFS, EQ, 22-Jan-2025,745.0,746.0,750.05,706.05,728.45,724.9,722.06,3842592,27745.68,127235, 1423525, 37.05
MOTISONS, EQ, 22-Jan-2025,24.73,25.03,25.03,23.49,24.05,23.96,23.98,1326479,318.06,6380, 743205, 56.03
MOTOGENFIN, EQ, 22-Jan-2025,28.48,30.22,30.22,27.7,27.94,28.11,28.45,37795,10.75,495, 10028, 26.53
MOVALUE, EQ, 22-Jan-2025,94.65,95.49,95.49,92.71,94.05,93.99,93.66,162474,152.17,1181, 141380, 87.02
MPHASIS, EQ, 22-Jan-2025,2773.55,2773.85,2813.95,2753.9,2803.0,2808.95,2784.36,421294,11730.33,48042, 256143, 60.80
MPSLTD, EQ, 22-Jan-2025,1971.75,1953.8,2032.0,1935.8,2015.0,2008.4,1982.35,8657,171.61,1998, 4828, 55.77
MRF, EQ, 22-Jan-2025,112097.25,113000.0,113003.4,110525.6,111501.0,111599.85,111448.39,5531,6164.21,4222, 1581, 28.58
MRO-TEK, EQ, 22-Jan-2025,76.78,75.56,82.47,75.27,81.79,80.3,78.92,46113,36.39,1175, 16688, 36.19
MRPL, EQ, 22-Jan-2025,140.98,140.99,140.99,135.37,137.5,137.69,137.36,1592277,2187.17,18981, 409347, 25.71
MSPL, EQ, 22-Jan-2025,36.78,36.78,36.78,35.06,36.0,35.62,35.68,482884,172.29,2138, 294546, 61.00
MSTCLTD, EQ, 22-Jan-2025,617.2,618.7,637.9,604.0,632.65,633.65,621.89,239336,1488.41,16602, 102917, 43.00
MSUMI, EQ, 22-Jan-2025,56.12,56.12,56.3,54.31,54.94,54.84,54.92,4008593,2201.38,51775, 2433864, 60.72
MTARTECH, EQ, 22-Jan-2025,1682.9,1667.6,1670.05,1598.6,1615.0,1611.6,1616.5,167123,2701.55,16980, 37755, 22.59
MTNL, EQ, 22-Jan-2025,48.96,49.0,49.41,46.61,47.9,47.67,47.49,3346837,1589.4,11679, 799485, 23.89
MUFIN, EQ, 22-Jan-2025,100.38,100.95,101.99,97.1,99.0,98.49,98.88,157328,155.56,2031, 84811, 53.91
MUFTI, EQ, 22-Jan-2025,158.49,158.52,159.5,150.3,152.7,152.1,153.97,184247,283.68,4755, 110618, 60.04
MUKANDLTD, EQ, 22-Jan-2025,116.81,116.56,127.0,100.5,127.0,119.47,108.97,2003204,2182.89,19569, 338091, 16.88
MUKKA, EQ, 22-Jan-2025,37.25,37.7,37.7,36.6,36.81,36.88,36.98,306925,113.49,2355, 137151, 44.69
MUKTAARTS, EQ, 22-Jan-2025,88.69,88.69,89.49,85.3,89.49,88.22,87.56,7986,6.99,290, 3798, 47.56
MULTICAP, EQ, 22-Jan-2025,15.05,15.06,15.07,14.8,14.96,14.97,14.88,732441,108.98,1086, 573221, 78.26
MUNJALAU, EQ, 22-Jan-2025,95.37,95.39,97.12,92.3,93.16,93.77,93.84,81008,76.02,2090, 29800, 36.79
MUNJALSHOW, EQ, 22-Jan-2025,149.41,149.31,149.9,145.2,149.8,147.3,147.08,26999,39.71,896, 13539, 50.15
MURUDCERA, EQ, 22-Jan-2025,45.92,45.2,45.9,44.62,45.9,45.51,45.29,35316,16.0,575, 23796, 67.38
MUTHOOTCAP, EQ, 22-Jan-2025,298.4,298.0,306.95,295.0,299.0,299.25,300.53,33375,100.3,1574, 20329, 60.91
MUTHOOTFIN, EQ, 22-Jan-2025,2165.05,2165.05,2204.5,2141.2,2198.0,2197.45,2183.33,649820,14187.7,45381, 254373, 39.15
MUTHOOTMF, EQ, 22-Jan-2025,170.53,170.3,174.3,167.7,173.03,171.86,169.77,95469,162.08,4898, 50375, 52.77
MVGJL, EQ, 22-Jan-2025,268.4,269.9,270.8,246.3,255.75,255.15,254.34,490002,1246.28,8698, 164987, 33.67
NACLIND, EQ, 22-Jan-2025,66.24,65.75,67.0,65.1,66.45,66.14,65.72,110888,72.87,971, 64841, 58.47
NAGAFERT, EQ, 22-Jan-2025,8.88,8.88,9.14,8.81,9.1,9.08,8.94,365275,32.66,1314, 212402, 58.15
NAGREEKEXP, EQ, 22-Jan-2025,38.59,38.59,39.59,38.01,38.9,38.6,38.5,48254,18.58,1087, 25768, 53.40
NAHARCAP, EQ, 22-Jan-2025,294.05,295.6,297.45,289.0,292.9,291.55,293.08,6769,19.84,604, 3695, 54.59
NAHARINDUS, EQ, 22-Jan-2025,129.72,130.6,130.6,125.2,130.0,127.58,127.55,23537,30.02,606, 14348, 60.96
NAHARPOLY, EQ, 22-Jan-2025,238.0,239.8,241.45,234.0,234.15,234.95,236.13,10216,24.12,659, 6585, 64.46
NAHARSPING, EQ, 22-Jan-2025,240.5,243.55,244.95,236.35,237.85,240.4,240.32,15393,36.99,866, 7957, 51.69
NAM-INDIA, EQ, 22-Jan-2025,659.85,663.0,664.0,641.25,642.95,642.9,647.2,1303117,8433.77,65133, 799807, 61.38
NARMADA, EQ, 22-Jan-2025,22.08,22.08,23.18,22.08,23.18,23.17,23.02,1321115,304.06,2111, 881552, 66.73
NATCOPHARM, EQ, 22-Jan-2025,1243.0,1253.45,1269.95,1233.3,1255.1,1262.85,1253.67,435619,5461.21,45406, 147954, 33.96
NATHBIOGEN, EQ, 22-Jan-2025,176.94,176.95,179.39,175.0,179.33,176.46,176.32,18641,32.87,1198, 10270, 55.09
NATIONALUM, EQ, 22-Jan-2025,205.93,206.0,206.5,198.01,203.0,203.44,201.14,7724370,15536.93,72701, 2814315, 36.43
NAUKRI, EQ, 22-Jan-2025,7457.45,7517.4,7523.4,7137.05,7249.85,7234.5,7224.17,489126,35335.28,60051, 333148, 68.11
NAVA, EQ, 22-Jan-2025,425.9,425.0,426.95,405.0,420.5,422.45,415.57,321560,1336.32,20689, 149667, 46.54
NAVINFLUOR, EQ, 22-Jan-2025,3797.0,3814.65,3814.65,3611.2,3680.0,3687.35,3673.04,201921,7416.63,34452, 75705, 37.49
NAVKARCORP, EQ, 22-Jan-2025,154.07,154.2,154.4,145.35,149.0,149.52,148.84,543075,808.32,16168, 201723, 37.14
NAVKARURB, EQ, 22-Jan-2025,15.72,15.94,16.5,15.93,16.5,16.45,16.37,7160982,1172.01,4215, 3090001, 43.15
NAVNETEDUL, EQ, 22-Jan-2025,143.95,142.05,143.55,140.81,142.4,142.14,141.96,71860,102.01,2066, 38789, 53.98
NAZARA, EQ, 22-Jan-2025,1023.65,1022.5,1025.0,985.55,1003.0,1006.45,1003.9,340184,3415.09,20651, 142783, 41.97
NBCC, EQ, 22-Jan-2025,95.1,94.3,94.6,90.35,92.3,92.38,92.01,11402076,10491.43,67304, 2532431, 22.21
NCC, EQ, 22-Jan-2025,242.5,242.4,244.45,236.5,243.2,243.1,240.12,3281633,7880.01,38422, 1279475, 38.99
NCLIND, EQ, 22-Jan-2025,203.03,203.17,206.4,201.0,202.76,204.11,203.82,86837,176.99,4547, 52506, 60.47
NDL, EQ, 22-Jan-2025,4.72,4.75,4.75,4.48,4.56,4.55,4.55,2273310,103.53,3750, 1334892, 58.72
NDLVENTURE, EQ, 22-Jan-2025,102.17,101.0,105.5,101.0,102.74,102.75,102.61,2972,3.05,174, 1480, 49.80
NDRAUTO, EQ, 22-Jan-2025,774.6,799.95,799.95,750.0,768.0,764.4,757.68,16771,127.07,2083, 9109, 54.31
NDTV, EQ, 22-Jan-2025,156.07,156.1,157.95,148.88,151.5,152.16,152.47,109248,166.57,3209, 41395, 37.89
NECCLTD, EQ, 22-Jan-2025,31.19,31.18,31.41,30.0,30.91,30.82,30.57,183533,56.11,1319, 82070, 44.72
NELCAST, EQ, 22-Jan-2025,110.86,112.0,112.0,106.74,109.0,108.89,108.76,40757,44.33,1106, 20900, 51.28
NELCO, EQ, 22-Jan-2025,1118.0,1127.0,1143.55,1063.75,1124.0,1122.25,1097.32,100566,1103.53,6689, 40151, 39.93
NEOGEN, EQ, 22-Jan-2025,1991.8,1992.0,2014.5,1915.1,1940.0,1949.15,1959.1,20933,410.1,4154, 6771, 32.35
NESCO, EQ, 22-Jan-2025,1001.85,999.75,1035.0,960.3,1035.0,1031.4,1011.41,75358,762.17,9630, 37088, 49.22
NESTLEIND, EQ, 22-Jan-2025,2196.45,2196.45,2212.95,2194.15,2208.95,2207.8,2205.86,448036,9883.05,41737, 241374, 53.87
NETF, EQ, 22-Jan-2025,247.76,247.75,248.31,245.38,248.3,247.6,247.46,2081,5.15,126, 1929, 92.70
NETWEB, EQ, 22-Jan-2025,2143.8,2153.75,2168.0,1900.0,1925.0,1943.85,1966.52,1027519,20206.41,125446, 378909, 36.88
NETWORK18, EQ, 22-Jan-2025,55.29,55.56,55.75,52.15,54.15,54.1,53.97,4851241,2618.0,33829, 2027297, 41.79
NEULANDLAB, EQ, 22-Jan-2025,13221.7,13751.0,13958.5,13313.65,13924.0,13849.2,13734.54,73851,10143.09,24516, 26874, 36.39
NEWGEN, EQ, 22-Jan-2025,1311.35,1317.05,1317.95,1161.15,1226.8,1234.05,1212.39,4601491,55788.15,271662, 731696, 15.90
NEXT50, EQ, 22-Jan-2025,646.24,652.1,652.1,630.94,641.0,639.66,637.4,13614,86.78,1046, 10275, 75.47
NEXT50IETF, EQ, 22-Jan-2025,66.26,67.12,67.12,64.56,65.62,65.58,65.21,1052591,686.36,8455, 499490, 47.45
NFL, EQ, 22-Jan-2025,109.19,109.99,110.03,104.37,107.4,107.65,106.46,2579910,2746.62,28262, 530672, 20.57
NGIL, EQ, 22-Jan-2025,39.5,39.66,40.8,39.01,39.8,39.76,39.46,92084,36.34,868, 4018, 4.36
NGLFINE, EQ, 22-Jan-2025,1726.65,1735.05,1761.6,1682.35,1760.0,1741.2,1733.73,2409,41.77,421, 1757, 72.93
NH, EQ, 22-Jan-2025,1319.3,1324.95,1334.15,1293.55,1330.65,1325.7,1309.47,168365,2204.69,31246, 90163, 53.55
NHPC, EQ, 22-Jan-2025,79.02,79.04,79.29,76.63,77.8,77.76,77.73,13210629,10268.72,57959, 5369569, 40.65
NIACL, EQ, 22-Jan-2025,190.64,192.0,192.88,183.35,186.11,186.28,186.06,422762,786.57,10975, 106603, 25.22
NIF100BEES, EQ, 22-Jan-2025,249.35,250.28,250.28,247.05,249.7,248.83,248.44,21665,53.82,773, 15194, 70.13
NIF100IETF, EQ, 22-Jan-2025,26.18,26.3,26.37,26.0,26.3,26.24,26.13,125150,32.7,1420, 61706, 49.31
NIF10GETF, EQ, 22-Jan-2025,24.71,24.61,24.73,24.6,24.63,24.63,24.64,1022,0.25,32, 870, 85.13
NIF5GETF, EQ, 22-Jan-2025,59.7,59.43,59.43,59.42,59.42,59.42,59.42,97,0.06,6, 95, 97.94
NIFITETF, EQ, 22-Jan-2025,426.38,428.0,433.05,425.87,433.05,433.05,427.78,203,0.87,12, 185, 91.13
NIFMID150, EQ, 22-Jan-2025,200.58,200.58,202.49,195.52,198.31,198.14,197.29,2334,4.6,107, 2160, 92.54
NIFTY1, EQ, 22-Jan-2025,251.25,251.25,253.39,249.01,252.38,252.25,251.66,40738,102.52,1338, 27231, 66.84
NIFTY50ADD, EQ, 22-Jan-2025,238.48,239.08,240.13,238.0,240.1,239.58,238.91,10903,26.05,323, 8949, 82.08
NIFTYBEES, EQ, 22-Jan-2025,257.91,259.8,259.8,257.18,259.09,258.85,258.18,5660999,14615.32,45223, 3505704, 61.93
NIFTYBETF, EQ, 22-Jan-2025,233.76,233.75,234.16,231.97,233.89,233.89,232.95,8015,18.67,88, 4922, 61.41
NIFTYETF, EQ, 22-Jan-2025,246.04,247.69,247.69,245.44,246.87,247.4,246.75,42664,105.27,1316, 34491, 80.84
NIFTYIETF, EQ, 22-Jan-2025,256.57,256.56,258.4,255.98,257.97,257.67,257.07,278196,715.15,5775, 184447, 66.30
NIFTYQLITY, EQ, 22-Jan-2025,20.67,20.67,21.3,20.1,20.64,20.64,20.52,54666,11.22,615, 41383, 75.70
NIITLTD, EQ, 22-Jan-2025,164.55,164.55,168.0,158.25,167.6,166.15,162.47,998247,1621.89,11341, 302019, 30.25
NIITMTS, EQ, 22-Jan-2025,450.5,445.05,474.4,440.0,464.0,468.0,461.1,199661,920.64,8386, 49406, 24.74
NILAINFRA, EQ, 22-Jan-2025,12.56,12.52,12.78,11.82,12.22,12.22,12.17,796086,96.92,2171, 387288, 48.65
NILKAMAL, EQ, 22-Jan-2025,1809.5,1821.4,1833.9,1760.0,1796.0,1784.45,1780.97,3627,64.6,835, 2674, 73.72
NINSYS, EQ, 22-Jan-2025,496.05,498.5,499.8,480.5,485.0,494.05,489.22,2778,13.59,495, 1600, 57.60
NIPPOBATRY, EQ, 22-Jan-2025,534.65,532.3,537.4,525.4,532.7,530.65,531.48,2691,14.3,508, 970, 36.05
NITINSPIN, EQ, 22-Jan-2025,408.8,411.0,411.05,386.4,395.1,397.9,395.69,108247,428.32,3707, 58985, 54.49
NITIRAJ, EQ, 22-Jan-2025,219.15,223.0,226.2,218.4,218.4,223.59,222.37,3053,6.79,219, 1802, 59.02
NIVABUPA, EQ, 22-Jan-2025,81.03,81.69,81.91,78.08,79.68,79.53,79.79,1144346,913.03,13257, 455266, 39.78
NLCINDIA, EQ, 22-Jan-2025,235.1,233.8,236.25,226.41,230.3,231.66,233.83,2622805,6133.03,35829, 1869225, 71.27
NMDC, EQ, 22-Jan-2025,66.3,66.4,67.01,63.82,65.75,65.69,65.09,28101558,18290.92,86555, 11568633, 41.17
NOCIL, EQ, 22-Jan-2025,234.59,234.1,235.0,227.0,230.08,230.97,229.94,262989,604.73,13644, 109997, 41.83
NORTHARC, EQ, 22-Jan-2025,207.7,208.25,210.0,201.0,204.0,203.53,203.77,222676,453.74,9692, 141802, 63.68
NOVAAGRI, EQ, 22-Jan-2025,63.63,63.6,64.93,61.4,61.93,61.77,62.3,167226,104.19,1887, 77563, 46.38
NPBET, EQ, 22-Jan-2025,245.83,246.53,247.08,243.45,247.08,246.96,245.48,1352,3.32,34, 933, 69.01
NRAIL, EQ, 22-Jan-2025,352.7,351.95,354.55,333.0,339.95,339.4,340.36,7088,24.12,608, 5303, 74.82
NRBBEARING, EQ, 22-Jan-2025,268.05,266.7,272.0,263.3,268.5,269.5,268.44,163799,439.69,11897, 78317, 47.81
NSIL, EQ, 22-Jan-2025,6857.95,6898.9,6898.9,6501.0,6684.9,6661.85,6670.63,9700,647.05,3680, 4104, 42.31
NSLNISP, EQ, 22-Jan-2025,41.29,41.4,41.57,39.85,40.65,40.51,40.43,2922660,1181.65,18344, 1263671, 43.24
NTPC, EQ, 22-Jan-2025,324.3,327.0,327.0,317.35,322.15,322.4,321.48,11068145,35582.36,141930, 5606352, 50.65
NTPCGREEN, EQ, 22-Jan-2025,117.41,117.8,117.98,112.65,114.15,113.96,114.37,8104767,9269.56,73099, 4253662, 52.48
NUCLEUS, EQ, 22-Jan-2025,1036.55,1040.95,1042.0,1012.0,1016.0,1016.15,1019.18,14265,145.39,1991, 8531, 59.80
NURECA, EQ, 22-Jan-2025,408.25,410.3,414.25,372.75,385.0,379.85,386.2,135857,524.69,5550, 62538, 46.03
NUVAMA, EQ, 22-Jan-2025,5831.2,5856.1,5895.05,5446.65,5574.7,5542.55,5569.54,210539,11726.05,49104, 99888, 47.44
NUVOCO, EQ, 22-Jan-2025,353.5,352.2,355.95,330.1,352.95,352.7,342.44,555071,1900.81,44300, 76854, 13.85
NV20, EQ, 22-Jan-2025,149.72,151.96,151.96,148.0,151.8,151.72,150.05,10325,15.49,309, 9511, 92.12
NV20BEES, EQ, 22-Jan-2025,150.76,150.76,154.2,150.16,150.7,151.81,150.88,23608,35.62,331, 15516, 65.72
NV20IETF, EQ, 22-Jan-2025,14.63,14.72,14.89,14.49,14.68,14.75,14.68,373939,54.88,2832, 213610, 57.12
NYKAA, EQ, 22-Jan-2025,168.2,168.35,168.9,162.48,166.18,165.27,164.8,3319651,5470.63,30806, 1204839, 36.29
OAL, EQ, 22-Jan-2025,375.05,379.7,379.95,359.1,365.0,363.85,365.04,15800,57.68,1537, 8131, 51.46
OBCL, EQ, 22-Jan-2025,56.79,57.89,57.89,56.75,56.75,56.89,56.78,5660,3.21,97, 5061, 89.42
OBEROIRLTY, EQ, 22-Jan-2025,1858.05,1858.0,1858.0,1731.5,1764.95,1763.15,1758.67,2879895,50647.9,208260, 913248, 31.71
OCCL, EQ, 22-Jan-2025,218.18,212.23,218.02,211.22,212.98,212.22,212.6,14188,30.16,913, 7695, 54.24
OCCLLTD, EQ, 22-Jan-2025,89.09,90.45,90.45,84.35,86.31,87.05,86.4,246109,212.63,4351, 137090, 55.70
OFSS, EQ, 22-Jan-2025,9765.9,9895.95,10034.95,9480.0,9592.0,9593.2,9679.75,268514,25991.49,40891, 110398, 41.11
OIL, EQ, 22-Jan-2025,474.25,474.25,475.05,448.3,455.05,454.35,456.94,4206722,19222.13,90848, 2339466, 55.61
OILIETF, EQ, 22-Jan-2025,10.89,10.99,10.99,10.7,10.86,10.81,10.81,783519,84.7,2510, 493244, 62.95
OLAELEC, EQ, 22-Jan-2025,76.24,76.6,76.89,73.8,74.0,74.31,74.77,15524482,11607.2,60255, 3814475, 24.57
OLECTRA, EQ, 22-Jan-2025,1403.25,1400.05,1429.2,1350.75,1413.0,1418.2,1387.68,437710,6074.01,44158, 122616, 28.01
OMAXAUTO, EQ, 22-Jan-2025,112.88,113.05,114.4,106.01,108.99,109.23,109.43,14987,16.4,794, 6798, 45.36
OMAXE, EQ, 22-Jan-2025,92.32,92.85,93.24,88.22,91.0,91.09,90.79,100683,91.41,1497, 69792, 69.32
OMINFRAL, EQ, 22-Jan-2025,156.09,154.37,156.01,148.03,153.23,151.65,152.18,107873,164.17,1914, 44894, 41.62
ONELIFECAP, EQ, 22-Jan-2025,16.03,15.66,16.29,15.05,15.65,15.66,15.69,14123,2.22,203, 8024, 56.82
ONEPOINT, EQ, 22-Jan-2025,58.25,57.41,59.45,54.57,55.74,56.35,56.18,1176374,660.94,6279, 661873, 56.26
ONGC, EQ, 22-Jan-2025,265.8,266.0,266.39,261.71,263.69,264.05,263.4,7919682,20860.31,84421, 4194010, 52.96
ONMOBILE, EQ, 22-Jan-2025,68.39,67.7,68.19,64.8,66.5,66.48,66.19,269798,178.58,2804, 115874, 42.95
ONWARDTEC, EQ, 22-Jan-2025,327.9,326.55,326.55,294.15,297.45,300.2,308.34,216373,667.17,8052, 82596, 38.17
OPTIEMUS, EQ, 22-Jan-2025,671.7,682.0,687.8,638.15,675.0,672.55,655.86,145793,956.2,4580, 83449, 57.24
ORCHPHARMA, EQ, 22-Jan-2025,1544.4,1554.1,1562.2,1505.7,1545.0,1551.4,1549.06,224194,3472.91,16121, 171734, 76.60
ORICONENT, EQ, 22-Jan-2025,40.42,40.15,40.15,38.74,39.1,39.2,39.22,548320,215.05,2458, 330457, 60.27
ORIENTALTL, EQ, 22-Jan-2025,10.14,10.2,10.2,9.67,9.88,9.97,9.9,386411,38.25,535, 192128, 49.72
ORIENTBELL, EQ, 22-Jan-2025,297.7,299.3,299.3,282.0,282.2,284.9,289.26,19194,55.52,1106, 13874, 72.28
ORIENTCEM, EQ, 22-Jan-2025,338.9,338.9,339.25,333.0,334.0,335.05,335.56,418728,1405.1,10580, 262780, 62.76
ORIENTCER, EQ, 22-Jan-2025,47.12,46.66,47.25,45.61,46.16,46.57,46.43,20979,9.74,520, 13275, 63.28
ORIENTELEC, EQ, 22-Jan-2025,228.44,226.15,230.18,221.12,225.27,227.74,226.01,103438,233.78,5000, 54322, 52.52
ORIENTHOT, EQ, 22-Jan-2025,168.05,168.05,168.99,155.0,157.8,156.9,158.82,405517,644.04,7799, 245431, 60.52
ORIENTPPR, EQ, 22-Jan-2025,32.9,32.91,32.92,31.6,32.25,32.23,32.09,595440,191.08,4535, 241904, 40.63
ORIENTTECH, EQ, 22-Jan-2025,628.95,612.85,612.85,597.5,597.5,597.5,599.34,77256,463.03,1792, 50649, 65.56
ORISSAMINE, EQ, 22-Jan-2025,6488.45,6479.95,6480.0,6210.0,6265.0,6287.0,6308.48,7932,500.39,1625, 3975, 50.11
ORTINGLOBE, EQ, 22-Jan-2025,16.9,17.26,17.26,16.6,16.6,16.69,16.75,1711,0.29,64, 1080, 63.12
OSWALAGRO, EQ, 22-Jan-2025,63.68,63.82,63.99,61.8,62.3,62.34,62.54,19702,12.32,609, 11610, 58.93
OSWALGREEN, EQ, 22-Jan-2025,51.15,51.0,51.09,49.0,49.45,49.33,49.58,238778,118.38,2595, 93547, 39.18
PAGEIND, EQ, 22-Jan-2025,45975.85,46280.0,46671.35,45700.0,45900.0,46073.35,46131.65,42794,19741.58,18436, 26122, 61.04
PAISALO, EQ, 22-Jan-2025,44.75,45.0,45.15,43.68,44.25,44.45,44.36,932231,413.5,6313, 399673, 42.87
PAKKA, EQ, 22-Jan-2025,287.4,288.75,288.75,271.2,278.5,278.8,278.15,94320,262.35,3539, 48966, 51.91
PALASHSECU, EQ, 22-Jan-2025,146.17,148.04,148.09,143.15,143.15,143.93,145.8,4382,6.39,110, 2874, 65.59
PANACEABIO, EQ, 22-Jan-2025,423.65,420.0,420.0,402.5,402.5,402.55,403.37,214851,866.65,1835, 118129, 54.98
PANAMAPET, EQ, 22-Jan-2025,359.9,356.0,359.8,339.5,346.0,346.55,346.83,81699,283.36,2600, 60658, 74.25
PANSARI, EQ, 22-Jan-2025,202.21,207.99,212.32,193.2,197.39,196.99,204.73,23996,49.13,464, 8297, 34.58
PARACABLES, EQ, 22-Jan-2025,74.5,74.55,75.55,71.1,72.0,72.55,72.39,1186137,858.62,7611, 474859, 40.03
PARADEEP, EQ, 22-Jan-2025,124.52,124.0,130.4,121.14,124.63,126.4,126.36,29020871,36670.19,158762, 5976204, 20.59
PARAGMILK, EQ, 22-Jan-2025,172.37,171.0,171.71,166.0,169.06,168.19,167.4,319620,535.04,6993, 192179, 60.13
PARAS, EQ, 22-Jan-2025,1060.2,1060.0,1060.0,1014.05,1032.0,1032.5,1027.79,118303,1215.9,10327, 50848, 42.98
PARASPETRO, EQ, 22-Jan-2025,2.98,3.03,3.1,2.9,2.94,2.92,2.94,108840,3.2,669, 79792, 73.31
PARKHOTELS, EQ, 22-Jan-2025,194.56,192.0,194.49,182.12,189.49,188.73,188.79,288672,544.98,5551, 139783, 48.42
PATANJALI, EQ, 22-Jan-2025,1833.75,1833.75,1875.0,1795.85,1862.15,1864.55,1824.99,630810,11512.24,40008, 259970, 41.21
PATELENG, EQ, 22-Jan-2025,51.65,51.69,51.95,49.67,51.9,51.24,50.73,3299453,1673.97,18955, 1386713, 42.03
PATINTLOG, EQ, 22-Jan-2025,20.82,21.28,21.28,19.98,20.25,20.42,20.19,241198,48.7,1151, 100834, 41.81
PAVNAIND, EQ, 22-Jan-2025,539.2,535.0,541.8,519.0,521.0,525.9,534.39,12306,65.76,762, 8816, 71.64
PAYTM, EQ, 22-Jan-2025,854.3,850.0,857.8,816.7,844.95,841.35,832.41,7230982,60191.13,182514, 1265948, 17.51
PCBL, EQ, 22-Jan-2025,368.75,369.0,370.0,354.0,363.9,362.5,359.25,1921460,6902.85,46218, 877184, 45.65
PCJEWELLER, EQ, 22-Jan-2025,14.58,14.81,14.83,13.85,14.13,14.08,14.02,13017130,1824.75,24195, 7236966, 55.60
PDMJEPAPER, EQ, 22-Jan-2025,149.24,149.79,151.07,141.77,148.0,147.46,143.69,367700,528.35,4598, 216780, 58.96
PDSL, EQ, 22-Jan-2025,524.6,525.8,527.35,514.25,523.15,524.25,520.98,83761,436.38,7010, 29021, 34.65
PEARLPOLY, EQ, 22-Jan-2025,36.23,36.05,36.99,35.0,35.0,35.24,35.75,52638,18.82,2129, 12815, 24.35
PEL, EQ, 22-Jan-2025,1009.85,1010.95,1014.25,976.45,993.8,993.65,989.38,412325,4079.48,22167, 187737, 45.53
PENIND, EQ, 22-Jan-2025,173.28,172.38,173.27,167.02,172.8,169.36,169.5,477296,809.01,21482, 229341, 48.05
PENINLAND, EQ, 22-Jan-2025,41.48,41.65,41.68,39.22,39.9,39.87,39.95,318182,127.11,2282, 176695, 55.53
PERSISTENT, EQ, 22-Jan-2025,5896.7,5750.0,5872.5,5445.0,5655.0,5683.15,5603.35,1209268,67759.57,149449, 524239, 43.35
PETRONET, EQ, 22-Jan-2025,325.4,325.4,327.2,318.25,322.8,322.7,321.81,1627217,5236.61,37059, 992950, 61.02
PFC, EQ, 22-Jan-2025,427.9,427.0,428.0,412.35,421.1,420.6,417.55,7990557,33364.82,67448, 3431832, 42.95
PFIZER, EQ, 22-Jan-2025,4944.5,4934.1,4985.0,4763.15,4819.0,4792.5,4816.69,19095,919.75,8195, 10144, 53.12
PFOCUS, EQ, 22-Jan-2025,122.83,123.6,123.6,116.06,118.8,118.18,118.48,37943,44.96,1536, 22192, 58.49
PFS, EQ, 22-Jan-2025,38.76,39.0,39.0,36.92,37.45,37.54,37.58,849760,319.34,4097, 510420, 60.07
PGEL, EQ, 22-Jan-2025,805.95,807.05,812.5,718.1,752.1,756.25,757.32,2684091,20327.05,124748, 1386105, 51.64
PGHH, EQ, 22-Jan-2025,14840.25,14840.25,14840.25,14640.65,14682.1,14693.45,14694.45,1500,220.42,754, 890, 59.33
PGHL, EQ, 22-Jan-2025,5484.05,5480.0,5480.0,5313.2,5415.6,5408.15,5379.6,3110,167.31,1540, 1655, 53.22
PGIL, EQ, 22-Jan-2025,1382.7,1385.0,1385.0,1286.05,1320.0,1325.45,1327.17,174667,2318.14,16154, 68384, 39.15
PHARMABEES, EQ, 22-Jan-2025,22.37,22.52,22.53,22.26,22.42,22.44,22.36,2085119,466.23,10701, 969161, 46.48
PHOENIXLTD, EQ, 22-Jan-2025,1520.0,1530.0,1531.95,1449.05,1454.9,1457.85,1466.22,781536,11459.0,73335, 509776, 65.23
PIDILITIND, EQ, 22-Jan-2025,2749.7,2756.9,2765.0,2725.1,2750.0,2754.75,2746.93,313441,8610.01,43102, 196197, 62.59
PIIND, EQ, 22-Jan-2025,3519.85,3523.65,3561.9,3465.5,3502.3,3500.65,3498.77,194028,6788.6,36289, 119180, 61.42
PILANIINVS, EQ, 22-Jan-2025,4872.75,4905.0,4934.1,4804.2,4858.0,4835.55,4831.36,3160,152.67,687, 1760, 55.70
PILITA, EQ, 22-Jan-2025,15.1,15.01,15.48,14.79,14.92,15.01,15.09,468460,70.67,795, 264004, 56.36
PITTIENG, EQ, 22-Jan-2025,1251.75,1248.15,1248.15,1192.15,1240.0,1240.05,1223.75,65037,795.89,8773, 36199, 55.66
PIXTRANS, EQ, 22-Jan-2025,2066.2,2087.55,2089.95,1970.1,2080.0,2071.05,2031.86,23191,471.21,4563, 10852, 46.79
PLASTIBLEN, EQ, 22-Jan-2025,232.72,232.14,233.98,229.05,230.5,229.99,230.23,10054,23.15,318, 6909, 68.72
PLATIND, EQ, 22-Jan-2025,371.35,372.0,380.0,355.0,363.6,362.35,360.57,182368,657.56,4637, 66214, 36.31
PLAZACABLE, EQ, 22-Jan-2025,74.15,75.63,77.22,72.21,72.58,72.66,73.54,24045,17.68,668, 15412, 64.10
PNB, EQ, 22-Jan-2025,100.32,100.32,100.79,96.25,97.89,98.2,97.93,34811690,34089.43,114800, 12075875, 34.69
PNBGILTS, EQ, 22-Jan-2025,101.83,102.1,103.0,98.8,101.5,101.19,100.31,319145,320.12,6078, 141399, 44.31
PNBHOUSING, EQ, 22-Jan-2025,898.5,935.0,935.0,846.9,902.6,911.45,889.66,5778917,51412.93,259861, 1326376, 22.95
PNC, EQ, 22-Jan-2025,45.69,45.24,45.78,42.55,43.0,43.71,43.98,9406,4.14,552, 4814, 51.18
PNCINFRA, EQ, 22-Jan-2025,309.7,308.0,313.6,298.55,310.0,311.1,305.44,357067,1090.63,21261, 121733, 34.09
PNGJL, EQ, 22-Jan-2025,600.1,601.05,603.1,581.0,594.0,589.95,589.54,239729,1413.31,16001, 112569, 46.96
POCL, EQ, 22-Jan-2025,775.9,770.1,791.6,737.1,737.1,737.1,745.24,59719,445.05,3171, 40527, 67.86
PODDARMENT, EQ, 22-Jan-2025,341.75,340.45,356.8,340.45,350.8,349.2,351.02,10106,35.47,414, 6506, 64.38
POKARNA, EQ, 22-Jan-2025,1274.3,1297.95,1297.95,1193.1,1250.0,1238.45,1233.58,74429,918.14,6959, 31047, 41.71
POLICYBZR, EQ, 22-Jan-2025,1651.45,1664.9,1664.9,1547.25,1607.6,1610.7,1580.58,2767075,43735.88,147441, 1370704, 49.54
POLYCAB, EQ, 22-Jan-2025,6559.65,6597.9,6605.95,5982.0,6125.0,6164.35,6200.95,1654348,102585.31,156122, 394816, 23.87
POLYMED, EQ, 22-Jan-2025,2519.55,2500.05,2524.95,2311.25,2396.0,2399.45,2394.1,167253,4004.21,28849, 79985, 47.82
POLYPLEX, EQ, 22-Jan-2025,1230.25,1231.05,1231.05,1190.0,1217.0,1214.25,1208.12,85354,1031.17,13282, 41584, 48.72
PONNIERODE, EQ, 22-Jan-2025,373.15,373.45,373.45,353.75,358.1,359.8,362.54,22803,82.67,1674, 16908, 74.15
POONAWALLA, EQ, 22-Jan-2025,323.85,322.85,327.8,316.8,326.75,327.1,322.16,1516812,4886.49,22607, 560249, 36.94
POWERGRID, EQ, 22-Jan-2025,302.35,302.0,302.3,295.8,298.4,297.55,297.97,9723333,28972.15,100658, 6443175, 66.27
POWERINDIA, EQ, 22-Jan-2025,12873.55,12999.9,12999.9,11905.5,12050.0,12110.3,12220.13,58478,7146.09,19643, 20980, 35.88
POWERMECH, EQ, 22-Jan-2025,2316.55,2320.0,2349.75,2222.0,2299.5,2302.2,2261.9,71979,1628.09,16739, 31757, 44.12
PPAP, EQ, 22-Jan-2025,208.98,209.8,211.2,202.5,203.15,204.69,205.2,5296,10.87,523, 2734, 51.62
PPL, EQ, 22-Jan-2025,436.55,435.5,438.95,423.05,432.5,430.25,428.46,58303,249.81,4328, 25956, 44.52
PPLPHARMA, EQ, 22-Jan-2025,240.9,241.6,244.15,236.65,242.0,242.3,240.7,3339280,8037.72,52566, 989563, 29.63
PRAENG, EQ, 22-Jan-2025,27.84,27.9,28.79,27.15,28.1,27.74,27.94,81621,22.8,628, 67353, 82.52
PRAJIND, EQ, 22-Jan-2025,763.9,764.0,765.55,724.0,739.5,739.95,739.08,560905,4145.54,31159, 165702, 29.54
PRAKASH, EQ, 22-Jan-2025,172.63,173.09,173.47,165.1,172.5,172.33,168.62,672505,1133.96,12201, 327769, 48.74
PRAKASHSTL, EQ, 22-Jan-2025,7.94,7.92,8.11,7.76,7.9,7.87,7.87,246206,19.38,1114, 161172, 65.46
PRECAM, EQ, 22-Jan-2025,325.95,326.0,326.5,306.55,314.0,312.7,313.85,194476,610.37,5735, 83396, 42.88
PRECWIRE, EQ, 22-Jan-2025,166.09,165.3,165.3,157.51,159.49,159.74,159.88,192246,307.37,9731, 73627, 38.30
PREMEXPLN, EQ, 22-Jan-2025,482.75,472.0,484.0,446.3,454.65,453.0,456.8,101423,463.3,4657, 51169, 50.45
PREMIERENE, EQ, 22-Jan-2025,1176.05,1180.0,1180.0,1023.1,1035.0,1038.8,1064.66,3153329,33572.32,153972, 844468, 26.78
PRESTIGE, EQ, 22-Jan-2025,1388.9,1390.0,1391.95,1297.35,1318.75,1319.3,1317.19,2838088,37383.05,162416, 1619161, 57.05
PRICOLLTD, EQ, 22-Jan-2025,528.45,528.75,528.75,504.5,522.4,521.25,514.71,293138,1508.81,21067, 140636, 47.98
PRIMESECU, EQ, 22-Jan-2025,248.7,244.95,260.0,231.15,252.2,255.1,242.18,85781,207.74,3352, 28174, 32.84
PRINCEPIPE, EQ, 22-Jan-2025,393.5,394.0,399.35,384.0,391.2,393.35,392.21,186337,730.83,17417, 87013, 46.70
PRITI, EQ, 22-Jan-2025,131.23,133.56,133.56,127.61,129.1,128.26,129.48,12444,16.11,644, 8524, 68.50
PRITIKAUTO, EQ, 22-Jan-2025,23.88,24.0,24.38,23.0,23.3,23.28,23.46,193729,45.45,1630, 109171, 56.35
PRIVISCL, EQ, 22-Jan-2025,1812.2,1821.7,1824.9,1767.1,1806.0,1806.2,1803.13,21198,382.23,2291, 9981, 47.08
PRSMJOHNSN, EQ, 22-Jan-2025,147.42,147.6,148.24,141.51,143.0,143.11,143.46,242740,348.24,10796, 75756, 31.21
PRUDENT, EQ, 22-Jan-2025,2743.05,2743.05,2744.0,2645.0,2665.0,2681.15,2685.19,31191,837.54,13205, 17977, 57.64
PSB, EQ, 22-Jan-2025,48.53,49.25,49.25,46.71,47.4,47.46,47.44,967785,459.08,7969, 174630, 18.04
PSPPROJECT, EQ, 22-Jan-2025,636.95,635.1,679.3,625.05,649.0,653.95,652.04,164335,1071.53,14436, 78547, 47.80
PSUBANK, EQ, 22-Jan-2025,626.14,634.93,634.94,606.05,606.05,612.54,613.19,29593,181.46,662, 20588, 69.57
PSUBANKADD, EQ, 22-Jan-2025,63.21,62.8,62.82,61.39,62.57,62.52,62.1,6946,4.31,82, 3871, 55.73
PSUBNKBEES, EQ, 22-Jan-2025,70.07,71.05,71.05,68.06,69.27,69.3,69.16,7041212,4870.03,8177, 5936552, 84.31
PSUBNKIETF, EQ, 22-Jan-2025,63.73,63.76,63.76,61.9,63.1,63.03,62.82,222112,139.52,944, 74388, 33.49
PTC, EQ, 22-Jan-2025,144.54,144.54,148.9,142.1,148.0,148.29,145.2,2164323,3142.64,36241, 1160727, 53.63
PTCIL, EQ, 22-Jan-2025,15572.95,15326.0,15434.65,14794.3,14815.0,14905.8,14966.58,8830,1321.55,3721, 3961, 44.86
PTL, EQ, 22-Jan-2025,40.69,40.55,40.67,40.0,40.24,40.17,40.31,23622,9.52,369, 17863, 75.62
PUNJABCHEM, EQ, 22-Jan-2025,979.5,978.0,978.0,934.95,944.45,947.35,951.39,8872,84.41,1157, 6391, 72.04
PURVA, EQ, 22-Jan-2025,333.1,335.25,336.05,310.0,318.65,319.55,319.32,72623,231.9,4066, 36127, 49.75
PVP, EQ, 22-Jan-2025,28.98,29.7,29.7,28.07,28.56,28.7,28.61,300513,85.97,1940, 183736, 61.14
PVRINOX, EQ, 22-Jan-2025,1077.4,1074.95,1076.85,1051.55,1068.7,1068.7,1063.09,680552,7234.87,41222, 227569, 33.44
PVSL, EQ, 22-Jan-2025,149.61,145.61,151.09,145.02,148.0,147.0,146.94,78026,114.65,2556, 41977, 53.80
PVTBANIETF, EQ, 22-Jan-2025,24.0,24.0,24.17,23.81,24.15,24.08,23.93,2816576,674.13,1964, 1636872, 58.12
PVTBANKADD, EQ, 22-Jan-2025,24.1,24.37,24.58,23.94,24.12,24.2,24.07,102879,24.76,578, 98710, 95.95
PYRAMID, EQ, 22-Jan-2025,183.68,183.9,187.63,175.0,178.0,178.4,178.54,68800,122.83,3536, 31651, 46.00
QGOLDHALF, EQ, 22-Jan-2025,66.71,67.06,67.42,66.87,67.4,67.39,67.38,82913,55.87,287, 42096, 50.77
QNIFTY, EQ, 22-Jan-2025,2497.8,2497.99,2506.0,2488.0,2503.0,2503.06,2498.06,573,14.31,59, 534, 93.19
QUADFUTURE, EQ, 22-Jan-2025,544.1,552.0,552.0,485.3,507.25,513.7,511.09,2009120,10268.4,38334, 310949, 15.48
QUAL30IETF, EQ, 22-Jan-2025,20.49,20.54,20.55,20.28,20.45,20.46,20.35,251856,51.25,339, 200548, 79.63
QUESS, EQ, 22-Jan-2025,640.9,642.75,646.0,613.45,621.3,618.85,627.99,302868,1901.99,18470, 148016, 48.87
QUICKHEAL, EQ, 22-Jan-2025,541.45,541.25,541.25,506.2,515.0,513.6,517.86,87995,455.69,3939, 43735, 49.70
RACE, EQ, 22-Jan-2025,342.25,341.65,344.45,332.0,342.0,342.0,341.34,3727,12.72,534, 2163, 58.04
RACLGEAR, EQ, 22-Jan-2025,820.75,839.2,839.2,770.0,801.0,802.95,797.09,6590,52.53,1023, 3899, 59.17
RADHIKAJWE, EQ, 22-Jan-2025,115.22,118.9,118.99,109.75,114.8,113.97,113.87,1115036,1269.72,9487, 548490, 49.19
RADIANTCMS, EQ, 22-Jan-2025,73.15,73.9,73.9,72.51,73.0,72.98,72.98,105781,77.2,1807, 84002, 79.41
RADICO, EQ, 22-Jan-2025,2284.3,2284.75,2289.35,2162.25,2195.0,2211.15,2209.21,233782,5164.74,36151, 131580, 56.28
RADIOCITY, EQ, 22-Jan-2025,12.1,12.02,12.2,11.61,11.84,12.02,11.78,119326,14.05,892, 76115, 63.79
RAILTEL, EQ, 22-Jan-2025,401.25,406.75,409.8,382.4,392.0,391.0,391.52,2523108,9878.6,60800, 434977, 17.24
RAIN, EQ, 22-Jan-2025,155.64,155.99,156.89,149.4,152.5,152.3,151.58,2068604,3135.69,22109, 1012958, 48.97
RAINBOW, EQ, 22-Jan-2025,1443.15,1432.0,1437.2,1392.0,1394.35,1400.9,1407.94,127865,1800.27,16731, 91806, 71.80
RAJESHEXPO, EQ, 22-Jan-2025,206.34,207.0,207.35,200.0,201.99,201.82,202.71,570409,1156.29,13968, 303107, 53.14
RAJMET, EQ, 22-Jan-2025,8.28,8.33,8.42,8.05,8.12,8.15,8.12,301349,24.46,1986, 180945, 60.04
RAJRATAN, EQ, 22-Jan-2025,486.1,483.5,492.9,473.05,490.0,491.3,482.98,35425,171.1,2359, 16876, 47.64
RAJSREESUG, EQ, 22-Jan-2025,59.44,60.78,60.78,55.26,55.94,55.97,56.95,85414,48.64,2437, 48913, 57.27
RALLIS, EQ, 22-Jan-2025,257.0,259.0,259.65,247.5,250.25,250.55,251.3,527964,1326.77,22720, 239567, 45.38
RAMANEWS, EQ, 22-Jan-2025,16.51,16.52,16.87,16.25,16.51,16.59,16.45,17317,2.85,271, 10937, 63.16
RAMAPHO, EQ, 22-Jan-2025,206.13,202.6,204.85,200.65,201.2,201.8,202.5,11860,24.02,677, 8373, 70.60
RAMASTEEL, EQ, 22-Jan-2025,12.8,12.71,12.72,12.04,12.2,12.17,12.28,16165432,1985.63,22068, 3667024, 22.68
RAMCOCEM, EQ, 22-Jan-2025,871.05,883.6,883.6,853.6,870.9,868.9,870.2,658795,5732.84,28114, 320078, 48.59
RAMCOIND, EQ, 22-Jan-2025,254.85,253.6,256.0,247.1,251.85,250.45,251.03,127197,319.3,2996, 83934, 65.99
RAMCOSYS, EQ, 22-Jan-2025,383.95,380.95,383.85,365.15,381.55,382.1,376.65,42391,159.67,1564, 24327, 57.39
RAMKY, EQ, 22-Jan-2025,567.55,570.0,570.0,531.1,552.0,548.8,546.46,67720,370.06,2246, 42245, 62.38
RAMRAT, EQ, 22-Jan-2025,554.0,554.35,554.6,531.0,537.6,539.7,537.61,14999,80.64,1479, 9566, 63.78
RANASUG, EQ, 22-Jan-2025,18.36,18.37,18.62,17.5,17.7,17.81,17.75,152796,27.12,1167, 83820, 54.86
RANEENGINE, EQ, 22-Jan-2025,377.3,377.6,377.6,360.35,362.0,366.9,367.45,2649,9.73,438, 1378, 52.02
RANEHOLDIN, EQ, 22-Jan-2025,1552.35,1550.0,1597.85,1494.15,1577.0,1535.1,1521.45,13681,208.15,1530, 9439, 68.99
RATEGAIN, EQ, 22-Jan-2025,730.9,735.0,752.9,714.55,750.0,742.4,740.41,470391,3482.81,42354, 208992, 44.43
RATNAMANI, EQ, 22-Jan-2025,2951.75,2951.75,2966.45,2853.2,2920.0,2908.25,2896.09,14357,415.79,6029, 7259, 50.56
RATNAVEER, EQ, 22-Jan-2025,181.42,183.0,184.99,173.2,178.0,177.14,177.05,238330,421.96,4377, 118081, 49.55
RAYMOND, EQ, 22-Jan-2025,1578.2,1578.0,1591.0,1511.0,1525.5,1522.3,1530.47,208443,3190.15,28148, 67541, 32.40
RAYMONDLSL, EQ, 22-Jan-2025,1890.7,1892.0,1897.0,1765.0,1820.5,1817.8,1806.24,85703,1548.0,11672, 38060, 44.41
RBA, EQ, 22-Jan-2025,78.49,78.9,79.54,76.86,77.8,77.45,77.64,1487984,1155.32,16336, 741600, 49.84
RBL, EQ, 22-Jan-2025,854.8,854.8,856.45,820.75,826.15,827.75,832.1,5178,43.09,1103, 2934, 56.66
RBLBANK, EQ, 22-Jan-2025,158.27,158.8,158.97,150.98,154.69,155.06,154.1,8826934,13602.71,45913, 2435889, 27.60
RBZJEWEL, EQ, 22-Jan-2025,202.02,202.02,202.99,191.91,196.68,197.74,195.25,144076,281.31,3152, 68344, 47.44
RCF, EQ, 22-Jan-2025,169.71,169.5,169.89,162.6,166.74,166.58,165.52,2293906,3796.95,30098, 518901, 22.62
RECLTD, EQ, 22-Jan-2025,476.45,479.0,479.0,453.2,462.15,462.05,460.75,10288459,47404.12,98208, 5958238, 57.91
REDINGTON, EQ, 22-Jan-2025,218.94,220.0,230.9,216.65,217.6,218.51,224.59,31223172,70123.42,250912, 3765717, 12.06
REDTAPE, EQ, 22-Jan-2025,760.25,759.0,778.0,745.15,752.0,752.45,751.15,26488,198.96,3631, 11733, 44.30
RELAXO, EQ, 22-Jan-2025,574.6,574.6,575.05,555.5,565.0,566.2,563.18,71547,402.94,12655, 38196, 53.39
RELCHEMQ, EQ, 22-Jan-2025,198.19,199.1,199.95,195.02,199.95,197.45,196.89,3949,7.78,177, 2882, 72.98
RELIABLE, EQ, 22-Jan-2025,69.27,70.26,70.5,67.1,70.5,70.09,68.4,3142,2.15,236, 1925, 61.27
RELIANCE, EQ, 22-Jan-2025,1273.7,1278.3,1282.9,1268.7,1278.0,1277.1,1276.09,10273590,131100.04,239816, 6718929, 65.40
RELIGARE, EQ, 22-Jan-2025,263.1,262.9,263.6,250.5,253.95,253.55,255.58,1009165,2579.27,22853, 521132, 51.64
RELINFRA, EQ, 22-Jan-2025,276.55,283.9,283.9,268.25,273.95,274.4,274.32,1302429,3572.82,12598, 578452, 44.41
RELTD, EQ, 22-Jan-2025,121.43,126.0,126.0,115.35,117.75,117.03,118.01,73507,86.75,1402, 39786, 54.13
REMSONSIND, EQ, 22-Jan-2025,142.29,142.29,142.29,135.0,138.0,138.65,137.95,23661,32.64,821, 14346, 60.63
RENUKA, EQ, 22-Jan-2025,39.22,39.22,39.29,37.46,38.54,38.42,38.09,4579286,1744.2,23881, 1108069, 24.20
REPCOHOME, EQ, 22-Jan-2025,399.85,401.0,416.45,390.0,394.5,394.6,397.59,80188,318.82,8602, 35484, 44.25
REPRO, EQ, 22-Jan-2025,520.8,516.95,517.6,485.35,492.05,494.65,497.8,22529,112.15,2714, 14439, 64.09
RESPONIND, EQ, 22-Jan-2025,262.73,260.1,262.5,254.05,255.31,256.02,257.62,154934,399.14,3283, 89483, 57.76
RETAIL, EQ, 22-Jan-2025,37.13,37.04,38.05,36.72,37.2,37.2,37.47,11731,4.4,168, 10468, 89.23
RGL, EQ, 22-Jan-2025,194.98,196.9,196.9,185.0,189.3,189.91,188.57,603813,1138.6,6297, 315092, 52.18
RHIM, EQ, 22-Jan-2025,491.75,490.25,490.25,476.75,483.9,484.0,481.99,49391,238.06,6430, 21628, 43.79
RICOAUTO, EQ, 22-Jan-2025,88.69,88.47,88.68,86.4,87.99,87.95,87.5,248726,217.65,6067, 110467, 44.41
RIIL, EQ, 22-Jan-2025,1008.3,1013.0,1015.7,979.1,998.1,997.4,992.93,116482,1156.58,9385, 28018, 24.05
RISHABH, EQ, 22-Jan-2025,303.8,304.55,304.55,290.0,297.95,297.95,295.89,61698,182.56,2275, 23718, 38.44
RITCO, EQ, 22-Jan-2025,390.35,392.4,398.0,367.5,379.0,378.6,376.63,56718,213.62,2291, 23727, 41.83
RITES, EQ, 22-Jan-2025,266.55,267.8,268.8,259.3,264.1,264.0,261.91,1101047,2883.7,31012, 340955, 30.97
RKDL, EQ, 22-Jan-2025,27.83,28.82,28.82,26.45,27.25,26.91,27.27,14319,3.9,336, 10665, 74.48
RKEC, EQ, 22-Jan-2025,94.01,93.26,95.5,91.11,95.5,93.82,92.18,41177,37.96,753, 20618, 50.07
RKFORGE, EQ, 22-Jan-2025,936.0,930.0,938.45,875.0,894.85,896.1,896.92,470423,4219.34,27222, 143419, 30.49
RKSWAMY, EQ, 22-Jan-2025,255.65,253.0,258.7,249.05,252.7,254.6,251.73,40785,102.67,1692, 25133, 61.62
RML, EQ, 22-Jan-2025,775.45,775.45,775.45,740.95,755.0,760.65,754.87,8689,65.59,1214, 4577, 52.68
ROHLTD, EQ, 22-Jan-2025,350.2,350.2,350.7,335.0,339.95,341.7,341.4,30445,103.94,1836, 14977, 49.19
ROLEXRINGS, EQ, 22-Jan-2025,1771.85,1768.3,1772.95,1725.0,1735.2,1736.4,1746.6,8979,156.83,2111, 5115, 56.97
ROML, EQ, 22-Jan-2025,56.61,57.45,58.8,54.25,54.4,54.79,56.24,20400,11.47,470, 11587, 56.80
ROSSARI, EQ, 22-Jan-2025,802.4,778.25,785.0,754.3,759.0,758.3,765.34,146412,1120.54,19604, 46892, 32.03
ROSSTECH, EQ, 22-Jan-2025,453.9,448.3,450.25,425.1,437.3,444.25,438.58,22594,99.09,1359, 10458, 46.29
ROTO, EQ, 22-Jan-2025,288.85,287.0,288.95,270.7,282.8,279.05,278.59,144176,401.66,6752, 59183, 41.05
ROUTE, EQ, 22-Jan-2025,1297.65,1302.85,1306.55,1241.0,1254.95,1249.7,1263.99,77544,980.15,13012, 43556, 56.17
RPEL, EQ, 22-Jan-2025,624.3,626.35,637.65,617.2,633.0,628.2,627.01,47438,297.44,2829, 24741, 52.15
RPGLIFE, EQ, 22-Jan-2025,2150.65,2118.4,2144.2,2068.0,2071.0,2076.5,2080.19,6957,144.72,1371, 3919, 56.33
RPOWER, EQ, 22-Jan-2025,40.11,40.5,41.0,38.54,39.42,39.45,39.36,14973841,5894.16,47935, 7050583, 47.09
RPPL, EQ, 22-Jan-2025,38.12,38.11,38.12,35.3,36.3,35.77,36.8,83127,30.59,722, 66470, 79.96
RPSGVENT, EQ, 22-Jan-2025,982.1,993.0,993.0,940.0,969.8,965.6,959.38,55291,530.45,4512, 28212, 51.02
RPTECH, EQ, 22-Jan-2025,371.55,371.0,379.0,360.5,370.0,369.75,366.29,115717,423.86,2260, 67496, 58.33
RRKABEL, EQ, 22-Jan-2025,1293.3,1293.3,1299.35,1255.05,1270.0,1271.85,1268.09,39609,502.28,9418, 18566, 46.87
RSWM, EQ, 22-Jan-2025,176.02,176.4,176.41,164.42,170.48,169.73,169.25,79124,133.92,2226, 41599, 52.57
RSYSTEMS, EQ, 22-Jan-2025,445.7,443.75,445.05,431.15,445.0,440.85,437.59,67129,293.75,3286, 37415, 55.74
RTNINDIA, EQ, 22-Jan-2025,58.94,59.12,59.78,56.87,59.1,59.21,57.88,2512308,1454.14,18592, 399990, 15.92
RTNPOWER, EQ, 22-Jan-2025,12.55,12.6,13.55,11.91,12.84,12.76,12.72,34383680,4373.52,43949, 8460304, 24.61
RUBFILA, EQ, 22-Jan-2025,78.34,79.46,79.59,77.0,78.15,78.37,78.34,52908,41.45,561, 38058, 71.93
RUBYMILLS, EQ, 22-Jan-2025,226.0,225.1,225.2,214.95,225.2,221.95,218.72,30805,67.38,1876, 15078, 48.95
RUCHINFRA, EQ, 22-Jan-2025,11.57,11.88,11.88,11.01,11.29,11.23,11.26,29895,3.37,343, 20120, 67.30
RUCHIRA, EQ, 22-Jan-2025,123.29,124.5,124.5,116.6,120.9,120.2,119.57,48641,58.16,1442, 31388, 64.53
RUPA, EQ, 22-Jan-2025,233.34,233.0,234.99,224.25,233.5,232.45,229.8,96858,222.58,3575, 47331, 48.87
RUSHIL, EQ, 22-Jan-2025,30.24,30.5,30.61,29.2,29.77,29.67,29.68,357183,106.01,2350, 203212, 56.89
RUSTOMJEE, EQ, 22-Jan-2025,632.1,626.4,634.8,606.0,630.0,624.6,615.95,23203,142.92,5806, 12055, 51.95
RVNL, EQ, 22-Jan-2025,419.2,420.5,423.0,398.65,409.75,408.0,406.64,5563380,22623.03,118917, 1238277, 22.26
S&SPOWER, EQ, 22-Jan-2025,397.25,417.0,417.1,412.05,417.1,417.1,417.08,11615,48.44,172, 11461, 98.67
SADBHAV, EQ, 22-Jan-2025,21.08,21.2,21.21,19.3,19.93,19.9,19.98,996036,199.0,2877, 569308, 57.16
SADBHIN, EQ, 22-Jan-2025,6.11,6.26,6.26,5.91,6.08,6.04,6.03,85801,5.17,390, 58300, 67.95
SADHNANIQ, EQ, 22-Jan-2025,38.35,38.55,38.55,36.25,36.98,37.03,37.37,315525,117.92,3133, 162057, 51.36
SAFARI, EQ, 22-Jan-2025,2356.35,2340.7,2355.95,2267.45,2296.0,2314.5,2317.1,119429,2767.29,9508, 102323, 85.68
SAGARDEEP, EQ, 22-Jan-2025,33.28,32.26,33.25,31.61,32.49,31.93,32.1,73473,23.58,809, 48720, 66.31
SAGCEM, EQ, 22-Jan-2025,215.47,213.15,215.69,207.0,209.0,210.28,210.81,41322,87.11,1829, 24011, 58.11
SAHYADRI, EQ, 22-Jan-2025,308.3,307.55,314.85,301.55,310.95,309.25,309.22,5079,15.71,449, 2710, 53.36
SAIL, EQ, 22-Jan-2025,109.88,109.51,110.4,104.77,107.15,107.1,106.76,12682214,13539.74,56200, 2696203, 21.26
SAILIFE, EQ, 22-Jan-2025,712.65,712.95,717.65,682.55,694.85,692.2,693.01,475704,3296.69,22687, 212340, 44.64
SAKAR, EQ, 22-Jan-2025,291.95,291.5,299.45,289.55,295.0,294.5,291.52,12250,35.71,248, 11099, 90.60
SAKHTISUG, EQ, 22-Jan-2025,30.12,30.7,30.7,28.51,29.01,29.09,29.17,109796,32.03,1214, 50356, 45.86
SAKSOFT, EQ, 22-Jan-2025,201.14,203.7,203.7,195.19,198.48,197.42,197.7,81428,160.98,3654, 41940, 51.51
SALASAR, EQ, 22-Jan-2025,13.12,13.16,13.17,12.48,12.86,12.78,12.7,6746474,857.12,9762, 1795141, 26.61
SALONA, EQ, 22-Jan-2025,272.3,272.35,272.35,270.0,270.0,270.0,270.56,174,0.47,11, 166, 95.40
SALSTEEL, EQ, 22-Jan-2025,21.06,21.06,21.96,19.8,21.35,21.13,20.98,58995,12.38,503, 34299, 58.14
SALZERELEC, EQ, 22-Jan-2025,1455.25,1470.0,1510.0,1387.15,1428.9,1429.1,1442.69,203771,2939.78,16119, 68308, 33.52
SAMHI, EQ, 22-Jan-2025,195.2,195.2,196.99,190.01,192.2,193.43,192.65,2049273,3947.94,37211, 1385647, 67.62
SAMMAANCAP, EQ, 22-Jan-2025,160.91,162.52,163.9,158.57,161.29,161.71,161.32,10655660,17189.43,59343, 5786044, 54.30
SANATHAN, EQ, 22-Jan-2025,355.15,358.6,358.6,339.0,346.15,346.6,344.08,240862,828.76,17672, 150236, 62.37
SANDESH, EQ, 22-Jan-2025,1559.15,1564.8,1580.0,1542.1,1580.0,1562.4,1551.02,1163,18.04,174, 937, 80.57
SANDHAR, EQ, 22-Jan-2025,458.65,455.2,464.0,443.35,455.25,451.75,450.0,62466,281.1,5930, 31467, 50.37
SANDUMA, EQ, 22-Jan-2025,390.55,389.95,394.0,376.0,392.35,390.55,382.9,77910,298.32,5043, 39258, 50.39
SANGAMIND, EQ, 22-Jan-2025,421.15,414.85,422.15,401.6,415.0,413.45,411.3,18142,74.62,1224, 7946, 43.80
SANGHIIND, EQ, 22-Jan-2025,60.15,60.2,60.92,59.41,60.2,60.56,60.15,290136,174.52,1198, 123815, 42.67
SANGHVIMOV, EQ, 22-Jan-2025,283.8,283.5,283.85,267.65,272.0,272.5,273.25,400032,1093.09,23363, 216526, 54.13
SANGINITA, EQ, 22-Jan-2025,14.29,14.3,14.47,13.98,14.14,14.16,14.12,19830,2.8,228, 17162, 86.55
SANOFI, EQ, 22-Jan-2025,5394.65,5400.0,5426.4,5362.4,5400.9,5394.9,5393.67,10997,593.14,4809, 5541, 50.39
SANOFICONR, EQ, 22-Jan-2025,4833.05,4834.25,4843.6,4810.0,4834.5,4823.4,4825.57,4401,212.37,1291, 2686, 61.03
SANSERA, EQ, 22-Jan-2025,1283.65,1283.65,1302.95,1241.65,1274.9,1259.05,1261.06,125410,1581.49,20996, 70109, 55.90
SANSTAR, EQ, 22-Jan-2025,113.29,114.0,114.93,109.6,111.99,111.26,111.41,301837,336.26,5271, 138404, 45.85
SAPPHIRE, EQ, 22-Jan-2025,312.15,312.2,319.85,307.8,311.25,310.2,311.65,718453,2239.05,34282, 519313, 72.28
SARDAEN, EQ, 22-Jan-2025,437.35,437.0,443.6,426.3,441.9,440.35,434.1,317207,1377.0,29536, 149529, 47.14
SAREGAMA, EQ, 22-Jan-2025,537.3,536.6,538.15,516.05,530.3,529.75,526.55,304886,1605.38,27384, 63418, 20.80
SARVESHWAR, EQ, 22-Jan-2025,8.4,8.36,8.44,8.02,8.17,8.14,8.15,2781279,226.8,6249, 1222480, 43.95
SASKEN, EQ, 22-Jan-2025,1976.7,1970.0,2078.8,1958.7,2056.0,2062.05,2011.58,15697,315.76,3278, 8437, 53.75
SASTASUNDR, EQ, 22-Jan-2025,287.95,285.35,293.0,283.8,288.5,290.05,288.58,15579,44.96,701, 11549, 74.13
SATIA, EQ, 22-Jan-2025,91.21,91.7,91.7,88.75,90.64,89.81,89.77,100656,90.36,1960, 53603, 53.25
SATIN, EQ, 22-Jan-2025,149.36,150.9,150.9,146.0,147.8,147.82,146.84,138940,204.02,4216, 86427, 62.20
SATINDLTD, EQ, 22-Jan-2025,112.36,113.1,115.12,106.0,108.4,108.48,108.65,431239,468.56,5568, 195413, 45.31
SAURASHCEM, EQ, 22-Jan-2025,105.26,106.85,106.85,102.99,103.1,103.78,104.06,36120,37.59,1117, 18334, 50.76
SBC, EQ, 22-Jan-2025,24.34,24.34,24.35,22.56,22.75,22.85,23.14,4014784,928.92,9001, 1576768, 39.27
SBCL, EQ, 22-Jan-2025,514.65,515.25,523.25,509.0,520.0,520.3,515.65,93458,481.92,8416, 47183, 50.49
SBFC, EQ, 22-Jan-2025,89.17,90.0,90.9,86.9,90.11,89.73,88.47,1180068,1044.04,15957, 504751, 42.77
SBGLP, EQ, 22-Jan-2025,120.77,119.75,122.0,117.91,120.5,119.89,119.14,313019,372.92,2333, 164237, 52.47
SBICARD, EQ, 22-Jan-2025,762.6,762.6,764.2,746.3,757.0,756.55,754.44,1183516,8928.89,62989, 609916, 51.53
SBIETFCON, EQ, 22-Jan-2025,111.05,111.06,111.1,110.1,110.4,110.62,110.6,4903,5.42,160, 2582, 52.66
SBIETFIT, EQ, 22-Jan-2025,450.34,450.01,459.48,449.77,459.45,458.4,455.64,5716,26.04,143, 3041, 53.20
SBIETFPB, EQ, 22-Jan-2025,242.54,248.7,248.7,240.32,248.65,245.2,242.63,4456,10.81,107, 3410, 76.53
SBIETFQLTY, EQ, 22-Jan-2025,215.58,215.0,215.31,213.28,215.31,215.16,214.5,1285,2.76,90, 1110, 86.38
SBILIFE, EQ, 22-Jan-2025,1466.55,1466.1,1470.75,1450.05,1464.95,1460.05,1459.69,631080,9211.78,42870, 316907, 50.22
SBIN, EQ, 22-Jan-2025,759.05,762.0,763.0,738.0,753.45,753.45,749.23,9908339,74235.85,233659, 3473841, 35.06
SBINEQWETF, EQ, 22-Jan-2025,29.01,29.01,30.3,28.35,29.12,29.43,28.86,27913,8.06,268, 20874, 74.78
SBISILVER, EQ, 22-Jan-2025,89.79,90.05,90.9,90.05,90.6,90.6,90.67,23208,21.04,210, 21561, 92.90
SCHAEFFLER, EQ, 22-Jan-2025,3261.95,3269.75,3297.0,3207.0,3275.0,3264.6,3234.43,73776,2386.23,11696, 59932, 81.24
SCHAND, EQ, 22-Jan-2025,209.66,209.76,209.76,195.91,202.06,201.94,201.9,33705,68.05,1761, 22879, 67.88
SCHNEIDER, EQ, 22-Jan-2025,727.8,732.0,739.25,691.0,711.0,712.15,708.29,202950,1437.48,17332, 67746, 33.38
SCI, EQ, 22-Jan-2025,201.68,199.5,200.5,193.07,197.3,197.36,196.21,1442569,2830.43,27309, 530257, 36.76
SCILAL, EQ, 22-Jan-2025,59.75,59.98,60.32,57.65,58.63,58.63,58.66,565364,331.64,8721, 238832, 42.24
SCPL, EQ, 22-Jan-2025,327.8,330.0,337.0,322.3,325.0,326.1,328.32,7282,23.91,677, 4100, 56.30
SDBL, EQ, 22-Jan-2025,109.55,110.0,113.03,105.6,108.0,107.72,107.55,593058,637.82,10643, 252731, 42.61
SDL26BEES, EQ, 22-Jan-2025,126.68,127.01,127.17,126.02,127.0,126.94,126.65,13831,17.52,107, 12182, 88.08
SEAMECLTD, EQ, 22-Jan-2025,1045.8,1036.3,1055.0,1010.0,1050.0,1032.0,1025.56,7694,78.91,1235, 4232, 55.00
SECMARK, EQ, 22-Jan-2025,107.09,104.96,110.8,104.96,106.0,106.21,107.09,4420,4.73,103, 2400, 54.30
SECURKLOUD, EQ, 22-Jan-2025,32.58,32.99,32.99,31.0,31.0,31.3,31.69,12898,4.09,778, 8862, 68.71
SELAN, EQ, 22-Jan-2025,777.95,781.85,794.95,759.6,773.5,777.05,767.71,35293,270.95,2261, 17439, 49.41
SELMC, EQ, 22-Jan-2025,35.63,37.38,37.38,35.21,35.4,36.08,36.22,72394,26.22,1396, 20075, 27.73
SENCO, EQ, 22-Jan-2025,993.9,984.25,989.35,929.75,934.0,935.5,946.69,523732,4958.11,53389, 284867, 54.39
SENORES, EQ, 22-Jan-2025,510.15,510.0,512.75,490.05,500.0,498.5,498.82,287355,1433.39,15949, 100383, 34.93
SENSEXADD, EQ, 22-Jan-2025,76.96,76.97,77.59,76.68,77.52,77.39,77.5,1270,0.98,40, 1243, 97.87
SENSEXETF, EQ, 22-Jan-2025,76.98,77.16,77.54,76.81,77.53,77.49,77.13,9398,7.25,166, 7261, 77.26
SENSEXIETF, EQ, 22-Jan-2025,860.68,861.9,864.0,854.0,864.0,862.31,859.38,12028,103.37,369, 6338, 52.69
SEPC, EQ, 22-Jan-2025,18.73,18.82,18.9,17.85,18.25,18.22,18.23,6669977,1215.65,9647, 2866098, 42.97
SEQUENT, EQ, 22-Jan-2025,177.11,177.55,184.0,172.55,178.0,177.36,179.49,681657,1223.53,8852, 209255, 30.70
SERVOTECH, EQ, 22-Jan-2025,156.04,160.0,162.4,149.7,154.28,153.91,154.74,899738,1392.29,12250, 358556, 39.85
SESHAPAPER, EQ, 22-Jan-2025,284.3,285.25,285.25,277.0,277.0,279.3,280.41,15536,43.56,729, 12480, 80.33
SETF10GILT, EQ, 22-Jan-2025,243.67,245.0,245.0,243.67,244.98,244.57,244.17,15796,38.57,54, 13860, 87.74
SETFGOLD, EQ, 22-Jan-2025,69.11,69.2,69.84,69.2,69.7,69.73,69.61,1981122,1378.98,3552, 1290087, 65.12
SETFNIF50, EQ, 22-Jan-2025,243.75,245.06,245.08,243.13,245.05,244.89,244.18,1278143,3120.92,4106, 982018, 76.83
SETFNIFBK, EQ, 22-Jan-2025,494.91,494.51,497.29,490.0,495.1,495.91,492.4,126582,623.29,916, 88090, 69.59
SETFNN50, EQ, 22-Jan-2025,673.38,673.38,674.5,655.02,663.99,664.15,661.09,65015,429.81,3110, 48475, 74.56
SFL, EQ, 22-Jan-2025,919.3,923.9,923.9,896.0,916.0,914.6,907.35,74742,678.17,8477, 41128, 55.03
SGL, EQ, 22-Jan-2025,16.82,17.44,17.44,15.51,16.4,16.07,16.24,20107,3.26,185, 15043, 74.81
SGLTL, EQ, 22-Jan-2025,174.57,175.71,176.69,163.01,171.0,170.86,169.21,5673369,9599.8,66042, 1185599, 20.90
SHAH, EQ, 22-Jan-2025,4.02,4.09,4.12,3.81,3.88,3.89,3.91,1393331,54.52,2199, 583413, 41.87
SHALBY, EQ, 22-Jan-2025,228.12,227.64,228.12,223.11,224.1,225.58,225.37,29909,67.41,1254, 18599, 62.19
SHALPAINTS, EQ, 22-Jan-2025,129.08,129.72,135.12,126.81,132.2,133.24,130.06,183721,238.95,2287, 109627, 59.67
SHANKARA, EQ, 22-Jan-2025,620.65,616.2,621.65,607.0,613.75,612.95,613.02,24171,148.17,1665, 15757, 65.19
SHANTI, EQ, 22-Jan-2025,16.42,16.41,16.77,16.05,16.2,16.12,16.29,68468,11.15,195, 54901, 80.18
SHANTIGEAR, EQ, 22-Jan-2025,467.0,472.15,472.15,456.3,463.55,461.65,461.29,13986,64.52,1730, 8048, 57.54
SHARDACROP, EQ, 22-Jan-2025,641.55,643.55,646.9,597.15,615.0,619.9,617.92,305452,1887.46,27728, 122215, 40.01
SHARDAMOTR, EQ, 22-Jan-2025,1722.6,1707.0,1729.45,1649.0,1670.0,1669.3,1676.83,21471,360.03,4424, 12974, 60.43
SHAREINDIA, EQ, 22-Jan-2025,266.0,267.0,271.3,262.15,268.75,270.5,266.67,903596,2409.58,16714, 290657, 32.17
SHARIABEES, EQ, 22-Jan-2025,521.22,521.22,524.15,516.73,524.15,523.74,520.52,2302,11.98,258, 1536, 66.72
SHEMAROO, EQ, 22-Jan-2025,146.89,149.89,149.89,143.5,145.0,145.47,146.03,16628,24.28,1256, 11150, 67.06
SHILPAMED, EQ, 22-Jan-2025,799.4,809.9,809.9,782.75,805.0,801.15,795.01,207498,1649.64,24742, 76701, 36.96
SHIVALIK, EQ, 22-Jan-2025,775.2,775.25,780.0,742.05,772.0,767.6,760.74,38874,295.73,3561, 16168, 41.59
SHIVAMAUTO, EQ, 22-Jan-2025,41.4,40.8,42.5,39.01,40.4,40.26,40.24,161795,65.1,2022, 53591, 33.12
SHIVAMILLS, EQ, 22-Jan-2025,95.3,98.0,98.0,94.03,94.25,94.3,95.42,13361,12.75,537, 6520, 48.80
SHIVATEX, EQ, 22-Jan-2025,257.11,245.1,245.1,222.5,223.1,225.86,229.87,125905,289.42,4324, 40427, 32.11
SHK, EQ, 22-Jan-2025,215.83,218.0,218.23,204.99,212.0,209.9,209.46,498963,1045.12,15160, 213318, 42.75
SHOPERSTOP, EQ, 22-Jan-2025,620.75,615.0,622.15,597.15,606.25,608.75,610.28,67280,410.6,4036, 22951, 34.11
SHREDIGCEM, EQ, 22-Jan-2025,78.94,79.8,79.8,76.7,78.3,78.19,77.6,177894,138.05,4176, 100037, 56.23
SHREECEM, EQ, 22-Jan-2025,25086.75,25105.1,25428.0,25025.4,25312.15,25292.55,25266.38,27398,6922.48,9499, 15509, 56.61
SHREEPUSHK, EQ, 22-Jan-2025,300.0,300.05,302.6,283.05,290.0,289.45,292.01,31729,92.65,2730, 14511, 45.73
SHRENIK, EQ, 22-Jan-2025,0.73,0.74,0.75,0.73,0.74,0.73,0.73,826951,6.07,786, 481994, 58.29
SHREYANIND, EQ, 22-Jan-2025,220.8,223.8,223.8,217.98,220.0,220.09,219.84,3424,7.53,192, 1755, 51.26
SHRIPISTON, EQ, 22-Jan-2025,1927.0,1937.1,1982.0,1910.0,1982.0,1958.35,1941.23,42595,826.87,7164, 25517, 59.91
SHRIRAMFIN, EQ, 22-Jan-2025,520.3,520.35,528.35,513.05,522.3,518.65,519.18,5895189,30606.37,151000, 2959602, 50.20
SHRIRAMPPS, EQ, 22-Jan-2025,97.12,98.6,98.6,93.49,96.01,95.76,95.39,924519,881.88,10457, 508387, 54.99
SHYAMCENT, EQ, 22-Jan-2025,12.07,12.39,12.39,12.0,12.15,12.12,12.12,96824,11.73,428, 78710, 81.29
SHYAMMETL, EQ, 22-Jan-2025,818.15,825.05,827.0,782.65,801.8,800.95,798.25,405197,3234.47,23412, 192091, 47.41
SIEMENS, EQ, 22-Jan-2025,5923.6,5959.9,5979.85,5780.0,5866.0,5856.45,5852.65,237139,13878.92,48215, 116138, 48.97
SIGACHI, EQ, 22-Jan-2025,50.56,50.6,50.84,48.37,48.8,48.67,49.3,1050087,517.7,6518, 481718, 45.87
SIGIND, EQ, 22-Jan-2025,66.01,66.05,66.22,63.21,64.15,64.31,64.87,13370,8.67,528, 8386, 62.72
SIGMA, EQ, 22-Jan-2025,322.35,319.4,354.9,311.0,325.8,333.0,334.89,102635,343.72,8093, 10825, 10.55
SIGNATURE, EQ, 22-Jan-2025,1100.8,1103.0,1105.0,1052.0,1091.9,1073.7,1071.97,652149,6990.82,21604, 124614, 19.11
SIKKO, EQ, 22-Jan-2025,98.92,99.5,112.5,98.3,101.0,100.88,105.39,574548,605.52,7213, 123517, 21.50
SIL, EQ, 22-Jan-2025,26.1,26.06,26.44,25.23,25.6,25.41,25.67,18166,4.66,524, 12532, 68.99
SILGO, EQ, 22-Jan-2025,34.1,34.78,34.78,32.52,32.61,32.86,33.04,101930,33.68,1337, 57110, 56.03
SILLYMONKS, EQ, 22-Jan-2025,23.49,22.91,23.29,22.58,22.58,22.86,22.91,6188,1.42,47, 3767, 60.88
SILVER, EQ, 22-Jan-2025,91.4,92.17,92.65,91.7,92.35,92.43,92.26,192180,177.31,860, 153078, 79.65
SILVER1, EQ, 22-Jan-2025,89.17,89.18,89.9,89.18,89.56,89.86,89.79,47096,42.29,419, 43681, 92.75
SILVERADD, EQ, 22-Jan-2025,88.17,88.81,89.21,88.6,89.08,88.92,88.85,47839,42.51,133, 27319, 57.11
SILVERBEES, EQ, 22-Jan-2025,87.81,88.22,88.75,88.21,88.69,88.61,88.56,4199983,3719.61,10891, 3375675, 80.37
SILVERETF, EQ, 22-Jan-2025,89.03,89.97,89.97,89.13,89.85,89.79,89.71,70748,63.47,576, 54842, 77.52
SILVERIETF, EQ, 22-Jan-2025,91.27,92.0,92.38,91.75,92.0,92.08,91.99,658931,606.15,2195, 467763, 70.99
SILVERTUC, EQ, 22-Jan-2025,662.85,666.3,666.3,655.0,659.9,658.7,658.0,9663,63.58,540, 1344, 13.91
SILVRETF, EQ, 22-Jan-2025,89.67,90.49,90.49,89.72,89.85,90.04,90.07,9347,8.42,127, 8352, 89.35
SINCLAIR, EQ, 22-Jan-2025,104.94,105.8,107.9,103.01,103.67,104.01,104.12,58634,61.05,1755, 34188, 58.31
SINDHUTRAD, EQ, 22-Jan-2025,20.45,20.6,20.68,19.51,19.82,19.91,19.92,2322175,462.62,4124, 988664, 42.57
SINTERCOM, EQ, 22-Jan-2025,154.11,156.06,156.49,139.02,147.0,146.3,148.87,65961,98.19,1103, 57259, 86.81
SIRCA, EQ, 22-Jan-2025,313.9,312.7,318.7,308.05,315.0,313.6,313.69,108222,339.49,2770, 49862, 46.07
SIS, EQ, 22-Jan-2025,330.4,329.6,334.9,325.3,334.0,333.95,331.45,42527,140.96,2634, 26217, 61.65
SIYSIL, EQ, 22-Jan-2025,916.85,923.95,960.0,863.0,944.25,935.0,893.15,253826,2267.05,14673, 101469, 39.98
SJS, EQ, 22-Jan-2025,988.6,988.6,1008.0,971.8,1003.5,1003.8,998.14,82123,819.7,9936, 41149, 50.11
SJVN, EQ, 22-Jan-2025,98.9,98.7,99.0,94.0,95.8,95.73,95.65,8542598,8171.06,50584, 2409136, 28.20
SKFINDIA, EQ, 22-Jan-2025,4194.85,4196.25,4234.9,4160.0,4168.0,4171.35,4185.54,20727,867.54,5046, 13108, 63.24
SKIPPER, EQ, 22-Jan-2025,478.9,478.9,478.9,452.0,463.85,465.45,460.88,578917,2668.13,42751, 206288, 35.63
SKMEGGPROD, EQ, 22-Jan-2025,226.45,226.25,227.15,220.0,222.35,222.6,222.52,35158,78.24,1595, 16001, 45.51
SMALLCAP, EQ, 22-Jan-2025,46.06,46.16,46.39,44.61,45.2,45.21,45.09,1889848,852.22,6800, 1010344, 53.46
SMCGLOBAL, EQ, 22-Jan-2025,127.32,126.35,129.49,122.5,125.3,124.79,125.14,61823,77.36,1579, 32020, 51.79
SMLISUZU, EQ, 22-Jan-2025,1402.8,1403.0,1472.95,1347.95,1454.0,1437.15,1400.48,24630,344.94,2782, 11507, 46.72
SMLT, EQ, 22-Jan-2025,164.73,168.8,174.9,161.6,169.25,169.28,170.33,58053,98.88,1893, 32533, 56.04
SMSPHARMA, EQ, 22-Jan-2025,217.95,217.52,220.0,208.0,209.4,210.48,211.46,88057,186.2,2949, 43009, 48.84
SNOWMAN, EQ, 22-Jan-2025,64.23,64.23,64.69,62.33,63.0,63.09,63.04,181413,114.36,2928, 100366, 55.32
SOBHA, EQ, 22-Jan-2025,1282.5,1314.0,1314.0,1202.0,1218.0,1221.1,1229.4,399842,4915.68,43653, 211166, 52.81
SOLARA, EQ, 22-Jan-2025,674.05,667.9,677.0,639.0,655.5,659.1,652.2,63077,411.39,5320, 32629, 51.73
SOLARINDS, EQ, 22-Jan-2025,9581.85,9604.0,9656.95,9080.0,9320.0,9300.55,9273.51,52019,4823.99,17558, 22541, 43.33
SOMANYCERA, EQ, 22-Jan-2025,570.05,570.05,572.3,535.25,543.8,543.55,549.0,31331,172.01,3439, 19771, 63.10
SOMICONVEY, EQ, 22-Jan-2025,192.61,190.0,198.21,188.0,195.5,194.35,194.54,20995,40.84,1581, 10902, 51.93
SONACOMS, EQ, 22-Jan-2025,556.4,555.1,557.05,528.65,534.7,531.35,535.17,3786430,20263.67,75426, 2436752, 64.35
SONATSOFTW, EQ, 22-Jan-2025,560.95,560.0,562.8,545.0,557.95,556.65,552.31,260100,1436.57,27196, 126501, 48.64
SOTL, EQ, 22-Jan-2025,523.9,523.9,523.9,496.8,502.4,507.1,506.61,31209,158.11,2594, 16557, 53.05
SOUTHBANK, EQ, 22-Jan-2025,25.8,26.0,27.0,25.76,26.71,26.79,26.6,43695022,11622.91,70861, 12721289, 29.11
SOUTHWEST, EQ, 22-Jan-2025,136.09,137.05,137.05,131.0,136.0,134.33,132.4,42911,56.81,1453, 24303, 56.64
SPAL, EQ, 22-Jan-2025,881.15,886.85,892.85,852.0,868.75,864.7,868.89,14452,125.57,2741, 5586, 38.65
SPANDANA, EQ, 22-Jan-2025,366.7,371.0,374.8,351.05,357.0,358.95,356.67,1192941,4254.86,21781, 482656, 40.46
SPARC, EQ, 22-Jan-2025,177.01,177.5,178.87,173.15,175.25,175.23,174.97,374805,655.78,10643, 169889, 45.33
SPECIALITY, EQ, 22-Jan-2025,139.28,138.7,140.0,138.12,139.55,139.39,139.24,15623,21.75,467, 9271, 59.34
SPENCERS, EQ, 22-Jan-2025,82.74,82.84,86.4,81.46,83.0,83.1,83.57,279992,234.0,3416, 84489, 30.18
SPIC, EQ, 22-Jan-2025,77.32,77.4,77.6,74.74,76.51,76.95,76.32,448337,342.17,6737, 200003, 44.61
SPLIL, EQ, 22-Jan-2025,55.35,55.87,56.89,55.11,55.51,56.02,55.93,22893,12.8,582, 9736, 42.53
SPLPETRO, EQ, 22-Jan-2025,640.05,638.5,649.6,612.2,618.4,618.5,625.59,84019,525.62,5510, 51817, 61.67
SPORTKING, EQ, 22-Jan-2025,101.21,101.21,104.0,97.03,102.0,102.04,99.98,119809,119.78,3189, 66499, 55.50
SREEL, EQ, 22-Jan-2025,245.4,245.45,246.3,242.0,242.0,242.3,243.61,7233,17.62,253, 5768, 79.75
SRF, EQ, 22-Jan-2025,2575.15,2570.0,2587.2,2487.0,2515.7,2523.15,2514.86,486965,12246.49,40541, 258909, 53.17
SRGHFL, EQ, 22-Jan-2025,361.25,362.9,370.0,361.75,369.0,365.0,365.6,5012,18.32,167, 4603, 91.84
SRHHYPOLTD, EQ, 22-Jan-2025,677.05,682.4,684.9,656.05,669.0,663.6,667.33,23142,154.43,2624, 12256, 52.96
SSDL, EQ, 22-Jan-2025,126.33,127.26,127.26,119.21,121.89,121.8,121.78,47331,57.64,1571, 27235, 57.54
SSWL, EQ, 22-Jan-2025,194.6,194.6,195.64,187.8,192.45,191.15,190.83,145936,278.49,9219, 67028, 45.93
STANLEY, EQ, 22-Jan-2025,364.25,366.55,366.55,343.65,357.85,354.7,352.67,82190,289.86,10140, 37222, 45.29
STAR, EQ, 22-Jan-2025,570.6,570.6,588.0,549.0,579.7,581.3,565.52,1660225,9388.87,38724, 1252482, 75.44
STARCEMENT, EQ, 22-Jan-2025,214.87,214.89,233.8,212.5,227.55,229.77,223.84,5287908,11836.32,75473, 1026036, 19.40
STARHEALTH, EQ, 22-Jan-2025,463.25,465.7,466.65,454.0,462.5,459.45,458.24,487465,2233.75,27045, 244580, 50.17
STARPAPER, EQ, 22-Jan-2025,202.92,203.0,203.97,199.0,203.0,201.7,200.41,18101,36.28,397, 15568, 86.01
STARTECK, EQ, 22-Jan-2025,287.45,279.8,290.35,279.05,281.0,282.6,283.66,9525,27.02,557, 911, 9.56
STCINDIA, EQ, 22-Jan-2025,148.19,149.54,149.65,142.0,144.05,144.21,144.64,43830,63.39,2038, 18441, 42.07
STEELCAS, EQ, 22-Jan-2025,881.95,878.0,879.95,849.1,860.0,861.8,861.5,6026,51.91,1163, 3158, 52.41
STEELCITY, EQ, 22-Jan-2025,103.15,102.5,104.19,100.5,102.5,103.04,102.48,17693,18.13,581, 10413, 58.85
STEELXIND, EQ, 22-Jan-2025,9.97,9.99,10.05,9.6,9.95,9.92,9.84,1240332,122.09,2996, 677725, 54.64
STEL, EQ, 22-Jan-2025,397.7,399.8,407.65,377.0,387.05,389.75,388.22,4789,18.59,517, 3056, 63.81
STERTOOLS, EQ, 22-Jan-2025,511.45,515.1,521.85,491.45,497.9,495.5,500.41,103071,515.78,4941, 45373, 44.02
STLTECH, EQ, 22-Jan-2025,108.78,110.0,110.64,107.75,108.85,108.83,109.03,1101121,1200.54,21464, 534214, 48.52
STOVEKRAFT, EQ, 22-Jan-2025,873.55,886.65,886.65,837.2,850.0,847.25,848.73,160547,1362.61,17129, 49584, 30.88
STYLAMIND, EQ, 22-Jan-2025,2080.05,2100.0,2100.0,1985.1,2022.0,2027.35,2020.88,9536,192.71,3402, 4727, 49.57
STYLEBAAZA, EQ, 22-Jan-2025,311.45,311.0,319.75,295.0,319.0,316.65,308.69,242029,747.12,11517, 111984, 46.27
STYRENIX, EQ, 22-Jan-2025,2696.65,2695.0,2699.95,2555.55,2672.05,2661.3,2630.37,42645,1121.72,10935, 24486, 57.42
SUBEXLTD, EQ, 22-Jan-2025,20.35,20.42,20.66,19.66,20.06,20.05,20.02,3064302,613.35,6640, 1548864, 50.55
SUBROS, EQ, 22-Jan-2025,626.2,626.2,631.5,612.25,625.0,620.9,622.17,27171,169.05,1759, 15005, 55.22
SUDARSCHEM, EQ, 22-Jan-2025,1120.0,1120.0,1120.8,1091.7,1113.0,1112.45,1105.65,75796,838.04,8249, 40413, 53.32
SUKHJITS, EQ, 22-Jan-2025,253.4,254.75,256.0,244.3,245.0,247.2,250.66,3464,8.68,359, 1856, 53.58
SULA, EQ, 22-Jan-2025,375.15,378.6,378.6,370.2,373.35,372.65,373.06,156466,583.71,9335, 83583, 53.42
SUMICHEM, EQ, 22-Jan-2025,491.2,492.65,493.05,475.1,478.0,478.25,479.91,317190,1522.24,25360, 187147, 59.00
SUMMITSEC, EQ, 22-Jan-2025,2457.65,2460.0,2491.95,2320.05,2390.0,2370.75,2385.41,21849,521.19,3704, 10479, 47.96
SUNCLAY, EQ, 22-Jan-2025,2543.65,2558.1,2594.95,2340.0,2345.0,2355.55,2429.12,26761,650.06,4020, 19373, 72.39
SUNDARAM, EQ, 22-Jan-2025,2.35,2.37,2.37,2.3,2.3,2.31,2.32,300040,6.97,696, 218933, 72.97
SUNDARMFIN, EQ, 22-Jan-2025,4599.65,4602.9,4717.5,4462.55,4492.0,4499.35,4533.29,81935,3714.35,20272, 22615, 27.60
SUNDARMHLD, EQ, 22-Jan-2025,288.55,287.95,292.85,283.65,289.0,289.6,287.78,75365,216.89,3900, 39793, 52.80
SUNDRMFAST, EQ, 22-Jan-2025,1067.75,1070.0,1079.95,1052.5,1068.0,1067.75,1067.51,63876,681.88,9362, 32870, 51.46
SUNPHARMA, EQ, 22-Jan-2025,1762.7,1777.0,1803.6,1773.85,1794.0,1798.95,1791.87,2262270,40537.01,152791, 1387803, 61.35
SUNTECK, EQ, 22-Jan-2025,493.6,501.0,504.0,456.75,461.0,462.55,473.54,1157652,5481.98,50344, 251418, 21.72
SUNTV, EQ, 22-Jan-2025,644.35,647.35,648.75,633.0,646.55,645.55,640.51,245744,1574.0,11462, 104124, 42.37
SUPERHOUSE, EQ, 22-Jan-2025,198.8,197.22,198.87,191.35,193.3,193.76,194.09,5724,11.11,223, 3354, 58.60
SUPRAJIT, EQ, 22-Jan-2025,404.0,403.2,407.6,393.1,400.9,402.65,398.72,59979,239.15,8043, 32883, 54.82
SUPREMEIND, EQ, 22-Jan-2025,3959.05,3963.15,4006.35,3819.0,3900.0,3883.85,3883.4,295796,11486.95,46321, 184820, 62.48
SUPRIYA, EQ, 22-Jan-2025,703.8,706.0,718.95,660.9,717.0,713.35,685.63,227993,1563.2,26263, 73443, 32.21
SURAJEST, EQ, 22-Jan-2025,504.0,506.7,514.0,487.1,497.0,494.75,500.99,97718,489.56,4415, 45753, 46.82
SURAKSHA, EQ, 22-Jan-2025,336.4,336.4,341.7,326.55,334.2,332.85,331.53,137882,457.12,6196, 78692, 57.07
SURANASOL, EQ, 22-Jan-2025,41.19,42.0,42.0,39.27,40.89,40.26,40.13,103932,41.71,2031, 54766, 52.69
SURANAT&P, EQ, 22-Jan-2025,23.01,22.2,22.94,21.9,22.59,22.17,22.36,185304,41.44,1125, 105426, 56.89
SURYALAXMI, EQ, 22-Jan-2025,81.12,82.34,82.34,78.2,80.09,79.31,79.52,10434,8.3,403, 6011, 57.61
SURYAROSNI, EQ, 22-Jan-2025,268.3,268.0,272.8,262.15,269.9,270.55,266.32,284952,758.88,16460, 135528, 47.56
SURYODAY, EQ, 22-Jan-2025,132.07,133.0,136.0,129.43,131.45,132.75,131.01,147260,192.92,5249, 77296, 52.49
SUTLEJTEX, EQ, 22-Jan-2025,58.7,58.65,58.68,55.7,56.35,56.56,56.62,59513,33.7,1830, 29091, 48.88
SUVEN, EQ, 22-Jan-2025,130.27,131.31,132.18,124.1,125.3,125.5,126.15,399826,504.37,3904, 209107, 52.30
SUVENPHAR, EQ, 22-Jan-2025,1053.7,1045.0,1065.4,1011.2,1015.7,1023.6,1034.43,317481,3284.12,24066, 240082, 75.62
SUVIDHAA, EQ, 22-Jan-2025,6.14,6.34,6.34,6.0,6.1,6.06,6.1,200234,12.22,915, 117225, 58.54
SUYOG, EQ, 22-Jan-2025,1613.0,1628.7,1644.9,1529.5,1625.1,1604.85,1583.44,63487,1005.28,5001, 35809, 56.40
SUZLON, EQ, 22-Jan-2025,57.43,57.43,57.84,54.55,55.0,55.12,55.33,48986568,27103.01,156997, 28565001, 58.31
SWANENERGY, EQ, 22-Jan-2025,629.5,630.0,630.4,597.05,609.0,610.3,611.1,2665144,16286.77,53808, 928560, 34.84
SWARAJENG, EQ, 22-Jan-2025,3284.75,3284.75,3284.75,3026.0,3105.85,3088.1,3108.3,36490,1134.22,9515, 15713, 43.06
SWELECTES, EQ, 22-Jan-2025,914.3,918.4,933.65,873.05,886.95,887.1,889.31,28795,256.08,4111, 13075, 45.41
SWIGGY, EQ, 22-Jan-2025,440.45,441.0,445.45,413.6,434.5,433.7,426.82,17727617,75664.7,235377, 6058450, 34.18
SWSOLAR, EQ, 22-Jan-2025,388.7,396.65,396.65,355.0,364.25,363.7,367.59,3937031,14472.24,96331, 1671709, 42.46
SYMPHONY, EQ, 22-Jan-2025,1253.8,1258.8,1285.5,1238.0,1282.1,1281.7,1263.17,86250,1089.48,10951, 28276, 32.78
SYNCOMF, EQ, 22-Jan-2025,18.39,18.4,18.49,17.7,18.2,18.12,17.99,1492774,268.51,6712, 683692, 45.80
SYNGENE, EQ, 22-Jan-2025,832.15,834.55,840.95,817.95,827.1,828.15,828.42,389704,3228.37,22210, 151066, 38.76
SYRMA, EQ, 22-Jan-2025,498.65,502.85,505.8,452.5,466.0,467.35,468.34,2423909,11352.02,103821, 907624, 37.44
TAINWALCHM, EQ, 22-Jan-2025,293.45,292.8,292.8,267.25,277.0,276.65,278.18,51467,143.17,2433, 20840, 40.49
TAJGVK, EQ, 22-Jan-2025,375.9,378.2,378.2,359.2,366.0,364.75,364.72,327011,1192.67,8258, 158828, 48.57
TAKE, EQ, 22-Jan-2025,15.06,15.06,15.24,14.51,14.64,14.6,14.75,170148,25.1,2713, 91083, 53.53
TALBROAUTO, EQ, 22-Jan-2025,283.2,283.2,286.3,273.95,284.5,284.6,279.7,83738,234.22,4124, 44189, 52.77
TANLA, EQ, 22-Jan-2025,666.05,650.0,650.0,617.05,627.9,628.55,625.01,3975353,24846.2,115755, 473965, 11.92
TARC, EQ, 22-Jan-2025,145.1,145.35,146.9,134.15,139.9,139.76,138.57,1017370,1409.78,12759, 684176, 67.25
TARMAT, EQ, 22-Jan-2025,70.03,69.2,70.85,66.1,66.1,66.93,67.56,19096,12.9,726, 10202, 53.42
TARSONS, EQ, 22-Jan-2025,394.65,395.0,400.8,383.2,391.15,392.8,391.53,57144,223.74,2077, 40608, 71.06
TASTYBITE, EQ, 22-Jan-2025,10301.45,10367.0,10367.0,10000.0,10324.2,10231.75,10134.09,1877,190.22,839, 968, 51.57
TATACHEM, EQ, 22-Jan-2025,960.05,962.0,966.25,941.05,949.9,954.05,950.64,744699,7079.38,29565, 302149, 40.57
TATACOMM, EQ, 22-Jan-2025,1697.05,1697.0,1707.8,1588.15,1673.0,1677.95,1652.96,1056383,17461.61,75687, 222937, 21.10
TATACONSUM, EQ, 22-Jan-2025,972.1,976.9,981.7,958.15,967.05,967.4,966.65,1759236,17005.68,60644, 860385, 48.91
TATAELXSI, EQ, 22-Jan-2025,6153.95,6170.0,6178.0,6060.7,6170.0,6167.35,6130.96,124965,7661.55,25139, 57516, 46.03
TATAGOLD, EQ, 22-Jan-2025,7.85,8.24,8.24,7.82,7.94,7.93,7.94,5716233,453.59,19179, 4246316, 74.29
TATAINVEST, EQ, 22-Jan-2025,6137.15,6160.0,6188.0,6071.0,6130.0,6152.55,6131.82,29479,1807.6,8548, 9819, 33.31
TATAMOTORS, EQ, 22-Jan-2025,760.75,764.15,765.45,731.0,744.35,742.75,742.63,12418474,92223.25,357913, 4242139, 34.16
TATAPOWER, EQ, 22-Jan-2025,365.9,368.0,368.65,352.15,359.25,358.85,357.05,5952212,21252.44,111566, 2283529, 38.36
TATASTEEL, EQ, 22-Jan-2025,129.7,130.25,130.35,127.12,128.85,128.92,128.45,27505569,35330.07,196312, 12073421, 43.89
TATATECH, EQ, 22-Jan-2025,816.85,808.05,808.85,788.65,798.95,798.9,798.68,1340656,10707.58,70705, 493064, 36.78
TATSILV, EQ, 22-Jan-2025,8.91,8.98,9.07,8.93,9.0,8.99,9.0,838966,75.48,2432, 684539, 81.59
TATVA, EQ, 22-Jan-2025,843.55,840.05,855.9,812.0,827.85,825.45,828.34,19125,158.42,2527, 9013, 47.13
TBOTEK, EQ, 22-Jan-2025,1618.15,1624.0,1636.1,1580.0,1590.0,1588.1,1598.36,39629,633.41,7268, 12472, 31.47
TBZ, EQ, 22-Jan-2025,199.39,200.25,200.4,188.55,192.89,193.59,192.26,259464,498.85,6852, 113836, 43.87
TCI, EQ, 22-Jan-2025,1060.95,1060.15,1066.45,1020.0,1050.9,1046.3,1041.29,21480,223.67,3892, 9308, 43.33
TCIEXP, EQ, 22-Jan-2025,805.35,795.0,808.0,787.0,807.0,796.75,795.59,14590,116.08,1781, 7883, 54.03
TCLCONS, EQ, 22-Jan-2025,55.48,57.9,57.9,52.7,54.9,54.4,55.01,422961,232.69,4863, 186882, 44.18
TCPLPACK, EQ, 22-Jan-2025,3502.3,3500.0,3500.0,3266.55,3266.55,3294.05,3345.55,6981,233.55,2450, 3061, 43.85
TCS, EQ, 22-Jan-2025,4035.85,4050.0,4163.15,4044.2,4152.0,4156.6,4132.48,2409223,99560.65,153702, 1285687, 53.37
TDPOWERSYS, EQ, 22-Jan-2025,395.8,397.5,400.95,376.1,378.0,379.15,380.66,764580,2910.44,45198, 479090, 62.66
TEAMLEASE, EQ, 22-Jan-2025,2677.85,2690.65,2690.65,2575.0,2615.0,2612.05,2611.76,11429,298.5,5589, 5818, 50.91
TECH, EQ, 22-Jan-2025,43.97,43.97,44.96,43.97,44.94,44.85,44.62,8388,3.74,187, 5450, 64.97
TECHM, EQ, 22-Jan-2025,1640.5,1642.7,1688.75,1635.25,1679.2,1683.95,1672.65,2478559,41457.61,134548, 1450908, 58.54
TECHNOE, EQ, 22-Jan-2025,1277.05,1277.0,1285.0,1190.0,1200.0,1200.35,1215.91,285813,3475.23,37450, 137561, 48.13
TECILCHEM, EQ, 22-Jan-2025,26.0,27.2,27.2,24.82,26.6,26.33,26.1,1570,0.41,46, 1080, 68.79
TEGA, EQ, 22-Jan-2025,1632.05,1628.6,1628.6,1570.2,1594.0,1607.5,1594.16,23439,373.66,5175, 11609, 49.53
TEJASNET, EQ, 22-Jan-2025,1069.8,1079.0,1114.0,1047.55,1094.05,1096.65,1085.11,1519333,16486.37,82981, 205372, 13.52
TEXINFRA, EQ, 22-Jan-2025,120.61,121.65,121.65,116.37,119.9,118.76,117.91,217509,256.46,2278, 131833, 60.61
TEXMOPIPES, EQ, 22-Jan-2025,60.68,60.8,60.89,58.41,59.6,59.81,59.63,19628,11.7,639, 12461, 63.49
TEXRAIL, EQ, 22-Jan-2025,191.06,190.5,190.9,184.0,189.3,188.78,186.79,1379589,2576.96,29140, 419787, 30.43
TFCILTD, EQ, 22-Jan-2025,149.87,150.02,152.45,147.1,150.4,150.94,149.64,308046,460.96,8847, 116451, 37.80
TGBHOTELS, EQ, 22-Jan-2025,14.09,14.44,14.44,13.0,13.61,13.62,13.55,30171,4.09,227, 14684, 48.67
THANGAMAYL, EQ, 22-Jan-2025,1719.6,1717.0,1780.0,1651.3,1740.0,1728.75,1699.04,88102,1496.89,8532, 63398, 71.96
THEINVEST, EQ, 22-Jan-2025,170.3,173.84,176.85,168.35,176.85,175.53,172.11,12392,21.33,984, 2248, 18.14
THEJO, EQ, 22-Jan-2025,1889.5,1892.55,1895.85,1829.95,1848.0,1852.95,1851.82,8886,164.55,1037, 7168, 80.67
THEMISMED, EQ, 22-Jan-2025,257.8,258.8,258.8,242.0,252.0,253.95,250.87,96321,241.64,3048, 51224, 53.18
THERMAX, EQ, 22-Jan-2025,3899.05,3899.05,3917.8,3705.05,3710.0,3742.15,3765.55,117475,4423.58,22114, 51167, 43.56
THOMASCOOK, EQ, 22-Jan-2025,159.04,160.4,160.66,155.41,159.5,159.56,158.08,667174,1054.66,16225, 382109, 57.27
THYROCARE, EQ, 22-Jan-2025,820.5,820.05,823.45,795.2,807.95,806.35,805.56,54917,442.39,3758, 27336, 49.78
TI, EQ, 22-Jan-2025,406.95,407.0,410.0,395.3,402.5,402.75,400.8,602687,2415.56,31090, 182219, 30.23
TIIL, EQ, 22-Jan-2025,2802.95,2773.35,2814.95,2653.0,2715.0,2701.0,2734.03,31581,863.43,4496, 22603, 71.57
TIINDIA, EQ, 22-Jan-2025,3380.25,3380.25,3392.5,3204.05,3230.0,3233.95,3261.79,215740,7036.98,32236, 123249, 57.13
TIL, EQ, 22-Jan-2025,280.35,287.85,287.85,266.35,269.5,270.05,272.58,18864,51.42,283, 14359, 76.12
TIMETECHNO, EQ, 22-Jan-2025,406.65,415.0,421.2,395.9,400.0,400.25,405.91,1677432,6808.82,62376, 675720, 40.28
TIMKEN, EQ, 22-Jan-2025,2830.55,2821.0,2850.2,2776.0,2807.0,2811.0,2809.17,80678,2266.38,13538, 63353, 78.53
TIPSMUSIC, EQ, 22-Jan-2025,684.5,685.7,685.7,626.6,648.0,644.0,649.85,480168,3120.39,36842, 209567, 43.64
TIRUMALCHM, EQ, 22-Jan-2025,306.55,309.0,309.0,292.05,301.5,301.25,298.91,235163,702.94,13433, 89932, 38.24
TITAGARH, EQ, 22-Jan-2025,1055.35,1054.0,1054.8,996.55,1000.0,1000.65,1011.93,1504101,15220.48,72919, 602877, 40.08
TITAN, EQ, 22-Jan-2025,3353.35,3354.8,3385.0,3334.65,3355.0,3356.45,3360.13,598329,20104.64,56381, 317519, 53.07
TMB, EQ, 22-Jan-2025,445.65,443.2,445.65,439.0,442.35,443.4,442.15,55090,243.58,6215, 31427, 57.05
TNIDETF, EQ, 22-Jan-2025,92.81,94.14,94.91,91.37,92.7,92.56,92.24,53058,48.94,894, 41813, 78.81
TNPETRO, EQ, 22-Jan-2025,80.87,81.1,81.77,78.78,79.05,79.25,80.24,106237,85.25,1630, 51153, 48.15
TNPL, EQ, 22-Jan-2025,172.45,174.4,174.72,166.0,168.08,168.39,168.73,249183,420.44,4202, 108156, 43.40
TOKYOPLAST, EQ, 22-Jan-2025,119.25,121.9,121.9,116.44,117.38,118.29,118.66,12658,15.02,326, 9338, 73.77
TOLINS, EQ, 22-Jan-2025,183.31,185.21,185.37,175.1,177.8,178.39,178.21,109794,195.67,3767, 55539, 50.58
TOP100CASE, EQ, 22-Jan-2025,9.79,9.95,9.95,9.72,9.89,9.82,9.79,436394,42.72,1547, 385955, 88.44
TOP10ADD, EQ, 22-Jan-2025,92.16,93.0,93.0,91.62,92.5,92.2,92.07,95592,88.01,353, 92179, 96.43
TORNTPHARM, EQ, 22-Jan-2025,3156.3,3175.6,3184.75,3122.0,3164.45,3166.9,3151.25,153463,4836.0,39602, 82397, 53.69
TORNTPOWER, EQ, 22-Jan-2025,1437.95,1445.0,1449.85,1374.2,1393.0,1390.0,1393.03,354441,4937.46,54376, 196332, 55.39
TOTAL, EQ, 22-Jan-2025,72.09,72.09,72.96,68.52,69.9,69.68,70.37,8101,5.7,402, 5159, 63.68
TOUCHWOOD, EQ, 22-Jan-2025,138.2,140.35,140.35,135.1,136.8,136.8,136.27,1092,1.49,94, 626, 57.33
TPLPLASTEH, EQ, 22-Jan-2025,93.39,94.8,94.8,90.01,91.5,91.64,92.16,169243,155.97,1677, 39126, 23.12
TRACXN, EQ, 22-Jan-2025,72.65,72.65,74.55,71.0,72.15,71.86,72.41,253618,183.63,7995, 117763, 46.43
TRANSRAILL, EQ, 22-Jan-2025,568.8,572.05,577.9,551.65,567.75,568.15,564.62,1854835,10472.77,36674, 300922, 16.22
TRANSWORLD, EQ, 22-Jan-2025,356.45,361.7,361.7,337.95,353.2,357.1,350.06,64687,226.44,2408, 33506, 51.80
TREJHARA, EQ, 22-Jan-2025,235.43,237.15,237.75,228.0,234.0,235.7,230.94,11716,27.06,399, 9658, 82.43
TREL, EQ, 22-Jan-2025,37.15,36.83,37.92,36.0,37.0,36.72,36.57,237342,86.78,2034, 131929, 55.59
TRENT, EQ, 22-Jan-2025,5736.95,5736.0,5748.0,5568.0,5624.8,5626.35,5633.57,1377528,77604.07,180681, 732668, 53.19
TRF, EQ, 22-Jan-2025,390.4,400.0,400.0,373.95,379.0,379.55,379.15,16842,63.86,940, 10597, 62.92
TRIDENT, EQ, 22-Jan-2025,32.01,31.99,31.99,31.0,31.5,31.49,31.32,3787464,1186.19,22309, 1334071, 35.22
TRIGYN, EQ, 22-Jan-2025,108.95,108.71,109.31,105.0,107.5,107.19,106.76,56990,60.84,2133, 31003, 54.40
TRITURBINE, EQ, 22-Jan-2025,683.85,685.5,689.0,661.75,676.45,676.05,672.87,335276,2255.96,26145, 123178, 36.74
TRIVENI, EQ, 22-Jan-2025,398.15,399.9,402.25,378.65,386.65,386.45,384.97,507843,1955.02,25914, 141568, 27.88
TTKHLTCARE, EQ, 22-Jan-2025,1340.9,1350.0,1354.9,1330.0,1354.9,1342.3,1342.0,1890,25.36,230, 1501, 79.42
TTKPRESTIG, EQ, 22-Jan-2025,752.0,752.0,752.3,735.9,740.2,746.75,742.71,14101,104.73,4326, 6321, 44.83
TTML, EQ, 22-Jan-2025,78.1,78.1,78.44,74.32,76.25,75.91,75.59,7400786,5593.92,47417, 1462100, 19.76
TVSELECT, EQ, 22-Jan-2025,413.3,408.0,409.9,397.0,409.05,406.9,401.15,24249,97.27,1323, 13067, 53.89
TVSHLTD, EQ, 22-Jan-2025,9585.75,9638.0,9726.75,9275.15,9633.0,9620.15,9461.85,8556,809.56,2479, 4296, 50.21
TVSMOTOR, EQ, 22-Jan-2025,2291.9,2304.0,2309.0,2244.1,2266.9,2273.25,2277.07,600777,13680.1,56034, 325603, 54.20
TVSSCS, EQ, 22-Jan-2025,163.22,163.35,163.88,157.05,158.0,158.0,159.22,243023,386.93,12308, 132063, 54.34
TVSSRICHAK, EQ, 22-Jan-2025,3189.2,3174.05,3179.05,3125.05,3150.0,3148.95,3145.35,1567,49.29,424, 1099, 70.13
TVTODAY, EQ, 22-Jan-2025,206.64,206.61,207.54,197.44,205.49,202.96,203.82,184598,376.24,3257, 147201, 79.74
UBL, EQ, 22-Jan-2025,2064.5,2055.0,2084.65,1990.0,2058.55,2064.0,2060.49,156388,3222.36,15642, 59078, 37.78
UCOBANK, EQ, 22-Jan-2025,44.09,44.11,44.14,42.63,43.12,43.15,43.1,5049227,2176.33,23253, 1157874, 22.93
UDAICEMENT, EQ, 22-Jan-2025,29.11,29.0,29.13,28.56,28.9,28.72,28.77,147023,42.31,1887, 91553, 62.27
UDS, EQ, 22-Jan-2025,353.85,356.65,356.65,333.0,342.45,343.45,339.87,176554,600.05,7408, 79200, 44.86
UFLEX, EQ, 22-Jan-2025,482.25,485.35,491.1,470.0,479.5,475.75,473.77,42646,202.04,4470, 19868, 46.59
UFO, EQ, 22-Jan-2025,92.02,93.21,93.21,84.6,87.49,87.08,86.55,206705,178.9,3356, 138318, 66.92
UGARSUGAR, EQ, 22-Jan-2025,55.81,55.88,56.0,53.51,54.0,54.0,54.42,261749,142.44,2211, 104963, 40.10
UGROCAP, EQ, 22-Jan-2025,216.2,217.57,217.99,210.0,212.76,212.11,213.14,227153,484.16,3689, 156438, 68.87
UJJIVANSFB, EQ, 22-Jan-2025,34.45,34.46,34.75,33.68,34.4,34.41,34.16,7405453,2529.78,28013, 3147667, 42.50
ULTRACEMCO, EQ, 22-Jan-2025,10667.8,10700.0,10797.8,10606.75,10675.0,10693.75,10695.59,249552,26691.06,45822, 123057, 49.31
UMAEXPORTS, EQ, 22-Jan-2025,114.05,114.58,115.92,109.0,112.4,112.88,112.48,75880,85.35,1217, 33800, 44.54
UMESLTD, EQ, 22-Jan-2025,6.27,6.28,6.28,5.95,6.05,6.17,6.07,45238,2.75,185, 25841, 57.12
UNICHEMLAB, EQ, 22-Jan-2025,704.7,703.15,721.0,695.0,708.5,710.1,707.65,16365,115.81,1484, 10483, 64.06
UNIDT, EQ, 22-Jan-2025,250.25,255.05,255.05,244.3,247.7,248.75,249.3,36166,90.16,957, 32239, 89.14
UNIECOM, EQ, 22-Jan-2025,160.94,160.01,160.5,150.0,150.42,150.66,151.46,578404,876.05,16710, 317482, 54.89
UNIENTER, EQ, 22-Jan-2025,155.05,153.76,156.75,149.67,152.99,153.29,153.61,8104,12.45,556, 3609, 44.53
UNIINFO, EQ, 22-Jan-2025,32.92,33.31,33.66,33.0,33.0,33.0,33.18,3897,1.29,173, 2600, 66.72
UNIMECH, EQ, 22-Jan-2025,1280.2,1284.9,1296.8,1240.0,1253.0,1259.5,1254.99,159846,2006.05,10226, 42544, 26.62
UNIONBANK, EQ, 22-Jan-2025,109.53,109.93,110.64,107.96,109.86,110.0,109.28,9893570,10811.82,51986, 5102113, 51.57
UNIPARTS, EQ, 22-Jan-2025,379.0,378.55,382.35,373.6,376.0,376.7,376.04,42886,161.27,1859, 29184, 68.05
UNITDSPR, EQ, 22-Jan-2025,1437.95,1452.0,1497.95,1441.7,1457.8,1458.7,1459.43,913499,13331.85,58064, 245129, 26.83
UNITEDTEA, EQ, 22-Jan-2025,498.05,493.05,508.9,493.05,503.0,502.85,500.51,5548,27.77,483, 2375, 42.81
UNIVCABLES, EQ, 22-Jan-2025,717.65,719.0,720.25,666.55,690.55,693.6,683.08,57312,391.49,3989, 29026, 50.65
UNOMINDA, EQ, 22-Jan-2025,992.85,998.0,1005.3,966.3,968.9,976.5,983.29,1165939,11464.62,61206, 525353, 45.06
UPL, EQ, 22-Jan-2025,544.25,548.0,548.0,531.6,541.55,542.7,538.68,1191929,6420.67,39100, 563243, 47.25
URAVIDEF, EQ, 22-Jan-2025,455.5,455.55,477.2,416.0,423.5,426.55,443.81,21514,95.48,1183, 7870, 36.58
USHAMART, EQ, 22-Jan-2025,358.4,354.5,360.9,340.05,346.0,346.15,345.46,336009,1160.79,18906, 140872, 41.93
USK, EQ, 22-Jan-2025,51.16,51.0,51.95,49.2,51.55,51.28,50.31,71639,36.04,1584, 33336, 46.53
UTIAMC, EQ, 22-Jan-2025,1214.7,1218.15,1235.0,1203.35,1225.0,1230.15,1216.39,71187,865.91,14203, 31842, 44.73
UTIBANKETF, EQ, 22-Jan-2025,49.84,50.24,50.24,49.21,49.73,49.76,49.53,2959544,1465.77,719, 2320359, 78.40
UTINEXT50, EQ, 22-Jan-2025,67.59,67.97,67.97,65.71,67.39,67.0,66.7,175390,116.99,1632, 140412, 80.06
UTINIFTETF, EQ, 22-Jan-2025,250.76,253.76,258.3,250.22,252.0,252.4,251.73,65453,164.77,450, 59246, 90.52
UTISENSETF, EQ, 22-Jan-2025,826.35,834.97,834.98,824.0,829.01,831.73,829.06,2896,24.01,119, 2327, 80.35
UTISXN50, EQ, 22-Jan-2025,82.32,82.99,83.93,80.5,80.5,81.0,81.23,3404,2.76,170, 2358, 69.27
UTKARSHBNK, EQ, 22-Jan-2025,30.16,30.3,30.59,29.3,29.68,29.63,29.73,2173066,645.99,15934, 1122748, 51.67
UTTAMSUGAR, EQ, 22-Jan-2025,229.75,229.75,230.25,220.0,226.0,223.4,223.45,55417,123.83,1597, 37195, 67.12
UYFINCORP, EQ, 22-Jan-2025,24.96,24.6,25.83,24.01,24.39,24.25,24.65,63169,15.57,740, 40729, 64.48
VADILALIND, EQ, 22-Jan-2025,3480.7,3519.95,3519.95,3414.05,3465.0,3466.15,3463.39,4719,163.44,1442, 2711, 57.45
VAIBHAVGBL, EQ, 22-Jan-2025,282.25,281.95,284.6,274.95,281.7,282.1,278.94,352348,982.86,21577, 153855, 43.67
VAKRANGEE, EQ, 22-Jan-2025,30.72,31.0,31.0,29.18,30.5,30.45,30.11,6951203,2093.2,13046, 2029687, 29.20
VAL30IETF, EQ, 22-Jan-2025,12.11,12.2,12.21,11.84,12.01,12.01,11.94,85072,10.16,355, 46074, 54.16
VALIANTLAB, EQ, 22-Jan-2025,109.68,109.55,111.99,105.0,108.82,107.67,107.53,52857,56.84,1752, 35327, 66.84
VALIANTORG, EQ, 22-Jan-2025,305.5,303.05,305.95,299.5,304.4,303.7,302.52,23428,70.87,2039, 10824, 46.20
VARDHACRLC, EQ, 22-Jan-2025,51.52,52.2,52.49,50.0,50.17,50.36,50.91,11406,5.81,366, 8559, 75.04
VARROC, EQ, 22-Jan-2025,568.6,569.95,569.95,547.6,565.0,564.15,556.88,127470,709.86,13714, 41944, 32.90
VASCONEQ, EQ, 22-Jan-2025,53.2,52.82,53.34,50.22,52.75,52.5,51.56,609304,314.13,3778, 260523, 42.76
VASWANI, EQ, 22-Jan-2025,53.81,53.65,53.89,50.91,51.97,51.87,52.18,75494,39.39,1311, 41524, 55.00
VBL, EQ, 22-Jan-2025,541.5,543.45,546.8,524.75,534.25,534.6,533.24,4481872,23899.34,143814, 2394736, 53.43
VEDL, EQ, 22-Jan-2025,453.9,455.45,455.85,438.9,452.6,451.5,446.49,6538867,29195.34,125646, 3017349, 46.14
VEEDOL, EQ, 22-Jan-2025,1576.85,1571.0,1599.8,1540.0,1572.1,1583.05,1560.46,17570,274.17,2181, 10778, 61.34
VENKEYS, EQ, 22-Jan-2025,1713.55,1732.55,1732.55,1683.0,1709.9,1704.0,1701.8,17714,301.46,2775, 8330, 47.02
VENTIVE, EQ, 22-Jan-2025,689.25,688.0,697.35,663.25,669.0,672.45,680.68,399920,2722.17,16108, 235855, 58.98
VENUSPIPES, EQ, 22-Jan-2025,1361.0,1381.4,1390.0,1299.55,1338.9,1327.95,1326.51,82746,1097.64,14257, 33849, 40.91
VENUSREM, EQ, 22-Jan-2025,301.15,300.9,303.85,291.25,295.4,294.0,296.48,20512,60.81,1193, 12480, 60.84
VERANDA, EQ, 22-Jan-2025,235.57,235.04,238.0,230.0,235.5,236.12,234.65,72042,169.05,1315, 51237, 71.12
VERTOZ, EQ, 22-Jan-2025,12.53,12.55,12.67,12.02,12.2,12.24,12.29,1411211,173.41,3431, 845910, 59.94
VESUVIUS, EQ, 22-Jan-2025,4059.1,4060.0,4089.15,3935.0,4021.2,4029.45,3982.39,13235,527.07,4160, 7372, 55.70
VETO, EQ, 22-Jan-2025,135.26,135.43,137.95,130.05,135.4,135.42,134.29,43629,58.59,1067, 21077, 48.31
VGUARD, EQ, 22-Jan-2025,378.55,378.9,381.8,365.5,380.25,380.05,373.46,339531,1268.02,26486, 153350, 45.17
VHL, EQ, 22-Jan-2025,3992.0,4000.05,4046.0,3906.0,3940.0,3954.1,3952.69,714,28.22,301, 411, 57.56
VIDHIING, EQ, 22-Jan-2025,538.8,548.0,560.0,511.45,520.0,524.5,536.37,93218,500.0,5078, 24312, 26.08
VIJAYA, EQ, 22-Jan-2025,1055.6,1064.45,1064.45,1000.0,1027.9,1019.65,1016.81,522919,5317.07,52816, 262655, 50.23
VIKASECO, EQ, 22-Jan-2025,3.05,3.06,3.07,2.98,3.04,3.04,3.02,2757317,83.25,3984, 1932080, 70.07
VIKASLIFE, EQ, 22-Jan-2025,3.99,3.98,4.0,3.9,3.97,3.98,3.94,2681293,105.53,7572, 1586764, 59.18
VIMTALABS, EQ, 22-Jan-2025,889.15,878.7,878.7,836.75,861.35,863.45,855.45,73458,628.39,6994, 32693, 44.51
VINATIORGA, EQ, 22-Jan-2025,1745.7,1752.65,1757.85,1712.45,1732.0,1729.7,1730.25,26675,461.54,7943, 11317, 42.43
VINCOFE, EQ, 22-Jan-2025,116.7,118.8,118.8,112.54,114.0,113.88,114.67,202520,232.23,1949, 127567, 62.99
VINDHYATEL, EQ, 22-Jan-2025,1830.25,1820.0,1825.1,1755.0,1778.0,1774.5,1785.93,10687,190.86,1656, 5309, 49.68
VINEETLAB, EQ, 22-Jan-2025,54.63,54.01,55.0,53.21,54.34,54.08,54.07,15102,8.17,644, 9065, 60.03
VINYLINDIA, EQ, 22-Jan-2025,323.9,323.9,323.9,316.0,317.5,318.2,318.77,11387,36.3,837, 6967, 61.18
VIPCLOTHNG, EQ, 22-Jan-2025,42.77,42.77,42.89,40.32,41.01,41.16,41.54,70724,29.38,698, 41066, 58.07
VIPIND, EQ, 22-Jan-2025,400.8,401.8,404.0,381.0,395.0,393.7,391.32,544404,2130.37,29630, 215637, 39.61
VIRINCHI, EQ, 22-Jan-2025,30.56,30.75,31.0,29.36,30.8,30.86,30.25,318529,96.34,2782, 151133, 47.45
VISAKAIND, EQ, 22-Jan-2025,90.83,91.0,91.37,87.9,89.7,89.3,88.91,89194,79.3,2199, 46436, 52.06
VISHNU, EQ, 22-Jan-2025,412.0,412.0,422.0,402.6,415.95,415.55,414.17,193125,799.87,6715, 85960, 44.51
VISHWARAJ, EQ, 22-Jan-2025,14.69,14.7,14.88,14.25,14.38,14.41,14.49,995613,144.27,2351, 373928, 37.56
VIVIDHA, EQ, 22-Jan-2025,1.0,1.01,1.02,0.98,0.99,0.99,0.99,375840,3.72,540, 278980, 74.23
VLEGOV, EQ, 22-Jan-2025,160.37,158.01,159.8,152.35,155.0,155.43,154.48,480380,742.07,6041, 238556, 49.66
VLSFINANCE, EQ, 22-Jan-2025,304.9,304.9,316.45,294.0,296.5,303.25,299.05,40482,121.06,2039, 14265, 35.24
VMART, EQ, 22-Jan-2025,3014.6,3010.4,3017.1,2950.0,3000.0,2979.4,2979.85,29351,874.62,11111, 19345, 65.91
VMM, EQ, 22-Jan-2025,106.02,107.8,107.8,103.65,105.3,104.98,105.33,16650372,17537.2,63852, 6210831, 37.30
VOLTAMP, EQ, 22-Jan-2025,8189.4,8189.4,8279.95,7780.05,8000.0,7991.8,7914.13,47247,3739.19,11669, 28137, 59.55
VOLTAS, EQ, 22-Jan-2025,1504.35,1503.7,1511.9,1465.0,1485.6,1487.05,1485.55,842352,12513.57,77108, 437685, 51.96
VPRPL, EQ, 22-Jan-2025,256.0,256.0,257.85,243.6,250.3,250.25,249.04,606503,1510.42,23787, 226968, 37.42
VRAJ, EQ, 22-Jan-2025,202.73,204.0,204.06,195.15,200.0,199.57,198.7,55970,111.21,1980, 31683, 56.61
VRLLOG, EQ, 22-Jan-2025,465.2,465.9,472.95,447.05,458.4,459.85,457.66,74623,341.52,5156, 47178, 63.22
VSSL, EQ, 22-Jan-2025,229.02,228.7,230.0,219.0,226.15,228.36,224.32,28172,63.19,1610, 14406, 51.14
VSTIND, EQ, 22-Jan-2025,328.0,330.0,331.0,320.8,322.0,321.55,323.48,199409,645.05,14765, 95097, 47.69
VSTL, EQ, 22-Jan-2025,200.97,200.97,203.9,197.21,199.65,198.44,199.05,7895,15.72,571, 4499, 56.99
VSTTILLERS, EQ, 22-Jan-2025,4615.5,4645.3,4660.0,4531.95,4640.1,4630.8,4598.9,1781,81.91,882, 791, 44.41
VTL, EQ, 22-Jan-2025,478.15,480.5,498.95,467.35,476.95,479.45,478.7,685287,3280.46,46996, 113248, 16.53
WAAREEENER, EQ, 22-Jan-2025,2673.4,2680.0,2680.0,2362.25,2424.0,2425.1,2457.42,5626060,138256.08,323312, 1705319, 30.31
WABAG, EQ, 22-Jan-2025,1481.2,1481.2,1486.45,1372.65,1398.95,1396.85,1404.94,570961,8021.67,56049, 290210, 50.83
WALCHANNAG, EQ, 22-Jan-2025,253.0,252.25,254.9,244.6,249.95,249.8,249.07,220689,549.68,3267, 113449, 51.41
WCIL, EQ, 22-Jan-2025,109.28,109.11,110.44,105.61,109.0,108.15,107.25,161109,172.78,3203, 71356, 44.29
WEIZMANIND, EQ, 22-Jan-2025,131.1,131.01,131.88,125.0,130.0,127.34,128.54,5190,6.67,232, 3630, 69.94
WEL, EQ, 22-Jan-2025,181.82,186.79,186.79,172.5,182.0,182.57,179.23,595610,1067.51,10683, 151380, 25.42
WELCORP, EQ, 22-Jan-2025,792.65,791.95,797.95,755.6,781.75,779.75,769.52,379653,2921.52,24164, 132546, 34.91
WELENT, EQ, 22-Jan-2025,593.5,595.2,606.0,568.75,595.0,598.85,584.28,468512,2737.43,41997, 258627, 55.20
WELINV, EQ, 22-Jan-2025,781.3,762.4,799.0,730.4,784.0,793.55,753.87,1152,8.68,160, 770, 66.84
WELSPUNLIV, EQ, 22-Jan-2025,151.44,151.09,151.12,145.0,149.25,149.25,147.63,1160047,1712.54,27415, 470737, 40.58
WENDT, EQ, 22-Jan-2025,14957.95,14851.0,14911.55,13501.0,13920.0,13960.7,13999.39,1507,210.97,767, 547, 36.30
WESTLIFE, EQ, 22-Jan-2025,746.65,755.0,756.45,731.85,745.05,750.3,745.06,88725,661.05,6227, 62381, 70.31
WEWIN, EQ, 22-Jan-2025,74.72,74.82,79.8,74.56,76.3,76.01,76.79,18572,14.26,800, 11466, 61.74
WHEELS, EQ, 22-Jan-2025,683.45,684.95,686.95,670.05,676.0,677.0,677.68,18208,123.39,1741, 9290, 51.02
WHIRLPOOL, EQ, 22-Jan-2025,1604.0,1605.1,1609.0,1566.6,1572.8,1573.55,1579.01,82448,1301.86,26726, 49234, 59.72
WILLAMAGOR, EQ, 22-Jan-2025,35.2,35.75,36.59,35.11,35.78,35.46,35.75,7838,2.8,301, 2624, 33.48
WINDLAS, EQ, 22-Jan-2025,999.45,1014.45,1019.0,961.3,976.4,978.75,978.08,39709,388.39,3454, 21077, 53.08
WINDMACHIN, EQ, 22-Jan-2025,352.3,352.3,352.3,334.75,340.0,339.15,339.92,49929,169.72,1425, 29327, 58.74
WIPRO, EQ, 22-Jan-2025,298.35,299.35,310.0,299.35,309.9,309.1,306.19,30859317,94487.83,261178, 10036697, 32.52
WOCKPHARMA, EQ, 22-Jan-2025,1339.6,1374.0,1374.0,1236.0,1296.7,1300.1,1274.99,741107,9449.0,23967, 285628, 38.54
WONDERLA, EQ, 22-Jan-2025,789.45,784.15,784.25,751.65,765.3,769.95,768.9,46372,356.55,7382, 23629, 50.96
WORTH, EQ, 22-Jan-2025,165.29,170.79,170.79,160.0,168.3,166.72,162.49,63420,103.05,1529, 28127, 44.35
WSI, EQ, 22-Jan-2025,106.39,105.4,107.3,102.27,102.5,103.31,103.85,40521,42.08,1496, 22669, 55.94
WSTCSTPAPR, EQ, 22-Jan-2025,542.0,539.3,543.05,534.0,540.0,539.4,537.92,95286,512.56,5778, 67608, 70.95
XCHANGING, EQ, 22-Jan-2025,107.75,108.0,108.59,104.3,105.0,105.28,105.35,103074,108.59,2500, 53666, 52.07
XELPMOC, EQ, 22-Jan-2025,129.46,131.5,133.5,127.66,132.5,132.63,130.72,27884,36.45,481, 20182, 72.38
XPROINDIA, EQ, 22-Jan-2025,1333.4,1351.65,1363.3,1296.5,1348.7,1344.65,1326.16,19576,259.61,3193, 8327, 42.54
XTGLOBAL, EQ, 22-Jan-2025,42.44,42.17,43.46,41.0,42.23,41.64,42.24,29802,12.59,738, 19593, 65.74
YASHO, EQ, 22-Jan-2025,2127.55,2095.65,2100.0,2000.0,2070.0,2054.05,2036.39,11857,241.45,2550, 4575, 38.58
YATHARTH, EQ, 22-Jan-2025,425.95,429.65,436.55,418.5,432.1,431.75,429.2,1040006,4463.66,38204, 562827, 54.12
YATRA, EQ, 22-Jan-2025,104.33,104.98,105.0,101.15,102.82,102.88,102.11,299344,305.66,3224, 180342, 60.25
YESBANK, EQ, 22-Jan-2025,18.5,18.69,18.69,17.98,18.33,18.35,18.28,93719498,17127.74,97680, 19743561, 21.07
YUKEN, EQ, 22-Jan-2025,984.55,994.55,995.0,955.0,964.95,960.75,970.77,6294,61.1,671, 4127, 65.57
ZAGGLE, EQ, 22-Jan-2025,512.3,518.3,518.3,486.7,486.7,486.7,491.29,345159,1695.74,8764, 223650, 64.80
ZEEL, EQ, 22-Jan-2025,120.6,121.0,121.4,116.27,118.0,117.96,118.24,9029927,10676.75,46653, 4173399, 46.22
ZEELEARN, EQ, 22-Jan-2025,8.22,8.21,8.22,7.94,8.06,8.03,8.06,418830,33.77,1760, 261475, 62.43
ZEEMEDIA, EQ, 22-Jan-2025,17.69,18.0,18.23,16.8,17.7,17.71,17.32,1879274,325.51,4206, 908187, 48.33
ZENITHEXPO, EQ, 22-Jan-2025,257.1,269.95,269.95,269.95,269.95,269.95,269.95,185,0.5,11, 185, 100.00
ZENITHSTL, EQ, 22-Jan-2025,7.28,7.46,7.49,7.23,7.49,7.46,7.36,151404,11.15,697, 88164, 58.23
ZENSARTECH, EQ, 22-Jan-2025,740.0,740.0,757.0,718.85,755.0,750.05,738.39,575535,4249.72,36602, 238031, 41.36
ZENTEC, EQ, 22-Jan-2025,2144.9,2145.0,2148.95,1930.9,1970.0,1974.2,2007.9,780773,15677.13,51333, 336026, 43.04
ZFCVINDIA, EQ, 22-Jan-2025,10997.8,11000.0,11001.45,10612.0,10620.5,10696.35,10722.12,27358,2933.36,6508, 21442, 78.38
ZIMLAB, EQ, 22-Jan-2025,103.74,104.45,104.47,99.15,102.49,102.03,101.35,60437,61.25,2411, 26803, 44.35
ZODIAC, EQ, 22-Jan-2025,442.8,439.5,439.5,420.7,420.7,420.7,424.52,19625,83.31,1947, 13624, 69.42
ZODIACLOTH, EQ, 22-Jan-2025,120.13,122.0,125.05,118.51,122.7,121.73,121.85,12073,14.71,686, 5775, 47.83
ZOMATO, EQ, 22-Jan-2025,214.55,207.15,218.2,203.85,218.1,216.45,210.75,178256196,375680.07,654957, 67362908, 37.79
ZOTA, EQ, 22-Jan-2025,1015.0,1008.8,1008.8,950.0,960.0,966.55,970.96,216895,2105.96,7458, 64986, 29.96
ZUARI, EQ, 22-Jan-2025,209.35,210.9,210.9,202.5,207.0,207.66,206.48,300084,619.62,4992, 179714, 59.89
ZUARIIND, EQ, 22-Jan-2025,309.25,309.85,310.35,294.3,300.65,300.5,299.96,59493,178.45,1517, 37346, 62.77
ZYDUSLIFE, EQ, 22-Jan-2025,985.9,986.0,989.25,963.75,978.0,978.5,975.8,577713,5637.31,38644, 299022, 51.76
ZYDUSWELL, EQ, 22-Jan-2025,1862.25,1858.35,1865.1,1788.25,1802.0,1803.85,1828.8,178044,3256.06,9783, 118589, 66.61
